ISO-10303-21;
HEADER;
FILE_DESCRIPTION(('FreeCAD Model'),'2;1');
FILE_NAME('Open CASCADE Shape Model','2026-09-14T17:04:47',('FreeCAD'),(
    'FreeCAD'),'Open CASCADE STEP processor 7.8','FreeCAD','Unknown');
FILE_SCHEMA(('AUTOMOTIVE_DESIGN { 1 0 10303 214 1 1 1 1 }'));
ENDSEC;
DATA;
#1 = APPLICATION_PROTOCOL_DEFINITION('international standard',
  'automotive_design',2000,#2);
#2 = APPLICATION_CONTEXT(
  'core data for automotive mechanical design processes');
#3 = SHAPE_DEFINITION_REPRESENTATION(#4,#10);
#4 = PRODUCT_DEFINITION_SHAPE('','',#5);
#5 = PRODUCT_DEFINITION('design','',#6,#9);
#6 = PRODUCT_DEFINITION_FORMATION('','',#7);
#7 = PRODUCT('Open CASCADE STEP translator 7.8 2',
  'Open CASCADE STEP translator 7.8 2','',(#8));
#8 = PRODUCT_CONTEXT('',#2,'mechanical');
#9 = PRODUCT_DEFINITION_CONTEXT('part definition',#2,'design');
#10 = SHAPE_REPRESENTATION('',(#11,#15,#1483,#1845,#5117,#5716,#6104,
    #6196,#6522,#6930),#7567);
#11 = AXIS2_PLACEMENT_3D('',#12,#13,#14);
#12 = CARTESIAN_POINT('',(0.,0.,0.));
#13 = DIRECTION('',(0.,0.,1.));
#14 = DIRECTION('',(1.,0.,-0.));
#15 = MANIFOLD_SOLID_BREP('',#16);
#16 = CLOSED_SHELL('',(#17,#59,#275,#307,#332,#357,#382,#407,#432,#457,
    #482,#507,#532,#557,#589,#614,#623,#1000,#1025,#1045,#1070,#1079,
    #1106,#1115,#1142,#1151,#1178,#1187,#1214,#1223,#1250,#1259,#1286,
    #1295,#1322,#1331,#1358,#1367,#1394,#1403,#1427,#1441,#1455,#1469));
#17 = ADVANCED_FACE('',(#18),#54,.T.);
#18 = FACE_BOUND('',#19,.T.);
#19 = EDGE_LOOP('',(#20,#30,#39,#47));
#20 = ORIENTED_EDGE('',*,*,#21,.T.);
#21 = EDGE_CURVE('',#22,#24,#26,.T.);
#22 = VERTEX_POINT('',#23);
#23 = CARTESIAN_POINT('',(32.332450513304,-18.99638501938,62.));
#24 = VERTEX_POINT('',#25);
#25 = CARTESIAN_POINT('',(32.332450513304,-18.99638501938,87.));
#26 = LINE('',#27,#28);
#27 = CARTESIAN_POINT('',(32.332450513305,-18.99638501938,62.));
#28 = VECTOR('',#29,1.);
#29 = DIRECTION('',(0.,0.,1.));
#30 = ORIENTED_EDGE('',*,*,#31,.F.);
#31 = EDGE_CURVE('',#32,#24,#34,.T.);
#32 = VERTEX_POINT('',#33);
#33 = CARTESIAN_POINT('',(18.027972892638,-32.88224738947,87.));
#34 = CIRCLE('',#35,37.5);
#35 = AXIS2_PLACEMENT_3D('',#36,#37,#38);
#36 = CARTESIAN_POINT('',(0.,0.,87.));
#37 = DIRECTION('',(0.,0.,1.));
#38 = DIRECTION('',(1.,0.,0.));
#39 = ORIENTED_EDGE('',*,*,#40,.F.);
#40 = EDGE_CURVE('',#41,#32,#43,.T.);
#41 = VERTEX_POINT('',#42);
#42 = CARTESIAN_POINT('',(18.027972892638,-32.88224738947,62.));
#43 = LINE('',#44,#45);
#44 = CARTESIAN_POINT('',(18.027972892638,-32.88224738947,62.));
#45 = VECTOR('',#46,1.);
#46 = DIRECTION('',(0.,0.,1.));
#47 = ORIENTED_EDGE('',*,*,#48,.T.);
#48 = EDGE_CURVE('',#41,#22,#49,.T.);
#49 = CIRCLE('',#50,37.5);
#50 = AXIS2_PLACEMENT_3D('',#51,#52,#53);
#51 = CARTESIAN_POINT('',(0.,0.,62.));
#52 = DIRECTION('',(0.,0.,1.));
#53 = DIRECTION('',(1.,0.,0.));
#54 = CYLINDRICAL_SURFACE('',#55,37.5);
#55 = AXIS2_PLACEMENT_3D('',#56,#57,#58);
#56 = CARTESIAN_POINT('',(0.,0.,62.));
#57 = DIRECTION('',(0.,0.,1.));
#58 = DIRECTION('',(1.,0.,0.));
#59 = ADVANCED_FACE('',(#60,#259),#270,.T.);
#60 = FACE_BOUND('',#61,.T.);
#61 = EDGE_LOOP('',(#62,#73,#82,#89,#90,#99,#108,#117,#126,#135,#144,
    #153,#162,#171,#180,#189,#198,#207,#216,#225,#234,#243,#252));
#62 = ORIENTED_EDGE('',*,*,#63,.F.);
#63 = EDGE_CURVE('',#64,#66,#68,.T.);
#64 = VERTEX_POINT('',#65);
#65 = CARTESIAN_POINT('',(34.946528082726,-13.6011093284,62.));
#66 = VERTEX_POINT('',#67);
#67 = CARTESIAN_POINT('',(37.5,-9.184850993605E-15,62.));
#68 = CIRCLE('',#69,37.5);
#69 = AXIS2_PLACEMENT_3D('',#70,#71,#72);
#70 = CARTESIAN_POINT('',(0.,0.,62.));
#71 = DIRECTION('',(0.,0.,1.));
#72 = DIRECTION('',(1.,0.,0.));
#73 = ORIENTED_EDGE('',*,*,#74,.F.);
#74 = EDGE_CURVE('',#75,#64,#77,.T.);
#75 = VERTEX_POINT('',#76);
#76 = CARTESIAN_POINT('',(36.74748,-16.35107,62.));
#77 = CIRCLE('',#78,3.);
#78 = AXIS2_PLACEMENT_3D('',#79,#80,#81);
#79 = CARTESIAN_POINT('',(33.74748,-16.35107,62.));
#80 = DIRECTION('',(0.,0.,1.));
#81 = DIRECTION('',(1.,0.,0.));
#82 = ORIENTED_EDGE('',*,*,#83,.F.);
#83 = EDGE_CURVE('',#22,#75,#84,.T.);
#84 = CIRCLE('',#85,3.);
#85 = AXIS2_PLACEMENT_3D('',#86,#87,#88);
#86 = CARTESIAN_POINT('',(33.74748,-16.35107,62.));
#87 = DIRECTION('',(0.,0.,1.));
#88 = DIRECTION('',(1.,0.,0.));
#89 = ORIENTED_EDGE('',*,*,#48,.F.);
#90 = ORIENTED_EDGE('',*,*,#91,.F.);
#91 = EDGE_CURVE('',#92,#41,#94,.T.);
#92 = VERTEX_POINT('',#93);
#93 = CARTESIAN_POINT('',(18.34181,-34.21811,62.));
#94 = CIRCLE('',#95,3.);
#95 = AXIS2_PLACEMENT_3D('',#96,#97,#98);
#96 = CARTESIAN_POINT('',(15.34181,-34.21811,62.));
#97 = DIRECTION('',(0.,0.,1.));
#98 = DIRECTION('',(1.,0.,0.));
#99 = ORIENTED_EDGE('',*,*,#100,.F.);
#100 = EDGE_CURVE('',#101,#92,#103,.T.);
#101 = VERTEX_POINT('',#102);
#102 = CARTESIAN_POINT('',(12.557457506617,-35.33497220841,62.));
#103 = CIRCLE('',#104,3.);
#104 = AXIS2_PLACEMENT_3D('',#105,#106,#107);
#105 = CARTESIAN_POINT('',(15.34181,-34.21811,62.));
#106 = DIRECTION('',(0.,0.,1.));
#107 = DIRECTION('',(1.,0.,0.));
#108 = ORIENTED_EDGE('',*,*,#109,.F.);
#109 = EDGE_CURVE('',#110,#101,#112,.T.);
#110 = VERTEX_POINT('',#111);
#111 = CARTESIAN_POINT('',(-7.326073486491,-36.77742034551,62.));
#112 = CIRCLE('',#113,37.5);
#113 = AXIS2_PLACEMENT_3D('',#114,#115,#116);
#114 = CARTESIAN_POINT('',(0.,0.,62.));
#115 = DIRECTION('',(0.,0.,1.));
#116 = DIRECTION('',(1.,0.,0.));
#117 = ORIENTED_EDGE('',*,*,#118,.F.);
#118 = EDGE_CURVE('',#119,#110,#121,.T.);
#119 = VERTEX_POINT('',#120);
#120 = CARTESIAN_POINT('',(-13.09331235007,-35.1399369906,62.));
#121 = CIRCLE('',#122,3.);
#122 = AXIS2_PLACEMENT_3D('',#123,#124,#125);
#123 = CARTESIAN_POINT('',(-10.24247,-36.07412,62.));
#124 = DIRECTION('',(0.,0.,1.));
#125 = DIRECTION('',(1.,0.,0.));
#126 = ORIENTED_EDGE('',*,*,#127,.F.);
#127 = EDGE_CURVE('',#128,#119,#130,.T.);
#128 = VERTEX_POINT('',#129);
#129 = CARTESIAN_POINT('',(-29.25216949265,-23.46402736047,62.));
#130 = CIRCLE('',#131,37.5);
#131 = AXIS2_PLACEMENT_3D('',#132,#133,#134);
#132 = CARTESIAN_POINT('',(0.,0.,62.));
#133 = DIRECTION('',(0.,0.,1.));
#134 = DIRECTION('',(1.,0.,0.));
#135 = ORIENTED_EDGE('',*,*,#136,.F.);
#136 = EDGE_CURVE('',#137,#128,#139,.T.);
#137 = VERTEX_POINT('',#138);
#138 = CARTESIAN_POINT('',(-32.61757673986,-18.50253192454,62.));
#139 = CIRCLE('',#140,3.);
#140 = AXIS2_PLACEMENT_3D('',#141,#142,#143);
#141 = CARTESIAN_POINT('',(-31.03418,-21.05064,62.));
#142 = DIRECTION('',(0.,0.,1.));
#143 = DIRECTION('',(1.,0.,0.));
#144 = ORIENTED_EDGE('',*,*,#145,.F.);
#145 = EDGE_CURVE('',#146,#137,#148,.T.);
#146 = VERTEX_POINT('',#147);
#147 = CARTESIAN_POINT('',(-37.49084796024,0.828443855563,62.));
#148 = CIRCLE('',#149,37.5);
#149 = AXIS2_PLACEMENT_3D('',#150,#151,#152);
#150 = CARTESIAN_POINT('',(0.,0.,62.));
#151 = DIRECTION('',(0.,0.,1.));
#152 = DIRECTION('',(1.,0.,0.));
#153 = ORIENTED_EDGE('',*,*,#154,.F.);
#154 = EDGE_CURVE('',#155,#146,#157,.T.);
#155 = VERTEX_POINT('',#156);
#156 = CARTESIAN_POINT('',(-36.87971173968,6.792412089808,62.));
#157 = CIRCLE('',#158,3.);
#158 = AXIS2_PLACEMENT_3D('',#159,#160,#161);
#159 = CARTESIAN_POINT('',(-37.30465,3.82266,62.));
#160 = DIRECTION('',(0.,0.,1.));
#161 = DIRECTION('',(1.,0.,0.));
#162 = ORIENTED_EDGE('',*,*,#163,.F.);
#163 = EDGE_CURVE('',#164,#155,#166,.T.);
#164 = VERTEX_POINT('',#165);
#165 = CARTESIAN_POINT('',(-28.1871434879,24.733276006066,62.));
#166 = CIRCLE('',#167,37.5);
#167 = AXIS2_PLACEMENT_3D('',#168,#169,#170);
#168 = CARTESIAN_POINT('',(0.,0.,62.));
#169 = DIRECTION('',(0.,0.,1.));
#170 = DIRECTION('',(1.,0.,0.));
#171 = ORIENTED_EDGE('',*,*,#172,.F.);
#172 = EDGE_CURVE('',#173,#164,#175,.T.);
#173 = VERTEX_POINT('',#174);
#174 = CARTESIAN_POINT('',(-23.88542192311,28.909109629232,62.));
#175 = CIRCLE('',#176,3.);
#176 = AXIS2_PLACEMENT_3D('',#177,#178,#179);
#177 = CARTESIAN_POINT('',(-26.11987,26.9073,62.));
#178 = DIRECTION('',(0.,0.,1.));
#179 = DIRECTION('',(1.,0.,0.));
#180 = ORIENTED_EDGE('',*,*,#181,.F.);
#181 = EDGE_CURVE('',#182,#173,#184,.T.);
#182 = VERTEX_POINT('',#183);
#183 = CARTESIAN_POINT('',(-5.694359807589,37.065135456136,62.));
#184 = CIRCLE('',#185,37.5);
#185 = AXIS2_PLACEMENT_3D('',#186,#187,#188);
#186 = CARTESIAN_POINT('',(0.,0.,62.));
#187 = DIRECTION('',(0.,0.,1.));
#188 = DIRECTION('',(1.,0.,0.));
#189 = ORIENTED_EDGE('',*,*,#190,.F.);
#190 = EDGE_CURVE('',#191,#182,#193,.T.);
#191 = VERTEX_POINT('',#192);
#192 = CARTESIAN_POINT('',(0.285124750858,37.49891603602,62.));
#193 = CIRCLE('',#194,3.);
#194 = AXIS2_PLACEMENT_3D('',#195,#196,#197);
#195 = CARTESIAN_POINT('',(-2.7133,37.40171,62.));
#196 = DIRECTION('',(0.,0.,1.));
#197 = DIRECTION('',(1.,0.,0.));
#198 = ORIENTED_EDGE('',*,*,#199,.F.);
#199 = EDGE_CURVE('',#200,#191,#202,.T.);
#200 = VERTEX_POINT('',#201);
#201 = CARTESIAN_POINT('',(19.462877927993,32.053804497439,62.));
#202 = CIRCLE('',#203,37.5);
#203 = AXIS2_PLACEMENT_3D('',#204,#205,#206);
#204 = CARTESIAN_POINT('',(0.,0.,62.));
#205 = DIRECTION('',(0.,0.,1.));
#206 = DIRECTION('',(1.,0.,0.));
#207 = ORIENTED_EDGE('',*,*,#208,.F.);
#208 = EDGE_CURVE('',#209,#200,#211,.T.);
#209 = VERTEX_POINT('',#210);
#210 = CARTESIAN_POINT('',(24.96285,30.39545,62.));
#211 = CIRCLE('',#212,3.);
#212 = AXIS2_PLACEMENT_3D('',#213,#214,#215);
#213 = CARTESIAN_POINT('',(21.96285,30.39545,62.));
#214 = DIRECTION('',(0.,0.,1.));
#215 = DIRECTION('',(1.,0.,0.));
#216 = ORIENTED_EDGE('',*,*,#217,.F.);
#217 = EDGE_CURVE('',#218,#209,#220,.T.);
#218 = VERTEX_POINT('',#219);
#219 = CARTESIAN_POINT('',(24.322257336315,28.542561168649,62.));
#220 = CIRCLE('',#221,3.);
#221 = AXIS2_PLACEMENT_3D('',#222,#223,#224);
#222 = CARTESIAN_POINT('',(21.96285,30.39545,62.));
#223 = DIRECTION('',(0.,0.,1.));
#224 = DIRECTION('',(1.,0.,0.));
#225 = ORIENTED_EDGE('',*,*,#226,.F.);
#226 = EDGE_CURVE('',#227,#218,#229,.T.);
#227 = VERTEX_POINT('',#228);
#228 = CARTESIAN_POINT('',(35.513216439692,12.044146217463,62.));
#229 = CIRCLE('',#230,37.5);
#230 = AXIS2_PLACEMENT_3D('',#231,#232,#233);
#231 = CARTESIAN_POINT('',(0.,0.,62.));
#232 = DIRECTION('',(0.,0.,1.));
#233 = DIRECTION('',(1.,0.,0.));
#234 = ORIENTED_EDGE('',*,*,#235,.F.);
#235 = EDGE_CURVE('',#236,#227,#238,.T.);
#236 = VERTEX_POINT('',#237);
#237 = CARTESIAN_POINT('',(39.36233,9.16682,62.));
#238 = CIRCLE('',#239,3.);
#239 = AXIS2_PLACEMENT_3D('',#240,#241,#242);
#240 = CARTESIAN_POINT('',(36.36233,9.16682,62.));
#241 = DIRECTION('',(0.,0.,1.));
#242 = DIRECTION('',(1.,0.,0.));
#243 = ORIENTED_EDGE('',*,*,#244,.F.);
#244 = EDGE_CURVE('',#245,#236,#247,.T.);
#245 = VERTEX_POINT('',#246);
#246 = CARTESIAN_POINT('',(36.978734104537,6.230828518421,62.));
#247 = CIRCLE('',#248,3.);
#248 = AXIS2_PLACEMENT_3D('',#249,#250,#251);
#249 = CARTESIAN_POINT('',(36.36233,9.16682,62.));
#250 = DIRECTION('',(0.,0.,1.));
#251 = DIRECTION('',(1.,0.,0.));
#252 = ORIENTED_EDGE('',*,*,#253,.F.);
#253 = EDGE_CURVE('',#66,#245,#254,.T.);
#254 = CIRCLE('',#255,37.5);
#255 = AXIS2_PLACEMENT_3D('',#256,#257,#258);
#256 = CARTESIAN_POINT('',(0.,0.,62.));
#257 = DIRECTION('',(0.,0.,1.));
#258 = DIRECTION('',(1.,0.,0.));
#259 = FACE_BOUND('',#260,.T.);
#260 = EDGE_LOOP('',(#261));
#261 = ORIENTED_EDGE('',*,*,#262,.T.);
#262 = EDGE_CURVE('',#263,#263,#265,.T.);
#263 = VERTEX_POINT('',#264);
#264 = CARTESIAN_POINT('',(31.5,-7.715274834628E-15,62.));
#265 = CIRCLE('',#266,31.5);
#266 = AXIS2_PLACEMENT_3D('',#267,#268,#269);
#267 = CARTESIAN_POINT('',(0.,0.,62.));
#268 = DIRECTION('',(0.,0.,1.));
#269 = DIRECTION('',(1.,0.,0.));
#270 = PLANE('',#271);
#271 = AXIS2_PLACEMENT_3D('',#272,#273,#274);
#272 = CARTESIAN_POINT('',(0.140757833258,-4.679128781734E-03,62.));
#273 = DIRECTION('',(-0.,-0.,-1.));
#274 = DIRECTION('',(-1.,0.,0.));
#275 = ADVANCED_FACE('',(#276),#302,.T.);
#276 = FACE_BOUND('',#277,.T.);
#277 = EDGE_LOOP('',(#278,#286,#295,#301));
#278 = ORIENTED_EDGE('',*,*,#279,.T.);
#279 = EDGE_CURVE('',#101,#280,#282,.T.);
#280 = VERTEX_POINT('',#281);
#281 = CARTESIAN_POINT('',(12.557457506617,-35.33497220841,87.));
#282 = LINE('',#283,#284);
#283 = CARTESIAN_POINT('',(12.557457506616,-35.33497220841,62.));
#284 = VECTOR('',#285,1.);
#285 = DIRECTION('',(0.,0.,1.));
#286 = ORIENTED_EDGE('',*,*,#287,.F.);
#287 = EDGE_CURVE('',#288,#280,#290,.T.);
#288 = VERTEX_POINT('',#289);
#289 = CARTESIAN_POINT('',(-7.326073486491,-36.77742034551,87.));
#290 = CIRCLE('',#291,37.5);
#291 = AXIS2_PLACEMENT_3D('',#292,#293,#294);
#292 = CARTESIAN_POINT('',(0.,0.,87.));
#293 = DIRECTION('',(0.,0.,1.));
#294 = DIRECTION('',(1.,0.,0.));
#295 = ORIENTED_EDGE('',*,*,#296,.F.);
#296 = EDGE_CURVE('',#110,#288,#297,.T.);
#297 = LINE('',#298,#299);
#298 = CARTESIAN_POINT('',(-7.326073486492,-36.77742034551,62.));
#299 = VECTOR('',#300,1.);
#300 = DIRECTION('',(0.,0.,1.));
#301 = ORIENTED_EDGE('',*,*,#109,.T.);
#302 = CYLINDRICAL_SURFACE('',#303,37.5);
#303 = AXIS2_PLACEMENT_3D('',#304,#305,#306);
#304 = CARTESIAN_POINT('',(0.,0.,62.));
#305 = DIRECTION('',(0.,0.,1.));
#306 = DIRECTION('',(1.,0.,0.));
#307 = ADVANCED_FACE('',(#308),#327,.T.);
#308 = FACE_BOUND('',#309,.T.);
#309 = EDGE_LOOP('',(#310,#319,#325,#326));
#310 = ORIENTED_EDGE('',*,*,#311,.F.);
#311 = EDGE_CURVE('',#312,#288,#314,.T.);
#312 = VERTEX_POINT('',#313);
#313 = CARTESIAN_POINT('',(-13.09331235007,-35.1399369906,87.));
#314 = CIRCLE('',#315,3.);
#315 = AXIS2_PLACEMENT_3D('',#316,#317,#318);
#316 = CARTESIAN_POINT('',(-10.24247,-36.07412,87.));
#317 = DIRECTION('',(0.,0.,1.));
#318 = DIRECTION('',(1.,0.,0.));
#319 = ORIENTED_EDGE('',*,*,#320,.F.);
#320 = EDGE_CURVE('',#119,#312,#321,.T.);
#321 = LINE('',#322,#323);
#322 = CARTESIAN_POINT('',(-13.09331235007,-35.1399369906,62.));
#323 = VECTOR('',#324,1.);
#324 = DIRECTION('',(0.,0.,1.));
#325 = ORIENTED_EDGE('',*,*,#118,.T.);
#326 = ORIENTED_EDGE('',*,*,#296,.T.);
#327 = CYLINDRICAL_SURFACE('',#328,3.);
#328 = AXIS2_PLACEMENT_3D('',#329,#330,#331);
#329 = CARTESIAN_POINT('',(-10.24247,-36.07412,62.));
#330 = DIRECTION('',(0.,0.,1.));
#331 = DIRECTION('',(1.,0.,0.));
#332 = ADVANCED_FACE('',(#333),#352,.T.);
#333 = FACE_BOUND('',#334,.T.);
#334 = EDGE_LOOP('',(#335,#336,#345,#351));
#335 = ORIENTED_EDGE('',*,*,#320,.T.);
#336 = ORIENTED_EDGE('',*,*,#337,.F.);
#337 = EDGE_CURVE('',#338,#312,#340,.T.);
#338 = VERTEX_POINT('',#339);
#339 = CARTESIAN_POINT('',(-29.25216949265,-23.46402736047,87.));
#340 = CIRCLE('',#341,37.5);
#341 = AXIS2_PLACEMENT_3D('',#342,#343,#344);
#342 = CARTESIAN_POINT('',(0.,0.,87.));
#343 = DIRECTION('',(0.,0.,1.));
#344 = DIRECTION('',(1.,0.,0.));
#345 = ORIENTED_EDGE('',*,*,#346,.F.);
#346 = EDGE_CURVE('',#128,#338,#347,.T.);
#347 = LINE('',#348,#349);
#348 = CARTESIAN_POINT('',(-29.25216949265,-23.46402736047,62.));
#349 = VECTOR('',#350,1.);
#350 = DIRECTION('',(0.,0.,1.));
#351 = ORIENTED_EDGE('',*,*,#127,.T.);
#352 = CYLINDRICAL_SURFACE('',#353,37.5);
#353 = AXIS2_PLACEMENT_3D('',#354,#355,#356);
#354 = CARTESIAN_POINT('',(0.,0.,62.));
#355 = DIRECTION('',(0.,0.,1.));
#356 = DIRECTION('',(1.,0.,0.));
#357 = ADVANCED_FACE('',(#358),#377,.T.);
#358 = FACE_BOUND('',#359,.T.);
#359 = EDGE_LOOP('',(#360,#369,#375,#376));
#360 = ORIENTED_EDGE('',*,*,#361,.F.);
#361 = EDGE_CURVE('',#362,#338,#364,.T.);
#362 = VERTEX_POINT('',#363);
#363 = CARTESIAN_POINT('',(-32.61757673986,-18.50253192454,87.));
#364 = CIRCLE('',#365,3.);
#365 = AXIS2_PLACEMENT_3D('',#366,#367,#368);
#366 = CARTESIAN_POINT('',(-31.03418,-21.05064,87.));
#367 = DIRECTION('',(0.,0.,1.));
#368 = DIRECTION('',(1.,0.,0.));
#369 = ORIENTED_EDGE('',*,*,#370,.F.);
#370 = EDGE_CURVE('',#137,#362,#371,.T.);
#371 = LINE('',#372,#373);
#372 = CARTESIAN_POINT('',(-32.61757673986,-18.50253192454,62.));
#373 = VECTOR('',#374,1.);
#374 = DIRECTION('',(0.,0.,1.));
#375 = ORIENTED_EDGE('',*,*,#136,.T.);
#376 = ORIENTED_EDGE('',*,*,#346,.T.);
#377 = CYLINDRICAL_SURFACE('',#378,3.);
#378 = AXIS2_PLACEMENT_3D('',#379,#380,#381);
#379 = CARTESIAN_POINT('',(-31.03418,-21.05064,62.));
#380 = DIRECTION('',(0.,0.,1.));
#381 = DIRECTION('',(1.,0.,0.));
#382 = ADVANCED_FACE('',(#383),#402,.T.);
#383 = FACE_BOUND('',#384,.T.);
#384 = EDGE_LOOP('',(#385,#386,#395,#401));
#385 = ORIENTED_EDGE('',*,*,#370,.T.);
#386 = ORIENTED_EDGE('',*,*,#387,.F.);
#387 = EDGE_CURVE('',#388,#362,#390,.T.);
#388 = VERTEX_POINT('',#389);
#389 = CARTESIAN_POINT('',(-37.49084796024,0.828443855563,87.));
#390 = CIRCLE('',#391,37.5);
#391 = AXIS2_PLACEMENT_3D('',#392,#393,#394);
#392 = CARTESIAN_POINT('',(0.,0.,87.));
#393 = DIRECTION('',(0.,0.,1.));
#394 = DIRECTION('',(1.,0.,0.));
#395 = ORIENTED_EDGE('',*,*,#396,.F.);
#396 = EDGE_CURVE('',#146,#388,#397,.T.);
#397 = LINE('',#398,#399);
#398 = CARTESIAN_POINT('',(-37.49084796024,0.828443855564,62.));
#399 = VECTOR('',#400,1.);
#400 = DIRECTION('',(0.,0.,1.));
#401 = ORIENTED_EDGE('',*,*,#145,.T.);
#402 = CYLINDRICAL_SURFACE('',#403,37.5);
#403 = AXIS2_PLACEMENT_3D('',#404,#405,#406);
#404 = CARTESIAN_POINT('',(0.,0.,62.));
#405 = DIRECTION('',(0.,0.,1.));
#406 = DIRECTION('',(1.,0.,0.));
#407 = ADVANCED_FACE('',(#408),#427,.T.);
#408 = FACE_BOUND('',#409,.T.);
#409 = EDGE_LOOP('',(#410,#419,#425,#426));
#410 = ORIENTED_EDGE('',*,*,#411,.F.);
#411 = EDGE_CURVE('',#412,#388,#414,.T.);
#412 = VERTEX_POINT('',#413);
#413 = CARTESIAN_POINT('',(-36.87971173968,6.792412089808,87.));
#414 = CIRCLE('',#415,3.);
#415 = AXIS2_PLACEMENT_3D('',#416,#417,#418);
#416 = CARTESIAN_POINT('',(-37.30465,3.82266,87.));
#417 = DIRECTION('',(0.,0.,1.));
#418 = DIRECTION('',(1.,0.,0.));
#419 = ORIENTED_EDGE('',*,*,#420,.F.);
#420 = EDGE_CURVE('',#155,#412,#421,.T.);
#421 = LINE('',#422,#423);
#422 = CARTESIAN_POINT('',(-36.87971173968,6.792412089808,62.));
#423 = VECTOR('',#424,1.);
#424 = DIRECTION('',(0.,0.,1.));
#425 = ORIENTED_EDGE('',*,*,#154,.T.);
#426 = ORIENTED_EDGE('',*,*,#396,.T.);
#427 = CYLINDRICAL_SURFACE('',#428,3.);
#428 = AXIS2_PLACEMENT_3D('',#429,#430,#431);
#429 = CARTESIAN_POINT('',(-37.30465,3.82266,62.));
#430 = DIRECTION('',(0.,0.,1.));
#431 = DIRECTION('',(1.,0.,0.));
#432 = ADVANCED_FACE('',(#433),#452,.T.);
#433 = FACE_BOUND('',#434,.T.);
#434 = EDGE_LOOP('',(#435,#444,#450,#451));
#435 = ORIENTED_EDGE('',*,*,#436,.F.);
#436 = EDGE_CURVE('',#437,#412,#439,.T.);
#437 = VERTEX_POINT('',#438);
#438 = CARTESIAN_POINT('',(-28.1871434879,24.733276006066,87.));
#439 = CIRCLE('',#440,37.5);
#440 = AXIS2_PLACEMENT_3D('',#441,#442,#443);
#441 = CARTESIAN_POINT('',(0.,0.,87.));
#442 = DIRECTION('',(0.,0.,1.));
#443 = DIRECTION('',(1.,0.,0.));
#444 = ORIENTED_EDGE('',*,*,#445,.F.);
#445 = EDGE_CURVE('',#164,#437,#446,.T.);
#446 = LINE('',#447,#448);
#447 = CARTESIAN_POINT('',(-28.1871434879,24.733276006066,62.));
#448 = VECTOR('',#449,1.);
#449 = DIRECTION('',(0.,0.,1.));
#450 = ORIENTED_EDGE('',*,*,#163,.T.);
#451 = ORIENTED_EDGE('',*,*,#420,.T.);
#452 = CYLINDRICAL_SURFACE('',#453,37.5);
#453 = AXIS2_PLACEMENT_3D('',#454,#455,#456);
#454 = CARTESIAN_POINT('',(0.,0.,62.));
#455 = DIRECTION('',(0.,0.,1.));
#456 = DIRECTION('',(1.,0.,0.));
#457 = ADVANCED_FACE('',(#458),#477,.T.);
#458 = FACE_BOUND('',#459,.T.);
#459 = EDGE_LOOP('',(#460,#469,#475,#476));
#460 = ORIENTED_EDGE('',*,*,#461,.F.);
#461 = EDGE_CURVE('',#462,#437,#464,.T.);
#462 = VERTEX_POINT('',#463);
#463 = CARTESIAN_POINT('',(-23.88542192311,28.909109629232,87.));
#464 = CIRCLE('',#465,3.);
#465 = AXIS2_PLACEMENT_3D('',#466,#467,#468);
#466 = CARTESIAN_POINT('',(-26.11987,26.9073,87.));
#467 = DIRECTION('',(0.,0.,1.));
#468 = DIRECTION('',(1.,0.,0.));
#469 = ORIENTED_EDGE('',*,*,#470,.F.);
#470 = EDGE_CURVE('',#173,#462,#471,.T.);
#471 = LINE('',#472,#473);
#472 = CARTESIAN_POINT('',(-23.88542192311,28.909109629232,62.));
#473 = VECTOR('',#474,1.);
#474 = DIRECTION('',(0.,0.,1.));
#475 = ORIENTED_EDGE('',*,*,#172,.T.);
#476 = ORIENTED_EDGE('',*,*,#445,.T.);
#477 = CYLINDRICAL_SURFACE('',#478,3.);
#478 = AXIS2_PLACEMENT_3D('',#479,#480,#481);
#479 = CARTESIAN_POINT('',(-26.11987,26.9073,62.));
#480 = DIRECTION('',(0.,0.,1.));
#481 = DIRECTION('',(1.,0.,0.));
#482 = ADVANCED_FACE('',(#483),#502,.T.);
#483 = FACE_BOUND('',#484,.T.);
#484 = EDGE_LOOP('',(#485,#494,#500,#501));
#485 = ORIENTED_EDGE('',*,*,#486,.F.);
#486 = EDGE_CURVE('',#487,#462,#489,.T.);
#487 = VERTEX_POINT('',#488);
#488 = CARTESIAN_POINT('',(-5.694359807589,37.065135456136,87.));
#489 = CIRCLE('',#490,37.5);
#490 = AXIS2_PLACEMENT_3D('',#491,#492,#493);
#491 = CARTESIAN_POINT('',(0.,0.,87.));
#492 = DIRECTION('',(0.,0.,1.));
#493 = DIRECTION('',(1.,0.,0.));
#494 = ORIENTED_EDGE('',*,*,#495,.F.);
#495 = EDGE_CURVE('',#182,#487,#496,.T.);
#496 = LINE('',#497,#498);
#497 = CARTESIAN_POINT('',(-5.694359807589,37.065135456136,62.));
#498 = VECTOR('',#499,1.);
#499 = DIRECTION('',(0.,0.,1.));
#500 = ORIENTED_EDGE('',*,*,#181,.T.);
#501 = ORIENTED_EDGE('',*,*,#470,.T.);
#502 = CYLINDRICAL_SURFACE('',#503,37.5);
#503 = AXIS2_PLACEMENT_3D('',#504,#505,#506);
#504 = CARTESIAN_POINT('',(0.,0.,62.));
#505 = DIRECTION('',(0.,0.,1.));
#506 = DIRECTION('',(1.,0.,0.));
#507 = ADVANCED_FACE('',(#508),#527,.T.);
#508 = FACE_BOUND('',#509,.T.);
#509 = EDGE_LOOP('',(#510,#519,#525,#526));
#510 = ORIENTED_EDGE('',*,*,#511,.F.);
#511 = EDGE_CURVE('',#512,#487,#514,.T.);
#512 = VERTEX_POINT('',#513);
#513 = CARTESIAN_POINT('',(0.285124750858,37.49891603602,87.));
#514 = CIRCLE('',#515,3.);
#515 = AXIS2_PLACEMENT_3D('',#516,#517,#518);
#516 = CARTESIAN_POINT('',(-2.7133,37.40171,87.));
#517 = DIRECTION('',(0.,0.,1.));
#518 = DIRECTION('',(1.,0.,0.));
#519 = ORIENTED_EDGE('',*,*,#520,.F.);
#520 = EDGE_CURVE('',#191,#512,#521,.T.);
#521 = LINE('',#522,#523);
#522 = CARTESIAN_POINT('',(0.285124750859,37.49891603602,62.));
#523 = VECTOR('',#524,1.);
#524 = DIRECTION('',(0.,0.,1.));
#525 = ORIENTED_EDGE('',*,*,#190,.T.);
#526 = ORIENTED_EDGE('',*,*,#495,.T.);
#527 = CYLINDRICAL_SURFACE('',#528,3.);
#528 = AXIS2_PLACEMENT_3D('',#529,#530,#531);
#529 = CARTESIAN_POINT('',(-2.7133,37.40171,62.));
#530 = DIRECTION('',(0.,0.,1.));
#531 = DIRECTION('',(1.,0.,0.));
#532 = ADVANCED_FACE('',(#533),#552,.T.);
#533 = FACE_BOUND('',#534,.T.);
#534 = EDGE_LOOP('',(#535,#544,#550,#551));
#535 = ORIENTED_EDGE('',*,*,#536,.F.);
#536 = EDGE_CURVE('',#537,#512,#539,.T.);
#537 = VERTEX_POINT('',#538);
#538 = CARTESIAN_POINT('',(19.462877927993,32.053804497439,87.));
#539 = CIRCLE('',#540,37.5);
#540 = AXIS2_PLACEMENT_3D('',#541,#542,#543);
#541 = CARTESIAN_POINT('',(0.,0.,87.));
#542 = DIRECTION('',(0.,0.,1.));
#543 = DIRECTION('',(1.,0.,0.));
#544 = ORIENTED_EDGE('',*,*,#545,.F.);
#545 = EDGE_CURVE('',#200,#537,#546,.T.);
#546 = LINE('',#547,#548);
#547 = CARTESIAN_POINT('',(19.462877927992,32.05380449744,62.));
#548 = VECTOR('',#549,1.);
#549 = DIRECTION('',(0.,0.,1.));
#550 = ORIENTED_EDGE('',*,*,#199,.T.);
#551 = ORIENTED_EDGE('',*,*,#520,.T.);
#552 = CYLINDRICAL_SURFACE('',#553,37.5);
#553 = AXIS2_PLACEMENT_3D('',#554,#555,#556);
#554 = CARTESIAN_POINT('',(0.,0.,62.));
#555 = DIRECTION('',(0.,0.,1.));
#556 = DIRECTION('',(1.,0.,0.));
#557 = ADVANCED_FACE('',(#558),#584,.T.);
#558 = FACE_BOUND('',#559,.T.);
#559 = EDGE_LOOP('',(#560,#571,#577,#578));
#560 = ORIENTED_EDGE('',*,*,#561,.F.);
#561 = EDGE_CURVE('',#562,#564,#566,.T.);
#562 = VERTEX_POINT('',#563);
#563 = CARTESIAN_POINT('',(35.513216439692,12.044146217463,87.));
#564 = VERTEX_POINT('',#565);
#565 = CARTESIAN_POINT('',(24.322257336315,28.542561168649,87.));
#566 = CIRCLE('',#567,37.5);
#567 = AXIS2_PLACEMENT_3D('',#568,#569,#570);
#568 = CARTESIAN_POINT('',(0.,0.,87.));
#569 = DIRECTION('',(0.,0.,1.));
#570 = DIRECTION('',(1.,0.,0.));
#571 = ORIENTED_EDGE('',*,*,#572,.F.);
#572 = EDGE_CURVE('',#227,#562,#573,.T.);
#573 = LINE('',#574,#575);
#574 = CARTESIAN_POINT('',(35.513216439691,12.044146217463,62.));
#575 = VECTOR('',#576,1.);
#576 = DIRECTION('',(0.,0.,1.));
#577 = ORIENTED_EDGE('',*,*,#226,.T.);
#578 = ORIENTED_EDGE('',*,*,#579,.T.);
#579 = EDGE_CURVE('',#218,#564,#580,.T.);
#580 = LINE('',#581,#582);
#581 = CARTESIAN_POINT('',(24.322257336315,28.542561168649,62.));
#582 = VECTOR('',#583,1.);
#583 = DIRECTION('',(0.,0.,1.));
#584 = CYLINDRICAL_SURFACE('',#585,37.5);
#585 = AXIS2_PLACEMENT_3D('',#586,#587,#588);
#586 = CARTESIAN_POINT('',(0.,0.,62.));
#587 = DIRECTION('',(0.,0.,1.));
#588 = DIRECTION('',(1.,0.,0.));
#589 = ADVANCED_FACE('',(#590),#609,.T.);
#590 = FACE_BOUND('',#591,.T.);
#591 = EDGE_LOOP('',(#592,#593,#601,#608));
#592 = ORIENTED_EDGE('',*,*,#262,.F.);
#593 = ORIENTED_EDGE('',*,*,#594,.F.);
#594 = EDGE_CURVE('',#595,#263,#597,.T.);
#595 = VERTEX_POINT('',#596);
#596 = CARTESIAN_POINT('',(31.5,-7.715274834628E-15,53.5));
#597 = LINE('',#598,#599);
#598 = CARTESIAN_POINT('',(31.5,-7.715274834628E-15,53.5));
#599 = VECTOR('',#600,1.);
#600 = DIRECTION('',(0.,0.,1.));
#601 = ORIENTED_EDGE('',*,*,#602,.T.);
#602 = EDGE_CURVE('',#595,#595,#603,.T.);
#603 = CIRCLE('',#604,31.5);
#604 = AXIS2_PLACEMENT_3D('',#605,#606,#607);
#605 = CARTESIAN_POINT('',(0.,0.,53.5));
#606 = DIRECTION('',(0.,0.,1.));
#607 = DIRECTION('',(1.,0.,0.));
#608 = ORIENTED_EDGE('',*,*,#594,.T.);
#609 = CYLINDRICAL_SURFACE('',#610,31.5);
#610 = AXIS2_PLACEMENT_3D('',#611,#612,#613);
#611 = CARTESIAN_POINT('',(0.,0.,53.5));
#612 = DIRECTION('',(0.,0.,1.));
#613 = DIRECTION('',(1.,0.,0.));
#614 = ADVANCED_FACE('',(#615),#618,.F.);
#615 = FACE_BOUND('',#616,.T.);
#616 = EDGE_LOOP('',(#617));
#617 = ORIENTED_EDGE('',*,*,#602,.F.);
#618 = PLANE('',#619);
#619 = AXIS2_PLACEMENT_3D('',#620,#621,#622);
#620 = CARTESIAN_POINT('',(0.,0.,53.5));
#621 = DIRECTION('',(0.,0.,1.));
#622 = DIRECTION('',(1.,0.,0.));
#623 = ADVANCED_FACE('',(#624,#723,#734,#763,#792,#821,#850,#879,#908,
    #937,#966),#995,.T.);
#624 = FACE_BOUND('',#625,.T.);
#625 = EDGE_LOOP('',(#626,#637,#646,#655,#662,#663,#672,#679,#680,#681,
    #682,#683,#684,#685,#686,#687,#688,#689,#690,#699,#706,#707,#716));
#626 = ORIENTED_EDGE('',*,*,#627,.T.);
#627 = EDGE_CURVE('',#628,#630,#632,.T.);
#628 = VERTEX_POINT('',#629);
#629 = CARTESIAN_POINT('',(34.946528082726,-13.6011093284,87.));
#630 = VERTEX_POINT('',#631);
#631 = CARTESIAN_POINT('',(37.5,-9.184850993605E-15,87.));
#632 = CIRCLE('',#633,37.5);
#633 = AXIS2_PLACEMENT_3D('',#634,#635,#636);
#634 = CARTESIAN_POINT('',(0.,0.,87.));
#635 = DIRECTION('',(0.,0.,1.));
#636 = DIRECTION('',(1.,0.,0.));
#637 = ORIENTED_EDGE('',*,*,#638,.T.);
#638 = EDGE_CURVE('',#630,#639,#641,.T.);
#639 = VERTEX_POINT('',#640);
#640 = CARTESIAN_POINT('',(36.978734104537,6.230828518421,87.));
#641 = CIRCLE('',#642,37.5);
#642 = AXIS2_PLACEMENT_3D('',#643,#644,#645);
#643 = CARTESIAN_POINT('',(0.,0.,87.));
#644 = DIRECTION('',(0.,0.,1.));
#645 = DIRECTION('',(1.,0.,0.));
#646 = ORIENTED_EDGE('',*,*,#647,.T.);
#647 = EDGE_CURVE('',#639,#648,#650,.T.);
#648 = VERTEX_POINT('',#649);
#649 = CARTESIAN_POINT('',(39.36233,9.16682,87.));
#650 = CIRCLE('',#651,3.);
#651 = AXIS2_PLACEMENT_3D('',#652,#653,#654);
#652 = CARTESIAN_POINT('',(36.36233,9.16682,87.));
#653 = DIRECTION('',(0.,0.,1.));
#654 = DIRECTION('',(1.,0.,0.));
#655 = ORIENTED_EDGE('',*,*,#656,.T.);
#656 = EDGE_CURVE('',#648,#562,#657,.T.);
#657 = CIRCLE('',#658,3.);
#658 = AXIS2_PLACEMENT_3D('',#659,#660,#661);
#659 = CARTESIAN_POINT('',(36.36233,9.16682,87.));
#660 = DIRECTION('',(0.,0.,1.));
#661 = DIRECTION('',(1.,0.,0.));
#662 = ORIENTED_EDGE('',*,*,#561,.T.);
#663 = ORIENTED_EDGE('',*,*,#664,.T.);
#664 = EDGE_CURVE('',#564,#665,#667,.T.);
#665 = VERTEX_POINT('',#666);
#666 = CARTESIAN_POINT('',(24.96285,30.39545,87.));
#667 = CIRCLE('',#668,3.);
#668 = AXIS2_PLACEMENT_3D('',#669,#670,#671);
#669 = CARTESIAN_POINT('',(21.96285,30.39545,87.));
#670 = DIRECTION('',(0.,0.,1.));
#671 = DIRECTION('',(1.,0.,0.));
#672 = ORIENTED_EDGE('',*,*,#673,.T.);
#673 = EDGE_CURVE('',#665,#537,#674,.T.);
#674 = CIRCLE('',#675,3.);
#675 = AXIS2_PLACEMENT_3D('',#676,#677,#678);
#676 = CARTESIAN_POINT('',(21.96285,30.39545,87.));
#677 = DIRECTION('',(0.,0.,1.));
#678 = DIRECTION('',(1.,0.,0.));
#679 = ORIENTED_EDGE('',*,*,#536,.T.);
#680 = ORIENTED_EDGE('',*,*,#511,.T.);
#681 = ORIENTED_EDGE('',*,*,#486,.T.);
#682 = ORIENTED_EDGE('',*,*,#461,.T.);
#683 = ORIENTED_EDGE('',*,*,#436,.T.);
#684 = ORIENTED_EDGE('',*,*,#411,.T.);
#685 = ORIENTED_EDGE('',*,*,#387,.T.);
#686 = ORIENTED_EDGE('',*,*,#361,.T.);
#687 = ORIENTED_EDGE('',*,*,#337,.T.);
#688 = ORIENTED_EDGE('',*,*,#311,.T.);
#689 = ORIENTED_EDGE('',*,*,#287,.T.);
#690 = ORIENTED_EDGE('',*,*,#691,.T.);
#691 = EDGE_CURVE('',#280,#692,#694,.T.);
#692 = VERTEX_POINT('',#693);
#693 = CARTESIAN_POINT('',(18.34181,-34.21811,87.));
#694 = CIRCLE('',#695,3.);
#695 = AXIS2_PLACEMENT_3D('',#696,#697,#698);
#696 = CARTESIAN_POINT('',(15.34181,-34.21811,87.));
#697 = DIRECTION('',(0.,0.,1.));
#698 = DIRECTION('',(1.,0.,0.));
#699 = ORIENTED_EDGE('',*,*,#700,.T.);
#700 = EDGE_CURVE('',#692,#32,#701,.T.);
#701 = CIRCLE('',#702,3.);
#702 = AXIS2_PLACEMENT_3D('',#703,#704,#705);
#703 = CARTESIAN_POINT('',(15.34181,-34.21811,87.));
#704 = DIRECTION('',(0.,0.,1.));
#705 = DIRECTION('',(1.,0.,0.));
#706 = ORIENTED_EDGE('',*,*,#31,.T.);
#707 = ORIENTED_EDGE('',*,*,#708,.T.);
#708 = EDGE_CURVE('',#24,#709,#711,.T.);
#709 = VERTEX_POINT('',#710);
#710 = CARTESIAN_POINT('',(36.74748,-16.35107,87.));
#711 = CIRCLE('',#712,3.);
#712 = AXIS2_PLACEMENT_3D('',#713,#714,#715);
#713 = CARTESIAN_POINT('',(33.74748,-16.35107,87.));
#714 = DIRECTION('',(0.,0.,1.));
#715 = DIRECTION('',(1.,0.,0.));
#716 = ORIENTED_EDGE('',*,*,#717,.T.);
#717 = EDGE_CURVE('',#709,#628,#718,.T.);
#718 = CIRCLE('',#719,3.);
#719 = AXIS2_PLACEMENT_3D('',#720,#721,#722);
#720 = CARTESIAN_POINT('',(33.74748,-16.35107,87.));
#721 = DIRECTION('',(0.,0.,1.));
#722 = DIRECTION('',(1.,0.,0.));
#723 = FACE_BOUND('',#724,.T.);
#724 = EDGE_LOOP('',(#725));
#725 = ORIENTED_EDGE('',*,*,#726,.F.);
#726 = EDGE_CURVE('',#727,#727,#729,.T.);
#727 = VERTEX_POINT('',#728);
#728 = CARTESIAN_POINT('',(21.5,-5.265981236334E-15,87.));
#729 = CIRCLE('',#730,21.5);
#730 = AXIS2_PLACEMENT_3D('',#731,#732,#733);
#731 = CARTESIAN_POINT('',(0.,0.,87.));
#732 = DIRECTION('',(0.,0.,1.));
#733 = DIRECTION('',(1.,0.,0.));
#734 = FACE_BOUND('',#735,.T.);
#735 = EDGE_LOOP('',(#736,#747,#756));
#736 = ORIENTED_EDGE('',*,*,#737,.F.);
#737 = EDGE_CURVE('',#738,#740,#742,.T.);
#738 = VERTEX_POINT('',#739);
#739 = CARTESIAN_POINT('',(16.697986030727,-33.5771836597,87.));
#740 = VERTEX_POINT('',#741);
#741 = CARTESIAN_POINT('',(13.961085046785,-34.80428284444,87.));
#742 = CIRCLE('',#743,1.5);
#743 = AXIS2_PLACEMENT_3D('',#744,#745,#746);
#744 = CARTESIAN_POINT('',(15.34181,-34.21811,87.));
#745 = DIRECTION('',(0.,0.,1.));
#746 = DIRECTION('',(1.,0.,0.));
#747 = ORIENTED_EDGE('',*,*,#748,.F.);
#748 = EDGE_CURVE('',#749,#738,#751,.T.);
#749 = VERTEX_POINT('',#750);
#750 = CARTESIAN_POINT('',(16.84181,-34.21811,87.));
#751 = CIRCLE('',#752,1.5);
#752 = AXIS2_PLACEMENT_3D('',#753,#754,#755);
#753 = CARTESIAN_POINT('',(15.34181,-34.21811,87.));
#754 = DIRECTION('',(0.,0.,1.));
#755 = DIRECTION('',(1.,0.,0.));
#756 = ORIENTED_EDGE('',*,*,#757,.F.);
#757 = EDGE_CURVE('',#740,#749,#758,.T.);
#758 = CIRCLE('',#759,1.5);
#759 = AXIS2_PLACEMENT_3D('',#760,#761,#762);
#760 = CARTESIAN_POINT('',(15.34181,-34.21811,87.));
#761 = DIRECTION('',(0.,0.,1.));
#762 = DIRECTION('',(1.,0.,0.));
#763 = FACE_BOUND('',#764,.T.);
#764 = EDGE_LOOP('',(#765,#776,#785));
#765 = ORIENTED_EDGE('',*,*,#766,.F.);
#766 = EDGE_CURVE('',#767,#769,#771,.T.);
#767 = VERTEX_POINT('',#768);
#768 = CARTESIAN_POINT('',(34.374395270426,-14.98836047713,87.));
#769 = VERTEX_POINT('',#770);
#770 = CARTESIAN_POINT('',(33.066571241528,-17.68761901243,87.));
#771 = CIRCLE('',#772,1.5);
#772 = AXIS2_PLACEMENT_3D('',#773,#774,#775);
#773 = CARTESIAN_POINT('',(33.74748,-16.35107,87.));
#774 = DIRECTION('',(0.,0.,1.));
#775 = DIRECTION('',(1.,0.,0.));
#776 = ORIENTED_EDGE('',*,*,#777,.F.);
#777 = EDGE_CURVE('',#778,#767,#780,.T.);
#778 = VERTEX_POINT('',#779);
#779 = CARTESIAN_POINT('',(35.24748,-16.35107,87.));
#780 = CIRCLE('',#781,1.5);
#781 = AXIS2_PLACEMENT_3D('',#782,#783,#784);
#782 = CARTESIAN_POINT('',(33.74748,-16.35107,87.));
#783 = DIRECTION('',(0.,0.,1.));
#784 = DIRECTION('',(1.,0.,0.));
#785 = ORIENTED_EDGE('',*,*,#786,.F.);
#786 = EDGE_CURVE('',#769,#778,#787,.T.);
#787 = CIRCLE('',#788,1.5);
#788 = AXIS2_PLACEMENT_3D('',#789,#790,#791);
#789 = CARTESIAN_POINT('',(33.74748,-16.35107,87.));
#790 = DIRECTION('',(0.,0.,1.));
#791 = DIRECTION('',(1.,0.,0.));
#792 = FACE_BOUND('',#793,.T.);
#793 = EDGE_LOOP('',(#794,#805,#814));
#794 = ORIENTED_EDGE('',*,*,#795,.F.);
#795 = EDGE_CURVE('',#796,#798,#800,.T.);
#796 = VERTEX_POINT('',#797);
#797 = CARTESIAN_POINT('',(35.966645356899,10.613690299375,87.));
#798 = VERTEX_POINT('',#799);
#799 = CARTESIAN_POINT('',(36.699844417012,7.705285184024,87.));
#800 = CIRCLE('',#801,1.5);
#801 = AXIS2_PLACEMENT_3D('',#802,#803,#804);
#802 = CARTESIAN_POINT('',(36.36233,9.16682,87.));
#803 = DIRECTION('',(0.,0.,1.));
#804 = DIRECTION('',(1.,0.,0.));
#805 = ORIENTED_EDGE('',*,*,#806,.F.);
#806 = EDGE_CURVE('',#807,#796,#809,.T.);
#807 = VERTEX_POINT('',#808);
#808 = CARTESIAN_POINT('',(37.86233,9.16682,87.));
#809 = CIRCLE('',#810,1.5);
#810 = AXIS2_PLACEMENT_3D('',#811,#812,#813);
#811 = CARTESIAN_POINT('',(36.36233,9.16682,87.));
#812 = DIRECTION('',(0.,0.,1.));
#813 = DIRECTION('',(1.,0.,0.));
#814 = ORIENTED_EDGE('',*,*,#815,.F.);
#815 = EDGE_CURVE('',#798,#807,#816,.T.);
#816 = CIRCLE('',#817,1.5);
#817 = AXIS2_PLACEMENT_3D('',#818,#819,#820);
#818 = CARTESIAN_POINT('',(36.36233,9.16682,87.));
#819 = DIRECTION('',(0.,0.,1.));
#820 = DIRECTION('',(1.,0.,0.));
#821 = FACE_BOUND('',#822,.T.);
#822 = EDGE_LOOP('',(#823,#834,#843));
#823 = ORIENTED_EDGE('',*,*,#824,.F.);
#824 = EDGE_CURVE('',#825,#827,#829,.T.);
#825 = VERTEX_POINT('',#826);
#826 = CARTESIAN_POINT('',(20.729703758297,31.249470108999,87.));
#827 = VERTEX_POINT('',#828);
#828 = CARTESIAN_POINT('',(23.160853173953,29.492793700404,87.));
#829 = CIRCLE('',#830,1.5);
#830 = AXIS2_PLACEMENT_3D('',#831,#832,#833);
#831 = CARTESIAN_POINT('',(21.96285,30.39545,87.));
#832 = DIRECTION('',(0.,0.,1.));
#833 = DIRECTION('',(1.,0.,0.));
#834 = ORIENTED_EDGE('',*,*,#835,.F.);
#835 = EDGE_CURVE('',#836,#825,#838,.T.);
#836 = VERTEX_POINT('',#837);
#837 = CARTESIAN_POINT('',(23.46285,30.39545,87.));
#838 = CIRCLE('',#839,1.5);
#839 = AXIS2_PLACEMENT_3D('',#840,#841,#842);
#840 = CARTESIAN_POINT('',(21.96285,30.39545,87.));
#841 = DIRECTION('',(0.,0.,1.));
#842 = DIRECTION('',(1.,0.,0.));
#843 = ORIENTED_EDGE('',*,*,#844,.F.);
#844 = EDGE_CURVE('',#827,#836,#845,.T.);
#845 = CIRCLE('',#846,1.5);
#846 = AXIS2_PLACEMENT_3D('',#847,#848,#849);
#847 = CARTESIAN_POINT('',(21.96285,30.39545,87.));
#848 = DIRECTION('',(0.,0.,1.));
#849 = DIRECTION('',(1.,0.,0.));
#850 = FACE_BOUND('',#851,.T.);
#851 = EDGE_LOOP('',(#852,#863,#872));
#852 = ORIENTED_EDGE('',*,*,#853,.F.);
#853 = EDGE_CURVE('',#854,#856,#858,.T.);
#854 = VERTEX_POINT('',#855);
#855 = CARTESIAN_POINT('',(-8.791598912819,-36.45487331696,87.));
#856 = VERTEX_POINT('',#857);
#857 = CARTESIAN_POINT('',(-8.74247,-36.07412,87.));
#858 = CIRCLE('',#859,1.5);
#859 = AXIS2_PLACEMENT_3D('',#860,#861,#862);
#860 = CARTESIAN_POINT('',(-10.24247,-36.07412,87.));
#861 = DIRECTION('',(0.,0.,1.));
#862 = DIRECTION('',(1.,0.,0.));
#863 = ORIENTED_EDGE('',*,*,#864,.F.);
#864 = EDGE_CURVE('',#865,#854,#867,.T.);
#865 = VERTEX_POINT('',#866);
#866 = CARTESIAN_POINT('',(-11.67695076836,-35.63563975507,87.));
#867 = CIRCLE('',#868,1.5);
#868 = AXIS2_PLACEMENT_3D('',#869,#870,#871);
#869 = CARTESIAN_POINT('',(-10.24247,-36.07412,87.));
#870 = DIRECTION('',(0.,0.,1.));
#871 = DIRECTION('',(1.,0.,0.));
#872 = ORIENTED_EDGE('',*,*,#873,.F.);
#873 = EDGE_CURVE('',#856,#865,#874,.T.);
#874 = CIRCLE('',#875,1.5);
#875 = AXIS2_PLACEMENT_3D('',#876,#877,#878);
#876 = CARTESIAN_POINT('',(-10.24247,-36.07412,87.));
#877 = DIRECTION('',(0.,0.,1.));
#878 = DIRECTION('',(1.,0.,0.));
#879 = FACE_BOUND('',#880,.T.);
#880 = EDGE_LOOP('',(#881,#892,#901));
#881 = ORIENTED_EDGE('',*,*,#882,.F.);
#882 = EDGE_CURVE('',#883,#885,#887,.T.);
#883 = VERTEX_POINT('',#884);
#884 = CARTESIAN_POINT('',(-4.206898678715,37.263279559199,87.));
#885 = VERTEX_POINT('',#886);
#886 = CARTESIAN_POINT('',(-1.2133,37.40171,87.));
#887 = CIRCLE('',#888,1.5);
#888 = AXIS2_PLACEMENT_3D('',#889,#890,#891);
#889 = CARTESIAN_POINT('',(-2.7133,37.40171,87.));
#890 = DIRECTION('',(0.,0.,1.));
#891 = DIRECTION('',(1.,0.,0.));
#892 = ORIENTED_EDGE('',*,*,#893,.F.);
#893 = EDGE_CURVE('',#894,#883,#896,.T.);
#894 = VERTEX_POINT('',#895);
#895 = CARTESIAN_POINT('',(-1.215360218869,37.480300152725,87.));
#896 = CIRCLE('',#897,1.5);
#897 = AXIS2_PLACEMENT_3D('',#898,#899,#900);
#898 = CARTESIAN_POINT('',(-2.7133,37.40171,87.));
#899 = DIRECTION('',(0.,0.,1.));
#900 = DIRECTION('',(1.,0.,0.));
#901 = ORIENTED_EDGE('',*,*,#902,.F.);
#902 = EDGE_CURVE('',#885,#894,#903,.T.);
#903 = CIRCLE('',#904,1.5);
#904 = AXIS2_PLACEMENT_3D('',#905,#906,#907);
#905 = CARTESIAN_POINT('',(-2.7133,37.40171,87.));
#906 = DIRECTION('',(0.,0.,1.));
#907 = DIRECTION('',(1.,0.,0.));
#908 = FACE_BOUND('',#909,.T.);
#909 = EDGE_LOOP('',(#910,#921,#930));
#910 = ORIENTED_EDGE('',*,*,#911,.F.);
#911 = EDGE_CURVE('',#912,#914,#916,.T.);
#912 = VERTEX_POINT('',#913);
#913 = CARTESIAN_POINT('',(-30.16749788021,-22.27492023885,87.));
#914 = VERTEX_POINT('',#915);
#915 = CARTESIAN_POINT('',(-29.53418,-21.05064,87.));
#916 = CIRCLE('',#917,1.5);
#917 = AXIS2_PLACEMENT_3D('',#918,#919,#920);
#918 = CARTESIAN_POINT('',(-31.03418,-21.05064,87.));
#919 = DIRECTION('',(0.,0.,1.));
#920 = DIRECTION('',(1.,0.,0.));
#921 = ORIENTED_EDGE('',*,*,#922,.F.);
#922 = EDGE_CURVE('',#923,#912,#925,.T.);
#923 = VERTEX_POINT('',#924);
#924 = CARTESIAN_POINT('',(-31.85121244038,-19.7926821345,87.));
#925 = CIRCLE('',#926,1.5);
#926 = AXIS2_PLACEMENT_3D('',#927,#928,#929);
#927 = CARTESIAN_POINT('',(-31.03418,-21.05064,87.));
#928 = DIRECTION('',(0.,0.,1.));
#929 = DIRECTION('',(1.,0.,0.));
#930 = ORIENTED_EDGE('',*,*,#931,.F.);
#931 = EDGE_CURVE('',#914,#923,#932,.T.);
#932 = CIRCLE('',#933,1.5);
#933 = AXIS2_PLACEMENT_3D('',#934,#935,#936);
#934 = CARTESIAN_POINT('',(-31.03418,-21.05064,87.));
#935 = DIRECTION('',(0.,0.,1.));
#936 = DIRECTION('',(1.,0.,0.));
#937 = FACE_BOUND('',#938,.T.);
#938 = EDGE_LOOP('',(#939,#950,#959));
#939 = ORIENTED_EDGE('',*,*,#940,.F.);
#940 = EDGE_CURVE('',#941,#943,#945,.T.);
#941 = VERTEX_POINT('',#942);
#942 = CARTESIAN_POINT('',(-27.1750468649,25.841184723039,87.));
#943 = VERTEX_POINT('',#944);
#944 = CARTESIAN_POINT('',(-24.61987,26.9073,87.));
#945 = CIRCLE('',#946,1.5);
#946 = AXIS2_PLACEMENT_3D('',#947,#948,#949);
#947 = CARTESIAN_POINT('',(-26.11987,26.9073,87.));
#948 = DIRECTION('',(0.,0.,1.));
#949 = DIRECTION('',(1.,0.,0.));
#950 = ORIENTED_EDGE('',*,*,#951,.F.);
#951 = EDGE_CURVE('',#952,#941,#954,.T.);
#952 = VERTEX_POINT('',#953);
#953 = CARTESIAN_POINT('',(-25.02289388626,27.930355915328,87.));
#954 = CIRCLE('',#955,1.5);
#955 = AXIS2_PLACEMENT_3D('',#956,#957,#958);
#956 = CARTESIAN_POINT('',(-26.11987,26.9073,87.));
#957 = DIRECTION('',(0.,0.,1.));
#958 = DIRECTION('',(1.,0.,0.));
#959 = ORIENTED_EDGE('',*,*,#960,.F.);
#960 = EDGE_CURVE('',#943,#952,#961,.T.);
#961 = CIRCLE('',#962,1.5);
#962 = AXIS2_PLACEMENT_3D('',#963,#964,#965);
#963 = CARTESIAN_POINT('',(-26.11987,26.9073,87.));
#964 = DIRECTION('',(0.,0.,1.));
#965 = DIRECTION('',(1.,0.,0.));
#966 = FACE_BOUND('',#967,.T.);
#967 = EDGE_LOOP('',(#968,#979,#988));
#968 = ORIENTED_EDGE('',*,*,#969,.F.);
#969 = EDGE_CURVE('',#970,#972,#974,.T.);
#970 = VERTEX_POINT('',#971);
#971 = CARTESIAN_POINT('',(-37.42768687773,2.327714540554,87.));
#972 = VERTEX_POINT('',#973);
#973 = CARTESIAN_POINT('',(-35.80465,3.82266,87.));
#974 = CIRCLE('',#975,1.5);
#975 = AXIS2_PLACEMENT_3D('',#976,#977,#978);
#976 = CARTESIAN_POINT('',(-37.30465,3.82266,87.));
#977 = DIRECTION('',(0.,0.,1.));
#978 = DIRECTION('',(1.,0.,0.));
#979 = ORIENTED_EDGE('',*,*,#980,.F.);
#980 = EDGE_CURVE('',#981,#970,#983,.T.);
#981 = VERTEX_POINT('',#982);
#982 = CARTESIAN_POINT('',(-37.12193518789,5.311490177501,87.));
#983 = CIRCLE('',#984,1.5);
#984 = AXIS2_PLACEMENT_3D('',#985,#986,#987);
#985 = CARTESIAN_POINT('',(-37.30465,3.82266,87.));
#986 = DIRECTION('',(0.,0.,1.));
#987 = DIRECTION('',(1.,0.,0.));
#988 = ORIENTED_EDGE('',*,*,#989,.F.);
#989 = EDGE_CURVE('',#972,#981,#990,.T.);
#990 = CIRCLE('',#991,1.5);
#991 = AXIS2_PLACEMENT_3D('',#992,#993,#994);
#992 = CARTESIAN_POINT('',(-37.30465,3.82266,87.));
#993 = DIRECTION('',(0.,0.,1.));
#994 = DIRECTION('',(1.,0.,0.));
#995 = PLANE('',#996);
#996 = AXIS2_PLACEMENT_3D('',#997,#998,#999);
#997 = CARTESIAN_POINT('',(0.140757833258,-4.679128781735E-03,87.));
#998 = DIRECTION('',(0.,0.,1.));
#999 = DIRECTION('',(1.,0.,0.));
#1000 = ADVANCED_FACE('',(#1001),#1020,.T.);
#1001 = FACE_BOUND('',#1002,.T.);
#1002 = EDGE_LOOP('',(#1003,#1012,#1018,#1019));
#1003 = ORIENTED_EDGE('',*,*,#1004,.F.);
#1004 = EDGE_CURVE('',#1005,#1005,#1007,.T.);
#1005 = VERTEX_POINT('',#1006);
#1006 = CARTESIAN_POINT('',(21.5,-5.265981236334E-15,89.));
#1007 = CIRCLE('',#1008,21.5);
#1008 = AXIS2_PLACEMENT_3D('',#1009,#1010,#1011);
#1009 = CARTESIAN_POINT('',(0.,0.,89.));
#1010 = DIRECTION('',(0.,0.,1.));
#1011 = DIRECTION('',(1.,0.,0.));
#1012 = ORIENTED_EDGE('',*,*,#1013,.F.);
#1013 = EDGE_CURVE('',#727,#1005,#1014,.T.);
#1014 = LINE('',#1015,#1016);
#1015 = CARTESIAN_POINT('',(21.5,-5.265981236334E-15,87.));
#1016 = VECTOR('',#1017,1.);
#1017 = DIRECTION('',(0.,0.,1.));
#1018 = ORIENTED_EDGE('',*,*,#726,.T.);
#1019 = ORIENTED_EDGE('',*,*,#1013,.T.);
#1020 = CYLINDRICAL_SURFACE('',#1021,21.5);
#1021 = AXIS2_PLACEMENT_3D('',#1022,#1023,#1024);
#1022 = CARTESIAN_POINT('',(0.,0.,87.));
#1023 = DIRECTION('',(0.,0.,1.));
#1024 = DIRECTION('',(1.,0.,0.));
#1025 = ADVANCED_FACE('',(#1026,#1029),#1040,.T.);
#1026 = FACE_BOUND('',#1027,.T.);
#1027 = EDGE_LOOP('',(#1028));
#1028 = ORIENTED_EDGE('',*,*,#1004,.T.);
#1029 = FACE_BOUND('',#1030,.T.);
#1030 = EDGE_LOOP('',(#1031));
#1031 = ORIENTED_EDGE('',*,*,#1032,.F.);
#1032 = EDGE_CURVE('',#1033,#1033,#1035,.T.);
#1033 = VERTEX_POINT('',#1034);
#1034 = CARTESIAN_POINT('',(16.25,-3.980102097229E-15,89.));
#1035 = CIRCLE('',#1036,16.25);
#1036 = AXIS2_PLACEMENT_3D('',#1037,#1038,#1039);
#1037 = CARTESIAN_POINT('',(0.,0.,89.));
#1038 = DIRECTION('',(0.,0.,1.));
#1039 = DIRECTION('',(1.,0.,0.));
#1040 = PLANE('',#1041);
#1041 = AXIS2_PLACEMENT_3D('',#1042,#1043,#1044);
#1042 = CARTESIAN_POINT('',(0.,0.,89.));
#1043 = DIRECTION('',(0.,0.,1.));
#1044 = DIRECTION('',(1.,0.,0.));
#1045 = ADVANCED_FACE('',(#1046),#1065,.F.);
#1046 = FACE_BOUND('',#1047,.F.);
#1047 = EDGE_LOOP('',(#1048,#1049,#1057,#1064));
#1048 = ORIENTED_EDGE('',*,*,#1032,.F.);
#1049 = ORIENTED_EDGE('',*,*,#1050,.F.);
#1050 = EDGE_CURVE('',#1051,#1033,#1053,.T.);
#1051 = VERTEX_POINT('',#1052);
#1052 = CARTESIAN_POINT('',(16.25,-3.980102097229E-15,82.));
#1053 = LINE('',#1054,#1055);
#1054 = CARTESIAN_POINT('',(16.25,-3.980102097229E-15,82.));
#1055 = VECTOR('',#1056,1.);
#1056 = DIRECTION('',(0.,0.,1.));
#1057 = ORIENTED_EDGE('',*,*,#1058,.T.);
#1058 = EDGE_CURVE('',#1051,#1051,#1059,.T.);
#1059 = CIRCLE('',#1060,16.25);
#1060 = AXIS2_PLACEMENT_3D('',#1061,#1062,#1063);
#1061 = CARTESIAN_POINT('',(0.,0.,82.));
#1062 = DIRECTION('',(0.,0.,1.));
#1063 = DIRECTION('',(1.,0.,0.));
#1064 = ORIENTED_EDGE('',*,*,#1050,.T.);
#1065 = CYLINDRICAL_SURFACE('',#1066,16.25);
#1066 = AXIS2_PLACEMENT_3D('',#1067,#1068,#1069);
#1067 = CARTESIAN_POINT('',(0.,0.,82.));
#1068 = DIRECTION('',(0.,0.,1.));
#1069 = DIRECTION('',(1.,0.,0.));
#1070 = ADVANCED_FACE('',(#1071),#1074,.T.);
#1071 = FACE_BOUND('',#1072,.F.);
#1072 = EDGE_LOOP('',(#1073));
#1073 = ORIENTED_EDGE('',*,*,#1058,.F.);
#1074 = PLANE('',#1075);
#1075 = AXIS2_PLACEMENT_3D('',#1076,#1077,#1078);
#1076 = CARTESIAN_POINT('',(0.,0.,82.));
#1077 = DIRECTION('',(0.,0.,1.));
#1078 = DIRECTION('',(1.,0.,0.));
#1079 = ADVANCED_FACE('',(#1080),#1101,.F.);
#1080 = FACE_BOUND('',#1081,.F.);
#1081 = EDGE_LOOP('',(#1082,#1090,#1091,#1092,#1093,#1094));
#1082 = ORIENTED_EDGE('',*,*,#1083,.T.);
#1083 = EDGE_CURVE('',#1084,#749,#1086,.T.);
#1084 = VERTEX_POINT('',#1085);
#1085 = CARTESIAN_POINT('',(16.84181,-34.21811,79.));
#1086 = LINE('',#1087,#1088);
#1087 = CARTESIAN_POINT('',(16.84181,-34.21811,79.));
#1088 = VECTOR('',#1089,1.);
#1089 = DIRECTION('',(0.,0.,1.));
#1090 = ORIENTED_EDGE('',*,*,#757,.F.);
#1091 = ORIENTED_EDGE('',*,*,#737,.F.);
#1092 = ORIENTED_EDGE('',*,*,#748,.F.);
#1093 = ORIENTED_EDGE('',*,*,#1083,.F.);
#1094 = ORIENTED_EDGE('',*,*,#1095,.T.);
#1095 = EDGE_CURVE('',#1084,#1084,#1096,.T.);
#1096 = CIRCLE('',#1097,1.5);
#1097 = AXIS2_PLACEMENT_3D('',#1098,#1099,#1100);
#1098 = CARTESIAN_POINT('',(15.34181,-34.21811,79.));
#1099 = DIRECTION('',(0.,0.,1.));
#1100 = DIRECTION('',(1.,0.,0.));
#1101 = CYLINDRICAL_SURFACE('',#1102,1.5);
#1102 = AXIS2_PLACEMENT_3D('',#1103,#1104,#1105);
#1103 = CARTESIAN_POINT('',(15.34181,-34.21811,79.));
#1104 = DIRECTION('',(0.,0.,1.));
#1105 = DIRECTION('',(1.,0.,0.));
#1106 = ADVANCED_FACE('',(#1107),#1110,.T.);
#1107 = FACE_BOUND('',#1108,.F.);
#1108 = EDGE_LOOP('',(#1109));
#1109 = ORIENTED_EDGE('',*,*,#1095,.F.);
#1110 = PLANE('',#1111);
#1111 = AXIS2_PLACEMENT_3D('',#1112,#1113,#1114);
#1112 = CARTESIAN_POINT('',(15.34181,-34.21811,79.));
#1113 = DIRECTION('',(0.,0.,1.));
#1114 = DIRECTION('',(1.,0.,0.));
#1115 = ADVANCED_FACE('',(#1116),#1137,.F.);
#1116 = FACE_BOUND('',#1117,.F.);
#1117 = EDGE_LOOP('',(#1118,#1126,#1127,#1128,#1129,#1130));
#1118 = ORIENTED_EDGE('',*,*,#1119,.T.);
#1119 = EDGE_CURVE('',#1120,#778,#1122,.T.);
#1120 = VERTEX_POINT('',#1121);
#1121 = CARTESIAN_POINT('',(35.24748,-16.35107,79.));
#1122 = LINE('',#1123,#1124);
#1123 = CARTESIAN_POINT('',(35.24748,-16.35107,79.));
#1124 = VECTOR('',#1125,1.);
#1125 = DIRECTION('',(0.,0.,1.));
#1126 = ORIENTED_EDGE('',*,*,#786,.F.);
#1127 = ORIENTED_EDGE('',*,*,#766,.F.);
#1128 = ORIENTED_EDGE('',*,*,#777,.F.);
#1129 = ORIENTED_EDGE('',*,*,#1119,.F.);
#1130 = ORIENTED_EDGE('',*,*,#1131,.T.);
#1131 = EDGE_CURVE('',#1120,#1120,#1132,.T.);
#1132 = CIRCLE('',#1133,1.5);
#1133 = AXIS2_PLACEMENT_3D('',#1134,#1135,#1136);
#1134 = CARTESIAN_POINT('',(33.74748,-16.35107,79.));
#1135 = DIRECTION('',(0.,0.,1.));
#1136 = DIRECTION('',(1.,0.,0.));
#1137 = CYLINDRICAL_SURFACE('',#1138,1.5);
#1138 = AXIS2_PLACEMENT_3D('',#1139,#1140,#1141);
#1139 = CARTESIAN_POINT('',(33.74748,-16.35107,79.));
#1140 = DIRECTION('',(0.,0.,1.));
#1141 = DIRECTION('',(1.,0.,0.));
#1142 = ADVANCED_FACE('',(#1143),#1146,.T.);
#1143 = FACE_BOUND('',#1144,.F.);
#1144 = EDGE_LOOP('',(#1145));
#1145 = ORIENTED_EDGE('',*,*,#1131,.F.);
#1146 = PLANE('',#1147);
#1147 = AXIS2_PLACEMENT_3D('',#1148,#1149,#1150);
#1148 = CARTESIAN_POINT('',(33.74748,-16.35107,79.));
#1149 = DIRECTION('',(0.,0.,1.));
#1150 = DIRECTION('',(1.,0.,0.));
#1151 = ADVANCED_FACE('',(#1152),#1173,.F.);
#1152 = FACE_BOUND('',#1153,.F.);
#1153 = EDGE_LOOP('',(#1154,#1162,#1163,#1164,#1165,#1166));
#1154 = ORIENTED_EDGE('',*,*,#1155,.T.);
#1155 = EDGE_CURVE('',#1156,#807,#1158,.T.);
#1156 = VERTEX_POINT('',#1157);
#1157 = CARTESIAN_POINT('',(37.86233,9.16682,79.));
#1158 = LINE('',#1159,#1160);
#1159 = CARTESIAN_POINT('',(37.86233,9.16682,79.));
#1160 = VECTOR('',#1161,1.);
#1161 = DIRECTION('',(0.,0.,1.));
#1162 = ORIENTED_EDGE('',*,*,#815,.F.);
#1163 = ORIENTED_EDGE('',*,*,#795,.F.);
#1164 = ORIENTED_EDGE('',*,*,#806,.F.);
#1165 = ORIENTED_EDGE('',*,*,#1155,.F.);
#1166 = ORIENTED_EDGE('',*,*,#1167,.T.);
#1167 = EDGE_CURVE('',#1156,#1156,#1168,.T.);
#1168 = CIRCLE('',#1169,1.5);
#1169 = AXIS2_PLACEMENT_3D('',#1170,#1171,#1172);
#1170 = CARTESIAN_POINT('',(36.36233,9.16682,79.));
#1171 = DIRECTION('',(0.,0.,1.));
#1172 = DIRECTION('',(1.,0.,0.));
#1173 = CYLINDRICAL_SURFACE('',#1174,1.5);
#1174 = AXIS2_PLACEMENT_3D('',#1175,#1176,#1177);
#1175 = CARTESIAN_POINT('',(36.36233,9.16682,79.));
#1176 = DIRECTION('',(0.,0.,1.));
#1177 = DIRECTION('',(1.,0.,0.));
#1178 = ADVANCED_FACE('',(#1179),#1182,.T.);
#1179 = FACE_BOUND('',#1180,.F.);
#1180 = EDGE_LOOP('',(#1181));
#1181 = ORIENTED_EDGE('',*,*,#1167,.F.);
#1182 = PLANE('',#1183);
#1183 = AXIS2_PLACEMENT_3D('',#1184,#1185,#1186);
#1184 = CARTESIAN_POINT('',(36.36233,9.16682,79.));
#1185 = DIRECTION('',(0.,0.,1.));
#1186 = DIRECTION('',(1.,0.,0.));
#1187 = ADVANCED_FACE('',(#1188),#1209,.F.);
#1188 = FACE_BOUND('',#1189,.F.);
#1189 = EDGE_LOOP('',(#1190,#1198,#1199,#1200,#1201,#1202));
#1190 = ORIENTED_EDGE('',*,*,#1191,.T.);
#1191 = EDGE_CURVE('',#1192,#836,#1194,.T.);
#1192 = VERTEX_POINT('',#1193);
#1193 = CARTESIAN_POINT('',(23.46285,30.39545,79.));
#1194 = LINE('',#1195,#1196);
#1195 = CARTESIAN_POINT('',(23.46285,30.39545,79.));
#1196 = VECTOR('',#1197,1.);
#1197 = DIRECTION('',(0.,0.,1.));
#1198 = ORIENTED_EDGE('',*,*,#844,.F.);
#1199 = ORIENTED_EDGE('',*,*,#824,.F.);
#1200 = ORIENTED_EDGE('',*,*,#835,.F.);
#1201 = ORIENTED_EDGE('',*,*,#1191,.F.);
#1202 = ORIENTED_EDGE('',*,*,#1203,.T.);
#1203 = EDGE_CURVE('',#1192,#1192,#1204,.T.);
#1204 = CIRCLE('',#1205,1.5);
#1205 = AXIS2_PLACEMENT_3D('',#1206,#1207,#1208);
#1206 = CARTESIAN_POINT('',(21.96285,30.39545,79.));
#1207 = DIRECTION('',(0.,0.,1.));
#1208 = DIRECTION('',(1.,0.,0.));
#1209 = CYLINDRICAL_SURFACE('',#1210,1.5);
#1210 = AXIS2_PLACEMENT_3D('',#1211,#1212,#1213);
#1211 = CARTESIAN_POINT('',(21.96285,30.39545,79.));
#1212 = DIRECTION('',(0.,0.,1.));
#1213 = DIRECTION('',(1.,0.,0.));
#1214 = ADVANCED_FACE('',(#1215),#1218,.T.);
#1215 = FACE_BOUND('',#1216,.F.);
#1216 = EDGE_LOOP('',(#1217));
#1217 = ORIENTED_EDGE('',*,*,#1203,.F.);
#1218 = PLANE('',#1219);
#1219 = AXIS2_PLACEMENT_3D('',#1220,#1221,#1222);
#1220 = CARTESIAN_POINT('',(21.96285,30.39545,79.));
#1221 = DIRECTION('',(0.,0.,1.));
#1222 = DIRECTION('',(1.,0.,0.));
#1223 = ADVANCED_FACE('',(#1224),#1245,.F.);
#1224 = FACE_BOUND('',#1225,.F.);
#1225 = EDGE_LOOP('',(#1226,#1234,#1235,#1236,#1237,#1238));
#1226 = ORIENTED_EDGE('',*,*,#1227,.T.);
#1227 = EDGE_CURVE('',#1228,#856,#1230,.T.);
#1228 = VERTEX_POINT('',#1229);
#1229 = CARTESIAN_POINT('',(-8.74247,-36.07412,79.));
#1230 = LINE('',#1231,#1232);
#1231 = CARTESIAN_POINT('',(-8.74247,-36.07412,79.));
#1232 = VECTOR('',#1233,1.);
#1233 = DIRECTION('',(0.,0.,1.));
#1234 = ORIENTED_EDGE('',*,*,#853,.F.);
#1235 = ORIENTED_EDGE('',*,*,#864,.F.);
#1236 = ORIENTED_EDGE('',*,*,#873,.F.);
#1237 = ORIENTED_EDGE('',*,*,#1227,.F.);
#1238 = ORIENTED_EDGE('',*,*,#1239,.T.);
#1239 = EDGE_CURVE('',#1228,#1228,#1240,.T.);
#1240 = CIRCLE('',#1241,1.5);
#1241 = AXIS2_PLACEMENT_3D('',#1242,#1243,#1244);
#1242 = CARTESIAN_POINT('',(-10.24247,-36.07412,79.));
#1243 = DIRECTION('',(0.,0.,1.));
#1244 = DIRECTION('',(1.,0.,0.));
#1245 = CYLINDRICAL_SURFACE('',#1246,1.5);
#1246 = AXIS2_PLACEMENT_3D('',#1247,#1248,#1249);
#1247 = CARTESIAN_POINT('',(-10.24247,-36.07412,79.));
#1248 = DIRECTION('',(0.,0.,1.));
#1249 = DIRECTION('',(1.,0.,0.));
#1250 = ADVANCED_FACE('',(#1251),#1254,.T.);
#1251 = FACE_BOUND('',#1252,.F.);
#1252 = EDGE_LOOP('',(#1253));
#1253 = ORIENTED_EDGE('',*,*,#1239,.F.);
#1254 = PLANE('',#1255);
#1255 = AXIS2_PLACEMENT_3D('',#1256,#1257,#1258);
#1256 = CARTESIAN_POINT('',(-10.24247,-36.07412,79.));
#1257 = DIRECTION('',(0.,0.,1.));
#1258 = DIRECTION('',(1.,0.,0.));
#1259 = ADVANCED_FACE('',(#1260),#1281,.F.);
#1260 = FACE_BOUND('',#1261,.F.);
#1261 = EDGE_LOOP('',(#1262,#1270,#1271,#1272,#1273,#1274));
#1262 = ORIENTED_EDGE('',*,*,#1263,.T.);
#1263 = EDGE_CURVE('',#1264,#885,#1266,.T.);
#1264 = VERTEX_POINT('',#1265);
#1265 = CARTESIAN_POINT('',(-1.2133,37.40171,79.));
#1266 = LINE('',#1267,#1268);
#1267 = CARTESIAN_POINT('',(-1.2133,37.40171,79.));
#1268 = VECTOR('',#1269,1.);
#1269 = DIRECTION('',(0.,0.,1.));
#1270 = ORIENTED_EDGE('',*,*,#882,.F.);
#1271 = ORIENTED_EDGE('',*,*,#893,.F.);
#1272 = ORIENTED_EDGE('',*,*,#902,.F.);
#1273 = ORIENTED_EDGE('',*,*,#1263,.F.);
#1274 = ORIENTED_EDGE('',*,*,#1275,.T.);
#1275 = EDGE_CURVE('',#1264,#1264,#1276,.T.);
#1276 = CIRCLE('',#1277,1.5);
#1277 = AXIS2_PLACEMENT_3D('',#1278,#1279,#1280);
#1278 = CARTESIAN_POINT('',(-2.7133,37.40171,79.));
#1279 = DIRECTION('',(0.,0.,1.));
#1280 = DIRECTION('',(1.,0.,0.));
#1281 = CYLINDRICAL_SURFACE('',#1282,1.5);
#1282 = AXIS2_PLACEMENT_3D('',#1283,#1284,#1285);
#1283 = CARTESIAN_POINT('',(-2.7133,37.40171,79.));
#1284 = DIRECTION('',(0.,0.,1.));
#1285 = DIRECTION('',(1.,0.,0.));
#1286 = ADVANCED_FACE('',(#1287),#1290,.T.);
#1287 = FACE_BOUND('',#1288,.F.);
#1288 = EDGE_LOOP('',(#1289));
#1289 = ORIENTED_EDGE('',*,*,#1275,.F.);
#1290 = PLANE('',#1291);
#1291 = AXIS2_PLACEMENT_3D('',#1292,#1293,#1294);
#1292 = CARTESIAN_POINT('',(-2.7133,37.40171,79.));
#1293 = DIRECTION('',(0.,0.,1.));
#1294 = DIRECTION('',(1.,0.,0.));
#1295 = ADVANCED_FACE('',(#1296),#1317,.F.);
#1296 = FACE_BOUND('',#1297,.F.);
#1297 = EDGE_LOOP('',(#1298,#1306,#1307,#1308,#1309,#1310));
#1298 = ORIENTED_EDGE('',*,*,#1299,.T.);
#1299 = EDGE_CURVE('',#1300,#914,#1302,.T.);
#1300 = VERTEX_POINT('',#1301);
#1301 = CARTESIAN_POINT('',(-29.53418,-21.05064,79.));
#1302 = LINE('',#1303,#1304);
#1303 = CARTESIAN_POINT('',(-29.53418,-21.05064,79.));
#1304 = VECTOR('',#1305,1.);
#1305 = DIRECTION('',(0.,0.,1.));
#1306 = ORIENTED_EDGE('',*,*,#911,.F.);
#1307 = ORIENTED_EDGE('',*,*,#922,.F.);
#1308 = ORIENTED_EDGE('',*,*,#931,.F.);
#1309 = ORIENTED_EDGE('',*,*,#1299,.F.);
#1310 = ORIENTED_EDGE('',*,*,#1311,.T.);
#1311 = EDGE_CURVE('',#1300,#1300,#1312,.T.);
#1312 = CIRCLE('',#1313,1.5);
#1313 = AXIS2_PLACEMENT_3D('',#1314,#1315,#1316);
#1314 = CARTESIAN_POINT('',(-31.03418,-21.05064,79.));
#1315 = DIRECTION('',(0.,0.,1.));
#1316 = DIRECTION('',(1.,0.,0.));
#1317 = CYLINDRICAL_SURFACE('',#1318,1.5);
#1318 = AXIS2_PLACEMENT_3D('',#1319,#1320,#1321);
#1319 = CARTESIAN_POINT('',(-31.03418,-21.05064,79.));
#1320 = DIRECTION('',(0.,0.,1.));
#1321 = DIRECTION('',(1.,0.,0.));
#1322 = ADVANCED_FACE('',(#1323),#1326,.T.);
#1323 = FACE_BOUND('',#1324,.F.);
#1324 = EDGE_LOOP('',(#1325));
#1325 = ORIENTED_EDGE('',*,*,#1311,.F.);
#1326 = PLANE('',#1327);
#1327 = AXIS2_PLACEMENT_3D('',#1328,#1329,#1330);
#1328 = CARTESIAN_POINT('',(-31.03418,-21.05064,79.));
#1329 = DIRECTION('',(0.,0.,1.));
#1330 = DIRECTION('',(1.,0.,0.));
#1331 = ADVANCED_FACE('',(#1332),#1353,.F.);
#1332 = FACE_BOUND('',#1333,.F.);
#1333 = EDGE_LOOP('',(#1334,#1342,#1343,#1344,#1345,#1346));
#1334 = ORIENTED_EDGE('',*,*,#1335,.T.);
#1335 = EDGE_CURVE('',#1336,#943,#1338,.T.);
#1336 = VERTEX_POINT('',#1337);
#1337 = CARTESIAN_POINT('',(-24.61987,26.9073,79.));
#1338 = LINE('',#1339,#1340);
#1339 = CARTESIAN_POINT('',(-24.61987,26.9073,79.));
#1340 = VECTOR('',#1341,1.);
#1341 = DIRECTION('',(0.,0.,1.));
#1342 = ORIENTED_EDGE('',*,*,#940,.F.);
#1343 = ORIENTED_EDGE('',*,*,#951,.F.);
#1344 = ORIENTED_EDGE('',*,*,#960,.F.);
#1345 = ORIENTED_EDGE('',*,*,#1335,.F.);
#1346 = ORIENTED_EDGE('',*,*,#1347,.T.);
#1347 = EDGE_CURVE('',#1336,#1336,#1348,.T.);
#1348 = CIRCLE('',#1349,1.5);
#1349 = AXIS2_PLACEMENT_3D('',#1350,#1351,#1352);
#1350 = CARTESIAN_POINT('',(-26.11987,26.9073,79.));
#1351 = DIRECTION('',(0.,0.,1.));
#1352 = DIRECTION('',(1.,0.,0.));
#1353 = CYLINDRICAL_SURFACE('',#1354,1.5);
#1354 = AXIS2_PLACEMENT_3D('',#1355,#1356,#1357);
#1355 = CARTESIAN_POINT('',(-26.11987,26.9073,79.));
#1356 = DIRECTION('',(0.,0.,1.));
#1357 = DIRECTION('',(1.,0.,0.));
#1358 = ADVANCED_FACE('',(#1359),#1362,.T.);
#1359 = FACE_BOUND('',#1360,.F.);
#1360 = EDGE_LOOP('',(#1361));
#1361 = ORIENTED_EDGE('',*,*,#1347,.F.);
#1362 = PLANE('',#1363);
#1363 = AXIS2_PLACEMENT_3D('',#1364,#1365,#1366);
#1364 = CARTESIAN_POINT('',(-26.11987,26.9073,79.));
#1365 = DIRECTION('',(0.,0.,1.));
#1366 = DIRECTION('',(1.,0.,0.));
#1367 = ADVANCED_FACE('',(#1368),#1389,.F.);
#1368 = FACE_BOUND('',#1369,.F.);
#1369 = EDGE_LOOP('',(#1370,#1378,#1379,#1380,#1381,#1382));
#1370 = ORIENTED_EDGE('',*,*,#1371,.T.);
#1371 = EDGE_CURVE('',#1372,#972,#1374,.T.);
#1372 = VERTEX_POINT('',#1373);
#1373 = CARTESIAN_POINT('',(-35.80465,3.82266,79.));
#1374 = LINE('',#1375,#1376);
#1375 = CARTESIAN_POINT('',(-35.80465,3.82266,79.));
#1376 = VECTOR('',#1377,1.);
#1377 = DIRECTION('',(0.,0.,1.));
#1378 = ORIENTED_EDGE('',*,*,#969,.F.);
#1379 = ORIENTED_EDGE('',*,*,#980,.F.);
#1380 = ORIENTED_EDGE('',*,*,#989,.F.);
#1381 = ORIENTED_EDGE('',*,*,#1371,.F.);
#1382 = ORIENTED_EDGE('',*,*,#1383,.T.);
#1383 = EDGE_CURVE('',#1372,#1372,#1384,.T.);
#1384 = CIRCLE('',#1385,1.5);
#1385 = AXIS2_PLACEMENT_3D('',#1386,#1387,#1388);
#1386 = CARTESIAN_POINT('',(-37.30465,3.82266,79.));
#1387 = DIRECTION('',(0.,0.,1.));
#1388 = DIRECTION('',(1.,0.,0.));
#1389 = CYLINDRICAL_SURFACE('',#1390,1.5);
#1390 = AXIS2_PLACEMENT_3D('',#1391,#1392,#1393);
#1391 = CARTESIAN_POINT('',(-37.30465,3.82266,79.));
#1392 = DIRECTION('',(0.,0.,1.));
#1393 = DIRECTION('',(1.,0.,0.));
#1394 = ADVANCED_FACE('',(#1395),#1398,.T.);
#1395 = FACE_BOUND('',#1396,.F.);
#1396 = EDGE_LOOP('',(#1397));
#1397 = ORIENTED_EDGE('',*,*,#1383,.F.);
#1398 = PLANE('',#1399);
#1399 = AXIS2_PLACEMENT_3D('',#1400,#1401,#1402);
#1400 = CARTESIAN_POINT('',(-37.30465,3.82266,79.));
#1401 = DIRECTION('',(0.,0.,1.));
#1402 = DIRECTION('',(1.,0.,0.));
#1403 = ADVANCED_FACE('',(#1404),#1422,.T.);
#1404 = FACE_BOUND('',#1405,.T.);
#1405 = EDGE_LOOP('',(#1406,#1407,#1413,#1414,#1415,#1421));
#1406 = ORIENTED_EDGE('',*,*,#253,.T.);
#1407 = ORIENTED_EDGE('',*,*,#1408,.T.);
#1408 = EDGE_CURVE('',#245,#639,#1409,.T.);
#1409 = LINE('',#1410,#1411);
#1410 = CARTESIAN_POINT('',(36.978734104537,6.23082851842,62.));
#1411 = VECTOR('',#1412,1.);
#1412 = DIRECTION('',(0.,0.,1.));
#1413 = ORIENTED_EDGE('',*,*,#638,.F.);
#1414 = ORIENTED_EDGE('',*,*,#627,.F.);
#1415 = ORIENTED_EDGE('',*,*,#1416,.F.);
#1416 = EDGE_CURVE('',#64,#628,#1417,.T.);
#1417 = LINE('',#1418,#1419);
#1418 = CARTESIAN_POINT('',(34.946528082726,-13.6011093284,62.));
#1419 = VECTOR('',#1420,1.);
#1420 = DIRECTION('',(0.,0.,1.));
#1421 = ORIENTED_EDGE('',*,*,#63,.T.);
#1422 = CYLINDRICAL_SURFACE('',#1423,37.5);
#1423 = AXIS2_PLACEMENT_3D('',#1424,#1425,#1426);
#1424 = CARTESIAN_POINT('',(0.,0.,62.));
#1425 = DIRECTION('',(0.,0.,1.));
#1426 = DIRECTION('',(1.,0.,0.));
#1427 = ADVANCED_FACE('',(#1428),#1436,.T.);
#1428 = FACE_BOUND('',#1429,.T.);
#1429 = EDGE_LOOP('',(#1430,#1431,#1432,#1433,#1434,#1435));
#1430 = ORIENTED_EDGE('',*,*,#708,.F.);
#1431 = ORIENTED_EDGE('',*,*,#21,.F.);
#1432 = ORIENTED_EDGE('',*,*,#83,.T.);
#1433 = ORIENTED_EDGE('',*,*,#74,.T.);
#1434 = ORIENTED_EDGE('',*,*,#1416,.T.);
#1435 = ORIENTED_EDGE('',*,*,#717,.F.);
#1436 = CYLINDRICAL_SURFACE('',#1437,3.);
#1437 = AXIS2_PLACEMENT_3D('',#1438,#1439,#1440);
#1438 = CARTESIAN_POINT('',(33.74748,-16.35107,62.));
#1439 = DIRECTION('',(0.,0.,1.));
#1440 = DIRECTION('',(1.,0.,0.));
#1441 = ADVANCED_FACE('',(#1442),#1450,.T.);
#1442 = FACE_BOUND('',#1443,.T.);
#1443 = EDGE_LOOP('',(#1444,#1445,#1446,#1447,#1448,#1449));
#1444 = ORIENTED_EDGE('',*,*,#235,.T.);
#1445 = ORIENTED_EDGE('',*,*,#572,.T.);
#1446 = ORIENTED_EDGE('',*,*,#656,.F.);
#1447 = ORIENTED_EDGE('',*,*,#647,.F.);
#1448 = ORIENTED_EDGE('',*,*,#1408,.F.);
#1449 = ORIENTED_EDGE('',*,*,#244,.T.);
#1450 = CYLINDRICAL_SURFACE('',#1451,3.);
#1451 = AXIS2_PLACEMENT_3D('',#1452,#1453,#1454);
#1452 = CARTESIAN_POINT('',(36.36233,9.16682,62.));
#1453 = DIRECTION('',(0.,0.,1.));
#1454 = DIRECTION('',(1.,0.,0.));
#1455 = ADVANCED_FACE('',(#1456),#1464,.T.);
#1456 = FACE_BOUND('',#1457,.T.);
#1457 = EDGE_LOOP('',(#1458,#1459,#1460,#1461,#1462,#1463));
#1458 = ORIENTED_EDGE('',*,*,#691,.F.);
#1459 = ORIENTED_EDGE('',*,*,#279,.F.);
#1460 = ORIENTED_EDGE('',*,*,#100,.T.);
#1461 = ORIENTED_EDGE('',*,*,#91,.T.);
#1462 = ORIENTED_EDGE('',*,*,#40,.T.);
#1463 = ORIENTED_EDGE('',*,*,#700,.F.);
#1464 = CYLINDRICAL_SURFACE('',#1465,3.);
#1465 = AXIS2_PLACEMENT_3D('',#1466,#1467,#1468);
#1466 = CARTESIAN_POINT('',(15.34181,-34.21811,62.));
#1467 = DIRECTION('',(0.,0.,1.));
#1468 = DIRECTION('',(1.,0.,0.));
#1469 = ADVANCED_FACE('',(#1470),#1478,.T.);
#1470 = FACE_BOUND('',#1471,.T.);
#1471 = EDGE_LOOP('',(#1472,#1473,#1474,#1475,#1476,#1477));
#1472 = ORIENTED_EDGE('',*,*,#664,.F.);
#1473 = ORIENTED_EDGE('',*,*,#579,.F.);
#1474 = ORIENTED_EDGE('',*,*,#217,.T.);
#1475 = ORIENTED_EDGE('',*,*,#208,.T.);
#1476 = ORIENTED_EDGE('',*,*,#545,.T.);
#1477 = ORIENTED_EDGE('',*,*,#673,.F.);
#1478 = CYLINDRICAL_SURFACE('',#1479,3.);
#1479 = AXIS2_PLACEMENT_3D('',#1480,#1481,#1482);
#1480 = CARTESIAN_POINT('',(21.96285,30.39545,62.));
#1481 = DIRECTION('',(0.,0.,1.));
#1482 = DIRECTION('',(1.,0.,0.));
#1483 = MANIFOLD_SOLID_BREP('',#1484);
#1484 = CLOSED_SHELL('',(#1485,#1518,#1604,#1624,#1649,#1674,#1699,#1724
    ,#1749,#1766,#1791,#1800,#1809,#1818,#1827,#1836));
#1485 = ADVANCED_FACE('',(#1486),#1513,.T.);
#1486 = FACE_BOUND('',#1487,.T.);
#1487 = EDGE_LOOP('',(#1488,#1497,#1505,#1512));
#1488 = ORIENTED_EDGE('',*,*,#1489,.F.);
#1489 = EDGE_CURVE('',#1490,#1490,#1492,.T.);
#1490 = VERTEX_POINT('',#1491);
#1491 = CARTESIAN_POINT('',(16.,-3.918869757272E-15,90.));
#1492 = CIRCLE('',#1493,16.);
#1493 = AXIS2_PLACEMENT_3D('',#1494,#1495,#1496);
#1494 = CARTESIAN_POINT('',(0.,0.,90.));
#1495 = DIRECTION('',(0.,0.,1.));
#1496 = DIRECTION('',(1.,0.,0.));
#1497 = ORIENTED_EDGE('',*,*,#1498,.F.);
#1498 = EDGE_CURVE('',#1499,#1490,#1501,.T.);
#1499 = VERTEX_POINT('',#1500);
#1500 = CARTESIAN_POINT('',(16.,-3.918869757272E-15,82.));
#1501 = LINE('',#1502,#1503);
#1502 = CARTESIAN_POINT('',(16.,-3.918869757272E-15,82.));
#1503 = VECTOR('',#1504,1.);
#1504 = DIRECTION('',(0.,0.,1.));
#1505 = ORIENTED_EDGE('',*,*,#1506,.T.);
#1506 = EDGE_CURVE('',#1499,#1499,#1507,.T.);
#1507 = CIRCLE('',#1508,16.);
#1508 = AXIS2_PLACEMENT_3D('',#1509,#1510,#1511);
#1509 = CARTESIAN_POINT('',(0.,0.,82.));
#1510 = DIRECTION('',(0.,0.,1.));
#1511 = DIRECTION('',(1.,0.,0.));
#1512 = ORIENTED_EDGE('',*,*,#1498,.T.);
#1513 = CYLINDRICAL_SURFACE('',#1514,16.);
#1514 = AXIS2_PLACEMENT_3D('',#1515,#1516,#1517);
#1515 = CARTESIAN_POINT('',(0.,0.,82.));
#1516 = DIRECTION('',(0.,0.,1.));
#1517 = DIRECTION('',(1.,0.,0.));
#1518 = ADVANCED_FACE('',(#1519,#1522,#1533,#1544,#1555,#1566,#1577,
    #1588),#1599,.T.);
#1519 = FACE_BOUND('',#1520,.T.);
#1520 = EDGE_LOOP('',(#1521));
#1521 = ORIENTED_EDGE('',*,*,#1489,.T.);
#1522 = FACE_BOUND('',#1523,.T.);
#1523 = EDGE_LOOP('',(#1524));
#1524 = ORIENTED_EDGE('',*,*,#1525,.F.);
#1525 = EDGE_CURVE('',#1526,#1526,#1528,.T.);
#1526 = VERTEX_POINT('',#1527);
#1527 = CARTESIAN_POINT('',(-6.4499,-8.52052,90.));
#1528 = CIRCLE('',#1529,2.);
#1529 = AXIS2_PLACEMENT_3D('',#1530,#1531,#1532);
#1530 = CARTESIAN_POINT('',(-8.4499,-8.52052,90.));
#1531 = DIRECTION('',(0.,0.,1.));
#1532 = DIRECTION('',(1.,0.,0.));
#1533 = FACE_BOUND('',#1534,.T.);
#1534 = EDGE_LOOP('',(#1535));
#1535 = ORIENTED_EDGE('',*,*,#1536,.F.);
#1536 = EDGE_CURVE('',#1537,#1537,#1539,.T.);
#1537 = VERTEX_POINT('',#1538);
#1538 = CARTESIAN_POINT('',(5.15403,-11.57809,90.));
#1539 = CIRCLE('',#1540,2.);
#1540 = AXIS2_PLACEMENT_3D('',#1541,#1542,#1543);
#1541 = CARTESIAN_POINT('',(3.15403,-11.57809,90.));
#1542 = DIRECTION('',(0.,0.,1.));
#1543 = DIRECTION('',(1.,0.,0.));
#1544 = FACE_BOUND('',#1545,.T.);
#1545 = EDGE_LOOP('',(#1546));
#1546 = ORIENTED_EDGE('',*,*,#1547,.F.);
#1547 = EDGE_CURVE('',#1548,#1548,#1550,.T.);
#1548 = VERTEX_POINT('',#1549);
#1549 = CARTESIAN_POINT('',(13.60393,-3.05757,90.));
#1550 = CIRCLE('',#1551,2.);
#1551 = AXIS2_PLACEMENT_3D('',#1552,#1553,#1554);
#1552 = CARTESIAN_POINT('',(11.60393,-3.05757,90.));
#1553 = DIRECTION('',(0.,0.,1.));
#1554 = DIRECTION('',(1.,0.,0.));
#1555 = FACE_BOUND('',#1556,.T.);
#1556 = EDGE_LOOP('',(#1557));
#1557 = ORIENTED_EDGE('',*,*,#1558,.F.);
#1558 = EDGE_CURVE('',#1559,#1559,#1561,.T.);
#1559 = VERTEX_POINT('',#1560);
#1560 = CARTESIAN_POINT('',(-9.60393,3.05757,90.));
#1561 = CIRCLE('',#1562,2.);
#1562 = AXIS2_PLACEMENT_3D('',#1563,#1564,#1565);
#1563 = CARTESIAN_POINT('',(-11.60393,3.05757,90.));
#1564 = DIRECTION('',(0.,0.,1.));
#1565 = DIRECTION('',(1.,0.,0.));
#1566 = FACE_BOUND('',#1567,.T.);
#1567 = EDGE_LOOP('',(#1568));
#1568 = ORIENTED_EDGE('',*,*,#1569,.F.);
#1569 = EDGE_CURVE('',#1570,#1570,#1572,.T.);
#1570 = VERTEX_POINT('',#1571);
#1571 = CARTESIAN_POINT('',(-1.15403,11.57809,90.));
#1572 = CIRCLE('',#1573,2.);
#1573 = AXIS2_PLACEMENT_3D('',#1574,#1575,#1576);
#1574 = CARTESIAN_POINT('',(-3.15403,11.57809,90.));
#1575 = DIRECTION('',(0.,0.,1.));
#1576 = DIRECTION('',(1.,0.,0.));
#1577 = FACE_BOUND('',#1578,.T.);
#1578 = EDGE_LOOP('',(#1579));
#1579 = ORIENTED_EDGE('',*,*,#1580,.F.);
#1580 = EDGE_CURVE('',#1581,#1581,#1583,.T.);
#1581 = VERTEX_POINT('',#1582);
#1582 = CARTESIAN_POINT('',(5.,-1.224646799147E-15,90.));
#1583 = CIRCLE('',#1584,5.);
#1584 = AXIS2_PLACEMENT_3D('',#1585,#1586,#1587);
#1585 = CARTESIAN_POINT('',(0.,0.,90.));
#1586 = DIRECTION('',(0.,0.,1.));
#1587 = DIRECTION('',(1.,0.,0.));
#1588 = FACE_BOUND('',#1589,.T.);
#1589 = EDGE_LOOP('',(#1590));
#1590 = ORIENTED_EDGE('',*,*,#1591,.F.);
#1591 = EDGE_CURVE('',#1592,#1592,#1594,.T.);
#1592 = VERTEX_POINT('',#1593);
#1593 = CARTESIAN_POINT('',(10.4499,8.52051,90.));
#1594 = CIRCLE('',#1595,2.);
#1595 = AXIS2_PLACEMENT_3D('',#1596,#1597,#1598);
#1596 = CARTESIAN_POINT('',(8.4499,8.52051,90.));
#1597 = DIRECTION('',(0.,0.,1.));
#1598 = DIRECTION('',(1.,0.,0.));
#1599 = PLANE('',#1600);
#1600 = AXIS2_PLACEMENT_3D('',#1601,#1602,#1603);
#1601 = CARTESIAN_POINT('',(0.,0.,90.));
#1602 = DIRECTION('',(0.,0.,1.));
#1603 = DIRECTION('',(1.,0.,0.));
#1604 = ADVANCED_FACE('',(#1605,#1608),#1619,.F.);
#1605 = FACE_BOUND('',#1606,.F.);
#1606 = EDGE_LOOP('',(#1607));
#1607 = ORIENTED_EDGE('',*,*,#1506,.T.);
#1608 = FACE_BOUND('',#1609,.F.);
#1609 = EDGE_LOOP('',(#1610));
#1610 = ORIENTED_EDGE('',*,*,#1611,.F.);
#1611 = EDGE_CURVE('',#1612,#1612,#1614,.T.);
#1612 = VERTEX_POINT('',#1613);
#1613 = CARTESIAN_POINT('',(5.,-1.224646799147E-15,82.));
#1614 = CIRCLE('',#1615,5.);
#1615 = AXIS2_PLACEMENT_3D('',#1616,#1617,#1618);
#1616 = CARTESIAN_POINT('',(0.,0.,82.));
#1617 = DIRECTION('',(0.,0.,1.));
#1618 = DIRECTION('',(1.,0.,0.));
#1619 = PLANE('',#1620);
#1620 = AXIS2_PLACEMENT_3D('',#1621,#1622,#1623);
#1621 = CARTESIAN_POINT('',(0.,0.,82.));
#1622 = DIRECTION('',(0.,0.,1.));
#1623 = DIRECTION('',(1.,0.,0.));
#1624 = ADVANCED_FACE('',(#1625),#1644,.F.);
#1625 = FACE_BOUND('',#1626,.F.);
#1626 = EDGE_LOOP('',(#1627,#1628,#1636,#1643));
#1627 = ORIENTED_EDGE('',*,*,#1525,.F.);
#1628 = ORIENTED_EDGE('',*,*,#1629,.F.);
#1629 = EDGE_CURVE('',#1630,#1526,#1632,.T.);
#1630 = VERTEX_POINT('',#1631);
#1631 = CARTESIAN_POINT('',(-6.4499,-8.52052,84.));
#1632 = LINE('',#1633,#1634);
#1633 = CARTESIAN_POINT('',(-6.4499,-8.52052,84.));
#1634 = VECTOR('',#1635,1.);
#1635 = DIRECTION('',(0.,0.,1.));
#1636 = ORIENTED_EDGE('',*,*,#1637,.T.);
#1637 = EDGE_CURVE('',#1630,#1630,#1638,.T.);
#1638 = CIRCLE('',#1639,2.);
#1639 = AXIS2_PLACEMENT_3D('',#1640,#1641,#1642);
#1640 = CARTESIAN_POINT('',(-8.4499,-8.52052,84.));
#1641 = DIRECTION('',(0.,0.,1.));
#1642 = DIRECTION('',(1.,0.,0.));
#1643 = ORIENTED_EDGE('',*,*,#1629,.T.);
#1644 = CYLINDRICAL_SURFACE('',#1645,2.);
#1645 = AXIS2_PLACEMENT_3D('',#1646,#1647,#1648);
#1646 = CARTESIAN_POINT('',(-8.4499,-8.52052,84.));
#1647 = DIRECTION('',(0.,0.,1.));
#1648 = DIRECTION('',(1.,0.,0.));
#1649 = ADVANCED_FACE('',(#1650),#1669,.F.);
#1650 = FACE_BOUND('',#1651,.F.);
#1651 = EDGE_LOOP('',(#1652,#1653,#1661,#1668));
#1652 = ORIENTED_EDGE('',*,*,#1536,.F.);
#1653 = ORIENTED_EDGE('',*,*,#1654,.F.);
#1654 = EDGE_CURVE('',#1655,#1537,#1657,.T.);
#1655 = VERTEX_POINT('',#1656);
#1656 = CARTESIAN_POINT('',(5.15403,-11.57809,84.));
#1657 = LINE('',#1658,#1659);
#1658 = CARTESIAN_POINT('',(5.15403,-11.57809,84.));
#1659 = VECTOR('',#1660,1.);
#1660 = DIRECTION('',(0.,0.,1.));
#1661 = ORIENTED_EDGE('',*,*,#1662,.T.);
#1662 = EDGE_CURVE('',#1655,#1655,#1663,.T.);
#1663 = CIRCLE('',#1664,2.);
#1664 = AXIS2_PLACEMENT_3D('',#1665,#1666,#1667);
#1665 = CARTESIAN_POINT('',(3.15403,-11.57809,84.));
#1666 = DIRECTION('',(0.,0.,1.));
#1667 = DIRECTION('',(1.,0.,0.));
#1668 = ORIENTED_EDGE('',*,*,#1654,.T.);
#1669 = CYLINDRICAL_SURFACE('',#1670,2.);
#1670 = AXIS2_PLACEMENT_3D('',#1671,#1672,#1673);
#1671 = CARTESIAN_POINT('',(3.15403,-11.57809,84.));
#1672 = DIRECTION('',(0.,0.,1.));
#1673 = DIRECTION('',(1.,0.,0.));
#1674 = ADVANCED_FACE('',(#1675),#1694,.F.);
#1675 = FACE_BOUND('',#1676,.F.);
#1676 = EDGE_LOOP('',(#1677,#1678,#1686,#1693));
#1677 = ORIENTED_EDGE('',*,*,#1547,.F.);
#1678 = ORIENTED_EDGE('',*,*,#1679,.F.);
#1679 = EDGE_CURVE('',#1680,#1548,#1682,.T.);
#1680 = VERTEX_POINT('',#1681);
#1681 = CARTESIAN_POINT('',(13.60393,-3.05757,84.));
#1682 = LINE('',#1683,#1684);
#1683 = CARTESIAN_POINT('',(13.60393,-3.05757,84.));
#1684 = VECTOR('',#1685,1.);
#1685 = DIRECTION('',(0.,0.,1.));
#1686 = ORIENTED_EDGE('',*,*,#1687,.T.);
#1687 = EDGE_CURVE('',#1680,#1680,#1688,.T.);
#1688 = CIRCLE('',#1689,2.);
#1689 = AXIS2_PLACEMENT_3D('',#1690,#1691,#1692);
#1690 = CARTESIAN_POINT('',(11.60393,-3.05757,84.));
#1691 = DIRECTION('',(0.,0.,1.));
#1692 = DIRECTION('',(1.,0.,0.));
#1693 = ORIENTED_EDGE('',*,*,#1679,.T.);
#1694 = CYLINDRICAL_SURFACE('',#1695,2.);
#1695 = AXIS2_PLACEMENT_3D('',#1696,#1697,#1698);
#1696 = CARTESIAN_POINT('',(11.60393,-3.05757,84.));
#1697 = DIRECTION('',(0.,0.,1.));
#1698 = DIRECTION('',(1.,0.,0.));
#1699 = ADVANCED_FACE('',(#1700),#1719,.F.);
#1700 = FACE_BOUND('',#1701,.F.);
#1701 = EDGE_LOOP('',(#1702,#1703,#1711,#1718));
#1702 = ORIENTED_EDGE('',*,*,#1558,.F.);
#1703 = ORIENTED_EDGE('',*,*,#1704,.F.);
#1704 = EDGE_CURVE('',#1705,#1559,#1707,.T.);
#1705 = VERTEX_POINT('',#1706);
#1706 = CARTESIAN_POINT('',(-9.60393,3.05757,84.));
#1707 = LINE('',#1708,#1709);
#1708 = CARTESIAN_POINT('',(-9.60393,3.05757,84.));
#1709 = VECTOR('',#1710,1.);
#1710 = DIRECTION('',(0.,0.,1.));
#1711 = ORIENTED_EDGE('',*,*,#1712,.T.);
#1712 = EDGE_CURVE('',#1705,#1705,#1713,.T.);
#1713 = CIRCLE('',#1714,2.);
#1714 = AXIS2_PLACEMENT_3D('',#1715,#1716,#1717);
#1715 = CARTESIAN_POINT('',(-11.60393,3.05757,84.));
#1716 = DIRECTION('',(0.,0.,1.));
#1717 = DIRECTION('',(1.,0.,0.));
#1718 = ORIENTED_EDGE('',*,*,#1704,.T.);
#1719 = CYLINDRICAL_SURFACE('',#1720,2.);
#1720 = AXIS2_PLACEMENT_3D('',#1721,#1722,#1723);
#1721 = CARTESIAN_POINT('',(-11.60393,3.05757,84.));
#1722 = DIRECTION('',(0.,0.,1.));
#1723 = DIRECTION('',(1.,0.,0.));
#1724 = ADVANCED_FACE('',(#1725),#1744,.F.);
#1725 = FACE_BOUND('',#1726,.F.);
#1726 = EDGE_LOOP('',(#1727,#1728,#1736,#1743));
#1727 = ORIENTED_EDGE('',*,*,#1569,.F.);
#1728 = ORIENTED_EDGE('',*,*,#1729,.F.);
#1729 = EDGE_CURVE('',#1730,#1570,#1732,.T.);
#1730 = VERTEX_POINT('',#1731);
#1731 = CARTESIAN_POINT('',(-1.15403,11.57809,84.));
#1732 = LINE('',#1733,#1734);
#1733 = CARTESIAN_POINT('',(-1.15403,11.57809,84.));
#1734 = VECTOR('',#1735,1.);
#1735 = DIRECTION('',(0.,0.,1.));
#1736 = ORIENTED_EDGE('',*,*,#1737,.T.);
#1737 = EDGE_CURVE('',#1730,#1730,#1738,.T.);
#1738 = CIRCLE('',#1739,2.);
#1739 = AXIS2_PLACEMENT_3D('',#1740,#1741,#1742);
#1740 = CARTESIAN_POINT('',(-3.15403,11.57809,84.));
#1741 = DIRECTION('',(0.,0.,1.));
#1742 = DIRECTION('',(1.,0.,0.));
#1743 = ORIENTED_EDGE('',*,*,#1729,.T.);
#1744 = CYLINDRICAL_SURFACE('',#1745,2.);
#1745 = AXIS2_PLACEMENT_3D('',#1746,#1747,#1748);
#1746 = CARTESIAN_POINT('',(-3.15403,11.57809,84.));
#1747 = DIRECTION('',(0.,0.,1.));
#1748 = DIRECTION('',(1.,0.,0.));
#1749 = ADVANCED_FACE('',(#1750),#1761,.F.);
#1750 = FACE_BOUND('',#1751,.F.);
#1751 = EDGE_LOOP('',(#1752,#1753,#1759,#1760));
#1752 = ORIENTED_EDGE('',*,*,#1580,.F.);
#1753 = ORIENTED_EDGE('',*,*,#1754,.F.);
#1754 = EDGE_CURVE('',#1612,#1581,#1755,.T.);
#1755 = LINE('',#1756,#1757);
#1756 = CARTESIAN_POINT('',(5.,-1.224646799147E-15,82.));
#1757 = VECTOR('',#1758,1.);
#1758 = DIRECTION('',(0.,0.,1.));
#1759 = ORIENTED_EDGE('',*,*,#1611,.T.);
#1760 = ORIENTED_EDGE('',*,*,#1754,.T.);
#1761 = CYLINDRICAL_SURFACE('',#1762,5.);
#1762 = AXIS2_PLACEMENT_3D('',#1763,#1764,#1765);
#1763 = CARTESIAN_POINT('',(0.,0.,82.));
#1764 = DIRECTION('',(0.,0.,1.));
#1765 = DIRECTION('',(1.,0.,0.));
#1766 = ADVANCED_FACE('',(#1767),#1786,.F.);
#1767 = FACE_BOUND('',#1768,.F.);
#1768 = EDGE_LOOP('',(#1769,#1770,#1778,#1785));
#1769 = ORIENTED_EDGE('',*,*,#1591,.F.);
#1770 = ORIENTED_EDGE('',*,*,#1771,.F.);
#1771 = EDGE_CURVE('',#1772,#1592,#1774,.T.);
#1772 = VERTEX_POINT('',#1773);
#1773 = CARTESIAN_POINT('',(10.4499,8.52051,84.));
#1774 = LINE('',#1775,#1776);
#1775 = CARTESIAN_POINT('',(10.4499,8.52051,84.));
#1776 = VECTOR('',#1777,1.);
#1777 = DIRECTION('',(0.,0.,1.));
#1778 = ORIENTED_EDGE('',*,*,#1779,.T.);
#1779 = EDGE_CURVE('',#1772,#1772,#1780,.T.);
#1780 = CIRCLE('',#1781,2.);
#1781 = AXIS2_PLACEMENT_3D('',#1782,#1783,#1784);
#1782 = CARTESIAN_POINT('',(8.4499,8.52051,84.));
#1783 = DIRECTION('',(0.,0.,1.));
#1784 = DIRECTION('',(1.,0.,0.));
#1785 = ORIENTED_EDGE('',*,*,#1771,.T.);
#1786 = CYLINDRICAL_SURFACE('',#1787,2.);
#1787 = AXIS2_PLACEMENT_3D('',#1788,#1789,#1790);
#1788 = CARTESIAN_POINT('',(8.4499,8.52051,84.));
#1789 = DIRECTION('',(0.,0.,1.));
#1790 = DIRECTION('',(1.,0.,0.));
#1791 = ADVANCED_FACE('',(#1792),#1795,.T.);
#1792 = FACE_BOUND('',#1793,.F.);
#1793 = EDGE_LOOP('',(#1794));
#1794 = ORIENTED_EDGE('',*,*,#1637,.F.);
#1795 = PLANE('',#1796);
#1796 = AXIS2_PLACEMENT_3D('',#1797,#1798,#1799);
#1797 = CARTESIAN_POINT('',(-8.4499,-8.52052,84.));
#1798 = DIRECTION('',(0.,0.,1.));
#1799 = DIRECTION('',(1.,0.,0.));
#1800 = ADVANCED_FACE('',(#1801),#1804,.T.);
#1801 = FACE_BOUND('',#1802,.F.);
#1802 = EDGE_LOOP('',(#1803));
#1803 = ORIENTED_EDGE('',*,*,#1662,.F.);
#1804 = PLANE('',#1805);
#1805 = AXIS2_PLACEMENT_3D('',#1806,#1807,#1808);
#1806 = CARTESIAN_POINT('',(3.15403,-11.57809,84.));
#1807 = DIRECTION('',(0.,0.,1.));
#1808 = DIRECTION('',(1.,0.,0.));
#1809 = ADVANCED_FACE('',(#1810),#1813,.T.);
#1810 = FACE_BOUND('',#1811,.F.);
#1811 = EDGE_LOOP('',(#1812));
#1812 = ORIENTED_EDGE('',*,*,#1687,.F.);
#1813 = PLANE('',#1814);
#1814 = AXIS2_PLACEMENT_3D('',#1815,#1816,#1817);
#1815 = CARTESIAN_POINT('',(11.60393,-3.05757,84.));
#1816 = DIRECTION('',(0.,0.,1.));
#1817 = DIRECTION('',(1.,0.,0.));
#1818 = ADVANCED_FACE('',(#1819),#1822,.T.);
#1819 = FACE_BOUND('',#1820,.F.);
#1820 = EDGE_LOOP('',(#1821));
#1821 = ORIENTED_EDGE('',*,*,#1712,.F.);
#1822 = PLANE('',#1823);
#1823 = AXIS2_PLACEMENT_3D('',#1824,#1825,#1826);
#1824 = CARTESIAN_POINT('',(-11.60393,3.05757,84.));
#1825 = DIRECTION('',(0.,0.,1.));
#1826 = DIRECTION('',(1.,0.,0.));
#1827 = ADVANCED_FACE('',(#1828),#1831,.T.);
#1828 = FACE_BOUND('',#1829,.F.);
#1829 = EDGE_LOOP('',(#1830));
#1830 = ORIENTED_EDGE('',*,*,#1737,.F.);
#1831 = PLANE('',#1832);
#1832 = AXIS2_PLACEMENT_3D('',#1833,#1834,#1835);
#1833 = CARTESIAN_POINT('',(-3.15403,11.57809,84.));
#1834 = DIRECTION('',(0.,0.,1.));
#1835 = DIRECTION('',(1.,0.,0.));
#1836 = ADVANCED_FACE('',(#1837),#1840,.T.);
#1837 = FACE_BOUND('',#1838,.F.);
#1838 = EDGE_LOOP('',(#1839));
#1839 = ORIENTED_EDGE('',*,*,#1779,.F.);
#1840 = PLANE('',#1841);
#1841 = AXIS2_PLACEMENT_3D('',#1842,#1843,#1844);
#1842 = CARTESIAN_POINT('',(8.4499,8.52051,84.));
#1843 = DIRECTION('',(0.,0.,1.));
#1844 = DIRECTION('',(1.,0.,0.));
#1845 = MANIFOLD_SOLID_BREP('',#1846);
#1846 = CLOSED_SHELL('',(#1847,#1889,#2072,#2104,#2136,#2400,#2453,#2495
    ,#2519,#2554,#2585,#2601,#2624,#2648,#2679,#2695,#2718,#2742,#2773,
    #2789,#2812,#2836,#2867,#2883,#2906,#2930,#2947,#2964,#2981,#2998,
    #3015,#3094,#3173,#3245,#3317,#3389,#3461,#3533,#3605,#3622,#3639,
    #3656,#3673,#3747,#3758,#3785,#3859,#3870,#3897,#3971,#3982,#4009,
    #4019,#4093,#4103,#4130,#4140,#4150,#4161,#4181,#4201,#4221,#4241,
    #4266,#4291,#4316,#4341,#4350,#4359,#4368,#4377,#4455,#4548,#4579,
    #4588,#4681,#4712,#4721,#4814,#4845,#4854,#4947,#4978,#4987,#5000,
    #5013,#5026,#5039,#5061,#5075,#5089,#5103));
#1847 = ADVANCED_FACE('',(#1848),#1884,.F.);
#1848 = FACE_BOUND('',#1849,.F.);
#1849 = EDGE_LOOP('',(#1850,#1860,#1869,#1877));
#1850 = ORIENTED_EDGE('',*,*,#1851,.T.);
#1851 = EDGE_CURVE('',#1852,#1854,#1856,.T.);
#1852 = VERTEX_POINT('',#1853);
#1853 = CARTESIAN_POINT('',(69.9895678501,-72.81799497484,4.));
#1854 = VERTEX_POINT('',#1855);
#1855 = CARTESIAN_POINT('',(69.9895678501,-72.81799497484,87.));
#1856 = LINE('',#1857,#1858);
#1857 = CARTESIAN_POINT('',(69.989567850098,-72.81799497484,4.));
#1858 = VECTOR('',#1859,1.);
#1859 = DIRECTION('',(0.,0.,1.));
#1860 = ORIENTED_EDGE('',*,*,#1861,.F.);
#1861 = EDGE_CURVE('',#1862,#1854,#1864,.T.);
#1862 = VERTEX_POINT('',#1863);
#1863 = CARTESIAN_POINT('',(-69.98956785009,-72.81799497484,87.));
#1864 = CIRCLE('',#1865,101.);
#1865 = AXIS2_PLACEMENT_3D('',#1866,#1867,#1868);
#1866 = CARTESIAN_POINT('',(0.,0.,87.));
#1867 = DIRECTION('',(0.,0.,1.));
#1868 = DIRECTION('',(1.,0.,0.));
#1869 = ORIENTED_EDGE('',*,*,#1870,.F.);
#1870 = EDGE_CURVE('',#1871,#1862,#1873,.T.);
#1871 = VERTEX_POINT('',#1872);
#1872 = CARTESIAN_POINT('',(-69.98956785009,-72.81799497484,4.));
#1873 = LINE('',#1874,#1875);
#1874 = CARTESIAN_POINT('',(-69.98956785009,-72.81799497484,4.));
#1875 = VECTOR('',#1876,1.);
#1876 = DIRECTION('',(0.,0.,1.));
#1877 = ORIENTED_EDGE('',*,*,#1878,.T.);
#1878 = EDGE_CURVE('',#1871,#1852,#1879,.T.);
#1879 = CIRCLE('',#1880,101.);
#1880 = AXIS2_PLACEMENT_3D('',#1881,#1882,#1883);
#1881 = CARTESIAN_POINT('',(0.,0.,4.));
#1882 = DIRECTION('',(0.,0.,1.));
#1883 = DIRECTION('',(1.,0.,0.));
#1884 = CYLINDRICAL_SURFACE('',#1885,101.);
#1885 = AXIS2_PLACEMENT_3D('',#1886,#1887,#1888);
#1886 = CARTESIAN_POINT('',(0.,0.,4.));
#1887 = DIRECTION('',(0.,0.,1.));
#1888 = DIRECTION('',(1.,0.,0.));
#1889 = ADVANCED_FACE('',(#1890,#2023,#2034,#2045,#2056),#2067,.T.);
#1890 = FACE_BOUND('',#1891,.T.);
#1891 = EDGE_LOOP('',(#1892,#1903,#1912,#1920,#1928,#1936,#1945,#1953,
    #1961,#1969,#1978,#1986,#1994,#2000,#2001,#2009,#2017));
#1892 = ORIENTED_EDGE('',*,*,#1893,.T.);
#1893 = EDGE_CURVE('',#1894,#1896,#1898,.T.);
#1894 = VERTEX_POINT('',#1895);
#1895 = CARTESIAN_POINT('',(72.817994974843,-69.9895678501,4.));
#1896 = VERTEX_POINT('',#1897);
#1897 = CARTESIAN_POINT('',(101.,-2.473786534278E-14,4.));
#1898 = CIRCLE('',#1899,101.);
#1899 = AXIS2_PLACEMENT_3D('',#1900,#1901,#1902);
#1900 = CARTESIAN_POINT('',(0.,0.,4.));
#1901 = DIRECTION('',(0.,0.,1.));
#1902 = DIRECTION('',(1.,0.,0.));
#1903 = ORIENTED_EDGE('',*,*,#1904,.T.);
#1904 = EDGE_CURVE('',#1896,#1905,#1907,.T.);
#1905 = VERTEX_POINT('',#1906);
#1906 = CARTESIAN_POINT('',(72.817994974845,69.989567850098,4.));
#1907 = CIRCLE('',#1908,101.);
#1908 = AXIS2_PLACEMENT_3D('',#1909,#1910,#1911);
#1909 = CARTESIAN_POINT('',(0.,0.,4.));
#1910 = DIRECTION('',(0.,0.,1.));
#1911 = DIRECTION('',(1.,0.,0.));
#1912 = ORIENTED_EDGE('',*,*,#1913,.F.);
#1913 = EDGE_CURVE('',#1914,#1905,#1916,.T.);
#1914 = VERTEX_POINT('',#1915);
#1915 = CARTESIAN_POINT('',(33.234018715768,30.405591591022,4.));
#1916 = LINE('',#1917,#1918);
#1917 = CARTESIAN_POINT('',(33.234018715768,30.405591591022,4.));
#1918 = VECTOR('',#1919,1.);
#1919 = DIRECTION('',(0.707106781187,0.707106781187,0.));
#1920 = ORIENTED_EDGE('',*,*,#1921,.T.);
#1921 = EDGE_CURVE('',#1914,#1922,#1924,.T.);
#1922 = VERTEX_POINT('',#1923);
#1923 = CARTESIAN_POINT('',(30.405591591022,33.234018715768,4.));
#1924 = LINE('',#1925,#1926);
#1925 = CARTESIAN_POINT('',(33.234018715768,30.405591591022,4.));
#1926 = VECTOR('',#1927,1.);
#1927 = DIRECTION('',(-0.707106781187,0.707106781187,0.));
#1928 = ORIENTED_EDGE('',*,*,#1929,.T.);
#1929 = EDGE_CURVE('',#1922,#1930,#1932,.T.);
#1930 = VERTEX_POINT('',#1931);
#1931 = CARTESIAN_POINT('',(69.989567850098,72.817994974845,4.));
#1932 = LINE('',#1933,#1934);
#1933 = CARTESIAN_POINT('',(30.405591591022,33.234018715768,4.));
#1934 = VECTOR('',#1935,1.);
#1935 = DIRECTION('',(0.707106781187,0.707106781187,0.));
#1936 = ORIENTED_EDGE('',*,*,#1937,.T.);
#1937 = EDGE_CURVE('',#1930,#1938,#1940,.T.);
#1938 = VERTEX_POINT('',#1939);
#1939 = CARTESIAN_POINT('',(-69.98956785009,72.817994974845,4.));
#1940 = CIRCLE('',#1941,101.);
#1941 = AXIS2_PLACEMENT_3D('',#1942,#1943,#1944);
#1942 = CARTESIAN_POINT('',(0.,0.,4.));
#1943 = DIRECTION('',(0.,0.,1.));
#1944 = DIRECTION('',(1.,0.,0.));
#1945 = ORIENTED_EDGE('',*,*,#1946,.F.);
#1946 = EDGE_CURVE('',#1947,#1938,#1949,.T.);
#1947 = VERTEX_POINT('',#1948);
#1948 = CARTESIAN_POINT('',(-30.40559159102,33.234018715768,4.));
#1949 = LINE('',#1950,#1951);
#1950 = CARTESIAN_POINT('',(-30.40559159102,33.234018715768,4.));
#1951 = VECTOR('',#1952,1.);
#1952 = DIRECTION('',(-0.707106781187,0.707106781187,0.));
#1953 = ORIENTED_EDGE('',*,*,#1954,.T.);
#1954 = EDGE_CURVE('',#1947,#1955,#1957,.T.);
#1955 = VERTEX_POINT('',#1956);
#1956 = CARTESIAN_POINT('',(-33.23401871576,30.405591591022,4.));
#1957 = LINE('',#1958,#1959);
#1958 = CARTESIAN_POINT('',(-30.40559159102,33.234018715768,4.));
#1959 = VECTOR('',#1960,1.);
#1960 = DIRECTION('',(-0.707106781187,-0.707106781187,0.));
#1961 = ORIENTED_EDGE('',*,*,#1962,.T.);
#1962 = EDGE_CURVE('',#1955,#1963,#1965,.T.);
#1963 = VERTEX_POINT('',#1964);
#1964 = CARTESIAN_POINT('',(-72.81799497484,69.989567850098,4.));
#1965 = LINE('',#1966,#1967);
#1966 = CARTESIAN_POINT('',(-33.23401871576,30.405591591022,4.));
#1967 = VECTOR('',#1968,1.);
#1968 = DIRECTION('',(-0.707106781187,0.707106781187,0.));
#1969 = ORIENTED_EDGE('',*,*,#1970,.T.);
#1970 = EDGE_CURVE('',#1963,#1971,#1973,.T.);
#1971 = VERTEX_POINT('',#1972);
#1972 = CARTESIAN_POINT('',(-72.81799497484,-69.98956785009,4.));
#1973 = CIRCLE('',#1974,101.);
#1974 = AXIS2_PLACEMENT_3D('',#1975,#1976,#1977);
#1975 = CARTESIAN_POINT('',(0.,0.,4.));
#1976 = DIRECTION('',(0.,0.,1.));
#1977 = DIRECTION('',(1.,0.,0.));
#1978 = ORIENTED_EDGE('',*,*,#1979,.F.);
#1979 = EDGE_CURVE('',#1980,#1971,#1982,.T.);
#1980 = VERTEX_POINT('',#1981);
#1981 = CARTESIAN_POINT('',(-33.23401871576,-30.40559159102,4.));
#1982 = LINE('',#1983,#1984);
#1983 = CARTESIAN_POINT('',(-33.23401871576,-30.40559159102,4.));
#1984 = VECTOR('',#1985,1.);
#1985 = DIRECTION('',(-0.707106781187,-0.707106781187,0.));
#1986 = ORIENTED_EDGE('',*,*,#1987,.T.);
#1987 = EDGE_CURVE('',#1980,#1988,#1990,.T.);
#1988 = VERTEX_POINT('',#1989);
#1989 = CARTESIAN_POINT('',(-30.40559159102,-33.23401871576,4.));
#1990 = LINE('',#1991,#1992);
#1991 = CARTESIAN_POINT('',(-33.23401871576,-30.40559159102,4.));
#1992 = VECTOR('',#1993,1.);
#1993 = DIRECTION('',(0.707106781187,-0.707106781187,0.));
#1994 = ORIENTED_EDGE('',*,*,#1995,.T.);
#1995 = EDGE_CURVE('',#1988,#1871,#1996,.T.);
#1996 = LINE('',#1997,#1998);
#1997 = CARTESIAN_POINT('',(-30.40559159102,-33.23401871576,4.));
#1998 = VECTOR('',#1999,1.);
#1999 = DIRECTION('',(-0.707106781187,-0.707106781187,0.));
#2000 = ORIENTED_EDGE('',*,*,#1878,.T.);
#2001 = ORIENTED_EDGE('',*,*,#2002,.F.);
#2002 = EDGE_CURVE('',#2003,#1852,#2005,.T.);
#2003 = VERTEX_POINT('',#2004);
#2004 = CARTESIAN_POINT('',(30.405591591022,-33.23401871576,4.));
#2005 = LINE('',#2006,#2007);
#2006 = CARTESIAN_POINT('',(30.405591591022,-33.23401871576,4.));
#2007 = VECTOR('',#2008,1.);
#2008 = DIRECTION('',(0.707106781187,-0.707106781187,0.));
#2009 = ORIENTED_EDGE('',*,*,#2010,.T.);
#2010 = EDGE_CURVE('',#2003,#2011,#2013,.T.);
#2011 = VERTEX_POINT('',#2012);
#2012 = CARTESIAN_POINT('',(33.234018715768,-30.40559159102,4.));
#2013 = LINE('',#2014,#2015);
#2014 = CARTESIAN_POINT('',(30.405591591022,-33.23401871576,4.));
#2015 = VECTOR('',#2016,1.);
#2016 = DIRECTION('',(0.707106781187,0.707106781187,0.));
#2017 = ORIENTED_EDGE('',*,*,#2018,.T.);
#2018 = EDGE_CURVE('',#2011,#1894,#2019,.T.);
#2019 = LINE('',#2020,#2021);
#2020 = CARTESIAN_POINT('',(33.234018715768,-30.40559159102,4.));
#2021 = VECTOR('',#2022,1.);
#2022 = DIRECTION('',(0.707106781187,-0.707106781187,0.));
#2023 = FACE_BOUND('',#2024,.T.);
#2024 = EDGE_LOOP('',(#2025));
#2025 = ORIENTED_EDGE('',*,*,#2026,.F.);
#2026 = EDGE_CURVE('',#2027,#2027,#2029,.T.);
#2027 = VERTEX_POINT('',#2028);
#2028 = CARTESIAN_POINT('',(2.75,-92.,4.));
#2029 = CIRCLE('',#2030,2.75);
#2030 = AXIS2_PLACEMENT_3D('',#2031,#2032,#2033);
#2031 = CARTESIAN_POINT('',(-1.690012582823E-14,-92.,4.));
#2032 = DIRECTION('',(0.,0.,1.));
#2033 = DIRECTION('',(1.,0.,0.));
#2034 = FACE_BOUND('',#2035,.T.);
#2035 = EDGE_LOOP('',(#2036));
#2036 = ORIENTED_EDGE('',*,*,#2037,.F.);
#2037 = EDGE_CURVE('',#2038,#2038,#2040,.T.);
#2038 = VERTEX_POINT('',#2039);
#2039 = CARTESIAN_POINT('',(-89.25,1.059319481262E-14,4.));
#2040 = CIRCLE('',#2041,2.75);
#2041 = AXIS2_PLACEMENT_3D('',#2042,#2043,#2044);
#2042 = CARTESIAN_POINT('',(-92.,1.126675055216E-14,4.));
#2043 = DIRECTION('',(0.,0.,1.));
#2044 = DIRECTION('',(1.,0.,0.));
#2045 = FACE_BOUND('',#2046,.T.);
#2046 = EDGE_LOOP('',(#2047));
#2047 = ORIENTED_EDGE('',*,*,#2048,.F.);
#2048 = EDGE_CURVE('',#2049,#2049,#2051,.T.);
#2049 = VERTEX_POINT('',#2050);
#2050 = CARTESIAN_POINT('',(94.75,-6.73555739531E-16,4.));
#2051 = CIRCLE('',#2052,2.75);
#2052 = AXIS2_PLACEMENT_3D('',#2053,#2054,#2055);
#2053 = CARTESIAN_POINT('',(92.,0.,4.));
#2054 = DIRECTION('',(0.,0.,1.));
#2055 = DIRECTION('',(1.,0.,0.));
#2056 = FACE_BOUND('',#2057,.T.);
#2057 = EDGE_LOOP('',(#2058));
#2058 = ORIENTED_EDGE('',*,*,#2059,.F.);
#2059 = EDGE_CURVE('',#2060,#2060,#2062,.T.);
#2060 = VERTEX_POINT('',#2061);
#2061 = CARTESIAN_POINT('',(2.75,92.,4.));
#2062 = CIRCLE('',#2063,2.75);
#2063 = AXIS2_PLACEMENT_3D('',#2064,#2065,#2066);
#2064 = CARTESIAN_POINT('',(5.633375276078E-15,92.,4.));
#2065 = DIRECTION('',(0.,0.,1.));
#2066 = DIRECTION('',(1.,0.,0.));
#2067 = PLANE('',#2068);
#2068 = AXIS2_PLACEMENT_3D('',#2069,#2070,#2071);
#2069 = CARTESIAN_POINT('',(0.,0.,4.));
#2070 = DIRECTION('',(0.,0.,1.));
#2071 = DIRECTION('',(1.,0.,0.));
#2072 = ADVANCED_FACE('',(#2073),#2099,.F.);
#2073 = FACE_BOUND('',#2074,.F.);
#2074 = EDGE_LOOP('',(#2075,#2086,#2092,#2093));
#2075 = ORIENTED_EDGE('',*,*,#2076,.F.);
#2076 = EDGE_CURVE('',#2077,#2079,#2081,.T.);
#2077 = VERTEX_POINT('',#2078);
#2078 = CARTESIAN_POINT('',(69.989567850098,72.817994974845,87.));
#2079 = VERTEX_POINT('',#2080);
#2080 = CARTESIAN_POINT('',(-69.98956785009,72.817994974845,87.));
#2081 = CIRCLE('',#2082,101.);
#2082 = AXIS2_PLACEMENT_3D('',#2083,#2084,#2085);
#2083 = CARTESIAN_POINT('',(0.,0.,87.));
#2084 = DIRECTION('',(0.,0.,1.));
#2085 = DIRECTION('',(1.,0.,0.));
#2086 = ORIENTED_EDGE('',*,*,#2087,.F.);
#2087 = EDGE_CURVE('',#1930,#2077,#2088,.T.);
#2088 = LINE('',#2089,#2090);
#2089 = CARTESIAN_POINT('',(69.989567850098,72.817994974845,4.));
#2090 = VECTOR('',#2091,1.);
#2091 = DIRECTION('',(0.,0.,1.));
#2092 = ORIENTED_EDGE('',*,*,#1937,.T.);
#2093 = ORIENTED_EDGE('',*,*,#2094,.T.);
#2094 = EDGE_CURVE('',#1938,#2079,#2095,.T.);
#2095 = LINE('',#2096,#2097);
#2096 = CARTESIAN_POINT('',(-69.98956785009,72.817994974845,4.));
#2097 = VECTOR('',#2098,1.);
#2098 = DIRECTION('',(0.,0.,1.));
#2099 = CYLINDRICAL_SURFACE('',#2100,101.);
#2100 = AXIS2_PLACEMENT_3D('',#2101,#2102,#2103);
#2101 = CARTESIAN_POINT('',(0.,0.,4.));
#2102 = DIRECTION('',(0.,0.,1.));
#2103 = DIRECTION('',(1.,0.,0.));
#2104 = ADVANCED_FACE('',(#2105),#2131,.F.);
#2105 = FACE_BOUND('',#2106,.F.);
#2106 = EDGE_LOOP('',(#2107,#2118,#2124,#2125));
#2107 = ORIENTED_EDGE('',*,*,#2108,.F.);
#2108 = EDGE_CURVE('',#2109,#2111,#2113,.T.);
#2109 = VERTEX_POINT('',#2110);
#2110 = CARTESIAN_POINT('',(-72.81799497484,69.989567850098,87.));
#2111 = VERTEX_POINT('',#2112);
#2112 = CARTESIAN_POINT('',(-72.81799497484,-69.98956785009,87.));
#2113 = CIRCLE('',#2114,101.);
#2114 = AXIS2_PLACEMENT_3D('',#2115,#2116,#2117);
#2115 = CARTESIAN_POINT('',(0.,0.,87.));
#2116 = DIRECTION('',(0.,0.,1.));
#2117 = DIRECTION('',(1.,0.,0.));
#2118 = ORIENTED_EDGE('',*,*,#2119,.F.);
#2119 = EDGE_CURVE('',#1963,#2109,#2120,.T.);
#2120 = LINE('',#2121,#2122);
#2121 = CARTESIAN_POINT('',(-72.81799497484,69.989567850098,4.));
#2122 = VECTOR('',#2123,1.);
#2123 = DIRECTION('',(0.,0.,1.));
#2124 = ORIENTED_EDGE('',*,*,#1970,.T.);
#2125 = ORIENTED_EDGE('',*,*,#2126,.T.);
#2126 = EDGE_CURVE('',#1971,#2111,#2127,.T.);
#2127 = LINE('',#2128,#2129);
#2128 = CARTESIAN_POINT('',(-72.81799497484,-69.98956785009,4.));
#2129 = VECTOR('',#2130,1.);
#2130 = DIRECTION('',(0.,0.,1.));
#2131 = CYLINDRICAL_SURFACE('',#2132,101.);
#2132 = AXIS2_PLACEMENT_3D('',#2133,#2134,#2135);
#2133 = CARTESIAN_POINT('',(0.,0.,4.));
#2134 = DIRECTION('',(0.,0.,1.));
#2135 = DIRECTION('',(1.,0.,0.));
#2136 = ADVANCED_FACE('',(#2137),#2395,.T.);
#2137 = FACE_BOUND('',#2138,.T.);
#2138 = EDGE_LOOP('',(#2139,#2148,#2156,#2165,#2173,#2182,#2190,#2199,
    #2207,#2216,#2225,#2233,#2242,#2250,#2259,#2268,#2276,#2285,#2293,
    #2302,#2311,#2319,#2328,#2336,#2345,#2354,#2362,#2369,#2370,#2379,
    #2387,#2394));
#2139 = ORIENTED_EDGE('',*,*,#2140,.T.);
#2140 = EDGE_CURVE('',#2141,#2141,#2143,.T.);
#2141 = VERTEX_POINT('',#2142);
#2142 = CARTESIAN_POINT('',(105.,-2.571758278209E-14,0.));
#2143 = CIRCLE('',#2144,105.);
#2144 = AXIS2_PLACEMENT_3D('',#2145,#2146,#2147);
#2145 = CARTESIAN_POINT('',(0.,0.,0.));
#2146 = DIRECTION('',(0.,0.,1.));
#2147 = DIRECTION('',(1.,0.,0.));
#2148 = ORIENTED_EDGE('',*,*,#2149,.T.);
#2149 = EDGE_CURVE('',#2141,#2150,#2152,.T.);
#2150 = VERTEX_POINT('',#2151);
#2151 = CARTESIAN_POINT('',(105.,-2.571758278209E-14,48.));
#2152 = LINE('',#2153,#2154);
#2153 = CARTESIAN_POINT('',(105.,-2.571758278209E-14,0.));
#2154 = VECTOR('',#2155,1.);
#2155 = DIRECTION('',(0.,0.,1.));
#2156 = ORIENTED_EDGE('',*,*,#2157,.F.);
#2157 = EDGE_CURVE('',#2158,#2150,#2160,.T.);
#2158 = VERTEX_POINT('',#2159);
#2159 = CARTESIAN_POINT('',(104.76640682967,-7.,48.));
#2160 = CIRCLE('',#2161,105.);
#2161 = AXIS2_PLACEMENT_3D('',#2162,#2163,#2164);
#2162 = CARTESIAN_POINT('',(0.,0.,48.));
#2163 = DIRECTION('',(0.,0.,1.));
#2164 = DIRECTION('',(1.,0.,0.));
#2165 = ORIENTED_EDGE('',*,*,#2166,.T.);
#2166 = EDGE_CURVE('',#2158,#2167,#2169,.T.);
#2167 = VERTEX_POINT('',#2168);
#2168 = CARTESIAN_POINT('',(104.76640682967,-7.,66.));
#2169 = LINE('',#2170,#2171);
#2170 = CARTESIAN_POINT('',(104.76640682967,-7.,0.));
#2171 = VECTOR('',#2172,1.);
#2172 = DIRECTION('',(0.,0.,1.));
#2173 = ORIENTED_EDGE('',*,*,#2174,.T.);
#2174 = EDGE_CURVE('',#2167,#2175,#2177,.T.);
#2175 = VERTEX_POINT('',#2176);
#2176 = CARTESIAN_POINT('',(105.,-2.571758278209E-14,66.));
#2177 = CIRCLE('',#2178,105.);
#2178 = AXIS2_PLACEMENT_3D('',#2179,#2180,#2181);
#2179 = CARTESIAN_POINT('',(0.,0.,66.));
#2180 = DIRECTION('',(0.,0.,1.));
#2181 = DIRECTION('',(1.,0.,0.));
#2182 = ORIENTED_EDGE('',*,*,#2183,.T.);
#2183 = EDGE_CURVE('',#2175,#2184,#2186,.T.);
#2184 = VERTEX_POINT('',#2185);
#2185 = CARTESIAN_POINT('',(105.,-2.571758278209E-14,87.));
#2186 = LINE('',#2187,#2188);
#2187 = CARTESIAN_POINT('',(105.,-2.571758278209E-14,0.));
#2188 = VECTOR('',#2189,1.);
#2189 = DIRECTION('',(0.,0.,1.));
#2190 = ORIENTED_EDGE('',*,*,#2191,.F.);
#2191 = EDGE_CURVE('',#2192,#2184,#2194,.T.);
#2192 = VERTEX_POINT('',#2193);
#2193 = CARTESIAN_POINT('',(75.646955664493,-72.81852853974,87.));
#2194 = CIRCLE('',#2195,105.);
#2195 = AXIS2_PLACEMENT_3D('',#2196,#2197,#2198);
#2196 = CARTESIAN_POINT('',(0.,0.,87.));
#2197 = DIRECTION('',(0.,0.,1.));
#2198 = DIRECTION('',(1.,0.,0.));
#2199 = ORIENTED_EDGE('',*,*,#2200,.F.);
#2200 = EDGE_CURVE('',#2201,#2192,#2203,.T.);
#2201 = VERTEX_POINT('',#2202);
#2202 = CARTESIAN_POINT('',(75.646955664494,-72.81852853974,4.));
#2203 = LINE('',#2204,#2205);
#2204 = CARTESIAN_POINT('',(75.646955664494,-72.81852853974,0.));
#2205 = VECTOR('',#2206,1.);
#2206 = DIRECTION('',(0.,0.,1.));
#2207 = ORIENTED_EDGE('',*,*,#2208,.F.);
#2208 = EDGE_CURVE('',#2209,#2201,#2211,.T.);
#2209 = VERTEX_POINT('',#2210);
#2210 = CARTESIAN_POINT('',(74.246212024587,-74.24621202458,4.));
#2211 = CIRCLE('',#2212,105.);
#2212 = AXIS2_PLACEMENT_3D('',#2213,#2214,#2215);
#2213 = CARTESIAN_POINT('',(0.,0.,4.));
#2214 = DIRECTION('',(0.,0.,1.));
#2215 = DIRECTION('',(1.,0.,0.));
#2216 = ORIENTED_EDGE('',*,*,#2217,.F.);
#2217 = EDGE_CURVE('',#2218,#2209,#2220,.T.);
#2218 = VERTEX_POINT('',#2219);
#2219 = CARTESIAN_POINT('',(72.818528539748,-75.64695566449,4.));
#2220 = CIRCLE('',#2221,105.);
#2221 = AXIS2_PLACEMENT_3D('',#2222,#2223,#2224);
#2222 = CARTESIAN_POINT('',(0.,0.,4.));
#2223 = DIRECTION('',(0.,0.,1.));
#2224 = DIRECTION('',(1.,0.,0.));
#2225 = ORIENTED_EDGE('',*,*,#2226,.T.);
#2226 = EDGE_CURVE('',#2218,#2227,#2229,.T.);
#2227 = VERTEX_POINT('',#2228);
#2228 = CARTESIAN_POINT('',(72.818528539749,-75.64695566449,87.));
#2229 = LINE('',#2230,#2231);
#2230 = CARTESIAN_POINT('',(72.818528539748,-75.64695566449,0.));
#2231 = VECTOR('',#2232,1.);
#2232 = DIRECTION('',(0.,0.,1.));
#2233 = ORIENTED_EDGE('',*,*,#2234,.F.);
#2234 = EDGE_CURVE('',#2235,#2227,#2237,.T.);
#2235 = VERTEX_POINT('',#2236);
#2236 = CARTESIAN_POINT('',(-72.81852853974,-75.64695566449,87.));
#2237 = CIRCLE('',#2238,105.);
#2238 = AXIS2_PLACEMENT_3D('',#2239,#2240,#2241);
#2239 = CARTESIAN_POINT('',(0.,0.,87.));
#2240 = DIRECTION('',(0.,0.,1.));
#2241 = DIRECTION('',(1.,0.,0.));
#2242 = ORIENTED_EDGE('',*,*,#2243,.F.);
#2243 = EDGE_CURVE('',#2244,#2235,#2246,.T.);
#2244 = VERTEX_POINT('',#2245);
#2245 = CARTESIAN_POINT('',(-72.81852853974,-75.64695566449,4.));
#2246 = LINE('',#2247,#2248);
#2247 = CARTESIAN_POINT('',(-72.81852853974,-75.64695566449,0.));
#2248 = VECTOR('',#2249,1.);
#2249 = DIRECTION('',(0.,0.,1.));
#2250 = ORIENTED_EDGE('',*,*,#2251,.F.);
#2251 = EDGE_CURVE('',#2252,#2244,#2254,.T.);
#2252 = VERTEX_POINT('',#2253);
#2253 = CARTESIAN_POINT('',(-74.24621202458,-74.24621202458,4.));
#2254 = CIRCLE('',#2255,105.);
#2255 = AXIS2_PLACEMENT_3D('',#2256,#2257,#2258);
#2256 = CARTESIAN_POINT('',(0.,0.,4.));
#2257 = DIRECTION('',(0.,0.,1.));
#2258 = DIRECTION('',(1.,0.,0.));
#2259 = ORIENTED_EDGE('',*,*,#2260,.F.);
#2260 = EDGE_CURVE('',#2261,#2252,#2263,.T.);
#2261 = VERTEX_POINT('',#2262);
#2262 = CARTESIAN_POINT('',(-75.64695566449,-72.81852853974,4.));
#2263 = CIRCLE('',#2264,105.);
#2264 = AXIS2_PLACEMENT_3D('',#2265,#2266,#2267);
#2265 = CARTESIAN_POINT('',(0.,0.,4.));
#2266 = DIRECTION('',(0.,0.,1.));
#2267 = DIRECTION('',(1.,0.,0.));
#2268 = ORIENTED_EDGE('',*,*,#2269,.T.);
#2269 = EDGE_CURVE('',#2261,#2270,#2272,.T.);
#2270 = VERTEX_POINT('',#2271);
#2271 = CARTESIAN_POINT('',(-75.64695566449,-72.81852853974,87.));
#2272 = LINE('',#2273,#2274);
#2273 = CARTESIAN_POINT('',(-75.64695566449,-72.81852853974,0.));
#2274 = VECTOR('',#2275,1.);
#2275 = DIRECTION('',(0.,0.,1.));
#2276 = ORIENTED_EDGE('',*,*,#2277,.F.);
#2277 = EDGE_CURVE('',#2278,#2270,#2280,.T.);
#2278 = VERTEX_POINT('',#2279);
#2279 = CARTESIAN_POINT('',(-75.64695566449,72.818528539749,87.));
#2280 = CIRCLE('',#2281,105.);
#2281 = AXIS2_PLACEMENT_3D('',#2282,#2283,#2284);
#2282 = CARTESIAN_POINT('',(0.,0.,87.));
#2283 = DIRECTION('',(0.,0.,1.));
#2284 = DIRECTION('',(1.,0.,0.));
#2285 = ORIENTED_EDGE('',*,*,#2286,.F.);
#2286 = EDGE_CURVE('',#2287,#2278,#2289,.T.);
#2287 = VERTEX_POINT('',#2288);
#2288 = CARTESIAN_POINT('',(-75.64695566449,72.818528539748,4.));
#2289 = LINE('',#2290,#2291);
#2290 = CARTESIAN_POINT('',(-75.64695566449,72.818528539748,0.));
#2291 = VECTOR('',#2292,1.);
#2292 = DIRECTION('',(0.,0.,1.));
#2293 = ORIENTED_EDGE('',*,*,#2294,.F.);
#2294 = EDGE_CURVE('',#2295,#2287,#2297,.T.);
#2295 = VERTEX_POINT('',#2296);
#2296 = CARTESIAN_POINT('',(-74.24621202458,74.246212024587,4.));
#2297 = CIRCLE('',#2298,105.);
#2298 = AXIS2_PLACEMENT_3D('',#2299,#2300,#2301);
#2299 = CARTESIAN_POINT('',(0.,0.,4.));
#2300 = DIRECTION('',(0.,0.,1.));
#2301 = DIRECTION('',(1.,0.,0.));
#2302 = ORIENTED_EDGE('',*,*,#2303,.F.);
#2303 = EDGE_CURVE('',#2304,#2295,#2306,.T.);
#2304 = VERTEX_POINT('',#2305);
#2305 = CARTESIAN_POINT('',(-72.81852853974,75.646955664494,4.));
#2306 = CIRCLE('',#2307,105.);
#2307 = AXIS2_PLACEMENT_3D('',#2308,#2309,#2310);
#2308 = CARTESIAN_POINT('',(0.,0.,4.));
#2309 = DIRECTION('',(0.,0.,1.));
#2310 = DIRECTION('',(1.,0.,0.));
#2311 = ORIENTED_EDGE('',*,*,#2312,.T.);
#2312 = EDGE_CURVE('',#2304,#2313,#2315,.T.);
#2313 = VERTEX_POINT('',#2314);
#2314 = CARTESIAN_POINT('',(-72.81852853974,75.646955664493,87.));
#2315 = LINE('',#2316,#2317);
#2316 = CARTESIAN_POINT('',(-72.81852853974,75.646955664494,0.));
#2317 = VECTOR('',#2318,1.);
#2318 = DIRECTION('',(0.,0.,1.));
#2319 = ORIENTED_EDGE('',*,*,#2320,.F.);
#2320 = EDGE_CURVE('',#2321,#2313,#2323,.T.);
#2321 = VERTEX_POINT('',#2322);
#2322 = CARTESIAN_POINT('',(72.818528539749,75.646955664493,87.));
#2323 = CIRCLE('',#2324,105.);
#2324 = AXIS2_PLACEMENT_3D('',#2325,#2326,#2327);
#2325 = CARTESIAN_POINT('',(0.,0.,87.));
#2326 = DIRECTION('',(0.,0.,1.));
#2327 = DIRECTION('',(1.,0.,0.));
#2328 = ORIENTED_EDGE('',*,*,#2329,.F.);
#2329 = EDGE_CURVE('',#2330,#2321,#2332,.T.);
#2330 = VERTEX_POINT('',#2331);
#2331 = CARTESIAN_POINT('',(72.818528539748,75.646955664494,4.));
#2332 = LINE('',#2333,#2334);
#2333 = CARTESIAN_POINT('',(72.818528539748,75.646955664494,0.));
#2334 = VECTOR('',#2335,1.);
#2335 = DIRECTION('',(0.,0.,1.));
#2336 = ORIENTED_EDGE('',*,*,#2337,.F.);
#2337 = EDGE_CURVE('',#2338,#2330,#2340,.T.);
#2338 = VERTEX_POINT('',#2339);
#2339 = CARTESIAN_POINT('',(74.246212024587,74.246212024587,4.));
#2340 = CIRCLE('',#2341,105.);
#2341 = AXIS2_PLACEMENT_3D('',#2342,#2343,#2344);
#2342 = CARTESIAN_POINT('',(0.,0.,4.));
#2343 = DIRECTION('',(0.,0.,1.));
#2344 = DIRECTION('',(1.,0.,0.));
#2345 = ORIENTED_EDGE('',*,*,#2346,.F.);
#2346 = EDGE_CURVE('',#2347,#2338,#2349,.T.);
#2347 = VERTEX_POINT('',#2348);
#2348 = CARTESIAN_POINT('',(75.646955664494,72.818528539748,4.));
#2349 = CIRCLE('',#2350,105.);
#2350 = AXIS2_PLACEMENT_3D('',#2351,#2352,#2353);
#2351 = CARTESIAN_POINT('',(0.,0.,4.));
#2352 = DIRECTION('',(0.,0.,1.));
#2353 = DIRECTION('',(1.,0.,0.));
#2354 = ORIENTED_EDGE('',*,*,#2355,.T.);
#2355 = EDGE_CURVE('',#2347,#2356,#2358,.T.);
#2356 = VERTEX_POINT('',#2357);
#2357 = CARTESIAN_POINT('',(75.646955664493,72.818528539749,87.));
#2358 = LINE('',#2359,#2360);
#2359 = CARTESIAN_POINT('',(75.646955664494,72.818528539748,0.));
#2360 = VECTOR('',#2361,1.);
#2361 = DIRECTION('',(0.,0.,1.));
#2362 = ORIENTED_EDGE('',*,*,#2363,.F.);
#2363 = EDGE_CURVE('',#2184,#2356,#2364,.T.);
#2364 = CIRCLE('',#2365,105.);
#2365 = AXIS2_PLACEMENT_3D('',#2366,#2367,#2368);
#2366 = CARTESIAN_POINT('',(0.,0.,87.));
#2367 = DIRECTION('',(0.,0.,1.));
#2368 = DIRECTION('',(1.,0.,0.));
#2369 = ORIENTED_EDGE('',*,*,#2183,.F.);
#2370 = ORIENTED_EDGE('',*,*,#2371,.T.);
#2371 = EDGE_CURVE('',#2175,#2372,#2374,.T.);
#2372 = VERTEX_POINT('',#2373);
#2373 = CARTESIAN_POINT('',(104.76640682967,7.,66.));
#2374 = CIRCLE('',#2375,105.);
#2375 = AXIS2_PLACEMENT_3D('',#2376,#2377,#2378);
#2376 = CARTESIAN_POINT('',(0.,0.,66.));
#2377 = DIRECTION('',(0.,0.,1.));
#2378 = DIRECTION('',(1.,0.,0.));
#2379 = ORIENTED_EDGE('',*,*,#2380,.F.);
#2380 = EDGE_CURVE('',#2381,#2372,#2383,.T.);
#2381 = VERTEX_POINT('',#2382);
#2382 = CARTESIAN_POINT('',(104.76640682967,7.,48.));
#2383 = LINE('',#2384,#2385);
#2384 = CARTESIAN_POINT('',(104.76640682967,7.,0.));
#2385 = VECTOR('',#2386,1.);
#2386 = DIRECTION('',(0.,0.,1.));
#2387 = ORIENTED_EDGE('',*,*,#2388,.F.);
#2388 = EDGE_CURVE('',#2150,#2381,#2389,.T.);
#2389 = CIRCLE('',#2390,105.);
#2390 = AXIS2_PLACEMENT_3D('',#2391,#2392,#2393);
#2391 = CARTESIAN_POINT('',(0.,0.,48.));
#2392 = DIRECTION('',(0.,0.,1.));
#2393 = DIRECTION('',(1.,0.,0.));
#2394 = ORIENTED_EDGE('',*,*,#2149,.F.);
#2395 = CYLINDRICAL_SURFACE('',#2396,105.);
#2396 = AXIS2_PLACEMENT_3D('',#2397,#2398,#2399);
#2397 = CARTESIAN_POINT('',(0.,0.,0.));
#2398 = DIRECTION('',(0.,0.,1.));
#2399 = DIRECTION('',(1.,0.,0.));
#2400 = ADVANCED_FACE('',(#2401,#2404,#2415,#2426,#2437),#2448,.F.);
#2401 = FACE_BOUND('',#2402,.F.);
#2402 = EDGE_LOOP('',(#2403));
#2403 = ORIENTED_EDGE('',*,*,#2140,.T.);
#2404 = FACE_BOUND('',#2405,.F.);
#2405 = EDGE_LOOP('',(#2406));
#2406 = ORIENTED_EDGE('',*,*,#2407,.F.);
#2407 = EDGE_CURVE('',#2408,#2408,#2410,.T.);
#2408 = VERTEX_POINT('',#2409);
#2409 = CARTESIAN_POINT('',(2.75,-92.,0.));
#2410 = CIRCLE('',#2411,2.75);
#2411 = AXIS2_PLACEMENT_3D('',#2412,#2413,#2414);
#2412 = CARTESIAN_POINT('',(-1.690012582823E-14,-92.,0.));
#2413 = DIRECTION('',(0.,0.,1.));
#2414 = DIRECTION('',(1.,0.,0.));
#2415 = FACE_BOUND('',#2416,.F.);
#2416 = EDGE_LOOP('',(#2417));
#2417 = ORIENTED_EDGE('',*,*,#2418,.F.);
#2418 = EDGE_CURVE('',#2419,#2419,#2421,.T.);
#2419 = VERTEX_POINT('',#2420);
#2420 = CARTESIAN_POINT('',(-89.25,1.059319481262E-14,0.));
#2421 = CIRCLE('',#2422,2.75);
#2422 = AXIS2_PLACEMENT_3D('',#2423,#2424,#2425);
#2423 = CARTESIAN_POINT('',(-92.,1.126675055216E-14,0.));
#2424 = DIRECTION('',(0.,0.,1.));
#2425 = DIRECTION('',(1.,0.,0.));
#2426 = FACE_BOUND('',#2427,.F.);
#2427 = EDGE_LOOP('',(#2428));
#2428 = ORIENTED_EDGE('',*,*,#2429,.F.);
#2429 = EDGE_CURVE('',#2430,#2430,#2432,.T.);
#2430 = VERTEX_POINT('',#2431);
#2431 = CARTESIAN_POINT('',(94.75,-6.73555739531E-16,0.));
#2432 = CIRCLE('',#2433,2.75);
#2433 = AXIS2_PLACEMENT_3D('',#2434,#2435,#2436);
#2434 = CARTESIAN_POINT('',(92.,0.,0.));
#2435 = DIRECTION('',(0.,0.,1.));
#2436 = DIRECTION('',(1.,0.,0.));
#2437 = FACE_BOUND('',#2438,.F.);
#2438 = EDGE_LOOP('',(#2439));
#2439 = ORIENTED_EDGE('',*,*,#2440,.F.);
#2440 = EDGE_CURVE('',#2441,#2441,#2443,.T.);
#2441 = VERTEX_POINT('',#2442);
#2442 = CARTESIAN_POINT('',(2.75,92.,0.));
#2443 = CIRCLE('',#2444,2.75);
#2444 = AXIS2_PLACEMENT_3D('',#2445,#2446,#2447);
#2445 = CARTESIAN_POINT('',(5.633375276078E-15,92.,0.));
#2446 = DIRECTION('',(0.,0.,1.));
#2447 = DIRECTION('',(1.,0.,0.));
#2448 = PLANE('',#2449);
#2449 = AXIS2_PLACEMENT_3D('',#2450,#2451,#2452);
#2450 = CARTESIAN_POINT('',(0.,0.,0.));
#2451 = DIRECTION('',(0.,0.,1.));
#2452 = DIRECTION('',(1.,0.,0.));
#2453 = ADVANCED_FACE('',(#2454),#2490,.T.);
#2454 = FACE_BOUND('',#2455,.T.);
#2455 = EDGE_LOOP('',(#2456,#2464,#2473,#2482,#2488,#2489));
#2456 = ORIENTED_EDGE('',*,*,#2457,.F.);
#2457 = EDGE_CURVE('',#2458,#2381,#2460,.T.);
#2458 = VERTEX_POINT('',#2459);
#2459 = CARTESIAN_POINT('',(100.75713374248,7.,48.));
#2460 = LINE('',#2461,#2462);
#2461 = CARTESIAN_POINT('',(90.,7.,48.));
#2462 = VECTOR('',#2463,1.);
#2463 = DIRECTION('',(1.,0.,0.));
#2464 = ORIENTED_EDGE('',*,*,#2465,.F.);
#2465 = EDGE_CURVE('',#2466,#2458,#2468,.T.);
#2466 = VERTEX_POINT('',#2467);
#2467 = CARTESIAN_POINT('',(101.,-2.473786534278E-14,48.));
#2468 = CIRCLE('',#2469,101.);
#2469 = AXIS2_PLACEMENT_3D('',#2470,#2471,#2472);
#2470 = CARTESIAN_POINT('',(0.,0.,48.));
#2471 = DIRECTION('',(0.,0.,1.));
#2472 = DIRECTION('',(1.,0.,0.));
#2473 = ORIENTED_EDGE('',*,*,#2474,.F.);
#2474 = EDGE_CURVE('',#2475,#2466,#2477,.T.);
#2475 = VERTEX_POINT('',#2476);
#2476 = CARTESIAN_POINT('',(100.75713374248,-7.,48.));
#2477 = CIRCLE('',#2478,101.);
#2478 = AXIS2_PLACEMENT_3D('',#2479,#2480,#2481);
#2479 = CARTESIAN_POINT('',(0.,0.,48.));
#2480 = DIRECTION('',(0.,0.,1.));
#2481 = DIRECTION('',(1.,0.,0.));
#2482 = ORIENTED_EDGE('',*,*,#2483,.T.);
#2483 = EDGE_CURVE('',#2475,#2158,#2484,.T.);
#2484 = LINE('',#2485,#2486);
#2485 = CARTESIAN_POINT('',(90.,-7.,48.));
#2486 = VECTOR('',#2487,1.);
#2487 = DIRECTION('',(1.,0.,0.));
#2488 = ORIENTED_EDGE('',*,*,#2157,.T.);
#2489 = ORIENTED_EDGE('',*,*,#2388,.T.);
#2490 = PLANE('',#2491);
#2491 = AXIS2_PLACEMENT_3D('',#2492,#2493,#2494);
#2492 = CARTESIAN_POINT('',(90.,-7.,48.));
#2493 = DIRECTION('',(0.,0.,1.));
#2494 = DIRECTION('',(1.,0.,0.));
#2495 = ADVANCED_FACE('',(#2496),#2514,.F.);
#2496 = FACE_BOUND('',#2497,.F.);
#2497 = EDGE_LOOP('',(#2498,#2499,#2507,#2513));
#2498 = ORIENTED_EDGE('',*,*,#2457,.F.);
#2499 = ORIENTED_EDGE('',*,*,#2500,.T.);
#2500 = EDGE_CURVE('',#2458,#2501,#2503,.T.);
#2501 = VERTEX_POINT('',#2502);
#2502 = CARTESIAN_POINT('',(100.75713374248,7.,66.));
#2503 = LINE('',#2504,#2505);
#2504 = CARTESIAN_POINT('',(100.75713374248,7.,4.));
#2505 = VECTOR('',#2506,1.);
#2506 = DIRECTION('',(0.,0.,1.));
#2507 = ORIENTED_EDGE('',*,*,#2508,.T.);
#2508 = EDGE_CURVE('',#2501,#2372,#2509,.T.);
#2509 = LINE('',#2510,#2511);
#2510 = CARTESIAN_POINT('',(90.,7.,66.));
#2511 = VECTOR('',#2512,1.);
#2512 = DIRECTION('',(1.,0.,0.));
#2513 = ORIENTED_EDGE('',*,*,#2380,.F.);
#2514 = PLANE('',#2515);
#2515 = AXIS2_PLACEMENT_3D('',#2516,#2517,#2518);
#2516 = CARTESIAN_POINT('',(90.,7.,48.));
#2517 = DIRECTION('',(0.,1.,0.));
#2518 = DIRECTION('',(0.,0.,1.));
#2519 = ADVANCED_FACE('',(#2520),#2549,.F.);
#2520 = FACE_BOUND('',#2521,.F.);
#2521 = EDGE_LOOP('',(#2522,#2523,#2532,#2541,#2547,#2548));
#2522 = ORIENTED_EDGE('',*,*,#2508,.F.);
#2523 = ORIENTED_EDGE('',*,*,#2524,.F.);
#2524 = EDGE_CURVE('',#2525,#2501,#2527,.T.);
#2525 = VERTEX_POINT('',#2526);
#2526 = CARTESIAN_POINT('',(101.,-2.473786534278E-14,66.));
#2527 = CIRCLE('',#2528,101.);
#2528 = AXIS2_PLACEMENT_3D('',#2529,#2530,#2531);
#2529 = CARTESIAN_POINT('',(0.,0.,66.));
#2530 = DIRECTION('',(0.,0.,1.));
#2531 = DIRECTION('',(1.,0.,0.));
#2532 = ORIENTED_EDGE('',*,*,#2533,.F.);
#2533 = EDGE_CURVE('',#2534,#2525,#2536,.T.);
#2534 = VERTEX_POINT('',#2535);
#2535 = CARTESIAN_POINT('',(100.75713374248,-7.,66.));
#2536 = CIRCLE('',#2537,101.);
#2537 = AXIS2_PLACEMENT_3D('',#2538,#2539,#2540);
#2538 = CARTESIAN_POINT('',(0.,0.,66.));
#2539 = DIRECTION('',(0.,0.,1.));
#2540 = DIRECTION('',(1.,0.,0.));
#2541 = ORIENTED_EDGE('',*,*,#2542,.T.);
#2542 = EDGE_CURVE('',#2534,#2167,#2543,.T.);
#2543 = LINE('',#2544,#2545);
#2544 = CARTESIAN_POINT('',(90.,-7.,66.));
#2545 = VECTOR('',#2546,1.);
#2546 = DIRECTION('',(1.,0.,0.));
#2547 = ORIENTED_EDGE('',*,*,#2174,.T.);
#2548 = ORIENTED_EDGE('',*,*,#2371,.T.);
#2549 = PLANE('',#2550);
#2550 = AXIS2_PLACEMENT_3D('',#2551,#2552,#2553);
#2551 = CARTESIAN_POINT('',(90.,-7.,66.));
#2552 = DIRECTION('',(0.,0.,1.));
#2553 = DIRECTION('',(1.,0.,0.));
#2554 = ADVANCED_FACE('',(#2555),#2580,.F.);
#2555 = FACE_BOUND('',#2556,.F.);
#2556 = EDGE_LOOP('',(#2557,#2565,#2566,#2574));
#2557 = ORIENTED_EDGE('',*,*,#2558,.F.);
#2558 = EDGE_CURVE('',#2347,#2559,#2561,.T.);
#2559 = VERTEX_POINT('',#2560);
#2560 = CARTESIAN_POINT('',(75.660425586961,72.831998462214,4.));
#2561 = LINE('',#2562,#2563);
#2562 = CARTESIAN_POINT('',(33.234018715768,30.405591591022,4.));
#2563 = VECTOR('',#2564,1.);
#2564 = DIRECTION('',(0.707106781187,0.707106781187,0.));
#2565 = ORIENTED_EDGE('',*,*,#2355,.T.);
#2566 = ORIENTED_EDGE('',*,*,#2567,.T.);
#2567 = EDGE_CURVE('',#2356,#2568,#2570,.T.);
#2568 = VERTEX_POINT('',#2569);
#2569 = CARTESIAN_POINT('',(75.660425586961,72.831998462214,87.));
#2570 = LINE('',#2571,#2572);
#2571 = CARTESIAN_POINT('',(33.234018715768,30.405591591022,87.));
#2572 = VECTOR('',#2573,1.);
#2573 = DIRECTION('',(0.707106781187,0.707106781187,0.));
#2574 = ORIENTED_EDGE('',*,*,#2575,.F.);
#2575 = EDGE_CURVE('',#2559,#2568,#2576,.T.);
#2576 = LINE('',#2577,#2578);
#2577 = CARTESIAN_POINT('',(75.660425586961,72.831998462214,4.));
#2578 = VECTOR('',#2579,1.);
#2579 = DIRECTION('',(0.,0.,1.));
#2580 = PLANE('',#2581);
#2581 = AXIS2_PLACEMENT_3D('',#2582,#2583,#2584);
#2582 = CARTESIAN_POINT('',(33.234018715768,30.405591591022,4.));
#2583 = DIRECTION('',(-0.707106781187,0.707106781187,0.));
#2584 = DIRECTION('',(0.,0.,1.));
#2585 = ADVANCED_FACE('',(#2586),#2596,.F.);
#2586 = FACE_BOUND('',#2587,.F.);
#2587 = EDGE_LOOP('',(#2588,#2589,#2590));
#2588 = ORIENTED_EDGE('',*,*,#2346,.F.);
#2589 = ORIENTED_EDGE('',*,*,#2558,.T.);
#2590 = ORIENTED_EDGE('',*,*,#2591,.T.);
#2591 = EDGE_CURVE('',#2559,#2338,#2592,.T.);
#2592 = LINE('',#2593,#2594);
#2593 = CARTESIAN_POINT('',(75.660425586961,72.831998462214,4.));
#2594 = VECTOR('',#2595,1.);
#2595 = DIRECTION('',(-0.707106781187,0.707106781187,0.));
#2596 = PLANE('',#2597);
#2597 = AXIS2_PLACEMENT_3D('',#2598,#2599,#2600);
#2598 = CARTESIAN_POINT('',(33.234018715768,30.405591591022,4.));
#2599 = DIRECTION('',(0.,0.,1.));
#2600 = DIRECTION('',(0.707106781187,0.707106781187,0.));
#2601 = ADVANCED_FACE('',(#2602),#2619,.F.);
#2602 = FACE_BOUND('',#2603,.F.);
#2603 = EDGE_LOOP('',(#2604,#2612,#2613));
#2604 = ORIENTED_EDGE('',*,*,#2605,.F.);
#2605 = EDGE_CURVE('',#2330,#2606,#2608,.T.);
#2606 = VERTEX_POINT('',#2607);
#2607 = CARTESIAN_POINT('',(72.831998462214,75.660425586961,4.));
#2608 = LINE('',#2609,#2610);
#2609 = CARTESIAN_POINT('',(30.405591591022,33.234018715768,4.));
#2610 = VECTOR('',#2611,1.);
#2611 = DIRECTION('',(0.707106781187,0.707106781187,0.));
#2612 = ORIENTED_EDGE('',*,*,#2337,.F.);
#2613 = ORIENTED_EDGE('',*,*,#2614,.T.);
#2614 = EDGE_CURVE('',#2338,#2606,#2615,.T.);
#2615 = LINE('',#2616,#2617);
#2616 = CARTESIAN_POINT('',(75.660425586961,72.831998462214,4.));
#2617 = VECTOR('',#2618,1.);
#2618 = DIRECTION('',(-0.707106781187,0.707106781187,0.));
#2619 = PLANE('',#2620);
#2620 = AXIS2_PLACEMENT_3D('',#2621,#2622,#2623);
#2621 = CARTESIAN_POINT('',(33.234018715768,30.405591591022,4.));
#2622 = DIRECTION('',(0.,0.,1.));
#2623 = DIRECTION('',(0.707106781187,0.707106781187,0.));
#2624 = ADVANCED_FACE('',(#2625),#2643,.T.);
#2625 = FACE_BOUND('',#2626,.T.);
#2626 = EDGE_LOOP('',(#2627,#2628,#2629,#2637));
#2627 = ORIENTED_EDGE('',*,*,#2605,.F.);
#2628 = ORIENTED_EDGE('',*,*,#2329,.T.);
#2629 = ORIENTED_EDGE('',*,*,#2630,.T.);
#2630 = EDGE_CURVE('',#2321,#2631,#2633,.T.);
#2631 = VERTEX_POINT('',#2632);
#2632 = CARTESIAN_POINT('',(72.831998462214,75.660425586961,87.));
#2633 = LINE('',#2634,#2635);
#2634 = CARTESIAN_POINT('',(30.405591591022,33.234018715768,87.));
#2635 = VECTOR('',#2636,1.);
#2636 = DIRECTION('',(0.707106781187,0.707106781187,0.));
#2637 = ORIENTED_EDGE('',*,*,#2638,.F.);
#2638 = EDGE_CURVE('',#2606,#2631,#2639,.T.);
#2639 = LINE('',#2640,#2641);
#2640 = CARTESIAN_POINT('',(72.831998462214,75.660425586961,4.));
#2641 = VECTOR('',#2642,1.);
#2642 = DIRECTION('',(0.,0.,1.));
#2643 = PLANE('',#2644);
#2644 = AXIS2_PLACEMENT_3D('',#2645,#2646,#2647);
#2645 = CARTESIAN_POINT('',(30.405591591022,33.234018715768,4.));
#2646 = DIRECTION('',(-0.707106781187,0.707106781187,0.));
#2647 = DIRECTION('',(0.,0.,1.));
#2648 = ADVANCED_FACE('',(#2649),#2674,.F.);
#2649 = FACE_BOUND('',#2650,.F.);
#2650 = EDGE_LOOP('',(#2651,#2659,#2660,#2668));
#2651 = ORIENTED_EDGE('',*,*,#2652,.F.);
#2652 = EDGE_CURVE('',#2304,#2653,#2655,.T.);
#2653 = VERTEX_POINT('',#2654);
#2654 = CARTESIAN_POINT('',(-72.83199846221,75.660425586961,4.));
#2655 = LINE('',#2656,#2657);
#2656 = CARTESIAN_POINT('',(-30.40559159102,33.234018715768,4.));
#2657 = VECTOR('',#2658,1.);
#2658 = DIRECTION('',(-0.707106781187,0.707106781187,0.));
#2659 = ORIENTED_EDGE('',*,*,#2312,.T.);
#2660 = ORIENTED_EDGE('',*,*,#2661,.T.);
#2661 = EDGE_CURVE('',#2313,#2662,#2664,.T.);
#2662 = VERTEX_POINT('',#2663);
#2663 = CARTESIAN_POINT('',(-72.83199846221,75.660425586961,87.));
#2664 = LINE('',#2665,#2666);
#2665 = CARTESIAN_POINT('',(-30.40559159102,33.234018715768,87.));
#2666 = VECTOR('',#2667,1.);
#2667 = DIRECTION('',(-0.707106781187,0.707106781187,0.));
#2668 = ORIENTED_EDGE('',*,*,#2669,.F.);
#2669 = EDGE_CURVE('',#2653,#2662,#2670,.T.);
#2670 = LINE('',#2671,#2672);
#2671 = CARTESIAN_POINT('',(-72.83199846221,75.660425586961,4.));
#2672 = VECTOR('',#2673,1.);
#2673 = DIRECTION('',(0.,0.,1.));
#2674 = PLANE('',#2675);
#2675 = AXIS2_PLACEMENT_3D('',#2676,#2677,#2678);
#2676 = CARTESIAN_POINT('',(-30.40559159102,33.234018715768,4.));
#2677 = DIRECTION('',(-0.707106781187,-0.707106781187,0.));
#2678 = DIRECTION('',(0.,0.,1.));
#2679 = ADVANCED_FACE('',(#2680),#2690,.F.);
#2680 = FACE_BOUND('',#2681,.F.);
#2681 = EDGE_LOOP('',(#2682,#2683,#2684));
#2682 = ORIENTED_EDGE('',*,*,#2303,.F.);
#2683 = ORIENTED_EDGE('',*,*,#2652,.T.);
#2684 = ORIENTED_EDGE('',*,*,#2685,.T.);
#2685 = EDGE_CURVE('',#2653,#2295,#2686,.T.);
#2686 = LINE('',#2687,#2688);
#2687 = CARTESIAN_POINT('',(-72.83199846221,75.660425586961,4.));
#2688 = VECTOR('',#2689,1.);
#2689 = DIRECTION('',(-0.707106781187,-0.707106781187,0.));
#2690 = PLANE('',#2691);
#2691 = AXIS2_PLACEMENT_3D('',#2692,#2693,#2694);
#2692 = CARTESIAN_POINT('',(-30.40559159102,33.234018715768,4.));
#2693 = DIRECTION('',(0.,0.,1.));
#2694 = DIRECTION('',(-0.707106781187,0.707106781187,0.));
#2695 = ADVANCED_FACE('',(#2696),#2713,.F.);
#2696 = FACE_BOUND('',#2697,.F.);
#2697 = EDGE_LOOP('',(#2698,#2706,#2707));
#2698 = ORIENTED_EDGE('',*,*,#2699,.F.);
#2699 = EDGE_CURVE('',#2287,#2700,#2702,.T.);
#2700 = VERTEX_POINT('',#2701);
#2701 = CARTESIAN_POINT('',(-75.66042558696,72.831998462214,4.));
#2702 = LINE('',#2703,#2704);
#2703 = CARTESIAN_POINT('',(-33.23401871576,30.405591591022,4.));
#2704 = VECTOR('',#2705,1.);
#2705 = DIRECTION('',(-0.707106781187,0.707106781187,0.));
#2706 = ORIENTED_EDGE('',*,*,#2294,.F.);
#2707 = ORIENTED_EDGE('',*,*,#2708,.T.);
#2708 = EDGE_CURVE('',#2295,#2700,#2709,.T.);
#2709 = LINE('',#2710,#2711);
#2710 = CARTESIAN_POINT('',(-72.83199846221,75.660425586961,4.));
#2711 = VECTOR('',#2712,1.);
#2712 = DIRECTION('',(-0.707106781187,-0.707106781187,0.));
#2713 = PLANE('',#2714);
#2714 = AXIS2_PLACEMENT_3D('',#2715,#2716,#2717);
#2715 = CARTESIAN_POINT('',(-30.40559159102,33.234018715768,4.));
#2716 = DIRECTION('',(0.,0.,1.));
#2717 = DIRECTION('',(-0.707106781187,0.707106781187,0.));
#2718 = ADVANCED_FACE('',(#2719),#2737,.T.);
#2719 = FACE_BOUND('',#2720,.T.);
#2720 = EDGE_LOOP('',(#2721,#2722,#2723,#2731));
#2721 = ORIENTED_EDGE('',*,*,#2699,.F.);
#2722 = ORIENTED_EDGE('',*,*,#2286,.T.);
#2723 = ORIENTED_EDGE('',*,*,#2724,.T.);
#2724 = EDGE_CURVE('',#2278,#2725,#2727,.T.);
#2725 = VERTEX_POINT('',#2726);
#2726 = CARTESIAN_POINT('',(-75.66042558696,72.831998462214,87.));
#2727 = LINE('',#2728,#2729);
#2728 = CARTESIAN_POINT('',(-33.23401871576,30.405591591022,87.));
#2729 = VECTOR('',#2730,1.);
#2730 = DIRECTION('',(-0.707106781187,0.707106781187,0.));
#2731 = ORIENTED_EDGE('',*,*,#2732,.F.);
#2732 = EDGE_CURVE('',#2700,#2725,#2733,.T.);
#2733 = LINE('',#2734,#2735);
#2734 = CARTESIAN_POINT('',(-75.66042558696,72.831998462214,4.));
#2735 = VECTOR('',#2736,1.);
#2736 = DIRECTION('',(0.,0.,1.));
#2737 = PLANE('',#2738);
#2738 = AXIS2_PLACEMENT_3D('',#2739,#2740,#2741);
#2739 = CARTESIAN_POINT('',(-33.23401871576,30.405591591022,4.));
#2740 = DIRECTION('',(-0.707106781187,-0.707106781187,0.));
#2741 = DIRECTION('',(0.,0.,1.));
#2742 = ADVANCED_FACE('',(#2743),#2768,.F.);
#2743 = FACE_BOUND('',#2744,.F.);
#2744 = EDGE_LOOP('',(#2745,#2753,#2754,#2762));
#2745 = ORIENTED_EDGE('',*,*,#2746,.F.);
#2746 = EDGE_CURVE('',#2261,#2747,#2749,.T.);
#2747 = VERTEX_POINT('',#2748);
#2748 = CARTESIAN_POINT('',(-75.66042558696,-72.83199846221,4.));
#2749 = LINE('',#2750,#2751);
#2750 = CARTESIAN_POINT('',(-33.23401871576,-30.40559159102,4.));
#2751 = VECTOR('',#2752,1.);
#2752 = DIRECTION('',(-0.707106781187,-0.707106781187,0.));
#2753 = ORIENTED_EDGE('',*,*,#2269,.T.);
#2754 = ORIENTED_EDGE('',*,*,#2755,.T.);
#2755 = EDGE_CURVE('',#2270,#2756,#2758,.T.);
#2756 = VERTEX_POINT('',#2757);
#2757 = CARTESIAN_POINT('',(-75.66042558696,-72.83199846221,87.));
#2758 = LINE('',#2759,#2760);
#2759 = CARTESIAN_POINT('',(-33.23401871576,-30.40559159102,87.));
#2760 = VECTOR('',#2761,1.);
#2761 = DIRECTION('',(-0.707106781187,-0.707106781187,0.));
#2762 = ORIENTED_EDGE('',*,*,#2763,.F.);
#2763 = EDGE_CURVE('',#2747,#2756,#2764,.T.);
#2764 = LINE('',#2765,#2766);
#2765 = CARTESIAN_POINT('',(-75.66042558696,-72.83199846221,4.));
#2766 = VECTOR('',#2767,1.);
#2767 = DIRECTION('',(0.,0.,1.));
#2768 = PLANE('',#2769);
#2769 = AXIS2_PLACEMENT_3D('',#2770,#2771,#2772);
#2770 = CARTESIAN_POINT('',(-33.23401871576,-30.40559159102,4.));
#2771 = DIRECTION('',(0.707106781187,-0.707106781187,0.));
#2772 = DIRECTION('',(0.,0.,1.));
#2773 = ADVANCED_FACE('',(#2774),#2784,.F.);
#2774 = FACE_BOUND('',#2775,.F.);
#2775 = EDGE_LOOP('',(#2776,#2777,#2778));
#2776 = ORIENTED_EDGE('',*,*,#2260,.F.);
#2777 = ORIENTED_EDGE('',*,*,#2746,.T.);
#2778 = ORIENTED_EDGE('',*,*,#2779,.T.);
#2779 = EDGE_CURVE('',#2747,#2252,#2780,.T.);
#2780 = LINE('',#2781,#2782);
#2781 = CARTESIAN_POINT('',(-75.66042558696,-72.83199846221,4.));
#2782 = VECTOR('',#2783,1.);
#2783 = DIRECTION('',(0.707106781187,-0.707106781187,0.));
#2784 = PLANE('',#2785);
#2785 = AXIS2_PLACEMENT_3D('',#2786,#2787,#2788);
#2786 = CARTESIAN_POINT('',(-33.23401871576,-30.40559159102,4.));
#2787 = DIRECTION('',(0.,0.,1.));
#2788 = DIRECTION('',(-0.707106781187,-0.707106781187,0.));
#2789 = ADVANCED_FACE('',(#2790),#2807,.F.);
#2790 = FACE_BOUND('',#2791,.F.);
#2791 = EDGE_LOOP('',(#2792,#2800,#2801));
#2792 = ORIENTED_EDGE('',*,*,#2793,.F.);
#2793 = EDGE_CURVE('',#2244,#2794,#2796,.T.);
#2794 = VERTEX_POINT('',#2795);
#2795 = CARTESIAN_POINT('',(-72.83199846221,-75.66042558696,4.));
#2796 = LINE('',#2797,#2798);
#2797 = CARTESIAN_POINT('',(-30.40559159102,-33.23401871576,4.));
#2798 = VECTOR('',#2799,1.);
#2799 = DIRECTION('',(-0.707106781187,-0.707106781187,0.));
#2800 = ORIENTED_EDGE('',*,*,#2251,.F.);
#2801 = ORIENTED_EDGE('',*,*,#2802,.T.);
#2802 = EDGE_CURVE('',#2252,#2794,#2803,.T.);
#2803 = LINE('',#2804,#2805);
#2804 = CARTESIAN_POINT('',(-75.66042558696,-72.83199846221,4.));
#2805 = VECTOR('',#2806,1.);
#2806 = DIRECTION('',(0.707106781187,-0.707106781187,0.));
#2807 = PLANE('',#2808);
#2808 = AXIS2_PLACEMENT_3D('',#2809,#2810,#2811);
#2809 = CARTESIAN_POINT('',(-33.23401871576,-30.40559159102,4.));
#2810 = DIRECTION('',(0.,0.,1.));
#2811 = DIRECTION('',(-0.707106781187,-0.707106781187,0.));
#2812 = ADVANCED_FACE('',(#2813),#2831,.T.);
#2813 = FACE_BOUND('',#2814,.T.);
#2814 = EDGE_LOOP('',(#2815,#2816,#2817,#2825));
#2815 = ORIENTED_EDGE('',*,*,#2793,.F.);
#2816 = ORIENTED_EDGE('',*,*,#2243,.T.);
#2817 = ORIENTED_EDGE('',*,*,#2818,.T.);
#2818 = EDGE_CURVE('',#2235,#2819,#2821,.T.);
#2819 = VERTEX_POINT('',#2820);
#2820 = CARTESIAN_POINT('',(-72.83199846221,-75.66042558696,87.));
#2821 = LINE('',#2822,#2823);
#2822 = CARTESIAN_POINT('',(-30.40559159102,-33.23401871576,87.));
#2823 = VECTOR('',#2824,1.);
#2824 = DIRECTION('',(-0.707106781187,-0.707106781187,0.));
#2825 = ORIENTED_EDGE('',*,*,#2826,.F.);
#2826 = EDGE_CURVE('',#2794,#2819,#2827,.T.);
#2827 = LINE('',#2828,#2829);
#2828 = CARTESIAN_POINT('',(-72.83199846221,-75.66042558696,4.));
#2829 = VECTOR('',#2830,1.);
#2830 = DIRECTION('',(0.,0.,1.));
#2831 = PLANE('',#2832);
#2832 = AXIS2_PLACEMENT_3D('',#2833,#2834,#2835);
#2833 = CARTESIAN_POINT('',(-30.40559159102,-33.23401871576,4.));
#2834 = DIRECTION('',(0.707106781187,-0.707106781187,0.));
#2835 = DIRECTION('',(0.,0.,1.));
#2836 = ADVANCED_FACE('',(#2837),#2862,.F.);
#2837 = FACE_BOUND('',#2838,.F.);
#2838 = EDGE_LOOP('',(#2839,#2847,#2848,#2856));
#2839 = ORIENTED_EDGE('',*,*,#2840,.F.);
#2840 = EDGE_CURVE('',#2218,#2841,#2843,.T.);
#2841 = VERTEX_POINT('',#2842);
#2842 = CARTESIAN_POINT('',(72.831998462214,-75.66042558696,4.));
#2843 = LINE('',#2844,#2845);
#2844 = CARTESIAN_POINT('',(30.405591591022,-33.23401871576,4.));
#2845 = VECTOR('',#2846,1.);
#2846 = DIRECTION('',(0.707106781187,-0.707106781187,0.));
#2847 = ORIENTED_EDGE('',*,*,#2226,.T.);
#2848 = ORIENTED_EDGE('',*,*,#2849,.T.);
#2849 = EDGE_CURVE('',#2227,#2850,#2852,.T.);
#2850 = VERTEX_POINT('',#2851);
#2851 = CARTESIAN_POINT('',(72.831998462214,-75.66042558696,87.));
#2852 = LINE('',#2853,#2854);
#2853 = CARTESIAN_POINT('',(30.405591591022,-33.23401871576,87.));
#2854 = VECTOR('',#2855,1.);
#2855 = DIRECTION('',(0.707106781187,-0.707106781187,0.));
#2856 = ORIENTED_EDGE('',*,*,#2857,.F.);
#2857 = EDGE_CURVE('',#2841,#2850,#2858,.T.);
#2858 = LINE('',#2859,#2860);
#2859 = CARTESIAN_POINT('',(72.831998462214,-75.66042558696,4.));
#2860 = VECTOR('',#2861,1.);
#2861 = DIRECTION('',(0.,0.,1.));
#2862 = PLANE('',#2863);
#2863 = AXIS2_PLACEMENT_3D('',#2864,#2865,#2866);
#2864 = CARTESIAN_POINT('',(30.405591591022,-33.23401871576,4.));
#2865 = DIRECTION('',(0.707106781187,0.707106781187,0.));
#2866 = DIRECTION('',(0.,0.,1.));
#2867 = ADVANCED_FACE('',(#2868),#2878,.F.);
#2868 = FACE_BOUND('',#2869,.F.);
#2869 = EDGE_LOOP('',(#2870,#2871,#2872));
#2870 = ORIENTED_EDGE('',*,*,#2217,.F.);
#2871 = ORIENTED_EDGE('',*,*,#2840,.T.);
#2872 = ORIENTED_EDGE('',*,*,#2873,.T.);
#2873 = EDGE_CURVE('',#2841,#2209,#2874,.T.);
#2874 = LINE('',#2875,#2876);
#2875 = CARTESIAN_POINT('',(72.831998462214,-75.66042558696,4.));
#2876 = VECTOR('',#2877,1.);
#2877 = DIRECTION('',(0.707106781187,0.707106781187,0.));
#2878 = PLANE('',#2879);
#2879 = AXIS2_PLACEMENT_3D('',#2880,#2881,#2882);
#2880 = CARTESIAN_POINT('',(30.405591591022,-33.23401871576,4.));
#2881 = DIRECTION('',(0.,0.,1.));
#2882 = DIRECTION('',(0.707106781187,-0.707106781187,0.));
#2883 = ADVANCED_FACE('',(#2884),#2901,.F.);
#2884 = FACE_BOUND('',#2885,.F.);
#2885 = EDGE_LOOP('',(#2886,#2894,#2895));
#2886 = ORIENTED_EDGE('',*,*,#2887,.F.);
#2887 = EDGE_CURVE('',#2201,#2888,#2890,.T.);
#2888 = VERTEX_POINT('',#2889);
#2889 = CARTESIAN_POINT('',(75.660425586961,-72.83199846221,4.));
#2890 = LINE('',#2891,#2892);
#2891 = CARTESIAN_POINT('',(33.234018715768,-30.40559159102,4.));
#2892 = VECTOR('',#2893,1.);
#2893 = DIRECTION('',(0.707106781187,-0.707106781187,0.));
#2894 = ORIENTED_EDGE('',*,*,#2208,.F.);
#2895 = ORIENTED_EDGE('',*,*,#2896,.T.);
#2896 = EDGE_CURVE('',#2209,#2888,#2897,.T.);
#2897 = LINE('',#2898,#2899);
#2898 = CARTESIAN_POINT('',(72.831998462214,-75.66042558696,4.));
#2899 = VECTOR('',#2900,1.);
#2900 = DIRECTION('',(0.707106781187,0.707106781187,0.));
#2901 = PLANE('',#2902);
#2902 = AXIS2_PLACEMENT_3D('',#2903,#2904,#2905);
#2903 = CARTESIAN_POINT('',(30.405591591022,-33.23401871576,4.));
#2904 = DIRECTION('',(0.,0.,1.));
#2905 = DIRECTION('',(0.707106781187,-0.707106781187,0.));
#2906 = ADVANCED_FACE('',(#2907),#2925,.T.);
#2907 = FACE_BOUND('',#2908,.T.);
#2908 = EDGE_LOOP('',(#2909,#2910,#2911,#2919));
#2909 = ORIENTED_EDGE('',*,*,#2887,.F.);
#2910 = ORIENTED_EDGE('',*,*,#2200,.T.);
#2911 = ORIENTED_EDGE('',*,*,#2912,.T.);
#2912 = EDGE_CURVE('',#2192,#2913,#2915,.T.);
#2913 = VERTEX_POINT('',#2914);
#2914 = CARTESIAN_POINT('',(75.660425586961,-72.83199846221,87.));
#2915 = LINE('',#2916,#2917);
#2916 = CARTESIAN_POINT('',(33.234018715768,-30.40559159102,87.));
#2917 = VECTOR('',#2918,1.);
#2918 = DIRECTION('',(0.707106781187,-0.707106781187,0.));
#2919 = ORIENTED_EDGE('',*,*,#2920,.F.);
#2920 = EDGE_CURVE('',#2888,#2913,#2921,.T.);
#2921 = LINE('',#2922,#2923);
#2922 = CARTESIAN_POINT('',(75.660425586961,-72.83199846221,4.));
#2923 = VECTOR('',#2924,1.);
#2924 = DIRECTION('',(0.,0.,1.));
#2925 = PLANE('',#2926);
#2926 = AXIS2_PLACEMENT_3D('',#2927,#2928,#2929);
#2927 = CARTESIAN_POINT('',(33.234018715768,-30.40559159102,4.));
#2928 = DIRECTION('',(0.707106781187,0.707106781187,0.));
#2929 = DIRECTION('',(0.,0.,1.));
#2930 = ADVANCED_FACE('',(#2931),#2942,.T.);
#2931 = FACE_BOUND('',#2932,.T.);
#2932 = EDGE_LOOP('',(#2933,#2934,#2940,#2941));
#2933 = ORIENTED_EDGE('',*,*,#2483,.F.);
#2934 = ORIENTED_EDGE('',*,*,#2935,.T.);
#2935 = EDGE_CURVE('',#2475,#2534,#2936,.T.);
#2936 = LINE('',#2937,#2938);
#2937 = CARTESIAN_POINT('',(100.75713374248,-7.,4.));
#2938 = VECTOR('',#2939,1.);
#2939 = DIRECTION('',(0.,0.,1.));
#2940 = ORIENTED_EDGE('',*,*,#2542,.T.);
#2941 = ORIENTED_EDGE('',*,*,#2166,.F.);
#2942 = PLANE('',#2943);
#2943 = AXIS2_PLACEMENT_3D('',#2944,#2945,#2946);
#2944 = CARTESIAN_POINT('',(90.,-7.,48.));
#2945 = DIRECTION('',(0.,1.,0.));
#2946 = DIRECTION('',(0.,0.,1.));
#2947 = ADVANCED_FACE('',(#2948),#2959,.F.);
#2948 = FACE_BOUND('',#2949,.F.);
#2949 = EDGE_LOOP('',(#2950,#2951,#2957,#2958));
#2950 = ORIENTED_EDGE('',*,*,#2026,.F.);
#2951 = ORIENTED_EDGE('',*,*,#2952,.F.);
#2952 = EDGE_CURVE('',#2408,#2027,#2953,.T.);
#2953 = LINE('',#2954,#2955);
#2954 = CARTESIAN_POINT('',(2.75,-92.,0.));
#2955 = VECTOR('',#2956,1.);
#2956 = DIRECTION('',(0.,0.,1.));
#2957 = ORIENTED_EDGE('',*,*,#2407,.T.);
#2958 = ORIENTED_EDGE('',*,*,#2952,.T.);
#2959 = CYLINDRICAL_SURFACE('',#2960,2.75);
#2960 = AXIS2_PLACEMENT_3D('',#2961,#2962,#2963);
#2961 = CARTESIAN_POINT('',(-1.690012582823E-14,-92.,0.));
#2962 = DIRECTION('',(0.,0.,1.));
#2963 = DIRECTION('',(1.,0.,0.));
#2964 = ADVANCED_FACE('',(#2965),#2976,.F.);
#2965 = FACE_BOUND('',#2966,.F.);
#2966 = EDGE_LOOP('',(#2967,#2968,#2974,#2975));
#2967 = ORIENTED_EDGE('',*,*,#2037,.F.);
#2968 = ORIENTED_EDGE('',*,*,#2969,.F.);
#2969 = EDGE_CURVE('',#2419,#2038,#2970,.T.);
#2970 = LINE('',#2971,#2972);
#2971 = CARTESIAN_POINT('',(-89.25,1.059319481262E-14,0.));
#2972 = VECTOR('',#2973,1.);
#2973 = DIRECTION('',(0.,0.,1.));
#2974 = ORIENTED_EDGE('',*,*,#2418,.T.);
#2975 = ORIENTED_EDGE('',*,*,#2969,.T.);
#2976 = CYLINDRICAL_SURFACE('',#2977,2.75);
#2977 = AXIS2_PLACEMENT_3D('',#2978,#2979,#2980);
#2978 = CARTESIAN_POINT('',(-92.,1.126675055216E-14,0.));
#2979 = DIRECTION('',(0.,0.,1.));
#2980 = DIRECTION('',(1.,0.,0.));
#2981 = ADVANCED_FACE('',(#2982),#2993,.F.);
#2982 = FACE_BOUND('',#2983,.F.);
#2983 = EDGE_LOOP('',(#2984,#2985,#2991,#2992));
#2984 = ORIENTED_EDGE('',*,*,#2048,.F.);
#2985 = ORIENTED_EDGE('',*,*,#2986,.F.);
#2986 = EDGE_CURVE('',#2430,#2049,#2987,.T.);
#2987 = LINE('',#2988,#2989);
#2988 = CARTESIAN_POINT('',(94.75,-6.73555739531E-16,0.));
#2989 = VECTOR('',#2990,1.);
#2990 = DIRECTION('',(0.,0.,1.));
#2991 = ORIENTED_EDGE('',*,*,#2429,.T.);
#2992 = ORIENTED_EDGE('',*,*,#2986,.T.);
#2993 = CYLINDRICAL_SURFACE('',#2994,2.75);
#2994 = AXIS2_PLACEMENT_3D('',#2995,#2996,#2997);
#2995 = CARTESIAN_POINT('',(92.,0.,0.));
#2996 = DIRECTION('',(0.,0.,1.));
#2997 = DIRECTION('',(1.,0.,0.));
#2998 = ADVANCED_FACE('',(#2999),#3010,.F.);
#2999 = FACE_BOUND('',#3000,.F.);
#3000 = EDGE_LOOP('',(#3001,#3002,#3008,#3009));
#3001 = ORIENTED_EDGE('',*,*,#2059,.F.);
#3002 = ORIENTED_EDGE('',*,*,#3003,.F.);
#3003 = EDGE_CURVE('',#2441,#2060,#3004,.T.);
#3004 = LINE('',#3005,#3006);
#3005 = CARTESIAN_POINT('',(2.75,92.,0.));
#3006 = VECTOR('',#3007,1.);
#3007 = DIRECTION('',(0.,0.,1.));
#3008 = ORIENTED_EDGE('',*,*,#2440,.T.);
#3009 = ORIENTED_EDGE('',*,*,#3003,.T.);
#3010 = CYLINDRICAL_SURFACE('',#3011,2.75);
#3011 = AXIS2_PLACEMENT_3D('',#3012,#3013,#3014);
#3012 = CARTESIAN_POINT('',(5.633375276078E-15,92.,0.));
#3013 = DIRECTION('',(0.,0.,1.));
#3014 = DIRECTION('',(1.,0.,0.));
#3015 = ADVANCED_FACE('',(#3016),#3089,.T.);
#3016 = FACE_BOUND('',#3017,.T.);
#3017 = EDGE_LOOP('',(#3018,#3019,#3027,#3035,#3043,#3051,#3059,#3067,
    #3075,#3083));
#3018 = ORIENTED_EDGE('',*,*,#2018,.F.);
#3019 = ORIENTED_EDGE('',*,*,#3020,.T.);
#3020 = EDGE_CURVE('',#2011,#3021,#3023,.T.);
#3021 = VERTEX_POINT('',#3022);
#3022 = CARTESIAN_POINT('',(33.234018715768,-30.40559159102,79.));
#3023 = LINE('',#3024,#3025);
#3024 = CARTESIAN_POINT('',(33.234018715768,-30.40559159102,4.));
#3025 = VECTOR('',#3026,1.);
#3026 = DIRECTION('',(0.,0.,1.));
#3027 = ORIENTED_EDGE('',*,*,#3028,.T.);
#3028 = EDGE_CURVE('',#3021,#3029,#3031,.T.);
#3029 = VERTEX_POINT('',#3030);
#3030 = CARTESIAN_POINT('',(37.888602627345,-35.06017550259,79.));
#3031 = LINE('',#3032,#3033);
#3032 = CARTESIAN_POINT('',(33.941125496954,-31.1126983722,79.));
#3033 = VECTOR('',#3034,1.);
#3034 = DIRECTION('',(0.707106781187,-0.707106781187,0.));
#3035 = ORIENTED_EDGE('',*,*,#3036,.T.);
#3036 = EDGE_CURVE('',#3029,#3037,#3039,.T.);
#3037 = VERTEX_POINT('',#3038);
#3038 = CARTESIAN_POINT('',(37.888602627345,-35.06017550259,87.));
#3039 = LINE('',#3040,#3041);
#3040 = CARTESIAN_POINT('',(37.888602627345,-35.06017550259,79.));
#3041 = VECTOR('',#3042,1.);
#3042 = DIRECTION('',(0.,0.,1.));
#3043 = ORIENTED_EDGE('',*,*,#3044,.T.);
#3044 = EDGE_CURVE('',#3037,#3045,#3047,.T.);
#3045 = VERTEX_POINT('',#3046);
#3046 = CARTESIAN_POINT('',(38.478929740802,-35.65050261605,87.));
#3047 = LINE('',#3048,#3049);
#3048 = CARTESIAN_POINT('',(33.234018715768,-30.40559159102,87.));
#3049 = VECTOR('',#3050,1.);
#3050 = DIRECTION('',(0.707106781187,-0.707106781187,0.));
#3051 = ORIENTED_EDGE('',*,*,#3052,.F.);
#3052 = EDGE_CURVE('',#3053,#3045,#3055,.T.);
#3053 = VERTEX_POINT('',#3054);
#3054 = CARTESIAN_POINT('',(38.478929740802,-35.65050261605,79.));
#3055 = LINE('',#3056,#3057);
#3056 = CARTESIAN_POINT('',(38.478929740802,-35.65050261605,79.));
#3057 = VECTOR('',#3058,1.);
#3058 = DIRECTION('',(0.,0.,1.));
#3059 = ORIENTED_EDGE('',*,*,#3060,.T.);
#3060 = EDGE_CURVE('',#3053,#3061,#3063,.T.);
#3061 = VERTEX_POINT('',#3062);
#3062 = CARTESIAN_POINT('',(44.95967043921,-42.13124331446,79.));
#3063 = LINE('',#3064,#3065);
#3064 = CARTESIAN_POINT('',(37.476659402887,-34.64823227814,79.));
#3065 = VECTOR('',#3066,1.);
#3066 = DIRECTION('',(0.707106781187,-0.707106781187,0.));
#3067 = ORIENTED_EDGE('',*,*,#3068,.T.);
#3068 = EDGE_CURVE('',#3061,#3069,#3071,.T.);
#3069 = VERTEX_POINT('',#3070);
#3070 = CARTESIAN_POINT('',(44.95967043921,-42.13124331446,87.));
#3071 = LINE('',#3072,#3073);
#3072 = CARTESIAN_POINT('',(44.95967043921,-42.13124331446,79.));
#3073 = VECTOR('',#3074,1.);
#3074 = DIRECTION('',(0.,0.,1.));
#3075 = ORIENTED_EDGE('',*,*,#3076,.T.);
#3076 = EDGE_CURVE('',#3069,#3077,#3079,.T.);
#3077 = VERTEX_POINT('',#3078);
#3078 = CARTESIAN_POINT('',(72.817994974843,-69.9895678501,87.));
#3079 = LINE('',#3080,#3081);
#3080 = CARTESIAN_POINT('',(33.234018715768,-30.40559159102,87.));
#3081 = VECTOR('',#3082,1.);
#3082 = DIRECTION('',(0.707106781187,-0.707106781187,0.));
#3083 = ORIENTED_EDGE('',*,*,#3084,.F.);
#3084 = EDGE_CURVE('',#1894,#3077,#3085,.T.);
#3085 = LINE('',#3086,#3087);
#3086 = CARTESIAN_POINT('',(72.817994974845,-69.98956785009,4.));
#3087 = VECTOR('',#3088,1.);
#3088 = DIRECTION('',(0.,0.,1.));
#3089 = PLANE('',#3090);
#3090 = AXIS2_PLACEMENT_3D('',#3091,#3092,#3093);
#3091 = CARTESIAN_POINT('',(33.234018715768,-30.40559159102,4.));
#3092 = DIRECTION('',(0.707106781187,0.707106781187,0.));
#3093 = DIRECTION('',(0.,0.,1.));
#3094 = ADVANCED_FACE('',(#3095),#3168,.F.);
#3095 = FACE_BOUND('',#3096,.F.);
#3096 = EDGE_LOOP('',(#3097,#3098,#3106,#3114,#3122,#3130,#3138,#3146,
    #3154,#3162));
#3097 = ORIENTED_EDGE('',*,*,#1913,.F.);
#3098 = ORIENTED_EDGE('',*,*,#3099,.T.);
#3099 = EDGE_CURVE('',#1914,#3100,#3102,.T.);
#3100 = VERTEX_POINT('',#3101);
#3101 = CARTESIAN_POINT('',(33.234018715768,30.405591591022,79.));
#3102 = LINE('',#3103,#3104);
#3103 = CARTESIAN_POINT('',(33.234018715768,30.405591591022,4.));
#3104 = VECTOR('',#3105,1.);
#3105 = DIRECTION('',(0.,0.,1.));
#3106 = ORIENTED_EDGE('',*,*,#3107,.T.);
#3107 = EDGE_CURVE('',#3100,#3108,#3110,.T.);
#3108 = VERTEX_POINT('',#3109);
#3109 = CARTESIAN_POINT('',(37.888602627345,35.060175502599,79.));
#3110 = LINE('',#3111,#3112);
#3111 = CARTESIAN_POINT('',(33.941125496954,31.112698372208,79.));
#3112 = VECTOR('',#3113,1.);
#3113 = DIRECTION('',(0.707106781187,0.707106781187,0.));
#3114 = ORIENTED_EDGE('',*,*,#3115,.T.);
#3115 = EDGE_CURVE('',#3108,#3116,#3118,.T.);
#3116 = VERTEX_POINT('',#3117);
#3117 = CARTESIAN_POINT('',(37.888602627345,35.060175502599,87.));
#3118 = LINE('',#3119,#3120);
#3119 = CARTESIAN_POINT('',(37.888602627345,35.060175502599,79.));
#3120 = VECTOR('',#3121,1.);
#3121 = DIRECTION('',(0.,0.,1.));
#3122 = ORIENTED_EDGE('',*,*,#3123,.T.);
#3123 = EDGE_CURVE('',#3116,#3124,#3126,.T.);
#3124 = VERTEX_POINT('',#3125);
#3125 = CARTESIAN_POINT('',(38.478929740802,35.650502616056,87.));
#3126 = LINE('',#3127,#3128);
#3127 = CARTESIAN_POINT('',(33.234018715768,30.405591591022,87.));
#3128 = VECTOR('',#3129,1.);
#3129 = DIRECTION('',(0.707106781187,0.707106781187,0.));
#3130 = ORIENTED_EDGE('',*,*,#3131,.F.);
#3131 = EDGE_CURVE('',#3132,#3124,#3134,.T.);
#3132 = VERTEX_POINT('',#3133);
#3133 = CARTESIAN_POINT('',(38.478929740802,35.650502616056,79.));
#3134 = LINE('',#3135,#3136);
#3135 = CARTESIAN_POINT('',(38.478929740802,35.650502616056,79.));
#3136 = VECTOR('',#3137,1.);
#3137 = DIRECTION('',(0.,0.,1.));
#3138 = ORIENTED_EDGE('',*,*,#3139,.T.);
#3139 = EDGE_CURVE('',#3132,#3140,#3142,.T.);
#3140 = VERTEX_POINT('',#3141);
#3141 = CARTESIAN_POINT('',(44.95967043921,42.131243314464,79.));
#3142 = LINE('',#3143,#3144);
#3143 = CARTESIAN_POINT('',(37.476659402887,34.648232278141,79.));
#3144 = VECTOR('',#3145,1.);
#3145 = DIRECTION('',(0.707106781187,0.707106781187,0.));
#3146 = ORIENTED_EDGE('',*,*,#3147,.T.);
#3147 = EDGE_CURVE('',#3140,#3148,#3150,.T.);
#3148 = VERTEX_POINT('',#3149);
#3149 = CARTESIAN_POINT('',(44.95967043921,42.131243314464,87.));
#3150 = LINE('',#3151,#3152);
#3151 = CARTESIAN_POINT('',(44.95967043921,42.131243314464,79.));
#3152 = VECTOR('',#3153,1.);
#3153 = DIRECTION('',(0.,0.,1.));
#3154 = ORIENTED_EDGE('',*,*,#3155,.T.);
#3155 = EDGE_CURVE('',#3148,#3156,#3158,.T.);
#3156 = VERTEX_POINT('',#3157);
#3157 = CARTESIAN_POINT('',(72.817994974845,69.989567850098,87.));
#3158 = LINE('',#3159,#3160);
#3159 = CARTESIAN_POINT('',(33.234018715768,30.405591591022,87.));
#3160 = VECTOR('',#3161,1.);
#3161 = DIRECTION('',(0.707106781187,0.707106781187,0.));
#3162 = ORIENTED_EDGE('',*,*,#3163,.F.);
#3163 = EDGE_CURVE('',#1905,#3156,#3164,.T.);
#3164 = LINE('',#3165,#3166);
#3165 = CARTESIAN_POINT('',(72.817994974845,69.989567850098,4.));
#3166 = VECTOR('',#3167,1.);
#3167 = DIRECTION('',(0.,0.,1.));
#3168 = PLANE('',#3169);
#3169 = AXIS2_PLACEMENT_3D('',#3170,#3171,#3172);
#3170 = CARTESIAN_POINT('',(33.234018715768,30.405591591022,4.));
#3171 = DIRECTION('',(-0.707106781187,0.707106781187,0.));
#3172 = DIRECTION('',(0.,0.,1.));
#3173 = ADVANCED_FACE('',(#3174),#3240,.F.);
#3174 = FACE_BOUND('',#3175,.F.);
#3175 = EDGE_LOOP('',(#3176,#3177,#3185,#3193,#3201,#3209,#3217,#3225,
    #3233,#3239));
#3176 = ORIENTED_EDGE('',*,*,#1946,.F.);
#3177 = ORIENTED_EDGE('',*,*,#3178,.T.);
#3178 = EDGE_CURVE('',#1947,#3179,#3181,.T.);
#3179 = VERTEX_POINT('',#3180);
#3180 = CARTESIAN_POINT('',(-30.40559159102,33.234018715768,79.));
#3181 = LINE('',#3182,#3183);
#3182 = CARTESIAN_POINT('',(-30.40559159102,33.234018715768,4.));
#3183 = VECTOR('',#3184,1.);
#3184 = DIRECTION('',(0.,0.,1.));
#3185 = ORIENTED_EDGE('',*,*,#3186,.T.);
#3186 = EDGE_CURVE('',#3179,#3187,#3189,.T.);
#3187 = VERTEX_POINT('',#3188);
#3188 = CARTESIAN_POINT('',(-35.06017550259,37.888602627345,79.));
#3189 = LINE('',#3190,#3191);
#3190 = CARTESIAN_POINT('',(-31.1126983722,33.941125496954,79.));
#3191 = VECTOR('',#3192,1.);
#3192 = DIRECTION('',(-0.707106781187,0.707106781187,0.));
#3193 = ORIENTED_EDGE('',*,*,#3194,.T.);
#3194 = EDGE_CURVE('',#3187,#3195,#3197,.T.);
#3195 = VERTEX_POINT('',#3196);
#3196 = CARTESIAN_POINT('',(-35.06017550259,37.888602627345,87.));
#3197 = LINE('',#3198,#3199);
#3198 = CARTESIAN_POINT('',(-35.06017550259,37.888602627345,79.));
#3199 = VECTOR('',#3200,1.);
#3200 = DIRECTION('',(0.,0.,1.));
#3201 = ORIENTED_EDGE('',*,*,#3202,.T.);
#3202 = EDGE_CURVE('',#3195,#3203,#3205,.T.);
#3203 = VERTEX_POINT('',#3204);
#3204 = CARTESIAN_POINT('',(-35.65050261605,38.478929740802,87.));
#3205 = LINE('',#3206,#3207);
#3206 = CARTESIAN_POINT('',(-30.40559159102,33.234018715768,87.));
#3207 = VECTOR('',#3208,1.);
#3208 = DIRECTION('',(-0.707106781187,0.707106781187,0.));
#3209 = ORIENTED_EDGE('',*,*,#3210,.F.);
#3210 = EDGE_CURVE('',#3211,#3203,#3213,.T.);
#3211 = VERTEX_POINT('',#3212);
#3212 = CARTESIAN_POINT('',(-35.65050261605,38.478929740802,79.));
#3213 = LINE('',#3214,#3215);
#3214 = CARTESIAN_POINT('',(-35.65050261605,38.478929740802,79.));
#3215 = VECTOR('',#3216,1.);
#3216 = DIRECTION('',(0.,0.,1.));
#3217 = ORIENTED_EDGE('',*,*,#3218,.T.);
#3218 = EDGE_CURVE('',#3211,#3219,#3221,.T.);
#3219 = VERTEX_POINT('',#3220);
#3220 = CARTESIAN_POINT('',(-42.13124331446,44.95967043921,79.));
#3221 = LINE('',#3222,#3223);
#3222 = CARTESIAN_POINT('',(-34.64823227814,37.476659402887,79.));
#3223 = VECTOR('',#3224,1.);
#3224 = DIRECTION('',(-0.707106781187,0.707106781187,0.));
#3225 = ORIENTED_EDGE('',*,*,#3226,.T.);
#3226 = EDGE_CURVE('',#3219,#3227,#3229,.T.);
#3227 = VERTEX_POINT('',#3228);
#3228 = CARTESIAN_POINT('',(-42.13124331446,44.95967043921,87.));
#3229 = LINE('',#3230,#3231);
#3230 = CARTESIAN_POINT('',(-42.13124331446,44.95967043921,79.));
#3231 = VECTOR('',#3232,1.);
#3232 = DIRECTION('',(0.,0.,1.));
#3233 = ORIENTED_EDGE('',*,*,#3234,.T.);
#3234 = EDGE_CURVE('',#3227,#2079,#3235,.T.);
#3235 = LINE('',#3236,#3237);
#3236 = CARTESIAN_POINT('',(-30.40559159102,33.234018715768,87.));
#3237 = VECTOR('',#3238,1.);
#3238 = DIRECTION('',(-0.707106781187,0.707106781187,0.));
#3239 = ORIENTED_EDGE('',*,*,#2094,.F.);
#3240 = PLANE('',#3241);
#3241 = AXIS2_PLACEMENT_3D('',#3242,#3243,#3244);
#3242 = CARTESIAN_POINT('',(-30.40559159102,33.234018715768,4.));
#3243 = DIRECTION('',(-0.707106781187,-0.707106781187,0.));
#3244 = DIRECTION('',(0.,0.,1.));
#3245 = ADVANCED_FACE('',(#3246),#3312,.T.);
#3246 = FACE_BOUND('',#3247,.T.);
#3247 = EDGE_LOOP('',(#3248,#3249,#3257,#3265,#3273,#3281,#3289,#3297,
    #3305,#3311));
#3248 = ORIENTED_EDGE('',*,*,#1929,.F.);
#3249 = ORIENTED_EDGE('',*,*,#3250,.T.);
#3250 = EDGE_CURVE('',#1922,#3251,#3253,.T.);
#3251 = VERTEX_POINT('',#3252);
#3252 = CARTESIAN_POINT('',(30.405591591022,33.234018715768,79.));
#3253 = LINE('',#3254,#3255);
#3254 = CARTESIAN_POINT('',(30.405591591022,33.234018715768,4.));
#3255 = VECTOR('',#3256,1.);
#3256 = DIRECTION('',(0.,0.,1.));
#3257 = ORIENTED_EDGE('',*,*,#3258,.T.);
#3258 = EDGE_CURVE('',#3251,#3259,#3261,.T.);
#3259 = VERTEX_POINT('',#3260);
#3260 = CARTESIAN_POINT('',(35.060175502599,37.888602627345,79.));
#3261 = LINE('',#3262,#3263);
#3262 = CARTESIAN_POINT('',(31.112698372208,33.941125496954,79.));
#3263 = VECTOR('',#3264,1.);
#3264 = DIRECTION('',(0.707106781187,0.707106781187,0.));
#3265 = ORIENTED_EDGE('',*,*,#3266,.T.);
#3266 = EDGE_CURVE('',#3259,#3267,#3269,.T.);
#3267 = VERTEX_POINT('',#3268);
#3268 = CARTESIAN_POINT('',(35.060175502598,37.888602627345,87.));
#3269 = LINE('',#3270,#3271);
#3270 = CARTESIAN_POINT('',(35.060175502599,37.888602627345,79.));
#3271 = VECTOR('',#3272,1.);
#3272 = DIRECTION('',(0.,0.,1.));
#3273 = ORIENTED_EDGE('',*,*,#3274,.T.);
#3274 = EDGE_CURVE('',#3267,#3275,#3277,.T.);
#3275 = VERTEX_POINT('',#3276);
#3276 = CARTESIAN_POINT('',(35.650502616056,38.478929740802,87.));
#3277 = LINE('',#3278,#3279);
#3278 = CARTESIAN_POINT('',(30.405591591022,33.234018715768,87.));
#3279 = VECTOR('',#3280,1.);
#3280 = DIRECTION('',(0.707106781187,0.707106781187,0.));
#3281 = ORIENTED_EDGE('',*,*,#3282,.F.);
#3282 = EDGE_CURVE('',#3283,#3275,#3285,.T.);
#3283 = VERTEX_POINT('',#3284);
#3284 = CARTESIAN_POINT('',(35.650502616056,38.478929740802,79.));
#3285 = LINE('',#3286,#3287);
#3286 = CARTESIAN_POINT('',(35.650502616056,38.478929740802,79.));
#3287 = VECTOR('',#3288,1.);
#3288 = DIRECTION('',(0.,0.,1.));
#3289 = ORIENTED_EDGE('',*,*,#3290,.T.);
#3290 = EDGE_CURVE('',#3283,#3291,#3293,.T.);
#3291 = VERTEX_POINT('',#3292);
#3292 = CARTESIAN_POINT('',(42.131243314464,44.95967043921,79.));
#3293 = LINE('',#3294,#3295);
#3294 = CARTESIAN_POINT('',(34.648232278141,37.476659402887,79.));
#3295 = VECTOR('',#3296,1.);
#3296 = DIRECTION('',(0.707106781187,0.707106781187,0.));
#3297 = ORIENTED_EDGE('',*,*,#3298,.T.);
#3298 = EDGE_CURVE('',#3291,#3299,#3301,.T.);
#3299 = VERTEX_POINT('',#3300);
#3300 = CARTESIAN_POINT('',(42.131243314464,44.95967043921,87.));
#3301 = LINE('',#3302,#3303);
#3302 = CARTESIAN_POINT('',(42.131243314464,44.95967043921,79.));
#3303 = VECTOR('',#3304,1.);
#3304 = DIRECTION('',(0.,0.,1.));
#3305 = ORIENTED_EDGE('',*,*,#3306,.T.);
#3306 = EDGE_CURVE('',#3299,#2077,#3307,.T.);
#3307 = LINE('',#3308,#3309);
#3308 = CARTESIAN_POINT('',(30.405591591022,33.234018715768,87.));
#3309 = VECTOR('',#3310,1.);
#3310 = DIRECTION('',(0.707106781187,0.707106781187,0.));
#3311 = ORIENTED_EDGE('',*,*,#2087,.F.);
#3312 = PLANE('',#3313);
#3313 = AXIS2_PLACEMENT_3D('',#3314,#3315,#3316);
#3314 = CARTESIAN_POINT('',(30.405591591022,33.234018715768,4.));
#3315 = DIRECTION('',(-0.707106781187,0.707106781187,0.));
#3316 = DIRECTION('',(0.,0.,1.));
#3317 = ADVANCED_FACE('',(#3318),#3384,.F.);
#3318 = FACE_BOUND('',#3319,.F.);
#3319 = EDGE_LOOP('',(#3320,#3321,#3329,#3337,#3345,#3353,#3361,#3369,
    #3377,#3383));
#3320 = ORIENTED_EDGE('',*,*,#1979,.F.);
#3321 = ORIENTED_EDGE('',*,*,#3322,.T.);
#3322 = EDGE_CURVE('',#1980,#3323,#3325,.T.);
#3323 = VERTEX_POINT('',#3324);
#3324 = CARTESIAN_POINT('',(-33.23401871576,-30.40559159102,79.));
#3325 = LINE('',#3326,#3327);
#3326 = CARTESIAN_POINT('',(-33.23401871576,-30.40559159102,4.));
#3327 = VECTOR('',#3328,1.);
#3328 = DIRECTION('',(0.,0.,1.));
#3329 = ORIENTED_EDGE('',*,*,#3330,.T.);
#3330 = EDGE_CURVE('',#3323,#3331,#3333,.T.);
#3331 = VERTEX_POINT('',#3332);
#3332 = CARTESIAN_POINT('',(-37.88860262734,-35.06017550259,79.));
#3333 = LINE('',#3334,#3335);
#3334 = CARTESIAN_POINT('',(-33.94112549695,-31.1126983722,79.));
#3335 = VECTOR('',#3336,1.);
#3336 = DIRECTION('',(-0.707106781187,-0.707106781187,0.));
#3337 = ORIENTED_EDGE('',*,*,#3338,.T.);
#3338 = EDGE_CURVE('',#3331,#3339,#3341,.T.);
#3339 = VERTEX_POINT('',#3340);
#3340 = CARTESIAN_POINT('',(-37.88860262734,-35.06017550259,87.));
#3341 = LINE('',#3342,#3343);
#3342 = CARTESIAN_POINT('',(-37.88860262734,-35.06017550259,79.));
#3343 = VECTOR('',#3344,1.);
#3344 = DIRECTION('',(0.,0.,1.));
#3345 = ORIENTED_EDGE('',*,*,#3346,.T.);
#3346 = EDGE_CURVE('',#3339,#3347,#3349,.T.);
#3347 = VERTEX_POINT('',#3348);
#3348 = CARTESIAN_POINT('',(-38.4789297408,-35.65050261605,87.));
#3349 = LINE('',#3350,#3351);
#3350 = CARTESIAN_POINT('',(-33.23401871576,-30.40559159102,87.));
#3351 = VECTOR('',#3352,1.);
#3352 = DIRECTION('',(-0.707106781187,-0.707106781187,0.));
#3353 = ORIENTED_EDGE('',*,*,#3354,.F.);
#3354 = EDGE_CURVE('',#3355,#3347,#3357,.T.);
#3355 = VERTEX_POINT('',#3356);
#3356 = CARTESIAN_POINT('',(-38.4789297408,-35.65050261605,79.));
#3357 = LINE('',#3358,#3359);
#3358 = CARTESIAN_POINT('',(-38.4789297408,-35.65050261605,79.));
#3359 = VECTOR('',#3360,1.);
#3360 = DIRECTION('',(0.,0.,1.));
#3361 = ORIENTED_EDGE('',*,*,#3362,.T.);
#3362 = EDGE_CURVE('',#3355,#3363,#3365,.T.);
#3363 = VERTEX_POINT('',#3364);
#3364 = CARTESIAN_POINT('',(-44.95967043921,-42.13124331446,79.));
#3365 = LINE('',#3366,#3367);
#3366 = CARTESIAN_POINT('',(-37.47665940288,-34.64823227814,79.));
#3367 = VECTOR('',#3368,1.);
#3368 = DIRECTION('',(-0.707106781187,-0.707106781187,0.));
#3369 = ORIENTED_EDGE('',*,*,#3370,.T.);
#3370 = EDGE_CURVE('',#3363,#3371,#3373,.T.);
#3371 = VERTEX_POINT('',#3372);
#3372 = CARTESIAN_POINT('',(-44.95967043921,-42.13124331446,87.));
#3373 = LINE('',#3374,#3375);
#3374 = CARTESIAN_POINT('',(-44.95967043921,-42.13124331446,79.));
#3375 = VECTOR('',#3376,1.);
#3376 = DIRECTION('',(0.,0.,1.));
#3377 = ORIENTED_EDGE('',*,*,#3378,.T.);
#3378 = EDGE_CURVE('',#3371,#2111,#3379,.T.);
#3379 = LINE('',#3380,#3381);
#3380 = CARTESIAN_POINT('',(-33.23401871576,-30.40559159102,87.));
#3381 = VECTOR('',#3382,1.);
#3382 = DIRECTION('',(-0.707106781187,-0.707106781187,0.));
#3383 = ORIENTED_EDGE('',*,*,#2126,.F.);
#3384 = PLANE('',#3385);
#3385 = AXIS2_PLACEMENT_3D('',#3386,#3387,#3388);
#3386 = CARTESIAN_POINT('',(-33.23401871576,-30.40559159102,4.));
#3387 = DIRECTION('',(0.707106781187,-0.707106781187,0.));
#3388 = DIRECTION('',(0.,0.,1.));
#3389 = ADVANCED_FACE('',(#3390),#3456,.T.);
#3390 = FACE_BOUND('',#3391,.T.);
#3391 = EDGE_LOOP('',(#3392,#3393,#3401,#3409,#3417,#3425,#3433,#3441,
    #3449,#3455));
#3392 = ORIENTED_EDGE('',*,*,#1962,.F.);
#3393 = ORIENTED_EDGE('',*,*,#3394,.T.);
#3394 = EDGE_CURVE('',#1955,#3395,#3397,.T.);
#3395 = VERTEX_POINT('',#3396);
#3396 = CARTESIAN_POINT('',(-33.23401871576,30.405591591022,79.));
#3397 = LINE('',#3398,#3399);
#3398 = CARTESIAN_POINT('',(-33.23401871576,30.405591591022,4.));
#3399 = VECTOR('',#3400,1.);
#3400 = DIRECTION('',(0.,0.,1.));
#3401 = ORIENTED_EDGE('',*,*,#3402,.T.);
#3402 = EDGE_CURVE('',#3395,#3403,#3405,.T.);
#3403 = VERTEX_POINT('',#3404);
#3404 = CARTESIAN_POINT('',(-37.88860262734,35.060175502599,79.));
#3405 = LINE('',#3406,#3407);
#3406 = CARTESIAN_POINT('',(-33.94112549695,31.112698372208,79.));
#3407 = VECTOR('',#3408,1.);
#3408 = DIRECTION('',(-0.707106781187,0.707106781187,0.));
#3409 = ORIENTED_EDGE('',*,*,#3410,.T.);
#3410 = EDGE_CURVE('',#3403,#3411,#3413,.T.);
#3411 = VERTEX_POINT('',#3412);
#3412 = CARTESIAN_POINT('',(-37.88860262734,35.060175502598,87.));
#3413 = LINE('',#3414,#3415);
#3414 = CARTESIAN_POINT('',(-37.88860262734,35.060175502599,79.));
#3415 = VECTOR('',#3416,1.);
#3416 = DIRECTION('',(0.,0.,1.));
#3417 = ORIENTED_EDGE('',*,*,#3418,.T.);
#3418 = EDGE_CURVE('',#3411,#3419,#3421,.T.);
#3419 = VERTEX_POINT('',#3420);
#3420 = CARTESIAN_POINT('',(-38.4789297408,35.650502616056,87.));
#3421 = LINE('',#3422,#3423);
#3422 = CARTESIAN_POINT('',(-33.23401871576,30.405591591022,87.));
#3423 = VECTOR('',#3424,1.);
#3424 = DIRECTION('',(-0.707106781187,0.707106781187,0.));
#3425 = ORIENTED_EDGE('',*,*,#3426,.F.);
#3426 = EDGE_CURVE('',#3427,#3419,#3429,.T.);
#3427 = VERTEX_POINT('',#3428);
#3428 = CARTESIAN_POINT('',(-38.4789297408,35.650502616056,79.));
#3429 = LINE('',#3430,#3431);
#3430 = CARTESIAN_POINT('',(-38.4789297408,35.650502616056,79.));
#3431 = VECTOR('',#3432,1.);
#3432 = DIRECTION('',(0.,0.,1.));
#3433 = ORIENTED_EDGE('',*,*,#3434,.T.);
#3434 = EDGE_CURVE('',#3427,#3435,#3437,.T.);
#3435 = VERTEX_POINT('',#3436);
#3436 = CARTESIAN_POINT('',(-44.95967043921,42.131243314464,79.));
#3437 = LINE('',#3438,#3439);
#3438 = CARTESIAN_POINT('',(-37.47665940288,34.648232278141,79.));
#3439 = VECTOR('',#3440,1.);
#3440 = DIRECTION('',(-0.707106781187,0.707106781187,0.));
#3441 = ORIENTED_EDGE('',*,*,#3442,.T.);
#3442 = EDGE_CURVE('',#3435,#3443,#3445,.T.);
#3443 = VERTEX_POINT('',#3444);
#3444 = CARTESIAN_POINT('',(-44.95967043921,42.131243314464,87.));
#3445 = LINE('',#3446,#3447);
#3446 = CARTESIAN_POINT('',(-44.95967043921,42.131243314464,79.));
#3447 = VECTOR('',#3448,1.);
#3448 = DIRECTION('',(0.,0.,1.));
#3449 = ORIENTED_EDGE('',*,*,#3450,.T.);
#3450 = EDGE_CURVE('',#3443,#2109,#3451,.T.);
#3451 = LINE('',#3452,#3453);
#3452 = CARTESIAN_POINT('',(-33.23401871576,30.405591591022,87.));
#3453 = VECTOR('',#3454,1.);
#3454 = DIRECTION('',(-0.707106781187,0.707106781187,0.));
#3455 = ORIENTED_EDGE('',*,*,#2119,.F.);
#3456 = PLANE('',#3457);
#3457 = AXIS2_PLACEMENT_3D('',#3458,#3459,#3460);
#3458 = CARTESIAN_POINT('',(-33.23401871576,30.405591591022,4.));
#3459 = DIRECTION('',(-0.707106781187,-0.707106781187,0.));
#3460 = DIRECTION('',(0.,0.,1.));
#3461 = ADVANCED_FACE('',(#3462),#3528,.F.);
#3462 = FACE_BOUND('',#3463,.F.);
#3463 = EDGE_LOOP('',(#3464,#3465,#3473,#3481,#3489,#3497,#3505,#3513,
    #3521,#3527));
#3464 = ORIENTED_EDGE('',*,*,#2002,.F.);
#3465 = ORIENTED_EDGE('',*,*,#3466,.T.);
#3466 = EDGE_CURVE('',#2003,#3467,#3469,.T.);
#3467 = VERTEX_POINT('',#3468);
#3468 = CARTESIAN_POINT('',(30.405591591022,-33.23401871576,79.));
#3469 = LINE('',#3470,#3471);
#3470 = CARTESIAN_POINT('',(30.405591591022,-33.23401871576,4.));
#3471 = VECTOR('',#3472,1.);
#3472 = DIRECTION('',(0.,0.,1.));
#3473 = ORIENTED_EDGE('',*,*,#3474,.T.);
#3474 = EDGE_CURVE('',#3467,#3475,#3477,.T.);
#3475 = VERTEX_POINT('',#3476);
#3476 = CARTESIAN_POINT('',(35.060175502599,-37.88860262734,79.));
#3477 = LINE('',#3478,#3479);
#3478 = CARTESIAN_POINT('',(31.112698372208,-33.94112549695,79.));
#3479 = VECTOR('',#3480,1.);
#3480 = DIRECTION('',(0.707106781187,-0.707106781187,0.));
#3481 = ORIENTED_EDGE('',*,*,#3482,.T.);
#3482 = EDGE_CURVE('',#3475,#3483,#3485,.T.);
#3483 = VERTEX_POINT('',#3484);
#3484 = CARTESIAN_POINT('',(35.060175502598,-37.88860262734,87.));
#3485 = LINE('',#3486,#3487);
#3486 = CARTESIAN_POINT('',(35.060175502599,-37.88860262734,79.));
#3487 = VECTOR('',#3488,1.);
#3488 = DIRECTION('',(0.,0.,1.));
#3489 = ORIENTED_EDGE('',*,*,#3490,.T.);
#3490 = EDGE_CURVE('',#3483,#3491,#3493,.T.);
#3491 = VERTEX_POINT('',#3492);
#3492 = CARTESIAN_POINT('',(35.650502616056,-38.4789297408,87.));
#3493 = LINE('',#3494,#3495);
#3494 = CARTESIAN_POINT('',(30.405591591022,-33.23401871576,87.));
#3495 = VECTOR('',#3496,1.);
#3496 = DIRECTION('',(0.707106781187,-0.707106781187,0.));
#3497 = ORIENTED_EDGE('',*,*,#3498,.F.);
#3498 = EDGE_CURVE('',#3499,#3491,#3501,.T.);
#3499 = VERTEX_POINT('',#3500);
#3500 = CARTESIAN_POINT('',(35.650502616056,-38.4789297408,79.));
#3501 = LINE('',#3502,#3503);
#3502 = CARTESIAN_POINT('',(35.650502616056,-38.4789297408,79.));
#3503 = VECTOR('',#3504,1.);
#3504 = DIRECTION('',(0.,0.,1.));
#3505 = ORIENTED_EDGE('',*,*,#3506,.T.);
#3506 = EDGE_CURVE('',#3499,#3507,#3509,.T.);
#3507 = VERTEX_POINT('',#3508);
#3508 = CARTESIAN_POINT('',(42.131243314464,-44.95967043921,79.));
#3509 = LINE('',#3510,#3511);
#3510 = CARTESIAN_POINT('',(34.648232278141,-37.47665940288,79.));
#3511 = VECTOR('',#3512,1.);
#3512 = DIRECTION('',(0.707106781187,-0.707106781187,0.));
#3513 = ORIENTED_EDGE('',*,*,#3514,.T.);
#3514 = EDGE_CURVE('',#3507,#3515,#3517,.T.);
#3515 = VERTEX_POINT('',#3516);
#3516 = CARTESIAN_POINT('',(42.131243314464,-44.95967043921,87.));
#3517 = LINE('',#3518,#3519);
#3518 = CARTESIAN_POINT('',(42.131243314464,-44.95967043921,79.));
#3519 = VECTOR('',#3520,1.);
#3520 = DIRECTION('',(0.,0.,1.));
#3521 = ORIENTED_EDGE('',*,*,#3522,.T.);
#3522 = EDGE_CURVE('',#3515,#1854,#3523,.T.);
#3523 = LINE('',#3524,#3525);
#3524 = CARTESIAN_POINT('',(30.405591591022,-33.23401871576,87.));
#3525 = VECTOR('',#3526,1.);
#3526 = DIRECTION('',(0.707106781187,-0.707106781187,0.));
#3527 = ORIENTED_EDGE('',*,*,#1851,.F.);
#3528 = PLANE('',#3529);
#3529 = AXIS2_PLACEMENT_3D('',#3530,#3531,#3532);
#3530 = CARTESIAN_POINT('',(30.405591591022,-33.23401871576,4.));
#3531 = DIRECTION('',(0.707106781187,0.707106781187,0.));
#3532 = DIRECTION('',(0.,0.,1.));
#3533 = ADVANCED_FACE('',(#3534),#3600,.T.);
#3534 = FACE_BOUND('',#3535,.T.);
#3535 = EDGE_LOOP('',(#3536,#3537,#3545,#3553,#3561,#3569,#3577,#3585,
    #3593,#3599));
#3536 = ORIENTED_EDGE('',*,*,#1995,.F.);
#3537 = ORIENTED_EDGE('',*,*,#3538,.T.);
#3538 = EDGE_CURVE('',#1988,#3539,#3541,.T.);
#3539 = VERTEX_POINT('',#3540);
#3540 = CARTESIAN_POINT('',(-30.40559159102,-33.23401871576,79.));
#3541 = LINE('',#3542,#3543);
#3542 = CARTESIAN_POINT('',(-30.40559159102,-33.23401871576,4.));
#3543 = VECTOR('',#3544,1.);
#3544 = DIRECTION('',(0.,0.,1.));
#3545 = ORIENTED_EDGE('',*,*,#3546,.T.);
#3546 = EDGE_CURVE('',#3539,#3547,#3549,.T.);
#3547 = VERTEX_POINT('',#3548);
#3548 = CARTESIAN_POINT('',(-35.06017550259,-37.88860262734,79.));
#3549 = LINE('',#3550,#3551);
#3550 = CARTESIAN_POINT('',(-31.1126983722,-33.94112549695,79.));
#3551 = VECTOR('',#3552,1.);
#3552 = DIRECTION('',(-0.707106781187,-0.707106781187,0.));
#3553 = ORIENTED_EDGE('',*,*,#3554,.T.);
#3554 = EDGE_CURVE('',#3547,#3555,#3557,.T.);
#3555 = VERTEX_POINT('',#3556);
#3556 = CARTESIAN_POINT('',(-35.06017550259,-37.88860262734,87.));
#3557 = LINE('',#3558,#3559);
#3558 = CARTESIAN_POINT('',(-35.06017550259,-37.88860262734,79.));
#3559 = VECTOR('',#3560,1.);
#3560 = DIRECTION('',(0.,0.,1.));
#3561 = ORIENTED_EDGE('',*,*,#3562,.T.);
#3562 = EDGE_CURVE('',#3555,#3563,#3565,.T.);
#3563 = VERTEX_POINT('',#3564);
#3564 = CARTESIAN_POINT('',(-35.65050261605,-38.4789297408,87.));
#3565 = LINE('',#3566,#3567);
#3566 = CARTESIAN_POINT('',(-30.40559159102,-33.23401871576,87.));
#3567 = VECTOR('',#3568,1.);
#3568 = DIRECTION('',(-0.707106781187,-0.707106781187,0.));
#3569 = ORIENTED_EDGE('',*,*,#3570,.F.);
#3570 = EDGE_CURVE('',#3571,#3563,#3573,.T.);
#3571 = VERTEX_POINT('',#3572);
#3572 = CARTESIAN_POINT('',(-35.65050261605,-38.4789297408,79.));
#3573 = LINE('',#3574,#3575);
#3574 = CARTESIAN_POINT('',(-35.65050261605,-38.4789297408,79.));
#3575 = VECTOR('',#3576,1.);
#3576 = DIRECTION('',(0.,0.,1.));
#3577 = ORIENTED_EDGE('',*,*,#3578,.T.);
#3578 = EDGE_CURVE('',#3571,#3579,#3581,.T.);
#3579 = VERTEX_POINT('',#3580);
#3580 = CARTESIAN_POINT('',(-42.13124331446,-44.95967043921,79.));
#3581 = LINE('',#3582,#3583);
#3582 = CARTESIAN_POINT('',(-34.64823227814,-37.47665940288,79.));
#3583 = VECTOR('',#3584,1.);
#3584 = DIRECTION('',(-0.707106781187,-0.707106781187,0.));
#3585 = ORIENTED_EDGE('',*,*,#3586,.T.);
#3586 = EDGE_CURVE('',#3579,#3587,#3589,.T.);
#3587 = VERTEX_POINT('',#3588);
#3588 = CARTESIAN_POINT('',(-42.13124331446,-44.95967043921,87.));
#3589 = LINE('',#3590,#3591);
#3590 = CARTESIAN_POINT('',(-42.13124331446,-44.95967043921,79.));
#3591 = VECTOR('',#3592,1.);
#3592 = DIRECTION('',(0.,0.,1.));
#3593 = ORIENTED_EDGE('',*,*,#3594,.T.);
#3594 = EDGE_CURVE('',#3587,#1862,#3595,.T.);
#3595 = LINE('',#3596,#3597);
#3596 = CARTESIAN_POINT('',(-30.40559159102,-33.23401871576,87.));
#3597 = VECTOR('',#3598,1.);
#3598 = DIRECTION('',(-0.707106781187,-0.707106781187,0.));
#3599 = ORIENTED_EDGE('',*,*,#1870,.F.);
#3600 = PLANE('',#3601);
#3601 = AXIS2_PLACEMENT_3D('',#3602,#3603,#3604);
#3602 = CARTESIAN_POINT('',(-30.40559159102,-33.23401871576,4.));
#3603 = DIRECTION('',(0.707106781187,-0.707106781187,0.));
#3604 = DIRECTION('',(0.,0.,1.));
#3605 = ADVANCED_FACE('',(#3606),#3617,.F.);
#3606 = FACE_BOUND('',#3607,.F.);
#3607 = EDGE_LOOP('',(#3608,#3609,#3610,#3611));
#3608 = ORIENTED_EDGE('',*,*,#3466,.F.);
#3609 = ORIENTED_EDGE('',*,*,#2010,.T.);
#3610 = ORIENTED_EDGE('',*,*,#3020,.T.);
#3611 = ORIENTED_EDGE('',*,*,#3612,.T.);
#3612 = EDGE_CURVE('',#3021,#3467,#3613,.T.);
#3613 = LINE('',#3614,#3615);
#3614 = CARTESIAN_POINT('',(31.112698372208,-32.52691193458,79.));
#3615 = VECTOR('',#3616,1.);
#3616 = DIRECTION('',(-0.707106781187,-0.707106781187,0.));
#3617 = PLANE('',#3618);
#3618 = AXIS2_PLACEMENT_3D('',#3619,#3620,#3621);
#3619 = CARTESIAN_POINT('',(30.405591591022,-33.23401871576,4.));
#3620 = DIRECTION('',(0.707106781187,-0.707106781187,0.));
#3621 = DIRECTION('',(0.,0.,1.));
#3622 = ADVANCED_FACE('',(#3623),#3634,.F.);
#3623 = FACE_BOUND('',#3624,.F.);
#3624 = EDGE_LOOP('',(#3625,#3626,#3627,#3628));
#3625 = ORIENTED_EDGE('',*,*,#3099,.F.);
#3626 = ORIENTED_EDGE('',*,*,#1921,.T.);
#3627 = ORIENTED_EDGE('',*,*,#3250,.T.);
#3628 = ORIENTED_EDGE('',*,*,#3629,.T.);
#3629 = EDGE_CURVE('',#3251,#3100,#3630,.T.);
#3630 = LINE('',#3631,#3632);
#3631 = CARTESIAN_POINT('',(32.526911934581,31.112698372208,79.));
#3632 = VECTOR('',#3633,1.);
#3633 = DIRECTION('',(0.707106781187,-0.707106781187,0.));
#3634 = PLANE('',#3635);
#3635 = AXIS2_PLACEMENT_3D('',#3636,#3637,#3638);
#3636 = CARTESIAN_POINT('',(33.234018715768,30.405591591022,4.));
#3637 = DIRECTION('',(0.707106781187,0.707106781187,0.));
#3638 = DIRECTION('',(0.,0.,1.));
#3639 = ADVANCED_FACE('',(#3640),#3651,.F.);
#3640 = FACE_BOUND('',#3641,.F.);
#3641 = EDGE_LOOP('',(#3642,#3643,#3644,#3645));
#3642 = ORIENTED_EDGE('',*,*,#3322,.F.);
#3643 = ORIENTED_EDGE('',*,*,#1987,.T.);
#3644 = ORIENTED_EDGE('',*,*,#3538,.T.);
#3645 = ORIENTED_EDGE('',*,*,#3646,.T.);
#3646 = EDGE_CURVE('',#3539,#3323,#3647,.T.);
#3647 = LINE('',#3648,#3649);
#3648 = CARTESIAN_POINT('',(-32.52691193458,-31.1126983722,79.));
#3649 = VECTOR('',#3650,1.);
#3650 = DIRECTION('',(-0.707106781187,0.707106781187,0.));
#3651 = PLANE('',#3652);
#3652 = AXIS2_PLACEMENT_3D('',#3653,#3654,#3655);
#3653 = CARTESIAN_POINT('',(-33.23401871576,-30.40559159102,4.));
#3654 = DIRECTION('',(-0.707106781187,-0.707106781187,0.));
#3655 = DIRECTION('',(0.,0.,1.));
#3656 = ADVANCED_FACE('',(#3657),#3668,.F.);
#3657 = FACE_BOUND('',#3658,.F.);
#3658 = EDGE_LOOP('',(#3659,#3660,#3661,#3662));
#3659 = ORIENTED_EDGE('',*,*,#3178,.F.);
#3660 = ORIENTED_EDGE('',*,*,#1954,.T.);
#3661 = ORIENTED_EDGE('',*,*,#3394,.T.);
#3662 = ORIENTED_EDGE('',*,*,#3663,.T.);
#3663 = EDGE_CURVE('',#3395,#3179,#3664,.T.);
#3664 = LINE('',#3665,#3666);
#3665 = CARTESIAN_POINT('',(-31.1126983722,32.526911934581,79.));
#3666 = VECTOR('',#3667,1.);
#3667 = DIRECTION('',(0.707106781187,0.707106781187,0.));
#3668 = PLANE('',#3669);
#3669 = AXIS2_PLACEMENT_3D('',#3670,#3671,#3672);
#3670 = CARTESIAN_POINT('',(-30.40559159102,33.234018715768,4.));
#3671 = DIRECTION('',(-0.707106781187,0.707106781187,0.));
#3672 = DIRECTION('',(0.,0.,1.));
#3673 = ADVANCED_FACE('',(#3674),#3742,.T.);
#3674 = FACE_BOUND('',#3675,.T.);
#3675 = EDGE_LOOP('',(#3676,#3686,#3693,#3694,#3701,#3702,#3711,#3718,
    #3719,#3726,#3727,#3734,#3735));
#3676 = ORIENTED_EDGE('',*,*,#3677,.T.);
#3677 = EDGE_CURVE('',#3678,#3680,#3682,.T.);
#3678 = VERTEX_POINT('',#3679);
#3679 = CARTESIAN_POINT('',(45.305086527633,-40.30508652763,79.));
#3680 = VERTEX_POINT('',#3681);
#3681 = CARTESIAN_POINT('',(45.305086527633,-40.30508652763,90.));
#3682 = LINE('',#3683,#3684);
#3683 = CARTESIAN_POINT('',(45.305086527633,-40.30508652763,79.));
#3684 = VECTOR('',#3685,1.);
#3685 = DIRECTION('',(0.,0.,1.));
#3686 = ORIENTED_EDGE('',*,*,#3687,.F.);
#3687 = EDGE_CURVE('',#3680,#3680,#3688,.T.);
#3688 = CIRCLE('',#3689,5.);
#3689 = AXIS2_PLACEMENT_3D('',#3690,#3691,#3692);
#3690 = CARTESIAN_POINT('',(40.305086527633,-40.30508652763,90.));
#3691 = DIRECTION('',(0.,0.,1.));
#3692 = DIRECTION('',(1.,0.,0.));
#3693 = ORIENTED_EDGE('',*,*,#3677,.F.);
#3694 = ORIENTED_EDGE('',*,*,#3695,.T.);
#3695 = EDGE_CURVE('',#3678,#3053,#3696,.T.);
#3696 = CIRCLE('',#3697,5.);
#3697 = AXIS2_PLACEMENT_3D('',#3698,#3699,#3700);
#3698 = CARTESIAN_POINT('',(40.305086527633,-40.30508652763,79.));
#3699 = DIRECTION('',(0.,0.,1.));
#3700 = DIRECTION('',(1.,0.,0.));
#3701 = ORIENTED_EDGE('',*,*,#3052,.T.);
#3702 = ORIENTED_EDGE('',*,*,#3703,.T.);
#3703 = EDGE_CURVE('',#3045,#3704,#3706,.T.);
#3704 = VERTEX_POINT('',#3705);
#3705 = CARTESIAN_POINT('',(36.7695526217,-36.7695526217,87.));
#3706 = CIRCLE('',#3707,5.);
#3707 = AXIS2_PLACEMENT_3D('',#3708,#3709,#3710);
#3708 = CARTESIAN_POINT('',(40.305086527633,-40.30508652763,87.));
#3709 = DIRECTION('',(0.,0.,1.));
#3710 = DIRECTION('',(1.,0.,0.));
#3711 = ORIENTED_EDGE('',*,*,#3712,.T.);
#3712 = EDGE_CURVE('',#3704,#3491,#3713,.T.);
#3713 = CIRCLE('',#3714,5.);
#3714 = AXIS2_PLACEMENT_3D('',#3715,#3716,#3717);
#3715 = CARTESIAN_POINT('',(40.305086527633,-40.30508652763,87.));
#3716 = DIRECTION('',(0.,0.,1.));
#3717 = DIRECTION('',(1.,0.,0.));
#3718 = ORIENTED_EDGE('',*,*,#3498,.F.);
#3719 = ORIENTED_EDGE('',*,*,#3720,.T.);
#3720 = EDGE_CURVE('',#3499,#3507,#3721,.T.);
#3721 = CIRCLE('',#3722,5.);
#3722 = AXIS2_PLACEMENT_3D('',#3723,#3724,#3725);
#3723 = CARTESIAN_POINT('',(40.305086527633,-40.30508652763,79.));
#3724 = DIRECTION('',(0.,0.,1.));
#3725 = DIRECTION('',(1.,0.,0.));
#3726 = ORIENTED_EDGE('',*,*,#3514,.T.);
#3727 = ORIENTED_EDGE('',*,*,#3728,.T.);
#3728 = EDGE_CURVE('',#3515,#3069,#3729,.T.);
#3729 = CIRCLE('',#3730,5.);
#3730 = AXIS2_PLACEMENT_3D('',#3731,#3732,#3733);
#3731 = CARTESIAN_POINT('',(40.305086527633,-40.30508652763,87.));
#3732 = DIRECTION('',(0.,0.,1.));
#3733 = DIRECTION('',(1.,0.,0.));
#3734 = ORIENTED_EDGE('',*,*,#3068,.F.);
#3735 = ORIENTED_EDGE('',*,*,#3736,.T.);
#3736 = EDGE_CURVE('',#3061,#3678,#3737,.T.);
#3737 = CIRCLE('',#3738,5.);
#3738 = AXIS2_PLACEMENT_3D('',#3739,#3740,#3741);
#3739 = CARTESIAN_POINT('',(40.305086527633,-40.30508652763,79.));
#3740 = DIRECTION('',(0.,0.,1.));
#3741 = DIRECTION('',(1.,0.,0.));
#3742 = CYLINDRICAL_SURFACE('',#3743,5.);
#3743 = AXIS2_PLACEMENT_3D('',#3744,#3745,#3746);
#3744 = CARTESIAN_POINT('',(40.305086527633,-40.30508652763,79.));
#3745 = DIRECTION('',(0.,0.,1.));
#3746 = DIRECTION('',(1.,0.,0.));
#3747 = ADVANCED_FACE('',(#3748),#3753,.F.);
#3748 = FACE_BOUND('',#3749,.F.);
#3749 = EDGE_LOOP('',(#3750,#3751,#3752));
#3750 = ORIENTED_EDGE('',*,*,#3736,.T.);
#3751 = ORIENTED_EDGE('',*,*,#3695,.T.);
#3752 = ORIENTED_EDGE('',*,*,#3060,.T.);
#3753 = PLANE('',#3754);
#3754 = AXIS2_PLACEMENT_3D('',#3755,#3756,#3757);
#3755 = CARTESIAN_POINT('',(40.305086527633,-40.30508652763,79.));
#3756 = DIRECTION('',(0.,0.,1.));
#3757 = DIRECTION('',(1.,0.,0.));
#3758 = ADVANCED_FACE('',(#3759),#3780,.F.);
#3759 = FACE_BOUND('',#3760,.F.);
#3760 = EDGE_LOOP('',(#3761,#3770,#3777,#3778,#3779));
#3761 = ORIENTED_EDGE('',*,*,#3762,.T.);
#3762 = EDGE_CURVE('',#3029,#3763,#3765,.T.);
#3763 = VERTEX_POINT('',#3764);
#3764 = CARTESIAN_POINT('',(38.234018715768,-33.23401871576,79.));
#3765 = CIRCLE('',#3766,5.);
#3766 = AXIS2_PLACEMENT_3D('',#3767,#3768,#3769);
#3767 = CARTESIAN_POINT('',(33.234018715768,-33.23401871576,79.));
#3768 = DIRECTION('',(0.,0.,1.));
#3769 = DIRECTION('',(1.,0.,0.));
#3770 = ORIENTED_EDGE('',*,*,#3771,.T.);
#3771 = EDGE_CURVE('',#3763,#3475,#3772,.T.);
#3772 = CIRCLE('',#3773,5.);
#3773 = AXIS2_PLACEMENT_3D('',#3774,#3775,#3776);
#3774 = CARTESIAN_POINT('',(33.234018715768,-33.23401871576,79.));
#3775 = DIRECTION('',(0.,0.,1.));
#3776 = DIRECTION('',(1.,0.,0.));
#3777 = ORIENTED_EDGE('',*,*,#3474,.F.);
#3778 = ORIENTED_EDGE('',*,*,#3612,.F.);
#3779 = ORIENTED_EDGE('',*,*,#3028,.T.);
#3780 = PLANE('',#3781);
#3781 = AXIS2_PLACEMENT_3D('',#3782,#3783,#3784);
#3782 = CARTESIAN_POINT('',(33.234018715768,-33.23401871576,79.));
#3783 = DIRECTION('',(0.,0.,1.));
#3784 = DIRECTION('',(1.,0.,0.));
#3785 = ADVANCED_FACE('',(#3786),#3854,.T.);
#3786 = FACE_BOUND('',#3787,.T.);
#3787 = EDGE_LOOP('',(#3788,#3798,#3805,#3806,#3813,#3814,#3821,#3822,
    #3829,#3830,#3839,#3846,#3847));
#3788 = ORIENTED_EDGE('',*,*,#3789,.T.);
#3789 = EDGE_CURVE('',#3790,#3792,#3794,.T.);
#3790 = VERTEX_POINT('',#3791);
#3791 = CARTESIAN_POINT('',(45.305086527633,40.305086527633,79.));
#3792 = VERTEX_POINT('',#3793);
#3793 = CARTESIAN_POINT('',(45.305086527633,40.305086527633,90.));
#3794 = LINE('',#3795,#3796);
#3795 = CARTESIAN_POINT('',(45.305086527633,40.305086527633,79.));
#3796 = VECTOR('',#3797,1.);
#3797 = DIRECTION('',(0.,0.,1.));
#3798 = ORIENTED_EDGE('',*,*,#3799,.F.);
#3799 = EDGE_CURVE('',#3792,#3792,#3800,.T.);
#3800 = CIRCLE('',#3801,5.);
#3801 = AXIS2_PLACEMENT_3D('',#3802,#3803,#3804);
#3802 = CARTESIAN_POINT('',(40.305086527633,40.305086527633,90.));
#3803 = DIRECTION('',(0.,0.,1.));
#3804 = DIRECTION('',(1.,0.,0.));
#3805 = ORIENTED_EDGE('',*,*,#3789,.F.);
#3806 = ORIENTED_EDGE('',*,*,#3807,.T.);
#3807 = EDGE_CURVE('',#3790,#3140,#3808,.T.);
#3808 = CIRCLE('',#3809,5.);
#3809 = AXIS2_PLACEMENT_3D('',#3810,#3811,#3812);
#3810 = CARTESIAN_POINT('',(40.305086527633,40.305086527633,79.));
#3811 = DIRECTION('',(0.,0.,1.));
#3812 = DIRECTION('',(1.,0.,0.));
#3813 = ORIENTED_EDGE('',*,*,#3147,.T.);
#3814 = ORIENTED_EDGE('',*,*,#3815,.T.);
#3815 = EDGE_CURVE('',#3148,#3299,#3816,.T.);
#3816 = CIRCLE('',#3817,5.);
#3817 = AXIS2_PLACEMENT_3D('',#3818,#3819,#3820);
#3818 = CARTESIAN_POINT('',(40.305086527633,40.305086527633,87.));
#3819 = DIRECTION('',(0.,0.,1.));
#3820 = DIRECTION('',(1.,0.,0.));
#3821 = ORIENTED_EDGE('',*,*,#3298,.F.);
#3822 = ORIENTED_EDGE('',*,*,#3823,.T.);
#3823 = EDGE_CURVE('',#3291,#3283,#3824,.T.);
#3824 = CIRCLE('',#3825,5.);
#3825 = AXIS2_PLACEMENT_3D('',#3826,#3827,#3828);
#3826 = CARTESIAN_POINT('',(40.305086527633,40.305086527633,79.));
#3827 = DIRECTION('',(0.,0.,1.));
#3828 = DIRECTION('',(1.,0.,0.));
#3829 = ORIENTED_EDGE('',*,*,#3282,.T.);
#3830 = ORIENTED_EDGE('',*,*,#3831,.T.);
#3831 = EDGE_CURVE('',#3275,#3832,#3834,.T.);
#3832 = VERTEX_POINT('',#3833);
#3833 = CARTESIAN_POINT('',(36.7695526217,36.7695526217,87.));
#3834 = CIRCLE('',#3835,5.);
#3835 = AXIS2_PLACEMENT_3D('',#3836,#3837,#3838);
#3836 = CARTESIAN_POINT('',(40.305086527633,40.305086527633,87.));
#3837 = DIRECTION('',(0.,0.,1.));
#3838 = DIRECTION('',(1.,0.,0.));
#3839 = ORIENTED_EDGE('',*,*,#3840,.T.);
#3840 = EDGE_CURVE('',#3832,#3124,#3841,.T.);
#3841 = CIRCLE('',#3842,5.);
#3842 = AXIS2_PLACEMENT_3D('',#3843,#3844,#3845);
#3843 = CARTESIAN_POINT('',(40.305086527633,40.305086527633,87.));
#3844 = DIRECTION('',(0.,0.,1.));
#3845 = DIRECTION('',(1.,0.,0.));
#3846 = ORIENTED_EDGE('',*,*,#3131,.F.);
#3847 = ORIENTED_EDGE('',*,*,#3848,.T.);
#3848 = EDGE_CURVE('',#3132,#3790,#3849,.T.);
#3849 = CIRCLE('',#3850,5.);
#3850 = AXIS2_PLACEMENT_3D('',#3851,#3852,#3853);
#3851 = CARTESIAN_POINT('',(40.305086527633,40.305086527633,79.));
#3852 = DIRECTION('',(0.,0.,1.));
#3853 = DIRECTION('',(1.,0.,0.));
#3854 = CYLINDRICAL_SURFACE('',#3855,5.);
#3855 = AXIS2_PLACEMENT_3D('',#3856,#3857,#3858);
#3856 = CARTESIAN_POINT('',(40.305086527633,40.305086527633,79.));
#3857 = DIRECTION('',(0.,0.,1.));
#3858 = DIRECTION('',(1.,0.,0.));
#3859 = ADVANCED_FACE('',(#3860),#3865,.F.);
#3860 = FACE_BOUND('',#3861,.F.);
#3861 = EDGE_LOOP('',(#3862,#3863,#3864));
#3862 = ORIENTED_EDGE('',*,*,#3848,.T.);
#3863 = ORIENTED_EDGE('',*,*,#3807,.T.);
#3864 = ORIENTED_EDGE('',*,*,#3139,.F.);
#3865 = PLANE('',#3866);
#3866 = AXIS2_PLACEMENT_3D('',#3867,#3868,#3869);
#3867 = CARTESIAN_POINT('',(40.305086527633,40.305086527633,79.));
#3868 = DIRECTION('',(0.,0.,1.));
#3869 = DIRECTION('',(1.,0.,0.));
#3870 = ADVANCED_FACE('',(#3871),#3892,.F.);
#3871 = FACE_BOUND('',#3872,.F.);
#3872 = EDGE_LOOP('',(#3873,#3882,#3889,#3890,#3891));
#3873 = ORIENTED_EDGE('',*,*,#3874,.T.);
#3874 = EDGE_CURVE('',#3259,#3875,#3877,.T.);
#3875 = VERTEX_POINT('',#3876);
#3876 = CARTESIAN_POINT('',(38.234018715768,33.234018715768,79.));
#3877 = CIRCLE('',#3878,5.);
#3878 = AXIS2_PLACEMENT_3D('',#3879,#3880,#3881);
#3879 = CARTESIAN_POINT('',(33.234018715768,33.234018715768,79.));
#3880 = DIRECTION('',(0.,0.,1.));
#3881 = DIRECTION('',(1.,0.,0.));
#3882 = ORIENTED_EDGE('',*,*,#3883,.T.);
#3883 = EDGE_CURVE('',#3875,#3108,#3884,.T.);
#3884 = CIRCLE('',#3885,5.);
#3885 = AXIS2_PLACEMENT_3D('',#3886,#3887,#3888);
#3886 = CARTESIAN_POINT('',(33.234018715768,33.234018715768,79.));
#3887 = DIRECTION('',(0.,0.,1.));
#3888 = DIRECTION('',(1.,0.,0.));
#3889 = ORIENTED_EDGE('',*,*,#3107,.F.);
#3890 = ORIENTED_EDGE('',*,*,#3629,.F.);
#3891 = ORIENTED_EDGE('',*,*,#3258,.T.);
#3892 = PLANE('',#3893);
#3893 = AXIS2_PLACEMENT_3D('',#3894,#3895,#3896);
#3894 = CARTESIAN_POINT('',(33.234018715768,33.234018715768,79.));
#3895 = DIRECTION('',(0.,0.,1.));
#3896 = DIRECTION('',(1.,0.,0.));
#3897 = ADVANCED_FACE('',(#3898),#3966,.T.);
#3898 = FACE_BOUND('',#3899,.T.);
#3899 = EDGE_LOOP('',(#3900,#3910,#3917,#3918,#3925,#3926,#3933,#3934,
    #3941,#3942,#3951,#3958,#3959));
#3900 = ORIENTED_EDGE('',*,*,#3901,.T.);
#3901 = EDGE_CURVE('',#3902,#3904,#3906,.T.);
#3902 = VERTEX_POINT('',#3903);
#3903 = CARTESIAN_POINT('',(-35.30508652763,40.305086527633,79.));
#3904 = VERTEX_POINT('',#3905);
#3905 = CARTESIAN_POINT('',(-35.30508652763,40.305086527633,90.));
#3906 = LINE('',#3907,#3908);
#3907 = CARTESIAN_POINT('',(-35.30508652763,40.305086527633,79.));
#3908 = VECTOR('',#3909,1.);
#3909 = DIRECTION('',(0.,0.,1.));
#3910 = ORIENTED_EDGE('',*,*,#3911,.F.);
#3911 = EDGE_CURVE('',#3904,#3904,#3912,.T.);
#3912 = CIRCLE('',#3913,5.);
#3913 = AXIS2_PLACEMENT_3D('',#3914,#3915,#3916);
#3914 = CARTESIAN_POINT('',(-40.30508652763,40.305086527633,90.));
#3915 = DIRECTION('',(0.,0.,1.));
#3916 = DIRECTION('',(1.,0.,0.));
#3917 = ORIENTED_EDGE('',*,*,#3901,.F.);
#3918 = ORIENTED_EDGE('',*,*,#3919,.T.);
#3919 = EDGE_CURVE('',#3902,#3219,#3920,.T.);
#3920 = CIRCLE('',#3921,5.);
#3921 = AXIS2_PLACEMENT_3D('',#3922,#3923,#3924);
#3922 = CARTESIAN_POINT('',(-40.30508652763,40.305086527633,79.));
#3923 = DIRECTION('',(0.,0.,1.));
#3924 = DIRECTION('',(1.,0.,0.));
#3925 = ORIENTED_EDGE('',*,*,#3226,.T.);
#3926 = ORIENTED_EDGE('',*,*,#3927,.T.);
#3927 = EDGE_CURVE('',#3227,#3443,#3928,.T.);
#3928 = CIRCLE('',#3929,5.);
#3929 = AXIS2_PLACEMENT_3D('',#3930,#3931,#3932);
#3930 = CARTESIAN_POINT('',(-40.30508652763,40.305086527633,87.));
#3931 = DIRECTION('',(0.,0.,1.));
#3932 = DIRECTION('',(1.,0.,0.));
#3933 = ORIENTED_EDGE('',*,*,#3442,.F.);
#3934 = ORIENTED_EDGE('',*,*,#3935,.T.);
#3935 = EDGE_CURVE('',#3435,#3427,#3936,.T.);
#3936 = CIRCLE('',#3937,5.);
#3937 = AXIS2_PLACEMENT_3D('',#3938,#3939,#3940);
#3938 = CARTESIAN_POINT('',(-40.30508652763,40.305086527633,79.));
#3939 = DIRECTION('',(0.,0.,1.));
#3940 = DIRECTION('',(1.,0.,0.));
#3941 = ORIENTED_EDGE('',*,*,#3426,.T.);
#3942 = ORIENTED_EDGE('',*,*,#3943,.T.);
#3943 = EDGE_CURVE('',#3419,#3944,#3946,.T.);
#3944 = VERTEX_POINT('',#3945);
#3945 = CARTESIAN_POINT('',(-36.7695526217,36.7695526217,87.));
#3946 = CIRCLE('',#3947,5.);
#3947 = AXIS2_PLACEMENT_3D('',#3948,#3949,#3950);
#3948 = CARTESIAN_POINT('',(-40.30508652763,40.305086527633,87.));
#3949 = DIRECTION('',(0.,0.,1.));
#3950 = DIRECTION('',(1.,0.,0.));
#3951 = ORIENTED_EDGE('',*,*,#3952,.T.);
#3952 = EDGE_CURVE('',#3944,#3203,#3953,.T.);
#3953 = CIRCLE('',#3954,5.);
#3954 = AXIS2_PLACEMENT_3D('',#3955,#3956,#3957);
#3955 = CARTESIAN_POINT('',(-40.30508652763,40.305086527633,87.));
#3956 = DIRECTION('',(0.,0.,1.));
#3957 = DIRECTION('',(1.,0.,0.));
#3958 = ORIENTED_EDGE('',*,*,#3210,.F.);
#3959 = ORIENTED_EDGE('',*,*,#3960,.T.);
#3960 = EDGE_CURVE('',#3211,#3902,#3961,.T.);
#3961 = CIRCLE('',#3962,5.);
#3962 = AXIS2_PLACEMENT_3D('',#3963,#3964,#3965);
#3963 = CARTESIAN_POINT('',(-40.30508652763,40.305086527633,79.));
#3964 = DIRECTION('',(0.,0.,1.));
#3965 = DIRECTION('',(1.,0.,0.));
#3966 = CYLINDRICAL_SURFACE('',#3967,5.);
#3967 = AXIS2_PLACEMENT_3D('',#3968,#3969,#3970);
#3968 = CARTESIAN_POINT('',(-40.30508652763,40.305086527633,79.));
#3969 = DIRECTION('',(0.,0.,1.));
#3970 = DIRECTION('',(1.,0.,0.));
#3971 = ADVANCED_FACE('',(#3972),#3977,.F.);
#3972 = FACE_BOUND('',#3973,.F.);
#3973 = EDGE_LOOP('',(#3974,#3975,#3976));
#3974 = ORIENTED_EDGE('',*,*,#3960,.T.);
#3975 = ORIENTED_EDGE('',*,*,#3919,.T.);
#3976 = ORIENTED_EDGE('',*,*,#3218,.F.);
#3977 = PLANE('',#3978);
#3978 = AXIS2_PLACEMENT_3D('',#3979,#3980,#3981);
#3979 = CARTESIAN_POINT('',(-40.30508652763,40.305086527633,79.));
#3980 = DIRECTION('',(0.,0.,1.));
#3981 = DIRECTION('',(1.,0.,0.));
#3982 = ADVANCED_FACE('',(#3983),#4004,.F.);
#3983 = FACE_BOUND('',#3984,.F.);
#3984 = EDGE_LOOP('',(#3985,#3994,#4001,#4002,#4003));
#3985 = ORIENTED_EDGE('',*,*,#3986,.T.);
#3986 = EDGE_CURVE('',#3403,#3987,#3989,.T.);
#3987 = VERTEX_POINT('',#3988);
#3988 = CARTESIAN_POINT('',(-28.23401871576,33.234018715768,79.));
#3989 = CIRCLE('',#3990,5.);
#3990 = AXIS2_PLACEMENT_3D('',#3991,#3992,#3993);
#3991 = CARTESIAN_POINT('',(-33.23401871576,33.234018715768,79.));
#3992 = DIRECTION('',(0.,0.,1.));
#3993 = DIRECTION('',(1.,0.,0.));
#3994 = ORIENTED_EDGE('',*,*,#3995,.T.);
#3995 = EDGE_CURVE('',#3987,#3187,#3996,.T.);
#3996 = CIRCLE('',#3997,5.);
#3997 = AXIS2_PLACEMENT_3D('',#3998,#3999,#4000);
#3998 = CARTESIAN_POINT('',(-33.23401871576,33.234018715768,79.));
#3999 = DIRECTION('',(0.,0.,1.));
#4000 = DIRECTION('',(1.,0.,0.));
#4001 = ORIENTED_EDGE('',*,*,#3186,.F.);
#4002 = ORIENTED_EDGE('',*,*,#3663,.F.);
#4003 = ORIENTED_EDGE('',*,*,#3402,.T.);
#4004 = PLANE('',#4005);
#4005 = AXIS2_PLACEMENT_3D('',#4006,#4007,#4008);
#4006 = CARTESIAN_POINT('',(-33.23401871576,33.234018715768,79.));
#4007 = DIRECTION('',(0.,0.,1.));
#4008 = DIRECTION('',(1.,0.,0.));
#4009 = ADVANCED_FACE('',(#4010),#4014,.F.);
#4010 = FACE_BOUND('',#4011,.F.);
#4011 = EDGE_LOOP('',(#4012,#4013));
#4012 = ORIENTED_EDGE('',*,*,#3290,.T.);
#4013 = ORIENTED_EDGE('',*,*,#3823,.T.);
#4014 = PLANE('',#4015);
#4015 = AXIS2_PLACEMENT_3D('',#4016,#4017,#4018);
#4016 = CARTESIAN_POINT('',(40.305086527633,40.305086527633,79.));
#4017 = DIRECTION('',(0.,0.,1.));
#4018 = DIRECTION('',(1.,0.,0.));
#4019 = ADVANCED_FACE('',(#4020),#4088,.T.);
#4020 = FACE_BOUND('',#4021,.T.);
#4021 = EDGE_LOOP('',(#4022,#4032,#4039,#4040,#4047,#4048,#4057,#4064,
    #4065,#4072,#4073,#4080,#4081));
#4022 = ORIENTED_EDGE('',*,*,#4023,.T.);
#4023 = EDGE_CURVE('',#4024,#4026,#4028,.T.);
#4024 = VERTEX_POINT('',#4025);
#4025 = CARTESIAN_POINT('',(-35.30508652763,-40.30508652763,79.));
#4026 = VERTEX_POINT('',#4027);
#4027 = CARTESIAN_POINT('',(-35.30508652763,-40.30508652763,90.));
#4028 = LINE('',#4029,#4030);
#4029 = CARTESIAN_POINT('',(-35.30508652763,-40.30508652763,79.));
#4030 = VECTOR('',#4031,1.);
#4031 = DIRECTION('',(0.,0.,1.));
#4032 = ORIENTED_EDGE('',*,*,#4033,.F.);
#4033 = EDGE_CURVE('',#4026,#4026,#4034,.T.);
#4034 = CIRCLE('',#4035,5.);
#4035 = AXIS2_PLACEMENT_3D('',#4036,#4037,#4038);
#4036 = CARTESIAN_POINT('',(-40.30508652763,-40.30508652763,90.));
#4037 = DIRECTION('',(0.,0.,1.));
#4038 = DIRECTION('',(1.,0.,0.));
#4039 = ORIENTED_EDGE('',*,*,#4023,.F.);
#4040 = ORIENTED_EDGE('',*,*,#4041,.T.);
#4041 = EDGE_CURVE('',#4024,#3571,#4042,.T.);
#4042 = CIRCLE('',#4043,5.);
#4043 = AXIS2_PLACEMENT_3D('',#4044,#4045,#4046);
#4044 = CARTESIAN_POINT('',(-40.30508652763,-40.30508652763,79.));
#4045 = DIRECTION('',(0.,0.,1.));
#4046 = DIRECTION('',(1.,0.,0.));
#4047 = ORIENTED_EDGE('',*,*,#3570,.T.);
#4048 = ORIENTED_EDGE('',*,*,#4049,.T.);
#4049 = EDGE_CURVE('',#3563,#4050,#4052,.T.);
#4050 = VERTEX_POINT('',#4051);
#4051 = CARTESIAN_POINT('',(-36.7695526217,-36.7695526217,87.));
#4052 = CIRCLE('',#4053,5.);
#4053 = AXIS2_PLACEMENT_3D('',#4054,#4055,#4056);
#4054 = CARTESIAN_POINT('',(-40.30508652763,-40.30508652763,87.));
#4055 = DIRECTION('',(0.,0.,1.));
#4056 = DIRECTION('',(1.,0.,0.));
#4057 = ORIENTED_EDGE('',*,*,#4058,.T.);
#4058 = EDGE_CURVE('',#4050,#3347,#4059,.T.);
#4059 = CIRCLE('',#4060,5.);
#4060 = AXIS2_PLACEMENT_3D('',#4061,#4062,#4063);
#4061 = CARTESIAN_POINT('',(-40.30508652763,-40.30508652763,87.));
#4062 = DIRECTION('',(0.,0.,1.));
#4063 = DIRECTION('',(1.,0.,0.));
#4064 = ORIENTED_EDGE('',*,*,#3354,.F.);
#4065 = ORIENTED_EDGE('',*,*,#4066,.T.);
#4066 = EDGE_CURVE('',#3355,#3363,#4067,.T.);
#4067 = CIRCLE('',#4068,5.);
#4068 = AXIS2_PLACEMENT_3D('',#4069,#4070,#4071);
#4069 = CARTESIAN_POINT('',(-40.30508652763,-40.30508652763,79.));
#4070 = DIRECTION('',(0.,0.,1.));
#4071 = DIRECTION('',(1.,0.,0.));
#4072 = ORIENTED_EDGE('',*,*,#3370,.T.);
#4073 = ORIENTED_EDGE('',*,*,#4074,.T.);
#4074 = EDGE_CURVE('',#3371,#3587,#4075,.T.);
#4075 = CIRCLE('',#4076,5.);
#4076 = AXIS2_PLACEMENT_3D('',#4077,#4078,#4079);
#4077 = CARTESIAN_POINT('',(-40.30508652763,-40.30508652763,87.));
#4078 = DIRECTION('',(0.,0.,1.));
#4079 = DIRECTION('',(1.,0.,0.));
#4080 = ORIENTED_EDGE('',*,*,#3586,.F.);
#4081 = ORIENTED_EDGE('',*,*,#4082,.T.);
#4082 = EDGE_CURVE('',#3579,#4024,#4083,.T.);
#4083 = CIRCLE('',#4084,5.);
#4084 = AXIS2_PLACEMENT_3D('',#4085,#4086,#4087);
#4085 = CARTESIAN_POINT('',(-40.30508652763,-40.30508652763,79.));
#4086 = DIRECTION('',(0.,0.,1.));
#4087 = DIRECTION('',(1.,0.,0.));
#4088 = CYLINDRICAL_SURFACE('',#4089,5.);
#4089 = AXIS2_PLACEMENT_3D('',#4090,#4091,#4092);
#4090 = CARTESIAN_POINT('',(-40.30508652763,-40.30508652763,79.));
#4091 = DIRECTION('',(0.,0.,1.));
#4092 = DIRECTION('',(1.,0.,0.));
#4093 = ADVANCED_FACE('',(#4094),#4098,.F.);
#4094 = FACE_BOUND('',#4095,.F.);
#4095 = EDGE_LOOP('',(#4096,#4097));
#4096 = ORIENTED_EDGE('',*,*,#3362,.F.);
#4097 = ORIENTED_EDGE('',*,*,#4066,.T.);
#4098 = PLANE('',#4099);
#4099 = AXIS2_PLACEMENT_3D('',#4100,#4101,#4102);
#4100 = CARTESIAN_POINT('',(-40.30508652763,-40.30508652763,79.));
#4101 = DIRECTION('',(0.,0.,1.));
#4102 = DIRECTION('',(1.,0.,0.));
#4103 = ADVANCED_FACE('',(#4104),#4125,.F.);
#4104 = FACE_BOUND('',#4105,.F.);
#4105 = EDGE_LOOP('',(#4106,#4115,#4122,#4123,#4124));
#4106 = ORIENTED_EDGE('',*,*,#4107,.T.);
#4107 = EDGE_CURVE('',#3547,#4108,#4110,.T.);
#4108 = VERTEX_POINT('',#4109);
#4109 = CARTESIAN_POINT('',(-28.23401871576,-33.23401871576,79.));
#4110 = CIRCLE('',#4111,5.);
#4111 = AXIS2_PLACEMENT_3D('',#4112,#4113,#4114);
#4112 = CARTESIAN_POINT('',(-33.23401871576,-33.23401871576,79.));
#4113 = DIRECTION('',(0.,0.,1.));
#4114 = DIRECTION('',(1.,0.,0.));
#4115 = ORIENTED_EDGE('',*,*,#4116,.T.);
#4116 = EDGE_CURVE('',#4108,#3331,#4117,.T.);
#4117 = CIRCLE('',#4118,5.);
#4118 = AXIS2_PLACEMENT_3D('',#4119,#4120,#4121);
#4119 = CARTESIAN_POINT('',(-33.23401871576,-33.23401871576,79.));
#4120 = DIRECTION('',(0.,0.,1.));
#4121 = DIRECTION('',(1.,0.,0.));
#4122 = ORIENTED_EDGE('',*,*,#3330,.F.);
#4123 = ORIENTED_EDGE('',*,*,#3646,.F.);
#4124 = ORIENTED_EDGE('',*,*,#3546,.T.);
#4125 = PLANE('',#4126);
#4126 = AXIS2_PLACEMENT_3D('',#4127,#4128,#4129);
#4127 = CARTESIAN_POINT('',(-33.23401871576,-33.23401871576,79.));
#4128 = DIRECTION('',(0.,0.,1.));
#4129 = DIRECTION('',(1.,0.,0.));
#4130 = ADVANCED_FACE('',(#4131),#4135,.F.);
#4131 = FACE_BOUND('',#4132,.F.);
#4132 = EDGE_LOOP('',(#4133,#4134));
#4133 = ORIENTED_EDGE('',*,*,#3434,.T.);
#4134 = ORIENTED_EDGE('',*,*,#3935,.T.);
#4135 = PLANE('',#4136);
#4136 = AXIS2_PLACEMENT_3D('',#4137,#4138,#4139);
#4137 = CARTESIAN_POINT('',(-40.30508652763,40.305086527633,79.));
#4138 = DIRECTION('',(0.,0.,1.));
#4139 = DIRECTION('',(1.,0.,0.));
#4140 = ADVANCED_FACE('',(#4141),#4145,.F.);
#4141 = FACE_BOUND('',#4142,.F.);
#4142 = EDGE_LOOP('',(#4143,#4144));
#4143 = ORIENTED_EDGE('',*,*,#3506,.F.);
#4144 = ORIENTED_EDGE('',*,*,#3720,.T.);
#4145 = PLANE('',#4146);
#4146 = AXIS2_PLACEMENT_3D('',#4147,#4148,#4149);
#4147 = CARTESIAN_POINT('',(40.305086527633,-40.30508652763,79.));
#4148 = DIRECTION('',(0.,0.,1.));
#4149 = DIRECTION('',(1.,0.,0.));
#4150 = ADVANCED_FACE('',(#4151),#4156,.F.);
#4151 = FACE_BOUND('',#4152,.F.);
#4152 = EDGE_LOOP('',(#4153,#4154,#4155));
#4153 = ORIENTED_EDGE('',*,*,#4082,.T.);
#4154 = ORIENTED_EDGE('',*,*,#4041,.T.);
#4155 = ORIENTED_EDGE('',*,*,#3578,.T.);
#4156 = PLANE('',#4157);
#4157 = AXIS2_PLACEMENT_3D('',#4158,#4159,#4160);
#4158 = CARTESIAN_POINT('',(-40.30508652763,-40.30508652763,79.));
#4159 = DIRECTION('',(0.,0.,1.));
#4160 = DIRECTION('',(1.,0.,0.));
#4161 = ADVANCED_FACE('',(#4162,#4165),#4176,.T.);
#4162 = FACE_BOUND('',#4163,.T.);
#4163 = EDGE_LOOP('',(#4164));
#4164 = ORIENTED_EDGE('',*,*,#3687,.T.);
#4165 = FACE_BOUND('',#4166,.T.);
#4166 = EDGE_LOOP('',(#4167));
#4167 = ORIENTED_EDGE('',*,*,#4168,.F.);
#4168 = EDGE_CURVE('',#4169,#4169,#4171,.T.);
#4169 = VERTEX_POINT('',#4170);
#4170 = CARTESIAN_POINT('',(42.605086527633,-40.30508652763,90.));
#4171 = CIRCLE('',#4172,2.3);
#4172 = AXIS2_PLACEMENT_3D('',#4173,#4174,#4175);
#4173 = CARTESIAN_POINT('',(40.305086527633,-40.30508652763,90.));
#4174 = DIRECTION('',(0.,0.,1.));
#4175 = DIRECTION('',(1.,0.,0.));
#4176 = PLANE('',#4177);
#4177 = AXIS2_PLACEMENT_3D('',#4178,#4179,#4180);
#4178 = CARTESIAN_POINT('',(40.305086527633,-40.30508652763,90.));
#4179 = DIRECTION('',(0.,0.,1.));
#4180 = DIRECTION('',(1.,0.,0.));
#4181 = ADVANCED_FACE('',(#4182,#4185),#4196,.T.);
#4182 = FACE_BOUND('',#4183,.T.);
#4183 = EDGE_LOOP('',(#4184));
#4184 = ORIENTED_EDGE('',*,*,#3799,.T.);
#4185 = FACE_BOUND('',#4186,.T.);
#4186 = EDGE_LOOP('',(#4187));
#4187 = ORIENTED_EDGE('',*,*,#4188,.F.);
#4188 = EDGE_CURVE('',#4189,#4189,#4191,.T.);
#4189 = VERTEX_POINT('',#4190);
#4190 = CARTESIAN_POINT('',(42.605086527633,40.305086527633,90.));
#4191 = CIRCLE('',#4192,2.3);
#4192 = AXIS2_PLACEMENT_3D('',#4193,#4194,#4195);
#4193 = CARTESIAN_POINT('',(40.305086527633,40.305086527633,90.));
#4194 = DIRECTION('',(0.,0.,1.));
#4195 = DIRECTION('',(1.,0.,0.));
#4196 = PLANE('',#4197);
#4197 = AXIS2_PLACEMENT_3D('',#4198,#4199,#4200);
#4198 = CARTESIAN_POINT('',(40.305086527633,40.305086527633,90.));
#4199 = DIRECTION('',(0.,0.,1.));
#4200 = DIRECTION('',(1.,0.,0.));
#4201 = ADVANCED_FACE('',(#4202,#4205),#4216,.T.);
#4202 = FACE_BOUND('',#4203,.T.);
#4203 = EDGE_LOOP('',(#4204));
#4204 = ORIENTED_EDGE('',*,*,#3911,.T.);
#4205 = FACE_BOUND('',#4206,.T.);
#4206 = EDGE_LOOP('',(#4207));
#4207 = ORIENTED_EDGE('',*,*,#4208,.F.);
#4208 = EDGE_CURVE('',#4209,#4209,#4211,.T.);
#4209 = VERTEX_POINT('',#4210);
#4210 = CARTESIAN_POINT('',(-38.00508652763,40.305086527633,90.));
#4211 = CIRCLE('',#4212,2.3);
#4212 = AXIS2_PLACEMENT_3D('',#4213,#4214,#4215);
#4213 = CARTESIAN_POINT('',(-40.30508652763,40.305086527633,90.));
#4214 = DIRECTION('',(0.,0.,1.));
#4215 = DIRECTION('',(1.,0.,0.));
#4216 = PLANE('',#4217);
#4217 = AXIS2_PLACEMENT_3D('',#4218,#4219,#4220);
#4218 = CARTESIAN_POINT('',(-40.30508652763,40.305086527633,90.));
#4219 = DIRECTION('',(0.,0.,1.));
#4220 = DIRECTION('',(1.,0.,0.));
#4221 = ADVANCED_FACE('',(#4222,#4225),#4236,.T.);
#4222 = FACE_BOUND('',#4223,.T.);
#4223 = EDGE_LOOP('',(#4224));
#4224 = ORIENTED_EDGE('',*,*,#4033,.T.);
#4225 = FACE_BOUND('',#4226,.T.);
#4226 = EDGE_LOOP('',(#4227));
#4227 = ORIENTED_EDGE('',*,*,#4228,.F.);
#4228 = EDGE_CURVE('',#4229,#4229,#4231,.T.);
#4229 = VERTEX_POINT('',#4230);
#4230 = CARTESIAN_POINT('',(-38.00508652763,-40.30508652763,90.));
#4231 = CIRCLE('',#4232,2.3);
#4232 = AXIS2_PLACEMENT_3D('',#4233,#4234,#4235);
#4233 = CARTESIAN_POINT('',(-40.30508652763,-40.30508652763,90.));
#4234 = DIRECTION('',(0.,0.,1.));
#4235 = DIRECTION('',(1.,0.,0.));
#4236 = PLANE('',#4237);
#4237 = AXIS2_PLACEMENT_3D('',#4238,#4239,#4240);
#4238 = CARTESIAN_POINT('',(-40.30508652763,-40.30508652763,90.));
#4239 = DIRECTION('',(0.,0.,1.));
#4240 = DIRECTION('',(1.,0.,0.));
#4241 = ADVANCED_FACE('',(#4242),#4261,.F.);
#4242 = FACE_BOUND('',#4243,.F.);
#4243 = EDGE_LOOP('',(#4244,#4245,#4253,#4260));
#4244 = ORIENTED_EDGE('',*,*,#4168,.F.);
#4245 = ORIENTED_EDGE('',*,*,#4246,.F.);
#4246 = EDGE_CURVE('',#4247,#4169,#4249,.T.);
#4247 = VERTEX_POINT('',#4248);
#4248 = CARTESIAN_POINT('',(42.605086527633,-40.30508652763,85.));
#4249 = LINE('',#4250,#4251);
#4250 = CARTESIAN_POINT('',(42.605086527633,-40.30508652763,85.));
#4251 = VECTOR('',#4252,1.);
#4252 = DIRECTION('',(0.,0.,1.));
#4253 = ORIENTED_EDGE('',*,*,#4254,.T.);
#4254 = EDGE_CURVE('',#4247,#4247,#4255,.T.);
#4255 = CIRCLE('',#4256,2.3);
#4256 = AXIS2_PLACEMENT_3D('',#4257,#4258,#4259);
#4257 = CARTESIAN_POINT('',(40.305086527633,-40.30508652763,85.));
#4258 = DIRECTION('',(0.,0.,1.));
#4259 = DIRECTION('',(1.,0.,0.));
#4260 = ORIENTED_EDGE('',*,*,#4246,.T.);
#4261 = CYLINDRICAL_SURFACE('',#4262,2.3);
#4262 = AXIS2_PLACEMENT_3D('',#4263,#4264,#4265);
#4263 = CARTESIAN_POINT('',(40.305086527633,-40.30508652763,85.));
#4264 = DIRECTION('',(0.,0.,1.));
#4265 = DIRECTION('',(1.,0.,0.));
#4266 = ADVANCED_FACE('',(#4267),#4286,.F.);
#4267 = FACE_BOUND('',#4268,.F.);
#4268 = EDGE_LOOP('',(#4269,#4270,#4278,#4285));
#4269 = ORIENTED_EDGE('',*,*,#4188,.F.);
#4270 = ORIENTED_EDGE('',*,*,#4271,.F.);
#4271 = EDGE_CURVE('',#4272,#4189,#4274,.T.);
#4272 = VERTEX_POINT('',#4273);
#4273 = CARTESIAN_POINT('',(42.605086527633,40.305086527633,85.));
#4274 = LINE('',#4275,#4276);
#4275 = CARTESIAN_POINT('',(42.605086527633,40.305086527633,85.));
#4276 = VECTOR('',#4277,1.);
#4277 = DIRECTION('',(0.,0.,1.));
#4278 = ORIENTED_EDGE('',*,*,#4279,.T.);
#4279 = EDGE_CURVE('',#4272,#4272,#4280,.T.);
#4280 = CIRCLE('',#4281,2.3);
#4281 = AXIS2_PLACEMENT_3D('',#4282,#4283,#4284);
#4282 = CARTESIAN_POINT('',(40.305086527633,40.305086527633,85.));
#4283 = DIRECTION('',(0.,0.,1.));
#4284 = DIRECTION('',(1.,0.,0.));
#4285 = ORIENTED_EDGE('',*,*,#4271,.T.);
#4286 = CYLINDRICAL_SURFACE('',#4287,2.3);
#4287 = AXIS2_PLACEMENT_3D('',#4288,#4289,#4290);
#4288 = CARTESIAN_POINT('',(40.305086527633,40.305086527633,85.));
#4289 = DIRECTION('',(0.,0.,1.));
#4290 = DIRECTION('',(1.,0.,0.));
#4291 = ADVANCED_FACE('',(#4292),#4311,.F.);
#4292 = FACE_BOUND('',#4293,.F.);
#4293 = EDGE_LOOP('',(#4294,#4295,#4303,#4310));
#4294 = ORIENTED_EDGE('',*,*,#4208,.F.);
#4295 = ORIENTED_EDGE('',*,*,#4296,.F.);
#4296 = EDGE_CURVE('',#4297,#4209,#4299,.T.);
#4297 = VERTEX_POINT('',#4298);
#4298 = CARTESIAN_POINT('',(-38.00508652763,40.305086527633,85.));
#4299 = LINE('',#4300,#4301);
#4300 = CARTESIAN_POINT('',(-38.00508652763,40.305086527633,85.));
#4301 = VECTOR('',#4302,1.);
#4302 = DIRECTION('',(0.,0.,1.));
#4303 = ORIENTED_EDGE('',*,*,#4304,.T.);
#4304 = EDGE_CURVE('',#4297,#4297,#4305,.T.);
#4305 = CIRCLE('',#4306,2.3);
#4306 = AXIS2_PLACEMENT_3D('',#4307,#4308,#4309);
#4307 = CARTESIAN_POINT('',(-40.30508652763,40.305086527633,85.));
#4308 = DIRECTION('',(0.,0.,1.));
#4309 = DIRECTION('',(1.,0.,0.));
#4310 = ORIENTED_EDGE('',*,*,#4296,.T.);
#4311 = CYLINDRICAL_SURFACE('',#4312,2.3);
#4312 = AXIS2_PLACEMENT_3D('',#4313,#4314,#4315);
#4313 = CARTESIAN_POINT('',(-40.30508652763,40.305086527633,85.));
#4314 = DIRECTION('',(0.,0.,1.));
#4315 = DIRECTION('',(1.,0.,0.));
#4316 = ADVANCED_FACE('',(#4317),#4336,.F.);
#4317 = FACE_BOUND('',#4318,.F.);
#4318 = EDGE_LOOP('',(#4319,#4320,#4328,#4335));
#4319 = ORIENTED_EDGE('',*,*,#4228,.F.);
#4320 = ORIENTED_EDGE('',*,*,#4321,.F.);
#4321 = EDGE_CURVE('',#4322,#4229,#4324,.T.);
#4322 = VERTEX_POINT('',#4323);
#4323 = CARTESIAN_POINT('',(-38.00508652763,-40.30508652763,85.));
#4324 = LINE('',#4325,#4326);
#4325 = CARTESIAN_POINT('',(-38.00508652763,-40.30508652763,85.));
#4326 = VECTOR('',#4327,1.);
#4327 = DIRECTION('',(0.,0.,1.));
#4328 = ORIENTED_EDGE('',*,*,#4329,.T.);
#4329 = EDGE_CURVE('',#4322,#4322,#4330,.T.);
#4330 = CIRCLE('',#4331,2.3);
#4331 = AXIS2_PLACEMENT_3D('',#4332,#4333,#4334);
#4332 = CARTESIAN_POINT('',(-40.30508652763,-40.30508652763,85.));
#4333 = DIRECTION('',(0.,0.,1.));
#4334 = DIRECTION('',(1.,0.,0.));
#4335 = ORIENTED_EDGE('',*,*,#4321,.T.);
#4336 = CYLINDRICAL_SURFACE('',#4337,2.3);
#4337 = AXIS2_PLACEMENT_3D('',#4338,#4339,#4340);
#4338 = CARTESIAN_POINT('',(-40.30508652763,-40.30508652763,85.));
#4339 = DIRECTION('',(0.,0.,1.));
#4340 = DIRECTION('',(1.,0.,0.));
#4341 = ADVANCED_FACE('',(#4342),#4345,.T.);
#4342 = FACE_BOUND('',#4343,.F.);
#4343 = EDGE_LOOP('',(#4344));
#4344 = ORIENTED_EDGE('',*,*,#4254,.F.);
#4345 = PLANE('',#4346);
#4346 = AXIS2_PLACEMENT_3D('',#4347,#4348,#4349);
#4347 = CARTESIAN_POINT('',(40.305086527633,-40.30508652763,85.));
#4348 = DIRECTION('',(0.,0.,1.));
#4349 = DIRECTION('',(1.,0.,0.));
#4350 = ADVANCED_FACE('',(#4351),#4354,.T.);
#4351 = FACE_BOUND('',#4352,.F.);
#4352 = EDGE_LOOP('',(#4353));
#4353 = ORIENTED_EDGE('',*,*,#4279,.F.);
#4354 = PLANE('',#4355);
#4355 = AXIS2_PLACEMENT_3D('',#4356,#4357,#4358);
#4356 = CARTESIAN_POINT('',(40.305086527633,40.305086527633,85.));
#4357 = DIRECTION('',(0.,0.,1.));
#4358 = DIRECTION('',(1.,0.,0.));
#4359 = ADVANCED_FACE('',(#4360),#4363,.T.);
#4360 = FACE_BOUND('',#4361,.F.);
#4361 = EDGE_LOOP('',(#4362));
#4362 = ORIENTED_EDGE('',*,*,#4304,.F.);
#4363 = PLANE('',#4364);
#4364 = AXIS2_PLACEMENT_3D('',#4365,#4366,#4367);
#4365 = CARTESIAN_POINT('',(-40.30508652763,40.305086527633,85.));
#4366 = DIRECTION('',(0.,0.,1.));
#4367 = DIRECTION('',(1.,0.,0.));
#4368 = ADVANCED_FACE('',(#4369),#4372,.T.);
#4369 = FACE_BOUND('',#4370,.F.);
#4370 = EDGE_LOOP('',(#4371));
#4371 = ORIENTED_EDGE('',*,*,#4329,.F.);
#4372 = PLANE('',#4373);
#4373 = AXIS2_PLACEMENT_3D('',#4374,#4375,#4376);
#4374 = CARTESIAN_POINT('',(-40.30508652763,-40.30508652763,85.));
#4375 = DIRECTION('',(0.,0.,1.));
#4376 = DIRECTION('',(1.,0.,0.));
#4377 = ADVANCED_FACE('',(#4378,#4417),#4450,.T.);
#4378 = FACE_BOUND('',#4379,.T.);
#4379 = EDGE_LOOP('',(#4380,#4381,#4382,#4383,#4389,#4390,#4391,#4392,
    #4398,#4399,#4400,#4401,#4407,#4408,#4409,#4410,#4416));
#4380 = ORIENTED_EDGE('',*,*,#2191,.T.);
#4381 = ORIENTED_EDGE('',*,*,#2363,.T.);
#4382 = ORIENTED_EDGE('',*,*,#2567,.T.);
#4383 = ORIENTED_EDGE('',*,*,#4384,.T.);
#4384 = EDGE_CURVE('',#2568,#2631,#4385,.T.);
#4385 = LINE('',#4386,#4387);
#4386 = CARTESIAN_POINT('',(75.660425586961,72.831998462214,87.));
#4387 = VECTOR('',#4388,1.);
#4388 = DIRECTION('',(-0.707106781187,0.707106781187,0.));
#4389 = ORIENTED_EDGE('',*,*,#2630,.F.);
#4390 = ORIENTED_EDGE('',*,*,#2320,.T.);
#4391 = ORIENTED_EDGE('',*,*,#2661,.T.);
#4392 = ORIENTED_EDGE('',*,*,#4393,.T.);
#4393 = EDGE_CURVE('',#2662,#2725,#4394,.T.);
#4394 = LINE('',#4395,#4396);
#4395 = CARTESIAN_POINT('',(-72.83199846221,75.660425586961,87.));
#4396 = VECTOR('',#4397,1.);
#4397 = DIRECTION('',(-0.707106781187,-0.707106781187,0.));
#4398 = ORIENTED_EDGE('',*,*,#2724,.F.);
#4399 = ORIENTED_EDGE('',*,*,#2277,.T.);
#4400 = ORIENTED_EDGE('',*,*,#2755,.T.);
#4401 = ORIENTED_EDGE('',*,*,#4402,.T.);
#4402 = EDGE_CURVE('',#2756,#2819,#4403,.T.);
#4403 = LINE('',#4404,#4405);
#4404 = CARTESIAN_POINT('',(-75.66042558696,-72.83199846221,87.));
#4405 = VECTOR('',#4406,1.);
#4406 = DIRECTION('',(0.707106781187,-0.707106781187,0.));
#4407 = ORIENTED_EDGE('',*,*,#2818,.F.);
#4408 = ORIENTED_EDGE('',*,*,#2234,.T.);
#4409 = ORIENTED_EDGE('',*,*,#2849,.T.);
#4410 = ORIENTED_EDGE('',*,*,#4411,.T.);
#4411 = EDGE_CURVE('',#2850,#2913,#4412,.T.);
#4412 = LINE('',#4413,#4414);
#4413 = CARTESIAN_POINT('',(72.831998462214,-75.66042558696,87.));
#4414 = VECTOR('',#4415,1.);
#4415 = DIRECTION('',(0.707106781187,0.707106781187,0.));
#4416 = ORIENTED_EDGE('',*,*,#2912,.F.);
#4417 = FACE_BOUND('',#4418,.T.);
#4418 = EDGE_LOOP('',(#4419,#4428,#4429,#4430,#4431,#4432,#4433,#4434,
    #4435,#4436,#4437,#4438,#4439,#4440,#4441,#4442,#4443));
#4419 = ORIENTED_EDGE('',*,*,#4420,.F.);
#4420 = EDGE_CURVE('',#3077,#4421,#4423,.T.);
#4421 = VERTEX_POINT('',#4422);
#4422 = CARTESIAN_POINT('',(101.,-2.473786534278E-14,87.));
#4423 = CIRCLE('',#4424,101.);
#4424 = AXIS2_PLACEMENT_3D('',#4425,#4426,#4427);
#4425 = CARTESIAN_POINT('',(0.,0.,87.));
#4426 = DIRECTION('',(0.,0.,1.));
#4427 = DIRECTION('',(1.,0.,0.));
#4428 = ORIENTED_EDGE('',*,*,#3076,.F.);
#4429 = ORIENTED_EDGE('',*,*,#3728,.F.);
#4430 = ORIENTED_EDGE('',*,*,#3522,.T.);
#4431 = ORIENTED_EDGE('',*,*,#1861,.F.);
#4432 = ORIENTED_EDGE('',*,*,#3594,.F.);
#4433 = ORIENTED_EDGE('',*,*,#4074,.F.);
#4434 = ORIENTED_EDGE('',*,*,#3378,.T.);
#4435 = ORIENTED_EDGE('',*,*,#2108,.F.);
#4436 = ORIENTED_EDGE('',*,*,#3450,.F.);
#4437 = ORIENTED_EDGE('',*,*,#3927,.F.);
#4438 = ORIENTED_EDGE('',*,*,#3234,.T.);
#4439 = ORIENTED_EDGE('',*,*,#2076,.F.);
#4440 = ORIENTED_EDGE('',*,*,#3306,.F.);
#4441 = ORIENTED_EDGE('',*,*,#3815,.F.);
#4442 = ORIENTED_EDGE('',*,*,#3155,.T.);
#4443 = ORIENTED_EDGE('',*,*,#4444,.F.);
#4444 = EDGE_CURVE('',#4421,#3156,#4445,.T.);
#4445 = CIRCLE('',#4446,101.);
#4446 = AXIS2_PLACEMENT_3D('',#4447,#4448,#4449);
#4447 = CARTESIAN_POINT('',(0.,0.,87.));
#4448 = DIRECTION('',(0.,0.,1.));
#4449 = DIRECTION('',(1.,0.,0.));
#4450 = PLANE('',#4451);
#4451 = AXIS2_PLACEMENT_3D('',#4452,#4453,#4454);
#4452 = CARTESIAN_POINT('',(0.568103893825,-1.407907780722E-14,87.));
#4453 = DIRECTION('',(0.,0.,1.));
#4454 = DIRECTION('',(1.,0.,0.));
#4455 = ADVANCED_FACE('',(#4456,#4478),#4543,.T.);
#4456 = FACE_BOUND('',#4457,.T.);
#4457 = EDGE_LOOP('',(#4458,#4459,#4468,#4475,#4476,#4477));
#4458 = ORIENTED_EDGE('',*,*,#3044,.F.);
#4459 = ORIENTED_EDGE('',*,*,#4460,.T.);
#4460 = EDGE_CURVE('',#3037,#4461,#4463,.T.);
#4461 = VERTEX_POINT('',#4462);
#4462 = CARTESIAN_POINT('',(38.234018715768,-33.23401871576,87.));
#4463 = CIRCLE('',#4464,5.);
#4464 = AXIS2_PLACEMENT_3D('',#4465,#4466,#4467);
#4465 = CARTESIAN_POINT('',(33.234018715768,-33.23401871576,87.));
#4466 = DIRECTION('',(0.,0.,1.));
#4467 = DIRECTION('',(1.,0.,0.));
#4468 = ORIENTED_EDGE('',*,*,#4469,.T.);
#4469 = EDGE_CURVE('',#4461,#3483,#4470,.T.);
#4470 = CIRCLE('',#4471,5.);
#4471 = AXIS2_PLACEMENT_3D('',#4472,#4473,#4474);
#4472 = CARTESIAN_POINT('',(33.234018715768,-33.23401871576,87.));
#4473 = DIRECTION('',(0.,0.,1.));
#4474 = DIRECTION('',(1.,0.,0.));
#4475 = ORIENTED_EDGE('',*,*,#3490,.T.);
#4476 = ORIENTED_EDGE('',*,*,#3712,.F.);
#4477 = ORIENTED_EDGE('',*,*,#3703,.F.);
#4478 = FACE_BOUND('',#4479,.T.);
#4479 = EDGE_LOOP('',(#4480,#4491,#4500,#4509,#4518,#4527,#4536));
#4480 = ORIENTED_EDGE('',*,*,#4481,.F.);
#4481 = EDGE_CURVE('',#4482,#4484,#4486,.T.);
#4482 = VERTEX_POINT('',#4483);
#4483 = CARTESIAN_POINT('',(32.622924073605,-35.45135119835,87.));
#4484 = VERTEX_POINT('',#4485);
#4485 = CARTESIAN_POINT('',(35.534018715768,-33.23401871576,87.));
#4486 = CIRCLE('',#4487,2.3);
#4487 = AXIS2_PLACEMENT_3D('',#4488,#4489,#4490);
#4488 = CARTESIAN_POINT('',(33.234018715768,-33.23401871576,87.));
#4489 = DIRECTION('',(0.,0.,1.));
#4490 = DIRECTION('',(1.,0.,0.));
#4491 = ORIENTED_EDGE('',*,*,#4492,.F.);
#4492 = EDGE_CURVE('',#4493,#4482,#4495,.T.);
#4493 = VERTEX_POINT('',#4494);
#4494 = CARTESIAN_POINT('',(31.016686233184,-33.84511335793,87.));
#4495 = CIRCLE('',#4496,2.3);
#4496 = AXIS2_PLACEMENT_3D('',#4497,#4498,#4499);
#4497 = CARTESIAN_POINT('',(33.234018715768,-33.23401871576,87.));
#4498 = DIRECTION('',(0.,0.,1.));
#4499 = DIRECTION('',(1.,0.,0.));
#4500 = ORIENTED_EDGE('',*,*,#4501,.F.);
#4501 = EDGE_CURVE('',#4502,#4493,#4504,.T.);
#4502 = VERTEX_POINT('',#4503);
#4503 = CARTESIAN_POINT('',(31.016686233184,-32.6229240736,87.));
#4504 = CIRCLE('',#4505,2.3);
#4505 = AXIS2_PLACEMENT_3D('',#4506,#4507,#4508);
#4506 = CARTESIAN_POINT('',(33.234018715768,-33.23401871576,87.));
#4507 = DIRECTION('',(0.,0.,1.));
#4508 = DIRECTION('',(1.,0.,0.));
#4509 = ORIENTED_EDGE('',*,*,#4510,.F.);
#4510 = EDGE_CURVE('',#4511,#4502,#4513,.T.);
#4511 = VERTEX_POINT('',#4512);
#4512 = CARTESIAN_POINT('',(32.622924073605,-31.01668623318,87.));
#4513 = CIRCLE('',#4514,2.3);
#4514 = AXIS2_PLACEMENT_3D('',#4515,#4516,#4517);
#4515 = CARTESIAN_POINT('',(33.234018715768,-33.23401871576,87.));
#4516 = DIRECTION('',(0.,0.,1.));
#4517 = DIRECTION('',(1.,0.,0.));
#4518 = ORIENTED_EDGE('',*,*,#4519,.F.);
#4519 = EDGE_CURVE('',#4520,#4511,#4522,.T.);
#4520 = VERTEX_POINT('',#4521);
#4521 = CARTESIAN_POINT('',(33.84511335793,-31.01668623318,87.));
#4522 = CIRCLE('',#4523,2.3);
#4523 = AXIS2_PLACEMENT_3D('',#4524,#4525,#4526);
#4524 = CARTESIAN_POINT('',(33.234018715768,-33.23401871576,87.));
#4525 = DIRECTION('',(0.,0.,1.));
#4526 = DIRECTION('',(1.,0.,0.));
#4527 = ORIENTED_EDGE('',*,*,#4528,.F.);
#4528 = EDGE_CURVE('',#4529,#4520,#4531,.T.);
#4529 = VERTEX_POINT('',#4530);
#4530 = CARTESIAN_POINT('',(35.451351198351,-32.6229240736,87.));
#4531 = CIRCLE('',#4532,2.3);
#4532 = AXIS2_PLACEMENT_3D('',#4533,#4534,#4535);
#4533 = CARTESIAN_POINT('',(33.234018715768,-33.23401871576,87.));
#4534 = DIRECTION('',(0.,0.,1.));
#4535 = DIRECTION('',(1.,0.,0.));
#4536 = ORIENTED_EDGE('',*,*,#4537,.F.);
#4537 = EDGE_CURVE('',#4484,#4529,#4538,.T.);
#4538 = CIRCLE('',#4539,2.3);
#4539 = AXIS2_PLACEMENT_3D('',#4540,#4541,#4542);
#4540 = CARTESIAN_POINT('',(33.234018715768,-33.23401871576,87.));
#4541 = DIRECTION('',(0.,0.,1.));
#4542 = DIRECTION('',(1.,0.,0.));
#4543 = PLANE('',#4544);
#4544 = AXIS2_PLACEMENT_3D('',#4545,#4546,#4547);
#4545 = CARTESIAN_POINT('',(33.717833433646,-33.63521694492,87.));
#4546 = DIRECTION('',(0.,0.,1.));
#4547 = DIRECTION('',(1.,0.,0.));
#4548 = ADVANCED_FACE('',(#4549),#4574,.F.);
#4549 = FACE_BOUND('',#4550,.F.);
#4550 = EDGE_LOOP('',(#4551,#4559,#4560,#4561,#4562,#4563,#4564,#4565,
    #4566,#4567));
#4551 = ORIENTED_EDGE('',*,*,#4552,.T.);
#4552 = EDGE_CURVE('',#4553,#4484,#4555,.T.);
#4553 = VERTEX_POINT('',#4554);
#4554 = CARTESIAN_POINT('',(35.534018715768,-33.23401871576,82.));
#4555 = LINE('',#4556,#4557);
#4556 = CARTESIAN_POINT('',(35.534018715768,-33.23401871576,82.));
#4557 = VECTOR('',#4558,1.);
#4558 = DIRECTION('',(0.,0.,1.));
#4559 = ORIENTED_EDGE('',*,*,#4481,.F.);
#4560 = ORIENTED_EDGE('',*,*,#4492,.F.);
#4561 = ORIENTED_EDGE('',*,*,#4501,.F.);
#4562 = ORIENTED_EDGE('',*,*,#4510,.F.);
#4563 = ORIENTED_EDGE('',*,*,#4519,.F.);
#4564 = ORIENTED_EDGE('',*,*,#4528,.F.);
#4565 = ORIENTED_EDGE('',*,*,#4537,.F.);
#4566 = ORIENTED_EDGE('',*,*,#4552,.F.);
#4567 = ORIENTED_EDGE('',*,*,#4568,.T.);
#4568 = EDGE_CURVE('',#4553,#4553,#4569,.T.);
#4569 = CIRCLE('',#4570,2.3);
#4570 = AXIS2_PLACEMENT_3D('',#4571,#4572,#4573);
#4571 = CARTESIAN_POINT('',(33.234018715768,-33.23401871576,82.));
#4572 = DIRECTION('',(0.,0.,1.));
#4573 = DIRECTION('',(1.,0.,0.));
#4574 = CYLINDRICAL_SURFACE('',#4575,2.3);
#4575 = AXIS2_PLACEMENT_3D('',#4576,#4577,#4578);
#4576 = CARTESIAN_POINT('',(33.234018715768,-33.23401871576,82.));
#4577 = DIRECTION('',(0.,0.,1.));
#4578 = DIRECTION('',(1.,0.,0.));
#4579 = ADVANCED_FACE('',(#4580),#4583,.T.);
#4580 = FACE_BOUND('',#4581,.F.);
#4581 = EDGE_LOOP('',(#4582));
#4582 = ORIENTED_EDGE('',*,*,#4568,.F.);
#4583 = PLANE('',#4584);
#4584 = AXIS2_PLACEMENT_3D('',#4585,#4586,#4587);
#4585 = CARTESIAN_POINT('',(33.234018715768,-33.23401871576,82.));
#4586 = DIRECTION('',(0.,0.,1.));
#4587 = DIRECTION('',(1.,0.,0.));
#4588 = ADVANCED_FACE('',(#4589,#4611),#4676,.T.);
#4589 = FACE_BOUND('',#4590,.T.);
#4590 = EDGE_LOOP('',(#4591,#4592,#4593,#4594,#4603,#4610));
#4591 = ORIENTED_EDGE('',*,*,#3840,.F.);
#4592 = ORIENTED_EDGE('',*,*,#3831,.F.);
#4593 = ORIENTED_EDGE('',*,*,#3274,.F.);
#4594 = ORIENTED_EDGE('',*,*,#4595,.T.);
#4595 = EDGE_CURVE('',#3267,#4596,#4598,.T.);
#4596 = VERTEX_POINT('',#4597);
#4597 = CARTESIAN_POINT('',(38.234018715768,33.234018715768,87.));
#4598 = CIRCLE('',#4599,5.);
#4599 = AXIS2_PLACEMENT_3D('',#4600,#4601,#4602);
#4600 = CARTESIAN_POINT('',(33.234018715768,33.234018715768,87.));
#4601 = DIRECTION('',(0.,0.,1.));
#4602 = DIRECTION('',(1.,0.,0.));
#4603 = ORIENTED_EDGE('',*,*,#4604,.T.);
#4604 = EDGE_CURVE('',#4596,#3116,#4605,.T.);
#4605 = CIRCLE('',#4606,5.);
#4606 = AXIS2_PLACEMENT_3D('',#4607,#4608,#4609);
#4607 = CARTESIAN_POINT('',(33.234018715768,33.234018715768,87.));
#4608 = DIRECTION('',(0.,0.,1.));
#4609 = DIRECTION('',(1.,0.,0.));
#4610 = ORIENTED_EDGE('',*,*,#3123,.T.);
#4611 = FACE_BOUND('',#4612,.T.);
#4612 = EDGE_LOOP('',(#4613,#4624,#4633,#4642,#4651,#4660,#4669));
#4613 = ORIENTED_EDGE('',*,*,#4614,.F.);
#4614 = EDGE_CURVE('',#4615,#4617,#4619,.T.);
#4615 = VERTEX_POINT('',#4616);
#4616 = CARTESIAN_POINT('',(35.451351198351,32.622924073605,87.));
#4617 = VERTEX_POINT('',#4618);
#4618 = CARTESIAN_POINT('',(35.534018715768,33.234018715768,87.));
#4619 = CIRCLE('',#4620,2.3);
#4620 = AXIS2_PLACEMENT_3D('',#4621,#4622,#4623);
#4621 = CARTESIAN_POINT('',(33.234018715768,33.234018715768,87.));
#4622 = DIRECTION('',(0.,0.,1.));
#4623 = DIRECTION('',(1.,0.,0.));
#4624 = ORIENTED_EDGE('',*,*,#4625,.F.);
#4625 = EDGE_CURVE('',#4626,#4615,#4628,.T.);
#4626 = VERTEX_POINT('',#4627);
#4627 = CARTESIAN_POINT('',(33.84511335793,31.016686233184,87.));
#4628 = CIRCLE('',#4629,2.3);
#4629 = AXIS2_PLACEMENT_3D('',#4630,#4631,#4632);
#4630 = CARTESIAN_POINT('',(33.234018715768,33.234018715768,87.));
#4631 = DIRECTION('',(0.,0.,1.));
#4632 = DIRECTION('',(1.,0.,0.));
#4633 = ORIENTED_EDGE('',*,*,#4634,.F.);
#4634 = EDGE_CURVE('',#4635,#4626,#4637,.T.);
#4635 = VERTEX_POINT('',#4636);
#4636 = CARTESIAN_POINT('',(32.622924073605,31.016686233184,87.));
#4637 = CIRCLE('',#4638,2.3);
#4638 = AXIS2_PLACEMENT_3D('',#4639,#4640,#4641);
#4639 = CARTESIAN_POINT('',(33.234018715768,33.234018715768,87.));
#4640 = DIRECTION('',(0.,0.,1.));
#4641 = DIRECTION('',(1.,0.,0.));
#4642 = ORIENTED_EDGE('',*,*,#4643,.F.);
#4643 = EDGE_CURVE('',#4644,#4635,#4646,.T.);
#4644 = VERTEX_POINT('',#4645);
#4645 = CARTESIAN_POINT('',(31.016686233184,32.622924073605,87.));
#4646 = CIRCLE('',#4647,2.3);
#4647 = AXIS2_PLACEMENT_3D('',#4648,#4649,#4650);
#4648 = CARTESIAN_POINT('',(33.234018715768,33.234018715768,87.));
#4649 = DIRECTION('',(0.,0.,1.));
#4650 = DIRECTION('',(1.,0.,0.));
#4651 = ORIENTED_EDGE('',*,*,#4652,.F.);
#4652 = EDGE_CURVE('',#4653,#4644,#4655,.T.);
#4653 = VERTEX_POINT('',#4654);
#4654 = CARTESIAN_POINT('',(31.016686233184,33.845113357931,87.));
#4655 = CIRCLE('',#4656,2.3);
#4656 = AXIS2_PLACEMENT_3D('',#4657,#4658,#4659);
#4657 = CARTESIAN_POINT('',(33.234018715768,33.234018715768,87.));
#4658 = DIRECTION('',(0.,0.,1.));
#4659 = DIRECTION('',(1.,0.,0.));
#4660 = ORIENTED_EDGE('',*,*,#4661,.F.);
#4661 = EDGE_CURVE('',#4662,#4653,#4664,.T.);
#4662 = VERTEX_POINT('',#4663);
#4663 = CARTESIAN_POINT('',(32.622924073605,35.451351198351,87.));
#4664 = CIRCLE('',#4665,2.3);
#4665 = AXIS2_PLACEMENT_3D('',#4666,#4667,#4668);
#4666 = CARTESIAN_POINT('',(33.234018715768,33.234018715768,87.));
#4667 = DIRECTION('',(0.,0.,1.));
#4668 = DIRECTION('',(1.,0.,0.));
#4669 = ORIENTED_EDGE('',*,*,#4670,.F.);
#4670 = EDGE_CURVE('',#4617,#4662,#4671,.T.);
#4671 = CIRCLE('',#4672,2.3);
#4672 = AXIS2_PLACEMENT_3D('',#4673,#4674,#4675);
#4673 = CARTESIAN_POINT('',(33.234018715768,33.234018715768,87.));
#4674 = DIRECTION('',(0.,0.,1.));
#4675 = DIRECTION('',(1.,0.,0.));
#4676 = PLANE('',#4677);
#4677 = AXIS2_PLACEMENT_3D('',#4678,#4679,#4680);
#4678 = CARTESIAN_POINT('',(33.717833433646,33.635216944929,87.));
#4679 = DIRECTION('',(0.,0.,1.));
#4680 = DIRECTION('',(1.,0.,0.));
#4681 = ADVANCED_FACE('',(#4682),#4707,.F.);
#4682 = FACE_BOUND('',#4683,.F.);
#4683 = EDGE_LOOP('',(#4684,#4692,#4693,#4694,#4695,#4696,#4697,#4698,
    #4699,#4700));
#4684 = ORIENTED_EDGE('',*,*,#4685,.T.);
#4685 = EDGE_CURVE('',#4686,#4617,#4688,.T.);
#4686 = VERTEX_POINT('',#4687);
#4687 = CARTESIAN_POINT('',(35.534018715768,33.234018715768,82.));
#4688 = LINE('',#4689,#4690);
#4689 = CARTESIAN_POINT('',(35.534018715768,33.234018715768,82.));
#4690 = VECTOR('',#4691,1.);
#4691 = DIRECTION('',(0.,0.,1.));
#4692 = ORIENTED_EDGE('',*,*,#4614,.F.);
#4693 = ORIENTED_EDGE('',*,*,#4625,.F.);
#4694 = ORIENTED_EDGE('',*,*,#4634,.F.);
#4695 = ORIENTED_EDGE('',*,*,#4643,.F.);
#4696 = ORIENTED_EDGE('',*,*,#4652,.F.);
#4697 = ORIENTED_EDGE('',*,*,#4661,.F.);
#4698 = ORIENTED_EDGE('',*,*,#4670,.F.);
#4699 = ORIENTED_EDGE('',*,*,#4685,.F.);
#4700 = ORIENTED_EDGE('',*,*,#4701,.T.);
#4701 = EDGE_CURVE('',#4686,#4686,#4702,.T.);
#4702 = CIRCLE('',#4703,2.3);
#4703 = AXIS2_PLACEMENT_3D('',#4704,#4705,#4706);
#4704 = CARTESIAN_POINT('',(33.234018715768,33.234018715768,82.));
#4705 = DIRECTION('',(0.,0.,1.));
#4706 = DIRECTION('',(1.,0.,0.));
#4707 = CYLINDRICAL_SURFACE('',#4708,2.3);
#4708 = AXIS2_PLACEMENT_3D('',#4709,#4710,#4711);
#4709 = CARTESIAN_POINT('',(33.234018715768,33.234018715768,82.));
#4710 = DIRECTION('',(0.,0.,1.));
#4711 = DIRECTION('',(1.,0.,0.));
#4712 = ADVANCED_FACE('',(#4713),#4716,.T.);
#4713 = FACE_BOUND('',#4714,.F.);
#4714 = EDGE_LOOP('',(#4715));
#4715 = ORIENTED_EDGE('',*,*,#4701,.F.);
#4716 = PLANE('',#4717);
#4717 = AXIS2_PLACEMENT_3D('',#4718,#4719,#4720);
#4718 = CARTESIAN_POINT('',(33.234018715768,33.234018715768,82.));
#4719 = DIRECTION('',(0.,0.,1.));
#4720 = DIRECTION('',(1.,0.,0.));
#4721 = ADVANCED_FACE('',(#4722,#4744),#4809,.T.);
#4722 = FACE_BOUND('',#4723,.T.);
#4723 = EDGE_LOOP('',(#4724,#4725,#4726,#4727,#4736,#4743));
#4724 = ORIENTED_EDGE('',*,*,#3952,.F.);
#4725 = ORIENTED_EDGE('',*,*,#3943,.F.);
#4726 = ORIENTED_EDGE('',*,*,#3418,.F.);
#4727 = ORIENTED_EDGE('',*,*,#4728,.T.);
#4728 = EDGE_CURVE('',#3411,#4729,#4731,.T.);
#4729 = VERTEX_POINT('',#4730);
#4730 = CARTESIAN_POINT('',(-28.23401871576,33.234018715768,87.));
#4731 = CIRCLE('',#4732,5.);
#4732 = AXIS2_PLACEMENT_3D('',#4733,#4734,#4735);
#4733 = CARTESIAN_POINT('',(-33.23401871576,33.234018715768,87.));
#4734 = DIRECTION('',(0.,0.,1.));
#4735 = DIRECTION('',(1.,0.,0.));
#4736 = ORIENTED_EDGE('',*,*,#4737,.T.);
#4737 = EDGE_CURVE('',#4729,#3195,#4738,.T.);
#4738 = CIRCLE('',#4739,5.);
#4739 = AXIS2_PLACEMENT_3D('',#4740,#4741,#4742);
#4740 = CARTESIAN_POINT('',(-33.23401871576,33.234018715768,87.));
#4741 = DIRECTION('',(0.,0.,1.));
#4742 = DIRECTION('',(1.,0.,0.));
#4743 = ORIENTED_EDGE('',*,*,#3202,.T.);
#4744 = FACE_BOUND('',#4745,.T.);
#4745 = EDGE_LOOP('',(#4746,#4757,#4766,#4775,#4784,#4793,#4802));
#4746 = ORIENTED_EDGE('',*,*,#4747,.F.);
#4747 = EDGE_CURVE('',#4748,#4750,#4752,.T.);
#4748 = VERTEX_POINT('',#4749);
#4749 = CARTESIAN_POINT('',(-32.6229240736,35.451351198351,87.));
#4750 = VERTEX_POINT('',#4751);
#4751 = CARTESIAN_POINT('',(-35.45135119835,32.622924073605,87.));
#4752 = CIRCLE('',#4753,2.3);
#4753 = AXIS2_PLACEMENT_3D('',#4754,#4755,#4756);
#4754 = CARTESIAN_POINT('',(-33.23401871576,33.234018715768,87.));
#4755 = DIRECTION('',(0.,0.,1.));
#4756 = DIRECTION('',(1.,0.,0.));
#4757 = ORIENTED_EDGE('',*,*,#4758,.F.);
#4758 = EDGE_CURVE('',#4759,#4748,#4761,.T.);
#4759 = VERTEX_POINT('',#4760);
#4760 = CARTESIAN_POINT('',(-31.01668623318,33.84511335793,87.));
#4761 = CIRCLE('',#4762,2.3);
#4762 = AXIS2_PLACEMENT_3D('',#4763,#4764,#4765);
#4763 = CARTESIAN_POINT('',(-33.23401871576,33.234018715768,87.));
#4764 = DIRECTION('',(0.,0.,1.));
#4765 = DIRECTION('',(1.,0.,0.));
#4766 = ORIENTED_EDGE('',*,*,#4767,.F.);
#4767 = EDGE_CURVE('',#4768,#4759,#4770,.T.);
#4768 = VERTEX_POINT('',#4769);
#4769 = CARTESIAN_POINT('',(-30.93401871576,33.234018715768,87.));
#4770 = CIRCLE('',#4771,2.3);
#4771 = AXIS2_PLACEMENT_3D('',#4772,#4773,#4774);
#4772 = CARTESIAN_POINT('',(-33.23401871576,33.234018715768,87.));
#4773 = DIRECTION('',(0.,0.,1.));
#4774 = DIRECTION('',(1.,0.,0.));
#4775 = ORIENTED_EDGE('',*,*,#4776,.F.);
#4776 = EDGE_CURVE('',#4777,#4768,#4779,.T.);
#4777 = VERTEX_POINT('',#4778);
#4778 = CARTESIAN_POINT('',(-31.01668623318,32.622924073605,87.));
#4779 = CIRCLE('',#4780,2.3);
#4780 = AXIS2_PLACEMENT_3D('',#4781,#4782,#4783);
#4781 = CARTESIAN_POINT('',(-33.23401871576,33.234018715768,87.));
#4782 = DIRECTION('',(0.,0.,1.));
#4783 = DIRECTION('',(1.,0.,0.));
#4784 = ORIENTED_EDGE('',*,*,#4785,.F.);
#4785 = EDGE_CURVE('',#4786,#4777,#4788,.T.);
#4786 = VERTEX_POINT('',#4787);
#4787 = CARTESIAN_POINT('',(-32.6229240736,31.016686233184,87.));
#4788 = CIRCLE('',#4789,2.3);
#4789 = AXIS2_PLACEMENT_3D('',#4790,#4791,#4792);
#4790 = CARTESIAN_POINT('',(-33.23401871576,33.234018715768,87.));
#4791 = DIRECTION('',(0.,0.,1.));
#4792 = DIRECTION('',(1.,0.,0.));
#4793 = ORIENTED_EDGE('',*,*,#4794,.F.);
#4794 = EDGE_CURVE('',#4795,#4786,#4797,.T.);
#4795 = VERTEX_POINT('',#4796);
#4796 = CARTESIAN_POINT('',(-33.84511335793,31.016686233184,87.));
#4797 = CIRCLE('',#4798,2.3);
#4798 = AXIS2_PLACEMENT_3D('',#4799,#4800,#4801);
#4799 = CARTESIAN_POINT('',(-33.23401871576,33.234018715768,87.));
#4800 = DIRECTION('',(0.,0.,1.));
#4801 = DIRECTION('',(1.,0.,0.));
#4802 = ORIENTED_EDGE('',*,*,#4803,.F.);
#4803 = EDGE_CURVE('',#4750,#4795,#4804,.T.);
#4804 = CIRCLE('',#4805,2.3);
#4805 = AXIS2_PLACEMENT_3D('',#4806,#4807,#4808);
#4806 = CARTESIAN_POINT('',(-33.23401871576,33.234018715768,87.));
#4807 = DIRECTION('',(0.,0.,1.));
#4808 = DIRECTION('',(1.,0.,0.));
#4809 = PLANE('',#4810);
#4810 = AXIS2_PLACEMENT_3D('',#4811,#4812,#4813);
#4811 = CARTESIAN_POINT('',(-33.43502035109,33.641309637998,87.));
#4812 = DIRECTION('',(0.,0.,1.));
#4813 = DIRECTION('',(1.,0.,0.));
#4814 = ADVANCED_FACE('',(#4815),#4840,.F.);
#4815 = FACE_BOUND('',#4816,.F.);
#4816 = EDGE_LOOP('',(#4817,#4825,#4826,#4827,#4828,#4829,#4830,#4831,
    #4832,#4833));
#4817 = ORIENTED_EDGE('',*,*,#4818,.T.);
#4818 = EDGE_CURVE('',#4819,#4768,#4821,.T.);
#4819 = VERTEX_POINT('',#4820);
#4820 = CARTESIAN_POINT('',(-30.93401871576,33.234018715768,82.));
#4821 = LINE('',#4822,#4823);
#4822 = CARTESIAN_POINT('',(-30.93401871576,33.234018715768,82.));
#4823 = VECTOR('',#4824,1.);
#4824 = DIRECTION('',(0.,0.,1.));
#4825 = ORIENTED_EDGE('',*,*,#4776,.F.);
#4826 = ORIENTED_EDGE('',*,*,#4785,.F.);
#4827 = ORIENTED_EDGE('',*,*,#4794,.F.);
#4828 = ORIENTED_EDGE('',*,*,#4803,.F.);
#4829 = ORIENTED_EDGE('',*,*,#4747,.F.);
#4830 = ORIENTED_EDGE('',*,*,#4758,.F.);
#4831 = ORIENTED_EDGE('',*,*,#4767,.F.);
#4832 = ORIENTED_EDGE('',*,*,#4818,.F.);
#4833 = ORIENTED_EDGE('',*,*,#4834,.T.);
#4834 = EDGE_CURVE('',#4819,#4819,#4835,.T.);
#4835 = CIRCLE('',#4836,2.3);
#4836 = AXIS2_PLACEMENT_3D('',#4837,#4838,#4839);
#4837 = CARTESIAN_POINT('',(-33.23401871576,33.234018715768,82.));
#4838 = DIRECTION('',(0.,0.,1.));
#4839 = DIRECTION('',(1.,0.,0.));
#4840 = CYLINDRICAL_SURFACE('',#4841,2.3);
#4841 = AXIS2_PLACEMENT_3D('',#4842,#4843,#4844);
#4842 = CARTESIAN_POINT('',(-33.23401871576,33.234018715768,82.));
#4843 = DIRECTION('',(0.,0.,1.));
#4844 = DIRECTION('',(1.,0.,0.));
#4845 = ADVANCED_FACE('',(#4846),#4849,.T.);
#4846 = FACE_BOUND('',#4847,.F.);
#4847 = EDGE_LOOP('',(#4848));
#4848 = ORIENTED_EDGE('',*,*,#4834,.F.);
#4849 = PLANE('',#4850);
#4850 = AXIS2_PLACEMENT_3D('',#4851,#4852,#4853);
#4851 = CARTESIAN_POINT('',(-33.23401871576,33.234018715768,82.));
#4852 = DIRECTION('',(0.,0.,1.));
#4853 = DIRECTION('',(1.,0.,0.));
#4854 = ADVANCED_FACE('',(#4855,#4877),#4942,.T.);
#4855 = FACE_BOUND('',#4856,.T.);
#4856 = EDGE_LOOP('',(#4857,#4858,#4859,#4860,#4869,#4876));
#4857 = ORIENTED_EDGE('',*,*,#4058,.F.);
#4858 = ORIENTED_EDGE('',*,*,#4049,.F.);
#4859 = ORIENTED_EDGE('',*,*,#3562,.F.);
#4860 = ORIENTED_EDGE('',*,*,#4861,.T.);
#4861 = EDGE_CURVE('',#3555,#4862,#4864,.T.);
#4862 = VERTEX_POINT('',#4863);
#4863 = CARTESIAN_POINT('',(-28.23401871576,-33.23401871576,87.));
#4864 = CIRCLE('',#4865,5.);
#4865 = AXIS2_PLACEMENT_3D('',#4866,#4867,#4868);
#4866 = CARTESIAN_POINT('',(-33.23401871576,-33.23401871576,87.));
#4867 = DIRECTION('',(0.,0.,1.));
#4868 = DIRECTION('',(1.,0.,0.));
#4869 = ORIENTED_EDGE('',*,*,#4870,.T.);
#4870 = EDGE_CURVE('',#4862,#3339,#4871,.T.);
#4871 = CIRCLE('',#4872,5.);
#4872 = AXIS2_PLACEMENT_3D('',#4873,#4874,#4875);
#4873 = CARTESIAN_POINT('',(-33.23401871576,-33.23401871576,87.));
#4874 = DIRECTION('',(0.,0.,1.));
#4875 = DIRECTION('',(1.,0.,0.));
#4876 = ORIENTED_EDGE('',*,*,#3346,.T.);
#4877 = FACE_BOUND('',#4878,.T.);
#4878 = EDGE_LOOP('',(#4879,#4890,#4899,#4908,#4917,#4926,#4935));
#4879 = ORIENTED_EDGE('',*,*,#4880,.F.);
#4880 = EDGE_CURVE('',#4881,#4883,#4885,.T.);
#4881 = VERTEX_POINT('',#4882);
#4882 = CARTESIAN_POINT('',(-35.45135119835,-32.6229240736,87.));
#4883 = VERTEX_POINT('',#4884);
#4884 = CARTESIAN_POINT('',(-32.6229240736,-35.45135119835,87.));
#4885 = CIRCLE('',#4886,2.3);
#4886 = AXIS2_PLACEMENT_3D('',#4887,#4888,#4889);
#4887 = CARTESIAN_POINT('',(-33.23401871576,-33.23401871576,87.));
#4888 = DIRECTION('',(0.,0.,1.));
#4889 = DIRECTION('',(1.,0.,0.));
#4890 = ORIENTED_EDGE('',*,*,#4891,.F.);
#4891 = EDGE_CURVE('',#4892,#4881,#4894,.T.);
#4892 = VERTEX_POINT('',#4893);
#4893 = CARTESIAN_POINT('',(-33.84511335793,-31.01668623318,87.));
#4894 = CIRCLE('',#4895,2.3);
#4895 = AXIS2_PLACEMENT_3D('',#4896,#4897,#4898);
#4896 = CARTESIAN_POINT('',(-33.23401871576,-33.23401871576,87.));
#4897 = DIRECTION('',(0.,0.,1.));
#4898 = DIRECTION('',(1.,0.,0.));
#4899 = ORIENTED_EDGE('',*,*,#4900,.F.);
#4900 = EDGE_CURVE('',#4901,#4892,#4903,.T.);
#4901 = VERTEX_POINT('',#4902);
#4902 = CARTESIAN_POINT('',(-32.6229240736,-31.01668623318,87.));
#4903 = CIRCLE('',#4904,2.3);
#4904 = AXIS2_PLACEMENT_3D('',#4905,#4906,#4907);
#4905 = CARTESIAN_POINT('',(-33.23401871576,-33.23401871576,87.));
#4906 = DIRECTION('',(0.,0.,1.));
#4907 = DIRECTION('',(1.,0.,0.));
#4908 = ORIENTED_EDGE('',*,*,#4909,.F.);
#4909 = EDGE_CURVE('',#4910,#4901,#4912,.T.);
#4910 = VERTEX_POINT('',#4911);
#4911 = CARTESIAN_POINT('',(-31.01668623318,-32.6229240736,87.));
#4912 = CIRCLE('',#4913,2.3);
#4913 = AXIS2_PLACEMENT_3D('',#4914,#4915,#4916);
#4914 = CARTESIAN_POINT('',(-33.23401871576,-33.23401871576,87.));
#4915 = DIRECTION('',(0.,0.,1.));
#4916 = DIRECTION('',(1.,0.,0.));
#4917 = ORIENTED_EDGE('',*,*,#4918,.F.);
#4918 = EDGE_CURVE('',#4919,#4910,#4921,.T.);
#4919 = VERTEX_POINT('',#4920);
#4920 = CARTESIAN_POINT('',(-30.93401871576,-33.23401871576,87.));
#4921 = CIRCLE('',#4922,2.3);
#4922 = AXIS2_PLACEMENT_3D('',#4923,#4924,#4925);
#4923 = CARTESIAN_POINT('',(-33.23401871576,-33.23401871576,87.));
#4924 = DIRECTION('',(0.,0.,1.));
#4925 = DIRECTION('',(1.,0.,0.));
#4926 = ORIENTED_EDGE('',*,*,#4927,.F.);
#4927 = EDGE_CURVE('',#4928,#4919,#4930,.T.);
#4928 = VERTEX_POINT('',#4929);
#4929 = CARTESIAN_POINT('',(-31.01668623318,-33.84511335793,87.));
#4930 = CIRCLE('',#4931,2.3);
#4931 = AXIS2_PLACEMENT_3D('',#4932,#4933,#4934);
#4932 = CARTESIAN_POINT('',(-33.23401871576,-33.23401871576,87.));
#4933 = DIRECTION('',(0.,0.,1.));
#4934 = DIRECTION('',(1.,0.,0.));
#4935 = ORIENTED_EDGE('',*,*,#4936,.F.);
#4936 = EDGE_CURVE('',#4883,#4928,#4937,.T.);
#4937 = CIRCLE('',#4938,2.3);
#4938 = AXIS2_PLACEMENT_3D('',#4939,#4940,#4941);
#4939 = CARTESIAN_POINT('',(-33.23401871576,-33.23401871576,87.));
#4940 = DIRECTION('',(0.,0.,1.));
#4941 = DIRECTION('',(1.,0.,0.));
#4942 = PLANE('',#4943);
#4943 = AXIS2_PLACEMENT_3D('',#4944,#4945,#4946);
#4944 = CARTESIAN_POINT('',(-33.43502035109,-33.64130963799,87.));
#4945 = DIRECTION('',(0.,0.,1.));
#4946 = DIRECTION('',(1.,0.,0.));
#4947 = ADVANCED_FACE('',(#4948),#4973,.F.);
#4948 = FACE_BOUND('',#4949,.F.);
#4949 = EDGE_LOOP('',(#4950,#4958,#4959,#4960,#4961,#4962,#4963,#4964,
    #4965,#4966));
#4950 = ORIENTED_EDGE('',*,*,#4951,.T.);
#4951 = EDGE_CURVE('',#4952,#4919,#4954,.T.);
#4952 = VERTEX_POINT('',#4953);
#4953 = CARTESIAN_POINT('',(-30.93401871576,-33.23401871576,82.));
#4954 = LINE('',#4955,#4956);
#4955 = CARTESIAN_POINT('',(-30.93401871576,-33.23401871576,82.));
#4956 = VECTOR('',#4957,1.);
#4957 = DIRECTION('',(0.,0.,1.));
#4958 = ORIENTED_EDGE('',*,*,#4927,.F.);
#4959 = ORIENTED_EDGE('',*,*,#4936,.F.);
#4960 = ORIENTED_EDGE('',*,*,#4880,.F.);
#4961 = ORIENTED_EDGE('',*,*,#4891,.F.);
#4962 = ORIENTED_EDGE('',*,*,#4900,.F.);
#4963 = ORIENTED_EDGE('',*,*,#4909,.F.);
#4964 = ORIENTED_EDGE('',*,*,#4918,.F.);
#4965 = ORIENTED_EDGE('',*,*,#4951,.F.);
#4966 = ORIENTED_EDGE('',*,*,#4967,.T.);
#4967 = EDGE_CURVE('',#4952,#4952,#4968,.T.);
#4968 = CIRCLE('',#4969,2.3);
#4969 = AXIS2_PLACEMENT_3D('',#4970,#4971,#4972);
#4970 = CARTESIAN_POINT('',(-33.23401871576,-33.23401871576,82.));
#4971 = DIRECTION('',(0.,0.,1.));
#4972 = DIRECTION('',(1.,0.,0.));
#4973 = CYLINDRICAL_SURFACE('',#4974,2.3);
#4974 = AXIS2_PLACEMENT_3D('',#4975,#4976,#4977);
#4975 = CARTESIAN_POINT('',(-33.23401871576,-33.23401871576,82.));
#4976 = DIRECTION('',(0.,0.,1.));
#4977 = DIRECTION('',(1.,0.,0.));
#4978 = ADVANCED_FACE('',(#4979),#4982,.T.);
#4979 = FACE_BOUND('',#4980,.F.);
#4980 = EDGE_LOOP('',(#4981));
#4981 = ORIENTED_EDGE('',*,*,#4967,.F.);
#4982 = PLANE('',#4983);
#4983 = AXIS2_PLACEMENT_3D('',#4984,#4985,#4986);
#4984 = CARTESIAN_POINT('',(-33.23401871576,-33.23401871576,82.));
#4985 = DIRECTION('',(0.,0.,1.));
#4986 = DIRECTION('',(1.,0.,0.));
#4987 = ADVANCED_FACE('',(#4988),#4995,.T.);
#4988 = FACE_BOUND('',#4989,.T.);
#4989 = EDGE_LOOP('',(#4990,#4991,#4992,#4993,#4994));
#4990 = ORIENTED_EDGE('',*,*,#4384,.F.);
#4991 = ORIENTED_EDGE('',*,*,#2575,.F.);
#4992 = ORIENTED_EDGE('',*,*,#2591,.T.);
#4993 = ORIENTED_EDGE('',*,*,#2614,.T.);
#4994 = ORIENTED_EDGE('',*,*,#2638,.T.);
#4995 = PLANE('',#4996);
#4996 = AXIS2_PLACEMENT_3D('',#4997,#4998,#4999);
#4997 = CARTESIAN_POINT('',(75.660425586961,72.831998462214,4.));
#4998 = DIRECTION('',(0.707106781187,0.707106781187,0.));
#4999 = DIRECTION('',(0.,0.,1.));
#5000 = ADVANCED_FACE('',(#5001),#5008,.T.);
#5001 = FACE_BOUND('',#5002,.T.);
#5002 = EDGE_LOOP('',(#5003,#5004,#5005,#5006,#5007));
#5003 = ORIENTED_EDGE('',*,*,#4393,.F.);
#5004 = ORIENTED_EDGE('',*,*,#2669,.F.);
#5005 = ORIENTED_EDGE('',*,*,#2685,.T.);
#5006 = ORIENTED_EDGE('',*,*,#2708,.T.);
#5007 = ORIENTED_EDGE('',*,*,#2732,.T.);
#5008 = PLANE('',#5009);
#5009 = AXIS2_PLACEMENT_3D('',#5010,#5011,#5012);
#5010 = CARTESIAN_POINT('',(-72.83199846221,75.660425586961,4.));
#5011 = DIRECTION('',(-0.707106781187,0.707106781187,0.));
#5012 = DIRECTION('',(0.,0.,1.));
#5013 = ADVANCED_FACE('',(#5014),#5021,.T.);
#5014 = FACE_BOUND('',#5015,.T.);
#5015 = EDGE_LOOP('',(#5016,#5017,#5018,#5019,#5020));
#5016 = ORIENTED_EDGE('',*,*,#4402,.F.);
#5017 = ORIENTED_EDGE('',*,*,#2763,.F.);
#5018 = ORIENTED_EDGE('',*,*,#2779,.T.);
#5019 = ORIENTED_EDGE('',*,*,#2802,.T.);
#5020 = ORIENTED_EDGE('',*,*,#2826,.T.);
#5021 = PLANE('',#5022);
#5022 = AXIS2_PLACEMENT_3D('',#5023,#5024,#5025);
#5023 = CARTESIAN_POINT('',(-75.66042558696,-72.83199846221,4.));
#5024 = DIRECTION('',(-0.707106781187,-0.707106781187,0.));
#5025 = DIRECTION('',(0.,0.,1.));
#5026 = ADVANCED_FACE('',(#5027),#5034,.T.);
#5027 = FACE_BOUND('',#5028,.T.);
#5028 = EDGE_LOOP('',(#5029,#5030,#5031,#5032,#5033));
#5029 = ORIENTED_EDGE('',*,*,#4411,.F.);
#5030 = ORIENTED_EDGE('',*,*,#2857,.F.);
#5031 = ORIENTED_EDGE('',*,*,#2873,.T.);
#5032 = ORIENTED_EDGE('',*,*,#2896,.T.);
#5033 = ORIENTED_EDGE('',*,*,#2920,.T.);
#5034 = PLANE('',#5035);
#5035 = AXIS2_PLACEMENT_3D('',#5036,#5037,#5038);
#5036 = CARTESIAN_POINT('',(72.831998462214,-75.66042558696,4.));
#5037 = DIRECTION('',(0.707106781187,-0.707106781187,0.));
#5038 = DIRECTION('',(0.,0.,1.));
#5039 = ADVANCED_FACE('',(#5040,#5048),#5056,.F.);
#5040 = FACE_BOUND('',#5041,.F.);
#5041 = EDGE_LOOP('',(#5042,#5043,#5044,#5045,#5046,#5047));
#5042 = ORIENTED_EDGE('',*,*,#3163,.T.);
#5043 = ORIENTED_EDGE('',*,*,#4444,.F.);
#5044 = ORIENTED_EDGE('',*,*,#4420,.F.);
#5045 = ORIENTED_EDGE('',*,*,#3084,.F.);
#5046 = ORIENTED_EDGE('',*,*,#1893,.T.);
#5047 = ORIENTED_EDGE('',*,*,#1904,.T.);
#5048 = FACE_BOUND('',#5049,.F.);
#5049 = EDGE_LOOP('',(#5050,#5051,#5052,#5053,#5054,#5055));
#5050 = ORIENTED_EDGE('',*,*,#2500,.F.);
#5051 = ORIENTED_EDGE('',*,*,#2465,.F.);
#5052 = ORIENTED_EDGE('',*,*,#2474,.F.);
#5053 = ORIENTED_EDGE('',*,*,#2935,.T.);
#5054 = ORIENTED_EDGE('',*,*,#2533,.T.);
#5055 = ORIENTED_EDGE('',*,*,#2524,.T.);
#5056 = CYLINDRICAL_SURFACE('',#5057,101.);
#5057 = AXIS2_PLACEMENT_3D('',#5058,#5059,#5060);
#5058 = CARTESIAN_POINT('',(0.,0.,4.));
#5059 = DIRECTION('',(0.,0.,1.));
#5060 = DIRECTION('',(1.,0.,0.));
#5061 = ADVANCED_FACE('',(#5062),#5070,.T.);
#5062 = FACE_BOUND('',#5063,.T.);
#5063 = EDGE_LOOP('',(#5064,#5065,#5066,#5067,#5068,#5069));
#5064 = ORIENTED_EDGE('',*,*,#3771,.T.);
#5065 = ORIENTED_EDGE('',*,*,#3482,.T.);
#5066 = ORIENTED_EDGE('',*,*,#4469,.F.);
#5067 = ORIENTED_EDGE('',*,*,#4460,.F.);
#5068 = ORIENTED_EDGE('',*,*,#3036,.F.);
#5069 = ORIENTED_EDGE('',*,*,#3762,.T.);
#5070 = CYLINDRICAL_SURFACE('',#5071,5.);
#5071 = AXIS2_PLACEMENT_3D('',#5072,#5073,#5074);
#5072 = CARTESIAN_POINT('',(33.234018715768,-33.23401871576,79.));
#5073 = DIRECTION('',(0.,0.,1.));
#5074 = DIRECTION('',(1.,0.,0.));
#5075 = ADVANCED_FACE('',(#5076),#5084,.T.);
#5076 = FACE_BOUND('',#5077,.T.);
#5077 = EDGE_LOOP('',(#5078,#5079,#5080,#5081,#5082,#5083));
#5078 = ORIENTED_EDGE('',*,*,#4595,.F.);
#5079 = ORIENTED_EDGE('',*,*,#3266,.F.);
#5080 = ORIENTED_EDGE('',*,*,#3874,.T.);
#5081 = ORIENTED_EDGE('',*,*,#3883,.T.);
#5082 = ORIENTED_EDGE('',*,*,#3115,.T.);
#5083 = ORIENTED_EDGE('',*,*,#4604,.F.);
#5084 = CYLINDRICAL_SURFACE('',#5085,5.);
#5085 = AXIS2_PLACEMENT_3D('',#5086,#5087,#5088);
#5086 = CARTESIAN_POINT('',(33.234018715768,33.234018715768,79.));
#5087 = DIRECTION('',(0.,0.,1.));
#5088 = DIRECTION('',(1.,0.,0.));
#5089 = ADVANCED_FACE('',(#5090),#5098,.T.);
#5090 = FACE_BOUND('',#5091,.T.);
#5091 = EDGE_LOOP('',(#5092,#5093,#5094,#5095,#5096,#5097));
#5092 = ORIENTED_EDGE('',*,*,#4728,.F.);
#5093 = ORIENTED_EDGE('',*,*,#3410,.F.);
#5094 = ORIENTED_EDGE('',*,*,#3986,.T.);
#5095 = ORIENTED_EDGE('',*,*,#3995,.T.);
#5096 = ORIENTED_EDGE('',*,*,#3194,.T.);
#5097 = ORIENTED_EDGE('',*,*,#4737,.F.);
#5098 = CYLINDRICAL_SURFACE('',#5099,5.);
#5099 = AXIS2_PLACEMENT_3D('',#5100,#5101,#5102);
#5100 = CARTESIAN_POINT('',(-33.23401871576,33.234018715768,79.));
#5101 = DIRECTION('',(0.,0.,1.));
#5102 = DIRECTION('',(1.,0.,0.));
#5103 = ADVANCED_FACE('',(#5104),#5112,.T.);
#5104 = FACE_BOUND('',#5105,.T.);
#5105 = EDGE_LOOP('',(#5106,#5107,#5108,#5109,#5110,#5111));
#5106 = ORIENTED_EDGE('',*,*,#4861,.F.);
#5107 = ORIENTED_EDGE('',*,*,#3554,.F.);
#5108 = ORIENTED_EDGE('',*,*,#4107,.T.);
#5109 = ORIENTED_EDGE('',*,*,#4116,.T.);
#5110 = ORIENTED_EDGE('',*,*,#3338,.T.);
#5111 = ORIENTED_EDGE('',*,*,#4870,.F.);
#5112 = CYLINDRICAL_SURFACE('',#5113,5.);
#5113 = AXIS2_PLACEMENT_3D('',#5114,#5115,#5116);
#5114 = CARTESIAN_POINT('',(-33.23401871576,-33.23401871576,79.));
#5115 = DIRECTION('',(0.,0.,1.));
#5116 = DIRECTION('',(1.,0.,0.));
#5117 = MANIFOLD_SOLID_BREP('',#5118);
#5118 = CLOSED_SHELL('',(#5119,#5152,#5315,#5478,#5495,#5512,#5529,#5546
    ,#5563,#5580,#5597,#5614,#5631,#5648,#5665,#5682,#5699));
#5119 = ADVANCED_FACE('',(#5120),#5147,.T.);
#5120 = FACE_BOUND('',#5121,.T.);
#5121 = EDGE_LOOP('',(#5122,#5131,#5139,#5146));
#5122 = ORIENTED_EDGE('',*,*,#5123,.F.);
#5123 = EDGE_CURVE('',#5124,#5124,#5126,.T.);
#5124 = VERTEX_POINT('',#5125);
#5125 = CARTESIAN_POINT('',(52.,-1.273632671113E-14,93.));
#5126 = CIRCLE('',#5127,52.);
#5127 = AXIS2_PLACEMENT_3D('',#5128,#5129,#5130);
#5128 = CARTESIAN_POINT('',(0.,0.,93.));
#5129 = DIRECTION('',(0.,0.,1.));
#5130 = DIRECTION('',(1.,0.,0.));
#5131 = ORIENTED_EDGE('',*,*,#5132,.F.);
#5132 = EDGE_CURVE('',#5133,#5124,#5135,.T.);
#5133 = VERTEX_POINT('',#5134);
#5134 = CARTESIAN_POINT('',(52.,-1.273632671113E-14,87.));
#5135 = LINE('',#5136,#5137);
#5136 = CARTESIAN_POINT('',(52.,-1.273632671113E-14,87.));
#5137 = VECTOR('',#5138,1.);
#5138 = DIRECTION('',(0.,0.,1.));
#5139 = ORIENTED_EDGE('',*,*,#5140,.T.);
#5140 = EDGE_CURVE('',#5133,#5133,#5141,.T.);
#5141 = CIRCLE('',#5142,52.);
#5142 = AXIS2_PLACEMENT_3D('',#5143,#5144,#5145);
#5143 = CARTESIAN_POINT('',(0.,0.,87.));
#5144 = DIRECTION('',(0.,0.,1.));
#5145 = DIRECTION('',(1.,0.,0.));
#5146 = ORIENTED_EDGE('',*,*,#5132,.T.);
#5147 = CYLINDRICAL_SURFACE('',#5148,52.);
#5148 = AXIS2_PLACEMENT_3D('',#5149,#5150,#5151);
#5149 = CARTESIAN_POINT('',(0.,0.,87.));
#5150 = DIRECTION('',(0.,0.,1.));
#5151 = DIRECTION('',(1.,0.,0.));
#5152 = ADVANCED_FACE('',(#5153,#5156,#5167,#5178,#5189,#5200,#5211,
    #5222,#5233,#5244,#5255,#5266,#5277,#5288,#5299),#5310,.T.);
#5153 = FACE_BOUND('',#5154,.T.);
#5154 = EDGE_LOOP('',(#5155));
#5155 = ORIENTED_EDGE('',*,*,#5123,.T.);
#5156 = FACE_BOUND('',#5157,.T.);
#5157 = EDGE_LOOP('',(#5158));
#5158 = ORIENTED_EDGE('',*,*,#5159,.F.);
#5159 = EDGE_CURVE('',#5160,#5160,#5162,.T.);
#5160 = VERTEX_POINT('',#5161);
#5161 = CARTESIAN_POINT('',(-31.53401871576,-33.23401871576,93.));
#5162 = CIRCLE('',#5163,1.7);
#5163 = AXIS2_PLACEMENT_3D('',#5164,#5165,#5166);
#5164 = CARTESIAN_POINT('',(-33.23401871576,-33.23401871576,93.));
#5165 = DIRECTION('',(0.,0.,1.));
#5166 = DIRECTION('',(1.,0.,0.));
#5167 = FACE_BOUND('',#5168,.T.);
#5168 = EDGE_LOOP('',(#5169));
#5169 = ORIENTED_EDGE('',*,*,#5170,.F.);
#5170 = EDGE_CURVE('',#5171,#5171,#5173,.T.);
#5171 = VERTEX_POINT('',#5172);
#5172 = CARTESIAN_POINT('',(-29.33418,-21.05064,93.));
#5173 = CIRCLE('',#5174,1.7);
#5174 = AXIS2_PLACEMENT_3D('',#5175,#5176,#5177);
#5175 = CARTESIAN_POINT('',(-31.03418,-21.05064,93.));
#5176 = DIRECTION('',(0.,0.,1.));
#5177 = DIRECTION('',(1.,0.,0.));
#5178 = FACE_BOUND('',#5179,.T.);
#5179 = EDGE_LOOP('',(#5180));
#5180 = ORIENTED_EDGE('',*,*,#5181,.F.);
#5181 = EDGE_CURVE('',#5182,#5182,#5184,.T.);
#5182 = VERTEX_POINT('',#5183);
#5183 = CARTESIAN_POINT('',(-8.54247,-36.07412,93.));
#5184 = CIRCLE('',#5185,1.7);
#5185 = AXIS2_PLACEMENT_3D('',#5186,#5187,#5188);
#5186 = CARTESIAN_POINT('',(-10.24247,-36.07412,93.));
#5187 = DIRECTION('',(0.,0.,1.));
#5188 = DIRECTION('',(1.,0.,0.));
#5189 = FACE_BOUND('',#5190,.T.);
#5190 = EDGE_LOOP('',(#5191));
#5191 = ORIENTED_EDGE('',*,*,#5192,.F.);
#5192 = EDGE_CURVE('',#5193,#5193,#5195,.T.);
#5193 = VERTEX_POINT('',#5194);
#5194 = CARTESIAN_POINT('',(17.04181,-34.21811,93.));
#5195 = CIRCLE('',#5196,1.7);
#5196 = AXIS2_PLACEMENT_3D('',#5197,#5198,#5199);
#5197 = CARTESIAN_POINT('',(15.34181,-34.21811,93.));
#5198 = DIRECTION('',(0.,0.,1.));
#5199 = DIRECTION('',(1.,0.,0.));
#5200 = FACE_BOUND('',#5201,.T.);
#5201 = EDGE_LOOP('',(#5202));
#5202 = ORIENTED_EDGE('',*,*,#5203,.F.);
#5203 = EDGE_CURVE('',#5204,#5204,#5206,.T.);
#5204 = VERTEX_POINT('',#5205);
#5205 = CARTESIAN_POINT('',(34.934018715768,-33.23401871576,93.));
#5206 = CIRCLE('',#5207,1.7);
#5207 = AXIS2_PLACEMENT_3D('',#5208,#5209,#5210);
#5208 = CARTESIAN_POINT('',(33.234018715768,-33.23401871576,93.));
#5209 = DIRECTION('',(0.,0.,1.));
#5210 = DIRECTION('',(1.,0.,0.));
#5211 = FACE_BOUND('',#5212,.T.);
#5212 = EDGE_LOOP('',(#5213));
#5213 = ORIENTED_EDGE('',*,*,#5214,.F.);
#5214 = EDGE_CURVE('',#5215,#5215,#5217,.T.);
#5215 = VERTEX_POINT('',#5216);
#5216 = CARTESIAN_POINT('',(22.,-5.388445916248E-15,93.));
#5217 = CIRCLE('',#5218,22.);
#5218 = AXIS2_PLACEMENT_3D('',#5219,#5220,#5221);
#5219 = CARTESIAN_POINT('',(0.,0.,93.));
#5220 = DIRECTION('',(0.,0.,1.));
#5221 = DIRECTION('',(1.,0.,0.));
#5222 = FACE_BOUND('',#5223,.T.);
#5223 = EDGE_LOOP('',(#5224));
#5224 = ORIENTED_EDGE('',*,*,#5225,.F.);
#5225 = EDGE_CURVE('',#5226,#5226,#5228,.T.);
#5226 = VERTEX_POINT('',#5227);
#5227 = CARTESIAN_POINT('',(35.44748,-16.35107,93.));
#5228 = CIRCLE('',#5229,1.7);
#5229 = AXIS2_PLACEMENT_3D('',#5230,#5231,#5232);
#5230 = CARTESIAN_POINT('',(33.74748,-16.35107,93.));
#5231 = DIRECTION('',(0.,0.,1.));
#5232 = DIRECTION('',(1.,0.,0.));
#5233 = FACE_BOUND('',#5234,.T.);
#5234 = EDGE_LOOP('',(#5235));
#5235 = ORIENTED_EDGE('',*,*,#5236,.F.);
#5236 = EDGE_CURVE('',#5237,#5237,#5239,.T.);
#5237 = VERTEX_POINT('',#5238);
#5238 = CARTESIAN_POINT('',(-35.60465,3.82266,93.));
#5239 = CIRCLE('',#5240,1.7);
#5240 = AXIS2_PLACEMENT_3D('',#5241,#5242,#5243);
#5241 = CARTESIAN_POINT('',(-37.30465,3.82266,93.));
#5242 = DIRECTION('',(0.,0.,1.));
#5243 = DIRECTION('',(1.,0.,0.));
#5244 = FACE_BOUND('',#5245,.T.);
#5245 = EDGE_LOOP('',(#5246));
#5246 = ORIENTED_EDGE('',*,*,#5247,.F.);
#5247 = EDGE_CURVE('',#5248,#5248,#5250,.T.);
#5248 = VERTEX_POINT('',#5249);
#5249 = CARTESIAN_POINT('',(-24.41987,26.9073,93.));
#5250 = CIRCLE('',#5251,1.7);
#5251 = AXIS2_PLACEMENT_3D('',#5252,#5253,#5254);
#5252 = CARTESIAN_POINT('',(-26.11987,26.9073,93.));
#5253 = DIRECTION('',(0.,0.,1.));
#5254 = DIRECTION('',(1.,0.,0.));
#5255 = FACE_BOUND('',#5256,.T.);
#5256 = EDGE_LOOP('',(#5257));
#5257 = ORIENTED_EDGE('',*,*,#5258,.F.);
#5258 = EDGE_CURVE('',#5259,#5259,#5261,.T.);
#5259 = VERTEX_POINT('',#5260);
#5260 = CARTESIAN_POINT('',(-31.53401871576,33.234018715768,93.));
#5261 = CIRCLE('',#5262,1.7);
#5262 = AXIS2_PLACEMENT_3D('',#5263,#5264,#5265);
#5263 = CARTESIAN_POINT('',(-33.23401871576,33.234018715768,93.));
#5264 = DIRECTION('',(0.,0.,1.));
#5265 = DIRECTION('',(1.,0.,0.));
#5266 = FACE_BOUND('',#5267,.T.);
#5267 = EDGE_LOOP('',(#5268));
#5268 = ORIENTED_EDGE('',*,*,#5269,.F.);
#5269 = EDGE_CURVE('',#5270,#5270,#5272,.T.);
#5270 = VERTEX_POINT('',#5271);
#5271 = CARTESIAN_POINT('',(-1.0133,37.40171,93.));
#5272 = CIRCLE('',#5273,1.7);
#5273 = AXIS2_PLACEMENT_3D('',#5274,#5275,#5276);
#5274 = CARTESIAN_POINT('',(-2.7133,37.40171,93.));
#5275 = DIRECTION('',(0.,0.,1.));
#5276 = DIRECTION('',(1.,0.,0.));
#5277 = FACE_BOUND('',#5278,.T.);
#5278 = EDGE_LOOP('',(#5279));
#5279 = ORIENTED_EDGE('',*,*,#5280,.F.);
#5280 = EDGE_CURVE('',#5281,#5281,#5283,.T.);
#5281 = VERTEX_POINT('',#5282);
#5282 = CARTESIAN_POINT('',(38.06233,9.16682,93.));
#5283 = CIRCLE('',#5284,1.7);
#5284 = AXIS2_PLACEMENT_3D('',#5285,#5286,#5287);
#5285 = CARTESIAN_POINT('',(36.36233,9.16682,93.));
#5286 = DIRECTION('',(0.,0.,1.));
#5287 = DIRECTION('',(1.,0.,0.));
#5288 = FACE_BOUND('',#5289,.T.);
#5289 = EDGE_LOOP('',(#5290));
#5290 = ORIENTED_EDGE('',*,*,#5291,.F.);
#5291 = EDGE_CURVE('',#5292,#5292,#5294,.T.);
#5292 = VERTEX_POINT('',#5293);
#5293 = CARTESIAN_POINT('',(23.66285,30.39545,93.));
#5294 = CIRCLE('',#5295,1.7);
#5295 = AXIS2_PLACEMENT_3D('',#5296,#5297,#5298);
#5296 = CARTESIAN_POINT('',(21.96285,30.39545,93.));
#5297 = DIRECTION('',(0.,0.,1.));
#5298 = DIRECTION('',(1.,0.,0.));
#5299 = FACE_BOUND('',#5300,.T.);
#5300 = EDGE_LOOP('',(#5301));
#5301 = ORIENTED_EDGE('',*,*,#5302,.F.);
#5302 = EDGE_CURVE('',#5303,#5303,#5305,.T.);
#5303 = VERTEX_POINT('',#5304);
#5304 = CARTESIAN_POINT('',(34.934018715768,33.234018715768,93.));
#5305 = CIRCLE('',#5306,1.7);
#5306 = AXIS2_PLACEMENT_3D('',#5307,#5308,#5309);
#5307 = CARTESIAN_POINT('',(33.234018715768,33.234018715768,93.));
#5308 = DIRECTION('',(0.,0.,1.));
#5309 = DIRECTION('',(1.,0.,0.));
#5310 = PLANE('',#5311);
#5311 = AXIS2_PLACEMENT_3D('',#5312,#5313,#5314);
#5312 = CARTESIAN_POINT('',(0.,0.,93.));
#5313 = DIRECTION('',(0.,0.,1.));
#5314 = DIRECTION('',(1.,0.,0.));
#5315 = ADVANCED_FACE('',(#5316,#5319,#5330,#5341,#5352,#5363,#5374,
    #5385,#5396,#5407,#5418,#5429,#5440,#5451,#5462),#5473,.F.);
#5316 = FACE_BOUND('',#5317,.F.);
#5317 = EDGE_LOOP('',(#5318));
#5318 = ORIENTED_EDGE('',*,*,#5140,.T.);
#5319 = FACE_BOUND('',#5320,.F.);
#5320 = EDGE_LOOP('',(#5321));
#5321 = ORIENTED_EDGE('',*,*,#5322,.F.);
#5322 = EDGE_CURVE('',#5323,#5323,#5325,.T.);
#5323 = VERTEX_POINT('',#5324);
#5324 = CARTESIAN_POINT('',(-31.53401871576,-33.23401871576,87.));
#5325 = CIRCLE('',#5326,1.7);
#5326 = AXIS2_PLACEMENT_3D('',#5327,#5328,#5329);
#5327 = CARTESIAN_POINT('',(-33.23401871576,-33.23401871576,87.));
#5328 = DIRECTION('',(0.,0.,1.));
#5329 = DIRECTION('',(1.,0.,0.));
#5330 = FACE_BOUND('',#5331,.F.);
#5331 = EDGE_LOOP('',(#5332));
#5332 = ORIENTED_EDGE('',*,*,#5333,.F.);
#5333 = EDGE_CURVE('',#5334,#5334,#5336,.T.);
#5334 = VERTEX_POINT('',#5335);
#5335 = CARTESIAN_POINT('',(-29.33418,-21.05064,87.));
#5336 = CIRCLE('',#5337,1.7);
#5337 = AXIS2_PLACEMENT_3D('',#5338,#5339,#5340);
#5338 = CARTESIAN_POINT('',(-31.03418,-21.05064,87.));
#5339 = DIRECTION('',(0.,0.,1.));
#5340 = DIRECTION('',(1.,0.,0.));
#5341 = FACE_BOUND('',#5342,.F.);
#5342 = EDGE_LOOP('',(#5343));
#5343 = ORIENTED_EDGE('',*,*,#5344,.F.);
#5344 = EDGE_CURVE('',#5345,#5345,#5347,.T.);
#5345 = VERTEX_POINT('',#5346);
#5346 = CARTESIAN_POINT('',(-8.54247,-36.07412,87.));
#5347 = CIRCLE('',#5348,1.7);
#5348 = AXIS2_PLACEMENT_3D('',#5349,#5350,#5351);
#5349 = CARTESIAN_POINT('',(-10.24247,-36.07412,87.));
#5350 = DIRECTION('',(0.,0.,1.));
#5351 = DIRECTION('',(1.,0.,0.));
#5352 = FACE_BOUND('',#5353,.F.);
#5353 = EDGE_LOOP('',(#5354));
#5354 = ORIENTED_EDGE('',*,*,#5355,.F.);
#5355 = EDGE_CURVE('',#5356,#5356,#5358,.T.);
#5356 = VERTEX_POINT('',#5357);
#5357 = CARTESIAN_POINT('',(17.04181,-34.21811,87.));
#5358 = CIRCLE('',#5359,1.7);
#5359 = AXIS2_PLACEMENT_3D('',#5360,#5361,#5362);
#5360 = CARTESIAN_POINT('',(15.34181,-34.21811,87.));
#5361 = DIRECTION('',(0.,0.,1.));
#5362 = DIRECTION('',(1.,0.,0.));
#5363 = FACE_BOUND('',#5364,.F.);
#5364 = EDGE_LOOP('',(#5365));
#5365 = ORIENTED_EDGE('',*,*,#5366,.F.);
#5366 = EDGE_CURVE('',#5367,#5367,#5369,.T.);
#5367 = VERTEX_POINT('',#5368);
#5368 = CARTESIAN_POINT('',(34.934018715768,-33.23401871576,87.));
#5369 = CIRCLE('',#5370,1.7);
#5370 = AXIS2_PLACEMENT_3D('',#5371,#5372,#5373);
#5371 = CARTESIAN_POINT('',(33.234018715768,-33.23401871576,87.));
#5372 = DIRECTION('',(0.,0.,1.));
#5373 = DIRECTION('',(1.,0.,0.));
#5374 = FACE_BOUND('',#5375,.F.);
#5375 = EDGE_LOOP('',(#5376));
#5376 = ORIENTED_EDGE('',*,*,#5377,.F.);
#5377 = EDGE_CURVE('',#5378,#5378,#5380,.T.);
#5378 = VERTEX_POINT('',#5379);
#5379 = CARTESIAN_POINT('',(22.,-5.388445916248E-15,87.));
#5380 = CIRCLE('',#5381,22.);
#5381 = AXIS2_PLACEMENT_3D('',#5382,#5383,#5384);
#5382 = CARTESIAN_POINT('',(0.,0.,87.));
#5383 = DIRECTION('',(0.,0.,1.));
#5384 = DIRECTION('',(1.,0.,0.));
#5385 = FACE_BOUND('',#5386,.F.);
#5386 = EDGE_LOOP('',(#5387));
#5387 = ORIENTED_EDGE('',*,*,#5388,.F.);
#5388 = EDGE_CURVE('',#5389,#5389,#5391,.T.);
#5389 = VERTEX_POINT('',#5390);
#5390 = CARTESIAN_POINT('',(35.44748,-16.35107,87.));
#5391 = CIRCLE('',#5392,1.7);
#5392 = AXIS2_PLACEMENT_3D('',#5393,#5394,#5395);
#5393 = CARTESIAN_POINT('',(33.74748,-16.35107,87.));
#5394 = DIRECTION('',(0.,0.,1.));
#5395 = DIRECTION('',(1.,0.,0.));
#5396 = FACE_BOUND('',#5397,.F.);
#5397 = EDGE_LOOP('',(#5398));
#5398 = ORIENTED_EDGE('',*,*,#5399,.F.);
#5399 = EDGE_CURVE('',#5400,#5400,#5402,.T.);
#5400 = VERTEX_POINT('',#5401);
#5401 = CARTESIAN_POINT('',(-35.60465,3.82266,87.));
#5402 = CIRCLE('',#5403,1.7);
#5403 = AXIS2_PLACEMENT_3D('',#5404,#5405,#5406);
#5404 = CARTESIAN_POINT('',(-37.30465,3.82266,87.));
#5405 = DIRECTION('',(0.,0.,1.));
#5406 = DIRECTION('',(1.,0.,0.));
#5407 = FACE_BOUND('',#5408,.F.);
#5408 = EDGE_LOOP('',(#5409));
#5409 = ORIENTED_EDGE('',*,*,#5410,.F.);
#5410 = EDGE_CURVE('',#5411,#5411,#5413,.T.);
#5411 = VERTEX_POINT('',#5412);
#5412 = CARTESIAN_POINT('',(-24.41987,26.9073,87.));
#5413 = CIRCLE('',#5414,1.7);
#5414 = AXIS2_PLACEMENT_3D('',#5415,#5416,#5417);
#5415 = CARTESIAN_POINT('',(-26.11987,26.9073,87.));
#5416 = DIRECTION('',(0.,0.,1.));
#5417 = DIRECTION('',(1.,0.,0.));
#5418 = FACE_BOUND('',#5419,.F.);
#5419 = EDGE_LOOP('',(#5420));
#5420 = ORIENTED_EDGE('',*,*,#5421,.F.);
#5421 = EDGE_CURVE('',#5422,#5422,#5424,.T.);
#5422 = VERTEX_POINT('',#5423);
#5423 = CARTESIAN_POINT('',(-31.53401871576,33.234018715768,87.));
#5424 = CIRCLE('',#5425,1.7);
#5425 = AXIS2_PLACEMENT_3D('',#5426,#5427,#5428);
#5426 = CARTESIAN_POINT('',(-33.23401871576,33.234018715768,87.));
#5427 = DIRECTION('',(0.,0.,1.));
#5428 = DIRECTION('',(1.,0.,0.));
#5429 = FACE_BOUND('',#5430,.F.);
#5430 = EDGE_LOOP('',(#5431));
#5431 = ORIENTED_EDGE('',*,*,#5432,.F.);
#5432 = EDGE_CURVE('',#5433,#5433,#5435,.T.);
#5433 = VERTEX_POINT('',#5434);
#5434 = CARTESIAN_POINT('',(-1.0133,37.40171,87.));
#5435 = CIRCLE('',#5436,1.7);
#5436 = AXIS2_PLACEMENT_3D('',#5437,#5438,#5439);
#5437 = CARTESIAN_POINT('',(-2.7133,37.40171,87.));
#5438 = DIRECTION('',(0.,0.,1.));
#5439 = DIRECTION('',(1.,0.,0.));
#5440 = FACE_BOUND('',#5441,.F.);
#5441 = EDGE_LOOP('',(#5442));
#5442 = ORIENTED_EDGE('',*,*,#5443,.F.);
#5443 = EDGE_CURVE('',#5444,#5444,#5446,.T.);
#5444 = VERTEX_POINT('',#5445);
#5445 = CARTESIAN_POINT('',(38.06233,9.16682,87.));
#5446 = CIRCLE('',#5447,1.7);
#5447 = AXIS2_PLACEMENT_3D('',#5448,#5449,#5450);
#5448 = CARTESIAN_POINT('',(36.36233,9.16682,87.));
#5449 = DIRECTION('',(0.,0.,1.));
#5450 = DIRECTION('',(1.,0.,0.));
#5451 = FACE_BOUND('',#5452,.F.);
#5452 = EDGE_LOOP('',(#5453));
#5453 = ORIENTED_EDGE('',*,*,#5454,.F.);
#5454 = EDGE_CURVE('',#5455,#5455,#5457,.T.);
#5455 = VERTEX_POINT('',#5456);
#5456 = CARTESIAN_POINT('',(23.66285,30.39545,87.));
#5457 = CIRCLE('',#5458,1.7);
#5458 = AXIS2_PLACEMENT_3D('',#5459,#5460,#5461);
#5459 = CARTESIAN_POINT('',(21.96285,30.39545,87.));
#5460 = DIRECTION('',(0.,0.,1.));
#5461 = DIRECTION('',(1.,0.,0.));
#5462 = FACE_BOUND('',#5463,.F.);
#5463 = EDGE_LOOP('',(#5464));
#5464 = ORIENTED_EDGE('',*,*,#5465,.F.);
#5465 = EDGE_CURVE('',#5466,#5466,#5468,.T.);
#5466 = VERTEX_POINT('',#5467);
#5467 = CARTESIAN_POINT('',(34.934018715768,33.234018715768,87.));
#5468 = CIRCLE('',#5469,1.7);
#5469 = AXIS2_PLACEMENT_3D('',#5470,#5471,#5472);
#5470 = CARTESIAN_POINT('',(33.234018715768,33.234018715768,87.));
#5471 = DIRECTION('',(0.,0.,1.));
#5472 = DIRECTION('',(1.,0.,0.));
#5473 = PLANE('',#5474);
#5474 = AXIS2_PLACEMENT_3D('',#5475,#5476,#5477);
#5475 = CARTESIAN_POINT('',(0.,0.,87.));
#5476 = DIRECTION('',(0.,0.,1.));
#5477 = DIRECTION('',(1.,0.,0.));
#5478 = ADVANCED_FACE('',(#5479),#5490,.F.);
#5479 = FACE_BOUND('',#5480,.F.);
#5480 = EDGE_LOOP('',(#5481,#5482,#5488,#5489));
#5481 = ORIENTED_EDGE('',*,*,#5159,.F.);
#5482 = ORIENTED_EDGE('',*,*,#5483,.F.);
#5483 = EDGE_CURVE('',#5323,#5160,#5484,.T.);
#5484 = LINE('',#5485,#5486);
#5485 = CARTESIAN_POINT('',(-31.53401871576,-33.23401871576,87.));
#5486 = VECTOR('',#5487,1.);
#5487 = DIRECTION('',(0.,0.,1.));
#5488 = ORIENTED_EDGE('',*,*,#5322,.T.);
#5489 = ORIENTED_EDGE('',*,*,#5483,.T.);
#5490 = CYLINDRICAL_SURFACE('',#5491,1.7);
#5491 = AXIS2_PLACEMENT_3D('',#5492,#5493,#5494);
#5492 = CARTESIAN_POINT('',(-33.23401871576,-33.23401871576,87.));
#5493 = DIRECTION('',(0.,0.,1.));
#5494 = DIRECTION('',(1.,0.,0.));
#5495 = ADVANCED_FACE('',(#5496),#5507,.F.);
#5496 = FACE_BOUND('',#5497,.F.);
#5497 = EDGE_LOOP('',(#5498,#5499,#5505,#5506));
#5498 = ORIENTED_EDGE('',*,*,#5170,.F.);
#5499 = ORIENTED_EDGE('',*,*,#5500,.F.);
#5500 = EDGE_CURVE('',#5334,#5171,#5501,.T.);
#5501 = LINE('',#5502,#5503);
#5502 = CARTESIAN_POINT('',(-29.33418,-21.05064,87.));
#5503 = VECTOR('',#5504,1.);
#5504 = DIRECTION('',(0.,0.,1.));
#5505 = ORIENTED_EDGE('',*,*,#5333,.T.);
#5506 = ORIENTED_EDGE('',*,*,#5500,.T.);
#5507 = CYLINDRICAL_SURFACE('',#5508,1.7);
#5508 = AXIS2_PLACEMENT_3D('',#5509,#5510,#5511);
#5509 = CARTESIAN_POINT('',(-31.03418,-21.05064,87.));
#5510 = DIRECTION('',(0.,0.,1.));
#5511 = DIRECTION('',(1.,0.,0.));
#5512 = ADVANCED_FACE('',(#5513),#5524,.F.);
#5513 = FACE_BOUND('',#5514,.F.);
#5514 = EDGE_LOOP('',(#5515,#5516,#5522,#5523));
#5515 = ORIENTED_EDGE('',*,*,#5181,.F.);
#5516 = ORIENTED_EDGE('',*,*,#5517,.F.);
#5517 = EDGE_CURVE('',#5345,#5182,#5518,.T.);
#5518 = LINE('',#5519,#5520);
#5519 = CARTESIAN_POINT('',(-8.54247,-36.07412,87.));
#5520 = VECTOR('',#5521,1.);
#5521 = DIRECTION('',(0.,0.,1.));
#5522 = ORIENTED_EDGE('',*,*,#5344,.T.);
#5523 = ORIENTED_EDGE('',*,*,#5517,.T.);
#5524 = CYLINDRICAL_SURFACE('',#5525,1.7);
#5525 = AXIS2_PLACEMENT_3D('',#5526,#5527,#5528);
#5526 = CARTESIAN_POINT('',(-10.24247,-36.07412,87.));
#5527 = DIRECTION('',(0.,0.,1.));
#5528 = DIRECTION('',(1.,0.,0.));
#5529 = ADVANCED_FACE('',(#5530),#5541,.F.);
#5530 = FACE_BOUND('',#5531,.F.);
#5531 = EDGE_LOOP('',(#5532,#5533,#5539,#5540));
#5532 = ORIENTED_EDGE('',*,*,#5192,.F.);
#5533 = ORIENTED_EDGE('',*,*,#5534,.F.);
#5534 = EDGE_CURVE('',#5356,#5193,#5535,.T.);
#5535 = LINE('',#5536,#5537);
#5536 = CARTESIAN_POINT('',(17.04181,-34.21811,87.));
#5537 = VECTOR('',#5538,1.);
#5538 = DIRECTION('',(0.,0.,1.));
#5539 = ORIENTED_EDGE('',*,*,#5355,.T.);
#5540 = ORIENTED_EDGE('',*,*,#5534,.T.);
#5541 = CYLINDRICAL_SURFACE('',#5542,1.7);
#5542 = AXIS2_PLACEMENT_3D('',#5543,#5544,#5545);
#5543 = CARTESIAN_POINT('',(15.34181,-34.21811,87.));
#5544 = DIRECTION('',(0.,0.,1.));
#5545 = DIRECTION('',(1.,0.,0.));
#5546 = ADVANCED_FACE('',(#5547),#5558,.F.);
#5547 = FACE_BOUND('',#5548,.F.);
#5548 = EDGE_LOOP('',(#5549,#5550,#5556,#5557));
#5549 = ORIENTED_EDGE('',*,*,#5203,.F.);
#5550 = ORIENTED_EDGE('',*,*,#5551,.F.);
#5551 = EDGE_CURVE('',#5367,#5204,#5552,.T.);
#5552 = LINE('',#5553,#5554);
#5553 = CARTESIAN_POINT('',(34.934018715768,-33.23401871576,87.));
#5554 = VECTOR('',#5555,1.);
#5555 = DIRECTION('',(0.,0.,1.));
#5556 = ORIENTED_EDGE('',*,*,#5366,.T.);
#5557 = ORIENTED_EDGE('',*,*,#5551,.T.);
#5558 = CYLINDRICAL_SURFACE('',#5559,1.7);
#5559 = AXIS2_PLACEMENT_3D('',#5560,#5561,#5562);
#5560 = CARTESIAN_POINT('',(33.234018715768,-33.23401871576,87.));
#5561 = DIRECTION('',(0.,0.,1.));
#5562 = DIRECTION('',(1.,0.,0.));
#5563 = ADVANCED_FACE('',(#5564),#5575,.F.);
#5564 = FACE_BOUND('',#5565,.F.);
#5565 = EDGE_LOOP('',(#5566,#5567,#5573,#5574));
#5566 = ORIENTED_EDGE('',*,*,#5214,.F.);
#5567 = ORIENTED_EDGE('',*,*,#5568,.F.);
#5568 = EDGE_CURVE('',#5378,#5215,#5569,.T.);
#5569 = LINE('',#5570,#5571);
#5570 = CARTESIAN_POINT('',(22.,-5.388445916248E-15,87.));
#5571 = VECTOR('',#5572,1.);
#5572 = DIRECTION('',(0.,0.,1.));
#5573 = ORIENTED_EDGE('',*,*,#5377,.T.);
#5574 = ORIENTED_EDGE('',*,*,#5568,.T.);
#5575 = CYLINDRICAL_SURFACE('',#5576,22.);
#5576 = AXIS2_PLACEMENT_3D('',#5577,#5578,#5579);
#5577 = CARTESIAN_POINT('',(0.,0.,87.));
#5578 = DIRECTION('',(0.,0.,1.));
#5579 = DIRECTION('',(1.,0.,0.));
#5580 = ADVANCED_FACE('',(#5581),#5592,.F.);
#5581 = FACE_BOUND('',#5582,.F.);
#5582 = EDGE_LOOP('',(#5583,#5584,#5590,#5591));
#5583 = ORIENTED_EDGE('',*,*,#5225,.F.);
#5584 = ORIENTED_EDGE('',*,*,#5585,.F.);
#5585 = EDGE_CURVE('',#5389,#5226,#5586,.T.);
#5586 = LINE('',#5587,#5588);
#5587 = CARTESIAN_POINT('',(35.44748,-16.35107,87.));
#5588 = VECTOR('',#5589,1.);
#5589 = DIRECTION('',(0.,0.,1.));
#5590 = ORIENTED_EDGE('',*,*,#5388,.T.);
#5591 = ORIENTED_EDGE('',*,*,#5585,.T.);
#5592 = CYLINDRICAL_SURFACE('',#5593,1.7);
#5593 = AXIS2_PLACEMENT_3D('',#5594,#5595,#5596);
#5594 = CARTESIAN_POINT('',(33.74748,-16.35107,87.));
#5595 = DIRECTION('',(0.,0.,1.));
#5596 = DIRECTION('',(1.,0.,0.));
#5597 = ADVANCED_FACE('',(#5598),#5609,.F.);
#5598 = FACE_BOUND('',#5599,.F.);
#5599 = EDGE_LOOP('',(#5600,#5601,#5607,#5608));
#5600 = ORIENTED_EDGE('',*,*,#5236,.F.);
#5601 = ORIENTED_EDGE('',*,*,#5602,.F.);
#5602 = EDGE_CURVE('',#5400,#5237,#5603,.T.);
#5603 = LINE('',#5604,#5605);
#5604 = CARTESIAN_POINT('',(-35.60465,3.82266,87.));
#5605 = VECTOR('',#5606,1.);
#5606 = DIRECTION('',(0.,0.,1.));
#5607 = ORIENTED_EDGE('',*,*,#5399,.T.);
#5608 = ORIENTED_EDGE('',*,*,#5602,.T.);
#5609 = CYLINDRICAL_SURFACE('',#5610,1.7);
#5610 = AXIS2_PLACEMENT_3D('',#5611,#5612,#5613);
#5611 = CARTESIAN_POINT('',(-37.30465,3.82266,87.));
#5612 = DIRECTION('',(0.,0.,1.));
#5613 = DIRECTION('',(1.,0.,0.));
#5614 = ADVANCED_FACE('',(#5615),#5626,.F.);
#5615 = FACE_BOUND('',#5616,.F.);
#5616 = EDGE_LOOP('',(#5617,#5618,#5624,#5625));
#5617 = ORIENTED_EDGE('',*,*,#5247,.F.);
#5618 = ORIENTED_EDGE('',*,*,#5619,.F.);
#5619 = EDGE_CURVE('',#5411,#5248,#5620,.T.);
#5620 = LINE('',#5621,#5622);
#5621 = CARTESIAN_POINT('',(-24.41987,26.9073,87.));
#5622 = VECTOR('',#5623,1.);
#5623 = DIRECTION('',(0.,0.,1.));
#5624 = ORIENTED_EDGE('',*,*,#5410,.T.);
#5625 = ORIENTED_EDGE('',*,*,#5619,.T.);
#5626 = CYLINDRICAL_SURFACE('',#5627,1.7);
#5627 = AXIS2_PLACEMENT_3D('',#5628,#5629,#5630);
#5628 = CARTESIAN_POINT('',(-26.11987,26.9073,87.));
#5629 = DIRECTION('',(0.,0.,1.));
#5630 = DIRECTION('',(1.,0.,0.));
#5631 = ADVANCED_FACE('',(#5632),#5643,.F.);
#5632 = FACE_BOUND('',#5633,.F.);
#5633 = EDGE_LOOP('',(#5634,#5635,#5641,#5642));
#5634 = ORIENTED_EDGE('',*,*,#5258,.F.);
#5635 = ORIENTED_EDGE('',*,*,#5636,.F.);
#5636 = EDGE_CURVE('',#5422,#5259,#5637,.T.);
#5637 = LINE('',#5638,#5639);
#5638 = CARTESIAN_POINT('',(-31.53401871576,33.234018715768,87.));
#5639 = VECTOR('',#5640,1.);
#5640 = DIRECTION('',(0.,0.,1.));
#5641 = ORIENTED_EDGE('',*,*,#5421,.T.);
#5642 = ORIENTED_EDGE('',*,*,#5636,.T.);
#5643 = CYLINDRICAL_SURFACE('',#5644,1.7);
#5644 = AXIS2_PLACEMENT_3D('',#5645,#5646,#5647);
#5645 = CARTESIAN_POINT('',(-33.23401871576,33.234018715768,87.));
#5646 = DIRECTION('',(0.,0.,1.));
#5647 = DIRECTION('',(1.,0.,0.));
#5648 = ADVANCED_FACE('',(#5649),#5660,.F.);
#5649 = FACE_BOUND('',#5650,.F.);
#5650 = EDGE_LOOP('',(#5651,#5652,#5658,#5659));
#5651 = ORIENTED_EDGE('',*,*,#5269,.F.);
#5652 = ORIENTED_EDGE('',*,*,#5653,.F.);
#5653 = EDGE_CURVE('',#5433,#5270,#5654,.T.);
#5654 = LINE('',#5655,#5656);
#5655 = CARTESIAN_POINT('',(-1.0133,37.40171,87.));
#5656 = VECTOR('',#5657,1.);
#5657 = DIRECTION('',(0.,0.,1.));
#5658 = ORIENTED_EDGE('',*,*,#5432,.T.);
#5659 = ORIENTED_EDGE('',*,*,#5653,.T.);
#5660 = CYLINDRICAL_SURFACE('',#5661,1.7);
#5661 = AXIS2_PLACEMENT_3D('',#5662,#5663,#5664);
#5662 = CARTESIAN_POINT('',(-2.7133,37.40171,87.));
#5663 = DIRECTION('',(0.,0.,1.));
#5664 = DIRECTION('',(1.,0.,0.));
#5665 = ADVANCED_FACE('',(#5666),#5677,.F.);
#5666 = FACE_BOUND('',#5667,.F.);
#5667 = EDGE_LOOP('',(#5668,#5669,#5675,#5676));
#5668 = ORIENTED_EDGE('',*,*,#5280,.F.);
#5669 = ORIENTED_EDGE('',*,*,#5670,.F.);
#5670 = EDGE_CURVE('',#5444,#5281,#5671,.T.);
#5671 = LINE('',#5672,#5673);
#5672 = CARTESIAN_POINT('',(38.06233,9.16682,87.));
#5673 = VECTOR('',#5674,1.);
#5674 = DIRECTION('',(0.,0.,1.));
#5675 = ORIENTED_EDGE('',*,*,#5443,.T.);
#5676 = ORIENTED_EDGE('',*,*,#5670,.T.);
#5677 = CYLINDRICAL_SURFACE('',#5678,1.7);
#5678 = AXIS2_PLACEMENT_3D('',#5679,#5680,#5681);
#5679 = CARTESIAN_POINT('',(36.36233,9.16682,87.));
#5680 = DIRECTION('',(0.,0.,1.));
#5681 = DIRECTION('',(1.,0.,0.));
#5682 = ADVANCED_FACE('',(#5683),#5694,.F.);
#5683 = FACE_BOUND('',#5684,.F.);
#5684 = EDGE_LOOP('',(#5685,#5686,#5692,#5693));
#5685 = ORIENTED_EDGE('',*,*,#5291,.F.);
#5686 = ORIENTED_EDGE('',*,*,#5687,.F.);
#5687 = EDGE_CURVE('',#5455,#5292,#5688,.T.);
#5688 = LINE('',#5689,#5690);
#5689 = CARTESIAN_POINT('',(23.66285,30.39545,87.));
#5690 = VECTOR('',#5691,1.);
#5691 = DIRECTION('',(0.,0.,1.));
#5692 = ORIENTED_EDGE('',*,*,#5454,.T.);
#5693 = ORIENTED_EDGE('',*,*,#5687,.T.);
#5694 = CYLINDRICAL_SURFACE('',#5695,1.7);
#5695 = AXIS2_PLACEMENT_3D('',#5696,#5697,#5698);
#5696 = CARTESIAN_POINT('',(21.96285,30.39545,87.));
#5697 = DIRECTION('',(0.,0.,1.));
#5698 = DIRECTION('',(1.,0.,0.));
#5699 = ADVANCED_FACE('',(#5700),#5711,.F.);
#5700 = FACE_BOUND('',#5701,.F.);
#5701 = EDGE_LOOP('',(#5702,#5703,#5709,#5710));
#5702 = ORIENTED_EDGE('',*,*,#5302,.F.);
#5703 = ORIENTED_EDGE('',*,*,#5704,.F.);
#5704 = EDGE_CURVE('',#5466,#5303,#5705,.T.);
#5705 = LINE('',#5706,#5707);
#5706 = CARTESIAN_POINT('',(34.934018715768,33.234018715768,87.));
#5707 = VECTOR('',#5708,1.);
#5708 = DIRECTION('',(0.,0.,1.));
#5709 = ORIENTED_EDGE('',*,*,#5465,.T.);
#5710 = ORIENTED_EDGE('',*,*,#5704,.T.);
#5711 = CYLINDRICAL_SURFACE('',#5712,1.7);
#5712 = AXIS2_PLACEMENT_3D('',#5713,#5714,#5715);
#5713 = CARTESIAN_POINT('',(33.234018715768,33.234018715768,87.));
#5714 = DIRECTION('',(0.,0.,1.));
#5715 = DIRECTION('',(1.,0.,0.));
#5716 = MANIFOLD_SOLID_BREP('',#5717);
#5717 = CLOSED_SHELL('',(#5718,#5751,#5776,#5801,#5865,#5929,#5946,#5963
    ,#5980,#6005,#6022,#6047,#6067,#6087));
#5718 = ADVANCED_FACE('',(#5719),#5746,.T.);
#5719 = FACE_BOUND('',#5720,.T.);
#5720 = EDGE_LOOP('',(#5721,#5730,#5738,#5745));
#5721 = ORIENTED_EDGE('',*,*,#5722,.F.);
#5722 = EDGE_CURVE('',#5723,#5723,#5725,.T.);
#5723 = VERTEX_POINT('',#5724);
#5724 = CARTESIAN_POINT('',(62.,-1.518562030943E-14,96.));
#5725 = CIRCLE('',#5726,62.);
#5726 = AXIS2_PLACEMENT_3D('',#5727,#5728,#5729);
#5727 = CARTESIAN_POINT('',(0.,0.,96.));
#5728 = DIRECTION('',(0.,0.,1.));
#5729 = DIRECTION('',(1.,0.,0.));
#5730 = ORIENTED_EDGE('',*,*,#5731,.F.);
#5731 = EDGE_CURVE('',#5732,#5723,#5734,.T.);
#5732 = VERTEX_POINT('',#5733);
#5733 = CARTESIAN_POINT('',(62.,-1.518562030943E-14,93.));
#5734 = LINE('',#5735,#5736);
#5735 = CARTESIAN_POINT('',(62.,-1.518562030943E-14,93.));
#5736 = VECTOR('',#5737,1.);
#5737 = DIRECTION('',(0.,0.,1.));
#5738 = ORIENTED_EDGE('',*,*,#5739,.T.);
#5739 = EDGE_CURVE('',#5732,#5732,#5740,.T.);
#5740 = CIRCLE('',#5741,62.);
#5741 = AXIS2_PLACEMENT_3D('',#5742,#5743,#5744);
#5742 = CARTESIAN_POINT('',(0.,0.,93.));
#5743 = DIRECTION('',(0.,0.,1.));
#5744 = DIRECTION('',(1.,0.,0.));
#5745 = ORIENTED_EDGE('',*,*,#5731,.T.);
#5746 = CYLINDRICAL_SURFACE('',#5747,62.);
#5747 = AXIS2_PLACEMENT_3D('',#5748,#5749,#5750);
#5748 = CARTESIAN_POINT('',(0.,0.,93.));
#5749 = DIRECTION('',(0.,0.,1.));
#5750 = DIRECTION('',(1.,0.,0.));
#5751 = ADVANCED_FACE('',(#5752),#5771,.T.);
#5752 = FACE_BOUND('',#5753,.T.);
#5753 = EDGE_LOOP('',(#5754,#5763,#5769,#5770));
#5754 = ORIENTED_EDGE('',*,*,#5755,.F.);
#5755 = EDGE_CURVE('',#5756,#5756,#5758,.T.);
#5756 = VERTEX_POINT('',#5757);
#5757 = CARTESIAN_POINT('',(62.,-1.518562030943E-14,106.));
#5758 = CIRCLE('',#5759,62.);
#5759 = AXIS2_PLACEMENT_3D('',#5760,#5761,#5762);
#5760 = CARTESIAN_POINT('',(0.,0.,106.));
#5761 = DIRECTION('',(0.,0.,1.));
#5762 = DIRECTION('',(1.,0.,0.));
#5763 = ORIENTED_EDGE('',*,*,#5764,.F.);
#5764 = EDGE_CURVE('',#5723,#5756,#5765,.T.);
#5765 = LINE('',#5766,#5767);
#5766 = CARTESIAN_POINT('',(62.,-1.518562030943E-14,96.));
#5767 = VECTOR('',#5768,1.);
#5768 = DIRECTION('',(0.,0.,1.));
#5769 = ORIENTED_EDGE('',*,*,#5722,.T.);
#5770 = ORIENTED_EDGE('',*,*,#5764,.T.);
#5771 = CYLINDRICAL_SURFACE('',#5772,62.);
#5772 = AXIS2_PLACEMENT_3D('',#5773,#5774,#5775);
#5773 = CARTESIAN_POINT('',(0.,0.,96.));
#5774 = DIRECTION('',(0.,0.,1.));
#5775 = DIRECTION('',(1.,0.,0.));
#5776 = ADVANCED_FACE('',(#5777),#5796,.T.);
#5777 = FACE_BOUND('',#5778,.T.);
#5778 = EDGE_LOOP('',(#5779,#5780,#5788,#5795));
#5779 = ORIENTED_EDGE('',*,*,#5739,.F.);
#5780 = ORIENTED_EDGE('',*,*,#5781,.F.);
#5781 = EDGE_CURVE('',#5782,#5732,#5784,.T.);
#5782 = VERTEX_POINT('',#5783);
#5783 = CARTESIAN_POINT('',(62.,-1.518562030943E-14,90.));
#5784 = LINE('',#5785,#5786);
#5785 = CARTESIAN_POINT('',(62.,-1.518562030943E-14,90.));
#5786 = VECTOR('',#5787,1.);
#5787 = DIRECTION('',(0.,0.,1.));
#5788 = ORIENTED_EDGE('',*,*,#5789,.T.);
#5789 = EDGE_CURVE('',#5782,#5782,#5790,.T.);
#5790 = CIRCLE('',#5791,62.);
#5791 = AXIS2_PLACEMENT_3D('',#5792,#5793,#5794);
#5792 = CARTESIAN_POINT('',(0.,0.,90.));
#5793 = DIRECTION('',(0.,0.,1.));
#5794 = DIRECTION('',(1.,0.,0.));
#5795 = ORIENTED_EDGE('',*,*,#5781,.T.);
#5796 = CYLINDRICAL_SURFACE('',#5797,62.);
#5797 = AXIS2_PLACEMENT_3D('',#5798,#5799,#5800);
#5798 = CARTESIAN_POINT('',(0.,0.,90.));
#5799 = DIRECTION('',(0.,0.,1.));
#5800 = DIRECTION('',(1.,0.,0.));
#5801 = ADVANCED_FACE('',(#5802,#5805,#5816,#5827,#5838,#5849),#5860,.T.
  );
#5802 = FACE_BOUND('',#5803,.T.);
#5803 = EDGE_LOOP('',(#5804));
#5804 = ORIENTED_EDGE('',*,*,#5755,.T.);
#5805 = FACE_BOUND('',#5806,.T.);
#5806 = EDGE_LOOP('',(#5807));
#5807 = ORIENTED_EDGE('',*,*,#5808,.F.);
#5808 = EDGE_CURVE('',#5809,#5809,#5811,.T.);
#5809 = VERTEX_POINT('',#5810);
#5810 = CARTESIAN_POINT('',(-38.60508652763,-40.30508652763,106.));
#5811 = CIRCLE('',#5812,1.7);
#5812 = AXIS2_PLACEMENT_3D('',#5813,#5814,#5815);
#5813 = CARTESIAN_POINT('',(-40.30508652763,-40.30508652763,106.));
#5814 = DIRECTION('',(0.,0.,1.));
#5815 = DIRECTION('',(1.,0.,0.));
#5816 = FACE_BOUND('',#5817,.T.);
#5817 = EDGE_LOOP('',(#5818));
#5818 = ORIENTED_EDGE('',*,*,#5819,.F.);
#5819 = EDGE_CURVE('',#5820,#5820,#5822,.T.);
#5820 = VERTEX_POINT('',#5821);
#5821 = CARTESIAN_POINT('',(42.005086527633,-40.30508652763,106.));
#5822 = CIRCLE('',#5823,1.7);
#5823 = AXIS2_PLACEMENT_3D('',#5824,#5825,#5826);
#5824 = CARTESIAN_POINT('',(40.305086527633,-40.30508652763,106.));
#5825 = DIRECTION('',(0.,0.,1.));
#5826 = DIRECTION('',(1.,0.,0.));
#5827 = FACE_BOUND('',#5828,.T.);
#5828 = EDGE_LOOP('',(#5829));
#5829 = ORIENTED_EDGE('',*,*,#5830,.F.);
#5830 = EDGE_CURVE('',#5831,#5831,#5833,.T.);
#5831 = VERTEX_POINT('',#5832);
#5832 = CARTESIAN_POINT('',(-38.60508652763,40.305086527633,106.));
#5833 = CIRCLE('',#5834,1.7);
#5834 = AXIS2_PLACEMENT_3D('',#5835,#5836,#5837);
#5835 = CARTESIAN_POINT('',(-40.30508652763,40.305086527633,106.));
#5836 = DIRECTION('',(0.,0.,1.));
#5837 = DIRECTION('',(1.,0.,0.));
#5838 = FACE_BOUND('',#5839,.T.);
#5839 = EDGE_LOOP('',(#5840));
#5840 = ORIENTED_EDGE('',*,*,#5841,.F.);
#5841 = EDGE_CURVE('',#5842,#5842,#5844,.T.);
#5842 = VERTEX_POINT('',#5843);
#5843 = CARTESIAN_POINT('',(50.1,-1.227096092746E-14,106.));
#5844 = CIRCLE('',#5845,50.1);
#5845 = AXIS2_PLACEMENT_3D('',#5846,#5847,#5848);
#5846 = CARTESIAN_POINT('',(0.,0.,106.));
#5847 = DIRECTION('',(0.,0.,1.));
#5848 = DIRECTION('',(1.,0.,0.));
#5849 = FACE_BOUND('',#5850,.T.);
#5850 = EDGE_LOOP('',(#5851));
#5851 = ORIENTED_EDGE('',*,*,#5852,.F.);
#5852 = EDGE_CURVE('',#5853,#5853,#5855,.T.);
#5853 = VERTEX_POINT('',#5854);
#5854 = CARTESIAN_POINT('',(42.005086527633,40.305086527633,106.));
#5855 = CIRCLE('',#5856,1.7);
#5856 = AXIS2_PLACEMENT_3D('',#5857,#5858,#5859);
#5857 = CARTESIAN_POINT('',(40.305086527633,40.305086527633,106.));
#5858 = DIRECTION('',(0.,0.,1.));
#5859 = DIRECTION('',(1.,0.,0.));
#5860 = PLANE('',#5861);
#5861 = AXIS2_PLACEMENT_3D('',#5862,#5863,#5864);
#5862 = CARTESIAN_POINT('',(0.,0.,106.));
#5863 = DIRECTION('',(0.,0.,1.));
#5864 = DIRECTION('',(1.,0.,0.));
#5865 = ADVANCED_FACE('',(#5866,#5869,#5880,#5891,#5902,#5913),#5924,.F.
  );
#5866 = FACE_BOUND('',#5867,.F.);
#5867 = EDGE_LOOP('',(#5868));
#5868 = ORIENTED_EDGE('',*,*,#5789,.T.);
#5869 = FACE_BOUND('',#5870,.F.);
#5870 = EDGE_LOOP('',(#5871));
#5871 = ORIENTED_EDGE('',*,*,#5872,.F.);
#5872 = EDGE_CURVE('',#5873,#5873,#5875,.T.);
#5873 = VERTEX_POINT('',#5874);
#5874 = CARTESIAN_POINT('',(-38.60508652763,-40.30508652763,90.));
#5875 = CIRCLE('',#5876,1.7);
#5876 = AXIS2_PLACEMENT_3D('',#5877,#5878,#5879);
#5877 = CARTESIAN_POINT('',(-40.30508652763,-40.30508652763,90.));
#5878 = DIRECTION('',(0.,0.,1.));
#5879 = DIRECTION('',(1.,0.,0.));
#5880 = FACE_BOUND('',#5881,.F.);
#5881 = EDGE_LOOP('',(#5882));
#5882 = ORIENTED_EDGE('',*,*,#5883,.F.);
#5883 = EDGE_CURVE('',#5884,#5884,#5886,.T.);
#5884 = VERTEX_POINT('',#5885);
#5885 = CARTESIAN_POINT('',(42.005086527633,-40.30508652763,90.));
#5886 = CIRCLE('',#5887,1.7);
#5887 = AXIS2_PLACEMENT_3D('',#5888,#5889,#5890);
#5888 = CARTESIAN_POINT('',(40.305086527633,-40.30508652763,90.));
#5889 = DIRECTION('',(0.,0.,1.));
#5890 = DIRECTION('',(1.,0.,0.));
#5891 = FACE_BOUND('',#5892,.F.);
#5892 = EDGE_LOOP('',(#5893));
#5893 = ORIENTED_EDGE('',*,*,#5894,.F.);
#5894 = EDGE_CURVE('',#5895,#5895,#5897,.T.);
#5895 = VERTEX_POINT('',#5896);
#5896 = CARTESIAN_POINT('',(-38.60508652763,40.305086527633,90.));
#5897 = CIRCLE('',#5898,1.7);
#5898 = AXIS2_PLACEMENT_3D('',#5899,#5900,#5901);
#5899 = CARTESIAN_POINT('',(-40.30508652763,40.305086527633,90.));
#5900 = DIRECTION('',(0.,0.,1.));
#5901 = DIRECTION('',(1.,0.,0.));
#5902 = FACE_BOUND('',#5903,.F.);
#5903 = EDGE_LOOP('',(#5904));
#5904 = ORIENTED_EDGE('',*,*,#5905,.F.);
#5905 = EDGE_CURVE('',#5906,#5906,#5908,.T.);
#5906 = VERTEX_POINT('',#5907);
#5907 = CARTESIAN_POINT('',(52.15,-1.277306611511E-14,90.));
#5908 = CIRCLE('',#5909,52.15);
#5909 = AXIS2_PLACEMENT_3D('',#5910,#5911,#5912);
#5910 = CARTESIAN_POINT('',(0.,0.,90.));
#5911 = DIRECTION('',(0.,0.,1.));
#5912 = DIRECTION('',(1.,0.,0.));
#5913 = FACE_BOUND('',#5914,.F.);
#5914 = EDGE_LOOP('',(#5915));
#5915 = ORIENTED_EDGE('',*,*,#5916,.F.);
#5916 = EDGE_CURVE('',#5917,#5917,#5919,.T.);
#5917 = VERTEX_POINT('',#5918);
#5918 = CARTESIAN_POINT('',(42.005086527633,40.305086527633,90.));
#5919 = CIRCLE('',#5920,1.7);
#5920 = AXIS2_PLACEMENT_3D('',#5921,#5922,#5923);
#5921 = CARTESIAN_POINT('',(40.305086527633,40.305086527633,90.));
#5922 = DIRECTION('',(0.,0.,1.));
#5923 = DIRECTION('',(1.,0.,0.));
#5924 = PLANE('',#5925);
#5925 = AXIS2_PLACEMENT_3D('',#5926,#5927,#5928);
#5926 = CARTESIAN_POINT('',(0.,0.,90.));
#5927 = DIRECTION('',(0.,0.,1.));
#5928 = DIRECTION('',(1.,0.,0.));
#5929 = ADVANCED_FACE('',(#5930),#5941,.F.);
#5930 = FACE_BOUND('',#5931,.F.);
#5931 = EDGE_LOOP('',(#5932,#5933,#5939,#5940));
#5932 = ORIENTED_EDGE('',*,*,#5808,.F.);
#5933 = ORIENTED_EDGE('',*,*,#5934,.F.);
#5934 = EDGE_CURVE('',#5873,#5809,#5935,.T.);
#5935 = LINE('',#5936,#5937);
#5936 = CARTESIAN_POINT('',(-38.60508652763,-40.30508652763,90.));
#5937 = VECTOR('',#5938,1.);
#5938 = DIRECTION('',(0.,0.,1.));
#5939 = ORIENTED_EDGE('',*,*,#5872,.T.);
#5940 = ORIENTED_EDGE('',*,*,#5934,.T.);
#5941 = CYLINDRICAL_SURFACE('',#5942,1.7);
#5942 = AXIS2_PLACEMENT_3D('',#5943,#5944,#5945);
#5943 = CARTESIAN_POINT('',(-40.30508652763,-40.30508652763,90.));
#5944 = DIRECTION('',(0.,0.,1.));
#5945 = DIRECTION('',(1.,0.,0.));
#5946 = ADVANCED_FACE('',(#5947),#5958,.F.);
#5947 = FACE_BOUND('',#5948,.F.);
#5948 = EDGE_LOOP('',(#5949,#5950,#5956,#5957));
#5949 = ORIENTED_EDGE('',*,*,#5819,.F.);
#5950 = ORIENTED_EDGE('',*,*,#5951,.F.);
#5951 = EDGE_CURVE('',#5884,#5820,#5952,.T.);
#5952 = LINE('',#5953,#5954);
#5953 = CARTESIAN_POINT('',(42.005086527633,-40.30508652763,90.));
#5954 = VECTOR('',#5955,1.);
#5955 = DIRECTION('',(0.,0.,1.));
#5956 = ORIENTED_EDGE('',*,*,#5883,.T.);
#5957 = ORIENTED_EDGE('',*,*,#5951,.T.);
#5958 = CYLINDRICAL_SURFACE('',#5959,1.7);
#5959 = AXIS2_PLACEMENT_3D('',#5960,#5961,#5962);
#5960 = CARTESIAN_POINT('',(40.305086527633,-40.30508652763,90.));
#5961 = DIRECTION('',(0.,0.,1.));
#5962 = DIRECTION('',(1.,0.,0.));
#5963 = ADVANCED_FACE('',(#5964),#5975,.F.);
#5964 = FACE_BOUND('',#5965,.F.);
#5965 = EDGE_LOOP('',(#5966,#5967,#5973,#5974));
#5966 = ORIENTED_EDGE('',*,*,#5830,.F.);
#5967 = ORIENTED_EDGE('',*,*,#5968,.F.);
#5968 = EDGE_CURVE('',#5895,#5831,#5969,.T.);
#5969 = LINE('',#5970,#5971);
#5970 = CARTESIAN_POINT('',(-38.60508652763,40.305086527633,90.));
#5971 = VECTOR('',#5972,1.);
#5972 = DIRECTION('',(0.,0.,1.));
#5973 = ORIENTED_EDGE('',*,*,#5894,.T.);
#5974 = ORIENTED_EDGE('',*,*,#5968,.T.);
#5975 = CYLINDRICAL_SURFACE('',#5976,1.7);
#5976 = AXIS2_PLACEMENT_3D('',#5977,#5978,#5979);
#5977 = CARTESIAN_POINT('',(-40.30508652763,40.305086527633,90.));
#5978 = DIRECTION('',(0.,0.,1.));
#5979 = DIRECTION('',(1.,0.,0.));
#5980 = ADVANCED_FACE('',(#5981),#6000,.F.);
#5981 = FACE_BOUND('',#5982,.F.);
#5982 = EDGE_LOOP('',(#5983,#5984,#5992,#5999));
#5983 = ORIENTED_EDGE('',*,*,#5841,.F.);
#5984 = ORIENTED_EDGE('',*,*,#5985,.F.);
#5985 = EDGE_CURVE('',#5986,#5842,#5988,.T.);
#5986 = VERTEX_POINT('',#5987);
#5987 = CARTESIAN_POINT('',(50.1,-1.227096092746E-14,96.));
#5988 = LINE('',#5989,#5990);
#5989 = CARTESIAN_POINT('',(50.1,-1.227096092746E-14,96.));
#5990 = VECTOR('',#5991,1.);
#5991 = DIRECTION('',(0.,0.,1.));
#5992 = ORIENTED_EDGE('',*,*,#5993,.T.);
#5993 = EDGE_CURVE('',#5986,#5986,#5994,.T.);
#5994 = CIRCLE('',#5995,50.1);
#5995 = AXIS2_PLACEMENT_3D('',#5996,#5997,#5998);
#5996 = CARTESIAN_POINT('',(0.,0.,96.));
#5997 = DIRECTION('',(0.,0.,1.));
#5998 = DIRECTION('',(1.,0.,0.));
#5999 = ORIENTED_EDGE('',*,*,#5985,.T.);
#6000 = CYLINDRICAL_SURFACE('',#6001,50.1);
#6001 = AXIS2_PLACEMENT_3D('',#6002,#6003,#6004);
#6002 = CARTESIAN_POINT('',(0.,0.,96.));
#6003 = DIRECTION('',(0.,0.,1.));
#6004 = DIRECTION('',(1.,0.,0.));
#6005 = ADVANCED_FACE('',(#6006),#6017,.F.);
#6006 = FACE_BOUND('',#6007,.F.);
#6007 = EDGE_LOOP('',(#6008,#6009,#6015,#6016));
#6008 = ORIENTED_EDGE('',*,*,#5852,.F.);
#6009 = ORIENTED_EDGE('',*,*,#6010,.F.);
#6010 = EDGE_CURVE('',#5917,#5853,#6011,.T.);
#6011 = LINE('',#6012,#6013);
#6012 = CARTESIAN_POINT('',(42.005086527633,40.305086527633,90.));
#6013 = VECTOR('',#6014,1.);
#6014 = DIRECTION('',(0.,0.,1.));
#6015 = ORIENTED_EDGE('',*,*,#5916,.T.);
#6016 = ORIENTED_EDGE('',*,*,#6010,.T.);
#6017 = CYLINDRICAL_SURFACE('',#6018,1.7);
#6018 = AXIS2_PLACEMENT_3D('',#6019,#6020,#6021);
#6019 = CARTESIAN_POINT('',(40.305086527633,40.305086527633,90.));
#6020 = DIRECTION('',(0.,0.,1.));
#6021 = DIRECTION('',(1.,0.,0.));
#6022 = ADVANCED_FACE('',(#6023),#6042,.F.);
#6023 = FACE_BOUND('',#6024,.F.);
#6024 = EDGE_LOOP('',(#6025,#6034,#6040,#6041));
#6025 = ORIENTED_EDGE('',*,*,#6026,.F.);
#6026 = EDGE_CURVE('',#6027,#6027,#6029,.T.);
#6027 = VERTEX_POINT('',#6028);
#6028 = CARTESIAN_POINT('',(52.15,-1.277306611511E-14,93.));
#6029 = CIRCLE('',#6030,52.15);
#6030 = AXIS2_PLACEMENT_3D('',#6031,#6032,#6033);
#6031 = CARTESIAN_POINT('',(0.,0.,93.));
#6032 = DIRECTION('',(0.,0.,1.));
#6033 = DIRECTION('',(1.,0.,0.));
#6034 = ORIENTED_EDGE('',*,*,#6035,.F.);
#6035 = EDGE_CURVE('',#5906,#6027,#6036,.T.);
#6036 = LINE('',#6037,#6038);
#6037 = CARTESIAN_POINT('',(52.15,-1.277306611511E-14,90.));
#6038 = VECTOR('',#6039,1.);
#6039 = DIRECTION('',(0.,0.,1.));
#6040 = ORIENTED_EDGE('',*,*,#5905,.T.);
#6041 = ORIENTED_EDGE('',*,*,#6035,.T.);
#6042 = CYLINDRICAL_SURFACE('',#6043,52.15);
#6043 = AXIS2_PLACEMENT_3D('',#6044,#6045,#6046);
#6044 = CARTESIAN_POINT('',(0.,0.,90.));
#6045 = DIRECTION('',(0.,0.,1.));
#6046 = DIRECTION('',(1.,0.,0.));
#6047 = ADVANCED_FACE('',(#6048,#6051),#6062,.T.);
#6048 = FACE_BOUND('',#6049,.T.);
#6049 = EDGE_LOOP('',(#6050));
#6050 = ORIENTED_EDGE('',*,*,#5993,.T.);
#6051 = FACE_BOUND('',#6052,.T.);
#6052 = EDGE_LOOP('',(#6053));
#6053 = ORIENTED_EDGE('',*,*,#6054,.F.);
#6054 = EDGE_CURVE('',#6055,#6055,#6057,.T.);
#6055 = VERTEX_POINT('',#6056);
#6056 = CARTESIAN_POINT('',(40.2,-9.846160265145E-15,96.));
#6057 = CIRCLE('',#6058,40.2);
#6058 = AXIS2_PLACEMENT_3D('',#6059,#6060,#6061);
#6059 = CARTESIAN_POINT('',(0.,0.,96.));
#6060 = DIRECTION('',(0.,0.,1.));
#6061 = DIRECTION('',(1.,0.,0.));
#6062 = PLANE('',#6063);
#6063 = AXIS2_PLACEMENT_3D('',#6064,#6065,#6066);
#6064 = CARTESIAN_POINT('',(0.,0.,96.));
#6065 = DIRECTION('',(0.,0.,1.));
#6066 = DIRECTION('',(1.,0.,0.));
#6067 = ADVANCED_FACE('',(#6068,#6071),#6082,.F.);
#6068 = FACE_BOUND('',#6069,.F.);
#6069 = EDGE_LOOP('',(#6070));
#6070 = ORIENTED_EDGE('',*,*,#6026,.T.);
#6071 = FACE_BOUND('',#6072,.F.);
#6072 = EDGE_LOOP('',(#6073));
#6073 = ORIENTED_EDGE('',*,*,#6074,.F.);
#6074 = EDGE_CURVE('',#6075,#6075,#6077,.T.);
#6075 = VERTEX_POINT('',#6076);
#6076 = CARTESIAN_POINT('',(40.2,-9.846160265145E-15,93.));
#6077 = CIRCLE('',#6078,40.2);
#6078 = AXIS2_PLACEMENT_3D('',#6079,#6080,#6081);
#6079 = CARTESIAN_POINT('',(0.,0.,93.));
#6080 = DIRECTION('',(0.,0.,1.));
#6081 = DIRECTION('',(1.,0.,0.));
#6082 = PLANE('',#6083);
#6083 = AXIS2_PLACEMENT_3D('',#6084,#6085,#6086);
#6084 = CARTESIAN_POINT('',(0.,0.,93.));
#6085 = DIRECTION('',(0.,0.,1.));
#6086 = DIRECTION('',(1.,0.,0.));
#6087 = ADVANCED_FACE('',(#6088),#6099,.F.);
#6088 = FACE_BOUND('',#6089,.F.);
#6089 = EDGE_LOOP('',(#6090,#6091,#6097,#6098));
#6090 = ORIENTED_EDGE('',*,*,#6054,.F.);
#6091 = ORIENTED_EDGE('',*,*,#6092,.F.);
#6092 = EDGE_CURVE('',#6075,#6055,#6093,.T.);
#6093 = LINE('',#6094,#6095);
#6094 = CARTESIAN_POINT('',(40.2,-9.846160265145E-15,93.));
#6095 = VECTOR('',#6096,1.);
#6096 = DIRECTION('',(0.,0.,1.));
#6097 = ORIENTED_EDGE('',*,*,#6074,.T.);
#6098 = ORIENTED_EDGE('',*,*,#6092,.T.);
#6099 = CYLINDRICAL_SURFACE('',#6100,40.2);
#6100 = AXIS2_PLACEMENT_3D('',#6101,#6102,#6103);
#6101 = CARTESIAN_POINT('',(0.,0.,93.));
#6102 = DIRECTION('',(0.,0.,1.));
#6103 = DIRECTION('',(1.,0.,0.));
#6104 = MANIFOLD_SOLID_BREP('',#6105);
#6105 = CLOSED_SHELL('',(#6106,#6139,#6159,#6179));
#6106 = ADVANCED_FACE('',(#6107),#6134,.T.);
#6107 = FACE_BOUND('',#6108,.T.);
#6108 = EDGE_LOOP('',(#6109,#6118,#6126,#6133));
#6109 = ORIENTED_EDGE('',*,*,#6110,.F.);
#6110 = EDGE_CURVE('',#6111,#6111,#6113,.T.);
#6111 = VERTEX_POINT('',#6112);
#6112 = CARTESIAN_POINT('',(50.,-1.224646799147E-14,106.));
#6113 = CIRCLE('',#6114,50.);
#6114 = AXIS2_PLACEMENT_3D('',#6115,#6116,#6117);
#6115 = CARTESIAN_POINT('',(0.,0.,106.));
#6116 = DIRECTION('',(0.,0.,1.));
#6117 = DIRECTION('',(1.,0.,0.));
#6118 = ORIENTED_EDGE('',*,*,#6119,.F.);
#6119 = EDGE_CURVE('',#6120,#6111,#6122,.T.);
#6120 = VERTEX_POINT('',#6121);
#6121 = CARTESIAN_POINT('',(50.,-1.224646799147E-14,96.));
#6122 = LINE('',#6123,#6124);
#6123 = CARTESIAN_POINT('',(50.,-1.224646799147E-14,96.));
#6124 = VECTOR('',#6125,1.);
#6125 = DIRECTION('',(0.,0.,1.));
#6126 = ORIENTED_EDGE('',*,*,#6127,.T.);
#6127 = EDGE_CURVE('',#6120,#6120,#6128,.T.);
#6128 = CIRCLE('',#6129,50.);
#6129 = AXIS2_PLACEMENT_3D('',#6130,#6131,#6132);
#6130 = CARTESIAN_POINT('',(0.,0.,96.));
#6131 = DIRECTION('',(0.,0.,1.));
#6132 = DIRECTION('',(1.,0.,0.));
#6133 = ORIENTED_EDGE('',*,*,#6119,.T.);
#6134 = CYLINDRICAL_SURFACE('',#6135,50.);
#6135 = AXIS2_PLACEMENT_3D('',#6136,#6137,#6138);
#6136 = CARTESIAN_POINT('',(0.,0.,96.));
#6137 = DIRECTION('',(0.,0.,1.));
#6138 = DIRECTION('',(1.,0.,0.));
#6139 = ADVANCED_FACE('',(#6140,#6143),#6154,.T.);
#6140 = FACE_BOUND('',#6141,.T.);
#6141 = EDGE_LOOP('',(#6142));
#6142 = ORIENTED_EDGE('',*,*,#6110,.T.);
#6143 = FACE_BOUND('',#6144,.T.);
#6144 = EDGE_LOOP('',(#6145));
#6145 = ORIENTED_EDGE('',*,*,#6146,.F.);
#6146 = EDGE_CURVE('',#6147,#6147,#6149,.T.);
#6147 = VERTEX_POINT('',#6148);
#6148 = CARTESIAN_POINT('',(40.,-9.797174393179E-15,106.));
#6149 = CIRCLE('',#6150,40.);
#6150 = AXIS2_PLACEMENT_3D('',#6151,#6152,#6153);
#6151 = CARTESIAN_POINT('',(0.,0.,106.));
#6152 = DIRECTION('',(0.,0.,1.));
#6153 = DIRECTION('',(1.,0.,0.));
#6154 = PLANE('',#6155);
#6155 = AXIS2_PLACEMENT_3D('',#6156,#6157,#6158);
#6156 = CARTESIAN_POINT('',(0.,0.,106.));
#6157 = DIRECTION('',(0.,0.,1.));
#6158 = DIRECTION('',(1.,0.,0.));
#6159 = ADVANCED_FACE('',(#6160,#6163),#6174,.F.);
#6160 = FACE_BOUND('',#6161,.F.);
#6161 = EDGE_LOOP('',(#6162));
#6162 = ORIENTED_EDGE('',*,*,#6127,.T.);
#6163 = FACE_BOUND('',#6164,.F.);
#6164 = EDGE_LOOP('',(#6165));
#6165 = ORIENTED_EDGE('',*,*,#6166,.F.);
#6166 = EDGE_CURVE('',#6167,#6167,#6169,.T.);
#6167 = VERTEX_POINT('',#6168);
#6168 = CARTESIAN_POINT('',(40.,-9.797174393179E-15,96.));
#6169 = CIRCLE('',#6170,40.);
#6170 = AXIS2_PLACEMENT_3D('',#6171,#6172,#6173);
#6171 = CARTESIAN_POINT('',(0.,0.,96.));
#6172 = DIRECTION('',(0.,0.,1.));
#6173 = DIRECTION('',(1.,0.,0.));
#6174 = PLANE('',#6175);
#6175 = AXIS2_PLACEMENT_3D('',#6176,#6177,#6178);
#6176 = CARTESIAN_POINT('',(0.,0.,96.));
#6177 = DIRECTION('',(0.,0.,1.));
#6178 = DIRECTION('',(1.,0.,0.));
#6179 = ADVANCED_FACE('',(#6180),#6191,.F.);
#6180 = FACE_BOUND('',#6181,.F.);
#6181 = EDGE_LOOP('',(#6182,#6183,#6189,#6190));
#6182 = ORIENTED_EDGE('',*,*,#6146,.F.);
#6183 = ORIENTED_EDGE('',*,*,#6184,.F.);
#6184 = EDGE_CURVE('',#6167,#6147,#6185,.T.);
#6185 = LINE('',#6186,#6187);
#6186 = CARTESIAN_POINT('',(40.,-9.797174393179E-15,96.));
#6187 = VECTOR('',#6188,1.);
#6188 = DIRECTION('',(0.,0.,1.));
#6189 = ORIENTED_EDGE('',*,*,#6166,.T.);
#6190 = ORIENTED_EDGE('',*,*,#6184,.T.);
#6191 = CYLINDRICAL_SURFACE('',#6192,40.);
#6192 = AXIS2_PLACEMENT_3D('',#6193,#6194,#6195);
#6193 = CARTESIAN_POINT('',(0.,0.,96.));
#6194 = DIRECTION('',(0.,0.,1.));
#6195 = DIRECTION('',(1.,0.,0.));
#6196 = MANIFOLD_SOLID_BREP('',#6197);
#6197 = CLOSED_SHELL('',(#6198,#6231,#6317,#6403,#6420,#6437,#6454,#6471
    ,#6488,#6505));
#6198 = ADVANCED_FACE('',(#6199),#6226,.T.);
#6199 = FACE_BOUND('',#6200,.T.);
#6200 = EDGE_LOOP('',(#6201,#6210,#6218,#6225));
#6201 = ORIENTED_EDGE('',*,*,#6202,.F.);
#6202 = EDGE_CURVE('',#6203,#6203,#6205,.T.);
#6203 = VERTEX_POINT('',#6204);
#6204 = CARTESIAN_POINT('',(19.,-4.65365783676E-15,98.));
#6205 = CIRCLE('',#6206,19.);
#6206 = AXIS2_PLACEMENT_3D('',#6207,#6208,#6209);
#6207 = CARTESIAN_POINT('',(0.,0.,98.));
#6208 = DIRECTION('',(0.,0.,1.));
#6209 = DIRECTION('',(1.,0.,0.));
#6210 = ORIENTED_EDGE('',*,*,#6211,.F.);
#6211 = EDGE_CURVE('',#6212,#6203,#6214,.T.);
#6212 = VERTEX_POINT('',#6213);
#6213 = CARTESIAN_POINT('',(19.,-4.65365783676E-15,90.));
#6214 = LINE('',#6215,#6216);
#6215 = CARTESIAN_POINT('',(19.,-4.65365783676E-15,90.));
#6216 = VECTOR('',#6217,1.);
#6217 = DIRECTION('',(0.,0.,1.));
#6218 = ORIENTED_EDGE('',*,*,#6219,.T.);
#6219 = EDGE_CURVE('',#6212,#6212,#6220,.T.);
#6220 = CIRCLE('',#6221,19.);
#6221 = AXIS2_PLACEMENT_3D('',#6222,#6223,#6224);
#6222 = CARTESIAN_POINT('',(0.,0.,90.));
#6223 = DIRECTION('',(0.,0.,1.));
#6224 = DIRECTION('',(1.,0.,0.));
#6225 = ORIENTED_EDGE('',*,*,#6211,.T.);
#6226 = CYLINDRICAL_SURFACE('',#6227,19.);
#6227 = AXIS2_PLACEMENT_3D('',#6228,#6229,#6230);
#6228 = CARTESIAN_POINT('',(0.,0.,90.));
#6229 = DIRECTION('',(0.,0.,1.));
#6230 = DIRECTION('',(1.,0.,0.));
#6231 = ADVANCED_FACE('',(#6232,#6235,#6246,#6257,#6268,#6279,#6290,
    #6301),#6312,.T.);
#6232 = FACE_BOUND('',#6233,.T.);
#6233 = EDGE_LOOP('',(#6234));
#6234 = ORIENTED_EDGE('',*,*,#6202,.T.);
#6235 = FACE_BOUND('',#6236,.T.);
#6236 = EDGE_LOOP('',(#6237));
#6237 = ORIENTED_EDGE('',*,*,#6238,.F.);
#6238 = EDGE_CURVE('',#6239,#6239,#6241,.T.);
#6239 = VERTEX_POINT('',#6240);
#6240 = CARTESIAN_POINT('',(-6.1999,-8.52052,98.));
#6241 = CIRCLE('',#6242,2.25);
#6242 = AXIS2_PLACEMENT_3D('',#6243,#6244,#6245);
#6243 = CARTESIAN_POINT('',(-8.4499,-8.52052,98.));
#6244 = DIRECTION('',(0.,0.,1.));
#6245 = DIRECTION('',(1.,0.,0.));
#6246 = FACE_BOUND('',#6247,.T.);
#6247 = EDGE_LOOP('',(#6248));
#6248 = ORIENTED_EDGE('',*,*,#6249,.F.);
#6249 = EDGE_CURVE('',#6250,#6250,#6252,.T.);
#6250 = VERTEX_POINT('',#6251);
#6251 = CARTESIAN_POINT('',(5.40403,-11.57809,98.));
#6252 = CIRCLE('',#6253,2.25);
#6253 = AXIS2_PLACEMENT_3D('',#6254,#6255,#6256);
#6254 = CARTESIAN_POINT('',(3.15403,-11.57809,98.));
#6255 = DIRECTION('',(0.,0.,1.));
#6256 = DIRECTION('',(1.,0.,0.));
#6257 = FACE_BOUND('',#6258,.T.);
#6258 = EDGE_LOOP('',(#6259));
#6259 = ORIENTED_EDGE('',*,*,#6260,.F.);
#6260 = EDGE_CURVE('',#6261,#6261,#6263,.T.);
#6261 = VERTEX_POINT('',#6262);
#6262 = CARTESIAN_POINT('',(13.85393,-3.05757,98.));
#6263 = CIRCLE('',#6264,2.25);
#6264 = AXIS2_PLACEMENT_3D('',#6265,#6266,#6267);
#6265 = CARTESIAN_POINT('',(11.60393,-3.05757,98.));
#6266 = DIRECTION('',(0.,0.,1.));
#6267 = DIRECTION('',(1.,0.,0.));
#6268 = FACE_BOUND('',#6269,.T.);
#6269 = EDGE_LOOP('',(#6270));
#6270 = ORIENTED_EDGE('',*,*,#6271,.F.);
#6271 = EDGE_CURVE('',#6272,#6272,#6274,.T.);
#6272 = VERTEX_POINT('',#6273);
#6273 = CARTESIAN_POINT('',(-9.35393,3.05757,98.));
#6274 = CIRCLE('',#6275,2.25);
#6275 = AXIS2_PLACEMENT_3D('',#6276,#6277,#6278);
#6276 = CARTESIAN_POINT('',(-11.60393,3.05757,98.));
#6277 = DIRECTION('',(0.,0.,1.));
#6278 = DIRECTION('',(1.,0.,0.));
#6279 = FACE_BOUND('',#6280,.T.);
#6280 = EDGE_LOOP('',(#6281));
#6281 = ORIENTED_EDGE('',*,*,#6282,.F.);
#6282 = EDGE_CURVE('',#6283,#6283,#6285,.T.);
#6283 = VERTEX_POINT('',#6284);
#6284 = CARTESIAN_POINT('',(-0.90403,11.57809,98.));
#6285 = CIRCLE('',#6286,2.25);
#6286 = AXIS2_PLACEMENT_3D('',#6287,#6288,#6289);
#6287 = CARTESIAN_POINT('',(-3.15403,11.57809,98.));
#6288 = DIRECTION('',(0.,0.,1.));
#6289 = DIRECTION('',(1.,0.,0.));
#6290 = FACE_BOUND('',#6291,.T.);
#6291 = EDGE_LOOP('',(#6292));
#6292 = ORIENTED_EDGE('',*,*,#6293,.F.);
#6293 = EDGE_CURVE('',#6294,#6294,#6296,.T.);
#6294 = VERTEX_POINT('',#6295);
#6295 = CARTESIAN_POINT('',(8.2,-2.008420750602E-15,98.));
#6296 = CIRCLE('',#6297,8.2);
#6297 = AXIS2_PLACEMENT_3D('',#6298,#6299,#6300);
#6298 = CARTESIAN_POINT('',(0.,0.,98.));
#6299 = DIRECTION('',(0.,0.,1.));
#6300 = DIRECTION('',(1.,0.,0.));
#6301 = FACE_BOUND('',#6302,.T.);
#6302 = EDGE_LOOP('',(#6303));
#6303 = ORIENTED_EDGE('',*,*,#6304,.F.);
#6304 = EDGE_CURVE('',#6305,#6305,#6307,.T.);
#6305 = VERTEX_POINT('',#6306);
#6306 = CARTESIAN_POINT('',(10.6999,8.52051,98.));
#6307 = CIRCLE('',#6308,2.25);
#6308 = AXIS2_PLACEMENT_3D('',#6309,#6310,#6311);
#6309 = CARTESIAN_POINT('',(8.4499,8.52051,98.));
#6310 = DIRECTION('',(0.,0.,1.));
#6311 = DIRECTION('',(1.,0.,0.));
#6312 = PLANE('',#6313);
#6313 = AXIS2_PLACEMENT_3D('',#6314,#6315,#6316);
#6314 = CARTESIAN_POINT('',(0.,0.,98.));
#6315 = DIRECTION('',(0.,0.,1.));
#6316 = DIRECTION('',(1.,0.,0.));
#6317 = ADVANCED_FACE('',(#6318,#6321,#6332,#6343,#6354,#6365,#6376,
    #6387),#6398,.F.);
#6318 = FACE_BOUND('',#6319,.F.);
#6319 = EDGE_LOOP('',(#6320));
#6320 = ORIENTED_EDGE('',*,*,#6219,.T.);
#6321 = FACE_BOUND('',#6322,.F.);
#6322 = EDGE_LOOP('',(#6323));
#6323 = ORIENTED_EDGE('',*,*,#6324,.F.);
#6324 = EDGE_CURVE('',#6325,#6325,#6327,.T.);
#6325 = VERTEX_POINT('',#6326);
#6326 = CARTESIAN_POINT('',(-6.1999,-8.52052,90.));
#6327 = CIRCLE('',#6328,2.25);
#6328 = AXIS2_PLACEMENT_3D('',#6329,#6330,#6331);
#6329 = CARTESIAN_POINT('',(-8.4499,-8.52052,90.));
#6330 = DIRECTION('',(0.,0.,1.));
#6331 = DIRECTION('',(1.,0.,0.));
#6332 = FACE_BOUND('',#6333,.F.);
#6333 = EDGE_LOOP('',(#6334));
#6334 = ORIENTED_EDGE('',*,*,#6335,.F.);
#6335 = EDGE_CURVE('',#6336,#6336,#6338,.T.);
#6336 = VERTEX_POINT('',#6337);
#6337 = CARTESIAN_POINT('',(5.40403,-11.57809,90.));
#6338 = CIRCLE('',#6339,2.25);
#6339 = AXIS2_PLACEMENT_3D('',#6340,#6341,#6342);
#6340 = CARTESIAN_POINT('',(3.15403,-11.57809,90.));
#6341 = DIRECTION('',(0.,0.,1.));
#6342 = DIRECTION('',(1.,0.,0.));
#6343 = FACE_BOUND('',#6344,.F.);
#6344 = EDGE_LOOP('',(#6345));
#6345 = ORIENTED_EDGE('',*,*,#6346,.F.);
#6346 = EDGE_CURVE('',#6347,#6347,#6349,.T.);
#6347 = VERTEX_POINT('',#6348);
#6348 = CARTESIAN_POINT('',(13.85393,-3.05757,90.));
#6349 = CIRCLE('',#6350,2.25);
#6350 = AXIS2_PLACEMENT_3D('',#6351,#6352,#6353);
#6351 = CARTESIAN_POINT('',(11.60393,-3.05757,90.));
#6352 = DIRECTION('',(0.,0.,1.));
#6353 = DIRECTION('',(1.,0.,0.));
#6354 = FACE_BOUND('',#6355,.F.);
#6355 = EDGE_LOOP('',(#6356));
#6356 = ORIENTED_EDGE('',*,*,#6357,.F.);
#6357 = EDGE_CURVE('',#6358,#6358,#6360,.T.);
#6358 = VERTEX_POINT('',#6359);
#6359 = CARTESIAN_POINT('',(-9.35393,3.05757,90.));
#6360 = CIRCLE('',#6361,2.25);
#6361 = AXIS2_PLACEMENT_3D('',#6362,#6363,#6364);
#6362 = CARTESIAN_POINT('',(-11.60393,3.05757,90.));
#6363 = DIRECTION('',(0.,0.,1.));
#6364 = DIRECTION('',(1.,0.,0.));
#6365 = FACE_BOUND('',#6366,.F.);
#6366 = EDGE_LOOP('',(#6367));
#6367 = ORIENTED_EDGE('',*,*,#6368,.F.);
#6368 = EDGE_CURVE('',#6369,#6369,#6371,.T.);
#6369 = VERTEX_POINT('',#6370);
#6370 = CARTESIAN_POINT('',(-0.90403,11.57809,90.));
#6371 = CIRCLE('',#6372,2.25);
#6372 = AXIS2_PLACEMENT_3D('',#6373,#6374,#6375);
#6373 = CARTESIAN_POINT('',(-3.15403,11.57809,90.));
#6374 = DIRECTION('',(0.,0.,1.));
#6375 = DIRECTION('',(1.,0.,0.));
#6376 = FACE_BOUND('',#6377,.F.);
#6377 = EDGE_LOOP('',(#6378));
#6378 = ORIENTED_EDGE('',*,*,#6379,.F.);
#6379 = EDGE_CURVE('',#6380,#6380,#6382,.T.);
#6380 = VERTEX_POINT('',#6381);
#6381 = CARTESIAN_POINT('',(8.2,-2.008420750602E-15,90.));
#6382 = CIRCLE('',#6383,8.2);
#6383 = AXIS2_PLACEMENT_3D('',#6384,#6385,#6386);
#6384 = CARTESIAN_POINT('',(0.,0.,90.));
#6385 = DIRECTION('',(0.,0.,1.));
#6386 = DIRECTION('',(1.,0.,0.));
#6387 = FACE_BOUND('',#6388,.F.);
#6388 = EDGE_LOOP('',(#6389));
#6389 = ORIENTED_EDGE('',*,*,#6390,.F.);
#6390 = EDGE_CURVE('',#6391,#6391,#6393,.T.);
#6391 = VERTEX_POINT('',#6392);
#6392 = CARTESIAN_POINT('',(10.6999,8.52051,90.));
#6393 = CIRCLE('',#6394,2.25);
#6394 = AXIS2_PLACEMENT_3D('',#6395,#6396,#6397);
#6395 = CARTESIAN_POINT('',(8.4499,8.52051,90.));
#6396 = DIRECTION('',(0.,0.,1.));
#6397 = DIRECTION('',(1.,0.,0.));
#6398 = PLANE('',#6399);
#6399 = AXIS2_PLACEMENT_3D('',#6400,#6401,#6402);
#6400 = CARTESIAN_POINT('',(0.,0.,90.));
#6401 = DIRECTION('',(0.,0.,1.));
#6402 = DIRECTION('',(1.,0.,0.));
#6403 = ADVANCED_FACE('',(#6404),#6415,.F.);
#6404 = FACE_BOUND('',#6405,.F.);
#6405 = EDGE_LOOP('',(#6406,#6407,#6413,#6414));
#6406 = ORIENTED_EDGE('',*,*,#6238,.F.);
#6407 = ORIENTED_EDGE('',*,*,#6408,.F.);
#6408 = EDGE_CURVE('',#6325,#6239,#6409,.T.);
#6409 = LINE('',#6410,#6411);
#6410 = CARTESIAN_POINT('',(-6.1999,-8.52052,90.));
#6411 = VECTOR('',#6412,1.);
#6412 = DIRECTION('',(0.,0.,1.));
#6413 = ORIENTED_EDGE('',*,*,#6324,.T.);
#6414 = ORIENTED_EDGE('',*,*,#6408,.T.);
#6415 = CYLINDRICAL_SURFACE('',#6416,2.25);
#6416 = AXIS2_PLACEMENT_3D('',#6417,#6418,#6419);
#6417 = CARTESIAN_POINT('',(-8.4499,-8.52052,90.));
#6418 = DIRECTION('',(0.,0.,1.));
#6419 = DIRECTION('',(1.,0.,0.));
#6420 = ADVANCED_FACE('',(#6421),#6432,.F.);
#6421 = FACE_BOUND('',#6422,.F.);
#6422 = EDGE_LOOP('',(#6423,#6424,#6430,#6431));
#6423 = ORIENTED_EDGE('',*,*,#6249,.F.);
#6424 = ORIENTED_EDGE('',*,*,#6425,.F.);
#6425 = EDGE_CURVE('',#6336,#6250,#6426,.T.);
#6426 = LINE('',#6427,#6428);
#6427 = CARTESIAN_POINT('',(5.40403,-11.57809,90.));
#6428 = VECTOR('',#6429,1.);
#6429 = DIRECTION('',(0.,0.,1.));
#6430 = ORIENTED_EDGE('',*,*,#6335,.T.);
#6431 = ORIENTED_EDGE('',*,*,#6425,.T.);
#6432 = CYLINDRICAL_SURFACE('',#6433,2.25);
#6433 = AXIS2_PLACEMENT_3D('',#6434,#6435,#6436);
#6434 = CARTESIAN_POINT('',(3.15403,-11.57809,90.));
#6435 = DIRECTION('',(0.,0.,1.));
#6436 = DIRECTION('',(1.,0.,0.));
#6437 = ADVANCED_FACE('',(#6438),#6449,.F.);
#6438 = FACE_BOUND('',#6439,.F.);
#6439 = EDGE_LOOP('',(#6440,#6441,#6447,#6448));
#6440 = ORIENTED_EDGE('',*,*,#6260,.F.);
#6441 = ORIENTED_EDGE('',*,*,#6442,.F.);
#6442 = EDGE_CURVE('',#6347,#6261,#6443,.T.);
#6443 = LINE('',#6444,#6445);
#6444 = CARTESIAN_POINT('',(13.85393,-3.05757,90.));
#6445 = VECTOR('',#6446,1.);
#6446 = DIRECTION('',(0.,0.,1.));
#6447 = ORIENTED_EDGE('',*,*,#6346,.T.);
#6448 = ORIENTED_EDGE('',*,*,#6442,.T.);
#6449 = CYLINDRICAL_SURFACE('',#6450,2.25);
#6450 = AXIS2_PLACEMENT_3D('',#6451,#6452,#6453);
#6451 = CARTESIAN_POINT('',(11.60393,-3.05757,90.));
#6452 = DIRECTION('',(0.,0.,1.));
#6453 = DIRECTION('',(1.,0.,0.));
#6454 = ADVANCED_FACE('',(#6455),#6466,.F.);
#6455 = FACE_BOUND('',#6456,.F.);
#6456 = EDGE_LOOP('',(#6457,#6458,#6464,#6465));
#6457 = ORIENTED_EDGE('',*,*,#6271,.F.);
#6458 = ORIENTED_EDGE('',*,*,#6459,.F.);
#6459 = EDGE_CURVE('',#6358,#6272,#6460,.T.);
#6460 = LINE('',#6461,#6462);
#6461 = CARTESIAN_POINT('',(-9.35393,3.05757,90.));
#6462 = VECTOR('',#6463,1.);
#6463 = DIRECTION('',(0.,0.,1.));
#6464 = ORIENTED_EDGE('',*,*,#6357,.T.);
#6465 = ORIENTED_EDGE('',*,*,#6459,.T.);
#6466 = CYLINDRICAL_SURFACE('',#6467,2.25);
#6467 = AXIS2_PLACEMENT_3D('',#6468,#6469,#6470);
#6468 = CARTESIAN_POINT('',(-11.60393,3.05757,90.));
#6469 = DIRECTION('',(0.,0.,1.));
#6470 = DIRECTION('',(1.,0.,0.));
#6471 = ADVANCED_FACE('',(#6472),#6483,.F.);
#6472 = FACE_BOUND('',#6473,.F.);
#6473 = EDGE_LOOP('',(#6474,#6475,#6481,#6482));
#6474 = ORIENTED_EDGE('',*,*,#6282,.F.);
#6475 = ORIENTED_EDGE('',*,*,#6476,.F.);
#6476 = EDGE_CURVE('',#6369,#6283,#6477,.T.);
#6477 = LINE('',#6478,#6479);
#6478 = CARTESIAN_POINT('',(-0.90403,11.57809,90.));
#6479 = VECTOR('',#6480,1.);
#6480 = DIRECTION('',(0.,0.,1.));
#6481 = ORIENTED_EDGE('',*,*,#6368,.T.);
#6482 = ORIENTED_EDGE('',*,*,#6476,.T.);
#6483 = CYLINDRICAL_SURFACE('',#6484,2.25);
#6484 = AXIS2_PLACEMENT_3D('',#6485,#6486,#6487);
#6485 = CARTESIAN_POINT('',(-3.15403,11.57809,90.));
#6486 = DIRECTION('',(0.,0.,1.));
#6487 = DIRECTION('',(1.,0.,0.));
#6488 = ADVANCED_FACE('',(#6489),#6500,.F.);
#6489 = FACE_BOUND('',#6490,.F.);
#6490 = EDGE_LOOP('',(#6491,#6492,#6498,#6499));
#6491 = ORIENTED_EDGE('',*,*,#6293,.F.);
#6492 = ORIENTED_EDGE('',*,*,#6493,.F.);
#6493 = EDGE_CURVE('',#6380,#6294,#6494,.T.);
#6494 = LINE('',#6495,#6496);
#6495 = CARTESIAN_POINT('',(8.2,-2.008420750602E-15,90.));
#6496 = VECTOR('',#6497,1.);
#6497 = DIRECTION('',(0.,0.,1.));
#6498 = ORIENTED_EDGE('',*,*,#6379,.T.);
#6499 = ORIENTED_EDGE('',*,*,#6493,.T.);
#6500 = CYLINDRICAL_SURFACE('',#6501,8.2);
#6501 = AXIS2_PLACEMENT_3D('',#6502,#6503,#6504);
#6502 = CARTESIAN_POINT('',(0.,0.,90.));
#6503 = DIRECTION('',(0.,0.,1.));
#6504 = DIRECTION('',(1.,0.,0.));
#6505 = ADVANCED_FACE('',(#6506),#6517,.F.);
#6506 = FACE_BOUND('',#6507,.F.);
#6507 = EDGE_LOOP('',(#6508,#6509,#6515,#6516));
#6508 = ORIENTED_EDGE('',*,*,#6304,.F.);
#6509 = ORIENTED_EDGE('',*,*,#6510,.F.);
#6510 = EDGE_CURVE('',#6391,#6305,#6511,.T.);
#6511 = LINE('',#6512,#6513);
#6512 = CARTESIAN_POINT('',(10.6999,8.52051,90.));
#6513 = VECTOR('',#6514,1.);
#6514 = DIRECTION('',(0.,0.,1.));
#6515 = ORIENTED_EDGE('',*,*,#6390,.T.);
#6516 = ORIENTED_EDGE('',*,*,#6510,.T.);
#6517 = CYLINDRICAL_SURFACE('',#6518,2.25);
#6518 = AXIS2_PLACEMENT_3D('',#6519,#6520,#6521);
#6519 = CARTESIAN_POINT('',(8.4499,8.52051,90.));
#6520 = DIRECTION('',(0.,0.,1.));
#6521 = DIRECTION('',(1.,0.,0.));
#6522 = MANIFOLD_SOLID_BREP('',#6523);
#6523 = CLOSED_SHELL('',(#6524,#6557,#6621,#6641,#6666,#6691,#6716,#6741
    ,#6766,#6791,#6811,#6851,#6868,#6893,#6918));
#6524 = ADVANCED_FACE('',(#6525),#6552,.T.);
#6525 = FACE_BOUND('',#6526,.T.);
#6526 = EDGE_LOOP('',(#6527,#6536,#6544,#6551));
#6527 = ORIENTED_EDGE('',*,*,#6528,.F.);
#6528 = EDGE_CURVE('',#6529,#6529,#6531,.T.);
#6529 = VERTEX_POINT('',#6530);
#6530 = CARTESIAN_POINT('',(19.,-4.65365783676E-15,106.));
#6531 = CIRCLE('',#6532,19.);
#6532 = AXIS2_PLACEMENT_3D('',#6533,#6534,#6535);
#6533 = CARTESIAN_POINT('',(0.,0.,106.));
#6534 = DIRECTION('',(0.,0.,1.));
#6535 = DIRECTION('',(1.,0.,0.));
#6536 = ORIENTED_EDGE('',*,*,#6537,.F.);
#6537 = EDGE_CURVE('',#6538,#6529,#6540,.T.);
#6538 = VERTEX_POINT('',#6539);
#6539 = CARTESIAN_POINT('',(19.,-4.65365783676E-15,98.));
#6540 = LINE('',#6541,#6542);
#6541 = CARTESIAN_POINT('',(19.,-4.65365783676E-15,98.));
#6542 = VECTOR('',#6543,1.);
#6543 = DIRECTION('',(0.,0.,1.));
#6544 = ORIENTED_EDGE('',*,*,#6545,.T.);
#6545 = EDGE_CURVE('',#6538,#6538,#6546,.T.);
#6546 = CIRCLE('',#6547,19.);
#6547 = AXIS2_PLACEMENT_3D('',#6548,#6549,#6550);
#6548 = CARTESIAN_POINT('',(0.,0.,98.));
#6549 = DIRECTION('',(0.,0.,1.));
#6550 = DIRECTION('',(1.,0.,0.));
#6551 = ORIENTED_EDGE('',*,*,#6537,.T.);
#6552 = CYLINDRICAL_SURFACE('',#6553,19.);
#6553 = AXIS2_PLACEMENT_3D('',#6554,#6555,#6556);
#6554 = CARTESIAN_POINT('',(0.,0.,98.));
#6555 = DIRECTION('',(0.,0.,1.));
#6556 = DIRECTION('',(1.,0.,0.));
#6557 = ADVANCED_FACE('',(#6558,#6569,#6580,#6591,#6602,#6605),#6616,.F.
  );
#6558 = FACE_BOUND('',#6559,.F.);
#6559 = EDGE_LOOP('',(#6560));
#6560 = ORIENTED_EDGE('',*,*,#6561,.T.);
#6561 = EDGE_CURVE('',#6562,#6562,#6564,.T.);
#6562 = VERTEX_POINT('',#6563);
#6563 = CARTESIAN_POINT('',(32.,-7.837739514543E-15,106.));
#6564 = CIRCLE('',#6565,32.);
#6565 = AXIS2_PLACEMENT_3D('',#6566,#6567,#6568);
#6566 = CARTESIAN_POINT('',(0.,0.,106.));
#6567 = DIRECTION('',(0.,0.,1.));
#6568 = DIRECTION('',(1.,0.,0.));
#6569 = FACE_BOUND('',#6570,.F.);
#6570 = EDGE_LOOP('',(#6571));
#6571 = ORIENTED_EDGE('',*,*,#6572,.F.);
#6572 = EDGE_CURVE('',#6573,#6573,#6575,.T.);
#6573 = VERTEX_POINT('',#6574);
#6574 = CARTESIAN_POINT('',(-15.42766952966,-17.67766952966,106.));
#6575 = CIRCLE('',#6576,2.25);
#6576 = AXIS2_PLACEMENT_3D('',#6577,#6578,#6579);
#6577 = CARTESIAN_POINT('',(-17.67766952966,-17.67766952966,106.));
#6578 = DIRECTION('',(0.,0.,1.));
#6579 = DIRECTION('',(1.,0.,0.));
#6580 = FACE_BOUND('',#6581,.F.);
#6581 = EDGE_LOOP('',(#6582));
#6582 = ORIENTED_EDGE('',*,*,#6583,.F.);
#6583 = EDGE_CURVE('',#6584,#6584,#6586,.T.);
#6584 = VERTEX_POINT('',#6585);
#6585 = CARTESIAN_POINT('',(19.927669529664,-17.67766952966,106.));
#6586 = CIRCLE('',#6587,2.25);
#6587 = AXIS2_PLACEMENT_3D('',#6588,#6589,#6590);
#6588 = CARTESIAN_POINT('',(17.677669529664,-17.67766952966,106.));
#6589 = DIRECTION('',(0.,0.,1.));
#6590 = DIRECTION('',(1.,0.,0.));
#6591 = FACE_BOUND('',#6592,.F.);
#6592 = EDGE_LOOP('',(#6593));
#6593 = ORIENTED_EDGE('',*,*,#6594,.F.);
#6594 = EDGE_CURVE('',#6595,#6595,#6597,.T.);
#6595 = VERTEX_POINT('',#6596);
#6596 = CARTESIAN_POINT('',(-15.42766952966,17.677669529664,106.));
#6597 = CIRCLE('',#6598,2.25);
#6598 = AXIS2_PLACEMENT_3D('',#6599,#6600,#6601);
#6599 = CARTESIAN_POINT('',(-17.67766952966,17.677669529664,106.));
#6600 = DIRECTION('',(0.,0.,1.));
#6601 = DIRECTION('',(1.,0.,0.));
#6602 = FACE_BOUND('',#6603,.F.);
#6603 = EDGE_LOOP('',(#6604));
#6604 = ORIENTED_EDGE('',*,*,#6528,.F.);
#6605 = FACE_BOUND('',#6606,.F.);
#6606 = EDGE_LOOP('',(#6607));
#6607 = ORIENTED_EDGE('',*,*,#6608,.F.);
#6608 = EDGE_CURVE('',#6609,#6609,#6611,.T.);
#6609 = VERTEX_POINT('',#6610);
#6610 = CARTESIAN_POINT('',(19.927669529664,17.677669529664,106.));
#6611 = CIRCLE('',#6612,2.25);
#6612 = AXIS2_PLACEMENT_3D('',#6613,#6614,#6615);
#6613 = CARTESIAN_POINT('',(17.677669529664,17.677669529664,106.));
#6614 = DIRECTION('',(0.,0.,1.));
#6615 = DIRECTION('',(1.,0.,0.));
#6616 = PLANE('',#6617);
#6617 = AXIS2_PLACEMENT_3D('',#6618,#6619,#6620);
#6618 = CARTESIAN_POINT('',(0.,0.,106.));
#6619 = DIRECTION('',(0.,0.,1.));
#6620 = DIRECTION('',(1.,0.,0.));
#6621 = ADVANCED_FACE('',(#6622,#6625),#6636,.F.);
#6622 = FACE_BOUND('',#6623,.F.);
#6623 = EDGE_LOOP('',(#6624));
#6624 = ORIENTED_EDGE('',*,*,#6545,.T.);
#6625 = FACE_BOUND('',#6626,.F.);
#6626 = EDGE_LOOP('',(#6627));
#6627 = ORIENTED_EDGE('',*,*,#6628,.F.);
#6628 = EDGE_CURVE('',#6629,#6629,#6631,.T.);
#6629 = VERTEX_POINT('',#6630);
#6630 = CARTESIAN_POINT('',(8.2,-2.008420750602E-15,98.));
#6631 = CIRCLE('',#6632,8.2);
#6632 = AXIS2_PLACEMENT_3D('',#6633,#6634,#6635);
#6633 = CARTESIAN_POINT('',(0.,0.,98.));
#6634 = DIRECTION('',(0.,0.,1.));
#6635 = DIRECTION('',(1.,0.,0.));
#6636 = PLANE('',#6637);
#6637 = AXIS2_PLACEMENT_3D('',#6638,#6639,#6640);
#6638 = CARTESIAN_POINT('',(0.,0.,98.));
#6639 = DIRECTION('',(0.,0.,1.));
#6640 = DIRECTION('',(1.,0.,0.));
#6641 = ADVANCED_FACE('',(#6642),#6661,.F.);
#6642 = FACE_BOUND('',#6643,.F.);
#6643 = EDGE_LOOP('',(#6644,#6645,#6653,#6660));
#6644 = ORIENTED_EDGE('',*,*,#6561,.F.);
#6645 = ORIENTED_EDGE('',*,*,#6646,.F.);
#6646 = EDGE_CURVE('',#6647,#6562,#6649,.T.);
#6647 = VERTEX_POINT('',#6648);
#6648 = CARTESIAN_POINT('',(32.,-7.837739514543E-15,96.));
#6649 = LINE('',#6650,#6651);
#6650 = CARTESIAN_POINT('',(32.,-7.837739514543E-15,96.));
#6651 = VECTOR('',#6652,1.);
#6652 = DIRECTION('',(0.,0.,1.));
#6653 = ORIENTED_EDGE('',*,*,#6654,.T.);
#6654 = EDGE_CURVE('',#6647,#6647,#6655,.T.);
#6655 = CIRCLE('',#6656,32.);
#6656 = AXIS2_PLACEMENT_3D('',#6657,#6658,#6659);
#6657 = CARTESIAN_POINT('',(0.,0.,96.));
#6658 = DIRECTION('',(0.,0.,1.));
#6659 = DIRECTION('',(1.,0.,0.));
#6660 = ORIENTED_EDGE('',*,*,#6646,.T.);
#6661 = CYLINDRICAL_SURFACE('',#6662,32.);
#6662 = AXIS2_PLACEMENT_3D('',#6663,#6664,#6665);
#6663 = CARTESIAN_POINT('',(0.,0.,96.));
#6664 = DIRECTION('',(0.,0.,1.));
#6665 = DIRECTION('',(1.,0.,0.));
#6666 = ADVANCED_FACE('',(#6667),#6686,.F.);
#6667 = FACE_BOUND('',#6668,.F.);
#6668 = EDGE_LOOP('',(#6669,#6678,#6684,#6685));
#6669 = ORIENTED_EDGE('',*,*,#6670,.F.);
#6670 = EDGE_CURVE('',#6671,#6671,#6673,.T.);
#6671 = VERTEX_POINT('',#6672);
#6672 = CARTESIAN_POINT('',(-15.42766952966,-17.67766952966,110.));
#6673 = CIRCLE('',#6674,2.25);
#6674 = AXIS2_PLACEMENT_3D('',#6675,#6676,#6677);
#6675 = CARTESIAN_POINT('',(-17.67766952966,-17.67766952966,110.));
#6676 = DIRECTION('',(0.,0.,1.));
#6677 = DIRECTION('',(1.,0.,0.));
#6678 = ORIENTED_EDGE('',*,*,#6679,.F.);
#6679 = EDGE_CURVE('',#6573,#6671,#6680,.T.);
#6680 = LINE('',#6681,#6682);
#6681 = CARTESIAN_POINT('',(-15.42766952966,-17.67766952966,106.));
#6682 = VECTOR('',#6683,1.);
#6683 = DIRECTION('',(0.,0.,1.));
#6684 = ORIENTED_EDGE('',*,*,#6572,.T.);
#6685 = ORIENTED_EDGE('',*,*,#6679,.T.);
#6686 = CYLINDRICAL_SURFACE('',#6687,2.25);
#6687 = AXIS2_PLACEMENT_3D('',#6688,#6689,#6690);
#6688 = CARTESIAN_POINT('',(-17.67766952966,-17.67766952966,106.));
#6689 = DIRECTION('',(0.,0.,1.));
#6690 = DIRECTION('',(1.,0.,0.));
#6691 = ADVANCED_FACE('',(#6692),#6711,.F.);
#6692 = FACE_BOUND('',#6693,.F.);
#6693 = EDGE_LOOP('',(#6694,#6703,#6709,#6710));
#6694 = ORIENTED_EDGE('',*,*,#6695,.F.);
#6695 = EDGE_CURVE('',#6696,#6696,#6698,.T.);
#6696 = VERTEX_POINT('',#6697);
#6697 = CARTESIAN_POINT('',(19.927669529664,-17.67766952966,110.));
#6698 = CIRCLE('',#6699,2.25);
#6699 = AXIS2_PLACEMENT_3D('',#6700,#6701,#6702);
#6700 = CARTESIAN_POINT('',(17.677669529664,-17.67766952966,110.));
#6701 = DIRECTION('',(0.,0.,1.));
#6702 = DIRECTION('',(1.,0.,0.));
#6703 = ORIENTED_EDGE('',*,*,#6704,.F.);
#6704 = EDGE_CURVE('',#6584,#6696,#6705,.T.);
#6705 = LINE('',#6706,#6707);
#6706 = CARTESIAN_POINT('',(19.927669529664,-17.67766952966,106.));
#6707 = VECTOR('',#6708,1.);
#6708 = DIRECTION('',(0.,0.,1.));
#6709 = ORIENTED_EDGE('',*,*,#6583,.T.);
#6710 = ORIENTED_EDGE('',*,*,#6704,.T.);
#6711 = CYLINDRICAL_SURFACE('',#6712,2.25);
#6712 = AXIS2_PLACEMENT_3D('',#6713,#6714,#6715);
#6713 = CARTESIAN_POINT('',(17.677669529664,-17.67766952966,106.));
#6714 = DIRECTION('',(0.,0.,1.));
#6715 = DIRECTION('',(1.,0.,0.));
#6716 = ADVANCED_FACE('',(#6717),#6736,.F.);
#6717 = FACE_BOUND('',#6718,.F.);
#6718 = EDGE_LOOP('',(#6719,#6728,#6734,#6735));
#6719 = ORIENTED_EDGE('',*,*,#6720,.F.);
#6720 = EDGE_CURVE('',#6721,#6721,#6723,.T.);
#6721 = VERTEX_POINT('',#6722);
#6722 = CARTESIAN_POINT('',(-15.42766952966,17.677669529664,110.));
#6723 = CIRCLE('',#6724,2.25);
#6724 = AXIS2_PLACEMENT_3D('',#6725,#6726,#6727);
#6725 = CARTESIAN_POINT('',(-17.67766952966,17.677669529664,110.));
#6726 = DIRECTION('',(0.,0.,1.));
#6727 = DIRECTION('',(1.,0.,0.));
#6728 = ORIENTED_EDGE('',*,*,#6729,.F.);
#6729 = EDGE_CURVE('',#6595,#6721,#6730,.T.);
#6730 = LINE('',#6731,#6732);
#6731 = CARTESIAN_POINT('',(-15.42766952966,17.677669529664,106.));
#6732 = VECTOR('',#6733,1.);
#6733 = DIRECTION('',(0.,0.,1.));
#6734 = ORIENTED_EDGE('',*,*,#6594,.T.);
#6735 = ORIENTED_EDGE('',*,*,#6729,.T.);
#6736 = CYLINDRICAL_SURFACE('',#6737,2.25);
#6737 = AXIS2_PLACEMENT_3D('',#6738,#6739,#6740);
#6738 = CARTESIAN_POINT('',(-17.67766952966,17.677669529664,106.));
#6739 = DIRECTION('',(0.,0.,1.));
#6740 = DIRECTION('',(1.,0.,0.));
#6741 = ADVANCED_FACE('',(#6742),#6761,.F.);
#6742 = FACE_BOUND('',#6743,.F.);
#6743 = EDGE_LOOP('',(#6744,#6753,#6759,#6760));
#6744 = ORIENTED_EDGE('',*,*,#6745,.F.);
#6745 = EDGE_CURVE('',#6746,#6746,#6748,.T.);
#6746 = VERTEX_POINT('',#6747);
#6747 = CARTESIAN_POINT('',(19.927669529664,17.677669529664,110.));
#6748 = CIRCLE('',#6749,2.25);
#6749 = AXIS2_PLACEMENT_3D('',#6750,#6751,#6752);
#6750 = CARTESIAN_POINT('',(17.677669529664,17.677669529664,110.));
#6751 = DIRECTION('',(0.,0.,1.));
#6752 = DIRECTION('',(1.,0.,0.));
#6753 = ORIENTED_EDGE('',*,*,#6754,.F.);
#6754 = EDGE_CURVE('',#6609,#6746,#6755,.T.);
#6755 = LINE('',#6756,#6757);
#6756 = CARTESIAN_POINT('',(19.927669529664,17.677669529664,106.));
#6757 = VECTOR('',#6758,1.);
#6758 = DIRECTION('',(0.,0.,1.));
#6759 = ORIENTED_EDGE('',*,*,#6608,.T.);
#6760 = ORIENTED_EDGE('',*,*,#6754,.T.);
#6761 = CYLINDRICAL_SURFACE('',#6762,2.25);
#6762 = AXIS2_PLACEMENT_3D('',#6763,#6764,#6765);
#6763 = CARTESIAN_POINT('',(17.677669529664,17.677669529664,106.));
#6764 = DIRECTION('',(0.,0.,1.));
#6765 = DIRECTION('',(1.,0.,0.));
#6766 = ADVANCED_FACE('',(#6767),#6786,.F.);
#6767 = FACE_BOUND('',#6768,.F.);
#6768 = EDGE_LOOP('',(#6769,#6778,#6784,#6785));
#6769 = ORIENTED_EDGE('',*,*,#6770,.F.);
#6770 = EDGE_CURVE('',#6771,#6771,#6773,.T.);
#6771 = VERTEX_POINT('',#6772);
#6772 = CARTESIAN_POINT('',(8.2,-2.008420750602E-15,106.));
#6773 = CIRCLE('',#6774,8.2);
#6774 = AXIS2_PLACEMENT_3D('',#6775,#6776,#6777);
#6775 = CARTESIAN_POINT('',(0.,0.,106.));
#6776 = DIRECTION('',(0.,0.,1.));
#6777 = DIRECTION('',(1.,0.,0.));
#6778 = ORIENTED_EDGE('',*,*,#6779,.F.);
#6779 = EDGE_CURVE('',#6629,#6771,#6780,.T.);
#6780 = LINE('',#6781,#6782);
#6781 = CARTESIAN_POINT('',(8.2,-2.008420750602E-15,98.));
#6782 = VECTOR('',#6783,1.);
#6783 = DIRECTION('',(0.,0.,1.));
#6784 = ORIENTED_EDGE('',*,*,#6628,.T.);
#6785 = ORIENTED_EDGE('',*,*,#6779,.T.);
#6786 = CYLINDRICAL_SURFACE('',#6787,8.2);
#6787 = AXIS2_PLACEMENT_3D('',#6788,#6789,#6790);
#6788 = CARTESIAN_POINT('',(0.,0.,98.));
#6789 = DIRECTION('',(0.,0.,1.));
#6790 = DIRECTION('',(1.,0.,0.));
#6791 = ADVANCED_FACE('',(#6792,#6803),#6806,.F.);
#6792 = FACE_BOUND('',#6793,.F.);
#6793 = EDGE_LOOP('',(#6794));
#6794 = ORIENTED_EDGE('',*,*,#6795,.T.);
#6795 = EDGE_CURVE('',#6796,#6796,#6798,.T.);
#6796 = VERTEX_POINT('',#6797);
#6797 = CARTESIAN_POINT('',(39.9,-9.772681457196E-15,96.));
#6798 = CIRCLE('',#6799,39.9);
#6799 = AXIS2_PLACEMENT_3D('',#6800,#6801,#6802);
#6800 = CARTESIAN_POINT('',(0.,0.,96.));
#6801 = DIRECTION('',(0.,0.,1.));
#6802 = DIRECTION('',(1.,0.,0.));
#6803 = FACE_BOUND('',#6804,.F.);
#6804 = EDGE_LOOP('',(#6805));
#6805 = ORIENTED_EDGE('',*,*,#6654,.F.);
#6806 = PLANE('',#6807);
#6807 = AXIS2_PLACEMENT_3D('',#6808,#6809,#6810);
#6808 = CARTESIAN_POINT('',(0.,0.,96.));
#6809 = DIRECTION('',(0.,0.,1.));
#6810 = DIRECTION('',(1.,0.,0.));
#6811 = ADVANCED_FACE('',(#6812,#6823,#6826,#6829,#6832,#6843),#6846,.T.
  );
#6812 = FACE_BOUND('',#6813,.T.);
#6813 = EDGE_LOOP('',(#6814));
#6814 = ORIENTED_EDGE('',*,*,#6815,.T.);
#6815 = EDGE_CURVE('',#6816,#6816,#6818,.T.);
#6816 = VERTEX_POINT('',#6817);
#6817 = CARTESIAN_POINT('',(40.,-9.797174393179E-15,110.));
#6818 = CIRCLE('',#6819,40.);
#6819 = AXIS2_PLACEMENT_3D('',#6820,#6821,#6822);
#6820 = CARTESIAN_POINT('',(0.,0.,110.));
#6821 = DIRECTION('',(0.,0.,1.));
#6822 = DIRECTION('',(1.,0.,0.));
#6823 = FACE_BOUND('',#6824,.T.);
#6824 = EDGE_LOOP('',(#6825));
#6825 = ORIENTED_EDGE('',*,*,#6670,.F.);
#6826 = FACE_BOUND('',#6827,.T.);
#6827 = EDGE_LOOP('',(#6828));
#6828 = ORIENTED_EDGE('',*,*,#6695,.F.);
#6829 = FACE_BOUND('',#6830,.T.);
#6830 = EDGE_LOOP('',(#6831));
#6831 = ORIENTED_EDGE('',*,*,#6720,.F.);
#6832 = FACE_BOUND('',#6833,.T.);
#6833 = EDGE_LOOP('',(#6834));
#6834 = ORIENTED_EDGE('',*,*,#6835,.F.);
#6835 = EDGE_CURVE('',#6836,#6836,#6838,.T.);
#6836 = VERTEX_POINT('',#6837);
#6837 = CARTESIAN_POINT('',(8.2,-2.008420750602E-15,110.));
#6838 = CIRCLE('',#6839,8.2);
#6839 = AXIS2_PLACEMENT_3D('',#6840,#6841,#6842);
#6840 = CARTESIAN_POINT('',(0.,0.,110.));
#6841 = DIRECTION('',(0.,0.,1.));
#6842 = DIRECTION('',(1.,0.,0.));
#6843 = FACE_BOUND('',#6844,.T.);
#6844 = EDGE_LOOP('',(#6845));
#6845 = ORIENTED_EDGE('',*,*,#6745,.F.);
#6846 = PLANE('',#6847);
#6847 = AXIS2_PLACEMENT_3D('',#6848,#6849,#6850);
#6848 = CARTESIAN_POINT('',(0.,0.,110.));
#6849 = DIRECTION('',(0.,0.,1.));
#6850 = DIRECTION('',(1.,0.,0.));
#6851 = ADVANCED_FACE('',(#6852),#6863,.F.);
#6852 = FACE_BOUND('',#6853,.F.);
#6853 = EDGE_LOOP('',(#6854,#6855,#6861,#6862));
#6854 = ORIENTED_EDGE('',*,*,#6835,.F.);
#6855 = ORIENTED_EDGE('',*,*,#6856,.F.);
#6856 = EDGE_CURVE('',#6771,#6836,#6857,.T.);
#6857 = LINE('',#6858,#6859);
#6858 = CARTESIAN_POINT('',(8.2,-2.008420750602E-15,106.));
#6859 = VECTOR('',#6860,1.);
#6860 = DIRECTION('',(0.,0.,1.));
#6861 = ORIENTED_EDGE('',*,*,#6770,.T.);
#6862 = ORIENTED_EDGE('',*,*,#6856,.T.);
#6863 = CYLINDRICAL_SURFACE('',#6864,8.2);
#6864 = AXIS2_PLACEMENT_3D('',#6865,#6866,#6867);
#6865 = CARTESIAN_POINT('',(0.,0.,106.));
#6866 = DIRECTION('',(0.,0.,1.));
#6867 = DIRECTION('',(1.,0.,0.));
#6868 = ADVANCED_FACE('',(#6869),#6888,.T.);
#6869 = FACE_BOUND('',#6870,.T.);
#6870 = EDGE_LOOP('',(#6871,#6880,#6886,#6887));
#6871 = ORIENTED_EDGE('',*,*,#6872,.F.);
#6872 = EDGE_CURVE('',#6873,#6873,#6875,.T.);
#6873 = VERTEX_POINT('',#6874);
#6874 = CARTESIAN_POINT('',(39.9,-9.772681457196E-15,106.));
#6875 = CIRCLE('',#6876,39.9);
#6876 = AXIS2_PLACEMENT_3D('',#6877,#6878,#6879);
#6877 = CARTESIAN_POINT('',(0.,0.,106.));
#6878 = DIRECTION('',(0.,0.,1.));
#6879 = DIRECTION('',(1.,0.,0.));
#6880 = ORIENTED_EDGE('',*,*,#6881,.F.);
#6881 = EDGE_CURVE('',#6796,#6873,#6882,.T.);
#6882 = LINE('',#6883,#6884);
#6883 = CARTESIAN_POINT('',(39.9,-9.772681457196E-15,96.));
#6884 = VECTOR('',#6885,1.);
#6885 = DIRECTION('',(0.,0.,1.));
#6886 = ORIENTED_EDGE('',*,*,#6795,.T.);
#6887 = ORIENTED_EDGE('',*,*,#6881,.T.);
#6888 = CYLINDRICAL_SURFACE('',#6889,39.9);
#6889 = AXIS2_PLACEMENT_3D('',#6890,#6891,#6892);
#6890 = CARTESIAN_POINT('',(0.,0.,96.));
#6891 = DIRECTION('',(0.,0.,1.));
#6892 = DIRECTION('',(1.,0.,0.));
#6893 = ADVANCED_FACE('',(#6894),#6913,.T.);
#6894 = FACE_BOUND('',#6895,.T.);
#6895 = EDGE_LOOP('',(#6896,#6897,#6905,#6912));
#6896 = ORIENTED_EDGE('',*,*,#6815,.F.);
#6897 = ORIENTED_EDGE('',*,*,#6898,.F.);
#6898 = EDGE_CURVE('',#6899,#6816,#6901,.T.);
#6899 = VERTEX_POINT('',#6900);
#6900 = CARTESIAN_POINT('',(40.,-9.797174393179E-15,106.));
#6901 = LINE('',#6902,#6903);
#6902 = CARTESIAN_POINT('',(40.,-9.797174393179E-15,106.));
#6903 = VECTOR('',#6904,1.);
#6904 = DIRECTION('',(0.,0.,1.));
#6905 = ORIENTED_EDGE('',*,*,#6906,.T.);
#6906 = EDGE_CURVE('',#6899,#6899,#6907,.T.);
#6907 = CIRCLE('',#6908,40.);
#6908 = AXIS2_PLACEMENT_3D('',#6909,#6910,#6911);
#6909 = CARTESIAN_POINT('',(0.,0.,106.));
#6910 = DIRECTION('',(0.,0.,1.));
#6911 = DIRECTION('',(1.,0.,0.));
#6912 = ORIENTED_EDGE('',*,*,#6898,.T.);
#6913 = CYLINDRICAL_SURFACE('',#6914,40.);
#6914 = AXIS2_PLACEMENT_3D('',#6915,#6916,#6917);
#6915 = CARTESIAN_POINT('',(0.,0.,106.));
#6916 = DIRECTION('',(0.,0.,1.));
#6917 = DIRECTION('',(1.,0.,0.));
#6918 = ADVANCED_FACE('',(#6919,#6922),#6925,.F.);
#6919 = FACE_BOUND('',#6920,.F.);
#6920 = EDGE_LOOP('',(#6921));
#6921 = ORIENTED_EDGE('',*,*,#6906,.T.);
#6922 = FACE_BOUND('',#6923,.F.);
#6923 = EDGE_LOOP('',(#6924));
#6924 = ORIENTED_EDGE('',*,*,#6872,.F.);
#6925 = PLANE('',#6926);
#6926 = AXIS2_PLACEMENT_3D('',#6927,#6928,#6929);
#6927 = CARTESIAN_POINT('',(0.,0.,106.));
#6928 = DIRECTION('',(0.,0.,1.));
#6929 = DIRECTION('',(1.,0.,0.));
#6930 = MANIFOLD_SOLID_BREP('',#6931);
#6931 = CLOSED_SHELL('',(#6932,#6972,#7003,#7160,#7184,#7334,#7346,#7363
    ,#7380,#7397,#7414,#7431,#7448,#7465,#7482,#7504,#7521,#7538,#7550)
  );
#6932 = ADVANCED_FACE('',(#6933),#6967,.F.);
#6933 = FACE_BOUND('',#6934,.F.);
#6934 = EDGE_LOOP('',(#6935,#6945,#6953,#6961));
#6935 = ORIENTED_EDGE('',*,*,#6936,.F.);
#6936 = EDGE_CURVE('',#6937,#6939,#6941,.T.);
#6937 = VERTEX_POINT('',#6938);
#6938 = CARTESIAN_POINT('',(-56.,-48.,110.));
#6939 = VERTEX_POINT('',#6940);
#6940 = CARTESIAN_POINT('',(-56.,-48.,118.));
#6941 = LINE('',#6942,#6943);
#6942 = CARTESIAN_POINT('',(-56.,-48.,110.));
#6943 = VECTOR('',#6944,1.);
#6944 = DIRECTION('',(0.,0.,1.));
#6945 = ORIENTED_EDGE('',*,*,#6946,.T.);
#6946 = EDGE_CURVE('',#6937,#6947,#6949,.T.);
#6947 = VERTEX_POINT('',#6948);
#6948 = CARTESIAN_POINT('',(-56.,117.,110.));
#6949 = LINE('',#6950,#6951);
#6950 = CARTESIAN_POINT('',(-56.,-48.,110.));
#6951 = VECTOR('',#6952,1.);
#6952 = DIRECTION('',(0.,1.,0.));
#6953 = ORIENTED_EDGE('',*,*,#6954,.T.);
#6954 = EDGE_CURVE('',#6947,#6955,#6957,.T.);
#6955 = VERTEX_POINT('',#6956);
#6956 = CARTESIAN_POINT('',(-56.,117.,118.));
#6957 = LINE('',#6958,#6959);
#6958 = CARTESIAN_POINT('',(-56.,117.,110.));
#6959 = VECTOR('',#6960,1.);
#6960 = DIRECTION('',(0.,0.,1.));
#6961 = ORIENTED_EDGE('',*,*,#6962,.F.);
#6962 = EDGE_CURVE('',#6939,#6955,#6963,.T.);
#6963 = LINE('',#6964,#6965);
#6964 = CARTESIAN_POINT('',(-56.,-48.,118.));
#6965 = VECTOR('',#6966,1.);
#6966 = DIRECTION('',(0.,1.,0.));
#6967 = PLANE('',#6968);
#6968 = AXIS2_PLACEMENT_3D('',#6969,#6970,#6971);
#6969 = CARTESIAN_POINT('',(-56.,-48.,110.));
#6970 = DIRECTION('',(1.,0.,0.));
#6971 = DIRECTION('',(0.,0.,1.));
#6972 = ADVANCED_FACE('',(#6973),#6998,.F.);
#6973 = FACE_BOUND('',#6974,.F.);
#6974 = EDGE_LOOP('',(#6975,#6983,#6984,#6992));
#6975 = ORIENTED_EDGE('',*,*,#6976,.F.);
#6976 = EDGE_CURVE('',#6937,#6977,#6979,.T.);
#6977 = VERTEX_POINT('',#6978);
#6978 = CARTESIAN_POINT('',(56.,-48.,110.));
#6979 = LINE('',#6980,#6981);
#6980 = CARTESIAN_POINT('',(-56.,-48.,110.));
#6981 = VECTOR('',#6982,1.);
#6982 = DIRECTION('',(1.,0.,0.));
#6983 = ORIENTED_EDGE('',*,*,#6936,.T.);
#6984 = ORIENTED_EDGE('',*,*,#6985,.T.);
#6985 = EDGE_CURVE('',#6939,#6986,#6988,.T.);
#6986 = VERTEX_POINT('',#6987);
#6987 = CARTESIAN_POINT('',(56.,-48.,118.));
#6988 = LINE('',#6989,#6990);
#6989 = CARTESIAN_POINT('',(-56.,-48.,118.));
#6990 = VECTOR('',#6991,1.);
#6991 = DIRECTION('',(1.,0.,0.));
#6992 = ORIENTED_EDGE('',*,*,#6993,.F.);
#6993 = EDGE_CURVE('',#6977,#6986,#6994,.T.);
#6994 = LINE('',#6995,#6996);
#6995 = CARTESIAN_POINT('',(56.,-48.,110.));
#6996 = VECTOR('',#6997,1.);
#6997 = DIRECTION('',(0.,0.,1.));
#6998 = PLANE('',#6999);
#6999 = AXIS2_PLACEMENT_3D('',#7000,#7001,#7002);
#7000 = CARTESIAN_POINT('',(-56.,-48.,110.));
#7001 = DIRECTION('',(0.,1.,0.));
#7002 = DIRECTION('',(0.,0.,1.));
#7003 = ADVANCED_FACE('',(#7004,#7022,#7033,#7044,#7055,#7066,#7077,
    #7088,#7099,#7110,#7144),#7155,.T.);
#7004 = FACE_BOUND('',#7005,.T.);
#7005 = EDGE_LOOP('',(#7006,#7007,#7008,#7016));
#7006 = ORIENTED_EDGE('',*,*,#6962,.F.);
#7007 = ORIENTED_EDGE('',*,*,#6985,.T.);
#7008 = ORIENTED_EDGE('',*,*,#7009,.T.);
#7009 = EDGE_CURVE('',#6986,#7010,#7012,.T.);
#7010 = VERTEX_POINT('',#7011);
#7011 = CARTESIAN_POINT('',(56.,117.,118.));
#7012 = LINE('',#7013,#7014);
#7013 = CARTESIAN_POINT('',(56.,-48.,118.));
#7014 = VECTOR('',#7015,1.);
#7015 = DIRECTION('',(0.,1.,0.));
#7016 = ORIENTED_EDGE('',*,*,#7017,.F.);
#7017 = EDGE_CURVE('',#6955,#7010,#7018,.T.);
#7018 = LINE('',#7019,#7020);
#7019 = CARTESIAN_POINT('',(-56.,117.,118.));
#7020 = VECTOR('',#7021,1.);
#7021 = DIRECTION('',(1.,0.,0.));
#7022 = FACE_BOUND('',#7023,.T.);
#7023 = EDGE_LOOP('',(#7024));
#7024 = ORIENTED_EDGE('',*,*,#7025,.F.);
#7025 = EDGE_CURVE('',#7026,#7026,#7028,.T.);
#7026 = VERTEX_POINT('',#7027);
#7027 = CARTESIAN_POINT('',(-31.75,-10.,118.));
#7028 = CIRCLE('',#7029,2.25);
#7029 = AXIS2_PLACEMENT_3D('',#7030,#7031,#7032);
#7030 = CARTESIAN_POINT('',(-34.,-10.,118.));
#7031 = DIRECTION('',(0.,0.,1.));
#7032 = DIRECTION('',(1.,0.,0.));
#7033 = FACE_BOUND('',#7034,.T.);
#7034 = EDGE_LOOP('',(#7035));
#7035 = ORIENTED_EDGE('',*,*,#7036,.F.);
#7036 = EDGE_CURVE('',#7037,#7037,#7039,.T.);
#7037 = VERTEX_POINT('',#7038);
#7038 = CARTESIAN_POINT('',(-15.42766952966,-17.67766952966,118.));
#7039 = CIRCLE('',#7040,2.25);
#7040 = AXIS2_PLACEMENT_3D('',#7041,#7042,#7043);
#7041 = CARTESIAN_POINT('',(-17.67766952966,-17.67766952966,118.));
#7042 = DIRECTION('',(0.,0.,1.));
#7043 = DIRECTION('',(1.,0.,0.));
#7044 = FACE_BOUND('',#7045,.T.);
#7045 = EDGE_LOOP('',(#7046));
#7046 = ORIENTED_EDGE('',*,*,#7047,.F.);
#7047 = EDGE_CURVE('',#7048,#7048,#7050,.T.);
#7048 = VERTEX_POINT('',#7049);
#7049 = CARTESIAN_POINT('',(-15.42766952966,17.677669529664,118.));
#7050 = CIRCLE('',#7051,2.25);
#7051 = AXIS2_PLACEMENT_3D('',#7052,#7053,#7054);
#7052 = CARTESIAN_POINT('',(-17.67766952966,17.677669529664,118.));
#7053 = DIRECTION('',(0.,0.,1.));
#7054 = DIRECTION('',(1.,0.,0.));
#7055 = FACE_BOUND('',#7056,.T.);
#7056 = EDGE_LOOP('',(#7057));
#7057 = ORIENTED_EDGE('',*,*,#7058,.F.);
#7058 = EDGE_CURVE('',#7059,#7059,#7061,.T.);
#7059 = VERTEX_POINT('',#7060);
#7060 = CARTESIAN_POINT('',(19.927669529664,-17.67766952966,118.));
#7061 = CIRCLE('',#7062,2.25);
#7062 = AXIS2_PLACEMENT_3D('',#7063,#7064,#7065);
#7063 = CARTESIAN_POINT('',(17.677669529664,-17.67766952966,118.));
#7064 = DIRECTION('',(0.,0.,1.));
#7065 = DIRECTION('',(1.,0.,0.));
#7066 = FACE_BOUND('',#7067,.T.);
#7067 = EDGE_LOOP('',(#7068));
#7068 = ORIENTED_EDGE('',*,*,#7069,.F.);
#7069 = EDGE_CURVE('',#7070,#7070,#7072,.T.);
#7070 = VERTEX_POINT('',#7071);
#7071 = CARTESIAN_POINT('',(8.2,-2.008420750602E-15,118.));
#7072 = CIRCLE('',#7073,8.2);
#7073 = AXIS2_PLACEMENT_3D('',#7074,#7075,#7076);
#7074 = CARTESIAN_POINT('',(0.,0.,118.));
#7075 = DIRECTION('',(0.,0.,1.));
#7076 = DIRECTION('',(1.,0.,0.));
#7077 = FACE_BOUND('',#7078,.T.);
#7078 = EDGE_LOOP('',(#7079));
#7079 = ORIENTED_EDGE('',*,*,#7080,.F.);
#7080 = EDGE_CURVE('',#7081,#7081,#7083,.T.);
#7081 = VERTEX_POINT('',#7082);
#7082 = CARTESIAN_POINT('',(36.25,-10.,118.));
#7083 = CIRCLE('',#7084,2.25);
#7084 = AXIS2_PLACEMENT_3D('',#7085,#7086,#7087);
#7085 = CARTESIAN_POINT('',(34.,-10.,118.));
#7086 = DIRECTION('',(0.,0.,1.));
#7087 = DIRECTION('',(1.,0.,0.));
#7088 = FACE_BOUND('',#7089,.T.);
#7089 = EDGE_LOOP('',(#7090));
#7090 = ORIENTED_EDGE('',*,*,#7091,.F.);
#7091 = EDGE_CURVE('',#7092,#7092,#7094,.T.);
#7092 = VERTEX_POINT('',#7093);
#7093 = CARTESIAN_POINT('',(19.927669529664,17.677669529664,118.));
#7094 = CIRCLE('',#7095,2.25);
#7095 = AXIS2_PLACEMENT_3D('',#7096,#7097,#7098);
#7096 = CARTESIAN_POINT('',(17.677669529664,17.677669529664,118.));
#7097 = DIRECTION('',(0.,0.,1.));
#7098 = DIRECTION('',(1.,0.,0.));
#7099 = FACE_BOUND('',#7100,.T.);
#7100 = EDGE_LOOP('',(#7101));
#7101 = ORIENTED_EDGE('',*,*,#7102,.F.);
#7102 = EDGE_CURVE('',#7103,#7103,#7105,.T.);
#7103 = VERTEX_POINT('',#7104);
#7104 = CARTESIAN_POINT('',(-15.75,102.,118.));
#7105 = CIRCLE('',#7106,2.25);
#7106 = AXIS2_PLACEMENT_3D('',#7107,#7108,#7109);
#7107 = CARTESIAN_POINT('',(-18.,102.,118.));
#7108 = DIRECTION('',(0.,0.,1.));
#7109 = DIRECTION('',(1.,0.,0.));
#7110 = FACE_BOUND('',#7111,.T.);
#7111 = EDGE_LOOP('',(#7112,#7122,#7130,#7138));
#7112 = ORIENTED_EDGE('',*,*,#7113,.F.);
#7113 = EDGE_CURVE('',#7114,#7116,#7118,.T.);
#7114 = VERTEX_POINT('',#7115);
#7115 = CARTESIAN_POINT('',(-32.,30.,118.));
#7116 = VERTEX_POINT('',#7117);
#7117 = CARTESIAN_POINT('',(32.,30.,118.));
#7118 = LINE('',#7119,#7120);
#7119 = CARTESIAN_POINT('',(-32.,30.,118.));
#7120 = VECTOR('',#7121,1.);
#7121 = DIRECTION('',(1.,0.,0.));
#7122 = ORIENTED_EDGE('',*,*,#7123,.T.);
#7123 = EDGE_CURVE('',#7114,#7124,#7126,.T.);
#7124 = VERTEX_POINT('',#7125);
#7125 = CARTESIAN_POINT('',(-32.,85.,118.));
#7126 = LINE('',#7127,#7128);
#7127 = CARTESIAN_POINT('',(-32.,30.,118.));
#7128 = VECTOR('',#7129,1.);
#7129 = DIRECTION('',(0.,1.,0.));
#7130 = ORIENTED_EDGE('',*,*,#7131,.T.);
#7131 = EDGE_CURVE('',#7124,#7132,#7134,.T.);
#7132 = VERTEX_POINT('',#7133);
#7133 = CARTESIAN_POINT('',(32.,85.,118.));
#7134 = LINE('',#7135,#7136);
#7135 = CARTESIAN_POINT('',(-32.,85.,118.));
#7136 = VECTOR('',#7137,1.);
#7137 = DIRECTION('',(1.,0.,0.));
#7138 = ORIENTED_EDGE('',*,*,#7139,.F.);
#7139 = EDGE_CURVE('',#7116,#7132,#7140,.T.);
#7140 = LINE('',#7141,#7142);
#7141 = CARTESIAN_POINT('',(32.,30.,118.));
#7142 = VECTOR('',#7143,1.);
#7143 = DIRECTION('',(0.,1.,0.));
#7144 = FACE_BOUND('',#7145,.T.);
#7145 = EDGE_LOOP('',(#7146));
#7146 = ORIENTED_EDGE('',*,*,#7147,.F.);
#7147 = EDGE_CURVE('',#7148,#7148,#7150,.T.);
#7148 = VERTEX_POINT('',#7149);
#7149 = CARTESIAN_POINT('',(20.25,102.,118.));
#7150 = CIRCLE('',#7151,2.25);
#7151 = AXIS2_PLACEMENT_3D('',#7152,#7153,#7154);
#7152 = CARTESIAN_POINT('',(18.,102.,118.));
#7153 = DIRECTION('',(0.,0.,1.));
#7154 = DIRECTION('',(1.,0.,0.));
#7155 = PLANE('',#7156);
#7156 = AXIS2_PLACEMENT_3D('',#7157,#7158,#7159);
#7157 = CARTESIAN_POINT('',(-56.,-48.,118.));
#7158 = DIRECTION('',(0.,0.,1.));
#7159 = DIRECTION('',(1.,0.,0.));
#7160 = ADVANCED_FACE('',(#7161),#7179,.T.);
#7161 = FACE_BOUND('',#7162,.T.);
#7162 = EDGE_LOOP('',(#7163,#7171,#7172,#7173));
#7163 = ORIENTED_EDGE('',*,*,#7164,.F.);
#7164 = EDGE_CURVE('',#6947,#7165,#7167,.T.);
#7165 = VERTEX_POINT('',#7166);
#7166 = CARTESIAN_POINT('',(56.,117.,110.));
#7167 = LINE('',#7168,#7169);
#7168 = CARTESIAN_POINT('',(-56.,117.,110.));
#7169 = VECTOR('',#7170,1.);
#7170 = DIRECTION('',(1.,0.,0.));
#7171 = ORIENTED_EDGE('',*,*,#6954,.T.);
#7172 = ORIENTED_EDGE('',*,*,#7017,.T.);
#7173 = ORIENTED_EDGE('',*,*,#7174,.F.);
#7174 = EDGE_CURVE('',#7165,#7010,#7175,.T.);
#7175 = LINE('',#7176,#7177);
#7176 = CARTESIAN_POINT('',(56.,117.,110.));
#7177 = VECTOR('',#7178,1.);
#7178 = DIRECTION('',(0.,0.,1.));
#7179 = PLANE('',#7180);
#7180 = AXIS2_PLACEMENT_3D('',#7181,#7182,#7183);
#7181 = CARTESIAN_POINT('',(-56.,117.,110.));
#7182 = DIRECTION('',(0.,1.,0.));
#7183 = DIRECTION('',(0.,0.,1.));
#7184 = ADVANCED_FACE('',(#7185,#7196,#7207,#7218,#7229,#7240,#7251,
    #7262,#7273,#7284,#7318),#7329,.F.);
#7185 = FACE_BOUND('',#7186,.F.);
#7186 = EDGE_LOOP('',(#7187,#7188,#7189,#7195));
#7187 = ORIENTED_EDGE('',*,*,#6946,.F.);
#7188 = ORIENTED_EDGE('',*,*,#6976,.T.);
#7189 = ORIENTED_EDGE('',*,*,#7190,.T.);
#7190 = EDGE_CURVE('',#6977,#7165,#7191,.T.);
#7191 = LINE('',#7192,#7193);
#7192 = CARTESIAN_POINT('',(56.,-48.,110.));
#7193 = VECTOR('',#7194,1.);
#7194 = DIRECTION('',(0.,1.,0.));
#7195 = ORIENTED_EDGE('',*,*,#7164,.F.);
#7196 = FACE_BOUND('',#7197,.F.);
#7197 = EDGE_LOOP('',(#7198));
#7198 = ORIENTED_EDGE('',*,*,#7199,.F.);
#7199 = EDGE_CURVE('',#7200,#7200,#7202,.T.);
#7200 = VERTEX_POINT('',#7201);
#7201 = CARTESIAN_POINT('',(-31.75,-10.,110.));
#7202 = CIRCLE('',#7203,2.25);
#7203 = AXIS2_PLACEMENT_3D('',#7204,#7205,#7206);
#7204 = CARTESIAN_POINT('',(-34.,-10.,110.));
#7205 = DIRECTION('',(0.,0.,1.));
#7206 = DIRECTION('',(1.,0.,0.));
#7207 = FACE_BOUND('',#7208,.F.);
#7208 = EDGE_LOOP('',(#7209));
#7209 = ORIENTED_EDGE('',*,*,#7210,.F.);
#7210 = EDGE_CURVE('',#7211,#7211,#7213,.T.);
#7211 = VERTEX_POINT('',#7212);
#7212 = CARTESIAN_POINT('',(-15.42766952966,-17.67766952966,110.));
#7213 = CIRCLE('',#7214,2.25);
#7214 = AXIS2_PLACEMENT_3D('',#7215,#7216,#7217);
#7215 = CARTESIAN_POINT('',(-17.67766952966,-17.67766952966,110.));
#7216 = DIRECTION('',(0.,0.,1.));
#7217 = DIRECTION('',(1.,0.,0.));
#7218 = FACE_BOUND('',#7219,.F.);
#7219 = EDGE_LOOP('',(#7220));
#7220 = ORIENTED_EDGE('',*,*,#7221,.F.);
#7221 = EDGE_CURVE('',#7222,#7222,#7224,.T.);
#7222 = VERTEX_POINT('',#7223);
#7223 = CARTESIAN_POINT('',(-15.42766952966,17.677669529664,110.));
#7224 = CIRCLE('',#7225,2.25);
#7225 = AXIS2_PLACEMENT_3D('',#7226,#7227,#7228);
#7226 = CARTESIAN_POINT('',(-17.67766952966,17.677669529664,110.));
#7227 = DIRECTION('',(0.,0.,1.));
#7228 = DIRECTION('',(1.,0.,0.));
#7229 = FACE_BOUND('',#7230,.F.);
#7230 = EDGE_LOOP('',(#7231));
#7231 = ORIENTED_EDGE('',*,*,#7232,.F.);
#7232 = EDGE_CURVE('',#7233,#7233,#7235,.T.);
#7233 = VERTEX_POINT('',#7234);
#7234 = CARTESIAN_POINT('',(19.927669529664,-17.67766952966,110.));
#7235 = CIRCLE('',#7236,2.25);
#7236 = AXIS2_PLACEMENT_3D('',#7237,#7238,#7239);
#7237 = CARTESIAN_POINT('',(17.677669529664,-17.67766952966,110.));
#7238 = DIRECTION('',(0.,0.,1.));
#7239 = DIRECTION('',(1.,0.,0.));
#7240 = FACE_BOUND('',#7241,.F.);
#7241 = EDGE_LOOP('',(#7242));
#7242 = ORIENTED_EDGE('',*,*,#7243,.F.);
#7243 = EDGE_CURVE('',#7244,#7244,#7246,.T.);
#7244 = VERTEX_POINT('',#7245);
#7245 = CARTESIAN_POINT('',(8.2,-2.008420750602E-15,110.));
#7246 = CIRCLE('',#7247,8.2);
#7247 = AXIS2_PLACEMENT_3D('',#7248,#7249,#7250);
#7248 = CARTESIAN_POINT('',(0.,0.,110.));
#7249 = DIRECTION('',(0.,0.,1.));
#7250 = DIRECTION('',(1.,0.,0.));
#7251 = FACE_BOUND('',#7252,.F.);
#7252 = EDGE_LOOP('',(#7253));
#7253 = ORIENTED_EDGE('',*,*,#7254,.F.);
#7254 = EDGE_CURVE('',#7255,#7255,#7257,.T.);
#7255 = VERTEX_POINT('',#7256);
#7256 = CARTESIAN_POINT('',(36.25,-10.,110.));
#7257 = CIRCLE('',#7258,2.25);
#7258 = AXIS2_PLACEMENT_3D('',#7259,#7260,#7261);
#7259 = CARTESIAN_POINT('',(34.,-10.,110.));
#7260 = DIRECTION('',(0.,0.,1.));
#7261 = DIRECTION('',(1.,0.,0.));
#7262 = FACE_BOUND('',#7263,.F.);
#7263 = EDGE_LOOP('',(#7264));
#7264 = ORIENTED_EDGE('',*,*,#7265,.F.);
#7265 = EDGE_CURVE('',#7266,#7266,#7268,.T.);
#7266 = VERTEX_POINT('',#7267);
#7267 = CARTESIAN_POINT('',(19.927669529664,17.677669529664,110.));
#7268 = CIRCLE('',#7269,2.25);
#7269 = AXIS2_PLACEMENT_3D('',#7270,#7271,#7272);
#7270 = CARTESIAN_POINT('',(17.677669529664,17.677669529664,110.));
#7271 = DIRECTION('',(0.,0.,1.));
#7272 = DIRECTION('',(1.,0.,0.));
#7273 = FACE_BOUND('',#7274,.F.);
#7274 = EDGE_LOOP('',(#7275));
#7275 = ORIENTED_EDGE('',*,*,#7276,.F.);
#7276 = EDGE_CURVE('',#7277,#7277,#7279,.T.);
#7277 = VERTEX_POINT('',#7278);
#7278 = CARTESIAN_POINT('',(-15.75,102.,110.));
#7279 = CIRCLE('',#7280,2.25);
#7280 = AXIS2_PLACEMENT_3D('',#7281,#7282,#7283);
#7281 = CARTESIAN_POINT('',(-18.,102.,110.));
#7282 = DIRECTION('',(0.,0.,1.));
#7283 = DIRECTION('',(1.,0.,0.));
#7284 = FACE_BOUND('',#7285,.F.);
#7285 = EDGE_LOOP('',(#7286,#7296,#7304,#7312));
#7286 = ORIENTED_EDGE('',*,*,#7287,.F.);
#7287 = EDGE_CURVE('',#7288,#7290,#7292,.T.);
#7288 = VERTEX_POINT('',#7289);
#7289 = CARTESIAN_POINT('',(-32.,30.,110.));
#7290 = VERTEX_POINT('',#7291);
#7291 = CARTESIAN_POINT('',(32.,30.,110.));
#7292 = LINE('',#7293,#7294);
#7293 = CARTESIAN_POINT('',(-32.,30.,110.));
#7294 = VECTOR('',#7295,1.);
#7295 = DIRECTION('',(1.,0.,0.));
#7296 = ORIENTED_EDGE('',*,*,#7297,.T.);
#7297 = EDGE_CURVE('',#7288,#7298,#7300,.T.);
#7298 = VERTEX_POINT('',#7299);
#7299 = CARTESIAN_POINT('',(-32.,85.,110.));
#7300 = LINE('',#7301,#7302);
#7301 = CARTESIAN_POINT('',(-32.,30.,110.));
#7302 = VECTOR('',#7303,1.);
#7303 = DIRECTION('',(0.,1.,0.));
#7304 = ORIENTED_EDGE('',*,*,#7305,.T.);
#7305 = EDGE_CURVE('',#7298,#7306,#7308,.T.);
#7306 = VERTEX_POINT('',#7307);
#7307 = CARTESIAN_POINT('',(32.,85.,110.));
#7308 = LINE('',#7309,#7310);
#7309 = CARTESIAN_POINT('',(-32.,85.,110.));
#7310 = VECTOR('',#7311,1.);
#7311 = DIRECTION('',(1.,0.,0.));
#7312 = ORIENTED_EDGE('',*,*,#7313,.F.);
#7313 = EDGE_CURVE('',#7290,#7306,#7314,.T.);
#7314 = LINE('',#7315,#7316);
#7315 = CARTESIAN_POINT('',(32.,30.,110.));
#7316 = VECTOR('',#7317,1.);
#7317 = DIRECTION('',(0.,1.,0.));
#7318 = FACE_BOUND('',#7319,.F.);
#7319 = EDGE_LOOP('',(#7320));
#7320 = ORIENTED_EDGE('',*,*,#7321,.F.);
#7321 = EDGE_CURVE('',#7322,#7322,#7324,.T.);
#7322 = VERTEX_POINT('',#7323);
#7323 = CARTESIAN_POINT('',(20.25,102.,110.));
#7324 = CIRCLE('',#7325,2.25);
#7325 = AXIS2_PLACEMENT_3D('',#7326,#7327,#7328);
#7326 = CARTESIAN_POINT('',(18.,102.,110.));
#7327 = DIRECTION('',(0.,0.,1.));
#7328 = DIRECTION('',(1.,0.,0.));
#7329 = PLANE('',#7330);
#7330 = AXIS2_PLACEMENT_3D('',#7331,#7332,#7333);
#7331 = CARTESIAN_POINT('',(-56.,-48.,110.));
#7332 = DIRECTION('',(0.,0.,1.));
#7333 = DIRECTION('',(1.,0.,0.));
#7334 = ADVANCED_FACE('',(#7335),#7341,.T.);
#7335 = FACE_BOUND('',#7336,.T.);
#7336 = EDGE_LOOP('',(#7337,#7338,#7339,#7340));
#7337 = ORIENTED_EDGE('',*,*,#6993,.F.);
#7338 = ORIENTED_EDGE('',*,*,#7190,.T.);
#7339 = ORIENTED_EDGE('',*,*,#7174,.T.);
#7340 = ORIENTED_EDGE('',*,*,#7009,.F.);
#7341 = PLANE('',#7342);
#7342 = AXIS2_PLACEMENT_3D('',#7343,#7344,#7345);
#7343 = CARTESIAN_POINT('',(56.,-48.,110.));
#7344 = DIRECTION('',(1.,0.,0.));
#7345 = DIRECTION('',(0.,0.,1.));
#7346 = ADVANCED_FACE('',(#7347),#7358,.F.);
#7347 = FACE_BOUND('',#7348,.F.);
#7348 = EDGE_LOOP('',(#7349,#7350,#7356,#7357));
#7349 = ORIENTED_EDGE('',*,*,#7025,.F.);
#7350 = ORIENTED_EDGE('',*,*,#7351,.F.);
#7351 = EDGE_CURVE('',#7200,#7026,#7352,.T.);
#7352 = LINE('',#7353,#7354);
#7353 = CARTESIAN_POINT('',(-31.75,-10.,110.));
#7354 = VECTOR('',#7355,1.);
#7355 = DIRECTION('',(0.,0.,1.));
#7356 = ORIENTED_EDGE('',*,*,#7199,.T.);
#7357 = ORIENTED_EDGE('',*,*,#7351,.T.);
#7358 = CYLINDRICAL_SURFACE('',#7359,2.25);
#7359 = AXIS2_PLACEMENT_3D('',#7360,#7361,#7362);
#7360 = CARTESIAN_POINT('',(-34.,-10.,110.));
#7361 = DIRECTION('',(0.,0.,1.));
#7362 = DIRECTION('',(1.,0.,0.));
#7363 = ADVANCED_FACE('',(#7364),#7375,.F.);
#7364 = FACE_BOUND('',#7365,.F.);
#7365 = EDGE_LOOP('',(#7366,#7367,#7373,#7374));
#7366 = ORIENTED_EDGE('',*,*,#7036,.F.);
#7367 = ORIENTED_EDGE('',*,*,#7368,.F.);
#7368 = EDGE_CURVE('',#7211,#7037,#7369,.T.);
#7369 = LINE('',#7370,#7371);
#7370 = CARTESIAN_POINT('',(-15.42766952966,-17.67766952966,110.));
#7371 = VECTOR('',#7372,1.);
#7372 = DIRECTION('',(0.,0.,1.));
#7373 = ORIENTED_EDGE('',*,*,#7210,.T.);
#7374 = ORIENTED_EDGE('',*,*,#7368,.T.);
#7375 = CYLINDRICAL_SURFACE('',#7376,2.25);
#7376 = AXIS2_PLACEMENT_3D('',#7377,#7378,#7379);
#7377 = CARTESIAN_POINT('',(-17.67766952966,-17.67766952966,110.));
#7378 = DIRECTION('',(0.,0.,1.));
#7379 = DIRECTION('',(1.,0.,0.));
#7380 = ADVANCED_FACE('',(#7381),#7392,.F.);
#7381 = FACE_BOUND('',#7382,.F.);
#7382 = EDGE_LOOP('',(#7383,#7384,#7390,#7391));
#7383 = ORIENTED_EDGE('',*,*,#7047,.F.);
#7384 = ORIENTED_EDGE('',*,*,#7385,.F.);
#7385 = EDGE_CURVE('',#7222,#7048,#7386,.T.);
#7386 = LINE('',#7387,#7388);
#7387 = CARTESIAN_POINT('',(-15.42766952966,17.677669529664,110.));
#7388 = VECTOR('',#7389,1.);
#7389 = DIRECTION('',(0.,0.,1.));
#7390 = ORIENTED_EDGE('',*,*,#7221,.T.);
#7391 = ORIENTED_EDGE('',*,*,#7385,.T.);
#7392 = CYLINDRICAL_SURFACE('',#7393,2.25);
#7393 = AXIS2_PLACEMENT_3D('',#7394,#7395,#7396);
#7394 = CARTESIAN_POINT('',(-17.67766952966,17.677669529664,110.));
#7395 = DIRECTION('',(0.,0.,1.));
#7396 = DIRECTION('',(1.,0.,0.));
#7397 = ADVANCED_FACE('',(#7398),#7409,.F.);
#7398 = FACE_BOUND('',#7399,.F.);
#7399 = EDGE_LOOP('',(#7400,#7401,#7407,#7408));
#7400 = ORIENTED_EDGE('',*,*,#7058,.F.);
#7401 = ORIENTED_EDGE('',*,*,#7402,.F.);
#7402 = EDGE_CURVE('',#7233,#7059,#7403,.T.);
#7403 = LINE('',#7404,#7405);
#7404 = CARTESIAN_POINT('',(19.927669529664,-17.67766952966,110.));
#7405 = VECTOR('',#7406,1.);
#7406 = DIRECTION('',(0.,0.,1.));
#7407 = ORIENTED_EDGE('',*,*,#7232,.T.);
#7408 = ORIENTED_EDGE('',*,*,#7402,.T.);
#7409 = CYLINDRICAL_SURFACE('',#7410,2.25);
#7410 = AXIS2_PLACEMENT_3D('',#7411,#7412,#7413);
#7411 = CARTESIAN_POINT('',(17.677669529664,-17.67766952966,110.));
#7412 = DIRECTION('',(0.,0.,1.));
#7413 = DIRECTION('',(1.,0.,0.));
#7414 = ADVANCED_FACE('',(#7415),#7426,.F.);
#7415 = FACE_BOUND('',#7416,.F.);
#7416 = EDGE_LOOP('',(#7417,#7418,#7424,#7425));
#7417 = ORIENTED_EDGE('',*,*,#7069,.F.);
#7418 = ORIENTED_EDGE('',*,*,#7419,.F.);
#7419 = EDGE_CURVE('',#7244,#7070,#7420,.T.);
#7420 = LINE('',#7421,#7422);
#7421 = CARTESIAN_POINT('',(8.2,-2.008420750602E-15,110.));
#7422 = VECTOR('',#7423,1.);
#7423 = DIRECTION('',(0.,0.,1.));
#7424 = ORIENTED_EDGE('',*,*,#7243,.T.);
#7425 = ORIENTED_EDGE('',*,*,#7419,.T.);
#7426 = CYLINDRICAL_SURFACE('',#7427,8.2);
#7427 = AXIS2_PLACEMENT_3D('',#7428,#7429,#7430);
#7428 = CARTESIAN_POINT('',(0.,0.,110.));
#7429 = DIRECTION('',(0.,0.,1.));
#7430 = DIRECTION('',(1.,0.,0.));
#7431 = ADVANCED_FACE('',(#7432),#7443,.F.);
#7432 = FACE_BOUND('',#7433,.F.);
#7433 = EDGE_LOOP('',(#7434,#7435,#7441,#7442));
#7434 = ORIENTED_EDGE('',*,*,#7080,.F.);
#7435 = ORIENTED_EDGE('',*,*,#7436,.F.);
#7436 = EDGE_CURVE('',#7255,#7081,#7437,.T.);
#7437 = LINE('',#7438,#7439);
#7438 = CARTESIAN_POINT('',(36.25,-10.,110.));
#7439 = VECTOR('',#7440,1.);
#7440 = DIRECTION('',(0.,0.,1.));
#7441 = ORIENTED_EDGE('',*,*,#7254,.T.);
#7442 = ORIENTED_EDGE('',*,*,#7436,.T.);
#7443 = CYLINDRICAL_SURFACE('',#7444,2.25);
#7444 = AXIS2_PLACEMENT_3D('',#7445,#7446,#7447);
#7445 = CARTESIAN_POINT('',(34.,-10.,110.));
#7446 = DIRECTION('',(0.,0.,1.));
#7447 = DIRECTION('',(1.,0.,0.));
#7448 = ADVANCED_FACE('',(#7449),#7460,.F.);
#7449 = FACE_BOUND('',#7450,.F.);
#7450 = EDGE_LOOP('',(#7451,#7452,#7458,#7459));
#7451 = ORIENTED_EDGE('',*,*,#7091,.F.);
#7452 = ORIENTED_EDGE('',*,*,#7453,.F.);
#7453 = EDGE_CURVE('',#7266,#7092,#7454,.T.);
#7454 = LINE('',#7455,#7456);
#7455 = CARTESIAN_POINT('',(19.927669529664,17.677669529664,110.));
#7456 = VECTOR('',#7457,1.);
#7457 = DIRECTION('',(0.,0.,1.));
#7458 = ORIENTED_EDGE('',*,*,#7265,.T.);
#7459 = ORIENTED_EDGE('',*,*,#7453,.T.);
#7460 = CYLINDRICAL_SURFACE('',#7461,2.25);
#7461 = AXIS2_PLACEMENT_3D('',#7462,#7463,#7464);
#7462 = CARTESIAN_POINT('',(17.677669529664,17.677669529664,110.));
#7463 = DIRECTION('',(0.,0.,1.));
#7464 = DIRECTION('',(1.,0.,0.));
#7465 = ADVANCED_FACE('',(#7466),#7477,.F.);
#7466 = FACE_BOUND('',#7467,.F.);
#7467 = EDGE_LOOP('',(#7468,#7469,#7475,#7476));
#7468 = ORIENTED_EDGE('',*,*,#7102,.F.);
#7469 = ORIENTED_EDGE('',*,*,#7470,.F.);
#7470 = EDGE_CURVE('',#7277,#7103,#7471,.T.);
#7471 = LINE('',#7472,#7473);
#7472 = CARTESIAN_POINT('',(-15.75,102.,110.));
#7473 = VECTOR('',#7474,1.);
#7474 = DIRECTION('',(0.,0.,1.));
#7475 = ORIENTED_EDGE('',*,*,#7276,.T.);
#7476 = ORIENTED_EDGE('',*,*,#7470,.T.);
#7477 = CYLINDRICAL_SURFACE('',#7478,2.25);
#7478 = AXIS2_PLACEMENT_3D('',#7479,#7480,#7481);
#7479 = CARTESIAN_POINT('',(-18.,102.,110.));
#7480 = DIRECTION('',(0.,0.,1.));
#7481 = DIRECTION('',(1.,0.,0.));
#7482 = ADVANCED_FACE('',(#7483),#7499,.T.);
#7483 = FACE_BOUND('',#7484,.T.);
#7484 = EDGE_LOOP('',(#7485,#7486,#7492,#7493));
#7485 = ORIENTED_EDGE('',*,*,#7287,.F.);
#7486 = ORIENTED_EDGE('',*,*,#7487,.T.);
#7487 = EDGE_CURVE('',#7288,#7114,#7488,.T.);
#7488 = LINE('',#7489,#7490);
#7489 = CARTESIAN_POINT('',(-32.,30.,110.));
#7490 = VECTOR('',#7491,1.);
#7491 = DIRECTION('',(0.,0.,1.));
#7492 = ORIENTED_EDGE('',*,*,#7113,.T.);
#7493 = ORIENTED_EDGE('',*,*,#7494,.F.);
#7494 = EDGE_CURVE('',#7290,#7116,#7495,.T.);
#7495 = LINE('',#7496,#7497);
#7496 = CARTESIAN_POINT('',(32.,30.,110.));
#7497 = VECTOR('',#7498,1.);
#7498 = DIRECTION('',(0.,0.,1.));
#7499 = PLANE('',#7500);
#7500 = AXIS2_PLACEMENT_3D('',#7501,#7502,#7503);
#7501 = CARTESIAN_POINT('',(-32.,30.,110.));
#7502 = DIRECTION('',(0.,1.,0.));
#7503 = DIRECTION('',(0.,0.,1.));
#7504 = ADVANCED_FACE('',(#7505),#7516,.T.);
#7505 = FACE_BOUND('',#7506,.T.);
#7506 = EDGE_LOOP('',(#7507,#7508,#7509,#7515));
#7507 = ORIENTED_EDGE('',*,*,#7487,.F.);
#7508 = ORIENTED_EDGE('',*,*,#7297,.T.);
#7509 = ORIENTED_EDGE('',*,*,#7510,.T.);
#7510 = EDGE_CURVE('',#7298,#7124,#7511,.T.);
#7511 = LINE('',#7512,#7513);
#7512 = CARTESIAN_POINT('',(-32.,85.,110.));
#7513 = VECTOR('',#7514,1.);
#7514 = DIRECTION('',(0.,0.,1.));
#7515 = ORIENTED_EDGE('',*,*,#7123,.F.);
#7516 = PLANE('',#7517);
#7517 = AXIS2_PLACEMENT_3D('',#7518,#7519,#7520);
#7518 = CARTESIAN_POINT('',(-32.,30.,110.));
#7519 = DIRECTION('',(1.,0.,0.));
#7520 = DIRECTION('',(0.,0.,1.));
#7521 = ADVANCED_FACE('',(#7522),#7533,.F.);
#7522 = FACE_BOUND('',#7523,.F.);
#7523 = EDGE_LOOP('',(#7524,#7525,#7526,#7532));
#7524 = ORIENTED_EDGE('',*,*,#7494,.F.);
#7525 = ORIENTED_EDGE('',*,*,#7313,.T.);
#7526 = ORIENTED_EDGE('',*,*,#7527,.T.);
#7527 = EDGE_CURVE('',#7306,#7132,#7528,.T.);
#7528 = LINE('',#7529,#7530);
#7529 = CARTESIAN_POINT('',(32.,85.,110.));
#7530 = VECTOR('',#7531,1.);
#7531 = DIRECTION('',(0.,0.,1.));
#7532 = ORIENTED_EDGE('',*,*,#7139,.F.);
#7533 = PLANE('',#7534);
#7534 = AXIS2_PLACEMENT_3D('',#7535,#7536,#7537);
#7535 = CARTESIAN_POINT('',(32.,30.,110.));
#7536 = DIRECTION('',(1.,0.,0.));
#7537 = DIRECTION('',(0.,0.,1.));
#7538 = ADVANCED_FACE('',(#7539),#7545,.F.);
#7539 = FACE_BOUND('',#7540,.F.);
#7540 = EDGE_LOOP('',(#7541,#7542,#7543,#7544));
#7541 = ORIENTED_EDGE('',*,*,#7305,.F.);
#7542 = ORIENTED_EDGE('',*,*,#7510,.T.);
#7543 = ORIENTED_EDGE('',*,*,#7131,.T.);
#7544 = ORIENTED_EDGE('',*,*,#7527,.F.);
#7545 = PLANE('',#7546);
#7546 = AXIS2_PLACEMENT_3D('',#7547,#7548,#7549);
#7547 = CARTESIAN_POINT('',(-32.,85.,110.));
#7548 = DIRECTION('',(0.,1.,0.));
#7549 = DIRECTION('',(0.,0.,1.));
#7550 = ADVANCED_FACE('',(#7551),#7562,.F.);
#7551 = FACE_BOUND('',#7552,.F.);
#7552 = EDGE_LOOP('',(#7553,#7554,#7560,#7561));
#7553 = ORIENTED_EDGE('',*,*,#7147,.F.);
#7554 = ORIENTED_EDGE('',*,*,#7555,.F.);
#7555 = EDGE_CURVE('',#7322,#7148,#7556,.T.);
#7556 = LINE('',#7557,#7558);
#7557 = CARTESIAN_POINT('',(20.25,102.,110.));
#7558 = VECTOR('',#7559,1.);
#7559 = DIRECTION('',(0.,0.,1.));
#7560 = ORIENTED_EDGE('',*,*,#7321,.T.);
#7561 = ORIENTED_EDGE('',*,*,#7555,.T.);
#7562 = CYLINDRICAL_SURFACE('',#7563,2.25);
#7563 = AXIS2_PLACEMENT_3D('',#7564,#7565,#7566);
#7564 = CARTESIAN_POINT('',(18.,102.,110.));
#7565 = DIRECTION('',(0.,0.,1.));
#7566 = DIRECTION('',(1.,0.,0.));
#7567 = ( GEOMETRIC_REPRESENTATION_CONTEXT(3) 
GLOBAL_UNCERTAINTY_ASSIGNED_CONTEXT((#7571)) 
GLOBAL_UNIT_ASSIGNED_CONTEXT((#7568,#7569,#7570)) REPRESENTATION_CONTEXT
('Context #1','3D Context with UNIT and UNCERTAINTY') );
#7568 = ( LENGTH_UNIT() NAMED_UNIT(*) SI_UNIT(.MILLI.,.METRE.) );
#7569 = ( NAMED_UNIT(*) PLANE_ANGLE_UNIT() SI_UNIT($,.RADIAN.) );
#7570 = ( NAMED_UNIT(*) SI_UNIT($,.STERADIAN.) SOLID_ANGLE_UNIT() );
#7571 = UNCERTAINTY_MEASURE_WITH_UNIT(LENGTH_MEASURE(2.E-07),#7568,
  'distance_accuracy_value','confusion accuracy');
#7572 = PRODUCT_RELATED_PRODUCT_CATEGORY('part',$,(#7));
ENDSEC;
END-ISO-10303-21;
