ISO-10303-21;
HEADER;
FILE_DESCRIPTION(('FreeCAD Model'),'2;1');
FILE_NAME('Open CASCADE Shape Model','2026-09-14T17:04:47',('FreeCAD'),(
    'FreeCAD'),'Open CASCADE STEP processor 7.8','FreeCAD','Unknown');
FILE_SCHEMA(('AUTOMOTIVE_DESIGN { 1 0 10303 214 1 1 1 1 }'));
ENDSEC;
DATA;
#1 = APPLICATION_PROTOCOL_DEFINITION('international standard',
  'automotive_design',2000,#2);
#2 = APPLICATION_CONTEXT(
  'core data for automotive mechanical design processes');
#3 = SHAPE_DEFINITION_REPRESENTATION(#4,#10);
#4 = PRODUCT_DEFINITION_SHAPE('','',#5);
#5 = PRODUCT_DEFINITION('design','',#6,#9);
#6 = PRODUCT_DEFINITION_FORMATION('','',#7);
#7 = PRODUCT('Open CASCADE STEP translator 7.8 3',
  'Open CASCADE STEP translator 7.8 3','',(#8));
#8 = PRODUCT_CONTEXT('',#2,'mechanical');
#9 = PRODUCT_DEFINITION_CONTEXT('part definition',#2,'design');
#10 = SHAPE_REPRESENTATION('',(#11,#15,#1483,#1845,#2964,#3773,#3865,
    #4074,#4192),#4518);
#11 = AXIS2_PLACEMENT_3D('',#12,#13,#14);
#12 = CARTESIAN_POINT('',(0.,0.,0.));
#13 = DIRECTION('',(0.,0.,1.));
#14 = DIRECTION('',(1.,0.,-0.));
#15 = MANIFOLD_SOLID_BREP('',#16);
#16 = CLOSED_SHELL('',(#17,#59,#275,#307,#332,#357,#382,#407,#432,#457,
    #482,#507,#532,#557,#589,#614,#623,#1000,#1025,#1045,#1070,#1079,
    #1106,#1115,#1142,#1151,#1178,#1187,#1214,#1223,#1250,#1259,#1286,
    #1295,#1322,#1331,#1358,#1367,#1394,#1403,#1427,#1441,#1455,#1469));
#17 = ADVANCED_FACE('',(#18),#54,.T.);
#18 = FACE_BOUND('',#19,.T.);
#19 = EDGE_LOOP('',(#20,#30,#39,#47));
#20 = ORIENTED_EDGE('',*,*,#21,.T.);
#21 = EDGE_CURVE('',#22,#24,#26,.T.);
#22 = VERTEX_POINT('',#23);
#23 = CARTESIAN_POINT('',(32.332450513304,-28.,198.99638501938));
#24 = VERTEX_POINT('',#25);
#25 = CARTESIAN_POINT('',(32.332450513304,-3.,198.99638501938));
#26 = LINE('',#27,#28);
#27 = CARTESIAN_POINT('',(32.332450513305,-28.,198.99638501938));
#28 = VECTOR('',#29,1.);
#29 = DIRECTION('',(0.,1.,2.22044604925E-16));
#30 = ORIENTED_EDGE('',*,*,#31,.F.);
#31 = EDGE_CURVE('',#32,#24,#34,.T.);
#32 = VERTEX_POINT('',#33);
#33 = CARTESIAN_POINT('',(18.027972892638,-3.,212.88224738947));
#34 = CIRCLE('',#35,37.5);
#35 = AXIS2_PLACEMENT_3D('',#36,#37,#38);
#36 = CARTESIAN_POINT('',(0.,-3.,180.));
#37 = DIRECTION('',(0.,1.,2.22044604925E-16));
#38 = DIRECTION('',(1.,0.,-0.));
#39 = ORIENTED_EDGE('',*,*,#40,.F.);
#40 = EDGE_CURVE('',#41,#32,#43,.T.);
#41 = VERTEX_POINT('',#42);
#42 = CARTESIAN_POINT('',(18.027972892638,-28.,212.88224738947));
#43 = LINE('',#44,#45);
#44 = CARTESIAN_POINT('',(18.027972892638,-28.,212.88224738947));
#45 = VECTOR('',#46,1.);
#46 = DIRECTION('',(0.,1.,2.22044604925E-16));
#47 = ORIENTED_EDGE('',*,*,#48,.T.);
#48 = EDGE_CURVE('',#41,#22,#49,.T.);
#49 = CIRCLE('',#50,37.5);
#50 = AXIS2_PLACEMENT_3D('',#51,#52,#53);
#51 = CARTESIAN_POINT('',(0.,-28.,180.));
#52 = DIRECTION('',(0.,1.,2.22044604925E-16));
#53 = DIRECTION('',(1.,0.,-0.));
#54 = CYLINDRICAL_SURFACE('',#55,37.5);
#55 = AXIS2_PLACEMENT_3D('',#56,#57,#58);
#56 = CARTESIAN_POINT('',(0.,-28.,180.));
#57 = DIRECTION('',(0.,1.,2.22044604925E-16));
#58 = DIRECTION('',(1.,0.,-0.));
#59 = ADVANCED_FACE('',(#60,#259),#270,.T.);
#60 = FACE_BOUND('',#61,.T.);
#61 = EDGE_LOOP('',(#62,#73,#82,#89,#90,#99,#108,#117,#126,#135,#144,
    #153,#162,#171,#180,#189,#198,#207,#216,#225,#234,#243,#252));
#62 = ORIENTED_EDGE('',*,*,#63,.F.);
#63 = EDGE_CURVE('',#64,#66,#68,.T.);
#64 = VERTEX_POINT('',#65);
#65 = CARTESIAN_POINT('',(34.946528082726,-28.,193.6011093284));
#66 = VERTEX_POINT('',#67);
#67 = CARTESIAN_POINT('',(37.5,-28.,180.));
#68 = CIRCLE('',#69,37.5);
#69 = AXIS2_PLACEMENT_3D('',#70,#71,#72);
#70 = CARTESIAN_POINT('',(0.,-28.,180.));
#71 = DIRECTION('',(0.,1.,2.22044604925E-16));
#72 = DIRECTION('',(1.,0.,-0.));
#73 = ORIENTED_EDGE('',*,*,#74,.F.);
#74 = EDGE_CURVE('',#75,#64,#77,.T.);
#75 = VERTEX_POINT('',#76);
#76 = CARTESIAN_POINT('',(36.74748,-28.,196.35107));
#77 = CIRCLE('',#78,3.);
#78 = AXIS2_PLACEMENT_3D('',#79,#80,#81);
#79 = CARTESIAN_POINT('',(33.74748,-28.,196.35107));
#80 = DIRECTION('',(0.,1.,2.22044604925E-16));
#81 = DIRECTION('',(1.,0.,-0.));
#82 = ORIENTED_EDGE('',*,*,#83,.F.);
#83 = EDGE_CURVE('',#22,#75,#84,.T.);
#84 = CIRCLE('',#85,3.);
#85 = AXIS2_PLACEMENT_3D('',#86,#87,#88);
#86 = CARTESIAN_POINT('',(33.74748,-28.,196.35107));
#87 = DIRECTION('',(0.,1.,2.22044604925E-16));
#88 = DIRECTION('',(1.,0.,-0.));
#89 = ORIENTED_EDGE('',*,*,#48,.F.);
#90 = ORIENTED_EDGE('',*,*,#91,.F.);
#91 = EDGE_CURVE('',#92,#41,#94,.T.);
#92 = VERTEX_POINT('',#93);
#93 = CARTESIAN_POINT('',(18.34181,-28.,214.21811));
#94 = CIRCLE('',#95,3.);
#95 = AXIS2_PLACEMENT_3D('',#96,#97,#98);
#96 = CARTESIAN_POINT('',(15.34181,-28.,214.21811));
#97 = DIRECTION('',(0.,1.,2.22044604925E-16));
#98 = DIRECTION('',(1.,0.,-0.));
#99 = ORIENTED_EDGE('',*,*,#100,.F.);
#100 = EDGE_CURVE('',#101,#92,#103,.T.);
#101 = VERTEX_POINT('',#102);
#102 = CARTESIAN_POINT('',(12.557457506617,-28.,215.33497220841));
#103 = CIRCLE('',#104,3.);
#104 = AXIS2_PLACEMENT_3D('',#105,#106,#107);
#105 = CARTESIAN_POINT('',(15.34181,-28.,214.21811));
#106 = DIRECTION('',(0.,1.,2.22044604925E-16));
#107 = DIRECTION('',(1.,0.,-0.));
#108 = ORIENTED_EDGE('',*,*,#109,.F.);
#109 = EDGE_CURVE('',#110,#101,#112,.T.);
#110 = VERTEX_POINT('',#111);
#111 = CARTESIAN_POINT('',(-7.326073486491,-28.,216.77742034551));
#112 = CIRCLE('',#113,37.5);
#113 = AXIS2_PLACEMENT_3D('',#114,#115,#116);
#114 = CARTESIAN_POINT('',(0.,-28.,180.));
#115 = DIRECTION('',(0.,1.,2.22044604925E-16));
#116 = DIRECTION('',(1.,0.,-0.));
#117 = ORIENTED_EDGE('',*,*,#118,.F.);
#118 = EDGE_CURVE('',#119,#110,#121,.T.);
#119 = VERTEX_POINT('',#120);
#120 = CARTESIAN_POINT('',(-13.09331235007,-28.,215.1399369906));
#121 = CIRCLE('',#122,3.);
#122 = AXIS2_PLACEMENT_3D('',#123,#124,#125);
#123 = CARTESIAN_POINT('',(-10.24247,-28.,216.07412));
#124 = DIRECTION('',(0.,1.,2.22044604925E-16));
#125 = DIRECTION('',(1.,0.,-0.));
#126 = ORIENTED_EDGE('',*,*,#127,.F.);
#127 = EDGE_CURVE('',#128,#119,#130,.T.);
#128 = VERTEX_POINT('',#129);
#129 = CARTESIAN_POINT('',(-29.25216949265,-28.,203.46402736047));
#130 = CIRCLE('',#131,37.5);
#131 = AXIS2_PLACEMENT_3D('',#132,#133,#134);
#132 = CARTESIAN_POINT('',(0.,-28.,180.));
#133 = DIRECTION('',(0.,1.,2.22044604925E-16));
#134 = DIRECTION('',(1.,0.,-0.));
#135 = ORIENTED_EDGE('',*,*,#136,.F.);
#136 = EDGE_CURVE('',#137,#128,#139,.T.);
#137 = VERTEX_POINT('',#138);
#138 = CARTESIAN_POINT('',(-32.61757673986,-28.,198.50253192454));
#139 = CIRCLE('',#140,3.);
#140 = AXIS2_PLACEMENT_3D('',#141,#142,#143);
#141 = CARTESIAN_POINT('',(-31.03418,-28.,201.05064));
#142 = DIRECTION('',(0.,1.,2.22044604925E-16));
#143 = DIRECTION('',(1.,0.,-0.));
#144 = ORIENTED_EDGE('',*,*,#145,.F.);
#145 = EDGE_CURVE('',#146,#137,#148,.T.);
#146 = VERTEX_POINT('',#147);
#147 = CARTESIAN_POINT('',(-37.49084796024,-28.,179.17155614443));
#148 = CIRCLE('',#149,37.5);
#149 = AXIS2_PLACEMENT_3D('',#150,#151,#152);
#150 = CARTESIAN_POINT('',(0.,-28.,180.));
#151 = DIRECTION('',(0.,1.,2.22044604925E-16));
#152 = DIRECTION('',(1.,0.,-0.));
#153 = ORIENTED_EDGE('',*,*,#154,.F.);
#154 = EDGE_CURVE('',#155,#146,#157,.T.);
#155 = VERTEX_POINT('',#156);
#156 = CARTESIAN_POINT('',(-36.87971173968,-28.,173.20758791019));
#157 = CIRCLE('',#158,3.);
#158 = AXIS2_PLACEMENT_3D('',#159,#160,#161);
#159 = CARTESIAN_POINT('',(-37.30465,-28.,176.17734));
#160 = DIRECTION('',(0.,1.,2.22044604925E-16));
#161 = DIRECTION('',(1.,0.,-0.));
#162 = ORIENTED_EDGE('',*,*,#163,.F.);
#163 = EDGE_CURVE('',#164,#155,#166,.T.);
#164 = VERTEX_POINT('',#165);
#165 = CARTESIAN_POINT('',(-28.1871434879,-28.,155.26672399393));
#166 = CIRCLE('',#167,37.5);
#167 = AXIS2_PLACEMENT_3D('',#168,#169,#170);
#168 = CARTESIAN_POINT('',(0.,-28.,180.));
#169 = DIRECTION('',(0.,1.,2.22044604925E-16));
#170 = DIRECTION('',(1.,0.,-0.));
#171 = ORIENTED_EDGE('',*,*,#172,.F.);
#172 = EDGE_CURVE('',#173,#164,#175,.T.);
#173 = VERTEX_POINT('',#174);
#174 = CARTESIAN_POINT('',(-23.88542192311,-28.,151.09089037076));
#175 = CIRCLE('',#176,3.);
#176 = AXIS2_PLACEMENT_3D('',#177,#178,#179);
#177 = CARTESIAN_POINT('',(-26.11987,-28.,153.0927));
#178 = DIRECTION('',(0.,1.,2.22044604925E-16));
#179 = DIRECTION('',(1.,0.,-0.));
#180 = ORIENTED_EDGE('',*,*,#181,.F.);
#181 = EDGE_CURVE('',#182,#173,#184,.T.);
#182 = VERTEX_POINT('',#183);
#183 = CARTESIAN_POINT('',(-5.694359807589,-28.,142.93486454386));
#184 = CIRCLE('',#185,37.5);
#185 = AXIS2_PLACEMENT_3D('',#186,#187,#188);
#186 = CARTESIAN_POINT('',(0.,-28.,180.));
#187 = DIRECTION('',(0.,1.,2.22044604925E-16));
#188 = DIRECTION('',(1.,0.,-0.));
#189 = ORIENTED_EDGE('',*,*,#190,.F.);
#190 = EDGE_CURVE('',#191,#182,#193,.T.);
#191 = VERTEX_POINT('',#192);
#192 = CARTESIAN_POINT('',(0.285124750858,-28.,142.50108396398));
#193 = CIRCLE('',#194,3.);
#194 = AXIS2_PLACEMENT_3D('',#195,#196,#197);
#195 = CARTESIAN_POINT('',(-2.7133,-28.,142.59829));
#196 = DIRECTION('',(0.,1.,2.22044604925E-16));
#197 = DIRECTION('',(1.,0.,-0.));
#198 = ORIENTED_EDGE('',*,*,#199,.F.);
#199 = EDGE_CURVE('',#200,#191,#202,.T.);
#200 = VERTEX_POINT('',#201);
#201 = CARTESIAN_POINT('',(19.462877927993,-28.,147.94619550256));
#202 = CIRCLE('',#203,37.5);
#203 = AXIS2_PLACEMENT_3D('',#204,#205,#206);
#204 = CARTESIAN_POINT('',(0.,-28.,180.));
#205 = DIRECTION('',(0.,1.,2.22044604925E-16));
#206 = DIRECTION('',(1.,0.,-0.));
#207 = ORIENTED_EDGE('',*,*,#208,.F.);
#208 = EDGE_CURVE('',#209,#200,#211,.T.);
#209 = VERTEX_POINT('',#210);
#210 = CARTESIAN_POINT('',(24.96285,-28.,149.60455));
#211 = CIRCLE('',#212,3.);
#212 = AXIS2_PLACEMENT_3D('',#213,#214,#215);
#213 = CARTESIAN_POINT('',(21.96285,-28.,149.60455));
#214 = DIRECTION('',(0.,1.,2.22044604925E-16));
#215 = DIRECTION('',(1.,0.,-0.));
#216 = ORIENTED_EDGE('',*,*,#217,.F.);
#217 = EDGE_CURVE('',#218,#209,#220,.T.);
#218 = VERTEX_POINT('',#219);
#219 = CARTESIAN_POINT('',(24.322257336315,-28.,151.45743883135));
#220 = CIRCLE('',#221,3.);
#221 = AXIS2_PLACEMENT_3D('',#222,#223,#224);
#222 = CARTESIAN_POINT('',(21.96285,-28.,149.60455));
#223 = DIRECTION('',(0.,1.,2.22044604925E-16));
#224 = DIRECTION('',(1.,0.,-0.));
#225 = ORIENTED_EDGE('',*,*,#226,.F.);
#226 = EDGE_CURVE('',#227,#218,#229,.T.);
#227 = VERTEX_POINT('',#228);
#228 = CARTESIAN_POINT('',(35.513216439692,-28.,167.95585378253));
#229 = CIRCLE('',#230,37.5);
#230 = AXIS2_PLACEMENT_3D('',#231,#232,#233);
#231 = CARTESIAN_POINT('',(0.,-28.,180.));
#232 = DIRECTION('',(0.,1.,2.22044604925E-16));
#233 = DIRECTION('',(1.,0.,-0.));
#234 = ORIENTED_EDGE('',*,*,#235,.F.);
#235 = EDGE_CURVE('',#236,#227,#238,.T.);
#236 = VERTEX_POINT('',#237);
#237 = CARTESIAN_POINT('',(39.36233,-28.,170.83318));
#238 = CIRCLE('',#239,3.);
#239 = AXIS2_PLACEMENT_3D('',#240,#241,#242);
#240 = CARTESIAN_POINT('',(36.36233,-28.,170.83318));
#241 = DIRECTION('',(0.,1.,2.22044604925E-16));
#242 = DIRECTION('',(1.,0.,-0.));
#243 = ORIENTED_EDGE('',*,*,#244,.F.);
#244 = EDGE_CURVE('',#245,#236,#247,.T.);
#245 = VERTEX_POINT('',#246);
#246 = CARTESIAN_POINT('',(36.978734104537,-28.,173.76917148157));
#247 = CIRCLE('',#248,3.);
#248 = AXIS2_PLACEMENT_3D('',#249,#250,#251);
#249 = CARTESIAN_POINT('',(36.36233,-28.,170.83318));
#250 = DIRECTION('',(0.,1.,2.22044604925E-16));
#251 = DIRECTION('',(1.,0.,-0.));
#252 = ORIENTED_EDGE('',*,*,#253,.F.);
#253 = EDGE_CURVE('',#66,#245,#254,.T.);
#254 = CIRCLE('',#255,37.5);
#255 = AXIS2_PLACEMENT_3D('',#256,#257,#258);
#256 = CARTESIAN_POINT('',(0.,-28.,180.));
#257 = DIRECTION('',(0.,1.,2.22044604925E-16));
#258 = DIRECTION('',(1.,0.,-0.));
#259 = FACE_BOUND('',#260,.T.);
#260 = EDGE_LOOP('',(#261));
#261 = ORIENTED_EDGE('',*,*,#262,.T.);
#262 = EDGE_CURVE('',#263,#263,#265,.T.);
#263 = VERTEX_POINT('',#264);
#264 = CARTESIAN_POINT('',(31.5,-28.,180.));
#265 = CIRCLE('',#266,31.5);
#266 = AXIS2_PLACEMENT_3D('',#267,#268,#269);
#267 = CARTESIAN_POINT('',(0.,-28.,180.));
#268 = DIRECTION('',(0.,1.,2.22044604925E-16));
#269 = DIRECTION('',(1.,0.,-0.));
#270 = PLANE('',#271);
#271 = AXIS2_PLACEMENT_3D('',#272,#273,#274);
#272 = CARTESIAN_POINT('',(0.140757833258,-28.,180.00467912878));
#273 = DIRECTION('',(0.,-1.,-2.22044604925E-16));
#274 = DIRECTION('',(-1.,0.,0.));
#275 = ADVANCED_FACE('',(#276),#302,.T.);
#276 = FACE_BOUND('',#277,.T.);
#277 = EDGE_LOOP('',(#278,#286,#295,#301));
#278 = ORIENTED_EDGE('',*,*,#279,.T.);
#279 = EDGE_CURVE('',#101,#280,#282,.T.);
#280 = VERTEX_POINT('',#281);
#281 = CARTESIAN_POINT('',(12.557457506617,-3.,215.33497220841));
#282 = LINE('',#283,#284);
#283 = CARTESIAN_POINT('',(12.557457506616,-28.,215.33497220841));
#284 = VECTOR('',#285,1.);
#285 = DIRECTION('',(0.,1.,2.22044604925E-16));
#286 = ORIENTED_EDGE('',*,*,#287,.F.);
#287 = EDGE_CURVE('',#288,#280,#290,.T.);
#288 = VERTEX_POINT('',#289);
#289 = CARTESIAN_POINT('',(-7.326073486491,-3.,216.77742034551));
#290 = CIRCLE('',#291,37.5);
#291 = AXIS2_PLACEMENT_3D('',#292,#293,#294);
#292 = CARTESIAN_POINT('',(0.,-3.,180.));
#293 = DIRECTION('',(0.,1.,2.22044604925E-16));
#294 = DIRECTION('',(1.,0.,-0.));
#295 = ORIENTED_EDGE('',*,*,#296,.F.);
#296 = EDGE_CURVE('',#110,#288,#297,.T.);
#297 = LINE('',#298,#299);
#298 = CARTESIAN_POINT('',(-7.326073486492,-28.,216.77742034551));
#299 = VECTOR('',#300,1.);
#300 = DIRECTION('',(0.,1.,2.22044604925E-16));
#301 = ORIENTED_EDGE('',*,*,#109,.T.);
#302 = CYLINDRICAL_SURFACE('',#303,37.5);
#303 = AXIS2_PLACEMENT_3D('',#304,#305,#306);
#304 = CARTESIAN_POINT('',(0.,-28.,180.));
#305 = DIRECTION('',(0.,1.,2.22044604925E-16));
#306 = DIRECTION('',(1.,0.,-0.));
#307 = ADVANCED_FACE('',(#308),#327,.T.);
#308 = FACE_BOUND('',#309,.T.);
#309 = EDGE_LOOP('',(#310,#319,#325,#326));
#310 = ORIENTED_EDGE('',*,*,#311,.F.);
#311 = EDGE_CURVE('',#312,#288,#314,.T.);
#312 = VERTEX_POINT('',#313);
#313 = CARTESIAN_POINT('',(-13.09331235007,-3.,215.1399369906));
#314 = CIRCLE('',#315,3.);
#315 = AXIS2_PLACEMENT_3D('',#316,#317,#318);
#316 = CARTESIAN_POINT('',(-10.24247,-3.,216.07412));
#317 = DIRECTION('',(0.,1.,2.22044604925E-16));
#318 = DIRECTION('',(1.,0.,-0.));
#319 = ORIENTED_EDGE('',*,*,#320,.F.);
#320 = EDGE_CURVE('',#119,#312,#321,.T.);
#321 = LINE('',#322,#323);
#322 = CARTESIAN_POINT('',(-13.09331235007,-28.,215.1399369906));
#323 = VECTOR('',#324,1.);
#324 = DIRECTION('',(0.,1.,2.22044604925E-16));
#325 = ORIENTED_EDGE('',*,*,#118,.T.);
#326 = ORIENTED_EDGE('',*,*,#296,.T.);
#327 = CYLINDRICAL_SURFACE('',#328,3.);
#328 = AXIS2_PLACEMENT_3D('',#329,#330,#331);
#329 = CARTESIAN_POINT('',(-10.24247,-28.,216.07412));
#330 = DIRECTION('',(0.,1.,2.22044604925E-16));
#331 = DIRECTION('',(1.,0.,-0.));
#332 = ADVANCED_FACE('',(#333),#352,.T.);
#333 = FACE_BOUND('',#334,.T.);
#334 = EDGE_LOOP('',(#335,#336,#345,#351));
#335 = ORIENTED_EDGE('',*,*,#320,.T.);
#336 = ORIENTED_EDGE('',*,*,#337,.F.);
#337 = EDGE_CURVE('',#338,#312,#340,.T.);
#338 = VERTEX_POINT('',#339);
#339 = CARTESIAN_POINT('',(-29.25216949265,-3.,203.46402736047));
#340 = CIRCLE('',#341,37.5);
#341 = AXIS2_PLACEMENT_3D('',#342,#343,#344);
#342 = CARTESIAN_POINT('',(0.,-3.,180.));
#343 = DIRECTION('',(0.,1.,2.22044604925E-16));
#344 = DIRECTION('',(1.,0.,-0.));
#345 = ORIENTED_EDGE('',*,*,#346,.F.);
#346 = EDGE_CURVE('',#128,#338,#347,.T.);
#347 = LINE('',#348,#349);
#348 = CARTESIAN_POINT('',(-29.25216949265,-28.,203.46402736047));
#349 = VECTOR('',#350,1.);
#350 = DIRECTION('',(0.,1.,2.22044604925E-16));
#351 = ORIENTED_EDGE('',*,*,#127,.T.);
#352 = CYLINDRICAL_SURFACE('',#353,37.5);
#353 = AXIS2_PLACEMENT_3D('',#354,#355,#356);
#354 = CARTESIAN_POINT('',(0.,-28.,180.));
#355 = DIRECTION('',(0.,1.,2.22044604925E-16));
#356 = DIRECTION('',(1.,0.,-0.));
#357 = ADVANCED_FACE('',(#358),#377,.T.);
#358 = FACE_BOUND('',#359,.T.);
#359 = EDGE_LOOP('',(#360,#369,#375,#376));
#360 = ORIENTED_EDGE('',*,*,#361,.F.);
#361 = EDGE_CURVE('',#362,#338,#364,.T.);
#362 = VERTEX_POINT('',#363);
#363 = CARTESIAN_POINT('',(-32.61757673986,-3.,198.50253192454));
#364 = CIRCLE('',#365,3.);
#365 = AXIS2_PLACEMENT_3D('',#366,#367,#368);
#366 = CARTESIAN_POINT('',(-31.03418,-3.,201.05064));
#367 = DIRECTION('',(0.,1.,2.22044604925E-16));
#368 = DIRECTION('',(1.,0.,-0.));
#369 = ORIENTED_EDGE('',*,*,#370,.F.);
#370 = EDGE_CURVE('',#137,#362,#371,.T.);
#371 = LINE('',#372,#373);
#372 = CARTESIAN_POINT('',(-32.61757673986,-28.,198.50253192454));
#373 = VECTOR('',#374,1.);
#374 = DIRECTION('',(0.,1.,2.22044604925E-16));
#375 = ORIENTED_EDGE('',*,*,#136,.T.);
#376 = ORIENTED_EDGE('',*,*,#346,.T.);
#377 = CYLINDRICAL_SURFACE('',#378,3.);
#378 = AXIS2_PLACEMENT_3D('',#379,#380,#381);
#379 = CARTESIAN_POINT('',(-31.03418,-28.,201.05064));
#380 = DIRECTION('',(0.,1.,2.22044604925E-16));
#381 = DIRECTION('',(1.,0.,-0.));
#382 = ADVANCED_FACE('',(#383),#402,.T.);
#383 = FACE_BOUND('',#384,.T.);
#384 = EDGE_LOOP('',(#385,#386,#395,#401));
#385 = ORIENTED_EDGE('',*,*,#370,.T.);
#386 = ORIENTED_EDGE('',*,*,#387,.F.);
#387 = EDGE_CURVE('',#388,#362,#390,.T.);
#388 = VERTEX_POINT('',#389);
#389 = CARTESIAN_POINT('',(-37.49084796024,-3.,179.17155614443));
#390 = CIRCLE('',#391,37.5);
#391 = AXIS2_PLACEMENT_3D('',#392,#393,#394);
#392 = CARTESIAN_POINT('',(0.,-3.,180.));
#393 = DIRECTION('',(0.,1.,2.22044604925E-16));
#394 = DIRECTION('',(1.,0.,-0.));
#395 = ORIENTED_EDGE('',*,*,#396,.F.);
#396 = EDGE_CURVE('',#146,#388,#397,.T.);
#397 = LINE('',#398,#399);
#398 = CARTESIAN_POINT('',(-37.49084796024,-28.,179.17155614443));
#399 = VECTOR('',#400,1.);
#400 = DIRECTION('',(0.,1.,2.22044604925E-16));
#401 = ORIENTED_EDGE('',*,*,#145,.T.);
#402 = CYLINDRICAL_SURFACE('',#403,37.5);
#403 = AXIS2_PLACEMENT_3D('',#404,#405,#406);
#404 = CARTESIAN_POINT('',(0.,-28.,180.));
#405 = DIRECTION('',(0.,1.,2.22044604925E-16));
#406 = DIRECTION('',(1.,0.,-0.));
#407 = ADVANCED_FACE('',(#408),#427,.T.);
#408 = FACE_BOUND('',#409,.T.);
#409 = EDGE_LOOP('',(#410,#419,#425,#426));
#410 = ORIENTED_EDGE('',*,*,#411,.F.);
#411 = EDGE_CURVE('',#412,#388,#414,.T.);
#412 = VERTEX_POINT('',#413);
#413 = CARTESIAN_POINT('',(-36.87971173968,-3.,173.20758791019));
#414 = CIRCLE('',#415,3.);
#415 = AXIS2_PLACEMENT_3D('',#416,#417,#418);
#416 = CARTESIAN_POINT('',(-37.30465,-3.,176.17734));
#417 = DIRECTION('',(0.,1.,2.22044604925E-16));
#418 = DIRECTION('',(1.,0.,-0.));
#419 = ORIENTED_EDGE('',*,*,#420,.F.);
#420 = EDGE_CURVE('',#155,#412,#421,.T.);
#421 = LINE('',#422,#423);
#422 = CARTESIAN_POINT('',(-36.87971173968,-28.,173.20758791019));
#423 = VECTOR('',#424,1.);
#424 = DIRECTION('',(0.,1.,2.22044604925E-16));
#425 = ORIENTED_EDGE('',*,*,#154,.T.);
#426 = ORIENTED_EDGE('',*,*,#396,.T.);
#427 = CYLINDRICAL_SURFACE('',#428,3.);
#428 = AXIS2_PLACEMENT_3D('',#429,#430,#431);
#429 = CARTESIAN_POINT('',(-37.30465,-28.,176.17734));
#430 = DIRECTION('',(0.,1.,2.22044604925E-16));
#431 = DIRECTION('',(1.,0.,-0.));
#432 = ADVANCED_FACE('',(#433),#452,.T.);
#433 = FACE_BOUND('',#434,.T.);
#434 = EDGE_LOOP('',(#435,#444,#450,#451));
#435 = ORIENTED_EDGE('',*,*,#436,.F.);
#436 = EDGE_CURVE('',#437,#412,#439,.T.);
#437 = VERTEX_POINT('',#438);
#438 = CARTESIAN_POINT('',(-28.1871434879,-3.,155.26672399393));
#439 = CIRCLE('',#440,37.5);
#440 = AXIS2_PLACEMENT_3D('',#441,#442,#443);
#441 = CARTESIAN_POINT('',(0.,-3.,180.));
#442 = DIRECTION('',(0.,1.,2.22044604925E-16));
#443 = DIRECTION('',(1.,0.,-0.));
#444 = ORIENTED_EDGE('',*,*,#445,.F.);
#445 = EDGE_CURVE('',#164,#437,#446,.T.);
#446 = LINE('',#447,#448);
#447 = CARTESIAN_POINT('',(-28.1871434879,-28.,155.26672399393));
#448 = VECTOR('',#449,1.);
#449 = DIRECTION('',(0.,1.,2.22044604925E-16));
#450 = ORIENTED_EDGE('',*,*,#163,.T.);
#451 = ORIENTED_EDGE('',*,*,#420,.T.);
#452 = CYLINDRICAL_SURFACE('',#453,37.5);
#453 = AXIS2_PLACEMENT_3D('',#454,#455,#456);
#454 = CARTESIAN_POINT('',(0.,-28.,180.));
#455 = DIRECTION('',(0.,1.,2.22044604925E-16));
#456 = DIRECTION('',(1.,0.,-0.));
#457 = ADVANCED_FACE('',(#458),#477,.T.);
#458 = FACE_BOUND('',#459,.T.);
#459 = EDGE_LOOP('',(#460,#469,#475,#476));
#460 = ORIENTED_EDGE('',*,*,#461,.F.);
#461 = EDGE_CURVE('',#462,#437,#464,.T.);
#462 = VERTEX_POINT('',#463);
#463 = CARTESIAN_POINT('',(-23.88542192311,-3.,151.09089037076));
#464 = CIRCLE('',#465,3.);
#465 = AXIS2_PLACEMENT_3D('',#466,#467,#468);
#466 = CARTESIAN_POINT('',(-26.11987,-3.,153.0927));
#467 = DIRECTION('',(0.,1.,2.22044604925E-16));
#468 = DIRECTION('',(1.,0.,-0.));
#469 = ORIENTED_EDGE('',*,*,#470,.F.);
#470 = EDGE_CURVE('',#173,#462,#471,.T.);
#471 = LINE('',#472,#473);
#472 = CARTESIAN_POINT('',(-23.88542192311,-28.,151.09089037076));
#473 = VECTOR('',#474,1.);
#474 = DIRECTION('',(0.,1.,2.22044604925E-16));
#475 = ORIENTED_EDGE('',*,*,#172,.T.);
#476 = ORIENTED_EDGE('',*,*,#445,.T.);
#477 = CYLINDRICAL_SURFACE('',#478,3.);
#478 = AXIS2_PLACEMENT_3D('',#479,#480,#481);
#479 = CARTESIAN_POINT('',(-26.11987,-28.,153.0927));
#480 = DIRECTION('',(0.,1.,2.22044604925E-16));
#481 = DIRECTION('',(1.,0.,-0.));
#482 = ADVANCED_FACE('',(#483),#502,.T.);
#483 = FACE_BOUND('',#484,.T.);
#484 = EDGE_LOOP('',(#485,#494,#500,#501));
#485 = ORIENTED_EDGE('',*,*,#486,.F.);
#486 = EDGE_CURVE('',#487,#462,#489,.T.);
#487 = VERTEX_POINT('',#488);
#488 = CARTESIAN_POINT('',(-5.694359807589,-3.,142.93486454386));
#489 = CIRCLE('',#490,37.5);
#490 = AXIS2_PLACEMENT_3D('',#491,#492,#493);
#491 = CARTESIAN_POINT('',(0.,-3.,180.));
#492 = DIRECTION('',(0.,1.,2.22044604925E-16));
#493 = DIRECTION('',(1.,0.,-0.));
#494 = ORIENTED_EDGE('',*,*,#495,.F.);
#495 = EDGE_CURVE('',#182,#487,#496,.T.);
#496 = LINE('',#497,#498);
#497 = CARTESIAN_POINT('',(-5.694359807589,-28.,142.93486454386));
#498 = VECTOR('',#499,1.);
#499 = DIRECTION('',(0.,1.,2.22044604925E-16));
#500 = ORIENTED_EDGE('',*,*,#181,.T.);
#501 = ORIENTED_EDGE('',*,*,#470,.T.);
#502 = CYLINDRICAL_SURFACE('',#503,37.5);
#503 = AXIS2_PLACEMENT_3D('',#504,#505,#506);
#504 = CARTESIAN_POINT('',(0.,-28.,180.));
#505 = DIRECTION('',(0.,1.,2.22044604925E-16));
#506 = DIRECTION('',(1.,0.,-0.));
#507 = ADVANCED_FACE('',(#508),#527,.T.);
#508 = FACE_BOUND('',#509,.T.);
#509 = EDGE_LOOP('',(#510,#519,#525,#526));
#510 = ORIENTED_EDGE('',*,*,#511,.F.);
#511 = EDGE_CURVE('',#512,#487,#514,.T.);
#512 = VERTEX_POINT('',#513);
#513 = CARTESIAN_POINT('',(0.285124750858,-3.,142.50108396398));
#514 = CIRCLE('',#515,3.);
#515 = AXIS2_PLACEMENT_3D('',#516,#517,#518);
#516 = CARTESIAN_POINT('',(-2.7133,-3.,142.59829));
#517 = DIRECTION('',(0.,1.,2.22044604925E-16));
#518 = DIRECTION('',(1.,0.,-0.));
#519 = ORIENTED_EDGE('',*,*,#520,.F.);
#520 = EDGE_CURVE('',#191,#512,#521,.T.);
#521 = LINE('',#522,#523);
#522 = CARTESIAN_POINT('',(0.285124750859,-28.,142.50108396398));
#523 = VECTOR('',#524,1.);
#524 = DIRECTION('',(0.,1.,2.22044604925E-16));
#525 = ORIENTED_EDGE('',*,*,#190,.T.);
#526 = ORIENTED_EDGE('',*,*,#495,.T.);
#527 = CYLINDRICAL_SURFACE('',#528,3.);
#528 = AXIS2_PLACEMENT_3D('',#529,#530,#531);
#529 = CARTESIAN_POINT('',(-2.7133,-28.,142.59829));
#530 = DIRECTION('',(0.,1.,2.22044604925E-16));
#531 = DIRECTION('',(1.,0.,-0.));
#532 = ADVANCED_FACE('',(#533),#552,.T.);
#533 = FACE_BOUND('',#534,.T.);
#534 = EDGE_LOOP('',(#535,#544,#550,#551));
#535 = ORIENTED_EDGE('',*,*,#536,.F.);
#536 = EDGE_CURVE('',#537,#512,#539,.T.);
#537 = VERTEX_POINT('',#538);
#538 = CARTESIAN_POINT('',(19.462877927993,-3.,147.94619550256));
#539 = CIRCLE('',#540,37.5);
#540 = AXIS2_PLACEMENT_3D('',#541,#542,#543);
#541 = CARTESIAN_POINT('',(0.,-3.,180.));
#542 = DIRECTION('',(0.,1.,2.22044604925E-16));
#543 = DIRECTION('',(1.,0.,-0.));
#544 = ORIENTED_EDGE('',*,*,#545,.F.);
#545 = EDGE_CURVE('',#200,#537,#546,.T.);
#546 = LINE('',#547,#548);
#547 = CARTESIAN_POINT('',(19.462877927992,-28.,147.94619550256));
#548 = VECTOR('',#549,1.);
#549 = DIRECTION('',(0.,1.,2.22044604925E-16));
#550 = ORIENTED_EDGE('',*,*,#199,.T.);
#551 = ORIENTED_EDGE('',*,*,#520,.T.);
#552 = CYLINDRICAL_SURFACE('',#553,37.5);
#553 = AXIS2_PLACEMENT_3D('',#554,#555,#556);
#554 = CARTESIAN_POINT('',(0.,-28.,180.));
#555 = DIRECTION('',(0.,1.,2.22044604925E-16));
#556 = DIRECTION('',(1.,0.,-0.));
#557 = ADVANCED_FACE('',(#558),#584,.T.);
#558 = FACE_BOUND('',#559,.T.);
#559 = EDGE_LOOP('',(#560,#571,#577,#578));
#560 = ORIENTED_EDGE('',*,*,#561,.F.);
#561 = EDGE_CURVE('',#562,#564,#566,.T.);
#562 = VERTEX_POINT('',#563);
#563 = CARTESIAN_POINT('',(35.513216439692,-3.,167.95585378253));
#564 = VERTEX_POINT('',#565);
#565 = CARTESIAN_POINT('',(24.322257336315,-3.,151.45743883135));
#566 = CIRCLE('',#567,37.5);
#567 = AXIS2_PLACEMENT_3D('',#568,#569,#570);
#568 = CARTESIAN_POINT('',(0.,-3.,180.));
#569 = DIRECTION('',(0.,1.,2.22044604925E-16));
#570 = DIRECTION('',(1.,0.,-0.));
#571 = ORIENTED_EDGE('',*,*,#572,.F.);
#572 = EDGE_CURVE('',#227,#562,#573,.T.);
#573 = LINE('',#574,#575);
#574 = CARTESIAN_POINT('',(35.513216439691,-28.,167.95585378253));
#575 = VECTOR('',#576,1.);
#576 = DIRECTION('',(0.,1.,2.22044604925E-16));
#577 = ORIENTED_EDGE('',*,*,#226,.T.);
#578 = ORIENTED_EDGE('',*,*,#579,.T.);
#579 = EDGE_CURVE('',#218,#564,#580,.T.);
#580 = LINE('',#581,#582);
#581 = CARTESIAN_POINT('',(24.322257336315,-28.,151.45743883135));
#582 = VECTOR('',#583,1.);
#583 = DIRECTION('',(0.,1.,2.22044604925E-16));
#584 = CYLINDRICAL_SURFACE('',#585,37.5);
#585 = AXIS2_PLACEMENT_3D('',#586,#587,#588);
#586 = CARTESIAN_POINT('',(0.,-28.,180.));
#587 = DIRECTION('',(0.,1.,2.22044604925E-16));
#588 = DIRECTION('',(1.,0.,-0.));
#589 = ADVANCED_FACE('',(#590),#609,.T.);
#590 = FACE_BOUND('',#591,.T.);
#591 = EDGE_LOOP('',(#592,#593,#601,#608));
#592 = ORIENTED_EDGE('',*,*,#262,.F.);
#593 = ORIENTED_EDGE('',*,*,#594,.F.);
#594 = EDGE_CURVE('',#595,#263,#597,.T.);
#595 = VERTEX_POINT('',#596);
#596 = CARTESIAN_POINT('',(31.5,-36.5,180.));
#597 = LINE('',#598,#599);
#598 = CARTESIAN_POINT('',(31.5,-36.5,180.));
#599 = VECTOR('',#600,1.);
#600 = DIRECTION('',(0.,1.,2.22044604925E-16));
#601 = ORIENTED_EDGE('',*,*,#602,.T.);
#602 = EDGE_CURVE('',#595,#595,#603,.T.);
#603 = CIRCLE('',#604,31.5);
#604 = AXIS2_PLACEMENT_3D('',#605,#606,#607);
#605 = CARTESIAN_POINT('',(0.,-36.5,180.));
#606 = DIRECTION('',(0.,1.,2.22044604925E-16));
#607 = DIRECTION('',(1.,0.,-0.));
#608 = ORIENTED_EDGE('',*,*,#594,.T.);
#609 = CYLINDRICAL_SURFACE('',#610,31.5);
#610 = AXIS2_PLACEMENT_3D('',#611,#612,#613);
#611 = CARTESIAN_POINT('',(0.,-36.5,180.));
#612 = DIRECTION('',(0.,1.,2.22044604925E-16));
#613 = DIRECTION('',(1.,0.,-0.));
#614 = ADVANCED_FACE('',(#615),#618,.F.);
#615 = FACE_BOUND('',#616,.T.);
#616 = EDGE_LOOP('',(#617));
#617 = ORIENTED_EDGE('',*,*,#602,.F.);
#618 = PLANE('',#619);
#619 = AXIS2_PLACEMENT_3D('',#620,#621,#622);
#620 = CARTESIAN_POINT('',(0.,-36.5,180.));
#621 = DIRECTION('',(0.,1.,2.22044604925E-16));
#622 = DIRECTION('',(1.,0.,-0.));
#623 = ADVANCED_FACE('',(#624,#723,#734,#763,#792,#821,#850,#879,#908,
    #937,#966),#995,.T.);
#624 = FACE_BOUND('',#625,.T.);
#625 = EDGE_LOOP('',(#626,#637,#646,#655,#662,#663,#672,#679,#680,#681,
    #682,#683,#684,#685,#686,#687,#688,#689,#690,#699,#706,#707,#716));
#626 = ORIENTED_EDGE('',*,*,#627,.T.);
#627 = EDGE_CURVE('',#628,#630,#632,.T.);
#628 = VERTEX_POINT('',#629);
#629 = CARTESIAN_POINT('',(34.946528082726,-3.,193.6011093284));
#630 = VERTEX_POINT('',#631);
#631 = CARTESIAN_POINT('',(37.5,-3.,180.));
#632 = CIRCLE('',#633,37.5);
#633 = AXIS2_PLACEMENT_3D('',#634,#635,#636);
#634 = CARTESIAN_POINT('',(0.,-3.,180.));
#635 = DIRECTION('',(0.,1.,2.22044604925E-16));
#636 = DIRECTION('',(1.,0.,-0.));
#637 = ORIENTED_EDGE('',*,*,#638,.T.);
#638 = EDGE_CURVE('',#630,#639,#641,.T.);
#639 = VERTEX_POINT('',#640);
#640 = CARTESIAN_POINT('',(36.978734104537,-3.,173.76917148157));
#641 = CIRCLE('',#642,37.5);
#642 = AXIS2_PLACEMENT_3D('',#643,#644,#645);
#643 = CARTESIAN_POINT('',(0.,-3.,180.));
#644 = DIRECTION('',(0.,1.,2.22044604925E-16));
#645 = DIRECTION('',(1.,0.,-0.));
#646 = ORIENTED_EDGE('',*,*,#647,.T.);
#647 = EDGE_CURVE('',#639,#648,#650,.T.);
#648 = VERTEX_POINT('',#649);
#649 = CARTESIAN_POINT('',(39.36233,-3.,170.83318));
#650 = CIRCLE('',#651,3.);
#651 = AXIS2_PLACEMENT_3D('',#652,#653,#654);
#652 = CARTESIAN_POINT('',(36.36233,-3.,170.83318));
#653 = DIRECTION('',(0.,1.,2.22044604925E-16));
#654 = DIRECTION('',(1.,0.,-0.));
#655 = ORIENTED_EDGE('',*,*,#656,.T.);
#656 = EDGE_CURVE('',#648,#562,#657,.T.);
#657 = CIRCLE('',#658,3.);
#658 = AXIS2_PLACEMENT_3D('',#659,#660,#661);
#659 = CARTESIAN_POINT('',(36.36233,-3.,170.83318));
#660 = DIRECTION('',(0.,1.,2.22044604925E-16));
#661 = DIRECTION('',(1.,0.,-0.));
#662 = ORIENTED_EDGE('',*,*,#561,.T.);
#663 = ORIENTED_EDGE('',*,*,#664,.T.);
#664 = EDGE_CURVE('',#564,#665,#667,.T.);
#665 = VERTEX_POINT('',#666);
#666 = CARTESIAN_POINT('',(24.96285,-3.,149.60455));
#667 = CIRCLE('',#668,3.);
#668 = AXIS2_PLACEMENT_3D('',#669,#670,#671);
#669 = CARTESIAN_POINT('',(21.96285,-3.,149.60455));
#670 = DIRECTION('',(0.,1.,2.22044604925E-16));
#671 = DIRECTION('',(1.,0.,-0.));
#672 = ORIENTED_EDGE('',*,*,#673,.T.);
#673 = EDGE_CURVE('',#665,#537,#674,.T.);
#674 = CIRCLE('',#675,3.);
#675 = AXIS2_PLACEMENT_3D('',#676,#677,#678);
#676 = CARTESIAN_POINT('',(21.96285,-3.,149.60455));
#677 = DIRECTION('',(0.,1.,2.22044604925E-16));
#678 = DIRECTION('',(1.,0.,-0.));
#679 = ORIENTED_EDGE('',*,*,#536,.T.);
#680 = ORIENTED_EDGE('',*,*,#511,.T.);
#681 = ORIENTED_EDGE('',*,*,#486,.T.);
#682 = ORIENTED_EDGE('',*,*,#461,.T.);
#683 = ORIENTED_EDGE('',*,*,#436,.T.);
#684 = ORIENTED_EDGE('',*,*,#411,.T.);
#685 = ORIENTED_EDGE('',*,*,#387,.T.);
#686 = ORIENTED_EDGE('',*,*,#361,.T.);
#687 = ORIENTED_EDGE('',*,*,#337,.T.);
#688 = ORIENTED_EDGE('',*,*,#311,.T.);
#689 = ORIENTED_EDGE('',*,*,#287,.T.);
#690 = ORIENTED_EDGE('',*,*,#691,.T.);
#691 = EDGE_CURVE('',#280,#692,#694,.T.);
#692 = VERTEX_POINT('',#693);
#693 = CARTESIAN_POINT('',(18.34181,-3.,214.21811));
#694 = CIRCLE('',#695,3.);
#695 = AXIS2_PLACEMENT_3D('',#696,#697,#698);
#696 = CARTESIAN_POINT('',(15.34181,-3.,214.21811));
#697 = DIRECTION('',(0.,1.,2.22044604925E-16));
#698 = DIRECTION('',(1.,0.,-0.));
#699 = ORIENTED_EDGE('',*,*,#700,.T.);
#700 = EDGE_CURVE('',#692,#32,#701,.T.);
#701 = CIRCLE('',#702,3.);
#702 = AXIS2_PLACEMENT_3D('',#703,#704,#705);
#703 = CARTESIAN_POINT('',(15.34181,-3.,214.21811));
#704 = DIRECTION('',(0.,1.,2.22044604925E-16));
#705 = DIRECTION('',(1.,0.,-0.));
#706 = ORIENTED_EDGE('',*,*,#31,.T.);
#707 = ORIENTED_EDGE('',*,*,#708,.T.);
#708 = EDGE_CURVE('',#24,#709,#711,.T.);
#709 = VERTEX_POINT('',#710);
#710 = CARTESIAN_POINT('',(36.74748,-3.,196.35107));
#711 = CIRCLE('',#712,3.);
#712 = AXIS2_PLACEMENT_3D('',#713,#714,#715);
#713 = CARTESIAN_POINT('',(33.74748,-3.,196.35107));
#714 = DIRECTION('',(0.,1.,2.22044604925E-16));
#715 = DIRECTION('',(1.,0.,-0.));
#716 = ORIENTED_EDGE('',*,*,#717,.T.);
#717 = EDGE_CURVE('',#709,#628,#718,.T.);
#718 = CIRCLE('',#719,3.);
#719 = AXIS2_PLACEMENT_3D('',#720,#721,#722);
#720 = CARTESIAN_POINT('',(33.74748,-3.,196.35107));
#721 = DIRECTION('',(0.,1.,2.22044604925E-16));
#722 = DIRECTION('',(1.,0.,-0.));
#723 = FACE_BOUND('',#724,.T.);
#724 = EDGE_LOOP('',(#725));
#725 = ORIENTED_EDGE('',*,*,#726,.F.);
#726 = EDGE_CURVE('',#727,#727,#729,.T.);
#727 = VERTEX_POINT('',#728);
#728 = CARTESIAN_POINT('',(21.5,-3.,180.));
#729 = CIRCLE('',#730,21.5);
#730 = AXIS2_PLACEMENT_3D('',#731,#732,#733);
#731 = CARTESIAN_POINT('',(0.,-3.,180.));
#732 = DIRECTION('',(0.,1.,2.22044604925E-16));
#733 = DIRECTION('',(1.,0.,-0.));
#734 = FACE_BOUND('',#735,.T.);
#735 = EDGE_LOOP('',(#736,#747,#756));
#736 = ORIENTED_EDGE('',*,*,#737,.F.);
#737 = EDGE_CURVE('',#738,#740,#742,.T.);
#738 = VERTEX_POINT('',#739);
#739 = CARTESIAN_POINT('',(16.697986030727,-3.,213.5771836597));
#740 = VERTEX_POINT('',#741);
#741 = CARTESIAN_POINT('',(13.961085046785,-3.,214.80428284444));
#742 = CIRCLE('',#743,1.5);
#743 = AXIS2_PLACEMENT_3D('',#744,#745,#746);
#744 = CARTESIAN_POINT('',(15.34181,-3.,214.21811));
#745 = DIRECTION('',(0.,1.,2.22044604925E-16));
#746 = DIRECTION('',(1.,0.,-0.));
#747 = ORIENTED_EDGE('',*,*,#748,.F.);
#748 = EDGE_CURVE('',#749,#738,#751,.T.);
#749 = VERTEX_POINT('',#750);
#750 = CARTESIAN_POINT('',(16.84181,-3.,214.21811));
#751 = CIRCLE('',#752,1.5);
#752 = AXIS2_PLACEMENT_3D('',#753,#754,#755);
#753 = CARTESIAN_POINT('',(15.34181,-3.,214.21811));
#754 = DIRECTION('',(0.,1.,2.22044604925E-16));
#755 = DIRECTION('',(1.,0.,-0.));
#756 = ORIENTED_EDGE('',*,*,#757,.F.);
#757 = EDGE_CURVE('',#740,#749,#758,.T.);
#758 = CIRCLE('',#759,1.5);
#759 = AXIS2_PLACEMENT_3D('',#760,#761,#762);
#760 = CARTESIAN_POINT('',(15.34181,-3.,214.21811));
#761 = DIRECTION('',(0.,1.,2.22044604925E-16));
#762 = DIRECTION('',(1.,0.,-0.));
#763 = FACE_BOUND('',#764,.T.);
#764 = EDGE_LOOP('',(#765,#776,#785));
#765 = ORIENTED_EDGE('',*,*,#766,.F.);
#766 = EDGE_CURVE('',#767,#769,#771,.T.);
#767 = VERTEX_POINT('',#768);
#768 = CARTESIAN_POINT('',(34.374395270426,-3.,194.98836047713));
#769 = VERTEX_POINT('',#770);
#770 = CARTESIAN_POINT('',(33.066571241528,-3.,197.68761901243));
#771 = CIRCLE('',#772,1.5);
#772 = AXIS2_PLACEMENT_3D('',#773,#774,#775);
#773 = CARTESIAN_POINT('',(33.74748,-3.,196.35107));
#774 = DIRECTION('',(0.,1.,2.22044604925E-16));
#775 = DIRECTION('',(1.,0.,-0.));
#776 = ORIENTED_EDGE('',*,*,#777,.F.);
#777 = EDGE_CURVE('',#778,#767,#780,.T.);
#778 = VERTEX_POINT('',#779);
#779 = CARTESIAN_POINT('',(35.24748,-3.,196.35107));
#780 = CIRCLE('',#781,1.5);
#781 = AXIS2_PLACEMENT_3D('',#782,#783,#784);
#782 = CARTESIAN_POINT('',(33.74748,-3.,196.35107));
#783 = DIRECTION('',(0.,1.,2.22044604925E-16));
#784 = DIRECTION('',(1.,0.,-0.));
#785 = ORIENTED_EDGE('',*,*,#786,.F.);
#786 = EDGE_CURVE('',#769,#778,#787,.T.);
#787 = CIRCLE('',#788,1.5);
#788 = AXIS2_PLACEMENT_3D('',#789,#790,#791);
#789 = CARTESIAN_POINT('',(33.74748,-3.,196.35107));
#790 = DIRECTION('',(0.,1.,2.22044604925E-16));
#791 = DIRECTION('',(1.,0.,-0.));
#792 = FACE_BOUND('',#793,.T.);
#793 = EDGE_LOOP('',(#794,#805,#814));
#794 = ORIENTED_EDGE('',*,*,#795,.F.);
#795 = EDGE_CURVE('',#796,#798,#800,.T.);
#796 = VERTEX_POINT('',#797);
#797 = CARTESIAN_POINT('',(35.966645356899,-3.,169.38630970062));
#798 = VERTEX_POINT('',#799);
#799 = CARTESIAN_POINT('',(36.699844417012,-3.,172.29471481597));
#800 = CIRCLE('',#801,1.5);
#801 = AXIS2_PLACEMENT_3D('',#802,#803,#804);
#802 = CARTESIAN_POINT('',(36.36233,-3.,170.83318));
#803 = DIRECTION('',(0.,1.,2.22044604925E-16));
#804 = DIRECTION('',(1.,0.,-0.));
#805 = ORIENTED_EDGE('',*,*,#806,.F.);
#806 = EDGE_CURVE('',#807,#796,#809,.T.);
#807 = VERTEX_POINT('',#808);
#808 = CARTESIAN_POINT('',(37.86233,-3.,170.83318));
#809 = CIRCLE('',#810,1.5);
#810 = AXIS2_PLACEMENT_3D('',#811,#812,#813);
#811 = CARTESIAN_POINT('',(36.36233,-3.,170.83318));
#812 = DIRECTION('',(0.,1.,2.22044604925E-16));
#813 = DIRECTION('',(1.,0.,-0.));
#814 = ORIENTED_EDGE('',*,*,#815,.F.);
#815 = EDGE_CURVE('',#798,#807,#816,.T.);
#816 = CIRCLE('',#817,1.5);
#817 = AXIS2_PLACEMENT_3D('',#818,#819,#820);
#818 = CARTESIAN_POINT('',(36.36233,-3.,170.83318));
#819 = DIRECTION('',(0.,1.,2.22044604925E-16));
#820 = DIRECTION('',(1.,0.,-0.));
#821 = FACE_BOUND('',#822,.T.);
#822 = EDGE_LOOP('',(#823,#834,#843));
#823 = ORIENTED_EDGE('',*,*,#824,.F.);
#824 = EDGE_CURVE('',#825,#827,#829,.T.);
#825 = VERTEX_POINT('',#826);
#826 = CARTESIAN_POINT('',(20.729703758297,-3.,148.750529891));
#827 = VERTEX_POINT('',#828);
#828 = CARTESIAN_POINT('',(23.160853173953,-3.,150.50720629959));
#829 = CIRCLE('',#830,1.5);
#830 = AXIS2_PLACEMENT_3D('',#831,#832,#833);
#831 = CARTESIAN_POINT('',(21.96285,-3.,149.60455));
#832 = DIRECTION('',(0.,1.,2.22044604925E-16));
#833 = DIRECTION('',(1.,0.,-0.));
#834 = ORIENTED_EDGE('',*,*,#835,.F.);
#835 = EDGE_CURVE('',#836,#825,#838,.T.);
#836 = VERTEX_POINT('',#837);
#837 = CARTESIAN_POINT('',(23.46285,-3.,149.60455));
#838 = CIRCLE('',#839,1.5);
#839 = AXIS2_PLACEMENT_3D('',#840,#841,#842);
#840 = CARTESIAN_POINT('',(21.96285,-3.,149.60455));
#841 = DIRECTION('',(0.,1.,2.22044604925E-16));
#842 = DIRECTION('',(1.,0.,-0.));
#843 = ORIENTED_EDGE('',*,*,#844,.F.);
#844 = EDGE_CURVE('',#827,#836,#845,.T.);
#845 = CIRCLE('',#846,1.5);
#846 = AXIS2_PLACEMENT_3D('',#847,#848,#849);
#847 = CARTESIAN_POINT('',(21.96285,-3.,149.60455));
#848 = DIRECTION('',(0.,1.,2.22044604925E-16));
#849 = DIRECTION('',(1.,0.,-0.));
#850 = FACE_BOUND('',#851,.T.);
#851 = EDGE_LOOP('',(#852,#863,#872));
#852 = ORIENTED_EDGE('',*,*,#853,.F.);
#853 = EDGE_CURVE('',#854,#856,#858,.T.);
#854 = VERTEX_POINT('',#855);
#855 = CARTESIAN_POINT('',(-8.791598912819,-3.,216.45487331696));
#856 = VERTEX_POINT('',#857);
#857 = CARTESIAN_POINT('',(-8.74247,-3.,216.07412));
#858 = CIRCLE('',#859,1.5);
#859 = AXIS2_PLACEMENT_3D('',#860,#861,#862);
#860 = CARTESIAN_POINT('',(-10.24247,-3.,216.07412));
#861 = DIRECTION('',(0.,1.,2.22044604925E-16));
#862 = DIRECTION('',(1.,0.,-0.));
#863 = ORIENTED_EDGE('',*,*,#864,.F.);
#864 = EDGE_CURVE('',#865,#854,#867,.T.);
#865 = VERTEX_POINT('',#866);
#866 = CARTESIAN_POINT('',(-11.67695076836,-3.,215.63563975507));
#867 = CIRCLE('',#868,1.5);
#868 = AXIS2_PLACEMENT_3D('',#869,#870,#871);
#869 = CARTESIAN_POINT('',(-10.24247,-3.,216.07412));
#870 = DIRECTION('',(0.,1.,2.22044604925E-16));
#871 = DIRECTION('',(1.,0.,-0.));
#872 = ORIENTED_EDGE('',*,*,#873,.F.);
#873 = EDGE_CURVE('',#856,#865,#874,.T.);
#874 = CIRCLE('',#875,1.5);
#875 = AXIS2_PLACEMENT_3D('',#876,#877,#878);
#876 = CARTESIAN_POINT('',(-10.24247,-3.,216.07412));
#877 = DIRECTION('',(0.,1.,2.22044604925E-16));
#878 = DIRECTION('',(1.,0.,-0.));
#879 = FACE_BOUND('',#880,.T.);
#880 = EDGE_LOOP('',(#881,#892,#901));
#881 = ORIENTED_EDGE('',*,*,#882,.F.);
#882 = EDGE_CURVE('',#883,#885,#887,.T.);
#883 = VERTEX_POINT('',#884);
#884 = CARTESIAN_POINT('',(-4.206898678715,-3.,142.7367204408));
#885 = VERTEX_POINT('',#886);
#886 = CARTESIAN_POINT('',(-1.2133,-3.,142.59829));
#887 = CIRCLE('',#888,1.5);
#888 = AXIS2_PLACEMENT_3D('',#889,#890,#891);
#889 = CARTESIAN_POINT('',(-2.7133,-3.,142.59829));
#890 = DIRECTION('',(0.,1.,2.22044604925E-16));
#891 = DIRECTION('',(1.,0.,-0.));
#892 = ORIENTED_EDGE('',*,*,#893,.F.);
#893 = EDGE_CURVE('',#894,#883,#896,.T.);
#894 = VERTEX_POINT('',#895);
#895 = CARTESIAN_POINT('',(-1.215360218869,-3.,142.51969984727));
#896 = CIRCLE('',#897,1.5);
#897 = AXIS2_PLACEMENT_3D('',#898,#899,#900);
#898 = CARTESIAN_POINT('',(-2.7133,-3.,142.59829));
#899 = DIRECTION('',(0.,1.,2.22044604925E-16));
#900 = DIRECTION('',(1.,0.,-0.));
#901 = ORIENTED_EDGE('',*,*,#902,.F.);
#902 = EDGE_CURVE('',#885,#894,#903,.T.);
#903 = CIRCLE('',#904,1.5);
#904 = AXIS2_PLACEMENT_3D('',#905,#906,#907);
#905 = CARTESIAN_POINT('',(-2.7133,-3.,142.59829));
#906 = DIRECTION('',(0.,1.,2.22044604925E-16));
#907 = DIRECTION('',(1.,0.,-0.));
#908 = FACE_BOUND('',#909,.T.);
#909 = EDGE_LOOP('',(#910,#921,#930));
#910 = ORIENTED_EDGE('',*,*,#911,.F.);
#911 = EDGE_CURVE('',#912,#914,#916,.T.);
#912 = VERTEX_POINT('',#913);
#913 = CARTESIAN_POINT('',(-30.16749788021,-3.,202.27492023885));
#914 = VERTEX_POINT('',#915);
#915 = CARTESIAN_POINT('',(-29.53418,-3.,201.05064));
#916 = CIRCLE('',#917,1.5);
#917 = AXIS2_PLACEMENT_3D('',#918,#919,#920);
#918 = CARTESIAN_POINT('',(-31.03418,-3.,201.05064));
#919 = DIRECTION('',(0.,1.,2.22044604925E-16));
#920 = DIRECTION('',(1.,0.,-0.));
#921 = ORIENTED_EDGE('',*,*,#922,.F.);
#922 = EDGE_CURVE('',#923,#912,#925,.T.);
#923 = VERTEX_POINT('',#924);
#924 = CARTESIAN_POINT('',(-31.85121244038,-3.,199.7926821345));
#925 = CIRCLE('',#926,1.5);
#926 = AXIS2_PLACEMENT_3D('',#927,#928,#929);
#927 = CARTESIAN_POINT('',(-31.03418,-3.,201.05064));
#928 = DIRECTION('',(0.,1.,2.22044604925E-16));
#929 = DIRECTION('',(1.,0.,-0.));
#930 = ORIENTED_EDGE('',*,*,#931,.F.);
#931 = EDGE_CURVE('',#914,#923,#932,.T.);
#932 = CIRCLE('',#933,1.5);
#933 = AXIS2_PLACEMENT_3D('',#934,#935,#936);
#934 = CARTESIAN_POINT('',(-31.03418,-3.,201.05064));
#935 = DIRECTION('',(0.,1.,2.22044604925E-16));
#936 = DIRECTION('',(1.,0.,-0.));
#937 = FACE_BOUND('',#938,.T.);
#938 = EDGE_LOOP('',(#939,#950,#959));
#939 = ORIENTED_EDGE('',*,*,#940,.F.);
#940 = EDGE_CURVE('',#941,#943,#945,.T.);
#941 = VERTEX_POINT('',#942);
#942 = CARTESIAN_POINT('',(-27.1750468649,-3.,154.15881527696));
#943 = VERTEX_POINT('',#944);
#944 = CARTESIAN_POINT('',(-24.61987,-3.,153.0927));
#945 = CIRCLE('',#946,1.5);
#946 = AXIS2_PLACEMENT_3D('',#947,#948,#949);
#947 = CARTESIAN_POINT('',(-26.11987,-3.,153.0927));
#948 = DIRECTION('',(0.,1.,2.22044604925E-16));
#949 = DIRECTION('',(1.,0.,-0.));
#950 = ORIENTED_EDGE('',*,*,#951,.F.);
#951 = EDGE_CURVE('',#952,#941,#954,.T.);
#952 = VERTEX_POINT('',#953);
#953 = CARTESIAN_POINT('',(-25.02289388626,-3.,152.06964408467));
#954 = CIRCLE('',#955,1.5);
#955 = AXIS2_PLACEMENT_3D('',#956,#957,#958);
#956 = CARTESIAN_POINT('',(-26.11987,-3.,153.0927));
#957 = DIRECTION('',(0.,1.,2.22044604925E-16));
#958 = DIRECTION('',(1.,0.,-0.));
#959 = ORIENTED_EDGE('',*,*,#960,.F.);
#960 = EDGE_CURVE('',#943,#952,#961,.T.);
#961 = CIRCLE('',#962,1.5);
#962 = AXIS2_PLACEMENT_3D('',#963,#964,#965);
#963 = CARTESIAN_POINT('',(-26.11987,-3.,153.0927));
#964 = DIRECTION('',(0.,1.,2.22044604925E-16));
#965 = DIRECTION('',(1.,0.,-0.));
#966 = FACE_BOUND('',#967,.T.);
#967 = EDGE_LOOP('',(#968,#979,#988));
#968 = ORIENTED_EDGE('',*,*,#969,.F.);
#969 = EDGE_CURVE('',#970,#972,#974,.T.);
#970 = VERTEX_POINT('',#971);
#971 = CARTESIAN_POINT('',(-37.42768687773,-3.,177.67228545944));
#972 = VERTEX_POINT('',#973);
#973 = CARTESIAN_POINT('',(-35.80465,-3.,176.17734));
#974 = CIRCLE('',#975,1.5);
#975 = AXIS2_PLACEMENT_3D('',#976,#977,#978);
#976 = CARTESIAN_POINT('',(-37.30465,-3.,176.17734));
#977 = DIRECTION('',(0.,1.,2.22044604925E-16));
#978 = DIRECTION('',(1.,0.,-0.));
#979 = ORIENTED_EDGE('',*,*,#980,.F.);
#980 = EDGE_CURVE('',#981,#970,#983,.T.);
#981 = VERTEX_POINT('',#982);
#982 = CARTESIAN_POINT('',(-37.12193518789,-3.,174.68850982249));
#983 = CIRCLE('',#984,1.5);
#984 = AXIS2_PLACEMENT_3D('',#985,#986,#987);
#985 = CARTESIAN_POINT('',(-37.30465,-3.,176.17734));
#986 = DIRECTION('',(0.,1.,2.22044604925E-16));
#987 = DIRECTION('',(1.,0.,-0.));
#988 = ORIENTED_EDGE('',*,*,#989,.F.);
#989 = EDGE_CURVE('',#972,#981,#990,.T.);
#990 = CIRCLE('',#991,1.5);
#991 = AXIS2_PLACEMENT_3D('',#992,#993,#994);
#992 = CARTESIAN_POINT('',(-37.30465,-3.,176.17734));
#993 = DIRECTION('',(0.,1.,2.22044604925E-16));
#994 = DIRECTION('',(1.,0.,-0.));
#995 = PLANE('',#996);
#996 = AXIS2_PLACEMENT_3D('',#997,#998,#999);
#997 = CARTESIAN_POINT('',(0.140757833258,-3.,180.00467912878));
#998 = DIRECTION('',(0.,1.,2.22044604925E-16));
#999 = DIRECTION('',(1.,0.,-0.));
#1000 = ADVANCED_FACE('',(#1001),#1020,.T.);
#1001 = FACE_BOUND('',#1002,.T.);
#1002 = EDGE_LOOP('',(#1003,#1012,#1018,#1019));
#1003 = ORIENTED_EDGE('',*,*,#1004,.F.);
#1004 = EDGE_CURVE('',#1005,#1005,#1007,.T.);
#1005 = VERTEX_POINT('',#1006);
#1006 = CARTESIAN_POINT('',(21.5,-1.,180.));
#1007 = CIRCLE('',#1008,21.5);
#1008 = AXIS2_PLACEMENT_3D('',#1009,#1010,#1011);
#1009 = CARTESIAN_POINT('',(0.,-1.,180.));
#1010 = DIRECTION('',(0.,1.,2.22044604925E-16));
#1011 = DIRECTION('',(1.,0.,-0.));
#1012 = ORIENTED_EDGE('',*,*,#1013,.F.);
#1013 = EDGE_CURVE('',#727,#1005,#1014,.T.);
#1014 = LINE('',#1015,#1016);
#1015 = CARTESIAN_POINT('',(21.5,-3.,180.));
#1016 = VECTOR('',#1017,1.);
#1017 = DIRECTION('',(0.,1.,2.22044604925E-16));
#1018 = ORIENTED_EDGE('',*,*,#726,.T.);
#1019 = ORIENTED_EDGE('',*,*,#1013,.T.);
#1020 = CYLINDRICAL_SURFACE('',#1021,21.5);
#1021 = AXIS2_PLACEMENT_3D('',#1022,#1023,#1024);
#1022 = CARTESIAN_POINT('',(0.,-3.,180.));
#1023 = DIRECTION('',(0.,1.,2.22044604925E-16));
#1024 = DIRECTION('',(1.,0.,-0.));
#1025 = ADVANCED_FACE('',(#1026,#1029),#1040,.T.);
#1026 = FACE_BOUND('',#1027,.T.);
#1027 = EDGE_LOOP('',(#1028));
#1028 = ORIENTED_EDGE('',*,*,#1004,.T.);
#1029 = FACE_BOUND('',#1030,.T.);
#1030 = EDGE_LOOP('',(#1031));
#1031 = ORIENTED_EDGE('',*,*,#1032,.F.);
#1032 = EDGE_CURVE('',#1033,#1033,#1035,.T.);
#1033 = VERTEX_POINT('',#1034);
#1034 = CARTESIAN_POINT('',(16.25,-1.,180.));
#1035 = CIRCLE('',#1036,16.25);
#1036 = AXIS2_PLACEMENT_3D('',#1037,#1038,#1039);
#1037 = CARTESIAN_POINT('',(0.,-1.,180.));
#1038 = DIRECTION('',(0.,1.,2.22044604925E-16));
#1039 = DIRECTION('',(1.,0.,-0.));
#1040 = PLANE('',#1041);
#1041 = AXIS2_PLACEMENT_3D('',#1042,#1043,#1044);
#1042 = CARTESIAN_POINT('',(0.,-1.,180.));
#1043 = DIRECTION('',(0.,1.,2.22044604925E-16));
#1044 = DIRECTION('',(1.,0.,-0.));
#1045 = ADVANCED_FACE('',(#1046),#1065,.F.);
#1046 = FACE_BOUND('',#1047,.F.);
#1047 = EDGE_LOOP('',(#1048,#1049,#1057,#1064));
#1048 = ORIENTED_EDGE('',*,*,#1032,.F.);
#1049 = ORIENTED_EDGE('',*,*,#1050,.F.);
#1050 = EDGE_CURVE('',#1051,#1033,#1053,.T.);
#1051 = VERTEX_POINT('',#1052);
#1052 = CARTESIAN_POINT('',(16.25,-8.,180.));
#1053 = LINE('',#1054,#1055);
#1054 = CARTESIAN_POINT('',(16.25,-8.,180.));
#1055 = VECTOR('',#1056,1.);
#1056 = DIRECTION('',(0.,1.,2.22044604925E-16));
#1057 = ORIENTED_EDGE('',*,*,#1058,.T.);
#1058 = EDGE_CURVE('',#1051,#1051,#1059,.T.);
#1059 = CIRCLE('',#1060,16.25);
#1060 = AXIS2_PLACEMENT_3D('',#1061,#1062,#1063);
#1061 = CARTESIAN_POINT('',(0.,-8.,180.));
#1062 = DIRECTION('',(0.,1.,2.22044604925E-16));
#1063 = DIRECTION('',(1.,0.,-0.));
#1064 = ORIENTED_EDGE('',*,*,#1050,.T.);
#1065 = CYLINDRICAL_SURFACE('',#1066,16.25);
#1066 = AXIS2_PLACEMENT_3D('',#1067,#1068,#1069);
#1067 = CARTESIAN_POINT('',(0.,-8.,180.));
#1068 = DIRECTION('',(0.,1.,2.22044604925E-16));
#1069 = DIRECTION('',(1.,0.,-0.));
#1070 = ADVANCED_FACE('',(#1071),#1074,.T.);
#1071 = FACE_BOUND('',#1072,.F.);
#1072 = EDGE_LOOP('',(#1073));
#1073 = ORIENTED_EDGE('',*,*,#1058,.F.);
#1074 = PLANE('',#1075);
#1075 = AXIS2_PLACEMENT_3D('',#1076,#1077,#1078);
#1076 = CARTESIAN_POINT('',(0.,-8.,180.));
#1077 = DIRECTION('',(0.,1.,2.22044604925E-16));
#1078 = DIRECTION('',(1.,0.,-0.));
#1079 = ADVANCED_FACE('',(#1080),#1101,.F.);
#1080 = FACE_BOUND('',#1081,.F.);
#1081 = EDGE_LOOP('',(#1082,#1090,#1091,#1092,#1093,#1094));
#1082 = ORIENTED_EDGE('',*,*,#1083,.T.);
#1083 = EDGE_CURVE('',#1084,#749,#1086,.T.);
#1084 = VERTEX_POINT('',#1085);
#1085 = CARTESIAN_POINT('',(16.84181,-11.,214.21811));
#1086 = LINE('',#1087,#1088);
#1087 = CARTESIAN_POINT('',(16.84181,-11.,214.21811));
#1088 = VECTOR('',#1089,1.);
#1089 = DIRECTION('',(0.,1.,2.22044604925E-16));
#1090 = ORIENTED_EDGE('',*,*,#757,.F.);
#1091 = ORIENTED_EDGE('',*,*,#737,.F.);
#1092 = ORIENTED_EDGE('',*,*,#748,.F.);
#1093 = ORIENTED_EDGE('',*,*,#1083,.F.);
#1094 = ORIENTED_EDGE('',*,*,#1095,.T.);
#1095 = EDGE_CURVE('',#1084,#1084,#1096,.T.);
#1096 = CIRCLE('',#1097,1.5);
#1097 = AXIS2_PLACEMENT_3D('',#1098,#1099,#1100);
#1098 = CARTESIAN_POINT('',(15.34181,-11.,214.21811));
#1099 = DIRECTION('',(0.,1.,2.22044604925E-16));
#1100 = DIRECTION('',(1.,0.,-0.));
#1101 = CYLINDRICAL_SURFACE('',#1102,1.5);
#1102 = AXIS2_PLACEMENT_3D('',#1103,#1104,#1105);
#1103 = CARTESIAN_POINT('',(15.34181,-11.,214.21811));
#1104 = DIRECTION('',(0.,1.,2.22044604925E-16));
#1105 = DIRECTION('',(1.,0.,-0.));
#1106 = ADVANCED_FACE('',(#1107),#1110,.T.);
#1107 = FACE_BOUND('',#1108,.F.);
#1108 = EDGE_LOOP('',(#1109));
#1109 = ORIENTED_EDGE('',*,*,#1095,.F.);
#1110 = PLANE('',#1111);
#1111 = AXIS2_PLACEMENT_3D('',#1112,#1113,#1114);
#1112 = CARTESIAN_POINT('',(15.34181,-11.,214.21811));
#1113 = DIRECTION('',(0.,1.,2.22044604925E-16));
#1114 = DIRECTION('',(1.,0.,-0.));
#1115 = ADVANCED_FACE('',(#1116),#1137,.F.);
#1116 = FACE_BOUND('',#1117,.F.);
#1117 = EDGE_LOOP('',(#1118,#1126,#1127,#1128,#1129,#1130));
#1118 = ORIENTED_EDGE('',*,*,#1119,.T.);
#1119 = EDGE_CURVE('',#1120,#778,#1122,.T.);
#1120 = VERTEX_POINT('',#1121);
#1121 = CARTESIAN_POINT('',(35.24748,-11.,196.35107));
#1122 = LINE('',#1123,#1124);
#1123 = CARTESIAN_POINT('',(35.24748,-11.,196.35107));
#1124 = VECTOR('',#1125,1.);
#1125 = DIRECTION('',(0.,1.,2.22044604925E-16));
#1126 = ORIENTED_EDGE('',*,*,#786,.F.);
#1127 = ORIENTED_EDGE('',*,*,#766,.F.);
#1128 = ORIENTED_EDGE('',*,*,#777,.F.);
#1129 = ORIENTED_EDGE('',*,*,#1119,.F.);
#1130 = ORIENTED_EDGE('',*,*,#1131,.T.);
#1131 = EDGE_CURVE('',#1120,#1120,#1132,.T.);
#1132 = CIRCLE('',#1133,1.5);
#1133 = AXIS2_PLACEMENT_3D('',#1134,#1135,#1136);
#1134 = CARTESIAN_POINT('',(33.74748,-11.,196.35107));
#1135 = DIRECTION('',(0.,1.,2.22044604925E-16));
#1136 = DIRECTION('',(1.,0.,-0.));
#1137 = CYLINDRICAL_SURFACE('',#1138,1.5);
#1138 = AXIS2_PLACEMENT_3D('',#1139,#1140,#1141);
#1139 = CARTESIAN_POINT('',(33.74748,-11.,196.35107));
#1140 = DIRECTION('',(0.,1.,2.22044604925E-16));
#1141 = DIRECTION('',(1.,0.,-0.));
#1142 = ADVANCED_FACE('',(#1143),#1146,.T.);
#1143 = FACE_BOUND('',#1144,.F.);
#1144 = EDGE_LOOP('',(#1145));
#1145 = ORIENTED_EDGE('',*,*,#1131,.F.);
#1146 = PLANE('',#1147);
#1147 = AXIS2_PLACEMENT_3D('',#1148,#1149,#1150);
#1148 = CARTESIAN_POINT('',(33.74748,-11.,196.35107));
#1149 = DIRECTION('',(0.,1.,2.22044604925E-16));
#1150 = DIRECTION('',(1.,0.,-0.));
#1151 = ADVANCED_FACE('',(#1152),#1173,.F.);
#1152 = FACE_BOUND('',#1153,.F.);
#1153 = EDGE_LOOP('',(#1154,#1162,#1163,#1164,#1165,#1166));
#1154 = ORIENTED_EDGE('',*,*,#1155,.T.);
#1155 = EDGE_CURVE('',#1156,#807,#1158,.T.);
#1156 = VERTEX_POINT('',#1157);
#1157 = CARTESIAN_POINT('',(37.86233,-11.,170.83318));
#1158 = LINE('',#1159,#1160);
#1159 = CARTESIAN_POINT('',(37.86233,-11.,170.83318));
#1160 = VECTOR('',#1161,1.);
#1161 = DIRECTION('',(0.,1.,2.22044604925E-16));
#1162 = ORIENTED_EDGE('',*,*,#815,.F.);
#1163 = ORIENTED_EDGE('',*,*,#795,.F.);
#1164 = ORIENTED_EDGE('',*,*,#806,.F.);
#1165 = ORIENTED_EDGE('',*,*,#1155,.F.);
#1166 = ORIENTED_EDGE('',*,*,#1167,.T.);
#1167 = EDGE_CURVE('',#1156,#1156,#1168,.T.);
#1168 = CIRCLE('',#1169,1.5);
#1169 = AXIS2_PLACEMENT_3D('',#1170,#1171,#1172);
#1170 = CARTESIAN_POINT('',(36.36233,-11.,170.83318));
#1171 = DIRECTION('',(0.,1.,2.22044604925E-16));
#1172 = DIRECTION('',(1.,0.,-0.));
#1173 = CYLINDRICAL_SURFACE('',#1174,1.5);
#1174 = AXIS2_PLACEMENT_3D('',#1175,#1176,#1177);
#1175 = CARTESIAN_POINT('',(36.36233,-11.,170.83318));
#1176 = DIRECTION('',(0.,1.,2.22044604925E-16));
#1177 = DIRECTION('',(1.,0.,-0.));
#1178 = ADVANCED_FACE('',(#1179),#1182,.T.);
#1179 = FACE_BOUND('',#1180,.F.);
#1180 = EDGE_LOOP('',(#1181));
#1181 = ORIENTED_EDGE('',*,*,#1167,.F.);
#1182 = PLANE('',#1183);
#1183 = AXIS2_PLACEMENT_3D('',#1184,#1185,#1186);
#1184 = CARTESIAN_POINT('',(36.36233,-11.,170.83318));
#1185 = DIRECTION('',(0.,1.,2.22044604925E-16));
#1186 = DIRECTION('',(1.,0.,-0.));
#1187 = ADVANCED_FACE('',(#1188),#1209,.F.);
#1188 = FACE_BOUND('',#1189,.F.);
#1189 = EDGE_LOOP('',(#1190,#1198,#1199,#1200,#1201,#1202));
#1190 = ORIENTED_EDGE('',*,*,#1191,.T.);
#1191 = EDGE_CURVE('',#1192,#836,#1194,.T.);
#1192 = VERTEX_POINT('',#1193);
#1193 = CARTESIAN_POINT('',(23.46285,-11.,149.60455));
#1194 = LINE('',#1195,#1196);
#1195 = CARTESIAN_POINT('',(23.46285,-11.,149.60455));
#1196 = VECTOR('',#1197,1.);
#1197 = DIRECTION('',(0.,1.,2.22044604925E-16));
#1198 = ORIENTED_EDGE('',*,*,#844,.F.);
#1199 = ORIENTED_EDGE('',*,*,#824,.F.);
#1200 = ORIENTED_EDGE('',*,*,#835,.F.);
#1201 = ORIENTED_EDGE('',*,*,#1191,.F.);
#1202 = ORIENTED_EDGE('',*,*,#1203,.T.);
#1203 = EDGE_CURVE('',#1192,#1192,#1204,.T.);
#1204 = CIRCLE('',#1205,1.5);
#1205 = AXIS2_PLACEMENT_3D('',#1206,#1207,#1208);
#1206 = CARTESIAN_POINT('',(21.96285,-11.,149.60455));
#1207 = DIRECTION('',(0.,1.,2.22044604925E-16));
#1208 = DIRECTION('',(1.,0.,-0.));
#1209 = CYLINDRICAL_SURFACE('',#1210,1.5);
#1210 = AXIS2_PLACEMENT_3D('',#1211,#1212,#1213);
#1211 = CARTESIAN_POINT('',(21.96285,-11.,149.60455));
#1212 = DIRECTION('',(0.,1.,2.22044604925E-16));
#1213 = DIRECTION('',(1.,0.,-0.));
#1214 = ADVANCED_FACE('',(#1215),#1218,.T.);
#1215 = FACE_BOUND('',#1216,.F.);
#1216 = EDGE_LOOP('',(#1217));
#1217 = ORIENTED_EDGE('',*,*,#1203,.F.);
#1218 = PLANE('',#1219);
#1219 = AXIS2_PLACEMENT_3D('',#1220,#1221,#1222);
#1220 = CARTESIAN_POINT('',(21.96285,-11.,149.60455));
#1221 = DIRECTION('',(0.,1.,2.22044604925E-16));
#1222 = DIRECTION('',(1.,0.,-0.));
#1223 = ADVANCED_FACE('',(#1224),#1245,.F.);
#1224 = FACE_BOUND('',#1225,.F.);
#1225 = EDGE_LOOP('',(#1226,#1234,#1235,#1236,#1237,#1238));
#1226 = ORIENTED_EDGE('',*,*,#1227,.T.);
#1227 = EDGE_CURVE('',#1228,#856,#1230,.T.);
#1228 = VERTEX_POINT('',#1229);
#1229 = CARTESIAN_POINT('',(-8.74247,-11.,216.07412));
#1230 = LINE('',#1231,#1232);
#1231 = CARTESIAN_POINT('',(-8.74247,-11.,216.07412));
#1232 = VECTOR('',#1233,1.);
#1233 = DIRECTION('',(0.,1.,2.22044604925E-16));
#1234 = ORIENTED_EDGE('',*,*,#853,.F.);
#1235 = ORIENTED_EDGE('',*,*,#864,.F.);
#1236 = ORIENTED_EDGE('',*,*,#873,.F.);
#1237 = ORIENTED_EDGE('',*,*,#1227,.F.);
#1238 = ORIENTED_EDGE('',*,*,#1239,.T.);
#1239 = EDGE_CURVE('',#1228,#1228,#1240,.T.);
#1240 = CIRCLE('',#1241,1.5);
#1241 = AXIS2_PLACEMENT_3D('',#1242,#1243,#1244);
#1242 = CARTESIAN_POINT('',(-10.24247,-11.,216.07412));
#1243 = DIRECTION('',(0.,1.,2.22044604925E-16));
#1244 = DIRECTION('',(1.,0.,-0.));
#1245 = CYLINDRICAL_SURFACE('',#1246,1.5);
#1246 = AXIS2_PLACEMENT_3D('',#1247,#1248,#1249);
#1247 = CARTESIAN_POINT('',(-10.24247,-11.,216.07412));
#1248 = DIRECTION('',(0.,1.,2.22044604925E-16));
#1249 = DIRECTION('',(1.,0.,-0.));
#1250 = ADVANCED_FACE('',(#1251),#1254,.T.);
#1251 = FACE_BOUND('',#1252,.F.);
#1252 = EDGE_LOOP('',(#1253));
#1253 = ORIENTED_EDGE('',*,*,#1239,.F.);
#1254 = PLANE('',#1255);
#1255 = AXIS2_PLACEMENT_3D('',#1256,#1257,#1258);
#1256 = CARTESIAN_POINT('',(-10.24247,-11.,216.07412));
#1257 = DIRECTION('',(0.,1.,2.22044604925E-16));
#1258 = DIRECTION('',(1.,0.,-0.));
#1259 = ADVANCED_FACE('',(#1260),#1281,.F.);
#1260 = FACE_BOUND('',#1261,.F.);
#1261 = EDGE_LOOP('',(#1262,#1270,#1271,#1272,#1273,#1274));
#1262 = ORIENTED_EDGE('',*,*,#1263,.T.);
#1263 = EDGE_CURVE('',#1264,#885,#1266,.T.);
#1264 = VERTEX_POINT('',#1265);
#1265 = CARTESIAN_POINT('',(-1.2133,-11.,142.59829));
#1266 = LINE('',#1267,#1268);
#1267 = CARTESIAN_POINT('',(-1.2133,-11.,142.59829));
#1268 = VECTOR('',#1269,1.);
#1269 = DIRECTION('',(0.,1.,2.22044604925E-16));
#1270 = ORIENTED_EDGE('',*,*,#882,.F.);
#1271 = ORIENTED_EDGE('',*,*,#893,.F.);
#1272 = ORIENTED_EDGE('',*,*,#902,.F.);
#1273 = ORIENTED_EDGE('',*,*,#1263,.F.);
#1274 = ORIENTED_EDGE('',*,*,#1275,.T.);
#1275 = EDGE_CURVE('',#1264,#1264,#1276,.T.);
#1276 = CIRCLE('',#1277,1.5);
#1277 = AXIS2_PLACEMENT_3D('',#1278,#1279,#1280);
#1278 = CARTESIAN_POINT('',(-2.7133,-11.,142.59829));
#1279 = DIRECTION('',(0.,1.,2.22044604925E-16));
#1280 = DIRECTION('',(1.,0.,-0.));
#1281 = CYLINDRICAL_SURFACE('',#1282,1.5);
#1282 = AXIS2_PLACEMENT_3D('',#1283,#1284,#1285);
#1283 = CARTESIAN_POINT('',(-2.7133,-11.,142.59829));
#1284 = DIRECTION('',(0.,1.,2.22044604925E-16));
#1285 = DIRECTION('',(1.,0.,-0.));
#1286 = ADVANCED_FACE('',(#1287),#1290,.T.);
#1287 = FACE_BOUND('',#1288,.F.);
#1288 = EDGE_LOOP('',(#1289));
#1289 = ORIENTED_EDGE('',*,*,#1275,.F.);
#1290 = PLANE('',#1291);
#1291 = AXIS2_PLACEMENT_3D('',#1292,#1293,#1294);
#1292 = CARTESIAN_POINT('',(-2.7133,-11.,142.59829));
#1293 = DIRECTION('',(0.,1.,2.22044604925E-16));
#1294 = DIRECTION('',(1.,0.,-0.));
#1295 = ADVANCED_FACE('',(#1296),#1317,.F.);
#1296 = FACE_BOUND('',#1297,.F.);
#1297 = EDGE_LOOP('',(#1298,#1306,#1307,#1308,#1309,#1310));
#1298 = ORIENTED_EDGE('',*,*,#1299,.T.);
#1299 = EDGE_CURVE('',#1300,#914,#1302,.T.);
#1300 = VERTEX_POINT('',#1301);
#1301 = CARTESIAN_POINT('',(-29.53418,-11.,201.05064));
#1302 = LINE('',#1303,#1304);
#1303 = CARTESIAN_POINT('',(-29.53418,-11.,201.05064));
#1304 = VECTOR('',#1305,1.);
#1305 = DIRECTION('',(0.,1.,2.22044604925E-16));
#1306 = ORIENTED_EDGE('',*,*,#911,.F.);
#1307 = ORIENTED_EDGE('',*,*,#922,.F.);
#1308 = ORIENTED_EDGE('',*,*,#931,.F.);
#1309 = ORIENTED_EDGE('',*,*,#1299,.F.);
#1310 = ORIENTED_EDGE('',*,*,#1311,.T.);
#1311 = EDGE_CURVE('',#1300,#1300,#1312,.T.);
#1312 = CIRCLE('',#1313,1.5);
#1313 = AXIS2_PLACEMENT_3D('',#1314,#1315,#1316);
#1314 = CARTESIAN_POINT('',(-31.03418,-11.,201.05064));
#1315 = DIRECTION('',(0.,1.,2.22044604925E-16));
#1316 = DIRECTION('',(1.,0.,-0.));
#1317 = CYLINDRICAL_SURFACE('',#1318,1.5);
#1318 = AXIS2_PLACEMENT_3D('',#1319,#1320,#1321);
#1319 = CARTESIAN_POINT('',(-31.03418,-11.,201.05064));
#1320 = DIRECTION('',(0.,1.,2.22044604925E-16));
#1321 = DIRECTION('',(1.,0.,-0.));
#1322 = ADVANCED_FACE('',(#1323),#1326,.T.);
#1323 = FACE_BOUND('',#1324,.F.);
#1324 = EDGE_LOOP('',(#1325));
#1325 = ORIENTED_EDGE('',*,*,#1311,.F.);
#1326 = PLANE('',#1327);
#1327 = AXIS2_PLACEMENT_3D('',#1328,#1329,#1330);
#1328 = CARTESIAN_POINT('',(-31.03418,-11.,201.05064));
#1329 = DIRECTION('',(0.,1.,2.22044604925E-16));
#1330 = DIRECTION('',(1.,0.,-0.));
#1331 = ADVANCED_FACE('',(#1332),#1353,.F.);
#1332 = FACE_BOUND('',#1333,.F.);
#1333 = EDGE_LOOP('',(#1334,#1342,#1343,#1344,#1345,#1346));
#1334 = ORIENTED_EDGE('',*,*,#1335,.T.);
#1335 = EDGE_CURVE('',#1336,#943,#1338,.T.);
#1336 = VERTEX_POINT('',#1337);
#1337 = CARTESIAN_POINT('',(-24.61987,-11.,153.0927));
#1338 = LINE('',#1339,#1340);
#1339 = CARTESIAN_POINT('',(-24.61987,-11.,153.0927));
#1340 = VECTOR('',#1341,1.);
#1341 = DIRECTION('',(0.,1.,2.22044604925E-16));
#1342 = ORIENTED_EDGE('',*,*,#940,.F.);
#1343 = ORIENTED_EDGE('',*,*,#951,.F.);
#1344 = ORIENTED_EDGE('',*,*,#960,.F.);
#1345 = ORIENTED_EDGE('',*,*,#1335,.F.);
#1346 = ORIENTED_EDGE('',*,*,#1347,.T.);
#1347 = EDGE_CURVE('',#1336,#1336,#1348,.T.);
#1348 = CIRCLE('',#1349,1.5);
#1349 = AXIS2_PLACEMENT_3D('',#1350,#1351,#1352);
#1350 = CARTESIAN_POINT('',(-26.11987,-11.,153.0927));
#1351 = DIRECTION('',(0.,1.,2.22044604925E-16));
#1352 = DIRECTION('',(1.,0.,-0.));
#1353 = CYLINDRICAL_SURFACE('',#1354,1.5);
#1354 = AXIS2_PLACEMENT_3D('',#1355,#1356,#1357);
#1355 = CARTESIAN_POINT('',(-26.11987,-11.,153.0927));
#1356 = DIRECTION('',(0.,1.,2.22044604925E-16));
#1357 = DIRECTION('',(1.,0.,-0.));
#1358 = ADVANCED_FACE('',(#1359),#1362,.T.);
#1359 = FACE_BOUND('',#1360,.F.);
#1360 = EDGE_LOOP('',(#1361));
#1361 = ORIENTED_EDGE('',*,*,#1347,.F.);
#1362 = PLANE('',#1363);
#1363 = AXIS2_PLACEMENT_3D('',#1364,#1365,#1366);
#1364 = CARTESIAN_POINT('',(-26.11987,-11.,153.0927));
#1365 = DIRECTION('',(0.,1.,2.22044604925E-16));
#1366 = DIRECTION('',(1.,0.,-0.));
#1367 = ADVANCED_FACE('',(#1368),#1389,.F.);
#1368 = FACE_BOUND('',#1369,.F.);
#1369 = EDGE_LOOP('',(#1370,#1378,#1379,#1380,#1381,#1382));
#1370 = ORIENTED_EDGE('',*,*,#1371,.T.);
#1371 = EDGE_CURVE('',#1372,#972,#1374,.T.);
#1372 = VERTEX_POINT('',#1373);
#1373 = CARTESIAN_POINT('',(-35.80465,-11.,176.17734));
#1374 = LINE('',#1375,#1376);
#1375 = CARTESIAN_POINT('',(-35.80465,-11.,176.17734));
#1376 = VECTOR('',#1377,1.);
#1377 = DIRECTION('',(0.,1.,2.22044604925E-16));
#1378 = ORIENTED_EDGE('',*,*,#969,.F.);
#1379 = ORIENTED_EDGE('',*,*,#980,.F.);
#1380 = ORIENTED_EDGE('',*,*,#989,.F.);
#1381 = ORIENTED_EDGE('',*,*,#1371,.F.);
#1382 = ORIENTED_EDGE('',*,*,#1383,.T.);
#1383 = EDGE_CURVE('',#1372,#1372,#1384,.T.);
#1384 = CIRCLE('',#1385,1.5);
#1385 = AXIS2_PLACEMENT_3D('',#1386,#1387,#1388);
#1386 = CARTESIAN_POINT('',(-37.30465,-11.,176.17734));
#1387 = DIRECTION('',(0.,1.,2.22044604925E-16));
#1388 = DIRECTION('',(1.,0.,-0.));
#1389 = CYLINDRICAL_SURFACE('',#1390,1.5);
#1390 = AXIS2_PLACEMENT_3D('',#1391,#1392,#1393);
#1391 = CARTESIAN_POINT('',(-37.30465,-11.,176.17734));
#1392 = DIRECTION('',(0.,1.,2.22044604925E-16));
#1393 = DIRECTION('',(1.,0.,-0.));
#1394 = ADVANCED_FACE('',(#1395),#1398,.T.);
#1395 = FACE_BOUND('',#1396,.F.);
#1396 = EDGE_LOOP('',(#1397));
#1397 = ORIENTED_EDGE('',*,*,#1383,.F.);
#1398 = PLANE('',#1399);
#1399 = AXIS2_PLACEMENT_3D('',#1400,#1401,#1402);
#1400 = CARTESIAN_POINT('',(-37.30465,-11.,176.17734));
#1401 = DIRECTION('',(0.,1.,2.22044604925E-16));
#1402 = DIRECTION('',(1.,0.,-0.));
#1403 = ADVANCED_FACE('',(#1404),#1422,.T.);
#1404 = FACE_BOUND('',#1405,.T.);
#1405 = EDGE_LOOP('',(#1406,#1407,#1413,#1414,#1415,#1421));
#1406 = ORIENTED_EDGE('',*,*,#253,.T.);
#1407 = ORIENTED_EDGE('',*,*,#1408,.T.);
#1408 = EDGE_CURVE('',#245,#639,#1409,.T.);
#1409 = LINE('',#1410,#1411);
#1410 = CARTESIAN_POINT('',(36.978734104537,-28.,173.76917148158));
#1411 = VECTOR('',#1412,1.);
#1412 = DIRECTION('',(0.,1.,2.22044604925E-16));
#1413 = ORIENTED_EDGE('',*,*,#638,.F.);
#1414 = ORIENTED_EDGE('',*,*,#627,.F.);
#1415 = ORIENTED_EDGE('',*,*,#1416,.F.);
#1416 = EDGE_CURVE('',#64,#628,#1417,.T.);
#1417 = LINE('',#1418,#1419);
#1418 = CARTESIAN_POINT('',(34.946528082726,-28.,193.6011093284));
#1419 = VECTOR('',#1420,1.);
#1420 = DIRECTION('',(0.,1.,2.22044604925E-16));
#1421 = ORIENTED_EDGE('',*,*,#63,.T.);
#1422 = CYLINDRICAL_SURFACE('',#1423,37.5);
#1423 = AXIS2_PLACEMENT_3D('',#1424,#1425,#1426);
#1424 = CARTESIAN_POINT('',(0.,-28.,180.));
#1425 = DIRECTION('',(0.,1.,2.22044604925E-16));
#1426 = DIRECTION('',(1.,0.,-0.));
#1427 = ADVANCED_FACE('',(#1428),#1436,.T.);
#1428 = FACE_BOUND('',#1429,.T.);
#1429 = EDGE_LOOP('',(#1430,#1431,#1432,#1433,#1434,#1435));
#1430 = ORIENTED_EDGE('',*,*,#708,.F.);
#1431 = ORIENTED_EDGE('',*,*,#21,.F.);
#1432 = ORIENTED_EDGE('',*,*,#83,.T.);
#1433 = ORIENTED_EDGE('',*,*,#74,.T.);
#1434 = ORIENTED_EDGE('',*,*,#1416,.T.);
#1435 = ORIENTED_EDGE('',*,*,#717,.F.);
#1436 = CYLINDRICAL_SURFACE('',#1437,3.);
#1437 = AXIS2_PLACEMENT_3D('',#1438,#1439,#1440);
#1438 = CARTESIAN_POINT('',(33.74748,-28.,196.35107));
#1439 = DIRECTION('',(0.,1.,2.22044604925E-16));
#1440 = DIRECTION('',(1.,0.,-0.));
#1441 = ADVANCED_FACE('',(#1442),#1450,.T.);
#1442 = FACE_BOUND('',#1443,.T.);
#1443 = EDGE_LOOP('',(#1444,#1445,#1446,#1447,#1448,#1449));
#1444 = ORIENTED_EDGE('',*,*,#235,.T.);
#1445 = ORIENTED_EDGE('',*,*,#572,.T.);
#1446 = ORIENTED_EDGE('',*,*,#656,.F.);
#1447 = ORIENTED_EDGE('',*,*,#647,.F.);
#1448 = ORIENTED_EDGE('',*,*,#1408,.F.);
#1449 = ORIENTED_EDGE('',*,*,#244,.T.);
#1450 = CYLINDRICAL_SURFACE('',#1451,3.);
#1451 = AXIS2_PLACEMENT_3D('',#1452,#1453,#1454);
#1452 = CARTESIAN_POINT('',(36.36233,-28.,170.83318));
#1453 = DIRECTION('',(0.,1.,2.22044604925E-16));
#1454 = DIRECTION('',(1.,0.,-0.));
#1455 = ADVANCED_FACE('',(#1456),#1464,.T.);
#1456 = FACE_BOUND('',#1457,.T.);
#1457 = EDGE_LOOP('',(#1458,#1459,#1460,#1461,#1462,#1463));
#1458 = ORIENTED_EDGE('',*,*,#691,.F.);
#1459 = ORIENTED_EDGE('',*,*,#279,.F.);
#1460 = ORIENTED_EDGE('',*,*,#100,.T.);
#1461 = ORIENTED_EDGE('',*,*,#91,.T.);
#1462 = ORIENTED_EDGE('',*,*,#40,.T.);
#1463 = ORIENTED_EDGE('',*,*,#700,.F.);
#1464 = CYLINDRICAL_SURFACE('',#1465,3.);
#1465 = AXIS2_PLACEMENT_3D('',#1466,#1467,#1468);
#1466 = CARTESIAN_POINT('',(15.34181,-28.,214.21811));
#1467 = DIRECTION('',(0.,1.,2.22044604925E-16));
#1468 = DIRECTION('',(1.,0.,-0.));
#1469 = ADVANCED_FACE('',(#1470),#1478,.T.);
#1470 = FACE_BOUND('',#1471,.T.);
#1471 = EDGE_LOOP('',(#1472,#1473,#1474,#1475,#1476,#1477));
#1472 = ORIENTED_EDGE('',*,*,#664,.F.);
#1473 = ORIENTED_EDGE('',*,*,#579,.F.);
#1474 = ORIENTED_EDGE('',*,*,#217,.T.);
#1475 = ORIENTED_EDGE('',*,*,#208,.T.);
#1476 = ORIENTED_EDGE('',*,*,#545,.T.);
#1477 = ORIENTED_EDGE('',*,*,#673,.F.);
#1478 = CYLINDRICAL_SURFACE('',#1479,3.);
#1479 = AXIS2_PLACEMENT_3D('',#1480,#1481,#1482);
#1480 = CARTESIAN_POINT('',(21.96285,-28.,149.60455));
#1481 = DIRECTION('',(0.,1.,2.22044604925E-16));
#1482 = DIRECTION('',(1.,0.,-0.));
#1483 = MANIFOLD_SOLID_BREP('',#1484);
#1484 = CLOSED_SHELL('',(#1485,#1518,#1604,#1624,#1649,#1674,#1699,#1724
    ,#1749,#1766,#1791,#1800,#1809,#1818,#1827,#1836));
#1485 = ADVANCED_FACE('',(#1486),#1513,.T.);
#1486 = FACE_BOUND('',#1487,.T.);
#1487 = EDGE_LOOP('',(#1488,#1497,#1505,#1512));
#1488 = ORIENTED_EDGE('',*,*,#1489,.F.);
#1489 = EDGE_CURVE('',#1490,#1490,#1492,.T.);
#1490 = VERTEX_POINT('',#1491);
#1491 = CARTESIAN_POINT('',(11.313708498985,0.,191.31370849898));
#1492 = CIRCLE('',#1493,16.);
#1493 = AXIS2_PLACEMENT_3D('',#1494,#1495,#1496);
#1494 = CARTESIAN_POINT('',(0.,0.,180.));
#1495 = DIRECTION('',(-0.,1.,0.));
#1496 = DIRECTION('',(0.707106781187,0.,0.707106781187));
#1497 = ORIENTED_EDGE('',*,*,#1498,.F.);
#1498 = EDGE_CURVE('',#1499,#1490,#1501,.T.);
#1499 = VERTEX_POINT('',#1500);
#1500 = CARTESIAN_POINT('',(11.313708498985,-8.,191.31370849898));
#1501 = LINE('',#1502,#1503);
#1502 = CARTESIAN_POINT('',(11.313708498985,-8.,191.31370849898));
#1503 = VECTOR('',#1504,1.);
#1504 = DIRECTION('',(0.,1.,0.));
#1505 = ORIENTED_EDGE('',*,*,#1506,.T.);
#1506 = EDGE_CURVE('',#1499,#1499,#1507,.T.);
#1507 = CIRCLE('',#1508,16.);
#1508 = AXIS2_PLACEMENT_3D('',#1509,#1510,#1511);
#1509 = CARTESIAN_POINT('',(0.,-8.,180.));
#1510 = DIRECTION('',(-0.,1.,0.));
#1511 = DIRECTION('',(0.707106781187,0.,0.707106781187));
#1512 = ORIENTED_EDGE('',*,*,#1498,.T.);
#1513 = CYLINDRICAL_SURFACE('',#1514,16.);
#1514 = AXIS2_PLACEMENT_3D('',#1515,#1516,#1517);
#1515 = CARTESIAN_POINT('',(0.,-8.,180.));
#1516 = DIRECTION('',(0.,1.,0.));
#1517 = DIRECTION('',(0.707106781187,0.,0.707106781187));
#1518 = ADVANCED_FACE('',(#1519,#1522,#1533,#1544,#1555,#1566,#1577,
    #1588),#1599,.T.);
#1519 = FACE_BOUND('',#1520,.T.);
#1520 = EDGE_LOOP('',(#1521));
#1521 = ORIENTED_EDGE('',*,*,#1489,.T.);
#1522 = FACE_BOUND('',#1523,.T.);
#1523 = EDGE_LOOP('',(#1524));
#1524 = ORIENTED_EDGE('',*,*,#1525,.F.);
#1525 = EDGE_CURVE('',#1526,#1526,#1528,.T.);
#1526 = VERTEX_POINT('',#1527);
#1527 = CARTESIAN_POINT('',(-10.58568549921,0.,181.46414944326));
#1528 = CIRCLE('',#1529,2.);
#1529 = AXIS2_PLACEMENT_3D('',#1530,#1531,#1532);
#1530 = CARTESIAN_POINT('',(-11.99989906158,0.,180.04993588088));
#1531 = DIRECTION('',(-0.,1.,0.));
#1532 = DIRECTION('',(0.707106781187,0.,0.707106781187));
#1533 = FACE_BOUND('',#1534,.T.);
#1534 = EDGE_LOOP('',(#1535));
#1535 = ORIENTED_EDGE('',*,*,#1536,.F.);
#1536 = EDGE_CURVE('',#1537,#1537,#1539,.T.);
#1537 = VERTEX_POINT('',#1538);
#1538 = CARTESIAN_POINT('',(-4.542496388749,0.,191.83139551562));
#1539 = CIRCLE('',#1540,2.);
#1540 = AXIS2_PLACEMENT_3D('',#1541,#1542,#1543);
#1541 = CARTESIAN_POINT('',(-5.956709951122,0.,190.41718195325));
#1542 = DIRECTION('',(-0.,1.,0.));
#1543 = DIRECTION('',(0.707106781187,0.,0.707106781187));
#1544 = FACE_BOUND('',#1545,.T.);
#1545 = EDGE_LOOP('',(#1546));
#1546 = ORIENTED_EDGE('',*,*,#1547,.F.);
#1547 = EDGE_CURVE('',#1548,#1548,#1550,.T.);
#1548 = VERTEX_POINT('',#1549);
#1549 = CARTESIAN_POINT('',(7.457402672835,0.,191.78145963474));
#1550 = CIRCLE('',#1551,2.);
#1551 = AXIS2_PLACEMENT_3D('',#1552,#1553,#1554);
#1552 = CARTESIAN_POINT('',(6.043189110461,0.,190.36724607236));
#1553 = DIRECTION('',(-0.,1.,0.));
#1554 = DIRECTION('',(0.707106781187,0.,0.707106781187));
#1555 = FACE_BOUND('',#1556,.T.);
#1556 = EDGE_LOOP('',(#1557));
#1557 = ORIENTED_EDGE('',*,*,#1558,.F.);
#1558 = EDGE_CURVE('',#1559,#1559,#1561,.T.);
#1559 = VERTEX_POINT('',#1560);
#1560 = CARTESIAN_POINT('',(-4.628975548088,0.,171.04696749));
#1561 = CIRCLE('',#1562,2.);
#1562 = AXIS2_PLACEMENT_3D('',#1563,#1564,#1565);
#1563 = CARTESIAN_POINT('',(-6.043189110461,0.,169.63275392763));
#1564 = DIRECTION('',(-0.,1.,0.));
#1565 = DIRECTION('',(0.707106781187,0.,0.707106781187));
#1566 = FACE_BOUND('',#1567,.T.);
#1567 = EDGE_LOOP('',(#1568));
#1568 = ORIENTED_EDGE('',*,*,#1569,.F.);
#1569 = EDGE_CURVE('',#1570,#1570,#1572,.T.);
#1570 = VERTEX_POINT('',#1571);
#1571 = CARTESIAN_POINT('',(7.370923513495,0.,170.99703160911));
#1572 = CIRCLE('',#1573,2.);
#1573 = AXIS2_PLACEMENT_3D('',#1574,#1575,#1576);
#1574 = CARTESIAN_POINT('',(5.956709951122,0.,169.58281804674));
#1575 = DIRECTION('',(-0.,1.,0.));
#1576 = DIRECTION('',(0.707106781187,0.,0.707106781187));
#1577 = FACE_BOUND('',#1578,.T.);
#1578 = EDGE_LOOP('',(#1579));
#1579 = ORIENTED_EDGE('',*,*,#1580,.F.);
#1580 = EDGE_CURVE('',#1581,#1581,#1583,.T.);
#1581 = VERTEX_POINT('',#1582);
#1582 = CARTESIAN_POINT('',(3.535533905933,0.,183.53553390593));
#1583 = CIRCLE('',#1584,5.);
#1584 = AXIS2_PLACEMENT_3D('',#1585,#1586,#1587);
#1585 = CARTESIAN_POINT('',(0.,0.,180.));
#1586 = DIRECTION('',(-0.,1.,0.));
#1587 = DIRECTION('',(0.707106781187,0.,0.707106781187));
#1588 = FACE_BOUND('',#1589,.T.);
#1589 = EDGE_LOOP('',(#1590));
#1590 = ORIENTED_EDGE('',*,*,#1591,.F.);
#1591 = EDGE_CURVE('',#1592,#1592,#1594,.T.);
#1592 = VERTEX_POINT('',#1593);
#1593 = CARTESIAN_POINT('',(13.414105552889,0.,181.36428475255));
#1594 = CIRCLE('',#1595,2.);
#1595 = AXIS2_PLACEMENT_3D('',#1596,#1597,#1598);
#1596 = CARTESIAN_POINT('',(11.999891990516,0.,179.95007119018));
#1597 = DIRECTION('',(-0.,1.,0.));
#1598 = DIRECTION('',(0.707106781187,0.,0.707106781187));
#1599 = PLANE('',#1600);
#1600 = AXIS2_PLACEMENT_3D('',#1601,#1602,#1603);
#1601 = CARTESIAN_POINT('',(0.,0.,180.));
#1602 = DIRECTION('',(0.,1.,0.));
#1603 = DIRECTION('',(0.707106781187,0.,0.707106781187));
#1604 = ADVANCED_FACE('',(#1605,#1608),#1619,.F.);
#1605 = FACE_BOUND('',#1606,.F.);
#1606 = EDGE_LOOP('',(#1607));
#1607 = ORIENTED_EDGE('',*,*,#1506,.T.);
#1608 = FACE_BOUND('',#1609,.F.);
#1609 = EDGE_LOOP('',(#1610));
#1610 = ORIENTED_EDGE('',*,*,#1611,.F.);
#1611 = EDGE_CURVE('',#1612,#1612,#1614,.T.);
#1612 = VERTEX_POINT('',#1613);
#1613 = CARTESIAN_POINT('',(3.535533905933,-8.,183.53553390593));
#1614 = CIRCLE('',#1615,5.);
#1615 = AXIS2_PLACEMENT_3D('',#1616,#1617,#1618);
#1616 = CARTESIAN_POINT('',(0.,-8.,180.));
#1617 = DIRECTION('',(-0.,1.,0.));
#1618 = DIRECTION('',(0.707106781187,0.,0.707106781187));
#1619 = PLANE('',#1620);
#1620 = AXIS2_PLACEMENT_3D('',#1621,#1622,#1623);
#1621 = CARTESIAN_POINT('',(0.,-8.,180.));
#1622 = DIRECTION('',(0.,1.,0.));
#1623 = DIRECTION('',(0.707106781187,0.,0.707106781187));
#1624 = ADVANCED_FACE('',(#1625),#1644,.F.);
#1625 = FACE_BOUND('',#1626,.F.);
#1626 = EDGE_LOOP('',(#1627,#1628,#1636,#1643));
#1627 = ORIENTED_EDGE('',*,*,#1525,.F.);
#1628 = ORIENTED_EDGE('',*,*,#1629,.F.);
#1629 = EDGE_CURVE('',#1630,#1526,#1632,.T.);
#1630 = VERTEX_POINT('',#1631);
#1631 = CARTESIAN_POINT('',(-10.58568549921,-6.,181.46414944326));
#1632 = LINE('',#1633,#1634);
#1633 = CARTESIAN_POINT('',(-10.58568549921,-6.,181.46414944326));
#1634 = VECTOR('',#1635,1.);
#1635 = DIRECTION('',(0.,1.,0.));
#1636 = ORIENTED_EDGE('',*,*,#1637,.T.);
#1637 = EDGE_CURVE('',#1630,#1630,#1638,.T.);
#1638 = CIRCLE('',#1639,2.);
#1639 = AXIS2_PLACEMENT_3D('',#1640,#1641,#1642);
#1640 = CARTESIAN_POINT('',(-11.99989906158,-6.,180.04993588088));
#1641 = DIRECTION('',(-0.,1.,0.));
#1642 = DIRECTION('',(0.707106781187,0.,0.707106781187));
#1643 = ORIENTED_EDGE('',*,*,#1629,.T.);
#1644 = CYLINDRICAL_SURFACE('',#1645,2.);
#1645 = AXIS2_PLACEMENT_3D('',#1646,#1647,#1648);
#1646 = CARTESIAN_POINT('',(-11.99989906158,-6.,180.04993588088));
#1647 = DIRECTION('',(0.,1.,0.));
#1648 = DIRECTION('',(0.707106781187,0.,0.707106781187));
#1649 = ADVANCED_FACE('',(#1650),#1669,.F.);
#1650 = FACE_BOUND('',#1651,.F.);
#1651 = EDGE_LOOP('',(#1652,#1653,#1661,#1668));
#1652 = ORIENTED_EDGE('',*,*,#1536,.F.);
#1653 = ORIENTED_EDGE('',*,*,#1654,.F.);
#1654 = EDGE_CURVE('',#1655,#1537,#1657,.T.);
#1655 = VERTEX_POINT('',#1656);
#1656 = CARTESIAN_POINT('',(-4.542496388749,-6.,191.83139551562));
#1657 = LINE('',#1658,#1659);
#1658 = CARTESIAN_POINT('',(-4.542496388749,-6.,191.83139551562));
#1659 = VECTOR('',#1660,1.);
#1660 = DIRECTION('',(0.,1.,0.));
#1661 = ORIENTED_EDGE('',*,*,#1662,.T.);
#1662 = EDGE_CURVE('',#1655,#1655,#1663,.T.);
#1663 = CIRCLE('',#1664,2.);
#1664 = AXIS2_PLACEMENT_3D('',#1665,#1666,#1667);
#1665 = CARTESIAN_POINT('',(-5.956709951122,-6.,190.41718195325));
#1666 = DIRECTION('',(-0.,1.,0.));
#1667 = DIRECTION('',(0.707106781187,0.,0.707106781187));
#1668 = ORIENTED_EDGE('',*,*,#1654,.T.);
#1669 = CYLINDRICAL_SURFACE('',#1670,2.);
#1670 = AXIS2_PLACEMENT_3D('',#1671,#1672,#1673);
#1671 = CARTESIAN_POINT('',(-5.956709951122,-6.,190.41718195325));
#1672 = DIRECTION('',(0.,1.,0.));
#1673 = DIRECTION('',(0.707106781187,0.,0.707106781187));
#1674 = ADVANCED_FACE('',(#1675),#1694,.F.);
#1675 = FACE_BOUND('',#1676,.F.);
#1676 = EDGE_LOOP('',(#1677,#1678,#1686,#1693));
#1677 = ORIENTED_EDGE('',*,*,#1547,.F.);
#1678 = ORIENTED_EDGE('',*,*,#1679,.F.);
#1679 = EDGE_CURVE('',#1680,#1548,#1682,.T.);
#1680 = VERTEX_POINT('',#1681);
#1681 = CARTESIAN_POINT('',(7.457402672835,-6.,191.78145963474));
#1682 = LINE('',#1683,#1684);
#1683 = CARTESIAN_POINT('',(7.457402672835,-6.,191.78145963474));
#1684 = VECTOR('',#1685,1.);
#1685 = DIRECTION('',(0.,1.,0.));
#1686 = ORIENTED_EDGE('',*,*,#1687,.T.);
#1687 = EDGE_CURVE('',#1680,#1680,#1688,.T.);
#1688 = CIRCLE('',#1689,2.);
#1689 = AXIS2_PLACEMENT_3D('',#1690,#1691,#1692);
#1690 = CARTESIAN_POINT('',(6.043189110461,-6.,190.36724607236));
#1691 = DIRECTION('',(-0.,1.,0.));
#1692 = DIRECTION('',(0.707106781187,0.,0.707106781187));
#1693 = ORIENTED_EDGE('',*,*,#1679,.T.);
#1694 = CYLINDRICAL_SURFACE('',#1695,2.);
#1695 = AXIS2_PLACEMENT_3D('',#1696,#1697,#1698);
#1696 = CARTESIAN_POINT('',(6.043189110461,-6.,190.36724607236));
#1697 = DIRECTION('',(0.,1.,0.));
#1698 = DIRECTION('',(0.707106781187,0.,0.707106781187));
#1699 = ADVANCED_FACE('',(#1700),#1719,.F.);
#1700 = FACE_BOUND('',#1701,.F.);
#1701 = EDGE_LOOP('',(#1702,#1703,#1711,#1718));
#1702 = ORIENTED_EDGE('',*,*,#1558,.F.);
#1703 = ORIENTED_EDGE('',*,*,#1704,.F.);
#1704 = EDGE_CURVE('',#1705,#1559,#1707,.T.);
#1705 = VERTEX_POINT('',#1706);
#1706 = CARTESIAN_POINT('',(-4.628975548088,-6.,171.04696749));
#1707 = LINE('',#1708,#1709);
#1708 = CARTESIAN_POINT('',(-4.628975548088,-6.,171.04696749));
#1709 = VECTOR('',#1710,1.);
#1710 = DIRECTION('',(0.,1.,0.));
#1711 = ORIENTED_EDGE('',*,*,#1712,.T.);
#1712 = EDGE_CURVE('',#1705,#1705,#1713,.T.);
#1713 = CIRCLE('',#1714,2.);
#1714 = AXIS2_PLACEMENT_3D('',#1715,#1716,#1717);
#1715 = CARTESIAN_POINT('',(-6.043189110461,-6.,169.63275392763));
#1716 = DIRECTION('',(-0.,1.,0.));
#1717 = DIRECTION('',(0.707106781187,0.,0.707106781187));
#1718 = ORIENTED_EDGE('',*,*,#1704,.T.);
#1719 = CYLINDRICAL_SURFACE('',#1720,2.);
#1720 = AXIS2_PLACEMENT_3D('',#1721,#1722,#1723);
#1721 = CARTESIAN_POINT('',(-6.043189110461,-6.,169.63275392763));
#1722 = DIRECTION('',(0.,1.,0.));
#1723 = DIRECTION('',(0.707106781187,0.,0.707106781187));
#1724 = ADVANCED_FACE('',(#1725),#1744,.F.);
#1725 = FACE_BOUND('',#1726,.F.);
#1726 = EDGE_LOOP('',(#1727,#1728,#1736,#1743));
#1727 = ORIENTED_EDGE('',*,*,#1569,.F.);
#1728 = ORIENTED_EDGE('',*,*,#1729,.F.);
#1729 = EDGE_CURVE('',#1730,#1570,#1732,.T.);
#1730 = VERTEX_POINT('',#1731);
#1731 = CARTESIAN_POINT('',(7.370923513495,-6.,170.99703160911));
#1732 = LINE('',#1733,#1734);
#1733 = CARTESIAN_POINT('',(7.370923513495,-6.,170.99703160911));
#1734 = VECTOR('',#1735,1.);
#1735 = DIRECTION('',(0.,1.,0.));
#1736 = ORIENTED_EDGE('',*,*,#1737,.T.);
#1737 = EDGE_CURVE('',#1730,#1730,#1738,.T.);
#1738 = CIRCLE('',#1739,2.);
#1739 = AXIS2_PLACEMENT_3D('',#1740,#1741,#1742);
#1740 = CARTESIAN_POINT('',(5.956709951122,-6.,169.58281804674));
#1741 = DIRECTION('',(-0.,1.,0.));
#1742 = DIRECTION('',(0.707106781187,0.,0.707106781187));
#1743 = ORIENTED_EDGE('',*,*,#1729,.T.);
#1744 = CYLINDRICAL_SURFACE('',#1745,2.);
#1745 = AXIS2_PLACEMENT_3D('',#1746,#1747,#1748);
#1746 = CARTESIAN_POINT('',(5.956709951122,-6.,169.58281804674));
#1747 = DIRECTION('',(0.,1.,0.));
#1748 = DIRECTION('',(0.707106781187,0.,0.707106781187));
#1749 = ADVANCED_FACE('',(#1750),#1761,.F.);
#1750 = FACE_BOUND('',#1751,.F.);
#1751 = EDGE_LOOP('',(#1752,#1753,#1759,#1760));
#1752 = ORIENTED_EDGE('',*,*,#1580,.F.);
#1753 = ORIENTED_EDGE('',*,*,#1754,.F.);
#1754 = EDGE_CURVE('',#1612,#1581,#1755,.T.);
#1755 = LINE('',#1756,#1757);
#1756 = CARTESIAN_POINT('',(3.535533905933,-8.,183.53553390593));
#1757 = VECTOR('',#1758,1.);
#1758 = DIRECTION('',(0.,1.,0.));
#1759 = ORIENTED_EDGE('',*,*,#1611,.T.);
#1760 = ORIENTED_EDGE('',*,*,#1754,.T.);
#1761 = CYLINDRICAL_SURFACE('',#1762,5.);
#1762 = AXIS2_PLACEMENT_3D('',#1763,#1764,#1765);
#1763 = CARTESIAN_POINT('',(0.,-8.,180.));
#1764 = DIRECTION('',(0.,1.,0.));
#1765 = DIRECTION('',(0.707106781187,0.,0.707106781187));
#1766 = ADVANCED_FACE('',(#1767),#1786,.F.);
#1767 = FACE_BOUND('',#1768,.F.);
#1768 = EDGE_LOOP('',(#1769,#1770,#1778,#1785));
#1769 = ORIENTED_EDGE('',*,*,#1591,.F.);
#1770 = ORIENTED_EDGE('',*,*,#1771,.F.);
#1771 = EDGE_CURVE('',#1772,#1592,#1774,.T.);
#1772 = VERTEX_POINT('',#1773);
#1773 = CARTESIAN_POINT('',(13.414105552889,-6.,181.36428475255));
#1774 = LINE('',#1775,#1776);
#1775 = CARTESIAN_POINT('',(13.414105552889,-6.,181.36428475255));
#1776 = VECTOR('',#1777,1.);
#1777 = DIRECTION('',(0.,1.,0.));
#1778 = ORIENTED_EDGE('',*,*,#1779,.T.);
#1779 = EDGE_CURVE('',#1772,#1772,#1780,.T.);
#1780 = CIRCLE('',#1781,2.);
#1781 = AXIS2_PLACEMENT_3D('',#1782,#1783,#1784);
#1782 = CARTESIAN_POINT('',(11.999891990516,-6.,179.95007119018));
#1783 = DIRECTION('',(-0.,1.,0.));
#1784 = DIRECTION('',(0.707106781187,0.,0.707106781187));
#1785 = ORIENTED_EDGE('',*,*,#1771,.T.);
#1786 = CYLINDRICAL_SURFACE('',#1787,2.);
#1787 = AXIS2_PLACEMENT_3D('',#1788,#1789,#1790);
#1788 = CARTESIAN_POINT('',(11.999891990516,-6.,179.95007119018));
#1789 = DIRECTION('',(0.,1.,0.));
#1790 = DIRECTION('',(0.707106781187,0.,0.707106781187));
#1791 = ADVANCED_FACE('',(#1792),#1795,.T.);
#1792 = FACE_BOUND('',#1793,.F.);
#1793 = EDGE_LOOP('',(#1794));
#1794 = ORIENTED_EDGE('',*,*,#1637,.F.);
#1795 = PLANE('',#1796);
#1796 = AXIS2_PLACEMENT_3D('',#1797,#1798,#1799);
#1797 = CARTESIAN_POINT('',(-11.99989906158,-6.,180.04993588088));
#1798 = DIRECTION('',(0.,1.,0.));
#1799 = DIRECTION('',(0.707106781187,0.,0.707106781187));
#1800 = ADVANCED_FACE('',(#1801),#1804,.T.);
#1801 = FACE_BOUND('',#1802,.F.);
#1802 = EDGE_LOOP('',(#1803));
#1803 = ORIENTED_EDGE('',*,*,#1662,.F.);
#1804 = PLANE('',#1805);
#1805 = AXIS2_PLACEMENT_3D('',#1806,#1807,#1808);
#1806 = CARTESIAN_POINT('',(-5.956709951122,-6.,190.41718195325));
#1807 = DIRECTION('',(0.,1.,0.));
#1808 = DIRECTION('',(0.707106781187,0.,0.707106781187));
#1809 = ADVANCED_FACE('',(#1810),#1813,.T.);
#1810 = FACE_BOUND('',#1811,.F.);
#1811 = EDGE_LOOP('',(#1812));
#1812 = ORIENTED_EDGE('',*,*,#1687,.F.);
#1813 = PLANE('',#1814);
#1814 = AXIS2_PLACEMENT_3D('',#1815,#1816,#1817);
#1815 = CARTESIAN_POINT('',(6.043189110461,-6.,190.36724607236));
#1816 = DIRECTION('',(0.,1.,0.));
#1817 = DIRECTION('',(0.707106781187,0.,0.707106781187));
#1818 = ADVANCED_FACE('',(#1819),#1822,.T.);
#1819 = FACE_BOUND('',#1820,.F.);
#1820 = EDGE_LOOP('',(#1821));
#1821 = ORIENTED_EDGE('',*,*,#1712,.F.);
#1822 = PLANE('',#1823);
#1823 = AXIS2_PLACEMENT_3D('',#1824,#1825,#1826);
#1824 = CARTESIAN_POINT('',(-6.043189110461,-6.,169.63275392763));
#1825 = DIRECTION('',(0.,1.,0.));
#1826 = DIRECTION('',(0.707106781187,0.,0.707106781187));
#1827 = ADVANCED_FACE('',(#1828),#1831,.T.);
#1828 = FACE_BOUND('',#1829,.F.);
#1829 = EDGE_LOOP('',(#1830));
#1830 = ORIENTED_EDGE('',*,*,#1737,.F.);
#1831 = PLANE('',#1832);
#1832 = AXIS2_PLACEMENT_3D('',#1833,#1834,#1835);
#1833 = CARTESIAN_POINT('',(5.956709951122,-6.,169.58281804674));
#1834 = DIRECTION('',(0.,1.,0.));
#1835 = DIRECTION('',(0.707106781187,0.,0.707106781187));
#1836 = ADVANCED_FACE('',(#1837),#1840,.T.);
#1837 = FACE_BOUND('',#1838,.F.);
#1838 = EDGE_LOOP('',(#1839));
#1839 = ORIENTED_EDGE('',*,*,#1779,.F.);
#1840 = PLANE('',#1841);
#1841 = AXIS2_PLACEMENT_3D('',#1842,#1843,#1844);
#1842 = CARTESIAN_POINT('',(11.999891990516,-6.,179.95007119018));
#1843 = DIRECTION('',(0.,1.,0.));
#1844 = DIRECTION('',(0.707106781187,0.,0.707106781187));
#1845 = MANIFOLD_SOLID_BREP('',#1846);
#1846 = CLOSED_SHELL('',(#1847,#1879,#1910,#1949,#1980,#2036,#2082,#2106
    ,#2129,#2153,#2195,#2211,#2236,#2263,#2290,#2467,#2492,#2517,#2542,
    #2567,#2592,#2617,#2642,#2667,#2692,#2741,#2772,#2796,#2886,#2912,
    #2930,#2944));
#1847 = ADVANCED_FACE('',(#1848),#1874,.F.);
#1848 = FACE_BOUND('',#1849,.F.);
#1849 = EDGE_LOOP('',(#1850,#1860,#1868));
#1850 = ORIENTED_EDGE('',*,*,#1851,.T.);
#1851 = EDGE_CURVE('',#1852,#1854,#1856,.T.);
#1852 = VERTEX_POINT('',#1853);
#1853 = CARTESIAN_POINT('',(-39.,-18.,124.));
#1854 = VERTEX_POINT('',#1855);
#1855 = CARTESIAN_POINT('',(-39.,-3.,124.));
#1856 = LINE('',#1857,#1858);
#1857 = CARTESIAN_POINT('',(-39.,-18.,124.));
#1858 = VECTOR('',#1859,1.);
#1859 = DIRECTION('',(0.,1.,0.));
#1860 = ORIENTED_EDGE('',*,*,#1861,.T.);
#1861 = EDGE_CURVE('',#1854,#1862,#1864,.T.);
#1862 = VERTEX_POINT('',#1863);
#1863 = CARTESIAN_POINT('',(-39.,-3.,150.));
#1864 = LINE('',#1865,#1866);
#1865 = CARTESIAN_POINT('',(-39.,-3.,124.));
#1866 = VECTOR('',#1867,1.);
#1867 = DIRECTION('',(0.,0.,1.));
#1868 = ORIENTED_EDGE('',*,*,#1869,.T.);
#1869 = EDGE_CURVE('',#1862,#1852,#1870,.T.);
#1870 = LINE('',#1871,#1872);
#1871 = CARTESIAN_POINT('',(-39.,-3.,150.));
#1872 = VECTOR('',#1873,1.);
#1873 = DIRECTION('',(0.,-0.49972245349,-0.866185586049));
#1874 = PLANE('',#1875);
#1875 = AXIS2_PLACEMENT_3D('',#1876,#1877,#1878);
#1876 = CARTESIAN_POINT('',(-39.,-7.754165509902,134.2541655099));
#1877 = DIRECTION('',(1.,0.,0.));
#1878 = DIRECTION('',(0.,0.,1.));
#1879 = ADVANCED_FACE('',(#1880),#1905,.F.);
#1880 = FACE_BOUND('',#1881,.F.);
#1881 = EDGE_LOOP('',(#1882,#1890,#1898,#1904));
#1882 = ORIENTED_EDGE('',*,*,#1883,.T.);
#1883 = EDGE_CURVE('',#1862,#1884,#1886,.T.);
#1884 = VERTEX_POINT('',#1885);
#1885 = CARTESIAN_POINT('',(-35.,-3.,150.));
#1886 = LINE('',#1887,#1888);
#1887 = CARTESIAN_POINT('',(-39.,-3.,150.));
#1888 = VECTOR('',#1889,1.);
#1889 = DIRECTION('',(1.,0.,0.));
#1890 = ORIENTED_EDGE('',*,*,#1891,.T.);
#1891 = EDGE_CURVE('',#1884,#1892,#1894,.T.);
#1892 = VERTEX_POINT('',#1893);
#1893 = CARTESIAN_POINT('',(-35.,-18.,124.));
#1894 = LINE('',#1895,#1896);
#1895 = CARTESIAN_POINT('',(-35.,-3.,150.));
#1896 = VECTOR('',#1897,1.);
#1897 = DIRECTION('',(0.,-0.49972245349,-0.866185586049));
#1898 = ORIENTED_EDGE('',*,*,#1899,.F.);
#1899 = EDGE_CURVE('',#1852,#1892,#1900,.T.);
#1900 = LINE('',#1901,#1902);
#1901 = CARTESIAN_POINT('',(-45.,-18.,124.));
#1902 = VECTOR('',#1903,1.);
#1903 = DIRECTION('',(1.,0.,0.));
#1904 = ORIENTED_EDGE('',*,*,#1869,.F.);
#1905 = PLANE('',#1906);
#1906 = AXIS2_PLACEMENT_3D('',#1907,#1908,#1909);
#1907 = CARTESIAN_POINT('',(-39.,-3.,150.));
#1908 = DIRECTION('',(0.,0.866185586049,-0.49972245349));
#1909 = DIRECTION('',(0.,-0.49972245349,-0.866185586049));
#1910 = ADVANCED_FACE('',(#1911),#1944,.T.);
#1911 = FACE_BOUND('',#1912,.T.);
#1912 = EDGE_LOOP('',(#1913,#1921,#1929,#1937,#1943));
#1913 = ORIENTED_EDGE('',*,*,#1914,.T.);
#1914 = EDGE_CURVE('',#1892,#1915,#1917,.T.);
#1915 = VERTEX_POINT('',#1916);
#1916 = CARTESIAN_POINT('',(-35.,-12.01556443707,124.));
#1917 = LINE('',#1918,#1919);
#1918 = CARTESIAN_POINT('',(-35.,-18.,124.));
#1919 = VECTOR('',#1920,1.);
#1920 = DIRECTION('',(0.,1.,0.));
#1921 = ORIENTED_EDGE('',*,*,#1922,.T.);
#1922 = EDGE_CURVE('',#1915,#1923,#1925,.T.);
#1923 = VERTEX_POINT('',#1924);
#1924 = CARTESIAN_POINT('',(-35.,-7.984435562925,124.));
#1925 = LINE('',#1926,#1927);
#1926 = CARTESIAN_POINT('',(-35.,-18.,124.));
#1927 = VECTOR('',#1928,1.);
#1928 = DIRECTION('',(0.,1.,0.));
#1929 = ORIENTED_EDGE('',*,*,#1930,.T.);
#1930 = EDGE_CURVE('',#1923,#1931,#1933,.T.);
#1931 = VERTEX_POINT('',#1932);
#1932 = CARTESIAN_POINT('',(-35.,-3.,124.));
#1933 = LINE('',#1934,#1935);
#1934 = CARTESIAN_POINT('',(-35.,-18.,124.));
#1935 = VECTOR('',#1936,1.);
#1936 = DIRECTION('',(0.,1.,0.));
#1937 = ORIENTED_EDGE('',*,*,#1938,.T.);
#1938 = EDGE_CURVE('',#1931,#1884,#1939,.T.);
#1939 = LINE('',#1940,#1941);
#1940 = CARTESIAN_POINT('',(-35.,-3.,124.));
#1941 = VECTOR('',#1942,1.);
#1942 = DIRECTION('',(0.,0.,1.));
#1943 = ORIENTED_EDGE('',*,*,#1891,.T.);
#1944 = PLANE('',#1945);
#1945 = AXIS2_PLACEMENT_3D('',#1946,#1947,#1948);
#1946 = CARTESIAN_POINT('',(-35.,-7.754165509902,134.2541655099));
#1947 = DIRECTION('',(1.,0.,0.));
#1948 = DIRECTION('',(0.,0.,1.));
#1949 = ADVANCED_FACE('',(#1950),#1975,.T.);
#1950 = FACE_BOUND('',#1951,.T.);
#1951 = EDGE_LOOP('',(#1952,#1962,#1968,#1969));
#1952 = ORIENTED_EDGE('',*,*,#1953,.F.);
#1953 = EDGE_CURVE('',#1954,#1956,#1958,.T.);
#1954 = VERTEX_POINT('',#1955);
#1955 = CARTESIAN_POINT('',(-45.,-18.,124.));
#1956 = VERTEX_POINT('',#1957);
#1957 = CARTESIAN_POINT('',(-45.,-3.,124.));
#1958 = LINE('',#1959,#1960);
#1959 = CARTESIAN_POINT('',(-45.,-18.,124.));
#1960 = VECTOR('',#1961,1.);
#1961 = DIRECTION('',(0.,1.,0.));
#1962 = ORIENTED_EDGE('',*,*,#1963,.T.);
#1963 = EDGE_CURVE('',#1954,#1852,#1964,.T.);
#1964 = LINE('',#1965,#1966);
#1965 = CARTESIAN_POINT('',(-45.,-18.,124.));
#1966 = VECTOR('',#1967,1.);
#1967 = DIRECTION('',(1.,0.,0.));
#1968 = ORIENTED_EDGE('',*,*,#1851,.T.);
#1969 = ORIENTED_EDGE('',*,*,#1970,.F.);
#1970 = EDGE_CURVE('',#1956,#1854,#1971,.T.);
#1971 = LINE('',#1972,#1973);
#1972 = CARTESIAN_POINT('',(-45.,-3.,124.));
#1973 = VECTOR('',#1974,1.);
#1974 = DIRECTION('',(1.,0.,0.));
#1975 = PLANE('',#1976);
#1976 = AXIS2_PLACEMENT_3D('',#1977,#1978,#1979);
#1977 = CARTESIAN_POINT('',(-45.,-18.,124.));
#1978 = DIRECTION('',(0.,0.,1.));
#1979 = DIRECTION('',(1.,0.,0.));
#1980 = ADVANCED_FACE('',(#1981),#2031,.F.);
#1981 = FACE_BOUND('',#1982,.F.);
#1982 = EDGE_LOOP('',(#1983,#1993,#1999,#2000,#2001,#2009,#2017,#2025));
#1983 = ORIENTED_EDGE('',*,*,#1984,.F.);
#1984 = EDGE_CURVE('',#1985,#1987,#1989,.T.);
#1985 = VERTEX_POINT('',#1986);
#1986 = CARTESIAN_POINT('',(-45.,-18.,118.));
#1987 = VERTEX_POINT('',#1988);
#1988 = CARTESIAN_POINT('',(45.,-18.,118.));
#1989 = LINE('',#1990,#1991);
#1990 = CARTESIAN_POINT('',(-45.,-18.,118.));
#1991 = VECTOR('',#1992,1.);
#1992 = DIRECTION('',(1.,0.,0.));
#1993 = ORIENTED_EDGE('',*,*,#1994,.T.);
#1994 = EDGE_CURVE('',#1985,#1954,#1995,.T.);
#1995 = LINE('',#1996,#1997);
#1996 = CARTESIAN_POINT('',(-45.,-18.,118.));
#1997 = VECTOR('',#1998,1.);
#1998 = DIRECTION('',(0.,0.,1.));
#1999 = ORIENTED_EDGE('',*,*,#1963,.T.);
#2000 = ORIENTED_EDGE('',*,*,#1899,.T.);
#2001 = ORIENTED_EDGE('',*,*,#2002,.T.);
#2002 = EDGE_CURVE('',#1892,#2003,#2005,.T.);
#2003 = VERTEX_POINT('',#2004);
#2004 = CARTESIAN_POINT('',(35.,-18.,124.));
#2005 = LINE('',#2006,#2007);
#2006 = CARTESIAN_POINT('',(-45.,-18.,124.));
#2007 = VECTOR('',#2008,1.);
#2008 = DIRECTION('',(1.,0.,0.));
#2009 = ORIENTED_EDGE('',*,*,#2010,.T.);
#2010 = EDGE_CURVE('',#2003,#2011,#2013,.T.);
#2011 = VERTEX_POINT('',#2012);
#2012 = CARTESIAN_POINT('',(39.,-18.,124.));
#2013 = LINE('',#2014,#2015);
#2014 = CARTESIAN_POINT('',(-45.,-18.,124.));
#2015 = VECTOR('',#2016,1.);
#2016 = DIRECTION('',(1.,0.,0.));
#2017 = ORIENTED_EDGE('',*,*,#2018,.T.);
#2018 = EDGE_CURVE('',#2011,#2019,#2021,.T.);
#2019 = VERTEX_POINT('',#2020);
#2020 = CARTESIAN_POINT('',(45.,-18.,124.));
#2021 = LINE('',#2022,#2023);
#2022 = CARTESIAN_POINT('',(-45.,-18.,124.));
#2023 = VECTOR('',#2024,1.);
#2024 = DIRECTION('',(1.,0.,0.));
#2025 = ORIENTED_EDGE('',*,*,#2026,.F.);
#2026 = EDGE_CURVE('',#1987,#2019,#2027,.T.);
#2027 = LINE('',#2028,#2029);
#2028 = CARTESIAN_POINT('',(45.,-18.,118.));
#2029 = VECTOR('',#2030,1.);
#2030 = DIRECTION('',(0.,0.,1.));
#2031 = PLANE('',#2032);
#2032 = AXIS2_PLACEMENT_3D('',#2033,#2034,#2035);
#2033 = CARTESIAN_POINT('',(-45.,-18.,118.));
#2034 = DIRECTION('',(0.,1.,0.));
#2035 = DIRECTION('',(0.,0.,1.));
#2036 = ADVANCED_FACE('',(#2037),#2077,.F.);
#2037 = FACE_BOUND('',#2038,.F.);
#2038 = EDGE_LOOP('',(#2039,#2047,#2055,#2063,#2071));
#2039 = ORIENTED_EDGE('',*,*,#2040,.T.);
#2040 = EDGE_CURVE('',#2003,#2041,#2043,.T.);
#2041 = VERTEX_POINT('',#2042);
#2042 = CARTESIAN_POINT('',(35.,-12.01556443707,124.));
#2043 = LINE('',#2044,#2045);
#2044 = CARTESIAN_POINT('',(35.,-18.,124.));
#2045 = VECTOR('',#2046,1.);
#2046 = DIRECTION('',(0.,1.,0.));
#2047 = ORIENTED_EDGE('',*,*,#2048,.T.);
#2048 = EDGE_CURVE('',#2041,#2049,#2051,.T.);
#2049 = VERTEX_POINT('',#2050);
#2050 = CARTESIAN_POINT('',(35.,-7.984435562925,124.));
#2051 = LINE('',#2052,#2053);
#2052 = CARTESIAN_POINT('',(35.,-18.,124.));
#2053 = VECTOR('',#2054,1.);
#2054 = DIRECTION('',(0.,1.,0.));
#2055 = ORIENTED_EDGE('',*,*,#2056,.T.);
#2056 = EDGE_CURVE('',#2049,#2057,#2059,.T.);
#2057 = VERTEX_POINT('',#2058);
#2058 = CARTESIAN_POINT('',(35.,-3.,124.));
#2059 = LINE('',#2060,#2061);
#2060 = CARTESIAN_POINT('',(35.,-18.,124.));
#2061 = VECTOR('',#2062,1.);
#2062 = DIRECTION('',(0.,1.,0.));
#2063 = ORIENTED_EDGE('',*,*,#2064,.T.);
#2064 = EDGE_CURVE('',#2057,#2065,#2067,.T.);
#2065 = VERTEX_POINT('',#2066);
#2066 = CARTESIAN_POINT('',(35.,-3.,150.));
#2067 = LINE('',#2068,#2069);
#2068 = CARTESIAN_POINT('',(35.,-3.,124.));
#2069 = VECTOR('',#2070,1.);
#2070 = DIRECTION('',(0.,0.,1.));
#2071 = ORIENTED_EDGE('',*,*,#2072,.T.);
#2072 = EDGE_CURVE('',#2065,#2003,#2073,.T.);
#2073 = LINE('',#2074,#2075);
#2074 = CARTESIAN_POINT('',(35.,-3.,150.));
#2075 = VECTOR('',#2076,1.);
#2076 = DIRECTION('',(0.,-0.49972245349,-0.866185586049));
#2077 = PLANE('',#2078);
#2078 = AXIS2_PLACEMENT_3D('',#2079,#2080,#2081);
#2079 = CARTESIAN_POINT('',(35.,-7.754165509902,134.2541655099));
#2080 = DIRECTION('',(1.,0.,0.));
#2081 = DIRECTION('',(0.,0.,1.));
#2082 = ADVANCED_FACE('',(#2083),#2101,.F.);
#2083 = FACE_BOUND('',#2084,.F.);
#2084 = EDGE_LOOP('',(#2085,#2093,#2099,#2100));
#2085 = ORIENTED_EDGE('',*,*,#2086,.T.);
#2086 = EDGE_CURVE('',#2065,#2087,#2089,.T.);
#2087 = VERTEX_POINT('',#2088);
#2088 = CARTESIAN_POINT('',(39.,-3.,150.));
#2089 = LINE('',#2090,#2091);
#2090 = CARTESIAN_POINT('',(35.,-3.,150.));
#2091 = VECTOR('',#2092,1.);
#2092 = DIRECTION('',(1.,0.,0.));
#2093 = ORIENTED_EDGE('',*,*,#2094,.T.);
#2094 = EDGE_CURVE('',#2087,#2011,#2095,.T.);
#2095 = LINE('',#2096,#2097);
#2096 = CARTESIAN_POINT('',(39.,-3.,150.));
#2097 = VECTOR('',#2098,1.);
#2098 = DIRECTION('',(0.,-0.49972245349,-0.866185586049));
#2099 = ORIENTED_EDGE('',*,*,#2010,.F.);
#2100 = ORIENTED_EDGE('',*,*,#2072,.F.);
#2101 = PLANE('',#2102);
#2102 = AXIS2_PLACEMENT_3D('',#2103,#2104,#2105);
#2103 = CARTESIAN_POINT('',(35.,-3.,150.));
#2104 = DIRECTION('',(0.,0.866185586049,-0.49972245349));
#2105 = DIRECTION('',(0.,-0.49972245349,-0.866185586049));
#2106 = ADVANCED_FACE('',(#2107),#2124,.T.);
#2107 = FACE_BOUND('',#2108,.T.);
#2108 = EDGE_LOOP('',(#2109,#2117,#2123));
#2109 = ORIENTED_EDGE('',*,*,#2110,.T.);
#2110 = EDGE_CURVE('',#2011,#2111,#2113,.T.);
#2111 = VERTEX_POINT('',#2112);
#2112 = CARTESIAN_POINT('',(39.,-3.,124.));
#2113 = LINE('',#2114,#2115);
#2114 = CARTESIAN_POINT('',(39.,-18.,124.));
#2115 = VECTOR('',#2116,1.);
#2116 = DIRECTION('',(0.,1.,0.));
#2117 = ORIENTED_EDGE('',*,*,#2118,.T.);
#2118 = EDGE_CURVE('',#2111,#2087,#2119,.T.);
#2119 = LINE('',#2120,#2121);
#2120 = CARTESIAN_POINT('',(39.,-3.,124.));
#2121 = VECTOR('',#2122,1.);
#2122 = DIRECTION('',(0.,0.,1.));
#2123 = ORIENTED_EDGE('',*,*,#2094,.T.);
#2124 = PLANE('',#2125);
#2125 = AXIS2_PLACEMENT_3D('',#2126,#2127,#2128);
#2126 = CARTESIAN_POINT('',(39.,-7.754165509902,134.2541655099));
#2127 = DIRECTION('',(1.,0.,0.));
#2128 = DIRECTION('',(0.,0.,1.));
#2129 = ADVANCED_FACE('',(#2130),#2148,.T.);
#2130 = FACE_BOUND('',#2131,.T.);
#2131 = EDGE_LOOP('',(#2132,#2133,#2134,#2142));
#2132 = ORIENTED_EDGE('',*,*,#2110,.F.);
#2133 = ORIENTED_EDGE('',*,*,#2018,.T.);
#2134 = ORIENTED_EDGE('',*,*,#2135,.T.);
#2135 = EDGE_CURVE('',#2019,#2136,#2138,.T.);
#2136 = VERTEX_POINT('',#2137);
#2137 = CARTESIAN_POINT('',(45.,-3.,124.));
#2138 = LINE('',#2139,#2140);
#2139 = CARTESIAN_POINT('',(45.,-18.,124.));
#2140 = VECTOR('',#2141,1.);
#2141 = DIRECTION('',(0.,1.,0.));
#2142 = ORIENTED_EDGE('',*,*,#2143,.F.);
#2143 = EDGE_CURVE('',#2111,#2136,#2144,.T.);
#2144 = LINE('',#2145,#2146);
#2145 = CARTESIAN_POINT('',(-45.,-3.,124.));
#2146 = VECTOR('',#2147,1.);
#2147 = DIRECTION('',(1.,0.,0.));
#2148 = PLANE('',#2149);
#2149 = AXIS2_PLACEMENT_3D('',#2150,#2151,#2152);
#2150 = CARTESIAN_POINT('',(-45.,-18.,124.));
#2151 = DIRECTION('',(0.,0.,1.));
#2152 = DIRECTION('',(1.,0.,0.));
#2153 = ADVANCED_FACE('',(#2154),#2190,.T.);
#2154 = FACE_BOUND('',#2155,.T.);
#2155 = EDGE_LOOP('',(#2156,#2157,#2158,#2159,#2166,#2167,#2173,#2174,
    #2183));
#2156 = ORIENTED_EDGE('',*,*,#1914,.F.);
#2157 = ORIENTED_EDGE('',*,*,#2002,.T.);
#2158 = ORIENTED_EDGE('',*,*,#2040,.T.);
#2159 = ORIENTED_EDGE('',*,*,#2160,.F.);
#2160 = EDGE_CURVE('',#2049,#2041,#2161,.T.);
#2161 = CIRCLE('',#2162,2.25);
#2162 = AXIS2_PLACEMENT_3D('',#2163,#2164,#2165);
#2163 = CARTESIAN_POINT('',(34.,-10.,124.));
#2164 = DIRECTION('',(0.,0.,1.));
#2165 = DIRECTION('',(1.,0.,0.));
#2166 = ORIENTED_EDGE('',*,*,#2056,.T.);
#2167 = ORIENTED_EDGE('',*,*,#2168,.F.);
#2168 = EDGE_CURVE('',#1931,#2057,#2169,.T.);
#2169 = LINE('',#2170,#2171);
#2170 = CARTESIAN_POINT('',(-45.,-3.,124.));
#2171 = VECTOR('',#2172,1.);
#2172 = DIRECTION('',(1.,0.,0.));
#2173 = ORIENTED_EDGE('',*,*,#1930,.F.);
#2174 = ORIENTED_EDGE('',*,*,#2175,.F.);
#2175 = EDGE_CURVE('',#2176,#1923,#2178,.T.);
#2176 = VERTEX_POINT('',#2177);
#2177 = CARTESIAN_POINT('',(-31.75,-10.,124.));
#2178 = CIRCLE('',#2179,2.25);
#2179 = AXIS2_PLACEMENT_3D('',#2180,#2181,#2182);
#2180 = CARTESIAN_POINT('',(-34.,-10.,124.));
#2181 = DIRECTION('',(0.,0.,1.));
#2182 = DIRECTION('',(1.,0.,0.));
#2183 = ORIENTED_EDGE('',*,*,#2184,.F.);
#2184 = EDGE_CURVE('',#1915,#2176,#2185,.T.);
#2185 = CIRCLE('',#2186,2.25);
#2186 = AXIS2_PLACEMENT_3D('',#2187,#2188,#2189);
#2187 = CARTESIAN_POINT('',(-34.,-10.,124.));
#2188 = DIRECTION('',(0.,0.,1.));
#2189 = DIRECTION('',(1.,0.,0.));
#2190 = PLANE('',#2191);
#2191 = AXIS2_PLACEMENT_3D('',#2192,#2193,#2194);
#2192 = CARTESIAN_POINT('',(-45.,-18.,124.));
#2193 = DIRECTION('',(0.,0.,1.));
#2194 = DIRECTION('',(1.,0.,0.));
#2195 = ADVANCED_FACE('',(#2196),#2206,.F.);
#2196 = FACE_BOUND('',#2197,.F.);
#2197 = EDGE_LOOP('',(#2198,#2199));
#2198 = ORIENTED_EDGE('',*,*,#1922,.T.);
#2199 = ORIENTED_EDGE('',*,*,#2200,.T.);
#2200 = EDGE_CURVE('',#1923,#1915,#2201,.T.);
#2201 = CIRCLE('',#2202,2.25);
#2202 = AXIS2_PLACEMENT_3D('',#2203,#2204,#2205);
#2203 = CARTESIAN_POINT('',(-34.,-10.,124.));
#2204 = DIRECTION('',(0.,0.,1.));
#2205 = DIRECTION('',(1.,0.,0.));
#2206 = PLANE('',#2207);
#2207 = AXIS2_PLACEMENT_3D('',#2208,#2209,#2210);
#2208 = CARTESIAN_POINT('',(-34.,-10.,124.));
#2209 = DIRECTION('',(0.,0.,1.));
#2210 = DIRECTION('',(1.,0.,0.));
#2211 = ADVANCED_FACE('',(#2212),#2231,.F.);
#2212 = FACE_BOUND('',#2213,.F.);
#2213 = EDGE_LOOP('',(#2214,#2223,#2230));
#2214 = ORIENTED_EDGE('',*,*,#2215,.T.);
#2215 = EDGE_CURVE('',#2041,#2216,#2218,.T.);
#2216 = VERTEX_POINT('',#2217);
#2217 = CARTESIAN_POINT('',(36.25,-10.,124.));
#2218 = CIRCLE('',#2219,2.25);
#2219 = AXIS2_PLACEMENT_3D('',#2220,#2221,#2222);
#2220 = CARTESIAN_POINT('',(34.,-10.,124.));
#2221 = DIRECTION('',(0.,0.,1.));
#2222 = DIRECTION('',(1.,0.,0.));
#2223 = ORIENTED_EDGE('',*,*,#2224,.T.);
#2224 = EDGE_CURVE('',#2216,#2049,#2225,.T.);
#2225 = CIRCLE('',#2226,2.25);
#2226 = AXIS2_PLACEMENT_3D('',#2227,#2228,#2229);
#2227 = CARTESIAN_POINT('',(34.,-10.,124.));
#2228 = DIRECTION('',(0.,0.,1.));
#2229 = DIRECTION('',(1.,0.,0.));
#2230 = ORIENTED_EDGE('',*,*,#2048,.F.);
#2231 = PLANE('',#2232);
#2232 = AXIS2_PLACEMENT_3D('',#2233,#2234,#2235);
#2233 = CARTESIAN_POINT('',(34.,-10.,124.));
#2234 = DIRECTION('',(0.,0.,1.));
#2235 = DIRECTION('',(1.,0.,0.));
#2236 = ADVANCED_FACE('',(#2237),#2258,.F.);
#2237 = FACE_BOUND('',#2238,.F.);
#2238 = EDGE_LOOP('',(#2239,#2247,#2248,#2249,#2250,#2251));
#2239 = ORIENTED_EDGE('',*,*,#2240,.T.);
#2240 = EDGE_CURVE('',#2241,#2176,#2243,.T.);
#2241 = VERTEX_POINT('',#2242);
#2242 = CARTESIAN_POINT('',(-31.75,-10.,118.));
#2243 = LINE('',#2244,#2245);
#2244 = CARTESIAN_POINT('',(-31.75,-10.,118.));
#2245 = VECTOR('',#2246,1.);
#2246 = DIRECTION('',(0.,0.,1.));
#2247 = ORIENTED_EDGE('',*,*,#2184,.F.);
#2248 = ORIENTED_EDGE('',*,*,#2200,.F.);
#2249 = ORIENTED_EDGE('',*,*,#2175,.F.);
#2250 = ORIENTED_EDGE('',*,*,#2240,.F.);
#2251 = ORIENTED_EDGE('',*,*,#2252,.T.);
#2252 = EDGE_CURVE('',#2241,#2241,#2253,.T.);
#2253 = CIRCLE('',#2254,2.25);
#2254 = AXIS2_PLACEMENT_3D('',#2255,#2256,#2257);
#2255 = CARTESIAN_POINT('',(-34.,-10.,118.));
#2256 = DIRECTION('',(0.,0.,1.));
#2257 = DIRECTION('',(1.,0.,0.));
#2258 = CYLINDRICAL_SURFACE('',#2259,2.25);
#2259 = AXIS2_PLACEMENT_3D('',#2260,#2261,#2262);
#2260 = CARTESIAN_POINT('',(-34.,-10.,118.));
#2261 = DIRECTION('',(0.,0.,1.));
#2262 = DIRECTION('',(1.,0.,0.));
#2263 = ADVANCED_FACE('',(#2264),#2285,.F.);
#2264 = FACE_BOUND('',#2265,.F.);
#2265 = EDGE_LOOP('',(#2266,#2274,#2275,#2276,#2277,#2278));
#2266 = ORIENTED_EDGE('',*,*,#2267,.T.);
#2267 = EDGE_CURVE('',#2268,#2216,#2270,.T.);
#2268 = VERTEX_POINT('',#2269);
#2269 = CARTESIAN_POINT('',(36.25,-10.,118.));
#2270 = LINE('',#2271,#2272);
#2271 = CARTESIAN_POINT('',(36.25,-10.,118.));
#2272 = VECTOR('',#2273,1.);
#2273 = DIRECTION('',(0.,0.,1.));
#2274 = ORIENTED_EDGE('',*,*,#2215,.F.);
#2275 = ORIENTED_EDGE('',*,*,#2160,.F.);
#2276 = ORIENTED_EDGE('',*,*,#2224,.F.);
#2277 = ORIENTED_EDGE('',*,*,#2267,.F.);
#2278 = ORIENTED_EDGE('',*,*,#2279,.T.);
#2279 = EDGE_CURVE('',#2268,#2268,#2280,.T.);
#2280 = CIRCLE('',#2281,2.25);
#2281 = AXIS2_PLACEMENT_3D('',#2282,#2283,#2284);
#2282 = CARTESIAN_POINT('',(34.,-10.,118.));
#2283 = DIRECTION('',(0.,0.,1.));
#2284 = DIRECTION('',(1.,0.,0.));
#2285 = CYLINDRICAL_SURFACE('',#2286,2.25);
#2286 = AXIS2_PLACEMENT_3D('',#2287,#2288,#2289);
#2287 = CARTESIAN_POINT('',(34.,-10.,118.));
#2288 = DIRECTION('',(0.,0.,1.));
#2289 = DIRECTION('',(1.,0.,0.));
#2290 = ADVANCED_FACE('',(#2291,#2334,#2363,#2374,#2385,#2396,#2407,
    #2418,#2429,#2440,#2451),#2462,.T.);
#2291 = FACE_BOUND('',#2292,.T.);
#2292 = EDGE_LOOP('',(#2293,#2304,#2310,#2311,#2312,#2313,#2314,#2315,
    #2316,#2317,#2318,#2319,#2327));
#2293 = ORIENTED_EDGE('',*,*,#2294,.F.);
#2294 = EDGE_CURVE('',#2295,#2297,#2299,.T.);
#2295 = VERTEX_POINT('',#2296);
#2296 = CARTESIAN_POINT('',(-45.,-3.,158.20550528229));
#2297 = VERTEX_POINT('',#2298);
#2298 = CARTESIAN_POINT('',(-1.224646799147E-14,-3.,230.));
#2299 = CIRCLE('',#2300,50.);
#2300 = AXIS2_PLACEMENT_3D('',#2301,#2302,#2303);
#2301 = CARTESIAN_POINT('',(0.,-3.,180.));
#2302 = DIRECTION('',(0.,1.,0.));
#2303 = DIRECTION('',(0.,0.,1.));
#2304 = ORIENTED_EDGE('',*,*,#2305,.F.);
#2305 = EDGE_CURVE('',#1956,#2295,#2306,.T.);
#2306 = LINE('',#2307,#2308);
#2307 = CARTESIAN_POINT('',(-45.,-3.,118.));
#2308 = VECTOR('',#2309,1.);
#2309 = DIRECTION('',(0.,0.,1.));
#2310 = ORIENTED_EDGE('',*,*,#1970,.T.);
#2311 = ORIENTED_EDGE('',*,*,#1861,.T.);
#2312 = ORIENTED_EDGE('',*,*,#1883,.T.);
#2313 = ORIENTED_EDGE('',*,*,#1938,.F.);
#2314 = ORIENTED_EDGE('',*,*,#2168,.T.);
#2315 = ORIENTED_EDGE('',*,*,#2064,.T.);
#2316 = ORIENTED_EDGE('',*,*,#2086,.T.);
#2317 = ORIENTED_EDGE('',*,*,#2118,.F.);
#2318 = ORIENTED_EDGE('',*,*,#2143,.T.);
#2319 = ORIENTED_EDGE('',*,*,#2320,.T.);
#2320 = EDGE_CURVE('',#2136,#2321,#2323,.T.);
#2321 = VERTEX_POINT('',#2322);
#2322 = CARTESIAN_POINT('',(45.,-3.,158.20550528229));
#2323 = LINE('',#2324,#2325);
#2324 = CARTESIAN_POINT('',(45.,-3.,118.));
#2325 = VECTOR('',#2326,1.);
#2326 = DIRECTION('',(0.,0.,1.));
#2327 = ORIENTED_EDGE('',*,*,#2328,.F.);
#2328 = EDGE_CURVE('',#2297,#2321,#2329,.T.);
#2329 = CIRCLE('',#2330,50.);
#2330 = AXIS2_PLACEMENT_3D('',#2331,#2332,#2333);
#2331 = CARTESIAN_POINT('',(0.,-3.,180.));
#2332 = DIRECTION('',(0.,1.,0.));
#2333 = DIRECTION('',(0.,0.,1.));
#2334 = FACE_BOUND('',#2335,.T.);
#2335 = EDGE_LOOP('',(#2336,#2347,#2356));
#2336 = ORIENTED_EDGE('',*,*,#2337,.T.);
#2337 = EDGE_CURVE('',#2338,#2340,#2342,.T.);
#2338 = VERTEX_POINT('',#2339);
#2339 = CARTESIAN_POINT('',(-12.64911064067,-3.,162.));
#2340 = VERTEX_POINT('',#2341);
#2341 = CARTESIAN_POINT('',(-5.388445916248E-15,-3.,202.));
#2342 = CIRCLE('',#2343,22.);
#2343 = AXIS2_PLACEMENT_3D('',#2344,#2345,#2346);
#2344 = CARTESIAN_POINT('',(0.,-3.,180.));
#2345 = DIRECTION('',(0.,1.,0.));
#2346 = DIRECTION('',(0.,0.,1.));
#2347 = ORIENTED_EDGE('',*,*,#2348,.T.);
#2348 = EDGE_CURVE('',#2340,#2349,#2351,.T.);
#2349 = VERTEX_POINT('',#2350);
#2350 = CARTESIAN_POINT('',(12.649110640673,-3.,162.));
#2351 = CIRCLE('',#2352,22.);
#2352 = AXIS2_PLACEMENT_3D('',#2353,#2354,#2355);
#2353 = CARTESIAN_POINT('',(0.,-3.,180.));
#2354 = DIRECTION('',(0.,1.,0.));
#2355 = DIRECTION('',(0.,0.,1.));
#2356 = ORIENTED_EDGE('',*,*,#2357,.T.);
#2357 = EDGE_CURVE('',#2349,#2338,#2358,.T.);
#2358 = CIRCLE('',#2359,22.);
#2359 = AXIS2_PLACEMENT_3D('',#2360,#2361,#2362);
#2360 = CARTESIAN_POINT('',(0.,-3.,180.));
#2361 = DIRECTION('',(0.,1.,0.));
#2362 = DIRECTION('',(0.,0.,1.));
#2363 = FACE_BOUND('',#2364,.T.);
#2364 = EDGE_LOOP('',(#2365));
#2365 = ORIENTED_EDGE('',*,*,#2366,.T.);
#2366 = EDGE_CURVE('',#2367,#2367,#2369,.T.);
#2367 = VERTEX_POINT('',#2368);
#2368 = CARTESIAN_POINT('',(-37.30465,-3.,177.87734));
#2369 = CIRCLE('',#2370,1.7);
#2370 = AXIS2_PLACEMENT_3D('',#2371,#2372,#2373);
#2371 = CARTESIAN_POINT('',(-37.30465,-3.,176.17734));
#2372 = DIRECTION('',(0.,1.,0.));
#2373 = DIRECTION('',(0.,0.,1.));
#2374 = FACE_BOUND('',#2375,.T.);
#2375 = EDGE_LOOP('',(#2376));
#2376 = ORIENTED_EDGE('',*,*,#2377,.T.);
#2377 = EDGE_CURVE('',#2378,#2378,#2380,.T.);
#2378 = VERTEX_POINT('',#2379);
#2379 = CARTESIAN_POINT('',(36.36233,-3.,172.53318));
#2380 = CIRCLE('',#2381,1.7);
#2381 = AXIS2_PLACEMENT_3D('',#2382,#2383,#2384);
#2382 = CARTESIAN_POINT('',(36.36233,-3.,170.83318));
#2383 = DIRECTION('',(0.,1.,0.));
#2384 = DIRECTION('',(0.,0.,1.));
#2385 = FACE_BOUND('',#2386,.T.);
#2386 = EDGE_LOOP('',(#2387));
#2387 = ORIENTED_EDGE('',*,*,#2388,.T.);
#2388 = EDGE_CURVE('',#2389,#2389,#2391,.T.);
#2389 = VERTEX_POINT('',#2390);
#2390 = CARTESIAN_POINT('',(33.74748,-3.,198.05107));
#2391 = CIRCLE('',#2392,1.7);
#2392 = AXIS2_PLACEMENT_3D('',#2393,#2394,#2395);
#2393 = CARTESIAN_POINT('',(33.74748,-3.,196.35107));
#2394 = DIRECTION('',(0.,1.,0.));
#2395 = DIRECTION('',(0.,0.,1.));
#2396 = FACE_BOUND('',#2397,.T.);
#2397 = EDGE_LOOP('',(#2398));
#2398 = ORIENTED_EDGE('',*,*,#2399,.T.);
#2399 = EDGE_CURVE('',#2400,#2400,#2402,.T.);
#2400 = VERTEX_POINT('',#2401);
#2401 = CARTESIAN_POINT('',(-31.03418,-3.,202.75064));
#2402 = CIRCLE('',#2403,1.7);
#2403 = AXIS2_PLACEMENT_3D('',#2404,#2405,#2406);
#2404 = CARTESIAN_POINT('',(-31.03418,-3.,201.05064));
#2405 = DIRECTION('',(0.,1.,0.));
#2406 = DIRECTION('',(0.,0.,1.));
#2407 = FACE_BOUND('',#2408,.T.);
#2408 = EDGE_LOOP('',(#2409));
#2409 = ORIENTED_EDGE('',*,*,#2410,.T.);
#2410 = EDGE_CURVE('',#2411,#2411,#2413,.T.);
#2411 = VERTEX_POINT('',#2412);
#2412 = CARTESIAN_POINT('',(15.34181,-3.,215.91811));
#2413 = CIRCLE('',#2414,1.7);
#2414 = AXIS2_PLACEMENT_3D('',#2415,#2416,#2417);
#2415 = CARTESIAN_POINT('',(15.34181,-3.,214.21811));
#2416 = DIRECTION('',(0.,1.,0.));
#2417 = DIRECTION('',(0.,0.,1.));
#2418 = FACE_BOUND('',#2419,.T.);
#2419 = EDGE_LOOP('',(#2420));
#2420 = ORIENTED_EDGE('',*,*,#2421,.T.);
#2421 = EDGE_CURVE('',#2422,#2422,#2424,.T.);
#2422 = VERTEX_POINT('',#2423);
#2423 = CARTESIAN_POINT('',(-2.7133,-3.,144.29829));
#2424 = CIRCLE('',#2425,1.7);
#2425 = AXIS2_PLACEMENT_3D('',#2426,#2427,#2428);
#2426 = CARTESIAN_POINT('',(-2.7133,-3.,142.59829));
#2427 = DIRECTION('',(0.,1.,0.));
#2428 = DIRECTION('',(0.,0.,1.));
#2429 = FACE_BOUND('',#2430,.T.);
#2430 = EDGE_LOOP('',(#2431));
#2431 = ORIENTED_EDGE('',*,*,#2432,.T.);
#2432 = EDGE_CURVE('',#2433,#2433,#2435,.T.);
#2433 = VERTEX_POINT('',#2434);
#2434 = CARTESIAN_POINT('',(-10.24247,-3.,217.77412));
#2435 = CIRCLE('',#2436,1.7);
#2436 = AXIS2_PLACEMENT_3D('',#2437,#2438,#2439);
#2437 = CARTESIAN_POINT('',(-10.24247,-3.,216.07412));
#2438 = DIRECTION('',(0.,1.,0.));
#2439 = DIRECTION('',(0.,0.,1.));
#2440 = FACE_BOUND('',#2441,.T.);
#2441 = EDGE_LOOP('',(#2442));
#2442 = ORIENTED_EDGE('',*,*,#2443,.T.);
#2443 = EDGE_CURVE('',#2444,#2444,#2446,.T.);
#2444 = VERTEX_POINT('',#2445);
#2445 = CARTESIAN_POINT('',(-26.11987,-3.,154.7927));
#2446 = CIRCLE('',#2447,1.7);
#2447 = AXIS2_PLACEMENT_3D('',#2448,#2449,#2450);
#2448 = CARTESIAN_POINT('',(-26.11987,-3.,153.0927));
#2449 = DIRECTION('',(0.,1.,0.));
#2450 = DIRECTION('',(0.,0.,1.));
#2451 = FACE_BOUND('',#2452,.T.);
#2452 = EDGE_LOOP('',(#2453));
#2453 = ORIENTED_EDGE('',*,*,#2454,.T.);
#2454 = EDGE_CURVE('',#2455,#2455,#2457,.T.);
#2455 = VERTEX_POINT('',#2456);
#2456 = CARTESIAN_POINT('',(21.96285,-3.,151.30455));
#2457 = CIRCLE('',#2458,1.7);
#2458 = AXIS2_PLACEMENT_3D('',#2459,#2460,#2461);
#2459 = CARTESIAN_POINT('',(21.96285,-3.,149.60455));
#2460 = DIRECTION('',(0.,1.,0.));
#2461 = DIRECTION('',(0.,0.,1.));
#2462 = PLANE('',#2463);
#2463 = AXIS2_PLACEMENT_3D('',#2464,#2465,#2466);
#2464 = CARTESIAN_POINT('',(-1.480333609331E-15,-3.,163.2502905046));
#2465 = DIRECTION('',(-0.,-1.,-0.));
#2466 = DIRECTION('',(0.,0.,-1.));
#2467 = ADVANCED_FACE('',(#2468),#2487,.F.);
#2468 = FACE_BOUND('',#2469,.F.);
#2469 = EDGE_LOOP('',(#2470,#2479,#2485,#2486));
#2470 = ORIENTED_EDGE('',*,*,#2471,.F.);
#2471 = EDGE_CURVE('',#2472,#2472,#2474,.T.);
#2472 = VERTEX_POINT('',#2473);
#2473 = CARTESIAN_POINT('',(-37.30465,3.,177.87734));
#2474 = CIRCLE('',#2475,1.7);
#2475 = AXIS2_PLACEMENT_3D('',#2476,#2477,#2478);
#2476 = CARTESIAN_POINT('',(-37.30465,3.,176.17734));
#2477 = DIRECTION('',(0.,1.,0.));
#2478 = DIRECTION('',(0.,0.,1.));
#2479 = ORIENTED_EDGE('',*,*,#2480,.F.);
#2480 = EDGE_CURVE('',#2367,#2472,#2481,.T.);
#2481 = LINE('',#2482,#2483);
#2482 = CARTESIAN_POINT('',(-37.30465,-3.,177.87734));
#2483 = VECTOR('',#2484,1.);
#2484 = DIRECTION('',(0.,1.,0.));
#2485 = ORIENTED_EDGE('',*,*,#2366,.T.);
#2486 = ORIENTED_EDGE('',*,*,#2480,.T.);
#2487 = CYLINDRICAL_SURFACE('',#2488,1.7);
#2488 = AXIS2_PLACEMENT_3D('',#2489,#2490,#2491);
#2489 = CARTESIAN_POINT('',(-37.30465,-3.,176.17734));
#2490 = DIRECTION('',(0.,1.,0.));
#2491 = DIRECTION('',(0.,0.,1.));
#2492 = ADVANCED_FACE('',(#2493),#2512,.F.);
#2493 = FACE_BOUND('',#2494,.F.);
#2494 = EDGE_LOOP('',(#2495,#2504,#2510,#2511));
#2495 = ORIENTED_EDGE('',*,*,#2496,.F.);
#2496 = EDGE_CURVE('',#2497,#2497,#2499,.T.);
#2497 = VERTEX_POINT('',#2498);
#2498 = CARTESIAN_POINT('',(36.36233,3.,172.53318));
#2499 = CIRCLE('',#2500,1.7);
#2500 = AXIS2_PLACEMENT_3D('',#2501,#2502,#2503);
#2501 = CARTESIAN_POINT('',(36.36233,3.,170.83318));
#2502 = DIRECTION('',(0.,1.,0.));
#2503 = DIRECTION('',(0.,0.,1.));
#2504 = ORIENTED_EDGE('',*,*,#2505,.F.);
#2505 = EDGE_CURVE('',#2378,#2497,#2506,.T.);
#2506 = LINE('',#2507,#2508);
#2507 = CARTESIAN_POINT('',(36.36233,-3.,172.53318));
#2508 = VECTOR('',#2509,1.);
#2509 = DIRECTION('',(0.,1.,0.));
#2510 = ORIENTED_EDGE('',*,*,#2377,.T.);
#2511 = ORIENTED_EDGE('',*,*,#2505,.T.);
#2512 = CYLINDRICAL_SURFACE('',#2513,1.7);
#2513 = AXIS2_PLACEMENT_3D('',#2514,#2515,#2516);
#2514 = CARTESIAN_POINT('',(36.36233,-3.,170.83318));
#2515 = DIRECTION('',(0.,1.,0.));
#2516 = DIRECTION('',(0.,0.,1.));
#2517 = ADVANCED_FACE('',(#2518),#2537,.F.);
#2518 = FACE_BOUND('',#2519,.F.);
#2519 = EDGE_LOOP('',(#2520,#2529,#2535,#2536));
#2520 = ORIENTED_EDGE('',*,*,#2521,.F.);
#2521 = EDGE_CURVE('',#2522,#2522,#2524,.T.);
#2522 = VERTEX_POINT('',#2523);
#2523 = CARTESIAN_POINT('',(33.74748,3.,198.05107));
#2524 = CIRCLE('',#2525,1.7);
#2525 = AXIS2_PLACEMENT_3D('',#2526,#2527,#2528);
#2526 = CARTESIAN_POINT('',(33.74748,3.,196.35107));
#2527 = DIRECTION('',(0.,1.,0.));
#2528 = DIRECTION('',(0.,0.,1.));
#2529 = ORIENTED_EDGE('',*,*,#2530,.F.);
#2530 = EDGE_CURVE('',#2389,#2522,#2531,.T.);
#2531 = LINE('',#2532,#2533);
#2532 = CARTESIAN_POINT('',(33.74748,-3.,198.05107));
#2533 = VECTOR('',#2534,1.);
#2534 = DIRECTION('',(0.,1.,0.));
#2535 = ORIENTED_EDGE('',*,*,#2388,.T.);
#2536 = ORIENTED_EDGE('',*,*,#2530,.T.);
#2537 = CYLINDRICAL_SURFACE('',#2538,1.7);
#2538 = AXIS2_PLACEMENT_3D('',#2539,#2540,#2541);
#2539 = CARTESIAN_POINT('',(33.74748,-3.,196.35107));
#2540 = DIRECTION('',(0.,1.,0.));
#2541 = DIRECTION('',(0.,0.,1.));
#2542 = ADVANCED_FACE('',(#2543),#2562,.F.);
#2543 = FACE_BOUND('',#2544,.F.);
#2544 = EDGE_LOOP('',(#2545,#2554,#2560,#2561));
#2545 = ORIENTED_EDGE('',*,*,#2546,.F.);
#2546 = EDGE_CURVE('',#2547,#2547,#2549,.T.);
#2547 = VERTEX_POINT('',#2548);
#2548 = CARTESIAN_POINT('',(-31.03418,3.,202.75064));
#2549 = CIRCLE('',#2550,1.7);
#2550 = AXIS2_PLACEMENT_3D('',#2551,#2552,#2553);
#2551 = CARTESIAN_POINT('',(-31.03418,3.,201.05064));
#2552 = DIRECTION('',(0.,1.,0.));
#2553 = DIRECTION('',(0.,0.,1.));
#2554 = ORIENTED_EDGE('',*,*,#2555,.F.);
#2555 = EDGE_CURVE('',#2400,#2547,#2556,.T.);
#2556 = LINE('',#2557,#2558);
#2557 = CARTESIAN_POINT('',(-31.03418,-3.,202.75064));
#2558 = VECTOR('',#2559,1.);
#2559 = DIRECTION('',(0.,1.,0.));
#2560 = ORIENTED_EDGE('',*,*,#2399,.T.);
#2561 = ORIENTED_EDGE('',*,*,#2555,.T.);
#2562 = CYLINDRICAL_SURFACE('',#2563,1.7);
#2563 = AXIS2_PLACEMENT_3D('',#2564,#2565,#2566);
#2564 = CARTESIAN_POINT('',(-31.03418,-3.,201.05064));
#2565 = DIRECTION('',(0.,1.,0.));
#2566 = DIRECTION('',(0.,0.,1.));
#2567 = ADVANCED_FACE('',(#2568),#2587,.F.);
#2568 = FACE_BOUND('',#2569,.F.);
#2569 = EDGE_LOOP('',(#2570,#2579,#2585,#2586));
#2570 = ORIENTED_EDGE('',*,*,#2571,.F.);
#2571 = EDGE_CURVE('',#2572,#2572,#2574,.T.);
#2572 = VERTEX_POINT('',#2573);
#2573 = CARTESIAN_POINT('',(15.34181,3.,215.91811));
#2574 = CIRCLE('',#2575,1.7);
#2575 = AXIS2_PLACEMENT_3D('',#2576,#2577,#2578);
#2576 = CARTESIAN_POINT('',(15.34181,3.,214.21811));
#2577 = DIRECTION('',(0.,1.,0.));
#2578 = DIRECTION('',(0.,0.,1.));
#2579 = ORIENTED_EDGE('',*,*,#2580,.F.);
#2580 = EDGE_CURVE('',#2411,#2572,#2581,.T.);
#2581 = LINE('',#2582,#2583);
#2582 = CARTESIAN_POINT('',(15.34181,-3.,215.91811));
#2583 = VECTOR('',#2584,1.);
#2584 = DIRECTION('',(0.,1.,0.));
#2585 = ORIENTED_EDGE('',*,*,#2410,.T.);
#2586 = ORIENTED_EDGE('',*,*,#2580,.T.);
#2587 = CYLINDRICAL_SURFACE('',#2588,1.7);
#2588 = AXIS2_PLACEMENT_3D('',#2589,#2590,#2591);
#2589 = CARTESIAN_POINT('',(15.34181,-3.,214.21811));
#2590 = DIRECTION('',(0.,1.,0.));
#2591 = DIRECTION('',(0.,0.,1.));
#2592 = ADVANCED_FACE('',(#2593),#2612,.F.);
#2593 = FACE_BOUND('',#2594,.F.);
#2594 = EDGE_LOOP('',(#2595,#2604,#2610,#2611));
#2595 = ORIENTED_EDGE('',*,*,#2596,.F.);
#2596 = EDGE_CURVE('',#2597,#2597,#2599,.T.);
#2597 = VERTEX_POINT('',#2598);
#2598 = CARTESIAN_POINT('',(-2.7133,3.,144.29829));
#2599 = CIRCLE('',#2600,1.7);
#2600 = AXIS2_PLACEMENT_3D('',#2601,#2602,#2603);
#2601 = CARTESIAN_POINT('',(-2.7133,3.,142.59829));
#2602 = DIRECTION('',(0.,1.,0.));
#2603 = DIRECTION('',(0.,0.,1.));
#2604 = ORIENTED_EDGE('',*,*,#2605,.F.);
#2605 = EDGE_CURVE('',#2422,#2597,#2606,.T.);
#2606 = LINE('',#2607,#2608);
#2607 = CARTESIAN_POINT('',(-2.7133,-3.,144.29829));
#2608 = VECTOR('',#2609,1.);
#2609 = DIRECTION('',(0.,1.,0.));
#2610 = ORIENTED_EDGE('',*,*,#2421,.T.);
#2611 = ORIENTED_EDGE('',*,*,#2605,.T.);
#2612 = CYLINDRICAL_SURFACE('',#2613,1.7);
#2613 = AXIS2_PLACEMENT_3D('',#2614,#2615,#2616);
#2614 = CARTESIAN_POINT('',(-2.7133,-3.,142.59829));
#2615 = DIRECTION('',(0.,1.,0.));
#2616 = DIRECTION('',(0.,0.,1.));
#2617 = ADVANCED_FACE('',(#2618),#2637,.F.);
#2618 = FACE_BOUND('',#2619,.F.);
#2619 = EDGE_LOOP('',(#2620,#2629,#2635,#2636));
#2620 = ORIENTED_EDGE('',*,*,#2621,.F.);
#2621 = EDGE_CURVE('',#2622,#2622,#2624,.T.);
#2622 = VERTEX_POINT('',#2623);
#2623 = CARTESIAN_POINT('',(-10.24247,3.,217.77412));
#2624 = CIRCLE('',#2625,1.7);
#2625 = AXIS2_PLACEMENT_3D('',#2626,#2627,#2628);
#2626 = CARTESIAN_POINT('',(-10.24247,3.,216.07412));
#2627 = DIRECTION('',(0.,1.,0.));
#2628 = DIRECTION('',(0.,0.,1.));
#2629 = ORIENTED_EDGE('',*,*,#2630,.F.);
#2630 = EDGE_CURVE('',#2433,#2622,#2631,.T.);
#2631 = LINE('',#2632,#2633);
#2632 = CARTESIAN_POINT('',(-10.24247,-3.,217.77412));
#2633 = VECTOR('',#2634,1.);
#2634 = DIRECTION('',(0.,1.,0.));
#2635 = ORIENTED_EDGE('',*,*,#2432,.T.);
#2636 = ORIENTED_EDGE('',*,*,#2630,.T.);
#2637 = CYLINDRICAL_SURFACE('',#2638,1.7);
#2638 = AXIS2_PLACEMENT_3D('',#2639,#2640,#2641);
#2639 = CARTESIAN_POINT('',(-10.24247,-3.,216.07412));
#2640 = DIRECTION('',(0.,1.,0.));
#2641 = DIRECTION('',(0.,0.,1.));
#2642 = ADVANCED_FACE('',(#2643),#2662,.F.);
#2643 = FACE_BOUND('',#2644,.F.);
#2644 = EDGE_LOOP('',(#2645,#2654,#2660,#2661));
#2645 = ORIENTED_EDGE('',*,*,#2646,.F.);
#2646 = EDGE_CURVE('',#2647,#2647,#2649,.T.);
#2647 = VERTEX_POINT('',#2648);
#2648 = CARTESIAN_POINT('',(-26.11987,3.,154.7927));
#2649 = CIRCLE('',#2650,1.7);
#2650 = AXIS2_PLACEMENT_3D('',#2651,#2652,#2653);
#2651 = CARTESIAN_POINT('',(-26.11987,3.,153.0927));
#2652 = DIRECTION('',(0.,1.,0.));
#2653 = DIRECTION('',(0.,0.,1.));
#2654 = ORIENTED_EDGE('',*,*,#2655,.F.);
#2655 = EDGE_CURVE('',#2444,#2647,#2656,.T.);
#2656 = LINE('',#2657,#2658);
#2657 = CARTESIAN_POINT('',(-26.11987,-3.,154.7927));
#2658 = VECTOR('',#2659,1.);
#2659 = DIRECTION('',(0.,1.,0.));
#2660 = ORIENTED_EDGE('',*,*,#2443,.T.);
#2661 = ORIENTED_EDGE('',*,*,#2655,.T.);
#2662 = CYLINDRICAL_SURFACE('',#2663,1.7);
#2663 = AXIS2_PLACEMENT_3D('',#2664,#2665,#2666);
#2664 = CARTESIAN_POINT('',(-26.11987,-3.,153.0927));
#2665 = DIRECTION('',(0.,1.,0.));
#2666 = DIRECTION('',(0.,0.,1.));
#2667 = ADVANCED_FACE('',(#2668),#2687,.F.);
#2668 = FACE_BOUND('',#2669,.F.);
#2669 = EDGE_LOOP('',(#2670,#2679,#2685,#2686));
#2670 = ORIENTED_EDGE('',*,*,#2671,.F.);
#2671 = EDGE_CURVE('',#2672,#2672,#2674,.T.);
#2672 = VERTEX_POINT('',#2673);
#2673 = CARTESIAN_POINT('',(21.96285,3.,151.30455));
#2674 = CIRCLE('',#2675,1.7);
#2675 = AXIS2_PLACEMENT_3D('',#2676,#2677,#2678);
#2676 = CARTESIAN_POINT('',(21.96285,3.,149.60455));
#2677 = DIRECTION('',(0.,1.,0.));
#2678 = DIRECTION('',(0.,0.,1.));
#2679 = ORIENTED_EDGE('',*,*,#2680,.F.);
#2680 = EDGE_CURVE('',#2455,#2672,#2681,.T.);
#2681 = LINE('',#2682,#2683);
#2682 = CARTESIAN_POINT('',(21.96285,-3.,151.30455));
#2683 = VECTOR('',#2684,1.);
#2684 = DIRECTION('',(0.,1.,0.));
#2685 = ORIENTED_EDGE('',*,*,#2454,.T.);
#2686 = ORIENTED_EDGE('',*,*,#2680,.T.);
#2687 = CYLINDRICAL_SURFACE('',#2688,1.7);
#2688 = AXIS2_PLACEMENT_3D('',#2689,#2690,#2691);
#2689 = CARTESIAN_POINT('',(21.96285,-3.,149.60455));
#2690 = DIRECTION('',(0.,1.,0.));
#2691 = DIRECTION('',(0.,0.,1.));
#2692 = ADVANCED_FACE('',(#2693),#2736,.T.);
#2693 = FACE_BOUND('',#2694,.T.);
#2694 = EDGE_LOOP('',(#2695,#2696,#2704,#2712,#2720,#2728,#2734,#2735));
#2695 = ORIENTED_EDGE('',*,*,#2305,.T.);
#2696 = ORIENTED_EDGE('',*,*,#2697,.T.);
#2697 = EDGE_CURVE('',#2295,#2698,#2700,.T.);
#2698 = VERTEX_POINT('',#2699);
#2699 = CARTESIAN_POINT('',(-45.,3.,158.20550528229));
#2700 = LINE('',#2701,#2702);
#2701 = CARTESIAN_POINT('',(-45.,-3.,158.20550528229));
#2702 = VECTOR('',#2703,1.);
#2703 = DIRECTION('',(0.,1.,0.));
#2704 = ORIENTED_EDGE('',*,*,#2705,.F.);
#2705 = EDGE_CURVE('',#2706,#2698,#2708,.T.);
#2706 = VERTEX_POINT('',#2707);
#2707 = CARTESIAN_POINT('',(-45.,3.,124.));
#2708 = LINE('',#2709,#2710);
#2709 = CARTESIAN_POINT('',(-45.,3.,118.));
#2710 = VECTOR('',#2711,1.);
#2711 = DIRECTION('',(0.,0.,1.));
#2712 = ORIENTED_EDGE('',*,*,#2713,.T.);
#2713 = EDGE_CURVE('',#2706,#2714,#2716,.T.);
#2714 = VERTEX_POINT('',#2715);
#2715 = CARTESIAN_POINT('',(-45.,6.,124.));
#2716 = LINE('',#2717,#2718);
#2717 = CARTESIAN_POINT('',(-45.,-18.,124.));
#2718 = VECTOR('',#2719,1.);
#2719 = DIRECTION('',(0.,1.,0.));
#2720 = ORIENTED_EDGE('',*,*,#2721,.F.);
#2721 = EDGE_CURVE('',#2722,#2714,#2724,.T.);
#2722 = VERTEX_POINT('',#2723);
#2723 = CARTESIAN_POINT('',(-45.,6.,118.));
#2724 = LINE('',#2725,#2726);
#2725 = CARTESIAN_POINT('',(-45.,6.,118.));
#2726 = VECTOR('',#2727,1.);
#2727 = DIRECTION('',(0.,0.,1.));
#2728 = ORIENTED_EDGE('',*,*,#2729,.F.);
#2729 = EDGE_CURVE('',#1985,#2722,#2730,.T.);
#2730 = LINE('',#2731,#2732);
#2731 = CARTESIAN_POINT('',(-45.,-18.,118.));
#2732 = VECTOR('',#2733,1.);
#2733 = DIRECTION('',(0.,1.,0.));
#2734 = ORIENTED_EDGE('',*,*,#1994,.T.);
#2735 = ORIENTED_EDGE('',*,*,#1953,.T.);
#2736 = PLANE('',#2737);
#2737 = AXIS2_PLACEMENT_3D('',#2738,#2739,#2740);
#2738 = CARTESIAN_POINT('',(-45.,-2.803497912034,133.30799950919));
#2739 = DIRECTION('',(-1.,-0.,-0.));
#2740 = DIRECTION('',(0.,0.,-1.));
#2741 = ADVANCED_FACE('',(#2742),#2767,.T.);
#2742 = FACE_BOUND('',#2743,.T.);
#2743 = EDGE_LOOP('',(#2744,#2745,#2753,#2761));
#2744 = ORIENTED_EDGE('',*,*,#2713,.F.);
#2745 = ORIENTED_EDGE('',*,*,#2746,.T.);
#2746 = EDGE_CURVE('',#2706,#2747,#2749,.T.);
#2747 = VERTEX_POINT('',#2748);
#2748 = CARTESIAN_POINT('',(45.,3.,124.));
#2749 = LINE('',#2750,#2751);
#2750 = CARTESIAN_POINT('',(-45.,3.,124.));
#2751 = VECTOR('',#2752,1.);
#2752 = DIRECTION('',(1.,0.,0.));
#2753 = ORIENTED_EDGE('',*,*,#2754,.T.);
#2754 = EDGE_CURVE('',#2747,#2755,#2757,.T.);
#2755 = VERTEX_POINT('',#2756);
#2756 = CARTESIAN_POINT('',(45.,6.,124.));
#2757 = LINE('',#2758,#2759);
#2758 = CARTESIAN_POINT('',(45.,-18.,124.));
#2759 = VECTOR('',#2760,1.);
#2760 = DIRECTION('',(0.,1.,0.));
#2761 = ORIENTED_EDGE('',*,*,#2762,.F.);
#2762 = EDGE_CURVE('',#2714,#2755,#2763,.T.);
#2763 = LINE('',#2764,#2765);
#2764 = CARTESIAN_POINT('',(-45.,6.,124.));
#2765 = VECTOR('',#2766,1.);
#2766 = DIRECTION('',(1.,0.,0.));
#2767 = PLANE('',#2768);
#2768 = AXIS2_PLACEMENT_3D('',#2769,#2770,#2771);
#2769 = CARTESIAN_POINT('',(-45.,-18.,124.));
#2770 = DIRECTION('',(0.,0.,1.));
#2771 = DIRECTION('',(1.,0.,0.));
#2772 = ADVANCED_FACE('',(#2773),#2791,.T.);
#2773 = FACE_BOUND('',#2774,.T.);
#2774 = EDGE_LOOP('',(#2775,#2783,#2784,#2785));
#2775 = ORIENTED_EDGE('',*,*,#2776,.F.);
#2776 = EDGE_CURVE('',#2722,#2777,#2779,.T.);
#2777 = VERTEX_POINT('',#2778);
#2778 = CARTESIAN_POINT('',(45.,6.,118.));
#2779 = LINE('',#2780,#2781);
#2780 = CARTESIAN_POINT('',(-45.,6.,118.));
#2781 = VECTOR('',#2782,1.);
#2782 = DIRECTION('',(1.,0.,0.));
#2783 = ORIENTED_EDGE('',*,*,#2721,.T.);
#2784 = ORIENTED_EDGE('',*,*,#2762,.T.);
#2785 = ORIENTED_EDGE('',*,*,#2786,.F.);
#2786 = EDGE_CURVE('',#2777,#2755,#2787,.T.);
#2787 = LINE('',#2788,#2789);
#2788 = CARTESIAN_POINT('',(45.,6.,118.));
#2789 = VECTOR('',#2790,1.);
#2790 = DIRECTION('',(0.,0.,1.));
#2791 = PLANE('',#2792);
#2792 = AXIS2_PLACEMENT_3D('',#2793,#2794,#2795);
#2793 = CARTESIAN_POINT('',(-45.,6.,118.));
#2794 = DIRECTION('',(0.,1.,0.));
#2795 = DIRECTION('',(0.,0.,1.));
#2796 = ADVANCED_FACE('',(#2797,#2825,#2854,#2857,#2860,#2863,#2866,
    #2869,#2872,#2875,#2878),#2881,.T.);
#2797 = FACE_BOUND('',#2798,.T.);
#2798 = EDGE_LOOP('',(#2799,#2808,#2817,#2823,#2824));
#2799 = ORIENTED_EDGE('',*,*,#2800,.T.);
#2800 = EDGE_CURVE('',#2698,#2801,#2803,.T.);
#2801 = VERTEX_POINT('',#2802);
#2802 = CARTESIAN_POINT('',(-1.224646799147E-14,3.,230.));
#2803 = CIRCLE('',#2804,50.);
#2804 = AXIS2_PLACEMENT_3D('',#2805,#2806,#2807);
#2805 = CARTESIAN_POINT('',(0.,3.,180.));
#2806 = DIRECTION('',(0.,1.,0.));
#2807 = DIRECTION('',(0.,0.,1.));
#2808 = ORIENTED_EDGE('',*,*,#2809,.T.);
#2809 = EDGE_CURVE('',#2801,#2810,#2812,.T.);
#2810 = VERTEX_POINT('',#2811);
#2811 = CARTESIAN_POINT('',(45.,3.,158.20550528229));
#2812 = CIRCLE('',#2813,50.);
#2813 = AXIS2_PLACEMENT_3D('',#2814,#2815,#2816);
#2814 = CARTESIAN_POINT('',(0.,3.,180.));
#2815 = DIRECTION('',(0.,1.,0.));
#2816 = DIRECTION('',(0.,0.,1.));
#2817 = ORIENTED_EDGE('',*,*,#2818,.F.);
#2818 = EDGE_CURVE('',#2747,#2810,#2819,.T.);
#2819 = LINE('',#2820,#2821);
#2820 = CARTESIAN_POINT('',(45.,3.,118.));
#2821 = VECTOR('',#2822,1.);
#2822 = DIRECTION('',(0.,0.,1.));
#2823 = ORIENTED_EDGE('',*,*,#2746,.F.);
#2824 = ORIENTED_EDGE('',*,*,#2705,.T.);
#2825 = FACE_BOUND('',#2826,.T.);
#2826 = EDGE_LOOP('',(#2827,#2838,#2847));
#2827 = ORIENTED_EDGE('',*,*,#2828,.F.);
#2828 = EDGE_CURVE('',#2829,#2831,#2833,.T.);
#2829 = VERTEX_POINT('',#2830);
#2830 = CARTESIAN_POINT('',(-12.64911064067,3.,162.));
#2831 = VERTEX_POINT('',#2832);
#2832 = CARTESIAN_POINT('',(-5.388445916248E-15,3.,202.));
#2833 = CIRCLE('',#2834,22.);
#2834 = AXIS2_PLACEMENT_3D('',#2835,#2836,#2837);
#2835 = CARTESIAN_POINT('',(0.,3.,180.));
#2836 = DIRECTION('',(0.,1.,0.));
#2837 = DIRECTION('',(0.,0.,1.));
#2838 = ORIENTED_EDGE('',*,*,#2839,.F.);
#2839 = EDGE_CURVE('',#2840,#2829,#2842,.T.);
#2840 = VERTEX_POINT('',#2841);
#2841 = CARTESIAN_POINT('',(12.649110640673,3.,162.));
#2842 = CIRCLE('',#2843,22.);
#2843 = AXIS2_PLACEMENT_3D('',#2844,#2845,#2846);
#2844 = CARTESIAN_POINT('',(0.,3.,180.));
#2845 = DIRECTION('',(0.,1.,0.));
#2846 = DIRECTION('',(0.,0.,1.));
#2847 = ORIENTED_EDGE('',*,*,#2848,.F.);
#2848 = EDGE_CURVE('',#2831,#2840,#2849,.T.);
#2849 = CIRCLE('',#2850,22.);
#2850 = AXIS2_PLACEMENT_3D('',#2851,#2852,#2853);
#2851 = CARTESIAN_POINT('',(0.,3.,180.));
#2852 = DIRECTION('',(0.,1.,0.));
#2853 = DIRECTION('',(0.,0.,1.));
#2854 = FACE_BOUND('',#2855,.T.);
#2855 = EDGE_LOOP('',(#2856));
#2856 = ORIENTED_EDGE('',*,*,#2471,.F.);
#2857 = FACE_BOUND('',#2858,.T.);
#2858 = EDGE_LOOP('',(#2859));
#2859 = ORIENTED_EDGE('',*,*,#2496,.F.);
#2860 = FACE_BOUND('',#2861,.T.);
#2861 = EDGE_LOOP('',(#2862));
#2862 = ORIENTED_EDGE('',*,*,#2521,.F.);
#2863 = FACE_BOUND('',#2864,.T.);
#2864 = EDGE_LOOP('',(#2865));
#2865 = ORIENTED_EDGE('',*,*,#2546,.F.);
#2866 = FACE_BOUND('',#2867,.T.);
#2867 = EDGE_LOOP('',(#2868));
#2868 = ORIENTED_EDGE('',*,*,#2571,.F.);
#2869 = FACE_BOUND('',#2870,.T.);
#2870 = EDGE_LOOP('',(#2871));
#2871 = ORIENTED_EDGE('',*,*,#2596,.F.);
#2872 = FACE_BOUND('',#2873,.T.);
#2873 = EDGE_LOOP('',(#2874));
#2874 = ORIENTED_EDGE('',*,*,#2621,.F.);
#2875 = FACE_BOUND('',#2876,.T.);
#2876 = EDGE_LOOP('',(#2877));
#2877 = ORIENTED_EDGE('',*,*,#2646,.F.);
#2878 = FACE_BOUND('',#2879,.T.);
#2879 = EDGE_LOOP('',(#2880));
#2880 = ORIENTED_EDGE('',*,*,#2671,.F.);
#2881 = PLANE('',#2882);
#2882 = AXIS2_PLACEMENT_3D('',#2883,#2884,#2885);
#2883 = CARTESIAN_POINT('',(0.,3.,170.31898433917));
#2884 = DIRECTION('',(0.,1.,0.));
#2885 = DIRECTION('',(0.,0.,1.));
#2886 = ADVANCED_FACE('',(#2887),#2907,.T.);
#2887 = FACE_BOUND('',#2888,.T.);
#2888 = EDGE_LOOP('',(#2889,#2890,#2891,#2892,#2898,#2899,#2900,#2901));
#2889 = ORIENTED_EDGE('',*,*,#2320,.F.);
#2890 = ORIENTED_EDGE('',*,*,#2135,.F.);
#2891 = ORIENTED_EDGE('',*,*,#2026,.F.);
#2892 = ORIENTED_EDGE('',*,*,#2893,.T.);
#2893 = EDGE_CURVE('',#1987,#2777,#2894,.T.);
#2894 = LINE('',#2895,#2896);
#2895 = CARTESIAN_POINT('',(45.,-18.,118.));
#2896 = VECTOR('',#2897,1.);
#2897 = DIRECTION('',(0.,1.,0.));
#2898 = ORIENTED_EDGE('',*,*,#2786,.T.);
#2899 = ORIENTED_EDGE('',*,*,#2754,.F.);
#2900 = ORIENTED_EDGE('',*,*,#2818,.T.);
#2901 = ORIENTED_EDGE('',*,*,#2902,.F.);
#2902 = EDGE_CURVE('',#2321,#2810,#2903,.T.);
#2903 = LINE('',#2904,#2905);
#2904 = CARTESIAN_POINT('',(45.,-3.,158.20550528229));
#2905 = VECTOR('',#2906,1.);
#2906 = DIRECTION('',(0.,1.,0.));
#2907 = PLANE('',#2908);
#2908 = AXIS2_PLACEMENT_3D('',#2909,#2910,#2911);
#2909 = CARTESIAN_POINT('',(45.,-2.803497912034,133.30799950919));
#2910 = DIRECTION('',(1.,0.,0.));
#2911 = DIRECTION('',(0.,0.,1.));
#2912 = ADVANCED_FACE('',(#2913,#2919,#2922),#2925,.T.);
#2913 = FACE_BOUND('',#2914,.T.);
#2914 = EDGE_LOOP('',(#2915,#2916,#2917,#2918));
#2915 = ORIENTED_EDGE('',*,*,#2729,.T.);
#2916 = ORIENTED_EDGE('',*,*,#2776,.T.);
#2917 = ORIENTED_EDGE('',*,*,#2893,.F.);
#2918 = ORIENTED_EDGE('',*,*,#1984,.F.);
#2919 = FACE_BOUND('',#2920,.T.);
#2920 = EDGE_LOOP('',(#2921));
#2921 = ORIENTED_EDGE('',*,*,#2252,.T.);
#2922 = FACE_BOUND('',#2923,.T.);
#2923 = EDGE_LOOP('',(#2924));
#2924 = ORIENTED_EDGE('',*,*,#2279,.T.);
#2925 = PLANE('',#2926);
#2926 = AXIS2_PLACEMENT_3D('',#2927,#2928,#2929);
#2927 = CARTESIAN_POINT('',(0.,-6.,118.));
#2928 = DIRECTION('',(-0.,-0.,-1.));
#2929 = DIRECTION('',(-1.,0.,0.));
#2930 = ADVANCED_FACE('',(#2931),#2939,.T.);
#2931 = FACE_BOUND('',#2932,.T.);
#2932 = EDGE_LOOP('',(#2933,#2934,#2935,#2936,#2937,#2938));
#2933 = ORIENTED_EDGE('',*,*,#2328,.T.);
#2934 = ORIENTED_EDGE('',*,*,#2902,.T.);
#2935 = ORIENTED_EDGE('',*,*,#2809,.F.);
#2936 = ORIENTED_EDGE('',*,*,#2800,.F.);
#2937 = ORIENTED_EDGE('',*,*,#2697,.F.);
#2938 = ORIENTED_EDGE('',*,*,#2294,.T.);
#2939 = CYLINDRICAL_SURFACE('',#2940,50.);
#2940 = AXIS2_PLACEMENT_3D('',#2941,#2942,#2943);
#2941 = CARTESIAN_POINT('',(0.,-3.,180.));
#2942 = DIRECTION('',(0.,1.,0.));
#2943 = DIRECTION('',(0.,0.,1.));
#2944 = ADVANCED_FACE('',(#2945),#2959,.F.);
#2945 = FACE_BOUND('',#2946,.F.);
#2946 = EDGE_LOOP('',(#2947,#2948,#2953,#2954,#2955,#2956,#2957,#2958));
#2947 = ORIENTED_EDGE('',*,*,#2337,.T.);
#2948 = ORIENTED_EDGE('',*,*,#2949,.T.);
#2949 = EDGE_CURVE('',#2340,#2831,#2950,.T.);
#2950 = B_SPLINE_CURVE_WITH_KNOTS('',1,(#2951,#2952),.UNSPECIFIED.,.F.,
  .F.,(2,2),(0.,6.),.PIECEWISE_BEZIER_KNOTS.);
#2951 = CARTESIAN_POINT('',(0.,-3.,202.));
#2952 = CARTESIAN_POINT('',(0.,3.,202.));
#2953 = ORIENTED_EDGE('',*,*,#2828,.F.);
#2954 = ORIENTED_EDGE('',*,*,#2839,.F.);
#2955 = ORIENTED_EDGE('',*,*,#2848,.F.);
#2956 = ORIENTED_EDGE('',*,*,#2949,.F.);
#2957 = ORIENTED_EDGE('',*,*,#2348,.T.);
#2958 = ORIENTED_EDGE('',*,*,#2357,.T.);
#2959 = CYLINDRICAL_SURFACE('',#2960,22.);
#2960 = AXIS2_PLACEMENT_3D('',#2961,#2962,#2963);
#2961 = CARTESIAN_POINT('',(0.,-3.,180.));
#2962 = DIRECTION('',(0.,1.,0.));
#2963 = DIRECTION('',(0.,0.,1.));
#2964 = MANIFOLD_SOLID_BREP('',#2965);
#2965 = CLOSED_SHELL('',(#2966,#3006,#3140,#3163,#3187,#3203,#3226,#3250
    ,#3266,#3297,#3398,#3418,#3437,#3462,#3487,#3585,#3610,#3619,#3661,
    #3686,#3695,#3720,#3729,#3743,#3758));
#2966 = ADVANCED_FACE('',(#2967),#3001,.F.);
#2967 = FACE_BOUND('',#2968,.F.);
#2968 = EDGE_LOOP('',(#2969,#2979,#2987,#2995));
#2969 = ORIENTED_EDGE('',*,*,#2970,.F.);
#2970 = EDGE_CURVE('',#2971,#2973,#2975,.T.);
#2971 = VERTEX_POINT('',#2972);
#2972 = CARTESIAN_POINT('',(-26.,94.,118.));
#2973 = VERTEX_POINT('',#2974);
#2974 = CARTESIAN_POINT('',(-26.,94.,165.0333704529));
#2975 = LINE('',#2976,#2977);
#2976 = CARTESIAN_POINT('',(-26.,94.,118.));
#2977 = VECTOR('',#2978,1.);
#2978 = DIRECTION('',(0.,0.,1.));
#2979 = ORIENTED_EDGE('',*,*,#2980,.T.);
#2980 = EDGE_CURVE('',#2971,#2981,#2983,.T.);
#2981 = VERTEX_POINT('',#2982);
#2982 = CARTESIAN_POINT('',(-26.,110.,118.));
#2983 = LINE('',#2984,#2985);
#2984 = CARTESIAN_POINT('',(-26.,94.,118.));
#2985 = VECTOR('',#2986,1.);
#2986 = DIRECTION('',(0.,1.,0.));
#2987 = ORIENTED_EDGE('',*,*,#2988,.T.);
#2988 = EDGE_CURVE('',#2981,#2989,#2991,.T.);
#2989 = VERTEX_POINT('',#2990);
#2990 = CARTESIAN_POINT('',(-26.,110.,165.0333704529));
#2991 = LINE('',#2992,#2993);
#2992 = CARTESIAN_POINT('',(-26.,110.,118.));
#2993 = VECTOR('',#2994,1.);
#2994 = DIRECTION('',(0.,0.,1.));
#2995 = ORIENTED_EDGE('',*,*,#2996,.F.);
#2996 = EDGE_CURVE('',#2973,#2989,#2997,.T.);
#2997 = LINE('',#2998,#2999);
#2998 = CARTESIAN_POINT('',(-26.,94.,165.0333704529));
#2999 = VECTOR('',#3000,1.);
#3000 = DIRECTION('',(0.,1.,0.));
#3001 = PLANE('',#3002);
#3002 = AXIS2_PLACEMENT_3D('',#3003,#3004,#3005);
#3003 = CARTESIAN_POINT('',(-26.,94.,118.));
#3004 = DIRECTION('',(1.,0.,0.));
#3005 = DIRECTION('',(0.,0.,1.));
#3006 = ADVANCED_FACE('',(#3007,#3106),#3135,.T.);
#3007 = FACE_BOUND('',#3008,.T.);
#3008 = EDGE_LOOP('',(#3009,#3020,#3027,#3028,#3036,#3044,#3052,#3060,
    #3068,#3076,#3084,#3092,#3100));
#3009 = ORIENTED_EDGE('',*,*,#3010,.F.);
#3010 = EDGE_CURVE('',#3011,#3013,#3015,.T.);
#3011 = VERTEX_POINT('',#3012);
#3012 = CARTESIAN_POINT('',(-7.347880794884E-15,94.,210.));
#3013 = VERTEX_POINT('',#3014);
#3014 = CARTESIAN_POINT('',(26.,94.,165.0333704529));
#3015 = CIRCLE('',#3016,30.);
#3016 = AXIS2_PLACEMENT_3D('',#3017,#3018,#3019);
#3017 = CARTESIAN_POINT('',(0.,94.,180.));
#3018 = DIRECTION('',(0.,1.,0.));
#3019 = DIRECTION('',(0.,0.,1.));
#3020 = ORIENTED_EDGE('',*,*,#3021,.F.);
#3021 = EDGE_CURVE('',#2973,#3011,#3022,.T.);
#3022 = CIRCLE('',#3023,30.);
#3023 = AXIS2_PLACEMENT_3D('',#3024,#3025,#3026);
#3024 = CARTESIAN_POINT('',(0.,94.,180.));
#3025 = DIRECTION('',(0.,1.,0.));
#3026 = DIRECTION('',(0.,0.,1.));
#3027 = ORIENTED_EDGE('',*,*,#2970,.F.);
#3028 = ORIENTED_EDGE('',*,*,#3029,.T.);
#3029 = EDGE_CURVE('',#2971,#3030,#3032,.T.);
#3030 = VERTEX_POINT('',#3031);
#3031 = CARTESIAN_POINT('',(-24.,94.,118.));
#3032 = LINE('',#3033,#3034);
#3033 = CARTESIAN_POINT('',(-26.,94.,118.));
#3034 = VECTOR('',#3035,1.);
#3035 = DIRECTION('',(1.,0.,0.));
#3036 = ORIENTED_EDGE('',*,*,#3037,.T.);
#3037 = EDGE_CURVE('',#3030,#3038,#3040,.T.);
#3038 = VERTEX_POINT('',#3039);
#3039 = CARTESIAN_POINT('',(-24.,94.,150.));
#3040 = LINE('',#3041,#3042);
#3041 = CARTESIAN_POINT('',(-24.,94.,118.));
#3042 = VECTOR('',#3043,1.);
#3043 = DIRECTION('',(0.,0.,1.));
#3044 = ORIENTED_EDGE('',*,*,#3045,.T.);
#3045 = EDGE_CURVE('',#3038,#3046,#3048,.T.);
#3046 = VERTEX_POINT('',#3047);
#3047 = CARTESIAN_POINT('',(-20.,94.,150.));
#3048 = LINE('',#3049,#3050);
#3049 = CARTESIAN_POINT('',(-24.,94.,150.));
#3050 = VECTOR('',#3051,1.);
#3051 = DIRECTION('',(1.,0.,0.));
#3052 = ORIENTED_EDGE('',*,*,#3053,.F.);
#3053 = EDGE_CURVE('',#3054,#3046,#3056,.T.);
#3054 = VERTEX_POINT('',#3055);
#3055 = CARTESIAN_POINT('',(-20.,94.,118.));
#3056 = LINE('',#3057,#3058);
#3057 = CARTESIAN_POINT('',(-20.,94.,118.));
#3058 = VECTOR('',#3059,1.);
#3059 = DIRECTION('',(0.,0.,1.));
#3060 = ORIENTED_EDGE('',*,*,#3061,.T.);
#3061 = EDGE_CURVE('',#3054,#3062,#3064,.T.);
#3062 = VERTEX_POINT('',#3063);
#3063 = CARTESIAN_POINT('',(20.,94.,118.));
#3064 = LINE('',#3065,#3066);
#3065 = CARTESIAN_POINT('',(-26.,94.,118.));
#3066 = VECTOR('',#3067,1.);
#3067 = DIRECTION('',(1.,0.,0.));
#3068 = ORIENTED_EDGE('',*,*,#3069,.T.);
#3069 = EDGE_CURVE('',#3062,#3070,#3072,.T.);
#3070 = VERTEX_POINT('',#3071);
#3071 = CARTESIAN_POINT('',(20.,94.,150.));
#3072 = LINE('',#3073,#3074);
#3073 = CARTESIAN_POINT('',(20.,94.,118.));
#3074 = VECTOR('',#3075,1.);
#3075 = DIRECTION('',(0.,0.,1.));
#3076 = ORIENTED_EDGE('',*,*,#3077,.T.);
#3077 = EDGE_CURVE('',#3070,#3078,#3080,.T.);
#3078 = VERTEX_POINT('',#3079);
#3079 = CARTESIAN_POINT('',(24.,94.,150.));
#3080 = LINE('',#3081,#3082);
#3081 = CARTESIAN_POINT('',(20.,94.,150.));
#3082 = VECTOR('',#3083,1.);
#3083 = DIRECTION('',(1.,0.,0.));
#3084 = ORIENTED_EDGE('',*,*,#3085,.F.);
#3085 = EDGE_CURVE('',#3086,#3078,#3088,.T.);
#3086 = VERTEX_POINT('',#3087);
#3087 = CARTESIAN_POINT('',(24.,94.,118.));
#3088 = LINE('',#3089,#3090);
#3089 = CARTESIAN_POINT('',(24.,94.,118.));
#3090 = VECTOR('',#3091,1.);
#3091 = DIRECTION('',(0.,0.,1.));
#3092 = ORIENTED_EDGE('',*,*,#3093,.T.);
#3093 = EDGE_CURVE('',#3086,#3094,#3096,.T.);
#3094 = VERTEX_POINT('',#3095);
#3095 = CARTESIAN_POINT('',(26.,94.,118.));
#3096 = LINE('',#3097,#3098);
#3097 = CARTESIAN_POINT('',(-26.,94.,118.));
#3098 = VECTOR('',#3099,1.);
#3099 = DIRECTION('',(1.,0.,0.));
#3100 = ORIENTED_EDGE('',*,*,#3101,.T.);
#3101 = EDGE_CURVE('',#3094,#3013,#3102,.T.);
#3102 = LINE('',#3103,#3104);
#3103 = CARTESIAN_POINT('',(26.,94.,118.));
#3104 = VECTOR('',#3105,1.);
#3105 = DIRECTION('',(0.,0.,1.));
#3106 = FACE_BOUND('',#3107,.T.);
#3107 = EDGE_LOOP('',(#3108,#3119,#3128));
#3108 = ORIENTED_EDGE('',*,*,#3109,.T.);
#3109 = EDGE_CURVE('',#3110,#3112,#3114,.T.);
#3110 = VERTEX_POINT('',#3111);
#3111 = CARTESIAN_POINT('',(-10.2,94.,180.));
#3112 = VERTEX_POINT('',#3113);
#3113 = CARTESIAN_POINT('',(-2.498279470261E-15,94.,190.2));
#3114 = CIRCLE('',#3115,10.2);
#3115 = AXIS2_PLACEMENT_3D('',#3116,#3117,#3118);
#3116 = CARTESIAN_POINT('',(0.,94.,180.));
#3117 = DIRECTION('',(0.,1.,0.));
#3118 = DIRECTION('',(0.,0.,1.));
#3119 = ORIENTED_EDGE('',*,*,#3120,.T.);
#3120 = EDGE_CURVE('',#3112,#3121,#3123,.T.);
#3121 = VERTEX_POINT('',#3122);
#3122 = CARTESIAN_POINT('',(10.2,94.,180.));
#3123 = CIRCLE('',#3124,10.2);
#3124 = AXIS2_PLACEMENT_3D('',#3125,#3126,#3127);
#3125 = CARTESIAN_POINT('',(0.,94.,180.));
#3126 = DIRECTION('',(0.,1.,0.));
#3127 = DIRECTION('',(0.,0.,1.));
#3128 = ORIENTED_EDGE('',*,*,#3129,.T.);
#3129 = EDGE_CURVE('',#3121,#3110,#3130,.T.);
#3130 = CIRCLE('',#3131,10.2);
#3131 = AXIS2_PLACEMENT_3D('',#3132,#3133,#3134);
#3132 = CARTESIAN_POINT('',(0.,94.,180.));
#3133 = DIRECTION('',(0.,1.,0.));
#3134 = DIRECTION('',(0.,0.,1.));
#3135 = PLANE('',#3136);
#3136 = AXIS2_PLACEMENT_3D('',#3137,#3138,#3139);
#3137 = CARTESIAN_POINT('',(0.,94.,152.27558154875));
#3138 = DIRECTION('',(-0.,-1.,-0.));
#3139 = DIRECTION('',(0.,0.,-1.));
#3140 = ADVANCED_FACE('',(#3141),#3158,.F.);
#3141 = FACE_BOUND('',#3142,.F.);
#3142 = EDGE_LOOP('',(#3143,#3151,#3152));
#3143 = ORIENTED_EDGE('',*,*,#3144,.T.);
#3144 = EDGE_CURVE('',#3145,#3030,#3147,.T.);
#3145 = VERTEX_POINT('',#3146);
#3146 = CARTESIAN_POINT('',(-24.,80.,118.));
#3147 = LINE('',#3148,#3149);
#3148 = CARTESIAN_POINT('',(-24.,80.,118.));
#3149 = VECTOR('',#3150,1.);
#3150 = DIRECTION('',(0.,1.,0.));
#3151 = ORIENTED_EDGE('',*,*,#3037,.T.);
#3152 = ORIENTED_EDGE('',*,*,#3153,.T.);
#3153 = EDGE_CURVE('',#3038,#3145,#3154,.T.);
#3154 = LINE('',#3155,#3156);
#3155 = CARTESIAN_POINT('',(-24.,94.,150.));
#3156 = VECTOR('',#3157,1.);
#3157 = DIRECTION('',(0.,-0.40081883402,-0.916157334902));
#3158 = PLANE('',#3159);
#3159 = AXIS2_PLACEMENT_3D('',#3160,#3161,#3162);
#3160 = CARTESIAN_POINT('',(-24.,89.767875401714,131.23212459828));
#3161 = DIRECTION('',(1.,0.,0.));
#3162 = DIRECTION('',(0.,0.,1.));
#3163 = ADVANCED_FACE('',(#3164),#3182,.F.);
#3164 = FACE_BOUND('',#3165,.F.);
#3165 = EDGE_LOOP('',(#3166,#3167,#3175,#3181));
#3166 = ORIENTED_EDGE('',*,*,#3045,.T.);
#3167 = ORIENTED_EDGE('',*,*,#3168,.T.);
#3168 = EDGE_CURVE('',#3046,#3169,#3171,.T.);
#3169 = VERTEX_POINT('',#3170);
#3170 = CARTESIAN_POINT('',(-20.,80.,118.));
#3171 = LINE('',#3172,#3173);
#3172 = CARTESIAN_POINT('',(-20.,94.,150.));
#3173 = VECTOR('',#3174,1.);
#3174 = DIRECTION('',(0.,-0.40081883402,-0.916157334902));
#3175 = ORIENTED_EDGE('',*,*,#3176,.F.);
#3176 = EDGE_CURVE('',#3145,#3169,#3177,.T.);
#3177 = LINE('',#3178,#3179);
#3178 = CARTESIAN_POINT('',(-24.,80.,118.));
#3179 = VECTOR('',#3180,1.);
#3180 = DIRECTION('',(1.,0.,0.));
#3181 = ORIENTED_EDGE('',*,*,#3153,.F.);
#3182 = PLANE('',#3183);
#3183 = AXIS2_PLACEMENT_3D('',#3184,#3185,#3186);
#3184 = CARTESIAN_POINT('',(-24.,94.,150.));
#3185 = DIRECTION('',(0.,0.916157334902,-0.40081883402));
#3186 = DIRECTION('',(0.,-0.40081883402,-0.916157334902));
#3187 = ADVANCED_FACE('',(#3188),#3198,.T.);
#3188 = FACE_BOUND('',#3189,.T.);
#3189 = EDGE_LOOP('',(#3190,#3196,#3197));
#3190 = ORIENTED_EDGE('',*,*,#3191,.T.);
#3191 = EDGE_CURVE('',#3169,#3054,#3192,.T.);
#3192 = LINE('',#3193,#3194);
#3193 = CARTESIAN_POINT('',(-20.,80.,118.));
#3194 = VECTOR('',#3195,1.);
#3195 = DIRECTION('',(0.,1.,0.));
#3196 = ORIENTED_EDGE('',*,*,#3053,.T.);
#3197 = ORIENTED_EDGE('',*,*,#3168,.T.);
#3198 = PLANE('',#3199);
#3199 = AXIS2_PLACEMENT_3D('',#3200,#3201,#3202);
#3200 = CARTESIAN_POINT('',(-20.,89.767875401714,131.23212459828));
#3201 = DIRECTION('',(1.,0.,0.));
#3202 = DIRECTION('',(0.,0.,1.));
#3203 = ADVANCED_FACE('',(#3204),#3221,.F.);
#3204 = FACE_BOUND('',#3205,.F.);
#3205 = EDGE_LOOP('',(#3206,#3214,#3215));
#3206 = ORIENTED_EDGE('',*,*,#3207,.T.);
#3207 = EDGE_CURVE('',#3208,#3062,#3210,.T.);
#3208 = VERTEX_POINT('',#3209);
#3209 = CARTESIAN_POINT('',(20.,80.,118.));
#3210 = LINE('',#3211,#3212);
#3211 = CARTESIAN_POINT('',(20.,80.,118.));
#3212 = VECTOR('',#3213,1.);
#3213 = DIRECTION('',(0.,1.,0.));
#3214 = ORIENTED_EDGE('',*,*,#3069,.T.);
#3215 = ORIENTED_EDGE('',*,*,#3216,.T.);
#3216 = EDGE_CURVE('',#3070,#3208,#3217,.T.);
#3217 = LINE('',#3218,#3219);
#3218 = CARTESIAN_POINT('',(20.,94.,150.));
#3219 = VECTOR('',#3220,1.);
#3220 = DIRECTION('',(0.,-0.40081883402,-0.916157334902));
#3221 = PLANE('',#3222);
#3222 = AXIS2_PLACEMENT_3D('',#3223,#3224,#3225);
#3223 = CARTESIAN_POINT('',(20.,89.767875401714,131.23212459828));
#3224 = DIRECTION('',(1.,0.,0.));
#3225 = DIRECTION('',(0.,0.,1.));
#3226 = ADVANCED_FACE('',(#3227),#3245,.F.);
#3227 = FACE_BOUND('',#3228,.F.);
#3228 = EDGE_LOOP('',(#3229,#3230,#3238,#3244));
#3229 = ORIENTED_EDGE('',*,*,#3077,.T.);
#3230 = ORIENTED_EDGE('',*,*,#3231,.T.);
#3231 = EDGE_CURVE('',#3078,#3232,#3234,.T.);
#3232 = VERTEX_POINT('',#3233);
#3233 = CARTESIAN_POINT('',(24.,80.,118.));
#3234 = LINE('',#3235,#3236);
#3235 = CARTESIAN_POINT('',(24.,94.,150.));
#3236 = VECTOR('',#3237,1.);
#3237 = DIRECTION('',(0.,-0.40081883402,-0.916157334902));
#3238 = ORIENTED_EDGE('',*,*,#3239,.F.);
#3239 = EDGE_CURVE('',#3208,#3232,#3240,.T.);
#3240 = LINE('',#3241,#3242);
#3241 = CARTESIAN_POINT('',(20.,80.,118.));
#3242 = VECTOR('',#3243,1.);
#3243 = DIRECTION('',(1.,0.,0.));
#3244 = ORIENTED_EDGE('',*,*,#3216,.F.);
#3245 = PLANE('',#3246);
#3246 = AXIS2_PLACEMENT_3D('',#3247,#3248,#3249);
#3247 = CARTESIAN_POINT('',(20.,94.,150.));
#3248 = DIRECTION('',(0.,0.916157334902,-0.40081883402));
#3249 = DIRECTION('',(0.,-0.40081883402,-0.916157334902));
#3250 = ADVANCED_FACE('',(#3251),#3261,.T.);
#3251 = FACE_BOUND('',#3252,.T.);
#3252 = EDGE_LOOP('',(#3253,#3259,#3260));
#3253 = ORIENTED_EDGE('',*,*,#3254,.T.);
#3254 = EDGE_CURVE('',#3232,#3086,#3255,.T.);
#3255 = LINE('',#3256,#3257);
#3256 = CARTESIAN_POINT('',(24.,80.,118.));
#3257 = VECTOR('',#3258,1.);
#3258 = DIRECTION('',(0.,1.,0.));
#3259 = ORIENTED_EDGE('',*,*,#3085,.T.);
#3260 = ORIENTED_EDGE('',*,*,#3231,.T.);
#3261 = PLANE('',#3262);
#3262 = AXIS2_PLACEMENT_3D('',#3263,#3264,#3265);
#3263 = CARTESIAN_POINT('',(24.,89.767875401714,131.23212459828));
#3264 = DIRECTION('',(1.,0.,0.));
#3265 = DIRECTION('',(0.,0.,1.));
#3266 = ADVANCED_FACE('',(#3267),#3292,.T.);
#3267 = FACE_BOUND('',#3268,.T.);
#3268 = EDGE_LOOP('',(#3269,#3270,#3278,#3286));
#3269 = ORIENTED_EDGE('',*,*,#3101,.F.);
#3270 = ORIENTED_EDGE('',*,*,#3271,.T.);
#3271 = EDGE_CURVE('',#3094,#3272,#3274,.T.);
#3272 = VERTEX_POINT('',#3273);
#3273 = CARTESIAN_POINT('',(26.,110.,118.));
#3274 = LINE('',#3275,#3276);
#3275 = CARTESIAN_POINT('',(26.,94.,118.));
#3276 = VECTOR('',#3277,1.);
#3277 = DIRECTION('',(0.,1.,0.));
#3278 = ORIENTED_EDGE('',*,*,#3279,.T.);
#3279 = EDGE_CURVE('',#3272,#3280,#3282,.T.);
#3280 = VERTEX_POINT('',#3281);
#3281 = CARTESIAN_POINT('',(26.,110.,165.0333704529));
#3282 = LINE('',#3283,#3284);
#3283 = CARTESIAN_POINT('',(26.,110.,118.));
#3284 = VECTOR('',#3285,1.);
#3285 = DIRECTION('',(0.,0.,1.));
#3286 = ORIENTED_EDGE('',*,*,#3287,.F.);
#3287 = EDGE_CURVE('',#3013,#3280,#3288,.T.);
#3288 = LINE('',#3289,#3290);
#3289 = CARTESIAN_POINT('',(26.,94.,165.0333704529));
#3290 = VECTOR('',#3291,1.);
#3291 = DIRECTION('',(0.,1.,0.));
#3292 = PLANE('',#3293);
#3293 = AXIS2_PLACEMENT_3D('',#3294,#3295,#3296);
#3294 = CARTESIAN_POINT('',(26.,94.,118.));
#3295 = DIRECTION('',(1.,0.,0.));
#3296 = DIRECTION('',(0.,0.,1.));
#3297 = ADVANCED_FACE('',(#3298),#3393,.F.);
#3298 = FACE_BOUND('',#3299,.F.);
#3299 = EDGE_LOOP('',(#3300,#3310,#3317,#3318,#3327,#3335,#3344,#3352,
    #3361,#3369,#3378,#3386));
#3300 = ORIENTED_EDGE('',*,*,#3301,.F.);
#3301 = EDGE_CURVE('',#3302,#3304,#3306,.T.);
#3302 = VERTEX_POINT('',#3303);
#3303 = CARTESIAN_POINT('',(-5.168009492402E-15,98.,201.1));
#3304 = VERTEX_POINT('',#3305);
#3305 = CARTESIAN_POINT('',(-5.168009492402E-15,110.,201.1));
#3306 = LINE('',#3307,#3308);
#3307 = CARTESIAN_POINT('',(-5.168009492402E-15,98.,201.1));
#3308 = VECTOR('',#3309,1.);
#3309 = DIRECTION('',(0.,1.,0.));
#3310 = ORIENTED_EDGE('',*,*,#3311,.T.);
#3311 = EDGE_CURVE('',#3302,#3302,#3312,.T.);
#3312 = CIRCLE('',#3313,21.1);
#3313 = AXIS2_PLACEMENT_3D('',#3314,#3315,#3316);
#3314 = CARTESIAN_POINT('',(0.,98.,180.));
#3315 = DIRECTION('',(0.,1.,0.));
#3316 = DIRECTION('',(0.,0.,1.));
#3317 = ORIENTED_EDGE('',*,*,#3301,.T.);
#3318 = ORIENTED_EDGE('',*,*,#3319,.F.);
#3319 = EDGE_CURVE('',#3320,#3304,#3322,.T.);
#3320 = VERTEX_POINT('',#3321);
#3321 = CARTESIAN_POINT('',(-21.06347826087,110.,181.24092044623));
#3322 = CIRCLE('',#3323,21.1);
#3323 = AXIS2_PLACEMENT_3D('',#3324,#3325,#3326);
#3324 = CARTESIAN_POINT('',(0.,110.,180.));
#3325 = DIRECTION('',(0.,1.,0.));
#3326 = DIRECTION('',(0.,0.,1.));
#3327 = ORIENTED_EDGE('',*,*,#3328,.F.);
#3328 = EDGE_CURVE('',#3329,#3320,#3331,.T.);
#3329 = VERTEX_POINT('',#3330);
#3330 = CARTESIAN_POINT('',(-21.06347826087,105.,181.24092044623));
#3331 = LINE('',#3332,#3333);
#3332 = CARTESIAN_POINT('',(-21.06347826087,98.,181.24092044623));
#3333 = VECTOR('',#3334,1.);
#3334 = DIRECTION('',(0.,1.,0.));
#3335 = ORIENTED_EDGE('',*,*,#3336,.F.);
#3336 = EDGE_CURVE('',#3337,#3329,#3339,.T.);
#3337 = VERTEX_POINT('',#3338);
#3338 = CARTESIAN_POINT('',(-21.06347826087,105.,178.75907955376));
#3339 = CIRCLE('',#3340,21.1);
#3340 = AXIS2_PLACEMENT_3D('',#3341,#3342,#3343);
#3341 = CARTESIAN_POINT('',(0.,105.,180.));
#3342 = DIRECTION('',(0.,1.,0.));
#3343 = DIRECTION('',(0.,0.,1.));
#3344 = ORIENTED_EDGE('',*,*,#3345,.T.);
#3345 = EDGE_CURVE('',#3337,#3346,#3348,.T.);
#3346 = VERTEX_POINT('',#3347);
#3347 = CARTESIAN_POINT('',(-21.06347826087,110.,178.75907955376));
#3348 = LINE('',#3349,#3350);
#3349 = CARTESIAN_POINT('',(-21.06347826087,98.,178.75907955376));
#3350 = VECTOR('',#3351,1.);
#3351 = DIRECTION('',(0.,1.,0.));
#3352 = ORIENTED_EDGE('',*,*,#3353,.F.);
#3353 = EDGE_CURVE('',#3354,#3346,#3356,.T.);
#3354 = VERTEX_POINT('',#3355);
#3355 = CARTESIAN_POINT('',(21.06347826087,110.,178.75907955376));
#3356 = CIRCLE('',#3357,21.1);
#3357 = AXIS2_PLACEMENT_3D('',#3358,#3359,#3360);
#3358 = CARTESIAN_POINT('',(0.,110.,180.));
#3359 = DIRECTION('',(0.,1.,0.));
#3360 = DIRECTION('',(0.,0.,1.));
#3361 = ORIENTED_EDGE('',*,*,#3362,.F.);
#3362 = EDGE_CURVE('',#3363,#3354,#3365,.T.);
#3363 = VERTEX_POINT('',#3364);
#3364 = CARTESIAN_POINT('',(21.06347826087,105.,178.75907955376));
#3365 = LINE('',#3366,#3367);
#3366 = CARTESIAN_POINT('',(21.06347826087,98.,178.75907955376));
#3367 = VECTOR('',#3368,1.);
#3368 = DIRECTION('',(0.,1.,0.));
#3369 = ORIENTED_EDGE('',*,*,#3370,.F.);
#3370 = EDGE_CURVE('',#3371,#3363,#3373,.T.);
#3371 = VERTEX_POINT('',#3372);
#3372 = CARTESIAN_POINT('',(21.06347826087,105.,181.24092044623));
#3373 = CIRCLE('',#3374,21.1);
#3374 = AXIS2_PLACEMENT_3D('',#3375,#3376,#3377);
#3375 = CARTESIAN_POINT('',(0.,105.,180.));
#3376 = DIRECTION('',(0.,1.,0.));
#3377 = DIRECTION('',(0.,0.,1.));
#3378 = ORIENTED_EDGE('',*,*,#3379,.T.);
#3379 = EDGE_CURVE('',#3371,#3380,#3382,.T.);
#3380 = VERTEX_POINT('',#3381);
#3381 = CARTESIAN_POINT('',(21.06347826087,110.,181.24092044623));
#3382 = LINE('',#3383,#3384);
#3383 = CARTESIAN_POINT('',(21.06347826087,98.,181.24092044623));
#3384 = VECTOR('',#3385,1.);
#3385 = DIRECTION('',(0.,1.,0.));
#3386 = ORIENTED_EDGE('',*,*,#3387,.F.);
#3387 = EDGE_CURVE('',#3304,#3380,#3388,.T.);
#3388 = CIRCLE('',#3389,21.1);
#3389 = AXIS2_PLACEMENT_3D('',#3390,#3391,#3392);
#3390 = CARTESIAN_POINT('',(0.,110.,180.));
#3391 = DIRECTION('',(0.,1.,0.));
#3392 = DIRECTION('',(0.,0.,1.));
#3393 = CYLINDRICAL_SURFACE('',#3394,21.1);
#3394 = AXIS2_PLACEMENT_3D('',#3395,#3396,#3397);
#3395 = CARTESIAN_POINT('',(0.,98.,180.));
#3396 = DIRECTION('',(0.,1.,0.));
#3397 = DIRECTION('',(0.,0.,1.));
#3398 = ADVANCED_FACE('',(#3399,#3402),#3413,.T.);
#3399 = FACE_BOUND('',#3400,.T.);
#3400 = EDGE_LOOP('',(#3401));
#3401 = ORIENTED_EDGE('',*,*,#3311,.T.);
#3402 = FACE_BOUND('',#3403,.T.);
#3403 = EDGE_LOOP('',(#3404));
#3404 = ORIENTED_EDGE('',*,*,#3405,.F.);
#3405 = EDGE_CURVE('',#3406,#3406,#3408,.T.);
#3406 = VERTEX_POINT('',#3407);
#3407 = CARTESIAN_POINT('',(-2.498279470261E-15,98.,190.2));
#3408 = CIRCLE('',#3409,10.2);
#3409 = AXIS2_PLACEMENT_3D('',#3410,#3411,#3412);
#3410 = CARTESIAN_POINT('',(0.,98.,180.));
#3411 = DIRECTION('',(0.,1.,0.));
#3412 = DIRECTION('',(0.,0.,1.));
#3413 = PLANE('',#3414);
#3414 = AXIS2_PLACEMENT_3D('',#3415,#3416,#3417);
#3415 = CARTESIAN_POINT('',(0.,98.,180.));
#3416 = DIRECTION('',(0.,1.,0.));
#3417 = DIRECTION('',(0.,0.,1.));
#3418 = ADVANCED_FACE('',(#3419),#3432,.F.);
#3419 = FACE_BOUND('',#3420,.F.);
#3420 = EDGE_LOOP('',(#3421,#3427,#3428,#3429,#3430,#3431));
#3421 = ORIENTED_EDGE('',*,*,#3422,.T.);
#3422 = EDGE_CURVE('',#3112,#3406,#3423,.T.);
#3423 = LINE('',#3424,#3425);
#3424 = CARTESIAN_POINT('',(-2.498279470261E-15,94.,190.2));
#3425 = VECTOR('',#3426,1.);
#3426 = DIRECTION('',(0.,1.,0.));
#3427 = ORIENTED_EDGE('',*,*,#3405,.F.);
#3428 = ORIENTED_EDGE('',*,*,#3422,.F.);
#3429 = ORIENTED_EDGE('',*,*,#3120,.T.);
#3430 = ORIENTED_EDGE('',*,*,#3129,.T.);
#3431 = ORIENTED_EDGE('',*,*,#3109,.T.);
#3432 = CYLINDRICAL_SURFACE('',#3433,10.2);
#3433 = AXIS2_PLACEMENT_3D('',#3434,#3435,#3436);
#3434 = CARTESIAN_POINT('',(0.,94.,180.));
#3435 = DIRECTION('',(0.,1.,0.));
#3436 = DIRECTION('',(0.,0.,1.));
#3437 = ADVANCED_FACE('',(#3438),#3457,.T.);
#3438 = FACE_BOUND('',#3439,.T.);
#3439 = EDGE_LOOP('',(#3440,#3449,#3456));
#3440 = ORIENTED_EDGE('',*,*,#3441,.T.);
#3441 = EDGE_CURVE('',#3337,#3442,#3444,.T.);
#3442 = VERTEX_POINT('',#3443);
#3443 = CARTESIAN_POINT('',(-23.,105.,182.3));
#3444 = CIRCLE('',#3445,2.3);
#3445 = AXIS2_PLACEMENT_3D('',#3446,#3447,#3448);
#3446 = CARTESIAN_POINT('',(-23.,105.,180.));
#3447 = DIRECTION('',(0.,1.,0.));
#3448 = DIRECTION('',(0.,0.,1.));
#3449 = ORIENTED_EDGE('',*,*,#3450,.T.);
#3450 = EDGE_CURVE('',#3442,#3329,#3451,.T.);
#3451 = CIRCLE('',#3452,2.3);
#3452 = AXIS2_PLACEMENT_3D('',#3453,#3454,#3455);
#3453 = CARTESIAN_POINT('',(-23.,105.,180.));
#3454 = DIRECTION('',(0.,1.,0.));
#3455 = DIRECTION('',(0.,0.,1.));
#3456 = ORIENTED_EDGE('',*,*,#3336,.F.);
#3457 = PLANE('',#3458);
#3458 = AXIS2_PLACEMENT_3D('',#3459,#3460,#3461);
#3459 = CARTESIAN_POINT('',(-23.,105.,180.));
#3460 = DIRECTION('',(0.,1.,0.));
#3461 = DIRECTION('',(0.,0.,1.));
#3462 = ADVANCED_FACE('',(#3463),#3482,.T.);
#3463 = FACE_BOUND('',#3464,.T.);
#3464 = EDGE_LOOP('',(#3465,#3474,#3481));
#3465 = ORIENTED_EDGE('',*,*,#3466,.T.);
#3466 = EDGE_CURVE('',#3371,#3467,#3469,.T.);
#3467 = VERTEX_POINT('',#3468);
#3468 = CARTESIAN_POINT('',(23.,105.,182.3));
#3469 = CIRCLE('',#3470,2.3);
#3470 = AXIS2_PLACEMENT_3D('',#3471,#3472,#3473);
#3471 = CARTESIAN_POINT('',(23.,105.,180.));
#3472 = DIRECTION('',(0.,1.,0.));
#3473 = DIRECTION('',(0.,0.,1.));
#3474 = ORIENTED_EDGE('',*,*,#3475,.T.);
#3475 = EDGE_CURVE('',#3467,#3363,#3476,.T.);
#3476 = CIRCLE('',#3477,2.3);
#3477 = AXIS2_PLACEMENT_3D('',#3478,#3479,#3480);
#3478 = CARTESIAN_POINT('',(23.,105.,180.));
#3479 = DIRECTION('',(0.,1.,0.));
#3480 = DIRECTION('',(0.,0.,1.));
#3481 = ORIENTED_EDGE('',*,*,#3370,.F.);
#3482 = PLANE('',#3483);
#3483 = AXIS2_PLACEMENT_3D('',#3484,#3485,#3486);
#3484 = CARTESIAN_POINT('',(23.,105.,180.));
#3485 = DIRECTION('',(0.,1.,0.));
#3486 = DIRECTION('',(0.,0.,1.));
#3487 = ADVANCED_FACE('',(#3488,#3514,#3569),#3580,.T.);
#3488 = FACE_BOUND('',#3489,.T.);
#3489 = EDGE_LOOP('',(#3490,#3499,#3506,#3507,#3513));
#3490 = ORIENTED_EDGE('',*,*,#3491,.T.);
#3491 = EDGE_CURVE('',#2989,#3492,#3494,.T.);
#3492 = VERTEX_POINT('',#3493);
#3493 = CARTESIAN_POINT('',(-7.347880794884E-15,110.,210.));
#3494 = CIRCLE('',#3495,30.);
#3495 = AXIS2_PLACEMENT_3D('',#3496,#3497,#3498);
#3496 = CARTESIAN_POINT('',(0.,110.,180.));
#3497 = DIRECTION('',(0.,1.,0.));
#3498 = DIRECTION('',(0.,0.,1.));
#3499 = ORIENTED_EDGE('',*,*,#3500,.T.);
#3500 = EDGE_CURVE('',#3492,#3280,#3501,.T.);
#3501 = CIRCLE('',#3502,30.);
#3502 = AXIS2_PLACEMENT_3D('',#3503,#3504,#3505);
#3503 = CARTESIAN_POINT('',(0.,110.,180.));
#3504 = DIRECTION('',(0.,1.,0.));
#3505 = DIRECTION('',(0.,0.,1.));
#3506 = ORIENTED_EDGE('',*,*,#3279,.F.);
#3507 = ORIENTED_EDGE('',*,*,#3508,.F.);
#3508 = EDGE_CURVE('',#2981,#3272,#3509,.T.);
#3509 = LINE('',#3510,#3511);
#3510 = CARTESIAN_POINT('',(-26.,110.,118.));
#3511 = VECTOR('',#3512,1.);
#3512 = DIRECTION('',(1.,0.,0.));
#3513 = ORIENTED_EDGE('',*,*,#2988,.T.);
#3514 = FACE_BOUND('',#3515,.T.);
#3515 = EDGE_LOOP('',(#3516,#3527,#3534,#3535,#3544,#3553,#3560,#3561,
    #3562));
#3516 = ORIENTED_EDGE('',*,*,#3517,.F.);
#3517 = EDGE_CURVE('',#3518,#3520,#3522,.T.);
#3518 = VERTEX_POINT('',#3519);
#3519 = CARTESIAN_POINT('',(-25.3,110.,180.));
#3520 = VERTEX_POINT('',#3521);
#3521 = CARTESIAN_POINT('',(-23.,110.,182.3));
#3522 = CIRCLE('',#3523,2.3);
#3523 = AXIS2_PLACEMENT_3D('',#3524,#3525,#3526);
#3524 = CARTESIAN_POINT('',(-23.,110.,180.));
#3525 = DIRECTION('',(0.,1.,0.));
#3526 = DIRECTION('',(0.,0.,1.));
#3527 = ORIENTED_EDGE('',*,*,#3528,.F.);
#3528 = EDGE_CURVE('',#3346,#3518,#3529,.T.);
#3529 = CIRCLE('',#3530,2.3);
#3530 = AXIS2_PLACEMENT_3D('',#3531,#3532,#3533);
#3531 = CARTESIAN_POINT('',(-23.,110.,180.));
#3532 = DIRECTION('',(0.,1.,0.));
#3533 = DIRECTION('',(0.,0.,1.));
#3534 = ORIENTED_EDGE('',*,*,#3353,.F.);
#3535 = ORIENTED_EDGE('',*,*,#3536,.F.);
#3536 = EDGE_CURVE('',#3537,#3354,#3539,.T.);
#3537 = VERTEX_POINT('',#3538);
#3538 = CARTESIAN_POINT('',(25.3,110.,180.));
#3539 = CIRCLE('',#3540,2.3);
#3540 = AXIS2_PLACEMENT_3D('',#3541,#3542,#3543);
#3541 = CARTESIAN_POINT('',(23.,110.,180.));
#3542 = DIRECTION('',(0.,1.,0.));
#3543 = DIRECTION('',(0.,0.,1.));
#3544 = ORIENTED_EDGE('',*,*,#3545,.F.);
#3545 = EDGE_CURVE('',#3546,#3537,#3548,.T.);
#3546 = VERTEX_POINT('',#3547);
#3547 = CARTESIAN_POINT('',(23.,110.,182.3));
#3548 = CIRCLE('',#3549,2.3);
#3549 = AXIS2_PLACEMENT_3D('',#3550,#3551,#3552);
#3550 = CARTESIAN_POINT('',(23.,110.,180.));
#3551 = DIRECTION('',(0.,1.,0.));
#3552 = DIRECTION('',(0.,0.,1.));
#3553 = ORIENTED_EDGE('',*,*,#3554,.F.);
#3554 = EDGE_CURVE('',#3380,#3546,#3555,.T.);
#3555 = CIRCLE('',#3556,2.3);
#3556 = AXIS2_PLACEMENT_3D('',#3557,#3558,#3559);
#3557 = CARTESIAN_POINT('',(23.,110.,180.));
#3558 = DIRECTION('',(0.,1.,0.));
#3559 = DIRECTION('',(0.,0.,1.));
#3560 = ORIENTED_EDGE('',*,*,#3387,.F.);
#3561 = ORIENTED_EDGE('',*,*,#3319,.F.);
#3562 = ORIENTED_EDGE('',*,*,#3563,.F.);
#3563 = EDGE_CURVE('',#3520,#3320,#3564,.T.);
#3564 = CIRCLE('',#3565,2.3);
#3565 = AXIS2_PLACEMENT_3D('',#3566,#3567,#3568);
#3566 = CARTESIAN_POINT('',(-23.,110.,180.));
#3567 = DIRECTION('',(0.,1.,0.));
#3568 = DIRECTION('',(0.,0.,1.));
#3569 = FACE_BOUND('',#3570,.T.);
#3570 = EDGE_LOOP('',(#3571));
#3571 = ORIENTED_EDGE('',*,*,#3572,.F.);
#3572 = EDGE_CURVE('',#3573,#3573,#3575,.T.);
#3573 = VERTEX_POINT('',#3574);
#3574 = CARTESIAN_POINT('',(-5.633375276078E-16,110.,206.3));
#3575 = CIRCLE('',#3576,2.3);
#3576 = AXIS2_PLACEMENT_3D('',#3577,#3578,#3579);
#3577 = CARTESIAN_POINT('',(0.,110.,204.));
#3578 = DIRECTION('',(0.,1.,0.));
#3579 = DIRECTION('',(0.,0.,1.));
#3580 = PLANE('',#3581);
#3581 = AXIS2_PLACEMENT_3D('',#3582,#3583,#3584);
#3582 = CARTESIAN_POINT('',(0.,110.,160.01659695166));
#3583 = DIRECTION('',(0.,1.,0.));
#3584 = DIRECTION('',(0.,0.,1.));
#3585 = ADVANCED_FACE('',(#3586),#3605,.F.);
#3586 = FACE_BOUND('',#3587,.F.);
#3587 = EDGE_LOOP('',(#3588,#3589,#3597,#3604));
#3588 = ORIENTED_EDGE('',*,*,#3572,.F.);
#3589 = ORIENTED_EDGE('',*,*,#3590,.F.);
#3590 = EDGE_CURVE('',#3591,#3573,#3593,.T.);
#3591 = VERTEX_POINT('',#3592);
#3592 = CARTESIAN_POINT('',(-5.633375276078E-16,105.,206.3));
#3593 = LINE('',#3594,#3595);
#3594 = CARTESIAN_POINT('',(-5.633375276078E-16,105.,206.3));
#3595 = VECTOR('',#3596,1.);
#3596 = DIRECTION('',(0.,1.,0.));
#3597 = ORIENTED_EDGE('',*,*,#3598,.T.);
#3598 = EDGE_CURVE('',#3591,#3591,#3599,.T.);
#3599 = CIRCLE('',#3600,2.3);
#3600 = AXIS2_PLACEMENT_3D('',#3601,#3602,#3603);
#3601 = CARTESIAN_POINT('',(0.,105.,204.));
#3602 = DIRECTION('',(0.,1.,0.));
#3603 = DIRECTION('',(0.,0.,1.));
#3604 = ORIENTED_EDGE('',*,*,#3590,.T.);
#3605 = CYLINDRICAL_SURFACE('',#3606,2.3);
#3606 = AXIS2_PLACEMENT_3D('',#3607,#3608,#3609);
#3607 = CARTESIAN_POINT('',(0.,105.,204.));
#3608 = DIRECTION('',(0.,1.,0.));
#3609 = DIRECTION('',(0.,0.,1.));
#3610 = ADVANCED_FACE('',(#3611),#3614,.T.);
#3611 = FACE_BOUND('',#3612,.F.);
#3612 = EDGE_LOOP('',(#3613));
#3613 = ORIENTED_EDGE('',*,*,#3598,.F.);
#3614 = PLANE('',#3615);
#3615 = AXIS2_PLACEMENT_3D('',#3616,#3617,#3618);
#3616 = CARTESIAN_POINT('',(0.,105.,204.));
#3617 = DIRECTION('',(0.,1.,0.));
#3618 = DIRECTION('',(0.,0.,1.));
#3619 = ADVANCED_FACE('',(#3620,#3634,#3645),#3656,.T.);
#3620 = FACE_BOUND('',#3621,.T.);
#3621 = EDGE_LOOP('',(#3622,#3623,#3624,#3625,#3626,#3627,#3628,#3629,
    #3630,#3631,#3632,#3633));
#3622 = ORIENTED_EDGE('',*,*,#2980,.T.);
#3623 = ORIENTED_EDGE('',*,*,#3508,.T.);
#3624 = ORIENTED_EDGE('',*,*,#3271,.F.);
#3625 = ORIENTED_EDGE('',*,*,#3093,.F.);
#3626 = ORIENTED_EDGE('',*,*,#3254,.F.);
#3627 = ORIENTED_EDGE('',*,*,#3239,.F.);
#3628 = ORIENTED_EDGE('',*,*,#3207,.T.);
#3629 = ORIENTED_EDGE('',*,*,#3061,.F.);
#3630 = ORIENTED_EDGE('',*,*,#3191,.F.);
#3631 = ORIENTED_EDGE('',*,*,#3176,.F.);
#3632 = ORIENTED_EDGE('',*,*,#3144,.T.);
#3633 = ORIENTED_EDGE('',*,*,#3029,.F.);
#3634 = FACE_BOUND('',#3635,.T.);
#3635 = EDGE_LOOP('',(#3636));
#3636 = ORIENTED_EDGE('',*,*,#3637,.T.);
#3637 = EDGE_CURVE('',#3638,#3638,#3640,.T.);
#3638 = VERTEX_POINT('',#3639);
#3639 = CARTESIAN_POINT('',(-14.9,102.,118.));
#3640 = CIRCLE('',#3641,3.1);
#3641 = AXIS2_PLACEMENT_3D('',#3642,#3643,#3644);
#3642 = CARTESIAN_POINT('',(-18.,102.,118.));
#3643 = DIRECTION('',(0.,0.,1.));
#3644 = DIRECTION('',(1.,0.,0.));
#3645 = FACE_BOUND('',#3646,.T.);
#3646 = EDGE_LOOP('',(#3647));
#3647 = ORIENTED_EDGE('',*,*,#3648,.T.);
#3648 = EDGE_CURVE('',#3649,#3649,#3651,.T.);
#3649 = VERTEX_POINT('',#3650);
#3650 = CARTESIAN_POINT('',(21.1,102.,118.));
#3651 = CIRCLE('',#3652,3.1);
#3652 = AXIS2_PLACEMENT_3D('',#3653,#3654,#3655);
#3653 = CARTESIAN_POINT('',(18.,102.,118.));
#3654 = DIRECTION('',(0.,0.,1.));
#3655 = DIRECTION('',(1.,0.,0.));
#3656 = PLANE('',#3657);
#3657 = AXIS2_PLACEMENT_3D('',#3658,#3659,#3660);
#3658 = CARTESIAN_POINT('',(0.,97.041666666667,118.));
#3659 = DIRECTION('',(-0.,-0.,-1.));
#3660 = DIRECTION('',(-1.,0.,0.));
#3661 = ADVANCED_FACE('',(#3662),#3681,.F.);
#3662 = FACE_BOUND('',#3663,.F.);
#3663 = EDGE_LOOP('',(#3664,#3673,#3679,#3680));
#3664 = ORIENTED_EDGE('',*,*,#3665,.F.);
#3665 = EDGE_CURVE('',#3666,#3666,#3668,.T.);
#3666 = VERTEX_POINT('',#3667);
#3667 = CARTESIAN_POINT('',(-14.9,102.,126.));
#3668 = CIRCLE('',#3669,3.1);
#3669 = AXIS2_PLACEMENT_3D('',#3670,#3671,#3672);
#3670 = CARTESIAN_POINT('',(-18.,102.,126.));
#3671 = DIRECTION('',(0.,0.,1.));
#3672 = DIRECTION('',(1.,0.,0.));
#3673 = ORIENTED_EDGE('',*,*,#3674,.F.);
#3674 = EDGE_CURVE('',#3638,#3666,#3675,.T.);
#3675 = LINE('',#3676,#3677);
#3676 = CARTESIAN_POINT('',(-14.9,102.,118.));
#3677 = VECTOR('',#3678,1.);
#3678 = DIRECTION('',(0.,0.,1.));
#3679 = ORIENTED_EDGE('',*,*,#3637,.T.);
#3680 = ORIENTED_EDGE('',*,*,#3674,.T.);
#3681 = CYLINDRICAL_SURFACE('',#3682,3.1);
#3682 = AXIS2_PLACEMENT_3D('',#3683,#3684,#3685);
#3683 = CARTESIAN_POINT('',(-18.,102.,118.));
#3684 = DIRECTION('',(0.,0.,1.));
#3685 = DIRECTION('',(1.,0.,0.));
#3686 = ADVANCED_FACE('',(#3687),#3690,.F.);
#3687 = FACE_BOUND('',#3688,.F.);
#3688 = EDGE_LOOP('',(#3689));
#3689 = ORIENTED_EDGE('',*,*,#3665,.T.);
#3690 = PLANE('',#3691);
#3691 = AXIS2_PLACEMENT_3D('',#3692,#3693,#3694);
#3692 = CARTESIAN_POINT('',(-18.,102.,126.));
#3693 = DIRECTION('',(0.,0.,1.));
#3694 = DIRECTION('',(1.,0.,0.));
#3695 = ADVANCED_FACE('',(#3696),#3715,.F.);
#3696 = FACE_BOUND('',#3697,.F.);
#3697 = EDGE_LOOP('',(#3698,#3707,#3713,#3714));
#3698 = ORIENTED_EDGE('',*,*,#3699,.F.);
#3699 = EDGE_CURVE('',#3700,#3700,#3702,.T.);
#3700 = VERTEX_POINT('',#3701);
#3701 = CARTESIAN_POINT('',(21.1,102.,126.));
#3702 = CIRCLE('',#3703,3.1);
#3703 = AXIS2_PLACEMENT_3D('',#3704,#3705,#3706);
#3704 = CARTESIAN_POINT('',(18.,102.,126.));
#3705 = DIRECTION('',(0.,0.,1.));
#3706 = DIRECTION('',(1.,0.,0.));
#3707 = ORIENTED_EDGE('',*,*,#3708,.F.);
#3708 = EDGE_CURVE('',#3649,#3700,#3709,.T.);
#3709 = LINE('',#3710,#3711);
#3710 = CARTESIAN_POINT('',(21.1,102.,118.));
#3711 = VECTOR('',#3712,1.);
#3712 = DIRECTION('',(0.,0.,1.));
#3713 = ORIENTED_EDGE('',*,*,#3648,.T.);
#3714 = ORIENTED_EDGE('',*,*,#3708,.T.);
#3715 = CYLINDRICAL_SURFACE('',#3716,3.1);
#3716 = AXIS2_PLACEMENT_3D('',#3717,#3718,#3719);
#3717 = CARTESIAN_POINT('',(18.,102.,118.));
#3718 = DIRECTION('',(0.,0.,1.));
#3719 = DIRECTION('',(1.,0.,0.));
#3720 = ADVANCED_FACE('',(#3721),#3724,.F.);
#3721 = FACE_BOUND('',#3722,.F.);
#3722 = EDGE_LOOP('',(#3723));
#3723 = ORIENTED_EDGE('',*,*,#3699,.T.);
#3724 = PLANE('',#3725);
#3725 = AXIS2_PLACEMENT_3D('',#3726,#3727,#3728);
#3726 = CARTESIAN_POINT('',(18.,102.,126.));
#3727 = DIRECTION('',(0.,0.,1.));
#3728 = DIRECTION('',(1.,0.,0.));
#3729 = ADVANCED_FACE('',(#3730),#3738,.T.);
#3730 = FACE_BOUND('',#3731,.T.);
#3731 = EDGE_LOOP('',(#3732,#3733,#3734,#3735,#3736,#3737));
#3732 = ORIENTED_EDGE('',*,*,#3010,.T.);
#3733 = ORIENTED_EDGE('',*,*,#3287,.T.);
#3734 = ORIENTED_EDGE('',*,*,#3500,.F.);
#3735 = ORIENTED_EDGE('',*,*,#3491,.F.);
#3736 = ORIENTED_EDGE('',*,*,#2996,.F.);
#3737 = ORIENTED_EDGE('',*,*,#3021,.T.);
#3738 = CYLINDRICAL_SURFACE('',#3739,30.);
#3739 = AXIS2_PLACEMENT_3D('',#3740,#3741,#3742);
#3740 = CARTESIAN_POINT('',(0.,94.,180.));
#3741 = DIRECTION('',(0.,1.,0.));
#3742 = DIRECTION('',(0.,0.,1.));
#3743 = ADVANCED_FACE('',(#3744),#3753,.F.);
#3744 = FACE_BOUND('',#3745,.F.);
#3745 = EDGE_LOOP('',(#3746,#3747,#3748,#3749,#3750,#3751,#3752));
#3746 = ORIENTED_EDGE('',*,*,#3328,.T.);
#3747 = ORIENTED_EDGE('',*,*,#3563,.F.);
#3748 = ORIENTED_EDGE('',*,*,#3517,.F.);
#3749 = ORIENTED_EDGE('',*,*,#3528,.F.);
#3750 = ORIENTED_EDGE('',*,*,#3345,.F.);
#3751 = ORIENTED_EDGE('',*,*,#3441,.T.);
#3752 = ORIENTED_EDGE('',*,*,#3450,.T.);
#3753 = CYLINDRICAL_SURFACE('',#3754,2.3);
#3754 = AXIS2_PLACEMENT_3D('',#3755,#3756,#3757);
#3755 = CARTESIAN_POINT('',(-23.,105.,180.));
#3756 = DIRECTION('',(0.,1.,0.));
#3757 = DIRECTION('',(0.,0.,1.));
#3758 = ADVANCED_FACE('',(#3759),#3768,.F.);
#3759 = FACE_BOUND('',#3760,.F.);
#3760 = EDGE_LOOP('',(#3761,#3762,#3763,#3764,#3765,#3766,#3767));
#3761 = ORIENTED_EDGE('',*,*,#3379,.F.);
#3762 = ORIENTED_EDGE('',*,*,#3466,.T.);
#3763 = ORIENTED_EDGE('',*,*,#3475,.T.);
#3764 = ORIENTED_EDGE('',*,*,#3362,.T.);
#3765 = ORIENTED_EDGE('',*,*,#3536,.F.);
#3766 = ORIENTED_EDGE('',*,*,#3545,.F.);
#3767 = ORIENTED_EDGE('',*,*,#3554,.F.);
#3768 = CYLINDRICAL_SURFACE('',#3769,2.3);
#3769 = AXIS2_PLACEMENT_3D('',#3770,#3771,#3772);
#3770 = CARTESIAN_POINT('',(23.,105.,180.));
#3771 = DIRECTION('',(0.,1.,0.));
#3772 = DIRECTION('',(0.,0.,1.));
#3773 = MANIFOLD_SOLID_BREP('',#3774);
#3774 = CLOSED_SHELL('',(#3775,#3808,#3828,#3848));
#3775 = ADVANCED_FACE('',(#3776),#3803,.T.);
#3776 = FACE_BOUND('',#3777,.T.);
#3777 = EDGE_LOOP('',(#3778,#3787,#3795,#3802));
#3778 = ORIENTED_EDGE('',*,*,#3779,.F.);
#3779 = EDGE_CURVE('',#3780,#3780,#3782,.T.);
#3780 = VERTEX_POINT('',#3781);
#3781 = CARTESIAN_POINT('',(-5.143516556419E-15,110.,201.));
#3782 = CIRCLE('',#3783,21.);
#3783 = AXIS2_PLACEMENT_3D('',#3784,#3785,#3786);
#3784 = CARTESIAN_POINT('',(0.,110.,180.));
#3785 = DIRECTION('',(0.,1.,0.));
#3786 = DIRECTION('',(0.,0.,1.));
#3787 = ORIENTED_EDGE('',*,*,#3788,.F.);
#3788 = EDGE_CURVE('',#3789,#3780,#3791,.T.);
#3789 = VERTEX_POINT('',#3790);
#3790 = CARTESIAN_POINT('',(-5.143516556419E-15,98.,201.));
#3791 = LINE('',#3792,#3793);
#3792 = CARTESIAN_POINT('',(-5.143516556419E-15,98.,201.));
#3793 = VECTOR('',#3794,1.);
#3794 = DIRECTION('',(0.,1.,0.));
#3795 = ORIENTED_EDGE('',*,*,#3796,.T.);
#3796 = EDGE_CURVE('',#3789,#3789,#3797,.T.);
#3797 = CIRCLE('',#3798,21.);
#3798 = AXIS2_PLACEMENT_3D('',#3799,#3800,#3801);
#3799 = CARTESIAN_POINT('',(0.,98.,180.));
#3800 = DIRECTION('',(0.,1.,0.));
#3801 = DIRECTION('',(0.,0.,1.));
#3802 = ORIENTED_EDGE('',*,*,#3788,.T.);
#3803 = CYLINDRICAL_SURFACE('',#3804,21.);
#3804 = AXIS2_PLACEMENT_3D('',#3805,#3806,#3807);
#3805 = CARTESIAN_POINT('',(0.,98.,180.));
#3806 = DIRECTION('',(0.,1.,0.));
#3807 = DIRECTION('',(0.,0.,1.));
#3808 = ADVANCED_FACE('',(#3809,#3812),#3823,.T.);
#3809 = FACE_BOUND('',#3810,.T.);
#3810 = EDGE_LOOP('',(#3811));
#3811 = ORIENTED_EDGE('',*,*,#3779,.T.);
#3812 = FACE_BOUND('',#3813,.T.);
#3813 = EDGE_LOOP('',(#3814));
#3814 = ORIENTED_EDGE('',*,*,#3815,.F.);
#3815 = EDGE_CURVE('',#3816,#3816,#3818,.T.);
#3816 = VERTEX_POINT('',#3817);
#3817 = CARTESIAN_POINT('',(-2.449293598295E-15,110.,190.));
#3818 = CIRCLE('',#3819,10.);
#3819 = AXIS2_PLACEMENT_3D('',#3820,#3821,#3822);
#3820 = CARTESIAN_POINT('',(0.,110.,180.));
#3821 = DIRECTION('',(0.,1.,0.));
#3822 = DIRECTION('',(0.,0.,1.));
#3823 = PLANE('',#3824);
#3824 = AXIS2_PLACEMENT_3D('',#3825,#3826,#3827);
#3825 = CARTESIAN_POINT('',(0.,110.,180.));
#3826 = DIRECTION('',(0.,1.,0.));
#3827 = DIRECTION('',(0.,0.,1.));
#3828 = ADVANCED_FACE('',(#3829,#3832),#3843,.F.);
#3829 = FACE_BOUND('',#3830,.F.);
#3830 = EDGE_LOOP('',(#3831));
#3831 = ORIENTED_EDGE('',*,*,#3796,.T.);
#3832 = FACE_BOUND('',#3833,.F.);
#3833 = EDGE_LOOP('',(#3834));
#3834 = ORIENTED_EDGE('',*,*,#3835,.F.);
#3835 = EDGE_CURVE('',#3836,#3836,#3838,.T.);
#3836 = VERTEX_POINT('',#3837);
#3837 = CARTESIAN_POINT('',(-2.449293598295E-15,98.,190.));
#3838 = CIRCLE('',#3839,10.);
#3839 = AXIS2_PLACEMENT_3D('',#3840,#3841,#3842);
#3840 = CARTESIAN_POINT('',(0.,98.,180.));
#3841 = DIRECTION('',(0.,1.,0.));
#3842 = DIRECTION('',(0.,0.,1.));
#3843 = PLANE('',#3844);
#3844 = AXIS2_PLACEMENT_3D('',#3845,#3846,#3847);
#3845 = CARTESIAN_POINT('',(0.,98.,180.));
#3846 = DIRECTION('',(0.,1.,0.));
#3847 = DIRECTION('',(0.,0.,1.));
#3848 = ADVANCED_FACE('',(#3849),#3860,.F.);
#3849 = FACE_BOUND('',#3850,.F.);
#3850 = EDGE_LOOP('',(#3851,#3852,#3858,#3859));
#3851 = ORIENTED_EDGE('',*,*,#3815,.F.);
#3852 = ORIENTED_EDGE('',*,*,#3853,.F.);
#3853 = EDGE_CURVE('',#3836,#3816,#3854,.T.);
#3854 = LINE('',#3855,#3856);
#3855 = CARTESIAN_POINT('',(-2.449293598295E-15,98.,190.));
#3856 = VECTOR('',#3857,1.);
#3857 = DIRECTION('',(0.,1.,0.));
#3858 = ORIENTED_EDGE('',*,*,#3835,.T.);
#3859 = ORIENTED_EDGE('',*,*,#3853,.T.);
#3860 = CYLINDRICAL_SURFACE('',#3861,10.);
#3861 = AXIS2_PLACEMENT_3D('',#3862,#3863,#3864);
#3862 = CARTESIAN_POINT('',(0.,98.,180.));
#3863 = DIRECTION('',(0.,1.,0.));
#3864 = DIRECTION('',(0.,0.,1.));
#3865 = MANIFOLD_SOLID_BREP('',#3866);
#3866 = CLOSED_SHELL('',(#3867,#3900,#3953,#4006,#4023,#4040,#4057));
#3867 = ADVANCED_FACE('',(#3868),#3895,.T.);
#3868 = FACE_BOUND('',#3869,.T.);
#3869 = EDGE_LOOP('',(#3870,#3879,#3887,#3894));
#3870 = ORIENTED_EDGE('',*,*,#3871,.F.);
#3871 = EDGE_CURVE('',#3872,#3872,#3874,.T.);
#3872 = VERTEX_POINT('',#3873);
#3873 = CARTESIAN_POINT('',(-7.102951435055E-15,113.,209.));
#3874 = CIRCLE('',#3875,29.);
#3875 = AXIS2_PLACEMENT_3D('',#3876,#3877,#3878);
#3876 = CARTESIAN_POINT('',(0.,113.,180.));
#3877 = DIRECTION('',(0.,1.,0.));
#3878 = DIRECTION('',(0.,0.,1.));
#3879 = ORIENTED_EDGE('',*,*,#3880,.F.);
#3880 = EDGE_CURVE('',#3881,#3872,#3883,.T.);
#3881 = VERTEX_POINT('',#3882);
#3882 = CARTESIAN_POINT('',(-7.102951435055E-15,110.,209.));
#3883 = LINE('',#3884,#3885);
#3884 = CARTESIAN_POINT('',(-7.102951435055E-15,110.,209.));
#3885 = VECTOR('',#3886,1.);
#3886 = DIRECTION('',(0.,1.,0.));
#3887 = ORIENTED_EDGE('',*,*,#3888,.T.);
#3888 = EDGE_CURVE('',#3881,#3881,#3889,.T.);
#3889 = CIRCLE('',#3890,29.);
#3890 = AXIS2_PLACEMENT_3D('',#3891,#3892,#3893);
#3891 = CARTESIAN_POINT('',(0.,110.,180.));
#3892 = DIRECTION('',(0.,1.,0.));
#3893 = DIRECTION('',(0.,0.,1.));
#3894 = ORIENTED_EDGE('',*,*,#3880,.T.);
#3895 = CYLINDRICAL_SURFACE('',#3896,29.);
#3896 = AXIS2_PLACEMENT_3D('',#3897,#3898,#3899);
#3897 = CARTESIAN_POINT('',(0.,110.,180.));
#3898 = DIRECTION('',(0.,1.,0.));
#3899 = DIRECTION('',(0.,0.,1.));
#3900 = ADVANCED_FACE('',(#3901,#3904,#3915,#3926,#3937),#3948,.T.);
#3901 = FACE_BOUND('',#3902,.T.);
#3902 = EDGE_LOOP('',(#3903));
#3903 = ORIENTED_EDGE('',*,*,#3871,.T.);
#3904 = FACE_BOUND('',#3905,.T.);
#3905 = EDGE_LOOP('',(#3906));
#3906 = ORIENTED_EDGE('',*,*,#3907,.F.);
#3907 = EDGE_CURVE('',#3908,#3908,#3910,.T.);
#3908 = VERTEX_POINT('',#3909);
#3909 = CARTESIAN_POINT('',(-23.,113.,181.7));
#3910 = CIRCLE('',#3911,1.7);
#3911 = AXIS2_PLACEMENT_3D('',#3912,#3913,#3914);
#3912 = CARTESIAN_POINT('',(-23.,113.,180.));
#3913 = DIRECTION('',(0.,1.,0.));
#3914 = DIRECTION('',(0.,0.,1.));
#3915 = FACE_BOUND('',#3916,.T.);
#3916 = EDGE_LOOP('',(#3917));
#3917 = ORIENTED_EDGE('',*,*,#3918,.F.);
#3918 = EDGE_CURVE('',#3919,#3919,#3921,.T.);
#3919 = VERTEX_POINT('',#3920);
#3920 = CARTESIAN_POINT('',(-2.694222958124E-15,113.,191.));
#3921 = CIRCLE('',#3922,11.);
#3922 = AXIS2_PLACEMENT_3D('',#3923,#3924,#3925);
#3923 = CARTESIAN_POINT('',(0.,113.,180.));
#3924 = DIRECTION('',(0.,1.,0.));
#3925 = DIRECTION('',(0.,0.,1.));
#3926 = FACE_BOUND('',#3927,.T.);
#3927 = EDGE_LOOP('',(#3928));
#3928 = ORIENTED_EDGE('',*,*,#3929,.F.);
#3929 = EDGE_CURVE('',#3930,#3930,#3932,.T.);
#3930 = VERTEX_POINT('',#3931);
#3931 = CARTESIAN_POINT('',(23.,113.,181.7));
#3932 = CIRCLE('',#3933,1.7);
#3933 = AXIS2_PLACEMENT_3D('',#3934,#3935,#3936);
#3934 = CARTESIAN_POINT('',(23.,113.,180.));
#3935 = DIRECTION('',(0.,1.,0.));
#3936 = DIRECTION('',(0.,0.,1.));
#3937 = FACE_BOUND('',#3938,.T.);
#3938 = EDGE_LOOP('',(#3939));
#3939 = ORIENTED_EDGE('',*,*,#3940,.F.);
#3940 = EDGE_CURVE('',#3941,#3941,#3943,.T.);
#3941 = VERTEX_POINT('',#3942);
#3942 = CARTESIAN_POINT('',(-4.163799117101E-16,113.,205.7));
#3943 = CIRCLE('',#3944,1.7);
#3944 = AXIS2_PLACEMENT_3D('',#3945,#3946,#3947);
#3945 = CARTESIAN_POINT('',(0.,113.,204.));
#3946 = DIRECTION('',(0.,1.,0.));
#3947 = DIRECTION('',(0.,0.,1.));
#3948 = PLANE('',#3949);
#3949 = AXIS2_PLACEMENT_3D('',#3950,#3951,#3952);
#3950 = CARTESIAN_POINT('',(0.,113.,180.));
#3951 = DIRECTION('',(0.,1.,0.));
#3952 = DIRECTION('',(0.,0.,1.));
#3953 = ADVANCED_FACE('',(#3954,#3957,#3968,#3979,#3990),#4001,.F.);
#3954 = FACE_BOUND('',#3955,.F.);
#3955 = EDGE_LOOP('',(#3956));
#3956 = ORIENTED_EDGE('',*,*,#3888,.T.);
#3957 = FACE_BOUND('',#3958,.F.);
#3958 = EDGE_LOOP('',(#3959));
#3959 = ORIENTED_EDGE('',*,*,#3960,.F.);
#3960 = EDGE_CURVE('',#3961,#3961,#3963,.T.);
#3961 = VERTEX_POINT('',#3962);
#3962 = CARTESIAN_POINT('',(-23.,110.,181.7));
#3963 = CIRCLE('',#3964,1.7);
#3964 = AXIS2_PLACEMENT_3D('',#3965,#3966,#3967);
#3965 = CARTESIAN_POINT('',(-23.,110.,180.));
#3966 = DIRECTION('',(0.,1.,0.));
#3967 = DIRECTION('',(0.,0.,1.));
#3968 = FACE_BOUND('',#3969,.F.);
#3969 = EDGE_LOOP('',(#3970));
#3970 = ORIENTED_EDGE('',*,*,#3971,.F.);
#3971 = EDGE_CURVE('',#3972,#3972,#3974,.T.);
#3972 = VERTEX_POINT('',#3973);
#3973 = CARTESIAN_POINT('',(-2.694222958124E-15,110.,191.));
#3974 = CIRCLE('',#3975,11.);
#3975 = AXIS2_PLACEMENT_3D('',#3976,#3977,#3978);
#3976 = CARTESIAN_POINT('',(0.,110.,180.));
#3977 = DIRECTION('',(0.,1.,0.));
#3978 = DIRECTION('',(0.,0.,1.));
#3979 = FACE_BOUND('',#3980,.F.);
#3980 = EDGE_LOOP('',(#3981));
#3981 = ORIENTED_EDGE('',*,*,#3982,.F.);
#3982 = EDGE_CURVE('',#3983,#3983,#3985,.T.);
#3983 = VERTEX_POINT('',#3984);
#3984 = CARTESIAN_POINT('',(23.,110.,181.7));
#3985 = CIRCLE('',#3986,1.7);
#3986 = AXIS2_PLACEMENT_3D('',#3987,#3988,#3989);
#3987 = CARTESIAN_POINT('',(23.,110.,180.));
#3988 = DIRECTION('',(0.,1.,0.));
#3989 = DIRECTION('',(0.,0.,1.));
#3990 = FACE_BOUND('',#3991,.F.);
#3991 = EDGE_LOOP('',(#3992));
#3992 = ORIENTED_EDGE('',*,*,#3993,.F.);
#3993 = EDGE_CURVE('',#3994,#3994,#3996,.T.);
#3994 = VERTEX_POINT('',#3995);
#3995 = CARTESIAN_POINT('',(-4.163799117101E-16,110.,205.7));
#3996 = CIRCLE('',#3997,1.7);
#3997 = AXIS2_PLACEMENT_3D('',#3998,#3999,#4000);
#3998 = CARTESIAN_POINT('',(0.,110.,204.));
#3999 = DIRECTION('',(0.,1.,0.));
#4000 = DIRECTION('',(0.,0.,1.));
#4001 = PLANE('',#4002);
#4002 = AXIS2_PLACEMENT_3D('',#4003,#4004,#4005);
#4003 = CARTESIAN_POINT('',(0.,110.,180.));
#4004 = DIRECTION('',(0.,1.,0.));
#4005 = DIRECTION('',(0.,0.,1.));
#4006 = ADVANCED_FACE('',(#4007),#4018,.F.);
#4007 = FACE_BOUND('',#4008,.F.);
#4008 = EDGE_LOOP('',(#4009,#4010,#4016,#4017));
#4009 = ORIENTED_EDGE('',*,*,#3907,.F.);
#4010 = ORIENTED_EDGE('',*,*,#4011,.F.);
#4011 = EDGE_CURVE('',#3961,#3908,#4012,.T.);
#4012 = LINE('',#4013,#4014);
#4013 = CARTESIAN_POINT('',(-23.,110.,181.7));
#4014 = VECTOR('',#4015,1.);
#4015 = DIRECTION('',(0.,1.,0.));
#4016 = ORIENTED_EDGE('',*,*,#3960,.T.);
#4017 = ORIENTED_EDGE('',*,*,#4011,.T.);
#4018 = CYLINDRICAL_SURFACE('',#4019,1.7);
#4019 = AXIS2_PLACEMENT_3D('',#4020,#4021,#4022);
#4020 = CARTESIAN_POINT('',(-23.,110.,180.));
#4021 = DIRECTION('',(0.,1.,0.));
#4022 = DIRECTION('',(0.,0.,1.));
#4023 = ADVANCED_FACE('',(#4024),#4035,.F.);
#4024 = FACE_BOUND('',#4025,.F.);
#4025 = EDGE_LOOP('',(#4026,#4027,#4033,#4034));
#4026 = ORIENTED_EDGE('',*,*,#3918,.F.);
#4027 = ORIENTED_EDGE('',*,*,#4028,.F.);
#4028 = EDGE_CURVE('',#3972,#3919,#4029,.T.);
#4029 = LINE('',#4030,#4031);
#4030 = CARTESIAN_POINT('',(-2.694222958124E-15,110.,191.));
#4031 = VECTOR('',#4032,1.);
#4032 = DIRECTION('',(0.,1.,0.));
#4033 = ORIENTED_EDGE('',*,*,#3971,.T.);
#4034 = ORIENTED_EDGE('',*,*,#4028,.T.);
#4035 = CYLINDRICAL_SURFACE('',#4036,11.);
#4036 = AXIS2_PLACEMENT_3D('',#4037,#4038,#4039);
#4037 = CARTESIAN_POINT('',(0.,110.,180.));
#4038 = DIRECTION('',(0.,1.,0.));
#4039 = DIRECTION('',(0.,0.,1.));
#4040 = ADVANCED_FACE('',(#4041),#4052,.F.);
#4041 = FACE_BOUND('',#4042,.F.);
#4042 = EDGE_LOOP('',(#4043,#4044,#4050,#4051));
#4043 = ORIENTED_EDGE('',*,*,#3929,.F.);
#4044 = ORIENTED_EDGE('',*,*,#4045,.F.);
#4045 = EDGE_CURVE('',#3983,#3930,#4046,.T.);
#4046 = LINE('',#4047,#4048);
#4047 = CARTESIAN_POINT('',(23.,110.,181.7));
#4048 = VECTOR('',#4049,1.);
#4049 = DIRECTION('',(0.,1.,0.));
#4050 = ORIENTED_EDGE('',*,*,#3982,.T.);
#4051 = ORIENTED_EDGE('',*,*,#4045,.T.);
#4052 = CYLINDRICAL_SURFACE('',#4053,1.7);
#4053 = AXIS2_PLACEMENT_3D('',#4054,#4055,#4056);
#4054 = CARTESIAN_POINT('',(23.,110.,180.));
#4055 = DIRECTION('',(0.,1.,0.));
#4056 = DIRECTION('',(0.,0.,1.));
#4057 = ADVANCED_FACE('',(#4058),#4069,.F.);
#4058 = FACE_BOUND('',#4059,.F.);
#4059 = EDGE_LOOP('',(#4060,#4061,#4067,#4068));
#4060 = ORIENTED_EDGE('',*,*,#3940,.F.);
#4061 = ORIENTED_EDGE('',*,*,#4062,.F.);
#4062 = EDGE_CURVE('',#3994,#3941,#4063,.T.);
#4063 = LINE('',#4064,#4065);
#4064 = CARTESIAN_POINT('',(-4.163799117101E-16,110.,205.7));
#4065 = VECTOR('',#4066,1.);
#4066 = DIRECTION('',(0.,1.,0.));
#4067 = ORIENTED_EDGE('',*,*,#3993,.T.);
#4068 = ORIENTED_EDGE('',*,*,#4062,.T.);
#4069 = CYLINDRICAL_SURFACE('',#4070,1.7);
#4070 = AXIS2_PLACEMENT_3D('',#4071,#4072,#4073);
#4071 = CARTESIAN_POINT('',(0.,110.,204.));
#4072 = DIRECTION('',(0.,1.,0.));
#4073 = DIRECTION('',(0.,0.,1.));
#4074 = MANIFOLD_SOLID_BREP('',#4075);
#4075 = CLOSED_SHELL('',(#4076,#4093,#4113,#4138,#4158,#4183));
#4076 = ADVANCED_FACE('',(#4077),#4088,.T.);
#4077 = FACE_BOUND('',#4078,.T.);
#4078 = EDGE_LOOP('',(#4079));
#4079 = ORIENTED_EDGE('',*,*,#4080,.T.);
#4080 = EDGE_CURVE('',#4081,#4081,#4083,.T.);
#4081 = VERTEX_POINT('',#4082);
#4082 = CARTESIAN_POINT('',(-5.656854249492,110.,185.65685424949));
#4083 = CIRCLE('',#4084,8.);
#4084 = AXIS2_PLACEMENT_3D('',#4085,#4086,#4087);
#4085 = CARTESIAN_POINT('',(0.,110.,180.));
#4086 = DIRECTION('',(0.,1.,-0.));
#4087 = DIRECTION('',(-0.707106781187,0.,0.707106781187));
#4088 = PLANE('',#4089);
#4089 = AXIS2_PLACEMENT_3D('',#4090,#4091,#4092);
#4090 = CARTESIAN_POINT('',(0.,110.,180.));
#4091 = DIRECTION('',(0.,1.,0.));
#4092 = DIRECTION('',(-0.707106781187,0.,0.707106781187));
#4093 = ADVANCED_FACE('',(#4094,#4105),#4108,.T.);
#4094 = FACE_BOUND('',#4095,.T.);
#4095 = EDGE_LOOP('',(#4096));
#4096 = ORIENTED_EDGE('',*,*,#4097,.T.);
#4097 = EDGE_CURVE('',#4098,#4098,#4100,.T.);
#4098 = VERTEX_POINT('',#4099);
#4099 = CARTESIAN_POINT('',(-7.000357133747,110.,187.00035713374));
#4100 = CIRCLE('',#4101,9.9);
#4101 = AXIS2_PLACEMENT_3D('',#4102,#4103,#4104);
#4102 = CARTESIAN_POINT('',(0.,110.,180.));
#4103 = DIRECTION('',(0.,1.,-0.));
#4104 = DIRECTION('',(-0.707106781187,0.,0.707106781187));
#4105 = FACE_BOUND('',#4106,.T.);
#4106 = EDGE_LOOP('',(#4107));
#4107 = ORIENTED_EDGE('',*,*,#4080,.F.);
#4108 = PLANE('',#4109);
#4109 = AXIS2_PLACEMENT_3D('',#4110,#4111,#4112);
#4110 = CARTESIAN_POINT('',(0.,110.,180.));
#4111 = DIRECTION('',(0.,1.,0.));
#4112 = DIRECTION('',(-0.707106781187,0.,0.707106781187));
#4113 = ADVANCED_FACE('',(#4114),#4133,.T.);
#4114 = FACE_BOUND('',#4115,.T.);
#4115 = EDGE_LOOP('',(#4116,#4117,#4125,#4132));
#4116 = ORIENTED_EDGE('',*,*,#4097,.F.);
#4117 = ORIENTED_EDGE('',*,*,#4118,.F.);
#4118 = EDGE_CURVE('',#4119,#4098,#4121,.T.);
#4119 = VERTEX_POINT('',#4120);
#4120 = CARTESIAN_POINT('',(-7.000357133747,94.,187.00035713374));
#4121 = LINE('',#4122,#4123);
#4122 = CARTESIAN_POINT('',(-7.000357133747,94.,187.00035713374));
#4123 = VECTOR('',#4124,1.);
#4124 = DIRECTION('',(0.,1.,0.));
#4125 = ORIENTED_EDGE('',*,*,#4126,.T.);
#4126 = EDGE_CURVE('',#4119,#4119,#4127,.T.);
#4127 = CIRCLE('',#4128,9.9);
#4128 = AXIS2_PLACEMENT_3D('',#4129,#4130,#4131);
#4129 = CARTESIAN_POINT('',(0.,94.,180.));
#4130 = DIRECTION('',(0.,1.,-0.));
#4131 = DIRECTION('',(-0.707106781187,0.,0.707106781187));
#4132 = ORIENTED_EDGE('',*,*,#4118,.T.);
#4133 = CYLINDRICAL_SURFACE('',#4134,9.9);
#4134 = AXIS2_PLACEMENT_3D('',#4135,#4136,#4137);
#4135 = CARTESIAN_POINT('',(0.,94.,180.));
#4136 = DIRECTION('',(0.,1.,0.));
#4137 = DIRECTION('',(-0.707106781187,0.,0.707106781187));
#4138 = ADVANCED_FACE('',(#4139,#4142),#4153,.F.);
#4139 = FACE_BOUND('',#4140,.F.);
#4140 = EDGE_LOOP('',(#4141));
#4141 = ORIENTED_EDGE('',*,*,#4126,.T.);
#4142 = FACE_BOUND('',#4143,.F.);
#4143 = EDGE_LOOP('',(#4144));
#4144 = ORIENTED_EDGE('',*,*,#4145,.F.);
#4145 = EDGE_CURVE('',#4146,#4146,#4148,.T.);
#4146 = VERTEX_POINT('',#4147);
#4147 = CARTESIAN_POINT('',(-5.656854249492,94.,185.65685424949));
#4148 = CIRCLE('',#4149,8.);
#4149 = AXIS2_PLACEMENT_3D('',#4150,#4151,#4152);
#4150 = CARTESIAN_POINT('',(0.,94.,180.));
#4151 = DIRECTION('',(0.,1.,-0.));
#4152 = DIRECTION('',(-0.707106781187,0.,0.707106781187));
#4153 = PLANE('',#4154);
#4154 = AXIS2_PLACEMENT_3D('',#4155,#4156,#4157);
#4155 = CARTESIAN_POINT('',(0.,94.,180.));
#4156 = DIRECTION('',(0.,1.,0.));
#4157 = DIRECTION('',(-0.707106781187,0.,0.707106781187));
#4158 = ADVANCED_FACE('',(#4159),#4178,.T.);
#4159 = FACE_BOUND('',#4160,.T.);
#4160 = EDGE_LOOP('',(#4161,#4162,#4170,#4177));
#4161 = ORIENTED_EDGE('',*,*,#4145,.F.);
#4162 = ORIENTED_EDGE('',*,*,#4163,.F.);
#4163 = EDGE_CURVE('',#4164,#4146,#4166,.T.);
#4164 = VERTEX_POINT('',#4165);
#4165 = CARTESIAN_POINT('',(-5.656854249492,8.,185.65685424949));
#4166 = LINE('',#4167,#4168);
#4167 = CARTESIAN_POINT('',(-5.656854249492,8.,185.65685424949));
#4168 = VECTOR('',#4169,1.);
#4169 = DIRECTION('',(0.,1.,0.));
#4170 = ORIENTED_EDGE('',*,*,#4171,.T.);
#4171 = EDGE_CURVE('',#4164,#4164,#4172,.T.);
#4172 = CIRCLE('',#4173,8.);
#4173 = AXIS2_PLACEMENT_3D('',#4174,#4175,#4176);
#4174 = CARTESIAN_POINT('',(0.,8.,180.));
#4175 = DIRECTION('',(0.,1.,-0.));
#4176 = DIRECTION('',(-0.707106781187,0.,0.707106781187));
#4177 = ORIENTED_EDGE('',*,*,#4163,.T.);
#4178 = CYLINDRICAL_SURFACE('',#4179,8.);
#4179 = AXIS2_PLACEMENT_3D('',#4180,#4181,#4182);
#4180 = CARTESIAN_POINT('',(0.,8.,180.));
#4181 = DIRECTION('',(0.,1.,0.));
#4182 = DIRECTION('',(-0.707106781187,0.,0.707106781187));
#4183 = ADVANCED_FACE('',(#4184),#4187,.F.);
#4184 = FACE_BOUND('',#4185,.T.);
#4185 = EDGE_LOOP('',(#4186));
#4186 = ORIENTED_EDGE('',*,*,#4171,.F.);
#4187 = PLANE('',#4188);
#4188 = AXIS2_PLACEMENT_3D('',#4189,#4190,#4191);
#4189 = CARTESIAN_POINT('',(0.,8.,180.));
#4190 = DIRECTION('',(0.,1.,0.));
#4191 = DIRECTION('',(-0.707106781187,0.,0.707106781187));
#4192 = MANIFOLD_SOLID_BREP('',#4193);
#4193 = CLOSED_SHELL('',(#4194,#4227,#4313,#4399,#4416,#4433,#4450,#4467
    ,#4484,#4501));
#4194 = ADVANCED_FACE('',(#4195),#4222,.T.);
#4195 = FACE_BOUND('',#4196,.T.);
#4196 = EDGE_LOOP('',(#4197,#4206,#4214,#4221));
#4197 = ORIENTED_EDGE('',*,*,#4198,.F.);
#4198 = EDGE_CURVE('',#4199,#4199,#4201,.T.);
#4199 = VERTEX_POINT('',#4200);
#4200 = CARTESIAN_POINT('',(13.435028842544,8.,193.43502884254));
#4201 = CIRCLE('',#4202,19.);
#4202 = AXIS2_PLACEMENT_3D('',#4203,#4204,#4205);
#4203 = CARTESIAN_POINT('',(0.,8.,180.));
#4204 = DIRECTION('',(-0.,1.,0.));
#4205 = DIRECTION('',(0.707106781187,0.,0.707106781187));
#4206 = ORIENTED_EDGE('',*,*,#4207,.F.);
#4207 = EDGE_CURVE('',#4208,#4199,#4210,.T.);
#4208 = VERTEX_POINT('',#4209);
#4209 = CARTESIAN_POINT('',(13.435028842544,0.,193.43502884254));
#4210 = LINE('',#4211,#4212);
#4211 = CARTESIAN_POINT('',(13.435028842544,0.,193.43502884254));
#4212 = VECTOR('',#4213,1.);
#4213 = DIRECTION('',(0.,1.,0.));
#4214 = ORIENTED_EDGE('',*,*,#4215,.T.);
#4215 = EDGE_CURVE('',#4208,#4208,#4216,.T.);
#4216 = CIRCLE('',#4217,19.);
#4217 = AXIS2_PLACEMENT_3D('',#4218,#4219,#4220);
#4218 = CARTESIAN_POINT('',(0.,0.,180.));
#4219 = DIRECTION('',(-0.,1.,0.));
#4220 = DIRECTION('',(0.707106781187,0.,0.707106781187));
#4221 = ORIENTED_EDGE('',*,*,#4207,.T.);
#4222 = CYLINDRICAL_SURFACE('',#4223,19.);
#4223 = AXIS2_PLACEMENT_3D('',#4224,#4225,#4226);
#4224 = CARTESIAN_POINT('',(0.,0.,180.));
#4225 = DIRECTION('',(0.,1.,0.));
#4226 = DIRECTION('',(0.707106781187,0.,0.707106781187));
#4227 = ADVANCED_FACE('',(#4228,#4231,#4242,#4253,#4264,#4275,#4286,
    #4297),#4308,.T.);
#4228 = FACE_BOUND('',#4229,.T.);
#4229 = EDGE_LOOP('',(#4230));
#4230 = ORIENTED_EDGE('',*,*,#4198,.T.);
#4231 = FACE_BOUND('',#4232,.T.);
#4232 = EDGE_LOOP('',(#4233));
#4233 = ORIENTED_EDGE('',*,*,#4234,.F.);
#4234 = EDGE_CURVE('',#4235,#4235,#4237,.T.);
#4235 = VERTEX_POINT('',#4236);
#4236 = CARTESIAN_POINT('',(-10.40890880391,8.,181.64092613855));
#4237 = CIRCLE('',#4238,2.25);
#4238 = AXIS2_PLACEMENT_3D('',#4239,#4240,#4241);
#4239 = CARTESIAN_POINT('',(-11.99989906158,8.,180.04993588088));
#4240 = DIRECTION('',(-0.,1.,0.));
#4241 = DIRECTION('',(0.707106781187,0.,0.707106781187));
#4242 = FACE_BOUND('',#4243,.T.);
#4243 = EDGE_LOOP('',(#4244));
#4244 = ORIENTED_EDGE('',*,*,#4245,.F.);
#4245 = EDGE_CURVE('',#4246,#4246,#4248,.T.);
#4246 = VERTEX_POINT('',#4247);
#4247 = CARTESIAN_POINT('',(-4.365719693453,8.,192.00817221092));
#4248 = CIRCLE('',#4249,2.25);
#4249 = AXIS2_PLACEMENT_3D('',#4250,#4251,#4252);
#4250 = CARTESIAN_POINT('',(-5.956709951122,8.,190.41718195325));
#4251 = DIRECTION('',(-0.,1.,0.));
#4252 = DIRECTION('',(0.707106781187,0.,0.707106781187));
#4253 = FACE_BOUND('',#4254,.T.);
#4254 = EDGE_LOOP('',(#4255));
#4255 = ORIENTED_EDGE('',*,*,#4256,.F.);
#4256 = EDGE_CURVE('',#4257,#4257,#4259,.T.);
#4257 = VERTEX_POINT('',#4258);
#4258 = CARTESIAN_POINT('',(7.634179368131,8.,191.95823633003));
#4259 = CIRCLE('',#4260,2.25);
#4260 = AXIS2_PLACEMENT_3D('',#4261,#4262,#4263);
#4261 = CARTESIAN_POINT('',(6.043189110461,8.,190.36724607236));
#4262 = DIRECTION('',(-0.,1.,0.));
#4263 = DIRECTION('',(0.707106781187,0.,0.707106781187));
#4264 = FACE_BOUND('',#4265,.T.);
#4265 = EDGE_LOOP('',(#4266));
#4266 = ORIENTED_EDGE('',*,*,#4267,.F.);
#4267 = EDGE_CURVE('',#4268,#4268,#4270,.T.);
#4268 = VERTEX_POINT('',#4269);
#4269 = CARTESIAN_POINT('',(-4.452198852792,8.,171.2237441853));
#4270 = CIRCLE('',#4271,2.25);
#4271 = AXIS2_PLACEMENT_3D('',#4272,#4273,#4274);
#4272 = CARTESIAN_POINT('',(-6.043189110461,8.,169.63275392763));
#4273 = DIRECTION('',(-0.,1.,0.));
#4274 = DIRECTION('',(0.707106781187,0.,0.707106781187));
#4275 = FACE_BOUND('',#4276,.T.);
#4276 = EDGE_LOOP('',(#4277));
#4277 = ORIENTED_EDGE('',*,*,#4278,.F.);
#4278 = EDGE_CURVE('',#4279,#4279,#4281,.T.);
#4279 = VERTEX_POINT('',#4280);
#4280 = CARTESIAN_POINT('',(7.547700208792,8.,171.17380830441));
#4281 = CIRCLE('',#4282,2.25);
#4282 = AXIS2_PLACEMENT_3D('',#4283,#4284,#4285);
#4283 = CARTESIAN_POINT('',(5.956709951122,8.,169.58281804674));
#4284 = DIRECTION('',(-0.,1.,0.));
#4285 = DIRECTION('',(0.707106781187,0.,0.707106781187));
#4286 = FACE_BOUND('',#4287,.T.);
#4287 = EDGE_LOOP('',(#4288));
#4288 = ORIENTED_EDGE('',*,*,#4289,.F.);
#4289 = EDGE_CURVE('',#4290,#4290,#4292,.T.);
#4290 = VERTEX_POINT('',#4291);
#4291 = CARTESIAN_POINT('',(5.79827560573,8.,185.79827560573));
#4292 = CIRCLE('',#4293,8.2);
#4293 = AXIS2_PLACEMENT_3D('',#4294,#4295,#4296);
#4294 = CARTESIAN_POINT('',(0.,8.,180.));
#4295 = DIRECTION('',(-0.,1.,0.));
#4296 = DIRECTION('',(0.707106781187,0.,0.707106781187));
#4297 = FACE_BOUND('',#4298,.T.);
#4298 = EDGE_LOOP('',(#4299));
#4299 = ORIENTED_EDGE('',*,*,#4300,.F.);
#4300 = EDGE_CURVE('',#4301,#4301,#4303,.T.);
#4301 = VERTEX_POINT('',#4302);
#4302 = CARTESIAN_POINT('',(13.590882248186,8.,181.54106144785));
#4303 = CIRCLE('',#4304,2.25);
#4304 = AXIS2_PLACEMENT_3D('',#4305,#4306,#4307);
#4305 = CARTESIAN_POINT('',(11.999891990516,8.,179.95007119018));
#4306 = DIRECTION('',(-0.,1.,0.));
#4307 = DIRECTION('',(0.707106781187,0.,0.707106781187));
#4308 = PLANE('',#4309);
#4309 = AXIS2_PLACEMENT_3D('',#4310,#4311,#4312);
#4310 = CARTESIAN_POINT('',(0.,8.,180.));
#4311 = DIRECTION('',(0.,1.,0.));
#4312 = DIRECTION('',(0.707106781187,0.,0.707106781187));
#4313 = ADVANCED_FACE('',(#4314,#4317,#4328,#4339,#4350,#4361,#4372,
    #4383),#4394,.F.);
#4314 = FACE_BOUND('',#4315,.F.);
#4315 = EDGE_LOOP('',(#4316));
#4316 = ORIENTED_EDGE('',*,*,#4215,.T.);
#4317 = FACE_BOUND('',#4318,.F.);
#4318 = EDGE_LOOP('',(#4319));
#4319 = ORIENTED_EDGE('',*,*,#4320,.F.);
#4320 = EDGE_CURVE('',#4321,#4321,#4323,.T.);
#4321 = VERTEX_POINT('',#4322);
#4322 = CARTESIAN_POINT('',(-10.40890880391,0.,181.64092613855));
#4323 = CIRCLE('',#4324,2.25);
#4324 = AXIS2_PLACEMENT_3D('',#4325,#4326,#4327);
#4325 = CARTESIAN_POINT('',(-11.99989906158,0.,180.04993588088));
#4326 = DIRECTION('',(-0.,1.,0.));
#4327 = DIRECTION('',(0.707106781187,0.,0.707106781187));
#4328 = FACE_BOUND('',#4329,.F.);
#4329 = EDGE_LOOP('',(#4330));
#4330 = ORIENTED_EDGE('',*,*,#4331,.F.);
#4331 = EDGE_CURVE('',#4332,#4332,#4334,.T.);
#4332 = VERTEX_POINT('',#4333);
#4333 = CARTESIAN_POINT('',(-4.365719693453,0.,192.00817221092));
#4334 = CIRCLE('',#4335,2.25);
#4335 = AXIS2_PLACEMENT_3D('',#4336,#4337,#4338);
#4336 = CARTESIAN_POINT('',(-5.956709951122,0.,190.41718195325));
#4337 = DIRECTION('',(-0.,1.,0.));
#4338 = DIRECTION('',(0.707106781187,0.,0.707106781187));
#4339 = FACE_BOUND('',#4340,.F.);
#4340 = EDGE_LOOP('',(#4341));
#4341 = ORIENTED_EDGE('',*,*,#4342,.F.);
#4342 = EDGE_CURVE('',#4343,#4343,#4345,.T.);
#4343 = VERTEX_POINT('',#4344);
#4344 = CARTESIAN_POINT('',(7.634179368131,0.,191.95823633003));
#4345 = CIRCLE('',#4346,2.25);
#4346 = AXIS2_PLACEMENT_3D('',#4347,#4348,#4349);
#4347 = CARTESIAN_POINT('',(6.043189110461,0.,190.36724607236));
#4348 = DIRECTION('',(-0.,1.,0.));
#4349 = DIRECTION('',(0.707106781187,0.,0.707106781187));
#4350 = FACE_BOUND('',#4351,.F.);
#4351 = EDGE_LOOP('',(#4352));
#4352 = ORIENTED_EDGE('',*,*,#4353,.F.);
#4353 = EDGE_CURVE('',#4354,#4354,#4356,.T.);
#4354 = VERTEX_POINT('',#4355);
#4355 = CARTESIAN_POINT('',(-4.452198852792,0.,171.2237441853));
#4356 = CIRCLE('',#4357,2.25);
#4357 = AXIS2_PLACEMENT_3D('',#4358,#4359,#4360);
#4358 = CARTESIAN_POINT('',(-6.043189110461,0.,169.63275392763));
#4359 = DIRECTION('',(-0.,1.,0.));
#4360 = DIRECTION('',(0.707106781187,0.,0.707106781187));
#4361 = FACE_BOUND('',#4362,.F.);
#4362 = EDGE_LOOP('',(#4363));
#4363 = ORIENTED_EDGE('',*,*,#4364,.F.);
#4364 = EDGE_CURVE('',#4365,#4365,#4367,.T.);
#4365 = VERTEX_POINT('',#4366);
#4366 = CARTESIAN_POINT('',(7.547700208792,0.,171.17380830441));
#4367 = CIRCLE('',#4368,2.25);
#4368 = AXIS2_PLACEMENT_3D('',#4369,#4370,#4371);
#4369 = CARTESIAN_POINT('',(5.956709951122,0.,169.58281804674));
#4370 = DIRECTION('',(-0.,1.,0.));
#4371 = DIRECTION('',(0.707106781187,0.,0.707106781187));
#4372 = FACE_BOUND('',#4373,.F.);
#4373 = EDGE_LOOP('',(#4374));
#4374 = ORIENTED_EDGE('',*,*,#4375,.F.);
#4375 = EDGE_CURVE('',#4376,#4376,#4378,.T.);
#4376 = VERTEX_POINT('',#4377);
#4377 = CARTESIAN_POINT('',(5.79827560573,0.,185.79827560573));
#4378 = CIRCLE('',#4379,8.2);
#4379 = AXIS2_PLACEMENT_3D('',#4380,#4381,#4382);
#4380 = CARTESIAN_POINT('',(0.,0.,180.));
#4381 = DIRECTION('',(-0.,1.,0.));
#4382 = DIRECTION('',(0.707106781187,0.,0.707106781187));
#4383 = FACE_BOUND('',#4384,.F.);
#4384 = EDGE_LOOP('',(#4385));
#4385 = ORIENTED_EDGE('',*,*,#4386,.F.);
#4386 = EDGE_CURVE('',#4387,#4387,#4389,.T.);
#4387 = VERTEX_POINT('',#4388);
#4388 = CARTESIAN_POINT('',(13.590882248186,0.,181.54106144785));
#4389 = CIRCLE('',#4390,2.25);
#4390 = AXIS2_PLACEMENT_3D('',#4391,#4392,#4393);
#4391 = CARTESIAN_POINT('',(11.999891990516,0.,179.95007119018));
#4392 = DIRECTION('',(-0.,1.,0.));
#4393 = DIRECTION('',(0.707106781187,0.,0.707106781187));
#4394 = PLANE('',#4395);
#4395 = AXIS2_PLACEMENT_3D('',#4396,#4397,#4398);
#4396 = CARTESIAN_POINT('',(0.,0.,180.));
#4397 = DIRECTION('',(0.,1.,0.));
#4398 = DIRECTION('',(0.707106781187,0.,0.707106781187));
#4399 = ADVANCED_FACE('',(#4400),#4411,.F.);
#4400 = FACE_BOUND('',#4401,.F.);
#4401 = EDGE_LOOP('',(#4402,#4403,#4409,#4410));
#4402 = ORIENTED_EDGE('',*,*,#4234,.F.);
#4403 = ORIENTED_EDGE('',*,*,#4404,.F.);
#4404 = EDGE_CURVE('',#4321,#4235,#4405,.T.);
#4405 = LINE('',#4406,#4407);
#4406 = CARTESIAN_POINT('',(-10.40890880391,0.,181.64092613855));
#4407 = VECTOR('',#4408,1.);
#4408 = DIRECTION('',(0.,1.,0.));
#4409 = ORIENTED_EDGE('',*,*,#4320,.T.);
#4410 = ORIENTED_EDGE('',*,*,#4404,.T.);
#4411 = CYLINDRICAL_SURFACE('',#4412,2.25);
#4412 = AXIS2_PLACEMENT_3D('',#4413,#4414,#4415);
#4413 = CARTESIAN_POINT('',(-11.99989906158,0.,180.04993588088));
#4414 = DIRECTION('',(0.,1.,0.));
#4415 = DIRECTION('',(0.707106781187,0.,0.707106781187));
#4416 = ADVANCED_FACE('',(#4417),#4428,.F.);
#4417 = FACE_BOUND('',#4418,.F.);
#4418 = EDGE_LOOP('',(#4419,#4420,#4426,#4427));
#4419 = ORIENTED_EDGE('',*,*,#4245,.F.);
#4420 = ORIENTED_EDGE('',*,*,#4421,.F.);
#4421 = EDGE_CURVE('',#4332,#4246,#4422,.T.);
#4422 = LINE('',#4423,#4424);
#4423 = CARTESIAN_POINT('',(-4.365719693453,0.,192.00817221092));
#4424 = VECTOR('',#4425,1.);
#4425 = DIRECTION('',(0.,1.,0.));
#4426 = ORIENTED_EDGE('',*,*,#4331,.T.);
#4427 = ORIENTED_EDGE('',*,*,#4421,.T.);
#4428 = CYLINDRICAL_SURFACE('',#4429,2.25);
#4429 = AXIS2_PLACEMENT_3D('',#4430,#4431,#4432);
#4430 = CARTESIAN_POINT('',(-5.956709951122,0.,190.41718195325));
#4431 = DIRECTION('',(0.,1.,0.));
#4432 = DIRECTION('',(0.707106781187,0.,0.707106781187));
#4433 = ADVANCED_FACE('',(#4434),#4445,.F.);
#4434 = FACE_BOUND('',#4435,.F.);
#4435 = EDGE_LOOP('',(#4436,#4437,#4443,#4444));
#4436 = ORIENTED_EDGE('',*,*,#4256,.F.);
#4437 = ORIENTED_EDGE('',*,*,#4438,.F.);
#4438 = EDGE_CURVE('',#4343,#4257,#4439,.T.);
#4439 = LINE('',#4440,#4441);
#4440 = CARTESIAN_POINT('',(7.634179368131,0.,191.95823633003));
#4441 = VECTOR('',#4442,1.);
#4442 = DIRECTION('',(0.,1.,0.));
#4443 = ORIENTED_EDGE('',*,*,#4342,.T.);
#4444 = ORIENTED_EDGE('',*,*,#4438,.T.);
#4445 = CYLINDRICAL_SURFACE('',#4446,2.25);
#4446 = AXIS2_PLACEMENT_3D('',#4447,#4448,#4449);
#4447 = CARTESIAN_POINT('',(6.043189110461,0.,190.36724607236));
#4448 = DIRECTION('',(0.,1.,0.));
#4449 = DIRECTION('',(0.707106781187,0.,0.707106781187));
#4450 = ADVANCED_FACE('',(#4451),#4462,.F.);
#4451 = FACE_BOUND('',#4452,.F.);
#4452 = EDGE_LOOP('',(#4453,#4454,#4460,#4461));
#4453 = ORIENTED_EDGE('',*,*,#4267,.F.);
#4454 = ORIENTED_EDGE('',*,*,#4455,.F.);
#4455 = EDGE_CURVE('',#4354,#4268,#4456,.T.);
#4456 = LINE('',#4457,#4458);
#4457 = CARTESIAN_POINT('',(-4.452198852792,0.,171.2237441853));
#4458 = VECTOR('',#4459,1.);
#4459 = DIRECTION('',(0.,1.,0.));
#4460 = ORIENTED_EDGE('',*,*,#4353,.T.);
#4461 = ORIENTED_EDGE('',*,*,#4455,.T.);
#4462 = CYLINDRICAL_SURFACE('',#4463,2.25);
#4463 = AXIS2_PLACEMENT_3D('',#4464,#4465,#4466);
#4464 = CARTESIAN_POINT('',(-6.043189110461,0.,169.63275392763));
#4465 = DIRECTION('',(0.,1.,0.));
#4466 = DIRECTION('',(0.707106781187,0.,0.707106781187));
#4467 = ADVANCED_FACE('',(#4468),#4479,.F.);
#4468 = FACE_BOUND('',#4469,.F.);
#4469 = EDGE_LOOP('',(#4470,#4471,#4477,#4478));
#4470 = ORIENTED_EDGE('',*,*,#4278,.F.);
#4471 = ORIENTED_EDGE('',*,*,#4472,.F.);
#4472 = EDGE_CURVE('',#4365,#4279,#4473,.T.);
#4473 = LINE('',#4474,#4475);
#4474 = CARTESIAN_POINT('',(7.547700208792,0.,171.17380830441));
#4475 = VECTOR('',#4476,1.);
#4476 = DIRECTION('',(0.,1.,0.));
#4477 = ORIENTED_EDGE('',*,*,#4364,.T.);
#4478 = ORIENTED_EDGE('',*,*,#4472,.T.);
#4479 = CYLINDRICAL_SURFACE('',#4480,2.25);
#4480 = AXIS2_PLACEMENT_3D('',#4481,#4482,#4483);
#4481 = CARTESIAN_POINT('',(5.956709951122,0.,169.58281804674));
#4482 = DIRECTION('',(0.,1.,0.));
#4483 = DIRECTION('',(0.707106781187,0.,0.707106781187));
#4484 = ADVANCED_FACE('',(#4485),#4496,.F.);
#4485 = FACE_BOUND('',#4486,.F.);
#4486 = EDGE_LOOP('',(#4487,#4488,#4494,#4495));
#4487 = ORIENTED_EDGE('',*,*,#4289,.F.);
#4488 = ORIENTED_EDGE('',*,*,#4489,.F.);
#4489 = EDGE_CURVE('',#4376,#4290,#4490,.T.);
#4490 = LINE('',#4491,#4492);
#4491 = CARTESIAN_POINT('',(5.79827560573,0.,185.79827560573));
#4492 = VECTOR('',#4493,1.);
#4493 = DIRECTION('',(0.,1.,0.));
#4494 = ORIENTED_EDGE('',*,*,#4375,.T.);
#4495 = ORIENTED_EDGE('',*,*,#4489,.T.);
#4496 = CYLINDRICAL_SURFACE('',#4497,8.2);
#4497 = AXIS2_PLACEMENT_3D('',#4498,#4499,#4500);
#4498 = CARTESIAN_POINT('',(0.,0.,180.));
#4499 = DIRECTION('',(0.,1.,0.));
#4500 = DIRECTION('',(0.707106781187,0.,0.707106781187));
#4501 = ADVANCED_FACE('',(#4502),#4513,.F.);
#4502 = FACE_BOUND('',#4503,.F.);
#4503 = EDGE_LOOP('',(#4504,#4505,#4511,#4512));
#4504 = ORIENTED_EDGE('',*,*,#4300,.F.);
#4505 = ORIENTED_EDGE('',*,*,#4506,.F.);
#4506 = EDGE_CURVE('',#4387,#4301,#4507,.T.);
#4507 = LINE('',#4508,#4509);
#4508 = CARTESIAN_POINT('',(13.590882248186,0.,181.54106144785));
#4509 = VECTOR('',#4510,1.);
#4510 = DIRECTION('',(0.,1.,0.));
#4511 = ORIENTED_EDGE('',*,*,#4386,.T.);
#4512 = ORIENTED_EDGE('',*,*,#4506,.T.);
#4513 = CYLINDRICAL_SURFACE('',#4514,2.25);
#4514 = AXIS2_PLACEMENT_3D('',#4515,#4516,#4517);
#4515 = CARTESIAN_POINT('',(11.999891990516,0.,179.95007119018));
#4516 = DIRECTION('',(0.,1.,0.));
#4517 = DIRECTION('',(0.707106781187,0.,0.707106781187));
#4518 = ( GEOMETRIC_REPRESENTATION_CONTEXT(3) 
GLOBAL_UNCERTAINTY_ASSIGNED_CONTEXT((#4522)) 
GLOBAL_UNIT_ASSIGNED_CONTEXT((#4519,#4520,#4521)) REPRESENTATION_CONTEXT
('Context #1','3D Context with UNIT and UNCERTAINTY') );
#4519 = ( LENGTH_UNIT() NAMED_UNIT(*) SI_UNIT(.MILLI.,.METRE.) );
#4520 = ( NAMED_UNIT(*) PLANE_ANGLE_UNIT() SI_UNIT($,.RADIAN.) );
#4521 = ( NAMED_UNIT(*) SI_UNIT($,.STERADIAN.) SOLID_ANGLE_UNIT() );
#4522 = UNCERTAINTY_MEASURE_WITH_UNIT(LENGTH_MEASURE(2.E-07),#4519,
  'distance_accuracy_value','confusion accuracy');
#4523 = PRODUCT_RELATED_PRODUCT_CATEGORY('part',$,(#7));
ENDSEC;
END-ISO-10303-21;
