ISO-10303-21;
HEADER;
FILE_DESCRIPTION(('FreeCAD Model'),'2;1');
FILE_NAME('Open CASCADE Shape Model','2026-09-14T18:23:31',('FreeCAD'),(
    'FreeCAD'),'Open CASCADE STEP processor 7.8','FreeCAD','Unknown');
FILE_SCHEMA(('AUTOMOTIVE_DESIGN { 1 0 10303 214 1 1 1 1 }'));
ENDSEC;
DATA;
#1 = APPLICATION_PROTOCOL_DEFINITION('international standard',
  'automotive_design',2000,#2);
#2 = APPLICATION_CONTEXT(
  'core data for automotive mechanical design processes');
#3 = SHAPE_DEFINITION_REPRESENTATION(#4,#10);
#4 = PRODUCT_DEFINITION_SHAPE('','',#5);
#5 = PRODUCT_DEFINITION('design','',#6,#9);
#6 = PRODUCT_DEFINITION_FORMATION('','',#7);
#7 = PRODUCT('Open CASCADE STEP translator 7.8 2',
  'Open CASCADE STEP translator 7.8 2','',(#8));
#8 = PRODUCT_CONTEXT('',#2,'mechanical');
#9 = PRODUCT_DEFINITION_CONTEXT('part definition',#2,'design');
#10 = ADVANCED_BREP_SHAPE_REPRESENTATION('',(#11,#15),#4828);
#11 = AXIS2_PLACEMENT_3D('',#12,#13,#14);
#12 = CARTESIAN_POINT('',(0.,0.,0.));
#13 = DIRECTION('',(0.,0.,1.));
#14 = DIRECTION('',(1.,0.,-0.));
#15 = MANIFOLD_SOLID_BREP('',#16);
#16 = CLOSED_SHELL('',(#17,#89,#120,#183,#214,#261,#295,#319,#359,#399,
    #415,#544,#604,#637,#745,#778,#886,#918,#935,#966,#987,#1141,#1166,
    #1209,#1252,#1295,#1338,#1381,#1424,#1467,#1510,#1541,#1597,#1658,
    #1683,#1708,#1733,#1758,#1778,#3436,#3554,#3665,#3783,#3881,#3980,
    #4096,#4210,#4328,#4446,#4555,#4575,#4592,#4601,#4610,#4619,#4731,
    #4745,#4767,#4782,#4796,#4812));
#17 = ADVANCED_FACE('',(#18),#84,.F.);
#18 = FACE_BOUND('',#19,.F.);
#19 = EDGE_LOOP('',(#20,#30,#38,#46,#54,#62,#70,#78));
#20 = ORIENTED_EDGE('',*,*,#21,.F.);
#21 = EDGE_CURVE('',#22,#24,#26,.T.);
#22 = VERTEX_POINT('',#23);
#23 = CARTESIAN_POINT('',(20.566963801203,34.,-19.));
#24 = VERTEX_POINT('',#25);
#25 = CARTESIAN_POINT('',(20.566963801203,40.,-19.));
#26 = LINE('',#27,#28);
#27 = CARTESIAN_POINT('',(20.566963801203,34.,-19.));
#28 = VECTOR('',#29,1.);
#29 = DIRECTION('',(0.,1.,0.));
#30 = ORIENTED_EDGE('',*,*,#31,.T.);
#31 = EDGE_CURVE('',#22,#32,#34,.T.);
#32 = VERTEX_POINT('',#33);
#33 = CARTESIAN_POINT('',(27.,34.,-19.));
#34 = LINE('',#35,#36);
#35 = CARTESIAN_POINT('',(0.,34.,-19.));
#36 = VECTOR('',#37,1.);
#37 = DIRECTION('',(1.,0.,0.));
#38 = ORIENTED_EDGE('',*,*,#39,.T.);
#39 = EDGE_CURVE('',#32,#40,#42,.T.);
#40 = VERTEX_POINT('',#41);
#41 = CARTESIAN_POINT('',(53.,43.,-19.));
#42 = LINE('',#43,#44);
#43 = CARTESIAN_POINT('',(27.,34.,-19.));
#44 = VECTOR('',#45,1.);
#45 = DIRECTION('',(0.94498607344,0.327110563883,0.));
#46 = ORIENTED_EDGE('',*,*,#47,.T.);
#47 = EDGE_CURVE('',#40,#48,#50,.T.);
#48 = VERTEX_POINT('',#49);
#49 = CARTESIAN_POINT('',(86.,43.,-19.));
#50 = LINE('',#51,#52);
#51 = CARTESIAN_POINT('',(53.,43.,-19.));
#52 = VECTOR('',#53,1.);
#53 = DIRECTION('',(1.,0.,0.));
#54 = ORIENTED_EDGE('',*,*,#55,.T.);
#55 = EDGE_CURVE('',#48,#56,#58,.T.);
#56 = VERTEX_POINT('',#57);
#57 = CARTESIAN_POINT('',(86.,49.,-19.));
#58 = LINE('',#59,#60);
#59 = CARTESIAN_POINT('',(86.,43.,-19.));
#60 = VECTOR('',#61,1.);
#61 = DIRECTION('',(0.,1.,0.));
#62 = ORIENTED_EDGE('',*,*,#63,.T.);
#63 = EDGE_CURVE('',#56,#64,#66,.T.);
#64 = VERTEX_POINT('',#65);
#65 = CARTESIAN_POINT('',(51.,49.,-19.));
#66 = LINE('',#67,#68);
#67 = CARTESIAN_POINT('',(86.,49.,-19.));
#68 = VECTOR('',#69,1.);
#69 = DIRECTION('',(-1.,0.,0.));
#70 = ORIENTED_EDGE('',*,*,#71,.T.);
#71 = EDGE_CURVE('',#64,#72,#74,.T.);
#72 = VERTEX_POINT('',#73);
#73 = CARTESIAN_POINT('',(25.,40.,-19.));
#74 = LINE('',#75,#76);
#75 = CARTESIAN_POINT('',(51.,49.,-19.));
#76 = VECTOR('',#77,1.);
#77 = DIRECTION('',(-0.94498607344,-0.327110563883,0.));
#78 = ORIENTED_EDGE('',*,*,#79,.T.);
#79 = EDGE_CURVE('',#72,#24,#80,.T.);
#80 = LINE('',#81,#82);
#81 = CARTESIAN_POINT('',(25.,40.,-19.));
#82 = VECTOR('',#83,1.);
#83 = DIRECTION('',(-1.,0.,0.));
#84 = PLANE('',#85);
#85 = AXIS2_PLACEMENT_3D('',#86,#87,#88);
#86 = CARTESIAN_POINT('',(42.935255088008,41.884970606436,-19.));
#87 = DIRECTION('',(0.,0.,1.));
#88 = DIRECTION('',(1.,0.,-0.));
#89 = ADVANCED_FACE('',(#90),#115,.F.);
#90 = FACE_BOUND('',#91,.F.);
#91 = EDGE_LOOP('',(#92,#100,#108,#114));
#92 = ORIENTED_EDGE('',*,*,#93,.T.);
#93 = EDGE_CURVE('',#64,#94,#96,.T.);
#94 = VERTEX_POINT('',#95);
#95 = CARTESIAN_POINT('',(51.,49.,19.));
#96 = LINE('',#97,#98);
#97 = CARTESIAN_POINT('',(51.,49.,-19.));
#98 = VECTOR('',#99,1.);
#99 = DIRECTION('',(0.,0.,1.));
#100 = ORIENTED_EDGE('',*,*,#101,.T.);
#101 = EDGE_CURVE('',#94,#102,#104,.T.);
#102 = VERTEX_POINT('',#103);
#103 = CARTESIAN_POINT('',(25.,40.,19.));
#104 = LINE('',#105,#106);
#105 = CARTESIAN_POINT('',(51.,49.,19.));
#106 = VECTOR('',#107,1.);
#107 = DIRECTION('',(-0.94498607344,-0.327110563883,0.));
#108 = ORIENTED_EDGE('',*,*,#109,.F.);
#109 = EDGE_CURVE('',#72,#102,#110,.T.);
#110 = LINE('',#111,#112);
#111 = CARTESIAN_POINT('',(25.,40.,-19.));
#112 = VECTOR('',#113,1.);
#113 = DIRECTION('',(0.,0.,1.));
#114 = ORIENTED_EDGE('',*,*,#71,.F.);
#115 = PLANE('',#116);
#116 = AXIS2_PLACEMENT_3D('',#117,#118,#119);
#117 = CARTESIAN_POINT('',(51.,49.,-19.));
#118 = DIRECTION('',(0.327110563883,-0.94498607344,0.));
#119 = DIRECTION('',(-0.94498607344,-0.327110563883,0.));
#120 = ADVANCED_FACE('',(#121),#178,.T.);
#121 = FACE_BOUND('',#122,.T.);
#122 = EDGE_LOOP('',(#123,#133,#141,#149,#157,#165,#171,#172));
#123 = ORIENTED_EDGE('',*,*,#124,.F.);
#124 = EDGE_CURVE('',#125,#127,#129,.T.);
#125 = VERTEX_POINT('',#126);
#126 = CARTESIAN_POINT('',(20.566963801203,34.,19.));
#127 = VERTEX_POINT('',#128);
#128 = CARTESIAN_POINT('',(20.566963801203,40.,19.));
#129 = LINE('',#130,#131);
#130 = CARTESIAN_POINT('',(20.566963801203,34.,19.));
#131 = VECTOR('',#132,1.);
#132 = DIRECTION('',(0.,1.,0.));
#133 = ORIENTED_EDGE('',*,*,#134,.T.);
#134 = EDGE_CURVE('',#125,#135,#137,.T.);
#135 = VERTEX_POINT('',#136);
#136 = CARTESIAN_POINT('',(27.,34.,19.));
#137 = LINE('',#138,#139);
#138 = CARTESIAN_POINT('',(0.,34.,19.));
#139 = VECTOR('',#140,1.);
#140 = DIRECTION('',(1.,0.,0.));
#141 = ORIENTED_EDGE('',*,*,#142,.T.);
#142 = EDGE_CURVE('',#135,#143,#145,.T.);
#143 = VERTEX_POINT('',#144);
#144 = CARTESIAN_POINT('',(53.,43.,19.));
#145 = LINE('',#146,#147);
#146 = CARTESIAN_POINT('',(27.,34.,19.));
#147 = VECTOR('',#148,1.);
#148 = DIRECTION('',(0.94498607344,0.327110563883,0.));
#149 = ORIENTED_EDGE('',*,*,#150,.T.);
#150 = EDGE_CURVE('',#143,#151,#153,.T.);
#151 = VERTEX_POINT('',#152);
#152 = CARTESIAN_POINT('',(86.,43.,19.));
#153 = LINE('',#154,#155);
#154 = CARTESIAN_POINT('',(53.,43.,19.));
#155 = VECTOR('',#156,1.);
#156 = DIRECTION('',(1.,0.,0.));
#157 = ORIENTED_EDGE('',*,*,#158,.T.);
#158 = EDGE_CURVE('',#151,#159,#161,.T.);
#159 = VERTEX_POINT('',#160);
#160 = CARTESIAN_POINT('',(86.,49.,19.));
#161 = LINE('',#162,#163);
#162 = CARTESIAN_POINT('',(86.,43.,19.));
#163 = VECTOR('',#164,1.);
#164 = DIRECTION('',(0.,1.,0.));
#165 = ORIENTED_EDGE('',*,*,#166,.T.);
#166 = EDGE_CURVE('',#159,#94,#167,.T.);
#167 = LINE('',#168,#169);
#168 = CARTESIAN_POINT('',(86.,49.,19.));
#169 = VECTOR('',#170,1.);
#170 = DIRECTION('',(-1.,0.,0.));
#171 = ORIENTED_EDGE('',*,*,#101,.T.);
#172 = ORIENTED_EDGE('',*,*,#173,.T.);
#173 = EDGE_CURVE('',#102,#127,#174,.T.);
#174 = LINE('',#175,#176);
#175 = CARTESIAN_POINT('',(25.,40.,19.));
#176 = VECTOR('',#177,1.);
#177 = DIRECTION('',(-1.,0.,0.));
#178 = PLANE('',#179);
#179 = AXIS2_PLACEMENT_3D('',#180,#181,#182);
#180 = CARTESIAN_POINT('',(42.935255088008,41.884970606436,19.));
#181 = DIRECTION('',(0.,0.,1.));
#182 = DIRECTION('',(1.,0.,-0.));
#183 = ADVANCED_FACE('',(#184),#209,.F.);
#184 = FACE_BOUND('',#185,.F.);
#185 = EDGE_LOOP('',(#186,#187,#195,#203));
#186 = ORIENTED_EDGE('',*,*,#55,.F.);
#187 = ORIENTED_EDGE('',*,*,#188,.T.);
#188 = EDGE_CURVE('',#48,#189,#191,.T.);
#189 = VERTEX_POINT('',#190);
#190 = CARTESIAN_POINT('',(86.,43.,-15.));
#191 = LINE('',#192,#193);
#192 = CARTESIAN_POINT('',(86.,43.,-19.));
#193 = VECTOR('',#194,1.);
#194 = DIRECTION('',(0.,0.,1.));
#195 = ORIENTED_EDGE('',*,*,#196,.T.);
#196 = EDGE_CURVE('',#189,#197,#199,.T.);
#197 = VERTEX_POINT('',#198);
#198 = CARTESIAN_POINT('',(86.,49.,-15.));
#199 = LINE('',#200,#201);
#200 = CARTESIAN_POINT('',(86.,40.5,-15.));
#201 = VECTOR('',#202,1.);
#202 = DIRECTION('',(0.,1.,-0.));
#203 = ORIENTED_EDGE('',*,*,#204,.F.);
#204 = EDGE_CURVE('',#56,#197,#205,.T.);
#205 = LINE('',#206,#207);
#206 = CARTESIAN_POINT('',(86.,49.,-19.));
#207 = VECTOR('',#208,1.);
#208 = DIRECTION('',(0.,0.,1.));
#209 = PLANE('',#210);
#210 = AXIS2_PLACEMENT_3D('',#211,#212,#213);
#211 = CARTESIAN_POINT('',(86.,43.,-19.));
#212 = DIRECTION('',(-1.,0.,0.));
#213 = DIRECTION('',(0.,1.,0.));
#214 = ADVANCED_FACE('',(#215),#256,.F.);
#215 = FACE_BOUND('',#216,.F.);
#216 = EDGE_LOOP('',(#217,#218,#224,#225,#233,#241,#249,#255));
#217 = ORIENTED_EDGE('',*,*,#47,.F.);
#218 = ORIENTED_EDGE('',*,*,#219,.T.);
#219 = EDGE_CURVE('',#40,#143,#220,.T.);
#220 = LINE('',#221,#222);
#221 = CARTESIAN_POINT('',(53.,43.,-19.));
#222 = VECTOR('',#223,1.);
#223 = DIRECTION('',(0.,0.,1.));
#224 = ORIENTED_EDGE('',*,*,#150,.T.);
#225 = ORIENTED_EDGE('',*,*,#226,.F.);
#226 = EDGE_CURVE('',#227,#151,#229,.T.);
#227 = VERTEX_POINT('',#228);
#228 = CARTESIAN_POINT('',(86.,43.,15.));
#229 = LINE('',#230,#231);
#230 = CARTESIAN_POINT('',(86.,43.,-19.));
#231 = VECTOR('',#232,1.);
#232 = DIRECTION('',(0.,0.,1.));
#233 = ORIENTED_EDGE('',*,*,#234,.F.);
#234 = EDGE_CURVE('',#235,#227,#237,.T.);
#235 = VERTEX_POINT('',#236);
#236 = CARTESIAN_POINT('',(83.,43.,15.));
#237 = LINE('',#238,#239);
#238 = CARTESIAN_POINT('',(68.,43.,15.));
#239 = VECTOR('',#240,1.);
#240 = DIRECTION('',(1.,0.,0.));
#241 = ORIENTED_EDGE('',*,*,#242,.T.);
#242 = EDGE_CURVE('',#235,#243,#245,.T.);
#243 = VERTEX_POINT('',#244);
#244 = CARTESIAN_POINT('',(83.,43.,-15.));
#245 = LINE('',#246,#247);
#246 = CARTESIAN_POINT('',(83.,43.,-17.));
#247 = VECTOR('',#248,1.);
#248 = DIRECTION('',(-0.,0.,-1.));
#249 = ORIENTED_EDGE('',*,*,#250,.T.);
#250 = EDGE_CURVE('',#243,#189,#251,.T.);
#251 = LINE('',#252,#253);
#252 = CARTESIAN_POINT('',(68.,43.,-15.));
#253 = VECTOR('',#254,1.);
#254 = DIRECTION('',(1.,0.,0.));
#255 = ORIENTED_EDGE('',*,*,#188,.F.);
#256 = PLANE('',#257);
#257 = AXIS2_PLACEMENT_3D('',#258,#259,#260);
#258 = CARTESIAN_POINT('',(53.,43.,-19.));
#259 = DIRECTION('',(0.,1.,0.));
#260 = DIRECTION('',(1.,0.,0.));
#261 = ADVANCED_FACE('',(#262),#290,.F.);
#262 = FACE_BOUND('',#263,.F.);
#263 = EDGE_LOOP('',(#264,#265,#273,#282,#288,#289));
#264 = ORIENTED_EDGE('',*,*,#39,.F.);
#265 = ORIENTED_EDGE('',*,*,#266,.T.);
#266 = EDGE_CURVE('',#32,#267,#269,.T.);
#267 = VERTEX_POINT('',#268);
#268 = CARTESIAN_POINT('',(27.,34.,-7.416198487094));
#269 = LINE('',#270,#271);
#270 = CARTESIAN_POINT('',(27.,34.,-19.));
#271 = VECTOR('',#272,1.);
#272 = DIRECTION('',(0.,0.,1.));
#273 = ORIENTED_EDGE('',*,*,#274,.F.);
#274 = EDGE_CURVE('',#275,#267,#277,.T.);
#275 = VERTEX_POINT('',#276);
#276 = CARTESIAN_POINT('',(27.,34.,7.416198487095));
#277 = ELLIPSE('',#278,29.630066290887,28.);
#278 = AXIS2_PLACEMENT_3D('',#279,#280,#281);
#279 = CARTESIAN_POINT('',(0.,24.653846153846,0.));
#280 = DIRECTION('',(-0.327110563883,0.94498607344,0.));
#281 = DIRECTION('',(0.94498607344,0.327110563883,0.));
#282 = ORIENTED_EDGE('',*,*,#283,.T.);
#283 = EDGE_CURVE('',#275,#135,#284,.T.);
#284 = LINE('',#285,#286);
#285 = CARTESIAN_POINT('',(27.,34.,-19.));
#286 = VECTOR('',#287,1.);
#287 = DIRECTION('',(0.,0.,1.));
#288 = ORIENTED_EDGE('',*,*,#142,.T.);
#289 = ORIENTED_EDGE('',*,*,#219,.F.);
#290 = PLANE('',#291);
#291 = AXIS2_PLACEMENT_3D('',#292,#293,#294);
#292 = CARTESIAN_POINT('',(27.,34.,-19.));
#293 = DIRECTION('',(-0.327110563883,0.94498607344,0.));
#294 = DIRECTION('',(0.94498607344,0.327110563883,0.));
#295 = ADVANCED_FACE('',(#296),#314,.F.);
#296 = FACE_BOUND('',#297,.F.);
#297 = EDGE_LOOP('',(#298,#306,#312,#313));
#298 = ORIENTED_EDGE('',*,*,#299,.F.);
#299 = EDGE_CURVE('',#300,#159,#302,.T.);
#300 = VERTEX_POINT('',#301);
#301 = CARTESIAN_POINT('',(86.,49.,15.));
#302 = LINE('',#303,#304);
#303 = CARTESIAN_POINT('',(86.,49.,-19.));
#304 = VECTOR('',#305,1.);
#305 = DIRECTION('',(0.,0.,1.));
#306 = ORIENTED_EDGE('',*,*,#307,.F.);
#307 = EDGE_CURVE('',#227,#300,#308,.T.);
#308 = LINE('',#309,#310);
#309 = CARTESIAN_POINT('',(86.,40.5,15.));
#310 = VECTOR('',#311,1.);
#311 = DIRECTION('',(0.,1.,-0.));
#312 = ORIENTED_EDGE('',*,*,#226,.T.);
#313 = ORIENTED_EDGE('',*,*,#158,.T.);
#314 = PLANE('',#315);
#315 = AXIS2_PLACEMENT_3D('',#316,#317,#318);
#316 = CARTESIAN_POINT('',(86.,43.,-19.));
#317 = DIRECTION('',(-1.,0.,0.));
#318 = DIRECTION('',(0.,1.,0.));
#319 = ADVANCED_FACE('',(#320),#354,.F.);
#320 = FACE_BOUND('',#321,.F.);
#321 = EDGE_LOOP('',(#322,#330,#338,#346,#352,#353));
#322 = ORIENTED_EDGE('',*,*,#323,.F.);
#323 = EDGE_CURVE('',#324,#243,#326,.T.);
#324 = VERTEX_POINT('',#325);
#325 = CARTESIAN_POINT('',(83.,41.364235759893,-14.99999999999));
#326 = LINE('',#327,#328);
#327 = CARTESIAN_POINT('',(83.,38.,-15.));
#328 = VECTOR('',#329,1.);
#329 = DIRECTION('',(-0.,1.,0.));
#330 = ORIENTED_EDGE('',*,*,#331,.T.);
#331 = EDGE_CURVE('',#324,#332,#334,.T.);
#332 = VERTEX_POINT('',#333);
#333 = CARTESIAN_POINT('',(89.,41.364235759892,-15.));
#334 = LINE('',#335,#336);
#335 = CARTESIAN_POINT('',(83.,41.364235759893,-15.));
#336 = VECTOR('',#337,1.);
#337 = DIRECTION('',(1.,0.,-2.22044604925E-16));
#338 = ORIENTED_EDGE('',*,*,#339,.T.);
#339 = EDGE_CURVE('',#332,#340,#342,.T.);
#340 = VERTEX_POINT('',#341);
#341 = CARTESIAN_POINT('',(89.,49.,-15.));
#342 = LINE('',#343,#344);
#343 = CARTESIAN_POINT('',(89.,38.,-15.));
#344 = VECTOR('',#345,1.);
#345 = DIRECTION('',(-0.,1.,0.));
#346 = ORIENTED_EDGE('',*,*,#347,.F.);
#347 = EDGE_CURVE('',#197,#340,#348,.T.);
#348 = LINE('',#349,#350);
#349 = CARTESIAN_POINT('',(83.,49.,-15.));
#350 = VECTOR('',#351,1.);
#351 = DIRECTION('',(1.,0.,-0.));
#352 = ORIENTED_EDGE('',*,*,#196,.F.);
#353 = ORIENTED_EDGE('',*,*,#250,.F.);
#354 = PLANE('',#355);
#355 = AXIS2_PLACEMENT_3D('',#356,#357,#358);
#356 = CARTESIAN_POINT('',(83.,38.,-15.));
#357 = DIRECTION('',(0.,0.,1.));
#358 = DIRECTION('',(1.,0.,-0.));
#359 = ADVANCED_FACE('',(#360),#394,.T.);
#360 = FACE_BOUND('',#361,.T.);
#361 = EDGE_LOOP('',(#362,#370,#378,#386,#392,#393));
#362 = ORIENTED_EDGE('',*,*,#363,.F.);
#363 = EDGE_CURVE('',#364,#235,#366,.T.);
#364 = VERTEX_POINT('',#365);
#365 = CARTESIAN_POINT('',(83.,41.364235759893,15.));
#366 = LINE('',#367,#368);
#367 = CARTESIAN_POINT('',(83.,38.,15.));
#368 = VECTOR('',#369,1.);
#369 = DIRECTION('',(-0.,1.,0.));
#370 = ORIENTED_EDGE('',*,*,#371,.T.);
#371 = EDGE_CURVE('',#364,#372,#374,.T.);
#372 = VERTEX_POINT('',#373);
#373 = CARTESIAN_POINT('',(89.,41.364235759894,14.999999999999));
#374 = LINE('',#375,#376);
#375 = CARTESIAN_POINT('',(83.,41.364235759893,15.));
#376 = VECTOR('',#377,1.);
#377 = DIRECTION('',(1.,0.,-2.22044604925E-16));
#378 = ORIENTED_EDGE('',*,*,#379,.T.);
#379 = EDGE_CURVE('',#372,#380,#382,.T.);
#380 = VERTEX_POINT('',#381);
#381 = CARTESIAN_POINT('',(89.,49.,15.));
#382 = LINE('',#383,#384);
#383 = CARTESIAN_POINT('',(89.,38.,15.));
#384 = VECTOR('',#385,1.);
#385 = DIRECTION('',(-0.,1.,0.));
#386 = ORIENTED_EDGE('',*,*,#387,.F.);
#387 = EDGE_CURVE('',#300,#380,#388,.T.);
#388 = LINE('',#389,#390);
#389 = CARTESIAN_POINT('',(83.,49.,15.));
#390 = VECTOR('',#391,1.);
#391 = DIRECTION('',(1.,0.,-0.));
#392 = ORIENTED_EDGE('',*,*,#307,.F.);
#393 = ORIENTED_EDGE('',*,*,#234,.F.);
#394 = PLANE('',#395);
#395 = AXIS2_PLACEMENT_3D('',#396,#397,#398);
#396 = CARTESIAN_POINT('',(83.,38.,15.));
#397 = DIRECTION('',(0.,0.,1.));
#398 = DIRECTION('',(1.,0.,-0.));
#399 = ADVANCED_FACE('',(#400),#410,.T.);
#400 = FACE_BOUND('',#401,.T.);
#401 = EDGE_LOOP('',(#402,#403));
#402 = ORIENTED_EDGE('',*,*,#274,.F.);
#403 = ORIENTED_EDGE('',*,*,#404,.T.);
#404 = EDGE_CURVE('',#275,#267,#405,.T.);
#405 = CIRCLE('',#406,28.);
#406 = AXIS2_PLACEMENT_3D('',#407,#408,#409);
#407 = CARTESIAN_POINT('',(0.,34.,0.));
#408 = DIRECTION('',(0.,1.,0.));
#409 = DIRECTION('',(0.,-0.,1.));
#410 = CYLINDRICAL_SURFACE('',#411,28.);
#411 = AXIS2_PLACEMENT_3D('',#412,#413,#414);
#412 = CARTESIAN_POINT('',(0.,34.,0.));
#413 = DIRECTION('',(0.,1.,0.));
#414 = DIRECTION('',(0.,-0.,1.));
#415 = ADVANCED_FACE('',(#416,#439,#520),#539,.T.);
#416 = FACE_BOUND('',#417,.T.);
#417 = EDGE_LOOP('',(#418,#427,#428,#429,#430,#431,#432));
#418 = ORIENTED_EDGE('',*,*,#419,.F.);
#419 = EDGE_CURVE('',#22,#420,#422,.T.);
#420 = VERTEX_POINT('',#421);
#421 = CARTESIAN_POINT('',(-6.858022075225E-15,34.,28.));
#422 = CIRCLE('',#423,28.);
#423 = AXIS2_PLACEMENT_3D('',#424,#425,#426);
#424 = CARTESIAN_POINT('',(0.,34.,0.));
#425 = DIRECTION('',(0.,1.,0.));
#426 = DIRECTION('',(0.,-0.,1.));
#427 = ORIENTED_EDGE('',*,*,#31,.T.);
#428 = ORIENTED_EDGE('',*,*,#266,.T.);
#429 = ORIENTED_EDGE('',*,*,#404,.F.);
#430 = ORIENTED_EDGE('',*,*,#283,.T.);
#431 = ORIENTED_EDGE('',*,*,#134,.F.);
#432 = ORIENTED_EDGE('',*,*,#433,.F.);
#433 = EDGE_CURVE('',#420,#125,#434,.T.);
#434 = CIRCLE('',#435,28.);
#435 = AXIS2_PLACEMENT_3D('',#436,#437,#438);
#436 = CARTESIAN_POINT('',(0.,34.,0.));
#437 = DIRECTION('',(0.,1.,0.));
#438 = DIRECTION('',(0.,-0.,1.));
#439 = FACE_BOUND('',#440,.T.);
#440 = EDGE_LOOP('',(#441,#452,#461,#470,#478,#487,#496,#505,#513));
#441 = ORIENTED_EDGE('',*,*,#442,.T.);
#442 = EDGE_CURVE('',#443,#445,#447,.T.);
#443 = VERTEX_POINT('',#444);
#444 = CARTESIAN_POINT('',(12.961481396817,34.,-19.));
#445 = VERTEX_POINT('',#446);
#446 = CARTESIAN_POINT('',(-5.633375276078E-15,34.,23.));
#447 = CIRCLE('',#448,23.);
#448 = AXIS2_PLACEMENT_3D('',#449,#450,#451);
#449 = CARTESIAN_POINT('',(0.,34.,0.));
#450 = DIRECTION('',(0.,1.,0.));
#451 = DIRECTION('',(0.,-0.,1.));
#452 = ORIENTED_EDGE('',*,*,#453,.T.);
#453 = EDGE_CURVE('',#445,#454,#456,.T.);
#454 = VERTEX_POINT('',#455);
#455 = CARTESIAN_POINT('',(12.961481396816,34.,19.));
#456 = CIRCLE('',#457,23.);
#457 = AXIS2_PLACEMENT_3D('',#458,#459,#460);
#458 = CARTESIAN_POINT('',(0.,34.,0.));
#459 = DIRECTION('',(0.,1.,0.));
#460 = DIRECTION('',(0.,-0.,1.));
#461 = ORIENTED_EDGE('',*,*,#462,.T.);
#462 = EDGE_CURVE('',#454,#463,#465,.T.);
#463 = VERTEX_POINT('',#464);
#464 = CARTESIAN_POINT('',(22.994564575134,34.,0.5));
#465 = CIRCLE('',#466,23.);
#466 = AXIS2_PLACEMENT_3D('',#467,#468,#469);
#467 = CARTESIAN_POINT('',(0.,34.,0.));
#468 = DIRECTION('',(0.,1.,0.));
#469 = DIRECTION('',(0.,-0.,1.));
#470 = ORIENTED_EDGE('',*,*,#471,.F.);
#471 = EDGE_CURVE('',#472,#463,#474,.T.);
#472 = VERTEX_POINT('',#473);
#473 = CARTESIAN_POINT('',(7.53342551566,34.,0.5));
#474 = LINE('',#475,#476);
#475 = CARTESIAN_POINT('',(0.,34.,0.5));
#476 = VECTOR('',#477,1.);
#477 = DIRECTION('',(1.,0.,-0.));
#478 = ORIENTED_EDGE('',*,*,#479,.F.);
#479 = EDGE_CURVE('',#480,#472,#482,.T.);
#480 = VERTEX_POINT('',#481);
#481 = CARTESIAN_POINT('',(-1.849216666713E-15,34.,7.55));
#482 = CIRCLE('',#483,7.55);
#483 = AXIS2_PLACEMENT_3D('',#484,#485,#486);
#484 = CARTESIAN_POINT('',(0.,34.,0.));
#485 = DIRECTION('',(0.,1.,0.));
#486 = DIRECTION('',(0.,-0.,1.));
#487 = ORIENTED_EDGE('',*,*,#488,.F.);
#488 = EDGE_CURVE('',#489,#480,#491,.T.);
#489 = VERTEX_POINT('',#490);
#490 = CARTESIAN_POINT('',(-3.415307963389E-13,34.,-7.55));
#491 = CIRCLE('',#492,7.55);
#492 = AXIS2_PLACEMENT_3D('',#493,#494,#495);
#493 = CARTESIAN_POINT('',(0.,34.,0.));
#494 = DIRECTION('',(0.,1.,0.));
#495 = DIRECTION('',(0.,-0.,1.));
#496 = ORIENTED_EDGE('',*,*,#497,.F.);
#497 = EDGE_CURVE('',#498,#489,#500,.T.);
#498 = VERTEX_POINT('',#499);
#499 = CARTESIAN_POINT('',(7.53342551566,34.,-0.5));
#500 = CIRCLE('',#501,7.55);
#501 = AXIS2_PLACEMENT_3D('',#502,#503,#504);
#502 = CARTESIAN_POINT('',(0.,34.,0.));
#503 = DIRECTION('',(0.,1.,0.));
#504 = DIRECTION('',(0.,-0.,1.));
#505 = ORIENTED_EDGE('',*,*,#506,.T.);
#506 = EDGE_CURVE('',#498,#507,#509,.T.);
#507 = VERTEX_POINT('',#508);
#508 = CARTESIAN_POINT('',(22.994564575134,34.,-0.5));
#509 = LINE('',#510,#511);
#510 = CARTESIAN_POINT('',(0.,34.,-0.5));
#511 = VECTOR('',#512,1.);
#512 = DIRECTION('',(1.,0.,-0.));
#513 = ORIENTED_EDGE('',*,*,#514,.T.);
#514 = EDGE_CURVE('',#507,#443,#515,.T.);
#515 = CIRCLE('',#516,23.);
#516 = AXIS2_PLACEMENT_3D('',#517,#518,#519);
#517 = CARTESIAN_POINT('',(0.,34.,0.));
#518 = DIRECTION('',(0.,1.,0.));
#519 = DIRECTION('',(0.,-0.,1.));
#520 = FACE_BOUND('',#521,.T.);
#521 = EDGE_LOOP('',(#522,#533));
#522 = ORIENTED_EDGE('',*,*,#523,.T.);
#523 = EDGE_CURVE('',#524,#526,#528,.T.);
#524 = VERTEX_POINT('',#525);
#525 = CARTESIAN_POINT('',(-7.85196730486E-14,34.,-5.));
#526 = VERTEX_POINT('',#527);
#527 = CARTESIAN_POINT('',(-1.224646799147E-15,34.,5.));
#528 = CIRCLE('',#529,5.);
#529 = AXIS2_PLACEMENT_3D('',#530,#531,#532);
#530 = CARTESIAN_POINT('',(0.,34.,0.));
#531 = DIRECTION('',(0.,1.,0.));
#532 = DIRECTION('',(0.,-0.,1.));
#533 = ORIENTED_EDGE('',*,*,#534,.F.);
#534 = EDGE_CURVE('',#524,#526,#535,.T.);
#535 = LINE('',#536,#537);
#536 = CARTESIAN_POINT('',(0.,34.,-19.));
#537 = VECTOR('',#538,1.);
#538 = DIRECTION('',(0.,0.,1.));
#539 = PLANE('',#540);
#540 = AXIS2_PLACEMENT_3D('',#541,#542,#543);
#541 = CARTESIAN_POINT('',(3.137974290902,34.,0.654005012276));
#542 = DIRECTION('',(-0.,-1.,-0.));
#543 = DIRECTION('',(0.,0.,-1.));
#544 = ADVANCED_FACE('',(#545),#599,.F.);
#545 = FACE_BOUND('',#546,.F.);
#546 = EDGE_LOOP('',(#547,#558,#567,#575,#584,#593));
#547 = ORIENTED_EDGE('',*,*,#548,.T.);
#548 = EDGE_CURVE('',#549,#551,#553,.T.);
#549 = VERTEX_POINT('',#550);
#550 = CARTESIAN_POINT('',(22.994564575134,22.,-0.5));
#551 = VERTEX_POINT('',#552);
#552 = CARTESIAN_POINT('',(-5.633375276078E-15,22.,23.));
#553 = CIRCLE('',#554,23.);
#554 = AXIS2_PLACEMENT_3D('',#555,#556,#557);
#555 = CARTESIAN_POINT('',(0.,22.,0.));
#556 = DIRECTION('',(0.,1.,0.));
#557 = DIRECTION('',(0.,-0.,1.));
#558 = ORIENTED_EDGE('',*,*,#559,.T.);
#559 = EDGE_CURVE('',#551,#560,#562,.T.);
#560 = VERTEX_POINT('',#561);
#561 = CARTESIAN_POINT('',(22.994564575134,22.,0.5));
#562 = CIRCLE('',#563,23.);
#563 = AXIS2_PLACEMENT_3D('',#564,#565,#566);
#564 = CARTESIAN_POINT('',(0.,22.,0.));
#565 = DIRECTION('',(0.,1.,0.));
#566 = DIRECTION('',(0.,-0.,1.));
#567 = ORIENTED_EDGE('',*,*,#568,.F.);
#568 = EDGE_CURVE('',#569,#560,#571,.T.);
#569 = VERTEX_POINT('',#570);
#570 = CARTESIAN_POINT('',(7.53342551566,22.,0.5));
#571 = LINE('',#572,#573);
#572 = CARTESIAN_POINT('',(0.,22.,0.5));
#573 = VECTOR('',#574,1.);
#574 = DIRECTION('',(1.,0.,-0.));
#575 = ORIENTED_EDGE('',*,*,#576,.F.);
#576 = EDGE_CURVE('',#577,#569,#579,.T.);
#577 = VERTEX_POINT('',#578);
#578 = CARTESIAN_POINT('',(-1.849216666713E-15,22.,7.55));
#579 = CIRCLE('',#580,7.55);
#580 = AXIS2_PLACEMENT_3D('',#581,#582,#583);
#581 = CARTESIAN_POINT('',(0.,22.,0.));
#582 = DIRECTION('',(0.,1.,0.));
#583 = DIRECTION('',(0.,-0.,1.));
#584 = ORIENTED_EDGE('',*,*,#585,.F.);
#585 = EDGE_CURVE('',#586,#577,#588,.T.);
#586 = VERTEX_POINT('',#587);
#587 = CARTESIAN_POINT('',(7.53342551566,22.,-0.5));
#588 = CIRCLE('',#589,7.55);
#589 = AXIS2_PLACEMENT_3D('',#590,#591,#592);
#590 = CARTESIAN_POINT('',(0.,22.,0.));
#591 = DIRECTION('',(0.,1.,0.));
#592 = DIRECTION('',(0.,-0.,1.));
#593 = ORIENTED_EDGE('',*,*,#594,.T.);
#594 = EDGE_CURVE('',#586,#549,#595,.T.);
#595 = LINE('',#596,#597);
#596 = CARTESIAN_POINT('',(0.,22.,-0.5));
#597 = VECTOR('',#598,1.);
#598 = DIRECTION('',(1.,0.,-0.));
#599 = PLANE('',#600);
#600 = AXIS2_PLACEMENT_3D('',#601,#602,#603);
#601 = CARTESIAN_POINT('',(0.,22.,0.));
#602 = DIRECTION('',(0.,1.,0.));
#603 = DIRECTION('',(0.,-0.,1.));
#604 = ADVANCED_FACE('',(#605,#621),#632,.T.);
#605 = FACE_BOUND('',#606,.T.);
#606 = EDGE_LOOP('',(#607,#613,#614,#620));
#607 = ORIENTED_EDGE('',*,*,#608,.F.);
#608 = EDGE_CURVE('',#586,#498,#609,.T.);
#609 = LINE('',#610,#611);
#610 = CARTESIAN_POINT('',(7.53342551566,22.,-0.5));
#611 = VECTOR('',#612,1.);
#612 = DIRECTION('',(0.,1.,0.));
#613 = ORIENTED_EDGE('',*,*,#594,.T.);
#614 = ORIENTED_EDGE('',*,*,#615,.T.);
#615 = EDGE_CURVE('',#549,#507,#616,.T.);
#616 = LINE('',#617,#618);
#617 = CARTESIAN_POINT('',(22.994564575134,22.,-0.5));
#618 = VECTOR('',#619,1.);
#619 = DIRECTION('',(0.,1.,0.));
#620 = ORIENTED_EDGE('',*,*,#506,.F.);
#621 = FACE_BOUND('',#622,.T.);
#622 = EDGE_LOOP('',(#623));
#623 = ORIENTED_EDGE('',*,*,#624,.F.);
#624 = EDGE_CURVE('',#625,#625,#627,.T.);
#625 = VERTEX_POINT('',#626);
#626 = CARTESIAN_POINT('',(16.7,28.,-0.5));
#627 = CIRCLE('',#628,1.7);
#628 = AXIS2_PLACEMENT_3D('',#629,#630,#631);
#629 = CARTESIAN_POINT('',(15.,28.,-0.5));
#630 = DIRECTION('',(0.,0.,1.));
#631 = DIRECTION('',(1.,0.,-0.));
#632 = PLANE('',#633);
#633 = AXIS2_PLACEMENT_3D('',#634,#635,#636);
#634 = CARTESIAN_POINT('',(0.,22.,-0.5));
#635 = DIRECTION('',(0.,0.,1.));
#636 = DIRECTION('',(1.,0.,-0.));
#637 = ADVANCED_FACE('',(#638),#740,.F.);
#638 = FACE_BOUND('',#639,.F.);
#639 = EDGE_LOOP('',(#640,#641,#649,#739));
#640 = ORIENTED_EDGE('',*,*,#624,.F.);
#641 = ORIENTED_EDGE('',*,*,#642,.F.);
#642 = EDGE_CURVE('',#643,#625,#645,.T.);
#643 = VERTEX_POINT('',#644);
#644 = CARTESIAN_POINT('',(16.7,28.,-15.81486642371));
#645 = LINE('',#646,#647);
#646 = CARTESIAN_POINT('',(16.7,28.,-19.));
#647 = VECTOR('',#648,1.);
#648 = DIRECTION('',(0.,0.,1.));
#649 = ORIENTED_EDGE('',*,*,#650,.T.);
#650 = EDGE_CURVE('',#643,#643,#651,.T.);
#651 = B_SPLINE_CURVE_WITH_KNOTS('',6,(#652,#653,#654,#655,#656,#657,
    #658,#659,#660,#661,#662,#663,#664,#665,#666,#667,#668,#669,#670,
    #671,#672,#673,#674,#675,#676,#677,#678,#679,#680,#681,#682,#683,
    #684,#685,#686,#687,#688,#689,#690,#691,#692,#693,#694,#695,#696,
    #697,#698,#699,#700,#701,#702,#703,#704,#705,#706,#707,#708,#709,
    #710,#711,#712,#713,#714,#715,#716,#717,#718,#719,#720,#721,#722,
    #723,#724,#725,#726,#727,#728,#729,#730,#731,#732,#733,#734,#735,
    #736,#737,#738),.UNSPECIFIED.,.T.,.F.,(7,5,5,5,5,5,5,5,5,5,5,5,5,5,5
    ,5,5,7),(0.,7.868708947372E-02,0.133337231454,0.18993473073,
    0.258612209111,0.327224050836,0.362714461912,0.400705482686,
    0.447688772104,0.499896838471,0.534955359343,0.598978229214,
    0.650974272261,0.707689189653,0.809392291596,0.865935907557,
    0.921308197943,1.),.UNSPECIFIED.);
#652 = CARTESIAN_POINT('',(16.7,28.,-15.81486642371));
#653 = CARTESIAN_POINT('',(16.7,28.148105216453,-15.81486642371));
#654 = CARTESIAN_POINT('',(16.684516524554,28.295549987308,
    -15.83121623731));
#655 = CARTESIAN_POINT('',(16.653807427164,28.439909503947,
    -15.8636452572));
#656 = CARTESIAN_POINT('',(16.608765275927,28.578803010072,
    -15.91096489749));
#657 = CARTESIAN_POINT('',(16.550917150406,28.710043966689,
    -15.97112215917));
#658 = CARTESIAN_POINT('',(16.435111071283,28.916441724543,
    -16.09011359565));
#659 = CARTESIAN_POINT('',(16.382421996006,28.996774717296,
    -16.14390560178));
#660 = CARTESIAN_POINT('',(16.324971465356,29.072628158765,
    -16.20210479389));
#661 = CARTESIAN_POINT('',(16.263197477081,29.143812396263,
    -16.26412551866));
#662 = CARTESIAN_POINT('',(16.197520305774,29.210164171292,
    -16.32941362547));
#663 = CARTESIAN_POINT('',(16.056714224245,29.335113326859,
    -16.4679089304));
#664 = CARTESIAN_POINT('',(15.981292722136,29.3933852484,-16.54135389786
    ));
#665 = CARTESIAN_POINT('',(15.902459311133,29.446258160069,
    -16.6172834678));
#666 = CARTESIAN_POINT('',(15.82056141811,29.493620001981,
    -16.69524419569));
#667 = CARTESIAN_POINT('',(15.735923366524,29.535347319237,
    -16.77482734756));
#668 = CARTESIAN_POINT('',(15.543192019249,29.614933321218,
    -16.95375969331));
#669 = CARTESIAN_POINT('',(15.433903096055,29.650083403543,
    -17.05374404066));
#670 = CARTESIAN_POINT('',(15.321610782822,29.676455353361,
    -17.15488500774));
#671 = CARTESIAN_POINT('',(15.206952439593,29.693744050044,
    -17.25649713569));
#672 = CARTESIAN_POINT('',(15.090602139566,29.701633042801,
    -17.35792640363));
#673 = CARTESIAN_POINT('',(14.856105092276,29.697949268812,
    -17.55904262278));
#674 = CARTESIAN_POINT('',(14.737896025958,29.686393788459,
    -17.65878649949));
#675 = CARTESIAN_POINT('',(14.61969721696,29.66477859227,-17.75687108808
    ));
#676 = CARTESIAN_POINT('',(14.50258828483,29.632897345583,
    -17.85245826904));
#677 = CARTESIAN_POINT('',(14.387693755645,29.590682636129,
    -17.94476244276));
#678 = CARTESIAN_POINT('',(14.218490712437,29.511061727723,
    -18.0787149662));
#679 = CARTESIAN_POINT('',(14.161737081533,29.481184784505,
    -18.12328476555));
#680 = CARTESIAN_POINT('',(14.106105167193,29.448605157556,
    -18.16663221271));
#681 = CARTESIAN_POINT('',(14.051782248581,29.413371721968,
    -18.20864156959));
#682 = CARTESIAN_POINT('',(13.99895061283,29.375552104947,
    -18.24920607061));
#683 = CARTESIAN_POINT('',(13.893016681571,29.292072152431,
    -18.32999814438));
#684 = CARTESIAN_POINT('',(13.840161809266,29.246050418152,
    -18.36999737703));
#685 = CARTESIAN_POINT('',(13.789445398793,29.197281229203,
    -18.40809837601));
#686 = CARTESIAN_POINT('',(13.741077862471,29.145903454234,
    -18.44418957123));
#687 = CARTESIAN_POINT('',(13.695253596183,29.092080535681,
    -18.4781735503));
#688 = CARTESIAN_POINT('',(13.598840497785,28.966645653392,
    -18.54928367151));
#689 = CARTESIAN_POINT('',(13.549698058595,28.893847290541,
    -18.58524451255));
#690 = CARTESIAN_POINT('',(13.505035805487,28.817942661439,
    -18.61770274197));
#691 = CARTESIAN_POINT('',(13.465124701401,28.739307933983,
    -18.64654234321));
#692 = CARTESIAN_POINT('',(13.430186371445,28.658355947283,
    -18.67167475955));
#693 = CARTESIAN_POINT('',(13.367274841239,28.483502679755,
    -18.71677384665));
#694 = CARTESIAN_POINT('',(13.340504643967,28.389152278061,
    -18.73585780873));
#695 = CARTESIAN_POINT('',(13.320286221238,28.293041993301,
    -18.75021600988));
#696 = CARTESIAN_POINT('',(13.306761087628,28.19574909523,
    -18.75980208082));
#697 = CARTESIAN_POINT('',(13.3,28.097866508952,-18.76459432015));
#698 = CARTESIAN_POINT('',(13.3,27.934281131528,-18.76459432015));
#699 = CARTESIAN_POINT('',(13.303048759253,27.868559957084,
    -18.7624334686));
#700 = CARTESIAN_POINT('',(13.309146401476,27.803016776693,
    -18.75811153572));
#701 = CARTESIAN_POINT('',(13.318278943033,27.737829823452,
    -18.75163288714));
#702 = CARTESIAN_POINT('',(13.330418292938,27.673175263536,
    -18.74300648389));
#703 = CARTESIAN_POINT('',(13.373104673221,27.492447061374,
    -18.71259517916));
#704 = CARTESIAN_POINT('',(13.410587118705,27.377966103742,
    -18.68581757485));
#705 = CARTESIAN_POINT('',(13.457708440463,27.266945188677,
    -18.6520013479));
#706 = CARTESIAN_POINT('',(13.514001072584,27.160473197248,
    -18.61132149659));
#707 = CARTESIAN_POINT('',(13.57882746782,27.059530567404,
    -18.56403996098));
#708 = CARTESIAN_POINT('',(13.710369594684,26.888141723026,
    -18.46702822178));
#709 = CARTESIAN_POINT('',(13.774421475078,26.81555725747,
    -18.41944239309));
#710 = CARTESIAN_POINT('',(13.843119923418,26.74768189359,
    -18.36796539021));
#711 = CARTESIAN_POINT('',(13.915949868285,26.684911766358,
    -18.31285875894));
#712 = CARTESIAN_POINT('',(13.99234573633,26.627554650605,
    -18.25443305299));
#713 = CARTESIAN_POINT('',(14.158263902896,26.519406758455,
    -18.12610102557));
#714 = CARTESIAN_POINT('',(14.248314700701,26.469706107152,
    -18.05566005474));
#715 = CARTESIAN_POINT('',(14.341148570905,26.426942669323,
    -17.98214364232));
#716 = CARTESIAN_POINT('',(14.436046447212,26.391233277766,
    -17.90600558246));
#717 = CARTESIAN_POINT('',(14.532287107253,26.362594377046,
    -17.82774216393));
#718 = CARTESIAN_POINT('',(14.802865931931,26.30211284402,
    -17.60471064683));
#719 = CARTESIAN_POINT('',(14.978323145608,26.285809102113,
    -17.45665911686));
#720 = CARTESIAN_POINT('',(15.152612924288,26.291136853535,
    -17.30588969204));
#721 = CARTESIAN_POINT('',(15.323212214639,26.317129781702,
    -17.15458449349));
#722 = CARTESIAN_POINT('',(15.487843578443,26.362743028022,
    -17.00506637972));
#723 = CARTESIAN_POINT('',(15.731355160257,26.462482382133,
    -16.7791106436));
#724 = CARTESIAN_POINT('',(15.815949568341,26.503874556195,
    -16.69961229773));
#725 = CARTESIAN_POINT('',(15.897825695361,26.550883966018,
    -16.62171600179));
#726 = CARTESIAN_POINT('',(15.976661728481,26.603387510512,
    -16.54582687898));
#727 = CARTESIAN_POINT('',(16.052113253255,26.661273692338,
    -16.47239411895));
#728 = CARTESIAN_POINT('',(16.194020803832,26.786298891314,
    -16.3328926914));
#729 = CARTESIAN_POINT('',(16.260669144157,26.85325549148,
    -16.26666535168));
#730 = CARTESIAN_POINT('',(16.323331069473,26.925167922715,
    -16.20376866681));
#731 = CARTESIAN_POINT('',(16.381571739139,27.00186783367,
    -16.14477604308));
#732 = CARTESIAN_POINT('',(16.434937507735,27.083159376921,
    -16.09029421662));
#733 = CARTESIAN_POINT('',(16.551178548669,27.290550039216,
    -15.97085030434));
#734 = CARTESIAN_POINT('',(16.608928055431,27.42169922628,-15.9107938984
    ));
#735 = CARTESIAN_POINT('',(16.653890980376,27.560482528851,
    -15.86355702187));
#736 = CARTESIAN_POINT('',(16.684544836728,27.704718014838,
    -15.83118634215));
#737 = CARTESIAN_POINT('',(16.7,27.852030258153,-15.81486642371));
#738 = CARTESIAN_POINT('',(16.7,28.,-15.81486642371));
#739 = ORIENTED_EDGE('',*,*,#642,.T.);
#740 = CYLINDRICAL_SURFACE('',#741,1.7);
#741 = AXIS2_PLACEMENT_3D('',#742,#743,#744);
#742 = CARTESIAN_POINT('',(15.,28.,-19.));
#743 = DIRECTION('',(0.,0.,1.));
#744 = DIRECTION('',(1.,0.,-0.));
#745 = ADVANCED_FACE('',(#746,#762),#773,.F.);
#746 = FACE_BOUND('',#747,.F.);
#747 = EDGE_LOOP('',(#748,#754,#755,#761));
#748 = ORIENTED_EDGE('',*,*,#749,.F.);
#749 = EDGE_CURVE('',#569,#472,#750,.T.);
#750 = LINE('',#751,#752);
#751 = CARTESIAN_POINT('',(7.53342551566,22.,0.5));
#752 = VECTOR('',#753,1.);
#753 = DIRECTION('',(0.,1.,0.));
#754 = ORIENTED_EDGE('',*,*,#568,.T.);
#755 = ORIENTED_EDGE('',*,*,#756,.T.);
#756 = EDGE_CURVE('',#560,#463,#757,.T.);
#757 = LINE('',#758,#759);
#758 = CARTESIAN_POINT('',(22.994564575134,22.,0.5));
#759 = VECTOR('',#760,1.);
#760 = DIRECTION('',(0.,1.,0.));
#761 = ORIENTED_EDGE('',*,*,#471,.F.);
#762 = FACE_BOUND('',#763,.F.);
#763 = EDGE_LOOP('',(#764));
#764 = ORIENTED_EDGE('',*,*,#765,.F.);
#765 = EDGE_CURVE('',#766,#766,#768,.T.);
#766 = VERTEX_POINT('',#767);
#767 = CARTESIAN_POINT('',(16.7,28.,0.5));
#768 = CIRCLE('',#769,1.7);
#769 = AXIS2_PLACEMENT_3D('',#770,#771,#772);
#770 = CARTESIAN_POINT('',(15.,28.,0.5));
#771 = DIRECTION('',(0.,0.,1.));
#772 = DIRECTION('',(1.,0.,-0.));
#773 = PLANE('',#774);
#774 = AXIS2_PLACEMENT_3D('',#775,#776,#777);
#775 = CARTESIAN_POINT('',(0.,22.,0.5));
#776 = DIRECTION('',(0.,0.,1.));
#777 = DIRECTION('',(1.,0.,-0.));
#778 = ADVANCED_FACE('',(#779),#881,.F.);
#779 = FACE_BOUND('',#780,.F.);
#780 = EDGE_LOOP('',(#781,#873,#879,#880));
#781 = ORIENTED_EDGE('',*,*,#782,.F.);
#782 = EDGE_CURVE('',#783,#783,#785,.T.);
#783 = VERTEX_POINT('',#784);
#784 = CARTESIAN_POINT('',(16.7,28.,15.814866423717));
#785 = B_SPLINE_CURVE_WITH_KNOTS('',6,(#786,#787,#788,#789,#790,#791,
    #792,#793,#794,#795,#796,#797,#798,#799,#800,#801,#802,#803,#804,
    #805,#806,#807,#808,#809,#810,#811,#812,#813,#814,#815,#816,#817,
    #818,#819,#820,#821,#822,#823,#824,#825,#826,#827,#828,#829,#830,
    #831,#832,#833,#834,#835,#836,#837,#838,#839,#840,#841,#842,#843,
    #844,#845,#846,#847,#848,#849,#850,#851,#852,#853,#854,#855,#856,
    #857,#858,#859,#860,#861,#862,#863,#864,#865,#866,#867,#868,#869,
    #870,#871,#872),.UNSPECIFIED.,.T.,.F.,(7,5,5,5,5,5,5,5,5,5,5,5,5,5,5
    ,5,5,7),(0.,7.868708930851E-02,0.133337231174,0.189934730331,
    0.258612210263,0.327224051846,0.362714462848,0.400705483543,
    0.447688772864,0.499896839123,0.534955359922,0.598978231072,
    0.650974273943,0.707689191144,0.809392292631,0.865935908273,
    0.921308198357,1.),.UNSPECIFIED.);
#786 = CARTESIAN_POINT('',(16.7,28.,15.814866423717));
#787 = CARTESIAN_POINT('',(16.7,28.148105216453,15.814866423717));
#788 = CARTESIAN_POINT('',(16.684516524554,28.295549987308,
    15.831216237317));
#789 = CARTESIAN_POINT('',(16.653807427164,28.439909503947,
    15.863645257204));
#790 = CARTESIAN_POINT('',(16.608765275927,28.578803010072,
    15.910964897495));
#791 = CARTESIAN_POINT('',(16.550917150406,28.710043966689,
    15.97112215917));
#792 = CARTESIAN_POINT('',(16.435111071283,28.916441724543,
    16.090113595653));
#793 = CARTESIAN_POINT('',(16.382421996006,28.996774717296,
    16.143905601787));
#794 = CARTESIAN_POINT('',(16.324971465356,29.072628158765,
    16.202104793895));
#795 = CARTESIAN_POINT('',(16.263197477081,29.143812396263,
    16.264125518667));
#796 = CARTESIAN_POINT('',(16.197520305774,29.210164171292,
    16.329413625479));
#797 = CARTESIAN_POINT('',(16.056714224245,29.335113326859,
    16.467908930409));
#798 = CARTESIAN_POINT('',(15.981292722136,29.3933852484,16.541353897868
    ));
#799 = CARTESIAN_POINT('',(15.902459311133,29.446258160069,16.6172834678
    ));
#800 = CARTESIAN_POINT('',(15.82056141811,29.493620001981,16.69524419569
    ));
#801 = CARTESIAN_POINT('',(15.735923366524,29.535347319237,
    16.774827347563));
#802 = CARTESIAN_POINT('',(15.543192016641,29.614933322295,
    16.953759695738));
#803 = CARTESIAN_POINT('',(15.433903100413,29.650083402602,
    17.053744036757));
#804 = CARTESIAN_POINT('',(15.321610782685,29.676455352843,
    17.154885007779));
#805 = CARTESIAN_POINT('',(15.206952435166,29.693744050744,
    17.256497139615));
#806 = CARTESIAN_POINT('',(15.090602142457,29.701633042846,
    17.357926401159));
#807 = CARTESIAN_POINT('',(14.856105092276,29.697949268812,
    17.559042622784));
#808 = CARTESIAN_POINT('',(14.737896025958,29.686393788459,
    17.658786499492));
#809 = CARTESIAN_POINT('',(14.61969721696,29.66477859227,17.75687108808)
  );
#810 = CARTESIAN_POINT('',(14.50258828483,29.632897345583,
    17.852458269044));
#811 = CARTESIAN_POINT('',(14.387693755645,29.590682636129,
    17.944762442768));
#812 = CARTESIAN_POINT('',(14.218490712437,29.511061727723,
    18.078714966205));
#813 = CARTESIAN_POINT('',(14.161737081533,29.481184784505,
    18.123284765551));
#814 = CARTESIAN_POINT('',(14.106105167193,29.448605157556,
    18.166632212718));
#815 = CARTESIAN_POINT('',(14.051782248581,29.413371721968,
    18.208641569595));
#816 = CARTESIAN_POINT('',(13.99895061283,29.375552104947,
    18.249206070616));
#817 = CARTESIAN_POINT('',(13.893016681571,29.292072152431,
    18.329998144389));
#818 = CARTESIAN_POINT('',(13.840161809266,29.246050418152,
    18.369997377033));
#819 = CARTESIAN_POINT('',(13.789445398793,29.197281229203,
    18.408098376018));
#820 = CARTESIAN_POINT('',(13.741077862471,29.145903454234,
    18.444189571234));
#821 = CARTESIAN_POINT('',(13.695253596183,29.092080535681,
    18.478173550304));
#822 = CARTESIAN_POINT('',(13.598840497785,28.966645653392,
    18.54928367151));
#823 = CARTESIAN_POINT('',(13.549698058595,28.893847290541,
    18.585244512554));
#824 = CARTESIAN_POINT('',(13.505035805487,28.817942661439,
    18.61770274197));
#825 = CARTESIAN_POINT('',(13.465124701401,28.739307933983,
    18.646542343219));
#826 = CARTESIAN_POINT('',(13.430186371445,28.658355947283,
    18.671674759554));
#827 = CARTESIAN_POINT('',(13.367274841239,28.483502679755,
    18.716773846654));
#828 = CARTESIAN_POINT('',(13.340504643967,28.389152278061,
    18.735857808737));
#829 = CARTESIAN_POINT('',(13.320286221238,28.293041993301,
    18.75021600988));
#830 = CARTESIAN_POINT('',(13.306761087628,28.195749095231,
    18.75980208082));
#831 = CARTESIAN_POINT('',(13.3,28.097866508952,18.764594320155));
#832 = CARTESIAN_POINT('',(13.3,27.934281131528,18.764594320155));
#833 = CARTESIAN_POINT('',(13.303048759253,27.868559957084,18.7624334686
    ));
#834 = CARTESIAN_POINT('',(13.309146401476,27.803016776693,
    18.758111535721));
#835 = CARTESIAN_POINT('',(13.318278943033,27.737829823452,
    18.751632887146));
#836 = CARTESIAN_POINT('',(13.330418292938,27.673175263536,
    18.743006483898));
#837 = CARTESIAN_POINT('',(13.373104673829,27.4924470588,18.712595178727
    ));
#838 = CARTESIAN_POINT('',(13.410587116987,27.37796610766,
    18.685817576107));
#839 = CARTESIAN_POINT('',(13.45770844097,27.266945188841,
    18.652001347527));
#840 = CARTESIAN_POINT('',(13.514001074543,27.160473193403,
    18.611321495163));
#841 = CARTESIAN_POINT('',(13.578827466125,27.059530569613,
    18.564039962239));
#842 = CARTESIAN_POINT('',(13.710369594684,26.888141723026,
    18.467028221788));
#843 = CARTESIAN_POINT('',(13.774421475078,26.81555725747,
    18.419442393091));
#844 = CARTESIAN_POINT('',(13.843119923418,26.74768189359,18.36796539021
    ));
#845 = CARTESIAN_POINT('',(13.915949868285,26.684911766358,
    18.312858758941));
#846 = CARTESIAN_POINT('',(13.99234573633,26.627554650605,18.25443305299
    ));
#847 = CARTESIAN_POINT('',(14.158263902896,26.519406758455,
    18.126101025573));
#848 = CARTESIAN_POINT('',(14.248314700701,26.469706107152,
    18.055660054743));
#849 = CARTESIAN_POINT('',(14.341148570905,26.426942669323,
    17.982143642322));
#850 = CARTESIAN_POINT('',(14.436046447212,26.391233277766,
    17.906005582469));
#851 = CARTESIAN_POINT('',(14.532287107253,26.362594377046,
    17.82774216393));
#852 = CARTESIAN_POINT('',(14.80286593174,26.302112844062,
    17.604710646988));
#853 = CARTESIAN_POINT('',(14.978323145656,26.285809102054,
    17.456659116836));
#854 = CARTESIAN_POINT('',(15.152612924481,26.291136853551,
    17.305889691875));
#855 = CARTESIAN_POINT('',(15.323212214686,26.31712978177,
    17.154584493441));
#856 = CARTESIAN_POINT('',(15.48784357826,26.362743027948,
    17.005066379892));
#857 = CARTESIAN_POINT('',(15.731355160257,26.462482382133,
    16.779110643603));
#858 = CARTESIAN_POINT('',(15.815949568341,26.503874556195,
    16.699612297731));
#859 = CARTESIAN_POINT('',(15.897825695361,26.550883966018,
    16.62171600179));
#860 = CARTESIAN_POINT('',(15.976661728481,26.603387510512,
    16.545826878985));
#861 = CARTESIAN_POINT('',(16.052113253255,26.661273692338,
    16.472394118957));
#862 = CARTESIAN_POINT('',(16.194020803846,26.786298891326,
    16.332892691389));
#863 = CARTESIAN_POINT('',(16.260669144152,26.853255491478,
    16.266665351692));
#864 = CARTESIAN_POINT('',(16.323331069461,26.925167922701,
    16.203768666831));
#865 = CARTESIAN_POINT('',(16.381571739138,27.001867833663,
    16.14477604309));
#866 = CARTESIAN_POINT('',(16.434937507744,27.083159376937,
    16.090294216616));
#867 = CARTESIAN_POINT('',(16.551178548669,27.290550039216,
    15.970850304342));
#868 = CARTESIAN_POINT('',(16.60892805543,27.421699226279,
    15.910793898407));
#869 = CARTESIAN_POINT('',(16.653890980376,27.560482528852,
    15.863557021874));
#870 = CARTESIAN_POINT('',(16.684544836728,27.704718014838,
    15.831186342159));
#871 = CARTESIAN_POINT('',(16.7,27.852030258153,15.814866423717));
#872 = CARTESIAN_POINT('',(16.7,28.,15.814866423717));
#873 = ORIENTED_EDGE('',*,*,#874,.F.);
#874 = EDGE_CURVE('',#766,#783,#875,.T.);
#875 = LINE('',#876,#877);
#876 = CARTESIAN_POINT('',(16.7,28.,-19.));
#877 = VECTOR('',#878,1.);
#878 = DIRECTION('',(0.,0.,1.));
#879 = ORIENTED_EDGE('',*,*,#765,.T.);
#880 = ORIENTED_EDGE('',*,*,#874,.T.);
#881 = CYLINDRICAL_SURFACE('',#882,1.7);
#882 = AXIS2_PLACEMENT_3D('',#883,#884,#885);
#883 = CARTESIAN_POINT('',(15.,28.,-19.));
#884 = DIRECTION('',(0.,0.,1.));
#885 = DIRECTION('',(1.,0.,-0.));
#886 = ADVANCED_FACE('',(#887),#913,.F.);
#887 = FACE_BOUND('',#888,.F.);
#888 = EDGE_LOOP('',(#889,#897,#906,#912));
#889 = ORIENTED_EDGE('',*,*,#890,.T.);
#890 = EDGE_CURVE('',#526,#891,#893,.T.);
#891 = VERTEX_POINT('',#892);
#892 = CARTESIAN_POINT('',(-1.224646799147E-15,40.,5.));
#893 = LINE('',#894,#895);
#894 = CARTESIAN_POINT('',(-1.224646799147E-15,34.,5.));
#895 = VECTOR('',#896,1.);
#896 = DIRECTION('',(0.,1.,0.));
#897 = ORIENTED_EDGE('',*,*,#898,.F.);
#898 = EDGE_CURVE('',#899,#891,#901,.T.);
#899 = VERTEX_POINT('',#900);
#900 = CARTESIAN_POINT('',(-7.85196730486E-14,40.,-5.));
#901 = CIRCLE('',#902,5.);
#902 = AXIS2_PLACEMENT_3D('',#903,#904,#905);
#903 = CARTESIAN_POINT('',(0.,40.,0.));
#904 = DIRECTION('',(0.,1.,0.));
#905 = DIRECTION('',(0.,-0.,1.));
#906 = ORIENTED_EDGE('',*,*,#907,.F.);
#907 = EDGE_CURVE('',#524,#899,#908,.T.);
#908 = LINE('',#909,#910);
#909 = CARTESIAN_POINT('',(0.,34.,-5.));
#910 = VECTOR('',#911,1.);
#911 = DIRECTION('',(0.,1.,0.));
#912 = ORIENTED_EDGE('',*,*,#523,.T.);
#913 = CYLINDRICAL_SURFACE('',#914,5.);
#914 = AXIS2_PLACEMENT_3D('',#915,#916,#917);
#915 = CARTESIAN_POINT('',(0.,34.,0.));
#916 = DIRECTION('',(0.,1.,0.));
#917 = DIRECTION('',(0.,-0.,1.));
#918 = ADVANCED_FACE('',(#919),#930,.F.);
#919 = FACE_BOUND('',#920,.F.);
#920 = EDGE_LOOP('',(#921,#927,#928,#929));
#921 = ORIENTED_EDGE('',*,*,#922,.T.);
#922 = EDGE_CURVE('',#899,#891,#923,.T.);
#923 = LINE('',#924,#925);
#924 = CARTESIAN_POINT('',(0.,40.,-19.));
#925 = VECTOR('',#926,1.);
#926 = DIRECTION('',(0.,0.,1.));
#927 = ORIENTED_EDGE('',*,*,#890,.F.);
#928 = ORIENTED_EDGE('',*,*,#534,.F.);
#929 = ORIENTED_EDGE('',*,*,#907,.T.);
#930 = PLANE('',#931);
#931 = AXIS2_PLACEMENT_3D('',#932,#933,#934);
#932 = CARTESIAN_POINT('',(0.,40.,-19.));
#933 = DIRECTION('',(1.,0.,-0.));
#934 = DIRECTION('',(0.,-1.,0.));
#935 = ADVANCED_FACE('',(#936,#957),#961,.T.);
#936 = FACE_BOUND('',#937,.T.);
#937 = EDGE_LOOP('',(#938,#947,#954,#955,#956));
#938 = ORIENTED_EDGE('',*,*,#939,.T.);
#939 = EDGE_CURVE('',#24,#940,#942,.T.);
#940 = VERTEX_POINT('',#941);
#941 = CARTESIAN_POINT('',(-6.858022075225E-15,40.,28.));
#942 = CIRCLE('',#943,28.);
#943 = AXIS2_PLACEMENT_3D('',#944,#945,#946);
#944 = CARTESIAN_POINT('',(0.,40.,0.));
#945 = DIRECTION('',(0.,1.,0.));
#946 = DIRECTION('',(0.,-0.,1.));
#947 = ORIENTED_EDGE('',*,*,#948,.T.);
#948 = EDGE_CURVE('',#940,#127,#949,.T.);
#949 = CIRCLE('',#950,28.);
#950 = AXIS2_PLACEMENT_3D('',#951,#952,#953);
#951 = CARTESIAN_POINT('',(0.,40.,0.));
#952 = DIRECTION('',(0.,1.,0.));
#953 = DIRECTION('',(0.,-0.,1.));
#954 = ORIENTED_EDGE('',*,*,#173,.F.);
#955 = ORIENTED_EDGE('',*,*,#109,.F.);
#956 = ORIENTED_EDGE('',*,*,#79,.T.);
#957 = FACE_BOUND('',#958,.T.);
#958 = EDGE_LOOP('',(#959,#960));
#959 = ORIENTED_EDGE('',*,*,#898,.F.);
#960 = ORIENTED_EDGE('',*,*,#922,.T.);
#961 = PLANE('',#962);
#962 = AXIS2_PLACEMENT_3D('',#963,#964,#965);
#963 = CARTESIAN_POINT('',(2.097045357575,40.,0.669724442748));
#964 = DIRECTION('',(0.,1.,0.));
#965 = DIRECTION('',(0.,-0.,1.));
#966 = ADVANCED_FACE('',(#967),#982,.T.);
#967 = FACE_BOUND('',#968,.T.);
#968 = EDGE_LOOP('',(#969,#970,#971,#972,#973,#974,#980,#981));
#969 = ORIENTED_EDGE('',*,*,#63,.T.);
#970 = ORIENTED_EDGE('',*,*,#93,.T.);
#971 = ORIENTED_EDGE('',*,*,#166,.F.);
#972 = ORIENTED_EDGE('',*,*,#299,.F.);
#973 = ORIENTED_EDGE('',*,*,#387,.T.);
#974 = ORIENTED_EDGE('',*,*,#975,.F.);
#975 = EDGE_CURVE('',#340,#380,#976,.T.);
#976 = LINE('',#977,#978);
#977 = CARTESIAN_POINT('',(89.,49.,-15.));
#978 = VECTOR('',#979,1.);
#979 = DIRECTION('',(0.,0.,1.));
#980 = ORIENTED_EDGE('',*,*,#347,.F.);
#981 = ORIENTED_EDGE('',*,*,#204,.F.);
#982 = PLANE('',#983);
#983 = AXIS2_PLACEMENT_3D('',#984,#985,#986);
#984 = CARTESIAN_POINT('',(69.842105263158,49.,0.));
#985 = DIRECTION('',(0.,1.,0.));
#986 = DIRECTION('',(0.,-0.,1.));
#987 = ADVANCED_FACE('',(#988,#1009,#1020,#1031,#1042,#1053,#1064,#1075,
    #1086,#1097,#1108),#1136,.T.);
#988 = FACE_BOUND('',#989,.T.);
#989 = EDGE_LOOP('',(#990,#991,#992,#1001,#1008));
#990 = ORIENTED_EDGE('',*,*,#242,.T.);
#991 = ORIENTED_EDGE('',*,*,#323,.F.);
#992 = ORIENTED_EDGE('',*,*,#993,.F.);
#993 = EDGE_CURVE('',#994,#324,#996,.T.);
#994 = VERTEX_POINT('',#995);
#995 = CARTESIAN_POINT('',(83.,-1.07768918325E-14,-44.));
#996 = CIRCLE('',#997,44.);
#997 = AXIS2_PLACEMENT_3D('',#998,#999,#1000);
#998 = CARTESIAN_POINT('',(83.,0.,6.661338147751E-16));
#999 = DIRECTION('',(1.,0.,-2.22044604925E-16));
#1000 = DIRECTION('',(-2.22044604925E-16,0.,-1.));
#1001 = ORIENTED_EDGE('',*,*,#1002,.F.);
#1002 = EDGE_CURVE('',#364,#994,#1003,.T.);
#1003 = CIRCLE('',#1004,44.);
#1004 = AXIS2_PLACEMENT_3D('',#1005,#1006,#1007);
#1005 = CARTESIAN_POINT('',(83.,0.,6.661338147751E-16));
#1006 = DIRECTION('',(1.,0.,-2.22044604925E-16));
#1007 = DIRECTION('',(-2.22044604925E-16,0.,-1.));
#1008 = ORIENTED_EDGE('',*,*,#363,.T.);
#1009 = FACE_BOUND('',#1010,.T.);
#1010 = EDGE_LOOP('',(#1011));
#1011 = ORIENTED_EDGE('',*,*,#1012,.T.);
#1012 = EDGE_CURVE('',#1013,#1013,#1015,.T.);
#1013 = VERTEX_POINT('',#1014);
#1014 = CARTESIAN_POINT('',(83.,-5.388445916248E-15,-22.));
#1015 = CIRCLE('',#1016,22.);
#1016 = AXIS2_PLACEMENT_3D('',#1017,#1018,#1019);
#1017 = CARTESIAN_POINT('',(83.,0.,6.661338147751E-16));
#1018 = DIRECTION('',(1.,0.,-2.22044604925E-16));
#1019 = DIRECTION('',(-2.22044604925E-16,0.,-1.));
#1020 = FACE_BOUND('',#1021,.T.);
#1021 = EDGE_LOOP('',(#1022));
#1022 = ORIENTED_EDGE('',*,*,#1023,.T.);
#1023 = EDGE_CURVE('',#1024,#1024,#1026,.T.);
#1024 = VERTEX_POINT('',#1025);
#1025 = CARTESIAN_POINT('',(83.,-36.07412,8.54247));
#1026 = CIRCLE('',#1027,1.7);
#1027 = AXIS2_PLACEMENT_3D('',#1028,#1029,#1030);
#1028 = CARTESIAN_POINT('',(83.,-36.07412,10.24247));
#1029 = DIRECTION('',(1.,0.,-2.22044604925E-16));
#1030 = DIRECTION('',(-2.22044604925E-16,0.,-1.));
#1031 = FACE_BOUND('',#1032,.T.);
#1032 = EDGE_LOOP('',(#1033));
#1033 = ORIENTED_EDGE('',*,*,#1034,.T.);
#1034 = EDGE_CURVE('',#1035,#1035,#1037,.T.);
#1035 = VERTEX_POINT('',#1036);
#1036 = CARTESIAN_POINT('',(83.,-34.21811,-17.04181));
#1037 = CIRCLE('',#1038,1.7);
#1038 = AXIS2_PLACEMENT_3D('',#1039,#1040,#1041);
#1039 = CARTESIAN_POINT('',(83.,-34.21811,-15.34181));
#1040 = DIRECTION('',(1.,0.,-2.22044604925E-16));
#1041 = DIRECTION('',(-2.22044604925E-16,0.,-1.));
#1042 = FACE_BOUND('',#1043,.T.);
#1043 = EDGE_LOOP('',(#1044));
#1044 = ORIENTED_EDGE('',*,*,#1045,.T.);
#1045 = EDGE_CURVE('',#1046,#1046,#1048,.T.);
#1046 = VERTEX_POINT('',#1047);
#1047 = CARTESIAN_POINT('',(83.,9.16682,-38.06233));
#1048 = CIRCLE('',#1049,1.7);
#1049 = AXIS2_PLACEMENT_3D('',#1050,#1051,#1052);
#1050 = CARTESIAN_POINT('',(83.,9.16682,-36.36233));
#1051 = DIRECTION('',(1.,0.,-2.22044604925E-16));
#1052 = DIRECTION('',(-2.22044604925E-16,0.,-1.));
#1053 = FACE_BOUND('',#1054,.T.);
#1054 = EDGE_LOOP('',(#1055));
#1055 = ORIENTED_EDGE('',*,*,#1056,.T.);
#1056 = EDGE_CURVE('',#1057,#1057,#1059,.T.);
#1057 = VERTEX_POINT('',#1058);
#1058 = CARTESIAN_POINT('',(83.,-16.35107,-35.44748));
#1059 = CIRCLE('',#1060,1.7);
#1060 = AXIS2_PLACEMENT_3D('',#1061,#1062,#1063);
#1061 = CARTESIAN_POINT('',(83.,-16.35107,-33.74748));
#1062 = DIRECTION('',(1.,0.,-2.22044604925E-16));
#1063 = DIRECTION('',(-2.22044604925E-16,0.,-1.));
#1064 = FACE_BOUND('',#1065,.T.);
#1065 = EDGE_LOOP('',(#1066));
#1066 = ORIENTED_EDGE('',*,*,#1067,.T.);
#1067 = EDGE_CURVE('',#1068,#1068,#1070,.T.);
#1068 = VERTEX_POINT('',#1069);
#1069 = CARTESIAN_POINT('',(83.,3.82266,35.60465));
#1070 = CIRCLE('',#1071,1.7);
#1071 = AXIS2_PLACEMENT_3D('',#1072,#1073,#1074);
#1072 = CARTESIAN_POINT('',(83.,3.82266,37.30465));
#1073 = DIRECTION('',(1.,0.,-2.22044604925E-16));
#1074 = DIRECTION('',(-2.22044604925E-16,0.,-1.));
#1075 = FACE_BOUND('',#1076,.T.);
#1076 = EDGE_LOOP('',(#1077));
#1077 = ORIENTED_EDGE('',*,*,#1078,.T.);
#1078 = EDGE_CURVE('',#1079,#1079,#1081,.T.);
#1079 = VERTEX_POINT('',#1080);
#1080 = CARTESIAN_POINT('',(83.,-21.05064,29.33418));
#1081 = CIRCLE('',#1082,1.7);
#1082 = AXIS2_PLACEMENT_3D('',#1083,#1084,#1085);
#1083 = CARTESIAN_POINT('',(83.,-21.05064,31.03418));
#1084 = DIRECTION('',(1.,0.,-2.22044604925E-16));
#1085 = DIRECTION('',(-2.22044604925E-16,0.,-1.));
#1086 = FACE_BOUND('',#1087,.T.);
#1087 = EDGE_LOOP('',(#1088));
#1088 = ORIENTED_EDGE('',*,*,#1089,.T.);
#1089 = EDGE_CURVE('',#1090,#1090,#1092,.T.);
#1090 = VERTEX_POINT('',#1091);
#1091 = CARTESIAN_POINT('',(83.,26.9073,24.41987));
#1092 = CIRCLE('',#1093,1.7);
#1093 = AXIS2_PLACEMENT_3D('',#1094,#1095,#1096);
#1094 = CARTESIAN_POINT('',(83.,26.9073,26.11987));
#1095 = DIRECTION('',(1.,0.,-2.22044604925E-16));
#1096 = DIRECTION('',(-2.22044604925E-16,0.,-1.));
#1097 = FACE_BOUND('',#1098,.T.);
#1098 = EDGE_LOOP('',(#1099));
#1099 = ORIENTED_EDGE('',*,*,#1100,.T.);
#1100 = EDGE_CURVE('',#1101,#1101,#1103,.T.);
#1101 = VERTEX_POINT('',#1102);
#1102 = CARTESIAN_POINT('',(83.,30.39545,-23.66285));
#1103 = CIRCLE('',#1104,1.7);
#1104 = AXIS2_PLACEMENT_3D('',#1105,#1106,#1107);
#1105 = CARTESIAN_POINT('',(83.,30.39545,-21.96285));
#1106 = DIRECTION('',(1.,0.,-2.22044604925E-16));
#1107 = DIRECTION('',(-2.22044604925E-16,0.,-1.));
#1108 = FACE_BOUND('',#1109,.T.);
#1109 = EDGE_LOOP('',(#1110,#1121,#1130));
#1110 = ORIENTED_EDGE('',*,*,#1111,.T.);
#1111 = EDGE_CURVE('',#1112,#1114,#1116,.T.);
#1112 = VERTEX_POINT('',#1113);
#1113 = CARTESIAN_POINT('',(83.,38.,4.304541363182));
#1114 = VERTEX_POINT('',#1115);
#1115 = CARTESIAN_POINT('',(83.,37.40171,1.0133));
#1116 = CIRCLE('',#1117,1.7);
#1117 = AXIS2_PLACEMENT_3D('',#1118,#1119,#1120);
#1118 = CARTESIAN_POINT('',(83.,37.40171,2.7133));
#1119 = DIRECTION('',(1.,0.,-2.22044604925E-16));
#1120 = DIRECTION('',(-2.22044604925E-16,0.,-1.));
#1121 = ORIENTED_EDGE('',*,*,#1122,.T.);
#1122 = EDGE_CURVE('',#1114,#1123,#1125,.T.);
#1123 = VERTEX_POINT('',#1124);
#1124 = CARTESIAN_POINT('',(83.,38.,1.122058636818));
#1125 = CIRCLE('',#1126,1.7);
#1126 = AXIS2_PLACEMENT_3D('',#1127,#1128,#1129);
#1127 = CARTESIAN_POINT('',(83.,37.40171,2.7133));
#1128 = DIRECTION('',(1.,0.,-2.22044604925E-16));
#1129 = DIRECTION('',(-2.22044604925E-16,0.,-1.));
#1130 = ORIENTED_EDGE('',*,*,#1131,.T.);
#1131 = EDGE_CURVE('',#1123,#1112,#1132,.T.);
#1132 = LINE('',#1133,#1134);
#1133 = CARTESIAN_POINT('',(83.,38.,-15.));
#1134 = VECTOR('',#1135,1.);
#1135 = DIRECTION('',(0.,0.,1.));
#1136 = PLANE('',#1137);
#1137 = AXIS2_PLACEMENT_3D('',#1138,#1139,#1140);
#1138 = CARTESIAN_POINT('',(83.,2.81655928419,-1.612894835327));
#1139 = DIRECTION('',(-1.,-0.,3.156991363897E-16));
#1140 = DIRECTION('',(-3.156991363897E-16,0.,-1.));
#1141 = ADVANCED_FACE('',(#1142),#1161,.F.);
#1142 = FACE_BOUND('',#1143,.F.);
#1143 = EDGE_LOOP('',(#1144,#1153,#1159,#1160));
#1144 = ORIENTED_EDGE('',*,*,#1145,.F.);
#1145 = EDGE_CURVE('',#1146,#1146,#1148,.T.);
#1146 = VERTEX_POINT('',#1147);
#1147 = CARTESIAN_POINT('',(89.,-5.388445916248E-15,-22.));
#1148 = CIRCLE('',#1149,22.);
#1149 = AXIS2_PLACEMENT_3D('',#1150,#1151,#1152);
#1150 = CARTESIAN_POINT('',(89.,0.,-6.661338147751E-16));
#1151 = DIRECTION('',(1.,0.,-2.22044604925E-16));
#1152 = DIRECTION('',(-2.22044604925E-16,0.,-1.));
#1153 = ORIENTED_EDGE('',*,*,#1154,.F.);
#1154 = EDGE_CURVE('',#1013,#1146,#1155,.T.);
#1155 = LINE('',#1156,#1157);
#1156 = CARTESIAN_POINT('',(83.,-5.388445916248E-15,-22.));
#1157 = VECTOR('',#1158,1.);
#1158 = DIRECTION('',(1.,0.,-2.22044604925E-16));
#1159 = ORIENTED_EDGE('',*,*,#1012,.T.);
#1160 = ORIENTED_EDGE('',*,*,#1154,.T.);
#1161 = CYLINDRICAL_SURFACE('',#1162,22.);
#1162 = AXIS2_PLACEMENT_3D('',#1163,#1164,#1165);
#1163 = CARTESIAN_POINT('',(83.,0.,6.661338147751E-16));
#1164 = DIRECTION('',(1.,0.,-2.22044604925E-16));
#1165 = DIRECTION('',(-2.22044604925E-16,0.,-1.));
#1166 = ADVANCED_FACE('',(#1167),#1204,.F.);
#1167 = FACE_BOUND('',#1168,.F.);
#1168 = EDGE_LOOP('',(#1169,#1170,#1178,#1187,#1196,#1203));
#1169 = ORIENTED_EDGE('',*,*,#1023,.T.);
#1170 = ORIENTED_EDGE('',*,*,#1171,.T.);
#1171 = EDGE_CURVE('',#1024,#1172,#1174,.T.);
#1172 = VERTEX_POINT('',#1173);
#1173 = CARTESIAN_POINT('',(89.,-36.07412,8.54247));
#1174 = LINE('',#1175,#1176);
#1175 = CARTESIAN_POINT('',(83.,-36.07412,8.54247));
#1176 = VECTOR('',#1177,1.);
#1177 = DIRECTION('',(1.,0.,-2.22044604925E-16));
#1178 = ORIENTED_EDGE('',*,*,#1179,.F.);
#1179 = EDGE_CURVE('',#1180,#1172,#1182,.T.);
#1180 = VERTEX_POINT('',#1181);
#1181 = CARTESIAN_POINT('',(89.,-35.11855207416,11.648489181628));
#1182 = CIRCLE('',#1183,1.7);
#1183 = AXIS2_PLACEMENT_3D('',#1184,#1185,#1186);
#1184 = CARTESIAN_POINT('',(89.,-36.07412,10.24247));
#1185 = DIRECTION('',(1.,0.,-2.22044604925E-16));
#1186 = DIRECTION('',(-2.22044604925E-16,0.,-1.));
#1187 = ORIENTED_EDGE('',*,*,#1188,.F.);
#1188 = EDGE_CURVE('',#1189,#1180,#1191,.T.);
#1189 = VERTEX_POINT('',#1190);
#1190 = CARTESIAN_POINT('',(89.,-35.99998013356,8.544087451749));
#1191 = CIRCLE('',#1192,1.7);
#1192 = AXIS2_PLACEMENT_3D('',#1193,#1194,#1195);
#1193 = CARTESIAN_POINT('',(89.,-36.07412,10.24247));
#1194 = DIRECTION('',(1.,0.,-2.22044604925E-16));
#1195 = DIRECTION('',(-2.22044604925E-16,0.,-1.));
#1196 = ORIENTED_EDGE('',*,*,#1197,.F.);
#1197 = EDGE_CURVE('',#1172,#1189,#1198,.T.);
#1198 = CIRCLE('',#1199,1.7);
#1199 = AXIS2_PLACEMENT_3D('',#1200,#1201,#1202);
#1200 = CARTESIAN_POINT('',(89.,-36.07412,10.24247));
#1201 = DIRECTION('',(1.,0.,-2.22044604925E-16));
#1202 = DIRECTION('',(-2.22044604925E-16,0.,-1.));
#1203 = ORIENTED_EDGE('',*,*,#1171,.F.);
#1204 = CYLINDRICAL_SURFACE('',#1205,1.7);
#1205 = AXIS2_PLACEMENT_3D('',#1206,#1207,#1208);
#1206 = CARTESIAN_POINT('',(83.,-36.07412,10.24247));
#1207 = DIRECTION('',(1.,0.,-2.22044604925E-16));
#1208 = DIRECTION('',(-2.22044604925E-16,0.,-1.));
#1209 = ADVANCED_FACE('',(#1210),#1247,.F.);
#1210 = FACE_BOUND('',#1211,.F.);
#1211 = EDGE_LOOP('',(#1212,#1213,#1221,#1230,#1239,#1246));
#1212 = ORIENTED_EDGE('',*,*,#1034,.T.);
#1213 = ORIENTED_EDGE('',*,*,#1214,.T.);
#1214 = EDGE_CURVE('',#1035,#1215,#1217,.T.);
#1215 = VERTEX_POINT('',#1216);
#1216 = CARTESIAN_POINT('',(89.,-34.21811,-17.04181));
#1217 = LINE('',#1218,#1219);
#1218 = CARTESIAN_POINT('',(83.,-34.21811,-17.04181));
#1219 = VECTOR('',#1220,1.);
#1220 = DIRECTION('',(1.,0.,-2.22044604925E-16));
#1221 = ORIENTED_EDGE('',*,*,#1222,.F.);
#1222 = EDGE_CURVE('',#1223,#1215,#1225,.T.);
#1223 = VERTEX_POINT('',#1224);
#1224 = CARTESIAN_POINT('',(89.,-34.38987616083,-13.65050979424));
#1225 = CIRCLE('',#1226,1.7);
#1226 = AXIS2_PLACEMENT_3D('',#1227,#1228,#1229);
#1227 = CARTESIAN_POINT('',(89.,-34.21811,-15.34181));
#1228 = DIRECTION('',(1.,0.,-2.22044604925E-16));
#1229 = DIRECTION('',(-2.22044604925E-16,0.,-1.));
#1230 = ORIENTED_EDGE('',*,*,#1231,.F.);
#1231 = EDGE_CURVE('',#1232,#1223,#1234,.T.);
#1232 = VERTEX_POINT('',#1233);
#1233 = CARTESIAN_POINT('',(89.,-33.06961770946,-16.59519160931));
#1234 = CIRCLE('',#1235,1.7);
#1235 = AXIS2_PLACEMENT_3D('',#1236,#1237,#1238);
#1236 = CARTESIAN_POINT('',(89.,-34.21811,-15.34181));
#1237 = DIRECTION('',(1.,0.,-2.22044604925E-16));
#1238 = DIRECTION('',(-2.22044604925E-16,0.,-1.));
#1239 = ORIENTED_EDGE('',*,*,#1240,.F.);
#1240 = EDGE_CURVE('',#1215,#1232,#1241,.T.);
#1241 = CIRCLE('',#1242,1.7);
#1242 = AXIS2_PLACEMENT_3D('',#1243,#1244,#1245);
#1243 = CARTESIAN_POINT('',(89.,-34.21811,-15.34181));
#1244 = DIRECTION('',(1.,0.,-2.22044604925E-16));
#1245 = DIRECTION('',(-2.22044604925E-16,0.,-1.));
#1246 = ORIENTED_EDGE('',*,*,#1214,.F.);
#1247 = CYLINDRICAL_SURFACE('',#1248,1.7);
#1248 = AXIS2_PLACEMENT_3D('',#1249,#1250,#1251);
#1249 = CARTESIAN_POINT('',(83.,-34.21811,-15.34181));
#1250 = DIRECTION('',(1.,0.,-2.22044604925E-16));
#1251 = DIRECTION('',(-2.22044604925E-16,0.,-1.));
#1252 = ADVANCED_FACE('',(#1253),#1290,.F.);
#1253 = FACE_BOUND('',#1254,.F.);
#1254 = EDGE_LOOP('',(#1255,#1256,#1264,#1273,#1282,#1289));
#1255 = ORIENTED_EDGE('',*,*,#1045,.T.);
#1256 = ORIENTED_EDGE('',*,*,#1257,.T.);
#1257 = EDGE_CURVE('',#1046,#1258,#1260,.T.);
#1258 = VERTEX_POINT('',#1259);
#1259 = CARTESIAN_POINT('',(89.,9.16682,-38.06233));
#1260 = LINE('',#1261,#1262);
#1261 = CARTESIAN_POINT('',(83.,9.16682,-38.06233));
#1262 = VECTOR('',#1263,1.);
#1263 = DIRECTION('',(1.,0.,-2.22044604925E-16));
#1264 = ORIENTED_EDGE('',*,*,#1265,.F.);
#1265 = EDGE_CURVE('',#1266,#1258,#1268,.T.);
#1266 = VERTEX_POINT('',#1267);
#1267 = CARTESIAN_POINT('',(89.,7.471386999028,-36.23780313858));
#1268 = CIRCLE('',#1269,1.7);
#1269 = AXIS2_PLACEMENT_3D('',#1270,#1271,#1272);
#1270 = CARTESIAN_POINT('',(89.,9.16682,-36.36233));
#1271 = DIRECTION('',(1.,0.,-2.22044604925E-16));
#1272 = DIRECTION('',(-2.22044604925E-16,0.,-1.));
#1273 = ORIENTED_EDGE('',*,*,#1274,.F.);
#1274 = EDGE_CURVE('',#1275,#1266,#1277,.T.);
#1275 = VERTEX_POINT('',#1276);
#1276 = CARTESIAN_POINT('',(89.,10.600597621647,-35.44893975937));
#1277 = CIRCLE('',#1278,1.7);
#1278 = AXIS2_PLACEMENT_3D('',#1279,#1280,#1281);
#1279 = CARTESIAN_POINT('',(89.,9.16682,-36.36233));
#1280 = DIRECTION('',(1.,0.,-2.22044604925E-16));
#1281 = DIRECTION('',(-2.22044604925E-16,0.,-1.));
#1282 = ORIENTED_EDGE('',*,*,#1283,.F.);
#1283 = EDGE_CURVE('',#1258,#1275,#1284,.T.);
#1284 = CIRCLE('',#1285,1.7);
#1285 = AXIS2_PLACEMENT_3D('',#1286,#1287,#1288);
#1286 = CARTESIAN_POINT('',(89.,9.16682,-36.36233));
#1287 = DIRECTION('',(1.,0.,-2.22044604925E-16));
#1288 = DIRECTION('',(-2.22044604925E-16,0.,-1.));
#1289 = ORIENTED_EDGE('',*,*,#1257,.F.);
#1290 = CYLINDRICAL_SURFACE('',#1291,1.7);
#1291 = AXIS2_PLACEMENT_3D('',#1292,#1293,#1294);
#1292 = CARTESIAN_POINT('',(83.,9.16682,-36.36233));
#1293 = DIRECTION('',(1.,0.,-2.22044604925E-16));
#1294 = DIRECTION('',(-2.22044604925E-16,0.,-1.));
#1295 = ADVANCED_FACE('',(#1296),#1333,.F.);
#1296 = FACE_BOUND('',#1297,.F.);
#1297 = EDGE_LOOP('',(#1298,#1299,#1307,#1316,#1325,#1332));
#1298 = ORIENTED_EDGE('',*,*,#1056,.T.);
#1299 = ORIENTED_EDGE('',*,*,#1300,.T.);
#1300 = EDGE_CURVE('',#1057,#1301,#1303,.T.);
#1301 = VERTEX_POINT('',#1302);
#1302 = CARTESIAN_POINT('',(89.,-16.35107,-35.44748));
#1303 = LINE('',#1304,#1305);
#1304 = CARTESIAN_POINT('',(83.,-16.35107,-35.44748));
#1305 = VECTOR('',#1306,1.);
#1306 = DIRECTION('',(1.,0.,-2.22044604925E-16));
#1307 = ORIENTED_EDGE('',*,*,#1308,.F.);
#1308 = EDGE_CURVE('',#1309,#1301,#1311,.T.);
#1309 = VERTEX_POINT('',#1310);
#1310 = CARTESIAN_POINT('',(89.,-17.5697999829,-32.5622807641));
#1311 = CIRCLE('',#1312,1.7);
#1312 = AXIS2_PLACEMENT_3D('',#1313,#1314,#1315);
#1313 = CARTESIAN_POINT('',(89.,-16.35107,-33.74748));
#1314 = DIRECTION('',(1.,0.,-2.22044604925E-16));
#1315 = DIRECTION('',(-2.22044604925E-16,0.,-1.));
#1316 = ORIENTED_EDGE('',*,*,#1317,.F.);
#1317 = EDGE_CURVE('',#1318,#1309,#1320,.T.);
#1318 = VERTEX_POINT('',#1319);
#1319 = CARTESIAN_POINT('',(89.,-14.66561624415,-33.96939357979));
#1320 = CIRCLE('',#1321,1.7);
#1321 = AXIS2_PLACEMENT_3D('',#1322,#1323,#1324);
#1322 = CARTESIAN_POINT('',(89.,-16.35107,-33.74748));
#1323 = DIRECTION('',(1.,0.,-2.22044604925E-16));
#1324 = DIRECTION('',(-2.22044604925E-16,0.,-1.));
#1325 = ORIENTED_EDGE('',*,*,#1326,.F.);
#1326 = EDGE_CURVE('',#1301,#1318,#1327,.T.);
#1327 = CIRCLE('',#1328,1.7);
#1328 = AXIS2_PLACEMENT_3D('',#1329,#1330,#1331);
#1329 = CARTESIAN_POINT('',(89.,-16.35107,-33.74748));
#1330 = DIRECTION('',(1.,0.,-2.22044604925E-16));
#1331 = DIRECTION('',(-2.22044604925E-16,0.,-1.));
#1332 = ORIENTED_EDGE('',*,*,#1300,.F.);
#1333 = CYLINDRICAL_SURFACE('',#1334,1.7);
#1334 = AXIS2_PLACEMENT_3D('',#1335,#1336,#1337);
#1335 = CARTESIAN_POINT('',(83.,-16.35107,-33.74748));
#1336 = DIRECTION('',(1.,0.,-2.22044604925E-16));
#1337 = DIRECTION('',(-2.22044604925E-16,0.,-1.));
#1338 = ADVANCED_FACE('',(#1339),#1376,.F.);
#1339 = FACE_BOUND('',#1340,.F.);
#1340 = EDGE_LOOP('',(#1341,#1342,#1350,#1359,#1368,#1375));
#1341 = ORIENTED_EDGE('',*,*,#1067,.T.);
#1342 = ORIENTED_EDGE('',*,*,#1343,.T.);
#1343 = EDGE_CURVE('',#1068,#1344,#1346,.T.);
#1344 = VERTEX_POINT('',#1345);
#1345 = CARTESIAN_POINT('',(89.,3.82266,35.60465));
#1346 = LINE('',#1347,#1348);
#1347 = CARTESIAN_POINT('',(83.,3.82266,35.60465));
#1348 = VECTOR('',#1349,1.);
#1349 = DIRECTION('',(1.,0.,-2.22044604925E-16));
#1350 = ORIENTED_EDGE('',*,*,#1351,.F.);
#1351 = EDGE_CURVE('',#1352,#1344,#1354,.T.);
#1352 = VERTEX_POINT('',#1353);
#1353 = CARTESIAN_POINT('',(89.,2.162951878248,36.936724802998));
#1354 = CIRCLE('',#1355,1.7);
#1355 = AXIS2_PLACEMENT_3D('',#1356,#1357,#1358);
#1356 = CARTESIAN_POINT('',(89.,3.82266,37.30465));
#1357 = DIRECTION('',(1.,0.,-2.22044604925E-16));
#1358 = DIRECTION('',(-2.22044604925E-16,0.,-1.));
#1359 = ORIENTED_EDGE('',*,*,#1360,.F.);
#1360 = EDGE_CURVE('',#1361,#1352,#1363,.T.);
#1361 = VERTEX_POINT('',#1362);
#1362 = CARTESIAN_POINT('',(89.,5.373255062481,36.607760516501));
#1363 = CIRCLE('',#1364,1.7);
#1364 = AXIS2_PLACEMENT_3D('',#1365,#1366,#1367);
#1365 = CARTESIAN_POINT('',(89.,3.82266,37.30465));
#1366 = DIRECTION('',(1.,0.,-2.22044604925E-16));
#1367 = DIRECTION('',(-2.22044604925E-16,0.,-1.));
#1368 = ORIENTED_EDGE('',*,*,#1369,.F.);
#1369 = EDGE_CURVE('',#1344,#1361,#1370,.T.);
#1370 = CIRCLE('',#1371,1.7);
#1371 = AXIS2_PLACEMENT_3D('',#1372,#1373,#1374);
#1372 = CARTESIAN_POINT('',(89.,3.82266,37.30465));
#1373 = DIRECTION('',(1.,0.,-2.22044604925E-16));
#1374 = DIRECTION('',(-2.22044604925E-16,0.,-1.));
#1375 = ORIENTED_EDGE('',*,*,#1343,.F.);
#1376 = CYLINDRICAL_SURFACE('',#1377,1.7);
#1377 = AXIS2_PLACEMENT_3D('',#1378,#1379,#1380);
#1378 = CARTESIAN_POINT('',(83.,3.82266,37.30465));
#1379 = DIRECTION('',(1.,0.,-2.22044604925E-16));
#1380 = DIRECTION('',(-2.22044604925E-16,0.,-1.));
#1381 = ADVANCED_FACE('',(#1382),#1419,.F.);
#1382 = FACE_BOUND('',#1383,.F.);
#1383 = EDGE_LOOP('',(#1384,#1385,#1393,#1402,#1411,#1418));
#1384 = ORIENTED_EDGE('',*,*,#1078,.T.);
#1385 = ORIENTED_EDGE('',*,*,#1386,.T.);
#1386 = EDGE_CURVE('',#1079,#1387,#1389,.T.);
#1387 = VERTEX_POINT('',#1388);
#1388 = CARTESIAN_POINT('',(89.,-21.05064,29.33418));
#1389 = LINE('',#1390,#1391);
#1390 = CARTESIAN_POINT('',(83.,-21.05064,29.33418));
#1391 = VECTOR('',#1392,1.);
#1392 = DIRECTION('',(1.,0.,-2.22044604925E-16));
#1393 = ORIENTED_EDGE('',*,*,#1394,.F.);
#1394 = EDGE_CURVE('',#1395,#1387,#1397,.T.);
#1395 = VERTEX_POINT('',#1396);
#1396 = CARTESIAN_POINT('',(89.,-22.08555099509,29.685492033033));
#1397 = CIRCLE('',#1398,1.7);
#1398 = AXIS2_PLACEMENT_3D('',#1399,#1400,#1401);
#1399 = CARTESIAN_POINT('',(89.,-21.05064,31.03418));
#1400 = DIRECTION('',(1.,0.,-2.22044604925E-16));
#1401 = DIRECTION('',(-2.22044604925E-16,0.,-1.));
#1402 = ORIENTED_EDGE('',*,*,#1403,.F.);
#1403 = EDGE_CURVE('',#1404,#1395,#1406,.T.);
#1404 = VERTEX_POINT('',#1405);
#1405 = CARTESIAN_POINT('',(89.,-19.41486284242,31.497033206477));
#1406 = CIRCLE('',#1407,1.7);
#1407 = AXIS2_PLACEMENT_3D('',#1408,#1409,#1410);
#1408 = CARTESIAN_POINT('',(89.,-21.05064,31.03418));
#1409 = DIRECTION('',(1.,0.,-2.22044604925E-16));
#1410 = DIRECTION('',(-2.22044604925E-16,0.,-1.));
#1411 = ORIENTED_EDGE('',*,*,#1412,.F.);
#1412 = EDGE_CURVE('',#1387,#1404,#1413,.T.);
#1413 = CIRCLE('',#1414,1.7);
#1414 = AXIS2_PLACEMENT_3D('',#1415,#1416,#1417);
#1415 = CARTESIAN_POINT('',(89.,-21.05064,31.03418));
#1416 = DIRECTION('',(1.,0.,-2.22044604925E-16));
#1417 = DIRECTION('',(-2.22044604925E-16,0.,-1.));
#1418 = ORIENTED_EDGE('',*,*,#1386,.F.);
#1419 = CYLINDRICAL_SURFACE('',#1420,1.7);
#1420 = AXIS2_PLACEMENT_3D('',#1421,#1422,#1423);
#1421 = CARTESIAN_POINT('',(83.,-21.05064,31.03418));
#1422 = DIRECTION('',(1.,0.,-2.22044604925E-16));
#1423 = DIRECTION('',(-2.22044604925E-16,0.,-1.));
#1424 = ADVANCED_FACE('',(#1425),#1462,.F.);
#1425 = FACE_BOUND('',#1426,.F.);
#1426 = EDGE_LOOP('',(#1427,#1428,#1436,#1445,#1454,#1461));
#1427 = ORIENTED_EDGE('',*,*,#1089,.T.);
#1428 = ORIENTED_EDGE('',*,*,#1429,.T.);
#1429 = EDGE_CURVE('',#1090,#1430,#1432,.T.);
#1430 = VERTEX_POINT('',#1431);
#1431 = CARTESIAN_POINT('',(89.,26.9073,24.41987));
#1432 = LINE('',#1433,#1434);
#1433 = CARTESIAN_POINT('',(83.,26.9073,24.41987));
#1434 = VECTOR('',#1435,1.);
#1435 = DIRECTION('',(1.,0.,-2.22044604925E-16));
#1436 = ORIENTED_EDGE('',*,*,#1437,.F.);
#1437 = EDGE_CURVE('',#1438,#1430,#1440,.T.);
#1438 = VERTEX_POINT('',#1439);
#1439 = CARTESIAN_POINT('',(89.,25.399387146152,26.904853327976));
#1440 = CIRCLE('',#1441,1.7);
#1441 = AXIS2_PLACEMENT_3D('',#1442,#1443,#1444);
#1442 = CARTESIAN_POINT('',(89.,26.9073,26.11987));
#1443 = DIRECTION('',(1.,0.,-2.22044604925E-16));
#1444 = DIRECTION('',(-2.22044604925E-16,0.,-1.));
#1445 = ORIENTED_EDGE('',*,*,#1446,.F.);
#1446 = EDGE_CURVE('',#1447,#1438,#1449,.T.);
#1447 = VERTEX_POINT('',#1448);
#1448 = CARTESIAN_POINT('',(89.,27.647163408321,24.58931384715));
#1449 = CIRCLE('',#1450,1.7);
#1450 = AXIS2_PLACEMENT_3D('',#1451,#1452,#1453);
#1451 = CARTESIAN_POINT('',(89.,26.9073,26.11987));
#1452 = DIRECTION('',(1.,0.,-2.22044604925E-16));
#1453 = DIRECTION('',(-2.22044604925E-16,0.,-1.));
#1454 = ORIENTED_EDGE('',*,*,#1455,.F.);
#1455 = EDGE_CURVE('',#1430,#1447,#1456,.T.);
#1456 = CIRCLE('',#1457,1.7);
#1457 = AXIS2_PLACEMENT_3D('',#1458,#1459,#1460);
#1458 = CARTESIAN_POINT('',(89.,26.9073,26.11987));
#1459 = DIRECTION('',(1.,0.,-2.22044604925E-16));
#1460 = DIRECTION('',(-2.22044604925E-16,0.,-1.));
#1461 = ORIENTED_EDGE('',*,*,#1429,.F.);
#1462 = CYLINDRICAL_SURFACE('',#1463,1.7);
#1463 = AXIS2_PLACEMENT_3D('',#1464,#1465,#1466);
#1464 = CARTESIAN_POINT('',(83.,26.9073,26.11987));
#1465 = DIRECTION('',(1.,0.,-2.22044604925E-16));
#1466 = DIRECTION('',(-2.22044604925E-16,0.,-1.));
#1467 = ADVANCED_FACE('',(#1468),#1505,.F.);
#1468 = FACE_BOUND('',#1469,.F.);
#1469 = EDGE_LOOP('',(#1470,#1471,#1479,#1488,#1497,#1504));
#1470 = ORIENTED_EDGE('',*,*,#1100,.T.);
#1471 = ORIENTED_EDGE('',*,*,#1472,.T.);
#1472 = EDGE_CURVE('',#1101,#1473,#1475,.T.);
#1473 = VERTEX_POINT('',#1474);
#1474 = CARTESIAN_POINT('',(89.,30.39545,-23.66285));
#1475 = LINE('',#1476,#1477);
#1476 = CARTESIAN_POINT('',(83.,30.39545,-23.66285));
#1477 = VECTOR('',#1478,1.);
#1478 = DIRECTION('',(1.,0.,-2.22044604925E-16));
#1479 = ORIENTED_EDGE('',*,*,#1480,.F.);
#1480 = EDGE_CURVE('',#1481,#1473,#1483,.T.);
#1481 = VERTEX_POINT('',#1482);
#1482 = CARTESIAN_POINT('',(89.,29.016624253839,-22.95725412394));
#1483 = CIRCLE('',#1484,1.7);
#1484 = AXIS2_PLACEMENT_3D('',#1485,#1486,#1487);
#1485 = CARTESIAN_POINT('',(89.,30.39545,-21.96285));
#1486 = DIRECTION('',(1.,0.,-2.22044604925E-16));
#1487 = DIRECTION('',(-2.22044604925E-16,0.,-1.));
#1488 = ORIENTED_EDGE('',*,*,#1489,.F.);
#1489 = EDGE_CURVE('',#1490,#1481,#1492,.T.);
#1490 = VERTEX_POINT('',#1491);
#1491 = CARTESIAN_POINT('',(89.,30.906664644426,-20.34153584557));
#1492 = CIRCLE('',#1493,1.7);
#1493 = AXIS2_PLACEMENT_3D('',#1494,#1495,#1496);
#1494 = CARTESIAN_POINT('',(89.,30.39545,-21.96285));
#1495 = DIRECTION('',(1.,0.,-2.22044604925E-16));
#1496 = DIRECTION('',(-2.22044604925E-16,0.,-1.));
#1497 = ORIENTED_EDGE('',*,*,#1498,.F.);
#1498 = EDGE_CURVE('',#1473,#1490,#1499,.T.);
#1499 = CIRCLE('',#1500,1.7);
#1500 = AXIS2_PLACEMENT_3D('',#1501,#1502,#1503);
#1501 = CARTESIAN_POINT('',(89.,30.39545,-21.96285));
#1502 = DIRECTION('',(1.,0.,-2.22044604925E-16));
#1503 = DIRECTION('',(-2.22044604925E-16,0.,-1.));
#1504 = ORIENTED_EDGE('',*,*,#1472,.F.);
#1505 = CYLINDRICAL_SURFACE('',#1506,1.7);
#1506 = AXIS2_PLACEMENT_3D('',#1507,#1508,#1509);
#1507 = CARTESIAN_POINT('',(83.,30.39545,-21.96285));
#1508 = DIRECTION('',(1.,0.,-2.22044604925E-16));
#1509 = DIRECTION('',(-2.22044604925E-16,0.,-1.));
#1510 = ADVANCED_FACE('',(#1511),#1536,.F.);
#1511 = FACE_BOUND('',#1512,.F.);
#1512 = EDGE_LOOP('',(#1513,#1521,#1522,#1530));
#1513 = ORIENTED_EDGE('',*,*,#1514,.F.);
#1514 = EDGE_CURVE('',#1123,#1515,#1517,.T.);
#1515 = VERTEX_POINT('',#1516);
#1516 = CARTESIAN_POINT('',(89.,38.,1.122058636818));
#1517 = LINE('',#1518,#1519);
#1518 = CARTESIAN_POINT('',(83.,38.,1.122058636818));
#1519 = VECTOR('',#1520,1.);
#1520 = DIRECTION('',(1.,0.,-2.22044604925E-16));
#1521 = ORIENTED_EDGE('',*,*,#1131,.T.);
#1522 = ORIENTED_EDGE('',*,*,#1523,.T.);
#1523 = EDGE_CURVE('',#1112,#1524,#1526,.T.);
#1524 = VERTEX_POINT('',#1525);
#1525 = CARTESIAN_POINT('',(89.,38.,4.304541363182));
#1526 = LINE('',#1527,#1528);
#1527 = CARTESIAN_POINT('',(83.,38.,4.304541363182));
#1528 = VECTOR('',#1529,1.);
#1529 = DIRECTION('',(1.,0.,-2.22044604925E-16));
#1530 = ORIENTED_EDGE('',*,*,#1531,.F.);
#1531 = EDGE_CURVE('',#1515,#1524,#1532,.T.);
#1532 = LINE('',#1533,#1534);
#1533 = CARTESIAN_POINT('',(89.,38.,-15.));
#1534 = VECTOR('',#1535,1.);
#1535 = DIRECTION('',(0.,0.,1.));
#1536 = PLANE('',#1537);
#1537 = AXIS2_PLACEMENT_3D('',#1538,#1539,#1540);
#1538 = CARTESIAN_POINT('',(83.,38.,-15.));
#1539 = DIRECTION('',(-0.,1.,0.));
#1540 = DIRECTION('',(0.,0.,1.));
#1541 = ADVANCED_FACE('',(#1542,#1563),#1592,.T.);
#1542 = FACE_BOUND('',#1543,.T.);
#1543 = EDGE_LOOP('',(#1544,#1545,#1554,#1561,#1562));
#1544 = ORIENTED_EDGE('',*,*,#379,.F.);
#1545 = ORIENTED_EDGE('',*,*,#1546,.T.);
#1546 = EDGE_CURVE('',#372,#1547,#1549,.T.);
#1547 = VERTEX_POINT('',#1548);
#1548 = CARTESIAN_POINT('',(89.,-1.07768918325E-14,-44.));
#1549 = CIRCLE('',#1550,44.);
#1550 = AXIS2_PLACEMENT_3D('',#1551,#1552,#1553);
#1551 = CARTESIAN_POINT('',(89.,0.,-6.661338147751E-16));
#1552 = DIRECTION('',(1.,0.,-2.22044604925E-16));
#1553 = DIRECTION('',(-2.22044604925E-16,0.,-1.));
#1554 = ORIENTED_EDGE('',*,*,#1555,.T.);
#1555 = EDGE_CURVE('',#1547,#332,#1556,.T.);
#1556 = CIRCLE('',#1557,44.);
#1557 = AXIS2_PLACEMENT_3D('',#1558,#1559,#1560);
#1558 = CARTESIAN_POINT('',(89.,0.,-6.661338147751E-16));
#1559 = DIRECTION('',(1.,0.,-2.22044604925E-16));
#1560 = DIRECTION('',(-2.22044604925E-16,0.,-1.));
#1561 = ORIENTED_EDGE('',*,*,#339,.T.);
#1562 = ORIENTED_EDGE('',*,*,#975,.T.);
#1563 = FACE_BOUND('',#1564,.T.);
#1564 = EDGE_LOOP('',(#1565,#1576,#1585));
#1565 = ORIENTED_EDGE('',*,*,#1566,.F.);
#1566 = EDGE_CURVE('',#1567,#1569,#1571,.T.);
#1567 = VERTEX_POINT('',#1568);
#1568 = CARTESIAN_POINT('',(89.,40.29888335922,-15.));
#1569 = VERTEX_POINT('',#1570);
#1570 = CARTESIAN_POINT('',(89.,40.29888335922,15.));
#1571 = CIRCLE('',#1572,43.);
#1572 = AXIS2_PLACEMENT_3D('',#1573,#1574,#1575);
#1573 = CARTESIAN_POINT('',(89.,0.,0.));
#1574 = DIRECTION('',(1.,0.,0.));
#1575 = DIRECTION('',(-0.,0.,1.));
#1576 = ORIENTED_EDGE('',*,*,#1577,.F.);
#1577 = EDGE_CURVE('',#1578,#1567,#1580,.T.);
#1578 = VERTEX_POINT('',#1579);
#1579 = CARTESIAN_POINT('',(89.,1.053196247267E-14,43.));
#1580 = CIRCLE('',#1581,43.);
#1581 = AXIS2_PLACEMENT_3D('',#1582,#1583,#1584);
#1582 = CARTESIAN_POINT('',(89.,0.,0.));
#1583 = DIRECTION('',(1.,0.,0.));
#1584 = DIRECTION('',(-0.,0.,1.));
#1585 = ORIENTED_EDGE('',*,*,#1586,.F.);
#1586 = EDGE_CURVE('',#1569,#1578,#1587,.T.);
#1587 = CIRCLE('',#1588,43.);
#1588 = AXIS2_PLACEMENT_3D('',#1589,#1590,#1591);
#1589 = CARTESIAN_POINT('',(89.,0.,0.));
#1590 = DIRECTION('',(1.,0.,0.));
#1591 = DIRECTION('',(-0.,0.,1.));
#1592 = PLANE('',#1593);
#1593 = AXIS2_PLACEMENT_3D('',#1594,#1595,#1596);
#1594 = CARTESIAN_POINT('',(89.,5.362389718108,-1.54232223412));
#1595 = DIRECTION('',(1.,0.,-2.814693929076E-16));
#1596 = DIRECTION('',(2.814693929076E-16,0.,1.));
#1597 = ADVANCED_FACE('',(#1598,#1609,#1620,#1631,#1642),#1653,.T.);
#1598 = FACE_BOUND('',#1599,.T.);
#1599 = EDGE_LOOP('',(#1600));
#1600 = ORIENTED_EDGE('',*,*,#1601,.T.);
#1601 = EDGE_CURVE('',#1602,#1602,#1604,.T.);
#1602 = VERTEX_POINT('',#1603);
#1603 = CARTESIAN_POINT('',(111.,5.633375276078E-15,23.));
#1604 = CIRCLE('',#1605,23.);
#1605 = AXIS2_PLACEMENT_3D('',#1606,#1607,#1608);
#1606 = CARTESIAN_POINT('',(111.,0.,0.));
#1607 = DIRECTION('',(1.,0.,0.));
#1608 = DIRECTION('',(-0.,0.,1.));
#1609 = FACE_BOUND('',#1610,.T.);
#1610 = EDGE_LOOP('',(#1611));
#1611 = ORIENTED_EDGE('',*,*,#1612,.F.);
#1612 = EDGE_CURVE('',#1613,#1613,#1615,.T.);
#1613 = VERTEX_POINT('',#1614);
#1614 = CARTESIAN_POINT('',(111.,17.320508075689,-8.85));
#1615 = CIRCLE('',#1616,1.15);
#1616 = AXIS2_PLACEMENT_3D('',#1617,#1618,#1619);
#1617 = CARTESIAN_POINT('',(111.,17.320508075689,-10.));
#1618 = DIRECTION('',(1.,0.,0.));
#1619 = DIRECTION('',(-0.,0.,1.));
#1620 = FACE_BOUND('',#1621,.T.);
#1621 = EDGE_LOOP('',(#1622));
#1622 = ORIENTED_EDGE('',*,*,#1623,.F.);
#1623 = EDGE_CURVE('',#1624,#1624,#1626,.T.);
#1624 = VERTEX_POINT('',#1625);
#1625 = CARTESIAN_POINT('',(111.,3.955609161246E-15,16.15));
#1626 = CIRCLE('',#1627,16.15);
#1627 = AXIS2_PLACEMENT_3D('',#1628,#1629,#1630);
#1628 = CARTESIAN_POINT('',(111.,0.,0.));
#1629 = DIRECTION('',(1.,0.,0.));
#1630 = DIRECTION('',(-0.,0.,1.));
#1631 = FACE_BOUND('',#1632,.T.);
#1632 = EDGE_LOOP('',(#1633));
#1633 = ORIENTED_EDGE('',*,*,#1634,.F.);
#1634 = EDGE_CURVE('',#1635,#1635,#1637,.T.);
#1635 = VERTEX_POINT('',#1636);
#1636 = CARTESIAN_POINT('',(111.,-17.32050807568,-8.85));
#1637 = CIRCLE('',#1638,1.15);
#1638 = AXIS2_PLACEMENT_3D('',#1639,#1640,#1641);
#1639 = CARTESIAN_POINT('',(111.,-17.32050807568,-10.));
#1640 = DIRECTION('',(1.,0.,0.));
#1641 = DIRECTION('',(-0.,0.,1.));
#1642 = FACE_BOUND('',#1643,.T.);
#1643 = EDGE_LOOP('',(#1644));
#1644 = ORIENTED_EDGE('',*,*,#1645,.F.);
#1645 = EDGE_CURVE('',#1646,#1646,#1648,.T.);
#1646 = VERTEX_POINT('',#1647);
#1647 = CARTESIAN_POINT('',(111.,1.506315562951E-15,21.15));
#1648 = CIRCLE('',#1649,1.15);
#1649 = AXIS2_PLACEMENT_3D('',#1650,#1651,#1652);
#1650 = CARTESIAN_POINT('',(111.,1.224646799147E-15,20.));
#1651 = DIRECTION('',(1.,0.,0.));
#1652 = DIRECTION('',(-0.,0.,1.));
#1653 = PLANE('',#1654);
#1654 = AXIS2_PLACEMENT_3D('',#1655,#1656,#1657);
#1655 = CARTESIAN_POINT('',(111.,0.,0.));
#1656 = DIRECTION('',(1.,0.,0.));
#1657 = DIRECTION('',(-0.,0.,1.));
#1658 = ADVANCED_FACE('',(#1659),#1678,.F.);
#1659 = FACE_BOUND('',#1660,.F.);
#1660 = EDGE_LOOP('',(#1661,#1662,#1670,#1677));
#1661 = ORIENTED_EDGE('',*,*,#1612,.F.);
#1662 = ORIENTED_EDGE('',*,*,#1663,.F.);
#1663 = EDGE_CURVE('',#1664,#1613,#1666,.T.);
#1664 = VERTEX_POINT('',#1665);
#1665 = CARTESIAN_POINT('',(106.,17.320508075689,-8.85));
#1666 = LINE('',#1667,#1668);
#1667 = CARTESIAN_POINT('',(106.,17.320508075689,-8.85));
#1668 = VECTOR('',#1669,1.);
#1669 = DIRECTION('',(1.,0.,0.));
#1670 = ORIENTED_EDGE('',*,*,#1671,.T.);
#1671 = EDGE_CURVE('',#1664,#1664,#1672,.T.);
#1672 = CIRCLE('',#1673,1.15);
#1673 = AXIS2_PLACEMENT_3D('',#1674,#1675,#1676);
#1674 = CARTESIAN_POINT('',(106.,17.320508075689,-10.));
#1675 = DIRECTION('',(1.,0.,0.));
#1676 = DIRECTION('',(-0.,0.,1.));
#1677 = ORIENTED_EDGE('',*,*,#1663,.T.);
#1678 = CYLINDRICAL_SURFACE('',#1679,1.15);
#1679 = AXIS2_PLACEMENT_3D('',#1680,#1681,#1682);
#1680 = CARTESIAN_POINT('',(106.,17.320508075689,-10.));
#1681 = DIRECTION('',(1.,0.,0.));
#1682 = DIRECTION('',(-0.,0.,1.));
#1683 = ADVANCED_FACE('',(#1684),#1703,.F.);
#1684 = FACE_BOUND('',#1685,.F.);
#1685 = EDGE_LOOP('',(#1686,#1687,#1695,#1702));
#1686 = ORIENTED_EDGE('',*,*,#1623,.F.);
#1687 = ORIENTED_EDGE('',*,*,#1688,.F.);
#1688 = EDGE_CURVE('',#1689,#1624,#1691,.T.);
#1689 = VERTEX_POINT('',#1690);
#1690 = CARTESIAN_POINT('',(99.,3.955609161246E-15,16.15));
#1691 = LINE('',#1692,#1693);
#1692 = CARTESIAN_POINT('',(99.,3.955609161246E-15,16.15));
#1693 = VECTOR('',#1694,1.);
#1694 = DIRECTION('',(1.,0.,0.));
#1695 = ORIENTED_EDGE('',*,*,#1696,.T.);
#1696 = EDGE_CURVE('',#1689,#1689,#1697,.T.);
#1697 = CIRCLE('',#1698,16.15);
#1698 = AXIS2_PLACEMENT_3D('',#1699,#1700,#1701);
#1699 = CARTESIAN_POINT('',(99.,0.,0.));
#1700 = DIRECTION('',(1.,0.,0.));
#1701 = DIRECTION('',(-0.,0.,1.));
#1702 = ORIENTED_EDGE('',*,*,#1688,.T.);
#1703 = CYLINDRICAL_SURFACE('',#1704,16.15);
#1704 = AXIS2_PLACEMENT_3D('',#1705,#1706,#1707);
#1705 = CARTESIAN_POINT('',(99.,0.,0.));
#1706 = DIRECTION('',(1.,0.,0.));
#1707 = DIRECTION('',(-0.,0.,1.));
#1708 = ADVANCED_FACE('',(#1709),#1728,.F.);
#1709 = FACE_BOUND('',#1710,.F.);
#1710 = EDGE_LOOP('',(#1711,#1712,#1720,#1727));
#1711 = ORIENTED_EDGE('',*,*,#1634,.F.);
#1712 = ORIENTED_EDGE('',*,*,#1713,.F.);
#1713 = EDGE_CURVE('',#1714,#1635,#1716,.T.);
#1714 = VERTEX_POINT('',#1715);
#1715 = CARTESIAN_POINT('',(106.,-17.32050807568,-8.85));
#1716 = LINE('',#1717,#1718);
#1717 = CARTESIAN_POINT('',(106.,-17.32050807568,-8.85));
#1718 = VECTOR('',#1719,1.);
#1719 = DIRECTION('',(1.,0.,0.));
#1720 = ORIENTED_EDGE('',*,*,#1721,.T.);
#1721 = EDGE_CURVE('',#1714,#1714,#1722,.T.);
#1722 = CIRCLE('',#1723,1.15);
#1723 = AXIS2_PLACEMENT_3D('',#1724,#1725,#1726);
#1724 = CARTESIAN_POINT('',(106.,-17.32050807568,-10.));
#1725 = DIRECTION('',(1.,0.,0.));
#1726 = DIRECTION('',(-0.,0.,1.));
#1727 = ORIENTED_EDGE('',*,*,#1713,.T.);
#1728 = CYLINDRICAL_SURFACE('',#1729,1.15);
#1729 = AXIS2_PLACEMENT_3D('',#1730,#1731,#1732);
#1730 = CARTESIAN_POINT('',(106.,-17.32050807568,-10.));
#1731 = DIRECTION('',(1.,0.,0.));
#1732 = DIRECTION('',(-0.,0.,1.));
#1733 = ADVANCED_FACE('',(#1734),#1753,.F.);
#1734 = FACE_BOUND('',#1735,.F.);
#1735 = EDGE_LOOP('',(#1736,#1737,#1745,#1752));
#1736 = ORIENTED_EDGE('',*,*,#1645,.F.);
#1737 = ORIENTED_EDGE('',*,*,#1738,.F.);
#1738 = EDGE_CURVE('',#1739,#1646,#1741,.T.);
#1739 = VERTEX_POINT('',#1740);
#1740 = CARTESIAN_POINT('',(106.,1.506315562951E-15,21.15));
#1741 = LINE('',#1742,#1743);
#1742 = CARTESIAN_POINT('',(106.,1.506315562951E-15,21.15));
#1743 = VECTOR('',#1744,1.);
#1744 = DIRECTION('',(1.,0.,0.));
#1745 = ORIENTED_EDGE('',*,*,#1746,.T.);
#1746 = EDGE_CURVE('',#1739,#1739,#1747,.T.);
#1747 = CIRCLE('',#1748,1.15);
#1748 = AXIS2_PLACEMENT_3D('',#1749,#1750,#1751);
#1749 = CARTESIAN_POINT('',(106.,1.224646799147E-15,20.));
#1750 = DIRECTION('',(1.,0.,0.));
#1751 = DIRECTION('',(-0.,0.,1.));
#1752 = ORIENTED_EDGE('',*,*,#1738,.T.);
#1753 = CYLINDRICAL_SURFACE('',#1754,1.15);
#1754 = AXIS2_PLACEMENT_3D('',#1755,#1756,#1757);
#1755 = CARTESIAN_POINT('',(106.,1.224646799147E-15,20.));
#1756 = DIRECTION('',(1.,0.,0.));
#1757 = DIRECTION('',(-0.,0.,1.));
#1758 = ADVANCED_FACE('',(#1759,#1762),#1773,.T.);
#1759 = FACE_BOUND('',#1760,.T.);
#1760 = EDGE_LOOP('',(#1761));
#1761 = ORIENTED_EDGE('',*,*,#1696,.T.);
#1762 = FACE_BOUND('',#1763,.T.);
#1763 = EDGE_LOOP('',(#1764));
#1764 = ORIENTED_EDGE('',*,*,#1765,.F.);
#1765 = EDGE_CURVE('',#1766,#1766,#1768,.T.);
#1766 = VERTEX_POINT('',#1767);
#1767 = CARTESIAN_POINT('',(99.,2.081899558551E-15,8.5));
#1768 = CIRCLE('',#1769,8.5);
#1769 = AXIS2_PLACEMENT_3D('',#1770,#1771,#1772);
#1770 = CARTESIAN_POINT('',(99.,0.,0.));
#1771 = DIRECTION('',(1.,0.,0.));
#1772 = DIRECTION('',(-0.,0.,1.));
#1773 = PLANE('',#1774);
#1774 = AXIS2_PLACEMENT_3D('',#1775,#1776,#1777);
#1775 = CARTESIAN_POINT('',(99.,0.,0.));
#1776 = DIRECTION('',(1.,0.,0.));
#1777 = DIRECTION('',(-0.,0.,1.));
#1778 = ADVANCED_FACE('',(#1779,#1800,#2005,#2164,#2347,#2518,#2701,
    #2878,#3049,#3254),#3431,.T.);
#1779 = FACE_BOUND('',#1780,.T.);
#1780 = EDGE_LOOP('',(#1781,#1782,#1783,#1791,#1798,#1799));
#1781 = ORIENTED_EDGE('',*,*,#1566,.T.);
#1782 = ORIENTED_EDGE('',*,*,#1586,.T.);
#1783 = ORIENTED_EDGE('',*,*,#1784,.T.);
#1784 = EDGE_CURVE('',#1578,#1785,#1787,.T.);
#1785 = VERTEX_POINT('',#1786);
#1786 = CARTESIAN_POINT('',(97.,5.633375276078E-15,23.));
#1787 = LINE('',#1788,#1789);
#1788 = CARTESIAN_POINT('',(89.,1.053196247267E-14,43.));
#1789 = VECTOR('',#1790,1.);
#1790 = DIRECTION('',(0.371390676354,-2.274112015151E-16,-0.928476690885
    ));
#1791 = ORIENTED_EDGE('',*,*,#1792,.F.);
#1792 = EDGE_CURVE('',#1785,#1785,#1793,.T.);
#1793 = CIRCLE('',#1794,23.);
#1794 = AXIS2_PLACEMENT_3D('',#1795,#1796,#1797);
#1795 = CARTESIAN_POINT('',(97.,0.,0.));
#1796 = DIRECTION('',(1.,0.,0.));
#1797 = DIRECTION('',(-0.,0.,1.));
#1798 = ORIENTED_EDGE('',*,*,#1784,.F.);
#1799 = ORIENTED_EDGE('',*,*,#1577,.T.);
#1800 = FACE_BOUND('',#1801,.T.);
#1801 = EDGE_LOOP('',(#1802));
#1802 = ORIENTED_EDGE('',*,*,#1803,.F.);
#1803 = EDGE_CURVE('',#1804,#1804,#1806,.T.);
#1804 = VERTEX_POINT('',#1805);
#1805 = CARTESIAN_POINT('',(90.801079863963,-36.07412,13.44247));
#1806 = B_SPLINE_CURVE_WITH_KNOTS('',8,(#1807,#1808,#1809,#1810,#1811,
    #1812,#1813,#1814,#1815,#1816,#1817,#1818,#1819,#1820,#1821,#1822,
    #1823,#1824,#1825,#1826,#1827,#1828,#1829,#1830,#1831,#1832,#1833,
    #1834,#1835,#1836,#1837,#1838,#1839,#1840,#1841,#1842,#1843,#1844,
    #1845,#1846,#1847,#1848,#1849,#1850,#1851,#1852,#1853,#1854,#1855,
    #1856,#1857,#1858,#1859,#1860,#1861,#1862,#1863,#1864,#1865,#1866,
    #1867,#1868,#1869,#1870,#1871,#1872,#1873,#1874,#1875,#1876,#1877,
    #1878,#1879,#1880,#1881,#1882,#1883,#1884,#1885,#1886,#1887,#1888,
    #1889,#1890,#1891,#1892,#1893,#1894,#1895,#1896,#1897,#1898,#1899,
    #1900,#1901,#1902,#1903,#1904,#1905,#1906,#1907,#1908,#1909,#1910,
    #1911,#1912,#1913,#1914,#1915,#1916,#1917,#1918,#1919,#1920,#1921,
    #1922,#1923,#1924,#1925,#1926,#1927,#1928,#1929,#1930,#1931,#1932,
    #1933,#1934,#1935,#1936,#1937,#1938,#1939,#1940,#1941,#1942,#1943,
    #1944,#1945,#1946,#1947,#1948,#1949,#1950,#1951,#1952,#1953,#1954,
    #1955,#1956,#1957,#1958,#1959,#1960,#1961,#1962,#1963,#1964,#1965,
    #1966,#1967,#1968,#1969,#1970,#1971,#1972,#1973,#1974,#1975,#1976,
    #1977,#1978,#1979,#1980,#1981,#1982,#1983,#1984,#1985,#1986,#1987,
    #1988,#1989,#1990,#1991,#1992,#1993,#1994,#1995,#1996,#1997,#1998,
    #1999,#2000,#2001,#2002,#2003,#2004),.UNSPECIFIED.,.T.,.F.,(9,7,7,7,
    7,7,7,7,7,7,7,7,7,7,7,7,7,7,7,7,7,7,7,7,7,7,7,7,9),(0.,
    8.372967912816E-02,0.121353800093,0.150038057169,0.164840297373,
    0.194587084401,0.215103510077,0.224742681715,0.240400083251,
    0.271016749424,0.313558611869,0.34961446473,0.378818058091,
    0.456934597298,0.536725003999,0.563521625648,0.595109877786,
    0.631141094518,0.656421466058,0.669182210291,0.694574853893,
    0.711937628105,0.719971232713,0.7327349463,0.758023026399,
    0.794065710526,0.825662258138,0.931679072603,1.),.UNSPECIFIED.);
#1807 = CARTESIAN_POINT('',(90.801079863963,-36.07412,13.44247));
#1808 = CARTESIAN_POINT('',(90.732737538679,-36.25645258513,13.44247));
#1809 = CARTESIAN_POINT('',(90.665174364947,-36.44100232898,
    13.430597086561));
#1810 = CARTESIAN_POINT('',(90.598521206004,-36.6275272399,
    13.406343801337));
#1811 = CARTESIAN_POINT('',(90.532982447084,-36.81562528946,
    13.369043132143));
#1812 = CARTESIAN_POINT('',(90.468835438624,-37.00472061396,
    13.317891940881));
#1813 = CARTESIAN_POINT('',(90.406426219283,-37.19405762125,
    13.251988761757));
#1814 = CARTESIAN_POINT('',(90.346172191572,-37.38269429037,
    13.170314311545));
#1815 = CARTESIAN_POINT('',(90.262704329864,-37.65342120796,
    13.027217939244));
#1816 = CARTESIAN_POINT('',(90.237373552204,-37.73695358085,
    12.979424680296));
#1817 = CARTESIAN_POINT('',(90.212638776167,-37.81996958082,
    12.92809608451));
#1818 = CARTESIAN_POINT('',(90.188557370211,-37.90233033039,
    12.873125535727));
#1819 = CARTESIAN_POINT('',(90.165194821645,-37.98387215103,
    12.814410202834));
#1820 = CARTESIAN_POINT('',(90.142624173287,-38.06440715002,
    12.751854248697));
#1821 = CARTESIAN_POINT('',(90.12092546013,-38.14372380725,
    12.685372039093));
#1822 = CARTESIAN_POINT('',(90.084372935992,-38.28095011738,
    12.561157573794));
#1823 = CARTESIAN_POINT('',(90.069119076519,-38.33946341344,
    12.505103869666));
#1824 = CARTESIAN_POINT('',(90.054462359627,-38.39702124893,
    12.446701813893));
#1825 = CARTESIAN_POINT('',(90.040445158989,-38.45350432325,
    12.38593227464));
#1826 = CARTESIAN_POINT('',(90.027112545334,-38.50878195103,
    12.322788476951));
#1827 = CARTESIAN_POINT('',(90.014511401872,-38.56271377653,
    12.257279066099));
#1828 = CARTESIAN_POINT('',(90.002689539712,-38.61515148807,
    12.189431170933));
#1829 = CARTESIAN_POINT('',(89.98602108846,-38.69214973968,
    12.083099567039));
#1830 = CARTESIAN_POINT('',(89.980567704372,-38.71791953333,
    12.046296482528));
#1831 = CARTESIAN_POINT('',(89.975341272539,-38.74322841873,
    12.00889147905));
#1832 = CARTESIAN_POINT('',(89.970348383244,-38.76805449947,
    11.970893461616));
#1833 = CARTESIAN_POINT('',(89.965595541941,-38.79237562155,
    11.932313127788));
#1834 = CARTESIAN_POINT('',(89.961089105663,-38.81616951739,
    11.893163120572));
#1835 = CARTESIAN_POINT('',(89.956835219425,-38.83941394995,
    11.853458181312));
#1836 = CARTESIAN_POINT('',(89.9448104072,-38.90765064446,
    11.732342655848));
#1837 = CARTESIAN_POINT('',(89.937823451191,-38.95091368694,
    11.649283967353));
#1838 = CARTESIAN_POINT('',(89.931928343903,-38.99168751978,
    11.564191986143));
#1839 = CARTESIAN_POINT('',(89.927167765419,-39.02979677645,
    11.477243114441));
#1840 = CARTESIAN_POINT('',(89.923576032307,-39.06508338165,
    11.388639163933));
#1841 = CARTESIAN_POINT('',(89.921177513328,-39.09741074454,
    11.298609112067));
#1842 = CARTESIAN_POINT('',(89.919985045141,-39.12666795199,
    11.207410858336));
#1843 = CARTESIAN_POINT('',(89.92000752302,-39.17077933543,
    11.051826661944));
#1844 = CARTESIAN_POINT('',(89.92059023213,-39.18728797833,
    10.987894300957));
#1845 = CARTESIAN_POINT('',(89.921746477752,-39.20227384325,
    10.923627583371));
#1846 = CARTESIAN_POINT('',(89.9234733635,-39.21571973477,
    10.859117016334));
#1847 = CARTESIAN_POINT('',(89.925765288102,-39.22761677324,
    10.794451796268));
#1848 = CARTESIAN_POINT('',(89.928614139322,-39.23796385874,
    10.729719676753));
#1849 = CARTESIAN_POINT('',(89.932009487876,-39.24676713495,
    10.66500683641));
#1850 = CARTESIAN_POINT('',(89.937784869697,-39.25745618481,
    10.570042649156));
#1851 = CARTESIAN_POINT('',(89.939748861393,-39.260535024,
    10.539709866409));
#1852 = CARTESIAN_POINT('',(89.941829462327,-39.2632773737,
    10.509407839049));
#1853 = CARTESIAN_POINT('',(89.944025307132,-39.26568492118,
    10.47914474454));
#1854 = CARTESIAN_POINT('',(89.946334959194,-39.26775963792,
    10.448928497307));
#1855 = CARTESIAN_POINT('',(89.948756910648,-39.26950377961,
    10.418766748734));
#1856 = CARTESIAN_POINT('',(89.95128958238,-39.27091988615,
    10.388666887161));
#1857 = CARTESIAN_POINT('',(89.958222440655,-39.27378277933,
    10.309855387115));
#1858 = CARTESIAN_POINT('',(89.96280137798,-39.27469663779,
    10.261256666615));
#1859 = CARTESIAN_POINT('',(89.967661128801,-39.27476427704,
    10.212870376791));
#1860 = CARTESIAN_POINT('',(89.972794356093,-39.27399924238,
    10.164724724349));
#1861 = CARTESIAN_POINT('',(89.978193475778,-39.2724164394,
    10.116845696686));
#1862 = CARTESIAN_POINT('',(89.983850739494,-39.27003186885,
    10.069257136273));
#1863 = CARTESIAN_POINT('',(89.989758317363,-39.2668623616,
    10.021980815052));
#1864 = CARTESIAN_POINT('',(90.007934286678,-39.25522676375,
    9.883241063083));
#1865 = CARTESIAN_POINT('',(90.020886917077,-39.24459355353,
    9.792719038658));
#1866 = CARTESIAN_POINT('',(90.034708141782,-39.23115655429,
    9.703611727994));
#1867 = CARTESIAN_POINT('',(90.049340223249,-39.21505310479,
    9.616033547186));
#1868 = CARTESIAN_POINT('',(90.064726925586,-39.1964231328,
    9.530074305629));
#1869 = CARTESIAN_POINT('',(90.080814623591,-39.17540527683,
    9.445801475674));
#1870 = CARTESIAN_POINT('',(90.097553411779,-39.15213300779,
    9.363262462288));
#1871 = CARTESIAN_POINT('',(90.138998818003,-39.09143431049,
    9.170249178342));
#1872 = CARTESIAN_POINT('',(90.164265531444,-39.05203144488,
    9.061433634154));
#1873 = CARTESIAN_POINT('',(90.190579333054,-39.00885538843,
    8.956104072235));
#1874 = CARTESIAN_POINT('',(90.217831479448,-38.96221729234,
    8.854293433061));
#1875 = CARTESIAN_POINT('',(90.245924189683,-38.91240352816,
    8.75600719177));
#1876 = CARTESIAN_POINT('',(90.27477133039,-38.85967299148,
    8.661226784432));
#1877 = CARTESIAN_POINT('',(90.304299100916,-38.8042544056,
    8.569913034322));
#1878 = CARTESIAN_POINT('',(90.359997975497,-38.69726202757,
    8.407508042569));
#1879 = CARTESIAN_POINT('',(90.385991556364,-38.64639589487,
    8.335464701983));
#1880 = CARTESIAN_POINT('',(90.412388810467,-38.59386791506,
    8.265849274812));
#1881 = CARTESIAN_POINT('',(90.439154396452,-38.5397908762,
    8.198631018433));
#1882 = CARTESIAN_POINT('',(90.4662562512,-38.48426786422,8.133778685718
    ));
#1883 = CARTESIAN_POINT('',(90.49366555883,-38.42739246053,
    8.071260481522));
#1884 = CARTESIAN_POINT('',(90.521356719706,-38.36924893971,
    8.011044019174));
#1885 = CARTESIAN_POINT('',(90.571946028109,-38.26185263561,
    7.906161253519));
#1886 = CARTESIAN_POINT('',(90.594754287961,-38.21301160913,
    7.860715867009));
#1887 = CARTESIAN_POINT('',(90.617719874242,-38.16342987881,
    7.81674346847));
#1888 = CARTESIAN_POINT('',(90.640831305661,-38.11314545579,
    7.774228211382));
#1889 = CARTESIAN_POINT('',(90.664077844385,-38.06219387118,
    7.733155051675));
#1890 = CARTESIAN_POINT('',(90.68744949604,-38.01060817613,
    7.693509747733));
#1891 = CARTESIAN_POINT('',(90.710937009715,-37.95841894177,
    7.655278860388));
#1892 = CARTESIAN_POINT('',(90.797645667663,-37.76451428592,
    7.519935765905));
#1893 = CARTESIAN_POINT('',(90.861516512043,-37.61928209554,
    7.43146812407));
#1894 = CARTESIAN_POINT('',(90.925992304938,-37.47047395399,
    7.352780579229));
#1895 = CARTESIAN_POINT('',(90.990933393009,-37.3185384964,
    7.283692071106));
#1896 = CARTESIAN_POINT('',(91.056211225288,-37.1638686912,
    7.224080092314));
#1897 = CARTESIAN_POINT('',(91.121707535804,-37.00680802013,
    7.173869812286));
#1898 = CARTESIAN_POINT('',(91.187314059283,-36.84765087438,
    7.133038960173));
#1899 = CARTESIAN_POINT('',(91.319957566995,-36.52217328544,
    7.069565128967));
#1900 = CARTESIAN_POINT('',(91.386970611924,-36.3558325368,
    7.047342086311));
#1901 = CARTESIAN_POINT('',(91.453871229186,-36.18786376224,
    7.035009290535));
#1902 = CARTESIAN_POINT('',(91.52054100762,-36.01852779008,
    7.032699917383));
#1903 = CARTESIAN_POINT('',(91.586842919427,-35.84810025076,
    7.040630983738));
#1904 = CARTESIAN_POINT('',(91.652620721828,-35.67687228368,
    7.059099407911));
#1905 = CARTESIAN_POINT('',(91.717696701118,-35.50514787528,
    7.088504536702));
#1906 = CARTESIAN_POINT('',(91.803416210367,-35.27550228077,
    7.143158498509));
#1907 = CARTESIAN_POINT('',(91.824862724049,-35.21775121423,
    7.158195812054));
#1908 = CARTESIAN_POINT('',(91.846196996972,-35.15999671067,
    7.174551137741));
#1909 = CARTESIAN_POINT('',(91.867409863568,-35.10225350067,
    7.192247101642));
#1910 = CARTESIAN_POINT('',(91.888491315081,-35.04453770188,
    7.211308104279));
#1911 = CARTESIAN_POINT('',(91.909430469029,-34.98686681785,
    7.23176050315));
#1912 = CARTESIAN_POINT('',(91.930215538661,-34.92925973674,
    7.25363279526));
#1913 = CARTESIAN_POINT('',(91.975138915306,-34.80392776311,
    7.304449300622));
#1914 = CARTESIAN_POINT('',(91.999211348203,-34.73623811352,
    7.333957651513));
#1915 = CARTESIAN_POINT('',(92.023030801924,-34.66869943091,
    7.365532107506));
#1916 = CARTESIAN_POINT('',(92.046573943493,-34.60134945082,
    7.399227076611));
#1917 = CARTESIAN_POINT('',(92.069814300382,-34.53423204813,
    7.435100531619));
#1918 = CARTESIAN_POINT('',(92.092722154751,-34.4673972904,
    7.473214422061));
#1919 = CARTESIAN_POINT('',(92.115264437693,-34.40090149122,
    7.513635086161));
#1920 = CARTESIAN_POINT('',(92.162658880303,-34.25941672175,
    7.605251963467));
#1921 = CARTESIAN_POINT('',(92.187386579387,-34.18455872001,7.657157705)
  );
#1922 = CARTESIAN_POINT('',(92.211535799321,-34.11031976812,
    7.712259717335));
#1923 = CARTESIAN_POINT('',(92.235043419677,-34.03681209281,
    7.770667431854));
#1924 = CARTESIAN_POINT('',(92.257835548244,-33.96417315625,
    7.832488470952));
#1925 = CARTESIAN_POINT('',(92.279827948264,-33.89256517441,
    7.89782623761));
#1926 = CARTESIAN_POINT('',(92.300926465674,-33.82217463565,
    7.966777504965));
#1927 = CARTESIAN_POINT('',(92.335130796683,-33.70482584202,
    8.090404754531));
#1928 = CARTESIAN_POINT('',(92.348741522484,-33.65714795597,
    8.143196213073));
#1929 = CARTESIAN_POINT('',(92.361823424723,-33.61025290598,
    8.197830993347));
#1930 = CARTESIAN_POINT('',(92.374336431519,-33.56422644291,
    8.254328193407));
#1931 = CARTESIAN_POINT('',(92.386237492819,-33.51916400491,
    8.312696876887));
#1932 = CARTESIAN_POINT('',(92.39748146509,-33.47516939895,
    8.372933552372));
#1933 = CARTESIAN_POINT('',(92.408021996006,-33.43235348229,
    8.435019652756));
#1934 = CARTESIAN_POINT('',(92.422754304781,-33.36987451895,
    8.531173422421));
#1935 = CARTESIAN_POINT('',(92.427504994249,-33.34924660439,
    8.563889185269));
#1936 = CARTESIAN_POINT('',(92.432058443774,-33.32896433505,
    8.597061085905));
#1937 = CARTESIAN_POINT('',(92.436408614868,-33.30904332814,
    8.630682603905));
#1938 = CARTESIAN_POINT('',(92.440549527289,-33.2894994754,
    8.664745791225));
#1939 = CARTESIAN_POINT('',(92.444475322011,-33.27034883514,
    8.699241147745));
#1940 = CARTESIAN_POINT('',(92.44818032419,-33.25160752417,
    8.734157496822));
#1941 = CARTESIAN_POINT('',(92.458581544857,-33.19684471664,
    8.839773919802));
#1942 = CARTESIAN_POINT('',(92.464609254353,-33.1620766813,
    8.911692648503));
#1943 = CARTESIAN_POINT('',(92.469697912405,-33.12912125808,8.9851234886
    ));
#1944 = CARTESIAN_POINT('',(92.47380900223,-33.09810400027,
    9.059933904369));
#1945 = CARTESIAN_POINT('',(92.476911377314,-33.06913914207,
    9.135971875888));
#1946 = CARTESIAN_POINT('',(92.478982826252,-33.04232648034,
    9.213064392211));
#1947 = CARTESIAN_POINT('',(92.480011637579,-33.01774825646,
    9.291015944544));
#1948 = CARTESIAN_POINT('',(92.479988952171,-32.98023008501,
    9.423345381983));
#1949 = CARTESIAN_POINT('',(92.479492446697,-32.96606585243,
    9.47738875969));
#1950 = CARTESIAN_POINT('',(92.478508641185,-32.95299259559,
    9.531669373631));
#1951 = CARTESIAN_POINT('',(92.477040091909,-32.94102339789,
    9.586120590984));
#1952 = CARTESIAN_POINT('',(92.475091735465,-32.93016556395,
    9.640677002121));
#1953 = CARTESIAN_POINT('',(92.472670705837,-32.92042101282,
    9.695274497718));
#1954 = CARTESIAN_POINT('',(92.469786151442,-32.91178667109,
    9.749850345847));
#1955 = CARTESIAN_POINT('',(92.464905005391,-32.90076996531,
    9.829556670698));
#1956 = CARTESIAN_POINT('',(92.463264043192,-32.89752105181,
    9.854752759673));
#1957 = CARTESIAN_POINT('',(92.461527248016,-32.89450731047,
    9.879925705959));
#1958 = CARTESIAN_POINT('',(92.459695759891,-32.89172773979,
    9.905069874004));
#1959 = CARTESIAN_POINT('',(92.457770776449,-32.88918115183,
    9.93017982276));
#1960 = CARTESIAN_POINT('',(92.455753552927,-32.88686617221,
    9.955250305685));
#1961 = CARTESIAN_POINT('',(92.453645402165,-32.88478124009,
    9.980276270737));
#1962 = CARTESIAN_POINT('',(92.447955998014,-32.87997480933,
    10.044935425321));
#1963 = CARTESIAN_POINT('',(92.44423820968,-32.87760133535,
    10.084493448023));
#1964 = CARTESIAN_POINT('',(92.440299771509,-32.87579729246,
    10.12390748268));
#1965 = CARTESIAN_POINT('',(92.43614637047,-32.87455480268,
    10.163159591494));
#1966 = CARTESIAN_POINT('',(92.431783875687,-32.87386516102,
    10.202233295298));
#1967 = CARTESIAN_POINT('',(92.427218275528,-32.87371899278,
    10.241113524166));
#1968 = CARTESIAN_POINT('',(92.422455614696,-32.87410641069,
    10.279786568035));
#1969 = CARTESIAN_POINT('',(92.407687456778,-32.87682161642,
    10.394425860843));
#1970 = CARTESIAN_POINT('',(92.397123479734,-32.8806804149,
    10.469746776803));
#1971 = CARTESIAN_POINT('',(92.38585671822,-32.88651318868,
    10.544111076651));
#1972 = CARTESIAN_POINT('',(92.373933545075,-32.89423524458,
    10.617445015838));
#1973 = CARTESIAN_POINT('',(92.361399106792,-32.9037600134,
    10.689691353162));
#1974 = CARTESIAN_POINT('',(92.34829644238,-32.91500148794,
    10.76080790012));
#1975 = CARTESIAN_POINT('',(92.334665602215,-32.92787666125,
    10.830766070258));
#1976 = CARTESIAN_POINT('',(92.300413722295,-32.96287666378,
    10.997585216343));
#1977 = CARTESIAN_POINT('',(92.279288388896,-32.98660311678,
    11.093219640331));
#1978 = CARTESIAN_POINT('',(92.257270337996,-33.01326233687,
    11.186417360464));
#1979 = CARTESIAN_POINT('',(92.234453640222,-33.04264488243,
    11.277163118795));
#1980 = CARTESIAN_POINT('',(92.210922444113,-33.07455851639,
    11.365459955666));
#1981 = CARTESIAN_POINT('',(92.186750554711,-33.10882986568,
    11.451327425919));
#1982 = CARTESIAN_POINT('',(92.162001012143,-33.1453060806,
    11.534799815111));
#1983 = CARTESIAN_POINT('',(92.114568232047,-33.21765142404,
    11.687041573331));
#1984 = CARTESIAN_POINT('',(92.092009323862,-33.25303639779,
    11.756346204986));
#1985 = CARTESIAN_POINT('',(92.0690854196,-33.28992086106,
    11.823865934208));
#1986 = CARTESIAN_POINT('',(92.045829541105,-33.32822213585,
    11.889627652328));
#1987 = CARTESIAN_POINT('',(92.022271364032,-33.36786515782,
    11.953657782539));
#1988 = CARTESIAN_POINT('',(91.998437323773,-33.40878221368,
    12.015982603945));
#1989 = CARTESIAN_POINT('',(91.974350721367,-33.45091267839,
    12.076628575609));
#1990 = CARTESIAN_POINT('',(91.868433944538,-33.63945519647,
    12.333567228464));
#1991 = CARTESIAN_POINT('',(91.784294530614,-33.79763194796,
    12.512735099877));
#1992 = CARTESIAN_POINT('',(91.698300576406,-33.96681896387,
    12.674399976167));
#1993 = CARTESIAN_POINT('',(91.61098540964,-34.14562747315,
    12.819125485562));
#1994 = CARTESIAN_POINT('',(91.522790758371,-34.33289657081,
    12.947317221565));
#1995 = CARTESIAN_POINT('',(91.434064619198,-34.52772316788,
    13.059171434025));
#1996 = CARTESIAN_POINT('',(91.345075686667,-34.72941810995,
    13.154747052404));
#1997 = CARTESIAN_POINT('',(91.198610903716,-35.07170676123,
    13.284797796291));
#1998 = CARTESIAN_POINT('',(91.141216622431,-35.20844229555,
    13.328882951251));
#1999 = CARTESIAN_POINT('',(91.083894025,-35.34761424951,13.366030347066
    ));
#2000 = CARTESIAN_POINT('',(91.02671602396,-35.48905997502,
    13.396132170997));
#2001 = CARTESIAN_POINT('',(90.969760305053,-35.6326113991,
    13.419039265746));
#2002 = CARTESIAN_POINT('',(90.913109486815,-35.7780936491,
    13.434562987721));
#2003 = CARTESIAN_POINT('',(90.856851453874,-35.92532526521,13.44247));
#2004 = CARTESIAN_POINT('',(90.801079863963,-36.07412,13.44247));
#2005 = FACE_BOUND('',#2006,.T.);
#2006 = EDGE_LOOP('',(#2007));
#2007 = ORIENTED_EDGE('',*,*,#2008,.F.);
#2008 = EDGE_CURVE('',#2009,#2009,#2011,.T.);
#2009 = VERTEX_POINT('',#2010);
#2010 = CARTESIAN_POINT('',(90.281921874262,26.9073,29.31987));
#2011 = B_SPLINE_CURVE_WITH_KNOTS('',6,(#2012,#2013,#2014,#2015,#2016,
    #2017,#2018,#2019,#2020,#2021,#2022,#2023,#2024,#2025,#2026,#2027,
    #2028,#2029,#2030,#2031,#2032,#2033,#2034,#2035,#2036,#2037,#2038,
    #2039,#2040,#2041,#2042,#2043,#2044,#2045,#2046,#2047,#2048,#2049,
    #2050,#2051,#2052,#2053,#2054,#2055,#2056,#2057,#2058,#2059,#2060,
    #2061,#2062,#2063,#2064,#2065,#2066,#2067,#2068,#2069,#2070,#2071,
    #2072,#2073,#2074,#2075,#2076,#2077,#2078,#2079,#2080,#2081,#2082,
    #2083,#2084,#2085,#2086,#2087,#2088,#2089,#2090,#2091,#2092,#2093,
    #2094,#2095,#2096,#2097,#2098,#2099,#2100,#2101,#2102,#2103,#2104,
    #2105,#2106,#2107,#2108,#2109,#2110,#2111,#2112,#2113,#2114,#2115,
    #2116,#2117,#2118,#2119,#2120,#2121,#2122,#2123,#2124,#2125,#2126,
    #2127,#2128,#2129,#2130,#2131,#2132,#2133,#2134,#2135,#2136,#2137,
    #2138,#2139,#2140,#2141,#2142,#2143,#2144,#2145,#2146,#2147,#2148,
    #2149,#2150,#2151,#2152,#2153,#2154,#2155,#2156,#2157,#2158,#2159,
    #2160,#2161,#2162,#2163),.UNSPECIFIED.,.T.,.F.,(7,5,5,5,5,5,5,5,5,5,
    5,5,5,5,5,5,5,5,5,5,5,5,5,5,5,5,5,5,5,5,7),(0.,4.019439186916E-02,
    7.029867786921E-02,0.152999780207,0.232209226981,0.259022504219,
    0.290636442875,0.326702573466,0.352425591611,0.365181676678,
    0.373211807731,0.390571650968,0.41556718368,0.428741320803,
    0.45404256034,0.490104650581,0.521715747349,0.548527342124,
    0.62773586622,0.706439770617,0.735630273644,0.771664923979,
    0.814177110936,0.844353719265,0.860017819206,0.869660072289,
    0.890572146864,0.915490243767,0.927259750245,0.948338232265,1.),
  .UNSPECIFIED.);
#2012 = CARTESIAN_POINT('',(90.281921874262,26.9073,29.31987));
#2013 = CARTESIAN_POINT('',(90.318608531184,26.771653476786,29.31987));
#2014 = CARTESIAN_POINT('',(90.356474359162,26.638719849313,
    29.312970405716));
#2015 = CARTESIAN_POINT('',(90.395348416492,26.508676073151,
    29.29968675406));
#2016 = CARTESIAN_POINT('',(90.435086238495,26.381652487897,
    29.280471794741));
#2017 = CARTESIAN_POINT('',(90.475569166683,26.257734286834,
    29.255718744065));
#2018 = CARTESIAN_POINT('',(90.547512082617,26.046509229409,
    29.203329817828));
#2019 = CARTESIAN_POINT('',(90.578684575557,25.957824909913,
    29.177978605764));
#2020 = CARTESIAN_POINT('',(90.610180905137,25.870930954886,
    29.149852262603));
#2021 = CARTESIAN_POINT('',(90.641965137452,25.785844535542,
    29.119078021284));
#2022 = CARTESIAN_POINT('',(90.674005656308,25.702579067543,
    29.085768987637));
#2023 = CARTESIAN_POINT('',(90.794924460299,25.397430139012,
    28.951827549018));
#2024 = CARTESIAN_POINT('',(90.885273906788,25.187600861529,
    28.835281047627));
#2025 = CARTESIAN_POINT('',(90.976798487598,24.991732758092,
    28.702414628872));
#2026 = CARTESIAN_POINT('',(91.069053030562,24.810141103471,
    28.554632411353));
#2027 = CARTESIAN_POINT('',(91.161653104557,24.643153291952,
    28.393031350287));
#2028 = CARTESIAN_POINT('',(91.342995237575,24.345875486417,
    28.050749321498));
#2029 = CARTESIAN_POINT('',(91.431686427006,24.214413870711,
    27.871253571555));
#2030 = CARTESIAN_POINT('',(91.520077453236,24.097356692639,
    27.680250291084));
#2031 = CARTESIAN_POINT('',(91.607808633631,23.995556562738,
    27.478097771782));
#2032 = CARTESIAN_POINT('',(91.694441916277,23.910118981316,
    27.265102732582));
#2033 = CARTESIAN_POINT('',(91.808183676366,23.820023685958,
    26.965439351853));
#2034 = CARTESIAN_POINT('',(91.836756302634,23.799318100851,
    26.888414673918));
#2035 = CARTESIAN_POINT('',(91.865112814923,23.780761565519,
    26.81015349865));
#2036 = CARTESIAN_POINT('',(91.893226134223,23.764433150393,
    26.730660619286));
#2037 = CARTESIAN_POINT('',(91.921065128155,23.750423039301,
    26.649941816825));
#2038 = CARTESIAN_POINT('',(91.981052366881,23.725170045846,
    26.471393815116));
#2039 = CARTESIAN_POINT('',(92.013078102742,23.714872314753,
    26.37309362959));
#2040 = CARTESIAN_POINT('',(92.044614904539,23.70810892305,
    26.273107290731));
#2041 = CARTESIAN_POINT('',(92.075592053991,23.705074900594,
    26.171456696989));
#2042 = CARTESIAN_POINT('',(92.105923753737,23.705995804471,
    26.068179278579));
#2043 = CARTESIAN_POINT('',(92.16925888807,23.716990105355,
    25.843707259319));
#2044 = CARTESIAN_POINT('',(92.202030679148,23.728333215204,
    25.722059911087));
#2045 = CARTESIAN_POINT('',(92.233678657192,23.7455451892,
    25.598440698195));
#2046 = CARTESIAN_POINT('',(92.264005873568,23.769073177352,
    25.473007696947));
#2047 = CARTESIAN_POINT('',(92.292767119742,23.799405785292,
    25.346028042711));
#2048 = CARTESIAN_POINT('',(92.338862356908,23.863901796936,
    25.126491359204));
#2049 = CARTESIAN_POINT('',(92.357105007597,23.894468141608,
    25.034519830697));
#2050 = CARTESIAN_POINT('',(92.374294505253,23.928929346,24.942120198263
    ));
#2051 = CARTESIAN_POINT('',(92.390305186703,23.967459373998,
    24.849508355357));
#2052 = CARTESIAN_POINT('',(92.405000898834,24.010198947106,
    24.756967683767));
#2053 = CARTESIAN_POINT('',(92.424811216601,24.080547906747,
    24.61916908054));
#2054 = CARTESIAN_POINT('',(92.431021075875,24.1049228843,
    24.573593292284));
#2055 = CARTESIAN_POINT('',(92.436856661725,24.130360195588,
    24.528167251215));
#2056 = CARTESIAN_POINT('',(92.442301086957,24.156863961513,
    24.482939886184));
#2057 = CARTESIAN_POINT('',(92.447338042894,24.184432399025,
    24.437964400578));
#2058 = CARTESIAN_POINT('',(92.454857181408,24.231075459369,
    24.365179848742));
#2059 = CARTESIAN_POINT('',(92.457594520023,24.249512889051,
    24.337184121644));
#2060 = CARTESIAN_POINT('',(92.46016058863,24.268366365686,
    24.309325119064));
#2061 = CARTESIAN_POINT('',(92.462551844783,24.287632455772,
    24.281617540868));
#2062 = CARTESIAN_POINT('',(92.464765018606,24.307306527858,
    24.254076463383));
#2063 = CARTESIAN_POINT('',(92.471190171423,24.370784299957,
    24.167571342864));
#2064 = CARTESIAN_POINT('',(92.474737233179,24.416067524911,
    24.109272521004));
#2065 = CARTESIAN_POINT('',(92.477407869057,24.463168931267,
    24.05198224439));
#2066 = CARTESIAN_POINT('',(92.479180282557,24.512002959771,
    23.99585736086));
#2067 = CARTESIAN_POINT('',(92.480042977424,24.562459184381,
    23.941047858446));
#2068 = CARTESIAN_POINT('',(92.479929397547,24.689185671973,
    23.810873851359));
#2069 = CARTESIAN_POINT('',(92.477977260496,24.76706515642,
    23.737055355803));
#2070 = CARTESIAN_POINT('',(92.47414046124,24.847614065098,
    23.66667413502));
#2071 = CARTESIAN_POINT('',(92.468472118128,24.93037909617,
    23.60002982411));
#2072 = CARTESIAN_POINT('',(92.461064468949,25.0148950966,
    23.537310933143));
#2073 = CARTESIAN_POINT('',(92.447276418279,25.145928298457,
    23.447685124817));
#2074 = CARTESIAN_POINT('',(92.442066582742,25.191517620344,
    23.417866379483));
#2075 = CARTESIAN_POINT('',(92.436422480842,25.237407884236,
    23.389175011872));
#2076 = CARTESIAN_POINT('',(92.430362109148,25.28354067274,
    23.36161451817));
#2077 = CARTESIAN_POINT('',(92.423904104279,25.329862242893,
    23.335181580027));
#2078 = CARTESIAN_POINT('',(92.403936340887,25.465554663104,
    23.261252153541));
#2079 = CARTESIAN_POINT('',(92.389408161514,25.555297468107,
    23.216767298221));
#2080 = CARTESIAN_POINT('',(92.373613487781,25.645218218326,
    23.176345432796));
#2081 = CARTESIAN_POINT('',(92.356681543017,25.735045307392,
    23.139859816096));
#2082 = CARTESIAN_POINT('',(92.338731624939,25.824569250991,
    23.107151165472));
#2083 = CARTESIAN_POINT('',(92.292974050194,26.040598934051,
    23.036581623847));
#2084 = CARTESIAN_POINT('',(92.264226657291,26.166612403618,
    23.002454308612));
#2085 = CARTESIAN_POINT('',(92.233912462441,26.291283819491,
    22.975175069639));
#2086 = CARTESIAN_POINT('',(92.202276774636,26.414331277374,
    22.954263522247));
#2087 = CARTESIAN_POINT('',(92.169516640703,26.535583228907,
    22.939277371924));
#2088 = CARTESIAN_POINT('',(92.106201679068,26.759624840075,
    22.921555941218));
#2089 = CARTESIAN_POINT('',(92.075878591472,26.862829030888,
    22.917538140551));
#2090 = CARTESIAN_POINT('',(92.044909649583,26.964525180628,
    22.917522346877));
#2091 = CARTESIAN_POINT('',(92.013380699268,27.064669099092,
    22.921284144749));
#2092 = CARTESIAN_POINT('',(91.981362498,27.163233057981,22.928629169685
    ));
#2093 = CARTESIAN_POINT('',(91.921387905631,27.34245778482,
    22.948516005953));
#2094 = CARTESIAN_POINT('',(91.893554088037,27.423561066027,
    22.960099144254));
#2095 = CARTESIAN_POINT('',(91.865445743424,27.503508069011,
    22.974036275447));
#2096 = CARTESIAN_POINT('',(91.837094021919,27.582290328482,
    22.990237382573));
#2097 = CARTESIAN_POINT('',(91.80852601688,27.659900703196,
    23.008623531801));
#2098 = CARTESIAN_POINT('',(91.694797561517,27.962138890322,
    23.089693248887));
#2099 = CARTESIAN_POINT('',(91.608171581577,28.1776047054,
    23.168707303219));
#2100 = CARTESIAN_POINT('',(91.520446521004,28.382719981774,
    23.264400922335));
#2101 = CARTESIAN_POINT('',(91.432060619729,28.577145550507,
    23.375677427178));
#2102 = CARTESIAN_POINT('',(91.343373641784,28.760498412509,
    23.501694582238));
#2103 = CARTESIAN_POINT('',(91.1665138966,29.102864955606,
    23.781482376163));
#2104 = CARTESIAN_POINT('',(91.078385963219,29.261940461856,
    23.935000310828));
#2105 = CARTESIAN_POINT('',(90.990557538485,29.408923393706,
    24.102133519815));
#2106 = CARTESIAN_POINT('',(90.90335814726,29.542883327349,
    24.28261283021));
#2107 = CARTESIAN_POINT('',(90.817164214151,29.662633426537,
    24.476203103688));
#2108 = CARTESIAN_POINT('',(90.700978605964,29.80502921196,
    24.759529865336));
#2109 = CARTESIAN_POINT('',(90.669746250137,29.841365844958,
    24.837975731009));
#2110 = CARTESIAN_POINT('',(90.638739070509,29.875428118966,
    24.918208142905));
#2111 = CARTESIAN_POINT('',(90.60798442232,29.907117803475,
    25.000218740875));
#2112 = CARTESIAN_POINT('',(90.577513146142,29.936324683777,
    25.083996932384));
#2113 = CARTESIAN_POINT('',(90.510136035,29.995765643669,25.275117326467
    ));
#2114 = CARTESIAN_POINT('',(90.473398489868,30.024633168157,
    25.383373680795));
#2115 = CARTESIAN_POINT('',(90.437209843452,30.049299572085,
    25.494280386495));
#2116 = CARTESIAN_POINT('',(90.401647922592,30.069499243998,
    25.607795935404));
#2117 = CARTESIAN_POINT('',(90.366805755096,30.08492874514,
    25.723855339446));
#2118 = CARTESIAN_POINT('',(90.29266366507,30.107415758066,
    25.982187790539));
#2119 = CARTESIAN_POINT('',(90.253695881533,30.112467325881,
    26.125396246304));
#2120 = CARTESIAN_POINT('',(90.216059124853,30.109841632242,
    26.271872634125));
#2121 = CARTESIAN_POINT('',(90.179984883549,30.098883742843,
    26.421350608071));
#2122 = CARTESIAN_POINT('',(90.145759005534,30.07887974375,
    26.573403497759));
#2123 = CARTESIAN_POINT('',(90.090969390088,30.027952072489,
    26.836759885858));
#2124 = CARTESIAN_POINT('',(90.069326723632,30.001884078496,
    26.947068103624));
#2125 = CARTESIAN_POINT('',(90.048908513675,29.970634651256,
    27.05812258821));
#2126 = CARTESIAN_POINT('',(90.029857234829,29.933950493092,
    27.169605232813));
#2127 = CARTESIAN_POINT('',(90.01232686407,29.891620047634,
    27.28110849622));
#2128 = CARTESIAN_POINT('',(89.988243914828,29.818540911769,
    27.449765219504));
#2129 = CARTESIAN_POINT('',(89.98046659671,29.792013456858,
    27.507266078756));
#2130 = CARTESIAN_POINT('',(89.973163221809,29.763913311737,
    27.564564909036));
#2131 = CARTESIAN_POINT('',(89.966355757427,29.734230275001,
    27.621583055052));
#2132 = CARTESIAN_POINT('',(89.960065422311,29.702963355395,
    27.678235433912));
#2133 = CARTESIAN_POINT('',(89.950770264165,29.64990812021,
    27.769023103581));
#2134 = CARTESIAN_POINT('',(89.9474320008,29.629096849199,
    27.803442174986));
#2135 = CARTESIAN_POINT('',(89.944301762995,29.607691876936,
    27.837667010041));
#2136 = CARTESIAN_POINT('',(89.941383859113,29.585697360048,
    27.871675852156));
#2137 = CARTESIAN_POINT('',(89.938682267826,29.563119203196,
    27.905446483098));
#2138 = CARTESIAN_POINT('',(89.930818490908,29.489748456767,
    28.011631994286));
#2139 = CARTESIAN_POINT('',(89.926470585536,29.436819625063,
    28.08308520578));
#2140 = CARTESIAN_POINT('',(89.923194401821,29.38126293884,
    28.153077041517));
#2141 = CARTESIAN_POINT('',(89.921016751548,29.32319650101,
    28.221377122503));
#2142 = CARTESIAN_POINT('',(89.919951795516,29.262776320701,
    28.287767303816));
#2143 = CARTESIAN_POINT('',(89.920055380017,29.125637321112,
    28.428637089161));
#2144 = CARTESIAN_POINT('',(89.921690904796,29.048001619159,
    28.502242096233));
#2145 = CARTESIAN_POINT('',(89.924905259492,28.967631952214,
    28.57251314134));
#2146 = CARTESIAN_POINT('',(89.929668311438,28.884897219902,
    28.63919244054));
#2147 = CARTESIAN_POINT('',(89.935925716455,28.800186248402,
    28.702099830188));
#2148 = CARTESIAN_POINT('',(89.947231349701,28.673140766384,
    28.788998065586));
#2149 = CARTESIAN_POINT('',(89.951175559255,28.632029806381,
    28.816009760241));
#2150 = CARTESIAN_POINT('',(89.955429483702,28.590604653884,
    28.842145405009));
#2151 = CARTESIAN_POINT('',(89.959985002143,28.548904004849,
    28.86739807905));
#2152 = CARTESIAN_POINT('',(89.964833482297,28.506965101329,
    28.89176443923));
#2153 = CARTESIAN_POINT('',(89.979157419553,28.389351059081,
    28.957296498541));
#2154 = CARTESIAN_POINT('',(89.98925953785,28.313228877358,
    28.996505732287));
#2155 = CARTESIAN_POINT('',(90.000220371781,28.236660466564,
    29.032873078073));
#2156 = CARTESIAN_POINT('',(90.011985789656,28.159827793573,
    29.066430843466));
#2157 = CARTESIAN_POINT('',(90.02450198728,28.082890195783,
    29.097233398364));
#2158 = CARTESIAN_POINT('',(90.07011008254,27.817489494947,
    29.194253338477));
#2159 = CARTESIAN_POINT('',(90.106689713148,27.629278776504,
    29.246973608896));
#2160 = CARTESIAN_POINT('',(90.146733556648,27.443145071785,
    29.284604441119));
#2161 = CARTESIAN_POINT('',(90.189598659753,27.260340217706,
    29.308474967196));
#2162 = CARTESIAN_POINT('',(90.234775658638,27.081620059897,29.31987));
#2163 = CARTESIAN_POINT('',(90.281921874262,26.9073,29.31987));
#2164 = FACE_BOUND('',#2165,.T.);
#2165 = EDGE_LOOP('',(#2166));
#2166 = ORIENTED_EDGE('',*,*,#2167,.F.);
#2167 = EDGE_CURVE('',#2168,#2168,#2170,.T.);
#2168 = VERTEX_POINT('',#2169);
#2169 = CARTESIAN_POINT('',(90.124634873536,-21.05064,34.23418));
#2170 = B_SPLINE_CURVE_WITH_KNOTS('',7,(#2171,#2172,#2173,#2174,#2175,
    #2176,#2177,#2178,#2179,#2180,#2181,#2182,#2183,#2184,#2185,#2186,
    #2187,#2188,#2189,#2190,#2191,#2192,#2193,#2194,#2195,#2196,#2197,
    #2198,#2199,#2200,#2201,#2202,#2203,#2204,#2205,#2206,#2207,#2208,
    #2209,#2210,#2211,#2212,#2213,#2214,#2215,#2216,#2217,#2218,#2219,
    #2220,#2221,#2222,#2223,#2224,#2225,#2226,#2227,#2228,#2229,#2230,
    #2231,#2232,#2233,#2234,#2235,#2236,#2237,#2238,#2239,#2240,#2241,
    #2242,#2243,#2244,#2245,#2246,#2247,#2248,#2249,#2250,#2251,#2252,
    #2253,#2254,#2255,#2256,#2257,#2258,#2259,#2260,#2261,#2262,#2263,
    #2264,#2265,#2266,#2267,#2268,#2269,#2270,#2271,#2272,#2273,#2274,
    #2275,#2276,#2277,#2278,#2279,#2280,#2281,#2282,#2283,#2284,#2285,
    #2286,#2287,#2288,#2289,#2290,#2291,#2292,#2293,#2294,#2295,#2296,
    #2297,#2298,#2299,#2300,#2301,#2302,#2303,#2304,#2305,#2306,#2307,
    #2308,#2309,#2310,#2311,#2312,#2313,#2314,#2315,#2316,#2317,#2318,
    #2319,#2320,#2321,#2322,#2323,#2324,#2325,#2326,#2327,#2328,#2329,
    #2330,#2331,#2332,#2333,#2334,#2335,#2336,#2337,#2338,#2339,#2340,
    #2341,#2342,#2343,#2344,#2345,#2346),.UNSPECIFIED.,.T.,.F.,(8,6,6,6,
    6,6,6,6,6,6,6,6,6,6,6,6,6,6,6,6,6,6,6,6,6,6,6,6,6,8),(0.,
    3.289279017026E-02,4.813969144811E-02,5.778301897359E-02,
    7.869558702809E-02,0.108851139329,0.124510438025,0.155131728678,
    0.197680290527,0.233741050631,0.262947824151,0.341068826301,
    0.420857134947,0.447651432109,0.47923593723,0.515261949634,
    0.540538829448,0.553298241129,0.578689936753,0.596053680267,
    0.604088143997,0.616853631099,0.642146071875,0.678195190651,
    0.70979655942,0.736601614476,0.815800339797,0.921523739261,
    0.957207491602,1.),.UNSPECIFIED.);
#2171 = CARTESIAN_POINT('',(90.124634873536,-21.05064,34.23418));
#2172 = CARTESIAN_POINT('',(90.102980636846,-21.15399189373,34.23418));
#2173 = CARTESIAN_POINT('',(90.082231298871,-21.25892851002,
    34.230285699713));
#2174 = CARTESIAN_POINT('',(90.062472824613,-21.36533232887,
    34.222281931546));
#2175 = CARTESIAN_POINT('',(90.043804119781,-21.47303292748,
    34.209945940524));
#2176 = CARTESIAN_POINT('',(90.026334194483,-21.58180376685,
    34.193058607382));
#2177 = CARTESIAN_POINT('',(90.010177911135,-21.69135878674,
    34.171421117214));
#2178 = CARTESIAN_POINT('',(89.988623587101,-21.85233283921,
    34.132573027435));
#2179 = CARTESIAN_POINT('',(89.982104008025,-21.90340900638,
    34.119215064419));
#2180 = CARTESIAN_POINT('',(89.975903144721,-21.95454138915,
    34.104788035255));
#2181 = CARTESIAN_POINT('',(89.970032559916,-22.00569097353,
    34.089278901646));
#2182 = CARTESIAN_POINT('',(89.964503620469,-22.05681568142,
    34.072677378972));
#2183 = CARTESIAN_POINT('',(89.959327304142,-22.1078703992,
    34.054976578887));
#2184 = CARTESIAN_POINT('',(89.951469702098,-22.19102328267,
    34.02428121686));
#2185 = CARTESIAN_POINT('',(89.948570596628,-22.22319239584,
    34.011947906264));
#2186 = CARTESIAN_POINT('',(89.945819345313,-22.25530213359,
    33.999172938199));
#2187 = CARTESIAN_POINT('',(89.943218462827,-22.28733995676,
    33.985956233398));
#2188 = CARTESIAN_POINT('',(89.940770323175,-22.31929299925,
    33.972298415262));
#2189 = CARTESIAN_POINT('',(89.938477159695,-22.35114806798,
    33.958200809857));
#2190 = CARTESIAN_POINT('',(89.931708719579,-22.45173091744,
    33.912143983334));
#2191 = CARTESIAN_POINT('',(89.927814768695,-22.52004944532,
    33.878562291245));
#2192 = CARTESIAN_POINT('',(89.924680701058,-22.58770452557,
    33.842943866127));
#2193 = CARTESIAN_POINT('',(89.922323447553,-22.65455444182,
    33.80532706388));
#2194 = CARTESIAN_POINT('',(89.920754810377,-22.72045932659,
    33.765766476664));
#2195 = CARTESIAN_POINT('',(89.919980892133,-22.78528202549,
    33.724334309755));
#2196 = CARTESIAN_POINT('',(89.920031277014,-22.94060903542,
    33.618810025583));
#2197 = CARTESIAN_POINT('',(89.921713274999,-23.02982053553,
    33.55278279354));
#2198 = CARTESIAN_POINT('',(89.925047490565,-23.11610947919,
    33.483320818186));
#2199 = CARTESIAN_POINT('',(89.930006202773,-23.19914392615,
    33.410743898725));
#2200 = CARTESIAN_POINT('',(89.93653858528,-23.2786652671,
    33.335400994465));
#2201 = CARTESIAN_POINT('',(89.944575293584,-23.3544795121,
    33.257660341653));
#2202 = CARTESIAN_POINT('',(89.958944315911,-23.46382097075,
    33.136481070298));
#2203 = CARTESIAN_POINT('',(89.964239259477,-23.50016048822,
    33.094513521228));
#2204 = CARTESIAN_POINT('',(89.969906659762,-23.53545042855,
    33.05204656793));
#2205 = CARTESIAN_POINT('',(89.975934636048,-23.5696795252,
    33.009128425151));
#2206 = CARTESIAN_POINT('',(89.982310870739,-23.60284127864,
    32.965805575532));
#2207 = CARTESIAN_POINT('',(89.989022830009,-23.63493328714,
    32.922122467586));
#2208 = CARTESIAN_POINT('',(90.009815018746,-23.72662169467,
    32.792078076588));
#2209 = CARTESIAN_POINT('',(90.024807302909,-23.7831969565,
    32.704822519628));
#2210 = CARTESIAN_POINT('',(90.040941795604,-23.83569778338,
    32.616662208396));
#2211 = CARTESIAN_POINT('',(90.058126260711,-23.88418398644,
    32.527871923992));
#2212 = CARTESIAN_POINT('',(90.076272220535,-23.92874796462,
    32.438691559602));
#2213 = CARTESIAN_POINT('',(90.095297909003,-23.96950290163,
    32.349324117076));
#2214 = CARTESIAN_POINT('',(90.142689797627,-24.05807737152,
    32.135724910871));
#2215 = CARTESIAN_POINT('',(90.171802443469,-24.10245650746,
    32.0114947547));
#2216 = CARTESIAN_POINT('',(90.202278778543,-24.14005143015,
    31.887663839904));
#2217 = CARTESIAN_POINT('',(90.233948982595,-24.17121096148,
    31.764577100006));
#2218 = CARTESIAN_POINT('',(90.266665619719,-24.19627833478,
    31.642506176402));
#2219 = CARTESIAN_POINT('',(90.300305459106,-24.21557984367,
    31.521651797634));
#2220 = CARTESIAN_POINT('',(90.363981784103,-24.24113778445,
    31.300862731186));
#2221 = CARTESIAN_POINT('',(90.393781677744,-24.24893305923,
    31.200561630235));
#2222 = CARTESIAN_POINT('',(90.42410916818,-24.25298081048,
    31.101331823864));
#2223 = CARTESIAN_POINT('',(90.45490906176,-24.25344795079,
    31.00324886428));
#2224 = CARTESIAN_POINT('',(90.486132696826,-24.25048729065,
    30.906375136925));
#2225 = CARTESIAN_POINT('',(90.517737860824,-24.24423801925,
    30.810760109572));
#2226 = CARTESIAN_POINT('',(90.57556672933,-24.22720323698,
    30.640048151265));
#2227 = CARTESIAN_POINT('',(90.601670652864,-24.21750600955,
    30.564508089845));
#2228 = CARTESIAN_POINT('',(90.627980929114,-24.20580122746,
    30.489841614982));
#2229 = CARTESIAN_POINT('',(90.654479494778,-24.19215078491,
    30.416067989545));
#2230 = CARTESIAN_POINT('',(90.681149772153,-24.17661174574,
    30.343204521437));
#2231 = CARTESIAN_POINT('',(90.707976669139,-24.15923634343,
    30.271266563599));
#2232 = CARTESIAN_POINT('',(90.807084516801,-24.08881198169,
    30.010362357183));
#2233 = CARTESIAN_POINT('',(90.880230856632,-24.02476472156,
    29.827212859084));
#2234 = CARTESIAN_POINT('',(90.954142367911,-23.94883618903,
    29.65102355165));
#2235 = CARTESIAN_POINT('',(91.028600675424,-23.86171935345,
    29.482042628014));
#2236 = CARTESIAN_POINT('',(91.103408665125,-23.76396421151,
    29.320528047059));
#2237 = CARTESIAN_POINT('',(91.178389015992,-23.65598961186,
    29.166747058753));
#2238 = CARTESIAN_POINT('',(91.329981307779,-23.41756668415,
    28.872160813689));
#2239 = CARTESIAN_POINT('',(91.406561288148,-23.28673949471,
    28.731765759844));
#2240 = CARTESIAN_POINT('',(91.482963729397,-23.14581868242,
    28.600129082018));
#2241 = CARTESIAN_POINT('',(91.55899205083,-22.99496626203,
    28.47771422029));
#2242 = CARTESIAN_POINT('',(91.634411781777,-22.83426466916,
    28.36512864348));
#2243 = CARTESIAN_POINT('',(91.708949356898,-22.66371815195,
    28.263120745641));
#2244 = CARTESIAN_POINT('',(91.806900961023,-22.42246899189,
    28.142349213574));
#2245 = CARTESIAN_POINT('',(91.831386819966,-22.36069171252,
    28.113298438829));
#2246 = CARTESIAN_POINT('',(91.855720656142,-22.29778061525,
    28.085597733475));
#2247 = CARTESIAN_POINT('',(91.879887470422,-22.23373049616,
    28.059290850462));
#2248 = CARTESIAN_POINT('',(91.903870555258,-22.16853591938,
    28.034426139815));
#2249 = CARTESIAN_POINT('',(91.927651413176,-22.10219090176,
    28.011056919562));
#2250 = CARTESIAN_POINT('',(91.97897961619,-21.95511842401,
    27.963526737279));
#2251 = CARTESIAN_POINT('',(92.00643907479,-21.8739436401,
    27.939972182586));
#2252 = CARTESIAN_POINT('',(92.033555552563,-21.79115032916,
    27.918673601829));
#2253 = CARTESIAN_POINT('',(92.060290478435,-21.70672985875,
    27.899739073362));
#2254 = CARTESIAN_POINT('',(92.086598926934,-21.620678285,
    27.883290265969));
#2255 = CARTESIAN_POINT('',(92.112429336362,-21.53299575693,
    27.869463370204));
#2256 = CARTESIAN_POINT('',(92.166574019909,-21.34181706934,
    27.845802335553));
#2257 = CARTESIAN_POINT('',(92.194722265105,-21.2378468511,
    27.836805142605));
#2258 = CARTESIAN_POINT('',(92.222084837962,-21.13176947211,
    27.831640877082));
#2259 = CARTESIAN_POINT('',(92.248556204038,-21.0236178187,
    27.830565943035));
#2260 = CARTESIAN_POINT('',(92.274009565602,-20.91346661535,
    27.833864947514));
#2261 = CARTESIAN_POINT('',(92.298298008199,-20.80143558262,
    27.841844925719));
#2262 = CARTESIAN_POINT('',(92.337363382784,-20.60788726445,
    27.863939960942));
#2263 = CARTESIAN_POINT('',(92.352813914598,-20.52724909447,
    27.875513132172));
#2264 = CARTESIAN_POINT('',(92.367549287095,-20.44584247354,
    27.889658528185));
#2265 = CARTESIAN_POINT('',(92.381503825492,-20.36375832659,
    27.906488206606));
#2266 = CARTESIAN_POINT('',(92.394606499336,-20.28111574027,
    27.926109415139));
#2267 = CARTESIAN_POINT('',(92.406783286068,-20.19806358812,
    27.948617172367));
#2268 = CARTESIAN_POINT('',(92.423601146894,-20.0727428659,
    27.986943581113));
#2269 = CARTESIAN_POINT('',(92.428987703774,-20.03064609996,
    28.000554703686));
#2270 = CARTESIAN_POINT('',(92.434109554478,-19.98851592296,
    28.014929463381));
#2271 = CARTESIAN_POINT('',(92.438957040536,-19.9463786594,
    28.030075599142));
#2272 = CARTESIAN_POINT('',(92.443520663752,-19.90426288572,
    28.045998902446));
#2273 = CARTESIAN_POINT('',(92.447791254186,-19.86219942271,
    28.062702778003));
#2274 = CARTESIAN_POINT('',(92.459658362276,-19.73668338484,
    28.114983646202));
#2275 = CARTESIAN_POINT('',(92.466363138471,-19.65346832584,
    28.152879541111));
#2276 = CARTESIAN_POINT('',(92.47180361997,-19.57085812062,
    28.193872312914));
#2277 = CARTESIAN_POINT('',(92.475920611112,-19.489145176,
    28.237920667289));
#2278 = CARTESIAN_POINT('',(92.478670728725,-19.40862855058,
    28.284936798042));
#2279 = CARTESIAN_POINT('',(92.480030563523,-19.32961016935,
    28.334777993284));
#2280 = CARTESIAN_POINT('',(92.479980516517,-19.19958585351,
    28.423112423084));
#2281 = CARTESIAN_POINT('',(92.479310417736,-19.14761509511,
    28.460215991672));
#2282 = CARTESIAN_POINT('',(92.477990584164,-19.09657201659,
    28.498485580098));
#2283 = CARTESIAN_POINT('',(92.47602618078,-19.04653891959,
    28.537851659424));
#2284 = CARTESIAN_POINT('',(92.473427008488,-18.99758782926,
    28.578239373329));
#2285 = CARTESIAN_POINT('',(92.470207014069,-18.94978116945,
    28.61956937239));
#2286 = CARTESIAN_POINT('',(92.464614741877,-18.88160588096,
    28.681280257119));
#2287 = CARTESIAN_POINT('',(92.462716486992,-18.86029538139,
    28.7009862503));
#2288 = CARTESIAN_POINT('',(92.460690771055,-18.83924592535,
    28.720868641469));
#2289 = CARTESIAN_POINT('',(92.45853944454,-18.81846196324,
    28.740919503366));
#2290 = CARTESIAN_POINT('',(92.456264472817,-18.79794740975,
    28.761130967894));
#2291 = CARTESIAN_POINT('',(92.453867936151,-18.7777056438,
    28.781495226125));
#2292 = CARTESIAN_POINT('',(92.447354653844,-18.72601649007,
    28.83459055285));
#2293 = CARTESIAN_POINT('',(92.443055902233,-18.69498923635,
    28.867542855621));
#2294 = CARTESIAN_POINT('',(92.438464492461,-18.66466925382,
    28.900830513944));
#2295 = CARTESIAN_POINT('',(92.433589630308,-18.63506460439,
    28.93442365407));
#2296 = CARTESIAN_POINT('',(92.428440842056,-18.60618031141,
    28.968293619498));
#2297 = CARTESIAN_POINT('',(92.423027806799,-18.57801876563,
    29.002413139308));
#2298 = CARTESIAN_POINT('',(92.406130856691,-18.49621557533,
    29.104801477515));
#2299 = CARTESIAN_POINT('',(92.393902570066,-18.4446914884,
    29.173722155774));
#2300 = CARTESIAN_POINT('',(92.38075010848,-18.39600339245,
    29.243323574043));
#2301 = CARTESIAN_POINT('',(92.366747541553,-18.35011717575,
    29.313432748656));
#2302 = CARTESIAN_POINT('',(92.351965883611,-18.3069765513,
    29.383899879796));
#2303 = CARTESIAN_POINT('',(92.336470748357,-18.2665105153,
    29.454599561805));
#2304 = CARTESIAN_POINT('',(92.297300472817,-18.17466540357,
    29.626388906472));
#2305 = CARTESIAN_POINT('',(92.272953324791,-18.12597352572,
    29.727597426355));
#2306 = CARTESIAN_POINT('',(92.247444219139,-18.08232552366,
    29.828783152961));
#2307 = CARTESIAN_POINT('',(92.220919804418,-18.04347985368,
    29.929722391415));
#2308 = CARTESIAN_POINT('',(92.193506601508,-18.00919949707,
    30.030241352401));
#2309 = CARTESIAN_POINT('',(92.165309887032,-17.97925838033,
    30.130215352435));
#2310 = CARTESIAN_POINT('',(92.111080624498,-17.93082172741,
    30.316662517599));
#2311 = CARTESIAN_POINT('',(92.085213767562,-17.91137282384,
    30.403267701222));
#2312 = CARTESIAN_POINT('',(92.058870325771,-17.8949616509,
    30.489324446767));
#2313 = CARTESIAN_POINT('',(92.0321017191,-17.88146186717,
    30.574782531701));
#2314 = CARTESIAN_POINT('',(92.004952750366,-17.87075912954,
    30.659600841678));
#2315 = CARTESIAN_POINT('',(91.977461887862,-17.86274999897,
    30.743747583026));
#2316 = CARTESIAN_POINT('',(91.92608061878,-17.85275267062,
    30.897987299544));
#2317 = CARTESIAN_POINT('',(91.902277873262,-17.85003535797,
    30.968272325299));
#2318 = CARTESIAN_POINT('',(91.878273620607,-17.84913200401,
    31.038040311491));
#2319 = CARTESIAN_POINT('',(91.854086306074,-17.84999097739,
    31.107277154022));
#2320 = CARTESIAN_POINT('',(91.829732592264,-17.85256545911,
    31.175970061793));
#2321 = CARTESIAN_POINT('',(91.805227440345,-17.85681298173,
    31.244107712783));
#2322 = CARTESIAN_POINT('',(91.707772779108,-17.88007399935,
    31.511331986471));
#2323 = CARTESIAN_POINT('',(91.633774140537,-17.91171659293,
    31.706001778894));
#2324 = CARTESIAN_POINT('',(91.558908419357,-17.95662805285,
    31.895507878317));
#2325 = CARTESIAN_POINT('',(91.483443658542,-18.01412127091,
    32.079580144151));
#2326 = CARTESIAN_POINT('',(91.407608040732,-18.08368550067,
    32.257919471977));
#2327 = CARTESIAN_POINT('',(91.331595190749,-18.1649478666,
    32.430214366281));
#2328 = CARTESIAN_POINT('',(91.154065574709,-18.38158048336,
    32.817577470396));
#2329 = CARTESIAN_POINT('',(91.05263572767,-18.52583060338,
    33.027423010516));
#2330 = CARTESIAN_POINT('',(90.951604268335,-18.69002665613,
    33.224954674169));
#2331 = CARTESIAN_POINT('',(90.851405526922,-18.87406493864,
    33.408882892476));
#2332 = CARTESIAN_POINT('',(90.752583085953,-19.07798970484,
    33.577415497861));
#2333 = CARTESIAN_POINT('',(90.655778683045,-19.30187824861,
    33.728350046425));
#2334 = CARTESIAN_POINT('',(90.530056006936,-19.62886265656,
    33.902505137281));
#2335 = CARTESIAN_POINT('',(90.498658837915,-19.71369819658,
    33.944079307779));
#2336 = CARTESIAN_POINT('',(90.467624203237,-19.8008677224,
    33.983156246831));
#2337 = CARTESIAN_POINT('',(90.436991849688,-19.89037736518,
    34.01959639488));
#2338 = CARTESIAN_POINT('',(90.406807463978,-19.98222722436,
    34.053243859531));
#2339 = CARTESIAN_POINT('',(90.377122756371,-20.07641137408,
    34.083925855772));
#2340 = CARTESIAN_POINT('',(90.313065740528,-20.28864995351,
    34.144462099963));
#2341 = CARTESIAN_POINT('',(90.278943064488,-20.40770396016,
    34.172928647748));
#2342 = CARTESIAN_POINT('',(90.245722798503,-20.53007252286,
    34.196529068702));
#2343 = CARTESIAN_POINT('',(90.213525837658,-20.6556974609,
    34.21488880197));
#2344 = CARTESIAN_POINT('',(90.182497115769,-20.78446375527,
    34.227589986359));
#2345 = CARTESIAN_POINT('',(90.152804031343,-20.91619352443,34.23418));
#2346 = CARTESIAN_POINT('',(90.124634873536,-21.05064,34.23418));
#2347 = FACE_BOUND('',#2348,.T.);
#2348 = EDGE_LOOP('',(#2349));
#2349 = ORIENTED_EDGE('',*,*,#2350,.F.);
#2350 = EDGE_CURVE('',#2351,#2351,#2353,.T.);
#2351 = VERTEX_POINT('',#2352);
#2352 = CARTESIAN_POINT('',(91.676625174302,-34.21811,-12.14181));
#2353 = B_SPLINE_CURVE_WITH_KNOTS('',7,(#2354,#2355,#2356,#2357,#2358,
    #2359,#2360,#2361,#2362,#2363,#2364,#2365,#2366,#2367,#2368,#2369,
    #2370,#2371,#2372,#2373,#2374,#2375,#2376,#2377,#2378,#2379,#2380,
    #2381,#2382,#2383,#2384,#2385,#2386,#2387,#2388,#2389,#2390,#2391,
    #2392,#2393,#2394,#2395,#2396,#2397,#2398,#2399,#2400,#2401,#2402,
    #2403,#2404,#2405,#2406,#2407,#2408,#2409,#2410,#2411,#2412,#2413,
    #2414,#2415,#2416,#2417,#2418,#2419,#2420,#2421,#2422,#2423,#2424,
    #2425,#2426,#2427,#2428,#2429,#2430,#2431,#2432,#2433,#2434,#2435,
    #2436,#2437,#2438,#2439,#2440,#2441,#2442,#2443,#2444,#2445,#2446,
    #2447,#2448,#2449,#2450,#2451,#2452,#2453,#2454,#2455,#2456,#2457,
    #2458,#2459,#2460,#2461,#2462,#2463,#2464,#2465,#2466,#2467,#2468,
    #2469,#2470,#2471,#2472,#2473,#2474,#2475,#2476,#2477,#2478,#2479,
    #2480,#2481,#2482,#2483,#2484,#2485,#2486,#2487,#2488,#2489,#2490,
    #2491,#2492,#2493,#2494,#2495,#2496,#2497,#2498,#2499,#2500,#2501,
    #2502,#2503,#2504,#2505,#2506,#2507,#2508,#2509,#2510,#2511,#2512,
    #2513,#2514,#2515,#2516,#2517),.UNSPECIFIED.,.T.,.F.,(8,6,6,6,6,6,6,
    6,6,6,6,6,6,6,6,6,6,6,6,6,6,6,6,6,6,6,6,8),(0.,6.305203193344E-02,
    0.170990386398,0.207042040569,0.24957790528,0.280190483497,
    0.295846333149,0.32599897986,0.346514503892,0.356152833464,
    0.371808426615,0.402420640744,0.44495604113,0.48100718649,
    0.510207760836,0.588921822946,0.668113153011,0.694912240642,
    0.726504407039,0.762541020309,0.787825020256,0.800587166847,
    0.825980898797,0.850565573859,0.862882476174,0.887158285726,
    0.939921388412,1.),.UNSPECIFIED.);
#2354 = CARTESIAN_POINT('',(91.676625174302,-34.21811,-12.14181));
#2355 = CARTESIAN_POINT('',(91.617654291413,-34.37454328854,-12.14181));
#2356 = CARTESIAN_POINT('',(91.558129992041,-34.52918560245,
    -12.15073171653));
#2357 = CARTESIAN_POINT('',(91.49818711875,-34.68186878014,
    -12.16820822929));
#2358 = CARTESIAN_POINT('',(91.437945870249,-34.83240772231,
    -12.19397520423));
#2359 = CARTESIAN_POINT('',(91.377514321793,-34.98061011251,
    -12.2278372004));
#2360 = CARTESIAN_POINT('',(91.316989720704,-35.12627938803,
    -12.26965626989));
#2361 = CARTESIAN_POINT('',(91.152835660152,-35.51389457101,
    -12.40445521632));
#2362 = CARTESIAN_POINT('',(91.049285453486,-35.75033870322,
    -12.51258571584));
#2363 = CARTESIAN_POINT('',(90.946154213973,-35.97774706987,
    -12.64340914531));
#2364 = CARTESIAN_POINT('',(90.843903273871,-36.19474570896,
    -12.79706738045));
#2365 = CARTESIAN_POINT('',(90.743116574417,-36.39944081907,
    -12.97395268457));
#2366 = CARTESIAN_POINT('',(90.644486580961,-36.58950759067,
    -13.17455187828));
#2367 = CARTESIAN_POINT('',(90.516937893866,-36.81921538809,
    -13.47546732894));
#2368 = CARTESIAN_POINT('',(90.485348943134,-36.87471747395,
    -13.5535726166));
#2369 = CARTESIAN_POINT('',(90.4541420644,-36.92808161704,
    -13.63447607782));
#2370 = CARTESIAN_POINT('',(90.423359515298,-36.97916327465,
    -13.71820872864));
#2371 = CARTESIAN_POINT('',(90.393050011263,-37.02779951523,
    -13.80479772022));
#2372 = CARTESIAN_POINT('',(90.363268807924,-37.07380848179,
    -13.89426637531));
#2373 = CARTESIAN_POINT('',(90.299636493787,-37.16793560305,
    -14.09561525309));
#2374 = CARTESIAN_POINT('',(90.266022202068,-37.21493664637,
    -14.20861500154));
#2375 = CARTESIAN_POINT('',(90.233332215486,-37.25766877409,
    -14.32567734153));
#2376 = CARTESIAN_POINT('',(90.201689888206,-37.29574868263,
    -14.44680257505));
#2377 = CARTESIAN_POINT('',(90.17124278714,-37.32874143999,
    -14.57193941513));
#2378 = CARTESIAN_POINT('',(90.142160857671,-37.35616894958,
    -14.70097696641));
#2379 = CARTESIAN_POINT('',(90.094824247062,-37.39288338111,
    -14.92928238062));
#2380 = CARTESIAN_POINT('',(90.075822371822,-37.40509788718,
    -15.02674342756));
#2381 = CARTESIAN_POINT('',(90.057701111159,-37.41397179373,
    -15.1260440256));
#2382 = CARTESIAN_POINT('',(90.040542261613,-37.41930223451,
    -15.22707049406));
#2383 = CARTESIAN_POINT('',(90.024434306505,-37.42088473771,
    -15.3296667979));
#2384 = CARTESIAN_POINT('',(90.009469453675,-37.41852434794,
    -15.43363005318));
#2385 = CARTESIAN_POINT('',(89.988719516052,-37.40873398178,
    -15.59244386916));
#2386 = CARTESIAN_POINT('',(89.982021809543,-37.40434451304,
    -15.64647138264));
#2387 = CARTESIAN_POINT('',(89.975660075332,-37.39885539934,
    -15.70075320234));
#2388 = CARTESIAN_POINT('',(89.969646835362,-37.39224539815,
    -15.75525017256));
#2389 = CARTESIAN_POINT('',(89.963994391078,-37.38449569538,
    -15.80991925864));
#2390 = CARTESIAN_POINT('',(89.958714602641,-37.37559063339,
    -15.86471345323));
#2391 = CARTESIAN_POINT('',(89.944389260811,-37.3461197274,
    -16.02525607071));
#2392 = CARTESIAN_POINT('',(89.936381903907,-37.32238747261,
    -16.13122652078));
#2393 = CARTESIAN_POINT('',(89.929879723723,-37.29424144892,
    -16.23709857247));
#2394 = CARTESIAN_POINT('',(89.924951834103,-37.26165407233,
    -16.3424566316));
#2395 = CARTESIAN_POINT('',(89.921648772052,-37.22466293136,
    -16.44686780814));
#2396 = CARTESIAN_POINT('',(89.919997933347,-37.1833833178,
    -16.54988575436));
#2397 = CARTESIAN_POINT('',(89.919999739436,-37.10715657803,
    -16.71988858955));
#2398 = CARTESIAN_POINT('',(89.920765133184,-37.07439799258,
    -16.78787654135));
#2399 = CARTESIAN_POINT('',(89.922295241619,-37.03980724211,
    -16.85487914663));
#2400 = CARTESIAN_POINT('',(89.924584318768,-37.00345862837,
    -16.92077035164));
#2401 = CARTESIAN_POINT('',(89.9276213356,-36.96543719655,
    -16.98543661586));
#2402 = CARTESIAN_POINT('',(89.931390495153,-36.92583741802,
    -17.04877626715));
#2403 = CARTESIAN_POINT('',(89.937977069899,-36.86546430886,
    -17.13979050131));
#2404 = CARTESIAN_POINT('',(89.9402396196,-36.84584056143,
    -17.16857001465));
#2405 = CARTESIAN_POINT('',(89.942657329977,-36.82590102483,
    -17.19702848248));
#2406 = CARTESIAN_POINT('',(89.945227991422,-36.80565619154,
    -17.22515775845));
#2407 = CARTESIAN_POINT('',(89.947949251515,-36.78511665241,
    -17.25295046437));
#2408 = CARTESIAN_POINT('',(89.950818615026,-36.7642930966,
    -17.28039999022));
#2409 = CARTESIAN_POINT('',(89.958730447497,-36.70892868471,
    -17.35151999565));
#2410 = CARTESIAN_POINT('',(89.964011292897,-36.67393997521,
    -17.3946187578));
#2411 = CARTESIAN_POINT('',(89.969664780271,-36.63827614969,
    -17.43677160191));
#2412 = CARTESIAN_POINT('',(89.975679048024,-36.60198272195,
    -17.47795895454));
#2413 = CARTESIAN_POINT('',(89.982041793579,-36.56510433876,
    -17.51816624154));
#2414 = CARTESIAN_POINT('',(89.988740494165,-36.52768436545,
    -17.55738328196));
#2415 = CARTESIAN_POINT('',(90.009493378637,-36.41561768605,
    -17.67033806368));
#2416 = CARTESIAN_POINT('',(90.024460144737,-36.33956298796,
    -17.74125800541));
#2417 = CARTESIAN_POINT('',(90.040569950808,-36.26190614581,
    -17.80832458244));
#2418 = CARTESIAN_POINT('',(90.057730587025,-36.18292831858,
    -17.87154842565));
#2419 = CARTESIAN_POINT('',(90.075853570446,-36.10288201409,
    -17.93097842901));
#2420 = CARTESIAN_POINT('',(90.09485710665,-36.02198704724,
    -17.98669045678));
#2421 = CARTESIAN_POINT('',(90.142197573058,-35.82709883799,
    -18.11114852254));
#2422 = CARTESIAN_POINT('',(90.171281645182,-35.71250721719,
    -18.17650673722));
#2423 = CARTESIAN_POINT('',(90.201730785507,-35.59712601868,
    -18.23511484684));
#2424 = CARTESIAN_POINT('',(90.233375057368,-35.48135605218,
    -18.28725606593));
#2425 = CARTESIAN_POINT('',(90.266066902987,-35.36552491226,
    -18.33322102175));
#2426 = CARTESIAN_POINT('',(90.299682976803,-35.24988733627,
    -18.37329610437));
#2427 = CARTESIAN_POINT('',(90.36331836115,-35.03693472295,
    -18.43695497196));
#2428 = CARTESIAN_POINT('',(90.393100868448,-34.93952691823,
    -18.46211759859));
#2429 = CARTESIAN_POINT('',(90.423411627337,-34.84252147866,
    -18.48340299757));
#2430 = CARTESIAN_POINT('',(90.45419538651,-34.74602195887,
    -18.50096246005));
#2431 = CARTESIAN_POINT('',(90.485403434286,-34.65011646731,
    -18.5149356926));
#2432 = CARTESIAN_POINT('',(90.516993516175,-34.55487799585,
    -18.52545124252));
#2433 = CARTESIAN_POINT('',(90.574797347857,-34.38381125718,
    -18.53843905439));
#2434 = CARTESIAN_POINT('',(90.600891178157,-34.30773611381,
    -18.54205990964));
#2435 = CARTESIAN_POINT('',(90.627191673049,-34.23217184922,
    -18.54355156163));
#2436 = CARTESIAN_POINT('',(90.653680750463,-34.15714822146,
    -18.54297166541));
#2437 = CARTESIAN_POINT('',(90.680341816569,-34.0826922167,
    -18.54037345831));
#2438 = CARTESIAN_POINT('',(90.707159765773,-34.00882804924,
    -18.53580575984));
#2439 = CARTESIAN_POINT('',(90.806798549416,-33.7381195754,
    -18.51181079131));
#2440 = CARTESIAN_POINT('',(90.880501871065,-33.54515959606,
    -18.48032487455));
#2441 = CARTESIAN_POINT('',(90.954982093442,-33.35706376668,
    -18.43573312993));
#2442 = CARTESIAN_POINT('',(91.030015909014,-33.17420526265,
    -18.37868891207));
#2443 = CARTESIAN_POINT('',(91.105401811548,-32.99694171576,
    -18.30969912165));
#2444 = CARTESIAN_POINT('',(91.180958566143,-32.8256168985,
    -18.22913630026));
#2445 = CARTESIAN_POINT('',(91.332551407538,-32.49455500626,
    -18.0446756088));
#2446 = CARTESIAN_POINT('',(91.408555399579,-32.33496501069,
    -17.94067806934));
#2447 = CARTESIAN_POINT('',(91.484380494143,-32.18215422287,
    -17.82539376948));
#2448 = CARTESIAN_POINT('',(91.559832991698,-32.03660409431,
    -17.69889079226));
#2449 = CARTESIAN_POINT('',(91.634684513827,-31.89890711073,
    -17.56115438032));
#2450 = CARTESIAN_POINT('',(91.708666683615,-31.76979089865,
    -17.41205251962));
#2451 = CARTESIAN_POINT('',(91.806092387884,-31.60972786729,
    -17.19678790091));
#2452 = CARTESIAN_POINT('',(91.830587551621,-31.57035102866,
    -17.14102018949));
#2453 = CARTESIAN_POINT('',(91.854930974473,-31.53210636259,
    -17.08390118111));
#2454 = CARTESIAN_POINT('',(91.879107675623,-31.49503600366,
    -17.02541817198));
#2455 = CARTESIAN_POINT('',(91.903100969203,-31.45918656727,
    -16.96555742668));
#2456 = CARTESIAN_POINT('',(91.926892382925,-31.42460946,-16.90430380329
    ));
#2457 = CARTESIAN_POINT('',(91.978246175254,-31.35216638958,
    -16.76776945509));
#2458 = CARTESIAN_POINT('',(92.005720776033,-31.31481989096,
    -16.69194255762));
#2459 = CARTESIAN_POINT('',(92.032852920123,-31.27941315254,
    -16.61412941715));
#2460 = CARTESIAN_POINT('',(92.059604086019,-31.24605100357,
    -16.53430274643));
#2461 = CARTESIAN_POINT('',(92.085929407396,-31.21485246038,
    -16.45243748787));
#2462 = CARTESIAN_POINT('',(92.111777390887,-31.18595154276,
    -16.36851006163));
#2463 = CARTESIAN_POINT('',(92.165962851982,-31.1293231154,
    -16.18438476878));
#2464 = CARTESIAN_POINT('',(92.194134463559,-31.10233743769,
    -16.08357417221));
#2465 = CARTESIAN_POINT('',(92.221521444676,-31.078758936,
    -15.98002131848));
#2466 = CARTESIAN_POINT('',(92.248018385166,-31.05884565821,
    -15.87371378885));
#2467 = CARTESIAN_POINT('',(92.273498620691,-31.04289072935,
    -15.76467533578));
#2468 = CARTESIAN_POINT('',(92.297815364808,-31.03121725948,
    -15.65296996748));
#2469 = CARTESIAN_POINT('',(92.336931308585,-31.01923103657,
    -15.45853619765));
#2470 = CARTESIAN_POINT('',(92.352403340949,-31.01656858186,
    -15.37711679819));
#2471 = CARTESIAN_POINT('',(92.367161024825,-31.01630488504,
    -15.29449193934));
#2472 = CARTESIAN_POINT('',(92.381138714741,-31.0185661705,
    -15.21073136732));
#2473 = CARTESIAN_POINT('',(92.394265387831,-31.02347888585,
    -15.12593335849));
#2474 = CARTESIAN_POINT('',(92.406466998606,-31.03116269807,
    -15.04022760868));
#2475 = CARTESIAN_POINT('',(92.423322981111,-31.04705406935,
    -14.91014258143));
#2476 = CARTESIAN_POINT('',(92.428722300786,-31.05311746666,
    -14.86631854964));
#2477 = CARTESIAN_POINT('',(92.433857135475,-31.05992701021,
    -14.82232805926));
#2478 = CARTESIAN_POINT('',(92.438717816726,-31.06749494282,
    -14.77819563207));
#2479 = CARTESIAN_POINT('',(92.443294832764,-31.07583198778,
    -14.73394834882));
#2480 = CARTESIAN_POINT('',(92.44757899633,-31.08494691493,
    -14.68961591871));
#2481 = CARTESIAN_POINT('',(92.459486101358,-31.11454321823,
    -14.55691448477));
#2482 = CARTESIAN_POINT('',(92.466218093694,-31.13734912495,
    -14.46837335645));
#2483 = CARTESIAN_POINT('',(92.471686605409,-31.16331023093,
    -14.37988506944));
#2484 = CARTESIAN_POINT('',(92.475832223005,-31.19243731533,
    -14.29174443162));
#2485 = CARTESIAN_POINT('',(92.478611287981,-31.22469655076,
    -14.20426108983));
#2486 = CARTESIAN_POINT('',(92.480000081201,-31.26000052165,
    -14.11775726664));
#2487 = CARTESIAN_POINT('',(92.479997967533,-31.33518093328,
    -13.95008797938));
#2488 = CARTESIAN_POINT('',(92.478694223111,-31.37488526185,
    -13.86881920356));
#2489 = CARTESIAN_POINT('',(92.476087440476,-31.41717787375,
    -13.78906047152));
#2490 = CARTESIAN_POINT('',(92.472198429389,-31.46189439492,
    -13.71106675204));
#2491 = CARTESIAN_POINT('',(92.467065645513,-31.50884686469,
    -13.63505097044));
#2492 = CARTESIAN_POINT('',(92.460741693058,-31.55783016859,
    -13.56118829848));
#2493 = CARTESIAN_POINT('',(92.449556448747,-31.63407837973,
    -13.45376500697));
#2494 = CARTESIAN_POINT('',(92.445539672056,-31.65998589582,
    -13.41848263465));
#2495 = CARTESIAN_POINT('',(92.441247189292,-31.68632539691,
    -13.38378921056));
#2496 = CARTESIAN_POINT('',(92.436687154926,-31.71307156478,
    -13.34969747063));
#2497 = CARTESIAN_POINT('',(92.43186804217,-31.74019959125,
    -13.31621731391));
#2498 = CARTESIAN_POINT('',(92.426798499206,-31.76768538388,
    -13.28335611308));
#2499 = CARTESIAN_POINT('',(92.41101899244,-31.85033793791,
    -13.18758183115));
#2500 = CARTESIAN_POINT('',(92.399611993282,-31.90646798494,
    -13.12647145096));
#2501 = CARTESIAN_POINT('',(92.387332385767,-31.96372162089,
    -13.0678221051));
#2502 = CARTESIAN_POINT('',(92.37424627232,-32.02193827053,
    -13.01163784021));
#2503 = CARTESIAN_POINT('',(92.360417569055,-32.0809733864,
    -12.95789876821));
#2504 = CARTESIAN_POINT('',(92.34590589485,-32.14070075993,
    -12.90656730553));
#2505 = CARTESIAN_POINT('',(92.297854783151,-32.33210655178,
    -12.75115257435));
#2506 = CARTESIAN_POINT('',(92.261991521689,-32.4658853631,
    -12.65592022495));
#2507 = CARTESIAN_POINT('',(92.223700243381,-32.60137671866,
    -12.57126810734));
#2508 = CARTESIAN_POINT('',(92.183422443003,-32.73780730134,
    -12.49656510407));
#2509 = CARTESIAN_POINT('',(92.141515639774,-32.87459975533,
    -12.4311835684));
#2510 = CARTESIAN_POINT('',(92.09825029233,-33.01137242427,
    -12.3745242075));
#2511 = CARTESIAN_POINT('',(92.003194308003,-33.3034511856,
    -12.27087742477));
#2512 = CARTESIAN_POINT('',(91.951091187642,-33.45858175103,
    -12.22636067729));
#2513 = CARTESIAN_POINT('',(91.89778785683,-33.61298138254,
    -12.19173759575));
#2514 = CARTESIAN_POINT('',(91.843520571835,-33.76634659725,
    -12.16641626576));
#2515 = CARTESIAN_POINT('',(91.788479279639,-33.91843343681,
    -12.14990981988));
#2516 = CARTESIAN_POINT('',(91.732812386481,-34.06906101269,-12.14181));
#2517 = CARTESIAN_POINT('',(91.676625174302,-34.21811,-12.14181));
#2518 = FACE_BOUND('',#2519,.T.);
#2519 = EDGE_LOOP('',(#2520));
#2520 = ORIENTED_EDGE('',*,*,#2521,.F.);
#2521 = EDGE_CURVE('',#2522,#2522,#2524,.T.);
#2522 = VERTEX_POINT('',#2523);
#2523 = CARTESIAN_POINT('',(92.340672313592,-16.35107,-30.54748));
#2524 = B_SPLINE_CURVE_WITH_KNOTS('',7,(#2525,#2526,#2527,#2528,#2529,
    #2530,#2531,#2532,#2533,#2534,#2535,#2536,#2537,#2538,#2539,#2540,
    #2541,#2542,#2543,#2544,#2545,#2546,#2547,#2548,#2549,#2550,#2551,
    #2552,#2553,#2554,#2555,#2556,#2557,#2558,#2559,#2560,#2561,#2562,
    #2563,#2564,#2565,#2566,#2567,#2568,#2569,#2570,#2571,#2572,#2573,
    #2574,#2575,#2576,#2577,#2578,#2579,#2580,#2581,#2582,#2583,#2584,
    #2585,#2586,#2587,#2588,#2589,#2590,#2591,#2592,#2593,#2594,#2595,
    #2596,#2597,#2598,#2599,#2600,#2601,#2602,#2603,#2604,#2605,#2606,
    #2607,#2608,#2609,#2610,#2611,#2612,#2613,#2614,#2615,#2616,#2617,
    #2618,#2619,#2620,#2621,#2622,#2623,#2624,#2625,#2626,#2627,#2628,
    #2629,#2630,#2631,#2632,#2633,#2634,#2635,#2636,#2637,#2638,#2639,
    #2640,#2641,#2642,#2643,#2644,#2645,#2646,#2647,#2648,#2649,#2650,
    #2651,#2652,#2653,#2654,#2655,#2656,#2657,#2658,#2659,#2660,#2661,
    #2662,#2663,#2664,#2665,#2666,#2667,#2668,#2669,#2670,#2671,#2672,
    #2673,#2674,#2675,#2676,#2677,#2678,#2679,#2680,#2681,#2682,#2683,
    #2684,#2685,#2686,#2687,#2688,#2689,#2690,#2691,#2692,#2693,#2694,
    #2695,#2696,#2697,#2698,#2699,#2700),.UNSPECIFIED.,.T.,.F.,(8,6,6,6,
    6,6,6,6,6,6,6,6,6,6,6,6,6,6,6,6,6,6,6,6,6,6,6,6,6,8),(0.,
    3.953130078296E-02,7.158868365148E-02,9.836183495087E-02,
    0.178726624072,0.25684613197,0.286050607915,0.322107403037,
    0.364650240683,0.395267638481,0.410925484565,0.441080238289,
    0.46199415785,0.471638595543,0.486887736035,0.517496584489,
    0.560027030181,0.596074744056,0.625273332114,0.703986134736,
    0.78318280196,0.809985306455,0.841582508285,0.877625798261,
    0.9029143267,0.91567833088,0.941074058828,0.964850273848,
    0.976723713753,1.),.UNSPECIFIED.);
#2525 = CARTESIAN_POINT('',(92.340672313591,-16.35107,-30.54748));
#2526 = CARTESIAN_POINT('',(92.316608513628,-16.47854945894,-30.54748));
#2527 = CARTESIAN_POINT('',(92.29081386573,-16.60322777943,
    -30.55340481331));
#2528 = CARTESIAN_POINT('',(92.263520784888,-16.72490858134,
    -30.56478588809));
#2529 = CARTESIAN_POINT('',(92.234934694067,-16.84346762974,
    -30.5811842159));
#2530 = CARTESIAN_POINT('',(92.205231857321,-16.95884569736,
    -30.60219983628));
#2531 = CARTESIAN_POINT('',(92.174557212927,-17.07104142704,
    -30.62748134131));
#2532 = CARTESIAN_POINT('',(92.117449312243,-17.26854719537,
    -30.68045855413));
#2533 = CARTESIAN_POINT('',(92.091314431716,-17.35491697255,
    -30.70679056685));
#2534 = CARTESIAN_POINT('',(92.064679762199,-17.43923187961,
    -30.7355718047));
#2535 = CARTESIAN_POINT('',(92.037600044063,-17.52151180813,
    -30.76665957938));
#2536 = CARTESIAN_POINT('',(92.010122864409,-17.60177894674,
    -30.79992723991));
#2537 = CARTESIAN_POINT('',(91.982288960704,-17.68005854024,
    -30.83526328453));
#2538 = CARTESIAN_POINT('',(91.930617300735,-17.82012024182,
    -30.90372806884));
#2539 = CARTESIAN_POINT('',(91.906878002586,-17.88249231855,
    -30.93625938484));
#2540 = CARTESIAN_POINT('',(91.882935112392,-17.94351112551,
    -30.97010709402));
#2541 = CARTESIAN_POINT('',(91.858807226843,-18.00319030491,
    -31.00521905366));
#2542 = CARTESIAN_POINT('',(91.834511138916,-18.06154226042,
    -31.04154798241));
#2543 = CARTESIAN_POINT('',(91.810061919905,-18.11857852287,
    -31.07905113769));
#2544 = CARTESIAN_POINT('',(91.711664609435,-18.34159926563,
    -31.23367198719));
#2545 = CARTESIAN_POINT('',(91.636617205157,-18.49708840682,
    -31.359855901));
#2546 = CARTESIAN_POINT('',(91.560668190797,-18.64114403554,
    -31.49523456761));
#2547 = CARTESIAN_POINT('',(91.484098050228,-18.77387330274,
    -31.6390479931));
#2548 = CARTESIAN_POINT('',(91.407146829665,-18.89528372712,
    -31.79066810733));
#2549 = CARTESIAN_POINT('',(91.330015318402,-19.00528067491,
    -31.94960225477));
#2550 = CARTESIAN_POINT('',(91.177875178281,-19.19925662506,
    -32.27677196705));
#2551 = CARTESIAN_POINT('',(91.102899188189,-19.28383589808,
    -32.4445554854));
#2552 = CARTESIAN_POINT('',(91.028096395565,-19.35718593492,
    -32.61851443909));
#2553 = CARTESIAN_POINT('',(90.953644125125,-19.41893035928,
    -32.79832408577));
#2554 = CARTESIAN_POINT('',(90.879739543524,-19.46856165651,
    -32.9836498201));
#2555 = CARTESIAN_POINT('',(90.806601128365,-19.50542936995,
    -33.17414594417));
#2556 = CARTESIAN_POINT('',(90.707507360446,-19.53735264401,
    -33.44250314176));
#2557 = CARTESIAN_POINT('',(90.680685608895,-19.54413354077,
    -33.51619765636));
#2558 = CARTESIAN_POINT('',(90.6540206285,-19.54896353016,
    -33.59054253342));
#2559 = CARTESIAN_POINT('',(90.627527519118,-19.55179311485,
    -33.66551502865));
#2560 = CARTESIAN_POINT('',(90.601222867726,-19.55256829961,
    -33.74108976166));
#2561 = CARTESIAN_POINT('',(90.575124748419,-19.55123059127,
    -33.81723871586));
#2562 = CARTESIAN_POINT('',(90.51731027828,-19.54337900327,
    -33.98861831953));
#2563 = CARTESIAN_POINT('',(90.485713788093,-19.53572432924,
    -34.08413007333));
#2564 = CARTESIAN_POINT('',(90.454499117383,-19.52463351771,
    -34.18041185059));
#2565 = CARTESIAN_POINT('',(90.423708502818,-19.50997593865,
    -34.27739455263));
#2566 = CARTESIAN_POINT('',(90.393390634826,-19.49160935411,
    -34.37499431506));
#2567 = CARTESIAN_POINT('',(90.363600740215,-19.46937948129,
    -34.47311219131));
#2568 = CARTESIAN_POINT('',(90.29994796141,-19.41213588798,
    -34.68787795406));
#2569 = CARTESIAN_POINT('',(90.266321790683,-19.3755466814,
    -34.80466581628));
#2570 = CARTESIAN_POINT('',(90.233619412248,-19.33307613752,
    -34.92182342635));
#2571 = CARTESIAN_POINT('',(90.201964122917,-19.28443039529,
    -35.03910483316));
#2572 = CARTESIAN_POINT('',(90.171503428703,-19.2293091402,
    -35.15619142195));
#2573 = CARTESIAN_POINT('',(90.142407216846,-19.16741721367,
    -35.27269120544));
#2574 = CARTESIAN_POINT('',(90.095044903933,-19.04886049669,
    -35.47122340357));
#2575 = CARTESIAN_POINT('',(90.076031956677,-18.99560002043,
    -35.55375225187));
#2576 = CARTESIAN_POINT('',(90.057899212071,-18.9385977439,
    -35.63554448899));
#2577 = CARTESIAN_POINT('',(90.040728452521,-18.87777116409,
    -35.71638275709));
#2578 = CARTESIAN_POINT('',(90.024608158773,-18.81306372495,
    -35.796016208));
#2579 = CARTESIAN_POINT('',(90.009630551873,-18.74445621766,
    -35.87416419992));
#2580 = CARTESIAN_POINT('',(89.988860970017,-18.63491265527,
    -35.98956861872));
#2581 = CARTESIAN_POINT('',(89.982156636821,-18.59683584438,
    -36.02814757981));
#2582 = CARTESIAN_POINT('',(89.97578816078,-18.55775286297,
    -36.06621504538));
#2583 = CARTESIAN_POINT('',(89.96976806937,-18.51767255864,
    -36.10372737201));
#2584 = CARTESIAN_POINT('',(89.964108671556,-18.47660813023,
    -36.14063950069));
#2585 = CARTESIAN_POINT('',(89.958821837067,-18.43457774608,
    -36.17690535267));
#2586 = CARTESIAN_POINT('',(89.944476186437,-18.30884616277,
    -36.28098644861));
#2587 = CARTESIAN_POINT('',(89.936455182807,-18.22257560709,
    -36.34693815705));
#2588 = CARTESIAN_POINT('',(89.929938960509,-18.13298514757,
    -36.40997960608));
#2589 = CARTESIAN_POINT('',(89.924996740709,-18.0403203732,
    -36.46977456727));
#2590 = CARTESIAN_POINT('',(89.92167919499,-17.9448879705,
    -36.52601534284));
#2591 = CARTESIAN_POINT('',(89.920013870331,-17.84706288433,
    -36.5784337801));
#2592 = CARTESIAN_POINT('',(89.919991420166,-17.67810149632,
    -36.66036534319));
#2593 = CARTESIAN_POINT('',(89.920776838505,-17.60796305333,
    -36.69198022159));
#2594 = CARTESIAN_POINT('',(89.922356978044,-17.53702557455,
    -36.72158610393));
#2595 = CARTESIAN_POINT('',(89.924725677929,-17.46543524874,
    -36.74913149545));
#2596 = CARTESIAN_POINT('',(89.927871080924,-17.39333837131,
    -36.77458272908));
#2597 = CARTESIAN_POINT('',(89.931776206815,-17.32088068716,
    -36.79792247072));
#2598 = CARTESIAN_POINT('',(89.938560788769,-17.21469319644,
    -36.82893646429));
#2599 = CARTESIAN_POINT('',(89.940859093656,-17.18113286593,
    -36.83827535503));
#2600 = CARTESIAN_POINT('',(89.943312343496,-17.1475394096,
    -36.84716485593));
#2601 = CARTESIAN_POINT('',(89.945918300984,-17.11392606903,
    -36.85560557372));
#2602 = CARTESIAN_POINT('',(89.948674588511,-17.08030565978,
    -36.86359876265));
#2603 = CARTESIAN_POINT('',(89.951578688155,-17.04669057138,
    -36.87114632449));
#2604 = CARTESIAN_POINT('',(89.959449217641,-16.9599701643,
    -36.88948394401));
#2605 = CARTESIAN_POINT('',(89.964633422842,-16.90689056651,
    -36.89960934631));
#2606 = CARTESIAN_POINT('',(89.970170149604,-16.85390115153,
    -36.90863683235));
#2607 = CARTESIAN_POINT('',(89.976048410105,-16.80104553511,
    -36.91657977646));
#2608 = CARTESIAN_POINT('',(89.982256829546,-16.74836383607,
    -36.92345447038));
#2609 = CARTESIAN_POINT('',(89.98878383931,-16.69589274118,
    -36.92927948327));
#2610 = CARTESIAN_POINT('',(90.009335483487,-16.53883254273,
    -36.94370086973));
#2611 = CARTESIAN_POINT('',(90.024289493895,-16.43498753663,
    -36.94917816472));
#2612 = CARTESIAN_POINT('',(90.04038695957,-16.33239006252,
    -36.95067340157));
#2613 = CARTESIAN_POINT('',(90.057535683977,-16.23124890969,
    -36.94837528947));
#2614 = CARTESIAN_POINT('',(90.075647181669,-16.13172630681,
    -36.94248349059));
#2615 = CARTESIAN_POINT('',(90.094639644133,-16.03394208261,
    -36.93319735869));
#2616 = CARTESIAN_POINT('',(90.141954403185,-15.80463721494,
    -36.90334632205));
#2617 = CARTESIAN_POINT('',(90.171024189517,-15.67483467395,
    -36.87980097211));
#2618 = CARTESIAN_POINT('',(90.201459733395,-15.54876424872,
    -36.85057584629));
#2619 = CARTESIAN_POINT('',(90.233091040055,-15.42655127143,
    -36.81614555202));
#2620 = CARTESIAN_POINT('',(90.265770490842,-15.30826013725,
    -36.77694336488));
#2621 = CARTESIAN_POINT('',(90.299374682834,-15.19390208018,
    -36.73335250758));
#2622 = CARTESIAN_POINT('',(90.362989596497,-14.98982062517,
    -36.64530620765));
#2623 = CARTESIAN_POINT('',(90.392763409283,-14.89901171374,
    -36.60200077988));
#2624 = CARTESIAN_POINT('',(90.423065801073,-14.81100273142,
    -36.5559830135));
#2625 = CARTESIAN_POINT('',(90.453841491735,-14.72577581055,
    -36.5074354342));
#2626 = CARTESIAN_POINT('',(90.485041744568,-14.64330868019,
    -36.45652176139));
#2627 = CARTESIAN_POINT('',(90.516624284109,-14.56357464723,
    -36.40338744424));
#2628 = CARTESIAN_POINT('',(90.574415593794,-14.42414672957,
    -36.30342622018));
#2629 = CARTESIAN_POINT('',(90.6005043752,-14.36352566738,
    -36.25732063232));
#2630 = CARTESIAN_POINT('',(90.626799977139,-14.30466441407,
    -36.20991192761));
#2631 = CARTESIAN_POINT('',(90.653284308154,-14.24754870618,
    -36.161263431));
#2632 = CARTESIAN_POINT('',(90.679940766344,-14.19216499368,
    -36.11143329894));
#2633 = CARTESIAN_POINT('',(90.706754239363,-14.13850043993,
    -36.0604745193));
#2634 = CARTESIAN_POINT('',(90.806380727851,-13.94647718058,
    -35.86814787526));
#2635 = CARTESIAN_POINT('',(90.880077124509,-13.81884533031,
    -35.72003645295));
#2636 = CARTESIAN_POINT('',(90.954551299555,-13.7033636225,
    -35.5650093602));
#2637 = CARTESIAN_POINT('',(91.029579854436,-13.5998977077,
    -35.40380741015));
#2638 = CARTESIAN_POINT('',(91.104961236441,-13.50839541486,
    -35.23704912754));
#2639 = CARTESIAN_POINT('',(91.180514207962,-13.42888024276,
    -35.06524111671));
#2640 = CARTESIAN_POINT('',(91.33210737319,-13.29371671727,
    -34.71118034073));
#2641 = CARTESIAN_POINT('',(91.408115488778,-13.23824714885,
    -34.528944936));
#2642 = CARTESIAN_POINT('',(91.483945481133,-13.19522568891,
    -34.34241901575));
#2643 = CARTESIAN_POINT('',(91.559403685522,-13.16497690556,
    -34.15196440332));
#2644 = CARTESIAN_POINT('',(91.634261814627,-13.14796363095,
    -33.9579507064));
#2645 = CARTESIAN_POINT('',(91.708251646887,-13.14482749943,
    -33.76074445973));
#2646 = CARTESIAN_POINT('',(91.805690821819,-13.16048712424,
    -33.492958061));
#2647 = CARTESIAN_POINT('',(91.830190631086,-13.16614573531,
    -33.4249238798));
#2648 = CARTESIAN_POINT('',(91.854538840267,-13.17354013192,
    -33.35658202825));
#2649 = CARTESIAN_POINT('',(91.87872047768,-13.18271073169,
    -33.28794984935));
#2650 = CARTESIAN_POINT('',(91.902718868284,-13.19370204714,
    -33.21904677226));
#2651 = CARTESIAN_POINT('',(91.926515552359,-13.20656316424,
    -33.14989422446));
#2652 = CARTESIAN_POINT('',(91.97788212315,-13.23877817496,
    -32.99872571804));
#2653 = CARTESIAN_POINT('',(92.00536428633,-13.25888116447,
    -32.91662512368));
#2654 = CARTESIAN_POINT('',(92.032504254598,-13.28174666919,
    -32.83424933391));
#2655 = CARTESIAN_POINT('',(92.059263531197,-13.30747249734,
    -32.75164478675));
#2656 = CARTESIAN_POINT('',(92.085597279337,-13.33616589649,
    -32.66886873334));
#2657 = CARTESIAN_POINT('',(92.111454039779,-13.36794466448,
    -32.58598918625));
#2658 = CARTESIAN_POINT('',(92.165659869232,-13.44285585575,
    -32.40851496212));
#2659 = CARTESIAN_POINT('',(92.193843153557,-13.48695055363,
    -32.31392751515));
#2660 = CARTESIAN_POINT('',(92.221242327753,-13.53541786031,
    -32.2194283642));
#2661 = CARTESIAN_POINT('',(92.247752043746,-13.58846345895,
    -32.12517370335));
#2662 = CARTESIAN_POINT('',(92.273245703883,-13.64629671014,
    -32.03136994331));
#2663 = CARTESIAN_POINT('',(92.297576585789,-13.70912415258,
    -31.93827357139));
#2664 = CARTESIAN_POINT('',(92.336717792985,-13.82486607937,
    -31.7815844664));
#2665 = CARTESIAN_POINT('',(92.352200567486,-13.87513893437,
    -31.71748512776));
#2666 = CARTESIAN_POINT('',(92.366969398575,-13.92802448346,
    -31.65400316764));
#2667 = CARTESIAN_POINT('',(92.380958655517,-13.98357472736,
    -31.5912730463));
#2668 = CARTESIAN_POINT('',(92.394097319365,-14.0418235381,
    -31.5294512302));
#2669 = CARTESIAN_POINT('',(92.406311333343,-14.10277944446,
    -31.46871391018));
#2670 = CARTESIAN_POINT('',(92.423186363855,-14.19853923111,
    -31.37924358787));
#2671 = CARTESIAN_POINT('',(92.428592060627,-14.23134281064,
    -31.34955872758));
#2672 = CARTESIAN_POINT('',(92.433733383025,-14.26482524014,
    -31.32022557397));
#2673 = CARTESIAN_POINT('',(92.438600657639,-14.29898017401,
    -31.29127077488));
#2674 = CARTESIAN_POINT('',(92.443184365937,-14.33379845954,
    -31.2627219652));
#2675 = CARTESIAN_POINT('',(92.447475312036,-14.36926775971,
    -31.23460754146));
#2676 = CARTESIAN_POINT('',(92.45940240219,-14.47720683853,
    -31.1519407897));
#2677 = CARTESIAN_POINT('',(92.466147993283,-14.55156887922,
    -31.09874937648));
#2678 = CARTESIAN_POINT('',(92.471630511285,-14.62831572834,
    -31.0476247377));
#2679 = CARTESIAN_POINT('',(92.475790434112,-14.70726650638,
    -30.99879972723));
#2680 = CARTESIAN_POINT('',(92.478583965869,-14.78819657398,
    -30.95248998877));
#2681 = CARTESIAN_POINT('',(92.47998723266,-14.87083208197,
    -30.90888643289));
#2682 = CARTESIAN_POINT('',(92.480012879429,-15.03349939692,
    -30.83000694726));
#2683 = CARTESIAN_POINT('',(92.47880691359,-15.11337989091,
    -30.7943681604));
#2684 = CARTESIAN_POINT('',(92.476382160449,-15.19421874254,
    -30.76136181479));
#2685 = CARTESIAN_POINT('',(92.472756656877,-15.27575395976,
    -30.73107085438));
#2686 = CARTESIAN_POINT('',(92.467964002835,-15.35773067115,
    -30.70353682084));
#2687 = CARTESIAN_POINT('',(92.462050467176,-15.43990297793,
    -30.67876596866));
#2688 = CARTESIAN_POINT('',(92.451587211548,-15.56305155183,
    -30.64573367667));
#2689 = CARTESIAN_POINT('',(92.447836479524,-15.60406033047,
    -30.6354146999));
#2690 = CARTESIAN_POINT('',(92.44382680164,-15.64503499386,
    -30.62577476574));
#2691 = CARTESIAN_POINT('',(92.439565333681,-15.68595024617,
    -30.61680868272));
#2692 = CARTESIAN_POINT('',(92.435059482952,-15.7267826436,
    -30.60850975198));
#2693 = CARTESIAN_POINT('',(92.430316908273,-15.76751059439,
    -30.60086976731));
#2694 = CARTESIAN_POINT('',(92.415599780085,-15.88771259246,
    -30.58017458322));
#2695 = CARTESIAN_POINT('',(92.404974664163,-15.96683149826,
    -30.56896623508));
#2696 = CARTESIAN_POINT('',(92.393528432425,-16.04532697595,
    -30.56018187823));
#2697 = CARTESIAN_POINT('',(92.381319749444,-16.12308110022,
    -30.55373576917));
#2698 = CARTESIAN_POINT('',(92.368405808414,-16.20000027676,
    -30.54953400248));
#2699 = CARTESIAN_POINT('',(92.3548404554,-16.27601339818,-30.54748));
#2700 = CARTESIAN_POINT('',(92.340672313591,-16.35107,-30.54748));
#2701 = FACE_BOUND('',#2702,.T.);
#2702 = EDGE_LOOP('',(#2703));
#2703 = ORIENTED_EDGE('',*,*,#2704,.F.);
#2704 = EDGE_CURVE('',#2705,#2705,#2707,.T.);
#2705 = VERTEX_POINT('',#2706);
#2706 = CARTESIAN_POINT('',(92.437612300527,9.16682,-33.16233));
#2707 = B_SPLINE_CURVE_WITH_KNOTS('',7,(#2708,#2709,#2710,#2711,#2712,
    #2713,#2714,#2715,#2716,#2717,#2718,#2719,#2720,#2721,#2722,#2723,
    #2724,#2725,#2726,#2727,#2728,#2729,#2730,#2731,#2732,#2733,#2734,
    #2735,#2736,#2737,#2738,#2739,#2740,#2741,#2742,#2743,#2744,#2745,
    #2746,#2747,#2748,#2749,#2750,#2751,#2752,#2753,#2754,#2755,#2756,
    #2757,#2758,#2759,#2760,#2761,#2762,#2763,#2764,#2765,#2766,#2767,
    #2768,#2769,#2770,#2771,#2772,#2773,#2774,#2775,#2776,#2777,#2778,
    #2779,#2780,#2781,#2782,#2783,#2784,#2785,#2786,#2787,#2788,#2789,
    #2790,#2791,#2792,#2793,#2794,#2795,#2796,#2797,#2798,#2799,#2800,
    #2801,#2802,#2803,#2804,#2805,#2806,#2807,#2808,#2809,#2810,#2811,
    #2812,#2813,#2814,#2815,#2816,#2817,#2818,#2819,#2820,#2821,#2822,
    #2823,#2824,#2825,#2826,#2827,#2828,#2829,#2830,#2831,#2832,#2833,
    #2834,#2835,#2836,#2837,#2838,#2839,#2840,#2841,#2842,#2843,#2844,
    #2845,#2846,#2847,#2848,#2849,#2850,#2851,#2852,#2853,#2854,#2855,
    #2856,#2857,#2858,#2859,#2860,#2861,#2862,#2863,#2864,#2865,#2866,
    #2867,#2868,#2869,#2870,#2871,#2872,#2873,#2874,#2875,#2876,#2877),
  .UNSPECIFIED.,.T.,.F.,(8,6,6,6,6,6,6,6,6,6,6,6,6,6,6,6,6,6,6,6,6,6,6,6
    ,6,6,6,6,8),(0.,1.174866601706E-02,3.110898906766E-02,
    5.650098126234E-02,6.926067054346E-02,9.453822828639E-02,
    0.130565241288,0.162150501293,0.188945310641,0.268734420323,
    0.346855228288,0.376061702237,0.412121945189,0.454669760256,
    0.485290542945,0.500949652057,0.531105100032,0.552017844363,
    0.561661316729,0.576908510184,0.607512544232,0.650036019811,
    0.686078593292,0.715273810926,0.793981624528,0.891200722855,
    0.921848969246,0.956546286885,1.),.UNSPECIFIED.);
#2708 = CARTESIAN_POINT('',(92.437612300527,9.16682,-33.16233));
#2709 = CARTESIAN_POINT('',(92.442011079448,9.125544985251,-33.16233));
#2710 = CARTESIAN_POINT('',(92.446171051665,9.084062339388,
    -33.16295111907));
#2711 = CARTESIAN_POINT('',(92.45008538715,9.042388596881,
    -33.16420458789));
#2712 = CARTESIAN_POINT('',(92.45374719107,9.00054342736,-33.16610102372
    ));
#2713 = CARTESIAN_POINT('',(92.457149706067,8.958549699871,
    -33.1686499482));
#2714 = CARTESIAN_POINT('',(92.46028651454,8.916433547144,
    -33.17185930515));
#2715 = CARTESIAN_POINT('',(92.467873273404,8.804669116485,
    -33.18212159989));
#2716 = CARTESIAN_POINT('',(92.471857801253,8.734854269832,-33.190318271
    ));
#2717 = CARTESIAN_POINT('',(92.475078857679,8.664911232715,
    -33.20035183721));
#2718 = CARTESIAN_POINT('',(92.477515216337,8.594977121228,
    -33.21223580016));
#2719 = CARTESIAN_POINT('',(92.479151805371,8.525194551123,
    -33.22596832983));
#2720 = CARTESIAN_POINT('',(92.479980621454,8.45571136421,
    -33.24153027688));
#2721 = CARTESIAN_POINT('',(92.480029215698,8.296142875144,
    -33.28164235609));
#2722 = CARTESIAN_POINT('',(92.478667207318,8.206364323723,
    -33.30748715396));
#2723 = CARTESIAN_POINT('',(92.475914916826,8.117698747482,
    -33.33632983805));
#2724 = CARTESIAN_POINT('',(92.471795776774,8.030453527303,
    -33.36803987794));
#2725 = CARTESIAN_POINT('',(92.466353191023,7.944893129877,
    -33.40245236668));
#2726 = CARTESIAN_POINT('',(92.45964637161,7.861242859624,
    -33.43937643402));
#2727 = CARTESIAN_POINT('',(92.447776260819,7.738712925752,-33.49831567)
  );
#2728 = CARTESIAN_POINT('',(92.443504651448,7.698259749126,
    -33.51861103366));
#2729 = CARTESIAN_POINT('',(92.438940022814,7.65835463406,
    -33.53946468228));
#2730 = CARTESIAN_POINT('',(92.434091546159,7.619015535969,
    -33.56085133803));
#2731 = CARTESIAN_POINT('',(92.428968720701,7.580257135329,
    -33.58274581157));
#2732 = CARTESIAN_POINT('',(92.423581205661,7.542091160639,
    -33.60512329994));
#2733 = CARTESIAN_POINT('',(92.406760482867,7.430109731952,
    -33.67319965971));
#2734 = CARTESIAN_POINT('',(92.394581832428,7.358056917856,
    -33.7202386911));
#2735 = CARTESIAN_POINT('',(92.381477356763,7.288431888066,
    -33.7688920339));
#2736 = CARTESIAN_POINT('',(92.367521080168,7.221262702153,
    -33.81898533011));
#2737 = CARTESIAN_POINT('',(92.352784032539,7.156548479891,
    -33.87035832936));
#2738 = CARTESIAN_POINT('',(92.337331886469,7.094266020837,
    -33.9228686099));
#2739 = CARTESIAN_POINT('',(92.298262714952,6.949018364077,
    -34.05268458204));
#2740 = CARTESIAN_POINT('',(92.273972147248,6.868535889152,
    -34.13102475783));
#2741 = CARTESIAN_POINT('',(92.248516767758,6.79279895604,-34.2110751855
    ));
#2742 = CARTESIAN_POINT('',(92.222043481338,6.721657938252,
    -34.29254225384));
#2743 = CARTESIAN_POINT('',(92.194679075707,6.654950034474,
    -34.37518086436));
#2744 = CARTESIAN_POINT('',(92.16652907598,6.592505677126,
    -34.45879591387));
#2745 = CARTESIAN_POINT('',(92.112381330316,6.482998238737,
    -34.61728010396));
#2746 = CARTESIAN_POINT('',(92.086549601067,6.434994880951,
    -34.69194643803));
#2747 = CARTESIAN_POINT('',(92.060239885405,6.390034072548,
    -34.76713918894));
#2748 = CARTESIAN_POINT('',(92.033503739895,6.348014231354,
    -34.84276765577));
#2749 = CARTESIAN_POINT('',(92.006386085569,6.308841896093,
    -34.91875385213));
#2750 = CARTESIAN_POINT('',(91.978925489777,6.272430634448,
    -34.99503233126));
#2751 = CARTESIAN_POINT('',(91.927595364834,6.210085108983,
    -35.13646246239));
#2752 = CARTESIAN_POINT('',(91.903813714022,6.183400489028,
    -35.20154470215));
#2753 = CARTESIAN_POINT('',(91.879829862354,6.158597746052,
    -35.2667628241));
#2754 = CARTESIAN_POINT('',(91.855662305414,6.135633094848,
    -35.33208582882));
#2755 = CARTESIAN_POINT('',(91.831327749122,6.114466823502,
    -35.39748561267));
#2756 = CARTESIAN_POINT('',(91.80684119123,6.095062806681,
    -35.46293695642));
#2757 = CARTESIAN_POINT('',(91.708887552039,6.02475634833,
    -35.72340436104));
#2758 = CARTESIAN_POINT('',(91.634348818741,5.987471781556,
    -35.91859976485));
#2759 = CARTESIAN_POINT('',(91.55892809047,5.964633867519,
    -36.11348123721));
#2760 = CARTESIAN_POINT('',(91.482898908951,5.955686754584,
    -36.30754776337));
#2761 = CARTESIAN_POINT('',(91.406495730527,5.960231818473,
    -36.50033368238));
#2762 = CARTESIAN_POINT('',(91.329915131007,5.978030901712,
    -36.69140971196));
#2763 = CARTESIAN_POINT('',(91.178322794758,6.039383932972,
    -37.0653916021));
#2764 = CARTESIAN_POINT('',(91.103343012368,6.082379251869,
    -37.24830750968));
#2765 = CARTESIAN_POINT('',(91.028535700296,6.137946999036,
    -37.42873786156));
#2766 = CARTESIAN_POINT('',(90.954078180038,6.206166341327,
    -37.60619212409));
#2767 = CARTESIAN_POINT('',(90.880167572497,6.287210620235,
    -37.78008801203));
#2768 = CARTESIAN_POINT('',(90.807022266242,6.381355576686,
    -37.94974297358));
#2769 = CARTESIAN_POINT('',(90.707916255203,6.529314686192,
    -38.17588282133));
#2770 = CARTESIAN_POINT('',(90.681090029525,6.571469206934,
    -38.23671008579));
#2771 = CARTESIAN_POINT('',(90.654420443232,6.615536357859,
    -38.29678192169));
#2772 = CARTESIAN_POINT('',(90.627922589438,6.661539426024,
    -38.35604911335));
#2773 = CARTESIAN_POINT('',(90.601613047054,6.709503451918,
    -38.4144575376));
#2774 = CARTESIAN_POINT('',(90.575509880791,6.75945522947,
    -38.47194816385));
#2775 = CARTESIAN_POINT('',(90.517682890921,6.875586527878,
    -38.59822666438));
#2776 = CARTESIAN_POINT('',(90.486078858683,6.942820848185,
    -38.66649676921));
#2777 = CARTESIAN_POINT('',(90.454856393289,7.013182646294,
    -38.7331487696));
#2778 = CARTESIAN_POINT('',(90.424057710439,7.086727582942,
    -38.79804582644));
#2779 = CARTESIAN_POINT('',(90.393731475543,7.163510733764,-38.861032336
    ));
#2780 = CARTESIAN_POINT('',(90.363932886579,7.243586722789,
    -38.92193340544));
#2781 = CARTESIAN_POINT('',(90.30025963402,7.425441584351,
    -39.04972169899));
#2782 = CARTESIAN_POINT('',(90.266621578246,7.528517689051,
    -39.11570370853));
#2783 = CARTESIAN_POINT('',(90.233906801721,7.636337701749,
    -39.17818990223));
#2784 = CARTESIAN_POINT('',(90.202238543865,7.748968797407,
    -39.2368031086));
#2785 = CARTESIAN_POINT('',(90.171764249734,7.866436463687,
    -39.29110633523));
#2786 = CARTESIAN_POINT('',(90.142653748326,7.988715170401,
    -39.34060966447));
#2787 = CARTESIAN_POINT('',(90.095265719042,8.207121096955,
    -39.41656357465));
#2788 = CARTESIAN_POINT('',(90.076241693207,8.300958545027,
    -39.44558188023));
#2789 = CARTESIAN_POINT('',(90.058097457866,8.397190100417,
    -39.47163168005));
#2790 = CARTESIAN_POINT('',(90.040914781227,8.495739461393,
    -39.49449342373));
#2791 = CARTESIAN_POINT('',(90.024782141388,8.596488951016,
    -39.51393854338));
#2792 = CARTESIAN_POINT('',(90.009791772508,8.699273160905,
    -39.52973960066));
#2793 = CARTESIAN_POINT('',(89.989002533834,8.857363518735,
    -39.54778683588));
#2794 = CARTESIAN_POINT('',(89.982291569718,8.911327790081,
    -39.55288363148));
#2795 = CARTESIAN_POINT('',(89.975916347485,8.965734643843,
    -39.55694204194));
#2796 = CARTESIAN_POINT('',(89.969889400131,9.020549289925,
    -39.55993429505));
#2797 = CARTESIAN_POINT('',(89.964223044129,9.075732693671,
    -39.56183432571));
#2798 = CARTESIAN_POINT('',(89.958929158765,9.131241356217,
    -39.5626184765));
#2799 = CARTESIAN_POINT('',(89.944563186278,9.294456190986,
    -39.56158780044));
#2800 = CARTESIAN_POINT('',(89.936528527304,9.40293463436,
    -39.55669452274));
#2801 = CARTESIAN_POINT('',(89.929998253596,9.51208856835,
    -39.54743828501));
#2802 = CARTESIAN_POINT('',(89.925041693573,9.621513972955,
    -39.5337190108));
#2803 = CARTESIAN_POINT('',(89.921709653387,9.730778249815,
    -39.51549770143));
#2804 = CARTESIAN_POINT('',(89.92002983128,9.839421807241,
    -39.49280950993));
#2805 = CARTESIAN_POINT('',(89.91998309185,10.021536926078,
    -39.44702969391));
#2806 = CARTESIAN_POINT('',(89.920758510794,10.09559347954,
    -39.42619049682));
#2807 = CARTESIAN_POINT('',(89.922328648985,10.168972358934,
    -39.40329830897));
#2808 = CARTESIAN_POINT('',(89.924687396221,10.24152842078,
    -39.37840751809));
#2809 = CARTESIAN_POINT('',(89.927822943117,10.313127871223,
    -39.35158625245));
#2810 = CARTESIAN_POINT('',(89.93171835235,10.383647812433,
    -39.32291481881));
#2811 = CARTESIAN_POINT('',(89.938488898983,10.484944927807,
    -39.27845167281));
#2812 = CARTESIAN_POINT('',(89.940782733405,10.516661356281,
    -39.26404476404));
#2813 = CARTESIAN_POINT('',(89.943231539926,10.548114567187,
    -39.24927216001));
#2814 = CARTESIAN_POINT('',(89.945833084694,10.579294795475,
    -39.23414282986));
#2815 = CARTESIAN_POINT('',(89.948584993231,10.610193018287,
    -39.21866596591));
#2816 = CARTESIAN_POINT('',(89.951484750439,10.640800954954,
    -39.20285098367));
#2817 = CARTESIAN_POINT('',(89.959344039496,10.719034068631,
    -39.16118326286));
#2818 = CARTESIAN_POINT('',(89.964521385308,10.766212683468,
    -39.13483768804));
#2819 = CARTESIAN_POINT('',(89.970051340993,10.812617033925,
    -39.10770862366));
#2820 = CARTESIAN_POINT('',(89.975922927475,10.858222258207,
    -39.079834337));
#2821 = CARTESIAN_POINT('',(89.982124776857,10.903008049494,
    -39.05125308757));
#2822 = CARTESIAN_POINT('',(89.988645325641,10.94695819514,
    -39.02200267832));
#2823 = CARTESIAN_POINT('',(90.009177472474,11.076573916132,
    -38.93213976853));
#2824 = CARTESIAN_POINT('',(90.024118716044,11.159665889787,
    -38.86961505157));
#2825 = CARTESIAN_POINT('',(90.040203830338,11.239243914448,
    -38.80484019722));
#2826 = CARTESIAN_POINT('',(90.057340632223,11.315269059231,
    -38.7380940053));
#2827 = CARTESIAN_POINT('',(90.075440633818,11.387745152181,
    -38.66963377099));
#2828 = CARTESIAN_POINT('',(90.09442201256,11.456708347694,
    -38.59968932172));
#2829 = CARTESIAN_POINT('',(90.141711039918,11.613238765039,
    -38.42948174925));
#2830 = CARTESIAN_POINT('',(90.170766526281,11.697574563609,
    -38.32803864591));
#2831 = CARTESIAN_POINT('',(90.201188460168,11.775401098683,
    -38.22464126153));
#2832 = CARTESIAN_POINT('',(90.232806788732,11.846927181243,
    -38.11973396071));
#2833 = CARTESIAN_POINT('',(90.265473832407,11.912381834389,
    -38.01369026057));
#2834 = CARTESIAN_POINT('',(90.299066130862,11.97200270348,
    -37.90681113624));
#2835 = CARTESIAN_POINT('',(90.362660552347,12.071812900301,
    -37.70821747871));
#2836 = CARTESIAN_POINT('',(90.392425660714,12.113572797386,
    -37.61668655628));
#2837 = CARTESIAN_POINT('',(90.422719675853,12.151444232954,
    -37.52487663055));
#2838 = CARTESIAN_POINT('',(90.453487288773,12.185558221645,
    -37.4329161241));
#2839 = CARTESIAN_POINT('',(90.484679737728,12.216037073831,
    -37.34091620906));
#2840 = CARTESIAN_POINT('',(90.51625472625,12.242994752106,
    -37.24897120555));
#2841 = CARTESIAN_POINT('',(90.574033498594,12.285607111954,
    -37.08278921014));
#2842 = CARTESIAN_POINT('',(90.60011722437,12.302435608475,
    -37.00850906109));
#2843 = CARTESIAN_POINT('',(90.626407926787,12.317078235704,
    -36.93436140278));
#2844 = CARTESIAN_POINT('',(90.652887504984,12.329586643781,
    -36.86038560035));
#2845 = CARTESIAN_POINT('',(90.679539348978,12.34000861463,
    -36.78661751429));
#2846 = CARTESIAN_POINT('',(90.706348339661,12.34838806196,
    -36.71308950047));
#2847 = CARTESIAN_POINT('',(90.805962511826,12.371956795956,
    -36.44233015852));
#2848 = CARTESIAN_POINT('',(90.879651969466,12.374592189962,
    -36.24682592682));
#2849 = CARTESIAN_POINT('',(90.954120084033,12.363473242339,
    -36.05383174689));
#2850 = CARTESIAN_POINT('',(91.029143365777,12.339179532354,
    -35.86382893443));
#2851 = CARTESIAN_POINT('',(91.104520215371,12.302149053534,
    -35.67725783382));
#2852 = CARTESIAN_POINT('',(91.180069392399,12.252689895627,
    -35.49452157653));
#2853 = CARTESIAN_POINT('',(91.34896328777,12.114628581749,
    -35.09549608965));
#2854 = CARTESIAN_POINT('',(91.442234262142,12.019622794522,
    -34.88161250995));
#2855 = CARTESIAN_POINT('',(91.535188855136,11.906148190475,
    -34.67494008022));
#2856 = CARTESIAN_POINT('',(91.627472768181,11.774106734283,
    -34.47638123167));
#2857 = CARTESIAN_POINT('',(91.718620884042,11.623130813109,
    -34.28714238232));
#2858 = CARTESIAN_POINT('',(91.808063260338,11.452671147248,
    -34.10868068774));
#2859 = CARTESIAN_POINT('',(91.922476959647,11.201013675266,
    -33.89080788148));
#2860 = CARTESIAN_POINT('',(91.94965094383,11.138632389861,
    -33.8398707362));
#2861 = CARTESIAN_POINT('',(91.976549599883,11.074151876796,
    -33.79028563322));
#2862 = CARTESIAN_POINT('',(92.003142859317,11.007534167898,
    -33.74213034588));
#2863 = CARTESIAN_POINT('',(92.029396098509,10.938739624385,
    -33.69549329099));
#2864 = CARTESIAN_POINT('',(92.055269911063,10.867726058796,
    -33.65047412645));
#2865 = CARTESIAN_POINT('',(92.109532153825,10.711488557561,
    -33.55817537296));
#2866 = CARTESIAN_POINT('',(92.137798045755,10.625635822058,
    -33.51138824647));
#2867 = CARTESIAN_POINT('',(92.165455493574,10.536816927313,
    -33.46698064352));
#2868 = CARTESIAN_POINT('',(92.192427313017,10.444971110968,
    -33.42514190129));
#2869 = CARTESIAN_POINT('',(92.218621213136,10.350050746533,
    -33.38609229093));
#2870 = CARTESIAN_POINT('',(92.243929811493,10.252022518509,
    -33.35008228864));
#2871 = CARTESIAN_POINT('',(92.298664173003,10.024186947112,
    -33.27645147475));
#2872 = CARTESIAN_POINT('',(92.327510043219,9.892632816311,
    -33.24072698712));
#2873 = CARTESIAN_POINT('',(92.354531619437,9.75615758485,-33.2107623574
    ));
#2874 = CARTESIAN_POINT('',(92.379424148868,9.614883272844,
    -33.18721595615));
#2875 = CARTESIAN_POINT('',(92.401824979182,9.46913039315,
    -33.17082639091));
#2876 = CARTESIAN_POINT('',(92.421343712476,9.319472866585,-33.16233));
#2877 = CARTESIAN_POINT('',(92.437612300527,9.16682,-33.16233));
#2878 = FACE_BOUND('',#2879,.T.);
#2879 = EDGE_LOOP('',(#2880));
#2880 = ORIENTED_EDGE('',*,*,#2881,.F.);
#2881 = EDGE_CURVE('',#2882,#2882,#2884,.T.);
#2882 = VERTEX_POINT('',#2883);
#2883 = CARTESIAN_POINT('',(91.911946692009,30.39545,-18.76285));
#2884 = B_SPLINE_CURVE_WITH_KNOTS('',7,(#2885,#2886,#2887,#2888,#2889,
    #2890,#2891,#2892,#2893,#2894,#2895,#2896,#2897,#2898,#2899,#2900,
    #2901,#2902,#2903,#2904,#2905,#2906,#2907,#2908,#2909,#2910,#2911,
    #2912,#2913,#2914,#2915,#2916,#2917,#2918,#2919,#2920,#2921,#2922,
    #2923,#2924,#2925,#2926,#2927,#2928,#2929,#2930,#2931,#2932,#2933,
    #2934,#2935,#2936,#2937,#2938,#2939,#2940,#2941,#2942,#2943,#2944,
    #2945,#2946,#2947,#2948,#2949,#2950,#2951,#2952,#2953,#2954,#2955,
    #2956,#2957,#2958,#2959,#2960,#2961,#2962,#2963,#2964,#2965,#2966,
    #2967,#2968,#2969,#2970,#2971,#2972,#2973,#2974,#2975,#2976,#2977,
    #2978,#2979,#2980,#2981,#2982,#2983,#2984,#2985,#2986,#2987,#2988,
    #2989,#2990,#2991,#2992,#2993,#2994,#2995,#2996,#2997,#2998,#2999,
    #3000,#3001,#3002,#3003,#3004,#3005,#3006,#3007,#3008,#3009,#3010,
    #3011,#3012,#3013,#3014,#3015,#3016,#3017,#3018,#3019,#3020,#3021,
    #3022,#3023,#3024,#3025,#3026,#3027,#3028,#3029,#3030,#3031,#3032,
    #3033,#3034,#3035,#3036,#3037,#3038,#3039,#3040,#3041,#3042,#3043,
    #3044,#3045,#3046,#3047,#3048),.UNSPECIFIED.,.T.,.F.,(8,6,6,6,6,6,6,
    6,6,6,6,6,6,6,6,6,6,6,6,6,6,6,6,6,6,6,6,8),(0.,8.049784479161E-02,
    0.10238637711,0.11383664127,0.137212750994,0.162601683793,
    0.175358979461,0.201085445182,0.237156661959,0.268774110434,
    0.29558937892,0.374799229736,0.452918090519,0.482125347775,
    0.518187538686,0.560738562198,0.591361458379,0.607021181339,
    0.637176075738,0.65808678091,0.667728889759,0.682973506642,
    0.713571462215,0.756086209382,0.79212215028,0.821312787604,
    0.900012345638,1.),.UNSPECIFIED.);
#2885 = CARTESIAN_POINT('',(91.911946692009,30.39545,-18.76285));
#2886 = CARTESIAN_POINT('',(91.983621340887,30.184873416169,-18.76285));
#2887 = CARTESIAN_POINT('',(92.053349420769,29.969567345269,
    -18.77901561878));
#2888 = CARTESIAN_POINT('',(92.120868389046,29.749233513607,
    -18.8126604635));
#2889 = CARTESIAN_POINT('',(92.185499060588,29.524292976203,
    -18.86576569284));
#2890 = CARTESIAN_POINT('',(92.24615043986,29.295952400272,
    -18.9407754429));
#2891 = CARTESIAN_POINT('',(92.30137768229,29.06621710667,
    -19.04027644834));
#2892 = CARTESIAN_POINT('',(92.362284605071,28.775850676291,
    -19.20206248829));
#2893 = CARTESIAN_POINT('',(92.374753075208,28.713927598559,
    -19.23867232828));
#2894 = CARTESIAN_POINT('',(92.386627417181,28.652236030891,
    -19.27735127417));
#2895 = CARTESIAN_POINT('',(92.397862048574,28.59087044737,
    -19.31813904005));
#2896 = CARTESIAN_POINT('',(92.408408974762,28.529939981084,
    -19.36106416424));
#2897 = CARTESIAN_POINT('',(92.418219264429,28.469567604609,
    -19.40613959379));
#2898 = CARTESIAN_POINT('',(92.43196579269,28.378670578142,
    -19.47805916233));
#2899 = CARTESIAN_POINT('',(92.436472253727,28.347642008004,
    -19.50334618916));
#2900 = CARTESIAN_POINT('',(92.440756834934,28.316823544032,
    -19.52921823616));
#2901 = CARTESIAN_POINT('',(92.444812693267,28.286235904883,
    -19.55567225966));
#2902 = CARTESIAN_POINT('',(92.448633215902,28.255900583928,
    -19.58270328556));
#2903 = CARTESIAN_POINT('',(92.452212020234,28.225839849252,
    -19.61030440931));
#2904 = CARTESIAN_POINT('',(92.462343169942,28.135314335682,
    -19.69596128087));
#2905 = CARTESIAN_POINT('',(92.468111373558,28.075784197618,
    -19.75580223582));
#2906 = CARTESIAN_POINT('',(92.472794642093,28.017693314947,
    -19.81790171683));
#2907 = CARTESIAN_POINT('',(92.476349270369,27.961244526416,
    -19.88214285286));
#2908 = CARTESIAN_POINT('',(92.478743431706,27.906632360003,
    -19.94837570096));
#2909 = CARTESIAN_POINT('',(92.479959838968,27.854038868895,
    -20.01641310138));
#2910 = CARTESIAN_POINT('',(92.480040293053,27.748879514613,
    -20.16163409759));
#2911 = CARTESIAN_POINT('',(92.478692756495,27.696692329227,
    -20.23911972953));
#2912 = CARTESIAN_POINT('',(92.475954933491,27.647283001344,
    -20.31818886355));
#2913 = CARTESIAN_POINT('',(92.471850101655,27.600803426557,
    -20.39854404913));
#2914 = CARTESIAN_POINT('',(92.466421527047,27.557350558964,
    -20.4798889809));
#2915 = CARTESIAN_POINT('',(92.459728312579,27.516974664097,
    -20.5619325294));
#2916 = CARTESIAN_POINT('',(92.447878195425,27.460951752446,
    -20.68582695495));
#2917 = CARTESIAN_POINT('',(92.443613370547,27.442994038328,
    -20.72737013466));
#2918 = CARTESIAN_POINT('',(92.439055436446,27.425814866888,
    -20.76898923717));
#2919 = CARTESIAN_POINT('',(92.434213555677,27.409411781582,
    -20.81065333814));
#2920 = CARTESIAN_POINT('',(92.429097220644,27.393779870785,
    -20.85233368352));
#2921 = CARTESIAN_POINT('',(92.423716085552,27.378912206635,
    -20.89400371049));
#2922 = CARTESIAN_POINT('',(92.406713616005,27.336342066179,
    -21.01960126803));
#2923 = CARTESIAN_POINT('',(92.394310279818,27.310958797756,
    -21.10341841009));
#2924 = CARTESIAN_POINT('',(92.38094850247,27.288576685992,
    -21.18689813195));
#2925 = CARTESIAN_POINT('',(92.36670631778,27.26909994892,-21.2698810304
    ));
#2926 = CARTESIAN_POINT('',(92.351658525486,27.252418894762,
    -21.35223913109));
#2927 = CARTESIAN_POINT('',(92.335874135992,27.238418001484,
    -21.43387435787));
#2928 = CARTESIAN_POINT('',(92.296334710189,27.210952315885,
    -21.62806691123));
#2929 = CARTESIAN_POINT('',(92.271931057887,27.199969297029,
    -21.73983846714));
#2930 = CARTESIAN_POINT('',(92.24636829903,27.193715435395,
    -21.84985724638));
#2931 = CARTESIAN_POINT('',(92.219792824887,27.19188711755,
    -21.95799680175));
#2932 = CARTESIAN_POINT('',(92.192330889248,27.194202278511,
    -22.06417575142));
#2933 = CARTESIAN_POINT('',(92.16408752047,27.200406059246,
    -22.16835486792));
#2934 = CARTESIAN_POINT('',(92.109776870345,27.218928155124,
    -22.36009723205));
#2935 = CARTESIAN_POINT('',(92.08387495532,27.230395684028,
    -22.44811169623));
#2936 = CARTESIAN_POINT('',(92.057497854264,27.244528023414,
    -22.53456996685));
#2937 = CARTESIAN_POINT('',(92.030696850805,27.261189493494,
    -22.61946826228));
#2938 = CARTESIAN_POINT('',(92.003516629806,27.280258800162,
    -22.70280719187));
#2939 = CARTESIAN_POINT('',(91.975995560769,27.301628072984,
    -22.78459233578));
#2940 = CARTESIAN_POINT('',(91.924563265565,27.345195249179,
    -22.93288977508));
#2941 = CARTESIAN_POINT('',(91.900739483368,27.366773658197,
    -22.99983260468));
#2942 = CARTESIAN_POINT('',(91.876714886389,27.389878575002,
    -23.06566845461));
#2943 = CARTESIAN_POINT('',(91.852507869723,27.41445678402,
    -23.13040173756));
#2944 = CARTESIAN_POINT('',(91.828135052796,27.440460030348,
    -23.1940364421));
#2945 = CARTESIAN_POINT('',(91.803611360329,27.467844640745,
    -23.25657643695));
#2946 = CARTESIAN_POINT('',(91.706103005369,27.58142661003,
    -23.49954150105));
#2947 = CARTESIAN_POINT('',(91.632073856348,27.677969183692,
    -23.67149563544));
#2948 = CARTESIAN_POINT('',(91.557181841396,27.785205154253,
    -23.83405638343));
#2949 = CARTESIAN_POINT('',(91.481694384416,27.902398713864,
    -23.98720388802));
#2950 = CARTESIAN_POINT('',(91.405839305547,28.028969328311,
    -24.13083052437));
#2951 = CARTESIAN_POINT('',(91.329810091983,28.164461392204,
    -24.26476949993));
#2952 = CARTESIAN_POINT('',(91.178765882664,28.450725856103,
    -24.51102636221));
#2953 = CARTESIAN_POINT('',(91.103782318981,28.601203168806,
    -24.62356643667));
#2954 = CARTESIAN_POINT('',(91.028970498855,28.75971563844,
    -24.72612190338));
#2955 = CARTESIAN_POINT('',(90.954507740662,28.926008389492,
    -24.81826649516));
#2956 = CARTESIAN_POINT('',(90.880591119688,29.099839817897,
    -24.8994431633));
#2957 = CARTESIAN_POINT('',(90.807438935635,29.280982406817,
    -24.96895229626));
#2958 = CARTESIAN_POINT('',(90.708320701435,29.539651841224,
    -25.04716804003));
#2959 = CARTESIAN_POINT('',(90.68149000739,29.6110368897,-25.06669320876
    ));
#2960 = CARTESIAN_POINT('',(90.654815821079,29.683401843985,
    -25.08441049834));
#2961 = CARTESIAN_POINT('',(90.628313228879,29.756732915039,
    -25.10026726352));
#2962 = CARTESIAN_POINT('',(90.60199880165,29.831014506371,
    -25.11420597357));
#2963 = CARTESIAN_POINT('',(90.575890594733,29.90622921404,
    -25.12616421227));
#2964 = CARTESIAN_POINT('',(90.518051099435,30.076353799568,
    -25.1483111265));
#2965 = CARTESIAN_POINT('',(90.486439533206,30.171739161805,
    -25.15742515914));
#2966 = CARTESIAN_POINT('',(90.455209281437,30.268480898962,
    -25.16328972578));
#2967 = CARTESIAN_POINT('',(90.424402538885,30.366533736463,
    -25.16576426498));
#2968 = CARTESIAN_POINT('',(90.394067945977,30.465839905628,
    -25.16469421407));
#2969 = CARTESIAN_POINT('',(90.364260671889,30.566328909755,
    -25.15991051921));
#2970 = CARTESIAN_POINT('',(90.300566965548,30.787784925929,
    -25.14098569318));
#2971 = CARTESIAN_POINT('',(90.266917035593,30.909164262121,
    -25.1253172477));
#2972 = CARTESIAN_POINT('',(90.234189872382,31.031932138236,
    -25.10392203188));
#2973 = CARTESIAN_POINT('',(90.202508658001,31.155897775891,
    -25.07646793282));
#2974 = CARTESIAN_POINT('',(90.172020776576,31.280800062755,
    -25.04260375217));
#2975 = CARTESIAN_POINT('',(90.142895998859,31.406304836445,
    -25.00197045636));
#2976 = CARTESIAN_POINT('',(90.09548227595,31.622463361363,
    -24.91984217995));
#2977 = CARTESIAN_POINT('',(90.076447180869,31.713012243821,
    -24.88178605442));
#2978 = CARTESIAN_POINT('',(90.058291464501,31.803488536759,
    -24.83991697511));
#2979 = CARTESIAN_POINT('',(90.041096880822,31.893692819676,
    -24.79411565659));
#2980 = CARTESIAN_POINT('',(90.02495190521,31.983388176182,
    -24.74428245162));
#2981 = CARTESIAN_POINT('',(90.009948784835,32.072301839574,
    -24.69034919969));
#2982 = CARTESIAN_POINT('',(89.989139905144,32.205038173464,
    -24.6026017172));
#2983 = CARTESIAN_POINT('',(89.98242231546,32.249663714252,
    -24.57183450627));
#2984 = CARTESIAN_POINT('',(89.976040352432,32.293961413213,
    -24.53998712935));
#2985 = CARTESIAN_POINT('',(89.970006554557,32.337886782354,
    -24.50706062767));
#2986 = CARTESIAN_POINT('',(89.964333245791,32.381393174914,
    -24.47306007532));
#2987 = CARTESIAN_POINT('',(89.959032314951,32.42443206703,
    -24.4379952573));
#2988 = CARTESIAN_POINT('',(89.944646037048,32.548833745701,
    -24.33233917664));
#2989 = CARTESIAN_POINT('',(89.936597733963,32.628811199111,
    -24.25889256435));
#2990 = CARTESIAN_POINT('',(89.930053420009,32.706504200709,
    -24.18166794639));
#2991 = CARTESIAN_POINT('',(89.925082530634,32.781538867133,
    -24.10084792254));
#2992 = CARTESIAN_POINT('',(89.921736006357,32.853558562839,
    -24.01668028491));
#2993 = CARTESIAN_POINT('',(89.920041696528,32.922233532356,
    -23.92948704606));
#2994 = CARTESIAN_POINT('',(89.919970684639,33.032369995264,
    -23.77739285557));
#2995 = CARTESIAN_POINT('',(89.920736111749,33.075726866255,
    -23.71384310636));
#2996 = CARTESIAN_POINT('',(89.922296255857,33.117245930425,
    -23.64915494995));
#2997 = CARTESIAN_POINT('',(89.924645057381,33.156850832611,
    -23.58346328004));
#2998 = CARTESIAN_POINT('',(89.927770754785,33.194482732393,
    -23.51690625043));
#2999 = CARTESIAN_POINT('',(89.931656453639,33.230098958928,
    -23.44962437173));
#3000 = CARTESIAN_POINT('',(89.938412974093,33.279152334225,
    -23.35046657266));
#3001 = CARTESIAN_POINT('',(89.940702341152,33.294198852625,
    -23.31904884946));
#3002 = CARTESIAN_POINT('',(89.943146707393,33.308808780057,
    -23.28751989297));
#3003 = CARTESIAN_POINT('',(89.945743842411,33.322980387962,
    -23.25589285263));
#3004 = CARTESIAN_POINT('',(89.948491374868,33.33671266014,
    -23.22418057278));
#3005 = CARTESIAN_POINT('',(89.951386792489,33.350005292751,
    -23.19239559266));
#3006 = CARTESIAN_POINT('',(89.959234848677,33.383180512458,
    -23.11020103363));
#3007 = CARTESIAN_POINT('',(89.964405339712,33.402404372896,
    -23.0597005612));
#3008 = CARTESIAN_POINT('',(89.969928528784,33.420531653596,
    -23.00909692668));
#3009 = CARTESIAN_POINT('',(89.975793445572,33.437567862209,
    -22.95843544505));
#3010 = CARTESIAN_POINT('',(89.981988729094,33.453521994667,
    -22.90775850085));
#3011 = CARTESIAN_POINT('',(89.988502820985,33.468405893792,
    -22.85710550013));
#3012 = CARTESIAN_POINT('',(90.009015482869,33.509987652805,
    -22.70496664953));
#3013 = CARTESIAN_POINT('',(90.023943967489,33.533485133139,
    -22.60366850189));
#3014 = CARTESIAN_POINT('',(90.040016737856,33.552844404984,
    -22.50290328691));
#3015 = CARTESIAN_POINT('',(90.057141624324,33.568214654285,
    -22.40290981275));
#3016 = CARTESIAN_POINT('',(90.075230136654,33.579764059919,
    -22.3038829222));
#3017 = CARTESIAN_POINT('',(90.094200438288,33.587667956761,
    -22.20597562638));
#3018 = CARTESIAN_POINT('',(90.141463748226,33.598250991656,
    -21.97497569039));
#3019 = CARTESIAN_POINT('',(90.170504941951,33.597695860714,
    -21.84305500072));
#3020 = CARTESIAN_POINT('',(90.200913272806,33.590897147537,
    -21.71381919115));
#3021 = CARTESIAN_POINT('',(90.232518629945,33.578300399457,
    -21.5874747828));
#3022 = CARTESIAN_POINT('',(90.265173272953,33.560321173216,
    -21.4641609565));
#3023 = CARTESIAN_POINT('',(90.298753684119,33.537335038657,
    -21.34395571284));
#3024 = CARTESIAN_POINT('',(90.362327622934,33.486216359353,
    -21.12764916573));
#3025 = CARTESIAN_POINT('',(90.392084030175,33.459405071243,
    -21.03067940938));
#3026 = CARTESIAN_POINT('',(90.422369671822,33.429434969362,
    -20.9359947048));
#3027 = CARTESIAN_POINT('',(90.453129210036,33.396489021202,
    -20.84360927868));
#3028 = CARTESIAN_POINT('',(90.48431385803,33.360732437727,
    -20.75352972055));
#3029 = CARTESIAN_POINT('',(90.515881298338,33.322313200648,
    -20.66575506042));
#3030 = CARTESIAN_POINT('',(90.573647537072,33.248190861619,
    -20.51103587551));
#3031 = CARTESIAN_POINT('',(90.599726208188,33.213359303639,
    -20.44330403861));
#3032 = CARTESIAN_POINT('',(90.626012011981,33.176938033458,
    -20.37707849873));
#3033 = CARTESIAN_POINT('',(90.652486838189,33.138991950755,
    -20.31235621712));
#3034 = CARTESIAN_POINT('',(90.679134068745,33.099580737189,
    -20.24913395348));
#3035 = CARTESIAN_POINT('',(90.705938577779,33.058758856399,
    -20.18740826589));
#3036 = CARTESIAN_POINT('',(90.805540431263,32.902847058846,
    -19.9647847021));
#3037 = CARTESIAN_POINT('',(90.879222946476,32.779247580941,
    -19.81327897772));
#3038 = CARTESIAN_POINT('',(90.953684996693,32.646722543827,
    -19.67253645302));
#3039 = CARTESIAN_POINT('',(91.028703000928,32.506025793686,
    -19.54255312187));
#3040 = CARTESIAN_POINT('',(91.104075313171,32.357776283769,
    -19.42338453074));
#3041 = CARTESIAN_POINT('',(91.179620690095,32.202469463274,
    -19.31514112828));
#3042 = CARTESIAN_POINT('',(91.351175683616,31.834589496159,
    -19.09466702999));
#3043 = CARTESIAN_POINT('',(91.447101242646,31.618087711325,
    -18.98939498281));
#3044 = CARTESIAN_POINT('',(91.542686252884,31.391538548502,
    -18.90252743032));
#3045 = CARTESIAN_POINT('',(91.637546213777,31.155481060055,
    -18.83489479701));
#3046 = CARTESIAN_POINT('',(91.731167120069,30.910449847035,
    -18.78779315533));
#3047 = CARTESIAN_POINT('',(91.822915057315,30.657020552213,-18.76285));
#3048 = CARTESIAN_POINT('',(91.911946692009,30.39545,-18.76285));
#3049 = FACE_BOUND('',#3050,.T.);
#3050 = EDGE_LOOP('',(#3051));
#3051 = ORIENTED_EDGE('',*,*,#3052,.F.);
#3052 = EDGE_CURVE('',#3053,#3053,#3055,.T.);
#3053 = VERTEX_POINT('',#3054);
#3054 = CARTESIAN_POINT('',(91.053488703657,37.40171,5.9133));
#3055 = B_SPLINE_CURVE_WITH_KNOTS('',8,(#3056,#3057,#3058,#3059,#3060,
    #3061,#3062,#3063,#3064,#3065,#3066,#3067,#3068,#3069,#3070,#3071,
    #3072,#3073,#3074,#3075,#3076,#3077,#3078,#3079,#3080,#3081,#3082,
    #3083,#3084,#3085,#3086,#3087,#3088,#3089,#3090,#3091,#3092,#3093,
    #3094,#3095,#3096,#3097,#3098,#3099,#3100,#3101,#3102,#3103,#3104,
    #3105,#3106,#3107,#3108,#3109,#3110,#3111,#3112,#3113,#3114,#3115,
    #3116,#3117,#3118,#3119,#3120,#3121,#3122,#3123,#3124,#3125,#3126,
    #3127,#3128,#3129,#3130,#3131,#3132,#3133,#3134,#3135,#3136,#3137,
    #3138,#3139,#3140,#3141,#3142,#3143,#3144,#3145,#3146,#3147,#3148,
    #3149,#3150,#3151,#3152,#3153,#3154,#3155,#3156,#3157,#3158,#3159,
    #3160,#3161,#3162,#3163,#3164,#3165,#3166,#3167,#3168,#3169,#3170,
    #3171,#3172,#3173,#3174,#3175,#3176,#3177,#3178,#3179,#3180,#3181,
    #3182,#3183,#3184,#3185,#3186,#3187,#3188,#3189,#3190,#3191,#3192,
    #3193,#3194,#3195,#3196,#3197,#3198,#3199,#3200,#3201,#3202,#3203,
    #3204,#3205,#3206,#3207,#3208,#3209,#3210,#3211,#3212,#3213,#3214,
    #3215,#3216,#3217,#3218,#3219,#3220,#3221,#3222,#3223,#3224,#3225,
    #3226,#3227,#3228,#3229,#3230,#3231,#3232,#3233,#3234,#3235,#3236,
    #3237,#3238,#3239,#3240,#3241,#3242,#3243,#3244,#3245,#3246,#3247,
    #3248,#3249,#3250,#3251,#3252,#3253),.UNSPECIFIED.,.T.,.F.,(9,7,7,7,
    7,7,7,7,7,7,7,7,7,7,7,7,7,7,7,7,7,7,7,7,7,7,7,7,9),(0.,
    2.999824239434E-02,0.101745925461,0.167627101457,0.203687086237,
    0.228986870976,0.242160317629,0.267154791654,0.284514140271,
    0.292544104368,0.305299985932,0.331022725263,0.36708849813,
    0.398701999479,0.42551477714,0.504722032656,0.582844826266,
    0.612055066126,0.648121921389,0.690679360311,0.721306679557,
    0.736968197949,0.767124814534,0.788035058242,0.797676530762,
    0.812919720324,0.843057852387,0.884495407553,1.),.UNSPECIFIED.);
#3056 = CARTESIAN_POINT('',(91.053488703657,37.40171,5.9133));
#3057 = CARTESIAN_POINT('',(91.078555784638,37.338263899332,5.9133));
#3058 = CARTESIAN_POINT('',(91.103660562871,37.274946674348,
    5.911862406199));
#3059 = CARTESIAN_POINT('',(91.128796847686,37.211773897578,
    5.908997321995));
#3060 = CARTESIAN_POINT('',(91.153958406438,37.148761188507,
    5.904713327974));
#3061 = CARTESIAN_POINT('',(91.179138964512,37.085924213582,
    5.899017481905));
#3062 = CARTESIAN_POINT('',(91.204332205319,37.023278686205,
    5.891915318748));
#3063 = CARTESIAN_POINT('',(91.229531770299,36.960840366739,
    5.883410850646));
#3064 = CARTESIAN_POINT('',(91.315001620727,36.749822880315,
    5.849818198799));
#3065 = CARTESIAN_POINT('',(91.375264094346,36.602314811607,
    5.818125251187));
#3066 = CARTESIAN_POINT('',(91.435442508573,36.456288290227,
    5.778462140791));
#3067 = CARTESIAN_POINT('',(91.495449936817,36.311956734655,
    5.730807058139));
#3068 = CARTESIAN_POINT('',(91.555188865169,36.169557344502,
    5.675092926587));
#3069 = CARTESIAN_POINT('',(91.614550540156,36.029351826405,
    5.611205365106));
#3070 = CARTESIAN_POINT('',(91.673413496176,35.891630049335,
    5.538967654853));
#3071 = CARTESIAN_POINT('',(91.785107988859,35.632834513717,
    5.383868933919));
#3072 = CARTESIAN_POINT('',(91.838014085342,35.511378364328,
    5.30239418555));
#3073 = CARTESIAN_POINT('',(91.890269953898,35.392560571262,
    5.213470497164));
#3074 = CARTESIAN_POINT('',(91.941746690199,35.276686401992,
    5.116843590822));
#3075 = CARTESIAN_POINT('',(91.992274730446,35.16415371131,
    5.012225108223));
#3076 = CARTESIAN_POINT('',(92.041643638283,35.055450134821,
    4.899297951356));
#3077 = CARTESIAN_POINT('',(92.089598340609,34.951160851822,
    4.77769780992));
#3078 = CARTESIAN_POINT('',(92.161130389881,34.797724428698,
    4.57537598046));
#3079 = CARTESIAN_POINT('',(92.185908863494,34.745001820277,
    4.501087456732));
#3080 = CARTESIAN_POINT('',(92.210110777463,34.693950361076,
    4.424005533014));
#3081 = CARTESIAN_POINT('',(92.233673198024,34.644712549547,
    4.344065472173));
#3082 = CARTESIAN_POINT('',(92.2565224357,34.597453954615,4.261212708371
    ));
#3083 = CARTESIAN_POINT('',(92.278574459035,34.552361970683,
    4.175404907711));
#3084 = CARTESIAN_POINT('',(92.299735308332,34.50964457263,
    4.086614028886));
#3085 = CARTESIAN_POINT('',(92.334050171662,34.441383924151,
    3.930431322198));
#3086 = CARTESIAN_POINT('',(92.347707659067,34.41452268863,
    3.864566897277));
#3087 = CARTESIAN_POINT('',(92.360837828815,34.389024588293,
    3.797235212092));
#3088 = CARTESIAN_POINT('',(92.373400659268,34.364976660023,
    3.728447127149));
#3089 = CARTESIAN_POINT('',(92.38535312639,34.342471670681,
    3.658226171806));
#3090 = CARTESIAN_POINT('',(92.396650080201,34.321606034228,
    3.58661045565));
#3091 = CARTESIAN_POINT('',(92.407245121218,34.302477728859,
    3.513654579879));
#3092 = CARTESIAN_POINT('',(92.422218415446,34.276179584398,
    3.400784060091));
#3093 = CARTESIAN_POINT('',(92.427142280681,34.267672556663,
    3.361793800586));
#3094 = CARTESIAN_POINT('',(92.431856434154,34.259676927891,
    3.322471762768));
#3095 = CARTESIAN_POINT('',(92.436354227262,34.252206408115,
    3.282830471233));
#3096 = CARTESIAN_POINT('',(92.440629074983,34.245274451779,
    3.242884076204));
#3097 = CARTESIAN_POINT('',(92.444674529608,34.23889408908,
    3.202648447176));
#3098 = CARTESIAN_POINT('',(92.448484354465,34.233077757321,
    3.162141266556));
#3099 = CARTESIAN_POINT('',(92.458822759163,34.217893897904,
    3.044048273313));
#3100 = CARTESIAN_POINT('',(92.464724207958,34.210021791568,
    2.965796020536));
#3101 = CARTESIAN_POINT('',(92.469714876942,34.204302834587,
    2.886772075611));
#3102 = CARTESIAN_POINT('',(92.473758180605,34.200805969601,
    2.807136428441));
#3103 = CARTESIAN_POINT('',(92.47682446641,34.199583864181,
    2.727062677688));
#3104 = CARTESIAN_POINT('',(92.47889246618,34.200669714473,
    2.646738360257));
#3105 = CARTESIAN_POINT('',(92.479950747498,34.204074048833,
    2.566365280785));
#3106 = CARTESIAN_POINT('',(92.480032792444,34.213745534898,
    2.430454960658));
#3107 = CARTESIAN_POINT('',(92.479579317397,34.218820882786,
    2.374824881012));
#3108 = CARTESIAN_POINT('',(92.478638576185,34.225002833013,
    2.319339876281));
#3109 = CARTESIAN_POINT('',(92.477212969573,34.232281227756,
    2.264067102499));
#3110 = CARTESIAN_POINT('',(92.475307284052,34.240640880546,
    2.20907065547));
#3111 = CARTESIAN_POINT('',(92.472928513025,34.25006196332,
    2.154411628595));
#3112 = CARTESIAN_POINT('',(92.470085677995,34.260520393481,
    2.100148170699));
#3113 = CARTESIAN_POINT('',(92.465264996441,34.277292927075,
    2.021443281416));
#3114 = CARTESIAN_POINT('',(92.463643338828,34.282813723199,
    1.996647053274));
#3115 = CARTESIAN_POINT('',(92.461925747734,34.288547873124,
    1.971952084496));
#3116 = CARTESIAN_POINT('',(92.46011335236,34.294492530158,
    1.947363354787));
#3117 = CARTESIAN_POINT('',(92.45820734029,34.300644737125,
    1.922885598492));
#3118 = CARTESIAN_POINT('',(92.456208957494,34.307001426361,
    1.898523304598));
#3119 = CARTESIAN_POINT('',(92.454119508328,34.313559419718,
    1.874280716725));
#3120 = CARTESIAN_POINT('',(92.448478694346,34.331047587206,
    1.811848134749));
#3121 = CARTESIAN_POINT('',(92.444790643313,34.34227949437,
    1.773846518011));
#3122 = CARTESIAN_POINT('',(92.440881611191,34.353998085225,
    1.736173017407));
#3123 = CARTESIAN_POINT('',(92.436757256657,34.366189875163,
    1.698841914176));
#3124 = CARTESIAN_POINT('',(92.43242342526,34.378841090965,
    1.661865835974));
#3125 = CARTESIAN_POINT('',(92.427886086378,34.391937801967,
    1.625255856553));
#3126 = CARTESIAN_POINT('',(92.42315127018,34.405466051231,
    1.589021595419));
#3127 = CARTESIAN_POINT('',(92.408290995291,34.447534516803,
    1.480877815171));
#3128 = CARTESIAN_POINT('',(92.397578825121,34.477354483506,
    1.410148842746));
#3129 = CARTESIAN_POINT('',(92.386137668779,34.508759307689,
    1.341047040563));
#3130 = CARTESIAN_POINT('',(92.374016372101,34.541638559428,
    1.273615334405));
#3131 = CARTESIAN_POINT('',(92.361262492044,34.57588591377,
    1.207879324645));
#3132 = CARTESIAN_POINT('',(92.347921336672,34.611401106501,
    1.143849675399));
#3133 = CARTESIAN_POINT('',(92.334035005145,34.648091889906,
    1.081524503662));
#3134 = CARTESIAN_POINT('',(92.299460237535,34.738852955795,
    0.935878798883));
#3135 = CARTESIAN_POINT('',(92.278285061248,34.793970895207,
    0.854205728358));
#3136 = CARTESIAN_POINT('',(92.256219333673,34.851006669477,
    0.775827929214));
#3137 = CARTESIAN_POINT('',(92.233356969621,34.909758641378,
    0.700687448058));
#3138 = CARTESIAN_POINT('',(92.209781953234,34.970047602398,
    0.628715214474));
#3139 = CARTESIAN_POINT('',(92.185567927338,35.03171770139,
    0.559833249708));
#3140 = CARTESIAN_POINT('',(92.160777782781,35.094637373218,
    0.493956875361));
#3141 = CARTESIAN_POINT('',(92.113273758345,35.214854682813,
    0.375809290995));
#3142 = CARTESIAN_POINT('',(92.090683964059,35.271880921337,
    0.322868850532));
#3143 = CARTESIAN_POINT('',(92.067730242604,35.32970357085,
    0.272118572338));
#3144 = CARTESIAN_POINT('',(92.044445528363,35.388254328044,
    0.223504894058));
#3145 = CARTESIAN_POINT('',(92.020859418634,35.447471861946,
    0.176977321704));
#3146 = CARTESIAN_POINT('',(91.996998279833,35.507301677432,
    0.132488032028));
#3147 = CARTESIAN_POINT('',(91.972885353706,35.567695978742,
    8.999147488498E-02));
#3148 = CARTESIAN_POINT('',(91.927893248606,35.680280345213,
    1.505388794216E-02));
#3149 = CARTESIAN_POINT('',(91.907079693304,35.732321968306,
    -1.793304662459E-02));
#3150 = CARTESIAN_POINT('',(91.886112863925,35.784712414396,
    -4.954282511604E-02));
#3151 = CARTESIAN_POINT('',(91.865004497538,35.837427508751,
    -7.979944968964E-02));
#3152 = CARTESIAN_POINT('',(91.843765432378,35.890444854203,
    -0.108725106433));
#3153 = CARTESIAN_POINT('',(91.822405638226,35.943743795582,
    -0.13634034416));
#3154 = CARTESIAN_POINT('',(91.800934246802,35.997305384136,
    -0.16266425321));
#3155 = CARTESIAN_POINT('',(91.715626163813,36.21006273161,
    -0.261715657793));
#3156 = CARTESIAN_POINT('',(91.651005237517,36.371120197117,
    -0.324587740868));
#3157 = CARTESIAN_POINT('',(91.585696443557,36.533876269109,
    -0.37681109217));
#3158 = CARTESIAN_POINT('',(91.519873499201,36.697960906671,
    -0.418710908154));
#3159 = CARTESIAN_POINT('',(91.453688765513,36.863037178022,
    -0.450510977652));
#3160 = CARTESIAN_POINT('',(91.387276089314,37.028798270052,
    -0.472361913193));
#3161 = CARTESIAN_POINT('',(91.320751920271,37.194966826691,
    -0.484344019025));
#3162 = CARTESIAN_POINT('',(91.18858847673,37.525349110121,
    -0.48851680995));
#3163 = CARTESIAN_POINT('',(91.122972798321,37.689500380458,
    -0.48097576696));
#3164 = CARTESIAN_POINT('',(91.057465763215,37.853505128937,
    -0.463823754967));
#3165 = CARTESIAN_POINT('',(90.992175648153,38.017079717638,
    -0.436980055165));
#3166 = CARTESIAN_POINT('',(90.927220668127,38.179903251723,
    -0.400302464303));
#3167 = CARTESIAN_POINT('',(90.862729262023,38.341616205716,
    -0.353592022095));
#3168 = CARTESIAN_POINT('',(90.79884090705,38.501816593254,
    -0.296581143574));
#3169 = CARTESIAN_POINT('',(90.712101763959,38.719218785073,
    -0.203600994461));
#3170 = CARTESIAN_POINT('',(90.688603150637,38.778105508491,
    -0.176807367129));
#3171 = CARTESIAN_POINT('',(90.665220119807,38.836688938201,
    -0.148506231639));
#3172 = CARTESIAN_POINT('',(90.641961910852,38.894941901119,
    -0.118678254036));
#3173 = CARTESIAN_POINT('',(90.618838504737,38.952834963452,
    -8.73028091502E-02));
#3174 = CARTESIAN_POINT('',(90.59586062401,39.010336430694,
    -5.435798059771E-02));
#3175 = CARTESIAN_POINT('',(90.573039732799,39.067412347626,
    -1.982056077997E-02));
#3176 = CARTESIAN_POINT('',(90.522419233944,39.193929874279,
    6.097512569511E-02));
#3177 = CARTESIAN_POINT('',(90.494709365991,39.263126751002,
    0.108080168595));
#3178 = CARTESIAN_POINT('',(90.46728081765,39.331550311961,
    0.157696635364));
#3179 = CARTESIAN_POINT('',(90.44015915277,39.399124707773,0.20987332333
    ));
#3180 = CARTESIAN_POINT('',(90.413373145597,39.465764870625,
    0.264660354831));
#3181 = CARTESIAN_POINT('',(90.386954812014,39.531376328698,
    0.322109262431));
#3182 = CARTESIAN_POINT('',(90.360939440786,39.595855020597,
    0.382273074152));
#3183 = CARTESIAN_POINT('',(90.305189550287,39.733698432354,
    0.519465191026));
#3184 = CARTESIAN_POINT('',(90.275632328601,39.806563982163,
    0.59757000267));
#3185 = CARTESIAN_POINT('',(90.246754657955,39.87750363705,0.67961588839
    ));
#3186 = CARTESIAN_POINT('',(90.218630240357,39.94630163812,
    0.765687817468));
#3187 = CARTESIAN_POINT('',(90.191345103174,40.012708513854,
    0.855856795498));
#3188 = CARTESIAN_POINT('',(90.164996920697,40.076443004224,
    0.950175986189));
#3189 = CARTESIAN_POINT('',(90.139694335701,40.137193984816,
    1.04867683316));
#3190 = CARTESIAN_POINT('',(90.098184843126,40.235951901675,
    1.225266922884));
#3191 = CARTESIAN_POINT('',(90.081418584343,40.275555691293,
    1.301329229769));
#3192 = CARTESIAN_POINT('',(90.065302543028,40.313305999818,
    1.37954866385));
#3193 = CARTESIAN_POINT('',(90.049886596695,40.349062567468,
    1.45990623926));
#3194 = CARTESIAN_POINT('',(90.035224357483,40.382675958749,
    1.542364416883));
#3195 = CARTESIAN_POINT('',(90.021372067629,40.413990886531,
    1.626864098431));
#3196 = CARTESIAN_POINT('',(90.008387494947,40.442849536129,
    1.713321620523));
#3197 = CARTESIAN_POINT('',(89.990162535123,40.482515655316,
    1.846780752935));
#3198 = CARTESIAN_POINT('',(89.984238473443,40.495252833518,
    1.892417619216));
#3199 = CARTESIAN_POINT('',(89.978564478265,40.507285354701,
    1.93852059107));
#3200 = CARTESIAN_POINT('',(89.973148388583,40.518592290317,
    1.985071842699));
#3201 = CARTESIAN_POINT('',(89.967997964675,40.529153096865,
    2.032051351973));
#3202 = CARTESIAN_POINT('',(89.963120805407,40.538947860196,
    2.079436773362));
#3203 = CARTESIAN_POINT('',(89.958524265537,40.547957539823,
    2.127203310873));
#3204 = CARTESIAN_POINT('',(89.945918500603,40.571966353037,
    2.267980305421));
#3205 = CARTESIAN_POINT('',(89.938686770202,40.58479375596,
    2.361964706658));
#3206 = CARTESIAN_POINT('',(89.932572308742,40.594514423689,
    2.457063236673));
#3207 = CARTESIAN_POINT('',(89.927620312793,40.601017275028,
    2.553043228935));
#3208 = CARTESIAN_POINT('',(89.923867321003,40.60421710084,
    2.649652631026));
#3209 = CARTESIAN_POINT('',(89.921339486546,40.604059518992,
    2.746619727265));
#3210 = CARTESIAN_POINT('',(89.920050849565,40.600525929313,
    2.843652861329));
#3211 = CARTESIAN_POINT('',(89.919967467225,40.58886278413,
    3.007551334091));
#3212 = CARTESIAN_POINT('',(89.920529163638,40.582474104486,
    3.074552806895));
#3213 = CARTESIAN_POINT('',(89.92168686303,40.574479271996,
    3.141343735408));
#3214 = CARTESIAN_POINT('',(89.923437593767,40.564893692867,
    3.207827728018));
#3215 = CARTESIAN_POINT('',(89.925775460998,40.553740735227,
    3.27391277964));
#3216 = CARTESIAN_POINT('',(89.928691859236,40.541051127228,
    3.339511207978));
#3217 = CARTESIAN_POINT('',(89.932175684939,40.526862355151,
    3.404539589775));
#3218 = CARTESIAN_POINT('',(89.938075361743,40.504004657917,
    3.498603161908));
#3219 = CARTESIAN_POINT('',(89.940055008335,40.496481641908,
    3.528150189577));
#3220 = CARTESIAN_POINT('',(89.942151185304,40.48865324382,
    3.557552351881));
#3221 = CARTESIAN_POINT('',(89.944362518466,40.480523869246,
    3.586802566132));
#3222 = CARTESIAN_POINT('',(89.946687563009,40.472098099043,
    3.615894095159));
#3223 = CARTESIAN_POINT('',(89.949124803497,40.463380689329,
    3.644820547313));
#3224 = CARTESIAN_POINT('',(89.951672653873,40.454376571482,
    3.673575876464));
#3225 = CARTESIAN_POINT('',(89.958529869837,40.430410109155,
    3.747337063011));
#3226 = CARTESIAN_POINT('',(89.963002653606,40.415025376402,
    3.792077879663));
#3227 = CARTESIAN_POINT('',(89.967741323939,40.398956659609,
    3.836354282464));
#3228 = CARTESIAN_POINT('',(89.972739103103,40.382224622556,
    3.880146153032));
#3229 = CARTESIAN_POINT('',(89.977988992943,40.364850391181,
    3.923435663409));
#3230 = CARTESIAN_POINT('',(89.983483847389,40.346855357688,
    3.966207135375));
#3231 = CARTESIAN_POINT('',(89.98921644495,40.328260984655,
    4.008446899762));
#3232 = CARTESIAN_POINT('',(90.006969559957,40.271181871649,
    4.132583071958));
#3233 = CARTESIAN_POINT('',(90.019660276172,40.231016982998,
    4.212894991892));
#3234 = CARTESIAN_POINT('',(90.033196231955,40.188757521509,
    4.290993576116));
#3235 = CARTESIAN_POINT('',(90.04752226296,40.144564278496,
    4.366819568241));
#3236 = CARTESIAN_POINT('',(90.062584565238,40.09859254799,
    4.440336554884));
#3237 = CARTESIAN_POINT('',(90.078331742074,40.050989416452,
    4.511527725611));
#3238 = CARTESIAN_POINT('',(90.094715850827,40.001891052504,
    4.58039263288));
#3239 = CARTESIAN_POINT('',(90.135036309589,39.882026274525,
    4.738446768103));
#3240 = CARTESIAN_POINT('',(90.159497623328,39.810047899123,
    4.825563015634));
#3241 = CARTESIAN_POINT('',(90.184966174295,39.735798147425,
    4.908338715425));
#3242 = CARTESIAN_POINT('',(90.211340057395,39.659561849669,
    4.986840633519));
#3243 = CARTESIAN_POINT('',(90.238527340554,39.581594042476,
    5.061152393745));
#3244 = CARTESIAN_POINT('',(90.266446726153,39.502118621971,
    5.131370590308));
#3245 = CARTESIAN_POINT('',(90.295028212466,39.421326996917,
    5.197600900381));
#3246 = CARTESIAN_POINT('',(90.405566629143,39.110945533086,
    5.433760109011));
#3247 = CARTESIAN_POINT('',(90.491458228136,38.873946678729,
    5.577112165948));
#3248 = CARTESIAN_POINT('',(90.580752944086,38.631428326543,
    5.692922408741));
#3249 = CARTESIAN_POINT('',(90.672580181388,38.38573955785,
    5.782956855216));
#3250 = CARTESIAN_POINT('',(90.766222582478,38.138761640589,
    5.84888042494));
#3251 = CARTESIAN_POINT('',(90.861142750992,37.891873580067,
    5.891982205722));
#3252 = CARTESIAN_POINT('',(90.956962890161,37.646021911891,5.9133));
#3253 = CARTESIAN_POINT('',(91.053488703657,37.40171,5.9133));
#3254 = FACE_BOUND('',#3255,.T.);
#3255 = EDGE_LOOP('',(#3256));
#3256 = ORIENTED_EDGE('',*,*,#3257,.F.);
#3257 = EDGE_CURVE('',#3258,#3258,#3260,.T.);
#3258 = VERTEX_POINT('',#3259);
#3259 = CARTESIAN_POINT('',(89.926146609494,3.82266,40.50465));
#3260 = B_SPLINE_CURVE_WITH_KNOTS('',7,(#3261,#3262,#3263,#3264,#3265,
    #3266,#3267,#3268,#3269,#3270,#3271,#3272,#3273,#3274,#3275,#3276,
    #3277,#3278,#3279,#3280,#3281,#3282,#3283,#3284,#3285,#3286,#3287,
    #3288,#3289,#3290,#3291,#3292,#3293,#3294,#3295,#3296,#3297,#3298,
    #3299,#3300,#3301,#3302,#3303,#3304,#3305,#3306,#3307,#3308,#3309,
    #3310,#3311,#3312,#3313,#3314,#3315,#3316,#3317,#3318,#3319,#3320,
    #3321,#3322,#3323,#3324,#3325,#3326,#3327,#3328,#3329,#3330,#3331,
    #3332,#3333,#3334,#3335,#3336,#3337,#3338,#3339,#3340,#3341,#3342,
    #3343,#3344,#3345,#3346,#3347,#3348,#3349,#3350,#3351,#3352,#3353,
    #3354,#3355,#3356,#3357,#3358,#3359,#3360,#3361,#3362,#3363,#3364,
    #3365,#3366,#3367,#3368,#3369,#3370,#3371,#3372,#3373,#3374,#3375,
    #3376,#3377,#3378,#3379,#3380,#3381,#3382,#3383,#3384,#3385,#3386,
    #3387,#3388,#3389,#3390,#3391,#3392,#3393,#3394,#3395,#3396,#3397,
    #3398,#3399,#3400,#3401,#3402,#3403,#3404,#3405,#3406,#3407,#3408,
    #3409,#3410,#3411,#3412,#3413,#3414,#3415,#3416,#3417,#3418,#3419,
    #3420,#3421,#3422,#3423,#3424,#3425,#3426,#3427,#3428,#3429,#3430),
  .UNSPECIFIED.,.T.,.F.,(8,6,6,6,6,6,6,6,6,6,6,6,6,6,6,6,6,6,6,6,6,6,6,6
    ,6,6,6,6,8),(0.,3.618015134746E-02,6.614764062655E-02,0.10845899286,
    0.144127791664,0.249833094037,0.32904762109,0.355864230162,
    0.387483107314,0.42355581239,0.449283362938,0.462041261734,
    0.487431651363,0.504796119134,0.512831328314,0.52559840784,
    0.550894848784,0.586949885661,0.618555621521,0.645363525157,
    0.724565905239,0.803270266845,0.832462457397,0.868500168603,
    0.911016868567,0.941616260363,0.956861660877,0.987414189437,1.),
  .UNSPECIFIED.);
#3261 = CARTESIAN_POINT('',(89.926146609494,3.82266,40.50465));
#3262 = CARTESIAN_POINT('',(89.931117809247,3.690388597413,40.50465));
#3263 = CARTESIAN_POINT('',(89.938402848973,3.558848232894,
    40.498271217511));
#3264 = CARTESIAN_POINT('',(89.947928049959,3.428832005013,
    40.485641303208));
#3265 = CARTESIAN_POINT('',(89.959573657681,3.300989050188,
    40.467033715109));
#3266 = CARTESIAN_POINT('',(89.973194389569,3.175845090112,
    40.442807559225));
#3267 = CARTESIAN_POINT('',(89.988633266941,3.053817678139,
    40.413366324235));
#3268 = CARTESIAN_POINT('',(90.019888653567,2.836998514925,
    40.350782628429));
#3269 = CARTESIAN_POINT('',(90.035187790585,2.741110122831,
    40.319138315885));
#3270 = CARTESIAN_POINT('',(90.051539437199,2.647712681379,
    40.284433713985));
#3271 = CARTESIAN_POINT('',(90.068858663935,2.556911012885,
    40.246899683112));
#3272 = CARTESIAN_POINT('',(90.087064674519,2.468769633372,
    40.206759499361));
#3273 = CARTESIAN_POINT('',(90.106083163608,2.383319336995,
    40.164221551301));
#3274 = CARTESIAN_POINT('',(90.153755766997,2.183720508446,
    40.056289817645));
#3275 = CARTESIAN_POINT('',(90.183146898616,2.072269691786,
    39.988710587363));
#3276 = CARTESIAN_POINT('',(90.213840601141,1.966200595342,
    39.917253559057));
#3277 = CARTESIAN_POINT('',(90.245675399388,1.865456630823,
    39.842384578727));
#3278 = CARTESIAN_POINT('',(90.278511296096,1.769944177661,
    39.764511728407));
#3279 = CARTESIAN_POINT('',(90.312231256785,1.679541403875,
    39.683980929363));
#3280 = CARTESIAN_POINT('',(90.37583610497,1.522085293711,
    39.531178290098));
#3281 = CARTESIAN_POINT('',(90.405488335704,1.453603444059,
    39.459603478751));
#3282 = CARTESIAN_POINT('',(90.43564145139,1.388582012825,
    39.386520600891));
#3283 = CARTESIAN_POINT('',(90.466243637119,1.326944389794,
    39.312084895001));
#3284 = CARTESIAN_POINT('',(90.497249115578,1.268616616425,
    39.236433835618));
#3285 = CARTESIAN_POINT('',(90.528618064127,1.213527122573,
    39.159687620539));
#3286 = CARTESIAN_POINT('',(90.654255667153,1.007738399811,
    38.85157142524));
#3287 = CARTESIAN_POINT('',(90.7510113166,0.88182720168,38.61267328587)
  );
#3288 = CARTESIAN_POINT('',(90.84979190931,0.781841493886,
    38.367723622212));
#3289 = CARTESIAN_POINT('',(90.949954478674,0.706666442865,
    38.118629032446));
#3290 = CARTESIAN_POINT('',(91.050954750507,0.655409809735,
    37.866949141657));
#3291 = CARTESIAN_POINT('',(91.152358340785,0.62754775615,
    37.613869526346));
#3292 = CARTESIAN_POINT('',(91.329879910662,0.619841225774,
    37.170132412567));
#3293 = CARTESIAN_POINT('',(91.405908511709,0.629716594741,
    36.979869697903));
#3294 = CARTESIAN_POINT('',(91.481762861618,0.652759873387,
    36.789823481806));
#3295 = CARTESIAN_POINT('',(91.557249468051,0.6891497008,36.600444884045
    ));
#3296 = CARTESIAN_POINT('',(91.63214049728,0.739192000195,
    36.412238957643));
#3297 = CARTESIAN_POINT('',(91.706168502173,0.803361527044,
    36.225768319635));
#3298 = CARTESIAN_POINT('',(91.803674842502,0.909217301326,
    35.979337639287));
#3299 = CARTESIAN_POINT('',(91.828197838839,0.937696558793,
    35.917288584632));
#3300 = CARTESIAN_POINT('',(91.8525699385,0.967912103068,35.855542671666
    ));
#3301 = CARTESIAN_POINT('',(91.876776215395,0.999895879362,
    35.794129936591));
#3302 = CARTESIAN_POINT('',(91.900800048478,1.033682970228,
    35.733083757228));
#3303 = CARTESIAN_POINT('',(91.92462304077,1.069312074885,
    35.672440933591));
#3304 = CARTESIAN_POINT('',(91.976053419567,1.151057823525,
    35.541262249684));
#3305 = CARTESIAN_POINT('',(92.003573353941,1.197908011525,
    35.470902520065));
#3306 = CARTESIAN_POINT('',(92.030752400991,1.247448337645,
    35.401226414917));
#3307 = CARTESIAN_POINT('',(92.057552187503,1.299754731902,
    35.33231076801));
#3308 = CARTESIAN_POINT('',(92.083928024185,1.35490834175,
    35.264245744087));
#3309 = CARTESIAN_POINT('',(92.109828622284,1.412996604622,
    35.197135171375));
#3310 = CARTESIAN_POINT('',(92.164136214525,1.543841064013,
    35.055756437112));
#3311 = CARTESIAN_POINT('',(92.192377830144,1.617500101433,
    34.981823343553));
#3312 = CARTESIAN_POINT('',(92.219837934541,1.695239122108,
    34.90946334637));
#3313 = CARTESIAN_POINT('',(92.246411490022,1.777198371456,
    34.838892846311));
#3314 = CARTESIAN_POINT('',(92.271972232748,1.863504710296,
    34.770376602507));
#3315 = CARTESIAN_POINT('',(92.296373761751,1.954265674227,
    34.704225443054));
#3316 = CARTESIAN_POINT('',(92.335909367061,2.117531279615,
    34.595553778578));
#3317 = CARTESIAN_POINT('',(92.351692115165,2.187798330675,
    34.551702939979));
#3318 = CARTESIAN_POINT('',(92.366738203039,2.260387973557,
    34.509372414993));
#3319 = CARTESIAN_POINT('',(92.380978617893,2.335303807435,
    34.468713707941));
#3320 = CARTESIAN_POINT('',(92.394338559337,2.412523224763,
    34.429893856682));
#3321 = CARTESIAN_POINT('',(92.406739995349,2.491990892756,
    34.393090417018));
#3322 = CARTESIAN_POINT('',(92.423739562545,2.614087009987,
    34.341326867705));
#3323 = CARTESIAN_POINT('',(92.429119737642,2.655090373667,
    34.324708518708));
#3324 = CARTESIAN_POINT('',(92.434235096057,2.696609797692,
    34.308653949115));
#3325 = CARTESIAN_POINT('',(92.43907598434,2.738630052735,
    34.293186001271));
#3326 = CARTESIAN_POINT('',(92.443632911116,2.781132932093,
    34.278327469265));
#3327 = CARTESIAN_POINT('',(92.447896715136,2.824096975401,
    34.264100757345));
#3328 = CARTESIAN_POINT('',(92.459743823758,2.953871009557,
    34.223514522713));
#3329 = CARTESIAN_POINT('',(92.466434990993,3.041988254198,
    34.199085061325));
#3330 = CARTESIAN_POINT('',(92.471861457264,3.131630511024,
    34.17741785377));
#3331 = CARTESIAN_POINT('',(92.475964136096,3.222546931211,
    34.158669013206));
#3332 = CARTESIAN_POINT('',(92.47869978217,3.314451754132,
    34.142963226635));
#3333 = CARTESIAN_POINT('',(92.480045141191,3.407021829127,
    34.130384915203));
#3334 = CARTESIAN_POINT('',(92.479970979848,3.563409436769,
    34.11453012719));
#3335 = CARTESIAN_POINT('',(92.479291036781,3.627074418193,
    34.109569235519));
#3336 = CARTESIAN_POINT('',(92.477961359768,3.69077689453,
    34.106098010475));
#3337 = CARTESIAN_POINT('',(92.475987163405,3.754409135626,
    34.10411598184));
#3338 = CARTESIAN_POINT('',(92.47337829542,3.81786788579,34.103611996249
    ));
#3339 = CARTESIAN_POINT('',(92.470148744445,3.881054381403,
    34.104565295249));
#3340 = CARTESIAN_POINT('',(92.464542657419,3.972943600225,
    34.108048511863));
#3341 = CARTESIAN_POINT('',(92.4626399944,4.001934940627,34.109456243585
    ));
#3342 = CARTESIAN_POINT('',(92.460609897985,4.030839443269,
    34.111166866763));
#3343 = CARTESIAN_POINT('',(92.458454222033,4.059648610713,
    34.113177161228));
#3344 = CARTESIAN_POINT('',(92.456174934982,4.088354394539,
    34.115483608401));
#3345 = CARTESIAN_POINT('',(92.453774119853,4.116949195341,
    34.11808239129));
#3346 = CARTESIAN_POINT('',(92.447249735081,4.190672211518,
    34.125556530775));
#3347 = CARTESIAN_POINT('',(92.442944200176,4.235620436052,
    34.130871371908));
#3348 = CARTESIAN_POINT('',(92.438346097647,4.280241879345,
    34.136897599302));
#3349 = CARTESIAN_POINT('',(92.433464641856,4.324511198163,
    34.143617487975));
#3350 = CARTESIAN_POINT('',(92.428309365798,4.368406159938,
    34.151012296335));
#3351 = CARTESIAN_POINT('',(92.422889953484,4.411907439695,
    34.159062655952));
#3352 = CARTESIAN_POINT('',(92.405973955518,4.540378034104,
    34.184959836416));
#3353 = CARTESIAN_POINT('',(92.393733266486,4.624142926806,
    34.20466672301));
#3354 = CARTESIAN_POINT('',(92.380568815421,4.706171479889,
    34.226717302652));
#3355 = CARTESIAN_POINT('',(92.366554682986,4.786378867534,
    34.250957087797));
#3356 = CARTESIAN_POINT('',(92.351761879394,4.864712120816,
    34.277235133375));
#3357 = CARTESIAN_POINT('',(92.336256003484,4.941145195221,
    34.305409748349));
#3358 = CARTESIAN_POINT('',(92.29706047102,5.121900055784,
    34.378034067774));
#3359 = CARTESIAN_POINT('',(92.272699190499,5.224239000008,
    34.424301396092));
#3360 = CARTESIAN_POINT('',(92.247176665368,5.322698446218,
    34.473792029708));
#3361 = CARTESIAN_POINT('',(92.22063947996,5.417319903866,
    34.526179462073));
#3362 = CARTESIAN_POINT('',(92.193214088407,5.508173404905,
    34.581178339211));
#3363 = CARTESIAN_POINT('',(92.165005705252,5.595352092195,
    34.638547956338));
#3364 = CARTESIAN_POINT('',(92.110756084668,5.75226321386,
    34.750295173526));
#3365 = CARTESIAN_POINT('',(92.084880457094,5.822811073802,
    34.804161214703));
#3366 = CARTESIAN_POINT('',(92.058528594609,5.890679231544,
    34.859559045375));
#3367 = CARTESIAN_POINT('',(92.031751883081,5.955932204028,
    34.916369054799));
#3368 = CARTESIAN_POINT('',(92.004595095813,6.018631158191,
    34.974486312915));
#3369 = CARTESIAN_POINT('',(91.977096676379,6.078834887829,
    35.033820029133));
#3370 = CARTESIAN_POINT('',(91.925702640282,6.185597680058,
    35.145586038463));
#3371 = CARTESIAN_POINT('',(91.90189463039,6.23283887942,35.197696863885
    ));
#3372 = CARTESIAN_POINT('',(91.877885286569,6.278358157344,
    35.250577251422));
#3373 = CARTESIAN_POINT('',(91.853693041523,6.322185985667,
    35.304183236913));
#3374 = CARTESIAN_POINT('',(91.829334547044,6.364349992451,
    35.358474951538));
#3375 = CARTESIAN_POINT('',(91.804824755181,6.404875415189,
    35.413416445354));
#3376 = CARTESIAN_POINT('',(91.707356649547,6.558743278591,
    35.633121513482));
#3377 = CARTESIAN_POINT('',(91.633350368153,6.65957340531,
    35.802616778731));
#3378 = CARTESIAN_POINT('',(91.558478058985,6.746920355353,
    35.976683141349));
#3379 = CARTESIAN_POINT('',(91.483007609991,6.82113634,36.154672359473)
  );
#3380 = CARTESIAN_POINT('',(91.407167112982,6.882419870067,
    36.33602721956));
#3381 = CARTESIAN_POINT('',(91.331150158207,6.930855844955,
    36.520269507099));
#3382 = CARTESIAN_POINT('',(91.17955635771,7.001635367729,
    36.892585938788));
#3383 = CARTESIAN_POINT('',(91.104011553537,7.024126590545,
    37.080550565224));
#3384 = CARTESIAN_POINT('',(91.028639925012,7.033765993406,
    37.270513739222));
#3385 = CARTESIAN_POINT('',(90.953622715909,7.030306373499,
    37.462032070505));
#3386 = CARTESIAN_POINT('',(90.87916157927,7.013377378911,
    37.654606464546));
#3387 = CARTESIAN_POINT('',(90.805480109823,6.982474455376,
    37.847676712426));
#3388 = CARTESIAN_POINT('',(90.705880111604,6.919965271856,
    38.112181700309));
#3389 = CARTESIAN_POINT('',(90.679076277393,6.901032619023,
    38.183722083635));
#3390 = CARTESIAN_POINT('',(90.652429741497,6.880044140091,
    38.255204771468));
#3391 = CARTESIAN_POINT('',(90.625955630806,6.856961030641,
    38.326591387041));
#3392 = CARTESIAN_POINT('',(90.599670564603,6.831741165652,
    38.397839523031));
#3393 = CARTESIAN_POINT('',(90.573592654567,6.804339099489,
    38.468902741557));
#3394 = CARTESIAN_POINT('',(90.515828302872,6.738124134723,
    38.62716741702));
#3395 = CARTESIAN_POINT('',(90.484261998951,6.69814363834,
    38.714241884409));
#3396 = CARTESIAN_POINT('',(90.45307852539,6.654670929525,
    38.800861575578));
#3397 = CARTESIAN_POINT('',(90.422320202815,6.607606837293,
    38.886916640554));
#3398 = CARTESIAN_POINT('',(90.392035821782,6.556846374529,
    38.972279334859));
#3399 = CARTESIAN_POINT('',(90.362280724472,6.502278445605,
    39.056803574199));
#3400 = CARTESIAN_POINT('',(90.298709869049,6.374776600896,
    39.238861093286));
#3401 = CARTESIAN_POINT('',(90.265131247262,6.300315352287,
    39.335985578309));
#3402 = CARTESIAN_POINT('',(90.232478470908,6.220202377869,
    39.431439545452));
#3403 = CARTESIAN_POINT('',(90.200875066329,6.134246082639,
    39.524890670311));
#3404 = CARTESIAN_POINT('',(90.170468783094,6.042273960029,
    39.615936070712));
#3405 = CARTESIAN_POINT('',(90.141429740766,5.944143845046,
    39.704105674542));
#3406 = CARTESIAN_POINT('',(90.094170301765,5.764626334524,
    39.849867541888));
#3407 = CARTESIAN_POINT('',(90.075201667365,5.686265436353,
    39.909095104713));
#3408 = CARTESIAN_POINT('',(90.057114884292,5.604643572798,
    39.966345469039));
#3409 = CARTESIAN_POINT('',(90.039991791204,5.519758374379,
    40.02138592653));
#3410 = CARTESIAN_POINT('',(90.023920878686,5.431643470611,
    40.073961287512));
#3411 = CARTESIAN_POINT('',(90.00899431434,5.340377958375,
    40.123801300955));
#3412 = CARTESIAN_POINT('',(89.988484584946,5.199122119843,
    40.193958372025));
#3413 = CARTESIAN_POINT('',(89.981971464812,5.151400767505,
    40.216540173958));
#3414 = CARTESIAN_POINT('',(89.975777169436,5.102949635887,
    40.238338790761));
#3415 = CARTESIAN_POINT('',(89.96991325641,5.053790274539,
    40.259319166992));
#3416 = CARTESIAN_POINT('',(89.964391085673,5.003948350755,
    40.279446392081));
#3417 = CARTESIAN_POINT('',(89.959221626226,4.953454040382,
    40.298686211166));
#3418 = CARTESIAN_POINT('',(89.944783075476,4.799912227816,
    40.353718359123));
#3419 = CARTESIAN_POINT('',(89.936607043577,4.694980531451,
    40.386742317624));
#3420 = CARTESIAN_POINT('',(89.929974802965,4.587859219041,
    40.415797074184));
#3421 = CARTESIAN_POINT('',(89.92495792368,4.478907429525,
    40.440642368955));
#3422 = CARTESIAN_POINT('',(89.921609227955,4.368533807389,
    40.461086280868));
#3423 = CARTESIAN_POINT('',(89.919957930408,4.257200066654,
    40.476998784937));
#3424 = CARTESIAN_POINT('',(89.920021001861,4.099381590037,
    40.49299863639));
#3425 = CARTESIAN_POINT('',(89.920327215145,4.053259221045,
    40.496889649387));
#3426 = CARTESIAN_POINT('',(89.920921174394,4.007093014974,
    40.500000321087));
#3427 = CARTESIAN_POINT('',(89.921802055311,3.960916802351,
    40.50232952446));
#3428 = CARTESIAN_POINT('',(89.922968275224,3.914763985007,
    40.503878328855));
#3429 = CARTESIAN_POINT('',(89.924417493089,3.868667536076,40.50465));
#3430 = CARTESIAN_POINT('',(89.926146609494,3.82266,40.50465));
#3431 = CONICAL_SURFACE('',#3432,43.,1.190289949683);
#3432 = AXIS2_PLACEMENT_3D('',#3433,#3434,#3435);
#3433 = CARTESIAN_POINT('',(89.,0.,0.));
#3434 = DIRECTION('',(-1.,-0.,-0.));
#3435 = DIRECTION('',(-0.,0.,1.));
#3436 = ADVANCED_FACE('',(#3437),#3549,.F.);
#3437 = FACE_BOUND('',#3438,.F.);
#3438 = EDGE_LOOP('',(#3439,#3440,#3448,#3457,#3541,#3548));
#3439 = ORIENTED_EDGE('',*,*,#1803,.F.);
#3440 = ORIENTED_EDGE('',*,*,#3441,.F.);
#3441 = EDGE_CURVE('',#3442,#1804,#3444,.T.);
#3442 = VERTEX_POINT('',#3443);
#3443 = CARTESIAN_POINT('',(89.,-36.07412,13.44247));
#3444 = LINE('',#3445,#3446);
#3445 = CARTESIAN_POINT('',(89.,-36.07412,13.44247));
#3446 = VECTOR('',#3447,1.);
#3447 = DIRECTION('',(1.,0.,0.));
#3448 = ORIENTED_EDGE('',*,*,#3449,.T.);
#3449 = EDGE_CURVE('',#3442,#3450,#3452,.T.);
#3450 = VERTEX_POINT('',#3451);
#3451 = CARTESIAN_POINT('',(89.,-36.32173434768,7.052064518745));
#3452 = CIRCLE('',#3453,3.2);
#3453 = AXIS2_PLACEMENT_3D('',#3454,#3455,#3456);
#3454 = CARTESIAN_POINT('',(89.,-36.07412,10.24247));
#3455 = DIRECTION('',(1.,0.,0.));
#3456 = DIRECTION('',(-0.,0.,1.));
#3457 = ORIENTED_EDGE('',*,*,#3458,.T.);
#3458 = EDGE_CURVE('',#3450,#3459,#3461,.T.);
#3459 = VERTEX_POINT('',#3460);
#3460 = CARTESIAN_POINT('',(89.,-34.60825050314,13.086978150489));
#3461 = B_SPLINE_CURVE_WITH_KNOTS('',8,(#3462,#3463,#3464,#3465,#3466,
    #3467,#3468,#3469,#3470,#3471,#3472,#3473,#3474,#3475,#3476,#3477,
    #3478,#3479,#3480,#3481,#3482,#3483,#3484,#3485,#3486,#3487,#3488,
    #3489,#3490,#3491,#3492,#3493,#3494,#3495,#3496,#3497,#3498,#3499,
    #3500,#3501,#3502,#3503,#3504,#3505,#3506,#3507,#3508,#3509,#3510,
    #3511,#3512,#3513,#3514,#3515,#3516,#3517,#3518,#3519,#3520,#3521,
    #3522,#3523,#3524,#3525,#3526,#3527,#3528,#3529,#3530,#3531,#3532,
    #3533,#3534,#3535,#3536,#3537,#3538,#3539,#3540),.UNSPECIFIED.,.F.,
  .F.,(9,7,7,7,7,7,7,7,7,7,7,9),(0.,0.270133791773,0.353369707558,
    0.411831886964,0.441636344498,0.50004289182,0.540335033134,
    0.558453475479,0.588259795907,0.64672709948,0.729970707926,1.),
  .UNSPECIFIED.);
#3462 = CARTESIAN_POINT('',(89.,-36.32173434768,7.052064518745));
#3463 = CARTESIAN_POINT('',(89.097671181283,-36.07668920288,
    7.033046029077));
#3464 = CARTESIAN_POINT('',(89.194710656667,-35.82906513926,
    7.035468071465));
#3465 = CARTESIAN_POINT('',(89.290974030928,-35.5791073692,
    7.059621566104));
#3466 = CARTESIAN_POINT('',(89.386071601725,-35.32745768154,
    7.106556771615));
#3467 = CARTESIAN_POINT('',(89.479405525055,-35.07515104993,
    7.177637334301));
#3468 = CARTESIAN_POINT('',(89.570097857959,-34.82365295073,
    7.274897395355));
#3469 = CARTESIAN_POINT('',(89.657052329847,-34.57482718125,
    7.40052494725));
#3470 = CARTESIAN_POINT('',(89.763828357558,-34.25587860518,
    7.607697934639));
#3471 = CARTESIAN_POINT('',(89.788454053217,-34.1812833425,
    7.659569099586));
#3472 = CARTESIAN_POINT('',(89.812502770174,-34.10730708144,
    7.714619958712));
#3473 = CARTESIAN_POINT('',(89.83591173424,-34.03406153802,
    7.772958975632));
#3474 = CARTESIAN_POINT('',(89.858607504433,-33.9616834438,
    7.834692729682));
#3475 = CARTESIAN_POINT('',(89.880506402994,-33.89033406037,
    7.899923507514));
#3476 = CARTESIAN_POINT('',(89.901514945409,-33.82019869381,
    7.968746894697));
#3477 = CARTESIAN_POINT('',(89.935588378774,-33.70322481186,
    8.092172727994));
#3478 = CARTESIAN_POINT('',(89.949154976844,-33.65567054655,
    8.144905785532));
#3479 = CARTESIAN_POINT('',(89.962194016435,-33.60889788416,
    8.199474834764));
#3480 = CARTESIAN_POINT('',(89.974665623267,-33.5629922114,
    8.255898675783));
#3481 = CARTESIAN_POINT('',(89.986526976472,-33.51804851915,
    8.314186111797));
#3482 = CARTESIAN_POINT('',(89.997733188076,-33.4741700909,
    8.374333446977));
#3483 = CARTESIAN_POINT('',(90.008238182485,-33.43146719113,
    8.43632198431));
#3484 = CARTESIAN_POINT('',(90.022969968351,-33.36894389236,
    8.532637948173));
#3485 = CARTESIAN_POINT('',(90.027749974116,-33.34816807148,
    8.565628849445));
#3486 = CARTESIAN_POINT('',(90.032329416001,-33.32774389805,
    8.599082851311));
#3487 = CARTESIAN_POINT('',(90.036702113031,-33.30768737129,
    8.632993232293));
#3488 = CARTESIAN_POINT('',(90.040861946139,-33.28801477005,
    8.66735179608));
#3489 = CARTESIAN_POINT('',(90.044802923789,-33.26874254017,
    8.702148742208));
#3490 = CARTESIAN_POINT('',(90.048519247597,-33.24988718184,
    8.737372536733));
#3491 = CARTESIAN_POINT('',(90.058837001614,-33.19536422701,
    8.842846601908));
#3492 = CARTESIAN_POINT('',(90.064785619869,-33.16092196473,
    8.914281856903));
#3493 = CARTESIAN_POINT('',(90.069808054123,-33.12826896241,
    8.987202852768));
#3494 = CARTESIAN_POINT('',(90.073866809116,-33.09752776315,
    9.061479442931));
#3495 = CARTESIAN_POINT('',(90.076931576568,-33.0688098435,
    9.136962585022));
#3496 = CARTESIAN_POINT('',(90.078980738831,-33.04221261604,
    9.213482896511));
#3497 = CARTESIAN_POINT('',(90.080002872538,-33.017816432,9.290849210342
    ));
#3498 = CARTESIAN_POINT('',(90.079995064915,-32.98041171308,
    9.422654509502));
#3499 = CARTESIAN_POINT('',(90.079503263698,-32.96621626897,
    9.476768430573));
#3500 = CARTESIAN_POINT('',(90.078522819281,-32.95311463459,9.5311208441
    ));
#3501 = CARTESIAN_POINT('',(90.077056280241,-32.94111998781,
    9.585644846357));
#3502 = CARTESIAN_POINT('',(90.075108589225,-32.93023969626,
    9.640274757297));
#3503 = CARTESIAN_POINT('',(90.07268689913,-32.92047571227,
    9.694946198281));
#3504 = CARTESIAN_POINT('',(90.069800389281,-32.91182496781,
    9.749596169808));
#3505 = CARTESIAN_POINT('',(90.064958022646,-32.90088686861,
    9.828700626539));
#3506 = CARTESIAN_POINT('',(90.063364170656,-32.89771747309,
    9.853221756105));
#3507 = CARTESIAN_POINT('',(90.061679522264,-32.89477083405,
    9.877721144462));
#3508 = CARTESIAN_POINT('',(90.059905126161,-32.89204603461,
    9.902193592116));
#3509 = CARTESIAN_POINT('',(90.058042083109,-32.88954198987,
    9.926634073555));
#3510 = CARTESIAN_POINT('',(90.056091545937,-32.88725744695,
    9.951037737251));
#3511 = CARTESIAN_POINT('',(90.054054719542,-32.88519098492,
    9.97539990566));
#3512 = CARTESIAN_POINT('',(90.048442229754,-32.88029766271,
    10.039718164124));
#3513 = CARTESIAN_POINT('',(90.044721449938,-32.87784023603,
    10.079595859453));
#3514 = CARTESIAN_POINT('',(90.040776066132,-32.87596177059,
    10.119329136858));
#3515 = CARTESIAN_POINT('',(90.036611881051,-32.87465427517,
    10.158899526848));
#3516 = CARTESIAN_POINT('',(90.032234889842,-32.87390889538,
    10.198290063871));
#3517 = CARTESIAN_POINT('',(90.027651214474,-32.87371607739,
    10.237485235387));
#3518 = CARTESIAN_POINT('',(90.022867038142,-32.87406573172,
    10.276470930945));
#3519 = CARTESIAN_POINT('',(90.008122846433,-32.87667684888,
    10.391271787681));
#3520 = CARTESIAN_POINT('',(89.997609763723,-32.88045341216,
    10.466451162973));
#3521 = CARTESIAN_POINT('',(89.986395689695,-32.88619740853,
    10.540680910854));
#3522 = CARTESIAN_POINT('',(89.974526707112,-32.89382480446,
    10.613887286203));
#3523 = CARTESIAN_POINT('',(89.962047705078,-32.90324963917,
    10.686012965825));
#3524 = CARTESIAN_POINT('',(89.94900150076,-32.91438645265,
    10.757015609215));
#3525 = CARTESIAN_POINT('',(89.935427961121,-32.9271527136,
    10.826866419315));
#3526 = CARTESIAN_POINT('',(89.90133812488,-32.96185745206,
    10.993336027199));
#3527 = CARTESIAN_POINT('',(89.880320333081,-32.9853869182,
    11.088740005588));
#3528 = CARTESIAN_POINT('',(89.858412585729,-33.01183650793,
    11.181724632773));
#3529 = CARTESIAN_POINT('',(89.835708338869,-33.04099835921,
    11.272273995377));
#3530 = CARTESIAN_POINT('',(89.81229124009,-33.07268155864,
    11.360390483162));
#3531 = CARTESIAN_POINT('',(89.788234700516,-33.10671381439,
    11.446092999872));
#3532 = CARTESIAN_POINT('',(89.763601466784,-33.142943129,
    11.529415174085));
#3533 = CARTESIAN_POINT('',(89.656833673938,-33.30546684111,
    11.873117304335));
#3534 = CARTESIAN_POINT('',(89.569902343945,-33.45113542124,
    12.110622881586));
#3535 = CARTESIAN_POINT('',(89.479237922098,-33.61396703327,
    12.325415624933));
#3536 = CARTESIAN_POINT('',(89.385935001892,-33.79123007969,
    12.518377179683));
#3537 = CARTESIAN_POINT('',(89.290870169565,-33.98061239026,
    12.690466576454));
#3538 = CARTESIAN_POINT('',(89.194640535361,-34.18051880607,
    12.842299305568));
#3539 = CARTESIAN_POINT('',(89.097635431618,-34.3898525852,
    12.974430582265));
#3540 = CARTESIAN_POINT('',(88.9999994,-34.60825184527,13.086978842129)
  );
#3541 = ORIENTED_EDGE('',*,*,#3542,.T.);
#3542 = EDGE_CURVE('',#3459,#3442,#3543,.T.);
#3543 = CIRCLE('',#3544,3.2);
#3544 = AXIS2_PLACEMENT_3D('',#3545,#3546,#3547);
#3545 = CARTESIAN_POINT('',(89.,-36.07412,10.24247));
#3546 = DIRECTION('',(1.,0.,0.));
#3547 = DIRECTION('',(-0.,0.,1.));
#3548 = ORIENTED_EDGE('',*,*,#3441,.T.);
#3549 = CYLINDRICAL_SURFACE('',#3550,3.2);
#3550 = AXIS2_PLACEMENT_3D('',#3551,#3552,#3553);
#3551 = CARTESIAN_POINT('',(89.,-36.07412,10.24247));
#3552 = DIRECTION('',(1.,0.,0.));
#3553 = DIRECTION('',(-0.,0.,1.));
#3554 = ADVANCED_FACE('',(#3555),#3660,.F.);
#3555 = FACE_BOUND('',#3556,.F.);
#3556 = EDGE_LOOP('',(#3557,#3558,#3566,#3575,#3652,#3659));
#3557 = ORIENTED_EDGE('',*,*,#2008,.F.);
#3558 = ORIENTED_EDGE('',*,*,#3559,.F.);
#3559 = EDGE_CURVE('',#3560,#2009,#3562,.T.);
#3560 = VERTEX_POINT('',#3561);
#3561 = CARTESIAN_POINT('',(89.,26.9073,29.31987));
#3562 = LINE('',#3563,#3564);
#3563 = CARTESIAN_POINT('',(89.,26.9073,29.31987));
#3564 = VECTOR('',#3565,1.);
#3565 = DIRECTION('',(1.,0.,0.));
#3566 = ORIENTED_EDGE('',*,*,#3567,.T.);
#3567 = EDGE_CURVE('',#3560,#3568,#3570,.T.);
#3568 = VERTEX_POINT('',#3569);
#3569 = CARTESIAN_POINT('',(89.,24.268134402602,27.929512215884));
#3570 = CIRCLE('',#3571,3.2);
#3571 = AXIS2_PLACEMENT_3D('',#3572,#3573,#3574);
#3572 = CARTESIAN_POINT('',(89.,26.9073,26.11987));
#3573 = DIRECTION('',(1.,0.,0.));
#3574 = DIRECTION('',(-0.,0.,1.));
#3575 = ORIENTED_EDGE('',*,*,#3576,.T.);
#3576 = EDGE_CURVE('',#3568,#3577,#3579,.T.);
#3577 = VERTEX_POINT('',#3578);
#3578 = CARTESIAN_POINT('',(89.,28.637780704084,23.428135144411));
#3579 = B_SPLINE_CURVE_WITH_KNOTS('',8,(#3580,#3581,#3582,#3583,#3584,
    #3585,#3586,#3587,#3588,#3589,#3590,#3591,#3592,#3593,#3594,#3595,
    #3596,#3597,#3598,#3599,#3600,#3601,#3602,#3603,#3604,#3605,#3606,
    #3607,#3608,#3609,#3610,#3611,#3612,#3613,#3614,#3615,#3616,#3617,
    #3618,#3619,#3620,#3621,#3622,#3623,#3624,#3625,#3626,#3627,#3628,
    #3629,#3630,#3631,#3632,#3633,#3634,#3635,#3636,#3637,#3638,#3639,
    #3640,#3641,#3642,#3643,#3644,#3645,#3646,#3647,#3648,#3649,#3650,
    #3651),.UNSPECIFIED.,.F.,.F.,(9,7,7,7,7,7,7,7,7,7,9),(0.,
    0.27037349078,0.353181541051,0.412101419952,0.441931433172,
    0.500233446179,0.557756930072,0.587576161113,0.646468729775,
    0.729236760614,1.),.UNSPECIFIED.);
#3580 = CARTESIAN_POINT('',(89.,24.268134402602,27.929512215885));
#3581 = CARTESIAN_POINT('',(89.097759309078,24.129015982249,
    27.726623188574));
#3582 = CARTESIAN_POINT('',(89.194884961334,24.007208503511,
    27.510758773027));
#3583 = CARTESIAN_POINT('',(89.291232931975,23.903085932703,
    27.281984927913));
#3584 = CARTESIAN_POINT('',(89.386412591009,23.817882647659,
    27.040331348565));
#3585 = CARTESIAN_POINT('',(89.479824253629,23.753302444993,
    26.786013063228));
#3586 = CARTESIAN_POINT('',(89.570586569502,23.711849404748,
    26.519283060393));
#3587 = CARTESIAN_POINT('',(89.657599057468,23.696359451709,
    26.24066502213));
#3588 = CARTESIAN_POINT('',(89.764274378643,23.716545247735,
    25.860964413933));
#3589 = CARTESIAN_POINT('',(89.788764956344,23.724177120245,
    25.770875588309));
#3590 = CARTESIAN_POINT('',(89.812683650739,23.734842719216,
    25.679744379935));
#3591 = CARTESIAN_POINT('',(89.835968560451,23.748689638779,
    25.587612832705));
#3592 = CARTESIAN_POINT('',(89.858547333392,23.765876117192,
    25.49454514938));
#3593 = CARTESIAN_POINT('',(89.88033758632,23.786568765749,
    25.400628455615));
#3594 = CARTESIAN_POINT('',(89.901247324403,23.810940297688,
    25.305973564001));
#3595 = CARTESIAN_POINT('',(89.93535462821,23.859251403811,
    25.142937550475));
#3596 = CARTESIAN_POINT('',(89.949035345618,23.881285456115,
    25.074861290344));
#3597 = CARTESIAN_POINT('',(89.962180667714,23.905330861144,
    25.006539321627));
#3598 = CARTESIAN_POINT('',(89.974749790417,23.931448036372,
    24.938037626589));
#3599 = CARTESIAN_POINT('',(89.986698866178,23.959693433734,
    24.869435923924));
#3600 = CARTESIAN_POINT('',(89.997981919318,23.990116603735,
    24.800827786847));
#3601 = CARTESIAN_POINT('',(90.00855176135,24.022757259566,
    24.732320761195));
#3602 = CARTESIAN_POINT('',(90.023327089711,24.075303994055,
    24.629465453437));
#3603 = CARTESIAN_POINT('',(90.02809820661,24.093540557011,
    24.594952194637));
#3604 = CARTESIAN_POINT('',(90.032668063213,24.112355138493,
    24.560513003918));
#3605 = CARTESIAN_POINT('',(90.037030464284,24.131749869372,
    24.52616519206));
#3606 = CARTESIAN_POINT('',(90.041179279234,24.151725733754,
    24.491927050399));
#3607 = CARTESIAN_POINT('',(90.045108508208,24.172282399767,
    24.457817817409));
#3608 = CARTESIAN_POINT('',(90.048812348174,24.193418050341,
    24.423857645279));
#3609 = CARTESIAN_POINT('',(90.059072976161,24.257563139053,
    24.324025704618));
#3610 = CARTESIAN_POINT('',(90.064979538066,24.30220203246,
    24.258623648955));
#3611 = CARTESIAN_POINT('',(90.069962105019,24.349013157163,
    24.194030251823));
#3612 = CARTESIAN_POINT('',(90.073983534357,24.397944729897,
    24.130415955918));
#3613 = CARTESIAN_POINT('',(90.077013862152,24.448923217887,
    24.067950941719));
#3614 = CARTESIAN_POINT('',(90.07903178492,24.501850635545,
    24.006803274887));
#3615 = CARTESIAN_POINT('',(90.080026141315,24.556601841177,
    23.947137053673));
#3616 = CARTESIAN_POINT('',(90.079969030229,24.668688428416,
    23.831858909018));
#3617 = CARTESIAN_POINT('',(90.078944700219,24.725991818308,
    23.776190848695));
#3618 = CARTESIAN_POINT('',(90.076924396757,24.784784063919,
    23.722258737951));
#3619 = CARTESIAN_POINT('',(90.073919094451,24.844910970098,
    23.670186824509));
#3620 = CARTESIAN_POINT('',(90.069949358371,24.906213896117,
    23.620073730925));
#3621 = CARTESIAN_POINT('',(90.065043952852,24.968531565804,
    23.571994944286));
#3622 = CARTESIAN_POINT('',(90.059238450299,25.031701877678,
    23.52600530592));
#3623 = CARTESIAN_POINT('',(90.049119015265,25.128668644682,
    23.459403223756));
#3624 = CARTESIAN_POINT('',(90.045433082782,25.161961849743,
    23.437234488709));
#3625 = CARTESIAN_POINT('',(90.04152156203,25.195422394044,
    23.415639471851));
#3626 = CARTESIAN_POINT('',(90.037390238402,25.229030166799,
    23.394620665303));
#3627 = CARTESIAN_POINT('',(90.033045097037,25.262765921451,
    23.374179045431));
#3628 = CARTESIAN_POINT('',(90.028492256652,25.29661131445,
    23.354314240864));
#3629 = CARTESIAN_POINT('',(90.023737903383,25.330548944047,
    23.335024700517));
#3630 = CARTESIAN_POINT('',(90.009012677563,25.431738472311,
    23.279342363769));
#3631 = CARTESIAN_POINT('',(89.998475574481,25.499207704511,
    23.244612290267));
#3632 = CARTESIAN_POINT('',(89.987224340834,25.566847427098,
    23.212094796602));
#3633 = CARTESIAN_POINT('',(89.975306134833,25.634548681841,
    23.181753762922));
#3634 = CARTESIAN_POINT('',(89.962766927049,25.702216184639,
    23.153542742935));
#3635 = CARTESIAN_POINT('',(89.949650580023,25.769768299304,
    23.127407912825));
#3636 = CARTESIAN_POINT('',(89.935997927878,25.837137011345,
    23.103291020165));
#3637 = CARTESIAN_POINT('',(89.901956434322,25.998614128006,
    23.04999035756));
#3638 = CARTESIAN_POINT('',(89.881083622986,26.092476588292,
    23.022720481503));
#3639 = CARTESIAN_POINT('',(89.859328706397,26.185714214438,
    22.999150584406));
#3640 = CARTESIAN_POINT('',(89.836783791636,26.27821058491,
    22.979111509685));
#3641 = CARTESIAN_POINT('',(89.813531380963,26.369873223798,
    22.96243938635));
#3642 = CARTESIAN_POINT('',(89.789643944376,26.460632899784,
    22.948977950924));
#3643 = CARTESIAN_POINT('',(89.765183492181,26.550442925125,
    22.938580869369));
#3644 = CARTESIAN_POINT('',(89.658475141874,26.92989060881,
    22.906687505169));
#3645 = CARTESIAN_POINT('',(89.571369706401,27.209344450058,
    22.913679934372));
#3646 = CARTESIAN_POINT('',(89.480495194867,27.47765946658,
    22.947074158744));
#3647 = CARTESIAN_POINT('',(89.386958865585,27.734221774548,
    23.004036500238));
#3648 = CARTESIAN_POINT('',(89.291647557073,27.978702196513,
    23.082055885746));
#3649 = CARTESIAN_POINT('',(89.195163913351,28.210834085939,
    23.179427073752));
#3650 = CARTESIAN_POINT('',(89.097900054191,28.430552506245,
    23.294910741226));
#3651 = CARTESIAN_POINT('',(88.9999994,28.637781974124,23.428135960903)
  );
#3652 = ORIENTED_EDGE('',*,*,#3653,.T.);
#3653 = EDGE_CURVE('',#3577,#3560,#3654,.T.);
#3654 = CIRCLE('',#3655,3.2);
#3655 = AXIS2_PLACEMENT_3D('',#3656,#3657,#3658);
#3656 = CARTESIAN_POINT('',(89.,26.9073,26.11987));
#3657 = DIRECTION('',(1.,0.,0.));
#3658 = DIRECTION('',(-0.,0.,1.));
#3659 = ORIENTED_EDGE('',*,*,#3559,.T.);
#3660 = CYLINDRICAL_SURFACE('',#3661,3.2);
#3661 = AXIS2_PLACEMENT_3D('',#3662,#3663,#3664);
#3662 = CARTESIAN_POINT('',(89.,26.9073,26.11987));
#3663 = DIRECTION('',(1.,0.,0.));
#3664 = DIRECTION('',(-0.,0.,1.));
#3665 = ADVANCED_FACE('',(#3666),#3778,.F.);
#3666 = FACE_BOUND('',#3667,.F.);
#3667 = EDGE_LOOP('',(#3668,#3669,#3677,#3686,#3770,#3777));
#3668 = ORIENTED_EDGE('',*,*,#2167,.F.);
#3669 = ORIENTED_EDGE('',*,*,#3670,.F.);
#3670 = EDGE_CURVE('',#3671,#2168,#3673,.T.);
#3671 = VERTEX_POINT('',#3672);
#3672 = CARTESIAN_POINT('',(89.,-21.05064,34.23418));
#3673 = LINE('',#3674,#3675);
#3674 = CARTESIAN_POINT('',(89.,-21.05064,34.23418));
#3675 = VECTOR('',#3676,1.);
#3676 = DIRECTION('',(1.,0.,0.));
#3677 = ORIENTED_EDGE('',*,*,#3678,.T.);
#3678 = EDGE_CURVE('',#3671,#3679,#3681,.T.);
#3679 = VERTEX_POINT('',#3680);
#3680 = CARTESIAN_POINT('',(89.,-23.29108214992,28.749356380367));
#3681 = CIRCLE('',#3682,3.2);
#3682 = AXIS2_PLACEMENT_3D('',#3683,#3684,#3685);
#3683 = CARTESIAN_POINT('',(89.,-21.05064,31.03418));
#3684 = DIRECTION('',(1.,0.,0.));
#3685 = DIRECTION('',(-0.,0.,1.));
#3686 = ORIENTED_EDGE('',*,*,#3687,.T.);
#3687 = EDGE_CURVE('',#3679,#3688,#3690,.T.);
#3688 = VERTEX_POINT('',#3689);
#3689 = CARTESIAN_POINT('',(89.,-18.0993069914,32.27096351879));
#3690 = B_SPLINE_CURVE_WITH_KNOTS('',8,(#3691,#3692,#3693,#3694,#3695,
    #3696,#3697,#3698,#3699,#3700,#3701,#3702,#3703,#3704,#3705,#3706,
    #3707,#3708,#3709,#3710,#3711,#3712,#3713,#3714,#3715,#3716,#3717,
    #3718,#3719,#3720,#3721,#3722,#3723,#3724,#3725,#3726,#3727,#3728,
    #3729,#3730,#3731,#3732,#3733,#3734,#3735,#3736,#3737,#3738,#3739,
    #3740,#3741,#3742,#3743,#3744,#3745,#3746,#3747,#3748,#3749,#3750,
    #3751,#3752,#3753,#3754,#3755,#3756,#3757,#3758,#3759,#3760,#3761,
    #3762,#3763,#3764,#3765,#3766,#3767,#3768,#3769),.UNSPECIFIED.,.F.,
  .F.,(9,7,7,7,7,7,7,7,7,7,7,9),(0.,0.270135342815,0.353384621661,
    0.411929905287,0.441655977293,0.500118407961,0.540024237184,
    0.558589620758,0.588322896503,0.646886781244,0.730163697315,1.),
  .UNSPECIFIED.);
#3691 = CARTESIAN_POINT('',(89.,-23.29108214992,28.749356380367));
#3692 = CARTESIAN_POINT('',(89.097671856308,-23.11559077228,
    28.577273828333));
#3693 = CARTESIAN_POINT('',(89.194712003041,-22.92434190396,
    28.41995816638));
#3694 = CARTESIAN_POINT('',(89.290976046364,-22.71733639138,
    28.277789865228));
#3695 = CARTESIAN_POINT('',(89.386074278202,-22.49439077453,
    28.151986023923));
#3696 = CARTESIAN_POINT('',(89.479408843976,-22.25542135409,
    28.044256554237));
#3697 = CARTESIAN_POINT('',(89.570101781356,-22.00024322387,
    27.957101745115));
#3698 = CARTESIAN_POINT('',(89.657056796061,-21.72887772954,
    27.893395777761));
#3699 = CARTESIAN_POINT('',(89.763837293253,-21.35136392959,
    27.847082051443));
#3700 = CARTESIAN_POINT('',(89.788466843789,-21.26086352264,
    27.838868053277));
#3701 = CARTESIAN_POINT('',(89.812519217386,-21.16879292316,
    27.833488675236));
#3702 = CARTESIAN_POINT('',(89.835931607771,-21.07516800041,
    27.83109889355));
#3703 = CARTESIAN_POINT('',(89.858630534317,-20.9800250135,
    27.831868330275));
#3704 = CARTESIAN_POINT('',(89.880532272612,-20.88342178879,
    27.83597909381));
#3705 = CARTESIAN_POINT('',(89.901543285011,-20.78543889734,
    27.843623619401));
#3706 = CARTESIAN_POINT('',(89.93563791887,-20.61637732582,
    27.863004745444));
#3707 = CARTESIAN_POINT('',(89.949222222343,-20.54595055692,
    27.872853167272));
#3708 = CARTESIAN_POINT('',(89.962277357464,-20.47494085194,
    27.884616076912));
#3709 = CARTESIAN_POINT('',(89.974763270456,-20.40340179717,
    27.898363059622));
#3710 = CARTESIAN_POINT('',(89.98663694482,-20.33140084626,
    27.914162201951));
#3711 = CARTESIAN_POINT('',(89.997853288221,-20.25901992777,
    27.932077309546));
#3712 = CARTESIAN_POINT('',(90.008366019383,-20.18635605267,
    27.952165124953));
#3713 = CARTESIAN_POINT('',(90.0230854331,-20.07654075987,27.98579902547
    ));
#3714 = CARTESIAN_POINT('',(90.027848824837,-20.03951641787,
    27.99769747949));
#3715 = CARTESIAN_POINT('',(90.032412601456,-20.00246420535,
    28.010173761649));
#3716 = CARTESIAN_POINT('',(90.036770631348,-19.96540058485,
    28.023232953688));
#3717 = CARTESIAN_POINT('',(90.040916844823,-19.92834316877,
    28.036879195625));
#3718 = CARTESIAN_POINT('',(90.044845298917,-19.89131071622,
    28.051115516459));
#3719 = CARTESIAN_POINT('',(90.048550242192,-19.85432312976,
    28.065943664877));
#3720 = CARTESIAN_POINT('',(90.05886232481,-19.74478738444,
    28.111691080473));
#3721 = CARTESIAN_POINT('',(90.064813693369,-19.6724171998,
    28.144313265348));
#3722 = CARTESIAN_POINT('',(90.069836984651,-19.60046394907,
    28.179228067497));
#3723 = CARTESIAN_POINT('',(90.073894610171,-19.52910571519,
    28.216414430572));
#3724 = CARTESIAN_POINT('',(90.076956202416,-19.45852423921,
    28.255829626411));
#3725 = CARTESIAN_POINT('',(90.079000123729,-19.38890354615,
    28.297406212503));
#3726 = CARTESIAN_POINT('',(90.080014975189,-19.32042857089,
    28.341048989436));
#3727 = CARTESIAN_POINT('',(90.079991638201,-19.20745147136,
    28.417746404901));
#3728 = CARTESIAN_POINT('',(90.079502880424,-19.16223388487,
    28.44976820168));
#3729 = CARTESIAN_POINT('',(90.078534827252,-19.11768787668,
    28.482658793018));
#3730 = CARTESIAN_POINT('',(90.077089952143,-19.07386503003,
    28.516376626202));
#3731 = CARTESIAN_POINT('',(90.075173032488,-19.03081189857,
    28.550877449194));
#3732 = CARTESIAN_POINT('',(90.072790975157,-18.98857024569,
    28.586114608337));
#3733 = CARTESIAN_POINT('',(90.069952642058,-18.94717728379,
    28.622039346058));
#3734 = CARTESIAN_POINT('',(90.065140876452,-18.88781881431,
    28.67561071778));
#3735 = CARTESIAN_POINT('',(90.063516592767,-18.86916221503,
    28.692758509803));
#3736 = CARTESIAN_POINT('',(90.061796891468,-18.85069923689,
    28.710039527359));
#3737 = CARTESIAN_POINT('',(90.059982896949,-18.83243273588,
    28.727448850583));
#3738 = CARTESIAN_POINT('',(90.058075791164,-18.81436530285,
    28.744981587025));
#3739 = CARTESIAN_POINT('',(90.056076813624,-18.79649926356,
    28.762632871652));
#3740 = CARTESIAN_POINT('',(90.053987261399,-18.77883667863,
    28.780397866843));
#3741 = CARTESIAN_POINT('',(90.048319089782,-18.73342065612,
    28.826897589754));
#3742 = CARTESIAN_POINT('',(90.04460081827,-18.70598838867,
    28.855802838149));
#3743 = CARTESIAN_POINT('',(90.040659184777,-18.67908998308,
    28.884967847245));
#3744 = CARTESIAN_POINT('',(90.03649995362,-18.65273111494,
    28.914373484513));
#3745 = CARTESIAN_POINT('',(90.032129078493,-18.62691584981,
    28.944001210541));
#3746 = CARTESIAN_POINT('',(90.027552637726,-18.60164679949,
    28.973833144352));
#3747 = CARTESIAN_POINT('',(90.022776769537,-18.57692527824,
    29.003852128726));
#3748 = CARTESIAN_POINT('',(90.008020140629,-18.50513770898,
    29.093504606856));
#3749 = CARTESIAN_POINT('',(89.997483114391,-18.45965069582,
    29.153627357012));
#3750 = CARTESIAN_POINT('',(89.986243155407,-18.41628814571,
    29.214288131883));
#3751 = CARTESIAN_POINT('',(89.974346566557,-18.37503289914,
    29.275375969201));
#3752 = CARTESIAN_POINT('',(89.961838443547,-18.33585571343,
    29.336791318201));
#3753 = CARTESIAN_POINT('',(89.948761791686,-18.2987180652,
    29.39844649929));
#3754 = CARTESIAN_POINT('',(89.935156642659,-18.26357495288,
    29.460266163713));
#3755 = CARTESIAN_POINT('',(89.90101279044,-18.18317173035,
    29.610239272271));
#3756 = CARTESIAN_POINT('',(89.879974039461,-18.13990719484,
    29.698483506618));
#3757 = CARTESIAN_POINT('',(89.858045764247,-18.10043601906,
    29.786749614225));
#3758 = CARTESIAN_POINT('',(89.835321416945,-18.06460898915,
    29.874891948365));
#3759 = CARTESIAN_POINT('',(89.811884631415,-18.03227817007,
    29.962789761924));
#3760 = CARTESIAN_POINT('',(89.787808798673,-18.00329932487,
    30.050346911714));
#3761 = CARTESIAN_POINT('',(89.763156642337,-17.97753433396,
    30.13749156277));
#3762 = CARTESIAN_POINT('',(89.656401032861,-17.88136288197,
    30.505052997412));
#3763 = CARTESIAN_POINT('',(89.569515600946,-17.84043458601,
    30.780402900512));
#3764 = CARTESIAN_POINT('',(89.478906545023,-17.82720403888,
    31.049390732526));
#3765 = CARTESIAN_POINT('',(89.385665131345,-17.83901853629,
    31.31094027056));
#3766 = CARTESIAN_POINT('',(89.290665255418,-17.8734977691,
    31.564302209828));
#3767 = CARTESIAN_POINT('',(89.194502570981,-17.92902821068,
    31.80892396988));
#3768 = CARTESIAN_POINT('',(89.097565675663,-18.00441602432,
    32.044525772488));
#3769 = CARTESIAN_POINT('',(88.9999994,-18.09930757495,32.270964911315)
  );
#3770 = ORIENTED_EDGE('',*,*,#3771,.T.);
#3771 = EDGE_CURVE('',#3688,#3671,#3772,.T.);
#3772 = CIRCLE('',#3773,3.2);
#3773 = AXIS2_PLACEMENT_3D('',#3774,#3775,#3776);
#3774 = CARTESIAN_POINT('',(89.,-21.05064,31.03418));
#3775 = DIRECTION('',(1.,0.,0.));
#3776 = DIRECTION('',(-0.,0.,1.));
#3777 = ORIENTED_EDGE('',*,*,#3670,.T.);
#3778 = CYLINDRICAL_SURFACE('',#3779,3.2);
#3779 = AXIS2_PLACEMENT_3D('',#3780,#3781,#3782);
#3780 = CARTESIAN_POINT('',(89.,-21.05064,31.03418));
#3781 = DIRECTION('',(1.,0.,0.));
#3782 = DIRECTION('',(-0.,0.,1.));
#3783 = ADVANCED_FACE('',(#3784),#3876,.F.);
#3784 = FACE_BOUND('',#3785,.F.);
#3785 = EDGE_LOOP('',(#3786,#3787,#3795,#3806,#3815,#3875));
#3786 = ORIENTED_EDGE('',*,*,#2350,.F.);
#3787 = ORIENTED_EDGE('',*,*,#3788,.F.);
#3788 = EDGE_CURVE('',#3789,#2351,#3791,.T.);
#3789 = VERTEX_POINT('',#3790);
#3790 = CARTESIAN_POINT('',(89.276625174302,-34.21811,-12.14181));
#3791 = LINE('',#3792,#3793);
#3792 = CARTESIAN_POINT('',(89.,-34.21811,-12.14181));
#3793 = VECTOR('',#3794,1.);
#3794 = DIRECTION('',(1.,0.,0.));
#3795 = ORIENTED_EDGE('',*,*,#3796,.T.);
#3796 = EDGE_CURVE('',#3789,#3797,#3799,.T.);
#3797 = VERTEX_POINT('',#3798);
#3798 = CARTESIAN_POINT('',(89.,-34.9236052877,-12.22054801179));
#3799 = B_SPLINE_CURVE_WITH_KNOTS('',5,(#3800,#3801,#3802,#3803,#3804,
    #3805),.UNSPECIFIED.,.F.,.F.,(6,6),(0.,1.),
  .PIECEWISE_BEZIER_KNOTS.);
#3800 = CARTESIAN_POINT('',(89.276625174302,-34.21811,-12.14181));
#3801 = CARTESIAN_POINT('',(89.222061883751,-34.3628511766,-12.14181));
#3802 = CARTESIAN_POINT('',(89.166988874771,-34.50595524586,
    -12.14999322326));
#3803 = CARTESIAN_POINT('',(89.111545590165,-34.64724261442,
    -12.16599184462));
#3804 = CARTESIAN_POINT('',(89.055849197322,-34.78652315944,
    -12.18956342668));
#3805 = CARTESIAN_POINT('',(88.9999994,-34.9236067604,-12.22054834466));
#3806 = ORIENTED_EDGE('',*,*,#3807,.T.);
#3807 = EDGE_CURVE('',#3797,#3808,#3810,.T.);
#3808 = VERTEX_POINT('',#3809);
#3809 = CARTESIAN_POINT('',(89.,-32.35704195131,-17.94496687544));
#3810 = CIRCLE('',#3811,3.2);
#3811 = AXIS2_PLACEMENT_3D('',#3812,#3813,#3814);
#3812 = CARTESIAN_POINT('',(89.,-34.21811,-15.34181));
#3813 = DIRECTION('',(1.,0.,0.));
#3814 = DIRECTION('',(-0.,0.,1.));
#3815 = ORIENTED_EDGE('',*,*,#3816,.T.);
#3816 = EDGE_CURVE('',#3808,#3789,#3817,.T.);
#3817 = B_SPLINE_CURVE_WITH_KNOTS('',6,(#3818,#3819,#3820,#3821,#3822,
    #3823,#3824,#3825,#3826,#3827,#3828,#3829,#3830,#3831,#3832,#3833,
    #3834,#3835,#3836,#3837,#3838,#3839,#3840,#3841,#3842,#3843,#3844,
    #3845,#3846,#3847,#3848,#3849,#3850,#3851,#3852,#3853,#3854,#3855,
    #3856,#3857,#3858,#3859,#3860,#3861,#3862,#3863,#3864,#3865,#3866,
    #3867,#3868,#3869,#3870,#3871,#3872,#3873,#3874),.UNSPECIFIED.,.F.,
  .F.,(7,5,5,5,5,5,5,5,5,5,5,7),(0.,0.155796980264,0.298991319489,
    0.390945192426,0.455993135763,0.489032861869,0.553559502866,
    0.616843127971,0.648986282717,0.711078266421,0.846476179122,1.),
  .UNSPECIFIED.);
#3818 = CARTESIAN_POINT('',(89.,-32.35704195131,-17.94496687544));
#3819 = CARTESIAN_POINT('',(89.067812400234,-32.21822477473,
    -17.84572267914));
#3820 = CARTESIAN_POINT('',(89.135400742206,-32.08518719341,
    -17.73718670834));
#3821 = CARTESIAN_POINT('',(89.202623159394,-31.95827998883,
    -17.61940413594));
#3822 = CARTESIAN_POINT('',(89.269298382662,-31.83798776928,
    -17.49232778374));
#3823 = CARTESIAN_POINT('',(89.335206168743,-31.72490777622,
    -17.35584809057));
#3824 = CARTESIAN_POINT('',(89.459694728758,-31.52325049526,
    -17.07533479113));
#3825 = CARTESIAN_POINT('',(89.518413166124,-31.43346989163,
    -16.93285811976));
#3826 = CARTESIAN_POINT('',(89.576039829188,-31.35105576704,
    -16.7819951852));
#3827 = CARTESIAN_POINT('',(89.632274661186,-31.27685203624,
    -16.62249081783));
#3828 = CARTESIAN_POINT('',(89.686713746509,-31.21192165189,
    -16.454140377));
#3829 = CARTESIAN_POINT('',(89.772267567689,-31.1228838601,
    -16.16265115292));
#3830 = CARTESIAN_POINT('',(89.80474657654,-31.09249440682,
    -16.0449288993));
#3831 = CARTESIAN_POINT('',(89.836105240442,-31.06691024261,
    -15.92339458069));
#3832 = CARTESIAN_POINT('',(89.866148432287,-31.04660003774,
    -15.79804648515));
#3833 = CARTESIAN_POINT('',(89.894633692291,-31.03210661746,
    -15.66897094937));
#3834 = CARTESIAN_POINT('',(89.940121313826,-31.01831538592,
    -15.44254533481));
#3835 = CARTESIAN_POINT('',(89.958041912496,-31.01581329947,
    -15.34697710429));
#3836 = CARTESIAN_POINT('',(89.974934674741,-31.01673302332,
    -15.24973018494));
#3837 = CARTESIAN_POINT('',(89.990679053759,-31.02130153206,
    -15.15094362635));
#3838 = CARTESIAN_POINT('',(90.005144675589,-31.02973778077,
    -15.0508273928));
#3839 = CARTESIAN_POINT('',(90.024830800311,-31.04857171534,
    -14.89829319792));
#3840 = CARTESIAN_POINT('',(90.031097784083,-31.05596129638,
    -14.84664725656));
#3841 = CARTESIAN_POINT('',(90.03698334408,-31.06442030133,
    -14.79477465908));
#3842 = CARTESIAN_POINT('',(90.042470110571,-31.07396991145,
    -14.74272128033));
#3843 = CARTESIAN_POINT('',(90.047541319432,-31.08462705566,
    -14.69053925798));
#3844 = CARTESIAN_POINT('',(90.061243571438,-31.11940090289,
    -14.53623896382));
#3845 = CARTESIAN_POINT('',(90.068663248211,-31.14667070683,
    -14.43390218532));
#3846 = CARTESIAN_POINT('',(90.074320567453,-31.17828821453,
    -14.33175127943));
#3847 = CARTESIAN_POINT('',(90.07812206496,-31.21424871523,
    -14.23029820088));
#3848 = CARTESIAN_POINT('',(90.080014546691,-31.25443713352,
    -14.13008490017));
#3849 = CARTESIAN_POINT('',(90.079983616245,-31.34190888184,
    -13.93516229195));
#3850 = CARTESIAN_POINT('',(90.078133012675,-31.38905380223,
    -13.84035473254));
#3851 = CARTESIAN_POINT('',(90.074446752377,-31.43979527405,
    -13.74778525635));
#3852 = CARTESIAN_POINT('',(90.068974417393,-31.49382469033,
    -13.65787624791));
#3853 = CARTESIAN_POINT('',(90.061803055599,-31.55078562636,
    -13.57095563818));
#3854 = CARTESIAN_POINT('',(90.048596131984,-31.64052381567,
    -13.44476762294));
#3855 = CARTESIAN_POINT('',(90.043737719021,-31.67141174909,
    -13.4030938649));
#3856 = CARTESIAN_POINT('',(90.038483651803,-31.70291342528,
    -13.36228002002));
#3857 = CARTESIAN_POINT('',(90.032849265082,-31.73498247465,
    -13.32234727654));
#3858 = CARTESIAN_POINT('',(90.026850489403,-31.76757409205,
    -13.28331016138));
#3859 = CARTESIAN_POINT('',(90.008242245031,-31.86453154132,
    -13.17151604105));
#3860 = CARTESIAN_POINT('',(89.994681509445,-31.93020622258,
    -13.10123352495));
#3861 = CARTESIAN_POINT('',(89.979935803396,-31.99736921164,
    -13.03438627701));
#3862 = CARTESIAN_POINT('',(89.964119383986,-32.06575168539,
    -12.97096184478));
#3863 = CARTESIAN_POINT('',(89.947338898591,-32.13512444271,
    -12.91090049979));
#3864 = CARTESIAN_POINT('',(89.891192757232,-32.35834311119,
    -12.73029324328));
#3865 = CARTESIAN_POINT('',(89.848581929658,-32.51510715503,
    -12.62214774259));
#3866 = CARTESIAN_POINT('',(89.802770100357,-32.67390291573,
    -12.52857350967));
#3867 = CARTESIAN_POINT('',(89.754477422133,-32.83350241326,
    -12.44846551226));
#3868 = CARTESIAN_POINT('',(89.704229152219,-32.99312586627,
    -12.38073465533));
#3869 = CARTESIAN_POINT('',(89.593491306802,-33.33312040336,
    -12.26065706554));
#3870 = CARTESIAN_POINT('',(89.532583419083,-33.51324852513,
    -12.21163921408));
#3871 = CARTESIAN_POINT('',(89.47011574763,-33.69223272783,
    -12.17607800713));
#3872 = CARTESIAN_POINT('',(89.406462602904,-33.86957946685,
    -12.15305583902));
#3873 = CARTESIAN_POINT('',(89.34190496263,-34.04494094667,-12.14181));
#3874 = CARTESIAN_POINT('',(89.276625174302,-34.21811,-12.14181));
#3875 = ORIENTED_EDGE('',*,*,#3788,.T.);
#3876 = CYLINDRICAL_SURFACE('',#3877,3.2);
#3877 = AXIS2_PLACEMENT_3D('',#3878,#3879,#3880);
#3878 = CARTESIAN_POINT('',(89.,-34.21811,-15.34181));
#3879 = DIRECTION('',(1.,0.,0.));
#3880 = DIRECTION('',(-0.,0.,1.));
#3881 = ADVANCED_FACE('',(#3882),#3975,.F.);
#3882 = FACE_BOUND('',#3883,.F.);
#3883 = EDGE_LOOP('',(#3884,#3885,#3893,#3915,#3924,#3974));
#3884 = ORIENTED_EDGE('',*,*,#2521,.F.);
#3885 = ORIENTED_EDGE('',*,*,#3886,.F.);
#3886 = EDGE_CURVE('',#3887,#2522,#3889,.T.);
#3887 = VERTEX_POINT('',#3888);
#3888 = CARTESIAN_POINT('',(89.940672313592,-16.35107,-30.54748));
#3889 = LINE('',#3890,#3891);
#3890 = CARTESIAN_POINT('',(89.,-16.35107,-30.54748));
#3891 = VECTOR('',#3892,1.);
#3892 = DIRECTION('',(1.,0.,0.));
#3893 = ORIENTED_EDGE('',*,*,#3894,.T.);
#3894 = EDGE_CURVE('',#3887,#3895,#3897,.T.);
#3895 = VERTEX_POINT('',#3896);
#3896 = CARTESIAN_POINT('',(89.,-18.8978213898,-31.80994100464));
#3897 = B_SPLINE_CURVE_WITH_KNOTS('',6,(#3898,#3899,#3900,#3901,#3902,
    #3903,#3904,#3905,#3906,#3907,#3908,#3909,#3910,#3911,#3912,#3913,
    #3914),.UNSPECIFIED.,.F.,.F.,(7,5,5,7),(0.,0.248875436647,
    0.609159878782,1.),.UNSPECIFIED.);
#3898 = CARTESIAN_POINT('',(89.940672313591,-16.35107,-30.54748));
#3899 = CARTESIAN_POINT('',(89.912956598362,-16.49789570446,-30.54748));
#3900 = CARTESIAN_POINT('',(89.88287900781,-16.64090052356,
    -30.55556413594));
#3901 = CARTESIAN_POINT('',(89.850831109544,-16.77975217063,
    -30.57094364493));
#3902 = CARTESIAN_POINT('',(89.817144572961,-16.91427961234,
    -30.5928948083));
#3903 = CARTESIAN_POINT('',(89.782083875027,-17.04444930389,
    -30.62079074664));
#3904 = CARTESIAN_POINT('',(89.693369133673,-17.35258910977,
    -30.70240142761));
#3905 = CARTESIAN_POINT('',(89.638446837204,-17.52577188584,
    -30.76205675205));
#3906 = CARTESIAN_POINT('',(89.581650397246,-17.69015839259,
    -30.83157112863));
#3907 = CARTESIAN_POINT('',(89.523406417884,-17.84592411282,
    -30.90981970703));
#3908 = CARTESIAN_POINT('',(89.464030457131,-17.99331025627,
    -30.99590774734));
#3909 = CARTESIAN_POINT('',(89.338293228741,-18.28363705044,
    -31.19047854062));
#3910 = CARTESIAN_POINT('',(89.271796794618,-18.42507178831,
    -31.30019424129));
#3911 = CARTESIAN_POINT('',(89.204512186003,-18.55714573087,
    -31.41755642979));
#3912 = CARTESIAN_POINT('',(89.136666808856,-18.67995409349,
    -31.5419453322));
#3913 = CARTESIAN_POINT('',(89.068447380993,-18.79353186652,
    -31.6728600225));
#3914 = CARTESIAN_POINT('',(88.9999994,-18.89782230399,-31.80994220627)
  );
#3915 = ORIENTED_EDGE('',*,*,#3916,.T.);
#3916 = EDGE_CURVE('',#3895,#3917,#3919,.T.);
#3917 = VERTEX_POINT('',#3918);
#3918 = CARTESIAN_POINT('',(89.,-13.25213323843,-34.54534649747));
#3919 = CIRCLE('',#3920,3.2);
#3920 = AXIS2_PLACEMENT_3D('',#3921,#3922,#3923);
#3921 = CARTESIAN_POINT('',(89.,-16.35107,-33.74748));
#3922 = DIRECTION('',(1.,0.,0.));
#3923 = DIRECTION('',(-0.,0.,1.));
#3924 = ORIENTED_EDGE('',*,*,#3925,.T.);
#3925 = EDGE_CURVE('',#3917,#3887,#3926,.T.);
#3926 = B_SPLINE_CURVE_WITH_KNOTS('',6,(#3927,#3928,#3929,#3930,#3931,
    #3932,#3933,#3934,#3935,#3936,#3937,#3938,#3939,#3940,#3941,#3942,
    #3943,#3944,#3945,#3946,#3947,#3948,#3949,#3950,#3951,#3952,#3953,
    #3954,#3955,#3956,#3957,#3958,#3959,#3960,#3961,#3962,#3963,#3964,
    #3965,#3966,#3967,#3968,#3969,#3970,#3971,#3972,#3973),
  .UNSPECIFIED.,.F.,.F.,(7,5,5,5,5,5,5,5,5,7),(0.,0.221240208934,
    0.424568888698,0.554947906929,0.64703123409,0.693985656084,
    0.785361236148,0.872882120015,0.916608543895,1.),.UNSPECIFIED.);
#3927 = CARTESIAN_POINT('',(89.,-13.25213323843,-34.54534649747));
#3928 = CARTESIAN_POINT('',(89.067846585888,-13.20956438863,
    -34.38000784251));
#3929 = CARTESIAN_POINT('',(89.135468875423,-13.17740609575,
    -34.21126292573));
#3930 = CARTESIAN_POINT('',(89.202724808123,-13.15589837474,
    -34.03937217805));
#3931 = CARTESIAN_POINT('',(89.269432825061,-13.14544348528,
    -33.86461136621));
#3932 = CARTESIAN_POINT('',(89.335372302662,-13.14657029264,
    -33.68728096112));
#3933 = CARTESIAN_POINT('',(89.45991415224,-13.17247372047,
    -33.34260026684));
#3934 = CARTESIAN_POINT('',(89.518654497866,-13.1953240163,
    -33.17566992676));
#3935 = CARTESIAN_POINT('',(89.576301487198,-13.22921927065,
    -33.00704964318));
#3936 = CARTESIAN_POINT('',(89.632554482486,-13.27497150779,
    -32.83708709077));
#3937 = CARTESIAN_POINT('',(89.687008719703,-13.33352822413,
    -32.66630999917));
#3938 = CARTESIAN_POINT('',(89.772531547404,-13.45278249428,
    -32.38582313358));
#3939 = CARTESIAN_POINT('',(89.804969751138,-13.50515908589,
    -32.27622299889));
#3940 = CARTESIAN_POINT('',(89.836288975193,-13.56365622455,
    -32.16679251953));
#3941 = CARTESIAN_POINT('',(89.866294539827,-13.62863298725,
    -32.05783105707));
#3942 = CARTESIAN_POINT('',(89.894744605112,-13.70044855446,
    -31.94975272034));
#3943 = CARTESIAN_POINT('',(89.940147744462,-13.83522898009,
    -31.7677497307));
#3944 = CARTESIAN_POINT('',(89.958020392846,-13.89458966741,
    -31.69312893704));
#3945 = CARTESIAN_POINT('',(89.974870528591,-13.95763125565,
    -31.61941706098));
#3946 = CARTESIAN_POINT('',(89.990578575664,-14.02443755575,
    -31.5468644849));
#3947 = CARTESIAN_POINT('',(90.00501522162,-14.09504123207,
    -31.47577025646));
#3948 = CARTESIAN_POINT('',(90.024696161045,-14.20731405063,
    -31.37113899154));
#3949 = CARTESIAN_POINT('',(90.030977878386,-14.24620455801,
    -31.33627240053));
#3950 = CARTESIAN_POINT('',(90.036877440819,-14.28606261696,
    -31.30192023114));
#3951 = CARTESIAN_POINT('',(90.042377407913,-14.32687498671,
    -31.26813140251));
#3952 = CARTESIAN_POINT('',(90.047460943725,-14.36862111309,
    -31.23495691545));
#3953 = CARTESIAN_POINT('',(90.061164468958,-14.49427192753,
    -31.13918706721));
#3954 = CARTESIAN_POINT('',(90.068582128541,-14.5807150363,
    -31.07843649108));
#3955 = CARTESIAN_POINT('',(90.074246301767,-14.67035670881,
    -31.0206064777));
#3956 = CARTESIAN_POINT('',(90.078063958151,-14.7628672841,
    -30.96608365494));
#3957 = CARTESIAN_POINT('',(90.079981888631,-14.85781403181,
    -30.91520741745));
#3958 = CARTESIAN_POINT('',(90.080018215169,-15.04738797489,
    -30.82326420231));
#3959 = CARTESIAN_POINT('',(90.078293504153,-15.14188637712,
    -30.78186096465));
#3960 = CARTESIAN_POINT('',(90.074825495682,-15.23765520331,
    -30.74427163478));
#3961 = CARTESIAN_POINT('',(90.069658357991,-15.33422430302,
    -30.71061630965));
#3962 = CARTESIAN_POINT('',(90.062870496211,-15.43114358755,
    -30.68092182071));
#3963 = CARTESIAN_POINT('',(90.050413690304,-15.57637534281,
    -30.6422658039));
#3964 = CARTESIAN_POINT('',(90.045884098839,-15.62474694128,
    -30.63036371055));
#3965 = CARTESIAN_POINT('',(90.040987336769,-15.67305563227,
    -30.61943192213));
#3966 = CARTESIAN_POINT('',(90.035736739776,-15.72125710989,
    -30.60945939297));
#3967 = CARTESIAN_POINT('',(90.030146224918,-15.76931166177,
    -30.60043144296));
#3968 = CARTESIAN_POINT('',(90.012946597915,-15.90848235679,
    -30.57688222984));
#3969 = CARTESIAN_POINT('',(90.000478422131,-15.99911528582,
    -30.56480728246));
#3970 = CARTESIAN_POINT('',(89.986922435786,-16.08884575266,
    -30.55598437159));
#3971 = CARTESIAN_POINT('',(89.972376390466,-16.17749362156,
    -30.55026271109));
#3972 = CARTESIAN_POINT('',(89.956932673389,-16.26492974483,-30.54748));
#3973 = CARTESIAN_POINT('',(89.940672313591,-16.35107,-30.54748));
#3974 = ORIENTED_EDGE('',*,*,#3886,.T.);
#3975 = CYLINDRICAL_SURFACE('',#3976,3.2);
#3976 = AXIS2_PLACEMENT_3D('',#3977,#3978,#3979);
#3977 = CARTESIAN_POINT('',(89.,-16.35107,-33.74748));
#3978 = DIRECTION('',(1.,0.,0.));
#3979 = DIRECTION('',(-0.,0.,1.));
#3980 = ADVANCED_FACE('',(#3981),#4091,.F.);
#3981 = FACE_BOUND('',#3982,.F.);
#3982 = EDGE_LOOP('',(#3983,#3984,#3992,#4048,#4057,#4090));
#3983 = ORIENTED_EDGE('',*,*,#2704,.F.);
#3984 = ORIENTED_EDGE('',*,*,#3985,.F.);
#3985 = EDGE_CURVE('',#3986,#2705,#3988,.T.);
#3986 = VERTEX_POINT('',#3987);
#3987 = CARTESIAN_POINT('',(90.037612300527,9.16682,-33.16233));
#3988 = LINE('',#3989,#3990);
#3989 = CARTESIAN_POINT('',(89.,9.16682,-33.16233));
#3990 = VECTOR('',#3991,1.);
#3991 = DIRECTION('',(1.,0.,0.));
#3992 = ORIENTED_EDGE('',*,*,#3993,.T.);
#3993 = EDGE_CURVE('',#3986,#3994,#3996,.T.);
#3994 = VERTEX_POINT('',#3995);
#3995 = CARTESIAN_POINT('',(89.,5.970469380977,-36.51511324603));
#3996 = B_SPLINE_CURVE_WITH_KNOTS('',8,(#3997,#3998,#3999,#4000,#4001,
    #4002,#4003,#4004,#4005,#4006,#4007,#4008,#4009,#4010,#4011,#4012,
    #4013,#4014,#4015,#4016,#4017,#4018,#4019,#4020,#4021,#4022,#4023,
    #4024,#4025,#4026,#4027,#4028,#4029,#4030,#4031,#4032,#4033,#4034,
    #4035,#4036,#4037,#4038,#4039,#4040,#4041,#4042,#4043,#4044,#4045,
    #4046,#4047),.UNSPECIFIED.,.F.,.F.,(9,7,7,7,7,7,7,9),(0.,
    4.757453568244E-02,0.125971383329,0.228792608901,0.280461138087,
    0.382818977782,0.5287051927,1.),.UNSPECIFIED.);
#3997 = CARTESIAN_POINT('',(90.037612300527,9.16682,-33.16233));
#3998 = CARTESIAN_POINT('',(90.041461232083,9.130704362094,-33.16233));
#3999 = CARTESIAN_POINT('',(90.045131058611,9.094433000854,
    -33.1627958393));
#4000 = CARTESIAN_POINT('',(90.048617511343,9.058016250321,
    -33.16373453708));
#4001 = CARTESIAN_POINT('',(90.05191628911,9.021466012121,-33.1651528058
    ));
#4002 = CARTESIAN_POINT('',(90.055023134194,8.984795779551,
    -33.1670568704));
#4003 = CARTESIAN_POINT('',(90.057933908185,8.948020661689,
    -33.16945228744));
#4004 = CARTESIAN_POINT('',(90.060644667837,8.911157407482,
    -33.1723437643));
#4005 = CARTESIAN_POINT('',(90.067283081843,8.813363530656,
    -33.18132327219));
#4006 = CARTESIAN_POINT('',(90.070861669291,8.752307981495,
    -33.18826910322));
#4007 = CARTESIAN_POINT('',(90.073870961519,8.691139871634,
    -33.19658924988));
#4008 = CARTESIAN_POINT('',(90.076297037008,8.629944176972,
    -33.20629381869));
#4009 = CARTESIAN_POINT('',(90.078128937225,8.568808657438,
    -33.21738549879));
#4010 = CARTESIAN_POINT('',(90.079359009392,8.507823754394,
    -33.2298588166));
#4011 = CARTESIAN_POINT('',(90.079983249251,8.447082488028,
    -33.24369939039));
#4012 = CARTESIAN_POINT('',(90.080025769215,8.307460060095,
    -33.27879745969));
#4013 = CARTESIAN_POINT('',(90.079007709413,8.228808961578,
    -33.30102595449));
#4014 = CARTESIAN_POINT('',(90.07694702576,8.150948338572,
    -33.32551383151));
#4015 = CARTESIAN_POINT('',(90.0738553468,8.074076137392,-33.35218485799
    ));
#4016 = CARTESIAN_POINT('',(90.069754807118,7.998368378268,
    -33.38094456122));
#4017 = CARTESIAN_POINT('',(90.06467648617,7.923980562314,
    -33.41168338351));
#4018 = CARTESIAN_POINT('',(90.058658847113,7.851049078498,
    -33.44427983723));
#4019 = CARTESIAN_POINT('',(90.04827250017,7.743835386359,
    -33.49585166872));
#4020 = CARTESIAN_POINT('',(90.044572553791,7.708373043283,
    -33.51353719275));
#4021 = CARTESIAN_POINT('',(90.040651758552,7.67331905221,
    -33.53164456405));
#4022 = CARTESIAN_POINT('',(90.036515784486,7.638685085015,
    -33.55015801016));
#4023 = CARTESIAN_POINT('',(90.032170486612,7.604481135729,
    -33.56906176561));
#4024 = CARTESIAN_POINT('',(90.027621841941,7.570715641656,
    -33.58834018366));
#4025 = CARTESIAN_POINT('',(90.02287588649,7.537395604483,-33.607977848)
  );
#4026 = CARTESIAN_POINT('',(90.008157754045,7.439411854382,
    -33.6675446628));
#4027 = CARTESIAN_POINT('',(89.997626495037,7.37607012138,
    -33.70847893325));
#4028 = CARTESIAN_POINT('',(89.986391535137,7.314541274237,
    -33.75064703035));
#4029 = CARTESIAN_POINT('',(89.974499218465,7.254847295109,
    -33.79393868201));
#4030 = CARTESIAN_POINT('',(89.961994687307,7.196994868805,
    -33.83825020483));
#4031 = CARTESIAN_POINT('',(89.948920996021,7.140977865127,
    -33.8834858995));
#4032 = CARTESIAN_POINT('',(89.935318224953,7.086779821223,
    -33.9295594461));
#4033 = CARTESIAN_POINT('',(89.901132699875,6.959688121558,
    -34.04314842172));
#4034 = CARTESIAN_POINT('',(89.880044789174,6.888656507883,
    -34.11143971388));
#4035 = CARTESIAN_POINT('',(89.858062535067,6.821200305957,
    -34.18105627512));
#4036 = CARTESIAN_POINT('',(89.835280124548,6.757228447146,
    -34.25180871967));
#4037 = CARTESIAN_POINT('',(89.811781829226,6.696642474335,
    -34.32353173278));
#4038 = CARTESIAN_POINT('',(89.787641575775,6.639338945137,
    -34.39608462674));
#4039 = CARTESIAN_POINT('',(89.762922516382,6.5852118351,-34.46935189676
    ));
#4040 = CARTESIAN_POINT('',(89.656118038777,6.369212357974,
    -34.78195625219));
#4041 = CARTESIAN_POINT('',(89.569262669734,6.236718165325,
    -35.02659791671));
#4042 = CARTESIAN_POINT('',(89.478689845697,6.132395925562,
    -35.27472629465));
#4043 = CARTESIAN_POINT('',(89.3854886652,6.05412406139,-35.52442683634)
  );
#4044 = CARTESIAN_POINT('',(89.290531270921,5.999926092886,
    -35.7741843442));
#4045 = CARTESIAN_POINT('',(89.194412366837,5.968476999925,
    -36.02292939258));
#4046 = CARTESIAN_POINT('',(89.097520070848,5.958752618227,
    -36.26999139977));
#4047 = CARTESIAN_POINT('',(88.9999994,5.970469453065,-36.51511475416));
#4048 = ORIENTED_EDGE('',*,*,#4049,.T.);
#4049 = EDGE_CURVE('',#3994,#4050,#4052,.T.);
#4050 = VERTEX_POINT('',#4051);
#4051 = CARTESIAN_POINT('',(89.,12.053603314624,-34.98157582404));
#4052 = CIRCLE('',#4053,3.2);
#4053 = AXIS2_PLACEMENT_3D('',#4054,#4055,#4056);
#4054 = CARTESIAN_POINT('',(89.,9.16682,-36.36233));
#4055 = DIRECTION('',(1.,0.,0.));
#4056 = DIRECTION('',(-0.,0.,1.));
#4057 = ORIENTED_EDGE('',*,*,#4058,.T.);
#4058 = EDGE_CURVE('',#4050,#3986,#4059,.T.);
#4059 = B_SPLINE_CURVE_WITH_KNOTS('',5,(#4060,#4061,#4062,#4063,#4064,
    #4065,#4066,#4067,#4068,#4069,#4070,#4071,#4072,#4073,#4074,#4075,
    #4076,#4077,#4078,#4079,#4080,#4081,#4082,#4083,#4084,#4085,#4086,
    #4087,#4088,#4089),.UNSPECIFIED.,.F.,.F.,(6,4,4,4,4,4,4,6),(0.,
    0.152377530546,0.300718602763,0.443783684268,0.580019010483,
    0.766341575138,0.886984424275,1.),.UNSPECIFIED.);
#4060 = CARTESIAN_POINT('',(89.,12.053603314624,-34.98157582404));
#4061 = CARTESIAN_POINT('',(89.037676843515,12.012693782863,
    -34.89604506429));
#4062 = CARTESIAN_POINT('',(89.075284001273,11.968516368464,
    -34.81182036073));
#4063 = CARTESIAN_POINT('',(89.112790744904,11.921070265968,
    -34.72897793542));
#4064 = CARTESIAN_POINT('',(89.150162639085,11.870338037133,
    -34.64760538012));
#4065 = CARTESIAN_POINT('',(89.223575050545,11.763665025542,
    -34.49011192129));
#4066 = CARTESIAN_POINT('',(89.259624094468,11.70789795495,
    -34.41391019633));
#4067 = CARTESIAN_POINT('',(89.295473802018,11.648952880834,
    -34.33928707386));
#4068 = CARTESIAN_POINT('',(89.331082506977,11.586782344999,
    -34.26635164728));
#4069 = CARTESIAN_POINT('',(89.400464803357,11.45819172328,
    -34.1266408775));
#4070 = CARTESIAN_POINT('',(89.434257978819,11.39200224637,
    -34.05974004363));
#4071 = CARTESIAN_POINT('',(89.467737972353,11.322695515392,
    -33.99464341181));
#4072 = CARTESIAN_POINT('',(89.500851376824,11.250203079949,
    -33.93149041936));
#4073 = CARTESIAN_POINT('',(89.56465480124,11.102291840628,
    -33.81232359821));
#4074 = CARTESIAN_POINT('',(89.595384182415,11.027179957832,
    -33.7561144882));
#4075 = CARTESIAN_POINT('',(89.625665651897,10.949027756518,
    -33.70196778462));
#4076 = CARTESIAN_POINT('',(89.655428544894,10.867757643708,
    -33.65006309738));
#4077 = CARTESIAN_POINT('',(89.724461831756,10.667751685168,
    -33.53299715197));
#4078 = CARTESIAN_POINT('',(89.76319893998,10.546243483004,
    -33.46998758354));
#4079 = CARTESIAN_POINT('',(89.800582589908,10.418511533226,
    -33.41213358071));
#4080 = CARTESIAN_POINT('',(89.836295475327,10.284391964618,
    -33.36019380376));
#4081 = CARTESIAN_POINT('',(89.891688379991,10.052816491092,
    -33.28594491834));
#4082 = CARTESIAN_POINT('',(89.912579669351,9.95911313565,
    -33.25964862343));
#4083 = CARTESIAN_POINT('',(89.932476683547,9.862713154105,
    -33.23649820437));
#4084 = CARTESIAN_POINT('',(89.951234550658,9.76367593618,-33.2168058363
    ));
#4085 = CARTESIAN_POINT('',(89.985043060389,9.567054659345,
    -33.18599901272));
#4086 = CARTESIAN_POINT('',(90.00025242057,9.469778305476,
    -33.17442164302));
#4087 = CARTESIAN_POINT('',(90.01418444856,9.370462711194,
    -33.16643647816));
#4088 = CARTESIAN_POINT('',(90.026685572783,9.269348646451,-33.16233));
#4089 = CARTESIAN_POINT('',(90.037612300527,9.16682,-33.16233));
#4090 = ORIENTED_EDGE('',*,*,#3985,.T.);
#4091 = CYLINDRICAL_SURFACE('',#4092,3.2);
#4092 = AXIS2_PLACEMENT_3D('',#4093,#4094,#4095);
#4093 = CARTESIAN_POINT('',(89.,9.16682,-36.36233));
#4094 = DIRECTION('',(1.,0.,0.));
#4095 = DIRECTION('',(-0.,0.,1.));
#4096 = ADVANCED_FACE('',(#4097),#4205,.F.);
#4097 = FACE_BOUND('',#4098,.F.);
#4098 = EDGE_LOOP('',(#4099,#4100,#4108,#4178,#4187,#4204));
#4099 = ORIENTED_EDGE('',*,*,#2881,.F.);
#4100 = ORIENTED_EDGE('',*,*,#4101,.F.);
#4101 = EDGE_CURVE('',#4102,#2882,#4104,.T.);
#4102 = VERTEX_POINT('',#4103);
#4103 = CARTESIAN_POINT('',(89.511946692009,30.39545,-18.76285));
#4104 = LINE('',#4105,#4106);
#4105 = CARTESIAN_POINT('',(89.,30.39545,-18.76285));
#4106 = VECTOR('',#4107,1.);
#4107 = DIRECTION('',(1.,0.,0.));
#4108 = ORIENTED_EDGE('',*,*,#4109,.T.);
#4109 = EDGE_CURVE('',#4102,#4110,#4112,.T.);
#4110 = VERTEX_POINT('',#4111);
#4111 = CARTESIAN_POINT('',(89.,28.045105508522,-24.13445787698));
#4112 = B_SPLINE_CURVE_WITH_KNOTS('',8,(#4113,#4114,#4115,#4116,#4117,
    #4118,#4119,#4120,#4121,#4122,#4123,#4124,#4125,#4126,#4127,#4128,
    #4129,#4130,#4131,#4132,#4133,#4134,#4135,#4136,#4137,#4138,#4139,
    #4140,#4141,#4142,#4143,#4144,#4145,#4146,#4147,#4148,#4149,#4150,
    #4151,#4152,#4153,#4154,#4155,#4156,#4157,#4158,#4159,#4160,#4161,
    #4162,#4163,#4164,#4165,#4166,#4167,#4168,#4169,#4170,#4171,#4172,
    #4173,#4174,#4175,#4176,#4177),.UNSPECIFIED.,.F.,.F.,(9,7,7,7,7,7,7,
    7,7,9),(0.,0.227983875909,0.289976000652,0.322405137236,
    0.388610339529,0.460516206321,0.496647083118,0.568221671529,
    0.670233194641,1.),.UNSPECIFIED.);
#4113 = CARTESIAN_POINT('',(89.511946692009,30.39545,-18.76285));
#4114 = CARTESIAN_POINT('',(89.574662009776,30.211195489149,-18.76285));
#4115 = CARTESIAN_POINT('',(89.635917400799,30.023393862992,
    -18.77497421409));
#4116 = CARTESIAN_POINT('',(89.695548775941,29.831858700482,
    -18.80004364673));
#4117 = CARTESIAN_POINT('',(89.753183724816,29.636763244906,
    -18.83921307817));
#4118 = CARTESIAN_POINT('',(89.808243327815,29.438665260227,
    -18.89389434912));
#4119 = CARTESIAN_POINT('',(89.859957250467,29.238518576872,
    -18.96565069426));
#4120 = CARTESIAN_POINT('',(89.907363434686,29.037680751901,
    -19.05617630229));
#4121 = CARTESIAN_POINT('',(89.960656992119,28.78361012532,
    -19.19773908724));
#4122 = CARTESIAN_POINT('',(89.971635957674,28.729408367992,
    -19.22951986828));
#4123 = CARTESIAN_POINT('',(89.982174538941,28.675370368767,
    -19.26284666946));
#4124 = CARTESIAN_POINT('',(89.992244732877,28.621553239131,
    -19.29774515711));
#4125 = CARTESIAN_POINT('',(90.001817145895,28.568021522513,
    -19.33423596162));
#4126 = CARTESIAN_POINT('',(90.010861547179,28.514846886965,
    -19.37233302163));
#4127 = CARTESIAN_POINT('',(90.01934742201,28.462107817846,
    -19.41204192818));
#4128 = CARTESIAN_POINT('',(90.031375634239,28.382572919687,
    -19.47497155065));
#4129 = CARTESIAN_POINT('',(90.035345638468,28.355399150538,
    -19.49702443245));
#4130 = CARTESIAN_POINT('',(90.039150116981,28.328380468021,
    -19.51951621853));
#4131 = CARTESIAN_POINT('',(90.0427847641,28.301529724457,
    -19.54244524791));
#4132 = CARTESIAN_POINT('',(90.046245389255,28.274860159525,
    -19.56580889437));
#4133 = CARTESIAN_POINT('',(90.049527916985,28.248385400259,
    -19.5896035665));
#4134 = CARTESIAN_POINT('',(90.05262838694,28.222119461052,
    -19.61382470764));
#4135 = CARTESIAN_POINT('',(90.061493142934,28.142909636678,
    -19.68877447025));
#4136 = CARTESIAN_POINT('',(90.066669322654,28.090666732134,
    -19.74084199708));
#4137 = CARTESIAN_POINT('',(90.071038416392,28.039477395948,
    -19.79461441145));
#4138 = CARTESIAN_POINT('',(90.074571956231,27.989468920682,
    -19.85002228485));
#4139 = CARTESIAN_POINT('',(90.07724708087,27.940764964011,
    -19.9069801709));
#4140 = CARTESIAN_POINT('',(90.079047533522,27.893483987226,
    -19.96538505107));
#4141 = CARTESIAN_POINT('',(90.079964659797,27.847737693716,
    -20.02511478031));
#4142 = CARTESIAN_POINT('',(90.080035057121,27.755723258719,
    -20.15218315199));
#4143 = CARTESIAN_POINT('',(90.079029640634,27.709739125574,
    -20.21974832154));
#4144 = CARTESIAN_POINT('',(90.076981617118,27.6658114993,
    -20.28853793829));
#4145 = CARTESIAN_POINT('',(90.073902517573,27.62404321395,
    -20.35836645634));
#4146 = CARTESIAN_POINT('',(90.069814386177,27.58450860121,
    -20.42904839855));
#4147 = CARTESIAN_POINT('',(90.06474822343,27.547256585247,
    -20.50039986803));
#4148 = CARTESIAN_POINT('',(90.058742429307,27.512313777568,
    -20.5722400597));
#4149 = CARTESIAN_POINT('',(90.048373576797,27.463293729874,
    -20.68064768205));
#4150 = CARTESIAN_POINT('',(90.044679576767,27.447483466858,
    -20.71698433973));
#4151 = CARTESIAN_POINT('',(90.040764661734,27.432257056178,
    -20.75338207373));
#4152 = CARTESIAN_POINT('',(90.036634496062,27.417613324235,
    -20.78982128765));
#4153 = CARTESIAN_POINT('',(90.03229493004,27.403549815033,
    -20.82628346766));
#4154 = CARTESIAN_POINT('',(90.027751936871,27.390062954748,
    -20.86275119026));
#4155 = CARTESIAN_POINT('',(90.023011549654,27.37714821629,
    -20.89920813022));
#4156 = CARTESIAN_POINT('',(90.008310091687,27.340339261635,
    -21.00780807258));
#4157 = CARTESIAN_POINT('',(89.997789738742,27.318103610228,
    -21.07987228773));
#4158 = CARTESIAN_POINT('',(89.986565379833,27.29804970571,
    -21.15171758708));
#4159 = CARTESIAN_POINT('',(89.974683349358,27.280123613265,
    -21.22324525448));
#4160 = CARTESIAN_POINT('',(89.962188788072,27.264263889451,
    -21.29437145846));
#4161 = CARTESIAN_POINT('',(89.949124755353,27.25040438445,
    -21.36502672639));
#4162 = CARTESIAN_POINT('',(89.935531341463,27.238477044318,
    -21.43515541866));
#4163 = CARTESIAN_POINT('',(89.901367939108,27.214073398224,
    -21.60385513057));
#4164 = CARTESIAN_POINT('',(89.880292506489,27.203522407079,
    -21.70182434751));
#4165 = CARTESIAN_POINT('',(89.858322188453,27.196562701935,
    -21.79851177584));
#4166 = CARTESIAN_POINT('',(89.835551210672,27.193002817474,
    -21.89383068537));
#4167 = CARTESIAN_POINT('',(89.812063885716,27.192661068916,
    -21.98771757116));
#4168 = CARTESIAN_POINT('',(89.78793418078,27.195367760005,
    -22.0801310313));
#4169 = CARTESIAN_POINT('',(89.763225285408,27.200967390999,
    -22.17105064461));
#4170 = CARTESIAN_POINT('',(89.65640986482,27.236324668744,
    -22.54955558058));
#4171 = CARTESIAN_POINT('',(89.569523537484,27.292038104962,
    -22.82230392206));
#4172 = CARTESIAN_POINT('',(89.478913370992,27.371603943996,
    -23.07960022833));
#4173 = CARTESIAN_POINT('',(89.385670706316,27.472161198901,
    -23.32134041988));
#4174 = CARTESIAN_POINT('',(89.290669498735,27.591216660029,
    -23.54763450642));
#4175 = CARTESIAN_POINT('',(89.194505434489,27.727065018749,
    -23.75851509691));
#4176 = CARTESIAN_POINT('',(89.097567127021,27.878488678613,
    -23.95412763329));
#4177 = CARTESIAN_POINT('',(88.9999994,28.04510653315,-24.13445898594));
#4178 = ORIENTED_EDGE('',*,*,#4179,.T.);
#4179 = EDGE_CURVE('',#4110,#4180,#4182,.T.);
#4180 = VERTEX_POINT('',#4181);
#4181 = CARTESIAN_POINT('',(89.,31.719316522579,-19.04953960967));
#4182 = CIRCLE('',#4183,3.2);
#4183 = AXIS2_PLACEMENT_3D('',#4184,#4185,#4186);
#4184 = CARTESIAN_POINT('',(89.,30.39545,-21.96285));
#4185 = DIRECTION('',(1.,0.,0.));
#4186 = DIRECTION('',(-0.,0.,1.));
#4187 = ORIENTED_EDGE('',*,*,#4188,.T.);
#4188 = EDGE_CURVE('',#4180,#4102,#4189,.T.);
#4189 = B_SPLINE_CURVE_WITH_KNOTS('',4,(#4190,#4191,#4192,#4193,#4194,
    #4195,#4196,#4197,#4198,#4199,#4200,#4201,#4202,#4203),
  .UNSPECIFIED.,.F.,.F.,(5,3,3,3,5),(0.,0.257110191389,0.510433032828,
    0.758211696242,1.),.UNSPECIFIED.);
#4190 = CARTESIAN_POINT('',(89.,31.719316522579,-19.04953960967));
#4191 = CARTESIAN_POINT('',(89.033769059108,31.641952425351,
    -19.01438381621));
#4192 = CARTESIAN_POINT('',(89.067478533258,31.563162423794,
    -18.98188502094));
#4193 = CARTESIAN_POINT('',(89.101099795567,31.482991533896,
    -18.95209812942));
#4194 = CARTESIAN_POINT('',(89.16760653821,31.32116285429,
    -18.89850447477));
#4195 = CARTESIAN_POINT('',(89.200495416275,31.239544602896,
    -18.87461632896));
#4196 = CARTESIAN_POINT('',(89.233235121454,31.156657381484,
    -18.85351374705));
#4197 = CARTESIAN_POINT('',(89.297626827338,30.990249526226,
    -18.81748811355));
#4198 = CARTESIAN_POINT('',(89.329286764554,30.906782779352,
    -18.80244020871));
#4199 = CARTESIAN_POINT('',(89.360731142624,30.822162052394,
    -18.79025592254));
#4200 = CARTESIAN_POINT('',(89.422342559952,30.652748243111,
    -18.77210106752));
#4201 = CARTESIAN_POINT('',(89.452521855055,30.568009256971,
    -18.7659876995));
#4202 = CARTESIAN_POINT('',(89.482408963958,30.482230388386,-18.76285));
#4203 = CARTESIAN_POINT('',(89.511946692009,30.39545,-18.76285));
#4204 = ORIENTED_EDGE('',*,*,#4101,.T.);
#4205 = CYLINDRICAL_SURFACE('',#4206,3.2);
#4206 = AXIS2_PLACEMENT_3D('',#4207,#4208,#4209);
#4207 = CARTESIAN_POINT('',(89.,30.39545,-21.96285));
#4208 = DIRECTION('',(1.,0.,0.));
#4209 = DIRECTION('',(-0.,0.,1.));
#4210 = ADVANCED_FACE('',(#4211),#4323,.F.);
#4211 = FACE_BOUND('',#4212,.F.);
#4212 = EDGE_LOOP('',(#4213,#4214,#4222,#4231,#4315,#4322));
#4213 = ORIENTED_EDGE('',*,*,#3052,.F.);
#4214 = ORIENTED_EDGE('',*,*,#4215,.F.);
#4215 = EDGE_CURVE('',#4216,#3053,#4218,.T.);
#4216 = VERTEX_POINT('',#4217);
#4217 = CARTESIAN_POINT('',(89.,37.40171,5.9133));
#4218 = LINE('',#4219,#4220);
#4219 = CARTESIAN_POINT('',(89.,37.40171,5.9133));
#4220 = VECTOR('',#4221,1.);
#4221 = DIRECTION('',(1.,0.,0.));
#4222 = ORIENTED_EDGE('',*,*,#4223,.T.);
#4223 = EDGE_CURVE('',#4216,#4224,#4226,.T.);
#4224 = VERTEX_POINT('',#4225);
#4225 = CARTESIAN_POINT('',(89.,36.543213965183,5.795991122737));
#4226 = CIRCLE('',#4227,3.2);
#4227 = AXIS2_PLACEMENT_3D('',#4228,#4229,#4230);
#4228 = CARTESIAN_POINT('',(89.,37.40171,2.7133));
#4229 = DIRECTION('',(1.,0.,0.));
#4230 = DIRECTION('',(-0.,0.,1.));
#4231 = ORIENTED_EDGE('',*,*,#4232,.T.);
#4232 = EDGE_CURVE('',#4224,#4233,#4235,.T.);
#4233 = VERTEX_POINT('',#4234);
#4234 = CARTESIAN_POINT('',(89.,36.997127722691,-0.461020900742));
#4235 = B_SPLINE_CURVE_WITH_KNOTS('',8,(#4236,#4237,#4238,#4239,#4240,
    #4241,#4242,#4243,#4244,#4245,#4246,#4247,#4248,#4249,#4250,#4251,
    #4252,#4253,#4254,#4255,#4256,#4257,#4258,#4259,#4260,#4261,#4262,
    #4263,#4264,#4265,#4266,#4267,#4268,#4269,#4270,#4271,#4272,#4273,
    #4274,#4275,#4276,#4277,#4278,#4279,#4280,#4281,#4282,#4283,#4284,
    #4285,#4286,#4287,#4288,#4289,#4290,#4291,#4292,#4293,#4294,#4295,
    #4296,#4297,#4298,#4299,#4300,#4301,#4302,#4303,#4304,#4305,#4306,
    #4307,#4308,#4309,#4310,#4311,#4312,#4313,#4314),.UNSPECIFIED.,.F.,
  .F.,(9,7,7,7,7,7,7,7,7,7,7,9),(0.,0.269752636976,0.352844136193,
    0.411801279797,0.441907181716,0.459712476137,0.499959657286,
    0.558008326088,0.588112505729,0.647064882235,0.730149300002,1.),
  .UNSPECIFIED.);
#4236 = CARTESIAN_POINT('',(89.,36.543213965183,5.795991122737));
#4237 = CARTESIAN_POINT('',(89.097535691125,36.306770525929,
    5.730144189984));
#4238 = CARTESIAN_POINT('',(89.194442669182,36.075220166156,
    5.64332519612));
#4239 = CARTESIAN_POINT('',(89.290575979674,35.848894402425,
    5.53534517055));
#4240 = CARTESIAN_POINT('',(89.385547345979,35.628751869046,
    5.405441717324));
#4241 = CARTESIAN_POINT('',(89.478761749662,35.416224687992,
    5.252692061625));
#4242 = CARTESIAN_POINT('',(89.569346466894,35.213373360113,
    5.075694446127));
#4243 = CARTESIAN_POINT('',(89.656211680664,35.022683321623,
    4.873035137305));
#4244 = CARTESIAN_POINT('',(89.762901197717,34.793955834051,
    4.570073948287));
#4245 = CARTESIAN_POINT('',(89.787503578354,34.741635193912,
    4.496035987731));
#4246 = CARTESIAN_POINT('',(89.811532683221,34.690974120615,
    4.419233065146));
#4247 = CARTESIAN_POINT('',(89.834926267646,34.642113511585,
    4.339601725902));
#4248 = CARTESIAN_POINT('',(89.857611529155,34.595216899583,
    4.257088637982));
#4249 = CARTESIAN_POINT('',(89.879505522927,34.550469210136,
    4.171652636787));
#4250 = CARTESIAN_POINT('',(89.900515577257,34.508075518963,
    4.083266769947));
#4251 = CARTESIAN_POINT('',(89.93474772816,34.440008778572,
    3.927105956611));
#4252 = CARTESIAN_POINT('',(89.948457817778,34.413058778683,
    3.86080787272));
#4253 = CARTESIAN_POINT('',(89.961633148273,34.387490522854,
    3.793026442924));
#4254 = CARTESIAN_POINT('',(89.974232918339,34.363392720096,
    3.723773084185));
#4255 = CARTESIAN_POINT('',(89.98621326655,34.340859910317,
    3.653072254106));
#4256 = CARTESIAN_POINT('',(89.997528182947,34.319990299319,
    3.58096342709));
#4257 = CARTESIAN_POINT('',(90.008130420624,34.300883593799,
    3.507503070492));
#4258 = CARTESIAN_POINT('',(90.022998123763,34.274832965768,
    3.394603166994));
#4259 = CARTESIAN_POINT('',(90.027825515551,34.266512750978,
    3.356107745784));
#4260 = CARTESIAN_POINT('',(90.032448215259,34.258691414089,
    3.317291064425));
#4261 = CARTESIAN_POINT('',(90.03685985147,34.251382082218,
    3.278165285126));
#4262 = CARTESIAN_POINT('',(90.041054117855,34.244597629504,
    3.238744112155));
#4263 = CARTESIAN_POINT('',(90.045024842262,34.238350519126,
    3.199042878985));
#4264 = CARTESIAN_POINT('',(90.048766055798,34.232652645315,
    3.159078635425));
#4265 = CARTESIAN_POINT('',(90.054345591269,34.224476762338,
    3.095090099758));
#4266 = CARTESIAN_POINT('',(90.056336858841,34.221634349317,
    3.071224533806));
#4267 = CARTESIAN_POINT('',(90.058244675818,34.218990269321,
    3.04727743642));
#4268 = CARTESIAN_POINT('',(90.060067902226,34.216546734219,
    3.02325289753));
#4269 = CARTESIAN_POINT('',(90.06180544694,34.214305834739,
    2.999155197481));
#4270 = CARTESIAN_POINT('',(90.06345626768,34.212269540469,
    2.974988807033));
#4271 = CARTESIAN_POINT('',(90.065019371016,34.210439699855,
    2.95075838736));
#4272 = CARTESIAN_POINT('',(90.069826647336,34.205152432192,
    2.871564456549));
#4273 = CARTESIAN_POINT('',(90.072706620238,34.202550320306,
    2.816355699929));
#4274 = CARTESIAN_POINT('',(90.07512275604,34.201031629084,
    2.760901049061));
#4275 = CARTESIAN_POINT('',(90.077065915453,34.200612065366,
    2.705261384393));
#4276 = CARTESIAN_POINT('',(90.078528977557,34.201302718412,
    2.649499941789));
#4277 = CARTESIAN_POINT('',(90.079507022415,34.203109660039,
    2.593682316371));
#4278 = CARTESIAN_POINT('',(90.079997513704,34.206033544742,
    2.537876466358));
#4279 = CARTESIAN_POINT('',(90.080004761561,34.215889865557,
    2.401782132337));
#4280 = CARTESIAN_POINT('',(90.078994834042,34.224024322963,
    2.321569618855));
#4281 = CARTESIAN_POINT('',(90.076970433119,34.234457311637,
    2.241733143846));
#4282 = CARTESIAN_POINT('',(90.07394270191,34.247149804461,2.16247252876
    ));
#4283 = CARTESIAN_POINT('',(90.069932738972,34.262042138065,
    2.083970223627));
#4284 = CARTESIAN_POINT('',(90.064970144958,34.279057133289,
    2.006392081578));
#4285 = CARTESIAN_POINT('',(90.05909156928,34.29810321564,1.929888133357
    ));
#4286 = CARTESIAN_POINT('',(90.048837491218,34.32995486876,
    1.815545311742));
#4287 = CARTESIAN_POINT('',(90.045100475937,34.341351609309,
    1.776819447082));
#4288 = CARTESIAN_POINT('',(90.041133902553,34.353253995465,
    1.738432829361));
#4289 = CARTESIAN_POINT('',(90.036943735764,34.365647804666,
    1.700400630654));
#4290 = CARTESIAN_POINT('',(90.032536144233,34.378518497528,
    1.662736242557));
#4291 = CARTESIAN_POINT('',(90.027917431481,34.391851361647,
    1.625451385142));
#4292 = CARTESIAN_POINT('',(90.023093966787,34.4056316554,1.5885562159)
  );
#4293 = CARTESIAN_POINT('',(90.008237932343,34.44767795686,1.48058857395
    ));
#4294 = CARTESIAN_POINT('',(89.997643297345,34.477169914978,
    1.410648354879));
#4295 = CARTESIAN_POINT('',(89.986335769532,34.508211753648,
    1.342299258343));
#4296 = CARTESIAN_POINT('',(89.974362588981,34.540696666941,
    1.275582879582));
#4297 = CARTESIAN_POINT('',(89.961769764636,34.574521775015,
    1.210524201404));
#4298 = CARTESIAN_POINT('',(89.948601161542,34.609589983662,
    1.147133863367));
#4299 = CARTESIAN_POINT('',(89.93489758808,34.645811843873,
    1.085410430977));
#4300 = CARTESIAN_POINT('',(89.900680737917,34.735669847315,
    0.940686274932));
#4301 = CARTESIAN_POINT('',(89.879679275619,34.790356836527,
    0.85933095249));
#4302 = CARTESIAN_POINT('',(89.85779350255,34.846948222075,
    0.781233938469));
#4303 = CARTESIAN_POINT('',(89.835116116871,34.905244898847,
    0.706339077003));
#4304 = CARTESIAN_POINT('',(89.811730091368,34.965069751517,
    0.634579024123));
#4305 = CARTESIAN_POINT('',(89.787708256159,35.026268592492,
    0.565877456446));
#4306 = CARTESIAN_POINT('',(89.763112881407,35.088711099859,
    0.500151279862));
#4307 = CARTESIAN_POINT('',(89.656415489746,35.358795993411,
    0.233219243792));
#4308 = CARTESIAN_POINT('',(89.569528533939,35.576795836321,
    6.009111053095E-02));
#4309 = CARTESIAN_POINT('',(89.47891763278,35.803135534657,
    -8.586749993526E-02));
#4310 = CARTESIAN_POINT('',(89.385674165002,36.035556465935,
    -0.206415909303));
#4311 = CARTESIAN_POINT('',(89.290672117575,36.272219366631,
    -0.303241052782));
#4312 = CARTESIAN_POINT('',(89.194507193048,36.511838820029,
    -0.377464095192));
#4313 = CARTESIAN_POINT('',(89.097568013816,36.753575562663,
    -0.429979137819));
#4314 = CARTESIAN_POINT('',(88.9999994,36.997129220428,-0.461021091635)
  );
#4315 = ORIENTED_EDGE('',*,*,#4316,.T.);
#4316 = EDGE_CURVE('',#4233,#4216,#4317,.T.);
#4317 = CIRCLE('',#4318,3.2);
#4318 = AXIS2_PLACEMENT_3D('',#4319,#4320,#4321);
#4319 = CARTESIAN_POINT('',(89.,37.40171,2.7133));
#4320 = DIRECTION('',(1.,0.,0.));
#4321 = DIRECTION('',(-0.,0.,1.));
#4322 = ORIENTED_EDGE('',*,*,#4215,.T.);
#4323 = CYLINDRICAL_SURFACE('',#4324,3.2);
#4324 = AXIS2_PLACEMENT_3D('',#4325,#4326,#4327);
#4325 = CARTESIAN_POINT('',(89.,37.40171,2.7133));
#4326 = DIRECTION('',(1.,0.,0.));
#4327 = DIRECTION('',(-0.,0.,1.));
#4328 = ADVANCED_FACE('',(#4329),#4441,.F.);
#4329 = FACE_BOUND('',#4330,.F.);
#4330 = EDGE_LOOP('',(#4331,#4332,#4340,#4349,#4433,#4440));
#4331 = ORIENTED_EDGE('',*,*,#3257,.F.);
#4332 = ORIENTED_EDGE('',*,*,#4333,.F.);
#4333 = EDGE_CURVE('',#4334,#3258,#4336,.T.);
#4334 = VERTEX_POINT('',#4335);
#4335 = CARTESIAN_POINT('',(89.,3.82266,40.50465));
#4336 = LINE('',#4337,#4338);
#4337 = CARTESIAN_POINT('',(89.,3.82266,40.50465));
#4338 = VECTOR('',#4339,1.);
#4339 = DIRECTION('',(1.,0.,0.));
#4340 = ORIENTED_EDGE('',*,*,#4341,.T.);
#4341 = EDGE_CURVE('',#4334,#4342,#4344,.T.);
#4342 = VERTEX_POINT('',#4343);
#4343 = CARTESIAN_POINT('',(89.,0.63772526073,36.994503733552));
#4344 = CIRCLE('',#4345,3.2);
#4345 = AXIS2_PLACEMENT_3D('',#4346,#4347,#4348);
#4346 = CARTESIAN_POINT('',(89.,3.82266,37.30465));
#4347 = DIRECTION('',(1.,0.,0.));
#4348 = DIRECTION('',(-0.,0.,1.));
#4349 = ORIENTED_EDGE('',*,*,#4350,.T.);
#4350 = EDGE_CURVE('',#4342,#4351,#4353,.T.);
#4351 = VERTEX_POINT('',#4352);
#4352 = CARTESIAN_POINT('',(89.,6.878501905299,36.355002565518));
#4353 = B_SPLINE_CURVE_WITH_KNOTS('',8,(#4354,#4355,#4356,#4357,#4358,
    #4359,#4360,#4361,#4362,#4363,#4364,#4365,#4366,#4367,#4368,#4369,
    #4370,#4371,#4372,#4373,#4374,#4375,#4376,#4377,#4378,#4379,#4380,
    #4381,#4382,#4383,#4384,#4385,#4386,#4387,#4388,#4389,#4390,#4391,
    #4392,#4393,#4394,#4395,#4396,#4397,#4398,#4399,#4400,#4401,#4402,
    #4403,#4404,#4405,#4406,#4407,#4408,#4409,#4410,#4411,#4412,#4413,
    #4414,#4415,#4416,#4417,#4418,#4419,#4420,#4421,#4422,#4423,#4424,
    #4425,#4426,#4427,#4428,#4429,#4430,#4431,#4432),.UNSPECIFIED.,.F.,
  .F.,(9,7,7,7,7,7,7,7,7,7,7,9),(0.,0.270324593256,0.352898052462,
    0.411529146143,0.441656758331,0.499737469467,0.540036672631,
    0.558492254973,0.587910711187,0.646492086925,0.729854350327,1.),
  .UNSPECIFIED.);
#4354 = CARTESIAN_POINT('',(89.,0.63772526073,36.994503733553));
#4355 = CARTESIAN_POINT('',(89.097740744257,0.661563591034,
    36.749704635437));
#4356 = CARTESIAN_POINT('',(89.19484825833,0.706995111311,
    36.506092157123));
#4357 = CARTESIAN_POINT('',(89.291178436898,0.774263855813,
    36.263957446129));
#4358 = CARTESIAN_POINT('',(89.386340847186,0.864295541969,
    36.02411631703));
#4359 = CARTESIAN_POINT('',(89.479736197039,0.978256330801,
    35.787827848867));
#4360 = CARTESIAN_POINT('',(89.570483863823,1.117900377006,
    35.556893948699));
#4361 = CARTESIAN_POINT('',(89.65748426577,1.285062503976,
    35.333536832193));
#4362 = CARTESIAN_POINT('',(89.764082815534,1.544326906182,
    35.055850268343));
#4363 = CARTESIAN_POINT('',(89.788507793776,1.607878697667,
    34.991918007206));
#4364 = CARTESIAN_POINT('',(89.812364505365,1.674406933347,
    34.929129985103));
#4365 = CARTESIAN_POINT('',(89.835591623047,1.743996899157,
    34.867612098268));
#4366 = CARTESIAN_POINT('',(89.858117501242,1.816727901559,
    34.807513753822));
#4367 = CARTESIAN_POINT('',(89.87986058551,1.892671082954,
    34.749007015226));
#4368 = CARTESIAN_POINT('',(89.900729822029,1.971887237108,
    34.692285747729));
#4369 = CARTESIAN_POINT('',(89.934751639781,2.113030105588,
    34.598710255783));
#4370 = CARTESIAN_POINT('',(89.948385635529,2.173304040854,
    34.560868385192));
#4371 = CARTESIAN_POINT('',(89.961490816648,2.235259833321,
    34.524117426635));
#4372 = CARTESIAN_POINT('',(89.974027068639,2.298901583178,
    34.48854521888));
#4373 = CARTESIAN_POINT('',(89.985951284325,2.364221831971,
    34.454247429951));
#4374 = CARTESIAN_POINT('',(89.997218248019,2.431199306726,
    34.421325822228));
#4375 = CARTESIAN_POINT('',(90.007781519683,2.49979666407,
    34.389886517529));
#4376 = CARTESIAN_POINT('',(90.022636630206,2.606010786811,
    34.344700723631));
#4377 = CARTESIAN_POINT('',(90.027480699524,2.642475629121,
    34.329783564558));
#4378 = CARTESIAN_POINT('',(90.032120146733,2.679344568091,
    34.315301688095));
#4379 = CARTESIAN_POINT('',(90.036548585067,2.716607960101,
    34.30127016201));
#4380 = CARTESIAN_POINT('',(90.04075969045,2.754254597354,
    34.287704078186));
#4381 = CARTESIAN_POINT('',(90.044747270645,2.792271594131,
    34.27461841209));
#4382 = CARTESIAN_POINT('',(90.048505334395,2.830644273034,
    34.262027882231));
#4383 = CARTESIAN_POINT('',(90.058819546763,2.943985517179,
    34.226656637017));
#4384 = CARTESIAN_POINT('',(90.064737640128,3.019886360212,
    34.205256511057));
#4385 = CARTESIAN_POINT('',(90.069740010774,3.096927264277,
    34.18585359518));
#4386 = CARTESIAN_POINT('',(90.07378977293,3.174961420582,
    34.168544354714));
#4387 = CARTESIAN_POINT('',(90.076857053601,3.253825640116,
    34.153411429311));
#4388 = CARTESIAN_POINT('',(90.07892046123,3.333339466156,
    34.140520505387));
#4389 = CARTESIAN_POINT('',(90.079968554352,3.413304286768,
    34.12991718856));
#4390 = CARTESIAN_POINT('',(90.08002403789,3.54914780535,34.115869575257
    ));
#4391 = CARTESIAN_POINT('',(90.079557979325,3.604911599452,
    34.111226684797));
#4392 = CARTESIAN_POINT('',(90.078603010028,3.660723422308,
    34.10770268956));
#4393 = CARTESIAN_POINT('',(90.07716158723,3.716515033347,
    34.105299157843));
#4394 = CARTESIAN_POINT('',(90.075238568306,3.772220368292,
    34.104012138848));
#4395 = CARTESIAN_POINT('',(90.072841029156,3.827775548698,
    34.103832560128));
#4396 = CARTESIAN_POINT('',(90.069978082587,3.883118891493,
    34.104746625045));
#4397 = CARTESIAN_POINT('',(90.065141453533,3.96341192165,
    34.107647368509));
#4398 = CARTESIAN_POINT('',(90.063526868004,3.988576458914,
    34.108784125169));
#4399 = CARTESIAN_POINT('',(90.06181798821,4.013679058419,
    34.110144727758));
#4400 = CARTESIAN_POINT('',(90.060015918532,4.03871446377,
    34.111727277778));
#4401 = CARTESIAN_POINT('',(90.058121819628,4.063677634063,
    34.113529730681));
#4402 = CARTESIAN_POINT('',(90.05613690843,4.088563743888,
    34.115549895863));
#4403 = CARTESIAN_POINT('',(90.054062458148,4.113368183326,
    34.117785436668));
#4404 = CARTESIAN_POINT('',(90.048452488182,4.177487992599,
    34.124136707957));
#4405 = CARTESIAN_POINT('',(90.044781021212,4.216670833734,
    34.12858053196));
#4406 = CARTESIAN_POINT('',(90.040890729897,4.255617294519,
    34.133555400637));
#4407 = CARTESIAN_POINT('',(90.03678719155,4.294311209708,
    34.139050668962));
#4408 = CARTESIAN_POINT('',(90.032476166699,4.332737962057,
    34.145055131664));
#4409 = CARTESIAN_POINT('',(90.027963537533,4.370884408745,
    34.151557166256));
#4410 = CARTESIAN_POINT('',(90.023255246343,4.40873880779,
    34.158544876064));
#4411 = CARTESIAN_POINT('',(90.008603754696,4.521068431524,
    34.180864136254));
#4412 = CARTESIAN_POINT('',(89.998098288699,4.594643837932,
    34.197599753842));
#4413 = CARTESIAN_POINT('',(89.986887512508,4.666939497938,
    34.216118207628));
#4414 = CARTESIAN_POINT('',(89.975017814695,4.737896517414,
    34.236323348525));
#4415 = CARTESIAN_POINT('',(89.96253440296,4.807472710758,
    34.258119932637));
#4416 = CARTESIAN_POINT('',(89.94948041122,4.875640737785,
    34.281415797148));
#4417 = CARTESIAN_POINT('',(89.935896006691,4.942386240626,
    34.306124036215));
#4418 = CARTESIAN_POINT('',(89.901783545576,5.100657047445,
    34.369222149285));
#4419 = CARTESIAN_POINT('',(89.880752179137,5.19070705609,
    34.408972338811));
#4420 = CARTESIAN_POINT('',(89.858826833413,5.277858896005,
    34.451188470147));
#4421 = CARTESIAN_POINT('',(89.83610151044,5.362132791968,
    34.495661895185));
#4422 = CARTESIAN_POINT('',(89.812660343037,5.443564223285,
    34.542203950474));
#4423 = CARTESIAN_POINT('',(89.788577159299,5.522201842994,
    34.59064731471));
#4424 = CARTESIAN_POINT('',(89.763915047095,5.598105397056,
    34.640847366211));
#4425 = CARTESIAN_POINT('',(89.657097454859,5.908681173461,
    34.860665027275));
#4426 = CARTESIAN_POINT('',(89.570138028887,6.117439123923,
    35.045409732371));
#4427 = CARTESIAN_POINT('',(89.479439794693,6.300824119748,
    35.243129682228));
#4428 = CARTESIAN_POINT('',(89.386099359078,6.460180129077,
    35.451283370977));
#4429 = CARTESIAN_POINT('',(89.290994937096,6.596855654174,
    35.667756368414));
#4430 = CARTESIAN_POINT('',(89.194724520183,6.711735214521,
    35.891082455974));
#4431 = CARTESIAN_POINT('',(89.0976778855,6.805557565217,36.120276777606
    ));
#4432 = CARTESIAN_POINT('',(88.9999994,6.87850235337,36.355004007353));
#4433 = ORIENTED_EDGE('',*,*,#4434,.T.);
#4434 = EDGE_CURVE('',#4351,#4334,#4435,.T.);
#4435 = CIRCLE('',#4436,3.2);
#4436 = AXIS2_PLACEMENT_3D('',#4437,#4438,#4439);
#4437 = CARTESIAN_POINT('',(89.,3.82266,37.30465));
#4438 = DIRECTION('',(1.,0.,0.));
#4439 = DIRECTION('',(-0.,0.,1.));
#4440 = ORIENTED_EDGE('',*,*,#4333,.T.);
#4441 = CYLINDRICAL_SURFACE('',#4442,3.2);
#4442 = AXIS2_PLACEMENT_3D('',#4443,#4444,#4445);
#4443 = CARTESIAN_POINT('',(89.,3.82266,37.30465));
#4444 = DIRECTION('',(1.,0.,0.));
#4445 = DIRECTION('',(-0.,0.,1.));
#4446 = ADVANCED_FACE('',(#4447),#4550,.F.);
#4447 = FACE_BOUND('',#4448,.F.);
#4448 = EDGE_LOOP('',(#4449,#4450,#4457,#4458,#4467,#4475,#4482,#4483,
    #4490,#4491,#4498,#4499,#4506,#4507,#4508,#4515,#4516,#4517,#4524,
    #4525,#4526,#4533,#4534,#4535,#4542,#4543));
#4449 = ORIENTED_EDGE('',*,*,#3576,.F.);
#4450 = ORIENTED_EDGE('',*,*,#4451,.T.);
#4451 = EDGE_CURVE('',#3568,#4351,#4452,.T.);
#4452 = CIRCLE('',#4453,37.);
#4453 = AXIS2_PLACEMENT_3D('',#4454,#4455,#4456);
#4454 = CARTESIAN_POINT('',(89.,0.,0.));
#4455 = DIRECTION('',(1.,0.,0.));
#4456 = DIRECTION('',(-0.,0.,1.));
#4457 = ORIENTED_EDGE('',*,*,#4350,.F.);
#4458 = ORIENTED_EDGE('',*,*,#4459,.T.);
#4459 = EDGE_CURVE('',#4342,#4460,#4462,.T.);
#4460 = VERTEX_POINT('',#4461);
#4461 = CARTESIAN_POINT('',(89.,9.06238631369E-15,37.));
#4462 = CIRCLE('',#4463,37.);
#4463 = AXIS2_PLACEMENT_3D('',#4464,#4465,#4466);
#4464 = CARTESIAN_POINT('',(89.,0.,0.));
#4465 = DIRECTION('',(1.,0.,0.));
#4466 = DIRECTION('',(-0.,0.,1.));
#4467 = ORIENTED_EDGE('',*,*,#4468,.T.);
#4468 = EDGE_CURVE('',#4460,#4469,#4471,.T.);
#4469 = VERTEX_POINT('',#4470);
#4470 = CARTESIAN_POINT('',(97.,4.163799117101E-15,17.));
#4471 = LINE('',#4472,#4473);
#4472 = CARTESIAN_POINT('',(89.,9.06238631369E-15,37.));
#4473 = VECTOR('',#4474,1.);
#4474 = DIRECTION('',(0.371390676354,-2.274112015151E-16,-0.928476690885
    ));
#4475 = ORIENTED_EDGE('',*,*,#4476,.F.);
#4476 = EDGE_CURVE('',#4469,#4469,#4477,.T.);
#4477 = CIRCLE('',#4478,17.);
#4478 = AXIS2_PLACEMENT_3D('',#4479,#4480,#4481);
#4479 = CARTESIAN_POINT('',(97.,0.,0.));
#4480 = DIRECTION('',(1.,0.,0.));
#4481 = DIRECTION('',(-0.,0.,1.));
#4482 = ORIENTED_EDGE('',*,*,#4468,.F.);
#4483 = ORIENTED_EDGE('',*,*,#4484,.T.);
#4484 = EDGE_CURVE('',#4460,#3688,#4485,.T.);
#4485 = CIRCLE('',#4486,37.);
#4486 = AXIS2_PLACEMENT_3D('',#4487,#4488,#4489);
#4487 = CARTESIAN_POINT('',(89.,0.,0.));
#4488 = DIRECTION('',(1.,0.,0.));
#4489 = DIRECTION('',(-0.,0.,1.));
#4490 = ORIENTED_EDGE('',*,*,#3687,.F.);
#4491 = ORIENTED_EDGE('',*,*,#4492,.T.);
#4492 = EDGE_CURVE('',#3679,#3459,#4493,.T.);
#4493 = CIRCLE('',#4494,37.);
#4494 = AXIS2_PLACEMENT_3D('',#4495,#4496,#4497);
#4495 = CARTESIAN_POINT('',(89.,0.,0.));
#4496 = DIRECTION('',(1.,0.,0.));
#4497 = DIRECTION('',(-0.,0.,1.));
#4498 = ORIENTED_EDGE('',*,*,#3458,.F.);
#4499 = ORIENTED_EDGE('',*,*,#4500,.T.);
#4500 = EDGE_CURVE('',#3450,#3797,#4501,.T.);
#4501 = CIRCLE('',#4502,37.);
#4502 = AXIS2_PLACEMENT_3D('',#4503,#4504,#4505);
#4503 = CARTESIAN_POINT('',(89.,0.,0.));
#4504 = DIRECTION('',(1.,0.,0.));
#4505 = DIRECTION('',(-0.,0.,1.));
#4506 = ORIENTED_EDGE('',*,*,#3796,.F.);
#4507 = ORIENTED_EDGE('',*,*,#3816,.F.);
#4508 = ORIENTED_EDGE('',*,*,#4509,.T.);
#4509 = EDGE_CURVE('',#3808,#3895,#4510,.T.);
#4510 = CIRCLE('',#4511,37.);
#4511 = AXIS2_PLACEMENT_3D('',#4512,#4513,#4514);
#4512 = CARTESIAN_POINT('',(89.,0.,0.));
#4513 = DIRECTION('',(1.,0.,0.));
#4514 = DIRECTION('',(-0.,0.,1.));
#4515 = ORIENTED_EDGE('',*,*,#3894,.F.);
#4516 = ORIENTED_EDGE('',*,*,#3925,.F.);
#4517 = ORIENTED_EDGE('',*,*,#4518,.T.);
#4518 = EDGE_CURVE('',#3917,#3994,#4519,.T.);
#4519 = CIRCLE('',#4520,37.);
#4520 = AXIS2_PLACEMENT_3D('',#4521,#4522,#4523);
#4521 = CARTESIAN_POINT('',(89.,0.,0.));
#4522 = DIRECTION('',(1.,0.,0.));
#4523 = DIRECTION('',(-0.,0.,1.));
#4524 = ORIENTED_EDGE('',*,*,#3993,.F.);
#4525 = ORIENTED_EDGE('',*,*,#4058,.F.);
#4526 = ORIENTED_EDGE('',*,*,#4527,.T.);
#4527 = EDGE_CURVE('',#4050,#4110,#4528,.T.);
#4528 = CIRCLE('',#4529,37.);
#4529 = AXIS2_PLACEMENT_3D('',#4530,#4531,#4532);
#4530 = CARTESIAN_POINT('',(89.,0.,0.));
#4531 = DIRECTION('',(1.,0.,0.));
#4532 = DIRECTION('',(-0.,0.,1.));
#4533 = ORIENTED_EDGE('',*,*,#4109,.F.);
#4534 = ORIENTED_EDGE('',*,*,#4188,.F.);
#4535 = ORIENTED_EDGE('',*,*,#4536,.T.);
#4536 = EDGE_CURVE('',#4180,#4233,#4537,.T.);
#4537 = CIRCLE('',#4538,37.);
#4538 = AXIS2_PLACEMENT_3D('',#4539,#4540,#4541);
#4539 = CARTESIAN_POINT('',(89.,0.,0.));
#4540 = DIRECTION('',(1.,0.,0.));
#4541 = DIRECTION('',(-0.,0.,1.));
#4542 = ORIENTED_EDGE('',*,*,#4232,.F.);
#4543 = ORIENTED_EDGE('',*,*,#4544,.T.);
#4544 = EDGE_CURVE('',#4224,#3577,#4545,.T.);
#4545 = CIRCLE('',#4546,37.);
#4546 = AXIS2_PLACEMENT_3D('',#4547,#4548,#4549);
#4547 = CARTESIAN_POINT('',(89.,0.,0.));
#4548 = DIRECTION('',(1.,0.,0.));
#4549 = DIRECTION('',(-0.,0.,1.));
#4550 = CONICAL_SURFACE('',#4551,37.,1.190289949683);
#4551 = AXIS2_PLACEMENT_3D('',#4552,#4553,#4554);
#4552 = CARTESIAN_POINT('',(89.,0.,0.));
#4553 = DIRECTION('',(-1.,-0.,-0.));
#4554 = DIRECTION('',(-0.,0.,1.));
#4555 = ADVANCED_FACE('',(#4556,#4559),#4570,.F.);
#4556 = FACE_BOUND('',#4557,.F.);
#4557 = EDGE_LOOP('',(#4558));
#4558 = ORIENTED_EDGE('',*,*,#4476,.T.);
#4559 = FACE_BOUND('',#4560,.F.);
#4560 = EDGE_LOOP('',(#4561));
#4561 = ORIENTED_EDGE('',*,*,#4562,.F.);
#4562 = EDGE_CURVE('',#4563,#4563,#4565,.T.);
#4563 = VERTEX_POINT('',#4564);
#4564 = CARTESIAN_POINT('',(97.,2.081899558551E-15,8.5));
#4565 = CIRCLE('',#4566,8.5);
#4566 = AXIS2_PLACEMENT_3D('',#4567,#4568,#4569);
#4567 = CARTESIAN_POINT('',(97.,0.,0.));
#4568 = DIRECTION('',(1.,0.,0.));
#4569 = DIRECTION('',(-0.,0.,1.));
#4570 = PLANE('',#4571);
#4571 = AXIS2_PLACEMENT_3D('',#4572,#4573,#4574);
#4572 = CARTESIAN_POINT('',(97.,0.,0.));
#4573 = DIRECTION('',(1.,0.,0.));
#4574 = DIRECTION('',(-0.,0.,1.));
#4575 = ADVANCED_FACE('',(#4576),#4587,.F.);
#4576 = FACE_BOUND('',#4577,.F.);
#4577 = EDGE_LOOP('',(#4578,#4579,#4585,#4586));
#4578 = ORIENTED_EDGE('',*,*,#1765,.F.);
#4579 = ORIENTED_EDGE('',*,*,#4580,.F.);
#4580 = EDGE_CURVE('',#4563,#1766,#4581,.T.);
#4581 = LINE('',#4582,#4583);
#4582 = CARTESIAN_POINT('',(97.,2.081899558551E-15,8.5));
#4583 = VECTOR('',#4584,1.);
#4584 = DIRECTION('',(1.,0.,0.));
#4585 = ORIENTED_EDGE('',*,*,#4562,.T.);
#4586 = ORIENTED_EDGE('',*,*,#4580,.T.);
#4587 = CYLINDRICAL_SURFACE('',#4588,8.5);
#4588 = AXIS2_PLACEMENT_3D('',#4589,#4590,#4591);
#4589 = CARTESIAN_POINT('',(97.,0.,0.));
#4590 = DIRECTION('',(1.,0.,0.));
#4591 = DIRECTION('',(-0.,0.,1.));
#4592 = ADVANCED_FACE('',(#4593),#4596,.T.);
#4593 = FACE_BOUND('',#4594,.F.);
#4594 = EDGE_LOOP('',(#4595));
#4595 = ORIENTED_EDGE('',*,*,#1671,.F.);
#4596 = PLANE('',#4597);
#4597 = AXIS2_PLACEMENT_3D('',#4598,#4599,#4600);
#4598 = CARTESIAN_POINT('',(106.,17.320508075689,-10.));
#4599 = DIRECTION('',(1.,0.,0.));
#4600 = DIRECTION('',(-0.,0.,1.));
#4601 = ADVANCED_FACE('',(#4602),#4605,.T.);
#4602 = FACE_BOUND('',#4603,.F.);
#4603 = EDGE_LOOP('',(#4604));
#4604 = ORIENTED_EDGE('',*,*,#1721,.F.);
#4605 = PLANE('',#4606);
#4606 = AXIS2_PLACEMENT_3D('',#4607,#4608,#4609);
#4607 = CARTESIAN_POINT('',(106.,-17.32050807568,-10.));
#4608 = DIRECTION('',(1.,0.,0.));
#4609 = DIRECTION('',(-0.,0.,1.));
#4610 = ADVANCED_FACE('',(#4611),#4614,.T.);
#4611 = FACE_BOUND('',#4612,.F.);
#4612 = EDGE_LOOP('',(#4613));
#4613 = ORIENTED_EDGE('',*,*,#1746,.F.);
#4614 = PLANE('',#4615);
#4615 = AXIS2_PLACEMENT_3D('',#4616,#4617,#4618);
#4616 = CARTESIAN_POINT('',(106.,1.224646799147E-15,20.));
#4617 = DIRECTION('',(1.,0.,0.));
#4618 = DIRECTION('',(-0.,0.,1.));
#4619 = ADVANCED_FACE('',(#4620,#4646,#4649,#4654,#4659,#4664,#4669,
    #4674,#4679,#4684,#4689),#4726,.T.);
#4620 = FACE_BOUND('',#4621,.T.);
#4621 = EDGE_LOOP('',(#4622,#4623,#4624,#4625,#4626,#4627,#4628,#4629,
    #4630,#4631,#4632,#4633,#4634,#4635,#4636,#4637,#4638,#4639,#4640,
    #4641,#4642,#4643,#4644,#4645));
#4622 = ORIENTED_EDGE('',*,*,#4316,.T.);
#4623 = ORIENTED_EDGE('',*,*,#4223,.T.);
#4624 = ORIENTED_EDGE('',*,*,#4544,.T.);
#4625 = ORIENTED_EDGE('',*,*,#3653,.T.);
#4626 = ORIENTED_EDGE('',*,*,#3567,.T.);
#4627 = ORIENTED_EDGE('',*,*,#4451,.T.);
#4628 = ORIENTED_EDGE('',*,*,#4434,.T.);
#4629 = ORIENTED_EDGE('',*,*,#4341,.T.);
#4630 = ORIENTED_EDGE('',*,*,#4459,.T.);
#4631 = ORIENTED_EDGE('',*,*,#4484,.T.);
#4632 = ORIENTED_EDGE('',*,*,#3771,.T.);
#4633 = ORIENTED_EDGE('',*,*,#3678,.T.);
#4634 = ORIENTED_EDGE('',*,*,#4492,.T.);
#4635 = ORIENTED_EDGE('',*,*,#3542,.T.);
#4636 = ORIENTED_EDGE('',*,*,#3449,.T.);
#4637 = ORIENTED_EDGE('',*,*,#4500,.T.);
#4638 = ORIENTED_EDGE('',*,*,#3807,.T.);
#4639 = ORIENTED_EDGE('',*,*,#4509,.T.);
#4640 = ORIENTED_EDGE('',*,*,#3916,.T.);
#4641 = ORIENTED_EDGE('',*,*,#4518,.T.);
#4642 = ORIENTED_EDGE('',*,*,#4049,.T.);
#4643 = ORIENTED_EDGE('',*,*,#4527,.T.);
#4644 = ORIENTED_EDGE('',*,*,#4179,.T.);
#4645 = ORIENTED_EDGE('',*,*,#4536,.T.);
#4646 = FACE_BOUND('',#4647,.T.);
#4647 = EDGE_LOOP('',(#4648));
#4648 = ORIENTED_EDGE('',*,*,#1145,.F.);
#4649 = FACE_BOUND('',#4650,.T.);
#4650 = EDGE_LOOP('',(#4651,#4652,#4653));
#4651 = ORIENTED_EDGE('',*,*,#1274,.F.);
#4652 = ORIENTED_EDGE('',*,*,#1283,.F.);
#4653 = ORIENTED_EDGE('',*,*,#1265,.F.);
#4654 = FACE_BOUND('',#4655,.T.);
#4655 = EDGE_LOOP('',(#4656,#4657,#4658));
#4656 = ORIENTED_EDGE('',*,*,#1351,.F.);
#4657 = ORIENTED_EDGE('',*,*,#1360,.F.);
#4658 = ORIENTED_EDGE('',*,*,#1369,.F.);
#4659 = FACE_BOUND('',#4660,.T.);
#4660 = EDGE_LOOP('',(#4661,#4662,#4663));
#4661 = ORIENTED_EDGE('',*,*,#1394,.F.);
#4662 = ORIENTED_EDGE('',*,*,#1403,.F.);
#4663 = ORIENTED_EDGE('',*,*,#1412,.F.);
#4664 = FACE_BOUND('',#4665,.T.);
#4665 = EDGE_LOOP('',(#4666,#4667,#4668));
#4666 = ORIENTED_EDGE('',*,*,#1231,.F.);
#4667 = ORIENTED_EDGE('',*,*,#1240,.F.);
#4668 = ORIENTED_EDGE('',*,*,#1222,.F.);
#4669 = FACE_BOUND('',#4670,.T.);
#4670 = EDGE_LOOP('',(#4671,#4672,#4673));
#4671 = ORIENTED_EDGE('',*,*,#1188,.F.);
#4672 = ORIENTED_EDGE('',*,*,#1197,.F.);
#4673 = ORIENTED_EDGE('',*,*,#1179,.F.);
#4674 = FACE_BOUND('',#4675,.T.);
#4675 = EDGE_LOOP('',(#4676,#4677,#4678));
#4676 = ORIENTED_EDGE('',*,*,#1317,.F.);
#4677 = ORIENTED_EDGE('',*,*,#1326,.F.);
#4678 = ORIENTED_EDGE('',*,*,#1308,.F.);
#4679 = FACE_BOUND('',#4680,.T.);
#4680 = EDGE_LOOP('',(#4681,#4682,#4683));
#4681 = ORIENTED_EDGE('',*,*,#1489,.F.);
#4682 = ORIENTED_EDGE('',*,*,#1498,.F.);
#4683 = ORIENTED_EDGE('',*,*,#1480,.F.);
#4684 = FACE_BOUND('',#4685,.T.);
#4685 = EDGE_LOOP('',(#4686,#4687,#4688));
#4686 = ORIENTED_EDGE('',*,*,#1437,.F.);
#4687 = ORIENTED_EDGE('',*,*,#1446,.F.);
#4688 = ORIENTED_EDGE('',*,*,#1455,.F.);
#4689 = FACE_BOUND('',#4690,.T.);
#4690 = EDGE_LOOP('',(#4691,#4702,#4711,#4718,#4719));
#4691 = ORIENTED_EDGE('',*,*,#4692,.F.);
#4692 = EDGE_CURVE('',#4693,#4695,#4697,.T.);
#4693 = VERTEX_POINT('',#4694);
#4694 = CARTESIAN_POINT('',(89.,36.984662280286,1.065249272782));
#4695 = VERTEX_POINT('',#4696);
#4696 = CARTESIAN_POINT('',(89.,37.40171,1.0133));
#4697 = CIRCLE('',#4698,1.7);
#4698 = AXIS2_PLACEMENT_3D('',#4699,#4700,#4701);
#4699 = CARTESIAN_POINT('',(89.,37.40171,2.7133));
#4700 = DIRECTION('',(1.,0.,-2.22044604925E-16));
#4701 = DIRECTION('',(-2.22044604925E-16,0.,-1.));
#4702 = ORIENTED_EDGE('',*,*,#4703,.F.);
#4703 = EDGE_CURVE('',#4704,#4693,#4706,.T.);
#4704 = VERTEX_POINT('',#4705);
#4705 = CARTESIAN_POINT('',(89.,36.751165691336,4.28390246481));
#4706 = CIRCLE('',#4707,1.7);
#4707 = AXIS2_PLACEMENT_3D('',#4708,#4709,#4710);
#4708 = CARTESIAN_POINT('',(89.,37.40171,2.7133));
#4709 = DIRECTION('',(1.,0.,-2.22044604925E-16));
#4710 = DIRECTION('',(-2.22044604925E-16,0.,-1.));
#4711 = ORIENTED_EDGE('',*,*,#4712,.F.);
#4712 = EDGE_CURVE('',#1524,#4704,#4713,.T.);
#4713 = CIRCLE('',#4714,1.7);
#4714 = AXIS2_PLACEMENT_3D('',#4715,#4716,#4717);
#4715 = CARTESIAN_POINT('',(89.,37.40171,2.7133));
#4716 = DIRECTION('',(1.,0.,-2.22044604925E-16));
#4717 = DIRECTION('',(-2.22044604925E-16,0.,-1.));
#4718 = ORIENTED_EDGE('',*,*,#1531,.F.);
#4719 = ORIENTED_EDGE('',*,*,#4720,.F.);
#4720 = EDGE_CURVE('',#4695,#1515,#4721,.T.);
#4721 = CIRCLE('',#4722,1.7);
#4722 = AXIS2_PLACEMENT_3D('',#4723,#4724,#4725);
#4723 = CARTESIAN_POINT('',(89.,37.40171,2.7133));
#4724 = DIRECTION('',(1.,0.,-2.22044604925E-16));
#4725 = DIRECTION('',(-2.22044604925E-16,0.,-1.));
#4726 = PLANE('',#4727);
#4727 = AXIS2_PLACEMENT_3D('',#4728,#4729,#4730);
#4728 = CARTESIAN_POINT('',(89.,5.498967934785E-04,0.189016540428));
#4729 = DIRECTION('',(1.,0.,0.));
#4730 = DIRECTION('',(-0.,0.,1.));
#4731 = ADVANCED_FACE('',(#4732),#4740,.T.);
#4732 = FACE_BOUND('',#4733,.T.);
#4733 = EDGE_LOOP('',(#4734,#4735,#4736,#4737,#4738,#4739));
#4734 = ORIENTED_EDGE('',*,*,#433,.T.);
#4735 = ORIENTED_EDGE('',*,*,#124,.T.);
#4736 = ORIENTED_EDGE('',*,*,#948,.F.);
#4737 = ORIENTED_EDGE('',*,*,#939,.F.);
#4738 = ORIENTED_EDGE('',*,*,#21,.F.);
#4739 = ORIENTED_EDGE('',*,*,#419,.T.);
#4740 = CYLINDRICAL_SURFACE('',#4741,28.);
#4741 = AXIS2_PLACEMENT_3D('',#4742,#4743,#4744);
#4742 = CARTESIAN_POINT('',(0.,34.,0.));
#4743 = DIRECTION('',(0.,1.,0.));
#4744 = DIRECTION('',(0.,-0.,1.));
#4745 = ADVANCED_FACE('',(#4746,#4756,#4759),#4762,.T.);
#4746 = FACE_BOUND('',#4747,.T.);
#4747 = EDGE_LOOP('',(#4748,#4749,#4750,#4751,#4752,#4753,#4754,#4755));
#4748 = ORIENTED_EDGE('',*,*,#462,.F.);
#4749 = ORIENTED_EDGE('',*,*,#453,.F.);
#4750 = ORIENTED_EDGE('',*,*,#442,.F.);
#4751 = ORIENTED_EDGE('',*,*,#514,.F.);
#4752 = ORIENTED_EDGE('',*,*,#615,.F.);
#4753 = ORIENTED_EDGE('',*,*,#548,.T.);
#4754 = ORIENTED_EDGE('',*,*,#559,.T.);
#4755 = ORIENTED_EDGE('',*,*,#756,.T.);
#4756 = FACE_BOUND('',#4757,.T.);
#4757 = EDGE_LOOP('',(#4758));
#4758 = ORIENTED_EDGE('',*,*,#782,.F.);
#4759 = FACE_BOUND('',#4760,.T.);
#4760 = EDGE_LOOP('',(#4761));
#4761 = ORIENTED_EDGE('',*,*,#650,.T.);
#4762 = CYLINDRICAL_SURFACE('',#4763,23.);
#4763 = AXIS2_PLACEMENT_3D('',#4764,#4765,#4766);
#4764 = CARTESIAN_POINT('',(0.,22.,0.));
#4765 = DIRECTION('',(0.,1.,0.));
#4766 = DIRECTION('',(0.,-0.,1.));
#4767 = ADVANCED_FACE('',(#4768),#4777,.F.);
#4768 = FACE_BOUND('',#4769,.F.);
#4769 = EDGE_LOOP('',(#4770,#4771,#4772,#4773,#4774,#4775,#4776));
#4770 = ORIENTED_EDGE('',*,*,#749,.T.);
#4771 = ORIENTED_EDGE('',*,*,#479,.F.);
#4772 = ORIENTED_EDGE('',*,*,#488,.F.);
#4773 = ORIENTED_EDGE('',*,*,#497,.F.);
#4774 = ORIENTED_EDGE('',*,*,#608,.F.);
#4775 = ORIENTED_EDGE('',*,*,#585,.T.);
#4776 = ORIENTED_EDGE('',*,*,#576,.T.);
#4777 = CYLINDRICAL_SURFACE('',#4778,7.55);
#4778 = AXIS2_PLACEMENT_3D('',#4779,#4780,#4781);
#4779 = CARTESIAN_POINT('',(0.,22.,0.));
#4780 = DIRECTION('',(0.,1.,0.));
#4781 = DIRECTION('',(0.,-0.,1.));
#4782 = ADVANCED_FACE('',(#4783),#4791,.T.);
#4783 = FACE_BOUND('',#4784,.T.);
#4784 = EDGE_LOOP('',(#4785,#4786,#4787,#4788,#4789,#4790));
#4785 = ORIENTED_EDGE('',*,*,#1546,.F.);
#4786 = ORIENTED_EDGE('',*,*,#371,.F.);
#4787 = ORIENTED_EDGE('',*,*,#1002,.T.);
#4788 = ORIENTED_EDGE('',*,*,#993,.T.);
#4789 = ORIENTED_EDGE('',*,*,#331,.T.);
#4790 = ORIENTED_EDGE('',*,*,#1555,.F.);
#4791 = CYLINDRICAL_SURFACE('',#4792,44.);
#4792 = AXIS2_PLACEMENT_3D('',#4793,#4794,#4795);
#4793 = CARTESIAN_POINT('',(83.,0.,6.661338147751E-16));
#4794 = DIRECTION('',(1.,0.,-2.22044604925E-16));
#4795 = DIRECTION('',(-2.22044604925E-16,0.,-1.));
#4796 = ADVANCED_FACE('',(#4797),#4807,.F.);
#4797 = FACE_BOUND('',#4798,.F.);
#4798 = EDGE_LOOP('',(#4799,#4800,#4801,#4802,#4803,#4804,#4805,#4806));
#4799 = ORIENTED_EDGE('',*,*,#1514,.T.);
#4800 = ORIENTED_EDGE('',*,*,#4720,.F.);
#4801 = ORIENTED_EDGE('',*,*,#4692,.F.);
#4802 = ORIENTED_EDGE('',*,*,#4703,.F.);
#4803 = ORIENTED_EDGE('',*,*,#4712,.F.);
#4804 = ORIENTED_EDGE('',*,*,#1523,.F.);
#4805 = ORIENTED_EDGE('',*,*,#1111,.T.);
#4806 = ORIENTED_EDGE('',*,*,#1122,.T.);
#4807 = CYLINDRICAL_SURFACE('',#4808,1.7);
#4808 = AXIS2_PLACEMENT_3D('',#4809,#4810,#4811);
#4809 = CARTESIAN_POINT('',(83.,37.40171,2.7133));
#4810 = DIRECTION('',(1.,0.,-2.22044604925E-16));
#4811 = DIRECTION('',(-2.22044604925E-16,0.,-1.));
#4812 = ADVANCED_FACE('',(#4813),#4823,.T.);
#4813 = FACE_BOUND('',#4814,.T.);
#4814 = EDGE_LOOP('',(#4815,#4816,#4821,#4822));
#4815 = ORIENTED_EDGE('',*,*,#1792,.T.);
#4816 = ORIENTED_EDGE('',*,*,#4817,.T.);
#4817 = EDGE_CURVE('',#1785,#1602,#4818,.T.);
#4818 = B_SPLINE_CURVE_WITH_KNOTS('',1,(#4819,#4820),.UNSPECIFIED.,.F.,
  .F.,(2,2),(0.,14.),.PIECEWISE_BEZIER_KNOTS.);
#4819 = CARTESIAN_POINT('',(97.,0.,23.));
#4820 = CARTESIAN_POINT('',(111.,0.,23.));
#4821 = ORIENTED_EDGE('',*,*,#1601,.F.);
#4822 = ORIENTED_EDGE('',*,*,#4817,.F.);
#4823 = CYLINDRICAL_SURFACE('',#4824,23.);
#4824 = AXIS2_PLACEMENT_3D('',#4825,#4826,#4827);
#4825 = CARTESIAN_POINT('',(97.,0.,0.));
#4826 = DIRECTION('',(1.,0.,0.));
#4827 = DIRECTION('',(-0.,0.,1.));
#4828 = ( GEOMETRIC_REPRESENTATION_CONTEXT(3) 
GLOBAL_UNCERTAINTY_ASSIGNED_CONTEXT((#4832)) 
GLOBAL_UNIT_ASSIGNED_CONTEXT((#4829,#4830,#4831)) REPRESENTATION_CONTEXT
('Context #1','3D Context with UNIT and UNCERTAINTY') );
#4829 = ( LENGTH_UNIT() NAMED_UNIT(*) SI_UNIT(.MILLI.,.METRE.) );
#4830 = ( NAMED_UNIT(*) PLANE_ANGLE_UNIT() SI_UNIT($,.RADIAN.) );
#4831 = ( NAMED_UNIT(*) SI_UNIT($,.STERADIAN.) SOLID_ANGLE_UNIT() );
#4832 = UNCERTAINTY_MEASURE_WITH_UNIT(LENGTH_MEASURE(2.E-07),#4829,
  'distance_accuracy_value','confusion accuracy');
#4833 = PRODUCT_RELATED_PRODUCT_CATEGORY('part',$,(#7));
ENDSEC;
END-ISO-10303-21;
