ISO-10303-21;
HEADER;
FILE_DESCRIPTION(('FreeCAD Model'),'2;1');
FILE_NAME('Open CASCADE Shape Model','2026-09-14T18:18:54',('FreeCAD'),(
    'FreeCAD'),'Open CASCADE STEP processor 7.8','FreeCAD','Unknown');
FILE_SCHEMA(('AUTOMOTIVE_DESIGN { 1 0 10303 214 1 1 1 1 }'));
ENDSEC;
DATA;
#1 = APPLICATION_PROTOCOL_DEFINITION('international standard',
  'automotive_design',2000,#2);
#2 = APPLICATION_CONTEXT(
  'core data for automotive mechanical design processes');
#3 = SHAPE_DEFINITION_REPRESENTATION(#4,#10);
#4 = PRODUCT_DEFINITION_SHAPE('','',#5);
#5 = PRODUCT_DEFINITION('design','',#6,#9);
#6 = PRODUCT_DEFINITION_FORMATION('','',#7);
#7 = PRODUCT('Open CASCADE STEP translator 7.8 4',
  'Open CASCADE STEP translator 7.8 4','',(#8));
#8 = PRODUCT_CONTEXT('',#2,'mechanical');
#9 = PRODUCT_DEFINITION_CONTEXT('part definition',#2,'design');
#10 = SHAPE_REPRESENTATION('',(#11,#15,#1483,#1845,#5678,#6392,#7055,
    #7590,#7799,#7891,#9446,#10596,#11357),#11611);
#11 = AXIS2_PLACEMENT_3D('',#12,#13,#14);
#12 = CARTESIAN_POINT('',(0.,0.,0.));
#13 = DIRECTION('',(0.,0.,1.));
#14 = DIRECTION('',(1.,0.,-0.));
#15 = MANIFOLD_SOLID_BREP('',#16);
#16 = CLOSED_SHELL('',(#17,#59,#275,#307,#332,#357,#382,#407,#432,#457,
    #482,#507,#532,#557,#589,#614,#623,#1000,#1025,#1045,#1070,#1079,
    #1106,#1115,#1142,#1151,#1178,#1187,#1214,#1223,#1250,#1259,#1286,
    #1295,#1322,#1331,#1358,#1367,#1394,#1403,#1427,#1441,#1455,#1469));
#17 = ADVANCED_FACE('',(#18),#54,.T.);
#18 = FACE_BOUND('',#19,.T.);
#19 = EDGE_LOOP('',(#20,#30,#39,#47));
#20 = ORIENTED_EDGE('',*,*,#21,.T.);
#21 = EDGE_CURVE('',#22,#24,#26,.T.);
#22 = VERTEX_POINT('',#23);
#23 = CARTESIAN_POINT('',(201.94816061319,-8.,469.33710227598));
#24 = VERTEX_POINT('',#25);
#25 = CARTESIAN_POINT('',(201.94816061319,17.,469.33710227598));
#26 = LINE('',#27,#28);
#27 = CARTESIAN_POINT('',(201.94816061319,-8.,469.33710227598));
#28 = VECTOR('',#29,1.);
#29 = DIRECTION('',(1.749735364613E-16,1.,-1.367043090562E-16));
#30 = ORIENTED_EDGE('',*,*,#31,.F.);
#31 = EDGE_CURVE('',#32,#24,#34,.T.);
#32 = VERTEX_POINT('',#33);
#33 = CARTESIAN_POINT('',(182.19923594676,17.,466.6140105991));
#34 = CIRCLE('',#35,37.5);
#35 = AXIS2_PLACEMENT_3D('',#36,#37,#38);
#36 = CARTESIAN_POINT('',(197.01167210421,17.,432.16344115415));
#37 = DIRECTION('',(1.749735364613E-16,1.,-1.367043090562E-16));
#38 = DIRECTION('',(0.615661475326,0.,0.788010753607));
#39 = ORIENTED_EDGE('',*,*,#40,.F.);
#40 = EDGE_CURVE('',#41,#32,#43,.T.);
#41 = VERTEX_POINT('',#42);
#42 = CARTESIAN_POINT('',(182.19923594676,-8.,466.6140105991));
#43 = LINE('',#44,#45);
#44 = CARTESIAN_POINT('',(182.19923594676,-8.,466.6140105991));
#45 = VECTOR('',#46,1.);
#46 = DIRECTION('',(1.749735364613E-16,1.,-1.367043090562E-16));
#47 = ORIENTED_EDGE('',*,*,#48,.T.);
#48 = EDGE_CURVE('',#41,#22,#49,.T.);
#49 = CIRCLE('',#50,37.5);
#50 = AXIS2_PLACEMENT_3D('',#51,#52,#53);
#51 = CARTESIAN_POINT('',(197.01167210421,-8.,432.16344115415));
#52 = DIRECTION('',(1.749735364613E-16,1.,-1.367043090562E-16));
#53 = DIRECTION('',(0.615661475326,0.,0.788010753607));
#54 = CYLINDRICAL_SURFACE('',#55,37.5);
#55 = AXIS2_PLACEMENT_3D('',#56,#57,#58);
#56 = CARTESIAN_POINT('',(197.01167210421,-8.,432.16344115415));
#57 = DIRECTION('',(1.749735364613E-16,1.,-1.367043090562E-16));
#58 = DIRECTION('',(0.615661475326,0.,0.788010753607));
#59 = ADVANCED_FACE('',(#60,#259),#270,.T.);
#60 = FACE_BOUND('',#61,.T.);
#61 = EDGE_LOOP('',(#62,#73,#82,#89,#90,#99,#108,#117,#126,#135,#144,
    #153,#162,#171,#180,#189,#198,#207,#216,#225,#234,#243,#252));
#62 = ORIENTED_EDGE('',*,*,#63,.F.);
#63 = EDGE_CURVE('',#64,#66,#68,.T.);
#64 = VERTEX_POINT('',#65);
#65 = CARTESIAN_POINT('',(207.80908272936,-8.,468.07536011975));
#66 = VERTEX_POINT('',#67);
#67 = CARTESIAN_POINT('',(220.09897742892,-8.,461.7138444144));
#68 = CIRCLE('',#69,37.5);
#69 = AXIS2_PLACEMENT_3D('',#70,#71,#72);
#70 = CARTESIAN_POINT('',(197.01167210421,-8.,432.16344115415));
#71 = DIRECTION('',(1.749735364613E-16,1.,-1.367043090562E-16));
#72 = DIRECTION('',(0.615661475326,0.,0.788010753607));
#73 = ORIENTED_EDGE('',*,*,#74,.F.);
#74 = EDGE_CURVE('',#75,#64,#77,.T.);
#75 = VERTEX_POINT('',#76);
#76 = CARTESIAN_POINT('',(206.75086086253,-8.,471.18757444145));
#77 = CIRCLE('',#78,3.);
#78 = AXIS2_PLACEMENT_3D('',#79,#80,#81);
#79 = CARTESIAN_POINT('',(204.90387643655,-8.,468.82354218063));
#80 = DIRECTION('',(1.749735364613E-16,1.,-1.367043090562E-16));
#81 = DIRECTION('',(0.615661475326,0.,0.788010753607));
#82 = ORIENTED_EDGE('',*,*,#83,.F.);
#83 = EDGE_CURVE('',#22,#75,#84,.T.);
#84 = CIRCLE('',#85,3.);
#85 = AXIS2_PLACEMENT_3D('',#86,#87,#88);
#86 = CARTESIAN_POINT('',(204.90387643655,-8.,468.82354218063));
#87 = DIRECTION('',(1.749735364613E-16,1.,-1.367043090562E-16));
#88 = DIRECTION('',(0.615661475326,0.,0.788010753607));
#89 = ORIENTED_EDGE('',*,*,#48,.F.);
#90 = ORIENTED_EDGE('',*,*,#91,.F.);
#91 = EDGE_CURVE('',#92,#41,#94,.T.);
#92 = VERTEX_POINT('',#93);
#93 = CARTESIAN_POINT('',(181.33977926085,-8.,467.68375676021));
#94 = CIRCLE('',#95,3.);
#95 = AXIS2_PLACEMENT_3D('',#96,#97,#98);
#96 = CARTESIAN_POINT('',(179.49279483487,-8.,465.31972449939));
#97 = DIRECTION('',(1.749735364613E-16,1.,-1.367043090562E-16));
#98 = DIRECTION('',(0.615661475326,0.,0.788010753607));
#99 = ORIENTED_EDGE('',*,*,#100,.F.);
#100 = EDGE_CURVE('',#101,#92,#103,.T.);
#101 = VERTEX_POINT('',#102);
#102 = CARTESIAN_POINT('',(176.89847684044,-8.,463.81323382774));
#103 = CIRCLE('',#104,3.);
#104 = AXIS2_PLACEMENT_3D('',#105,#106,#107);
#105 = CARTESIAN_POINT('',(179.49279483487,-8.,465.31972449939));
#106 = DIRECTION('',(1.749735364613E-16,1.,-1.367043090562E-16));
#107 = DIRECTION('',(0.615661475326,0.,0.788010753607));
#108 = ORIENTED_EDGE('',*,*,#109,.F.);
#109 = EDGE_CURVE('',#110,#101,#112,.T.);
#110 = VERTEX_POINT('',#111);
#111 = CARTESIAN_POINT('',(163.52028817099,-8.,449.03285733367));
#112 = CIRCLE('',#113,37.5);
#113 = AXIS2_PLACEMENT_3D('',#114,#115,#116);
#114 = CARTESIAN_POINT('',(197.01167210421,-8.,432.16344115415));
#115 = DIRECTION('',(1.749735364613E-16,1.,-1.367043090562E-16));
#116 = DIRECTION('',(0.615661475326,0.,0.788010753607));
#117 = ORIENTED_EDGE('',*,*,#118,.F.);
#118 = EDGE_CURVE('',#119,#110,#121,.T.);
#119 = VERTEX_POINT('',#120);
#120 = CARTESIAN_POINT('',(161.25997587621,-8.,443.48007567244));
#121 = CIRCLE('',#122,3.);
#122 = AXIS2_PLACEMENT_3D('',#123,#124,#125);
#123 = CARTESIAN_POINT('',(162.27898342613,-8.,446.30171059093));
#124 = DIRECTION('',(1.749735364613E-16,1.,-1.367043090562E-16));
#125 = DIRECTION('',(0.615661475326,0.,0.788010753607));
#126 = ORIENTED_EDGE('',*,*,#127,.F.);
#127 = EDGE_CURVE('',#128,#119,#130,.T.);
#128 = VERTEX_POINT('',#129);
#129 = CARTESIAN_POINT('',(160.51233239491,-8.,423.55831472944));
#130 = CIRCLE('',#131,37.5);
#131 = AXIS2_PLACEMENT_3D('',#132,#133,#134);
#132 = CARTESIAN_POINT('',(197.01167210421,-8.,432.16344115415));
#133 = DIRECTION('',(1.749735364613E-16,1.,-1.367043090562E-16));
#134 = DIRECTION('',(0.615661475326,0.,0.788010753607));
#135 = ORIENTED_EDGE('',*,*,#136,.F.);
#136 = EDGE_CURVE('',#137,#128,#139,.T.);
#137 = VERTEX_POINT('',#138);
#138 = CARTESIAN_POINT('',(162.3500925615,-8.,417.85173602847));
#139 = CIRCLE('',#140,3.);
#140 = AXIS2_PLACEMENT_3D('',#141,#142,#143);
#141 = CARTESIAN_POINT('',(161.31699236958,-8.,420.66824166373));
#142 = DIRECTION('',(1.749735364613E-16,1.,-1.367043090562E-16));
#143 = DIRECTION('',(0.615661475326,0.,0.788010753607));
#144 = ORIENTED_EDGE('',*,*,#145,.F.);
#145 = EDGE_CURVE('',#146,#137,#148,.T.);
#146 = VERTEX_POINT('',#147);
#147 = CARTESIAN_POINT('',(174.58282400474,-8.,402.1102088333));
#148 = CIRCLE('',#149,37.5);
#149 = AXIS2_PLACEMENT_3D('',#150,#151,#152);
#150 = CARTESIAN_POINT('',(197.01167210421,-8.,432.16344115415));
#151 = DIRECTION('',(1.749735364613E-16,1.,-1.367043090562E-16));
#152 = DIRECTION('',(0.615661475326,0.,0.788010753607));
#153 = ORIENTED_EDGE('',*,*,#154,.F.);
#154 = EDGE_CURVE('',#155,#146,#157,.T.);
#155 = VERTEX_POINT('',#156);
#156 = CARTESIAN_POINT('',(179.65874813466,-8.,398.92000526513));
#157 = CIRCLE('',#158,3.);
#158 = AXIS2_PLACEMENT_3D('',#159,#160,#161);
#159 = CARTESIAN_POINT('',(177.05693343608,-8.,400.41351129934));
#160 = DIRECTION('',(1.749735364613E-16,1.,-1.367043090562E-16));
#161 = DIRECTION('',(0.615661475326,0.,0.788010753607));
#162 = ORIENTED_EDGE('',*,*,#163,.F.);
#163 = EDGE_CURVE('',#164,#155,#166,.T.);
#164 = VERTEX_POINT('',#165);
#165 = CARTESIAN_POINT('',(199.14802122393,-8.,394.72434377669));
#166 = CIRCLE('',#167,37.5);
#167 = AXIS2_PLACEMENT_3D('',#168,#169,#170);
#168 = CARTESIAN_POINT('',(197.01167210421,-8.,432.16344115415));
#169 = DIRECTION('',(1.749735364613E-16,1.,-1.367043090562E-16));
#170 = DIRECTION('',(0.615661475326,0.,0.788010753607));
#171 = ORIENTED_EDGE('',*,*,#172,.F.);
#172 = EDGE_CURVE('',#173,#164,#175,.T.);
#173 = VERTEX_POINT('',#174);
#174 = CARTESIAN_POINT('',(205.08702726928,-8.,395.54324673962));
#175 = CIRCLE('',#176,3.);
#176 = AXIS2_PLACEMENT_3D('',#177,#178,#179);
#177 = CARTESIAN_POINT('',(202.13391615521,-8.,395.01491469631));
#178 = DIRECTION('',(1.749735364613E-16,1.,-1.367043090562E-16));
#179 = DIRECTION('',(0.615661475326,0.,0.788010753607));
#180 = ORIENTED_EDGE('',*,*,#181,.F.);
#181 = EDGE_CURVE('',#182,#173,#184,.T.);
#182 = VERTEX_POINT('',#183);
#183 = CARTESIAN_POINT('',(222.71359946736,-8.,404.85664841279));
#184 = CIRCLE('',#185,37.5);
#185 = AXIS2_PLACEMENT_3D('',#186,#187,#188);
#186 = CARTESIAN_POINT('',(197.01167210421,-8.,432.16344115415));
#187 = DIRECTION('',(1.749735364613E-16,1.,-1.367043090562E-16));
#188 = DIRECTION('',(0.615661475326,0.,0.788010753607));
#189 = ORIENTED_EDGE('',*,*,#190,.F.);
#190 = EDGE_CURVE('',#191,#182,#193,.T.);
#191 = VERTEX_POINT('',#192);
#192 = CARTESIAN_POINT('',(226.73676151395,-8.,409.30148455409));
#193 = CIRCLE('',#194,3.);
#194 = AXIS2_PLACEMENT_3D('',#195,#196,#197);
#195 = CARTESIAN_POINT('',(224.81414750649,-8.,406.99853961808));
#196 = DIRECTION('',(1.749735364613E-16,1.,-1.367043090562E-16));
#197 = DIRECTION('',(0.615661475326,0.,0.788010753607));
#198 = ORIENTED_EDGE('',*,*,#199,.F.);
#199 = EDGE_CURVE('',#200,#191,#202,.T.);
#200 = VERTEX_POINT('',#201);
#201 = CARTESIAN_POINT('',(234.25295888143,-8.,427.76610569085));
#202 = CIRCLE('',#203,37.5);
#203 = AXIS2_PLACEMENT_3D('',#204,#205,#206);
#204 = CARTESIAN_POINT('',(197.01167210421,-8.,432.16344115415));
#205 = DIRECTION('',(1.749735364613E-16,1.,-1.367043090562E-16));
#206 = DIRECTION('',(0.615661475326,0.,0.788010753607));
#207 = ORIENTED_EDGE('',*,*,#208,.F.);
#208 = EDGE_CURVE('',#209,#200,#211,.T.);
#209 = VERTEX_POINT('',#210);
#210 = CARTESIAN_POINT('',(236.33227862425,-8.,433.12112780463));
#211 = CIRCLE('',#212,3.);
#212 = AXIS2_PLACEMENT_3D('',#213,#214,#215);
#213 = CARTESIAN_POINT('',(234.48529419828,-8.,430.75709554381));
#214 = DIRECTION('',(1.749735364613E-16,1.,-1.367043090562E-16));
#215 = DIRECTION('',(0.615661475326,0.,0.788010753607));
#216 = ORIENTED_EDGE('',*,*,#217,.F.);
#217 = EDGE_CURVE('',#218,#209,#220,.T.);
#218 = VERTEX_POINT('',#219);
#219 = CARTESIAN_POINT('',(234.47779407551,-8.,433.75708616849));
#220 = CIRCLE('',#221,3.);
#221 = AXIS2_PLACEMENT_3D('',#222,#223,#224);
#222 = CARTESIAN_POINT('',(234.48529419828,-8.,430.75709554381));
#223 = DIRECTION('',(1.749735364613E-16,1.,-1.367043090562E-16));
#224 = DIRECTION('',(0.615661475326,0.,0.788010753607));
#225 = ORIENTED_EDGE('',*,*,#226,.F.);
#226 = EDGE_CURVE('',#227,#218,#229,.T.);
#227 = VERTEX_POINT('',#228);
#228 = CARTESIAN_POINT('',(228.3667080684,-8.,452.73312077451));
#229 = CIRCLE('',#230,37.5);
#230 = AXIS2_PLACEMENT_3D('',#231,#232,#233);
#231 = CARTESIAN_POINT('',(197.01167210421,-8.,432.16344115415));
#232 = DIRECTION('',(1.749735364613E-16,1.,-1.367043090562E-16));
#233 = DIRECTION('',(0.615661475326,0.,0.788010753607));
#234 = ORIENTED_EDGE('',*,*,#235,.F.);
#235 = EDGE_CURVE('',#236,#227,#238,.T.);
#236 = VERTEX_POINT('',#237);
#237 = CARTESIAN_POINT('',(228.46909500064,-8.,457.53772255592));
#238 = CIRCLE('',#239,3.);
#239 = AXIS2_PLACEMENT_3D('',#240,#241,#242);
#240 = CARTESIAN_POINT('',(226.62211057466,-8.,455.1736902951));
#241 = DIRECTION('',(1.749735364613E-16,1.,-1.367043090562E-16));
#242 = DIRECTION('',(0.615661475326,0.,0.788010753607));
#243 = ORIENTED_EDGE('',*,*,#244,.F.);
#244 = EDGE_CURVE('',#245,#236,#247,.T.);
#245 = VERTEX_POINT('',#246);
#246 = CARTESIAN_POINT('',(224.68801397508,-8.,457.46700020513));
#247 = CIRCLE('',#248,3.);
#248 = AXIS2_PLACEMENT_3D('',#249,#250,#251);
#249 = CARTESIAN_POINT('',(226.62211057466,-8.,455.1736902951));
#250 = DIRECTION('',(1.749735364613E-16,1.,-1.367043090562E-16));
#251 = DIRECTION('',(0.615661475326,0.,0.788010753607));
#252 = ORIENTED_EDGE('',*,*,#253,.F.);
#253 = EDGE_CURVE('',#66,#245,#254,.T.);
#254 = CIRCLE('',#255,37.5);
#255 = AXIS2_PLACEMENT_3D('',#256,#257,#258);
#256 = CARTESIAN_POINT('',(197.01167210421,-8.,432.16344115415));
#257 = DIRECTION('',(1.749735364613E-16,1.,-1.367043090562E-16));
#258 = DIRECTION('',(0.615661475326,0.,0.788010753607));
#259 = FACE_BOUND('',#260,.T.);
#260 = EDGE_LOOP('',(#261));
#261 = ORIENTED_EDGE('',*,*,#262,.T.);
#262 = EDGE_CURVE('',#263,#263,#265,.T.);
#263 = VERTEX_POINT('',#264);
#264 = CARTESIAN_POINT('',(216.40500857696,-8.,456.98577989276));
#265 = CIRCLE('',#266,31.5);
#266 = AXIS2_PLACEMENT_3D('',#267,#268,#269);
#267 = CARTESIAN_POINT('',(197.01167210421,-8.,432.16344115415));
#268 = DIRECTION('',(1.749735364613E-16,1.,-1.367043090562E-16));
#269 = DIRECTION('',(0.615661475326,0.,0.788010753607));
#270 = PLANE('',#271);
#271 = AXIS2_PLACEMENT_3D('',#272,#273,#274);
#272 = CARTESIAN_POINT('',(197.0946440757,-8.,432.27724059974));
#273 = DIRECTION('',(-1.749735364613E-16,-1.,1.367043090562E-16));
#274 = DIRECTION('',(-0.615661475326,0.,-0.788010753607));
#275 = ADVANCED_FACE('',(#276),#302,.T.);
#276 = FACE_BOUND('',#277,.T.);
#277 = EDGE_LOOP('',(#278,#286,#295,#301));
#278 = ORIENTED_EDGE('',*,*,#279,.T.);
#279 = EDGE_CURVE('',#101,#280,#282,.T.);
#280 = VERTEX_POINT('',#281);
#281 = CARTESIAN_POINT('',(176.89847684044,17.,463.81323382774));
#282 = LINE('',#283,#284);
#283 = CARTESIAN_POINT('',(176.89847684044,-8.,463.81323382774));
#284 = VECTOR('',#285,1.);
#285 = DIRECTION('',(1.749735364613E-16,1.,-1.367043090562E-16));
#286 = ORIENTED_EDGE('',*,*,#287,.F.);
#287 = EDGE_CURVE('',#288,#280,#290,.T.);
#288 = VERTEX_POINT('',#289);
#289 = CARTESIAN_POINT('',(163.52028817099,17.,449.03285733367));
#290 = CIRCLE('',#291,37.5);
#291 = AXIS2_PLACEMENT_3D('',#292,#293,#294);
#292 = CARTESIAN_POINT('',(197.01167210421,17.,432.16344115415));
#293 = DIRECTION('',(1.749735364613E-16,1.,-1.367043090562E-16));
#294 = DIRECTION('',(0.615661475326,0.,0.788010753607));
#295 = ORIENTED_EDGE('',*,*,#296,.F.);
#296 = EDGE_CURVE('',#110,#288,#297,.T.);
#297 = LINE('',#298,#299);
#298 = CARTESIAN_POINT('',(163.52028817099,-8.,449.03285733367));
#299 = VECTOR('',#300,1.);
#300 = DIRECTION('',(1.749735364613E-16,1.,-1.367043090562E-16));
#301 = ORIENTED_EDGE('',*,*,#109,.T.);
#302 = CYLINDRICAL_SURFACE('',#303,37.5);
#303 = AXIS2_PLACEMENT_3D('',#304,#305,#306);
#304 = CARTESIAN_POINT('',(197.01167210421,-8.,432.16344115415));
#305 = DIRECTION('',(1.749735364613E-16,1.,-1.367043090562E-16));
#306 = DIRECTION('',(0.615661475326,0.,0.788010753607));
#307 = ADVANCED_FACE('',(#308),#327,.T.);
#308 = FACE_BOUND('',#309,.T.);
#309 = EDGE_LOOP('',(#310,#319,#325,#326));
#310 = ORIENTED_EDGE('',*,*,#311,.F.);
#311 = EDGE_CURVE('',#312,#288,#314,.T.);
#312 = VERTEX_POINT('',#313);
#313 = CARTESIAN_POINT('',(161.25997587621,17.,443.48007567244));
#314 = CIRCLE('',#315,3.);
#315 = AXIS2_PLACEMENT_3D('',#316,#317,#318);
#316 = CARTESIAN_POINT('',(162.27898342613,17.,446.30171059093));
#317 = DIRECTION('',(1.749735364613E-16,1.,-1.367043090562E-16));
#318 = DIRECTION('',(0.615661475326,0.,0.788010753607));
#319 = ORIENTED_EDGE('',*,*,#320,.F.);
#320 = EDGE_CURVE('',#119,#312,#321,.T.);
#321 = LINE('',#322,#323);
#322 = CARTESIAN_POINT('',(161.25997587621,-8.,443.48007567244));
#323 = VECTOR('',#324,1.);
#324 = DIRECTION('',(1.749735364613E-16,1.,-1.367043090562E-16));
#325 = ORIENTED_EDGE('',*,*,#118,.T.);
#326 = ORIENTED_EDGE('',*,*,#296,.T.);
#327 = CYLINDRICAL_SURFACE('',#328,3.);
#328 = AXIS2_PLACEMENT_3D('',#329,#330,#331);
#329 = CARTESIAN_POINT('',(162.27898342613,-8.,446.30171059093));
#330 = DIRECTION('',(1.749735364613E-16,1.,-1.367043090562E-16));
#331 = DIRECTION('',(0.615661475326,0.,0.788010753607));
#332 = ADVANCED_FACE('',(#333),#352,.T.);
#333 = FACE_BOUND('',#334,.T.);
#334 = EDGE_LOOP('',(#335,#336,#345,#351));
#335 = ORIENTED_EDGE('',*,*,#320,.T.);
#336 = ORIENTED_EDGE('',*,*,#337,.F.);
#337 = EDGE_CURVE('',#338,#312,#340,.T.);
#338 = VERTEX_POINT('',#339);
#339 = CARTESIAN_POINT('',(160.51233239491,17.,423.55831472944));
#340 = CIRCLE('',#341,37.5);
#341 = AXIS2_PLACEMENT_3D('',#342,#343,#344);
#342 = CARTESIAN_POINT('',(197.01167210421,17.,432.16344115415));
#343 = DIRECTION('',(1.749735364613E-16,1.,-1.367043090562E-16));
#344 = DIRECTION('',(0.615661475326,0.,0.788010753607));
#345 = ORIENTED_EDGE('',*,*,#346,.F.);
#346 = EDGE_CURVE('',#128,#338,#347,.T.);
#347 = LINE('',#348,#349);
#348 = CARTESIAN_POINT('',(160.51233239491,-8.,423.55831472944));
#349 = VECTOR('',#350,1.);
#350 = DIRECTION('',(1.749735364613E-16,1.,-1.367043090562E-16));
#351 = ORIENTED_EDGE('',*,*,#127,.T.);
#352 = CYLINDRICAL_SURFACE('',#353,37.5);
#353 = AXIS2_PLACEMENT_3D('',#354,#355,#356);
#354 = CARTESIAN_POINT('',(197.01167210421,-8.,432.16344115415));
#355 = DIRECTION('',(1.749735364613E-16,1.,-1.367043090562E-16));
#356 = DIRECTION('',(0.615661475326,0.,0.788010753607));
#357 = ADVANCED_FACE('',(#358),#377,.T.);
#358 = FACE_BOUND('',#359,.T.);
#359 = EDGE_LOOP('',(#360,#369,#375,#376));
#360 = ORIENTED_EDGE('',*,*,#361,.F.);
#361 = EDGE_CURVE('',#362,#338,#364,.T.);
#362 = VERTEX_POINT('',#363);
#363 = CARTESIAN_POINT('',(162.3500925615,17.,417.85173602847));
#364 = CIRCLE('',#365,3.);
#365 = AXIS2_PLACEMENT_3D('',#366,#367,#368);
#366 = CARTESIAN_POINT('',(161.31699236958,17.,420.66824166373));
#367 = DIRECTION('',(1.749735364613E-16,1.,-1.367043090562E-16));
#368 = DIRECTION('',(0.615661475326,0.,0.788010753607));
#369 = ORIENTED_EDGE('',*,*,#370,.F.);
#370 = EDGE_CURVE('',#137,#362,#371,.T.);
#371 = LINE('',#372,#373);
#372 = CARTESIAN_POINT('',(162.3500925615,-8.,417.85173602847));
#373 = VECTOR('',#374,1.);
#374 = DIRECTION('',(1.749735364613E-16,1.,-1.367043090562E-16));
#375 = ORIENTED_EDGE('',*,*,#136,.T.);
#376 = ORIENTED_EDGE('',*,*,#346,.T.);
#377 = CYLINDRICAL_SURFACE('',#378,3.);
#378 = AXIS2_PLACEMENT_3D('',#379,#380,#381);
#379 = CARTESIAN_POINT('',(161.31699236958,-8.,420.66824166373));
#380 = DIRECTION('',(1.749735364613E-16,1.,-1.367043090562E-16));
#381 = DIRECTION('',(0.615661475326,0.,0.788010753607));
#382 = ADVANCED_FACE('',(#383),#402,.T.);
#383 = FACE_BOUND('',#384,.T.);
#384 = EDGE_LOOP('',(#385,#386,#395,#401));
#385 = ORIENTED_EDGE('',*,*,#370,.T.);
#386 = ORIENTED_EDGE('',*,*,#387,.F.);
#387 = EDGE_CURVE('',#388,#362,#390,.T.);
#388 = VERTEX_POINT('',#389);
#389 = CARTESIAN_POINT('',(174.58282400474,17.,402.1102088333));
#390 = CIRCLE('',#391,37.5);
#391 = AXIS2_PLACEMENT_3D('',#392,#393,#394);
#392 = CARTESIAN_POINT('',(197.01167210421,17.,432.16344115415));
#393 = DIRECTION('',(1.749735364613E-16,1.,-1.367043090562E-16));
#394 = DIRECTION('',(0.615661475326,0.,0.788010753607));
#395 = ORIENTED_EDGE('',*,*,#396,.F.);
#396 = EDGE_CURVE('',#146,#388,#397,.T.);
#397 = LINE('',#398,#399);
#398 = CARTESIAN_POINT('',(174.58282400474,-8.,402.1102088333));
#399 = VECTOR('',#400,1.);
#400 = DIRECTION('',(1.749735364613E-16,1.,-1.367043090562E-16));
#401 = ORIENTED_EDGE('',*,*,#145,.T.);
#402 = CYLINDRICAL_SURFACE('',#403,37.5);
#403 = AXIS2_PLACEMENT_3D('',#404,#405,#406);
#404 = CARTESIAN_POINT('',(197.01167210421,-8.,432.16344115415));
#405 = DIRECTION('',(1.749735364613E-16,1.,-1.367043090562E-16));
#406 = DIRECTION('',(0.615661475326,0.,0.788010753607));
#407 = ADVANCED_FACE('',(#408),#427,.T.);
#408 = FACE_BOUND('',#409,.T.);
#409 = EDGE_LOOP('',(#410,#419,#425,#426));
#410 = ORIENTED_EDGE('',*,*,#411,.F.);
#411 = EDGE_CURVE('',#412,#388,#414,.T.);
#412 = VERTEX_POINT('',#413);
#413 = CARTESIAN_POINT('',(179.65874813466,17.,398.92000526513));
#414 = CIRCLE('',#415,3.);
#415 = AXIS2_PLACEMENT_3D('',#416,#417,#418);
#416 = CARTESIAN_POINT('',(177.05693343608,17.,400.41351129934));
#417 = DIRECTION('',(1.749735364613E-16,1.,-1.367043090562E-16));
#418 = DIRECTION('',(0.615661475326,0.,0.788010753607));
#419 = ORIENTED_EDGE('',*,*,#420,.F.);
#420 = EDGE_CURVE('',#155,#412,#421,.T.);
#421 = LINE('',#422,#423);
#422 = CARTESIAN_POINT('',(179.65874813466,-8.,398.92000526513));
#423 = VECTOR('',#424,1.);
#424 = DIRECTION('',(1.749735364613E-16,1.,-1.367043090562E-16));
#425 = ORIENTED_EDGE('',*,*,#154,.T.);
#426 = ORIENTED_EDGE('',*,*,#396,.T.);
#427 = CYLINDRICAL_SURFACE('',#428,3.);
#428 = AXIS2_PLACEMENT_3D('',#429,#430,#431);
#429 = CARTESIAN_POINT('',(177.05693343608,-8.,400.41351129934));
#430 = DIRECTION('',(1.749735364613E-16,1.,-1.367043090562E-16));
#431 = DIRECTION('',(0.615661475326,0.,0.788010753607));
#432 = ADVANCED_FACE('',(#433),#452,.T.);
#433 = FACE_BOUND('',#434,.T.);
#434 = EDGE_LOOP('',(#435,#444,#450,#451));
#435 = ORIENTED_EDGE('',*,*,#436,.F.);
#436 = EDGE_CURVE('',#437,#412,#439,.T.);
#437 = VERTEX_POINT('',#438);
#438 = CARTESIAN_POINT('',(199.14802122393,17.,394.72434377669));
#439 = CIRCLE('',#440,37.5);
#440 = AXIS2_PLACEMENT_3D('',#441,#442,#443);
#441 = CARTESIAN_POINT('',(197.01167210421,17.,432.16344115415));
#442 = DIRECTION('',(1.749735364613E-16,1.,-1.367043090562E-16));
#443 = DIRECTION('',(0.615661475326,0.,0.788010753607));
#444 = ORIENTED_EDGE('',*,*,#445,.F.);
#445 = EDGE_CURVE('',#164,#437,#446,.T.);
#446 = LINE('',#447,#448);
#447 = CARTESIAN_POINT('',(199.14802122393,-8.,394.72434377669));
#448 = VECTOR('',#449,1.);
#449 = DIRECTION('',(1.749735364613E-16,1.,-1.367043090562E-16));
#450 = ORIENTED_EDGE('',*,*,#163,.T.);
#451 = ORIENTED_EDGE('',*,*,#420,.T.);
#452 = CYLINDRICAL_SURFACE('',#453,37.5);
#453 = AXIS2_PLACEMENT_3D('',#454,#455,#456);
#454 = CARTESIAN_POINT('',(197.01167210421,-8.,432.16344115415));
#455 = DIRECTION('',(1.749735364613E-16,1.,-1.367043090562E-16));
#456 = DIRECTION('',(0.615661475326,0.,0.788010753607));
#457 = ADVANCED_FACE('',(#458),#477,.T.);
#458 = FACE_BOUND('',#459,.T.);
#459 = EDGE_LOOP('',(#460,#469,#475,#476));
#460 = ORIENTED_EDGE('',*,*,#461,.F.);
#461 = EDGE_CURVE('',#462,#437,#464,.T.);
#462 = VERTEX_POINT('',#463);
#463 = CARTESIAN_POINT('',(205.08702726928,17.,395.54324673962));
#464 = CIRCLE('',#465,3.);
#465 = AXIS2_PLACEMENT_3D('',#466,#467,#468);
#466 = CARTESIAN_POINT('',(202.13391615521,17.,395.01491469631));
#467 = DIRECTION('',(1.749735364613E-16,1.,-1.367043090562E-16));
#468 = DIRECTION('',(0.615661475326,0.,0.788010753607));
#469 = ORIENTED_EDGE('',*,*,#470,.F.);
#470 = EDGE_CURVE('',#173,#462,#471,.T.);
#471 = LINE('',#472,#473);
#472 = CARTESIAN_POINT('',(205.08702726928,-8.,395.54324673962));
#473 = VECTOR('',#474,1.);
#474 = DIRECTION('',(1.749735364613E-16,1.,-1.367043090562E-16));
#475 = ORIENTED_EDGE('',*,*,#172,.T.);
#476 = ORIENTED_EDGE('',*,*,#445,.T.);
#477 = CYLINDRICAL_SURFACE('',#478,3.);
#478 = AXIS2_PLACEMENT_3D('',#479,#480,#481);
#479 = CARTESIAN_POINT('',(202.13391615521,-8.,395.01491469631));
#480 = DIRECTION('',(1.749735364613E-16,1.,-1.367043090562E-16));
#481 = DIRECTION('',(0.615661475326,0.,0.788010753607));
#482 = ADVANCED_FACE('',(#483),#502,.T.);
#483 = FACE_BOUND('',#484,.T.);
#484 = EDGE_LOOP('',(#485,#494,#500,#501));
#485 = ORIENTED_EDGE('',*,*,#486,.F.);
#486 = EDGE_CURVE('',#487,#462,#489,.T.);
#487 = VERTEX_POINT('',#488);
#488 = CARTESIAN_POINT('',(222.71359946736,17.,404.85664841279));
#489 = CIRCLE('',#490,37.5);
#490 = AXIS2_PLACEMENT_3D('',#491,#492,#493);
#491 = CARTESIAN_POINT('',(197.01167210421,17.,432.16344115415));
#492 = DIRECTION('',(1.749735364613E-16,1.,-1.367043090562E-16));
#493 = DIRECTION('',(0.615661475326,0.,0.788010753607));
#494 = ORIENTED_EDGE('',*,*,#495,.F.);
#495 = EDGE_CURVE('',#182,#487,#496,.T.);
#496 = LINE('',#497,#498);
#497 = CARTESIAN_POINT('',(222.71359946736,-8.,404.85664841279));
#498 = VECTOR('',#499,1.);
#499 = DIRECTION('',(1.749735364613E-16,1.,-1.367043090562E-16));
#500 = ORIENTED_EDGE('',*,*,#181,.T.);
#501 = ORIENTED_EDGE('',*,*,#470,.T.);
#502 = CYLINDRICAL_SURFACE('',#503,37.5);
#503 = AXIS2_PLACEMENT_3D('',#504,#505,#506);
#504 = CARTESIAN_POINT('',(197.01167210421,-8.,432.16344115415));
#505 = DIRECTION('',(1.749735364613E-16,1.,-1.367043090562E-16));
#506 = DIRECTION('',(0.615661475326,0.,0.788010753607));
#507 = ADVANCED_FACE('',(#508),#527,.T.);
#508 = FACE_BOUND('',#509,.T.);
#509 = EDGE_LOOP('',(#510,#519,#525,#526));
#510 = ORIENTED_EDGE('',*,*,#511,.F.);
#511 = EDGE_CURVE('',#512,#487,#514,.T.);
#512 = VERTEX_POINT('',#513);
#513 = CARTESIAN_POINT('',(226.73676151395,17.,409.30148455409));
#514 = CIRCLE('',#515,3.);
#515 = AXIS2_PLACEMENT_3D('',#516,#517,#518);
#516 = CARTESIAN_POINT('',(224.81414750649,17.,406.99853961808));
#517 = DIRECTION('',(1.749735364613E-16,1.,-1.367043090562E-16));
#518 = DIRECTION('',(0.615661475326,0.,0.788010753607));
#519 = ORIENTED_EDGE('',*,*,#520,.F.);
#520 = EDGE_CURVE('',#191,#512,#521,.T.);
#521 = LINE('',#522,#523);
#522 = CARTESIAN_POINT('',(226.73676151395,-8.,409.30148455409));
#523 = VECTOR('',#524,1.);
#524 = DIRECTION('',(1.749735364613E-16,1.,-1.367043090562E-16));
#525 = ORIENTED_EDGE('',*,*,#190,.T.);
#526 = ORIENTED_EDGE('',*,*,#495,.T.);
#527 = CYLINDRICAL_SURFACE('',#528,3.);
#528 = AXIS2_PLACEMENT_3D('',#529,#530,#531);
#529 = CARTESIAN_POINT('',(224.81414750649,-8.,406.99853961808));
#530 = DIRECTION('',(1.749735364613E-16,1.,-1.367043090562E-16));
#531 = DIRECTION('',(0.615661475326,0.,0.788010753607));
#532 = ADVANCED_FACE('',(#533),#552,.T.);
#533 = FACE_BOUND('',#534,.T.);
#534 = EDGE_LOOP('',(#535,#544,#550,#551));
#535 = ORIENTED_EDGE('',*,*,#536,.F.);
#536 = EDGE_CURVE('',#537,#512,#539,.T.);
#537 = VERTEX_POINT('',#538);
#538 = CARTESIAN_POINT('',(234.25295888143,17.,427.76610569085));
#539 = CIRCLE('',#540,37.5);
#540 = AXIS2_PLACEMENT_3D('',#541,#542,#543);
#541 = CARTESIAN_POINT('',(197.01167210421,17.,432.16344115415));
#542 = DIRECTION('',(1.749735364613E-16,1.,-1.367043090562E-16));
#543 = DIRECTION('',(0.615661475326,0.,0.788010753607));
#544 = ORIENTED_EDGE('',*,*,#545,.F.);
#545 = EDGE_CURVE('',#200,#537,#546,.T.);
#546 = LINE('',#547,#548);
#547 = CARTESIAN_POINT('',(234.25295888143,-8.,427.76610569084));
#548 = VECTOR('',#549,1.);
#549 = DIRECTION('',(1.749735364613E-16,1.,-1.367043090562E-16));
#550 = ORIENTED_EDGE('',*,*,#199,.T.);
#551 = ORIENTED_EDGE('',*,*,#520,.T.);
#552 = CYLINDRICAL_SURFACE('',#553,37.5);
#553 = AXIS2_PLACEMENT_3D('',#554,#555,#556);
#554 = CARTESIAN_POINT('',(197.01167210421,-8.,432.16344115415));
#555 = DIRECTION('',(1.749735364613E-16,1.,-1.367043090562E-16));
#556 = DIRECTION('',(0.615661475326,0.,0.788010753607));
#557 = ADVANCED_FACE('',(#558),#584,.T.);
#558 = FACE_BOUND('',#559,.T.);
#559 = EDGE_LOOP('',(#560,#571,#577,#578));
#560 = ORIENTED_EDGE('',*,*,#561,.F.);
#561 = EDGE_CURVE('',#562,#564,#566,.T.);
#562 = VERTEX_POINT('',#563);
#563 = CARTESIAN_POINT('',(228.3667080684,17.,452.73312077451));
#564 = VERTEX_POINT('',#565);
#565 = CARTESIAN_POINT('',(234.47779407551,17.,433.75708616849));
#566 = CIRCLE('',#567,37.5);
#567 = AXIS2_PLACEMENT_3D('',#568,#569,#570);
#568 = CARTESIAN_POINT('',(197.01167210421,17.,432.16344115415));
#569 = DIRECTION('',(1.749735364613E-16,1.,-1.367043090562E-16));
#570 = DIRECTION('',(0.615661475326,0.,0.788010753607));
#571 = ORIENTED_EDGE('',*,*,#572,.F.);
#572 = EDGE_CURVE('',#227,#562,#573,.T.);
#573 = LINE('',#574,#575);
#574 = CARTESIAN_POINT('',(228.3667080684,-8.,452.73312077451));
#575 = VECTOR('',#576,1.);
#576 = DIRECTION('',(1.749735364613E-16,1.,-1.367043090562E-16));
#577 = ORIENTED_EDGE('',*,*,#226,.T.);
#578 = ORIENTED_EDGE('',*,*,#579,.T.);
#579 = EDGE_CURVE('',#218,#564,#580,.T.);
#580 = LINE('',#581,#582);
#581 = CARTESIAN_POINT('',(234.47779407551,-8.,433.75708616849));
#582 = VECTOR('',#583,1.);
#583 = DIRECTION('',(1.749735364613E-16,1.,-1.367043090562E-16));
#584 = CYLINDRICAL_SURFACE('',#585,37.5);
#585 = AXIS2_PLACEMENT_3D('',#586,#587,#588);
#586 = CARTESIAN_POINT('',(197.01167210421,-8.,432.16344115415));
#587 = DIRECTION('',(1.749735364613E-16,1.,-1.367043090562E-16));
#588 = DIRECTION('',(0.615661475326,0.,0.788010753607));
#589 = ADVANCED_FACE('',(#590),#609,.T.);
#590 = FACE_BOUND('',#591,.T.);
#591 = EDGE_LOOP('',(#592,#593,#601,#608));
#592 = ORIENTED_EDGE('',*,*,#262,.F.);
#593 = ORIENTED_EDGE('',*,*,#594,.F.);
#594 = EDGE_CURVE('',#595,#263,#597,.T.);
#595 = VERTEX_POINT('',#596);
#596 = CARTESIAN_POINT('',(216.40500857696,-16.5,456.98577989276));
#597 = LINE('',#598,#599);
#598 = CARTESIAN_POINT('',(216.40500857696,-16.5,456.98577989276));
#599 = VECTOR('',#600,1.);
#600 = DIRECTION('',(1.749735364613E-16,1.,-1.367043090562E-16));
#601 = ORIENTED_EDGE('',*,*,#602,.T.);
#602 = EDGE_CURVE('',#595,#595,#603,.T.);
#603 = CIRCLE('',#604,31.5);
#604 = AXIS2_PLACEMENT_3D('',#605,#606,#607);
#605 = CARTESIAN_POINT('',(197.01167210421,-16.5,432.16344115415));
#606 = DIRECTION('',(1.749735364613E-16,1.,-1.367043090562E-16));
#607 = DIRECTION('',(0.615661475326,0.,0.788010753607));
#608 = ORIENTED_EDGE('',*,*,#594,.T.);
#609 = CYLINDRICAL_SURFACE('',#610,31.5);
#610 = AXIS2_PLACEMENT_3D('',#611,#612,#613);
#611 = CARTESIAN_POINT('',(197.01167210421,-16.5,432.16344115415));
#612 = DIRECTION('',(1.749735364613E-16,1.,-1.367043090562E-16));
#613 = DIRECTION('',(0.615661475326,0.,0.788010753607));
#614 = ADVANCED_FACE('',(#615),#618,.F.);
#615 = FACE_BOUND('',#616,.T.);
#616 = EDGE_LOOP('',(#617));
#617 = ORIENTED_EDGE('',*,*,#602,.F.);
#618 = PLANE('',#619);
#619 = AXIS2_PLACEMENT_3D('',#620,#621,#622);
#620 = CARTESIAN_POINT('',(197.01167210421,-16.5,432.16344115415));
#621 = DIRECTION('',(1.749735364613E-16,1.,-1.367043090562E-16));
#622 = DIRECTION('',(0.615661475326,0.,0.788010753607));
#623 = ADVANCED_FACE('',(#624,#723,#734,#763,#792,#821,#850,#879,#908,
    #937,#966),#995,.T.);
#624 = FACE_BOUND('',#625,.T.);
#625 = EDGE_LOOP('',(#626,#637,#646,#655,#662,#663,#672,#679,#680,#681,
    #682,#683,#684,#685,#686,#687,#688,#689,#690,#699,#706,#707,#716));
#626 = ORIENTED_EDGE('',*,*,#627,.T.);
#627 = EDGE_CURVE('',#628,#630,#632,.T.);
#628 = VERTEX_POINT('',#629);
#629 = CARTESIAN_POINT('',(207.80908272936,17.,468.07536011975));
#630 = VERTEX_POINT('',#631);
#631 = CARTESIAN_POINT('',(220.09897742892,17.,461.7138444144));
#632 = CIRCLE('',#633,37.5);
#633 = AXIS2_PLACEMENT_3D('',#634,#635,#636);
#634 = CARTESIAN_POINT('',(197.01167210421,17.,432.16344115415));
#635 = DIRECTION('',(1.749735364613E-16,1.,-1.367043090562E-16));
#636 = DIRECTION('',(0.615661475326,0.,0.788010753607));
#637 = ORIENTED_EDGE('',*,*,#638,.T.);
#638 = EDGE_CURVE('',#630,#639,#641,.T.);
#639 = VERTEX_POINT('',#640);
#640 = CARTESIAN_POINT('',(224.68801397508,17.,457.46700020513));
#641 = CIRCLE('',#642,37.5);
#642 = AXIS2_PLACEMENT_3D('',#643,#644,#645);
#643 = CARTESIAN_POINT('',(197.01167210421,17.,432.16344115415));
#644 = DIRECTION('',(1.749735364613E-16,1.,-1.367043090562E-16));
#645 = DIRECTION('',(0.615661475326,0.,0.788010753607));
#646 = ORIENTED_EDGE('',*,*,#647,.T.);
#647 = EDGE_CURVE('',#639,#648,#650,.T.);
#648 = VERTEX_POINT('',#649);
#649 = CARTESIAN_POINT('',(228.46909500064,17.,457.53772255592));
#650 = CIRCLE('',#651,3.);
#651 = AXIS2_PLACEMENT_3D('',#652,#653,#654);
#652 = CARTESIAN_POINT('',(226.62211057466,17.,455.1736902951));
#653 = DIRECTION('',(1.749735364613E-16,1.,-1.367043090562E-16));
#654 = DIRECTION('',(0.615661475326,0.,0.788010753607));
#655 = ORIENTED_EDGE('',*,*,#656,.T.);
#656 = EDGE_CURVE('',#648,#562,#657,.T.);
#657 = CIRCLE('',#658,3.);
#658 = AXIS2_PLACEMENT_3D('',#659,#660,#661);
#659 = CARTESIAN_POINT('',(226.62211057466,17.,455.1736902951));
#660 = DIRECTION('',(1.749735364613E-16,1.,-1.367043090562E-16));
#661 = DIRECTION('',(0.615661475326,0.,0.788010753607));
#662 = ORIENTED_EDGE('',*,*,#561,.T.);
#663 = ORIENTED_EDGE('',*,*,#664,.T.);
#664 = EDGE_CURVE('',#564,#665,#667,.T.);
#665 = VERTEX_POINT('',#666);
#666 = CARTESIAN_POINT('',(236.33227862425,17.,433.12112780463));
#667 = CIRCLE('',#668,3.);
#668 = AXIS2_PLACEMENT_3D('',#669,#670,#671);
#669 = CARTESIAN_POINT('',(234.48529419828,17.,430.75709554381));
#670 = DIRECTION('',(1.749735364613E-16,1.,-1.367043090562E-16));
#671 = DIRECTION('',(0.615661475326,0.,0.788010753607));
#672 = ORIENTED_EDGE('',*,*,#673,.T.);
#673 = EDGE_CURVE('',#665,#537,#674,.T.);
#674 = CIRCLE('',#675,3.);
#675 = AXIS2_PLACEMENT_3D('',#676,#677,#678);
#676 = CARTESIAN_POINT('',(234.48529419828,17.,430.75709554381));
#677 = DIRECTION('',(1.749735364613E-16,1.,-1.367043090562E-16));
#678 = DIRECTION('',(0.615661475326,0.,0.788010753607));
#679 = ORIENTED_EDGE('',*,*,#536,.T.);
#680 = ORIENTED_EDGE('',*,*,#511,.T.);
#681 = ORIENTED_EDGE('',*,*,#486,.T.);
#682 = ORIENTED_EDGE('',*,*,#461,.T.);
#683 = ORIENTED_EDGE('',*,*,#436,.T.);
#684 = ORIENTED_EDGE('',*,*,#411,.T.);
#685 = ORIENTED_EDGE('',*,*,#387,.T.);
#686 = ORIENTED_EDGE('',*,*,#361,.T.);
#687 = ORIENTED_EDGE('',*,*,#337,.T.);
#688 = ORIENTED_EDGE('',*,*,#311,.T.);
#689 = ORIENTED_EDGE('',*,*,#287,.T.);
#690 = ORIENTED_EDGE('',*,*,#691,.T.);
#691 = EDGE_CURVE('',#280,#692,#694,.T.);
#692 = VERTEX_POINT('',#693);
#693 = CARTESIAN_POINT('',(181.33977926085,17.,467.68375676021));
#694 = CIRCLE('',#695,3.);
#695 = AXIS2_PLACEMENT_3D('',#696,#697,#698);
#696 = CARTESIAN_POINT('',(179.49279483487,17.,465.31972449939));
#697 = DIRECTION('',(1.749735364613E-16,1.,-1.367043090562E-16));
#698 = DIRECTION('',(0.615661475326,0.,0.788010753607));
#699 = ORIENTED_EDGE('',*,*,#700,.T.);
#700 = EDGE_CURVE('',#692,#32,#701,.T.);
#701 = CIRCLE('',#702,3.);
#702 = AXIS2_PLACEMENT_3D('',#703,#704,#705);
#703 = CARTESIAN_POINT('',(179.49279483487,17.,465.31972449939));
#704 = DIRECTION('',(1.749735364613E-16,1.,-1.367043090562E-16));
#705 = DIRECTION('',(0.615661475326,0.,0.788010753607));
#706 = ORIENTED_EDGE('',*,*,#31,.T.);
#707 = ORIENTED_EDGE('',*,*,#708,.T.);
#708 = EDGE_CURVE('',#24,#709,#711,.T.);
#709 = VERTEX_POINT('',#710);
#710 = CARTESIAN_POINT('',(206.75086086253,17.,471.18757444145));
#711 = CIRCLE('',#712,3.);
#712 = AXIS2_PLACEMENT_3D('',#713,#714,#715);
#713 = CARTESIAN_POINT('',(204.90387643655,17.,468.82354218063));
#714 = DIRECTION('',(1.749735364613E-16,1.,-1.367043090562E-16));
#715 = DIRECTION('',(0.615661475326,0.,0.788010753607));
#716 = ORIENTED_EDGE('',*,*,#717,.T.);
#717 = EDGE_CURVE('',#709,#628,#718,.T.);
#718 = CIRCLE('',#719,3.);
#719 = AXIS2_PLACEMENT_3D('',#720,#721,#722);
#720 = CARTESIAN_POINT('',(204.90387643655,17.,468.82354218063));
#721 = DIRECTION('',(1.749735364613E-16,1.,-1.367043090562E-16));
#722 = DIRECTION('',(0.615661475326,0.,0.788010753607));
#723 = FACE_BOUND('',#724,.T.);
#724 = EDGE_LOOP('',(#725));
#725 = ORIENTED_EDGE('',*,*,#726,.F.);
#726 = EDGE_CURVE('',#727,#727,#729,.T.);
#727 = VERTEX_POINT('',#728);
#728 = CARTESIAN_POINT('',(210.24839382371,17.,449.10567235669));
#729 = CIRCLE('',#730,21.5);
#730 = AXIS2_PLACEMENT_3D('',#731,#732,#733);
#731 = CARTESIAN_POINT('',(197.01167210421,17.,432.16344115415));
#732 = DIRECTION('',(1.749735364613E-16,1.,-1.367043090562E-16));
#733 = DIRECTION('',(0.615661475326,0.,0.788010753607));
#734 = FACE_BOUND('',#735,.T.);
#735 = EDGE_LOOP('',(#736,#747,#756));
#736 = ORIENTED_EDGE('',*,*,#737,.F.);
#737 = EDGE_CURVE('',#738,#740,#742,.T.);
#738 = VERTEX_POINT('',#739);
#739 = CARTESIAN_POINT('',(180.83279701917,17.,465.99381213915));
#740 = VERTEX_POINT('',#741);
#741 = CARTESIAN_POINT('',(178.18082516826,17.,464.5925824267));
#742 = CIRCLE('',#743,1.5);
#743 = AXIS2_PLACEMENT_3D('',#744,#745,#746);
#744 = CARTESIAN_POINT('',(179.49279483487,17.,465.31972449939));
#745 = DIRECTION('',(1.749735364613E-16,1.,-1.367043090562E-16));
#746 = DIRECTION('',(0.615661475326,0.,0.788010753607));
#747 = ORIENTED_EDGE('',*,*,#748,.F.);
#748 = EDGE_CURVE('',#749,#738,#751,.T.);
#749 = VERTEX_POINT('',#750);
#750 = CARTESIAN_POINT('',(180.41628704786,17.,466.5017406298));
#751 = CIRCLE('',#752,1.5);
#752 = AXIS2_PLACEMENT_3D('',#753,#754,#755);
#753 = CARTESIAN_POINT('',(179.49279483487,17.,465.31972449939));
#754 = DIRECTION('',(1.749735364613E-16,1.,-1.367043090562E-16));
#755 = DIRECTION('',(0.615661475326,0.,0.788010753607));
#756 = ORIENTED_EDGE('',*,*,#757,.F.);
#757 = EDGE_CURVE('',#740,#749,#758,.T.);
#758 = CIRCLE('',#759,1.5);
#759 = AXIS2_PLACEMENT_3D('',#760,#761,#762);
#760 = CARTESIAN_POINT('',(179.49279483487,17.,465.31972449939));
#761 = DIRECTION('',(1.749735364613E-16,1.,-1.367043090562E-16));
#762 = DIRECTION('',(0.615661475326,0.,0.788010753607));
#763 = FACE_BOUND('',#764,.T.);
#764 = EDGE_LOOP('',(#765,#776,#785));
#765 = ORIENTED_EDGE('',*,*,#766,.F.);
#766 = EDGE_CURVE('',#767,#769,#771,.T.);
#767 = VERTEX_POINT('',#768);
#768 = CARTESIAN_POINT('',(206.36367377491,17.,468.47859040004));
#769 = VERTEX_POINT('',#770);
#770 = CARTESIAN_POINT('',(203.43145215123,17.,469.10984049357));
#771 = CIRCLE('',#772,1.5);
#772 = AXIS2_PLACEMENT_3D('',#773,#774,#775);
#773 = CARTESIAN_POINT('',(204.90387643655,17.,468.82354218063));
#774 = DIRECTION('',(1.749735364613E-16,1.,-1.367043090562E-16));
#775 = DIRECTION('',(0.615661475326,0.,0.788010753607));
#776 = ORIENTED_EDGE('',*,*,#777,.F.);
#777 = EDGE_CURVE('',#778,#767,#780,.T.);
#778 = VERTEX_POINT('',#779);
#779 = CARTESIAN_POINT('',(205.82736864954,17.,470.00555831104));
#780 = CIRCLE('',#781,1.5);
#781 = AXIS2_PLACEMENT_3D('',#782,#783,#784);
#782 = CARTESIAN_POINT('',(204.90387643655,17.,468.82354218063));
#783 = DIRECTION('',(1.749735364613E-16,1.,-1.367043090562E-16));
#784 = DIRECTION('',(0.615661475326,0.,0.788010753607));
#785 = ORIENTED_EDGE('',*,*,#786,.F.);
#786 = EDGE_CURVE('',#769,#778,#787,.T.);
#787 = CIRCLE('',#788,1.5);
#788 = AXIS2_PLACEMENT_3D('',#789,#790,#791);
#789 = CARTESIAN_POINT('',(204.90387643655,17.,468.82354218063));
#790 = DIRECTION('',(1.749735364613E-16,1.,-1.367043090562E-16));
#791 = DIRECTION('',(0.615661475326,0.,0.788010753607));
#792 = FACE_BOUND('',#793,.T.);
#793 = EDGE_LOOP('',(#794,#805,#814));
#794 = ORIENTED_EDGE('',*,*,#795,.F.);
#795 = EDGE_CURVE('',#796,#798,#800,.T.);
#796 = VERTEX_POINT('',#797);
#797 = CARTESIAN_POINT('',(227.51865213851,17.,453.97110423818));
#798 = VERTEX_POINT('',#799);
#799 = CARTESIAN_POINT('',(225.67820004682,17.,456.33946596624));
#800 = CIRCLE('',#801,1.5);
#801 = AXIS2_PLACEMENT_3D('',#802,#803,#804);
#802 = CARTESIAN_POINT('',(226.62211057466,17.,455.1736902951));
#803 = DIRECTION('',(1.749735364613E-16,1.,-1.367043090562E-16));
#804 = DIRECTION('',(0.615661475326,0.,0.788010753607));
#805 = ORIENTED_EDGE('',*,*,#806,.F.);
#806 = EDGE_CURVE('',#807,#796,#809,.T.);
#807 = VERTEX_POINT('',#808);
#808 = CARTESIAN_POINT('',(227.54560278765,17.,456.35570642551));
#809 = CIRCLE('',#810,1.5);
#810 = AXIS2_PLACEMENT_3D('',#811,#812,#813);
#811 = CARTESIAN_POINT('',(226.62211057466,17.,455.1736902951));
#812 = DIRECTION('',(1.749735364613E-16,1.,-1.367043090562E-16));
#813 = DIRECTION('',(0.615661475326,0.,0.788010753607));
#814 = ORIENTED_EDGE('',*,*,#815,.F.);
#815 = EDGE_CURVE('',#798,#807,#816,.T.);
#816 = CIRCLE('',#817,1.5);
#817 = AXIS2_PLACEMENT_3D('',#818,#819,#820);
#818 = CARTESIAN_POINT('',(226.62211057466,17.,455.1736902951));
#819 = DIRECTION('',(1.749735364613E-16,1.,-1.367043090562E-16));
#820 = DIRECTION('',(0.615661475326,0.,0.788010753607));
#821 = FACE_BOUND('',#822,.T.);
#822 = EDGE_LOOP('',(#823,#834,#843));
#823 = ORIENTED_EDGE('',*,*,#824,.F.);
#824 = EDGE_CURVE('',#825,#827,#829,.T.);
#825 = VERTEX_POINT('',#826);
#826 = CARTESIAN_POINT('',(234.39907059351,17.,429.25957576432));
#827 = VERTEX_POINT('',#828);
#828 = CARTESIAN_POINT('',(234.51155572891,17.,432.25686563686));
#829 = CIRCLE('',#830,1.5);
#830 = AXIS2_PLACEMENT_3D('',#831,#832,#833);
#831 = CARTESIAN_POINT('',(234.48529419828,17.,430.75709554381));
#832 = DIRECTION('',(1.749735364613E-16,1.,-1.367043090562E-16));
#833 = DIRECTION('',(0.615661475326,0.,0.788010753607));
#834 = ORIENTED_EDGE('',*,*,#835,.F.);
#835 = EDGE_CURVE('',#836,#825,#838,.T.);
#836 = VERTEX_POINT('',#837);
#837 = CARTESIAN_POINT('',(235.40878641127,17.,431.93911167422));
#838 = CIRCLE('',#839,1.5);
#839 = AXIS2_PLACEMENT_3D('',#840,#841,#842);
#840 = CARTESIAN_POINT('',(234.48529419828,17.,430.75709554381));
#841 = DIRECTION('',(1.749735364613E-16,1.,-1.367043090562E-16));
#842 = DIRECTION('',(0.615661475326,0.,0.788010753607));
#843 = ORIENTED_EDGE('',*,*,#844,.F.);
#844 = EDGE_CURVE('',#827,#836,#845,.T.);
#845 = CIRCLE('',#846,1.5);
#846 = AXIS2_PLACEMENT_3D('',#847,#848,#849);
#847 = CARTESIAN_POINT('',(234.48529419828,17.,430.75709554381));
#848 = DIRECTION('',(1.749735364613E-16,1.,-1.367043090562E-16));
#849 = DIRECTION('',(0.615661475326,0.,0.788010753607));
#850 = FACE_BOUND('',#851,.T.);
#851 = EDGE_LOOP('',(#852,#863,#872));
#852 = ORIENTED_EDGE('',*,*,#853,.F.);
#853 = EDGE_CURVE('',#854,#856,#858,.T.);
#854 = VERTEX_POINT('',#855);
#855 = CARTESIAN_POINT('',(162.87219115193,17.,447.67942775858));
#856 = VERTEX_POINT('',#857);
#857 = CARTESIAN_POINT('',(163.20247563912,17.,447.48372672134));
#858 = CIRCLE('',#859,1.5);
#859 = AXIS2_PLACEMENT_3D('',#860,#861,#862);
#860 = CARTESIAN_POINT('',(162.27898342613,17.,446.30171059093));
#861 = DIRECTION('',(1.749735364613E-16,1.,-1.367043090562E-16));
#862 = DIRECTION('',(0.615661475326,0.,0.788010753607));
#863 = ORIENTED_EDGE('',*,*,#864,.F.);
#864 = EDGE_CURVE('',#865,#854,#867,.T.);
#865 = VERTEX_POINT('',#866);
#866 = CARTESIAN_POINT('',(161.7413560282,17.,444.90136892512));
#867 = CIRCLE('',#868,1.5);
#868 = AXIS2_PLACEMENT_3D('',#869,#870,#871);
#869 = CARTESIAN_POINT('',(162.27898342613,17.,446.30171059093));
#870 = DIRECTION('',(1.749735364613E-16,1.,-1.367043090562E-16));
#871 = DIRECTION('',(0.615661475326,0.,0.788010753607));
#872 = ORIENTED_EDGE('',*,*,#873,.F.);
#873 = EDGE_CURVE('',#856,#865,#874,.T.);
#874 = CIRCLE('',#875,1.5);
#875 = AXIS2_PLACEMENT_3D('',#876,#877,#878);
#876 = CARTESIAN_POINT('',(162.27898342613,17.,446.30171059093));
#877 = DIRECTION('',(1.749735364613E-16,1.,-1.367043090562E-16));
#878 = DIRECTION('',(0.615661475326,0.,0.788010753607));
#879 = FACE_BOUND('',#880,.T.);
#880 = EDGE_LOOP('',(#881,#892,#901));
#881 = ORIENTED_EDGE('',*,*,#882,.F.);
#882 = EDGE_CURVE('',#883,#885,#887,.T.);
#883 = VERTEX_POINT('',#884);
#884 = CARTESIAN_POINT('',(223.78551166443,17.,405.9067940871));
#885 = VERTEX_POINT('',#886);
#886 = CARTESIAN_POINT('',(225.73763971947,17.,408.18055574849));
#887 = CIRCLE('',#888,1.5);
#888 = AXIS2_PLACEMENT_3D('',#889,#890,#891);
#889 = CARTESIAN_POINT('',(224.81414750649,17.,406.99853961808));
#890 = DIRECTION('',(1.749735364613E-16,1.,-1.367043090562E-16));
#891 = DIRECTION('',(0.615661475326,0.,0.788010753607));
#892 = ORIENTED_EDGE('',*,*,#893,.F.);
#893 = EDGE_CURVE('',#894,#883,#896,.T.);
#894 = VERTEX_POINT('',#895);
#895 = CARTESIAN_POINT('',(225.79830120756,17.,408.1305473445));
#896 = CIRCLE('',#897,1.5);
#897 = AXIS2_PLACEMENT_3D('',#898,#899,#900);
#898 = CARTESIAN_POINT('',(224.81414750649,17.,406.99853961808));
#899 = DIRECTION('',(1.749735364613E-16,1.,-1.367043090562E-16));
#900 = DIRECTION('',(0.615661475326,0.,0.788010753607));
#901 = ORIENTED_EDGE('',*,*,#902,.F.);
#902 = EDGE_CURVE('',#885,#894,#903,.T.);
#903 = CIRCLE('',#904,1.5);
#904 = AXIS2_PLACEMENT_3D('',#905,#906,#907);
#905 = CARTESIAN_POINT('',(224.81414750649,17.,406.99853961808));
#906 = DIRECTION('',(1.749735364613E-16,1.,-1.367043090562E-16));
#907 = DIRECTION('',(0.615661475326,0.,0.788010753607));
#908 = FACE_BOUND('',#909,.T.);
#909 = EDGE_LOOP('',(#910,#921,#930));
#910 = ORIENTED_EDGE('',*,*,#911,.F.);
#911 = EDGE_CURVE('',#912,#914,#916,.T.);
#912 = VERTEX_POINT('',#913);
#913 = CARTESIAN_POINT('',(160.88582916844,17.,422.10493867214));
#914 = VERTEX_POINT('',#915);
#915 = CARTESIAN_POINT('',(162.24048458257,17.,421.85025779414));
#916 = CIRCLE('',#917,1.5);
#917 = AXIS2_PLACEMENT_3D('',#918,#919,#920);
#918 = CARTESIAN_POINT('',(161.31699236958,17.,420.66824166373));
#919 = DIRECTION('',(1.749735364613E-16,1.,-1.367043090562E-16));
#920 = DIRECTION('',(0.615661475326,0.,0.788010753607));
#921 = ORIENTED_EDGE('',*,*,#922,.F.);
#922 = EDGE_CURVE('',#923,#912,#925,.T.);
#923 = VERTEX_POINT('',#924);
#924 = CARTESIAN_POINT('',(161.80526129754,17.,419.24993511929));
#925 = CIRCLE('',#926,1.5);
#926 = AXIS2_PLACEMENT_3D('',#927,#928,#929);
#927 = CARTESIAN_POINT('',(161.31699236958,17.,420.66824166373));
#928 = DIRECTION('',(1.749735364613E-16,1.,-1.367043090562E-16));
#929 = DIRECTION('',(0.615661475326,0.,0.788010753607));
#930 = ORIENTED_EDGE('',*,*,#931,.F.);
#931 = EDGE_CURVE('',#914,#923,#932,.T.);
#932 = CIRCLE('',#933,1.5);
#933 = AXIS2_PLACEMENT_3D('',#934,#935,#936);
#934 = CARTESIAN_POINT('',(161.31699236958,17.,420.66824166373));
#935 = DIRECTION('',(1.749735364613E-16,1.,-1.367043090562E-16));
#936 = DIRECTION('',(0.615661475326,0.,0.788010753607));
#937 = FACE_BOUND('',#938,.T.);
#938 = EDGE_LOOP('',(#939,#950,#959));
#939 = ORIENTED_EDGE('',*,*,#940,.F.);
#940 = EDGE_CURVE('',#941,#943,#945,.T.);
#941 = VERTEX_POINT('',#942);
#942 = CARTESIAN_POINT('',(200.64417410701,17.,394.83979008409));
#943 = VERTEX_POINT('',#944);
#944 = CARTESIAN_POINT('',(203.0574083682,17.,396.19693082672));
#945 = CIRCLE('',#946,1.5);
#946 = AXIS2_PLACEMENT_3D('',#947,#948,#949);
#947 = CARTESIAN_POINT('',(202.13391615521,17.,395.01491469631));
#948 = DIRECTION('',(1.749735364613E-16,1.,-1.367043090562E-16));
#949 = DIRECTION('',(0.615661475326,0.,0.788010753607));
#950 = ORIENTED_EDGE('',*,*,#951,.F.);
#951 = EDGE_CURVE('',#952,#941,#954,.T.);
#952 = VERTEX_POINT('',#953);
#953 = CARTESIAN_POINT('',(203.61546115061,17.,395.24948755621));
#954 = CIRCLE('',#955,1.5);
#955 = AXIS2_PLACEMENT_3D('',#956,#957,#958);
#956 = CARTESIAN_POINT('',(202.13391615521,17.,395.01491469631));
#957 = DIRECTION('',(1.749735364613E-16,1.,-1.367043090562E-16));
#958 = DIRECTION('',(0.615661475326,0.,0.788010753607));
#959 = ORIENTED_EDGE('',*,*,#960,.F.);
#960 = EDGE_CURVE('',#943,#952,#961,.T.);
#961 = CIRCLE('',#962,1.5);
#962 = AXIS2_PLACEMENT_3D('',#963,#964,#965);
#963 = CARTESIAN_POINT('',(202.13391615521,17.,395.01491469631));
#964 = DIRECTION('',(1.749735364613E-16,1.,-1.367043090562E-16));
#965 = DIRECTION('',(0.615661475326,0.,0.788010753607));
#966 = FACE_BOUND('',#967,.T.);
#967 = EDGE_LOOP('',(#968,#979,#988));
#968 = ORIENTED_EDGE('',*,*,#969,.F.);
#969 = EDGE_CURVE('',#970,#972,#974,.T.);
#970 = VERTEX_POINT('',#971);
#971 = CARTESIAN_POINT('',(175.80315127232,17.,401.23693724369));
#972 = VERTEX_POINT('',#973);
#973 = CARTESIAN_POINT('',(177.98042564907,17.,401.59552742975));
#974 = CIRCLE('',#975,1.5);
#975 = AXIS2_PLACEMENT_3D('',#976,#977,#978);
#976 = CARTESIAN_POINT('',(177.05693343608,17.,400.41351129934));
#977 = DIRECTION('',(1.749735364613E-16,1.,-1.367043090562E-16));
#978 = DIRECTION('',(0.615661475326,0.,0.788010753607));
#979 = ORIENTED_EDGE('',*,*,#980,.F.);
#980 = EDGE_CURVE('',#981,#970,#983,.T.);
#981 = VERTEX_POINT('',#982);
#982 = CARTESIAN_POINT('',(178.34263809703,17.,399.64087715254));
#983 = CIRCLE('',#984,1.5);
#984 = AXIS2_PLACEMENT_3D('',#985,#986,#987);
#985 = CARTESIAN_POINT('',(177.05693343608,17.,400.41351129934));
#986 = DIRECTION('',(1.749735364613E-16,1.,-1.367043090562E-16));
#987 = DIRECTION('',(0.615661475326,0.,0.788010753607));
#988 = ORIENTED_EDGE('',*,*,#989,.F.);
#989 = EDGE_CURVE('',#972,#981,#990,.T.);
#990 = CIRCLE('',#991,1.5);
#991 = AXIS2_PLACEMENT_3D('',#992,#993,#994);
#992 = CARTESIAN_POINT('',(177.05693343608,17.,400.41351129934));
#993 = DIRECTION('',(1.749735364613E-16,1.,-1.367043090562E-16));
#994 = DIRECTION('',(0.615661475326,0.,0.788010753607));
#995 = PLANE('',#996);
#996 = AXIS2_PLACEMENT_3D('',#997,#998,#999);
#997 = CARTESIAN_POINT('',(197.0946440757,17.,432.27724059974));
#998 = DIRECTION('',(1.749735364613E-16,1.,-1.367043090562E-16));
#999 = DIRECTION('',(0.615661475326,0.,0.788010753607));
#1000 = ADVANCED_FACE('',(#1001),#1020,.T.);
#1001 = FACE_BOUND('',#1002,.T.);
#1002 = EDGE_LOOP('',(#1003,#1012,#1018,#1019));
#1003 = ORIENTED_EDGE('',*,*,#1004,.F.);
#1004 = EDGE_CURVE('',#1005,#1005,#1007,.T.);
#1005 = VERTEX_POINT('',#1006);
#1006 = CARTESIAN_POINT('',(210.24839382371,19.,449.10567235669));
#1007 = CIRCLE('',#1008,21.5);
#1008 = AXIS2_PLACEMENT_3D('',#1009,#1010,#1011);
#1009 = CARTESIAN_POINT('',(197.01167210421,19.,432.16344115415));
#1010 = DIRECTION('',(1.749735364613E-16,1.,-1.367043090562E-16));
#1011 = DIRECTION('',(0.615661475326,0.,0.788010753607));
#1012 = ORIENTED_EDGE('',*,*,#1013,.F.);
#1013 = EDGE_CURVE('',#727,#1005,#1014,.T.);
#1014 = LINE('',#1015,#1016);
#1015 = CARTESIAN_POINT('',(210.24839382371,17.,449.10567235669));
#1016 = VECTOR('',#1017,1.);
#1017 = DIRECTION('',(1.749735364613E-16,1.,-1.367043090562E-16));
#1018 = ORIENTED_EDGE('',*,*,#726,.T.);
#1019 = ORIENTED_EDGE('',*,*,#1013,.T.);
#1020 = CYLINDRICAL_SURFACE('',#1021,21.5);
#1021 = AXIS2_PLACEMENT_3D('',#1022,#1023,#1024);
#1022 = CARTESIAN_POINT('',(197.01167210421,17.,432.16344115415));
#1023 = DIRECTION('',(1.749735364613E-16,1.,-1.367043090562E-16));
#1024 = DIRECTION('',(0.615661475326,0.,0.788010753607));
#1025 = ADVANCED_FACE('',(#1026,#1029),#1040,.T.);
#1026 = FACE_BOUND('',#1027,.T.);
#1027 = EDGE_LOOP('',(#1028));
#1028 = ORIENTED_EDGE('',*,*,#1004,.T.);
#1029 = FACE_BOUND('',#1030,.T.);
#1030 = EDGE_LOOP('',(#1031));
#1031 = ORIENTED_EDGE('',*,*,#1032,.F.);
#1032 = EDGE_CURVE('',#1033,#1033,#1035,.T.);
#1033 = VERTEX_POINT('',#1034);
#1034 = CARTESIAN_POINT('',(207.01617107825,19.,444.96861590026));
#1035 = CIRCLE('',#1036,16.25);
#1036 = AXIS2_PLACEMENT_3D('',#1037,#1038,#1039);
#1037 = CARTESIAN_POINT('',(197.01167210421,19.,432.16344115415));
#1038 = DIRECTION('',(1.749735364613E-16,1.,-1.367043090562E-16));
#1039 = DIRECTION('',(0.615661475326,0.,0.788010753607));
#1040 = PLANE('',#1041);
#1041 = AXIS2_PLACEMENT_3D('',#1042,#1043,#1044);
#1042 = CARTESIAN_POINT('',(197.01167210421,19.,432.16344115415));
#1043 = DIRECTION('',(1.749735364613E-16,1.,-1.367043090562E-16));
#1044 = DIRECTION('',(0.615661475326,0.,0.788010753607));
#1045 = ADVANCED_FACE('',(#1046),#1065,.F.);
#1046 = FACE_BOUND('',#1047,.F.);
#1047 = EDGE_LOOP('',(#1048,#1049,#1057,#1064));
#1048 = ORIENTED_EDGE('',*,*,#1032,.F.);
#1049 = ORIENTED_EDGE('',*,*,#1050,.F.);
#1050 = EDGE_CURVE('',#1051,#1033,#1053,.T.);
#1051 = VERTEX_POINT('',#1052);
#1052 = CARTESIAN_POINT('',(207.01617107825,12.,444.96861590026));
#1053 = LINE('',#1054,#1055);
#1054 = CARTESIAN_POINT('',(207.01617107825,12.,444.96861590026));
#1055 = VECTOR('',#1056,1.);
#1056 = DIRECTION('',(1.749735364613E-16,1.,-1.367043090562E-16));
#1057 = ORIENTED_EDGE('',*,*,#1058,.T.);
#1058 = EDGE_CURVE('',#1051,#1051,#1059,.T.);
#1059 = CIRCLE('',#1060,16.25);
#1060 = AXIS2_PLACEMENT_3D('',#1061,#1062,#1063);
#1061 = CARTESIAN_POINT('',(197.01167210421,12.,432.16344115415));
#1062 = DIRECTION('',(1.749735364613E-16,1.,-1.367043090562E-16));
#1063 = DIRECTION('',(0.615661475326,0.,0.788010753607));
#1064 = ORIENTED_EDGE('',*,*,#1050,.T.);
#1065 = CYLINDRICAL_SURFACE('',#1066,16.25);
#1066 = AXIS2_PLACEMENT_3D('',#1067,#1068,#1069);
#1067 = CARTESIAN_POINT('',(197.01167210421,12.,432.16344115415));
#1068 = DIRECTION('',(1.749735364613E-16,1.,-1.367043090562E-16));
#1069 = DIRECTION('',(0.615661475326,0.,0.788010753607));
#1070 = ADVANCED_FACE('',(#1071),#1074,.T.);
#1071 = FACE_BOUND('',#1072,.F.);
#1072 = EDGE_LOOP('',(#1073));
#1073 = ORIENTED_EDGE('',*,*,#1058,.F.);
#1074 = PLANE('',#1075);
#1075 = AXIS2_PLACEMENT_3D('',#1076,#1077,#1078);
#1076 = CARTESIAN_POINT('',(197.01167210421,12.,432.16344115415));
#1077 = DIRECTION('',(1.749735364613E-16,1.,-1.367043090562E-16));
#1078 = DIRECTION('',(0.615661475326,0.,0.788010753607));
#1079 = ADVANCED_FACE('',(#1080),#1101,.F.);
#1080 = FACE_BOUND('',#1081,.F.);
#1081 = EDGE_LOOP('',(#1082,#1090,#1091,#1092,#1093,#1094));
#1082 = ORIENTED_EDGE('',*,*,#1083,.T.);
#1083 = EDGE_CURVE('',#1084,#749,#1086,.T.);
#1084 = VERTEX_POINT('',#1085);
#1085 = CARTESIAN_POINT('',(180.41628704786,9.,466.5017406298));
#1086 = LINE('',#1087,#1088);
#1087 = CARTESIAN_POINT('',(180.41628704786,9.,466.5017406298));
#1088 = VECTOR('',#1089,1.);
#1089 = DIRECTION('',(1.749735364613E-16,1.,-1.367043090562E-16));
#1090 = ORIENTED_EDGE('',*,*,#757,.F.);
#1091 = ORIENTED_EDGE('',*,*,#737,.F.);
#1092 = ORIENTED_EDGE('',*,*,#748,.F.);
#1093 = ORIENTED_EDGE('',*,*,#1083,.F.);
#1094 = ORIENTED_EDGE('',*,*,#1095,.T.);
#1095 = EDGE_CURVE('',#1084,#1084,#1096,.T.);
#1096 = CIRCLE('',#1097,1.5);
#1097 = AXIS2_PLACEMENT_3D('',#1098,#1099,#1100);
#1098 = CARTESIAN_POINT('',(179.49279483487,9.,465.31972449939));
#1099 = DIRECTION('',(1.749735364613E-16,1.,-1.367043090562E-16));
#1100 = DIRECTION('',(0.615661475326,0.,0.788010753607));
#1101 = CYLINDRICAL_SURFACE('',#1102,1.5);
#1102 = AXIS2_PLACEMENT_3D('',#1103,#1104,#1105);
#1103 = CARTESIAN_POINT('',(179.49279483487,9.,465.31972449939));
#1104 = DIRECTION('',(1.749735364613E-16,1.,-1.367043090562E-16));
#1105 = DIRECTION('',(0.615661475326,0.,0.788010753607));
#1106 = ADVANCED_FACE('',(#1107),#1110,.T.);
#1107 = FACE_BOUND('',#1108,.F.);
#1108 = EDGE_LOOP('',(#1109));
#1109 = ORIENTED_EDGE('',*,*,#1095,.F.);
#1110 = PLANE('',#1111);
#1111 = AXIS2_PLACEMENT_3D('',#1112,#1113,#1114);
#1112 = CARTESIAN_POINT('',(179.49279483487,9.,465.31972449939));
#1113 = DIRECTION('',(1.749735364613E-16,1.,-1.367043090562E-16));
#1114 = DIRECTION('',(0.615661475326,0.,0.788010753607));
#1115 = ADVANCED_FACE('',(#1116),#1137,.F.);
#1116 = FACE_BOUND('',#1117,.F.);
#1117 = EDGE_LOOP('',(#1118,#1126,#1127,#1128,#1129,#1130));
#1118 = ORIENTED_EDGE('',*,*,#1119,.T.);
#1119 = EDGE_CURVE('',#1120,#778,#1122,.T.);
#1120 = VERTEX_POINT('',#1121);
#1121 = CARTESIAN_POINT('',(205.82736864954,9.,470.00555831104));
#1122 = LINE('',#1123,#1124);
#1123 = CARTESIAN_POINT('',(205.82736864954,9.,470.00555831104));
#1124 = VECTOR('',#1125,1.);
#1125 = DIRECTION('',(1.749735364613E-16,1.,-1.367043090562E-16));
#1126 = ORIENTED_EDGE('',*,*,#786,.F.);
#1127 = ORIENTED_EDGE('',*,*,#766,.F.);
#1128 = ORIENTED_EDGE('',*,*,#777,.F.);
#1129 = ORIENTED_EDGE('',*,*,#1119,.F.);
#1130 = ORIENTED_EDGE('',*,*,#1131,.T.);
#1131 = EDGE_CURVE('',#1120,#1120,#1132,.T.);
#1132 = CIRCLE('',#1133,1.5);
#1133 = AXIS2_PLACEMENT_3D('',#1134,#1135,#1136);
#1134 = CARTESIAN_POINT('',(204.90387643655,9.,468.82354218063));
#1135 = DIRECTION('',(1.749735364613E-16,1.,-1.367043090562E-16));
#1136 = DIRECTION('',(0.615661475326,0.,0.788010753607));
#1137 = CYLINDRICAL_SURFACE('',#1138,1.5);
#1138 = AXIS2_PLACEMENT_3D('',#1139,#1140,#1141);
#1139 = CARTESIAN_POINT('',(204.90387643655,9.,468.82354218063));
#1140 = DIRECTION('',(1.749735364613E-16,1.,-1.367043090562E-16));
#1141 = DIRECTION('',(0.615661475326,0.,0.788010753607));
#1142 = ADVANCED_FACE('',(#1143),#1146,.T.);
#1143 = FACE_BOUND('',#1144,.F.);
#1144 = EDGE_LOOP('',(#1145));
#1145 = ORIENTED_EDGE('',*,*,#1131,.F.);
#1146 = PLANE('',#1147);
#1147 = AXIS2_PLACEMENT_3D('',#1148,#1149,#1150);
#1148 = CARTESIAN_POINT('',(204.90387643655,9.,468.82354218063));
#1149 = DIRECTION('',(1.749735364613E-16,1.,-1.367043090562E-16));
#1150 = DIRECTION('',(0.615661475326,0.,0.788010753607));
#1151 = ADVANCED_FACE('',(#1152),#1173,.F.);
#1152 = FACE_BOUND('',#1153,.F.);
#1153 = EDGE_LOOP('',(#1154,#1162,#1163,#1164,#1165,#1166));
#1154 = ORIENTED_EDGE('',*,*,#1155,.T.);
#1155 = EDGE_CURVE('',#1156,#807,#1158,.T.);
#1156 = VERTEX_POINT('',#1157);
#1157 = CARTESIAN_POINT('',(227.54560278765,9.,456.35570642551));
#1158 = LINE('',#1159,#1160);
#1159 = CARTESIAN_POINT('',(227.54560278765,9.,456.35570642551));
#1160 = VECTOR('',#1161,1.);
#1161 = DIRECTION('',(1.749735364613E-16,1.,-1.367043090562E-16));
#1162 = ORIENTED_EDGE('',*,*,#815,.F.);
#1163 = ORIENTED_EDGE('',*,*,#795,.F.);
#1164 = ORIENTED_EDGE('',*,*,#806,.F.);
#1165 = ORIENTED_EDGE('',*,*,#1155,.F.);
#1166 = ORIENTED_EDGE('',*,*,#1167,.T.);
#1167 = EDGE_CURVE('',#1156,#1156,#1168,.T.);
#1168 = CIRCLE('',#1169,1.5);
#1169 = AXIS2_PLACEMENT_3D('',#1170,#1171,#1172);
#1170 = CARTESIAN_POINT('',(226.62211057466,9.,455.1736902951));
#1171 = DIRECTION('',(1.749735364613E-16,1.,-1.367043090562E-16));
#1172 = DIRECTION('',(0.615661475326,0.,0.788010753607));
#1173 = CYLINDRICAL_SURFACE('',#1174,1.5);
#1174 = AXIS2_PLACEMENT_3D('',#1175,#1176,#1177);
#1175 = CARTESIAN_POINT('',(226.62211057466,9.,455.1736902951));
#1176 = DIRECTION('',(1.749735364613E-16,1.,-1.367043090562E-16));
#1177 = DIRECTION('',(0.615661475326,0.,0.788010753607));
#1178 = ADVANCED_FACE('',(#1179),#1182,.T.);
#1179 = FACE_BOUND('',#1180,.F.);
#1180 = EDGE_LOOP('',(#1181));
#1181 = ORIENTED_EDGE('',*,*,#1167,.F.);
#1182 = PLANE('',#1183);
#1183 = AXIS2_PLACEMENT_3D('',#1184,#1185,#1186);
#1184 = CARTESIAN_POINT('',(226.62211057466,9.,455.1736902951));
#1185 = DIRECTION('',(1.749735364613E-16,1.,-1.367043090562E-16));
#1186 = DIRECTION('',(0.615661475326,0.,0.788010753607));
#1187 = ADVANCED_FACE('',(#1188),#1209,.F.);
#1188 = FACE_BOUND('',#1189,.F.);
#1189 = EDGE_LOOP('',(#1190,#1198,#1199,#1200,#1201,#1202));
#1190 = ORIENTED_EDGE('',*,*,#1191,.T.);
#1191 = EDGE_CURVE('',#1192,#836,#1194,.T.);
#1192 = VERTEX_POINT('',#1193);
#1193 = CARTESIAN_POINT('',(235.40878641127,9.,431.93911167422));
#1194 = LINE('',#1195,#1196);
#1195 = CARTESIAN_POINT('',(235.40878641127,9.,431.93911167422));
#1196 = VECTOR('',#1197,1.);
#1197 = DIRECTION('',(1.749735364613E-16,1.,-1.367043090562E-16));
#1198 = ORIENTED_EDGE('',*,*,#844,.F.);
#1199 = ORIENTED_EDGE('',*,*,#824,.F.);
#1200 = ORIENTED_EDGE('',*,*,#835,.F.);
#1201 = ORIENTED_EDGE('',*,*,#1191,.F.);
#1202 = ORIENTED_EDGE('',*,*,#1203,.T.);
#1203 = EDGE_CURVE('',#1192,#1192,#1204,.T.);
#1204 = CIRCLE('',#1205,1.5);
#1205 = AXIS2_PLACEMENT_3D('',#1206,#1207,#1208);
#1206 = CARTESIAN_POINT('',(234.48529419828,9.,430.75709554381));
#1207 = DIRECTION('',(1.749735364613E-16,1.,-1.367043090562E-16));
#1208 = DIRECTION('',(0.615661475326,0.,0.788010753607));
#1209 = CYLINDRICAL_SURFACE('',#1210,1.5);
#1210 = AXIS2_PLACEMENT_3D('',#1211,#1212,#1213);
#1211 = CARTESIAN_POINT('',(234.48529419828,9.,430.75709554381));
#1212 = DIRECTION('',(1.749735364613E-16,1.,-1.367043090562E-16));
#1213 = DIRECTION('',(0.615661475326,0.,0.788010753607));
#1214 = ADVANCED_FACE('',(#1215),#1218,.T.);
#1215 = FACE_BOUND('',#1216,.F.);
#1216 = EDGE_LOOP('',(#1217));
#1217 = ORIENTED_EDGE('',*,*,#1203,.F.);
#1218 = PLANE('',#1219);
#1219 = AXIS2_PLACEMENT_3D('',#1220,#1221,#1222);
#1220 = CARTESIAN_POINT('',(234.48529419828,9.,430.75709554381));
#1221 = DIRECTION('',(1.749735364613E-16,1.,-1.367043090562E-16));
#1222 = DIRECTION('',(0.615661475326,0.,0.788010753607));
#1223 = ADVANCED_FACE('',(#1224),#1245,.F.);
#1224 = FACE_BOUND('',#1225,.F.);
#1225 = EDGE_LOOP('',(#1226,#1234,#1235,#1236,#1237,#1238));
#1226 = ORIENTED_EDGE('',*,*,#1227,.T.);
#1227 = EDGE_CURVE('',#1228,#856,#1230,.T.);
#1228 = VERTEX_POINT('',#1229);
#1229 = CARTESIAN_POINT('',(163.20247563912,9.,447.48372672134));
#1230 = LINE('',#1231,#1232);
#1231 = CARTESIAN_POINT('',(163.20247563912,9.,447.48372672134));
#1232 = VECTOR('',#1233,1.);
#1233 = DIRECTION('',(1.749735364613E-16,1.,-1.367043090562E-16));
#1234 = ORIENTED_EDGE('',*,*,#853,.F.);
#1235 = ORIENTED_EDGE('',*,*,#864,.F.);
#1236 = ORIENTED_EDGE('',*,*,#873,.F.);
#1237 = ORIENTED_EDGE('',*,*,#1227,.F.);
#1238 = ORIENTED_EDGE('',*,*,#1239,.T.);
#1239 = EDGE_CURVE('',#1228,#1228,#1240,.T.);
#1240 = CIRCLE('',#1241,1.5);
#1241 = AXIS2_PLACEMENT_3D('',#1242,#1243,#1244);
#1242 = CARTESIAN_POINT('',(162.27898342613,9.,446.30171059093));
#1243 = DIRECTION('',(1.749735364613E-16,1.,-1.367043090562E-16));
#1244 = DIRECTION('',(0.615661475326,0.,0.788010753607));
#1245 = CYLINDRICAL_SURFACE('',#1246,1.5);
#1246 = AXIS2_PLACEMENT_3D('',#1247,#1248,#1249);
#1247 = CARTESIAN_POINT('',(162.27898342613,9.,446.30171059093));
#1248 = DIRECTION('',(1.749735364613E-16,1.,-1.367043090562E-16));
#1249 = DIRECTION('',(0.615661475326,0.,0.788010753607));
#1250 = ADVANCED_FACE('',(#1251),#1254,.T.);
#1251 = FACE_BOUND('',#1252,.F.);
#1252 = EDGE_LOOP('',(#1253));
#1253 = ORIENTED_EDGE('',*,*,#1239,.F.);
#1254 = PLANE('',#1255);
#1255 = AXIS2_PLACEMENT_3D('',#1256,#1257,#1258);
#1256 = CARTESIAN_POINT('',(162.27898342613,9.,446.30171059093));
#1257 = DIRECTION('',(1.749735364613E-16,1.,-1.367043090562E-16));
#1258 = DIRECTION('',(0.615661475326,0.,0.788010753607));
#1259 = ADVANCED_FACE('',(#1260),#1281,.F.);
#1260 = FACE_BOUND('',#1261,.F.);
#1261 = EDGE_LOOP('',(#1262,#1270,#1271,#1272,#1273,#1274));
#1262 = ORIENTED_EDGE('',*,*,#1263,.T.);
#1263 = EDGE_CURVE('',#1264,#885,#1266,.T.);
#1264 = VERTEX_POINT('',#1265);
#1265 = CARTESIAN_POINT('',(225.73763971947,9.,408.18055574849));
#1266 = LINE('',#1267,#1268);
#1267 = CARTESIAN_POINT('',(225.73763971947,9.,408.18055574849));
#1268 = VECTOR('',#1269,1.);
#1269 = DIRECTION('',(1.749735364613E-16,1.,-1.367043090562E-16));
#1270 = ORIENTED_EDGE('',*,*,#882,.F.);
#1271 = ORIENTED_EDGE('',*,*,#893,.F.);
#1272 = ORIENTED_EDGE('',*,*,#902,.F.);
#1273 = ORIENTED_EDGE('',*,*,#1263,.F.);
#1274 = ORIENTED_EDGE('',*,*,#1275,.T.);
#1275 = EDGE_CURVE('',#1264,#1264,#1276,.T.);
#1276 = CIRCLE('',#1277,1.5);
#1277 = AXIS2_PLACEMENT_3D('',#1278,#1279,#1280);
#1278 = CARTESIAN_POINT('',(224.81414750649,9.,406.99853961808));
#1279 = DIRECTION('',(1.749735364613E-16,1.,-1.367043090562E-16));
#1280 = DIRECTION('',(0.615661475326,0.,0.788010753607));
#1281 = CYLINDRICAL_SURFACE('',#1282,1.5);
#1282 = AXIS2_PLACEMENT_3D('',#1283,#1284,#1285);
#1283 = CARTESIAN_POINT('',(224.81414750649,9.,406.99853961808));
#1284 = DIRECTION('',(1.749735364613E-16,1.,-1.367043090562E-16));
#1285 = DIRECTION('',(0.615661475326,0.,0.788010753607));
#1286 = ADVANCED_FACE('',(#1287),#1290,.T.);
#1287 = FACE_BOUND('',#1288,.F.);
#1288 = EDGE_LOOP('',(#1289));
#1289 = ORIENTED_EDGE('',*,*,#1275,.F.);
#1290 = PLANE('',#1291);
#1291 = AXIS2_PLACEMENT_3D('',#1292,#1293,#1294);
#1292 = CARTESIAN_POINT('',(224.81414750649,9.,406.99853961808));
#1293 = DIRECTION('',(1.749735364613E-16,1.,-1.367043090562E-16));
#1294 = DIRECTION('',(0.615661475326,0.,0.788010753607));
#1295 = ADVANCED_FACE('',(#1296),#1317,.F.);
#1296 = FACE_BOUND('',#1297,.F.);
#1297 = EDGE_LOOP('',(#1298,#1306,#1307,#1308,#1309,#1310));
#1298 = ORIENTED_EDGE('',*,*,#1299,.T.);
#1299 = EDGE_CURVE('',#1300,#914,#1302,.T.);
#1300 = VERTEX_POINT('',#1301);
#1301 = CARTESIAN_POINT('',(162.24048458257,9.,421.85025779414));
#1302 = LINE('',#1303,#1304);
#1303 = CARTESIAN_POINT('',(162.24048458257,9.,421.85025779414));
#1304 = VECTOR('',#1305,1.);
#1305 = DIRECTION('',(1.749735364613E-16,1.,-1.367043090562E-16));
#1306 = ORIENTED_EDGE('',*,*,#911,.F.);
#1307 = ORIENTED_EDGE('',*,*,#922,.F.);
#1308 = ORIENTED_EDGE('',*,*,#931,.F.);
#1309 = ORIENTED_EDGE('',*,*,#1299,.F.);
#1310 = ORIENTED_EDGE('',*,*,#1311,.T.);
#1311 = EDGE_CURVE('',#1300,#1300,#1312,.T.);
#1312 = CIRCLE('',#1313,1.5);
#1313 = AXIS2_PLACEMENT_3D('',#1314,#1315,#1316);
#1314 = CARTESIAN_POINT('',(161.31699236958,9.,420.66824166373));
#1315 = DIRECTION('',(1.749735364613E-16,1.,-1.367043090562E-16));
#1316 = DIRECTION('',(0.615661475326,0.,0.788010753607));
#1317 = CYLINDRICAL_SURFACE('',#1318,1.5);
#1318 = AXIS2_PLACEMENT_3D('',#1319,#1320,#1321);
#1319 = CARTESIAN_POINT('',(161.31699236958,9.,420.66824166373));
#1320 = DIRECTION('',(1.749735364613E-16,1.,-1.367043090562E-16));
#1321 = DIRECTION('',(0.615661475326,0.,0.788010753607));
#1322 = ADVANCED_FACE('',(#1323),#1326,.T.);
#1323 = FACE_BOUND('',#1324,.F.);
#1324 = EDGE_LOOP('',(#1325));
#1325 = ORIENTED_EDGE('',*,*,#1311,.F.);
#1326 = PLANE('',#1327);
#1327 = AXIS2_PLACEMENT_3D('',#1328,#1329,#1330);
#1328 = CARTESIAN_POINT('',(161.31699236958,9.,420.66824166373));
#1329 = DIRECTION('',(1.749735364613E-16,1.,-1.367043090562E-16));
#1330 = DIRECTION('',(0.615661475326,0.,0.788010753607));
#1331 = ADVANCED_FACE('',(#1332),#1353,.F.);
#1332 = FACE_BOUND('',#1333,.F.);
#1333 = EDGE_LOOP('',(#1334,#1342,#1343,#1344,#1345,#1346));
#1334 = ORIENTED_EDGE('',*,*,#1335,.T.);
#1335 = EDGE_CURVE('',#1336,#943,#1338,.T.);
#1336 = VERTEX_POINT('',#1337);
#1337 = CARTESIAN_POINT('',(203.0574083682,9.,396.19693082672));
#1338 = LINE('',#1339,#1340);
#1339 = CARTESIAN_POINT('',(203.0574083682,9.,396.19693082672));
#1340 = VECTOR('',#1341,1.);
#1341 = DIRECTION('',(1.749735364613E-16,1.,-1.367043090562E-16));
#1342 = ORIENTED_EDGE('',*,*,#940,.F.);
#1343 = ORIENTED_EDGE('',*,*,#951,.F.);
#1344 = ORIENTED_EDGE('',*,*,#960,.F.);
#1345 = ORIENTED_EDGE('',*,*,#1335,.F.);
#1346 = ORIENTED_EDGE('',*,*,#1347,.T.);
#1347 = EDGE_CURVE('',#1336,#1336,#1348,.T.);
#1348 = CIRCLE('',#1349,1.5);
#1349 = AXIS2_PLACEMENT_3D('',#1350,#1351,#1352);
#1350 = CARTESIAN_POINT('',(202.13391615521,9.,395.01491469631));
#1351 = DIRECTION('',(1.749735364613E-16,1.,-1.367043090562E-16));
#1352 = DIRECTION('',(0.615661475326,0.,0.788010753607));
#1353 = CYLINDRICAL_SURFACE('',#1354,1.5);
#1354 = AXIS2_PLACEMENT_3D('',#1355,#1356,#1357);
#1355 = CARTESIAN_POINT('',(202.13391615521,9.,395.01491469631));
#1356 = DIRECTION('',(1.749735364613E-16,1.,-1.367043090562E-16));
#1357 = DIRECTION('',(0.615661475326,0.,0.788010753607));
#1358 = ADVANCED_FACE('',(#1359),#1362,.T.);
#1359 = FACE_BOUND('',#1360,.F.);
#1360 = EDGE_LOOP('',(#1361));
#1361 = ORIENTED_EDGE('',*,*,#1347,.F.);
#1362 = PLANE('',#1363);
#1363 = AXIS2_PLACEMENT_3D('',#1364,#1365,#1366);
#1364 = CARTESIAN_POINT('',(202.13391615521,9.,395.01491469631));
#1365 = DIRECTION('',(1.749735364613E-16,1.,-1.367043090562E-16));
#1366 = DIRECTION('',(0.615661475326,0.,0.788010753607));
#1367 = ADVANCED_FACE('',(#1368),#1389,.F.);
#1368 = FACE_BOUND('',#1369,.F.);
#1369 = EDGE_LOOP('',(#1370,#1378,#1379,#1380,#1381,#1382));
#1370 = ORIENTED_EDGE('',*,*,#1371,.T.);
#1371 = EDGE_CURVE('',#1372,#972,#1374,.T.);
#1372 = VERTEX_POINT('',#1373);
#1373 = CARTESIAN_POINT('',(177.98042564907,9.,401.59552742975));
#1374 = LINE('',#1375,#1376);
#1375 = CARTESIAN_POINT('',(177.98042564907,9.,401.59552742975));
#1376 = VECTOR('',#1377,1.);
#1377 = DIRECTION('',(1.749735364613E-16,1.,-1.367043090562E-16));
#1378 = ORIENTED_EDGE('',*,*,#969,.F.);
#1379 = ORIENTED_EDGE('',*,*,#980,.F.);
#1380 = ORIENTED_EDGE('',*,*,#989,.F.);
#1381 = ORIENTED_EDGE('',*,*,#1371,.F.);
#1382 = ORIENTED_EDGE('',*,*,#1383,.T.);
#1383 = EDGE_CURVE('',#1372,#1372,#1384,.T.);
#1384 = CIRCLE('',#1385,1.5);
#1385 = AXIS2_PLACEMENT_3D('',#1386,#1387,#1388);
#1386 = CARTESIAN_POINT('',(177.05693343608,9.,400.41351129934));
#1387 = DIRECTION('',(1.749735364613E-16,1.,-1.367043090562E-16));
#1388 = DIRECTION('',(0.615661475326,0.,0.788010753607));
#1389 = CYLINDRICAL_SURFACE('',#1390,1.5);
#1390 = AXIS2_PLACEMENT_3D('',#1391,#1392,#1393);
#1391 = CARTESIAN_POINT('',(177.05693343608,9.,400.41351129934));
#1392 = DIRECTION('',(1.749735364613E-16,1.,-1.367043090562E-16));
#1393 = DIRECTION('',(0.615661475326,0.,0.788010753607));
#1394 = ADVANCED_FACE('',(#1395),#1398,.T.);
#1395 = FACE_BOUND('',#1396,.F.);
#1396 = EDGE_LOOP('',(#1397));
#1397 = ORIENTED_EDGE('',*,*,#1383,.F.);
#1398 = PLANE('',#1399);
#1399 = AXIS2_PLACEMENT_3D('',#1400,#1401,#1402);
#1400 = CARTESIAN_POINT('',(177.05693343608,9.,400.41351129934));
#1401 = DIRECTION('',(1.749735364613E-16,1.,-1.367043090562E-16));
#1402 = DIRECTION('',(0.615661475326,0.,0.788010753607));
#1403 = ADVANCED_FACE('',(#1404),#1422,.T.);
#1404 = FACE_BOUND('',#1405,.T.);
#1405 = EDGE_LOOP('',(#1406,#1407,#1413,#1414,#1415,#1421));
#1406 = ORIENTED_EDGE('',*,*,#253,.T.);
#1407 = ORIENTED_EDGE('',*,*,#1408,.T.);
#1408 = EDGE_CURVE('',#245,#639,#1409,.T.);
#1409 = LINE('',#1410,#1411);
#1410 = CARTESIAN_POINT('',(224.68801397508,-8.,457.46700020513));
#1411 = VECTOR('',#1412,1.);
#1412 = DIRECTION('',(1.749735364613E-16,1.,-1.367043090562E-16));
#1413 = ORIENTED_EDGE('',*,*,#638,.F.);
#1414 = ORIENTED_EDGE('',*,*,#627,.F.);
#1415 = ORIENTED_EDGE('',*,*,#1416,.F.);
#1416 = EDGE_CURVE('',#64,#628,#1417,.T.);
#1417 = LINE('',#1418,#1419);
#1418 = CARTESIAN_POINT('',(207.80908272936,-8.,468.07536011975));
#1419 = VECTOR('',#1420,1.);
#1420 = DIRECTION('',(1.749735364613E-16,1.,-1.367043090562E-16));
#1421 = ORIENTED_EDGE('',*,*,#63,.T.);
#1422 = CYLINDRICAL_SURFACE('',#1423,37.5);
#1423 = AXIS2_PLACEMENT_3D('',#1424,#1425,#1426);
#1424 = CARTESIAN_POINT('',(197.01167210421,-8.,432.16344115415));
#1425 = DIRECTION('',(1.749735364613E-16,1.,-1.367043090562E-16));
#1426 = DIRECTION('',(0.615661475326,0.,0.788010753607));
#1427 = ADVANCED_FACE('',(#1428),#1436,.T.);
#1428 = FACE_BOUND('',#1429,.T.);
#1429 = EDGE_LOOP('',(#1430,#1431,#1432,#1433,#1434,#1435));
#1430 = ORIENTED_EDGE('',*,*,#708,.F.);
#1431 = ORIENTED_EDGE('',*,*,#21,.F.);
#1432 = ORIENTED_EDGE('',*,*,#83,.T.);
#1433 = ORIENTED_EDGE('',*,*,#74,.T.);
#1434 = ORIENTED_EDGE('',*,*,#1416,.T.);
#1435 = ORIENTED_EDGE('',*,*,#717,.F.);
#1436 = CYLINDRICAL_SURFACE('',#1437,3.);
#1437 = AXIS2_PLACEMENT_3D('',#1438,#1439,#1440);
#1438 = CARTESIAN_POINT('',(204.90387643655,-8.,468.82354218063));
#1439 = DIRECTION('',(1.749735364613E-16,1.,-1.367043090562E-16));
#1440 = DIRECTION('',(0.615661475326,0.,0.788010753607));
#1441 = ADVANCED_FACE('',(#1442),#1450,.T.);
#1442 = FACE_BOUND('',#1443,.T.);
#1443 = EDGE_LOOP('',(#1444,#1445,#1446,#1447,#1448,#1449));
#1444 = ORIENTED_EDGE('',*,*,#235,.T.);
#1445 = ORIENTED_EDGE('',*,*,#572,.T.);
#1446 = ORIENTED_EDGE('',*,*,#656,.F.);
#1447 = ORIENTED_EDGE('',*,*,#647,.F.);
#1448 = ORIENTED_EDGE('',*,*,#1408,.F.);
#1449 = ORIENTED_EDGE('',*,*,#244,.T.);
#1450 = CYLINDRICAL_SURFACE('',#1451,3.);
#1451 = AXIS2_PLACEMENT_3D('',#1452,#1453,#1454);
#1452 = CARTESIAN_POINT('',(226.62211057466,-8.,455.1736902951));
#1453 = DIRECTION('',(1.749735364613E-16,1.,-1.367043090562E-16));
#1454 = DIRECTION('',(0.615661475326,0.,0.788010753607));
#1455 = ADVANCED_FACE('',(#1456),#1464,.T.);
#1456 = FACE_BOUND('',#1457,.T.);
#1457 = EDGE_LOOP('',(#1458,#1459,#1460,#1461,#1462,#1463));
#1458 = ORIENTED_EDGE('',*,*,#691,.F.);
#1459 = ORIENTED_EDGE('',*,*,#279,.F.);
#1460 = ORIENTED_EDGE('',*,*,#100,.T.);
#1461 = ORIENTED_EDGE('',*,*,#91,.T.);
#1462 = ORIENTED_EDGE('',*,*,#40,.T.);
#1463 = ORIENTED_EDGE('',*,*,#700,.F.);
#1464 = CYLINDRICAL_SURFACE('',#1465,3.);
#1465 = AXIS2_PLACEMENT_3D('',#1466,#1467,#1468);
#1466 = CARTESIAN_POINT('',(179.49279483487,-8.,465.31972449939));
#1467 = DIRECTION('',(1.749735364613E-16,1.,-1.367043090562E-16));
#1468 = DIRECTION('',(0.615661475326,0.,0.788010753607));
#1469 = ADVANCED_FACE('',(#1470),#1478,.T.);
#1470 = FACE_BOUND('',#1471,.T.);
#1471 = EDGE_LOOP('',(#1472,#1473,#1474,#1475,#1476,#1477));
#1472 = ORIENTED_EDGE('',*,*,#664,.F.);
#1473 = ORIENTED_EDGE('',*,*,#579,.F.);
#1474 = ORIENTED_EDGE('',*,*,#217,.T.);
#1475 = ORIENTED_EDGE('',*,*,#208,.T.);
#1476 = ORIENTED_EDGE('',*,*,#545,.T.);
#1477 = ORIENTED_EDGE('',*,*,#673,.F.);
#1478 = CYLINDRICAL_SURFACE('',#1479,3.);
#1479 = AXIS2_PLACEMENT_3D('',#1480,#1481,#1482);
#1480 = CARTESIAN_POINT('',(234.48529419828,-8.,430.75709554381));
#1481 = DIRECTION('',(1.749735364613E-16,1.,-1.367043090562E-16));
#1482 = DIRECTION('',(0.615661475326,0.,0.788010753607));
#1483 = MANIFOLD_SOLID_BREP('',#1484);
#1484 = CLOSED_SHELL('',(#1485,#1518,#1604,#1624,#1649,#1674,#1699,#1724
    ,#1749,#1766,#1791,#1800,#1809,#1818,#1827,#1836));
#1485 = ADVANCED_FACE('',(#1486),#1513,.T.);
#1486 = FACE_BOUND('',#1487,.T.);
#1487 = EDGE_LOOP('',(#1488,#1497,#1505,#1512));
#1488 = ORIENTED_EDGE('',*,*,#1489,.F.);
#1489 = EDGE_CURVE('',#1490,#1490,#1492,.T.);
#1490 = VERTEX_POINT('',#1491);
#1491 = CARTESIAN_POINT('',(197.01167210421,20.,416.16344115415));
#1492 = CIRCLE('',#1493,16.);
#1493 = AXIS2_PLACEMENT_3D('',#1494,#1495,#1496);
#1494 = CARTESIAN_POINT('',(197.01167210421,20.,432.16344115415));
#1495 = DIRECTION('',(-2.22044604925E-16,1.,-4.930380657631E-32));
#1496 = DIRECTION('',(2.22044604925E-16,0.,-1.));
#1497 = ORIENTED_EDGE('',*,*,#1498,.F.);
#1498 = EDGE_CURVE('',#1499,#1490,#1501,.T.);
#1499 = VERTEX_POINT('',#1500);
#1500 = CARTESIAN_POINT('',(197.01167210421,12.,416.16344115415));
#1501 = LINE('',#1502,#1503);
#1502 = CARTESIAN_POINT('',(197.01167210421,12.,416.16344115415));
#1503 = VECTOR('',#1504,1.);
#1504 = DIRECTION('',(-2.22044604925E-16,1.,-4.930380657631E-32));
#1505 = ORIENTED_EDGE('',*,*,#1506,.T.);
#1506 = EDGE_CURVE('',#1499,#1499,#1507,.T.);
#1507 = CIRCLE('',#1508,16.);
#1508 = AXIS2_PLACEMENT_3D('',#1509,#1510,#1511);
#1509 = CARTESIAN_POINT('',(197.01167210421,12.,432.16344115415));
#1510 = DIRECTION('',(-2.22044604925E-16,1.,-4.930380657631E-32));
#1511 = DIRECTION('',(2.22044604925E-16,0.,-1.));
#1512 = ORIENTED_EDGE('',*,*,#1498,.T.);
#1513 = CYLINDRICAL_SURFACE('',#1514,16.);
#1514 = AXIS2_PLACEMENT_3D('',#1515,#1516,#1517);
#1515 = CARTESIAN_POINT('',(197.01167210421,12.,432.16344115415));
#1516 = DIRECTION('',(-2.22044604925E-16,1.,-4.930380657631E-32));
#1517 = DIRECTION('',(2.22044604925E-16,0.,-1.));
#1518 = ADVANCED_FACE('',(#1519,#1522,#1533,#1544,#1555,#1566,#1577,
    #1588),#1599,.T.);
#1519 = FACE_BOUND('',#1520,.T.);
#1520 = EDGE_LOOP('',(#1521));
#1521 = ORIENTED_EDGE('',*,*,#1489,.T.);
#1522 = FACE_BOUND('',#1523,.T.);
#1523 = EDGE_LOOP('',(#1524));
#1524 = ORIENTED_EDGE('',*,*,#1525,.F.);
#1525 = EDGE_CURVE('',#1526,#1526,#1528,.T.);
#1526 = VERTEX_POINT('',#1527);
#1527 = CARTESIAN_POINT('',(205.53219210421,20.,438.61334115415));
#1528 = CIRCLE('',#1529,2.);
#1529 = AXIS2_PLACEMENT_3D('',#1530,#1531,#1532);
#1530 = CARTESIAN_POINT('',(205.53219210421,20.,440.61334115415));
#1531 = DIRECTION('',(-2.22044604925E-16,1.,-4.930380657631E-32));
#1532 = DIRECTION('',(2.22044604925E-16,0.,-1.));
#1533 = FACE_BOUND('',#1534,.T.);
#1534 = EDGE_LOOP('',(#1535));
#1535 = ORIENTED_EDGE('',*,*,#1536,.F.);
#1536 = EDGE_CURVE('',#1537,#1537,#1539,.T.);
#1537 = VERTEX_POINT('',#1538);
#1538 = CARTESIAN_POINT('',(208.58976210421,20.,427.00941115415));
#1539 = CIRCLE('',#1540,2.);
#1540 = AXIS2_PLACEMENT_3D('',#1541,#1542,#1543);
#1541 = CARTESIAN_POINT('',(208.58976210421,20.,429.00941115415));
#1542 = DIRECTION('',(-2.22044604925E-16,1.,-4.930380657631E-32));
#1543 = DIRECTION('',(2.22044604925E-16,0.,-1.));
#1544 = FACE_BOUND('',#1545,.T.);
#1545 = EDGE_LOOP('',(#1546));
#1546 = ORIENTED_EDGE('',*,*,#1547,.F.);
#1547 = EDGE_CURVE('',#1548,#1548,#1550,.T.);
#1548 = VERTEX_POINT('',#1549);
#1549 = CARTESIAN_POINT('',(200.06924210421,20.,418.55951115415));
#1550 = CIRCLE('',#1551,2.);
#1551 = AXIS2_PLACEMENT_3D('',#1552,#1553,#1554);
#1552 = CARTESIAN_POINT('',(200.06924210421,20.,420.55951115415));
#1553 = DIRECTION('',(-2.22044604925E-16,1.,-4.930380657631E-32));
#1554 = DIRECTION('',(2.22044604925E-16,0.,-1.));
#1555 = FACE_BOUND('',#1556,.T.);
#1556 = EDGE_LOOP('',(#1557));
#1557 = ORIENTED_EDGE('',*,*,#1558,.F.);
#1558 = EDGE_CURVE('',#1559,#1559,#1561,.T.);
#1559 = VERTEX_POINT('',#1560);
#1560 = CARTESIAN_POINT('',(193.95410210421,20.,441.76737115415));
#1561 = CIRCLE('',#1562,2.);
#1562 = AXIS2_PLACEMENT_3D('',#1563,#1564,#1565);
#1563 = CARTESIAN_POINT('',(193.95410210421,20.,443.76737115415));
#1564 = DIRECTION('',(-2.22044604925E-16,1.,-4.930380657631E-32));
#1565 = DIRECTION('',(2.22044604925E-16,0.,-1.));
#1566 = FACE_BOUND('',#1567,.T.);
#1567 = EDGE_LOOP('',(#1568));
#1568 = ORIENTED_EDGE('',*,*,#1569,.F.);
#1569 = EDGE_CURVE('',#1570,#1570,#1572,.T.);
#1570 = VERTEX_POINT('',#1571);
#1571 = CARTESIAN_POINT('',(185.43358210421,20.,433.31747115415));
#1572 = CIRCLE('',#1573,2.);
#1573 = AXIS2_PLACEMENT_3D('',#1574,#1575,#1576);
#1574 = CARTESIAN_POINT('',(185.43358210421,20.,435.31747115415));
#1575 = DIRECTION('',(-2.22044604925E-16,1.,-4.930380657631E-32));
#1576 = DIRECTION('',(2.22044604925E-16,0.,-1.));
#1577 = FACE_BOUND('',#1578,.T.);
#1578 = EDGE_LOOP('',(#1579));
#1579 = ORIENTED_EDGE('',*,*,#1580,.F.);
#1580 = EDGE_CURVE('',#1581,#1581,#1583,.T.);
#1581 = VERTEX_POINT('',#1582);
#1582 = CARTESIAN_POINT('',(197.01167210421,20.,427.16344115415));
#1583 = CIRCLE('',#1584,5.);
#1584 = AXIS2_PLACEMENT_3D('',#1585,#1586,#1587);
#1585 = CARTESIAN_POINT('',(197.01167210421,20.,432.16344115415));
#1586 = DIRECTION('',(-2.22044604925E-16,1.,-4.930380657631E-32));
#1587 = DIRECTION('',(2.22044604925E-16,0.,-1.));
#1588 = FACE_BOUND('',#1589,.T.);
#1589 = EDGE_LOOP('',(#1590));
#1590 = ORIENTED_EDGE('',*,*,#1591,.F.);
#1591 = EDGE_CURVE('',#1592,#1592,#1594,.T.);
#1592 = VERTEX_POINT('',#1593);
#1593 = CARTESIAN_POINT('',(188.49116210421,20.,421.71354115415));
#1594 = CIRCLE('',#1595,2.);
#1595 = AXIS2_PLACEMENT_3D('',#1596,#1597,#1598);
#1596 = CARTESIAN_POINT('',(188.49116210421,20.,423.71354115415));
#1597 = DIRECTION('',(-2.22044604925E-16,1.,-4.930380657631E-32));
#1598 = DIRECTION('',(2.22044604925E-16,0.,-1.));
#1599 = PLANE('',#1600);
#1600 = AXIS2_PLACEMENT_3D('',#1601,#1602,#1603);
#1601 = CARTESIAN_POINT('',(197.01167210421,20.,432.16344115415));
#1602 = DIRECTION('',(-2.22044604925E-16,1.,-4.930380657631E-32));
#1603 = DIRECTION('',(2.22044604925E-16,0.,-1.));
#1604 = ADVANCED_FACE('',(#1605,#1608),#1619,.F.);
#1605 = FACE_BOUND('',#1606,.F.);
#1606 = EDGE_LOOP('',(#1607));
#1607 = ORIENTED_EDGE('',*,*,#1506,.T.);
#1608 = FACE_BOUND('',#1609,.F.);
#1609 = EDGE_LOOP('',(#1610));
#1610 = ORIENTED_EDGE('',*,*,#1611,.F.);
#1611 = EDGE_CURVE('',#1612,#1612,#1614,.T.);
#1612 = VERTEX_POINT('',#1613);
#1613 = CARTESIAN_POINT('',(197.01167210421,12.,427.16344115415));
#1614 = CIRCLE('',#1615,5.);
#1615 = AXIS2_PLACEMENT_3D('',#1616,#1617,#1618);
#1616 = CARTESIAN_POINT('',(197.01167210421,12.,432.16344115415));
#1617 = DIRECTION('',(-2.22044604925E-16,1.,-4.930380657631E-32));
#1618 = DIRECTION('',(2.22044604925E-16,0.,-1.));
#1619 = PLANE('',#1620);
#1620 = AXIS2_PLACEMENT_3D('',#1621,#1622,#1623);
#1621 = CARTESIAN_POINT('',(197.01167210421,12.,432.16344115415));
#1622 = DIRECTION('',(-2.22044604925E-16,1.,-4.930380657631E-32));
#1623 = DIRECTION('',(2.22044604925E-16,0.,-1.));
#1624 = ADVANCED_FACE('',(#1625),#1644,.F.);
#1625 = FACE_BOUND('',#1626,.F.);
#1626 = EDGE_LOOP('',(#1627,#1628,#1636,#1643));
#1627 = ORIENTED_EDGE('',*,*,#1525,.F.);
#1628 = ORIENTED_EDGE('',*,*,#1629,.F.);
#1629 = EDGE_CURVE('',#1630,#1526,#1632,.T.);
#1630 = VERTEX_POINT('',#1631);
#1631 = CARTESIAN_POINT('',(205.53219210421,14.,438.61334115415));
#1632 = LINE('',#1633,#1634);
#1633 = CARTESIAN_POINT('',(205.53219210421,14.,438.61334115415));
#1634 = VECTOR('',#1635,1.);
#1635 = DIRECTION('',(-2.22044604925E-16,1.,-4.930380657631E-32));
#1636 = ORIENTED_EDGE('',*,*,#1637,.T.);
#1637 = EDGE_CURVE('',#1630,#1630,#1638,.T.);
#1638 = CIRCLE('',#1639,2.);
#1639 = AXIS2_PLACEMENT_3D('',#1640,#1641,#1642);
#1640 = CARTESIAN_POINT('',(205.53219210421,14.,440.61334115415));
#1641 = DIRECTION('',(-2.22044604925E-16,1.,-4.930380657631E-32));
#1642 = DIRECTION('',(2.22044604925E-16,0.,-1.));
#1643 = ORIENTED_EDGE('',*,*,#1629,.T.);
#1644 = CYLINDRICAL_SURFACE('',#1645,2.);
#1645 = AXIS2_PLACEMENT_3D('',#1646,#1647,#1648);
#1646 = CARTESIAN_POINT('',(205.53219210421,14.,440.61334115415));
#1647 = DIRECTION('',(-2.22044604925E-16,1.,-4.930380657631E-32));
#1648 = DIRECTION('',(2.22044604925E-16,0.,-1.));
#1649 = ADVANCED_FACE('',(#1650),#1669,.F.);
#1650 = FACE_BOUND('',#1651,.F.);
#1651 = EDGE_LOOP('',(#1652,#1653,#1661,#1668));
#1652 = ORIENTED_EDGE('',*,*,#1536,.F.);
#1653 = ORIENTED_EDGE('',*,*,#1654,.F.);
#1654 = EDGE_CURVE('',#1655,#1537,#1657,.T.);
#1655 = VERTEX_POINT('',#1656);
#1656 = CARTESIAN_POINT('',(208.58976210421,14.,427.00941115415));
#1657 = LINE('',#1658,#1659);
#1658 = CARTESIAN_POINT('',(208.58976210421,14.,427.00941115415));
#1659 = VECTOR('',#1660,1.);
#1660 = DIRECTION('',(-2.22044604925E-16,1.,-4.930380657631E-32));
#1661 = ORIENTED_EDGE('',*,*,#1662,.T.);
#1662 = EDGE_CURVE('',#1655,#1655,#1663,.T.);
#1663 = CIRCLE('',#1664,2.);
#1664 = AXIS2_PLACEMENT_3D('',#1665,#1666,#1667);
#1665 = CARTESIAN_POINT('',(208.58976210421,14.,429.00941115415));
#1666 = DIRECTION('',(-2.22044604925E-16,1.,-4.930380657631E-32));
#1667 = DIRECTION('',(2.22044604925E-16,0.,-1.));
#1668 = ORIENTED_EDGE('',*,*,#1654,.T.);
#1669 = CYLINDRICAL_SURFACE('',#1670,2.);
#1670 = AXIS2_PLACEMENT_3D('',#1671,#1672,#1673);
#1671 = CARTESIAN_POINT('',(208.58976210421,14.,429.00941115415));
#1672 = DIRECTION('',(-2.22044604925E-16,1.,-4.930380657631E-32));
#1673 = DIRECTION('',(2.22044604925E-16,0.,-1.));
#1674 = ADVANCED_FACE('',(#1675),#1694,.F.);
#1675 = FACE_BOUND('',#1676,.F.);
#1676 = EDGE_LOOP('',(#1677,#1678,#1686,#1693));
#1677 = ORIENTED_EDGE('',*,*,#1547,.F.);
#1678 = ORIENTED_EDGE('',*,*,#1679,.F.);
#1679 = EDGE_CURVE('',#1680,#1548,#1682,.T.);
#1680 = VERTEX_POINT('',#1681);
#1681 = CARTESIAN_POINT('',(200.06924210421,14.,418.55951115415));
#1682 = LINE('',#1683,#1684);
#1683 = CARTESIAN_POINT('',(200.06924210421,14.,418.55951115415));
#1684 = VECTOR('',#1685,1.);
#1685 = DIRECTION('',(-2.22044604925E-16,1.,-4.930380657631E-32));
#1686 = ORIENTED_EDGE('',*,*,#1687,.T.);
#1687 = EDGE_CURVE('',#1680,#1680,#1688,.T.);
#1688 = CIRCLE('',#1689,2.);
#1689 = AXIS2_PLACEMENT_3D('',#1690,#1691,#1692);
#1690 = CARTESIAN_POINT('',(200.06924210421,14.,420.55951115415));
#1691 = DIRECTION('',(-2.22044604925E-16,1.,-4.930380657631E-32));
#1692 = DIRECTION('',(2.22044604925E-16,0.,-1.));
#1693 = ORIENTED_EDGE('',*,*,#1679,.T.);
#1694 = CYLINDRICAL_SURFACE('',#1695,2.);
#1695 = AXIS2_PLACEMENT_3D('',#1696,#1697,#1698);
#1696 = CARTESIAN_POINT('',(200.06924210421,14.,420.55951115415));
#1697 = DIRECTION('',(-2.22044604925E-16,1.,-4.930380657631E-32));
#1698 = DIRECTION('',(2.22044604925E-16,0.,-1.));
#1699 = ADVANCED_FACE('',(#1700),#1719,.F.);
#1700 = FACE_BOUND('',#1701,.F.);
#1701 = EDGE_LOOP('',(#1702,#1703,#1711,#1718));
#1702 = ORIENTED_EDGE('',*,*,#1558,.F.);
#1703 = ORIENTED_EDGE('',*,*,#1704,.F.);
#1704 = EDGE_CURVE('',#1705,#1559,#1707,.T.);
#1705 = VERTEX_POINT('',#1706);
#1706 = CARTESIAN_POINT('',(193.95410210421,14.,441.76737115415));
#1707 = LINE('',#1708,#1709);
#1708 = CARTESIAN_POINT('',(193.95410210421,14.,441.76737115415));
#1709 = VECTOR('',#1710,1.);
#1710 = DIRECTION('',(-2.22044604925E-16,1.,-4.930380657631E-32));
#1711 = ORIENTED_EDGE('',*,*,#1712,.T.);
#1712 = EDGE_CURVE('',#1705,#1705,#1713,.T.);
#1713 = CIRCLE('',#1714,2.);
#1714 = AXIS2_PLACEMENT_3D('',#1715,#1716,#1717);
#1715 = CARTESIAN_POINT('',(193.95410210421,14.,443.76737115415));
#1716 = DIRECTION('',(-2.22044604925E-16,1.,-4.930380657631E-32));
#1717 = DIRECTION('',(2.22044604925E-16,0.,-1.));
#1718 = ORIENTED_EDGE('',*,*,#1704,.T.);
#1719 = CYLINDRICAL_SURFACE('',#1720,2.);
#1720 = AXIS2_PLACEMENT_3D('',#1721,#1722,#1723);
#1721 = CARTESIAN_POINT('',(193.95410210421,14.,443.76737115415));
#1722 = DIRECTION('',(-2.22044604925E-16,1.,-4.930380657631E-32));
#1723 = DIRECTION('',(2.22044604925E-16,0.,-1.));
#1724 = ADVANCED_FACE('',(#1725),#1744,.F.);
#1725 = FACE_BOUND('',#1726,.F.);
#1726 = EDGE_LOOP('',(#1727,#1728,#1736,#1743));
#1727 = ORIENTED_EDGE('',*,*,#1569,.F.);
#1728 = ORIENTED_EDGE('',*,*,#1729,.F.);
#1729 = EDGE_CURVE('',#1730,#1570,#1732,.T.);
#1730 = VERTEX_POINT('',#1731);
#1731 = CARTESIAN_POINT('',(185.43358210421,14.,433.31747115415));
#1732 = LINE('',#1733,#1734);
#1733 = CARTESIAN_POINT('',(185.43358210421,14.,433.31747115415));
#1734 = VECTOR('',#1735,1.);
#1735 = DIRECTION('',(-2.22044604925E-16,1.,-4.930380657631E-32));
#1736 = ORIENTED_EDGE('',*,*,#1737,.T.);
#1737 = EDGE_CURVE('',#1730,#1730,#1738,.T.);
#1738 = CIRCLE('',#1739,2.);
#1739 = AXIS2_PLACEMENT_3D('',#1740,#1741,#1742);
#1740 = CARTESIAN_POINT('',(185.43358210421,14.,435.31747115415));
#1741 = DIRECTION('',(-2.22044604925E-16,1.,-4.930380657631E-32));
#1742 = DIRECTION('',(2.22044604925E-16,0.,-1.));
#1743 = ORIENTED_EDGE('',*,*,#1729,.T.);
#1744 = CYLINDRICAL_SURFACE('',#1745,2.);
#1745 = AXIS2_PLACEMENT_3D('',#1746,#1747,#1748);
#1746 = CARTESIAN_POINT('',(185.43358210421,14.,435.31747115415));
#1747 = DIRECTION('',(-2.22044604925E-16,1.,-4.930380657631E-32));
#1748 = DIRECTION('',(2.22044604925E-16,0.,-1.));
#1749 = ADVANCED_FACE('',(#1750),#1761,.F.);
#1750 = FACE_BOUND('',#1751,.F.);
#1751 = EDGE_LOOP('',(#1752,#1753,#1759,#1760));
#1752 = ORIENTED_EDGE('',*,*,#1580,.F.);
#1753 = ORIENTED_EDGE('',*,*,#1754,.F.);
#1754 = EDGE_CURVE('',#1612,#1581,#1755,.T.);
#1755 = LINE('',#1756,#1757);
#1756 = CARTESIAN_POINT('',(197.01167210421,12.,427.16344115415));
#1757 = VECTOR('',#1758,1.);
#1758 = DIRECTION('',(-2.22044604925E-16,1.,-4.930380657631E-32));
#1759 = ORIENTED_EDGE('',*,*,#1611,.T.);
#1760 = ORIENTED_EDGE('',*,*,#1754,.T.);
#1761 = CYLINDRICAL_SURFACE('',#1762,5.);
#1762 = AXIS2_PLACEMENT_3D('',#1763,#1764,#1765);
#1763 = CARTESIAN_POINT('',(197.01167210421,12.,432.16344115415));
#1764 = DIRECTION('',(-2.22044604925E-16,1.,-4.930380657631E-32));
#1765 = DIRECTION('',(2.22044604925E-16,0.,-1.));
#1766 = ADVANCED_FACE('',(#1767),#1786,.F.);
#1767 = FACE_BOUND('',#1768,.F.);
#1768 = EDGE_LOOP('',(#1769,#1770,#1778,#1785));
#1769 = ORIENTED_EDGE('',*,*,#1591,.F.);
#1770 = ORIENTED_EDGE('',*,*,#1771,.F.);
#1771 = EDGE_CURVE('',#1772,#1592,#1774,.T.);
#1772 = VERTEX_POINT('',#1773);
#1773 = CARTESIAN_POINT('',(188.49116210421,14.,421.71354115415));
#1774 = LINE('',#1775,#1776);
#1775 = CARTESIAN_POINT('',(188.49116210421,14.,421.71354115415));
#1776 = VECTOR('',#1777,1.);
#1777 = DIRECTION('',(-2.22044604925E-16,1.,-4.930380657631E-32));
#1778 = ORIENTED_EDGE('',*,*,#1779,.T.);
#1779 = EDGE_CURVE('',#1772,#1772,#1780,.T.);
#1780 = CIRCLE('',#1781,2.);
#1781 = AXIS2_PLACEMENT_3D('',#1782,#1783,#1784);
#1782 = CARTESIAN_POINT('',(188.49116210421,14.,423.71354115415));
#1783 = DIRECTION('',(-2.22044604925E-16,1.,-4.930380657631E-32));
#1784 = DIRECTION('',(2.22044604925E-16,0.,-1.));
#1785 = ORIENTED_EDGE('',*,*,#1771,.T.);
#1786 = CYLINDRICAL_SURFACE('',#1787,2.);
#1787 = AXIS2_PLACEMENT_3D('',#1788,#1789,#1790);
#1788 = CARTESIAN_POINT('',(188.49116210421,14.,423.71354115415));
#1789 = DIRECTION('',(-2.22044604925E-16,1.,-4.930380657631E-32));
#1790 = DIRECTION('',(2.22044604925E-16,0.,-1.));
#1791 = ADVANCED_FACE('',(#1792),#1795,.T.);
#1792 = FACE_BOUND('',#1793,.F.);
#1793 = EDGE_LOOP('',(#1794));
#1794 = ORIENTED_EDGE('',*,*,#1637,.F.);
#1795 = PLANE('',#1796);
#1796 = AXIS2_PLACEMENT_3D('',#1797,#1798,#1799);
#1797 = CARTESIAN_POINT('',(205.53219210421,14.,440.61334115415));
#1798 = DIRECTION('',(-2.22044604925E-16,1.,-4.930380657631E-32));
#1799 = DIRECTION('',(2.22044604925E-16,0.,-1.));
#1800 = ADVANCED_FACE('',(#1801),#1804,.T.);
#1801 = FACE_BOUND('',#1802,.F.);
#1802 = EDGE_LOOP('',(#1803));
#1803 = ORIENTED_EDGE('',*,*,#1662,.F.);
#1804 = PLANE('',#1805);
#1805 = AXIS2_PLACEMENT_3D('',#1806,#1807,#1808);
#1806 = CARTESIAN_POINT('',(208.58976210421,14.,429.00941115415));
#1807 = DIRECTION('',(-2.22044604925E-16,1.,-4.930380657631E-32));
#1808 = DIRECTION('',(2.22044604925E-16,0.,-1.));
#1809 = ADVANCED_FACE('',(#1810),#1813,.T.);
#1810 = FACE_BOUND('',#1811,.F.);
#1811 = EDGE_LOOP('',(#1812));
#1812 = ORIENTED_EDGE('',*,*,#1687,.F.);
#1813 = PLANE('',#1814);
#1814 = AXIS2_PLACEMENT_3D('',#1815,#1816,#1817);
#1815 = CARTESIAN_POINT('',(200.06924210421,14.,420.55951115415));
#1816 = DIRECTION('',(-2.22044604925E-16,1.,-4.930380657631E-32));
#1817 = DIRECTION('',(2.22044604925E-16,0.,-1.));
#1818 = ADVANCED_FACE('',(#1819),#1822,.T.);
#1819 = FACE_BOUND('',#1820,.F.);
#1820 = EDGE_LOOP('',(#1821));
#1821 = ORIENTED_EDGE('',*,*,#1712,.F.);
#1822 = PLANE('',#1823);
#1823 = AXIS2_PLACEMENT_3D('',#1824,#1825,#1826);
#1824 = CARTESIAN_POINT('',(193.95410210421,14.,443.76737115415));
#1825 = DIRECTION('',(-2.22044604925E-16,1.,-4.930380657631E-32));
#1826 = DIRECTION('',(2.22044604925E-16,0.,-1.));
#1827 = ADVANCED_FACE('',(#1828),#1831,.T.);
#1828 = FACE_BOUND('',#1829,.F.);
#1829 = EDGE_LOOP('',(#1830));
#1830 = ORIENTED_EDGE('',*,*,#1737,.F.);
#1831 = PLANE('',#1832);
#1832 = AXIS2_PLACEMENT_3D('',#1833,#1834,#1835);
#1833 = CARTESIAN_POINT('',(185.43358210421,14.,435.31747115415));
#1834 = DIRECTION('',(-2.22044604925E-16,1.,-4.930380657631E-32));
#1835 = DIRECTION('',(2.22044604925E-16,0.,-1.));
#1836 = ADVANCED_FACE('',(#1837),#1840,.T.);
#1837 = FACE_BOUND('',#1838,.F.);
#1838 = EDGE_LOOP('',(#1839));
#1839 = ORIENTED_EDGE('',*,*,#1779,.F.);
#1840 = PLANE('',#1841);
#1841 = AXIS2_PLACEMENT_3D('',#1842,#1843,#1844);
#1842 = CARTESIAN_POINT('',(188.49116210421,14.,423.71354115415));
#1843 = DIRECTION('',(-2.22044604925E-16,1.,-4.930380657631E-32));
#1844 = DIRECTION('',(2.22044604925E-16,0.,-1.));
#1845 = MANIFOLD_SOLID_BREP('',#1846);
#1846 = CLOSED_SHELL('',(#1847,#1887,#1918,#1996,#2088,#2194,#2234,#2324
    ,#2349,#2380,#2431,#2448,#2486,#2528,#2552,#2576,#2593,#2610,#2664,
    #2762,#2793,#2817,#2834,#2903,#2935,#3014,#3032,#3090,#3131,#3143,
    #3169,#3194,#3203,#3218,#3236,#3254,#3264,#3281,#3312,#3354,#3385,
    #3416,#3445,#3660,#3693,#3718,#3749,#3780,#3898,#3965,#4005,#4064,
    #4075,#4092,#4124,#4148,#4190,#4215,#4231,#4281,#4297,#4330,#4346,
    #4379,#4403,#4427,#4452,#4487,#4505,#4522,#4549,#4576,#4609,#4634,
    #4674,#4705,#4736,#4758,#4773,#4798,#4807,#4816,#5067,#5141,#5163,
    #5185,#5202,#5230,#5242,#5267,#5293,#5302,#5328,#5337,#5364,#5373,
    #5399,#5408,#5434,#5443,#5478,#5494,#5511,#5528,#5545,#5564,#5579,
    #5594,#5618,#5636,#5650,#5664));
#1847 = ADVANCED_FACE('',(#1848),#1882,.F.);
#1848 = FACE_BOUND('',#1849,.F.);
#1849 = EDGE_LOOP('',(#1850,#1860,#1868,#1876));
#1850 = ORIENTED_EDGE('',*,*,#1851,.T.);
#1851 = EDGE_CURVE('',#1852,#1854,#1856,.T.);
#1852 = VERTEX_POINT('',#1853);
#1853 = CARTESIAN_POINT('',(144.97535651557,-27.,396.67757367556));
#1854 = VERTEX_POINT('',#1855);
#1855 = CARTESIAN_POINT('',(122.24746741154,-27.,414.43454675337));
#1856 = LINE('',#1857,#1858);
#1857 = CARTESIAN_POINT('',(130.52158032441,-27.,407.97010126246));
#1858 = VECTOR('',#1859,1.);
#1859 = DIRECTION('',(-0.788010753607,0.,0.615661475326));
#1860 = ORIENTED_EDGE('',*,*,#1861,.T.);
#1861 = EDGE_CURVE('',#1854,#1862,#1864,.T.);
#1862 = VERTEX_POINT('',#1863);
#1863 = CARTESIAN_POINT('',(122.24746741154,-25.,414.43454675337));
#1864 = LINE('',#1865,#1866);
#1865 = CARTESIAN_POINT('',(122.24746741154,-33.,414.43454675337));
#1866 = VECTOR('',#1867,1.);
#1867 = DIRECTION('',(0.,1.,0.));
#1868 = ORIENTED_EDGE('',*,*,#1869,.T.);
#1869 = EDGE_CURVE('',#1862,#1870,#1872,.T.);
#1870 = VERTEX_POINT('',#1871);
#1871 = CARTESIAN_POINT('',(144.97535651557,-25.,396.67757367556));
#1872 = LINE('',#1873,#1874);
#1873 = CARTESIAN_POINT('',(122.24746741154,-25.,414.43454675337));
#1874 = VECTOR('',#1875,1.);
#1875 = DIRECTION('',(0.788010753607,0.,-0.615661475326));
#1876 = ORIENTED_EDGE('',*,*,#1877,.T.);
#1877 = EDGE_CURVE('',#1870,#1852,#1878,.T.);
#1878 = LINE('',#1879,#1880);
#1879 = CARTESIAN_POINT('',(144.97535651557,-30.,396.67757367556));
#1880 = VECTOR('',#1881,1.);
#1881 = DIRECTION('',(0.,-1.,0.));
#1882 = PLANE('',#1883);
#1883 = AXIS2_PLACEMENT_3D('',#1884,#1885,#1886);
#1884 = CARTESIAN_POINT('',(122.24746741154,-33.,414.43454675337));
#1885 = DIRECTION('',(-0.615661475326,0.,-0.788010753607));
#1886 = DIRECTION('',(0.788010753607,0.,-0.615661475326));
#1887 = ADVANCED_FACE('',(#1888),#1913,.F.);
#1888 = FACE_BOUND('',#1889,.F.);
#1889 = EDGE_LOOP('',(#1890,#1900,#1906,#1907));
#1890 = ORIENTED_EDGE('',*,*,#1891,.T.);
#1891 = EDGE_CURVE('',#1892,#1894,#1896,.T.);
#1892 = VERTEX_POINT('',#1893);
#1893 = CARTESIAN_POINT('',(131.55612517923,-27.,419.85200838814));
#1894 = VERTEX_POINT('',#1895);
#1895 = CARTESIAN_POINT('',(131.55612517923,-25.,419.85200838814));
#1896 = LINE('',#1897,#1898);
#1897 = CARTESIAN_POINT('',(131.55612517923,-30.,419.85200838814));
#1898 = VECTOR('',#1899,1.);
#1899 = DIRECTION('',(0.,1.,0.));
#1900 = ORIENTED_EDGE('',*,*,#1901,.T.);
#1901 = EDGE_CURVE('',#1894,#1862,#1902,.T.);
#1902 = LINE('',#1903,#1904);
#1903 = CARTESIAN_POINT('',(140.86478294691,-25.,425.2694700229));
#1904 = VECTOR('',#1905,1.);
#1905 = DIRECTION('',(-0.864287176072,0.,-0.502998685164));
#1906 = ORIENTED_EDGE('',*,*,#1861,.F.);
#1907 = ORIENTED_EDGE('',*,*,#1908,.T.);
#1908 = EDGE_CURVE('',#1854,#1892,#1909,.T.);
#1909 = LINE('',#1910,#1911);
#1910 = CARTESIAN_POINT('',(100.82150513593,-27.,401.96504454232));
#1911 = VECTOR('',#1912,1.);
#1912 = DIRECTION('',(0.864287176072,0.,0.502998685164));
#1913 = PLANE('',#1914);
#1914 = AXIS2_PLACEMENT_3D('',#1915,#1916,#1917);
#1915 = CARTESIAN_POINT('',(140.86478294691,-33.,425.2694700229));
#1916 = DIRECTION('',(-0.502998685164,0.,0.864287176072));
#1917 = DIRECTION('',(-0.864287176072,0.,-0.502998685164));
#1918 = ADVANCED_FACE('',(#1919,#1969,#1980),#1991,.T.);
#1919 = FACE_BOUND('',#1920,.T.);
#1920 = EDGE_LOOP('',(#1921,#1922,#1923,#1931,#1939,#1947,#1955,#1963));
#1921 = ORIENTED_EDGE('',*,*,#1901,.T.);
#1922 = ORIENTED_EDGE('',*,*,#1869,.T.);
#1923 = ORIENTED_EDGE('',*,*,#1924,.T.);
#1924 = EDGE_CURVE('',#1870,#1925,#1927,.T.);
#1925 = VERTEX_POINT('',#1926);
#1926 = CARTESIAN_POINT('',(148.89236175858,-25.,406.30745593097));
#1927 = LINE('',#1928,#1929);
#1928 = CARTESIAN_POINT('',(151.464291066,-25.,412.63049479951));
#1929 = VECTOR('',#1930,1.);
#1930 = DIRECTION('',(0.376778733993,0.,0.926303290295));
#1931 = ORIENTED_EDGE('',*,*,#1932,.T.);
#1932 = EDGE_CURVE('',#1925,#1933,#1935,.T.);
#1933 = VERTEX_POINT('',#1934);
#1934 = CARTESIAN_POINT('',(136.30844184007,-25.,416.13909168841));
#1935 = LINE('',#1936,#1937);
#1936 = CARTESIAN_POINT('',(122.82206297311,-25.,426.6758056508));
#1937 = VECTOR('',#1938,1.);
#1938 = DIRECTION('',(-0.788010753607,0.,0.615661475326));
#1939 = ORIENTED_EDGE('',*,*,#1940,.F.);
#1940 = EDGE_CURVE('',#1941,#1933,#1943,.T.);
#1941 = VERTEX_POINT('',#1942);
#1942 = CARTESIAN_POINT('',(135.07711888942,-25.,414.5630701812));
#1943 = LINE('',#1944,#1945);
#1944 = CARTESIAN_POINT('',(132.61447298812,-25.,411.41102716677));
#1945 = VECTOR('',#1946,1.);
#1946 = DIRECTION('',(0.615661475326,0.,0.788010753607));
#1947 = ORIENTED_EDGE('',*,*,#1948,.F.);
#1948 = EDGE_CURVE('',#1949,#1941,#1951,.T.);
#1949 = VERTEX_POINT('',#1950);
#1950 = CARTESIAN_POINT('',(133.4525931038,-25.,415.8322888274));
#1951 = LINE('',#1952,#1953);
#1952 = CARTESIAN_POINT('',(146.01907338427,-25.,406.01427840849));
#1953 = VECTOR('',#1954,1.);
#1954 = DIRECTION('',(0.788010753607,0.,-0.615661475326));
#1955 = ORIENTED_EDGE('',*,*,#1956,.T.);
#1956 = EDGE_CURVE('',#1949,#1957,#1959,.T.);
#1957 = VERTEX_POINT('',#1958);
#1958 = CARTESIAN_POINT('',(134.68391605445,-25.,417.40831033461));
#1959 = LINE('',#1960,#1961);
#1960 = CARTESIAN_POINT('',(130.9899472025,-25.,412.68024581297));
#1961 = VECTOR('',#1962,1.);
#1962 = DIRECTION('',(0.615661475326,0.,0.788010753607));
#1963 = ORIENTED_EDGE('',*,*,#1964,.T.);
#1964 = EDGE_CURVE('',#1957,#1894,#1965,.T.);
#1965 = LINE('',#1966,#1967);
#1966 = CARTESIAN_POINT('',(122.82206297311,-25.,426.6758056508));
#1967 = VECTOR('',#1968,1.);
#1968 = DIRECTION('',(-0.788010753607,0.,0.615661475326));
#1969 = FACE_BOUND('',#1970,.T.);
#1970 = EDGE_LOOP('',(#1971));
#1971 = ORIENTED_EDGE('',*,*,#1972,.T.);
#1972 = EDGE_CURVE('',#1973,#1973,#1975,.T.);
#1973 = VERTEX_POINT('',#1974);
#1974 = CARTESIAN_POINT('',(129.85683662141,-25.,414.83454703829));
#1975 = CIRCLE('',#1976,2.25);
#1976 = AXIS2_PLACEMENT_3D('',#1977,#1978,#1979);
#1977 = CARTESIAN_POINT('',(131.62986081703,-25.,413.4493087188));
#1978 = DIRECTION('',(0.,1.,-0.));
#1979 = DIRECTION('',(-0.788010753607,0.,0.615661475326));
#1980 = FACE_BOUND('',#1981,.T.);
#1981 = EDGE_LOOP('',(#1982));
#1982 = ORIENTED_EDGE('',*,*,#1983,.T.);
#1983 = EDGE_CURVE('',#1984,#1984,#1986,.T.);
#1984 = VERTEX_POINT('',#1985);
#1985 = CARTESIAN_POINT('',(139.31296566469,-25.,407.44660933438));
#1986 = CIRCLE('',#1987,2.25);
#1987 = AXIS2_PLACEMENT_3D('',#1988,#1989,#1990);
#1988 = CARTESIAN_POINT('',(141.08598986031,-25.,406.0613710149));
#1989 = DIRECTION('',(0.,1.,-0.));
#1990 = DIRECTION('',(-0.788010753607,0.,0.615661475326));
#1991 = PLANE('',#1992);
#1992 = AXIS2_PLACEMENT_3D('',#1993,#1994,#1995);
#1993 = CARTESIAN_POINT('',(155.54321885852,-25.,418.34055411016));
#1994 = DIRECTION('',(0.,-1.,-0.));
#1995 = DIRECTION('',(0.788010753607,0.,-0.615661475326));
#1996 = ADVANCED_FACE('',(#1997),#2083,.F.);
#1997 = FACE_BOUND('',#1998,.F.);
#1998 = EDGE_LOOP('',(#1999,#2007,#2015,#2023,#2031,#2039,#2048,#2057,
    #2065,#2074,#2081,#2082));
#1999 = ORIENTED_EDGE('',*,*,#2000,.F.);
#2000 = EDGE_CURVE('',#2001,#1892,#2003,.T.);
#2001 = VERTEX_POINT('',#2002);
#2002 = CARTESIAN_POINT('',(98.45967352775,-27.,445.70979035182));
#2003 = LINE('',#2004,#2005);
#2004 = CARTESIAN_POINT('',(98.45967352775,-27.,445.70979035182));
#2005 = VECTOR('',#2006,1.);
#2006 = DIRECTION('',(0.788010753607,0.,-0.615661475326));
#2007 = ORIENTED_EDGE('',*,*,#2008,.T.);
#2008 = EDGE_CURVE('',#2001,#2009,#2011,.T.);
#2009 = VERTEX_POINT('',#2010);
#2010 = CARTESIAN_POINT('',(98.45967352775,22.5,445.70979035182));
#2011 = LINE('',#2012,#2013);
#2012 = CARTESIAN_POINT('',(98.45967352775,-27.,445.70979035182));
#2013 = VECTOR('',#2014,1.);
#2014 = DIRECTION('',(0.,1.,0.));
#2015 = ORIENTED_EDGE('',*,*,#2016,.T.);
#2016 = EDGE_CURVE('',#2009,#2017,#2019,.T.);
#2017 = VERTEX_POINT('',#2018);
#2018 = CARTESIAN_POINT('',(102.00572191898,22.5,442.93931371285));
#2019 = LINE('',#2020,#2021);
#2020 = CARTESIAN_POINT('',(98.45967352775,22.5,445.70979035182));
#2021 = VECTOR('',#2022,1.);
#2022 = DIRECTION('',(0.788010753607,0.,-0.615661475326));
#2023 = ORIENTED_EDGE('',*,*,#2024,.F.);
#2024 = EDGE_CURVE('',#2025,#2017,#2027,.T.);
#2025 = VERTEX_POINT('',#2026);
#2026 = CARTESIAN_POINT('',(102.00572191898,-22.5,442.93931371285));
#2027 = LINE('',#2028,#2029);
#2028 = CARTESIAN_POINT('',(102.00572191898,-22.5,442.93931371285));
#2029 = VECTOR('',#2030,1.);
#2030 = DIRECTION('',(0.,1.,0.));
#2031 = ORIENTED_EDGE('',*,*,#2032,.T.);
#2032 = EDGE_CURVE('',#2025,#2033,#2035,.T.);
#2033 = VERTEX_POINT('',#2034);
#2034 = CARTESIAN_POINT('',(110.12716476411,-22.5,436.59414715145));
#2035 = LINE('',#2036,#2037);
#2036 = CARTESIAN_POINT('',(102.00572191898,-22.5,442.93931371285));
#2037 = VECTOR('',#2038,1.);
#2038 = DIRECTION('',(0.788010753607,0.,-0.615661475326));
#2039 = ORIENTED_EDGE('',*,*,#2040,.T.);
#2040 = EDGE_CURVE('',#2033,#2041,#2043,.T.);
#2041 = VERTEX_POINT('',#2042);
#2042 = CARTESIAN_POINT('',(110.08283214344,-23.,436.62878359076));
#2043 = CIRCLE('',#2044,2.25);
#2044 = AXIS2_PLACEMENT_3D('',#2045,#2046,#2047);
#2045 = CARTESIAN_POINT('',(111.85585633906,-23.,435.24354527128));
#2046 = DIRECTION('',(0.615661475326,0.,0.788010753607));
#2047 = DIRECTION('',(-0.788010753607,0.,0.615661475326));
#2048 = ORIENTED_EDGE('',*,*,#2049,.T.);
#2049 = EDGE_CURVE('',#2041,#2050,#2052,.T.);
#2050 = VERTEX_POINT('',#2051);
#2051 = CARTESIAN_POINT('',(113.584547914,-22.5,433.89294339111));
#2052 = CIRCLE('',#2053,2.25);
#2053 = AXIS2_PLACEMENT_3D('',#2054,#2055,#2056);
#2054 = CARTESIAN_POINT('',(111.85585633906,-23.,435.24354527128));
#2055 = DIRECTION('',(0.615661475326,0.,0.788010753607));
#2056 = DIRECTION('',(-0.788010753607,0.,0.615661475326));
#2057 = ORIENTED_EDGE('',*,*,#2058,.T.);
#2058 = EDGE_CURVE('',#2050,#2059,#2061,.T.);
#2059 = VERTEX_POINT('',#2060);
#2060 = CARTESIAN_POINT('',(133.76748737232,-22.5,418.12430289168));
#2061 = LINE('',#2062,#2063);
#2062 = CARTESIAN_POINT('',(102.00572191898,-22.5,442.93931371285));
#2063 = VECTOR('',#2064,1.);
#2064 = DIRECTION('',(0.788010753607,0.,-0.615661475326));
#2065 = ORIENTED_EDGE('',*,*,#2066,.T.);
#2066 = EDGE_CURVE('',#2059,#2067,#2069,.T.);
#2067 = VERTEX_POINT('',#2068);
#2068 = CARTESIAN_POINT('',(133.72315475165,-23.,418.15893933099));
#2069 = CIRCLE('',#2070,2.25);
#2070 = AXIS2_PLACEMENT_3D('',#2071,#2072,#2073);
#2071 = CARTESIAN_POINT('',(135.49617894726,-23.,416.77370101151));
#2072 = DIRECTION('',(0.615661475326,0.,0.788010753607));
#2073 = DIRECTION('',(-0.788010753607,0.,0.615661475326));
#2074 = ORIENTED_EDGE('',*,*,#2075,.T.);
#2075 = EDGE_CURVE('',#2067,#1957,#2076,.T.);
#2076 = CIRCLE('',#2077,2.25);
#2077 = AXIS2_PLACEMENT_3D('',#2078,#2079,#2080);
#2078 = CARTESIAN_POINT('',(135.49617894726,-23.,416.77370101151));
#2079 = DIRECTION('',(0.615661475326,0.,0.788010753607));
#2080 = DIRECTION('',(-0.788010753607,0.,0.615661475326));
#2081 = ORIENTED_EDGE('',*,*,#1964,.T.);
#2082 = ORIENTED_EDGE('',*,*,#1891,.F.);
#2083 = PLANE('',#2084);
#2084 = AXIS2_PLACEMENT_3D('',#2085,#2086,#2087);
#2085 = CARTESIAN_POINT('',(98.45967352775,-27.,445.70979035182));
#2086 = DIRECTION('',(-0.615661475326,0.,-0.788010753607));
#2087 = DIRECTION('',(0.788010753607,0.,-0.615661475326));
#2088 = ADVANCED_FACE('',(#2089),#2189,.T.);
#2089 = FACE_BOUND('',#2090,.T.);
#2090 = EDGE_LOOP('',(#2091,#2101,#2109,#2117,#2125,#2133,#2141,#2149,
    #2157,#2165,#2174,#2181,#2182));
#2091 = ORIENTED_EDGE('',*,*,#2092,.T.);
#2092 = EDGE_CURVE('',#2093,#2095,#2097,.T.);
#2093 = VERTEX_POINT('',#2094);
#2094 = CARTESIAN_POINT('',(135.99354757156,-22.5,413.84707762413));
#2095 = VERTEX_POINT('',#2096);
#2096 = CARTESIAN_POINT('',(144.56291231874,-22.5,407.15195611886));
#2097 = LINE('',#2098,#2099);
#2098 = CARTESIAN_POINT('',(144.9030011703,-22.5,406.8862495874));
#2099 = VECTOR('',#2100,1.);
#2100 = DIRECTION('',(0.788010753607,0.,-0.615661475326));
#2101 = ORIENTED_EDGE('',*,*,#2102,.T.);
#2102 = EDGE_CURVE('',#2095,#2103,#2105,.T.);
#2103 = VERTEX_POINT('',#2104);
#2104 = CARTESIAN_POINT('',(144.56291231874,17.,407.15195611886));
#2105 = LINE('',#2106,#2107);
#2106 = CARTESIAN_POINT('',(144.56291231874,-24.75,407.15195611886));
#2107 = VECTOR('',#2108,1.);
#2108 = DIRECTION('',(0.,1.,0.));
#2109 = ORIENTED_EDGE('',*,*,#2110,.F.);
#2110 = EDGE_CURVE('',#2111,#2103,#2113,.T.);
#2111 = VERTEX_POINT('',#2112);
#2112 = CARTESIAN_POINT('',(134.19731221773,17.,415.2504504879));
#2113 = LINE('',#2114,#2115);
#2114 = CARTESIAN_POINT('',(145.1264881207,17.,406.71164244534));
#2115 = VECTOR('',#2116,1.);
#2116 = DIRECTION('',(0.788010753607,0.,-0.615661475326));
#2117 = ORIENTED_EDGE('',*,*,#2118,.F.);
#2118 = EDGE_CURVE('',#2119,#2111,#2121,.T.);
#2119 = VERTEX_POINT('',#2120);
#2120 = CARTESIAN_POINT('',(134.19731221773,23.,415.2504504879));
#2121 = LINE('',#2122,#2123);
#2122 = CARTESIAN_POINT('',(134.19731221773,-5.,415.2504504879));
#2123 = VECTOR('',#2124,1.);
#2124 = DIRECTION('',(0.,-1.,0.));
#2125 = ORIENTED_EDGE('',*,*,#2126,.T.);
#2126 = EDGE_CURVE('',#2119,#2127,#2129,.T.);
#2127 = VERTEX_POINT('',#2128);
#2128 = CARTESIAN_POINT('',(146.08501730071,23.,405.96275737441));
#2129 = LINE('',#2130,#2131);
#2130 = CARTESIAN_POINT('',(145.1264881207,23.,406.71164244534));
#2131 = VECTOR('',#2132,1.);
#2132 = DIRECTION('',(0.788010753607,0.,-0.615661475326));
#2133 = ORIENTED_EDGE('',*,*,#2134,.T.);
#2134 = EDGE_CURVE('',#2127,#2135,#2137,.T.);
#2135 = VERTEX_POINT('',#2136);
#2136 = CARTESIAN_POINT('',(146.08501730071,27.,405.96275737441));
#2137 = LINE('',#2138,#2139);
#2138 = CARTESIAN_POINT('',(146.08501730071,-27.,405.96275737441));
#2139 = VECTOR('',#2140,1.);
#2140 = DIRECTION('',(-0.,1.,0.));
#2141 = ORIENTED_EDGE('',*,*,#2142,.T.);
#2142 = EDGE_CURVE('',#2135,#2143,#2145,.T.);
#2143 = VERTEX_POINT('',#2144);
#2144 = CARTESIAN_POINT('',(128.74878072136,27.,419.50730983158));
#2145 = LINE('',#2146,#2147);
#2146 = CARTESIAN_POINT('',(146.08501730071,27.,405.96275737441));
#2147 = VECTOR('',#2148,1.);
#2148 = DIRECTION('',(-0.788010753607,0.,0.615661475326));
#2149 = ORIENTED_EDGE('',*,*,#2150,.F.);
#2150 = EDGE_CURVE('',#2151,#2143,#2153,.T.);
#2151 = VERTEX_POINT('',#2152);
#2152 = CARTESIAN_POINT('',(128.74878072136,-22.5,419.50730983158));
#2153 = LINE('',#2154,#2155);
#2154 = CARTESIAN_POINT('',(128.74878072136,-27.,419.50730983158));
#2155 = VECTOR('',#2156,1.);
#2156 = DIRECTION('',(-0.,1.,0.));
#2157 = ORIENTED_EDGE('',*,*,#2158,.T.);
#2158 = EDGE_CURVE('',#2151,#2159,#2161,.T.);
#2159 = VERTEX_POINT('',#2160);
#2160 = CARTESIAN_POINT('',(132.53616442166,-22.5,416.54828138447));
#2161 = LINE('',#2162,#2163);
#2162 = CARTESIAN_POINT('',(144.9030011703,-22.5,406.8862495874));
#2163 = VECTOR('',#2164,1.);
#2164 = DIRECTION('',(0.788010753607,0.,-0.615661475326));
#2165 = ORIENTED_EDGE('',*,*,#2166,.T.);
#2166 = EDGE_CURVE('',#2159,#2167,#2169,.T.);
#2167 = VERTEX_POINT('',#2168);
#2168 = CARTESIAN_POINT('',(132.49183180099,-23.,416.58291782378));
#2169 = CIRCLE('',#2170,2.25);
#2170 = AXIS2_PLACEMENT_3D('',#2171,#2172,#2173);
#2171 = CARTESIAN_POINT('',(134.26485599661,-23.,415.1976795043));
#2172 = DIRECTION('',(0.615661475326,0.,0.788010753607));
#2173 = DIRECTION('',(-0.788010753607,0.,0.615661475326));
#2174 = ORIENTED_EDGE('',*,*,#2175,.T.);
#2175 = EDGE_CURVE('',#2167,#1949,#2176,.T.);
#2176 = CIRCLE('',#2177,2.25);
#2177 = AXIS2_PLACEMENT_3D('',#2178,#2179,#2180);
#2178 = CARTESIAN_POINT('',(134.26485599661,-23.,415.1976795043));
#2179 = DIRECTION('',(0.615661475326,0.,0.788010753607));
#2180 = DIRECTION('',(-0.788010753607,0.,0.615661475326));
#2181 = ORIENTED_EDGE('',*,*,#1948,.T.);
#2182 = ORIENTED_EDGE('',*,*,#2183,.T.);
#2183 = EDGE_CURVE('',#1941,#2093,#2184,.T.);
#2184 = CIRCLE('',#2185,2.25);
#2185 = AXIS2_PLACEMENT_3D('',#2186,#2187,#2188);
#2186 = CARTESIAN_POINT('',(134.26485599661,-23.,415.1976795043));
#2187 = DIRECTION('',(0.615661475326,0.,0.788010753607));
#2188 = DIRECTION('',(-0.788010753607,0.,0.615661475326));
#2189 = PLANE('',#2190);
#2190 = AXIS2_PLACEMENT_3D('',#2191,#2192,#2193);
#2191 = CARTESIAN_POINT('',(146.08501730071,-27.,405.96275737441));
#2192 = DIRECTION('',(0.615661475326,0.,0.788010753607));
#2193 = DIRECTION('',(-0.788010753607,0.,0.615661475326));
#2194 = ADVANCED_FACE('',(#2195),#2229,.F.);
#2195 = FACE_BOUND('',#2196,.F.);
#2196 = EDGE_LOOP('',(#2197,#2207,#2215,#2223));
#2197 = ORIENTED_EDGE('',*,*,#2198,.F.);
#2198 = EDGE_CURVE('',#2199,#2201,#2203,.T.);
#2199 = VERTEX_POINT('',#2200);
#2200 = CARTESIAN_POINT('',(141.42930812434,17.,399.44805031453));
#2201 = VERTEX_POINT('',#2202);
#2202 = CARTESIAN_POINT('',(144.97535651557,17.,396.67757367556));
#2203 = LINE('',#2204,#2205);
#2204 = CARTESIAN_POINT('',(128.5515534404,17.,409.50925495077));
#2205 = VECTOR('',#2206,1.);
#2206 = DIRECTION('',(0.788010753607,0.,-0.615661475326));
#2207 = ORIENTED_EDGE('',*,*,#2208,.F.);
#2208 = EDGE_CURVE('',#2209,#2199,#2211,.T.);
#2209 = VERTEX_POINT('',#2210);
#2210 = CARTESIAN_POINT('',(141.42930812434,22.5,399.44805031453));
#2211 = LINE('',#2212,#2213);
#2212 = CARTESIAN_POINT('',(141.42930812434,-2.75,399.44805031453));
#2213 = VECTOR('',#2214,1.);
#2214 = DIRECTION('',(0.,-1.,0.));
#2215 = ORIENTED_EDGE('',*,*,#2216,.F.);
#2216 = EDGE_CURVE('',#2217,#2209,#2219,.T.);
#2217 = VERTEX_POINT('',#2218);
#2218 = CARTESIAN_POINT('',(144.97535651557,22.5,396.67757367556));
#2219 = LINE('',#2220,#2221);
#2220 = CARTESIAN_POINT('',(133.67362333884,22.5,405.50745536115));
#2221 = VECTOR('',#2222,1.);
#2222 = DIRECTION('',(-0.788010753607,0.,0.615661475326));
#2223 = ORIENTED_EDGE('',*,*,#2224,.T.);
#2224 = EDGE_CURVE('',#2217,#2201,#2225,.T.);
#2225 = LINE('',#2226,#2227);
#2226 = CARTESIAN_POINT('',(144.97535651557,-5.,396.67757367556));
#2227 = VECTOR('',#2228,1.);
#2228 = DIRECTION('',(0.,-1.,0.));
#2229 = PLANE('',#2230);
#2230 = AXIS2_PLACEMENT_3D('',#2231,#2232,#2233);
#2231 = CARTESIAN_POINT('',(128.5515534404,17.,409.50925495077));
#2232 = DIRECTION('',(-0.615661475326,0.,-0.788010753607));
#2233 = DIRECTION('',(0.788010753607,0.,-0.615661475326));
#2234 = ADVANCED_FACE('',(#2235,#2308),#2319,.F.);
#2235 = FACE_BOUND('',#2236,.F.);
#2236 = EDGE_LOOP('',(#2237,#2248,#2256,#2264,#2272,#2278,#2279,#2287,
    #2295,#2301,#2302));
#2237 = ORIENTED_EDGE('',*,*,#2238,.T.);
#2238 = EDGE_CURVE('',#2239,#2241,#2243,.T.);
#2239 = VERTEX_POINT('',#2240);
#2240 = CARTESIAN_POINT('',(133.56121198948,17.,414.60359752524));
#2241 = VERTEX_POINT('',#2242);
#2242 = CARTESIAN_POINT('',(130.50810611435,17.,411.49888148688));
#2243 = CIRCLE('',#2244,2.25);
#2244 = AXIS2_PLACEMENT_3D('',#2245,#2246,#2247);
#2245 = CARTESIAN_POINT('',(131.62986081703,17.,413.4493087188));
#2246 = DIRECTION('',(0.,1.,-0.));
#2247 = DIRECTION('',(-0.788010753607,0.,0.615661475326));
#2248 = ORIENTED_EDGE('',*,*,#2249,.T.);
#2249 = EDGE_CURVE('',#2241,#2250,#2252,.T.);
#2250 = VERTEX_POINT('',#2251);
#2251 = CARTESIAN_POINT('',(128.5515534404,17.,409.50925495077));
#2252 = LINE('',#2253,#2254);
#2253 = CARTESIAN_POINT('',(153.25174809122,17.,434.6269854257));
#2254 = VECTOR('',#2255,1.);
#2255 = DIRECTION('',(-0.701155725902,0.,-0.713008168281));
#2256 = ORIENTED_EDGE('',*,*,#2257,.T.);
#2257 = EDGE_CURVE('',#2250,#2258,#2260,.T.);
#2258 = VERTEX_POINT('',#2259);
#2259 = CARTESIAN_POINT('',(141.15972549811,17.,399.65867134556));
#2260 = LINE('',#2261,#2262);
#2261 = CARTESIAN_POINT('',(128.5515534404,17.,409.50925495077));
#2262 = VECTOR('',#2263,1.);
#2263 = DIRECTION('',(0.788010753607,0.,-0.615661475326));
#2264 = ORIENTED_EDGE('',*,*,#2265,.T.);
#2265 = EDGE_CURVE('',#2258,#2266,#2268,.T.);
#2266 = VERTEX_POINT('',#2267);
#2267 = CARTESIAN_POINT('',(141.90079949618,17.,400.60720280823));
#2268 = LINE('',#2269,#2270);
#2269 = CARTESIAN_POINT('',(145.59873053124,17.,405.34033869298));
#2270 = VECTOR('',#2271,1.);
#2271 = DIRECTION('',(0.615661475326,0.,0.788010753607));
#2272 = ORIENTED_EDGE('',*,*,#2273,.F.);
#2273 = EDGE_CURVE('',#2199,#2266,#2274,.T.);
#2274 = LINE('',#2275,#2276);
#2275 = CARTESIAN_POINT('',(146.50628746816,17.,411.9297066466));
#2276 = VECTOR('',#2277,1.);
#2277 = DIRECTION('',(0.376778733993,0.,0.926303290295));
#2278 = ORIENTED_EDGE('',*,*,#2198,.T.);
#2279 = ORIENTED_EDGE('',*,*,#2280,.T.);
#2280 = EDGE_CURVE('',#2201,#2281,#2283,.T.);
#2281 = VERTEX_POINT('',#2282);
#2282 = CARTESIAN_POINT('',(148.89236175858,17.,406.30745593097));
#2283 = LINE('',#2284,#2285);
#2284 = CARTESIAN_POINT('',(150.28409735732,17.,409.72901120475));
#2285 = VECTOR('',#2286,1.);
#2286 = DIRECTION('',(0.376778733993,0.,0.926303290295));
#2287 = ORIENTED_EDGE('',*,*,#2288,.T.);
#2288 = EDGE_CURVE('',#2281,#2289,#2291,.T.);
#2289 = VERTEX_POINT('',#2290);
#2290 = CARTESIAN_POINT('',(145.34631336735,17.,409.07793256994));
#2291 = LINE('',#2292,#2293);
#2292 = CARTESIAN_POINT('',(121.92947770954,17.,427.37316968765));
#2293 = VECTOR('',#2294,1.);
#2294 = DIRECTION('',(-0.788010753607,0.,0.615661475326));
#2295 = ORIENTED_EDGE('',*,*,#2296,.F.);
#2296 = EDGE_CURVE('',#2103,#2289,#2297,.T.);
#2297 = LINE('',#2298,#2299);
#2298 = CARTESIAN_POINT('',(146.50628746816,17.,411.9297066466));
#2299 = VECTOR('',#2300,1.);
#2300 = DIRECTION('',(0.376778733993,0.,0.926303290295));
#2301 = ORIENTED_EDGE('',*,*,#2110,.F.);
#2302 = ORIENTED_EDGE('',*,*,#2303,.T.);
#2303 = EDGE_CURVE('',#2111,#2239,#2304,.T.);
#2304 = LINE('',#2305,#2306);
#2305 = CARTESIAN_POINT('',(153.25174809122,17.,434.6269854257));
#2306 = VECTOR('',#2307,1.);
#2307 = DIRECTION('',(-0.701155725902,0.,-0.713008168281));
#2308 = FACE_BOUND('',#2309,.F.);
#2309 = EDGE_LOOP('',(#2310));
#2310 = ORIENTED_EDGE('',*,*,#2311,.T.);
#2311 = EDGE_CURVE('',#2312,#2312,#2314,.T.);
#2312 = VERTEX_POINT('',#2313);
#2313 = CARTESIAN_POINT('',(139.31296566469,17.,407.44660933438));
#2314 = CIRCLE('',#2315,2.25);
#2315 = AXIS2_PLACEMENT_3D('',#2316,#2317,#2318);
#2316 = CARTESIAN_POINT('',(141.08598986031,17.,406.0613710149));
#2317 = DIRECTION('',(0.,1.,-0.));
#2318 = DIRECTION('',(-0.788010753607,0.,0.615661475326));
#2319 = PLANE('',#2320);
#2320 = AXIS2_PLACEMENT_3D('',#2321,#2322,#2323);
#2321 = CARTESIAN_POINT('',(149.352000155,17.,414.09579768947));
#2322 = DIRECTION('',(0.,-1.,-0.));
#2323 = DIRECTION('',(0.788010753607,0.,-0.615661475326));
#2324 = ADVANCED_FACE('',(#2325),#2344,.F.);
#2325 = FACE_BOUND('',#2326,.F.);
#2326 = EDGE_LOOP('',(#2327,#2328,#2329,#2337));
#2327 = ORIENTED_EDGE('',*,*,#1940,.F.);
#2328 = ORIENTED_EDGE('',*,*,#2183,.T.);
#2329 = ORIENTED_EDGE('',*,*,#2330,.T.);
#2330 = EDGE_CURVE('',#2093,#2331,#2333,.T.);
#2331 = VERTEX_POINT('',#2332);
#2332 = CARTESIAN_POINT('',(137.22487052221,-22.5,415.42309913134));
#2333 = LINE('',#2334,#2335);
#2334 = CARTESIAN_POINT('',(133.53090167025,-22.5,410.6950346097));
#2335 = VECTOR('',#2336,1.);
#2336 = DIRECTION('',(0.615661475326,0.,0.788010753607));
#2337 = ORIENTED_EDGE('',*,*,#2338,.F.);
#2338 = EDGE_CURVE('',#1933,#2331,#2339,.T.);
#2339 = CIRCLE('',#2340,2.25);
#2340 = AXIS2_PLACEMENT_3D('',#2341,#2342,#2343);
#2341 = CARTESIAN_POINT('',(135.49617894726,-23.,416.77370101151));
#2342 = DIRECTION('',(0.615661475326,0.,0.788010753607));
#2343 = DIRECTION('',(-0.788010753607,0.,0.615661475326));
#2344 = CYLINDRICAL_SURFACE('',#2345,2.25);
#2345 = AXIS2_PLACEMENT_3D('',#2346,#2347,#2348);
#2346 = CARTESIAN_POINT('',(131.80221009531,-23.,412.04563648987));
#2347 = DIRECTION('',(0.615661475326,0.,0.788010753607));
#2348 = DIRECTION('',(-0.788010753607,0.,0.615661475326));
#2349 = ADVANCED_FACE('',(#2350),#2375,.F.);
#2350 = FACE_BOUND('',#2351,.F.);
#2351 = EDGE_LOOP('',(#2352,#2358,#2359,#2360,#2368,#2374));
#2352 = ORIENTED_EDGE('',*,*,#2353,.F.);
#2353 = EDGE_CURVE('',#1925,#2281,#2354,.T.);
#2354 = LINE('',#2355,#2356);
#2355 = CARTESIAN_POINT('',(148.89236175858,-27.,406.30745593097));
#2356 = VECTOR('',#2357,1.);
#2357 = DIRECTION('',(0.,1.,0.));
#2358 = ORIENTED_EDGE('',*,*,#1932,.T.);
#2359 = ORIENTED_EDGE('',*,*,#2338,.T.);
#2360 = ORIENTED_EDGE('',*,*,#2361,.T.);
#2361 = EDGE_CURVE('',#2331,#2362,#2364,.T.);
#2362 = VERTEX_POINT('',#2363);
#2363 = CARTESIAN_POINT('',(145.34631336735,-22.5,409.07793256994));
#2364 = LINE('',#2365,#2366);
#2365 = CARTESIAN_POINT('',(102.00572191898,-22.5,442.93931371285));
#2366 = VECTOR('',#2367,1.);
#2367 = DIRECTION('',(0.788010753607,0.,-0.615661475326));
#2368 = ORIENTED_EDGE('',*,*,#2369,.T.);
#2369 = EDGE_CURVE('',#2362,#2289,#2370,.T.);
#2370 = LINE('',#2371,#2372);
#2371 = CARTESIAN_POINT('',(145.34631336735,-22.5,409.07793256994));
#2372 = VECTOR('',#2373,1.);
#2373 = DIRECTION('',(0.,1.,0.));
#2374 = ORIENTED_EDGE('',*,*,#2288,.F.);
#2375 = PLANE('',#2376);
#2376 = AXIS2_PLACEMENT_3D('',#2377,#2378,#2379);
#2377 = CARTESIAN_POINT('',(98.45967352775,-27.,445.70979035182));
#2378 = DIRECTION('',(-0.615661475326,0.,-0.788010753607));
#2379 = DIRECTION('',(0.788010753607,0.,-0.615661475326));
#2380 = ADVANCED_FACE('',(#2381,#2400),#2426,.F.);
#2381 = FACE_BOUND('',#2382,.F.);
#2382 = EDGE_LOOP('',(#2383,#2384,#2392,#2399));
#2383 = ORIENTED_EDGE('',*,*,#1972,.T.);
#2384 = ORIENTED_EDGE('',*,*,#2385,.T.);
#2385 = EDGE_CURVE('',#1973,#2386,#2388,.T.);
#2386 = VERTEX_POINT('',#2387);
#2387 = CARTESIAN_POINT('',(129.85683662141,27.,414.83454703829));
#2388 = LINE('',#2389,#2390);
#2389 = CARTESIAN_POINT('',(129.85683662141,-27.,414.83454703829));
#2390 = VECTOR('',#2391,1.);
#2391 = DIRECTION('',(0.,1.,0.));
#2392 = ORIENTED_EDGE('',*,*,#2393,.F.);
#2393 = EDGE_CURVE('',#2386,#2386,#2394,.T.);
#2394 = CIRCLE('',#2395,2.25);
#2395 = AXIS2_PLACEMENT_3D('',#2396,#2397,#2398);
#2396 = CARTESIAN_POINT('',(131.62986081703,27.,413.4493087188));
#2397 = DIRECTION('',(0.,1.,-0.));
#2398 = DIRECTION('',(-0.788010753607,0.,0.615661475326));
#2399 = ORIENTED_EDGE('',*,*,#2385,.F.);
#2400 = FACE_BOUND('',#2401,.F.);
#2401 = EDGE_LOOP('',(#2402,#2403,#2411,#2420));
#2402 = ORIENTED_EDGE('',*,*,#2238,.F.);
#2403 = ORIENTED_EDGE('',*,*,#2404,.T.);
#2404 = EDGE_CURVE('',#2239,#2405,#2407,.T.);
#2405 = VERTEX_POINT('',#2406);
#2406 = CARTESIAN_POINT('',(133.56121198948,23.,414.60359752524));
#2407 = LINE('',#2408,#2409);
#2408 = CARTESIAN_POINT('',(133.56121198948,17.,414.60359752524));
#2409 = VECTOR('',#2410,1.);
#2410 = DIRECTION('',(0.,1.,0.));
#2411 = ORIENTED_EDGE('',*,*,#2412,.T.);
#2412 = EDGE_CURVE('',#2405,#2413,#2415,.T.);
#2413 = VERTEX_POINT('',#2414);
#2414 = CARTESIAN_POINT('',(130.50810611435,23.,411.49888148688));
#2415 = CIRCLE('',#2416,2.25);
#2416 = AXIS2_PLACEMENT_3D('',#2417,#2418,#2419);
#2417 = CARTESIAN_POINT('',(131.62986081703,23.,413.4493087188));
#2418 = DIRECTION('',(0.,1.,-0.));
#2419 = DIRECTION('',(-0.788010753607,0.,0.615661475326));
#2420 = ORIENTED_EDGE('',*,*,#2421,.F.);
#2421 = EDGE_CURVE('',#2241,#2413,#2422,.T.);
#2422 = LINE('',#2423,#2424);
#2423 = CARTESIAN_POINT('',(130.50810611435,17.,411.49888148688));
#2424 = VECTOR('',#2425,1.);
#2425 = DIRECTION('',(0.,1.,0.));
#2426 = CYLINDRICAL_SURFACE('',#2427,2.25);
#2427 = AXIS2_PLACEMENT_3D('',#2428,#2429,#2430);
#2428 = CARTESIAN_POINT('',(131.62986081703,-27.,413.4493087188));
#2429 = DIRECTION('',(0.,1.,0.));
#2430 = DIRECTION('',(-0.788010753607,0.,0.615661475326));
#2431 = ADVANCED_FACE('',(#2432),#2443,.F.);
#2432 = FACE_BOUND('',#2433,.F.);
#2433 = EDGE_LOOP('',(#2434,#2435,#2441,#2442));
#2434 = ORIENTED_EDGE('',*,*,#1983,.T.);
#2435 = ORIENTED_EDGE('',*,*,#2436,.T.);
#2436 = EDGE_CURVE('',#1984,#2312,#2437,.T.);
#2437 = LINE('',#2438,#2439);
#2438 = CARTESIAN_POINT('',(139.31296566469,-27.,407.44660933438));
#2439 = VECTOR('',#2440,1.);
#2440 = DIRECTION('',(0.,1.,0.));
#2441 = ORIENTED_EDGE('',*,*,#2311,.F.);
#2442 = ORIENTED_EDGE('',*,*,#2436,.F.);
#2443 = CYLINDRICAL_SURFACE('',#2444,2.25);
#2444 = AXIS2_PLACEMENT_3D('',#2445,#2446,#2447);
#2445 = CARTESIAN_POINT('',(141.08598986031,-27.,406.0613710149));
#2446 = DIRECTION('',(0.,1.,0.));
#2447 = DIRECTION('',(-0.788010753607,0.,0.615661475326));
#2448 = ADVANCED_FACE('',(#2449),#2481,.T.);
#2449 = FACE_BOUND('',#2450,.T.);
#2450 = EDGE_LOOP('',(#2451,#2461,#2467,#2468,#2474,#2475));
#2451 = ORIENTED_EDGE('',*,*,#2452,.F.);
#2452 = EDGE_CURVE('',#2453,#2455,#2457,.T.);
#2453 = VERTEX_POINT('',#2454);
#2454 = CARTESIAN_POINT('',(111.42973275036,-22.5,431.13490575349));
#2455 = VERTEX_POINT('',#2456);
#2456 = CARTESIAN_POINT('',(127.82528850837,-22.5,418.32529370117));
#2457 = LINE('',#2458,#2459);
#2458 = CARTESIAN_POINT('',(169.19585307273,-22.5,386.00306624657));
#2459 = VECTOR('',#2460,1.);
#2460 = DIRECTION('',(0.788010753607,0.,-0.615661475326));
#2461 = ORIENTED_EDGE('',*,*,#2462,.T.);
#2462 = EDGE_CURVE('',#2453,#2050,#2463,.T.);
#2463 = LINE('',#2464,#2465);
#2464 = CARTESIAN_POINT('',(109.89057906205,-22.5,429.16487886947));
#2465 = VECTOR('',#2466,1.);
#2466 = DIRECTION('',(0.615661475326,0.,0.788010753607));
#2467 = ORIENTED_EDGE('',*,*,#2058,.T.);
#2468 = ORIENTED_EDGE('',*,*,#2469,.F.);
#2469 = EDGE_CURVE('',#2159,#2059,#2470,.T.);
#2470 = LINE('',#2471,#2472);
#2471 = CARTESIAN_POINT('',(130.07351852036,-22.5,413.39623837004));
#2472 = VECTOR('',#2473,1.);
#2473 = DIRECTION('',(0.615661475326,0.,0.788010753607));
#2474 = ORIENTED_EDGE('',*,*,#2158,.F.);
#2475 = ORIENTED_EDGE('',*,*,#2476,.F.);
#2476 = EDGE_CURVE('',#2455,#2151,#2477,.T.);
#2477 = LINE('',#2478,#2479);
#2478 = CARTESIAN_POINT('',(97.042214742096,-22.5,378.92475602083));
#2479 = VECTOR('',#2480,1.);
#2480 = DIRECTION('',(0.615661475326,0.,0.788010753607));
#2481 = PLANE('',#2482);
#2482 = AXIS2_PLACEMENT_3D('',#2483,#2484,#2485);
#2483 = CARTESIAN_POINT('',(86.464467834609,-22.5,334.52474171496));
#2484 = DIRECTION('',(0.,1.,0.));
#2485 = DIRECTION('',(-0.788010753607,0.,0.615661475326));
#2486 = ADVANCED_FACE('',(#2487),#2523,.F.);
#2487 = FACE_BOUND('',#2488,.F.);
#2488 = EDGE_LOOP('',(#2489,#2497,#2498,#2506,#2513,#2514,#2515,#2516));
#2489 = ORIENTED_EDGE('',*,*,#2490,.T.);
#2490 = EDGE_CURVE('',#2491,#2041,#2493,.T.);
#2491 = VERTEX_POINT('',#2492);
#2492 = CARTESIAN_POINT('',(106.38886329149,-23.,431.90071906912));
#2493 = LINE('',#2494,#2495);
#2494 = CARTESIAN_POINT('',(106.38886329149,-23.,431.90071906912));
#2495 = VECTOR('',#2496,1.);
#2496 = DIRECTION('',(0.615661475326,0.,0.788010753607));
#2497 = ORIENTED_EDGE('',*,*,#2040,.F.);
#2498 = ORIENTED_EDGE('',*,*,#2499,.F.);
#2499 = EDGE_CURVE('',#2500,#2033,#2502,.T.);
#2500 = VERTEX_POINT('',#2501);
#2501 = CARTESIAN_POINT('',(107.97234960047,-22.5,433.83610951383));
#2502 = LINE('',#2503,#2504);
#2503 = CARTESIAN_POINT('',(106.43319591216,-22.5,431.86608262981));
#2504 = VECTOR('',#2505,1.);
#2505 = DIRECTION('',(0.615661475326,0.,0.788010753607));
#2506 = ORIENTED_EDGE('',*,*,#2507,.F.);
#2507 = EDGE_CURVE('',#2453,#2500,#2508,.T.);
#2508 = CIRCLE('',#2509,2.25);
#2509 = AXIS2_PLACEMENT_3D('',#2510,#2511,#2512);
#2510 = CARTESIAN_POINT('',(109.70104117542,-23.,432.48550763366));
#2511 = DIRECTION('',(0.615661475326,0.,0.788010753607));
#2512 = DIRECTION('',(-0.788010753607,0.,0.615661475326));
#2513 = ORIENTED_EDGE('',*,*,#2462,.T.);
#2514 = ORIENTED_EDGE('',*,*,#2049,.F.);
#2515 = ORIENTED_EDGE('',*,*,#2490,.F.);
#2516 = ORIENTED_EDGE('',*,*,#2517,.T.);
#2517 = EDGE_CURVE('',#2491,#2491,#2518,.T.);
#2518 = CIRCLE('',#2519,2.25);
#2519 = AXIS2_PLACEMENT_3D('',#2520,#2521,#2522);
#2520 = CARTESIAN_POINT('',(108.16188748711,-23.,430.51548074964));
#2521 = DIRECTION('',(0.615661475326,0.,0.788010753607));
#2522 = DIRECTION('',(-0.788010753607,0.,0.615661475326));
#2523 = CYLINDRICAL_SURFACE('',#2524,2.25);
#2524 = AXIS2_PLACEMENT_3D('',#2525,#2526,#2527);
#2525 = CARTESIAN_POINT('',(108.16188748711,-23.,430.51548074964));
#2526 = DIRECTION('',(0.615661475326,0.,0.788010753607));
#2527 = DIRECTION('',(-0.788010753607,0.,0.615661475326));
#2528 = ADVANCED_FACE('',(#2529),#2547,.T.);
#2529 = FACE_BOUND('',#2530,.T.);
#2530 = EDGE_LOOP('',(#2531,#2539,#2545,#2546));
#2531 = ORIENTED_EDGE('',*,*,#2532,.F.);
#2532 = EDGE_CURVE('',#2533,#2500,#2535,.T.);
#2533 = VERTEX_POINT('',#2534);
#2534 = CARTESIAN_POINT('',(100.63477008392,-22.5,439.56885492346));
#2535 = LINE('',#2536,#2537);
#2536 = CARTESIAN_POINT('',(169.19585307273,-22.5,386.00306624657));
#2537 = VECTOR('',#2538,1.);
#2538 = DIRECTION('',(0.788010753607,0.,-0.615661475326));
#2539 = ORIENTED_EDGE('',*,*,#2540,.T.);
#2540 = EDGE_CURVE('',#2533,#2025,#2541,.T.);
#2541 = LINE('',#2542,#2543);
#2542 = CARTESIAN_POINT('',(86.337700946956,-22.5,404.4197846912));
#2543 = VECTOR('',#2544,1.);
#2544 = DIRECTION('',(0.376778733993,0.,0.926303290295));
#2545 = ORIENTED_EDGE('',*,*,#2032,.T.);
#2546 = ORIENTED_EDGE('',*,*,#2499,.F.);
#2547 = PLANE('',#2548);
#2548 = AXIS2_PLACEMENT_3D('',#2549,#2550,#2551);
#2549 = CARTESIAN_POINT('',(86.464467834609,-22.5,334.52474171496));
#2550 = DIRECTION('',(0.,1.,0.));
#2551 = DIRECTION('',(-0.788010753607,0.,0.615661475326));
#2552 = ADVANCED_FACE('',(#2553),#2571,.T.);
#2553 = FACE_BOUND('',#2554,.T.);
#2554 = EDGE_LOOP('',(#2555,#2556,#2564,#2570));
#2555 = ORIENTED_EDGE('',*,*,#2540,.F.);
#2556 = ORIENTED_EDGE('',*,*,#2557,.F.);
#2557 = EDGE_CURVE('',#2558,#2533,#2560,.T.);
#2558 = VERTEX_POINT('',#2559);
#2559 = CARTESIAN_POINT('',(100.63477008392,22.5,439.56885492346));
#2560 = LINE('',#2561,#2562);
#2561 = CARTESIAN_POINT('',(100.63477008392,-24.75,439.56885492346));
#2562 = VECTOR('',#2563,1.);
#2563 = DIRECTION('',(0.,-1.,0.));
#2564 = ORIENTED_EDGE('',*,*,#2565,.F.);
#2565 = EDGE_CURVE('',#2017,#2558,#2566,.T.);
#2566 = LINE('',#2567,#2568);
#2567 = CARTESIAN_POINT('',(74.149616263524,22.5,374.45561228422));
#2568 = VECTOR('',#2569,1.);
#2569 = DIRECTION('',(-0.376778733993,0.,-0.926303290295));
#2570 = ORIENTED_EDGE('',*,*,#2024,.F.);
#2571 = PLANE('',#2572);
#2572 = AXIS2_PLACEMENT_3D('',#2573,#2574,#2575);
#2573 = CARTESIAN_POINT('',(86.337700946956,-22.5,404.4197846912));
#2574 = DIRECTION('',(0.926303290295,0.,-0.376778733993));
#2575 = DIRECTION('',(0.376778733993,0.,0.926303290295));
#2576 = ADVANCED_FACE('',(#2577),#2588,.F.);
#2577 = FACE_BOUND('',#2578,.F.);
#2578 = EDGE_LOOP('',(#2579,#2580,#2581,#2587));
#2579 = ORIENTED_EDGE('',*,*,#2303,.F.);
#2580 = ORIENTED_EDGE('',*,*,#2118,.F.);
#2581 = ORIENTED_EDGE('',*,*,#2582,.T.);
#2582 = EDGE_CURVE('',#2119,#2405,#2583,.T.);
#2583 = LINE('',#2584,#2585);
#2584 = CARTESIAN_POINT('',(153.25174809122,23.,434.6269854257));
#2585 = VECTOR('',#2586,1.);
#2586 = DIRECTION('',(-0.701155725902,0.,-0.713008168281));
#2587 = ORIENTED_EDGE('',*,*,#2404,.F.);
#2588 = PLANE('',#2589);
#2589 = AXIS2_PLACEMENT_3D('',#2590,#2591,#2592);
#2590 = CARTESIAN_POINT('',(153.25174809122,17.,434.6269854257));
#2591 = DIRECTION('',(-0.713008168281,0.,0.701155725902));
#2592 = DIRECTION('',(-0.701155725902,0.,-0.713008168281));
#2593 = ADVANCED_FACE('',(#2594),#2605,.T.);
#2594 = FACE_BOUND('',#2595,.T.);
#2595 = EDGE_LOOP('',(#2596,#2602,#2603,#2604));
#2596 = ORIENTED_EDGE('',*,*,#2597,.F.);
#2597 = EDGE_CURVE('',#2362,#2095,#2598,.T.);
#2598 = LINE('',#2599,#2600);
#2599 = CARTESIAN_POINT('',(145.34631336735,-22.5,409.07793256994));
#2600 = VECTOR('',#2601,1.);
#2601 = DIRECTION('',(-0.376778733993,0.,-0.926303290295));
#2602 = ORIENTED_EDGE('',*,*,#2369,.T.);
#2603 = ORIENTED_EDGE('',*,*,#2296,.F.);
#2604 = ORIENTED_EDGE('',*,*,#2102,.F.);
#2605 = PLANE('',#2606);
#2606 = AXIS2_PLACEMENT_3D('',#2607,#2608,#2609);
#2607 = CARTESIAN_POINT('',(145.34631336735,-22.5,409.07793256994));
#2608 = DIRECTION('',(-0.926303290295,0.,0.376778733993));
#2609 = DIRECTION('',(-0.376778733993,0.,-0.926303290295));
#2610 = ADVANCED_FACE('',(#2611),#2659,.F.);
#2611 = FACE_BOUND('',#2612,.F.);
#2612 = EDGE_LOOP('',(#2613,#2623,#2631,#2637,#2638,#2646,#2652,#2653));
#2613 = ORIENTED_EDGE('',*,*,#2614,.F.);
#2614 = EDGE_CURVE('',#2615,#2617,#2619,.T.);
#2615 = VERTEX_POINT('',#2616);
#2616 = CARTESIAN_POINT('',(139.92840254745,-22.5,398.08264983835));
#2617 = VERTEX_POINT('',#2618);
#2618 = CARTESIAN_POINT('',(139.92840254745,27.,398.08264983835));
#2619 = LINE('',#2620,#2621);
#2620 = CARTESIAN_POINT('',(139.92840254745,-27.,398.08264983835));
#2621 = VECTOR('',#2622,1.);
#2622 = DIRECTION('',(-0.,1.,0.));
#2623 = ORIENTED_EDGE('',*,*,#2624,.T.);
#2624 = EDGE_CURVE('',#2615,#2625,#2627,.T.);
#2625 = VERTEX_POINT('',#2626);
#2626 = CARTESIAN_POINT('',(141.90079949618,-22.5,400.60720280823));
#2627 = LINE('',#2628,#2629);
#2628 = CARTESIAN_POINT('',(114.37845132144,-22.5,365.38020356367));
#2629 = VECTOR('',#2630,1.);
#2630 = DIRECTION('',(0.615661475326,0.,0.788010753607));
#2631 = ORIENTED_EDGE('',*,*,#2632,.T.);
#2632 = EDGE_CURVE('',#2625,#2266,#2633,.T.);
#2633 = LINE('',#2634,#2635);
#2634 = CARTESIAN_POINT('',(141.90079949618,-24.75,400.60720280823));
#2635 = VECTOR('',#2636,1.);
#2636 = DIRECTION('',(0.,1.,0.));
#2637 = ORIENTED_EDGE('',*,*,#2265,.F.);
#2638 = ORIENTED_EDGE('',*,*,#2639,.F.);
#2639 = EDGE_CURVE('',#2640,#2258,#2642,.T.);
#2640 = VERTEX_POINT('',#2641);
#2641 = CARTESIAN_POINT('',(141.15972549811,23.,399.65867134556));
#2642 = LINE('',#2643,#2644);
#2643 = CARTESIAN_POINT('',(141.15972549811,-5.,399.65867134556));
#2644 = VECTOR('',#2645,1.);
#2645 = DIRECTION('',(0.,-1.,0.));
#2646 = ORIENTED_EDGE('',*,*,#2647,.T.);
#2647 = EDGE_CURVE('',#2640,#2127,#2648,.T.);
#2648 = LINE('',#2649,#2650);
#2649 = CARTESIAN_POINT('',(145.59873053124,23.,405.34033869298));
#2650 = VECTOR('',#2651,1.);
#2651 = DIRECTION('',(0.615661475326,0.,0.788010753607));
#2652 = ORIENTED_EDGE('',*,*,#2134,.T.);
#2653 = ORIENTED_EDGE('',*,*,#2654,.F.);
#2654 = EDGE_CURVE('',#2617,#2135,#2655,.T.);
#2655 = LINE('',#2656,#2657);
#2656 = CARTESIAN_POINT('',(139.92840254745,27.,398.08264983835));
#2657 = VECTOR('',#2658,1.);
#2658 = DIRECTION('',(0.615661475326,0.,0.788010753607));
#2659 = PLANE('',#2660);
#2660 = AXIS2_PLACEMENT_3D('',#2661,#2662,#2663);
#2661 = CARTESIAN_POINT('',(139.92840254745,-27.,398.08264983835));
#2662 = DIRECTION('',(-0.788010753607,0.,0.615661475326));
#2663 = DIRECTION('',(0.615661475326,0.,0.788010753607));
#2664 = ADVANCED_FACE('',(#2665),#2757,.T.);
#2665 = FACE_BOUND('',#2666,.T.);
#2666 = EDGE_LOOP('',(#2667,#2677,#2685,#2693,#2702,#2711,#2719,#2727,
    #2735,#2744,#2750,#2751));
#2667 = ORIENTED_EDGE('',*,*,#2668,.F.);
#2668 = EDGE_CURVE('',#2669,#2671,#2673,.T.);
#2669 = VERTEX_POINT('',#2670);
#2670 = CARTESIAN_POINT('',(80.266342820297,-22.5,389.4934671953));
#2671 = VERTEX_POINT('',#2672);
#2672 = CARTESIAN_POINT('',(123.60693426866,-22.5,355.63208605239));
#2673 = LINE('',#2674,#2675);
#2674 = CARTESIAN_POINT('',(137.18145635579,-22.5,345.02650705902));
#2675 = VECTOR('',#2676,1.);
#2676 = DIRECTION('',(0.788010753607,0.,-0.615661475326));
#2677 = ORIENTED_EDGE('',*,*,#2678,.T.);
#2678 = EDGE_CURVE('',#2669,#2679,#2681,.T.);
#2679 = VERTEX_POINT('',#2680);
#2680 = CARTESIAN_POINT('',(98.872117724575,-22.5,435.23540790852));
#2681 = LINE('',#2682,#2683);
#2682 = CARTESIAN_POINT('',(58.918664245915,-22.5,337.0106089033));
#2683 = VECTOR('',#2684,1.);
#2684 = DIRECTION('',(0.376778733993,0.,0.926303290295));
#2685 = ORIENTED_EDGE('',*,*,#2686,.T.);
#2686 = EDGE_CURVE('',#2679,#2687,#2689,.T.);
#2687 = VERTEX_POINT('',#2688);
#2688 = CARTESIAN_POINT('',(100.47752586945,-22.5,433.98112560025));
#2689 = LINE('',#2690,#2691);
#2690 = CARTESIAN_POINT('',(166.42537643376,-22.5,382.45701785534));
#2691 = VECTOR('',#2692,1.);
#2692 = DIRECTION('',(0.788010753607,0.,-0.615661475326));
#2693 = ORIENTED_EDGE('',*,*,#2694,.F.);
#2694 = EDGE_CURVE('',#2695,#2687,#2697,.T.);
#2695 = VERTEX_POINT('',#2696);
#2696 = CARTESIAN_POINT('',(98.876727429581,-22.5,432.69376998211));
#2697 = CIRCLE('',#2698,4.5);
#2698 = AXIS2_PLACEMENT_3D('',#2699,#2700,#2701);
#2699 = CARTESIAN_POINT('',(102.42277582081,-22.5,429.92329334315));
#2700 = DIRECTION('',(0.,1.,-0.));
#2701 = DIRECTION('',(-0.788010753607,0.,0.615661475326));
#2702 = ORIENTED_EDGE('',*,*,#2703,.F.);
#2703 = EDGE_CURVE('',#2704,#2695,#2706,.T.);
#2704 = VERTEX_POINT('',#2705);
#2705 = CARTESIAN_POINT('',(106.83067167346,-22.5,429.01750410047));
#2706 = CIRCLE('',#2707,4.5);
#2707 = AXIS2_PLACEMENT_3D('',#2708,#2709,#2710);
#2708 = CARTESIAN_POINT('',(102.42277582081,-22.5,429.92329334315));
#2709 = DIRECTION('',(0.,1.,-0.));
#2710 = DIRECTION('',(-0.788010753607,0.,0.615661475326));
#2711 = ORIENTED_EDGE('',*,*,#2712,.T.);
#2712 = EDGE_CURVE('',#2704,#2713,#2715,.T.);
#2713 = VERTEX_POINT('',#2714);
#2714 = CARTESIAN_POINT('',(125.05481186941,-22.5,414.77924530994));
#2715 = LINE('',#2716,#2717);
#2716 = CARTESIAN_POINT('',(166.42537643376,-22.5,382.45701785534));
#2717 = VECTOR('',#2718,1.);
#2718 = DIRECTION('',(0.788010753607,0.,-0.615661475326));
#2719 = ORIENTED_EDGE('',*,*,#2720,.F.);
#2720 = EDGE_CURVE('',#2721,#2713,#2723,.T.);
#2721 = VERTEX_POINT('',#2722);
#2722 = CARTESIAN_POINT('',(122.59216596811,-22.5,411.62720229551));
#2723 = LINE('',#2724,#2725);
#2724 = CARTESIAN_POINT('',(97.042214742096,-22.5,378.92475602083));
#2725 = VECTOR('',#2726,1.);
#2726 = DIRECTION('',(0.615661475326,0.,0.788010753607));
#2727 = ORIENTED_EDGE('',*,*,#2728,.T.);
#2728 = EDGE_CURVE('',#2721,#2729,#2731,.T.);
#2729 = VERTEX_POINT('',#2730);
#2730 = CARTESIAN_POINT('',(132.68735312685,-22.5,403.73997767149));
#2731 = LINE('',#2732,#2733);
#2732 = CARTESIAN_POINT('',(138.74638641704,-22.5,399.00614205133));
#2733 = VECTOR('',#2734,1.);
#2734 = DIRECTION('',(0.788010753607,0.,-0.615661475326));
#2735 = ORIENTED_EDGE('',*,*,#2736,.F.);
#2736 = EDGE_CURVE('',#2737,#2729,#2739,.T.);
#2737 = VERTEX_POINT('',#2738);
#2738 = CARTESIAN_POINT('',(139.04049893086,-22.5,398.77635617172));
#2739 = CIRCLE('',#2740,4.5);
#2740 = AXIS2_PLACEMENT_3D('',#2741,#2742,#2743);
#2741 = CARTESIAN_POINT('',(137.0952489795,-22.5,402.83418842882));
#2742 = DIRECTION('',(0.,1.,-0.));
#2743 = DIRECTION('',(-0.788010753607,0.,0.615661475326));
#2744 = ORIENTED_EDGE('',*,*,#2745,.T.);
#2745 = EDGE_CURVE('',#2737,#2615,#2746,.T.);
#2746 = LINE('',#2747,#2748);
#2747 = CARTESIAN_POINT('',(138.74638641704,-22.5,399.00614205133));
#2748 = VECTOR('',#2749,1.);
#2749 = DIRECTION('',(0.788010753607,0.,-0.615661475326));
#2750 = ORIENTED_EDGE('',*,*,#2624,.T.);
#2751 = ORIENTED_EDGE('',*,*,#2752,.T.);
#2752 = EDGE_CURVE('',#2625,#2671,#2753,.T.);
#2753 = LINE('',#2754,#2755);
#2754 = CARTESIAN_POINT('',(145.34631336735,-22.5,409.07793256994));
#2755 = VECTOR('',#2756,1.);
#2756 = DIRECTION('',(-0.376778733993,0.,-0.926303290295));
#2757 = PLANE('',#2758);
#2758 = AXIS2_PLACEMENT_3D('',#2759,#2760,#2761);
#2759 = CARTESIAN_POINT('',(86.464467834609,-22.5,334.52474171496));
#2760 = DIRECTION('',(0.,1.,0.));
#2761 = DIRECTION('',(-0.788010753607,0.,0.615661475326));
#2762 = ADVANCED_FACE('',(#2763),#2788,.F.);
#2763 = FACE_BOUND('',#2764,.F.);
#2764 = EDGE_LOOP('',(#2765,#2773,#2774,#2782));
#2765 = ORIENTED_EDGE('',*,*,#2766,.T.);
#2766 = EDGE_CURVE('',#2767,#2679,#2769,.T.);
#2767 = VERTEX_POINT('',#2768);
#2768 = CARTESIAN_POINT('',(98.872117724575,22.5,435.23540790852));
#2769 = LINE('',#2770,#2771);
#2770 = CARTESIAN_POINT('',(98.872117724575,-24.75,435.23540790852));
#2771 = VECTOR('',#2772,1.);
#2772 = DIRECTION('',(0.,-1.,0.));
#2773 = ORIENTED_EDGE('',*,*,#2686,.T.);
#2774 = ORIENTED_EDGE('',*,*,#2775,.T.);
#2775 = EDGE_CURVE('',#2687,#2776,#2778,.T.);
#2776 = VERTEX_POINT('',#2777);
#2777 = CARTESIAN_POINT('',(100.47752586945,22.5,433.98112560025));
#2778 = LINE('',#2779,#2780);
#2779 = CARTESIAN_POINT('',(100.47752586945,-27.,433.98112560025));
#2780 = VECTOR('',#2781,1.);
#2781 = DIRECTION('',(0.,1.,0.));
#2782 = ORIENTED_EDGE('',*,*,#2783,.F.);
#2783 = EDGE_CURVE('',#2767,#2776,#2784,.T.);
#2784 = LINE('',#2785,#2786);
#2785 = CARTESIAN_POINT('',(166.42537643376,22.5,382.45701785534));
#2786 = VECTOR('',#2787,1.);
#2787 = DIRECTION('',(0.788010753607,0.,-0.615661475326));
#2788 = PLANE('',#2789);
#2789 = AXIS2_PLACEMENT_3D('',#2790,#2791,#2792);
#2790 = CARTESIAN_POINT('',(192.82373667959,-27.,361.83235843193));
#2791 = DIRECTION('',(0.615661475326,0.,0.788010753607));
#2792 = DIRECTION('',(-0.788010753607,0.,0.615661475326));
#2793 = ADVANCED_FACE('',(#2794),#2812,.F.);
#2794 = FACE_BOUND('',#2795,.F.);
#2795 = EDGE_LOOP('',(#2796,#2797,#2805,#2811));
#2796 = ORIENTED_EDGE('',*,*,#2257,.F.);
#2797 = ORIENTED_EDGE('',*,*,#2798,.T.);
#2798 = EDGE_CURVE('',#2250,#2799,#2801,.T.);
#2799 = VERTEX_POINT('',#2800);
#2800 = CARTESIAN_POINT('',(128.5515534404,23.,409.50925495077));
#2801 = LINE('',#2802,#2803);
#2802 = CARTESIAN_POINT('',(128.5515534404,17.,409.50925495077));
#2803 = VECTOR('',#2804,1.);
#2804 = DIRECTION('',(0.,1.,0.));
#2805 = ORIENTED_EDGE('',*,*,#2806,.T.);
#2806 = EDGE_CURVE('',#2799,#2640,#2807,.T.);
#2807 = LINE('',#2808,#2809);
#2808 = CARTESIAN_POINT('',(128.5515534404,23.,409.50925495077));
#2809 = VECTOR('',#2810,1.);
#2810 = DIRECTION('',(0.788010753607,0.,-0.615661475326));
#2811 = ORIENTED_EDGE('',*,*,#2639,.T.);
#2812 = PLANE('',#2813);
#2813 = AXIS2_PLACEMENT_3D('',#2814,#2815,#2816);
#2814 = CARTESIAN_POINT('',(128.5515534404,17.,409.50925495077));
#2815 = DIRECTION('',(-0.615661475326,0.,-0.788010753607));
#2816 = DIRECTION('',(0.788010753607,0.,-0.615661475326));
#2817 = ADVANCED_FACE('',(#2818),#2829,.F.);
#2818 = FACE_BOUND('',#2819,.F.);
#2819 = EDGE_LOOP('',(#2820,#2821,#2822,#2828));
#2820 = ORIENTED_EDGE('',*,*,#2249,.F.);
#2821 = ORIENTED_EDGE('',*,*,#2421,.T.);
#2822 = ORIENTED_EDGE('',*,*,#2823,.T.);
#2823 = EDGE_CURVE('',#2413,#2799,#2824,.T.);
#2824 = LINE('',#2825,#2826);
#2825 = CARTESIAN_POINT('',(153.25174809122,23.,434.6269854257));
#2826 = VECTOR('',#2827,1.);
#2827 = DIRECTION('',(-0.701155725902,0.,-0.713008168281));
#2828 = ORIENTED_EDGE('',*,*,#2798,.F.);
#2829 = PLANE('',#2830);
#2830 = AXIS2_PLACEMENT_3D('',#2831,#2832,#2833);
#2831 = CARTESIAN_POINT('',(153.25174809122,17.,434.6269854257));
#2832 = DIRECTION('',(-0.713008168281,0.,0.701155725902));
#2833 = DIRECTION('',(-0.701155725902,0.,-0.713008168281));
#2834 = ADVANCED_FACE('',(#2835),#2898,.T.);
#2835 = FACE_BOUND('',#2836,.T.);
#2836 = EDGE_LOOP('',(#2837,#2838,#2846,#2855,#2864,#2872,#2880,#2889,
    #2895,#2896,#2897));
#2837 = ORIENTED_EDGE('',*,*,#2452,.T.);
#2838 = ORIENTED_EDGE('',*,*,#2839,.F.);
#2839 = EDGE_CURVE('',#2840,#2455,#2842,.T.);
#2840 = VERTEX_POINT('',#2841);
#2841 = CARTESIAN_POINT('',(127.82528850837,-4.026078424376,
    418.32529370117));
#2842 = LINE('',#2843,#2844);
#2843 = CARTESIAN_POINT('',(127.82528850837,-27.,418.32529370117));
#2844 = VECTOR('',#2845,1.);
#2845 = DIRECTION('',(0.,-1.,0.));
#2846 = ORIENTED_EDGE('',*,*,#2847,.F.);
#2847 = EDGE_CURVE('',#2848,#2840,#2850,.T.);
#2848 = VERTEX_POINT('',#2849);
#2849 = CARTESIAN_POINT('',(117.79681481247,1.714505518806E-15,
    426.16039605557));
#2850 = CIRCLE('',#2851,7.);
#2851 = AXIS2_PLACEMENT_3D('',#2852,#2853,#2854);
#2852 = CARTESIAN_POINT('',(123.31289008772,0.,421.8507657283));
#2853 = DIRECTION('',(0.615661475326,0.,0.788010753607));
#2854 = DIRECTION('',(-0.788010753607,0.,0.615661475326));
#2855 = ORIENTED_EDGE('',*,*,#2856,.F.);
#2856 = EDGE_CURVE('',#2857,#2848,#2859,.T.);
#2857 = VERTEX_POINT('',#2858);
#2858 = CARTESIAN_POINT('',(127.82528850837,4.026078424376,
    418.32529370117));
#2859 = CIRCLE('',#2860,7.);
#2860 = AXIS2_PLACEMENT_3D('',#2861,#2862,#2863);
#2861 = CARTESIAN_POINT('',(123.31289008772,0.,421.8507657283));
#2862 = DIRECTION('',(0.615661475326,0.,0.788010753607));
#2863 = DIRECTION('',(-0.788010753607,0.,0.615661475326));
#2864 = ORIENTED_EDGE('',*,*,#2865,.F.);
#2865 = EDGE_CURVE('',#2866,#2857,#2868,.T.);
#2866 = VERTEX_POINT('',#2867);
#2867 = CARTESIAN_POINT('',(127.82528850837,22.5,418.32529370117));
#2868 = LINE('',#2869,#2870);
#2869 = CARTESIAN_POINT('',(127.82528850837,-27.,418.32529370117));
#2870 = VECTOR('',#2871,1.);
#2871 = DIRECTION('',(0.,-1.,0.));
#2872 = ORIENTED_EDGE('',*,*,#2873,.F.);
#2873 = EDGE_CURVE('',#2874,#2866,#2876,.T.);
#2874 = VERTEX_POINT('',#2875);
#2875 = CARTESIAN_POINT('',(111.42973275036,22.5,431.13490575349));
#2876 = LINE('',#2877,#2878);
#2877 = CARTESIAN_POINT('',(169.19585307273,22.5,386.00306624657));
#2878 = VECTOR('',#2879,1.);
#2879 = DIRECTION('',(0.788010753607,0.,-0.615661475326));
#2880 = ORIENTED_EDGE('',*,*,#2881,.F.);
#2881 = EDGE_CURVE('',#2882,#2874,#2884,.T.);
#2882 = VERTEX_POINT('',#2883);
#2883 = CARTESIAN_POINT('',(107.97234960047,22.5,433.83610951383));
#2884 = CIRCLE('',#2885,2.25);
#2885 = AXIS2_PLACEMENT_3D('',#2886,#2887,#2888);
#2886 = CARTESIAN_POINT('',(109.70104117542,23.,432.48550763366));
#2887 = DIRECTION('',(0.615661475326,0.,0.788010753607));
#2888 = DIRECTION('',(-0.788010753607,0.,0.615661475326));
#2889 = ORIENTED_EDGE('',*,*,#2890,.F.);
#2890 = EDGE_CURVE('',#2558,#2882,#2891,.T.);
#2891 = LINE('',#2892,#2893);
#2892 = CARTESIAN_POINT('',(169.19585307273,22.5,386.00306624657));
#2893 = VECTOR('',#2894,1.);
#2894 = DIRECTION('',(0.788010753607,0.,-0.615661475326));
#2895 = ORIENTED_EDGE('',*,*,#2557,.T.);
#2896 = ORIENTED_EDGE('',*,*,#2532,.T.);
#2897 = ORIENTED_EDGE('',*,*,#2507,.F.);
#2898 = PLANE('',#2899);
#2899 = AXIS2_PLACEMENT_3D('',#2900,#2901,#2902);
#2900 = CARTESIAN_POINT('',(195.59421331855,-27.,365.37840682316));
#2901 = DIRECTION('',(0.615661475326,0.,0.788010753607));
#2902 = DIRECTION('',(-0.788010753607,0.,0.615661475326));
#2903 = ADVANCED_FACE('',(#2904),#2930,.F.);
#2904 = FACE_BOUND('',#2905,.F.);
#2905 = EDGE_LOOP('',(#2906,#2914,#2923,#2929));
#2906 = ORIENTED_EDGE('',*,*,#2907,.F.);
#2907 = EDGE_CURVE('',#2908,#2882,#2910,.T.);
#2908 = VERTEX_POINT('',#2909);
#2909 = CARTESIAN_POINT('',(106.43319591216,22.5,431.86608262981));
#2910 = LINE('',#2911,#2912);
#2911 = CARTESIAN_POINT('',(106.43319591216,22.5,431.86608262981));
#2912 = VECTOR('',#2913,1.);
#2913 = DIRECTION('',(0.615661475326,0.,0.788010753607));
#2914 = ORIENTED_EDGE('',*,*,#2915,.T.);
#2915 = EDGE_CURVE('',#2908,#2916,#2918,.T.);
#2916 = VERTEX_POINT('',#2917);
#2917 = CARTESIAN_POINT('',(109.89057906205,22.5,429.16487886947));
#2918 = CIRCLE('',#2919,2.25);
#2919 = AXIS2_PLACEMENT_3D('',#2920,#2921,#2922);
#2920 = CARTESIAN_POINT('',(108.16188748711,23.,430.51548074964));
#2921 = DIRECTION('',(0.615661475326,0.,0.788010753607));
#2922 = DIRECTION('',(-0.788010753607,0.,0.615661475326));
#2923 = ORIENTED_EDGE('',*,*,#2924,.T.);
#2924 = EDGE_CURVE('',#2916,#2874,#2925,.T.);
#2925 = LINE('',#2926,#2927);
#2926 = CARTESIAN_POINT('',(109.89057906205,22.5,429.16487886947));
#2927 = VECTOR('',#2928,1.);
#2928 = DIRECTION('',(0.615661475326,0.,0.788010753607));
#2929 = ORIENTED_EDGE('',*,*,#2881,.F.);
#2930 = CYLINDRICAL_SURFACE('',#2931,2.25);
#2931 = AXIS2_PLACEMENT_3D('',#2932,#2933,#2934);
#2932 = CARTESIAN_POINT('',(108.16188748711,23.,430.51548074964));
#2933 = DIRECTION('',(0.615661475326,0.,0.788010753607));
#2934 = DIRECTION('',(-0.788010753607,0.,0.615661475326));
#2935 = ADVANCED_FACE('',(#2936),#3009,.F.);
#2936 = FACE_BOUND('',#2937,.F.);
#2937 = EDGE_LOOP('',(#2938,#2939,#2940,#2948,#2954,#2955,#2963,#2971,
    #2979,#2987,#2995,#3003));
#2938 = ORIENTED_EDGE('',*,*,#2745,.T.);
#2939 = ORIENTED_EDGE('',*,*,#2614,.T.);
#2940 = ORIENTED_EDGE('',*,*,#2941,.T.);
#2941 = EDGE_CURVE('',#2617,#2942,#2944,.T.);
#2942 = VERTEX_POINT('',#2943);
#2943 = CARTESIAN_POINT('',(122.59216596811,27.,411.62720229551));
#2944 = LINE('',#2945,#2946);
#2945 = CARTESIAN_POINT('',(139.92840254745,27.,398.08264983835));
#2946 = VECTOR('',#2947,1.);
#2947 = DIRECTION('',(-0.788010753607,0.,0.615661475326));
#2948 = ORIENTED_EDGE('',*,*,#2949,.F.);
#2949 = EDGE_CURVE('',#2721,#2942,#2950,.T.);
#2950 = LINE('',#2951,#2952);
#2951 = CARTESIAN_POINT('',(122.59216596811,-27.,411.62720229551));
#2952 = VECTOR('',#2953,1.);
#2953 = DIRECTION('',(-0.,1.,0.));
#2954 = ORIENTED_EDGE('',*,*,#2728,.T.);
#2955 = ORIENTED_EDGE('',*,*,#2956,.T.);
#2956 = EDGE_CURVE('',#2729,#2957,#2959,.T.);
#2957 = VERTEX_POINT('',#2958);
#2958 = CARTESIAN_POINT('',(132.68735312685,22.5,403.73997767149));
#2959 = LINE('',#2960,#2961);
#2960 = CARTESIAN_POINT('',(132.68735312685,-27.,403.73997767149));
#2961 = VECTOR('',#2962,1.);
#2962 = DIRECTION('',(0.,1.,0.));
#2963 = ORIENTED_EDGE('',*,*,#2964,.T.);
#2964 = EDGE_CURVE('',#2957,#2965,#2967,.T.);
#2965 = VERTEX_POINT('',#2966);
#2966 = CARTESIAN_POINT('',(134.9689178598,22.5,401.95742393969));
#2967 = LINE('',#2968,#2969);
#2968 = CARTESIAN_POINT('',(137.89616428815,22.5,399.67040837997));
#2969 = VECTOR('',#2970,1.);
#2970 = DIRECTION('',(0.788010753607,0.,-0.615661475326));
#2971 = ORIENTED_EDGE('',*,*,#2972,.F.);
#2972 = EDGE_CURVE('',#2973,#2965,#2975,.T.);
#2973 = VERTEX_POINT('',#2974);
#2974 = CARTESIAN_POINT('',(134.9689178598,17.5,401.95742393969));
#2975 = LINE('',#2976,#2977);
#2976 = CARTESIAN_POINT('',(134.9689178598,17.5,401.95742393969));
#2977 = VECTOR('',#2978,1.);
#2978 = DIRECTION('',(0.,1.,0.));
#2979 = ORIENTED_EDGE('',*,*,#2980,.T.);
#2980 = EDGE_CURVE('',#2973,#2981,#2983,.T.);
#2981 = VERTEX_POINT('',#2982);
#2982 = CARTESIAN_POINT('',(136.7589341979,17.5,400.55890990352));
#2983 = LINE('',#2984,#2985);
#2984 = CARTESIAN_POINT('',(137.89616428815,17.5,399.67040837997));
#2985 = VECTOR('',#2986,1.);
#2986 = DIRECTION('',(0.788010753607,0.,-0.615661475326));
#2987 = ORIENTED_EDGE('',*,*,#2988,.T.);
#2988 = EDGE_CURVE('',#2981,#2989,#2991,.T.);
#2989 = VERTEX_POINT('',#2990);
#2990 = CARTESIAN_POINT('',(136.7589341979,22.5,400.55890990352));
#2991 = LINE('',#2992,#2993);
#2992 = CARTESIAN_POINT('',(136.7589341979,17.5,400.55890990352));
#2993 = VECTOR('',#2994,1.);
#2994 = DIRECTION('',(0.,1.,0.));
#2995 = ORIENTED_EDGE('',*,*,#2996,.T.);
#2996 = EDGE_CURVE('',#2989,#2997,#2999,.T.);
#2997 = VERTEX_POINT('',#2998);
#2998 = CARTESIAN_POINT('',(139.04049893086,22.5,398.77635617172));
#2999 = LINE('',#3000,#3001);
#3000 = CARTESIAN_POINT('',(137.89616428815,22.5,399.67040837997));
#3001 = VECTOR('',#3002,1.);
#3002 = DIRECTION('',(0.788010753607,0.,-0.615661475326));
#3003 = ORIENTED_EDGE('',*,*,#3004,.F.);
#3004 = EDGE_CURVE('',#2737,#2997,#3005,.T.);
#3005 = LINE('',#3006,#3007);
#3006 = CARTESIAN_POINT('',(139.04049893086,-27.,398.77635617172));
#3007 = VECTOR('',#3008,1.);
#3008 = DIRECTION('',(0.,1.,0.));
#3009 = PLANE('',#3010);
#3010 = AXIS2_PLACEMENT_3D('',#3011,#3012,#3013);
#3011 = CARTESIAN_POINT('',(139.92840254745,-27.,398.08264983835));
#3012 = DIRECTION('',(0.615661475326,0.,0.788010753607));
#3013 = DIRECTION('',(-0.788010753607,0.,0.615661475326));
#3014 = ADVANCED_FACE('',(#3015),#3027,.T.);
#3015 = FACE_BOUND('',#3016,.T.);
#3016 = EDGE_LOOP('',(#3017,#3018,#3019,#3026));
#3017 = ORIENTED_EDGE('',*,*,#2736,.T.);
#3018 = ORIENTED_EDGE('',*,*,#2956,.T.);
#3019 = ORIENTED_EDGE('',*,*,#3020,.F.);
#3020 = EDGE_CURVE('',#2997,#2957,#3021,.T.);
#3021 = CIRCLE('',#3022,4.5);
#3022 = AXIS2_PLACEMENT_3D('',#3023,#3024,#3025);
#3023 = CARTESIAN_POINT('',(137.0952489795,22.5,402.83418842882));
#3024 = DIRECTION('',(0.,1.,-0.));
#3025 = DIRECTION('',(-0.788010753607,0.,0.615661475326));
#3026 = ORIENTED_EDGE('',*,*,#3004,.F.);
#3027 = CYLINDRICAL_SURFACE('',#3028,4.5);
#3028 = AXIS2_PLACEMENT_3D('',#3029,#3030,#3031);
#3029 = CARTESIAN_POINT('',(137.0952489795,-27.,402.83418842882));
#3030 = DIRECTION('',(0.,1.,0.));
#3031 = DIRECTION('',(-0.788010753607,0.,0.615661475326));
#3032 = ADVANCED_FACE('',(#3033,#3060),#3085,.T.);
#3033 = FACE_BOUND('',#3034,.T.);
#3034 = EDGE_LOOP('',(#3035,#3036,#3037,#3045,#3051,#3052,#3053,#3054));
#3035 = ORIENTED_EDGE('',*,*,#2949,.F.);
#3036 = ORIENTED_EDGE('',*,*,#2720,.T.);
#3037 = ORIENTED_EDGE('',*,*,#3038,.F.);
#3038 = EDGE_CURVE('',#3039,#2713,#3041,.T.);
#3039 = VERTEX_POINT('',#3040);
#3040 = CARTESIAN_POINT('',(125.05481186941,-4.026078424376,
    414.77924530994));
#3041 = LINE('',#3042,#3043);
#3042 = CARTESIAN_POINT('',(125.05481186941,-27.,414.77924530994));
#3043 = VECTOR('',#3044,1.);
#3044 = DIRECTION('',(0.,-1.,0.));
#3045 = ORIENTED_EDGE('',*,*,#3046,.T.);
#3046 = EDGE_CURVE('',#3039,#2840,#3047,.T.);
#3047 = LINE('',#3048,#3049);
#3048 = CARTESIAN_POINT('',(125.05481186941,-4.026078424376,
    414.77924530994));
#3049 = VECTOR('',#3050,1.);
#3050 = DIRECTION('',(0.615661475326,0.,0.788010753607));
#3051 = ORIENTED_EDGE('',*,*,#2839,.T.);
#3052 = ORIENTED_EDGE('',*,*,#2476,.T.);
#3053 = ORIENTED_EDGE('',*,*,#2150,.T.);
#3054 = ORIENTED_EDGE('',*,*,#3055,.F.);
#3055 = EDGE_CURVE('',#2942,#2143,#3056,.T.);
#3056 = LINE('',#3057,#3058);
#3057 = CARTESIAN_POINT('',(122.59216596811,27.,411.62720229551));
#3058 = VECTOR('',#3059,1.);
#3059 = DIRECTION('',(0.615661475326,0.,0.788010753607));
#3060 = FACE_BOUND('',#3061,.T.);
#3061 = EDGE_LOOP('',(#3062,#3070,#3071,#3079));
#3062 = ORIENTED_EDGE('',*,*,#3063,.T.);
#3063 = EDGE_CURVE('',#3064,#2866,#3066,.T.);
#3064 = VERTEX_POINT('',#3065);
#3065 = CARTESIAN_POINT('',(125.05481186941,22.5,414.77924530994));
#3066 = LINE('',#3067,#3068);
#3067 = CARTESIAN_POINT('',(97.042214742096,22.5,378.92475602083));
#3068 = VECTOR('',#3069,1.);
#3069 = DIRECTION('',(0.615661475326,0.,0.788010753607));
#3070 = ORIENTED_EDGE('',*,*,#2865,.T.);
#3071 = ORIENTED_EDGE('',*,*,#3072,.F.);
#3072 = EDGE_CURVE('',#3073,#2857,#3075,.T.);
#3073 = VERTEX_POINT('',#3074);
#3074 = CARTESIAN_POINT('',(125.05481186941,4.026078424376,
    414.77924530994));
#3075 = LINE('',#3076,#3077);
#3076 = CARTESIAN_POINT('',(125.05481186941,4.026078424376,
    414.77924530994));
#3077 = VECTOR('',#3078,1.);
#3078 = DIRECTION('',(0.615661475326,0.,0.788010753607));
#3079 = ORIENTED_EDGE('',*,*,#3080,.F.);
#3080 = EDGE_CURVE('',#3064,#3073,#3081,.T.);
#3081 = LINE('',#3082,#3083);
#3082 = CARTESIAN_POINT('',(125.05481186941,-27.,414.77924530994));
#3083 = VECTOR('',#3084,1.);
#3084 = DIRECTION('',(0.,-1.,0.));
#3085 = PLANE('',#3086);
#3086 = AXIS2_PLACEMENT_3D('',#3087,#3088,#3089);
#3087 = CARTESIAN_POINT('',(122.59216596811,-27.,411.62720229551));
#3088 = DIRECTION('',(-0.788010753607,0.,0.615661475326));
#3089 = DIRECTION('',(0.615661475326,0.,0.788010753607));
#3090 = ADVANCED_FACE('',(#3091),#3126,.F.);
#3091 = FACE_BOUND('',#3092,.F.);
#3092 = EDGE_LOOP('',(#3093,#3101,#3102,#3103,#3112,#3119,#3120));
#3093 = ORIENTED_EDGE('',*,*,#3094,.F.);
#3094 = EDGE_CURVE('',#2704,#3095,#3097,.T.);
#3095 = VERTEX_POINT('',#3096);
#3096 = CARTESIAN_POINT('',(106.83067167346,22.5,429.01750410047));
#3097 = LINE('',#3098,#3099);
#3098 = CARTESIAN_POINT('',(106.83067167346,-27.,429.01750410047));
#3099 = VECTOR('',#3100,1.);
#3100 = DIRECTION('',(0.,1.,0.));
#3101 = ORIENTED_EDGE('',*,*,#2712,.T.);
#3102 = ORIENTED_EDGE('',*,*,#3038,.F.);
#3103 = ORIENTED_EDGE('',*,*,#3104,.F.);
#3104 = EDGE_CURVE('',#3105,#3039,#3107,.T.);
#3105 = VERTEX_POINT('',#3106);
#3106 = CARTESIAN_POINT('',(115.02633817351,1.714505518806E-15,
    422.61434766434));
#3107 = CIRCLE('',#3108,7.);
#3108 = AXIS2_PLACEMENT_3D('',#3109,#3110,#3111);
#3109 = CARTESIAN_POINT('',(120.54241344876,0.,418.30471733706));
#3110 = DIRECTION('',(0.615661475326,0.,0.788010753607));
#3111 = DIRECTION('',(-0.788010753607,0.,0.615661475326));
#3112 = ORIENTED_EDGE('',*,*,#3113,.F.);
#3113 = EDGE_CURVE('',#3073,#3105,#3114,.T.);
#3114 = CIRCLE('',#3115,7.);
#3115 = AXIS2_PLACEMENT_3D('',#3116,#3117,#3118);
#3116 = CARTESIAN_POINT('',(120.54241344876,0.,418.30471733706));
#3117 = DIRECTION('',(0.615661475326,0.,0.788010753607));
#3118 = DIRECTION('',(-0.788010753607,0.,0.615661475326));
#3119 = ORIENTED_EDGE('',*,*,#3080,.F.);
#3120 = ORIENTED_EDGE('',*,*,#3121,.F.);
#3121 = EDGE_CURVE('',#3095,#3064,#3122,.T.);
#3122 = LINE('',#3123,#3124);
#3123 = CARTESIAN_POINT('',(166.42537643376,22.5,382.45701785534));
#3124 = VECTOR('',#3125,1.);
#3125 = DIRECTION('',(0.788010753607,0.,-0.615661475326));
#3126 = PLANE('',#3127);
#3127 = AXIS2_PLACEMENT_3D('',#3128,#3129,#3130);
#3128 = CARTESIAN_POINT('',(192.82373667959,-27.,361.83235843193));
#3129 = DIRECTION('',(0.615661475326,0.,0.788010753607));
#3130 = DIRECTION('',(-0.788010753607,0.,0.615661475326));
#3131 = ADVANCED_FACE('',(#3132),#3138,.T.);
#3132 = FACE_BOUND('',#3133,.T.);
#3133 = EDGE_LOOP('',(#3134,#3135,#3136,#3137));
#3134 = ORIENTED_EDGE('',*,*,#2092,.F.);
#3135 = ORIENTED_EDGE('',*,*,#2330,.T.);
#3136 = ORIENTED_EDGE('',*,*,#2361,.T.);
#3137 = ORIENTED_EDGE('',*,*,#2597,.T.);
#3138 = PLANE('',#3139);
#3139 = AXIS2_PLACEMENT_3D('',#3140,#3141,#3142);
#3140 = CARTESIAN_POINT('',(86.464467834609,-22.5,334.52474171496));
#3141 = DIRECTION('',(0.,1.,0.));
#3142 = DIRECTION('',(-0.788010753607,0.,0.615661475326));
#3143 = ADVANCED_FACE('',(#3144,#3150,#3161),#3164,.T.);
#3144 = FACE_BOUND('',#3145,.T.);
#3145 = EDGE_LOOP('',(#3146,#3147,#3148,#3149));
#3146 = ORIENTED_EDGE('',*,*,#2654,.F.);
#3147 = ORIENTED_EDGE('',*,*,#2941,.T.);
#3148 = ORIENTED_EDGE('',*,*,#3055,.T.);
#3149 = ORIENTED_EDGE('',*,*,#2142,.F.);
#3150 = FACE_BOUND('',#3151,.T.);
#3151 = EDGE_LOOP('',(#3152));
#3152 = ORIENTED_EDGE('',*,*,#3153,.F.);
#3153 = EDGE_CURVE('',#3154,#3154,#3156,.T.);
#3154 = VERTEX_POINT('',#3155);
#3155 = CARTESIAN_POINT('',(139.31296566469,27.,407.44660933438));
#3156 = CIRCLE('',#3157,2.25);
#3157 = AXIS2_PLACEMENT_3D('',#3158,#3159,#3160);
#3158 = CARTESIAN_POINT('',(141.08598986031,27.,406.0613710149));
#3159 = DIRECTION('',(0.,1.,-0.));
#3160 = DIRECTION('',(-0.788010753607,0.,0.615661475326));
#3161 = FACE_BOUND('',#3162,.T.);
#3162 = EDGE_LOOP('',(#3163));
#3163 = ORIENTED_EDGE('',*,*,#2393,.F.);
#3164 = PLANE('',#3165);
#3165 = AXIS2_PLACEMENT_3D('',#3166,#3167,#3168);
#3166 = CARTESIAN_POINT('',(139.92840254745,27.,398.08264983835));
#3167 = DIRECTION('',(-0.,1.,0.));
#3168 = DIRECTION('',(-0.788010753607,0.,0.615661475326));
#3169 = ADVANCED_FACE('',(#3170,#3178),#3189,.T.);
#3170 = FACE_BOUND('',#3171,.T.);
#3171 = EDGE_LOOP('',(#3172,#3173,#3174,#3175,#3176,#3177));
#3172 = ORIENTED_EDGE('',*,*,#2412,.T.);
#3173 = ORIENTED_EDGE('',*,*,#2823,.T.);
#3174 = ORIENTED_EDGE('',*,*,#2806,.T.);
#3175 = ORIENTED_EDGE('',*,*,#2647,.T.);
#3176 = ORIENTED_EDGE('',*,*,#2126,.F.);
#3177 = ORIENTED_EDGE('',*,*,#2582,.T.);
#3178 = FACE_BOUND('',#3179,.T.);
#3179 = EDGE_LOOP('',(#3180));
#3180 = ORIENTED_EDGE('',*,*,#3181,.T.);
#3181 = EDGE_CURVE('',#3182,#3182,#3184,.T.);
#3182 = VERTEX_POINT('',#3183);
#3183 = CARTESIAN_POINT('',(139.31296566469,23.,407.44660933438));
#3184 = CIRCLE('',#3185,2.25);
#3185 = AXIS2_PLACEMENT_3D('',#3186,#3187,#3188);
#3186 = CARTESIAN_POINT('',(141.08598986031,23.,406.0613710149));
#3187 = DIRECTION('',(0.,1.,-0.));
#3188 = DIRECTION('',(-0.788010753607,0.,0.615661475326));
#3189 = PLANE('',#3190);
#3190 = AXIS2_PLACEMENT_3D('',#3191,#3192,#3193);
#3191 = CARTESIAN_POINT('',(149.352000155,23.,414.09579768947));
#3192 = DIRECTION('',(0.,-1.,-0.));
#3193 = DIRECTION('',(0.788010753607,0.,-0.615661475326));
#3194 = ADVANCED_FACE('',(#3195),#3198,.T.);
#3195 = FACE_BOUND('',#3196,.F.);
#3196 = EDGE_LOOP('',(#3197));
#3197 = ORIENTED_EDGE('',*,*,#2517,.F.);
#3198 = PLANE('',#3199);
#3199 = AXIS2_PLACEMENT_3D('',#3200,#3201,#3202);
#3200 = CARTESIAN_POINT('',(108.16188748711,-23.,430.51548074964));
#3201 = DIRECTION('',(0.615661475326,0.,0.788010753607));
#3202 = DIRECTION('',(-0.788010753607,0.,0.615661475326));
#3203 = ADVANCED_FACE('',(#3204),#3213,.T.);
#3204 = FACE_BOUND('',#3205,.T.);
#3205 = EDGE_LOOP('',(#3206,#3212));
#3206 = ORIENTED_EDGE('',*,*,#3207,.F.);
#3207 = EDGE_CURVE('',#2908,#2916,#3208,.T.);
#3208 = LINE('',#3209,#3210);
#3209 = CARTESIAN_POINT('',(124.71011331285,22.5,417.5865897678));
#3210 = VECTOR('',#3211,1.);
#3211 = DIRECTION('',(0.788010753607,0.,-0.615661475326));
#3212 = ORIENTED_EDGE('',*,*,#2915,.T.);
#3213 = PLANE('',#3214);
#3214 = AXIS2_PLACEMENT_3D('',#3215,#3216,#3217);
#3215 = CARTESIAN_POINT('',(108.16188748711,23.,430.51548074964));
#3216 = DIRECTION('',(0.615661475326,0.,0.788010753607));
#3217 = DIRECTION('',(-0.788010753607,0.,0.615661475326));
#3218 = ADVANCED_FACE('',(#3219),#3231,.T.);
#3219 = FACE_BOUND('',#3220,.T.);
#3220 = EDGE_LOOP('',(#3221,#3228,#3229,#3230));
#3221 = ORIENTED_EDGE('',*,*,#3222,.F.);
#3222 = EDGE_CURVE('',#2989,#2965,#3223,.T.);
#3223 = CIRCLE('',#3224,2.3);
#3224 = AXIS2_PLACEMENT_3D('',#3225,#3226,#3227);
#3225 = CARTESIAN_POINT('',(137.0952489795,22.5,402.83418842882));
#3226 = DIRECTION('',(0.,1.,-0.));
#3227 = DIRECTION('',(-0.788010753607,0.,0.615661475326));
#3228 = ORIENTED_EDGE('',*,*,#2996,.T.);
#3229 = ORIENTED_EDGE('',*,*,#3020,.T.);
#3230 = ORIENTED_EDGE('',*,*,#2964,.T.);
#3231 = PLANE('',#3232);
#3232 = AXIS2_PLACEMENT_3D('',#3233,#3234,#3235);
#3233 = CARTESIAN_POINT('',(137.0952489795,22.5,402.83418842882));
#3234 = DIRECTION('',(0.,1.,0.));
#3235 = DIRECTION('',(-0.788010753607,0.,0.615661475326));
#3236 = ADVANCED_FACE('',(#3237),#3249,.F.);
#3237 = FACE_BOUND('',#3238,.F.);
#3238 = EDGE_LOOP('',(#3239,#3240,#3247,#3248));
#3239 = ORIENTED_EDGE('',*,*,#2988,.F.);
#3240 = ORIENTED_EDGE('',*,*,#3241,.T.);
#3241 = EDGE_CURVE('',#2981,#2973,#3242,.T.);
#3242 = CIRCLE('',#3243,2.3);
#3243 = AXIS2_PLACEMENT_3D('',#3244,#3245,#3246);
#3244 = CARTESIAN_POINT('',(137.0952489795,17.5,402.83418842882));
#3245 = DIRECTION('',(0.,1.,-0.));
#3246 = DIRECTION('',(-0.788010753607,0.,0.615661475326));
#3247 = ORIENTED_EDGE('',*,*,#2972,.T.);
#3248 = ORIENTED_EDGE('',*,*,#3222,.F.);
#3249 = CYLINDRICAL_SURFACE('',#3250,2.3);
#3250 = AXIS2_PLACEMENT_3D('',#3251,#3252,#3253);
#3251 = CARTESIAN_POINT('',(137.0952489795,17.5,402.83418842882));
#3252 = DIRECTION('',(0.,1.,0.));
#3253 = DIRECTION('',(-0.788010753607,0.,0.615661475326));
#3254 = ADVANCED_FACE('',(#3255),#3259,.T.);
#3255 = FACE_BOUND('',#3256,.T.);
#3256 = EDGE_LOOP('',(#3257,#3258));
#3257 = ORIENTED_EDGE('',*,*,#2980,.T.);
#3258 = ORIENTED_EDGE('',*,*,#3241,.T.);
#3259 = PLANE('',#3260);
#3260 = AXIS2_PLACEMENT_3D('',#3261,#3262,#3263);
#3261 = CARTESIAN_POINT('',(137.0952489795,17.5,402.83418842882));
#3262 = DIRECTION('',(0.,1.,0.));
#3263 = DIRECTION('',(-0.788010753607,0.,0.615661475326));
#3264 = ADVANCED_FACE('',(#3265),#3276,.F.);
#3265 = FACE_BOUND('',#3266,.F.);
#3266 = EDGE_LOOP('',(#3267,#3268,#3274,#3275));
#3267 = ORIENTED_EDGE('',*,*,#3181,.T.);
#3268 = ORIENTED_EDGE('',*,*,#3269,.T.);
#3269 = EDGE_CURVE('',#3182,#3154,#3270,.T.);
#3270 = LINE('',#3271,#3272);
#3271 = CARTESIAN_POINT('',(139.31296566469,-27.,407.44660933438));
#3272 = VECTOR('',#3273,1.);
#3273 = DIRECTION('',(0.,1.,0.));
#3274 = ORIENTED_EDGE('',*,*,#3153,.F.);
#3275 = ORIENTED_EDGE('',*,*,#3269,.F.);
#3276 = CYLINDRICAL_SURFACE('',#3277,2.25);
#3277 = AXIS2_PLACEMENT_3D('',#3278,#3279,#3280);
#3278 = CARTESIAN_POINT('',(141.08598986031,-27.,406.0613710149));
#3279 = DIRECTION('',(0.,1.,0.));
#3280 = DIRECTION('',(-0.788010753607,0.,0.615661475326));
#3281 = ADVANCED_FACE('',(#3282),#3307,.T.);
#3282 = FACE_BOUND('',#3283,.T.);
#3283 = EDGE_LOOP('',(#3284,#3292,#3293,#3301));
#3284 = ORIENTED_EDGE('',*,*,#3285,.T.);
#3285 = EDGE_CURVE('',#3286,#2001,#3288,.T.);
#3286 = VERTEX_POINT('',#3287);
#3287 = CARTESIAN_POINT('',(24.036573910638,-27.,262.74202749895));
#3288 = LINE('',#3289,#3290);
#3289 = CARTESIAN_POINT('',(24.036573910638,-27.,262.74202749895));
#3290 = VECTOR('',#3291,1.);
#3291 = DIRECTION('',(0.376778733993,0.,0.926303290295));
#3292 = ORIENTED_EDGE('',*,*,#2008,.T.);
#3293 = ORIENTED_EDGE('',*,*,#3294,.F.);
#3294 = EDGE_CURVE('',#3295,#2009,#3297,.T.);
#3295 = VERTEX_POINT('',#3296);
#3296 = CARTESIAN_POINT('',(24.036573910638,22.5,262.74202749895));
#3297 = LINE('',#3298,#3299);
#3298 = CARTESIAN_POINT('',(82.791652555726,22.5,407.19026133016));
#3299 = VECTOR('',#3300,1.);
#3300 = DIRECTION('',(0.376778733993,0.,0.926303290295));
#3301 = ORIENTED_EDGE('',*,*,#3302,.F.);
#3302 = EDGE_CURVE('',#3286,#3295,#3303,.T.);
#3303 = LINE('',#3304,#3305);
#3304 = CARTESIAN_POINT('',(24.036573910638,-27.,262.74202749895));
#3305 = VECTOR('',#3306,1.);
#3306 = DIRECTION('',(0.,1.,0.));
#3307 = PLANE('',#3308);
#3308 = AXIS2_PLACEMENT_3D('',#3309,#3310,#3311);
#3309 = CARTESIAN_POINT('',(61.248123719194,-2.25,354.22590892539));
#3310 = DIRECTION('',(-0.926303290295,0.,0.376778733993));
#3311 = DIRECTION('',(0.376778733993,0.,0.926303290295));
#3312 = ADVANCED_FACE('',(#3313),#3349,.T.);
#3313 = FACE_BOUND('',#3314,.T.);
#3314 = EDGE_LOOP('',(#3315,#3316,#3324,#3332,#3340,#3346,#3347,#3348));
#3315 = ORIENTED_EDGE('',*,*,#3285,.F.);
#3316 = ORIENTED_EDGE('',*,*,#3317,.F.);
#3317 = EDGE_CURVE('',#3318,#3286,#3320,.T.);
#3318 = VERTEX_POINT('',#3319);
#3319 = CARTESIAN_POINT('',(74.469262141468,-27.,223.33969307811));
#3320 = LINE('',#3321,#3322);
#3321 = CARTESIAN_POINT('',(74.469262141468,-27.,223.33969307811));
#3322 = VECTOR('',#3323,1.);
#3323 = DIRECTION('',(-0.788010753607,0.,0.615661475326));
#3324 = ORIENTED_EDGE('',*,*,#3325,.T.);
#3325 = EDGE_CURVE('',#3318,#3326,#3328,.T.);
#3326 = VERTEX_POINT('',#3327);
#3327 = CARTESIAN_POINT('',(80.625876894724,-27.,231.21980061418));
#3328 = LINE('',#3329,#3330);
#3329 = CARTESIAN_POINT('',(74.469262141468,-27.,223.33969307811));
#3330 = VECTOR('',#3331,1.);
#3331 = DIRECTION('',(0.615661475326,0.,0.788010753607));
#3332 = ORIENTED_EDGE('',*,*,#3333,.T.);
#3333 = EDGE_CURVE('',#3326,#3334,#3336,.T.);
#3334 = VERTEX_POINT('',#3335);
#3335 = CARTESIAN_POINT('',(78.386267384474,-27.,232.96957533353));
#3336 = LINE('',#3337,#3338);
#3337 = CARTESIAN_POINT('',(80.625876894724,-27.,231.21980061418));
#3338 = VECTOR('',#3339,1.);
#3339 = DIRECTION('',(-0.788010753607,0.,0.615661475326));
#3340 = ORIENTED_EDGE('',*,*,#3341,.F.);
#3341 = EDGE_CURVE('',#1852,#3334,#3342,.T.);
#3342 = LINE('',#3343,#3344);
#3343 = CARTESIAN_POINT('',(105.80530408551,-27.,300.37875112142));
#3344 = VECTOR('',#3345,1.);
#3345 = DIRECTION('',(-0.376778733993,0.,-0.926303290295));
#3346 = ORIENTED_EDGE('',*,*,#1851,.T.);
#3347 = ORIENTED_EDGE('',*,*,#1908,.T.);
#3348 = ORIENTED_EDGE('',*,*,#2000,.F.);
#3349 = PLANE('',#3350);
#3350 = AXIS2_PLACEMENT_3D('',#3351,#3352,#3353);
#3351 = CARTESIAN_POINT('',(86.425760048579,-27.,335.00600186849));
#3352 = DIRECTION('',(0.,-1.,-0.));
#3353 = DIRECTION('',(0.788010753607,0.,-0.615661475326));
#3354 = ADVANCED_FACE('',(#3355),#3380,.F.);
#3355 = FACE_BOUND('',#3356,.F.);
#3356 = EDGE_LOOP('',(#3357,#3365,#3366,#3374));
#3357 = ORIENTED_EDGE('',*,*,#3358,.F.);
#3358 = EDGE_CURVE('',#3318,#3359,#3361,.T.);
#3359 = VERTEX_POINT('',#3360);
#3360 = CARTESIAN_POINT('',(74.469262141468,27.,223.33969307811));
#3361 = LINE('',#3362,#3363);
#3362 = CARTESIAN_POINT('',(74.469262141468,-27.,223.33969307811));
#3363 = VECTOR('',#3364,1.);
#3364 = DIRECTION('',(0.,1.,0.));
#3365 = ORIENTED_EDGE('',*,*,#3325,.T.);
#3366 = ORIENTED_EDGE('',*,*,#3367,.T.);
#3367 = EDGE_CURVE('',#3326,#3368,#3370,.T.);
#3368 = VERTEX_POINT('',#3369);
#3369 = CARTESIAN_POINT('',(80.625876894724,27.,231.21980061418));
#3370 = LINE('',#3371,#3372);
#3371 = CARTESIAN_POINT('',(80.625876894724,-27.,231.21980061418));
#3372 = VECTOR('',#3373,1.);
#3373 = DIRECTION('',(-0.,1.,0.));
#3374 = ORIENTED_EDGE('',*,*,#3375,.F.);
#3375 = EDGE_CURVE('',#3359,#3368,#3376,.T.);
#3376 = LINE('',#3377,#3378);
#3377 = CARTESIAN_POINT('',(74.469262141468,27.,223.33969307811));
#3378 = VECTOR('',#3379,1.);
#3379 = DIRECTION('',(0.615661475326,0.,0.788010753607));
#3380 = PLANE('',#3381);
#3381 = AXIS2_PLACEMENT_3D('',#3382,#3383,#3384);
#3382 = CARTESIAN_POINT('',(74.469262141468,-27.,223.33969307811));
#3383 = DIRECTION('',(-0.788010753607,0.,0.615661475326));
#3384 = DIRECTION('',(0.615661475326,0.,0.788010753607));
#3385 = ADVANCED_FACE('',(#3386),#3411,.T.);
#3386 = FACE_BOUND('',#3387,.T.);
#3387 = EDGE_LOOP('',(#3388,#3389,#3397,#3405));
#3388 = ORIENTED_EDGE('',*,*,#3375,.F.);
#3389 = ORIENTED_EDGE('',*,*,#3390,.T.);
#3390 = EDGE_CURVE('',#3359,#3391,#3393,.T.);
#3391 = VERTEX_POINT('',#3392);
#3392 = CARTESIAN_POINT('',(24.036573910638,27.,262.74202749895));
#3393 = LINE('',#3394,#3395);
#3394 = CARTESIAN_POINT('',(74.469262141468,27.,223.33969307811));
#3395 = VECTOR('',#3396,1.);
#3396 = DIRECTION('',(-0.788010753607,0.,0.615661475326));
#3397 = ORIENTED_EDGE('',*,*,#3398,.T.);
#3398 = EDGE_CURVE('',#3391,#3399,#3401,.T.);
#3399 = VERTEX_POINT('',#3400);
#3400 = CARTESIAN_POINT('',(30.193188663894,27.,270.62213503502));
#3401 = LINE('',#3402,#3403);
#3402 = CARTESIAN_POINT('',(24.036573910638,27.,262.74202749895));
#3403 = VECTOR('',#3404,1.);
#3404 = DIRECTION('',(0.615661475326,0.,0.788010753607));
#3405 = ORIENTED_EDGE('',*,*,#3406,.F.);
#3406 = EDGE_CURVE('',#3368,#3399,#3407,.T.);
#3407 = LINE('',#3408,#3409);
#3408 = CARTESIAN_POINT('',(80.625876894724,27.,231.21980061418));
#3409 = VECTOR('',#3410,1.);
#3410 = DIRECTION('',(-0.788010753607,0.,0.615661475326));
#3411 = PLANE('',#3412);
#3412 = AXIS2_PLACEMENT_3D('',#3413,#3414,#3415);
#3413 = CARTESIAN_POINT('',(74.469262141468,27.,223.33969307811));
#3414 = DIRECTION('',(-0.,1.,0.));
#3415 = DIRECTION('',(-0.788010753607,0.,0.615661475326));
#3416 = ADVANCED_FACE('',(#3417),#3440,.T.);
#3417 = FACE_BOUND('',#3418,.T.);
#3418 = EDGE_LOOP('',(#3419,#3425,#3433,#3439));
#3419 = ORIENTED_EDGE('',*,*,#3420,.F.);
#3420 = EDGE_CURVE('',#3295,#3391,#3421,.T.);
#3421 = LINE('',#3422,#3423);
#3422 = CARTESIAN_POINT('',(24.036573910638,-27.,262.74202749895));
#3423 = VECTOR('',#3424,1.);
#3424 = DIRECTION('',(-0.,1.,0.));
#3425 = ORIENTED_EDGE('',*,*,#3426,.T.);
#3426 = EDGE_CURVE('',#3295,#3427,#3429,.T.);
#3427 = VERTEX_POINT('',#3428);
#3428 = CARTESIAN_POINT('',(30.193188663894,22.5,270.62213503502));
#3429 = LINE('',#3430,#3431);
#3430 = CARTESIAN_POINT('',(53.280493988606,22.5,300.17253829527));
#3431 = VECTOR('',#3432,1.);
#3432 = DIRECTION('',(0.615661475326,0.,0.788010753607));
#3433 = ORIENTED_EDGE('',*,*,#3434,.T.);
#3434 = EDGE_CURVE('',#3427,#3399,#3435,.T.);
#3435 = LINE('',#3436,#3437);
#3436 = CARTESIAN_POINT('',(30.193188663894,-27.,270.62213503502));
#3437 = VECTOR('',#3438,1.);
#3438 = DIRECTION('',(-0.,1.,0.));
#3439 = ORIENTED_EDGE('',*,*,#3398,.F.);
#3440 = PLANE('',#3441);
#3441 = AXIS2_PLACEMENT_3D('',#3442,#3443,#3444);
#3442 = CARTESIAN_POINT('',(24.036573910638,-27.,262.74202749895));
#3443 = DIRECTION('',(-0.788010753607,0.,0.615661475326));
#3444 = DIRECTION('',(0.615661475326,0.,0.788010753607));
#3445 = ADVANCED_FACE('',(#3446,#3644),#3655,.T.);
#3446 = FACE_BOUND('',#3447,.T.);
#3447 = EDGE_LOOP('',(#3448,#3449,#3450,#3451,#3452,#3460,#3468,#3476,
    #3484,#3492,#3500,#3508,#3516,#3524,#3532,#3541,#3550,#3558,#3566,
    #3574,#3582,#3590,#3598,#3606,#3614,#3622,#3630,#3638));
#3448 = ORIENTED_EDGE('',*,*,#3333,.F.);
#3449 = ORIENTED_EDGE('',*,*,#3367,.T.);
#3450 = ORIENTED_EDGE('',*,*,#3406,.T.);
#3451 = ORIENTED_EDGE('',*,*,#3434,.F.);
#3452 = ORIENTED_EDGE('',*,*,#3453,.T.);
#3453 = EDGE_CURVE('',#3427,#3454,#3456,.T.);
#3454 = VERTEX_POINT('',#3455);
#3455 = CARTESIAN_POINT('',(31.499627544874,22.5,269.6014331154));
#3456 = LINE('',#3457,#3458);
#3457 = CARTESIAN_POINT('',(57.379559663326,22.5,249.38181413629));
#3458 = VECTOR('',#3459,1.);
#3459 = DIRECTION('',(0.788010753607,0.,-0.615661475326));
#3460 = ORIENTED_EDGE('',*,*,#3461,.T.);
#3461 = EDGE_CURVE('',#3454,#3462,#3464,.T.);
#3462 = VERTEX_POINT('',#3463);
#3463 = CARTESIAN_POINT('',(31.499627544874,-22.5,269.6014331154));
#3464 = LINE('',#3465,#3466);
#3465 = CARTESIAN_POINT('',(31.499627544874,-24.75,269.6014331154));
#3466 = VECTOR('',#3467,1.);
#3467 = DIRECTION('',(0.,-1.,0.));
#3468 = ORIENTED_EDGE('',*,*,#3469,.T.);
#3469 = EDGE_CURVE('',#3462,#3470,#3472,.T.);
#3470 = VERTEX_POINT('',#3471);
#3471 = CARTESIAN_POINT('',(32.209191885656,-22.5,269.04706069487));
#3472 = LINE('',#3473,#3474);
#3473 = CARTESIAN_POINT('',(57.379559663326,-22.5,249.38181413629));
#3474 = VECTOR('',#3475,1.);
#3475 = DIRECTION('',(0.788010753607,0.,-0.615661475326));
#3476 = ORIENTED_EDGE('',*,*,#3477,.T.);
#3477 = EDGE_CURVE('',#3470,#3478,#3480,.T.);
#3478 = VERTEX_POINT('',#3479);
#3479 = CARTESIAN_POINT('',(32.209191885656,22.5,269.04706069487));
#3480 = LINE('',#3481,#3482);
#3481 = CARTESIAN_POINT('',(32.209191885656,-27.,269.04706069487));
#3482 = VECTOR('',#3483,1.);
#3483 = DIRECTION('',(0.,1.,0.));
#3484 = ORIENTED_EDGE('',*,*,#3485,.F.);
#3485 = EDGE_CURVE('',#3486,#3478,#3488,.T.);
#3486 = VERTEX_POINT('',#3487);
#3487 = CARTESIAN_POINT('',(34.490756618613,22.5,267.26450696306));
#3488 = LINE('',#3489,#3490);
#3489 = CARTESIAN_POINT('',(58.005820841192,22.5,248.89252527958));
#3490 = VECTOR('',#3491,1.);
#3491 = DIRECTION('',(-0.788010753607,0.,0.615661475326));
#3492 = ORIENTED_EDGE('',*,*,#3493,.F.);
#3493 = EDGE_CURVE('',#3494,#3486,#3496,.T.);
#3494 = VERTEX_POINT('',#3495);
#3495 = CARTESIAN_POINT('',(36.280772956708,22.5,265.8659929269));
#3496 = LINE('',#3497,#3498);
#3497 = CARTESIAN_POINT('',(58.005820841192,22.5,248.89252527958));
#3498 = VECTOR('',#3499,1.);
#3499 = DIRECTION('',(-0.788010753607,0.,0.615661475326));
#3500 = ORIENTED_EDGE('',*,*,#3501,.F.);
#3501 = EDGE_CURVE('',#3502,#3494,#3504,.T.);
#3502 = VERTEX_POINT('',#3503);
#3503 = CARTESIAN_POINT('',(38.562337689665,22.5,264.08343919509));
#3504 = LINE('',#3505,#3506);
#3505 = CARTESIAN_POINT('',(58.005820841192,22.5,248.89252527958));
#3506 = VECTOR('',#3507,1.);
#3507 = DIRECTION('',(-0.788010753607,0.,0.615661475326));
#3508 = ORIENTED_EDGE('',*,*,#3509,.F.);
#3509 = EDGE_CURVE('',#3510,#3502,#3512,.T.);
#3510 = VERTEX_POINT('',#3511);
#3511 = CARTESIAN_POINT('',(38.562337689665,19.,264.08343919509));
#3512 = LINE('',#3513,#3514);
#3513 = CARTESIAN_POINT('',(38.562337689665,-27.,264.08343919509));
#3514 = VECTOR('',#3515,1.);
#3515 = DIRECTION('',(0.,1.,0.));
#3516 = ORIENTED_EDGE('',*,*,#3517,.F.);
#3517 = EDGE_CURVE('',#3518,#3510,#3520,.T.);
#3518 = VERTEX_POINT('',#3519);
#3519 = CARTESIAN_POINT('',(66.881665044352,19.,241.95795578054));
#3520 = LINE('',#3521,#3522);
#3521 = CARTESIAN_POINT('',(74.321790865871,19.,236.14509241678));
#3522 = VECTOR('',#3523,1.);
#3523 = DIRECTION('',(-0.788010753607,0.,0.615661475326));
#3524 = ORIENTED_EDGE('',*,*,#3525,.T.);
#3525 = EDGE_CURVE('',#3518,#3526,#3528,.T.);
#3526 = VERTEX_POINT('',#3527);
#3527 = CARTESIAN_POINT('',(66.881665044352,20.793772293438,
    241.95795578054));
#3528 = LINE('',#3529,#3530);
#3529 = CARTESIAN_POINT('',(66.881665044352,-27.,241.95795578054));
#3530 = VECTOR('',#3531,1.);
#3531 = DIRECTION('',(0.,1.,0.));
#3532 = ORIENTED_EDGE('',*,*,#3533,.F.);
#3533 = EDGE_CURVE('',#3534,#3526,#3536,.T.);
#3534 = VERTEX_POINT('',#3535);
#3535 = CARTESIAN_POINT('',(65.456669887795,23.,243.0712840142));
#3536 = CIRCLE('',#3537,2.25);
#3537 = AXIS2_PLACEMENT_3D('',#3538,#3539,#3540);
#3538 = CARTESIAN_POINT('',(67.22969408341,23.,241.68604569472));
#3539 = DIRECTION('',(0.615661475326,0.,0.788010753607));
#3540 = DIRECTION('',(-0.788010753607,0.,0.615661475326));
#3541 = ORIENTED_EDGE('',*,*,#3542,.F.);
#3542 = EDGE_CURVE('',#3543,#3534,#3545,.T.);
#3543 = VERTEX_POINT('',#3544);
#3544 = CARTESIAN_POINT('',(68.958385658355,22.5,240.33544381455));
#3545 = CIRCLE('',#3546,2.25);
#3546 = AXIS2_PLACEMENT_3D('',#3547,#3548,#3549);
#3547 = CARTESIAN_POINT('',(67.22969408341,23.,241.68604569472));
#3548 = DIRECTION('',(0.615661475326,0.,0.788010753607));
#3549 = DIRECTION('',(-0.788010753607,0.,0.615661475326));
#3550 = ORIENTED_EDGE('',*,*,#3551,.F.);
#3551 = EDGE_CURVE('',#3552,#3543,#3554,.T.);
#3552 = VERTEX_POINT('',#3553);
#3553 = CARTESIAN_POINT('',(69.163229777309,22.5,240.17540204873));
#3554 = LINE('',#3555,#3556);
#3555 = CARTESIAN_POINT('',(75.34205742054,22.5,235.34797282242));
#3556 = VECTOR('',#3557,1.);
#3557 = DIRECTION('',(-0.788010753607,0.,0.615661475326));
#3558 = ORIENTED_EDGE('',*,*,#3559,.F.);
#3559 = EDGE_CURVE('',#3560,#3552,#3562,.T.);
#3560 = VERTEX_POINT('',#3561);
#3561 = CARTESIAN_POINT('',(70.953246115404,22.5,238.77688801257));
#3562 = LINE('',#3563,#3564);
#3563 = CARTESIAN_POINT('',(75.34205742054,22.5,235.34797282242));
#3564 = VECTOR('',#3565,1.);
#3565 = DIRECTION('',(-0.788010753607,0.,0.615661475326));
#3566 = ORIENTED_EDGE('',*,*,#3567,.F.);
#3567 = EDGE_CURVE('',#3568,#3560,#3570,.T.);
#3568 = VERTEX_POINT('',#3569);
#3569 = CARTESIAN_POINT('',(73.23481084836,22.5,236.99433428077));
#3570 = LINE('',#3571,#3572);
#3571 = CARTESIAN_POINT('',(75.34205742054,22.5,235.34797282242));
#3572 = VECTOR('',#3573,1.);
#3573 = DIRECTION('',(-0.788010753607,0.,0.615661475326));
#3574 = ORIENTED_EDGE('',*,*,#3575,.F.);
#3575 = EDGE_CURVE('',#3576,#3568,#3578,.T.);
#3576 = VERTEX_POINT('',#3577);
#3577 = CARTESIAN_POINT('',(73.23481084836,19.,236.99433428077));
#3578 = LINE('',#3579,#3580);
#3579 = CARTESIAN_POINT('',(73.23481084836,-27.,236.99433428077));
#3580 = VECTOR('',#3581,1.);
#3581 = DIRECTION('',(0.,1.,0.));
#3582 = ORIENTED_EDGE('',*,*,#3583,.F.);
#3583 = EDGE_CURVE('',#3584,#3576,#3586,.T.);
#3584 = VERTEX_POINT('',#3585);
#3585 = CARTESIAN_POINT('',(74.321790865871,19.,236.14509241678));
#3586 = LINE('',#3587,#3588);
#3587 = CARTESIAN_POINT('',(74.321790865871,19.,236.14509241678));
#3588 = VECTOR('',#3589,1.);
#3589 = DIRECTION('',(-0.788010753607,0.,0.615661475326));
#3590 = ORIENTED_EDGE('',*,*,#3591,.F.);
#3591 = EDGE_CURVE('',#3592,#3584,#3594,.T.);
#3592 = VERTEX_POINT('',#3593);
#3593 = CARTESIAN_POINT('',(74.321790865871,-19.,236.14509241678));
#3594 = LINE('',#3595,#3596);
#3595 = CARTESIAN_POINT('',(74.321790865871,-19.,236.14509241678));
#3596 = VECTOR('',#3597,1.);
#3597 = DIRECTION('',(-0.,1.,0.));
#3598 = ORIENTED_EDGE('',*,*,#3599,.T.);
#3599 = EDGE_CURVE('',#3592,#3600,#3602,.T.);
#3600 = VERTEX_POINT('',#3601);
#3601 = CARTESIAN_POINT('',(73.23481084836,-19.,236.99433428077));
#3602 = LINE('',#3603,#3604);
#3603 = CARTESIAN_POINT('',(74.321790865871,-19.,236.14509241678));
#3604 = VECTOR('',#3605,1.);
#3605 = DIRECTION('',(-0.788010753607,0.,0.615661475326));
#3606 = ORIENTED_EDGE('',*,*,#3607,.F.);
#3607 = EDGE_CURVE('',#3608,#3600,#3610,.T.);
#3608 = VERTEX_POINT('',#3609);
#3609 = CARTESIAN_POINT('',(73.234810848361,-22.5,236.99433428077));
#3610 = LINE('',#3611,#3612);
#3611 = CARTESIAN_POINT('',(73.23481084836,-27.,236.99433428077));
#3612 = VECTOR('',#3613,1.);
#3613 = DIRECTION('',(0.,1.,0.));
#3614 = ORIENTED_EDGE('',*,*,#3615,.T.);
#3615 = EDGE_CURVE('',#3608,#3616,#3618,.T.);
#3616 = VERTEX_POINT('',#3617);
#3617 = CARTESIAN_POINT('',(74.840218993243,-22.5,235.74005197249));
#3618 = LINE('',#3619,#3620);
#3619 = CARTESIAN_POINT('',(57.379559663326,-22.5,249.38181413629));
#3620 = VECTOR('',#3621,1.);
#3621 = DIRECTION('',(0.788010753607,0.,-0.615661475326));
#3622 = ORIENTED_EDGE('',*,*,#3623,.T.);
#3623 = EDGE_CURVE('',#3616,#3624,#3626,.T.);
#3624 = VERTEX_POINT('',#3625);
#3625 = CARTESIAN_POINT('',(74.840218993243,22.5,235.74005197249));
#3626 = LINE('',#3627,#3628);
#3627 = CARTESIAN_POINT('',(74.840218993243,-24.75,235.74005197249));
#3628 = VECTOR('',#3629,1.);
#3629 = DIRECTION('',(0.,1.,0.));
#3630 = ORIENTED_EDGE('',*,*,#3631,.T.);
#3631 = EDGE_CURVE('',#3624,#3632,#3634,.T.);
#3632 = VERTEX_POINT('',#3633);
#3633 = CARTESIAN_POINT('',(78.386267384474,22.5,232.96957533353));
#3634 = LINE('',#3635,#3636);
#3635 = CARTESIAN_POINT('',(57.379559663326,22.5,249.38181413629));
#3636 = VECTOR('',#3637,1.);
#3637 = DIRECTION('',(0.788010753607,0.,-0.615661475326));
#3638 = ORIENTED_EDGE('',*,*,#3639,.F.);
#3639 = EDGE_CURVE('',#3334,#3632,#3640,.T.);
#3640 = LINE('',#3641,#3642);
#3641 = CARTESIAN_POINT('',(78.386267384474,-27.,232.96957533353));
#3642 = VECTOR('',#3643,1.);
#3643 = DIRECTION('',(0.,1.,0.));
#3644 = FACE_BOUND('',#3645,.T.);
#3645 = EDGE_LOOP('',(#3646));
#3646 = ORIENTED_EDGE('',*,*,#3647,.F.);
#3647 = EDGE_CURVE('',#3648,#3648,#3650,.T.);
#3648 = VERTEX_POINT('',#3649);
#3649 = CARTESIAN_POINT('',(41.816347279593,23.,261.54112827397));
#3650 = CIRCLE('',#3651,2.25);
#3651 = AXIS2_PLACEMENT_3D('',#3652,#3653,#3654);
#3652 = CARTESIAN_POINT('',(43.589371475208,23.,260.15588995449));
#3653 = DIRECTION('',(0.615661475326,0.,0.788010753607));
#3654 = DIRECTION('',(-0.788010753607,0.,0.615661475326));
#3655 = PLANE('',#3656);
#3656 = AXIS2_PLACEMENT_3D('',#3657,#3658,#3659);
#3657 = CARTESIAN_POINT('',(80.625876894724,-27.,231.21980061418));
#3658 = DIRECTION('',(0.615661475326,0.,0.788010753607));
#3659 = DIRECTION('',(-0.788010753607,0.,0.615661475326));
#3660 = ADVANCED_FACE('',(#3661),#3688,.F.);
#3661 = FACE_BOUND('',#3662,.F.);
#3662 = EDGE_LOOP('',(#3663,#3671,#3672,#3679,#3680,#3681));
#3663 = ORIENTED_EDGE('',*,*,#3664,.T.);
#3664 = EDGE_CURVE('',#3665,#3534,#3667,.T.);
#3665 = VERTEX_POINT('',#3666);
#3666 = CARTESIAN_POINT('',(59.300055134538,23.,235.19117647813));
#3667 = LINE('',#3668,#3669);
#3668 = CARTESIAN_POINT('',(59.300055134538,23.,235.19117647813));
#3669 = VECTOR('',#3670,1.);
#3670 = DIRECTION('',(0.615661475326,0.,0.788010753607));
#3671 = ORIENTED_EDGE('',*,*,#3542,.F.);
#3672 = ORIENTED_EDGE('',*,*,#3673,.F.);
#3673 = EDGE_CURVE('',#3526,#3543,#3674,.T.);
#3674 = CIRCLE('',#3675,2.25);
#3675 = AXIS2_PLACEMENT_3D('',#3676,#3677,#3678);
#3676 = CARTESIAN_POINT('',(67.22969408341,23.,241.68604569472));
#3677 = DIRECTION('',(0.615661475326,0.,0.788010753607));
#3678 = DIRECTION('',(-0.788010753607,0.,0.615661475326));
#3679 = ORIENTED_EDGE('',*,*,#3533,.F.);
#3680 = ORIENTED_EDGE('',*,*,#3664,.F.);
#3681 = ORIENTED_EDGE('',*,*,#3682,.T.);
#3682 = EDGE_CURVE('',#3665,#3665,#3683,.T.);
#3683 = CIRCLE('',#3684,2.25);
#3684 = AXIS2_PLACEMENT_3D('',#3685,#3686,#3687);
#3685 = CARTESIAN_POINT('',(61.073079330153,23.,233.80593815865));
#3686 = DIRECTION('',(0.615661475326,0.,0.788010753607));
#3687 = DIRECTION('',(-0.788010753607,0.,0.615661475326));
#3688 = CYLINDRICAL_SURFACE('',#3689,2.25);
#3689 = AXIS2_PLACEMENT_3D('',#3690,#3691,#3692);
#3690 = CARTESIAN_POINT('',(61.073079330153,23.,233.80593815865));
#3691 = DIRECTION('',(0.615661475326,0.,0.788010753607));
#3692 = DIRECTION('',(-0.788010753607,0.,0.615661475326));
#3693 = ADVANCED_FACE('',(#3694),#3713,.F.);
#3694 = FACE_BOUND('',#3695,.F.);
#3695 = EDGE_LOOP('',(#3696,#3697,#3705,#3712));
#3696 = ORIENTED_EDGE('',*,*,#3647,.F.);
#3697 = ORIENTED_EDGE('',*,*,#3698,.F.);
#3698 = EDGE_CURVE('',#3699,#3648,#3701,.T.);
#3699 = VERTEX_POINT('',#3700);
#3700 = CARTESIAN_POINT('',(35.659732526337,23.,253.6610207379));
#3701 = LINE('',#3702,#3703);
#3702 = CARTESIAN_POINT('',(35.659732526337,23.,253.6610207379));
#3703 = VECTOR('',#3704,1.);
#3704 = DIRECTION('',(0.615661475326,0.,0.788010753607));
#3705 = ORIENTED_EDGE('',*,*,#3706,.T.);
#3706 = EDGE_CURVE('',#3699,#3699,#3707,.T.);
#3707 = CIRCLE('',#3708,2.25);
#3708 = AXIS2_PLACEMENT_3D('',#3709,#3710,#3711);
#3709 = CARTESIAN_POINT('',(37.432756721952,23.,252.27578241842));
#3710 = DIRECTION('',(0.615661475326,0.,0.788010753607));
#3711 = DIRECTION('',(-0.788010753607,0.,0.615661475326));
#3712 = ORIENTED_EDGE('',*,*,#3698,.T.);
#3713 = CYLINDRICAL_SURFACE('',#3714,2.25);
#3714 = AXIS2_PLACEMENT_3D('',#3715,#3716,#3717);
#3715 = CARTESIAN_POINT('',(37.432756721952,23.,252.27578241842));
#3716 = DIRECTION('',(0.615661475326,0.,0.788010753607));
#3717 = DIRECTION('',(-0.788010753607,0.,0.615661475326));
#3718 = ADVANCED_FACE('',(#3719),#3744,.T.);
#3719 = FACE_BOUND('',#3720,.T.);
#3720 = EDGE_LOOP('',(#3721,#3729,#3730,#3738));
#3721 = ORIENTED_EDGE('',*,*,#3722,.F.);
#3722 = EDGE_CURVE('',#3462,#3723,#3725,.T.);
#3723 = VERTEX_POINT('',#3724);
#3724 = CARTESIAN_POINT('',(53.043156381406,-22.5,322.56578552018));
#3725 = LINE('',#3726,#3727);
#3726 = CARTESIAN_POINT('',(27.582622301868,-22.5,259.97155085999));
#3727 = VECTOR('',#3728,1.);
#3728 = DIRECTION('',(0.376778733993,0.,0.926303290295));
#3729 = ORIENTED_EDGE('',*,*,#3461,.F.);
#3730 = ORIENTED_EDGE('',*,*,#3731,.F.);
#3731 = EDGE_CURVE('',#3732,#3454,#3734,.T.);
#3732 = VERTEX_POINT('',#3733);
#3733 = CARTESIAN_POINT('',(53.043156381406,22.5,322.56578552018));
#3734 = LINE('',#3735,#3736);
#3735 = CARTESIAN_POINT('',(44.77207694098,22.5,302.23149536862));
#3736 = VECTOR('',#3737,1.);
#3737 = DIRECTION('',(-0.376778733993,0.,-0.926303290295));
#3738 = ORIENTED_EDGE('',*,*,#3739,.T.);
#3739 = EDGE_CURVE('',#3732,#3723,#3740,.T.);
#3740 = LINE('',#3741,#3742);
#3741 = CARTESIAN_POINT('',(53.043156381406,-24.75,322.56578552018));
#3742 = VECTOR('',#3743,1.);
#3743 = DIRECTION('',(0.,-1.,0.));
#3744 = PLANE('',#3745);
#3745 = AXIS2_PLACEMENT_3D('',#3746,#3747,#3748);
#3746 = CARTESIAN_POINT('',(27.582622301868,-22.5,259.97155085999));
#3747 = DIRECTION('',(0.926303290295,0.,-0.376778733993));
#3748 = DIRECTION('',(0.376778733993,0.,0.926303290295));
#3749 = ADVANCED_FACE('',(#3750),#3775,.T.);
#3750 = FACE_BOUND('',#3751,.T.);
#3751 = EDGE_LOOP('',(#3752,#3760,#3768,#3774));
#3752 = ORIENTED_EDGE('',*,*,#3753,.F.);
#3753 = EDGE_CURVE('',#3754,#3616,#3756,.T.);
#3754 = VERTEX_POINT('',#3755);
#3755 = CARTESIAN_POINT('',(96.383747829776,-22.5,288.70440437727));
#3756 = LINE('',#3757,#3758);
#3757 = CARTESIAN_POINT('',(102.25925569428,-22.5,303.14922776039));
#3758 = VECTOR('',#3759,1.);
#3759 = DIRECTION('',(-0.376778733993,0.,-0.926303290295));
#3760 = ORIENTED_EDGE('',*,*,#3761,.T.);
#3761 = EDGE_CURVE('',#3754,#3762,#3764,.T.);
#3762 = VERTEX_POINT('',#3763);
#3763 = CARTESIAN_POINT('',(96.383747829776,22.5,288.70440437727));
#3764 = LINE('',#3765,#3766);
#3765 = CARTESIAN_POINT('',(96.383747829776,-24.75,288.70440437727));
#3766 = VECTOR('',#3767,1.);
#3767 = DIRECTION('',(0.,1.,0.));
#3768 = ORIENTED_EDGE('',*,*,#3769,.F.);
#3769 = EDGE_CURVE('',#3624,#3762,#3770,.T.);
#3770 = LINE('',#3771,#3772);
#3771 = CARTESIAN_POINT('',(106.6133298917,22.5,313.85363565654));
#3772 = VECTOR('',#3773,1.);
#3773 = DIRECTION('',(0.376778733993,0.,0.926303290295));
#3774 = ORIENTED_EDGE('',*,*,#3623,.F.);
#3775 = PLANE('',#3776);
#3776 = AXIS2_PLACEMENT_3D('',#3777,#3778,#3779);
#3777 = CARTESIAN_POINT('',(102.25925569428,-22.5,303.14922776039));
#3778 = DIRECTION('',(-0.926303290295,0.,0.376778733993));
#3779 = DIRECTION('',(-0.376778733993,0.,-0.926303290295));
#3780 = ADVANCED_FACE('',(#3781),#3893,.T.);
#3781 = FACE_BOUND('',#3782,.T.);
#3782 = EDGE_LOOP('',(#3783,#3784,#3785,#3793,#3802,#3810,#3819,#3825,
    #3826,#3827,#3836,#3845,#3853,#3861,#3869,#3877,#3886));
#3783 = ORIENTED_EDGE('',*,*,#3469,.F.);
#3784 = ORIENTED_EDGE('',*,*,#3722,.T.);
#3785 = ORIENTED_EDGE('',*,*,#3786,.T.);
#3786 = EDGE_CURVE('',#3723,#3787,#3789,.T.);
#3787 = VERTEX_POINT('',#3788);
#3788 = CARTESIAN_POINT('',(53.831167135013,-22.5,321.95012404485));
#3789 = LINE('',#3790,#3791);
#3790 = CARTESIAN_POINT('',(94.392983820664,-22.5,290.25975968335));
#3791 = VECTOR('',#3792,1.);
#3792 = DIRECTION('',(0.788010753607,0.,-0.615661475326));
#3793 = ORIENTED_EDGE('',*,*,#3794,.F.);
#3794 = EDGE_CURVE('',#3795,#3787,#3797,.T.);
#3795 = VERTEX_POINT('',#3796);
#3796 = CARTESIAN_POINT('',(60.923263917473,-22.5,316.40917076692));
#3797 = CIRCLE('',#3798,4.5);
#3798 = AXIS2_PLACEMENT_3D('',#3799,#3800,#3801);
#3799 = CARTESIAN_POINT('',(57.377215526243,-22.5,319.17964740589));
#3800 = DIRECTION('',(0.,1.,-0.));
#3801 = DIRECTION('',(-0.788010753607,0.,0.615661475326));
#3802 = ORIENTED_EDGE('',*,*,#3803,.T.);
#3803 = EDGE_CURVE('',#3795,#3804,#3806,.T.);
#3804 = VERTEX_POINT('',#3805);
#3805 = CARTESIAN_POINT('',(88.503640293709,-22.5,294.86101913052));
#3806 = LINE('',#3807,#3808);
#3807 = CARTESIAN_POINT('',(94.392983820664,-22.5,290.25975968335));
#3808 = VECTOR('',#3809,1.);
#3809 = DIRECTION('',(0.788010753607,0.,-0.615661475326));
#3810 = ORIENTED_EDGE('',*,*,#3811,.F.);
#3811 = EDGE_CURVE('',#3812,#3804,#3814,.T.);
#3812 = VERTEX_POINT('',#3813);
#3813 = CARTESIAN_POINT('',(95.595737076169,-22.5,289.32006585259));
#3814 = CIRCLE('',#3815,4.5);
#3815 = AXIS2_PLACEMENT_3D('',#3816,#3817,#3818);
#3816 = CARTESIAN_POINT('',(92.049688684939,-22.5,292.09054249156));
#3817 = DIRECTION('',(0.,1.,-0.));
#3818 = DIRECTION('',(-0.788010753607,0.,0.615661475326));
#3819 = ORIENTED_EDGE('',*,*,#3820,.T.);
#3820 = EDGE_CURVE('',#3812,#3754,#3821,.T.);
#3821 = LINE('',#3822,#3823);
#3822 = CARTESIAN_POINT('',(94.392983820664,-22.5,290.25975968335));
#3823 = VECTOR('',#3824,1.);
#3824 = DIRECTION('',(0.788010753607,0.,-0.615661475326));
#3825 = ORIENTED_EDGE('',*,*,#3753,.T.);
#3826 = ORIENTED_EDGE('',*,*,#3615,.F.);
#3827 = ORIENTED_EDGE('',*,*,#3828,.F.);
#3828 = EDGE_CURVE('',#3829,#3608,#3831,.T.);
#3829 = VERTEX_POINT('',#3830);
#3830 = CARTESIAN_POINT('',(67.743512505777,-22.5,243.82264317683));
#3831 = CIRCLE('',#3832,4.5);
#3832 = AXIS2_PLACEMENT_3D('',#3833,#3834,#3835);
#3833 = CARTESIAN_POINT('',(71.289560897008,-22.5,241.05216653787));
#3834 = DIRECTION('',(0.,1.,-0.));
#3835 = DIRECTION('',(-0.788010753607,0.,0.615661475326));
#3836 = ORIENTED_EDGE('',*,*,#3837,.F.);
#3837 = EDGE_CURVE('',#3838,#3829,#3840,.T.);
#3838 = VERTEX_POINT('',#3839);
#3839 = CARTESIAN_POINT('',(66.881665044352,-22.5,241.95795578054));
#3840 = CIRCLE('',#3841,4.5);
#3841 = AXIS2_PLACEMENT_3D('',#3842,#3843,#3844);
#3842 = CARTESIAN_POINT('',(71.289560897008,-22.5,241.05216653787));
#3843 = DIRECTION('',(0.,1.,-0.));
#3844 = DIRECTION('',(-0.788010753607,0.,0.615661475326));
#3845 = ORIENTED_EDGE('',*,*,#3846,.F.);
#3846 = EDGE_CURVE('',#3847,#3838,#3849,.T.);
#3847 = VERTEX_POINT('',#3848);
#3848 = CARTESIAN_POINT('',(65.501002508465,-22.5,243.03664757488));
#3849 = LINE('',#3850,#3851);
#3850 = CARTESIAN_POINT('',(57.379559663326,-22.5,249.38181413629));
#3851 = VECTOR('',#3852,1.);
#3852 = DIRECTION('',(0.788010753607,0.,-0.615661475326));
#3853 = ORIENTED_EDGE('',*,*,#3854,.F.);
#3854 = EDGE_CURVE('',#3855,#3847,#3857,.T.);
#3855 = VERTEX_POINT('',#3856);
#3856 = CARTESIAN_POINT('',(45.318063050154,-22.5,258.80528807432));
#3857 = LINE('',#3858,#3859);
#3858 = CARTESIAN_POINT('',(57.379559663326,-22.5,249.38181413629));
#3859 = VECTOR('',#3860,1.);
#3860 = DIRECTION('',(0.788010753607,0.,-0.615661475326));
#3861 = ORIENTED_EDGE('',*,*,#3862,.F.);
#3862 = EDGE_CURVE('',#3863,#3855,#3865,.T.);
#3863 = VERTEX_POINT('',#3864);
#3864 = CARTESIAN_POINT('',(41.860679900263,-22.5,261.50649183465));
#3865 = LINE('',#3866,#3867);
#3866 = CARTESIAN_POINT('',(57.379559663326,-22.5,249.38181413629));
#3867 = VECTOR('',#3868,1.);
#3868 = DIRECTION('',(0.788010753607,0.,-0.615661475326));
#3869 = ORIENTED_EDGE('',*,*,#3870,.F.);
#3870 = EDGE_CURVE('',#3871,#3863,#3873,.T.);
#3871 = VERTEX_POINT('',#3872);
#3872 = CARTESIAN_POINT('',(38.562337689665,-22.5,264.08343919509));
#3873 = LINE('',#3874,#3875);
#3874 = CARTESIAN_POINT('',(57.379559663326,-22.5,249.38181413629));
#3875 = VECTOR('',#3876,1.);
#3876 = DIRECTION('',(0.788010753607,0.,-0.615661475326));
#3877 = ORIENTED_EDGE('',*,*,#3878,.F.);
#3878 = EDGE_CURVE('',#3879,#3871,#3881,.T.);
#3879 = VERTEX_POINT('',#3880);
#3880 = CARTESIAN_POINT('',(33.071039347082,-22.5,270.91174809116));
#3881 = CIRCLE('',#3882,4.5);
#3882 = AXIS2_PLACEMENT_3D('',#3883,#3884,#3885);
#3883 = CARTESIAN_POINT('',(36.617087738312,-22.5,268.14127145219));
#3884 = DIRECTION('',(0.,1.,-0.));
#3885 = DIRECTION('',(-0.788010753607,0.,0.615661475326));
#3886 = ORIENTED_EDGE('',*,*,#3887,.F.);
#3887 = EDGE_CURVE('',#3470,#3879,#3888,.T.);
#3888 = CIRCLE('',#3889,4.5);
#3889 = AXIS2_PLACEMENT_3D('',#3890,#3891,#3892);
#3890 = CARTESIAN_POINT('',(36.617087738312,-22.5,268.14127145219));
#3891 = DIRECTION('',(0.,1.,-0.));
#3892 = DIRECTION('',(-0.788010753607,0.,0.615661475326));
#3893 = PLANE('',#3894);
#3894 = AXIS2_PLACEMENT_3D('',#3895,#3896,#3897);
#3895 = CARTESIAN_POINT('',(86.464467834609,-22.5,334.52474171496));
#3896 = DIRECTION('',(0.,1.,0.));
#3897 = DIRECTION('',(-0.788010753607,0.,0.615661475326));
#3898 = ADVANCED_FACE('',(#3899),#3960,.F.);
#3899 = FACE_BOUND('',#3900,.F.);
#3900 = EDGE_LOOP('',(#3901,#3911,#3918,#3927,#3934,#3935,#3944,#3953));
#3901 = ORIENTED_EDGE('',*,*,#3902,.T.);
#3902 = EDGE_CURVE('',#3903,#3905,#3907,.T.);
#3903 = VERTEX_POINT('',#3904);
#3904 = CARTESIAN_POINT('',(59.300055134538,-23.,235.19117647813));
#3905 = VERTEX_POINT('',#3906);
#3906 = CARTESIAN_POINT('',(65.456669887795,-23.,243.0712840142));
#3907 = LINE('',#3908,#3909);
#3908 = CARTESIAN_POINT('',(59.300055134538,-23.,235.19117647813));
#3909 = VECTOR('',#3910,1.);
#3910 = DIRECTION('',(0.615661475326,0.,0.788010753607));
#3911 = ORIENTED_EDGE('',*,*,#3912,.F.);
#3912 = EDGE_CURVE('',#3847,#3905,#3913,.T.);
#3913 = CIRCLE('',#3914,2.25);
#3914 = AXIS2_PLACEMENT_3D('',#3915,#3916,#3917);
#3915 = CARTESIAN_POINT('',(67.22969408341,-23.,241.68604569472));
#3916 = DIRECTION('',(0.615661475326,0.,0.788010753607));
#3917 = DIRECTION('',(-0.788010753607,0.,0.615661475326));
#3918 = ORIENTED_EDGE('',*,*,#3919,.F.);
#3919 = EDGE_CURVE('',#3920,#3847,#3922,.T.);
#3920 = VERTEX_POINT('',#3921);
#3921 = CARTESIAN_POINT('',(66.881665044352,-20.79377229343,
    241.95795578054));
#3922 = CIRCLE('',#3923,2.25);
#3923 = AXIS2_PLACEMENT_3D('',#3924,#3925,#3926);
#3924 = CARTESIAN_POINT('',(67.22969408341,-23.,241.68604569472));
#3925 = DIRECTION('',(0.615661475326,0.,0.788010753607));
#3926 = DIRECTION('',(-0.788010753607,0.,0.615661475326));
#3927 = ORIENTED_EDGE('',*,*,#3928,.F.);
#3928 = EDGE_CURVE('',#3905,#3920,#3929,.T.);
#3929 = CIRCLE('',#3930,2.25);
#3930 = AXIS2_PLACEMENT_3D('',#3931,#3932,#3933);
#3931 = CARTESIAN_POINT('',(67.22969408341,-23.,241.68604569472));
#3932 = DIRECTION('',(0.615661475326,0.,0.788010753607));
#3933 = DIRECTION('',(-0.788010753607,0.,0.615661475326));
#3934 = ORIENTED_EDGE('',*,*,#3902,.F.);
#3935 = ORIENTED_EDGE('',*,*,#3936,.T.);
#3936 = EDGE_CURVE('',#3903,#3937,#3939,.T.);
#3937 = VERTEX_POINT('',#3938);
#3938 = CARTESIAN_POINT('',(62.801770905099,-22.5,232.45533627848));
#3939 = CIRCLE('',#3940,2.25);
#3940 = AXIS2_PLACEMENT_3D('',#3941,#3942,#3943);
#3941 = CARTESIAN_POINT('',(61.073079330153,-23.,233.80593815865));
#3942 = DIRECTION('',(0.615661475326,0.,0.788010753607));
#3943 = DIRECTION('',(-0.788010753607,0.,0.615661475326));
#3944 = ORIENTED_EDGE('',*,*,#3945,.T.);
#3945 = EDGE_CURVE('',#3937,#3946,#3948,.T.);
#3946 = VERTEX_POINT('',#3947);
#3947 = CARTESIAN_POINT('',(59.344387755208,-22.5,235.15654003882));
#3948 = CIRCLE('',#3949,2.25);
#3949 = AXIS2_PLACEMENT_3D('',#3950,#3951,#3952);
#3950 = CARTESIAN_POINT('',(61.073079330153,-23.,233.80593815865));
#3951 = DIRECTION('',(0.615661475326,0.,0.788010753607));
#3952 = DIRECTION('',(-0.788010753607,0.,0.615661475326));
#3953 = ORIENTED_EDGE('',*,*,#3954,.T.);
#3954 = EDGE_CURVE('',#3946,#3903,#3955,.T.);
#3955 = CIRCLE('',#3956,2.25);
#3956 = AXIS2_PLACEMENT_3D('',#3957,#3958,#3959);
#3957 = CARTESIAN_POINT('',(61.073079330153,-23.,233.80593815865));
#3958 = DIRECTION('',(0.615661475326,0.,0.788010753607));
#3959 = DIRECTION('',(-0.788010753607,0.,0.615661475326));
#3960 = CYLINDRICAL_SURFACE('',#3961,2.25);
#3961 = AXIS2_PLACEMENT_3D('',#3962,#3963,#3964);
#3962 = CARTESIAN_POINT('',(61.073079330153,-23.,233.80593815865));
#3963 = DIRECTION('',(0.615661475326,0.,0.788010753607));
#3964 = DIRECTION('',(-0.788010753607,0.,0.615661475326));
#3965 = ADVANCED_FACE('',(#3966),#4000,.T.);
#3966 = FACE_BOUND('',#3967,.T.);
#3967 = EDGE_LOOP('',(#3968,#3976,#3977,#3984,#3985,#3986,#3994));
#3968 = ORIENTED_EDGE('',*,*,#3969,.F.);
#3969 = EDGE_CURVE('',#3871,#3970,#3972,.T.);
#3970 = VERTEX_POINT('',#3971);
#3971 = CARTESIAN_POINT('',(38.562337689665,-19.,264.08343919509));
#3972 = LINE('',#3973,#3974);
#3973 = CARTESIAN_POINT('',(38.562337689665,-27.,264.08343919509));
#3974 = VECTOR('',#3975,1.);
#3975 = DIRECTION('',(0.,1.,0.));
#3976 = ORIENTED_EDGE('',*,*,#3870,.T.);
#3977 = ORIENTED_EDGE('',*,*,#3978,.F.);
#3978 = EDGE_CURVE('',#3855,#3863,#3979,.T.);
#3979 = CIRCLE('',#3980,2.25);
#3980 = AXIS2_PLACEMENT_3D('',#3981,#3982,#3983);
#3981 = CARTESIAN_POINT('',(43.589371475208,-23.,260.15588995449));
#3982 = DIRECTION('',(0.615661475326,0.,0.788010753607));
#3983 = DIRECTION('',(-0.788010753607,0.,0.615661475326));
#3984 = ORIENTED_EDGE('',*,*,#3854,.T.);
#3985 = ORIENTED_EDGE('',*,*,#3919,.F.);
#3986 = ORIENTED_EDGE('',*,*,#3987,.T.);
#3987 = EDGE_CURVE('',#3920,#3988,#3990,.T.);
#3988 = VERTEX_POINT('',#3989);
#3989 = CARTESIAN_POINT('',(66.881665044352,-19.,241.95795578054));
#3990 = LINE('',#3991,#3992);
#3991 = CARTESIAN_POINT('',(66.881665044352,-27.,241.95795578054));
#3992 = VECTOR('',#3993,1.);
#3993 = DIRECTION('',(0.,1.,0.));
#3994 = ORIENTED_EDGE('',*,*,#3995,.T.);
#3995 = EDGE_CURVE('',#3988,#3970,#3996,.T.);
#3996 = LINE('',#3997,#3998);
#3997 = CARTESIAN_POINT('',(74.321790865871,-19.,236.14509241678));
#3998 = VECTOR('',#3999,1.);
#3999 = DIRECTION('',(-0.788010753607,0.,0.615661475326));
#4000 = PLANE('',#4001);
#4001 = AXIS2_PLACEMENT_3D('',#4002,#4003,#4004);
#4002 = CARTESIAN_POINT('',(80.625876894724,-27.,231.21980061418));
#4003 = DIRECTION('',(0.615661475326,0.,0.788010753607));
#4004 = DIRECTION('',(-0.788010753607,0.,0.615661475326));
#4005 = ADVANCED_FACE('',(#4006),#4059,.F.);
#4006 = FACE_BOUND('',#4007,.F.);
#4007 = EDGE_LOOP('',(#4008,#4018,#4025,#4026,#4033,#4034,#4043,#4052));
#4008 = ORIENTED_EDGE('',*,*,#4009,.T.);
#4009 = EDGE_CURVE('',#4010,#4012,#4014,.T.);
#4010 = VERTEX_POINT('',#4011);
#4011 = CARTESIAN_POINT('',(35.659732526337,-23.,253.6610207379));
#4012 = VERTEX_POINT('',#4013);
#4013 = CARTESIAN_POINT('',(41.816347279593,-23.,261.54112827397));
#4014 = LINE('',#4015,#4016);
#4015 = CARTESIAN_POINT('',(35.659732526337,-23.,253.6610207379));
#4016 = VECTOR('',#4017,1.);
#4017 = DIRECTION('',(0.615661475326,0.,0.788010753607));
#4018 = ORIENTED_EDGE('',*,*,#4019,.F.);
#4019 = EDGE_CURVE('',#3863,#4012,#4020,.T.);
#4020 = CIRCLE('',#4021,2.25);
#4021 = AXIS2_PLACEMENT_3D('',#4022,#4023,#4024);
#4022 = CARTESIAN_POINT('',(43.589371475208,-23.,260.15588995449));
#4023 = DIRECTION('',(0.615661475326,0.,0.788010753607));
#4024 = DIRECTION('',(-0.788010753607,0.,0.615661475326));
#4025 = ORIENTED_EDGE('',*,*,#3978,.F.);
#4026 = ORIENTED_EDGE('',*,*,#4027,.F.);
#4027 = EDGE_CURVE('',#4012,#3855,#4028,.T.);
#4028 = CIRCLE('',#4029,2.25);
#4029 = AXIS2_PLACEMENT_3D('',#4030,#4031,#4032);
#4030 = CARTESIAN_POINT('',(43.589371475208,-23.,260.15588995449));
#4031 = DIRECTION('',(0.615661475326,0.,0.788010753607));
#4032 = DIRECTION('',(-0.788010753607,0.,0.615661475326));
#4033 = ORIENTED_EDGE('',*,*,#4009,.F.);
#4034 = ORIENTED_EDGE('',*,*,#4035,.T.);
#4035 = EDGE_CURVE('',#4010,#4036,#4038,.T.);
#4036 = VERTEX_POINT('',#4037);
#4037 = CARTESIAN_POINT('',(39.161448296897,-22.5,250.92518053825));
#4038 = CIRCLE('',#4039,2.25);
#4039 = AXIS2_PLACEMENT_3D('',#4040,#4041,#4042);
#4040 = CARTESIAN_POINT('',(37.432756721952,-23.,252.27578241842));
#4041 = DIRECTION('',(0.615661475326,0.,0.788010753607));
#4042 = DIRECTION('',(-0.788010753607,0.,0.615661475326));
#4043 = ORIENTED_EDGE('',*,*,#4044,.T.);
#4044 = EDGE_CURVE('',#4036,#4045,#4047,.T.);
#4045 = VERTEX_POINT('',#4046);
#4046 = CARTESIAN_POINT('',(35.704065147007,-22.5,253.62638429859));
#4047 = CIRCLE('',#4048,2.25);
#4048 = AXIS2_PLACEMENT_3D('',#4049,#4050,#4051);
#4049 = CARTESIAN_POINT('',(37.432756721952,-23.,252.27578241842));
#4050 = DIRECTION('',(0.615661475326,0.,0.788010753607));
#4051 = DIRECTION('',(-0.788010753607,0.,0.615661475326));
#4052 = ORIENTED_EDGE('',*,*,#4053,.T.);
#4053 = EDGE_CURVE('',#4045,#4010,#4054,.T.);
#4054 = CIRCLE('',#4055,2.25);
#4055 = AXIS2_PLACEMENT_3D('',#4056,#4057,#4058);
#4056 = CARTESIAN_POINT('',(37.432756721952,-23.,252.27578241842));
#4057 = DIRECTION('',(0.615661475326,0.,0.788010753607));
#4058 = DIRECTION('',(-0.788010753607,0.,0.615661475326));
#4059 = CYLINDRICAL_SURFACE('',#4060,2.25);
#4060 = AXIS2_PLACEMENT_3D('',#4061,#4062,#4063);
#4061 = CARTESIAN_POINT('',(37.432756721952,-23.,252.27578241842));
#4062 = DIRECTION('',(0.615661475326,0.,0.788010753607));
#4063 = DIRECTION('',(-0.788010753607,0.,0.615661475326));
#4064 = ADVANCED_FACE('',(#4065),#4070,.F.);
#4065 = FACE_BOUND('',#4066,.F.);
#4066 = EDGE_LOOP('',(#4067,#4068,#4069));
#4067 = ORIENTED_EDGE('',*,*,#4019,.T.);
#4068 = ORIENTED_EDGE('',*,*,#4027,.T.);
#4069 = ORIENTED_EDGE('',*,*,#3862,.F.);
#4070 = PLANE('',#4071);
#4071 = AXIS2_PLACEMENT_3D('',#4072,#4073,#4074);
#4072 = CARTESIAN_POINT('',(43.589371475208,-23.,260.15588995449));
#4073 = DIRECTION('',(0.615661475326,0.,0.788010753607));
#4074 = DIRECTION('',(-0.788010753607,0.,0.615661475326));
#4075 = ADVANCED_FACE('',(#4076),#4087,.F.);
#4076 = FACE_BOUND('',#4077,.F.);
#4077 = EDGE_LOOP('',(#4078,#4079,#4080,#4086));
#4078 = ORIENTED_EDGE('',*,*,#3912,.T.);
#4079 = ORIENTED_EDGE('',*,*,#3928,.T.);
#4080 = ORIENTED_EDGE('',*,*,#4081,.F.);
#4081 = EDGE_CURVE('',#3838,#3920,#4082,.T.);
#4082 = LINE('',#4083,#4084);
#4083 = CARTESIAN_POINT('',(66.881665044352,-27.,241.95795578054));
#4084 = VECTOR('',#4085,1.);
#4085 = DIRECTION('',(0.,1.,0.));
#4086 = ORIENTED_EDGE('',*,*,#3846,.F.);
#4087 = PLANE('',#4088);
#4088 = AXIS2_PLACEMENT_3D('',#4089,#4090,#4091);
#4089 = CARTESIAN_POINT('',(67.22969408341,-23.,241.68604569472));
#4090 = DIRECTION('',(0.615661475326,0.,0.788010753607));
#4091 = DIRECTION('',(-0.788010753607,0.,0.615661475326));
#4092 = ADVANCED_FACE('',(#4093),#4119,.T.);
#4093 = FACE_BOUND('',#4094,.T.);
#4094 = EDGE_LOOP('',(#4095,#4103,#4111,#4118));
#4095 = ORIENTED_EDGE('',*,*,#4096,.F.);
#4096 = EDGE_CURVE('',#4097,#3592,#4099,.T.);
#4097 = VERTEX_POINT('',#4098);
#4098 = CARTESIAN_POINT('',(73.398298652882,-19.,234.96307628637));
#4099 = LINE('',#4100,#4101);
#4100 = CARTESIAN_POINT('',(68.165176112614,-19.,228.26498488072));
#4101 = VECTOR('',#4102,1.);
#4102 = DIRECTION('',(0.615661475326,0.,0.788010753607));
#4103 = ORIENTED_EDGE('',*,*,#4104,.T.);
#4104 = EDGE_CURVE('',#4097,#4105,#4107,.T.);
#4105 = VERTEX_POINT('',#4106);
#4106 = CARTESIAN_POINT('',(71.363576723461,-19.,236.55277528377));
#4107 = LINE('',#4108,#4109);
#4108 = CARTESIAN_POINT('',(79.702384681736,-19.,230.03778448377));
#4109 = VECTOR('',#4110,1.);
#4110 = DIRECTION('',(-0.788010753607,0.,0.615661475326));
#4111 = ORIENTED_EDGE('',*,*,#4112,.F.);
#4112 = EDGE_CURVE('',#3600,#4105,#4113,.T.);
#4113 = CIRCLE('',#4114,4.5);
#4114 = AXIS2_PLACEMENT_3D('',#4115,#4116,#4117);
#4115 = CARTESIAN_POINT('',(71.289560897008,-19.,241.05216653787));
#4116 = DIRECTION('',(0.,1.,-0.));
#4117 = DIRECTION('',(-0.788010753607,0.,0.615661475326));
#4118 = ORIENTED_EDGE('',*,*,#3599,.F.);
#4119 = PLANE('',#4120);
#4120 = AXIS2_PLACEMENT_3D('',#4121,#4122,#4123);
#4121 = CARTESIAN_POINT('',(68.165176112614,-19.,228.26498488072));
#4122 = DIRECTION('',(-0.,1.,0.));
#4123 = DIRECTION('',(-0.788010753607,0.,0.615661475326));
#4124 = ADVANCED_FACE('',(#4125),#4143,.T.);
#4125 = FACE_BOUND('',#4126,.T.);
#4126 = EDGE_LOOP('',(#4127,#4135,#4136,#4137));
#4127 = ORIENTED_EDGE('',*,*,#4128,.T.);
#4128 = EDGE_CURVE('',#4129,#4097,#4131,.T.);
#4129 = VERTEX_POINT('',#4130);
#4130 = CARTESIAN_POINT('',(73.398298652882,19.,234.96307628637));
#4131 = LINE('',#4132,#4133);
#4132 = CARTESIAN_POINT('',(73.398298652882,-23.,234.96307628637));
#4133 = VECTOR('',#4134,1.);
#4134 = DIRECTION('',(0.,-1.,0.));
#4135 = ORIENTED_EDGE('',*,*,#4096,.T.);
#4136 = ORIENTED_EDGE('',*,*,#3591,.T.);
#4137 = ORIENTED_EDGE('',*,*,#4138,.F.);
#4138 = EDGE_CURVE('',#4129,#3584,#4139,.T.);
#4139 = LINE('',#4140,#4141);
#4140 = CARTESIAN_POINT('',(68.165176112614,19.,228.26498488072));
#4141 = VECTOR('',#4142,1.);
#4142 = DIRECTION('',(0.615661475326,0.,0.788010753607));
#4143 = PLANE('',#4144);
#4144 = AXIS2_PLACEMENT_3D('',#4145,#4146,#4147);
#4145 = CARTESIAN_POINT('',(68.165176112614,-19.,228.26498488072));
#4146 = DIRECTION('',(-0.788010753607,0.,0.615661475326));
#4147 = DIRECTION('',(0.615661475326,0.,0.788010753607));
#4148 = ADVANCED_FACE('',(#4149),#4185,.T.);
#4149 = FACE_BOUND('',#4150,.T.);
#4150 = EDGE_LOOP('',(#4151,#4152,#4161,#4168,#4169,#4178));
#4151 = ORIENTED_EDGE('',*,*,#3485,.T.);
#4152 = ORIENTED_EDGE('',*,*,#4153,.T.);
#4153 = EDGE_CURVE('',#3478,#4154,#4156,.T.);
#4154 = VERTEX_POINT('',#4155);
#4155 = CARTESIAN_POINT('',(33.071039347082,22.5,270.91174809116));
#4156 = CIRCLE('',#4157,4.5);
#4157 = AXIS2_PLACEMENT_3D('',#4158,#4159,#4160);
#4158 = CARTESIAN_POINT('',(36.617087738312,22.5,268.14127145219));
#4159 = DIRECTION('',(0.,1.,-0.));
#4160 = DIRECTION('',(-0.788010753607,0.,0.615661475326));
#4161 = ORIENTED_EDGE('',*,*,#4162,.T.);
#4162 = EDGE_CURVE('',#4154,#3502,#4163,.T.);
#4163 = CIRCLE('',#4164,4.5);
#4164 = AXIS2_PLACEMENT_3D('',#4165,#4166,#4167);
#4165 = CARTESIAN_POINT('',(36.617087738312,22.5,268.14127145219));
#4166 = DIRECTION('',(0.,1.,-0.));
#4167 = DIRECTION('',(-0.788010753607,0.,0.615661475326));
#4168 = ORIENTED_EDGE('',*,*,#3501,.T.);
#4169 = ORIENTED_EDGE('',*,*,#4170,.F.);
#4170 = EDGE_CURVE('',#4171,#3494,#4173,.T.);
#4171 = VERTEX_POINT('',#4172);
#4172 = CARTESIAN_POINT('',(34.804663005016,22.5,269.55729284544));
#4173 = CIRCLE('',#4174,2.3);
#4174 = AXIS2_PLACEMENT_3D('',#4175,#4176,#4177);
#4175 = CARTESIAN_POINT('',(36.617087738312,22.5,268.14127145219));
#4176 = DIRECTION('',(0.,1.,-0.));
#4177 = DIRECTION('',(-0.788010753607,0.,0.615661475326));
#4178 = ORIENTED_EDGE('',*,*,#4179,.F.);
#4179 = EDGE_CURVE('',#3486,#4171,#4180,.T.);
#4180 = CIRCLE('',#4181,2.3);
#4181 = AXIS2_PLACEMENT_3D('',#4182,#4183,#4184);
#4182 = CARTESIAN_POINT('',(36.617087738312,22.5,268.14127145219));
#4183 = DIRECTION('',(0.,1.,-0.));
#4184 = DIRECTION('',(-0.788010753607,0.,0.615661475326));
#4185 = PLANE('',#4186);
#4186 = AXIS2_PLACEMENT_3D('',#4187,#4188,#4189);
#4187 = CARTESIAN_POINT('',(36.617087738312,22.5,268.14127145219));
#4188 = DIRECTION('',(0.,1.,0.));
#4189 = DIRECTION('',(-0.788010753607,0.,0.615661475326));
#4190 = ADVANCED_FACE('',(#4191),#4210,.F.);
#4191 = FACE_BOUND('',#4192,.F.);
#4192 = EDGE_LOOP('',(#4193,#4194,#4202,#4209));
#4193 = ORIENTED_EDGE('',*,*,#4138,.F.);
#4194 = ORIENTED_EDGE('',*,*,#4195,.T.);
#4195 = EDGE_CURVE('',#4129,#4196,#4198,.T.);
#4196 = VERTEX_POINT('',#4197);
#4197 = CARTESIAN_POINT('',(71.363576723461,19.,236.55277528377));
#4198 = LINE('',#4199,#4200);
#4199 = CARTESIAN_POINT('',(79.702384681736,19.,230.03778448377));
#4200 = VECTOR('',#4201,1.);
#4201 = DIRECTION('',(-0.788010753607,0.,0.615661475326));
#4202 = ORIENTED_EDGE('',*,*,#4203,.F.);
#4203 = EDGE_CURVE('',#3576,#4196,#4204,.T.);
#4204 = CIRCLE('',#4205,4.5);
#4205 = AXIS2_PLACEMENT_3D('',#4206,#4207,#4208);
#4206 = CARTESIAN_POINT('',(71.289560897008,19.,241.05216653787));
#4207 = DIRECTION('',(0.,1.,-0.));
#4208 = DIRECTION('',(-0.788010753607,0.,0.615661475326));
#4209 = ORIENTED_EDGE('',*,*,#3583,.F.);
#4210 = PLANE('',#4211);
#4211 = AXIS2_PLACEMENT_3D('',#4212,#4213,#4214);
#4212 = CARTESIAN_POINT('',(68.165176112614,19.,228.26498488072));
#4213 = DIRECTION('',(-0.,1.,0.));
#4214 = DIRECTION('',(-0.788010753607,0.,0.615661475326));
#4215 = ADVANCED_FACE('',(#4216),#4226,.F.);
#4216 = FACE_BOUND('',#4217,.F.);
#4217 = EDGE_LOOP('',(#4218,#4219));
#4218 = ORIENTED_EDGE('',*,*,#3493,.F.);
#4219 = ORIENTED_EDGE('',*,*,#4220,.T.);
#4220 = EDGE_CURVE('',#3494,#3486,#4221,.T.);
#4221 = CIRCLE('',#4222,2.3);
#4222 = AXIS2_PLACEMENT_3D('',#4223,#4224,#4225);
#4223 = CARTESIAN_POINT('',(36.617087738312,22.5,268.14127145219));
#4224 = DIRECTION('',(0.,1.,-0.));
#4225 = DIRECTION('',(-0.788010753607,0.,0.615661475326));
#4226 = PLANE('',#4227);
#4227 = AXIS2_PLACEMENT_3D('',#4228,#4229,#4230);
#4228 = CARTESIAN_POINT('',(36.617087738312,22.5,268.14127145219));
#4229 = DIRECTION('',(0.,1.,0.));
#4230 = DIRECTION('',(-0.788010753607,0.,0.615661475326));
#4231 = ADVANCED_FACE('',(#4232),#4276,.T.);
#4232 = FACE_BOUND('',#4233,.T.);
#4233 = EDGE_LOOP('',(#4234,#4235,#4243,#4252,#4259,#4260,#4269));
#4234 = ORIENTED_EDGE('',*,*,#3551,.T.);
#4235 = ORIENTED_EDGE('',*,*,#4236,.T.);
#4236 = EDGE_CURVE('',#3543,#4237,#4239,.T.);
#4237 = VERTEX_POINT('',#4238);
#4238 = CARTESIAN_POINT('',(66.881665044352,22.5,241.95795578054));
#4239 = LINE('',#4240,#4241);
#4240 = CARTESIAN_POINT('',(75.34205742054,22.5,235.34797282242));
#4241 = VECTOR('',#4242,1.);
#4242 = DIRECTION('',(-0.788010753607,0.,0.615661475326));
#4243 = ORIENTED_EDGE('',*,*,#4244,.T.);
#4244 = EDGE_CURVE('',#4237,#4245,#4247,.T.);
#4245 = VERTEX_POINT('',#4246);
#4246 = CARTESIAN_POINT('',(67.743512505777,22.5,243.82264317683));
#4247 = CIRCLE('',#4248,4.5);
#4248 = AXIS2_PLACEMENT_3D('',#4249,#4250,#4251);
#4249 = CARTESIAN_POINT('',(71.289560897008,22.5,241.05216653787));
#4250 = DIRECTION('',(0.,1.,-0.));
#4251 = DIRECTION('',(-0.788010753607,0.,0.615661475326));
#4252 = ORIENTED_EDGE('',*,*,#4253,.T.);
#4253 = EDGE_CURVE('',#4245,#3568,#4254,.T.);
#4254 = CIRCLE('',#4255,4.5);
#4255 = AXIS2_PLACEMENT_3D('',#4256,#4257,#4258);
#4256 = CARTESIAN_POINT('',(71.289560897008,22.5,241.05216653787));
#4257 = DIRECTION('',(0.,1.,-0.));
#4258 = DIRECTION('',(-0.788010753607,0.,0.615661475326));
#4259 = ORIENTED_EDGE('',*,*,#3567,.T.);
#4260 = ORIENTED_EDGE('',*,*,#4261,.F.);
#4261 = EDGE_CURVE('',#4262,#3560,#4264,.T.);
#4262 = VERTEX_POINT('',#4263);
#4263 = CARTESIAN_POINT('',(69.477136163712,22.5,242.46818793111));
#4264 = CIRCLE('',#4265,2.3);
#4265 = AXIS2_PLACEMENT_3D('',#4266,#4267,#4268);
#4266 = CARTESIAN_POINT('',(71.289560897008,22.5,241.05216653787));
#4267 = DIRECTION('',(0.,1.,-0.));
#4268 = DIRECTION('',(-0.788010753607,0.,0.615661475326));
#4269 = ORIENTED_EDGE('',*,*,#4270,.F.);
#4270 = EDGE_CURVE('',#3552,#4262,#4271,.T.);
#4271 = CIRCLE('',#4272,2.3);
#4272 = AXIS2_PLACEMENT_3D('',#4273,#4274,#4275);
#4273 = CARTESIAN_POINT('',(71.289560897008,22.5,241.05216653787));
#4274 = DIRECTION('',(0.,1.,-0.));
#4275 = DIRECTION('',(-0.788010753607,0.,0.615661475326));
#4276 = PLANE('',#4277);
#4277 = AXIS2_PLACEMENT_3D('',#4278,#4279,#4280);
#4278 = CARTESIAN_POINT('',(71.289560897008,22.5,241.05216653787));
#4279 = DIRECTION('',(0.,1.,0.));
#4280 = DIRECTION('',(-0.788010753607,0.,0.615661475326));
#4281 = ADVANCED_FACE('',(#4282),#4292,.F.);
#4282 = FACE_BOUND('',#4283,.F.);
#4283 = EDGE_LOOP('',(#4284,#4285));
#4284 = ORIENTED_EDGE('',*,*,#3559,.F.);
#4285 = ORIENTED_EDGE('',*,*,#4286,.T.);
#4286 = EDGE_CURVE('',#3560,#3552,#4287,.T.);
#4287 = CIRCLE('',#4288,2.3);
#4288 = AXIS2_PLACEMENT_3D('',#4289,#4290,#4291);
#4289 = CARTESIAN_POINT('',(71.289560897008,22.5,241.05216653787));
#4290 = DIRECTION('',(0.,1.,-0.));
#4291 = DIRECTION('',(-0.788010753607,0.,0.615661475326));
#4292 = PLANE('',#4293);
#4293 = AXIS2_PLACEMENT_3D('',#4294,#4295,#4296);
#4294 = CARTESIAN_POINT('',(71.289560897008,22.5,241.05216653787));
#4295 = DIRECTION('',(0.,1.,0.));
#4296 = DIRECTION('',(-0.788010753607,0.,0.615661475326));
#4297 = ADVANCED_FACE('',(#4298),#4325,.F.);
#4298 = FACE_BOUND('',#4299,.F.);
#4299 = EDGE_LOOP('',(#4300,#4309,#4317,#4324));
#4300 = ORIENTED_EDGE('',*,*,#4301,.F.);
#4301 = EDGE_CURVE('',#4302,#3518,#4304,.T.);
#4302 = VERTEX_POINT('',#4303);
#4303 = CARTESIAN_POINT('',(66.905914743275,19.,240.03548251671));
#4304 = CIRCLE('',#4305,4.5);
#4305 = AXIS2_PLACEMENT_3D('',#4306,#4307,#4308);
#4306 = CARTESIAN_POINT('',(71.289560897008,19.,241.05216653787));
#4307 = DIRECTION('',(0.,1.,-0.));
#4308 = DIRECTION('',(-0.788010753607,0.,0.615661475326));
#4309 = ORIENTED_EDGE('',*,*,#4310,.T.);
#4310 = EDGE_CURVE('',#4302,#4311,#4313,.T.);
#4311 = VERTEX_POINT('',#4312);
#4312 = CARTESIAN_POINT('',(36.691103564765,19.,263.6418801981));
#4313 = LINE('',#4314,#4315);
#4314 = CARTESIAN_POINT('',(79.702384681736,19.,230.03778448377));
#4315 = VECTOR('',#4316,1.);
#4316 = DIRECTION('',(-0.788010753607,0.,0.615661475326));
#4317 = ORIENTED_EDGE('',*,*,#4318,.F.);
#4318 = EDGE_CURVE('',#3510,#4311,#4319,.T.);
#4319 = CIRCLE('',#4320,4.5);
#4320 = AXIS2_PLACEMENT_3D('',#4321,#4322,#4323);
#4321 = CARTESIAN_POINT('',(36.617087738312,19.,268.14127145219));
#4322 = DIRECTION('',(0.,1.,-0.));
#4323 = DIRECTION('',(-0.788010753607,0.,0.615661475326));
#4324 = ORIENTED_EDGE('',*,*,#3517,.F.);
#4325 = PLANE('',#4326);
#4326 = AXIS2_PLACEMENT_3D('',#4327,#4328,#4329);
#4327 = CARTESIAN_POINT('',(68.165176112614,19.,228.26498488072));
#4328 = DIRECTION('',(-0.,1.,0.));
#4329 = DIRECTION('',(-0.788010753607,0.,0.615661475326));
#4330 = ADVANCED_FACE('',(#4331),#4341,.F.);
#4331 = FACE_BOUND('',#4332,.F.);
#4332 = EDGE_LOOP('',(#4333,#4339,#4340));
#4333 = ORIENTED_EDGE('',*,*,#4334,.F.);
#4334 = EDGE_CURVE('',#3526,#4237,#4335,.T.);
#4335 = LINE('',#4336,#4337);
#4336 = CARTESIAN_POINT('',(66.881665044352,-27.,241.95795578054));
#4337 = VECTOR('',#4338,1.);
#4338 = DIRECTION('',(0.,1.,0.));
#4339 = ORIENTED_EDGE('',*,*,#3673,.T.);
#4340 = ORIENTED_EDGE('',*,*,#4236,.T.);
#4341 = PLANE('',#4342);
#4342 = AXIS2_PLACEMENT_3D('',#4343,#4344,#4345);
#4343 = CARTESIAN_POINT('',(67.22969408341,23.,241.68604569472));
#4344 = DIRECTION('',(0.615661475326,0.,0.788010753607));
#4345 = DIRECTION('',(-0.788010753607,0.,0.615661475326));
#4346 = ADVANCED_FACE('',(#4347),#4374,.T.);
#4347 = FACE_BOUND('',#4348,.T.);
#4348 = EDGE_LOOP('',(#4349,#4358,#4366,#4373));
#4349 = ORIENTED_EDGE('',*,*,#4350,.F.);
#4350 = EDGE_CURVE('',#4351,#3988,#4353,.T.);
#4351 = VERTEX_POINT('',#4352);
#4352 = CARTESIAN_POINT('',(66.905914743275,-19.,240.03548251671));
#4353 = CIRCLE('',#4354,4.5);
#4354 = AXIS2_PLACEMENT_3D('',#4355,#4356,#4357);
#4355 = CARTESIAN_POINT('',(71.289560897008,-19.,241.05216653787));
#4356 = DIRECTION('',(0.,1.,-0.));
#4357 = DIRECTION('',(-0.788010753607,0.,0.615661475326));
#4358 = ORIENTED_EDGE('',*,*,#4359,.T.);
#4359 = EDGE_CURVE('',#4351,#4360,#4362,.T.);
#4360 = VERTEX_POINT('',#4361);
#4361 = CARTESIAN_POINT('',(36.691103564765,-19.,263.6418801981));
#4362 = LINE('',#4363,#4364);
#4363 = CARTESIAN_POINT('',(79.702384681736,-19.,230.03778448377));
#4364 = VECTOR('',#4365,1.);
#4365 = DIRECTION('',(-0.788010753607,0.,0.615661475326));
#4366 = ORIENTED_EDGE('',*,*,#4367,.F.);
#4367 = EDGE_CURVE('',#3970,#4360,#4368,.T.);
#4368 = CIRCLE('',#4369,4.5);
#4369 = AXIS2_PLACEMENT_3D('',#4370,#4371,#4372);
#4370 = CARTESIAN_POINT('',(36.617087738312,-19.,268.14127145219));
#4371 = DIRECTION('',(0.,1.,-0.));
#4372 = DIRECTION('',(-0.788010753607,0.,0.615661475326));
#4373 = ORIENTED_EDGE('',*,*,#3995,.F.);
#4374 = PLANE('',#4375);
#4375 = AXIS2_PLACEMENT_3D('',#4376,#4377,#4378);
#4376 = CARTESIAN_POINT('',(68.165176112614,-19.,228.26498488072));
#4377 = DIRECTION('',(-0.,1.,0.));
#4378 = DIRECTION('',(-0.788010753607,0.,0.615661475326));
#4379 = ADVANCED_FACE('',(#4380),#4398,.F.);
#4380 = FACE_BOUND('',#4381,.F.);
#4381 = EDGE_LOOP('',(#4382,#4383,#4384,#4392));
#4382 = ORIENTED_EDGE('',*,*,#3739,.T.);
#4383 = ORIENTED_EDGE('',*,*,#3786,.T.);
#4384 = ORIENTED_EDGE('',*,*,#4385,.T.);
#4385 = EDGE_CURVE('',#3787,#4386,#4388,.T.);
#4386 = VERTEX_POINT('',#4387);
#4387 = CARTESIAN_POINT('',(53.831167135013,22.5,321.95012404485));
#4388 = LINE('',#4389,#4390);
#4389 = CARTESIAN_POINT('',(53.831167135013,-27.,321.95012404485));
#4390 = VECTOR('',#4391,1.);
#4391 = DIRECTION('',(0.,1.,0.));
#4392 = ORIENTED_EDGE('',*,*,#4393,.F.);
#4393 = EDGE_CURVE('',#3732,#4386,#4394,.T.);
#4394 = LINE('',#4395,#4396);
#4395 = CARTESIAN_POINT('',(94.392983820664,22.5,290.25975968335));
#4396 = VECTOR('',#4397,1.);
#4397 = DIRECTION('',(0.788010753607,0.,-0.615661475326));
#4398 = PLANE('',#4399);
#4399 = AXIS2_PLACEMENT_3D('',#4400,#4401,#4402);
#4400 = CARTESIAN_POINT('',(120.79134406648,-27.,269.63510025994));
#4401 = DIRECTION('',(0.615661475326,0.,0.788010753607));
#4402 = DIRECTION('',(-0.788010753607,0.,0.615661475326));
#4403 = ADVANCED_FACE('',(#4404),#4422,.F.);
#4404 = FACE_BOUND('',#4405,.F.);
#4405 = EDGE_LOOP('',(#4406,#4407,#4408,#4416));
#4406 = ORIENTED_EDGE('',*,*,#3820,.T.);
#4407 = ORIENTED_EDGE('',*,*,#3761,.T.);
#4408 = ORIENTED_EDGE('',*,*,#4409,.F.);
#4409 = EDGE_CURVE('',#4410,#3762,#4412,.T.);
#4410 = VERTEX_POINT('',#4411);
#4411 = CARTESIAN_POINT('',(95.595737076169,22.5,289.32006585259));
#4412 = LINE('',#4413,#4414);
#4413 = CARTESIAN_POINT('',(94.392983820664,22.5,290.25975968335));
#4414 = VECTOR('',#4415,1.);
#4415 = DIRECTION('',(0.788010753607,0.,-0.615661475326));
#4416 = ORIENTED_EDGE('',*,*,#4417,.F.);
#4417 = EDGE_CURVE('',#3812,#4410,#4418,.T.);
#4418 = LINE('',#4419,#4420);
#4419 = CARTESIAN_POINT('',(95.595737076169,-27.,289.32006585259));
#4420 = VECTOR('',#4421,1.);
#4421 = DIRECTION('',(0.,1.,0.));
#4422 = PLANE('',#4423);
#4423 = AXIS2_PLACEMENT_3D('',#4424,#4425,#4426);
#4424 = CARTESIAN_POINT('',(120.79134406648,-27.,269.63510025994));
#4425 = DIRECTION('',(0.615661475326,0.,0.788010753607));
#4426 = DIRECTION('',(-0.788010753607,0.,0.615661475326));
#4427 = ADVANCED_FACE('',(#4428),#4447,.T.);
#4428 = FACE_BOUND('',#4429,.T.);
#4429 = EDGE_LOOP('',(#4430,#4438,#4445,#4446));
#4430 = ORIENTED_EDGE('',*,*,#4431,.T.);
#4431 = EDGE_CURVE('',#3804,#4432,#4434,.T.);
#4432 = VERTEX_POINT('',#4433);
#4433 = CARTESIAN_POINT('',(88.503640293709,22.5,294.86101913052));
#4434 = LINE('',#4435,#4436);
#4435 = CARTESIAN_POINT('',(88.503640293709,-27.,294.86101913052));
#4436 = VECTOR('',#4437,1.);
#4437 = DIRECTION('',(0.,1.,0.));
#4438 = ORIENTED_EDGE('',*,*,#4439,.F.);
#4439 = EDGE_CURVE('',#4410,#4432,#4440,.T.);
#4440 = CIRCLE('',#4441,4.5);
#4441 = AXIS2_PLACEMENT_3D('',#4442,#4443,#4444);
#4442 = CARTESIAN_POINT('',(92.049688684939,22.5,292.09054249156));
#4443 = DIRECTION('',(0.,1.,-0.));
#4444 = DIRECTION('',(-0.788010753607,0.,0.615661475326));
#4445 = ORIENTED_EDGE('',*,*,#4417,.F.);
#4446 = ORIENTED_EDGE('',*,*,#3811,.T.);
#4447 = CYLINDRICAL_SURFACE('',#4448,4.5);
#4448 = AXIS2_PLACEMENT_3D('',#4449,#4450,#4451);
#4449 = CARTESIAN_POINT('',(92.049688684939,-27.,292.09054249156));
#4450 = DIRECTION('',(0.,1.,0.));
#4451 = DIRECTION('',(-0.788010753607,0.,0.615661475326));
#4452 = ADVANCED_FACE('',(#4453,#4471),#4482,.F.);
#4453 = FACE_BOUND('',#4454,.F.);
#4454 = EDGE_LOOP('',(#4455,#4463,#4464,#4465));
#4455 = ORIENTED_EDGE('',*,*,#4456,.F.);
#4456 = EDGE_CURVE('',#3795,#4457,#4459,.T.);
#4457 = VERTEX_POINT('',#4458);
#4458 = CARTESIAN_POINT('',(60.923263917473,22.5,316.40917076692));
#4459 = LINE('',#4460,#4461);
#4460 = CARTESIAN_POINT('',(60.923263917473,-27.,316.40917076692));
#4461 = VECTOR('',#4462,1.);
#4462 = DIRECTION('',(0.,1.,0.));
#4463 = ORIENTED_EDGE('',*,*,#3803,.T.);
#4464 = ORIENTED_EDGE('',*,*,#4431,.T.);
#4465 = ORIENTED_EDGE('',*,*,#4466,.F.);
#4466 = EDGE_CURVE('',#4457,#4432,#4467,.T.);
#4467 = LINE('',#4468,#4469);
#4468 = CARTESIAN_POINT('',(94.392983820664,22.5,290.25975968335));
#4469 = VECTOR('',#4470,1.);
#4470 = DIRECTION('',(0.788010753607,0.,-0.615661475326));
#4471 = FACE_BOUND('',#4472,.F.);
#4472 = EDGE_LOOP('',(#4473));
#4473 = ORIENTED_EDGE('',*,*,#4474,.F.);
#4474 = EDGE_CURVE('',#4475,#4475,#4477,.T.);
#4475 = VERTEX_POINT('',#4476);
#4476 = CARTESIAN_POINT('',(69.197376830344,1.714505518806E-15,
    309.944725276));
#4477 = CIRCLE('',#4478,7.);
#4478 = AXIS2_PLACEMENT_3D('',#4479,#4480,#4481);
#4479 = CARTESIAN_POINT('',(74.713452105591,0.,305.63509494872));
#4480 = DIRECTION('',(0.615661475326,0.,0.788010753607));
#4481 = DIRECTION('',(-0.788010753607,0.,0.615661475326));
#4482 = PLANE('',#4483);
#4483 = AXIS2_PLACEMENT_3D('',#4484,#4485,#4486);
#4484 = CARTESIAN_POINT('',(120.79134406648,-27.,269.63510025994));
#4485 = DIRECTION('',(0.615661475326,0.,0.788010753607));
#4486 = DIRECTION('',(-0.788010753607,0.,0.615661475326));
#4487 = ADVANCED_FACE('',(#4488),#4500,.T.);
#4488 = FACE_BOUND('',#4489,.T.);
#4489 = EDGE_LOOP('',(#4490,#4491,#4498,#4499));
#4490 = ORIENTED_EDGE('',*,*,#4385,.T.);
#4491 = ORIENTED_EDGE('',*,*,#4492,.F.);
#4492 = EDGE_CURVE('',#4457,#4386,#4493,.T.);
#4493 = CIRCLE('',#4494,4.5);
#4494 = AXIS2_PLACEMENT_3D('',#4495,#4496,#4497);
#4495 = CARTESIAN_POINT('',(57.377215526243,22.5,319.17964740589));
#4496 = DIRECTION('',(0.,1.,-0.));
#4497 = DIRECTION('',(-0.788010753607,0.,0.615661475326));
#4498 = ORIENTED_EDGE('',*,*,#4456,.F.);
#4499 = ORIENTED_EDGE('',*,*,#3794,.T.);
#4500 = CYLINDRICAL_SURFACE('',#4501,4.5);
#4501 = AXIS2_PLACEMENT_3D('',#4502,#4503,#4504);
#4502 = CARTESIAN_POINT('',(57.377215526243,-27.,319.17964740589));
#4503 = DIRECTION('',(0.,1.,0.));
#4504 = DIRECTION('',(-0.788010753607,0.,0.615661475326));
#4505 = ADVANCED_FACE('',(#4506),#4517,.T.);
#4506 = FACE_BOUND('',#4507,.T.);
#4507 = EDGE_LOOP('',(#4508,#4509,#4510,#4516));
#4508 = ORIENTED_EDGE('',*,*,#4128,.F.);
#4509 = ORIENTED_EDGE('',*,*,#4195,.T.);
#4510 = ORIENTED_EDGE('',*,*,#4511,.F.);
#4511 = EDGE_CURVE('',#4105,#4196,#4512,.T.);
#4512 = LINE('',#4513,#4514);
#4513 = CARTESIAN_POINT('',(71.363576723461,-27.,236.55277528377));
#4514 = VECTOR('',#4515,1.);
#4515 = DIRECTION('',(0.,1.,0.));
#4516 = ORIENTED_EDGE('',*,*,#4104,.F.);
#4517 = PLANE('',#4518);
#4518 = AXIS2_PLACEMENT_3D('',#4519,#4520,#4521);
#4519 = CARTESIAN_POINT('',(86.00647071059,-27.,225.11249268116));
#4520 = DIRECTION('',(0.615661475326,0.,0.788010753607));
#4521 = DIRECTION('',(-0.788010753607,0.,0.615661475326));
#4522 = ADVANCED_FACE('',(#4523),#4544,.F.);
#4523 = FACE_BOUND('',#4524,.F.);
#4524 = EDGE_LOOP('',(#4525,#4533,#4534,#4535,#4536,#4537));
#4525 = ORIENTED_EDGE('',*,*,#4526,.T.);
#4526 = EDGE_CURVE('',#4527,#4171,#4529,.T.);
#4527 = VERTEX_POINT('',#4528);
#4528 = CARTESIAN_POINT('',(34.804663005016,17.5,269.55729284544));
#4529 = LINE('',#4530,#4531);
#4530 = CARTESIAN_POINT('',(34.804663005016,17.5,269.55729284544));
#4531 = VECTOR('',#4532,1.);
#4532 = DIRECTION('',(0.,1.,0.));
#4533 = ORIENTED_EDGE('',*,*,#4179,.F.);
#4534 = ORIENTED_EDGE('',*,*,#4220,.F.);
#4535 = ORIENTED_EDGE('',*,*,#4170,.F.);
#4536 = ORIENTED_EDGE('',*,*,#4526,.F.);
#4537 = ORIENTED_EDGE('',*,*,#4538,.T.);
#4538 = EDGE_CURVE('',#4527,#4527,#4539,.T.);
#4539 = CIRCLE('',#4540,2.3);
#4540 = AXIS2_PLACEMENT_3D('',#4541,#4542,#4543);
#4541 = CARTESIAN_POINT('',(36.617087738312,17.5,268.14127145219));
#4542 = DIRECTION('',(0.,1.,-0.));
#4543 = DIRECTION('',(-0.788010753607,0.,0.615661475326));
#4544 = CYLINDRICAL_SURFACE('',#4545,2.3);
#4545 = AXIS2_PLACEMENT_3D('',#4546,#4547,#4548);
#4546 = CARTESIAN_POINT('',(36.617087738312,17.5,268.14127145219));
#4547 = DIRECTION('',(0.,1.,0.));
#4548 = DIRECTION('',(-0.788010753607,0.,0.615661475326));
#4549 = ADVANCED_FACE('',(#4550),#4571,.F.);
#4550 = FACE_BOUND('',#4551,.F.);
#4551 = EDGE_LOOP('',(#4552,#4560,#4561,#4562,#4563,#4564));
#4552 = ORIENTED_EDGE('',*,*,#4553,.T.);
#4553 = EDGE_CURVE('',#4554,#4262,#4556,.T.);
#4554 = VERTEX_POINT('',#4555);
#4555 = CARTESIAN_POINT('',(69.477136163712,17.5,242.46818793111));
#4556 = LINE('',#4557,#4558);
#4557 = CARTESIAN_POINT('',(69.477136163712,17.5,242.46818793111));
#4558 = VECTOR('',#4559,1.);
#4559 = DIRECTION('',(0.,1.,0.));
#4560 = ORIENTED_EDGE('',*,*,#4270,.F.);
#4561 = ORIENTED_EDGE('',*,*,#4286,.F.);
#4562 = ORIENTED_EDGE('',*,*,#4261,.F.);
#4563 = ORIENTED_EDGE('',*,*,#4553,.F.);
#4564 = ORIENTED_EDGE('',*,*,#4565,.T.);
#4565 = EDGE_CURVE('',#4554,#4554,#4566,.T.);
#4566 = CIRCLE('',#4567,2.3);
#4567 = AXIS2_PLACEMENT_3D('',#4568,#4569,#4570);
#4568 = CARTESIAN_POINT('',(71.289560897008,17.5,241.05216653787));
#4569 = DIRECTION('',(0.,1.,-0.));
#4570 = DIRECTION('',(-0.788010753607,0.,0.615661475326));
#4571 = CYLINDRICAL_SURFACE('',#4572,2.3);
#4572 = AXIS2_PLACEMENT_3D('',#4573,#4574,#4575);
#4573 = CARTESIAN_POINT('',(71.289560897008,17.5,241.05216653787));
#4574 = DIRECTION('',(0.,1.,0.));
#4575 = DIRECTION('',(-0.788010753607,0.,0.615661475326));
#4576 = ADVANCED_FACE('',(#4577,#4593),#4604,.T.);
#4577 = FACE_BOUND('',#4578,.T.);
#4578 = EDGE_LOOP('',(#4579,#4580,#4586,#4587));
#4579 = ORIENTED_EDGE('',*,*,#4359,.F.);
#4580 = ORIENTED_EDGE('',*,*,#4581,.T.);
#4581 = EDGE_CURVE('',#4351,#4302,#4582,.T.);
#4582 = LINE('',#4583,#4584);
#4583 = CARTESIAN_POINT('',(66.905914743275,-27.,240.03548251671));
#4584 = VECTOR('',#4585,1.);
#4585 = DIRECTION('',(0.,1.,0.));
#4586 = ORIENTED_EDGE('',*,*,#4310,.T.);
#4587 = ORIENTED_EDGE('',*,*,#4588,.F.);
#4588 = EDGE_CURVE('',#4360,#4311,#4589,.T.);
#4589 = LINE('',#4590,#4591);
#4590 = CARTESIAN_POINT('',(36.691103564765,-27.,263.6418801981));
#4591 = VECTOR('',#4592,1.);
#4592 = DIRECTION('',(0.,1.,0.));
#4593 = FACE_BOUND('',#4594,.T.);
#4594 = EDGE_LOOP('',(#4595));
#4595 = ORIENTED_EDGE('',*,*,#4596,.F.);
#4596 = EDGE_CURVE('',#4597,#4597,#4599,.T.);
#4597 = VERTEX_POINT('',#4598);
#4598 = CARTESIAN_POINT('',(48.074121486973,1.714505518806E-15,
    254.74849190921));
#4599 = CIRCLE('',#4600,7.);
#4600 = AXIS2_PLACEMENT_3D('',#4601,#4602,#4603);
#4601 = CARTESIAN_POINT('',(53.59019676222,0.,250.43886158193));
#4602 = DIRECTION('',(0.615661475326,0.,0.788010753607));
#4603 = DIRECTION('',(-0.788010753607,0.,0.615661475326));
#4604 = PLANE('',#4605);
#4605 = AXIS2_PLACEMENT_3D('',#4606,#4607,#4608);
#4606 = CARTESIAN_POINT('',(86.00647071059,-27.,225.11249268116));
#4607 = DIRECTION('',(0.615661475326,0.,0.788010753607));
#4608 = DIRECTION('',(-0.788010753607,0.,0.615661475326));
#4609 = ADVANCED_FACE('',(#4610),#4629,.F.);
#4610 = FACE_BOUND('',#4611,.F.);
#4611 = EDGE_LOOP('',(#4612,#4613,#4621,#4628));
#4612 = ORIENTED_EDGE('',*,*,#4596,.F.);
#4613 = ORIENTED_EDGE('',*,*,#4614,.F.);
#4614 = EDGE_CURVE('',#4615,#4597,#4617,.T.);
#4615 = VERTEX_POINT('',#4616);
#4616 = CARTESIAN_POINT('',(45.303644848008,1.714505518806E-15,
    251.20244351798));
#4617 = LINE('',#4618,#4619);
#4618 = CARTESIAN_POINT('',(45.303644848008,1.714505518806E-15,
    251.20244351798));
#4619 = VECTOR('',#4620,1.);
#4620 = DIRECTION('',(0.615661475326,0.,0.788010753607));
#4621 = ORIENTED_EDGE('',*,*,#4622,.T.);
#4622 = EDGE_CURVE('',#4615,#4615,#4623,.T.);
#4623 = CIRCLE('',#4624,7.);
#4624 = AXIS2_PLACEMENT_3D('',#4625,#4626,#4627);
#4625 = CARTESIAN_POINT('',(50.819720123255,0.,246.8928131907));
#4626 = DIRECTION('',(0.615661475326,0.,0.788010753607));
#4627 = DIRECTION('',(-0.788010753607,0.,0.615661475326));
#4628 = ORIENTED_EDGE('',*,*,#4614,.T.);
#4629 = CYLINDRICAL_SURFACE('',#4630,7.);
#4630 = AXIS2_PLACEMENT_3D('',#4631,#4632,#4633);
#4631 = CARTESIAN_POINT('',(50.819720123255,0.,246.8928131907));
#4632 = DIRECTION('',(0.615661475326,0.,0.788010753607));
#4633 = DIRECTION('',(-0.788010753607,0.,0.615661475326));
#4634 = ADVANCED_FACE('',(#4635),#4669,.T.);
#4635 = FACE_BOUND('',#4636,.T.);
#4636 = EDGE_LOOP('',(#4637,#4647,#4655,#4663));
#4637 = ORIENTED_EDGE('',*,*,#4638,.F.);
#4638 = EDGE_CURVE('',#4639,#4641,#4643,.T.);
#4639 = VERTEX_POINT('',#4640);
#4640 = CARTESIAN_POINT('',(68.165176112614,-19.,228.26498488072));
#4641 = VERTEX_POINT('',#4642);
#4642 = CARTESIAN_POINT('',(68.165176112614,19.,228.26498488072));
#4643 = LINE('',#4644,#4645);
#4644 = CARTESIAN_POINT('',(68.165176112614,-19.,228.26498488072));
#4645 = VECTOR('',#4646,1.);
#4646 = DIRECTION('',(-0.,1.,0.));
#4647 = ORIENTED_EDGE('',*,*,#4648,.T.);
#4648 = EDGE_CURVE('',#4639,#4649,#4651,.T.);
#4649 = VERTEX_POINT('',#4650);
#4650 = CARTESIAN_POINT('',(70.627822013917,-19.,231.41702789514));
#4651 = LINE('',#4652,#4653);
#4652 = CARTESIAN_POINT('',(68.165176112614,-19.,228.26498488072));
#4653 = VECTOR('',#4654,1.);
#4654 = DIRECTION('',(0.615661475326,0.,0.788010753607));
#4655 = ORIENTED_EDGE('',*,*,#4656,.F.);
#4656 = EDGE_CURVE('',#4657,#4649,#4659,.T.);
#4657 = VERTEX_POINT('',#4658);
#4658 = CARTESIAN_POINT('',(70.627822013917,19.,231.41702789514));
#4659 = LINE('',#4660,#4661);
#4660 = CARTESIAN_POINT('',(70.627822013917,-23.,231.41702789514));
#4661 = VECTOR('',#4662,1.);
#4662 = DIRECTION('',(0.,-1.,0.));
#4663 = ORIENTED_EDGE('',*,*,#4664,.F.);
#4664 = EDGE_CURVE('',#4641,#4657,#4665,.T.);
#4665 = LINE('',#4666,#4667);
#4666 = CARTESIAN_POINT('',(68.165176112614,19.,228.26498488072));
#4667 = VECTOR('',#4668,1.);
#4668 = DIRECTION('',(0.615661475326,0.,0.788010753607));
#4669 = PLANE('',#4670);
#4670 = AXIS2_PLACEMENT_3D('',#4671,#4672,#4673);
#4671 = CARTESIAN_POINT('',(68.165176112614,-19.,228.26498488072));
#4672 = DIRECTION('',(-0.788010753607,0.,0.615661475326));
#4673 = DIRECTION('',(0.615661475326,0.,0.788010753607));
#4674 = ADVANCED_FACE('',(#4675),#4700,.T.);
#4675 = FACE_BOUND('',#4676,.T.);
#4676 = EDGE_LOOP('',(#4677,#4678,#4686,#4694));
#4677 = ORIENTED_EDGE('',*,*,#4648,.F.);
#4678 = ORIENTED_EDGE('',*,*,#4679,.T.);
#4679 = EDGE_CURVE('',#4639,#4680,#4682,.T.);
#4680 = VERTEX_POINT('',#4681);
#4681 = CARTESIAN_POINT('',(30.340659939491,-19.,257.81673569635));
#4682 = LINE('',#4683,#4684);
#4683 = CARTESIAN_POINT('',(68.165176112614,-19.,228.26498488072));
#4684 = VECTOR('',#4685,1.);
#4685 = DIRECTION('',(-0.788010753607,0.,0.615661475326));
#4686 = ORIENTED_EDGE('',*,*,#4687,.T.);
#4687 = EDGE_CURVE('',#4680,#4688,#4690,.T.);
#4688 = VERTEX_POINT('',#4689);
#4689 = CARTESIAN_POINT('',(32.803305840794,-19.,260.96877871078));
#4690 = LINE('',#4691,#4692);
#4691 = CARTESIAN_POINT('',(30.340659939491,-19.,257.81673569635));
#4692 = VECTOR('',#4693,1.);
#4693 = DIRECTION('',(0.615661475326,0.,0.788010753607));
#4694 = ORIENTED_EDGE('',*,*,#4695,.F.);
#4695 = EDGE_CURVE('',#4649,#4688,#4696,.T.);
#4696 = LINE('',#4697,#4698);
#4697 = CARTESIAN_POINT('',(76.93190804277,-19.,226.49173609254));
#4698 = VECTOR('',#4699,1.);
#4699 = DIRECTION('',(-0.788010753607,0.,0.615661475326));
#4700 = PLANE('',#4701);
#4701 = AXIS2_PLACEMENT_3D('',#4702,#4703,#4704);
#4702 = CARTESIAN_POINT('',(68.165176112614,-19.,228.26498488072));
#4703 = DIRECTION('',(-0.,1.,0.));
#4704 = DIRECTION('',(-0.788010753607,0.,0.615661475326));
#4705 = ADVANCED_FACE('',(#4706),#4731,.F.);
#4706 = FACE_BOUND('',#4707,.F.);
#4707 = EDGE_LOOP('',(#4708,#4709,#4717,#4725));
#4708 = ORIENTED_EDGE('',*,*,#4664,.F.);
#4709 = ORIENTED_EDGE('',*,*,#4710,.T.);
#4710 = EDGE_CURVE('',#4641,#4711,#4713,.T.);
#4711 = VERTEX_POINT('',#4712);
#4712 = CARTESIAN_POINT('',(30.340659939491,19.,257.81673569635));
#4713 = LINE('',#4714,#4715);
#4714 = CARTESIAN_POINT('',(68.165176112614,19.,228.26498488072));
#4715 = VECTOR('',#4716,1.);
#4716 = DIRECTION('',(-0.788010753607,0.,0.615661475326));
#4717 = ORIENTED_EDGE('',*,*,#4718,.T.);
#4718 = EDGE_CURVE('',#4711,#4719,#4721,.T.);
#4719 = VERTEX_POINT('',#4720);
#4720 = CARTESIAN_POINT('',(32.803305840794,19.,260.96877871078));
#4721 = LINE('',#4722,#4723);
#4722 = CARTESIAN_POINT('',(30.340659939491,19.,257.81673569635));
#4723 = VECTOR('',#4724,1.);
#4724 = DIRECTION('',(0.615661475326,0.,0.788010753607));
#4725 = ORIENTED_EDGE('',*,*,#4726,.F.);
#4726 = EDGE_CURVE('',#4657,#4719,#4727,.T.);
#4727 = LINE('',#4728,#4729);
#4728 = CARTESIAN_POINT('',(76.93190804277,19.,226.49173609254));
#4729 = VECTOR('',#4730,1.);
#4730 = DIRECTION('',(-0.788010753607,0.,0.615661475326));
#4731 = PLANE('',#4732);
#4732 = AXIS2_PLACEMENT_3D('',#4733,#4734,#4735);
#4733 = CARTESIAN_POINT('',(68.165176112614,19.,228.26498488072));
#4734 = DIRECTION('',(-0.,1.,0.));
#4735 = DIRECTION('',(-0.788010753607,0.,0.615661475326));
#4736 = ADVANCED_FACE('',(#4737),#4753,.F.);
#4737 = FACE_BOUND('',#4738,.F.);
#4738 = EDGE_LOOP('',(#4739,#4745,#4746,#4752));
#4739 = ORIENTED_EDGE('',*,*,#4740,.F.);
#4740 = EDGE_CURVE('',#4680,#4711,#4741,.T.);
#4741 = LINE('',#4742,#4743);
#4742 = CARTESIAN_POINT('',(30.340659939491,-19.,257.81673569635));
#4743 = VECTOR('',#4744,1.);
#4744 = DIRECTION('',(-0.,1.,0.));
#4745 = ORIENTED_EDGE('',*,*,#4687,.T.);
#4746 = ORIENTED_EDGE('',*,*,#4747,.F.);
#4747 = EDGE_CURVE('',#4719,#4688,#4748,.T.);
#4748 = LINE('',#4749,#4750);
#4749 = CARTESIAN_POINT('',(32.803305840794,-23.,260.96877871078));
#4750 = VECTOR('',#4751,1.);
#4751 = DIRECTION('',(0.,-1.,0.));
#4752 = ORIENTED_EDGE('',*,*,#4718,.F.);
#4753 = PLANE('',#4754);
#4754 = AXIS2_PLACEMENT_3D('',#4755,#4756,#4757);
#4755 = CARTESIAN_POINT('',(30.340659939491,-19.,257.81673569635));
#4756 = DIRECTION('',(-0.788010753607,0.,0.615661475326));
#4757 = DIRECTION('',(0.615661475326,0.,0.788010753607));
#4758 = ADVANCED_FACE('',(#4759,#4765),#4768,.F.);
#4759 = FACE_BOUND('',#4760,.F.);
#4760 = EDGE_LOOP('',(#4761,#4762,#4763,#4764));
#4761 = ORIENTED_EDGE('',*,*,#4656,.F.);
#4762 = ORIENTED_EDGE('',*,*,#4726,.T.);
#4763 = ORIENTED_EDGE('',*,*,#4747,.T.);
#4764 = ORIENTED_EDGE('',*,*,#4695,.F.);
#4765 = FACE_BOUND('',#4766,.F.);
#4766 = EDGE_LOOP('',(#4767));
#4767 = ORIENTED_EDGE('',*,*,#4622,.F.);
#4768 = PLANE('',#4769);
#4769 = AXIS2_PLACEMENT_3D('',#4770,#4771,#4772);
#4770 = CARTESIAN_POINT('',(83.235994071624,-27.,221.56644428993));
#4771 = DIRECTION('',(0.615661475326,0.,0.788010753607));
#4772 = DIRECTION('',(-0.788010753607,0.,0.615661475326));
#4773 = ADVANCED_FACE('',(#4774),#4793,.F.);
#4774 = FACE_BOUND('',#4775,.F.);
#4775 = EDGE_LOOP('',(#4776,#4785,#4791,#4792));
#4776 = ORIENTED_EDGE('',*,*,#4777,.F.);
#4777 = EDGE_CURVE('',#4778,#4778,#4780,.T.);
#4778 = VERTEX_POINT('',#4779);
#4779 = CARTESIAN_POINT('',(71.967853469309,1.714505518806E-15,
    313.49077366723));
#4780 = CIRCLE('',#4781,7.);
#4781 = AXIS2_PLACEMENT_3D('',#4782,#4783,#4784);
#4782 = CARTESIAN_POINT('',(77.483928744556,0.,309.18114333995));
#4783 = DIRECTION('',(0.615661475326,0.,0.788010753607));
#4784 = DIRECTION('',(-0.788010753607,0.,0.615661475326));
#4785 = ORIENTED_EDGE('',*,*,#4786,.F.);
#4786 = EDGE_CURVE('',#4475,#4778,#4787,.T.);
#4787 = LINE('',#4788,#4789);
#4788 = CARTESIAN_POINT('',(69.197376830344,1.714505518806E-15,
    309.944725276));
#4789 = VECTOR('',#4790,1.);
#4790 = DIRECTION('',(0.615661475326,0.,0.788010753607));
#4791 = ORIENTED_EDGE('',*,*,#4474,.T.);
#4792 = ORIENTED_EDGE('',*,*,#4786,.T.);
#4793 = CYLINDRICAL_SURFACE('',#4794,7.);
#4794 = AXIS2_PLACEMENT_3D('',#4795,#4796,#4797);
#4795 = CARTESIAN_POINT('',(74.713452105591,0.,305.63509494872));
#4796 = DIRECTION('',(0.615661475326,0.,0.788010753607));
#4797 = DIRECTION('',(-0.788010753607,0.,0.615661475326));
#4798 = ADVANCED_FACE('',(#4799),#4802,.T.);
#4799 = FACE_BOUND('',#4800,.F.);
#4800 = EDGE_LOOP('',(#4801));
#4801 = ORIENTED_EDGE('',*,*,#4538,.F.);
#4802 = PLANE('',#4803);
#4803 = AXIS2_PLACEMENT_3D('',#4804,#4805,#4806);
#4804 = CARTESIAN_POINT('',(36.617087738312,17.5,268.14127145219));
#4805 = DIRECTION('',(0.,1.,0.));
#4806 = DIRECTION('',(-0.788010753607,0.,0.615661475326));
#4807 = ADVANCED_FACE('',(#4808),#4811,.T.);
#4808 = FACE_BOUND('',#4809,.F.);
#4809 = EDGE_LOOP('',(#4810));
#4810 = ORIENTED_EDGE('',*,*,#4565,.F.);
#4811 = PLANE('',#4812);
#4812 = AXIS2_PLACEMENT_3D('',#4813,#4814,#4815);
#4813 = CARTESIAN_POINT('',(71.289560897008,17.5,241.05216653787));
#4814 = DIRECTION('',(0.,1.,0.));
#4815 = DIRECTION('',(-0.788010753607,0.,0.615661475326));
#4816 = ADVANCED_FACE('',(#4817,#4885,#4953,#4973,#4993,#5022,#5042),
  #5062,.T.);
#4817 = FACE_BOUND('',#4818,.T.);
#4818 = EDGE_LOOP('',(#4819,#4820,#4821,#4822,#4823,#4824,#4825,#4826,
    #4827,#4828,#4829,#4838,#4845,#4846,#4854,#4862,#4868,#4869,#4875,
    #4876,#4877,#4878,#4879,#4880,#4881,#4882,#4883,#4884));
#4819 = ORIENTED_EDGE('',*,*,#3294,.T.);
#4820 = ORIENTED_EDGE('',*,*,#2016,.T.);
#4821 = ORIENTED_EDGE('',*,*,#2565,.T.);
#4822 = ORIENTED_EDGE('',*,*,#2890,.T.);
#4823 = ORIENTED_EDGE('',*,*,#2907,.F.);
#4824 = ORIENTED_EDGE('',*,*,#3207,.T.);
#4825 = ORIENTED_EDGE('',*,*,#2924,.T.);
#4826 = ORIENTED_EDGE('',*,*,#2873,.T.);
#4827 = ORIENTED_EDGE('',*,*,#3063,.F.);
#4828 = ORIENTED_EDGE('',*,*,#3121,.F.);
#4829 = ORIENTED_EDGE('',*,*,#4830,.T.);
#4830 = EDGE_CURVE('',#3095,#4831,#4833,.T.);
#4831 = VERTEX_POINT('',#4832);
#4832 = CARTESIAN_POINT('',(98.876727429581,22.5,432.69376998211));
#4833 = CIRCLE('',#4834,4.5);
#4834 = AXIS2_PLACEMENT_3D('',#4835,#4836,#4837);
#4835 = CARTESIAN_POINT('',(102.42277582081,22.5,429.92329334315));
#4836 = DIRECTION('',(0.,1.,-0.));
#4837 = DIRECTION('',(-0.788010753607,0.,0.615661475326));
#4838 = ORIENTED_EDGE('',*,*,#4839,.T.);
#4839 = EDGE_CURVE('',#4831,#2776,#4840,.T.);
#4840 = CIRCLE('',#4841,4.5);
#4841 = AXIS2_PLACEMENT_3D('',#4842,#4843,#4844);
#4842 = CARTESIAN_POINT('',(102.42277582081,22.5,429.92329334315));
#4843 = DIRECTION('',(0.,1.,-0.));
#4844 = DIRECTION('',(-0.788010753607,0.,0.615661475326));
#4845 = ORIENTED_EDGE('',*,*,#2783,.F.);
#4846 = ORIENTED_EDGE('',*,*,#4847,.T.);
#4847 = EDGE_CURVE('',#2767,#4848,#4850,.T.);
#4848 = VERTEX_POINT('',#4849);
#4849 = CARTESIAN_POINT('',(80.266342820297,22.5,389.4934671953));
#4850 = LINE('',#4851,#4852);
#4851 = CARTESIAN_POINT('',(74.149616263524,22.5,374.45561228422));
#4852 = VECTOR('',#4853,1.);
#4853 = DIRECTION('',(-0.376778733993,0.,-0.926303290295));
#4854 = ORIENTED_EDGE('',*,*,#4855,.T.);
#4855 = EDGE_CURVE('',#4848,#4856,#4858,.T.);
#4856 = VERTEX_POINT('',#4857);
#4857 = CARTESIAN_POINT('',(123.60693426866,22.5,355.63208605239));
#4858 = LINE('',#4859,#4860);
#4859 = CARTESIAN_POINT('',(137.18145635579,22.5,345.02650705902));
#4860 = VECTOR('',#4861,1.);
#4861 = DIRECTION('',(0.788010753607,0.,-0.615661475326));
#4862 = ORIENTED_EDGE('',*,*,#4863,.T.);
#4863 = EDGE_CURVE('',#4856,#2209,#4864,.T.);
#4864 = LINE('',#4865,#4866);
#4865 = CARTESIAN_POINT('',(120.32284824222,22.5,347.55822355049));
#4866 = VECTOR('',#4867,1.);
#4867 = DIRECTION('',(0.376778733993,0.,0.926303290295));
#4868 = ORIENTED_EDGE('',*,*,#2216,.F.);
#4869 = ORIENTED_EDGE('',*,*,#4870,.T.);
#4870 = EDGE_CURVE('',#2217,#3632,#4871,.T.);
#4871 = LINE('',#4872,#4873);
#4872 = CARTESIAN_POINT('',(148.89236175858,22.5,406.30745593097));
#4873 = VECTOR('',#4874,1.);
#4874 = DIRECTION('',(-0.376778733993,0.,-0.926303290295));
#4875 = ORIENTED_EDGE('',*,*,#3631,.F.);
#4876 = ORIENTED_EDGE('',*,*,#3769,.T.);
#4877 = ORIENTED_EDGE('',*,*,#4409,.F.);
#4878 = ORIENTED_EDGE('',*,*,#4439,.T.);
#4879 = ORIENTED_EDGE('',*,*,#4466,.F.);
#4880 = ORIENTED_EDGE('',*,*,#4492,.T.);
#4881 = ORIENTED_EDGE('',*,*,#4393,.F.);
#4882 = ORIENTED_EDGE('',*,*,#3731,.T.);
#4883 = ORIENTED_EDGE('',*,*,#3453,.F.);
#4884 = ORIENTED_EDGE('',*,*,#3426,.F.);
#4885 = FACE_BOUND('',#4886,.T.);
#4886 = EDGE_LOOP('',(#4887,#4897,#4905,#4913,#4922,#4930,#4939,#4947));
#4887 = ORIENTED_EDGE('',*,*,#4888,.T.);
#4888 = EDGE_CURVE('',#4889,#4891,#4893,.T.);
#4889 = VERTEX_POINT('',#4890);
#4890 = CARTESIAN_POINT('',(54.805808740759,22.5,326.89923253511));
#4891 = VERTEX_POINT('',#4892);
#4892 = CARTESIAN_POINT('',(98.146400189129,22.5,293.0378513922));
#4893 = LINE('',#4894,#4895);
#4894 = CARTESIAN_POINT('',(97.16346045963,22.5,293.80580807458));
#4895 = VECTOR('',#4896,1.);
#4896 = DIRECTION('',(0.788010753607,0.,-0.615661475326));
#4897 = ORIENTED_EDGE('',*,*,#4898,.T.);
#4898 = EDGE_CURVE('',#4891,#4899,#4901,.T.);
#4899 = VERTEX_POINT('',#4900);
#4900 = CARTESIAN_POINT('',(121.84428190931,22.5,351.29863903746));
#4901 = LINE('',#4902,#4903);
#4902 = CARTESIAN_POINT('',(106.6133298917,22.5,313.85363565654));
#4903 = VECTOR('',#4904,1.);
#4904 = DIRECTION('',(0.376778733993,0.,0.926303290295));
#4905 = ORIENTED_EDGE('',*,*,#4906,.F.);
#4906 = EDGE_CURVE('',#4907,#4899,#4909,.T.);
#4907 = VERTEX_POINT('',#4908);
#4908 = CARTESIAN_POINT('',(121.0562711557,22.5,351.91430051278));
#4909 = LINE('',#4910,#4911);
#4910 = CARTESIAN_POINT('',(134.41097971683,22.5,341.48045866779));
#4911 = VECTOR('',#4912,1.);
#4912 = DIRECTION('',(0.788010753607,0.,-0.615661475326));
#4913 = ORIENTED_EDGE('',*,*,#4914,.T.);
#4914 = EDGE_CURVE('',#4907,#4915,#4917,.T.);
#4915 = VERTEX_POINT('',#4916);
#4916 = CARTESIAN_POINT('',(113.96417437324,22.5,357.45525379071));
#4917 = CIRCLE('',#4918,4.5);
#4918 = AXIS2_PLACEMENT_3D('',#4919,#4920,#4921);
#4919 = CARTESIAN_POINT('',(117.51022276447,22.5,354.68477715175));
#4920 = DIRECTION('',(0.,1.,-0.));
#4921 = DIRECTION('',(-0.788010753607,0.,0.615661475326));
#4922 = ORIENTED_EDGE('',*,*,#4923,.F.);
#4923 = EDGE_CURVE('',#4924,#4915,#4926,.T.);
#4924 = VERTEX_POINT('',#4925);
#4925 = CARTESIAN_POINT('',(86.383797997012,22.5,379.00340542711));
#4926 = LINE('',#4927,#4928);
#4927 = CARTESIAN_POINT('',(134.41097971683,22.5,341.48045866779));
#4928 = VECTOR('',#4929,1.);
#4929 = DIRECTION('',(0.788010753607,0.,-0.615661475326));
#4930 = ORIENTED_EDGE('',*,*,#4931,.T.);
#4931 = EDGE_CURVE('',#4924,#4932,#4934,.T.);
#4932 = VERTEX_POINT('',#4933);
#4933 = CARTESIAN_POINT('',(79.291701214551,22.5,384.54435870504));
#4934 = CIRCLE('',#4935,4.5);
#4935 = AXIS2_PLACEMENT_3D('',#4936,#4937,#4938);
#4936 = CARTESIAN_POINT('',(82.837749605781,22.5,381.77388206608));
#4937 = DIRECTION('',(0.,1.,-0.));
#4938 = DIRECTION('',(-0.788010753607,0.,0.615661475326));
#4939 = ORIENTED_EDGE('',*,*,#4940,.F.);
#4940 = EDGE_CURVE('',#4941,#4932,#4943,.T.);
#4941 = VERTEX_POINT('',#4942);
#4942 = CARTESIAN_POINT('',(78.503690460945,22.5,385.16002018037));
#4943 = LINE('',#4944,#4945);
#4944 = CARTESIAN_POINT('',(134.41097971683,22.5,341.48045866779));
#4945 = VECTOR('',#4946,1.);
#4946 = DIRECTION('',(0.788010753607,0.,-0.615661475326));
#4947 = ORIENTED_EDGE('',*,*,#4948,.T.);
#4948 = EDGE_CURVE('',#4941,#4889,#4949,.T.);
#4949 = LINE('',#4950,#4951);
#4950 = CARTESIAN_POINT('',(60.440097913004,22.5,340.75102439027));
#4951 = VECTOR('',#4952,1.);
#4952 = DIRECTION('',(-0.376778733993,0.,-0.926303290295));
#4953 = FACE_BOUND('',#4954,.T.);
#4954 = EDGE_LOOP('',(#4955,#4966));
#4955 = ORIENTED_EDGE('',*,*,#4956,.F.);
#4956 = EDGE_CURVE('',#4957,#4959,#4961,.T.);
#4957 = VERTEX_POINT('',#4958);
#4958 = CARTESIAN_POINT('',(115.69779803118,22.5,356.100798545));
#4959 = VERTEX_POINT('',#4960);
#4960 = CARTESIAN_POINT('',(119.32264749777,22.5,353.2687557585));
#4961 = CIRCLE('',#4962,2.3);
#4962 = AXIS2_PLACEMENT_3D('',#4963,#4964,#4965);
#4963 = CARTESIAN_POINT('',(117.51022276447,22.5,354.68477715175));
#4964 = DIRECTION('',(0.,1.,-0.));
#4965 = DIRECTION('',(-0.788010753607,0.,0.615661475326));
#4966 = ORIENTED_EDGE('',*,*,#4967,.F.);
#4967 = EDGE_CURVE('',#4959,#4957,#4968,.T.);
#4968 = CIRCLE('',#4969,2.3);
#4969 = AXIS2_PLACEMENT_3D('',#4970,#4971,#4972);
#4970 = CARTESIAN_POINT('',(117.51022276447,22.5,354.68477715175));
#4971 = DIRECTION('',(0.,1.,-0.));
#4972 = DIRECTION('',(-0.788010753607,0.,0.615661475326));
#4973 = FACE_BOUND('',#4974,.T.);
#4974 = EDGE_LOOP('',(#4975,#4986));
#4975 = ORIENTED_EDGE('',*,*,#4976,.F.);
#4976 = EDGE_CURVE('',#4977,#4979,#4981,.T.);
#4977 = VERTEX_POINT('',#4978);
#4978 = CARTESIAN_POINT('',(90.237263951643,22.5,293.50656388481));
#4979 = VERTEX_POINT('',#4980);
#4980 = CARTESIAN_POINT('',(93.862113418234,22.5,290.67452109831));
#4981 = CIRCLE('',#4982,2.3);
#4982 = AXIS2_PLACEMENT_3D('',#4983,#4984,#4985);
#4983 = CARTESIAN_POINT('',(92.049688684939,22.5,292.09054249156));
#4984 = DIRECTION('',(0.,1.,-0.));
#4985 = DIRECTION('',(-0.788010753607,0.,0.615661475326));
#4986 = ORIENTED_EDGE('',*,*,#4987,.F.);
#4987 = EDGE_CURVE('',#4979,#4977,#4988,.T.);
#4988 = CIRCLE('',#4989,2.3);
#4989 = AXIS2_PLACEMENT_3D('',#4990,#4991,#4992);
#4990 = CARTESIAN_POINT('',(92.049688684939,22.5,292.09054249156));
#4991 = DIRECTION('',(0.,1.,-0.));
#4992 = DIRECTION('',(-0.788010753607,0.,0.615661475326));
#4993 = FACE_BOUND('',#4994,.T.);
#4994 = EDGE_LOOP('',(#4995,#5006,#5015));
#4995 = ORIENTED_EDGE('',*,*,#4996,.F.);
#4996 = EDGE_CURVE('',#4997,#4999,#5001,.T.);
#4997 = VERTEX_POINT('',#4998);
#4998 = CARTESIAN_POINT('',(102.75909060241,22.5,432.19857186844));
#4999 = VERTEX_POINT('',#5000);
#5000 = CARTESIAN_POINT('',(104.54910694051,22.5,430.80005783228));
#5001 = CIRCLE('',#5002,2.3);
#5002 = AXIS2_PLACEMENT_3D('',#5003,#5004,#5005);
#5003 = CARTESIAN_POINT('',(102.42277582081,22.5,429.92329334315));
#5004 = DIRECTION('',(0.,1.,-0.));
#5005 = DIRECTION('',(-0.788010753607,0.,0.615661475326));
#5006 = ORIENTED_EDGE('',*,*,#5007,.F.);
#5007 = EDGE_CURVE('',#5008,#4997,#5010,.T.);
#5008 = VERTEX_POINT('',#5009);
#5009 = CARTESIAN_POINT('',(100.61035108751,22.5,431.3393147364));
#5010 = CIRCLE('',#5011,2.3);
#5011 = AXIS2_PLACEMENT_3D('',#5012,#5013,#5014);
#5012 = CARTESIAN_POINT('',(102.42277582081,22.5,429.92329334315));
#5013 = DIRECTION('',(0.,1.,-0.));
#5014 = DIRECTION('',(-0.788010753607,0.,0.615661475326));
#5015 = ORIENTED_EDGE('',*,*,#5016,.F.);
#5016 = EDGE_CURVE('',#4999,#5008,#5017,.T.);
#5017 = CIRCLE('',#5018,2.3);
#5018 = AXIS2_PLACEMENT_3D('',#5019,#5020,#5021);
#5019 = CARTESIAN_POINT('',(102.42277582081,22.5,429.92329334315));
#5020 = DIRECTION('',(0.,1.,-0.));
#5021 = DIRECTION('',(-0.788010753607,0.,0.615661475326));
#5022 = FACE_BOUND('',#5023,.T.);
#5023 = EDGE_LOOP('',(#5024,#5035));
#5024 = ORIENTED_EDGE('',*,*,#5025,.F.);
#5025 = EDGE_CURVE('',#5026,#5028,#5030,.T.);
#5026 = VERTEX_POINT('',#5027);
#5027 = CARTESIAN_POINT('',(81.025324872486,22.5,383.18990345933));
#5028 = VERTEX_POINT('',#5029);
#5029 = CARTESIAN_POINT('',(84.650174339077,22.5,380.35786067283));
#5030 = CIRCLE('',#5031,2.3);
#5031 = AXIS2_PLACEMENT_3D('',#5032,#5033,#5034);
#5032 = CARTESIAN_POINT('',(82.837749605781,22.5,381.77388206608));
#5033 = DIRECTION('',(0.,1.,-0.));
#5034 = DIRECTION('',(-0.788010753607,0.,0.615661475326));
#5035 = ORIENTED_EDGE('',*,*,#5036,.F.);
#5036 = EDGE_CURVE('',#5028,#5026,#5037,.T.);
#5037 = CIRCLE('',#5038,2.3);
#5038 = AXIS2_PLACEMENT_3D('',#5039,#5040,#5041);
#5039 = CARTESIAN_POINT('',(82.837749605781,22.5,381.77388206608));
#5040 = DIRECTION('',(0.,1.,-0.));
#5041 = DIRECTION('',(-0.788010753607,0.,0.615661475326));
#5042 = FACE_BOUND('',#5043,.T.);
#5043 = EDGE_LOOP('',(#5044,#5055));
#5044 = ORIENTED_EDGE('',*,*,#5045,.F.);
#5045 = EDGE_CURVE('',#5046,#5048,#5050,.T.);
#5046 = VERTEX_POINT('',#5047);
#5047 = CARTESIAN_POINT('',(55.564790792948,22.5,320.59566879914));
#5048 = VERTEX_POINT('',#5049);
#5049 = CARTESIAN_POINT('',(59.189640259539,22.5,317.76362601264));
#5050 = CIRCLE('',#5051,2.3);
#5051 = AXIS2_PLACEMENT_3D('',#5052,#5053,#5054);
#5052 = CARTESIAN_POINT('',(57.377215526243,22.5,319.17964740589));
#5053 = DIRECTION('',(0.,1.,-0.));
#5054 = DIRECTION('',(-0.788010753607,0.,0.615661475326));
#5055 = ORIENTED_EDGE('',*,*,#5056,.F.);
#5056 = EDGE_CURVE('',#5048,#5046,#5057,.T.);
#5057 = CIRCLE('',#5058,2.3);
#5058 = AXIS2_PLACEMENT_3D('',#5059,#5060,#5061);
#5059 = CARTESIAN_POINT('',(57.377215526243,22.5,319.17964740589));
#5060 = DIRECTION('',(0.,1.,-0.));
#5061 = DIRECTION('',(-0.788010753607,0.,0.615661475326));
#5062 = PLANE('',#5063);
#5063 = AXIS2_PLACEMENT_3D('',#5064,#5065,#5066);
#5064 = CARTESIAN_POINT('',(87.853030267666,22.5,344.32798018347));
#5065 = DIRECTION('',(0.,1.,0.));
#5066 = DIRECTION('',(-0.788010753607,0.,0.615661475326));
#5067 = ADVANCED_FACE('',(#5068),#5136,.T.);
#5068 = FACE_BOUND('',#5069,.T.);
#5069 = EDGE_LOOP('',(#5070,#5080,#5088,#5096,#5105,#5113,#5122,#5130));
#5070 = ORIENTED_EDGE('',*,*,#5071,.F.);
#5071 = EDGE_CURVE('',#5072,#5074,#5076,.T.);
#5072 = VERTEX_POINT('',#5073);
#5073 = CARTESIAN_POINT('',(54.805808740759,-22.5,326.89923253511));
#5074 = VERTEX_POINT('',#5075);
#5075 = CARTESIAN_POINT('',(98.146400189129,-22.5,293.0378513922));
#5076 = LINE('',#5077,#5078);
#5077 = CARTESIAN_POINT('',(97.16346045963,-22.5,293.80580807458));
#5078 = VECTOR('',#5079,1.);
#5079 = DIRECTION('',(0.788010753607,0.,-0.615661475326));
#5080 = ORIENTED_EDGE('',*,*,#5081,.T.);
#5081 = EDGE_CURVE('',#5072,#5082,#5084,.T.);
#5082 = VERTEX_POINT('',#5083);
#5083 = CARTESIAN_POINT('',(78.503690460945,-22.5,385.16002018037));
#5084 = LINE('',#5085,#5086);
#5085 = CARTESIAN_POINT('',(27.582622301868,-22.5,259.97155085999));
#5086 = VECTOR('',#5087,1.);
#5087 = DIRECTION('',(0.376778733993,0.,0.926303290295));
#5088 = ORIENTED_EDGE('',*,*,#5089,.T.);
#5089 = EDGE_CURVE('',#5082,#5090,#5092,.T.);
#5090 = VERTEX_POINT('',#5091);
#5091 = CARTESIAN_POINT('',(79.291701214551,-22.5,384.54435870504));
#5092 = LINE('',#5093,#5094);
#5093 = CARTESIAN_POINT('',(134.41097971683,-22.5,341.48045866779));
#5094 = VECTOR('',#5095,1.);
#5095 = DIRECTION('',(0.788010753607,0.,-0.615661475326));
#5096 = ORIENTED_EDGE('',*,*,#5097,.F.);
#5097 = EDGE_CURVE('',#5098,#5090,#5100,.T.);
#5098 = VERTEX_POINT('',#5099);
#5099 = CARTESIAN_POINT('',(86.383797997012,-22.5,379.00340542711));
#5100 = CIRCLE('',#5101,4.5);
#5101 = AXIS2_PLACEMENT_3D('',#5102,#5103,#5104);
#5102 = CARTESIAN_POINT('',(82.837749605781,-22.5,381.77388206608));
#5103 = DIRECTION('',(0.,1.,-0.));
#5104 = DIRECTION('',(-0.788010753607,0.,0.615661475326));
#5105 = ORIENTED_EDGE('',*,*,#5106,.T.);
#5106 = EDGE_CURVE('',#5098,#5107,#5109,.T.);
#5107 = VERTEX_POINT('',#5108);
#5108 = CARTESIAN_POINT('',(113.96417437324,-22.5,357.45525379071));
#5109 = LINE('',#5110,#5111);
#5110 = CARTESIAN_POINT('',(134.41097971683,-22.5,341.48045866779));
#5111 = VECTOR('',#5112,1.);
#5112 = DIRECTION('',(0.788010753607,0.,-0.615661475326));
#5113 = ORIENTED_EDGE('',*,*,#5114,.F.);
#5114 = EDGE_CURVE('',#5115,#5107,#5117,.T.);
#5115 = VERTEX_POINT('',#5116);
#5116 = CARTESIAN_POINT('',(121.0562711557,-22.5,351.91430051278));
#5117 = CIRCLE('',#5118,4.5);
#5118 = AXIS2_PLACEMENT_3D('',#5119,#5120,#5121);
#5119 = CARTESIAN_POINT('',(117.51022276447,-22.5,354.68477715175));
#5120 = DIRECTION('',(0.,1.,-0.));
#5121 = DIRECTION('',(-0.788010753607,0.,0.615661475326));
#5122 = ORIENTED_EDGE('',*,*,#5123,.T.);
#5123 = EDGE_CURVE('',#5115,#5124,#5126,.T.);
#5124 = VERTEX_POINT('',#5125);
#5125 = CARTESIAN_POINT('',(121.84428190931,-22.5,351.29863903746));
#5126 = LINE('',#5127,#5128);
#5127 = CARTESIAN_POINT('',(134.41097971683,-22.5,341.48045866779));
#5128 = VECTOR('',#5129,1.);
#5129 = DIRECTION('',(0.788010753607,0.,-0.615661475326));
#5130 = ORIENTED_EDGE('',*,*,#5131,.T.);
#5131 = EDGE_CURVE('',#5124,#5074,#5132,.T.);
#5132 = LINE('',#5133,#5134);
#5133 = CARTESIAN_POINT('',(129.67829239532,-22.5,370.55840354829));
#5134 = VECTOR('',#5135,1.);
#5135 = DIRECTION('',(-0.376778733993,0.,-0.926303290295));
#5136 = PLANE('',#5137);
#5137 = AXIS2_PLACEMENT_3D('',#5138,#5139,#5140);
#5138 = CARTESIAN_POINT('',(86.464467834609,-22.5,334.52474171496));
#5139 = DIRECTION('',(0.,1.,0.));
#5140 = DIRECTION('',(-0.788010753607,0.,0.615661475326));
#5141 = ADVANCED_FACE('',(#5142),#5158,.F.);
#5142 = FACE_BOUND('',#5143,.F.);
#5143 = EDGE_LOOP('',(#5144,#5150,#5151,#5157));
#5144 = ORIENTED_EDGE('',*,*,#5145,.T.);
#5145 = EDGE_CURVE('',#4941,#5082,#5146,.T.);
#5146 = LINE('',#5147,#5148);
#5147 = CARTESIAN_POINT('',(78.503690460945,-24.75,385.16002018037));
#5148 = VECTOR('',#5149,1.);
#5149 = DIRECTION('',(0.,-1.,0.));
#5150 = ORIENTED_EDGE('',*,*,#5089,.T.);
#5151 = ORIENTED_EDGE('',*,*,#5152,.T.);
#5152 = EDGE_CURVE('',#5090,#4932,#5153,.T.);
#5153 = LINE('',#5154,#5155);
#5154 = CARTESIAN_POINT('',(79.291701214551,-27.,384.54435870504));
#5155 = VECTOR('',#5156,1.);
#5156 = DIRECTION('',(0.,1.,0.));
#5157 = ORIENTED_EDGE('',*,*,#4940,.F.);
#5158 = PLANE('',#5159);
#5159 = AXIS2_PLACEMENT_3D('',#5160,#5161,#5162);
#5160 = CARTESIAN_POINT('',(160.80933996265,-27.,320.85579924438));
#5161 = DIRECTION('',(0.615661475326,0.,0.788010753607));
#5162 = DIRECTION('',(-0.788010753607,0.,0.615661475326));
#5163 = ADVANCED_FACE('',(#5164),#5180,.F.);
#5164 = FACE_BOUND('',#5165,.F.);
#5165 = EDGE_LOOP('',(#5166,#5167,#5173,#5174));
#5166 = ORIENTED_EDGE('',*,*,#5123,.T.);
#5167 = ORIENTED_EDGE('',*,*,#5168,.T.);
#5168 = EDGE_CURVE('',#5124,#4899,#5169,.T.);
#5169 = LINE('',#5170,#5171);
#5170 = CARTESIAN_POINT('',(121.84428190931,-24.75,351.29863903746));
#5171 = VECTOR('',#5172,1.);
#5172 = DIRECTION('',(0.,1.,0.));
#5173 = ORIENTED_EDGE('',*,*,#4906,.F.);
#5174 = ORIENTED_EDGE('',*,*,#5175,.F.);
#5175 = EDGE_CURVE('',#5115,#4907,#5176,.T.);
#5176 = LINE('',#5177,#5178);
#5177 = CARTESIAN_POINT('',(121.0562711557,-27.,351.91430051278));
#5178 = VECTOR('',#5179,1.);
#5179 = DIRECTION('',(0.,1.,0.));
#5180 = PLANE('',#5181);
#5181 = AXIS2_PLACEMENT_3D('',#5182,#5183,#5184);
#5182 = CARTESIAN_POINT('',(160.80933996265,-27.,320.85579924438));
#5183 = DIRECTION('',(0.615661475326,0.,0.788010753607));
#5184 = DIRECTION('',(-0.788010753607,0.,0.615661475326));
#5185 = ADVANCED_FACE('',(#5186),#5197,.T.);
#5186 = FACE_BOUND('',#5187,.T.);
#5187 = EDGE_LOOP('',(#5188,#5194,#5195,#5196));
#5188 = ORIENTED_EDGE('',*,*,#5189,.T.);
#5189 = EDGE_CURVE('',#5107,#4915,#5190,.T.);
#5190 = LINE('',#5191,#5192);
#5191 = CARTESIAN_POINT('',(113.96417437324,-27.,357.45525379071));
#5192 = VECTOR('',#5193,1.);
#5193 = DIRECTION('',(0.,1.,0.));
#5194 = ORIENTED_EDGE('',*,*,#4914,.F.);
#5195 = ORIENTED_EDGE('',*,*,#5175,.F.);
#5196 = ORIENTED_EDGE('',*,*,#5114,.T.);
#5197 = CYLINDRICAL_SURFACE('',#5198,4.5);
#5198 = AXIS2_PLACEMENT_3D('',#5199,#5200,#5201);
#5199 = CARTESIAN_POINT('',(117.51022276447,-27.,354.68477715175));
#5200 = DIRECTION('',(0.,1.,0.));
#5201 = DIRECTION('',(-0.788010753607,0.,0.615661475326));
#5202 = ADVANCED_FACE('',(#5203,#5214),#5225,.F.);
#5203 = FACE_BOUND('',#5204,.F.);
#5204 = EDGE_LOOP('',(#5205,#5211,#5212,#5213));
#5205 = ORIENTED_EDGE('',*,*,#5206,.F.);
#5206 = EDGE_CURVE('',#5098,#4924,#5207,.T.);
#5207 = LINE('',#5208,#5209);
#5208 = CARTESIAN_POINT('',(86.383797997012,-27.,379.00340542711));
#5209 = VECTOR('',#5210,1.);
#5210 = DIRECTION('',(0.,1.,0.));
#5211 = ORIENTED_EDGE('',*,*,#5106,.T.);
#5212 = ORIENTED_EDGE('',*,*,#5189,.T.);
#5213 = ORIENTED_EDGE('',*,*,#4923,.F.);
#5214 = FACE_BOUND('',#5215,.F.);
#5215 = EDGE_LOOP('',(#5216));
#5216 = ORIENTED_EDGE('',*,*,#5217,.F.);
#5217 = EDGE_CURVE('',#5218,#5218,#5220,.T.);
#5218 = VERTEX_POINT('',#5219);
#5219 = CARTESIAN_POINT('',(94.657910909882,1.714505518806E-15,
    372.53895993619));
#5220 = CIRCLE('',#5221,7.);
#5221 = AXIS2_PLACEMENT_3D('',#5222,#5223,#5224);
#5222 = CARTESIAN_POINT('',(100.17398618512,0.,368.22932960891));
#5223 = DIRECTION('',(0.615661475326,0.,0.788010753607));
#5224 = DIRECTION('',(-0.788010753607,0.,0.615661475326));
#5225 = PLANE('',#5226);
#5226 = AXIS2_PLACEMENT_3D('',#5227,#5228,#5229);
#5227 = CARTESIAN_POINT('',(160.80933996265,-27.,320.85579924438));
#5228 = DIRECTION('',(0.615661475326,0.,0.788010753607));
#5229 = DIRECTION('',(-0.788010753607,0.,0.615661475326));
#5230 = ADVANCED_FACE('',(#5231),#5237,.T.);
#5231 = FACE_BOUND('',#5232,.T.);
#5232 = EDGE_LOOP('',(#5233,#5234,#5235,#5236));
#5233 = ORIENTED_EDGE('',*,*,#5152,.T.);
#5234 = ORIENTED_EDGE('',*,*,#4931,.F.);
#5235 = ORIENTED_EDGE('',*,*,#5206,.F.);
#5236 = ORIENTED_EDGE('',*,*,#5097,.T.);
#5237 = CYLINDRICAL_SURFACE('',#5238,4.5);
#5238 = AXIS2_PLACEMENT_3D('',#5239,#5240,#5241);
#5239 = CARTESIAN_POINT('',(82.837749605781,-27.,381.77388206608));
#5240 = DIRECTION('',(0.,1.,0.));
#5241 = DIRECTION('',(-0.788010753607,0.,0.615661475326));
#5242 = ADVANCED_FACE('',(#5243),#5262,.F.);
#5243 = FACE_BOUND('',#5244,.F.);
#5244 = EDGE_LOOP('',(#5245,#5254,#5260,#5261));
#5245 = ORIENTED_EDGE('',*,*,#5246,.F.);
#5246 = EDGE_CURVE('',#5247,#5247,#5249,.T.);
#5247 = VERTEX_POINT('',#5248);
#5248 = CARTESIAN_POINT('',(97.428387548848,1.714505518806E-15,
    376.08500832742));
#5249 = CIRCLE('',#5250,7.);
#5250 = AXIS2_PLACEMENT_3D('',#5251,#5252,#5253);
#5251 = CARTESIAN_POINT('',(102.94446282409,0.,371.77537800014));
#5252 = DIRECTION('',(0.615661475326,0.,0.788010753607));
#5253 = DIRECTION('',(-0.788010753607,0.,0.615661475326));
#5254 = ORIENTED_EDGE('',*,*,#5255,.F.);
#5255 = EDGE_CURVE('',#5218,#5247,#5256,.T.);
#5256 = LINE('',#5257,#5258);
#5257 = CARTESIAN_POINT('',(94.657910909882,1.714505518806E-15,
    372.53895993619));
#5258 = VECTOR('',#5259,1.);
#5259 = DIRECTION('',(0.615661475326,0.,0.788010753607));
#5260 = ORIENTED_EDGE('',*,*,#5217,.T.);
#5261 = ORIENTED_EDGE('',*,*,#5255,.T.);
#5262 = CYLINDRICAL_SURFACE('',#5263,7.);
#5263 = AXIS2_PLACEMENT_3D('',#5264,#5265,#5266);
#5264 = CARTESIAN_POINT('',(100.17398618512,0.,368.22932960891));
#5265 = DIRECTION('',(0.615661475326,0.,0.788010753607));
#5266 = DIRECTION('',(-0.788010753607,0.,0.615661475326));
#5267 = ADVANCED_FACE('',(#5268),#5288,.F.);
#5268 = FACE_BOUND('',#5269,.F.);
#5269 = EDGE_LOOP('',(#5270,#5278,#5279,#5280,#5281));
#5270 = ORIENTED_EDGE('',*,*,#5271,.T.);
#5271 = EDGE_CURVE('',#5272,#4957,#5274,.T.);
#5272 = VERTEX_POINT('',#5273);
#5273 = CARTESIAN_POINT('',(115.69779803118,17.5,356.100798545));
#5274 = LINE('',#5275,#5276);
#5275 = CARTESIAN_POINT('',(115.69779803118,17.5,356.100798545));
#5276 = VECTOR('',#5277,1.);
#5277 = DIRECTION('',(0.,1.,0.));
#5278 = ORIENTED_EDGE('',*,*,#4967,.F.);
#5279 = ORIENTED_EDGE('',*,*,#4956,.F.);
#5280 = ORIENTED_EDGE('',*,*,#5271,.F.);
#5281 = ORIENTED_EDGE('',*,*,#5282,.T.);
#5282 = EDGE_CURVE('',#5272,#5272,#5283,.T.);
#5283 = CIRCLE('',#5284,2.3);
#5284 = AXIS2_PLACEMENT_3D('',#5285,#5286,#5287);
#5285 = CARTESIAN_POINT('',(117.51022276447,17.5,354.68477715175));
#5286 = DIRECTION('',(0.,1.,-0.));
#5287 = DIRECTION('',(-0.788010753607,0.,0.615661475326));
#5288 = CYLINDRICAL_SURFACE('',#5289,2.3);
#5289 = AXIS2_PLACEMENT_3D('',#5290,#5291,#5292);
#5290 = CARTESIAN_POINT('',(117.51022276447,17.5,354.68477715175));
#5291 = DIRECTION('',(0.,1.,0.));
#5292 = DIRECTION('',(-0.788010753607,0.,0.615661475326));
#5293 = ADVANCED_FACE('',(#5294),#5297,.T.);
#5294 = FACE_BOUND('',#5295,.F.);
#5295 = EDGE_LOOP('',(#5296));
#5296 = ORIENTED_EDGE('',*,*,#5282,.F.);
#5297 = PLANE('',#5298);
#5298 = AXIS2_PLACEMENT_3D('',#5299,#5300,#5301);
#5299 = CARTESIAN_POINT('',(117.51022276447,17.5,354.68477715175));
#5300 = DIRECTION('',(0.,1.,0.));
#5301 = DIRECTION('',(-0.788010753607,0.,0.615661475326));
#5302 = ADVANCED_FACE('',(#5303),#5323,.F.);
#5303 = FACE_BOUND('',#5304,.F.);
#5304 = EDGE_LOOP('',(#5305,#5313,#5314,#5315,#5316));
#5305 = ORIENTED_EDGE('',*,*,#5306,.T.);
#5306 = EDGE_CURVE('',#5307,#4977,#5309,.T.);
#5307 = VERTEX_POINT('',#5308);
#5308 = CARTESIAN_POINT('',(90.237263951643,17.5,293.50656388481));
#5309 = LINE('',#5310,#5311);
#5310 = CARTESIAN_POINT('',(90.237263951643,17.5,293.50656388481));
#5311 = VECTOR('',#5312,1.);
#5312 = DIRECTION('',(0.,1.,0.));
#5313 = ORIENTED_EDGE('',*,*,#4987,.F.);
#5314 = ORIENTED_EDGE('',*,*,#4976,.F.);
#5315 = ORIENTED_EDGE('',*,*,#5306,.F.);
#5316 = ORIENTED_EDGE('',*,*,#5317,.T.);
#5317 = EDGE_CURVE('',#5307,#5307,#5318,.T.);
#5318 = CIRCLE('',#5319,2.3);
#5319 = AXIS2_PLACEMENT_3D('',#5320,#5321,#5322);
#5320 = CARTESIAN_POINT('',(92.049688684939,17.5,292.09054249156));
#5321 = DIRECTION('',(0.,1.,-0.));
#5322 = DIRECTION('',(-0.788010753607,0.,0.615661475326));
#5323 = CYLINDRICAL_SURFACE('',#5324,2.3);
#5324 = AXIS2_PLACEMENT_3D('',#5325,#5326,#5327);
#5325 = CARTESIAN_POINT('',(92.049688684939,17.5,292.09054249156));
#5326 = DIRECTION('',(0.,1.,0.));
#5327 = DIRECTION('',(-0.788010753607,0.,0.615661475326));
#5328 = ADVANCED_FACE('',(#5329),#5332,.T.);
#5329 = FACE_BOUND('',#5330,.F.);
#5330 = EDGE_LOOP('',(#5331));
#5331 = ORIENTED_EDGE('',*,*,#5317,.F.);
#5332 = PLANE('',#5333);
#5333 = AXIS2_PLACEMENT_3D('',#5334,#5335,#5336);
#5334 = CARTESIAN_POINT('',(92.049688684939,17.5,292.09054249156));
#5335 = DIRECTION('',(0.,1.,0.));
#5336 = DIRECTION('',(-0.788010753607,0.,0.615661475326));
#5337 = ADVANCED_FACE('',(#5338),#5359,.F.);
#5338 = FACE_BOUND('',#5339,.F.);
#5339 = EDGE_LOOP('',(#5340,#5348,#5349,#5350,#5351,#5352));
#5340 = ORIENTED_EDGE('',*,*,#5341,.T.);
#5341 = EDGE_CURVE('',#5342,#5008,#5344,.T.);
#5342 = VERTEX_POINT('',#5343);
#5343 = CARTESIAN_POINT('',(100.61035108751,17.5,431.3393147364));
#5344 = LINE('',#5345,#5346);
#5345 = CARTESIAN_POINT('',(100.61035108751,17.5,431.3393147364));
#5346 = VECTOR('',#5347,1.);
#5347 = DIRECTION('',(0.,1.,0.));
#5348 = ORIENTED_EDGE('',*,*,#5016,.F.);
#5349 = ORIENTED_EDGE('',*,*,#4996,.F.);
#5350 = ORIENTED_EDGE('',*,*,#5007,.F.);
#5351 = ORIENTED_EDGE('',*,*,#5341,.F.);
#5352 = ORIENTED_EDGE('',*,*,#5353,.T.);
#5353 = EDGE_CURVE('',#5342,#5342,#5354,.T.);
#5354 = CIRCLE('',#5355,2.3);
#5355 = AXIS2_PLACEMENT_3D('',#5356,#5357,#5358);
#5356 = CARTESIAN_POINT('',(102.42277582081,17.5,429.92329334315));
#5357 = DIRECTION('',(0.,1.,-0.));
#5358 = DIRECTION('',(-0.788010753607,0.,0.615661475326));
#5359 = CYLINDRICAL_SURFACE('',#5360,2.3);
#5360 = AXIS2_PLACEMENT_3D('',#5361,#5362,#5363);
#5361 = CARTESIAN_POINT('',(102.42277582081,17.5,429.92329334315));
#5362 = DIRECTION('',(0.,1.,0.));
#5363 = DIRECTION('',(-0.788010753607,0.,0.615661475326));
#5364 = ADVANCED_FACE('',(#5365),#5368,.T.);
#5365 = FACE_BOUND('',#5366,.F.);
#5366 = EDGE_LOOP('',(#5367));
#5367 = ORIENTED_EDGE('',*,*,#5353,.F.);
#5368 = PLANE('',#5369);
#5369 = AXIS2_PLACEMENT_3D('',#5370,#5371,#5372);
#5370 = CARTESIAN_POINT('',(102.42277582081,17.5,429.92329334315));
#5371 = DIRECTION('',(0.,1.,0.));
#5372 = DIRECTION('',(-0.788010753607,0.,0.615661475326));
#5373 = ADVANCED_FACE('',(#5374),#5394,.F.);
#5374 = FACE_BOUND('',#5375,.F.);
#5375 = EDGE_LOOP('',(#5376,#5384,#5385,#5386,#5387));
#5376 = ORIENTED_EDGE('',*,*,#5377,.T.);
#5377 = EDGE_CURVE('',#5378,#5026,#5380,.T.);
#5378 = VERTEX_POINT('',#5379);
#5379 = CARTESIAN_POINT('',(81.025324872486,17.5,383.18990345933));
#5380 = LINE('',#5381,#5382);
#5381 = CARTESIAN_POINT('',(81.025324872486,17.5,383.18990345933));
#5382 = VECTOR('',#5383,1.);
#5383 = DIRECTION('',(0.,1.,0.));
#5384 = ORIENTED_EDGE('',*,*,#5036,.F.);
#5385 = ORIENTED_EDGE('',*,*,#5025,.F.);
#5386 = ORIENTED_EDGE('',*,*,#5377,.F.);
#5387 = ORIENTED_EDGE('',*,*,#5388,.T.);
#5388 = EDGE_CURVE('',#5378,#5378,#5389,.T.);
#5389 = CIRCLE('',#5390,2.3);
#5390 = AXIS2_PLACEMENT_3D('',#5391,#5392,#5393);
#5391 = CARTESIAN_POINT('',(82.837749605781,17.5,381.77388206608));
#5392 = DIRECTION('',(0.,1.,-0.));
#5393 = DIRECTION('',(-0.788010753607,0.,0.615661475326));
#5394 = CYLINDRICAL_SURFACE('',#5395,2.3);
#5395 = AXIS2_PLACEMENT_3D('',#5396,#5397,#5398);
#5396 = CARTESIAN_POINT('',(82.837749605781,17.5,381.77388206608));
#5397 = DIRECTION('',(0.,1.,0.));
#5398 = DIRECTION('',(-0.788010753607,0.,0.615661475326));
#5399 = ADVANCED_FACE('',(#5400),#5403,.T.);
#5400 = FACE_BOUND('',#5401,.F.);
#5401 = EDGE_LOOP('',(#5402));
#5402 = ORIENTED_EDGE('',*,*,#5388,.F.);
#5403 = PLANE('',#5404);
#5404 = AXIS2_PLACEMENT_3D('',#5405,#5406,#5407);
#5405 = CARTESIAN_POINT('',(82.837749605781,17.5,381.77388206608));
#5406 = DIRECTION('',(0.,1.,0.));
#5407 = DIRECTION('',(-0.788010753607,0.,0.615661475326));
#5408 = ADVANCED_FACE('',(#5409),#5429,.F.);
#5409 = FACE_BOUND('',#5410,.F.);
#5410 = EDGE_LOOP('',(#5411,#5419,#5420,#5421,#5422));
#5411 = ORIENTED_EDGE('',*,*,#5412,.T.);
#5412 = EDGE_CURVE('',#5413,#5046,#5415,.T.);
#5413 = VERTEX_POINT('',#5414);
#5414 = CARTESIAN_POINT('',(55.564790792948,17.5,320.59566879914));
#5415 = LINE('',#5416,#5417);
#5416 = CARTESIAN_POINT('',(55.564790792948,17.5,320.59566879914));
#5417 = VECTOR('',#5418,1.);
#5418 = DIRECTION('',(0.,1.,0.));
#5419 = ORIENTED_EDGE('',*,*,#5056,.F.);
#5420 = ORIENTED_EDGE('',*,*,#5045,.F.);
#5421 = ORIENTED_EDGE('',*,*,#5412,.F.);
#5422 = ORIENTED_EDGE('',*,*,#5423,.T.);
#5423 = EDGE_CURVE('',#5413,#5413,#5424,.T.);
#5424 = CIRCLE('',#5425,2.3);
#5425 = AXIS2_PLACEMENT_3D('',#5426,#5427,#5428);
#5426 = CARTESIAN_POINT('',(57.377215526243,17.5,319.17964740589));
#5427 = DIRECTION('',(0.,1.,-0.));
#5428 = DIRECTION('',(-0.788010753607,0.,0.615661475326));
#5429 = CYLINDRICAL_SURFACE('',#5430,2.3);
#5430 = AXIS2_PLACEMENT_3D('',#5431,#5432,#5433);
#5431 = CARTESIAN_POINT('',(57.377215526243,17.5,319.17964740589));
#5432 = DIRECTION('',(0.,1.,0.));
#5433 = DIRECTION('',(-0.788010753607,0.,0.615661475326));
#5434 = ADVANCED_FACE('',(#5435),#5438,.T.);
#5435 = FACE_BOUND('',#5436,.F.);
#5436 = EDGE_LOOP('',(#5437));
#5437 = ORIENTED_EDGE('',*,*,#5423,.F.);
#5438 = PLANE('',#5439);
#5439 = AXIS2_PLACEMENT_3D('',#5440,#5441,#5442);
#5440 = CARTESIAN_POINT('',(57.377215526243,17.5,319.17964740589));
#5441 = DIRECTION('',(0.,1.,0.));
#5442 = DIRECTION('',(-0.788010753607,0.,0.615661475326));
#5443 = ADVANCED_FACE('',(#5444,#5451,#5457,#5462,#5467,#5470),#5473,.T.
  );
#5444 = FACE_BOUND('',#5445,.T.);
#5445 = EDGE_LOOP('',(#5446,#5447,#5448,#5449,#5450));
#5446 = ORIENTED_EDGE('',*,*,#3317,.T.);
#5447 = ORIENTED_EDGE('',*,*,#3302,.T.);
#5448 = ORIENTED_EDGE('',*,*,#3420,.T.);
#5449 = ORIENTED_EDGE('',*,*,#3390,.F.);
#5450 = ORIENTED_EDGE('',*,*,#3358,.F.);
#5451 = FACE_BOUND('',#5452,.T.);
#5452 = EDGE_LOOP('',(#5453,#5454,#5455,#5456));
#5453 = ORIENTED_EDGE('',*,*,#4638,.T.);
#5454 = ORIENTED_EDGE('',*,*,#4710,.T.);
#5455 = ORIENTED_EDGE('',*,*,#4740,.F.);
#5456 = ORIENTED_EDGE('',*,*,#4679,.F.);
#5457 = FACE_BOUND('',#5458,.T.);
#5458 = EDGE_LOOP('',(#5459,#5460,#5461));
#5459 = ORIENTED_EDGE('',*,*,#4053,.T.);
#5460 = ORIENTED_EDGE('',*,*,#4035,.T.);
#5461 = ORIENTED_EDGE('',*,*,#4044,.T.);
#5462 = FACE_BOUND('',#5463,.T.);
#5463 = EDGE_LOOP('',(#5464,#5465,#5466));
#5464 = ORIENTED_EDGE('',*,*,#3954,.T.);
#5465 = ORIENTED_EDGE('',*,*,#3936,.T.);
#5466 = ORIENTED_EDGE('',*,*,#3945,.T.);
#5467 = FACE_BOUND('',#5468,.T.);
#5468 = EDGE_LOOP('',(#5469));
#5469 = ORIENTED_EDGE('',*,*,#3682,.T.);
#5470 = FACE_BOUND('',#5471,.T.);
#5471 = EDGE_LOOP('',(#5472));
#5472 = ORIENTED_EDGE('',*,*,#3706,.T.);
#5473 = PLANE('',#5474);
#5474 = AXIS2_PLACEMENT_3D('',#5475,#5476,#5477);
#5475 = CARTESIAN_POINT('',(49.252918026053,0.,243.04086028853));
#5476 = DIRECTION('',(-0.615661475326,-0.,-0.788010753607));
#5477 = DIRECTION('',(0.788010753607,0.,-0.615661475326));
#5478 = ADVANCED_FACE('',(#5479),#5489,.T.);
#5479 = FACE_BOUND('',#5480,.T.);
#5480 = EDGE_LOOP('',(#5481,#5482,#5483,#5484,#5485,#5486,#5487,#5488));
#5481 = ORIENTED_EDGE('',*,*,#3341,.T.);
#5482 = ORIENTED_EDGE('',*,*,#3639,.T.);
#5483 = ORIENTED_EDGE('',*,*,#4870,.F.);
#5484 = ORIENTED_EDGE('',*,*,#2224,.T.);
#5485 = ORIENTED_EDGE('',*,*,#2280,.T.);
#5486 = ORIENTED_EDGE('',*,*,#2353,.F.);
#5487 = ORIENTED_EDGE('',*,*,#1924,.F.);
#5488 = ORIENTED_EDGE('',*,*,#1877,.T.);
#5489 = PLANE('',#5490);
#5490 = AXIS2_PLACEMENT_3D('',#5491,#5492,#5493);
#5491 = CARTESIAN_POINT('',(113.57723937521,-2.326884447911,
    319.48590495281));
#5492 = DIRECTION('',(0.926303290295,0.,-0.376778733993));
#5493 = DIRECTION('',(-0.376778733993,0.,-0.926303290295));
#5494 = ADVANCED_FACE('',(#5495),#5506,.T.);
#5495 = FACE_BOUND('',#5496,.T.);
#5496 = EDGE_LOOP('',(#5497,#5498,#5504,#5505));
#5497 = ORIENTED_EDGE('',*,*,#5081,.F.);
#5498 = ORIENTED_EDGE('',*,*,#5499,.F.);
#5499 = EDGE_CURVE('',#4889,#5072,#5500,.T.);
#5500 = LINE('',#5501,#5502);
#5501 = CARTESIAN_POINT('',(54.805808740759,-24.75,326.89923253511));
#5502 = VECTOR('',#5503,1.);
#5503 = DIRECTION('',(0.,-1.,0.));
#5504 = ORIENTED_EDGE('',*,*,#4948,.F.);
#5505 = ORIENTED_EDGE('',*,*,#5145,.T.);
#5506 = PLANE('',#5507);
#5507 = AXIS2_PLACEMENT_3D('',#5508,#5509,#5510);
#5508 = CARTESIAN_POINT('',(66.654749600852,4.21468153172E-15,
    356.02962635774));
#5509 = DIRECTION('',(0.926303290295,0.,-0.376778733993));
#5510 = DIRECTION('',(-0.376778733993,0.,-0.926303290295));
#5511 = ADVANCED_FACE('',(#5512),#5523,.T.);
#5512 = FACE_BOUND('',#5513,.T.);
#5513 = EDGE_LOOP('',(#5514,#5515,#5521,#5522));
#5514 = ORIENTED_EDGE('',*,*,#2678,.F.);
#5515 = ORIENTED_EDGE('',*,*,#5516,.F.);
#5516 = EDGE_CURVE('',#4848,#2669,#5517,.T.);
#5517 = LINE('',#5518,#5519);
#5518 = CARTESIAN_POINT('',(80.266342820297,-24.75,389.4934671953));
#5519 = VECTOR('',#5520,1.);
#5520 = DIRECTION('',(0.,-1.,0.));
#5521 = ORIENTED_EDGE('',*,*,#4847,.F.);
#5522 = ORIENTED_EDGE('',*,*,#2766,.T.);
#5523 = PLANE('',#5524);
#5524 = AXIS2_PLACEMENT_3D('',#5525,#5526,#5527);
#5525 = CARTESIAN_POINT('',(89.569230272436,4.215924955323E-15,
    412.36443755191));
#5526 = DIRECTION('',(0.926303290295,0.,-0.376778733993));
#5527 = DIRECTION('',(-0.376778733993,0.,-0.926303290295));
#5528 = ADVANCED_FACE('',(#5529),#5540,.T.);
#5529 = FACE_BOUND('',#5530,.T.);
#5530 = EDGE_LOOP('',(#5531,#5532,#5533,#5534));
#5531 = ORIENTED_EDGE('',*,*,#5131,.F.);
#5532 = ORIENTED_EDGE('',*,*,#5168,.T.);
#5533 = ORIENTED_EDGE('',*,*,#4898,.F.);
#5534 = ORIENTED_EDGE('',*,*,#5535,.F.);
#5535 = EDGE_CURVE('',#5074,#4891,#5536,.T.);
#5536 = LINE('',#5537,#5538);
#5537 = CARTESIAN_POINT('',(98.146400189129,-24.75,293.0378513922));
#5538 = VECTOR('',#5539,1.);
#5539 = DIRECTION('',(0.,1.,0.));
#5540 = PLANE('',#5541);
#5541 = AXIS2_PLACEMENT_3D('',#5542,#5543,#5544);
#5542 = CARTESIAN_POINT('',(109.99534104922,5.136643116784E-15,
    322.16824521483));
#5543 = DIRECTION('',(-0.926303290295,0.,0.376778733993));
#5544 = DIRECTION('',(0.376778733993,0.,0.926303290295));
#5545 = ADVANCED_FACE('',(#5546),#5559,.T.);
#5546 = FACE_BOUND('',#5547,.T.);
#5547 = EDGE_LOOP('',(#5548,#5549,#5550,#5551,#5552,#5553));
#5548 = ORIENTED_EDGE('',*,*,#2752,.F.);
#5549 = ORIENTED_EDGE('',*,*,#2632,.T.);
#5550 = ORIENTED_EDGE('',*,*,#2273,.F.);
#5551 = ORIENTED_EDGE('',*,*,#2208,.F.);
#5552 = ORIENTED_EDGE('',*,*,#4863,.F.);
#5553 = ORIENTED_EDGE('',*,*,#5554,.F.);
#5554 = EDGE_CURVE('',#2671,#4856,#5555,.T.);
#5555 = LINE('',#5556,#5557);
#5556 = CARTESIAN_POINT('',(123.60693426866,-24.75,355.63208605239));
#5557 = VECTOR('',#5558,1.);
#5558 = DIRECTION('',(0.,1.,0.));
#5559 = PLANE('',#5560);
#5560 = AXIS2_PLACEMENT_3D('',#5561,#5562,#5563);
#5561 = CARTESIAN_POINT('',(132.74000739542,-3.678415408238E-02,
    378.08557114736));
#5562 = DIRECTION('',(-0.926303290295,0.,0.376778733993));
#5563 = DIRECTION('',(0.376778733993,0.,0.926303290295));
#5564 = ADVANCED_FACE('',(#5565,#5571),#5574,.T.);
#5565 = FACE_BOUND('',#5566,.T.);
#5566 = EDGE_LOOP('',(#5567,#5568,#5569,#5570));
#5567 = ORIENTED_EDGE('',*,*,#5499,.T.);
#5568 = ORIENTED_EDGE('',*,*,#5071,.T.);
#5569 = ORIENTED_EDGE('',*,*,#5535,.T.);
#5570 = ORIENTED_EDGE('',*,*,#4888,.F.);
#5571 = FACE_BOUND('',#5572,.T.);
#5572 = EDGE_LOOP('',(#5573));
#5573 = ORIENTED_EDGE('',*,*,#4777,.F.);
#5574 = PLANE('',#5575);
#5575 = AXIS2_PLACEMENT_3D('',#5576,#5577,#5578);
#5576 = CARTESIAN_POINT('',(123.56182070545,-27.,273.18114865117));
#5577 = DIRECTION('',(0.615661475326,0.,0.788010753607));
#5578 = DIRECTION('',(-0.788010753607,0.,0.615661475326));
#5579 = ADVANCED_FACE('',(#5580,#5586),#5589,.T.);
#5580 = FACE_BOUND('',#5581,.T.);
#5581 = EDGE_LOOP('',(#5582,#5583,#5584,#5585));
#5582 = ORIENTED_EDGE('',*,*,#5516,.T.);
#5583 = ORIENTED_EDGE('',*,*,#2668,.T.);
#5584 = ORIENTED_EDGE('',*,*,#5554,.T.);
#5585 = ORIENTED_EDGE('',*,*,#4855,.F.);
#5586 = FACE_BOUND('',#5587,.T.);
#5587 = EDGE_LOOP('',(#5588));
#5588 = ORIENTED_EDGE('',*,*,#5246,.F.);
#5589 = PLANE('',#5590);
#5590 = AXIS2_PLACEMENT_3D('',#5591,#5592,#5593);
#5591 = CARTESIAN_POINT('',(163.57981660162,-27.,324.40184763561));
#5592 = DIRECTION('',(0.615661475326,0.,0.788010753607));
#5593 = DIRECTION('',(-0.788010753607,0.,0.615661475326));
#5594 = ADVANCED_FACE('',(#5595),#5613,.T.);
#5595 = FACE_BOUND('',#5596,.T.);
#5596 = EDGE_LOOP('',(#5597,#5598,#5599,#5600,#5601,#5602,#5603,#5604,
    #5605,#5606,#5607,#5608,#5609,#5610,#5611,#5612));
#5597 = ORIENTED_EDGE('',*,*,#4244,.F.);
#5598 = ORIENTED_EDGE('',*,*,#4334,.F.);
#5599 = ORIENTED_EDGE('',*,*,#3525,.F.);
#5600 = ORIENTED_EDGE('',*,*,#4301,.F.);
#5601 = ORIENTED_EDGE('',*,*,#4581,.F.);
#5602 = ORIENTED_EDGE('',*,*,#4350,.T.);
#5603 = ORIENTED_EDGE('',*,*,#3987,.F.);
#5604 = ORIENTED_EDGE('',*,*,#4081,.F.);
#5605 = ORIENTED_EDGE('',*,*,#3837,.T.);
#5606 = ORIENTED_EDGE('',*,*,#3828,.T.);
#5607 = ORIENTED_EDGE('',*,*,#3607,.T.);
#5608 = ORIENTED_EDGE('',*,*,#4112,.T.);
#5609 = ORIENTED_EDGE('',*,*,#4511,.T.);
#5610 = ORIENTED_EDGE('',*,*,#4203,.F.);
#5611 = ORIENTED_EDGE('',*,*,#3575,.T.);
#5612 = ORIENTED_EDGE('',*,*,#4253,.F.);
#5613 = CYLINDRICAL_SURFACE('',#5614,4.5);
#5614 = AXIS2_PLACEMENT_3D('',#5615,#5616,#5617);
#5615 = CARTESIAN_POINT('',(71.289560897008,-27.,241.05216653787));
#5616 = DIRECTION('',(0.,1.,0.));
#5617 = DIRECTION('',(-0.788010753607,0.,0.615661475326));
#5618 = ADVANCED_FACE('',(#5619),#5631,.T.);
#5619 = FACE_BOUND('',#5620,.T.);
#5620 = EDGE_LOOP('',(#5621,#5622,#5623,#5624,#5625,#5626,#5627,#5628,
    #5629,#5630));
#5621 = ORIENTED_EDGE('',*,*,#3878,.T.);
#5622 = ORIENTED_EDGE('',*,*,#3969,.T.);
#5623 = ORIENTED_EDGE('',*,*,#4367,.T.);
#5624 = ORIENTED_EDGE('',*,*,#4588,.T.);
#5625 = ORIENTED_EDGE('',*,*,#4318,.F.);
#5626 = ORIENTED_EDGE('',*,*,#3509,.T.);
#5627 = ORIENTED_EDGE('',*,*,#4162,.F.);
#5628 = ORIENTED_EDGE('',*,*,#4153,.F.);
#5629 = ORIENTED_EDGE('',*,*,#3477,.F.);
#5630 = ORIENTED_EDGE('',*,*,#3887,.T.);
#5631 = CYLINDRICAL_SURFACE('',#5632,4.5);
#5632 = AXIS2_PLACEMENT_3D('',#5633,#5634,#5635);
#5633 = CARTESIAN_POINT('',(36.617087738312,-27.,268.14127145219));
#5634 = DIRECTION('',(0.,1.,0.));
#5635 = DIRECTION('',(-0.788010753607,0.,0.615661475326));
#5636 = ADVANCED_FACE('',(#5637),#5645,.F.);
#5637 = FACE_BOUND('',#5638,.F.);
#5638 = EDGE_LOOP('',(#5639,#5640,#5641,#5642,#5643,#5644));
#5639 = ORIENTED_EDGE('',*,*,#2469,.F.);
#5640 = ORIENTED_EDGE('',*,*,#2166,.T.);
#5641 = ORIENTED_EDGE('',*,*,#2175,.T.);
#5642 = ORIENTED_EDGE('',*,*,#1956,.T.);
#5643 = ORIENTED_EDGE('',*,*,#2075,.F.);
#5644 = ORIENTED_EDGE('',*,*,#2066,.F.);
#5645 = CYLINDRICAL_SURFACE('',#5646,2.25);
#5646 = AXIS2_PLACEMENT_3D('',#5647,#5648,#5649);
#5647 = CARTESIAN_POINT('',(131.80221009531,-23.,412.04563648987));
#5648 = DIRECTION('',(0.615661475326,0.,0.788010753607));
#5649 = DIRECTION('',(-0.788010753607,0.,0.615661475326));
#5650 = ADVANCED_FACE('',(#5651),#5659,.T.);
#5651 = FACE_BOUND('',#5652,.T.);
#5652 = EDGE_LOOP('',(#5653,#5654,#5655,#5656,#5657,#5658));
#5653 = ORIENTED_EDGE('',*,*,#2694,.T.);
#5654 = ORIENTED_EDGE('',*,*,#2775,.T.);
#5655 = ORIENTED_EDGE('',*,*,#4839,.F.);
#5656 = ORIENTED_EDGE('',*,*,#4830,.F.);
#5657 = ORIENTED_EDGE('',*,*,#3094,.F.);
#5658 = ORIENTED_EDGE('',*,*,#2703,.T.);
#5659 = CYLINDRICAL_SURFACE('',#5660,4.5);
#5660 = AXIS2_PLACEMENT_3D('',#5661,#5662,#5663);
#5661 = CARTESIAN_POINT('',(102.42277582081,-27.,429.92329334315));
#5662 = DIRECTION('',(0.,1.,0.));
#5663 = DIRECTION('',(-0.788010753607,0.,0.615661475326));
#5664 = ADVANCED_FACE('',(#5665),#5673,.F.);
#5665 = FACE_BOUND('',#5666,.F.);
#5666 = EDGE_LOOP('',(#5667,#5668,#5669,#5670,#5671,#5672));
#5667 = ORIENTED_EDGE('',*,*,#3046,.T.);
#5668 = ORIENTED_EDGE('',*,*,#2847,.F.);
#5669 = ORIENTED_EDGE('',*,*,#2856,.F.);
#5670 = ORIENTED_EDGE('',*,*,#3072,.F.);
#5671 = ORIENTED_EDGE('',*,*,#3113,.T.);
#5672 = ORIENTED_EDGE('',*,*,#3104,.T.);
#5673 = CYLINDRICAL_SURFACE('',#5674,7.);
#5674 = AXIS2_PLACEMENT_3D('',#5675,#5676,#5677);
#5675 = CARTESIAN_POINT('',(120.54241344876,0.,418.30471733706));
#5676 = DIRECTION('',(0.615661475326,0.,0.788010753607));
#5677 = DIRECTION('',(-0.788010753607,0.,0.615661475326));
#5678 = MANIFOLD_SOLID_BREP('',#5679);
#5679 = CLOSED_SHELL('',(#5680,#5720,#5884,#6034,#6051,#6082,#6113,#6130
    ,#6147,#6173,#6197,#6228,#6245,#6262,#6279,#6296,#6313,#6330,#6347,
    #6366,#6378));
#5680 = ADVANCED_FACE('',(#5681),#5715,.F.);
#5681 = FACE_BOUND('',#5682,.F.);
#5682 = EDGE_LOOP('',(#5683,#5693,#5701,#5709));
#5683 = ORIENTED_EDGE('',*,*,#5684,.F.);
#5684 = EDGE_CURVE('',#5685,#5687,#5689,.T.);
#5685 = VERTEX_POINT('',#5686);
#5686 = CARTESIAN_POINT('',(24.036573910638,22.5,262.74202749895));
#5687 = VERTEX_POINT('',#5688);
#5688 = CARTESIAN_POINT('',(24.036573910638,27.,262.74202749895));
#5689 = LINE('',#5690,#5691);
#5690 = CARTESIAN_POINT('',(24.036573910638,22.5,262.74202749895));
#5691 = VECTOR('',#5692,1.);
#5692 = DIRECTION('',(0.,1.,0.));
#5693 = ORIENTED_EDGE('',*,*,#5694,.T.);
#5694 = EDGE_CURVE('',#5685,#5695,#5697,.T.);
#5695 = VERTEX_POINT('',#5696);
#5696 = CARTESIAN_POINT('',(30.193188663894,22.5,270.62213503502));
#5697 = LINE('',#5698,#5699);
#5698 = CARTESIAN_POINT('',(53.280493988606,22.5,300.17253829527));
#5699 = VECTOR('',#5700,1.);
#5700 = DIRECTION('',(0.615661475326,0.,0.788010753607));
#5701 = ORIENTED_EDGE('',*,*,#5702,.T.);
#5702 = EDGE_CURVE('',#5695,#5703,#5705,.T.);
#5703 = VERTEX_POINT('',#5704);
#5704 = CARTESIAN_POINT('',(30.193188663894,27.,270.62213503502));
#5705 = LINE('',#5706,#5707);
#5706 = CARTESIAN_POINT('',(30.193188663894,-27.,270.62213503502));
#5707 = VECTOR('',#5708,1.);
#5708 = DIRECTION('',(-0.,1.,0.));
#5709 = ORIENTED_EDGE('',*,*,#5710,.F.);
#5710 = EDGE_CURVE('',#5687,#5703,#5711,.T.);
#5711 = LINE('',#5712,#5713);
#5712 = CARTESIAN_POINT('',(24.036573910638,27.,262.74202749895));
#5713 = VECTOR('',#5714,1.);
#5714 = DIRECTION('',(0.615661475326,0.,0.788010753607));
#5715 = PLANE('',#5716);
#5716 = AXIS2_PLACEMENT_3D('',#5717,#5718,#5719);
#5717 = CARTESIAN_POINT('',(24.036573910638,-27.,262.74202749895));
#5718 = DIRECTION('',(-0.788010753607,0.,0.615661475326));
#5719 = DIRECTION('',(0.615661475326,0.,0.788010753607));
#5720 = ADVANCED_FACE('',(#5721,#5802,#5813,#5824,#5835,#5846,#5857,
    #5868),#5879,.F.);
#5721 = FACE_BOUND('',#5722,.F.);
#5722 = EDGE_LOOP('',(#5723,#5724,#5732,#5740,#5748,#5756,#5764,#5772,
    #5780,#5788,#5796));
#5723 = ORIENTED_EDGE('',*,*,#5694,.F.);
#5724 = ORIENTED_EDGE('',*,*,#5725,.T.);
#5725 = EDGE_CURVE('',#5685,#5726,#5728,.T.);
#5726 = VERTEX_POINT('',#5727);
#5727 = CARTESIAN_POINT('',(98.45967352775,22.5,445.70979035182));
#5728 = LINE('',#5729,#5730);
#5729 = CARTESIAN_POINT('',(82.791652555726,22.5,407.19026133016));
#5730 = VECTOR('',#5731,1.);
#5731 = DIRECTION('',(0.376778733993,0.,0.926303290295));
#5732 = ORIENTED_EDGE('',*,*,#5733,.T.);
#5733 = EDGE_CURVE('',#5726,#5734,#5736,.T.);
#5734 = VERTEX_POINT('',#5735);
#5735 = CARTESIAN_POINT('',(135.60875191206,22.5,416.68574937218));
#5736 = LINE('',#5737,#5738);
#5737 = CARTESIAN_POINT('',(98.45967352775,22.5,445.70979035182));
#5738 = VECTOR('',#5739,1.);
#5739 = DIRECTION('',(0.788010753607,0.,-0.615661475326));
#5740 = ORIENTED_EDGE('',*,*,#5741,.F.);
#5741 = EDGE_CURVE('',#5742,#5734,#5744,.T.);
#5742 = VERTEX_POINT('',#5743);
#5743 = CARTESIAN_POINT('',(134.19731221773,22.5,415.2504504879));
#5744 = LINE('',#5745,#5746);
#5745 = CARTESIAN_POINT('',(111.81274304447,22.5,392.48748917364));
#5746 = VECTOR('',#5747,1.);
#5747 = DIRECTION('',(0.701155725902,0.,0.713008168281));
#5748 = ORIENTED_EDGE('',*,*,#5749,.F.);
#5749 = EDGE_CURVE('',#5750,#5742,#5752,.T.);
#5750 = VERTEX_POINT('',#5751);
#5751 = CARTESIAN_POINT('',(128.74878072136,22.5,419.50730983158));
#5752 = LINE('',#5753,#5754);
#5753 = CARTESIAN_POINT('',(144.9030011703,22.5,406.8862495874));
#5754 = VECTOR('',#5755,1.);
#5755 = DIRECTION('',(0.788010753607,0.,-0.615661475326));
#5756 = ORIENTED_EDGE('',*,*,#5757,.F.);
#5757 = EDGE_CURVE('',#5758,#5750,#5760,.T.);
#5758 = VERTEX_POINT('',#5759);
#5759 = CARTESIAN_POINT('',(122.59216596811,22.5,411.62720229551));
#5760 = LINE('',#5761,#5762);
#5761 = CARTESIAN_POINT('',(97.042214742096,22.5,378.92475602083));
#5762 = VECTOR('',#5763,1.);
#5763 = DIRECTION('',(0.615661475326,0.,0.788010753607));
#5764 = ORIENTED_EDGE('',*,*,#5765,.T.);
#5765 = EDGE_CURVE('',#5758,#5766,#5768,.T.);
#5766 = VERTEX_POINT('',#5767);
#5767 = CARTESIAN_POINT('',(139.92840254745,22.5,398.08264983835));
#5768 = LINE('',#5769,#5770);
#5769 = CARTESIAN_POINT('',(138.74638641704,22.5,399.00614205133));
#5770 = VECTOR('',#5771,1.);
#5771 = DIRECTION('',(0.788010753607,0.,-0.615661475326));
#5772 = ORIENTED_EDGE('',*,*,#5773,.T.);
#5773 = EDGE_CURVE('',#5766,#5774,#5776,.T.);
#5774 = VERTEX_POINT('',#5775);
#5775 = CARTESIAN_POINT('',(141.15972549811,22.5,399.65867134556));
#5776 = LINE('',#5777,#5778);
#5777 = CARTESIAN_POINT('',(114.37845132144,22.5,365.38020356367));
#5778 = VECTOR('',#5779,1.);
#5779 = DIRECTION('',(0.615661475326,0.,0.788010753607));
#5780 = ORIENTED_EDGE('',*,*,#5781,.F.);
#5781 = EDGE_CURVE('',#5782,#5774,#5784,.T.);
#5782 = VERTEX_POINT('',#5783);
#5783 = CARTESIAN_POINT('',(144.97535651557,22.5,396.67757367556));
#5784 = LINE('',#5785,#5786);
#5785 = CARTESIAN_POINT('',(133.67362333884,22.5,405.50745536115));
#5786 = VECTOR('',#5787,1.);
#5787 = DIRECTION('',(-0.788010753607,0.,0.615661475326));
#5788 = ORIENTED_EDGE('',*,*,#5789,.T.);
#5789 = EDGE_CURVE('',#5782,#5790,#5792,.T.);
#5790 = VERTEX_POINT('',#5791);
#5791 = CARTESIAN_POINT('',(78.386267384474,22.5,232.96957533353));
#5792 = LINE('',#5793,#5794);
#5793 = CARTESIAN_POINT('',(105.80530408551,22.5,300.37875112142));
#5794 = VECTOR('',#5795,1.);
#5795 = DIRECTION('',(-0.376778733993,0.,-0.926303290295));
#5796 = ORIENTED_EDGE('',*,*,#5797,.F.);
#5797 = EDGE_CURVE('',#5695,#5790,#5798,.T.);
#5798 = LINE('',#5799,#5800);
#5799 = CARTESIAN_POINT('',(57.379559663326,22.5,249.38181413629));
#5800 = VECTOR('',#5801,1.);
#5801 = DIRECTION('',(0.788010753607,0.,-0.615661475326));
#5802 = FACE_BOUND('',#5803,.F.);
#5803 = EDGE_LOOP('',(#5804));
#5804 = ORIENTED_EDGE('',*,*,#5805,.F.);
#5805 = EDGE_CURVE('',#5806,#5806,#5808,.T.);
#5806 = VERTEX_POINT('',#5807);
#5807 = CARTESIAN_POINT('',(69.949942615876,22.5,242.09879104592));
#5808 = CIRCLE('',#5809,1.7);
#5809 = AXIS2_PLACEMENT_3D('',#5810,#5811,#5812);
#5810 = CARTESIAN_POINT('',(71.289560897008,22.5,241.05216653787));
#5811 = DIRECTION('',(0.,1.,-0.));
#5812 = DIRECTION('',(-0.788010753607,0.,0.615661475326));
#5813 = FACE_BOUND('',#5814,.F.);
#5814 = EDGE_LOOP('',(#5815));
#5815 = ORIENTED_EDGE('',*,*,#5816,.F.);
#5816 = EDGE_CURVE('',#5817,#5817,#5819,.T.);
#5817 = VERTEX_POINT('',#5818);
#5818 = CARTESIAN_POINT('',(35.27746945718,22.5,269.18789596025));
#5819 = CIRCLE('',#5820,1.7);
#5820 = AXIS2_PLACEMENT_3D('',#5821,#5822,#5823);
#5821 = CARTESIAN_POINT('',(36.617087738312,22.5,268.14127145219));
#5822 = DIRECTION('',(0.,1.,-0.));
#5823 = DIRECTION('',(-0.788010753607,0.,0.615661475326));
#5824 = FACE_BOUND('',#5825,.F.);
#5825 = EDGE_LOOP('',(#5826));
#5826 = ORIENTED_EDGE('',*,*,#5827,.F.);
#5827 = EDGE_CURVE('',#5828,#5828,#5830,.T.);
#5828 = VERTEX_POINT('',#5829);
#5829 = CARTESIAN_POINT('',(90.710070403807,22.5,293.13716699961));
#5830 = CIRCLE('',#5831,1.7);
#5831 = AXIS2_PLACEMENT_3D('',#5832,#5833,#5834);
#5832 = CARTESIAN_POINT('',(92.049688684939,22.5,292.09054249156));
#5833 = DIRECTION('',(0.,1.,-0.));
#5834 = DIRECTION('',(-0.788010753607,0.,0.615661475326));
#5835 = FACE_BOUND('',#5836,.F.);
#5836 = EDGE_LOOP('',(#5837));
#5837 = ORIENTED_EDGE('',*,*,#5838,.F.);
#5838 = EDGE_CURVE('',#5839,#5839,#5841,.T.);
#5839 = VERTEX_POINT('',#5840);
#5840 = CARTESIAN_POINT('',(56.037597245112,22.5,320.22627191394));
#5841 = CIRCLE('',#5842,1.7);
#5842 = AXIS2_PLACEMENT_3D('',#5843,#5844,#5845);
#5843 = CARTESIAN_POINT('',(57.377215526243,22.5,319.17964740589));
#5844 = DIRECTION('',(0.,1.,-0.));
#5845 = DIRECTION('',(-0.788010753607,0.,0.615661475326));
#5846 = FACE_BOUND('',#5847,.F.);
#5847 = EDGE_LOOP('',(#5848));
#5848 = ORIENTED_EDGE('',*,*,#5849,.F.);
#5849 = EDGE_CURVE('',#5850,#5850,#5852,.T.);
#5850 = VERTEX_POINT('',#5851);
#5851 = CARTESIAN_POINT('',(116.17060448334,22.5,355.7314016598));
#5852 = CIRCLE('',#5853,1.7);
#5853 = AXIS2_PLACEMENT_3D('',#5854,#5855,#5856);
#5854 = CARTESIAN_POINT('',(117.51022276447,22.5,354.68477715175));
#5855 = DIRECTION('',(0.,1.,-0.));
#5856 = DIRECTION('',(-0.788010753607,0.,0.615661475326));
#5857 = FACE_BOUND('',#5858,.F.);
#5858 = EDGE_LOOP('',(#5859));
#5859 = ORIENTED_EDGE('',*,*,#5860,.F.);
#5860 = EDGE_CURVE('',#5861,#5861,#5863,.T.);
#5861 = VERTEX_POINT('',#5862);
#5862 = CARTESIAN_POINT('',(81.49813132465,22.5,382.82050657413));
#5863 = CIRCLE('',#5864,1.7);
#5864 = AXIS2_PLACEMENT_3D('',#5865,#5866,#5867);
#5865 = CARTESIAN_POINT('',(82.837749605781,22.5,381.77388206608));
#5866 = DIRECTION('',(0.,1.,-0.));
#5867 = DIRECTION('',(-0.788010753607,0.,0.615661475326));
#5868 = FACE_BOUND('',#5869,.F.);
#5869 = EDGE_LOOP('',(#5870));
#5870 = ORIENTED_EDGE('',*,*,#5871,.F.);
#5871 = EDGE_CURVE('',#5872,#5872,#5874,.T.);
#5872 = VERTEX_POINT('',#5873);
#5873 = CARTESIAN_POINT('',(101.08315753968,22.5,430.9699178512));
#5874 = CIRCLE('',#5875,1.7);
#5875 = AXIS2_PLACEMENT_3D('',#5876,#5877,#5878);
#5876 = CARTESIAN_POINT('',(102.42277582081,22.5,429.92329334315));
#5877 = DIRECTION('',(0.,1.,-0.));
#5878 = DIRECTION('',(-0.788010753607,0.,0.615661475326));
#5879 = PLANE('',#5880);
#5880 = AXIS2_PLACEMENT_3D('',#5881,#5882,#5883);
#5881 = CARTESIAN_POINT('',(86.464467834609,22.5,334.52474171496));
#5882 = DIRECTION('',(0.,1.,0.));
#5883 = DIRECTION('',(-0.788010753607,0.,0.615661475326));
#5884 = ADVANCED_FACE('',(#5885,#5918,#5929,#5940,#5951,#5962,#5973,
    #5984,#6018),#6029,.T.);
#5885 = FACE_BOUND('',#5886,.T.);
#5886 = EDGE_LOOP('',(#5887,#5888,#5896,#5904,#5912));
#5887 = ORIENTED_EDGE('',*,*,#5710,.F.);
#5888 = ORIENTED_EDGE('',*,*,#5889,.T.);
#5889 = EDGE_CURVE('',#5687,#5890,#5892,.T.);
#5890 = VERTEX_POINT('',#5891);
#5891 = CARTESIAN_POINT('',(98.45967352775,27.,445.70979035182));
#5892 = LINE('',#5893,#5894);
#5893 = CARTESIAN_POINT('',(24.036573910638,27.,262.74202749895));
#5894 = VECTOR('',#5895,1.);
#5895 = DIRECTION('',(0.376778733993,0.,0.926303290295));
#5896 = ORIENTED_EDGE('',*,*,#5897,.T.);
#5897 = EDGE_CURVE('',#5890,#5898,#5900,.T.);
#5898 = VERTEX_POINT('',#5899);
#5899 = CARTESIAN_POINT('',(148.89236175858,27.,406.30745593097));
#5900 = LINE('',#5901,#5902);
#5901 = CARTESIAN_POINT('',(98.45967352775,27.,445.70979035182));
#5902 = VECTOR('',#5903,1.);
#5903 = DIRECTION('',(0.788010753607,0.,-0.615661475326));
#5904 = ORIENTED_EDGE('',*,*,#5905,.T.);
#5905 = EDGE_CURVE('',#5898,#5906,#5908,.T.);
#5906 = VERTEX_POINT('',#5907);
#5907 = CARTESIAN_POINT('',(78.386267384474,27.,232.96957533353));
#5908 = LINE('',#5909,#5910);
#5909 = CARTESIAN_POINT('',(148.89236175858,27.,406.30745593097));
#5910 = VECTOR('',#5911,1.);
#5911 = DIRECTION('',(-0.376778733993,0.,-0.926303290295));
#5912 = ORIENTED_EDGE('',*,*,#5913,.T.);
#5913 = EDGE_CURVE('',#5906,#5703,#5914,.T.);
#5914 = LINE('',#5915,#5916);
#5915 = CARTESIAN_POINT('',(80.625876894724,27.,231.21980061418));
#5916 = VECTOR('',#5917,1.);
#5917 = DIRECTION('',(-0.788010753607,0.,0.615661475326));
#5918 = FACE_BOUND('',#5919,.T.);
#5919 = EDGE_LOOP('',(#5920));
#5920 = ORIENTED_EDGE('',*,*,#5921,.F.);
#5921 = EDGE_CURVE('',#5922,#5922,#5924,.T.);
#5922 = VERTEX_POINT('',#5923);
#5923 = CARTESIAN_POINT('',(69.949942615876,27.,242.09879104592));
#5924 = CIRCLE('',#5925,1.7);
#5925 = AXIS2_PLACEMENT_3D('',#5926,#5927,#5928);
#5926 = CARTESIAN_POINT('',(71.289560897008,27.,241.05216653787));
#5927 = DIRECTION('',(0.,1.,-0.));
#5928 = DIRECTION('',(-0.788010753607,0.,0.615661475326));
#5929 = FACE_BOUND('',#5930,.T.);
#5930 = EDGE_LOOP('',(#5931));
#5931 = ORIENTED_EDGE('',*,*,#5932,.F.);
#5932 = EDGE_CURVE('',#5933,#5933,#5935,.T.);
#5933 = VERTEX_POINT('',#5934);
#5934 = CARTESIAN_POINT('',(35.27746945718,27.,269.18789596025));
#5935 = CIRCLE('',#5936,1.7);
#5936 = AXIS2_PLACEMENT_3D('',#5937,#5938,#5939);
#5937 = CARTESIAN_POINT('',(36.617087738312,27.,268.14127145219));
#5938 = DIRECTION('',(0.,1.,-0.));
#5939 = DIRECTION('',(-0.788010753607,0.,0.615661475326));
#5940 = FACE_BOUND('',#5941,.T.);
#5941 = EDGE_LOOP('',(#5942));
#5942 = ORIENTED_EDGE('',*,*,#5943,.F.);
#5943 = EDGE_CURVE('',#5944,#5944,#5946,.T.);
#5944 = VERTEX_POINT('',#5945);
#5945 = CARTESIAN_POINT('',(90.710070403807,27.,293.13716699961));
#5946 = CIRCLE('',#5947,1.7);
#5947 = AXIS2_PLACEMENT_3D('',#5948,#5949,#5950);
#5948 = CARTESIAN_POINT('',(92.049688684939,27.,292.09054249156));
#5949 = DIRECTION('',(0.,1.,-0.));
#5950 = DIRECTION('',(-0.788010753607,0.,0.615661475326));
#5951 = FACE_BOUND('',#5952,.T.);
#5952 = EDGE_LOOP('',(#5953));
#5953 = ORIENTED_EDGE('',*,*,#5954,.F.);
#5954 = EDGE_CURVE('',#5955,#5955,#5957,.T.);
#5955 = VERTEX_POINT('',#5956);
#5956 = CARTESIAN_POINT('',(56.037597245112,27.,320.22627191394));
#5957 = CIRCLE('',#5958,1.7);
#5958 = AXIS2_PLACEMENT_3D('',#5959,#5960,#5961);
#5959 = CARTESIAN_POINT('',(57.377215526243,27.,319.17964740589));
#5960 = DIRECTION('',(0.,1.,-0.));
#5961 = DIRECTION('',(-0.788010753607,0.,0.615661475326));
#5962 = FACE_BOUND('',#5963,.T.);
#5963 = EDGE_LOOP('',(#5964));
#5964 = ORIENTED_EDGE('',*,*,#5965,.F.);
#5965 = EDGE_CURVE('',#5966,#5966,#5968,.T.);
#5966 = VERTEX_POINT('',#5967);
#5967 = CARTESIAN_POINT('',(116.17060448334,27.,355.7314016598));
#5968 = CIRCLE('',#5969,1.7);
#5969 = AXIS2_PLACEMENT_3D('',#5970,#5971,#5972);
#5970 = CARTESIAN_POINT('',(117.51022276447,27.,354.68477715175));
#5971 = DIRECTION('',(0.,1.,-0.));
#5972 = DIRECTION('',(-0.788010753607,0.,0.615661475326));
#5973 = FACE_BOUND('',#5974,.T.);
#5974 = EDGE_LOOP('',(#5975));
#5975 = ORIENTED_EDGE('',*,*,#5976,.F.);
#5976 = EDGE_CURVE('',#5977,#5977,#5979,.T.);
#5977 = VERTEX_POINT('',#5978);
#5978 = CARTESIAN_POINT('',(81.49813132465,27.,382.82050657413));
#5979 = CIRCLE('',#5980,1.7);
#5980 = AXIS2_PLACEMENT_3D('',#5981,#5982,#5983);
#5981 = CARTESIAN_POINT('',(82.837749605781,27.,381.77388206608));
#5982 = DIRECTION('',(0.,1.,-0.));
#5983 = DIRECTION('',(-0.788010753607,0.,0.615661475326));
#5984 = FACE_BOUND('',#5985,.T.);
#5985 = EDGE_LOOP('',(#5986,#5996,#6004,#6012));
#5986 = ORIENTED_EDGE('',*,*,#5987,.F.);
#5987 = EDGE_CURVE('',#5988,#5990,#5992,.T.);
#5988 = VERTEX_POINT('',#5989);
#5989 = CARTESIAN_POINT('',(139.92840254745,27.,398.08264983835));
#5990 = VERTEX_POINT('',#5991);
#5991 = CARTESIAN_POINT('',(122.59216596811,27.,411.62720229551));
#5992 = LINE('',#5993,#5994);
#5993 = CARTESIAN_POINT('',(139.92840254745,27.,398.08264983835));
#5994 = VECTOR('',#5995,1.);
#5995 = DIRECTION('',(-0.788010753607,0.,0.615661475326));
#5996 = ORIENTED_EDGE('',*,*,#5997,.T.);
#5997 = EDGE_CURVE('',#5988,#5998,#6000,.T.);
#5998 = VERTEX_POINT('',#5999);
#5999 = CARTESIAN_POINT('',(146.08501730071,27.,405.96275737441));
#6000 = LINE('',#6001,#6002);
#6001 = CARTESIAN_POINT('',(139.92840254745,27.,398.08264983835));
#6002 = VECTOR('',#6003,1.);
#6003 = DIRECTION('',(0.615661475326,0.,0.788010753607));
#6004 = ORIENTED_EDGE('',*,*,#6005,.T.);
#6005 = EDGE_CURVE('',#5998,#6006,#6008,.T.);
#6006 = VERTEX_POINT('',#6007);
#6007 = CARTESIAN_POINT('',(128.74878072136,27.,419.50730983158));
#6008 = LINE('',#6009,#6010);
#6009 = CARTESIAN_POINT('',(146.08501730071,27.,405.96275737441));
#6010 = VECTOR('',#6011,1.);
#6011 = DIRECTION('',(-0.788010753607,0.,0.615661475326));
#6012 = ORIENTED_EDGE('',*,*,#6013,.F.);
#6013 = EDGE_CURVE('',#5990,#6006,#6014,.T.);
#6014 = LINE('',#6015,#6016);
#6015 = CARTESIAN_POINT('',(122.59216596811,27.,411.62720229551));
#6016 = VECTOR('',#6017,1.);
#6017 = DIRECTION('',(0.615661475326,0.,0.788010753607));
#6018 = FACE_BOUND('',#6019,.T.);
#6019 = EDGE_LOOP('',(#6020));
#6020 = ORIENTED_EDGE('',*,*,#6021,.F.);
#6021 = EDGE_CURVE('',#6022,#6022,#6024,.T.);
#6022 = VERTEX_POINT('',#6023);
#6023 = CARTESIAN_POINT('',(101.08315753968,27.,430.9699178512));
#6024 = CIRCLE('',#6025,1.7);
#6025 = AXIS2_PLACEMENT_3D('',#6026,#6027,#6028);
#6026 = CARTESIAN_POINT('',(102.42277582081,27.,429.92329334315));
#6027 = DIRECTION('',(0.,1.,-0.));
#6028 = DIRECTION('',(-0.788010753607,0.,0.615661475326));
#6029 = PLANE('',#6030);
#6030 = AXIS2_PLACEMENT_3D('',#6031,#6032,#6033);
#6031 = CARTESIAN_POINT('',(86.464467834609,27.,334.52474171496));
#6032 = DIRECTION('',(0.,1.,0.));
#6033 = DIRECTION('',(-0.788010753607,0.,0.615661475326));
#6034 = ADVANCED_FACE('',(#6035),#6046,.F.);
#6035 = FACE_BOUND('',#6036,.F.);
#6036 = EDGE_LOOP('',(#6037,#6038,#6039,#6045));
#6037 = ORIENTED_EDGE('',*,*,#5702,.F.);
#6038 = ORIENTED_EDGE('',*,*,#5797,.T.);
#6039 = ORIENTED_EDGE('',*,*,#6040,.T.);
#6040 = EDGE_CURVE('',#5790,#5906,#6041,.T.);
#6041 = LINE('',#6042,#6043);
#6042 = CARTESIAN_POINT('',(78.386267384474,-2.25,232.96957533353));
#6043 = VECTOR('',#6044,1.);
#6044 = DIRECTION('',(0.,1.,0.));
#6045 = ORIENTED_EDGE('',*,*,#5913,.T.);
#6046 = PLANE('',#6047);
#6047 = AXIS2_PLACEMENT_3D('',#6048,#6049,#6050);
#6048 = CARTESIAN_POINT('',(80.625876894724,-27.,231.21980061418));
#6049 = DIRECTION('',(0.615661475326,0.,0.788010753607));
#6050 = DIRECTION('',(-0.788010753607,0.,0.615661475326));
#6051 = ADVANCED_FACE('',(#6052),#6077,.F.);
#6052 = FACE_BOUND('',#6053,.F.);
#6053 = EDGE_LOOP('',(#6054,#6062,#6070,#6076));
#6054 = ORIENTED_EDGE('',*,*,#6055,.F.);
#6055 = EDGE_CURVE('',#6056,#5774,#6058,.T.);
#6056 = VERTEX_POINT('',#6057);
#6057 = CARTESIAN_POINT('',(141.15972549811,23.,399.65867134556));
#6058 = LINE('',#6059,#6060);
#6059 = CARTESIAN_POINT('',(141.15972549811,-5.,399.65867134556));
#6060 = VECTOR('',#6061,1.);
#6061 = DIRECTION('',(0.,-1.,0.));
#6062 = ORIENTED_EDGE('',*,*,#6063,.T.);
#6063 = EDGE_CURVE('',#6056,#6064,#6066,.T.);
#6064 = VERTEX_POINT('',#6065);
#6065 = CARTESIAN_POINT('',(144.97535651557,23.,396.67757367556));
#6066 = LINE('',#6067,#6068);
#6067 = CARTESIAN_POINT('',(128.5515534404,23.,409.50925495077));
#6068 = VECTOR('',#6069,1.);
#6069 = DIRECTION('',(0.788010753607,0.,-0.615661475326));
#6070 = ORIENTED_EDGE('',*,*,#6071,.T.);
#6071 = EDGE_CURVE('',#6064,#5782,#6072,.T.);
#6072 = LINE('',#6073,#6074);
#6073 = CARTESIAN_POINT('',(144.97535651557,19.75,396.67757367556));
#6074 = VECTOR('',#6075,1.);
#6075 = DIRECTION('',(0.,-1.,0.));
#6076 = ORIENTED_EDGE('',*,*,#5781,.T.);
#6077 = PLANE('',#6078);
#6078 = AXIS2_PLACEMENT_3D('',#6079,#6080,#6081);
#6079 = CARTESIAN_POINT('',(128.5515534404,17.,409.50925495077));
#6080 = DIRECTION('',(-0.615661475326,0.,-0.788010753607));
#6081 = DIRECTION('',(0.788010753607,0.,-0.615661475326));
#6082 = ADVANCED_FACE('',(#6083),#6108,.T.);
#6083 = FACE_BOUND('',#6084,.T.);
#6084 = EDGE_LOOP('',(#6085,#6091,#6092,#6093,#6101,#6107));
#6085 = ORIENTED_EDGE('',*,*,#6086,.F.);
#6086 = EDGE_CURVE('',#5766,#5988,#6087,.T.);
#6087 = LINE('',#6088,#6089);
#6088 = CARTESIAN_POINT('',(139.92840254745,-27.,398.08264983835));
#6089 = VECTOR('',#6090,1.);
#6090 = DIRECTION('',(-0.,1.,0.));
#6091 = ORIENTED_EDGE('',*,*,#5773,.T.);
#6092 = ORIENTED_EDGE('',*,*,#6055,.F.);
#6093 = ORIENTED_EDGE('',*,*,#6094,.T.);
#6094 = EDGE_CURVE('',#6056,#6095,#6097,.T.);
#6095 = VERTEX_POINT('',#6096);
#6096 = CARTESIAN_POINT('',(146.08501730071,23.,405.96275737441));
#6097 = LINE('',#6098,#6099);
#6098 = CARTESIAN_POINT('',(145.59873053124,23.,405.34033869298));
#6099 = VECTOR('',#6100,1.);
#6100 = DIRECTION('',(0.615661475326,0.,0.788010753607));
#6101 = ORIENTED_EDGE('',*,*,#6102,.T.);
#6102 = EDGE_CURVE('',#6095,#5998,#6103,.T.);
#6103 = LINE('',#6104,#6105);
#6104 = CARTESIAN_POINT('',(146.08501730071,-27.,405.96275737441));
#6105 = VECTOR('',#6106,1.);
#6106 = DIRECTION('',(-0.,1.,0.));
#6107 = ORIENTED_EDGE('',*,*,#5997,.F.);
#6108 = PLANE('',#6109);
#6109 = AXIS2_PLACEMENT_3D('',#6110,#6111,#6112);
#6110 = CARTESIAN_POINT('',(139.92840254745,-27.,398.08264983835));
#6111 = DIRECTION('',(-0.788010753607,0.,0.615661475326));
#6112 = DIRECTION('',(0.615661475326,0.,0.788010753607));
#6113 = ADVANCED_FACE('',(#6114),#6125,.T.);
#6114 = FACE_BOUND('',#6115,.T.);
#6115 = EDGE_LOOP('',(#6116,#6122,#6123,#6124));
#6116 = ORIENTED_EDGE('',*,*,#6117,.F.);
#6117 = EDGE_CURVE('',#5758,#5990,#6118,.T.);
#6118 = LINE('',#6119,#6120);
#6119 = CARTESIAN_POINT('',(122.59216596811,-27.,411.62720229551));
#6120 = VECTOR('',#6121,1.);
#6121 = DIRECTION('',(-0.,1.,0.));
#6122 = ORIENTED_EDGE('',*,*,#5765,.T.);
#6123 = ORIENTED_EDGE('',*,*,#6086,.T.);
#6124 = ORIENTED_EDGE('',*,*,#5987,.T.);
#6125 = PLANE('',#6126);
#6126 = AXIS2_PLACEMENT_3D('',#6127,#6128,#6129);
#6127 = CARTESIAN_POINT('',(139.92840254745,-27.,398.08264983835));
#6128 = DIRECTION('',(0.615661475326,0.,0.788010753607));
#6129 = DIRECTION('',(-0.788010753607,0.,0.615661475326));
#6130 = ADVANCED_FACE('',(#6131),#6142,.F.);
#6131 = FACE_BOUND('',#6132,.F.);
#6132 = EDGE_LOOP('',(#6133,#6134,#6135,#6141));
#6133 = ORIENTED_EDGE('',*,*,#6117,.F.);
#6134 = ORIENTED_EDGE('',*,*,#5757,.T.);
#6135 = ORIENTED_EDGE('',*,*,#6136,.T.);
#6136 = EDGE_CURVE('',#5750,#6006,#6137,.T.);
#6137 = LINE('',#6138,#6139);
#6138 = CARTESIAN_POINT('',(128.74878072136,-27.,419.50730983158));
#6139 = VECTOR('',#6140,1.);
#6140 = DIRECTION('',(-0.,1.,0.));
#6141 = ORIENTED_EDGE('',*,*,#6013,.F.);
#6142 = PLANE('',#6143);
#6143 = AXIS2_PLACEMENT_3D('',#6144,#6145,#6146);
#6144 = CARTESIAN_POINT('',(122.59216596811,-27.,411.62720229551));
#6145 = DIRECTION('',(-0.788010753607,0.,0.615661475326));
#6146 = DIRECTION('',(0.615661475326,0.,0.788010753607));
#6147 = ADVANCED_FACE('',(#6148),#6168,.F.);
#6148 = FACE_BOUND('',#6149,.F.);
#6149 = EDGE_LOOP('',(#6150,#6151,#6152,#6160,#6166,#6167));
#6150 = ORIENTED_EDGE('',*,*,#6136,.F.);
#6151 = ORIENTED_EDGE('',*,*,#5749,.T.);
#6152 = ORIENTED_EDGE('',*,*,#6153,.F.);
#6153 = EDGE_CURVE('',#6154,#5742,#6156,.T.);
#6154 = VERTEX_POINT('',#6155);
#6155 = CARTESIAN_POINT('',(134.19731221773,23.,415.2504504879));
#6156 = LINE('',#6157,#6158);
#6157 = CARTESIAN_POINT('',(134.19731221773,-5.,415.2504504879));
#6158 = VECTOR('',#6159,1.);
#6159 = DIRECTION('',(0.,-1.,0.));
#6160 = ORIENTED_EDGE('',*,*,#6161,.T.);
#6161 = EDGE_CURVE('',#6154,#6095,#6162,.T.);
#6162 = LINE('',#6163,#6164);
#6163 = CARTESIAN_POINT('',(145.1264881207,23.,406.71164244534));
#6164 = VECTOR('',#6165,1.);
#6165 = DIRECTION('',(0.788010753607,0.,-0.615661475326));
#6166 = ORIENTED_EDGE('',*,*,#6102,.T.);
#6167 = ORIENTED_EDGE('',*,*,#6005,.T.);
#6168 = PLANE('',#6169);
#6169 = AXIS2_PLACEMENT_3D('',#6170,#6171,#6172);
#6170 = CARTESIAN_POINT('',(146.08501730071,-27.,405.96275737441));
#6171 = DIRECTION('',(0.615661475326,0.,0.788010753607));
#6172 = DIRECTION('',(-0.788010753607,0.,0.615661475326));
#6173 = ADVANCED_FACE('',(#6174),#6192,.F.);
#6174 = FACE_BOUND('',#6175,.F.);
#6175 = EDGE_LOOP('',(#6176,#6184,#6190,#6191));
#6176 = ORIENTED_EDGE('',*,*,#6177,.T.);
#6177 = EDGE_CURVE('',#5734,#6178,#6180,.T.);
#6178 = VERTEX_POINT('',#6179);
#6179 = CARTESIAN_POINT('',(135.60875191206,23.,416.68574937218));
#6180 = LINE('',#6181,#6182);
#6181 = CARTESIAN_POINT('',(135.60875191206,19.75,416.68574937218));
#6182 = VECTOR('',#6183,1.);
#6183 = DIRECTION('',(0.,1.,0.));
#6184 = ORIENTED_EDGE('',*,*,#6185,.T.);
#6185 = EDGE_CURVE('',#6178,#6154,#6186,.T.);
#6186 = LINE('',#6187,#6188);
#6187 = CARTESIAN_POINT('',(153.25174809122,23.,434.6269854257));
#6188 = VECTOR('',#6189,1.);
#6189 = DIRECTION('',(-0.701155725902,0.,-0.713008168281));
#6190 = ORIENTED_EDGE('',*,*,#6153,.T.);
#6191 = ORIENTED_EDGE('',*,*,#5741,.T.);
#6192 = PLANE('',#6193);
#6193 = AXIS2_PLACEMENT_3D('',#6194,#6195,#6196);
#6194 = CARTESIAN_POINT('',(153.25174809122,17.,434.6269854257));
#6195 = DIRECTION('',(-0.713008168281,0.,0.701155725902));
#6196 = DIRECTION('',(-0.701155725902,0.,-0.713008168281));
#6197 = ADVANCED_FACE('',(#6198),#6223,.F.);
#6198 = FACE_BOUND('',#6199,.F.);
#6199 = EDGE_LOOP('',(#6200,#6201,#6207,#6208,#6216,#6222));
#6200 = ORIENTED_EDGE('',*,*,#5733,.F.);
#6201 = ORIENTED_EDGE('',*,*,#6202,.T.);
#6202 = EDGE_CURVE('',#5726,#5890,#6203,.T.);
#6203 = LINE('',#6204,#6205);
#6204 = CARTESIAN_POINT('',(98.45967352775,22.5,445.70979035182));
#6205 = VECTOR('',#6206,1.);
#6206 = DIRECTION('',(0.,1.,0.));
#6207 = ORIENTED_EDGE('',*,*,#5897,.T.);
#6208 = ORIENTED_EDGE('',*,*,#6209,.F.);
#6209 = EDGE_CURVE('',#6210,#5898,#6212,.T.);
#6210 = VERTEX_POINT('',#6211);
#6211 = CARTESIAN_POINT('',(148.89236175858,23.,406.30745593097));
#6212 = LINE('',#6213,#6214);
#6213 = CARTESIAN_POINT('',(148.89236175858,22.5,406.30745593097));
#6214 = VECTOR('',#6215,1.);
#6215 = DIRECTION('',(0.,1.,0.));
#6216 = ORIENTED_EDGE('',*,*,#6217,.T.);
#6217 = EDGE_CURVE('',#6210,#6178,#6218,.T.);
#6218 = LINE('',#6219,#6220);
#6219 = CARTESIAN_POINT('',(121.92947770954,23.,427.37316968765));
#6220 = VECTOR('',#6221,1.);
#6221 = DIRECTION('',(-0.788010753607,0.,0.615661475326));
#6222 = ORIENTED_EDGE('',*,*,#6177,.F.);
#6223 = PLANE('',#6224);
#6224 = AXIS2_PLACEMENT_3D('',#6225,#6226,#6227);
#6225 = CARTESIAN_POINT('',(98.45967352775,22.5,445.70979035182));
#6226 = DIRECTION('',(-0.615661475326,0.,-0.788010753607));
#6227 = DIRECTION('',(0.788010753607,0.,-0.615661475326));
#6228 = ADVANCED_FACE('',(#6229),#6240,.F.);
#6229 = FACE_BOUND('',#6230,.F.);
#6230 = EDGE_LOOP('',(#6231,#6232,#6238,#6239));
#6231 = ORIENTED_EDGE('',*,*,#5921,.F.);
#6232 = ORIENTED_EDGE('',*,*,#6233,.F.);
#6233 = EDGE_CURVE('',#5806,#5922,#6234,.T.);
#6234 = LINE('',#6235,#6236);
#6235 = CARTESIAN_POINT('',(69.949942615876,22.5,242.09879104592));
#6236 = VECTOR('',#6237,1.);
#6237 = DIRECTION('',(0.,1.,0.));
#6238 = ORIENTED_EDGE('',*,*,#5805,.T.);
#6239 = ORIENTED_EDGE('',*,*,#6233,.T.);
#6240 = CYLINDRICAL_SURFACE('',#6241,1.7);
#6241 = AXIS2_PLACEMENT_3D('',#6242,#6243,#6244);
#6242 = CARTESIAN_POINT('',(71.289560897008,22.5,241.05216653787));
#6243 = DIRECTION('',(0.,1.,0.));
#6244 = DIRECTION('',(-0.788010753607,0.,0.615661475326));
#6245 = ADVANCED_FACE('',(#6246),#6257,.F.);
#6246 = FACE_BOUND('',#6247,.F.);
#6247 = EDGE_LOOP('',(#6248,#6249,#6255,#6256));
#6248 = ORIENTED_EDGE('',*,*,#5932,.F.);
#6249 = ORIENTED_EDGE('',*,*,#6250,.F.);
#6250 = EDGE_CURVE('',#5817,#5933,#6251,.T.);
#6251 = LINE('',#6252,#6253);
#6252 = CARTESIAN_POINT('',(35.27746945718,22.5,269.18789596025));
#6253 = VECTOR('',#6254,1.);
#6254 = DIRECTION('',(0.,1.,0.));
#6255 = ORIENTED_EDGE('',*,*,#5816,.T.);
#6256 = ORIENTED_EDGE('',*,*,#6250,.T.);
#6257 = CYLINDRICAL_SURFACE('',#6258,1.7);
#6258 = AXIS2_PLACEMENT_3D('',#6259,#6260,#6261);
#6259 = CARTESIAN_POINT('',(36.617087738312,22.5,268.14127145219));
#6260 = DIRECTION('',(0.,1.,0.));
#6261 = DIRECTION('',(-0.788010753607,0.,0.615661475326));
#6262 = ADVANCED_FACE('',(#6263),#6274,.F.);
#6263 = FACE_BOUND('',#6264,.F.);
#6264 = EDGE_LOOP('',(#6265,#6266,#6272,#6273));
#6265 = ORIENTED_EDGE('',*,*,#5943,.F.);
#6266 = ORIENTED_EDGE('',*,*,#6267,.F.);
#6267 = EDGE_CURVE('',#5828,#5944,#6268,.T.);
#6268 = LINE('',#6269,#6270);
#6269 = CARTESIAN_POINT('',(90.710070403807,22.5,293.13716699961));
#6270 = VECTOR('',#6271,1.);
#6271 = DIRECTION('',(0.,1.,0.));
#6272 = ORIENTED_EDGE('',*,*,#5827,.T.);
#6273 = ORIENTED_EDGE('',*,*,#6267,.T.);
#6274 = CYLINDRICAL_SURFACE('',#6275,1.7);
#6275 = AXIS2_PLACEMENT_3D('',#6276,#6277,#6278);
#6276 = CARTESIAN_POINT('',(92.049688684939,22.5,292.09054249156));
#6277 = DIRECTION('',(0.,1.,0.));
#6278 = DIRECTION('',(-0.788010753607,0.,0.615661475326));
#6279 = ADVANCED_FACE('',(#6280),#6291,.F.);
#6280 = FACE_BOUND('',#6281,.F.);
#6281 = EDGE_LOOP('',(#6282,#6283,#6289,#6290));
#6282 = ORIENTED_EDGE('',*,*,#5954,.F.);
#6283 = ORIENTED_EDGE('',*,*,#6284,.F.);
#6284 = EDGE_CURVE('',#5839,#5955,#6285,.T.);
#6285 = LINE('',#6286,#6287);
#6286 = CARTESIAN_POINT('',(56.037597245112,22.5,320.22627191394));
#6287 = VECTOR('',#6288,1.);
#6288 = DIRECTION('',(0.,1.,0.));
#6289 = ORIENTED_EDGE('',*,*,#5838,.T.);
#6290 = ORIENTED_EDGE('',*,*,#6284,.T.);
#6291 = CYLINDRICAL_SURFACE('',#6292,1.7);
#6292 = AXIS2_PLACEMENT_3D('',#6293,#6294,#6295);
#6293 = CARTESIAN_POINT('',(57.377215526243,22.5,319.17964740589));
#6294 = DIRECTION('',(0.,1.,0.));
#6295 = DIRECTION('',(-0.788010753607,0.,0.615661475326));
#6296 = ADVANCED_FACE('',(#6297),#6308,.F.);
#6297 = FACE_BOUND('',#6298,.F.);
#6298 = EDGE_LOOP('',(#6299,#6300,#6306,#6307));
#6299 = ORIENTED_EDGE('',*,*,#5965,.F.);
#6300 = ORIENTED_EDGE('',*,*,#6301,.F.);
#6301 = EDGE_CURVE('',#5850,#5966,#6302,.T.);
#6302 = LINE('',#6303,#6304);
#6303 = CARTESIAN_POINT('',(116.17060448334,22.5,355.7314016598));
#6304 = VECTOR('',#6305,1.);
#6305 = DIRECTION('',(0.,1.,0.));
#6306 = ORIENTED_EDGE('',*,*,#5849,.T.);
#6307 = ORIENTED_EDGE('',*,*,#6301,.T.);
#6308 = CYLINDRICAL_SURFACE('',#6309,1.7);
#6309 = AXIS2_PLACEMENT_3D('',#6310,#6311,#6312);
#6310 = CARTESIAN_POINT('',(117.51022276447,22.5,354.68477715175));
#6311 = DIRECTION('',(0.,1.,0.));
#6312 = DIRECTION('',(-0.788010753607,0.,0.615661475326));
#6313 = ADVANCED_FACE('',(#6314),#6325,.F.);
#6314 = FACE_BOUND('',#6315,.F.);
#6315 = EDGE_LOOP('',(#6316,#6317,#6323,#6324));
#6316 = ORIENTED_EDGE('',*,*,#5976,.F.);
#6317 = ORIENTED_EDGE('',*,*,#6318,.F.);
#6318 = EDGE_CURVE('',#5861,#5977,#6319,.T.);
#6319 = LINE('',#6320,#6321);
#6320 = CARTESIAN_POINT('',(81.49813132465,22.5,382.82050657413));
#6321 = VECTOR('',#6322,1.);
#6322 = DIRECTION('',(0.,1.,0.));
#6323 = ORIENTED_EDGE('',*,*,#5860,.T.);
#6324 = ORIENTED_EDGE('',*,*,#6318,.T.);
#6325 = CYLINDRICAL_SURFACE('',#6326,1.7);
#6326 = AXIS2_PLACEMENT_3D('',#6327,#6328,#6329);
#6327 = CARTESIAN_POINT('',(82.837749605781,22.5,381.77388206608));
#6328 = DIRECTION('',(0.,1.,0.));
#6329 = DIRECTION('',(-0.788010753607,0.,0.615661475326));
#6330 = ADVANCED_FACE('',(#6331),#6342,.F.);
#6331 = FACE_BOUND('',#6332,.F.);
#6332 = EDGE_LOOP('',(#6333,#6334,#6340,#6341));
#6333 = ORIENTED_EDGE('',*,*,#6021,.F.);
#6334 = ORIENTED_EDGE('',*,*,#6335,.F.);
#6335 = EDGE_CURVE('',#5872,#6022,#6336,.T.);
#6336 = LINE('',#6337,#6338);
#6337 = CARTESIAN_POINT('',(101.08315753968,22.5,430.9699178512));
#6338 = VECTOR('',#6339,1.);
#6339 = DIRECTION('',(0.,1.,0.));
#6340 = ORIENTED_EDGE('',*,*,#5871,.T.);
#6341 = ORIENTED_EDGE('',*,*,#6335,.T.);
#6342 = CYLINDRICAL_SURFACE('',#6343,1.7);
#6343 = AXIS2_PLACEMENT_3D('',#6344,#6345,#6346);
#6344 = CARTESIAN_POINT('',(102.42277582081,22.5,429.92329334315));
#6345 = DIRECTION('',(0.,1.,0.));
#6346 = DIRECTION('',(-0.788010753607,0.,0.615661475326));
#6347 = ADVANCED_FACE('',(#6348),#6361,.T.);
#6348 = FACE_BOUND('',#6349,.T.);
#6349 = EDGE_LOOP('',(#6350,#6351,#6352,#6358,#6359,#6360));
#6350 = ORIENTED_EDGE('',*,*,#6094,.F.);
#6351 = ORIENTED_EDGE('',*,*,#6063,.T.);
#6352 = ORIENTED_EDGE('',*,*,#6353,.T.);
#6353 = EDGE_CURVE('',#6064,#6210,#6354,.T.);
#6354 = LINE('',#6355,#6356);
#6355 = CARTESIAN_POINT('',(150.28409735732,23.,409.72901120475));
#6356 = VECTOR('',#6357,1.);
#6357 = DIRECTION('',(0.376778733993,0.,0.926303290295));
#6358 = ORIENTED_EDGE('',*,*,#6217,.T.);
#6359 = ORIENTED_EDGE('',*,*,#6185,.T.);
#6360 = ORIENTED_EDGE('',*,*,#6161,.T.);
#6361 = PLANE('',#6362);
#6362 = AXIS2_PLACEMENT_3D('',#6363,#6364,#6365);
#6363 = CARTESIAN_POINT('',(149.352000155,23.,414.09579768947));
#6364 = DIRECTION('',(0.,-1.,-0.));
#6365 = DIRECTION('',(0.788010753607,0.,-0.615661475326));
#6366 = ADVANCED_FACE('',(#6367),#6373,.T.);
#6367 = FACE_BOUND('',#6368,.T.);
#6368 = EDGE_LOOP('',(#6369,#6370,#6371,#6372));
#6369 = ORIENTED_EDGE('',*,*,#5684,.F.);
#6370 = ORIENTED_EDGE('',*,*,#5725,.T.);
#6371 = ORIENTED_EDGE('',*,*,#6202,.T.);
#6372 = ORIENTED_EDGE('',*,*,#5889,.F.);
#6373 = PLANE('',#6374);
#6374 = AXIS2_PLACEMENT_3D('',#6375,#6376,#6377);
#6375 = CARTESIAN_POINT('',(61.248123719194,24.75,354.22590892539));
#6376 = DIRECTION('',(-0.926303290295,0.,0.376778733993));
#6377 = DIRECTION('',(0.376778733993,0.,0.926303290295));
#6378 = ADVANCED_FACE('',(#6379),#6387,.T.);
#6379 = FACE_BOUND('',#6380,.T.);
#6380 = EDGE_LOOP('',(#6381,#6382,#6383,#6384,#6385,#6386));
#6381 = ORIENTED_EDGE('',*,*,#5789,.T.);
#6382 = ORIENTED_EDGE('',*,*,#6040,.T.);
#6383 = ORIENTED_EDGE('',*,*,#5905,.F.);
#6384 = ORIENTED_EDGE('',*,*,#6209,.F.);
#6385 = ORIENTED_EDGE('',*,*,#6353,.F.);
#6386 = ORIENTED_EDGE('',*,*,#6071,.T.);
#6387 = PLANE('',#6388);
#6388 = AXIS2_PLACEMENT_3D('',#6389,#6390,#6391);
#6389 = CARTESIAN_POINT('',(113.63420442056,24.763562737234,
    319.62595242412));
#6390 = DIRECTION('',(0.926303290295,0.,-0.376778733993));
#6391 = DIRECTION('',(-0.376778733993,0.,-0.926303290295));
#6392 = MANIFOLD_SOLID_BREP('',#6393);
#6393 = CLOSED_SHELL('',(#6394,#6434,#6465,#6496,#6529,#6569,#6591,#6731
    ,#6756,#6781,#6806,#6831,#6856,#6881,#6906,#6931,#6956,#6981,#7041)
  );
#6394 = ADVANCED_FACE('',(#6395),#6429,.T.);
#6395 = FACE_BOUND('',#6396,.T.);
#6396 = EDGE_LOOP('',(#6397,#6407,#6415,#6423));
#6397 = ORIENTED_EDGE('',*,*,#6398,.F.);
#6398 = EDGE_CURVE('',#6399,#6401,#6403,.T.);
#6399 = VERTEX_POINT('',#6400);
#6400 = CARTESIAN_POINT('',(148.25182228057,17.,394.11771806763));
#6401 = VERTEX_POINT('',#6402);
#6402 = CARTESIAN_POINT('',(161.69431410139,17.,407.63418874603));
#6403 = LINE('',#6404,#6405);
#6404 = CARTESIAN_POINT('',(148.25182228057,17.,394.11771806763));
#6405 = VECTOR('',#6406,1.);
#6406 = DIRECTION('',(0.705163734288,0.,0.709044503431));
#6407 = ORIENTED_EDGE('',*,*,#6408,.T.);
#6408 = EDGE_CURVE('',#6399,#6409,#6411,.T.);
#6409 = VERTEX_POINT('',#6410);
#6410 = CARTESIAN_POINT('',(148.25182228057,23.,394.11771806763));
#6411 = LINE('',#6412,#6413);
#6412 = CARTESIAN_POINT('',(148.25182228057,17.,394.11771806763));
#6413 = VECTOR('',#6414,1.);
#6414 = DIRECTION('',(0.,1.,0.));
#6415 = ORIENTED_EDGE('',*,*,#6416,.T.);
#6416 = EDGE_CURVE('',#6409,#6417,#6419,.T.);
#6417 = VERTEX_POINT('',#6418);
#6418 = CARTESIAN_POINT('',(161.69431410139,23.,407.63418874603));
#6419 = LINE('',#6420,#6421);
#6420 = CARTESIAN_POINT('',(148.25182228057,23.,394.11771806763));
#6421 = VECTOR('',#6422,1.);
#6422 = DIRECTION('',(0.705163734288,0.,0.709044503431));
#6423 = ORIENTED_EDGE('',*,*,#6424,.F.);
#6424 = EDGE_CURVE('',#6401,#6417,#6425,.T.);
#6425 = LINE('',#6426,#6427);
#6426 = CARTESIAN_POINT('',(161.69431410139,17.,407.63418874603));
#6427 = VECTOR('',#6428,1.);
#6428 = DIRECTION('',(0.,1.,0.));
#6429 = PLANE('',#6430);
#6430 = AXIS2_PLACEMENT_3D('',#6431,#6432,#6433);
#6431 = CARTESIAN_POINT('',(148.25182228057,17.,394.11771806763));
#6432 = DIRECTION('',(0.709044503431,0.,-0.705163734288));
#6433 = DIRECTION('',(0.705163734288,0.,0.709044503431));
#6434 = ADVANCED_FACE('',(#6435),#6460,.T.);
#6435 = FACE_BOUND('',#6436,.T.);
#6436 = EDGE_LOOP('',(#6437,#6447,#6453,#6454));
#6437 = ORIENTED_EDGE('',*,*,#6438,.T.);
#6438 = EDGE_CURVE('',#6439,#6441,#6443,.T.);
#6439 = VERTEX_POINT('',#6440);
#6440 = CARTESIAN_POINT('',(128.5515534404,17.,409.50925495077));
#6441 = VERTEX_POINT('',#6442);
#6442 = CARTESIAN_POINT('',(128.5515534404,23.,409.50925495077));
#6443 = LINE('',#6444,#6445);
#6444 = CARTESIAN_POINT('',(128.5515534404,17.,409.50925495077));
#6445 = VECTOR('',#6446,1.);
#6446 = DIRECTION('',(0.,1.,0.));
#6447 = ORIENTED_EDGE('',*,*,#6448,.T.);
#6448 = EDGE_CURVE('',#6441,#6409,#6449,.T.);
#6449 = LINE('',#6450,#6451);
#6450 = CARTESIAN_POINT('',(128.5515534404,23.,409.50925495077));
#6451 = VECTOR('',#6452,1.);
#6452 = DIRECTION('',(0.788010753607,0.,-0.615661475326));
#6453 = ORIENTED_EDGE('',*,*,#6408,.F.);
#6454 = ORIENTED_EDGE('',*,*,#6455,.F.);
#6455 = EDGE_CURVE('',#6439,#6399,#6456,.T.);
#6456 = LINE('',#6457,#6458);
#6457 = CARTESIAN_POINT('',(128.5515534404,17.,409.50925495077));
#6458 = VECTOR('',#6459,1.);
#6459 = DIRECTION('',(0.788010753607,0.,-0.615661475326));
#6460 = PLANE('',#6461);
#6461 = AXIS2_PLACEMENT_3D('',#6462,#6463,#6464);
#6462 = CARTESIAN_POINT('',(128.5515534404,17.,409.50925495077));
#6463 = DIRECTION('',(-0.615661475326,0.,-0.788010753607));
#6464 = DIRECTION('',(0.788010753607,0.,-0.615661475326));
#6465 = ADVANCED_FACE('',(#6466),#6491,.T.);
#6466 = FACE_BOUND('',#6467,.T.);
#6467 = EDGE_LOOP('',(#6468,#6476,#6484,#6490));
#6468 = ORIENTED_EDGE('',*,*,#6469,.F.);
#6469 = EDGE_CURVE('',#6470,#6439,#6472,.T.);
#6470 = VERTEX_POINT('',#6471);
#6471 = CARTESIAN_POINT('',(130.50810611435,17.,411.49888148688));
#6472 = LINE('',#6473,#6474);
#6473 = CARTESIAN_POINT('',(153.25174809122,17.,434.6269854257));
#6474 = VECTOR('',#6475,1.);
#6475 = DIRECTION('',(-0.701155725902,0.,-0.713008168281));
#6476 = ORIENTED_EDGE('',*,*,#6477,.T.);
#6477 = EDGE_CURVE('',#6470,#6478,#6480,.T.);
#6478 = VERTEX_POINT('',#6479);
#6479 = CARTESIAN_POINT('',(130.50810611435,23.,411.49888148688));
#6480 = LINE('',#6481,#6482);
#6481 = CARTESIAN_POINT('',(130.50810611435,17.,411.49888148688));
#6482 = VECTOR('',#6483,1.);
#6483 = DIRECTION('',(0.,1.,0.));
#6484 = ORIENTED_EDGE('',*,*,#6485,.T.);
#6485 = EDGE_CURVE('',#6478,#6441,#6486,.T.);
#6486 = LINE('',#6487,#6488);
#6487 = CARTESIAN_POINT('',(153.25174809122,23.,434.6269854257));
#6488 = VECTOR('',#6489,1.);
#6489 = DIRECTION('',(-0.701155725902,0.,-0.713008168281));
#6490 = ORIENTED_EDGE('',*,*,#6438,.F.);
#6491 = PLANE('',#6492);
#6492 = AXIS2_PLACEMENT_3D('',#6493,#6494,#6495);
#6493 = CARTESIAN_POINT('',(153.25174809122,17.,434.6269854257));
#6494 = DIRECTION('',(-0.713008168281,0.,0.701155725902));
#6495 = DIRECTION('',(-0.701155725902,0.,-0.713008168281));
#6496 = ADVANCED_FACE('',(#6497),#6524,.F.);
#6497 = FACE_BOUND('',#6498,.F.);
#6498 = EDGE_LOOP('',(#6499,#6508,#6516,#6523));
#6499 = ORIENTED_EDGE('',*,*,#6500,.F.);
#6500 = EDGE_CURVE('',#6501,#6478,#6503,.T.);
#6501 = VERTEX_POINT('',#6502);
#6502 = CARTESIAN_POINT('',(133.56121198948,23.,414.60359752524));
#6503 = CIRCLE('',#6504,2.25);
#6504 = AXIS2_PLACEMENT_3D('',#6505,#6506,#6507);
#6505 = CARTESIAN_POINT('',(131.62986081703,23.,413.4493087188));
#6506 = DIRECTION('',(0.,1.,-0.));
#6507 = DIRECTION('',(-0.788010753607,0.,0.615661475326));
#6508 = ORIENTED_EDGE('',*,*,#6509,.F.);
#6509 = EDGE_CURVE('',#6510,#6501,#6512,.T.);
#6510 = VERTEX_POINT('',#6511);
#6511 = CARTESIAN_POINT('',(133.56121198948,17.,414.60359752524));
#6512 = LINE('',#6513,#6514);
#6513 = CARTESIAN_POINT('',(133.56121198948,17.,414.60359752524));
#6514 = VECTOR('',#6515,1.);
#6515 = DIRECTION('',(0.,1.,0.));
#6516 = ORIENTED_EDGE('',*,*,#6517,.T.);
#6517 = EDGE_CURVE('',#6510,#6470,#6518,.T.);
#6518 = CIRCLE('',#6519,2.25);
#6519 = AXIS2_PLACEMENT_3D('',#6520,#6521,#6522);
#6520 = CARTESIAN_POINT('',(131.62986081703,17.,413.4493087188));
#6521 = DIRECTION('',(0.,1.,-0.));
#6522 = DIRECTION('',(-0.788010753607,0.,0.615661475326));
#6523 = ORIENTED_EDGE('',*,*,#6477,.T.);
#6524 = CYLINDRICAL_SURFACE('',#6525,2.25);
#6525 = AXIS2_PLACEMENT_3D('',#6526,#6527,#6528);
#6526 = CARTESIAN_POINT('',(131.62986081703,17.,413.4493087188));
#6527 = DIRECTION('',(0.,1.,0.));
#6528 = DIRECTION('',(-0.788010753607,0.,0.615661475326));
#6529 = ADVANCED_FACE('',(#6530),#6564,.T.);
#6530 = FACE_BOUND('',#6531,.T.);
#6531 = EDGE_LOOP('',(#6532,#6542,#6550,#6558));
#6532 = ORIENTED_EDGE('',*,*,#6533,.F.);
#6533 = EDGE_CURVE('',#6534,#6536,#6538,.T.);
#6534 = VERTEX_POINT('',#6535);
#6535 = CARTESIAN_POINT('',(154.05101843966,17.,434.00252699078));
#6536 = VERTEX_POINT('',#6537);
#6537 = CARTESIAN_POINT('',(153.25174809122,17.,434.6269854257));
#6538 = LINE('',#6539,#6540);
#6539 = CARTESIAN_POINT('',(165.85992014893,17.,424.77640182049));
#6540 = VECTOR('',#6541,1.);
#6541 = DIRECTION('',(-0.788010753607,0.,0.615661475326));
#6542 = ORIENTED_EDGE('',*,*,#6543,.T.);
#6543 = EDGE_CURVE('',#6534,#6544,#6546,.T.);
#6544 = VERTEX_POINT('',#6545);
#6545 = CARTESIAN_POINT('',(154.05101843966,23.,434.00252699078));
#6546 = LINE('',#6547,#6548);
#6547 = CARTESIAN_POINT('',(154.05101843966,17.,434.00252699078));
#6548 = VECTOR('',#6549,1.);
#6549 = DIRECTION('',(0.,1.,0.));
#6550 = ORIENTED_EDGE('',*,*,#6551,.T.);
#6551 = EDGE_CURVE('',#6544,#6552,#6554,.T.);
#6552 = VERTEX_POINT('',#6553);
#6553 = CARTESIAN_POINT('',(153.25174809122,23.,434.6269854257));
#6554 = LINE('',#6555,#6556);
#6555 = CARTESIAN_POINT('',(165.85992014893,23.,424.77640182049));
#6556 = VECTOR('',#6557,1.);
#6557 = DIRECTION('',(-0.788010753607,0.,0.615661475326));
#6558 = ORIENTED_EDGE('',*,*,#6559,.F.);
#6559 = EDGE_CURVE('',#6536,#6552,#6560,.T.);
#6560 = LINE('',#6561,#6562);
#6561 = CARTESIAN_POINT('',(153.25174809122,17.,434.6269854257));
#6562 = VECTOR('',#6563,1.);
#6563 = DIRECTION('',(0.,1.,0.));
#6564 = PLANE('',#6565);
#6565 = AXIS2_PLACEMENT_3D('',#6566,#6567,#6568);
#6566 = CARTESIAN_POINT('',(165.85992014893,17.,424.77640182049));
#6567 = DIRECTION('',(0.615661475326,0.,0.788010753607));
#6568 = DIRECTION('',(-0.788010753607,0.,0.615661475326));
#6569 = ADVANCED_FACE('',(#6570),#6586,.T.);
#6570 = FACE_BOUND('',#6571,.T.);
#6571 = EDGE_LOOP('',(#6572,#6578,#6579,#6585));
#6572 = ORIENTED_EDGE('',*,*,#6573,.F.);
#6573 = EDGE_CURVE('',#6536,#6510,#6574,.T.);
#6574 = LINE('',#6575,#6576);
#6575 = CARTESIAN_POINT('',(153.25174809122,17.,434.6269854257));
#6576 = VECTOR('',#6577,1.);
#6577 = DIRECTION('',(-0.701155725902,0.,-0.713008168281));
#6578 = ORIENTED_EDGE('',*,*,#6559,.T.);
#6579 = ORIENTED_EDGE('',*,*,#6580,.T.);
#6580 = EDGE_CURVE('',#6552,#6501,#6581,.T.);
#6581 = LINE('',#6582,#6583);
#6582 = CARTESIAN_POINT('',(153.25174809122,23.,434.6269854257));
#6583 = VECTOR('',#6584,1.);
#6584 = DIRECTION('',(-0.701155725902,0.,-0.713008168281));
#6585 = ORIENTED_EDGE('',*,*,#6509,.F.);
#6586 = PLANE('',#6587);
#6587 = AXIS2_PLACEMENT_3D('',#6588,#6589,#6590);
#6588 = CARTESIAN_POINT('',(153.25174809122,17.,434.6269854257));
#6589 = DIRECTION('',(-0.713008168281,0.,0.701155725902));
#6590 = DIRECTION('',(-0.701155725902,0.,-0.713008168281));
#6591 = ADVANCED_FACE('',(#6592,#6616,#6627,#6638,#6649,#6660,#6671,
    #6682,#6693,#6704,#6715),#6726,.T.);
#6592 = FACE_BOUND('',#6593,.T.);
#6593 = EDGE_LOOP('',(#6594,#6603,#6604,#6605,#6606,#6607,#6608,#6609));
#6594 = ORIENTED_EDGE('',*,*,#6595,.F.);
#6595 = EDGE_CURVE('',#6534,#6596,#6598,.T.);
#6596 = VERTEX_POINT('',#6597);
#6597 = CARTESIAN_POINT('',(163.12720969912,17.,458.63688459315));
#6598 = CIRCLE('',#6599,43.);
#6599 = AXIS2_PLACEMENT_3D('',#6600,#6601,#6602);
#6600 = CARTESIAN_POINT('',(197.01167210421,17.,432.16344115415));
#6601 = DIRECTION('',(0.,1.,-0.));
#6602 = DIRECTION('',(-0.788010753607,0.,0.615661475326));
#6603 = ORIENTED_EDGE('',*,*,#6533,.T.);
#6604 = ORIENTED_EDGE('',*,*,#6573,.T.);
#6605 = ORIENTED_EDGE('',*,*,#6517,.T.);
#6606 = ORIENTED_EDGE('',*,*,#6469,.T.);
#6607 = ORIENTED_EDGE('',*,*,#6455,.T.);
#6608 = ORIENTED_EDGE('',*,*,#6398,.T.);
#6609 = ORIENTED_EDGE('',*,*,#6610,.F.);
#6610 = EDGE_CURVE('',#6596,#6401,#6611,.T.);
#6611 = CIRCLE('',#6612,43.);
#6612 = AXIS2_PLACEMENT_3D('',#6613,#6614,#6615);
#6613 = CARTESIAN_POINT('',(197.01167210421,17.,432.16344115415));
#6614 = DIRECTION('',(0.,1.,-0.));
#6615 = DIRECTION('',(-0.788010753607,0.,0.615661475326));
#6616 = FACE_BOUND('',#6617,.T.);
#6617 = EDGE_LOOP('',(#6618));
#6618 = ORIENTED_EDGE('',*,*,#6619,.T.);
#6619 = EDGE_CURVE('',#6620,#6620,#6622,.T.);
#6620 = VERTEX_POINT('',#6621);
#6621 = CARTESIAN_POINT('',(179.67543552486,17.,445.70799361131));
#6622 = CIRCLE('',#6623,22.);
#6623 = AXIS2_PLACEMENT_3D('',#6624,#6625,#6626);
#6624 = CARTESIAN_POINT('',(197.01167210421,17.,432.16344115415));
#6625 = DIRECTION('',(0.,1.,-0.));
#6626 = DIRECTION('',(-0.788010753607,0.,0.615661475326));
#6627 = FACE_BOUND('',#6628,.T.);
#6628 = EDGE_LOOP('',(#6629));
#6629 = ORIENTED_EDGE('',*,*,#6630,.T.);
#6630 = EDGE_CURVE('',#6631,#6631,#6633,.T.);
#6631 = VERTEX_POINT('',#6632);
#6632 = CARTESIAN_POINT('',(139.31296566469,17.,407.44660933438));
#6633 = CIRCLE('',#6634,2.25);
#6634 = AXIS2_PLACEMENT_3D('',#6635,#6636,#6637);
#6635 = CARTESIAN_POINT('',(141.08598986031,17.,406.0613710149));
#6636 = DIRECTION('',(0.,1.,-0.));
#6637 = DIRECTION('',(-0.788010753607,0.,0.615661475326));
#6638 = FACE_BOUND('',#6639,.T.);
#6639 = EDGE_LOOP('',(#6640));
#6640 = ORIENTED_EDGE('',*,*,#6641,.T.);
#6641 = EDGE_CURVE('',#6642,#6642,#6644,.T.);
#6642 = VERTEX_POINT('',#6643);
#6643 = CARTESIAN_POINT('',(223.47452922535,17.,408.04516412614));
#6644 = CIRCLE('',#6645,1.7);
#6645 = AXIS2_PLACEMENT_3D('',#6646,#6647,#6648);
#6646 = CARTESIAN_POINT('',(224.81414750649,17.,406.99853961808));
#6647 = DIRECTION('',(0.,1.,-0.));
#6648 = DIRECTION('',(-0.788010753607,0.,0.615661475326));
#6649 = FACE_BOUND('',#6650,.T.);
#6650 = EDGE_LOOP('',(#6651));
#6651 = ORIENTED_EDGE('',*,*,#6652,.T.);
#6652 = EDGE_CURVE('',#6653,#6653,#6655,.T.);
#6653 = VERTEX_POINT('',#6654);
#6654 = CARTESIAN_POINT('',(160.939365145,17.,447.34833509898));
#6655 = CIRCLE('',#6656,1.7);
#6656 = AXIS2_PLACEMENT_3D('',#6657,#6658,#6659);
#6657 = CARTESIAN_POINT('',(162.27898342613,17.,446.30171059093));
#6658 = DIRECTION('',(0.,1.,-0.));
#6659 = DIRECTION('',(-0.788010753607,0.,0.615661475326));
#6660 = FACE_BOUND('',#6661,.T.);
#6661 = EDGE_LOOP('',(#6662));
#6662 = ORIENTED_EDGE('',*,*,#6663,.T.);
#6663 = EDGE_CURVE('',#6664,#6664,#6666,.T.);
#6664 = VERTEX_POINT('',#6665);
#6665 = CARTESIAN_POINT('',(178.15317655374,17.,466.36634900745));
#6666 = CIRCLE('',#6667,1.7);
#6667 = AXIS2_PLACEMENT_3D('',#6668,#6669,#6670);
#6668 = CARTESIAN_POINT('',(179.49279483487,17.,465.31972449939));
#6669 = DIRECTION('',(0.,1.,-0.));
#6670 = DIRECTION('',(-0.788010753607,0.,0.615661475326));
#6671 = FACE_BOUND('',#6672,.T.);
#6672 = EDGE_LOOP('',(#6673));
#6673 = ORIENTED_EDGE('',*,*,#6674,.T.);
#6674 = EDGE_CURVE('',#6675,#6675,#6677,.T.);
#6675 = VERTEX_POINT('',#6676);
#6676 = CARTESIAN_POINT('',(175.71731515495,17.,401.4601358074));
#6677 = CIRCLE('',#6678,1.7);
#6678 = AXIS2_PLACEMENT_3D('',#6679,#6680,#6681);
#6679 = CARTESIAN_POINT('',(177.05693343608,17.,400.41351129934));
#6680 = DIRECTION('',(0.,1.,-0.));
#6681 = DIRECTION('',(-0.788010753607,0.,0.615661475326));
#6682 = FACE_BOUND('',#6683,.T.);
#6683 = EDGE_LOOP('',(#6684));
#6684 = ORIENTED_EDGE('',*,*,#6685,.T.);
#6685 = EDGE_CURVE('',#6686,#6686,#6688,.T.);
#6686 = VERTEX_POINT('',#6687);
#6687 = CARTESIAN_POINT('',(225.28249229353,17.,456.22031480315));
#6688 = CIRCLE('',#6689,1.7);
#6689 = AXIS2_PLACEMENT_3D('',#6690,#6691,#6692);
#6690 = CARTESIAN_POINT('',(226.62211057466,17.,455.1736902951));
#6691 = DIRECTION('',(0.,1.,-0.));
#6692 = DIRECTION('',(-0.788010753607,0.,0.615661475326));
#6693 = FACE_BOUND('',#6694,.T.);
#6694 = EDGE_LOOP('',(#6695));
#6695 = ORIENTED_EDGE('',*,*,#6696,.T.);
#6696 = EDGE_CURVE('',#6697,#6697,#6699,.T.);
#6697 = VERTEX_POINT('',#6698);
#6698 = CARTESIAN_POINT('',(200.79429787408,17.,396.06153920436));
#6699 = CIRCLE('',#6700,1.7);
#6700 = AXIS2_PLACEMENT_3D('',#6701,#6702,#6703);
#6701 = CARTESIAN_POINT('',(202.13391615521,17.,395.01491469631));
#6702 = DIRECTION('',(0.,1.,-0.));
#6703 = DIRECTION('',(-0.788010753607,0.,0.615661475326));
#6704 = FACE_BOUND('',#6705,.T.);
#6705 = EDGE_LOOP('',(#6706));
#6706 = ORIENTED_EDGE('',*,*,#6707,.T.);
#6707 = EDGE_CURVE('',#6708,#6708,#6710,.T.);
#6708 = VERTEX_POINT('',#6709);
#6709 = CARTESIAN_POINT('',(233.14567591715,17.,431.80372005186));
#6710 = CIRCLE('',#6711,1.7);
#6711 = AXIS2_PLACEMENT_3D('',#6712,#6713,#6714);
#6712 = CARTESIAN_POINT('',(234.48529419828,17.,430.75709554381));
#6713 = DIRECTION('',(0.,1.,-0.));
#6714 = DIRECTION('',(-0.788010753607,0.,0.615661475326));
#6715 = FACE_BOUND('',#6716,.T.);
#6716 = EDGE_LOOP('',(#6717));
#6717 = ORIENTED_EDGE('',*,*,#6718,.T.);
#6718 = EDGE_CURVE('',#6719,#6719,#6721,.T.);
#6719 = VERTEX_POINT('',#6720);
#6720 = CARTESIAN_POINT('',(203.56425815542,17.,469.87016668868));
#6721 = CIRCLE('',#6722,1.7);
#6722 = AXIS2_PLACEMENT_3D('',#6723,#6724,#6725);
#6723 = CARTESIAN_POINT('',(204.90387643655,17.,468.82354218063));
#6724 = DIRECTION('',(0.,1.,-0.));
#6725 = DIRECTION('',(-0.788010753607,0.,0.615661475326));
#6726 = PLANE('',#6727);
#6727 = AXIS2_PLACEMENT_3D('',#6728,#6729,#6730);
#6728 = CARTESIAN_POINT('',(183.81229960476,17.,427.51788824759));
#6729 = DIRECTION('',(0.,-1.,-0.));
#6730 = DIRECTION('',(0.788010753607,0.,-0.615661475326));
#6731 = ADVANCED_FACE('',(#6732),#6751,.F.);
#6732 = FACE_BOUND('',#6733,.F.);
#6733 = EDGE_LOOP('',(#6734,#6743,#6749,#6750));
#6734 = ORIENTED_EDGE('',*,*,#6735,.F.);
#6735 = EDGE_CURVE('',#6736,#6736,#6738,.T.);
#6736 = VERTEX_POINT('',#6737);
#6737 = CARTESIAN_POINT('',(179.67543552486,23.,445.70799361131));
#6738 = CIRCLE('',#6739,22.);
#6739 = AXIS2_PLACEMENT_3D('',#6740,#6741,#6742);
#6740 = CARTESIAN_POINT('',(197.01167210421,23.,432.16344115415));
#6741 = DIRECTION('',(0.,1.,-0.));
#6742 = DIRECTION('',(-0.788010753607,0.,0.615661475326));
#6743 = ORIENTED_EDGE('',*,*,#6744,.F.);
#6744 = EDGE_CURVE('',#6620,#6736,#6745,.T.);
#6745 = LINE('',#6746,#6747);
#6746 = CARTESIAN_POINT('',(179.67543552486,17.,445.70799361131));
#6747 = VECTOR('',#6748,1.);
#6748 = DIRECTION('',(0.,1.,0.));
#6749 = ORIENTED_EDGE('',*,*,#6619,.T.);
#6750 = ORIENTED_EDGE('',*,*,#6744,.T.);
#6751 = CYLINDRICAL_SURFACE('',#6752,22.);
#6752 = AXIS2_PLACEMENT_3D('',#6753,#6754,#6755);
#6753 = CARTESIAN_POINT('',(197.01167210421,17.,432.16344115415));
#6754 = DIRECTION('',(0.,1.,0.));
#6755 = DIRECTION('',(-0.788010753607,0.,0.615661475326));
#6756 = ADVANCED_FACE('',(#6757),#6776,.F.);
#6757 = FACE_BOUND('',#6758,.F.);
#6758 = EDGE_LOOP('',(#6759,#6768,#6774,#6775));
#6759 = ORIENTED_EDGE('',*,*,#6760,.F.);
#6760 = EDGE_CURVE('',#6761,#6761,#6763,.T.);
#6761 = VERTEX_POINT('',#6762);
#6762 = CARTESIAN_POINT('',(139.31296566469,23.,407.44660933438));
#6763 = CIRCLE('',#6764,2.25);
#6764 = AXIS2_PLACEMENT_3D('',#6765,#6766,#6767);
#6765 = CARTESIAN_POINT('',(141.08598986031,23.,406.0613710149));
#6766 = DIRECTION('',(0.,1.,-0.));
#6767 = DIRECTION('',(-0.788010753607,0.,0.615661475326));
#6768 = ORIENTED_EDGE('',*,*,#6769,.F.);
#6769 = EDGE_CURVE('',#6631,#6761,#6770,.T.);
#6770 = LINE('',#6771,#6772);
#6771 = CARTESIAN_POINT('',(139.31296566469,17.,407.44660933438));
#6772 = VECTOR('',#6773,1.);
#6773 = DIRECTION('',(0.,1.,0.));
#6774 = ORIENTED_EDGE('',*,*,#6630,.T.);
#6775 = ORIENTED_EDGE('',*,*,#6769,.T.);
#6776 = CYLINDRICAL_SURFACE('',#6777,2.25);
#6777 = AXIS2_PLACEMENT_3D('',#6778,#6779,#6780);
#6778 = CARTESIAN_POINT('',(141.08598986031,17.,406.0613710149));
#6779 = DIRECTION('',(0.,1.,0.));
#6780 = DIRECTION('',(-0.788010753607,0.,0.615661475326));
#6781 = ADVANCED_FACE('',(#6782),#6801,.F.);
#6782 = FACE_BOUND('',#6783,.F.);
#6783 = EDGE_LOOP('',(#6784,#6793,#6799,#6800));
#6784 = ORIENTED_EDGE('',*,*,#6785,.F.);
#6785 = EDGE_CURVE('',#6786,#6786,#6788,.T.);
#6786 = VERTEX_POINT('',#6787);
#6787 = CARTESIAN_POINT('',(223.47452922535,23.,408.04516412614));
#6788 = CIRCLE('',#6789,1.7);
#6789 = AXIS2_PLACEMENT_3D('',#6790,#6791,#6792);
#6790 = CARTESIAN_POINT('',(224.81414750649,23.,406.99853961808));
#6791 = DIRECTION('',(0.,1.,-0.));
#6792 = DIRECTION('',(-0.788010753607,0.,0.615661475326));
#6793 = ORIENTED_EDGE('',*,*,#6794,.F.);
#6794 = EDGE_CURVE('',#6642,#6786,#6795,.T.);
#6795 = LINE('',#6796,#6797);
#6796 = CARTESIAN_POINT('',(223.47452922535,17.,408.04516412614));
#6797 = VECTOR('',#6798,1.);
#6798 = DIRECTION('',(0.,1.,0.));
#6799 = ORIENTED_EDGE('',*,*,#6641,.T.);
#6800 = ORIENTED_EDGE('',*,*,#6794,.T.);
#6801 = CYLINDRICAL_SURFACE('',#6802,1.7);
#6802 = AXIS2_PLACEMENT_3D('',#6803,#6804,#6805);
#6803 = CARTESIAN_POINT('',(224.81414750649,17.,406.99853961808));
#6804 = DIRECTION('',(0.,1.,0.));
#6805 = DIRECTION('',(-0.788010753607,0.,0.615661475326));
#6806 = ADVANCED_FACE('',(#6807),#6826,.F.);
#6807 = FACE_BOUND('',#6808,.F.);
#6808 = EDGE_LOOP('',(#6809,#6818,#6824,#6825));
#6809 = ORIENTED_EDGE('',*,*,#6810,.F.);
#6810 = EDGE_CURVE('',#6811,#6811,#6813,.T.);
#6811 = VERTEX_POINT('',#6812);
#6812 = CARTESIAN_POINT('',(160.939365145,23.,447.34833509898));
#6813 = CIRCLE('',#6814,1.7);
#6814 = AXIS2_PLACEMENT_3D('',#6815,#6816,#6817);
#6815 = CARTESIAN_POINT('',(162.27898342613,23.,446.30171059093));
#6816 = DIRECTION('',(0.,1.,-0.));
#6817 = DIRECTION('',(-0.788010753607,0.,0.615661475326));
#6818 = ORIENTED_EDGE('',*,*,#6819,.F.);
#6819 = EDGE_CURVE('',#6653,#6811,#6820,.T.);
#6820 = LINE('',#6821,#6822);
#6821 = CARTESIAN_POINT('',(160.939365145,17.,447.34833509898));
#6822 = VECTOR('',#6823,1.);
#6823 = DIRECTION('',(0.,1.,0.));
#6824 = ORIENTED_EDGE('',*,*,#6652,.T.);
#6825 = ORIENTED_EDGE('',*,*,#6819,.T.);
#6826 = CYLINDRICAL_SURFACE('',#6827,1.7);
#6827 = AXIS2_PLACEMENT_3D('',#6828,#6829,#6830);
#6828 = CARTESIAN_POINT('',(162.27898342613,17.,446.30171059093));
#6829 = DIRECTION('',(0.,1.,0.));
#6830 = DIRECTION('',(-0.788010753607,0.,0.615661475326));
#6831 = ADVANCED_FACE('',(#6832),#6851,.F.);
#6832 = FACE_BOUND('',#6833,.F.);
#6833 = EDGE_LOOP('',(#6834,#6843,#6849,#6850));
#6834 = ORIENTED_EDGE('',*,*,#6835,.F.);
#6835 = EDGE_CURVE('',#6836,#6836,#6838,.T.);
#6836 = VERTEX_POINT('',#6837);
#6837 = CARTESIAN_POINT('',(178.15317655374,23.,466.36634900745));
#6838 = CIRCLE('',#6839,1.7);
#6839 = AXIS2_PLACEMENT_3D('',#6840,#6841,#6842);
#6840 = CARTESIAN_POINT('',(179.49279483487,23.,465.31972449939));
#6841 = DIRECTION('',(0.,1.,-0.));
#6842 = DIRECTION('',(-0.788010753607,0.,0.615661475326));
#6843 = ORIENTED_EDGE('',*,*,#6844,.F.);
#6844 = EDGE_CURVE('',#6664,#6836,#6845,.T.);
#6845 = LINE('',#6846,#6847);
#6846 = CARTESIAN_POINT('',(178.15317655374,17.,466.36634900745));
#6847 = VECTOR('',#6848,1.);
#6848 = DIRECTION('',(0.,1.,0.));
#6849 = ORIENTED_EDGE('',*,*,#6663,.T.);
#6850 = ORIENTED_EDGE('',*,*,#6844,.T.);
#6851 = CYLINDRICAL_SURFACE('',#6852,1.7);
#6852 = AXIS2_PLACEMENT_3D('',#6853,#6854,#6855);
#6853 = CARTESIAN_POINT('',(179.49279483487,17.,465.31972449939));
#6854 = DIRECTION('',(0.,1.,0.));
#6855 = DIRECTION('',(-0.788010753607,0.,0.615661475326));
#6856 = ADVANCED_FACE('',(#6857),#6876,.F.);
#6857 = FACE_BOUND('',#6858,.F.);
#6858 = EDGE_LOOP('',(#6859,#6868,#6874,#6875));
#6859 = ORIENTED_EDGE('',*,*,#6860,.F.);
#6860 = EDGE_CURVE('',#6861,#6861,#6863,.T.);
#6861 = VERTEX_POINT('',#6862);
#6862 = CARTESIAN_POINT('',(175.71731515495,23.,401.4601358074));
#6863 = CIRCLE('',#6864,1.7);
#6864 = AXIS2_PLACEMENT_3D('',#6865,#6866,#6867);
#6865 = CARTESIAN_POINT('',(177.05693343608,23.,400.41351129934));
#6866 = DIRECTION('',(0.,1.,-0.));
#6867 = DIRECTION('',(-0.788010753607,0.,0.615661475326));
#6868 = ORIENTED_EDGE('',*,*,#6869,.F.);
#6869 = EDGE_CURVE('',#6675,#6861,#6870,.T.);
#6870 = LINE('',#6871,#6872);
#6871 = CARTESIAN_POINT('',(175.71731515495,17.,401.4601358074));
#6872 = VECTOR('',#6873,1.);
#6873 = DIRECTION('',(0.,1.,0.));
#6874 = ORIENTED_EDGE('',*,*,#6674,.T.);
#6875 = ORIENTED_EDGE('',*,*,#6869,.T.);
#6876 = CYLINDRICAL_SURFACE('',#6877,1.7);
#6877 = AXIS2_PLACEMENT_3D('',#6878,#6879,#6880);
#6878 = CARTESIAN_POINT('',(177.05693343608,17.,400.41351129934));
#6879 = DIRECTION('',(0.,1.,0.));
#6880 = DIRECTION('',(-0.788010753607,0.,0.615661475326));
#6881 = ADVANCED_FACE('',(#6882),#6901,.F.);
#6882 = FACE_BOUND('',#6883,.F.);
#6883 = EDGE_LOOP('',(#6884,#6893,#6899,#6900));
#6884 = ORIENTED_EDGE('',*,*,#6885,.F.);
#6885 = EDGE_CURVE('',#6886,#6886,#6888,.T.);
#6886 = VERTEX_POINT('',#6887);
#6887 = CARTESIAN_POINT('',(225.28249229353,23.,456.22031480315));
#6888 = CIRCLE('',#6889,1.7);
#6889 = AXIS2_PLACEMENT_3D('',#6890,#6891,#6892);
#6890 = CARTESIAN_POINT('',(226.62211057466,23.,455.1736902951));
#6891 = DIRECTION('',(0.,1.,-0.));
#6892 = DIRECTION('',(-0.788010753607,0.,0.615661475326));
#6893 = ORIENTED_EDGE('',*,*,#6894,.F.);
#6894 = EDGE_CURVE('',#6686,#6886,#6895,.T.);
#6895 = LINE('',#6896,#6897);
#6896 = CARTESIAN_POINT('',(225.28249229353,17.,456.22031480315));
#6897 = VECTOR('',#6898,1.);
#6898 = DIRECTION('',(0.,1.,0.));
#6899 = ORIENTED_EDGE('',*,*,#6685,.T.);
#6900 = ORIENTED_EDGE('',*,*,#6894,.T.);
#6901 = CYLINDRICAL_SURFACE('',#6902,1.7);
#6902 = AXIS2_PLACEMENT_3D('',#6903,#6904,#6905);
#6903 = CARTESIAN_POINT('',(226.62211057466,17.,455.1736902951));
#6904 = DIRECTION('',(0.,1.,0.));
#6905 = DIRECTION('',(-0.788010753607,0.,0.615661475326));
#6906 = ADVANCED_FACE('',(#6907),#6926,.F.);
#6907 = FACE_BOUND('',#6908,.F.);
#6908 = EDGE_LOOP('',(#6909,#6918,#6924,#6925));
#6909 = ORIENTED_EDGE('',*,*,#6910,.F.);
#6910 = EDGE_CURVE('',#6911,#6911,#6913,.T.);
#6911 = VERTEX_POINT('',#6912);
#6912 = CARTESIAN_POINT('',(200.79429787408,23.,396.06153920436));
#6913 = CIRCLE('',#6914,1.7);
#6914 = AXIS2_PLACEMENT_3D('',#6915,#6916,#6917);
#6915 = CARTESIAN_POINT('',(202.13391615521,23.,395.01491469631));
#6916 = DIRECTION('',(0.,1.,-0.));
#6917 = DIRECTION('',(-0.788010753607,0.,0.615661475326));
#6918 = ORIENTED_EDGE('',*,*,#6919,.F.);
#6919 = EDGE_CURVE('',#6697,#6911,#6920,.T.);
#6920 = LINE('',#6921,#6922);
#6921 = CARTESIAN_POINT('',(200.79429787408,17.,396.06153920436));
#6922 = VECTOR('',#6923,1.);
#6923 = DIRECTION('',(0.,1.,0.));
#6924 = ORIENTED_EDGE('',*,*,#6696,.T.);
#6925 = ORIENTED_EDGE('',*,*,#6919,.T.);
#6926 = CYLINDRICAL_SURFACE('',#6927,1.7);
#6927 = AXIS2_PLACEMENT_3D('',#6928,#6929,#6930);
#6928 = CARTESIAN_POINT('',(202.13391615521,17.,395.01491469631));
#6929 = DIRECTION('',(0.,1.,0.));
#6930 = DIRECTION('',(-0.788010753607,0.,0.615661475326));
#6931 = ADVANCED_FACE('',(#6932),#6951,.F.);
#6932 = FACE_BOUND('',#6933,.F.);
#6933 = EDGE_LOOP('',(#6934,#6943,#6949,#6950));
#6934 = ORIENTED_EDGE('',*,*,#6935,.F.);
#6935 = EDGE_CURVE('',#6936,#6936,#6938,.T.);
#6936 = VERTEX_POINT('',#6937);
#6937 = CARTESIAN_POINT('',(233.14567591715,23.,431.80372005186));
#6938 = CIRCLE('',#6939,1.7);
#6939 = AXIS2_PLACEMENT_3D('',#6940,#6941,#6942);
#6940 = CARTESIAN_POINT('',(234.48529419828,23.,430.75709554381));
#6941 = DIRECTION('',(0.,1.,-0.));
#6942 = DIRECTION('',(-0.788010753607,0.,0.615661475326));
#6943 = ORIENTED_EDGE('',*,*,#6944,.F.);
#6944 = EDGE_CURVE('',#6708,#6936,#6945,.T.);
#6945 = LINE('',#6946,#6947);
#6946 = CARTESIAN_POINT('',(233.14567591715,17.,431.80372005186));
#6947 = VECTOR('',#6948,1.);
#6948 = DIRECTION('',(0.,1.,0.));
#6949 = ORIENTED_EDGE('',*,*,#6707,.T.);
#6950 = ORIENTED_EDGE('',*,*,#6944,.T.);
#6951 = CYLINDRICAL_SURFACE('',#6952,1.7);
#6952 = AXIS2_PLACEMENT_3D('',#6953,#6954,#6955);
#6953 = CARTESIAN_POINT('',(234.48529419828,17.,430.75709554381));
#6954 = DIRECTION('',(0.,1.,0.));
#6955 = DIRECTION('',(-0.788010753607,0.,0.615661475326));
#6956 = ADVANCED_FACE('',(#6957),#6976,.F.);
#6957 = FACE_BOUND('',#6958,.F.);
#6958 = EDGE_LOOP('',(#6959,#6968,#6974,#6975));
#6959 = ORIENTED_EDGE('',*,*,#6960,.F.);
#6960 = EDGE_CURVE('',#6961,#6961,#6963,.T.);
#6961 = VERTEX_POINT('',#6962);
#6962 = CARTESIAN_POINT('',(203.56425815542,23.,469.87016668868));
#6963 = CIRCLE('',#6964,1.7);
#6964 = AXIS2_PLACEMENT_3D('',#6965,#6966,#6967);
#6965 = CARTESIAN_POINT('',(204.90387643655,23.,468.82354218063));
#6966 = DIRECTION('',(0.,1.,-0.));
#6967 = DIRECTION('',(-0.788010753607,0.,0.615661475326));
#6968 = ORIENTED_EDGE('',*,*,#6969,.F.);
#6969 = EDGE_CURVE('',#6719,#6961,#6970,.T.);
#6970 = LINE('',#6971,#6972);
#6971 = CARTESIAN_POINT('',(203.56425815542,17.,469.87016668868));
#6972 = VECTOR('',#6973,1.);
#6973 = DIRECTION('',(0.,1.,0.));
#6974 = ORIENTED_EDGE('',*,*,#6718,.T.);
#6975 = ORIENTED_EDGE('',*,*,#6969,.T.);
#6976 = CYLINDRICAL_SURFACE('',#6977,1.7);
#6977 = AXIS2_PLACEMENT_3D('',#6978,#6979,#6980);
#6978 = CARTESIAN_POINT('',(204.90387643655,17.,468.82354218063));
#6979 = DIRECTION('',(0.,1.,0.));
#6980 = DIRECTION('',(-0.788010753607,0.,0.615661475326));
#6981 = ADVANCED_FACE('',(#6982,#7006,#7009,#7012,#7015,#7018,#7021,
    #7024,#7027,#7030,#7033),#7036,.T.);
#6982 = FACE_BOUND('',#6983,.T.);
#6983 = EDGE_LOOP('',(#6984,#6993,#7000,#7001,#7002,#7003,#7004,#7005));
#6984 = ORIENTED_EDGE('',*,*,#6985,.T.);
#6985 = EDGE_CURVE('',#6544,#6986,#6988,.T.);
#6986 = VERTEX_POINT('',#6987);
#6987 = CARTESIAN_POINT('',(163.12720969912,23.,458.63688459315));
#6988 = CIRCLE('',#6989,43.);
#6989 = AXIS2_PLACEMENT_3D('',#6990,#6991,#6992);
#6990 = CARTESIAN_POINT('',(197.01167210421,23.,432.16344115415));
#6991 = DIRECTION('',(0.,1.,-0.));
#6992 = DIRECTION('',(-0.788010753607,0.,0.615661475326));
#6993 = ORIENTED_EDGE('',*,*,#6994,.T.);
#6994 = EDGE_CURVE('',#6986,#6417,#6995,.T.);
#6995 = CIRCLE('',#6996,43.);
#6996 = AXIS2_PLACEMENT_3D('',#6997,#6998,#6999);
#6997 = CARTESIAN_POINT('',(197.01167210421,23.,432.16344115415));
#6998 = DIRECTION('',(0.,1.,-0.));
#6999 = DIRECTION('',(-0.788010753607,0.,0.615661475326));
#7000 = ORIENTED_EDGE('',*,*,#6416,.F.);
#7001 = ORIENTED_EDGE('',*,*,#6448,.F.);
#7002 = ORIENTED_EDGE('',*,*,#6485,.F.);
#7003 = ORIENTED_EDGE('',*,*,#6500,.F.);
#7004 = ORIENTED_EDGE('',*,*,#6580,.F.);
#7005 = ORIENTED_EDGE('',*,*,#6551,.F.);
#7006 = FACE_BOUND('',#7007,.T.);
#7007 = EDGE_LOOP('',(#7008));
#7008 = ORIENTED_EDGE('',*,*,#6735,.F.);
#7009 = FACE_BOUND('',#7010,.T.);
#7010 = EDGE_LOOP('',(#7011));
#7011 = ORIENTED_EDGE('',*,*,#6760,.F.);
#7012 = FACE_BOUND('',#7013,.T.);
#7013 = EDGE_LOOP('',(#7014));
#7014 = ORIENTED_EDGE('',*,*,#6785,.F.);
#7015 = FACE_BOUND('',#7016,.T.);
#7016 = EDGE_LOOP('',(#7017));
#7017 = ORIENTED_EDGE('',*,*,#6810,.F.);
#7018 = FACE_BOUND('',#7019,.T.);
#7019 = EDGE_LOOP('',(#7020));
#7020 = ORIENTED_EDGE('',*,*,#6835,.F.);
#7021 = FACE_BOUND('',#7022,.T.);
#7022 = EDGE_LOOP('',(#7023));
#7023 = ORIENTED_EDGE('',*,*,#6860,.F.);
#7024 = FACE_BOUND('',#7025,.T.);
#7025 = EDGE_LOOP('',(#7026));
#7026 = ORIENTED_EDGE('',*,*,#6885,.F.);
#7027 = FACE_BOUND('',#7028,.T.);
#7028 = EDGE_LOOP('',(#7029));
#7029 = ORIENTED_EDGE('',*,*,#6910,.F.);
#7030 = FACE_BOUND('',#7031,.T.);
#7031 = EDGE_LOOP('',(#7032));
#7032 = ORIENTED_EDGE('',*,*,#6935,.F.);
#7033 = FACE_BOUND('',#7034,.T.);
#7034 = EDGE_LOOP('',(#7035));
#7035 = ORIENTED_EDGE('',*,*,#6960,.F.);
#7036 = PLANE('',#7037);
#7037 = AXIS2_PLACEMENT_3D('',#7038,#7039,#7040);
#7038 = CARTESIAN_POINT('',(183.81229960476,23.,427.51788824759));
#7039 = DIRECTION('',(0.,1.,0.));
#7040 = DIRECTION('',(-0.788010753607,0.,0.615661475326));
#7041 = ADVANCED_FACE('',(#7042),#7050,.T.);
#7042 = FACE_BOUND('',#7043,.T.);
#7043 = EDGE_LOOP('',(#7044,#7045,#7046,#7047,#7048,#7049));
#7044 = ORIENTED_EDGE('',*,*,#6610,.T.);
#7045 = ORIENTED_EDGE('',*,*,#6424,.T.);
#7046 = ORIENTED_EDGE('',*,*,#6994,.F.);
#7047 = ORIENTED_EDGE('',*,*,#6985,.F.);
#7048 = ORIENTED_EDGE('',*,*,#6543,.F.);
#7049 = ORIENTED_EDGE('',*,*,#6595,.T.);
#7050 = CYLINDRICAL_SURFACE('',#7051,43.);
#7051 = AXIS2_PLACEMENT_3D('',#7052,#7053,#7054);
#7052 = CARTESIAN_POINT('',(197.01167210421,17.,432.16344115415));
#7053 = DIRECTION('',(0.,1.,0.));
#7054 = DIRECTION('',(-0.788010753607,0.,0.615661475326));
#7055 = MANIFOLD_SOLID_BREP('',#7056);
#7056 = CLOSED_SHELL('',(#7057,#7123,#7154,#7208,#7232,#7252,#7276,#7293
    ,#7318,#7343,#7368,#7388,#7470,#7495,#7504,#7529,#7538,#7563,#7572)
  );
#7057 = ADVANCED_FACE('',(#7058),#7118,.T.);
#7058 = FACE_BOUND('',#7059,.T.);
#7059 = EDGE_LOOP('',(#7060,#7069,#7076,#7077,#7086,#7094,#7103,#7111));
#7060 = ORIENTED_EDGE('',*,*,#7061,.T.);
#7061 = EDGE_CURVE('',#7062,#7064,#7066,.T.);
#7062 = VERTEX_POINT('',#7063);
#7063 = CARTESIAN_POINT('',(178.88742477125,-33.,446.32365508664));
#7064 = VERTEX_POINT('',#7065);
#7065 = CARTESIAN_POINT('',(178.88742477125,-19.,446.32365508664));
#7066 = B_SPLINE_CURVE_WITH_KNOTS('',1,(#7067,#7068),.UNSPECIFIED.,.F.,
  .F.,(2,2),(0.,14.),.PIECEWISE_BEZIER_KNOTS.);
#7067 = CARTESIAN_POINT('',(178.88742477125,-33.,446.32365508664));
#7068 = CARTESIAN_POINT('',(178.88742477125,-19.,446.32365508664));
#7069 = ORIENTED_EDGE('',*,*,#7070,.F.);
#7070 = EDGE_CURVE('',#7064,#7064,#7071,.T.);
#7071 = CIRCLE('',#7072,23.);
#7072 = AXIS2_PLACEMENT_3D('',#7073,#7074,#7075);
#7073 = CARTESIAN_POINT('',(197.01167210421,-19.,432.16344115415));
#7074 = DIRECTION('',(0.,1.,-0.));
#7075 = DIRECTION('',(-0.788010753607,0.,0.615661475326));
#7076 = ORIENTED_EDGE('',*,*,#7061,.F.);
#7077 = ORIENTED_EDGE('',*,*,#7078,.T.);
#7078 = EDGE_CURVE('',#7062,#7079,#7081,.T.);
#7079 = VERTEX_POINT('',#7080);
#7080 = CARTESIAN_POINT('',(177.85912368645,-33.,419.42845434201));
#7081 = CIRCLE('',#7082,23.);
#7082 = AXIS2_PLACEMENT_3D('',#7083,#7084,#7085);
#7083 = CARTESIAN_POINT('',(197.01167210421,-33.,432.16344115415));
#7084 = DIRECTION('',(0.,1.,-0.));
#7085 = DIRECTION('',(-0.788010753607,0.,0.615661475326));
#7086 = ORIENTED_EDGE('',*,*,#7087,.T.);
#7087 = EDGE_CURVE('',#7079,#7088,#7090,.T.);
#7088 = VERTEX_POINT('',#7089);
#7089 = CARTESIAN_POINT('',(177.85912368645,-25.,419.42845434201));
#7090 = LINE('',#7091,#7092);
#7091 = CARTESIAN_POINT('',(177.85912368645,-33.,419.42845434201));
#7092 = VECTOR('',#7093,1.);
#7093 = DIRECTION('',(0.,1.,0.));
#7094 = ORIENTED_EDGE('',*,*,#7095,.T.);
#7095 = EDGE_CURVE('',#7088,#7096,#7098,.T.);
#7096 = VERTEX_POINT('',#7097);
#7097 = CARTESIAN_POINT('',(174.55925319511,-25.,437.15231729317));
#7098 = CIRCLE('',#7099,23.);
#7099 = AXIS2_PLACEMENT_3D('',#7100,#7101,#7102);
#7100 = CARTESIAN_POINT('',(197.01167210421,-25.,432.16344115415));
#7101 = DIRECTION('',(0.,1.,-0.));
#7102 = DIRECTION('',(-0.788010753607,0.,0.615661475326));
#7103 = ORIENTED_EDGE('',*,*,#7104,.F.);
#7104 = EDGE_CURVE('',#7105,#7096,#7107,.T.);
#7105 = VERTEX_POINT('',#7106);
#7106 = CARTESIAN_POINT('',(174.55925319511,-33.,437.15231729317));
#7107 = LINE('',#7108,#7109);
#7108 = CARTESIAN_POINT('',(174.55925319511,-33.,437.15231729317));
#7109 = VECTOR('',#7110,1.);
#7110 = DIRECTION('',(0.,1.,0.));
#7111 = ORIENTED_EDGE('',*,*,#7112,.T.);
#7112 = EDGE_CURVE('',#7105,#7062,#7113,.T.);
#7113 = CIRCLE('',#7114,23.);
#7114 = AXIS2_PLACEMENT_3D('',#7115,#7116,#7117);
#7115 = CARTESIAN_POINT('',(197.01167210421,-33.,432.16344115415));
#7116 = DIRECTION('',(0.,1.,-0.));
#7117 = DIRECTION('',(-0.788010753607,0.,0.615661475326));
#7118 = CYLINDRICAL_SURFACE('',#7119,23.);
#7119 = AXIS2_PLACEMENT_3D('',#7120,#7121,#7122);
#7120 = CARTESIAN_POINT('',(197.01167210421,-33.,432.16344115415));
#7121 = DIRECTION('',(0.,1.,0.));
#7122 = DIRECTION('',(-0.788010753607,0.,0.615661475326));
#7123 = ADVANCED_FACE('',(#7124),#7149,.T.);
#7124 = FACE_BOUND('',#7125,.T.);
#7125 = EDGE_LOOP('',(#7126,#7134,#7135,#7143));
#7126 = ORIENTED_EDGE('',*,*,#7127,.F.);
#7127 = EDGE_CURVE('',#7105,#7128,#7130,.T.);
#7128 = VERTEX_POINT('',#7129);
#7129 = CARTESIAN_POINT('',(140.86478294691,-33.,425.2694700229));
#7130 = LINE('',#7131,#7132);
#7131 = CARTESIAN_POINT('',(181.15284339159,-33.,439.47764322026));
#7132 = VECTOR('',#7133,1.);
#7133 = DIRECTION('',(-0.94307216255,0.,-0.332588178116));
#7134 = ORIENTED_EDGE('',*,*,#7104,.T.);
#7135 = ORIENTED_EDGE('',*,*,#7136,.T.);
#7136 = EDGE_CURVE('',#7096,#7137,#7139,.T.);
#7137 = VERTEX_POINT('',#7138);
#7138 = CARTESIAN_POINT('',(140.86478294691,-25.,425.2694700229));
#7139 = LINE('',#7140,#7141);
#7140 = CARTESIAN_POINT('',(181.15284339159,-25.,439.47764322026));
#7141 = VECTOR('',#7142,1.);
#7142 = DIRECTION('',(-0.94307216255,0.,-0.332588178116));
#7143 = ORIENTED_EDGE('',*,*,#7144,.F.);
#7144 = EDGE_CURVE('',#7128,#7137,#7145,.T.);
#7145 = LINE('',#7146,#7147);
#7146 = CARTESIAN_POINT('',(140.86478294691,-33.,425.2694700229));
#7147 = VECTOR('',#7148,1.);
#7148 = DIRECTION('',(0.,1.,0.));
#7149 = PLANE('',#7150);
#7150 = AXIS2_PLACEMENT_3D('',#7151,#7152,#7153);
#7151 = CARTESIAN_POINT('',(181.15284339159,-33.,439.47764322026));
#7152 = DIRECTION('',(-0.332588178116,0.,0.94307216255));
#7153 = DIRECTION('',(-0.94307216255,0.,-0.332588178116));
#7154 = ADVANCED_FACE('',(#7155,#7181,#7192),#7203,.F.);
#7155 = FACE_BOUND('',#7156,.F.);
#7156 = EDGE_LOOP('',(#7157,#7167,#7173,#7174,#7175));
#7157 = ORIENTED_EDGE('',*,*,#7158,.T.);
#7158 = EDGE_CURVE('',#7159,#7161,#7163,.T.);
#7159 = VERTEX_POINT('',#7160);
#7160 = CARTESIAN_POINT('',(122.24746741154,-25.,414.43454675337));
#7161 = VERTEX_POINT('',#7162);
#7162 = CARTESIAN_POINT('',(147.46381152696,-25.,394.73337954295));
#7163 = LINE('',#7164,#7165);
#7164 = CARTESIAN_POINT('',(122.24746741154,-25.,414.43454675337));
#7165 = VECTOR('',#7166,1.);
#7166 = DIRECTION('',(0.788010753607,0.,-0.615661475326));
#7167 = ORIENTED_EDGE('',*,*,#7168,.T.);
#7168 = EDGE_CURVE('',#7161,#7088,#7169,.T.);
#7169 = LINE('',#7170,#7171);
#7170 = CARTESIAN_POINT('',(147.46381152696,-25.,394.73337954295));
#7171 = VECTOR('',#7172,1.);
#7172 = DIRECTION('',(0.77612795056,0.,0.63057545493));
#7173 = ORIENTED_EDGE('',*,*,#7095,.T.);
#7174 = ORIENTED_EDGE('',*,*,#7136,.T.);
#7175 = ORIENTED_EDGE('',*,*,#7176,.T.);
#7176 = EDGE_CURVE('',#7137,#7159,#7177,.T.);
#7177 = LINE('',#7178,#7179);
#7178 = CARTESIAN_POINT('',(140.86478294691,-25.,425.2694700229));
#7179 = VECTOR('',#7180,1.);
#7180 = DIRECTION('',(-0.864287176072,0.,-0.502998685164));
#7181 = FACE_BOUND('',#7182,.F.);
#7182 = EDGE_LOOP('',(#7183));
#7183 = ORIENTED_EDGE('',*,*,#7184,.T.);
#7184 = EDGE_CURVE('',#7185,#7185,#7187,.T.);
#7185 = VERTEX_POINT('',#7186);
#7186 = CARTESIAN_POINT('',(129.85683662141,-25.,414.83454703829));
#7187 = CIRCLE('',#7188,2.25);
#7188 = AXIS2_PLACEMENT_3D('',#7189,#7190,#7191);
#7189 = CARTESIAN_POINT('',(131.62986081703,-25.,413.4493087188));
#7190 = DIRECTION('',(0.,1.,-0.));
#7191 = DIRECTION('',(-0.788010753607,0.,0.615661475326));
#7192 = FACE_BOUND('',#7193,.F.);
#7193 = EDGE_LOOP('',(#7194));
#7194 = ORIENTED_EDGE('',*,*,#7195,.T.);
#7195 = EDGE_CURVE('',#7196,#7196,#7198,.T.);
#7196 = VERTEX_POINT('',#7197);
#7197 = CARTESIAN_POINT('',(139.31296566469,-25.,407.44660933438));
#7198 = CIRCLE('',#7199,2.25);
#7199 = AXIS2_PLACEMENT_3D('',#7200,#7201,#7202);
#7200 = CARTESIAN_POINT('',(141.08598986031,-25.,406.0613710149));
#7201 = DIRECTION('',(0.,1.,-0.));
#7202 = DIRECTION('',(-0.788010753607,0.,0.615661475326));
#7203 = PLANE('',#7204);
#7204 = AXIS2_PLACEMENT_3D('',#7205,#7206,#7207);
#7205 = CARTESIAN_POINT('',(155.54321885852,-25.,418.34055411016));
#7206 = DIRECTION('',(0.,-1.,-0.));
#7207 = DIRECTION('',(0.788010753607,0.,-0.615661475326));
#7208 = ADVANCED_FACE('',(#7209),#7227,.T.);
#7209 = FACE_BOUND('',#7210,.T.);
#7210 = EDGE_LOOP('',(#7211,#7219,#7225,#7226));
#7211 = ORIENTED_EDGE('',*,*,#7212,.F.);
#7212 = EDGE_CURVE('',#7213,#7079,#7215,.T.);
#7213 = VERTEX_POINT('',#7214);
#7214 = CARTESIAN_POINT('',(147.46381152696,-33.,394.73337954295));
#7215 = LINE('',#7216,#7217);
#7216 = CARTESIAN_POINT('',(147.46381152696,-33.,394.73337954295));
#7217 = VECTOR('',#7218,1.);
#7218 = DIRECTION('',(0.77612795056,0.,0.63057545493));
#7219 = ORIENTED_EDGE('',*,*,#7220,.T.);
#7220 = EDGE_CURVE('',#7213,#7161,#7221,.T.);
#7221 = LINE('',#7222,#7223);
#7222 = CARTESIAN_POINT('',(147.46381152696,-33.,394.73337954295));
#7223 = VECTOR('',#7224,1.);
#7224 = DIRECTION('',(0.,1.,0.));
#7225 = ORIENTED_EDGE('',*,*,#7168,.T.);
#7226 = ORIENTED_EDGE('',*,*,#7087,.F.);
#7227 = PLANE('',#7228);
#7228 = AXIS2_PLACEMENT_3D('',#7229,#7230,#7231);
#7229 = CARTESIAN_POINT('',(147.46381152696,-33.,394.73337954295));
#7230 = DIRECTION('',(0.63057545493,0.,-0.77612795056));
#7231 = DIRECTION('',(0.77612795056,0.,0.63057545493));
#7232 = ADVANCED_FACE('',(#7233,#7236),#7247,.T.);
#7233 = FACE_BOUND('',#7234,.T.);
#7234 = EDGE_LOOP('',(#7235));
#7235 = ORIENTED_EDGE('',*,*,#7070,.T.);
#7236 = FACE_BOUND('',#7237,.T.);
#7237 = EDGE_LOOP('',(#7238));
#7238 = ORIENTED_EDGE('',*,*,#7239,.F.);
#7239 = EDGE_CURVE('',#7240,#7240,#7242,.T.);
#7240 = VERTEX_POINT('',#7241);
#7241 = CARTESIAN_POINT('',(188.89516134206,-19.,438.50475435));
#7242 = CIRCLE('',#7243,10.3);
#7243 = AXIS2_PLACEMENT_3D('',#7244,#7245,#7246);
#7244 = CARTESIAN_POINT('',(197.01167210421,-19.,432.16344115415));
#7245 = DIRECTION('',(0.,1.,-0.));
#7246 = DIRECTION('',(-0.788010753607,0.,0.615661475326));
#7247 = PLANE('',#7248);
#7248 = AXIS2_PLACEMENT_3D('',#7249,#7250,#7251);
#7249 = CARTESIAN_POINT('',(197.01167210421,-19.,432.16344115415));
#7250 = DIRECTION('',(0.,1.,0.));
#7251 = DIRECTION('',(-0.788010753607,0.,0.615661475326));
#7252 = ADVANCED_FACE('',(#7253),#7271,.T.);
#7253 = FACE_BOUND('',#7254,.T.);
#7254 = EDGE_LOOP('',(#7255,#7256,#7257,#7265));
#7255 = ORIENTED_EDGE('',*,*,#7144,.T.);
#7256 = ORIENTED_EDGE('',*,*,#7176,.T.);
#7257 = ORIENTED_EDGE('',*,*,#7258,.F.);
#7258 = EDGE_CURVE('',#7259,#7159,#7261,.T.);
#7259 = VERTEX_POINT('',#7260);
#7260 = CARTESIAN_POINT('',(122.24746741154,-33.,414.43454675337));
#7261 = LINE('',#7262,#7263);
#7262 = CARTESIAN_POINT('',(122.24746741154,-33.,414.43454675337));
#7263 = VECTOR('',#7264,1.);
#7264 = DIRECTION('',(0.,1.,0.));
#7265 = ORIENTED_EDGE('',*,*,#7266,.F.);
#7266 = EDGE_CURVE('',#7128,#7259,#7267,.T.);
#7267 = LINE('',#7268,#7269);
#7268 = CARTESIAN_POINT('',(140.86478294691,-33.,425.2694700229));
#7269 = VECTOR('',#7270,1.);
#7270 = DIRECTION('',(-0.864287176072,0.,-0.502998685164));
#7271 = PLANE('',#7272);
#7272 = AXIS2_PLACEMENT_3D('',#7273,#7274,#7275);
#7273 = CARTESIAN_POINT('',(140.86478294691,-33.,425.2694700229));
#7274 = DIRECTION('',(-0.502998685164,0.,0.864287176072));
#7275 = DIRECTION('',(-0.864287176072,0.,-0.502998685164));
#7276 = ADVANCED_FACE('',(#7277),#7288,.T.);
#7277 = FACE_BOUND('',#7278,.T.);
#7278 = EDGE_LOOP('',(#7279,#7280,#7281,#7282));
#7279 = ORIENTED_EDGE('',*,*,#7258,.T.);
#7280 = ORIENTED_EDGE('',*,*,#7158,.T.);
#7281 = ORIENTED_EDGE('',*,*,#7220,.F.);
#7282 = ORIENTED_EDGE('',*,*,#7283,.F.);
#7283 = EDGE_CURVE('',#7259,#7213,#7284,.T.);
#7284 = LINE('',#7285,#7286);
#7285 = CARTESIAN_POINT('',(122.24746741154,-33.,414.43454675337));
#7286 = VECTOR('',#7287,1.);
#7287 = DIRECTION('',(0.788010753607,0.,-0.615661475326));
#7288 = PLANE('',#7289);
#7289 = AXIS2_PLACEMENT_3D('',#7290,#7291,#7292);
#7290 = CARTESIAN_POINT('',(122.24746741154,-33.,414.43454675337));
#7291 = DIRECTION('',(-0.615661475326,0.,-0.788010753607));
#7292 = DIRECTION('',(0.788010753607,0.,-0.615661475326));
#7293 = ADVANCED_FACE('',(#7294),#7313,.F.);
#7294 = FACE_BOUND('',#7295,.F.);
#7295 = EDGE_LOOP('',(#7296,#7297,#7305,#7312));
#7296 = ORIENTED_EDGE('',*,*,#7184,.F.);
#7297 = ORIENTED_EDGE('',*,*,#7298,.F.);
#7298 = EDGE_CURVE('',#7299,#7185,#7301,.T.);
#7299 = VERTEX_POINT('',#7300);
#7300 = CARTESIAN_POINT('',(129.85683662141,-33.,414.83454703829));
#7301 = LINE('',#7302,#7303);
#7302 = CARTESIAN_POINT('',(129.85683662141,-33.,414.83454703829));
#7303 = VECTOR('',#7304,1.);
#7304 = DIRECTION('',(0.,1.,0.));
#7305 = ORIENTED_EDGE('',*,*,#7306,.T.);
#7306 = EDGE_CURVE('',#7299,#7299,#7307,.T.);
#7307 = CIRCLE('',#7308,2.25);
#7308 = AXIS2_PLACEMENT_3D('',#7309,#7310,#7311);
#7309 = CARTESIAN_POINT('',(131.62986081703,-33.,413.4493087188));
#7310 = DIRECTION('',(0.,1.,-0.));
#7311 = DIRECTION('',(-0.788010753607,0.,0.615661475326));
#7312 = ORIENTED_EDGE('',*,*,#7298,.T.);
#7313 = CYLINDRICAL_SURFACE('',#7314,2.25);
#7314 = AXIS2_PLACEMENT_3D('',#7315,#7316,#7317);
#7315 = CARTESIAN_POINT('',(131.62986081703,-33.,413.4493087188));
#7316 = DIRECTION('',(0.,1.,0.));
#7317 = DIRECTION('',(-0.788010753607,0.,0.615661475326));
#7318 = ADVANCED_FACE('',(#7319),#7338,.F.);
#7319 = FACE_BOUND('',#7320,.F.);
#7320 = EDGE_LOOP('',(#7321,#7322,#7330,#7337));
#7321 = ORIENTED_EDGE('',*,*,#7195,.F.);
#7322 = ORIENTED_EDGE('',*,*,#7323,.F.);
#7323 = EDGE_CURVE('',#7324,#7196,#7326,.T.);
#7324 = VERTEX_POINT('',#7325);
#7325 = CARTESIAN_POINT('',(139.31296566469,-33.,407.44660933438));
#7326 = LINE('',#7327,#7328);
#7327 = CARTESIAN_POINT('',(139.31296566469,-33.,407.44660933438));
#7328 = VECTOR('',#7329,1.);
#7329 = DIRECTION('',(0.,1.,0.));
#7330 = ORIENTED_EDGE('',*,*,#7331,.T.);
#7331 = EDGE_CURVE('',#7324,#7324,#7332,.T.);
#7332 = CIRCLE('',#7333,2.25);
#7333 = AXIS2_PLACEMENT_3D('',#7334,#7335,#7336);
#7334 = CARTESIAN_POINT('',(141.08598986031,-33.,406.0613710149));
#7335 = DIRECTION('',(0.,1.,-0.));
#7336 = DIRECTION('',(-0.788010753607,0.,0.615661475326));
#7337 = ORIENTED_EDGE('',*,*,#7323,.T.);
#7338 = CYLINDRICAL_SURFACE('',#7339,2.25);
#7339 = AXIS2_PLACEMENT_3D('',#7340,#7341,#7342);
#7340 = CARTESIAN_POINT('',(141.08598986031,-33.,406.0613710149));
#7341 = DIRECTION('',(0.,1.,0.));
#7342 = DIRECTION('',(-0.788010753607,0.,0.615661475326));
#7343 = ADVANCED_FACE('',(#7344),#7363,.F.);
#7344 = FACE_BOUND('',#7345,.F.);
#7345 = EDGE_LOOP('',(#7346,#7347,#7355,#7362));
#7346 = ORIENTED_EDGE('',*,*,#7239,.F.);
#7347 = ORIENTED_EDGE('',*,*,#7348,.F.);
#7348 = EDGE_CURVE('',#7349,#7240,#7351,.T.);
#7349 = VERTEX_POINT('',#7350);
#7350 = CARTESIAN_POINT('',(188.89516134206,-21.,438.50475435));
#7351 = LINE('',#7352,#7353);
#7352 = CARTESIAN_POINT('',(188.89516134206,-21.,438.50475435));
#7353 = VECTOR('',#7354,1.);
#7354 = DIRECTION('',(0.,1.,0.));
#7355 = ORIENTED_EDGE('',*,*,#7356,.T.);
#7356 = EDGE_CURVE('',#7349,#7349,#7357,.T.);
#7357 = CIRCLE('',#7358,10.3);
#7358 = AXIS2_PLACEMENT_3D('',#7359,#7360,#7361);
#7359 = CARTESIAN_POINT('',(197.01167210421,-21.,432.16344115415));
#7360 = DIRECTION('',(0.,1.,-0.));
#7361 = DIRECTION('',(-0.788010753607,0.,0.615661475326));
#7362 = ORIENTED_EDGE('',*,*,#7348,.T.);
#7363 = CYLINDRICAL_SURFACE('',#7364,10.3);
#7364 = AXIS2_PLACEMENT_3D('',#7365,#7366,#7367);
#7365 = CARTESIAN_POINT('',(197.01167210421,-21.,432.16344115415));
#7366 = DIRECTION('',(0.,1.,0.));
#7367 = DIRECTION('',(-0.788010753607,0.,0.615661475326));
#7368 = ADVANCED_FACE('',(#7369,#7380),#7383,.F.);
#7369 = FACE_BOUND('',#7370,.F.);
#7370 = EDGE_LOOP('',(#7371));
#7371 = ORIENTED_EDGE('',*,*,#7372,.T.);
#7372 = EDGE_CURVE('',#7373,#7373,#7375,.T.);
#7373 = VERTEX_POINT('',#7374);
#7374 = CARTESIAN_POINT('',(184.28529843346,-21.,442.10637398066));
#7375 = CIRCLE('',#7376,16.15);
#7376 = AXIS2_PLACEMENT_3D('',#7377,#7378,#7379);
#7377 = CARTESIAN_POINT('',(197.01167210421,-21.,432.16344115415));
#7378 = DIRECTION('',(0.,1.,-0.));
#7379 = DIRECTION('',(-0.788010753607,0.,0.615661475326));
#7380 = FACE_BOUND('',#7381,.F.);
#7381 = EDGE_LOOP('',(#7382));
#7382 = ORIENTED_EDGE('',*,*,#7356,.F.);
#7383 = PLANE('',#7384);
#7384 = AXIS2_PLACEMENT_3D('',#7385,#7386,#7387);
#7385 = CARTESIAN_POINT('',(197.01167210421,-21.,432.16344115415));
#7386 = DIRECTION('',(0.,1.,0.));
#7387 = DIRECTION('',(-0.788010753607,0.,0.615661475326));
#7388 = ADVANCED_FACE('',(#7389,#7397,#7426,#7429,#7432,#7443,#7454),
  #7465,.T.);
#7389 = FACE_BOUND('',#7390,.T.);
#7390 = EDGE_LOOP('',(#7391,#7392,#7393,#7394,#7395,#7396));
#7391 = ORIENTED_EDGE('',*,*,#7112,.F.);
#7392 = ORIENTED_EDGE('',*,*,#7127,.T.);
#7393 = ORIENTED_EDGE('',*,*,#7266,.T.);
#7394 = ORIENTED_EDGE('',*,*,#7283,.T.);
#7395 = ORIENTED_EDGE('',*,*,#7212,.T.);
#7396 = ORIENTED_EDGE('',*,*,#7078,.F.);
#7397 = FACE_BOUND('',#7398,.T.);
#7398 = EDGE_LOOP('',(#7399,#7410,#7419));
#7399 = ORIENTED_EDGE('',*,*,#7400,.T.);
#7400 = EDGE_CURVE('',#7401,#7403,#7405,.T.);
#7401 = VERTEX_POINT('',#7402);
#7402 = CARTESIAN_POINT('',(181.7886561282,-33.,437.55624048235));
#7403 = VERTEX_POINT('',#7404);
#7404 = CARTESIAN_POINT('',(184.28529843346,-33.,442.10637398066));
#7405 = CIRCLE('',#7406,16.15);
#7406 = AXIS2_PLACEMENT_3D('',#7407,#7408,#7409);
#7407 = CARTESIAN_POINT('',(197.01167210421,-33.,432.16344115415));
#7408 = DIRECTION('',(0.,1.,-0.));
#7409 = DIRECTION('',(-0.788010753607,0.,0.615661475326));
#7410 = ORIENTED_EDGE('',*,*,#7411,.T.);
#7411 = EDGE_CURVE('',#7403,#7412,#7414,.T.);
#7412 = VERTEX_POINT('',#7413);
#7413 = CARTESIAN_POINT('',(183.21037410444,-33.,423.77614877092));
#7414 = CIRCLE('',#7415,16.15);
#7415 = AXIS2_PLACEMENT_3D('',#7416,#7417,#7418);
#7416 = CARTESIAN_POINT('',(197.01167210421,-33.,432.16344115415));
#7417 = DIRECTION('',(0.,1.,-0.));
#7418 = DIRECTION('',(-0.788010753607,0.,0.615661475326));
#7419 = ORIENTED_EDGE('',*,*,#7420,.T.);
#7420 = EDGE_CURVE('',#7412,#7401,#7421,.T.);
#7421 = CIRCLE('',#7422,16.15);
#7422 = AXIS2_PLACEMENT_3D('',#7423,#7424,#7425);
#7423 = CARTESIAN_POINT('',(197.01167210421,-33.,432.16344115415));
#7424 = DIRECTION('',(0.,1.,-0.));
#7425 = DIRECTION('',(-0.788010753607,0.,0.615661475326));
#7426 = FACE_BOUND('',#7427,.T.);
#7427 = EDGE_LOOP('',(#7428));
#7428 = ORIENTED_EDGE('',*,*,#7306,.T.);
#7429 = FACE_BOUND('',#7430,.T.);
#7430 = EDGE_LOOP('',(#7431));
#7431 = ORIENTED_EDGE('',*,*,#7331,.T.);
#7432 = FACE_BOUND('',#7433,.T.);
#7433 = EDGE_LOOP('',(#7434));
#7434 = ORIENTED_EDGE('',*,*,#7435,.T.);
#7435 = EDGE_CURVE('',#7436,#7436,#7438,.T.);
#7436 = VERTEX_POINT('',#7437);
#7437 = CARTESIAN_POINT('',(193.32199771836,-33.,413.06609047594));
#7438 = CIRCLE('',#7439,1.15);
#7439 = AXIS2_PLACEMENT_3D('',#7440,#7441,#7442);
#7440 = CARTESIAN_POINT('',(194.228210085,-33.,412.35807977932));
#7441 = DIRECTION('',(0.,1.,-0.));
#7442 = DIRECTION('',(-0.788010753607,0.,0.615661475326));
#7443 = FACE_BOUND('',#7444,.T.);
#7444 = EDGE_LOOP('',(#7445));
#7445 = ORIENTED_EDGE('',*,*,#7446,.T.);
#7446 = EDGE_CURVE('',#7447,#7447,#7449,.T.);
#7447 = VERTEX_POINT('',#7448);
#7448 = CARTESIAN_POINT('',(214.64913682889,-33.,440.36358371909));
#7449 = CIRCLE('',#7450,1.15);
#7450 = AXIS2_PLACEMENT_3D('',#7451,#7452,#7453);
#7451 = CARTESIAN_POINT('',(215.55534919554,-33.,439.65557302246));
#7452 = DIRECTION('',(0.,1.,-0.));
#7453 = DIRECTION('',(-0.788010753607,0.,0.615661475326));
#7454 = FACE_BOUND('',#7455,.T.);
#7455 = EDGE_LOOP('',(#7456));
#7456 = ORIENTED_EDGE('',*,*,#7457,.T.);
#7457 = EDGE_CURVE('',#7458,#7458,#7460,.T.);
#7458 = VERTEX_POINT('',#7459);
#7459 = CARTESIAN_POINT('',(180.34524466542,-33.,445.18468135728));
#7460 = CIRCLE('',#7461,1.15);
#7461 = AXIS2_PLACEMENT_3D('',#7462,#7463,#7464);
#7462 = CARTESIAN_POINT('',(181.25145703207,-33.,444.47667066066));
#7463 = DIRECTION('',(0.,1.,-0.));
#7464 = DIRECTION('',(-0.788010753607,0.,0.615661475326));
#7465 = PLANE('',#7466);
#7466 = AXIS2_PLACEMENT_3D('',#7467,#7468,#7469);
#7467 = CARTESIAN_POINT('',(172.37356246759,-33.,423.54108641707));
#7468 = DIRECTION('',(0.,-1.,-0.));
#7469 = DIRECTION('',(0.788010753607,0.,-0.615661475326));
#7470 = ADVANCED_FACE('',(#7471),#7490,.F.);
#7471 = FACE_BOUND('',#7472,.F.);
#7472 = EDGE_LOOP('',(#7473,#7482,#7488,#7489));
#7473 = ORIENTED_EDGE('',*,*,#7474,.F.);
#7474 = EDGE_CURVE('',#7475,#7475,#7477,.T.);
#7475 = VERTEX_POINT('',#7476);
#7476 = CARTESIAN_POINT('',(193.32199771836,-28.,413.06609047594));
#7477 = CIRCLE('',#7478,1.15);
#7478 = AXIS2_PLACEMENT_3D('',#7479,#7480,#7481);
#7479 = CARTESIAN_POINT('',(194.228210085,-28.,412.35807977932));
#7480 = DIRECTION('',(0.,1.,-0.));
#7481 = DIRECTION('',(-0.788010753607,0.,0.615661475326));
#7482 = ORIENTED_EDGE('',*,*,#7483,.F.);
#7483 = EDGE_CURVE('',#7436,#7475,#7484,.T.);
#7484 = LINE('',#7485,#7486);
#7485 = CARTESIAN_POINT('',(193.32199771836,-33.,413.06609047594));
#7486 = VECTOR('',#7487,1.);
#7487 = DIRECTION('',(0.,1.,0.));
#7488 = ORIENTED_EDGE('',*,*,#7435,.T.);
#7489 = ORIENTED_EDGE('',*,*,#7483,.T.);
#7490 = CYLINDRICAL_SURFACE('',#7491,1.15);
#7491 = AXIS2_PLACEMENT_3D('',#7492,#7493,#7494);
#7492 = CARTESIAN_POINT('',(194.228210085,-33.,412.35807977932));
#7493 = DIRECTION('',(0.,1.,0.));
#7494 = DIRECTION('',(-0.788010753607,0.,0.615661475326));
#7495 = ADVANCED_FACE('',(#7496),#7499,.F.);
#7496 = FACE_BOUND('',#7497,.F.);
#7497 = EDGE_LOOP('',(#7498));
#7498 = ORIENTED_EDGE('',*,*,#7474,.T.);
#7499 = PLANE('',#7500);
#7500 = AXIS2_PLACEMENT_3D('',#7501,#7502,#7503);
#7501 = CARTESIAN_POINT('',(194.228210085,-28.,412.35807977932));
#7502 = DIRECTION('',(0.,1.,0.));
#7503 = DIRECTION('',(-0.788010753607,0.,0.615661475326));
#7504 = ADVANCED_FACE('',(#7505),#7524,.F.);
#7505 = FACE_BOUND('',#7506,.F.);
#7506 = EDGE_LOOP('',(#7507,#7516,#7522,#7523));
#7507 = ORIENTED_EDGE('',*,*,#7508,.F.);
#7508 = EDGE_CURVE('',#7509,#7509,#7511,.T.);
#7509 = VERTEX_POINT('',#7510);
#7510 = CARTESIAN_POINT('',(214.64913682889,-28.,440.36358371909));
#7511 = CIRCLE('',#7512,1.15);
#7512 = AXIS2_PLACEMENT_3D('',#7513,#7514,#7515);
#7513 = CARTESIAN_POINT('',(215.55534919554,-28.,439.65557302246));
#7514 = DIRECTION('',(0.,1.,-0.));
#7515 = DIRECTION('',(-0.788010753607,0.,0.615661475326));
#7516 = ORIENTED_EDGE('',*,*,#7517,.F.);
#7517 = EDGE_CURVE('',#7447,#7509,#7518,.T.);
#7518 = LINE('',#7519,#7520);
#7519 = CARTESIAN_POINT('',(214.64913682889,-33.,440.36358371909));
#7520 = VECTOR('',#7521,1.);
#7521 = DIRECTION('',(0.,1.,0.));
#7522 = ORIENTED_EDGE('',*,*,#7446,.T.);
#7523 = ORIENTED_EDGE('',*,*,#7517,.T.);
#7524 = CYLINDRICAL_SURFACE('',#7525,1.15);
#7525 = AXIS2_PLACEMENT_3D('',#7526,#7527,#7528);
#7526 = CARTESIAN_POINT('',(215.55534919554,-33.,439.65557302246));
#7527 = DIRECTION('',(0.,1.,0.));
#7528 = DIRECTION('',(-0.788010753607,0.,0.615661475326));
#7529 = ADVANCED_FACE('',(#7530),#7533,.F.);
#7530 = FACE_BOUND('',#7531,.F.);
#7531 = EDGE_LOOP('',(#7532));
#7532 = ORIENTED_EDGE('',*,*,#7508,.T.);
#7533 = PLANE('',#7534);
#7534 = AXIS2_PLACEMENT_3D('',#7535,#7536,#7537);
#7535 = CARTESIAN_POINT('',(215.55534919554,-28.,439.65557302246));
#7536 = DIRECTION('',(0.,1.,0.));
#7537 = DIRECTION('',(-0.788010753607,0.,0.615661475326));
#7538 = ADVANCED_FACE('',(#7539),#7558,.F.);
#7539 = FACE_BOUND('',#7540,.F.);
#7540 = EDGE_LOOP('',(#7541,#7550,#7556,#7557));
#7541 = ORIENTED_EDGE('',*,*,#7542,.F.);
#7542 = EDGE_CURVE('',#7543,#7543,#7545,.T.);
#7543 = VERTEX_POINT('',#7544);
#7544 = CARTESIAN_POINT('',(180.34524466542,-28.,445.18468135728));
#7545 = CIRCLE('',#7546,1.15);
#7546 = AXIS2_PLACEMENT_3D('',#7547,#7548,#7549);
#7547 = CARTESIAN_POINT('',(181.25145703207,-28.,444.47667066066));
#7548 = DIRECTION('',(0.,1.,-0.));
#7549 = DIRECTION('',(-0.788010753607,0.,0.615661475326));
#7550 = ORIENTED_EDGE('',*,*,#7551,.F.);
#7551 = EDGE_CURVE('',#7458,#7543,#7552,.T.);
#7552 = LINE('',#7553,#7554);
#7553 = CARTESIAN_POINT('',(180.34524466542,-33.,445.18468135728));
#7554 = VECTOR('',#7555,1.);
#7555 = DIRECTION('',(0.,1.,0.));
#7556 = ORIENTED_EDGE('',*,*,#7457,.T.);
#7557 = ORIENTED_EDGE('',*,*,#7551,.T.);
#7558 = CYLINDRICAL_SURFACE('',#7559,1.15);
#7559 = AXIS2_PLACEMENT_3D('',#7560,#7561,#7562);
#7560 = CARTESIAN_POINT('',(181.25145703207,-33.,444.47667066066));
#7561 = DIRECTION('',(0.,1.,0.));
#7562 = DIRECTION('',(-0.788010753607,0.,0.615661475326));
#7563 = ADVANCED_FACE('',(#7564),#7567,.F.);
#7564 = FACE_BOUND('',#7565,.F.);
#7565 = EDGE_LOOP('',(#7566));
#7566 = ORIENTED_EDGE('',*,*,#7542,.T.);
#7567 = PLANE('',#7568);
#7568 = AXIS2_PLACEMENT_3D('',#7569,#7570,#7571);
#7569 = CARTESIAN_POINT('',(181.25145703207,-28.,444.47667066066));
#7570 = DIRECTION('',(0.,1.,0.));
#7571 = DIRECTION('',(-0.788010753607,0.,0.615661475326));
#7572 = ADVANCED_FACE('',(#7573),#7585,.F.);
#7573 = FACE_BOUND('',#7574,.F.);
#7574 = EDGE_LOOP('',(#7575,#7576,#7581,#7582,#7583,#7584));
#7575 = ORIENTED_EDGE('',*,*,#7400,.T.);
#7576 = ORIENTED_EDGE('',*,*,#7577,.T.);
#7577 = EDGE_CURVE('',#7403,#7373,#7578,.T.);
#7578 = B_SPLINE_CURVE_WITH_KNOTS('',1,(#7579,#7580),.UNSPECIFIED.,.F.,
  .F.,(2,2),(0.,12.),.PIECEWISE_BEZIER_KNOTS.);
#7579 = CARTESIAN_POINT('',(184.28529843346,-33.,442.10637398066));
#7580 = CARTESIAN_POINT('',(184.28529843346,-21.,442.10637398066));
#7581 = ORIENTED_EDGE('',*,*,#7372,.F.);
#7582 = ORIENTED_EDGE('',*,*,#7577,.F.);
#7583 = ORIENTED_EDGE('',*,*,#7411,.T.);
#7584 = ORIENTED_EDGE('',*,*,#7420,.T.);
#7585 = CYLINDRICAL_SURFACE('',#7586,16.15);
#7586 = AXIS2_PLACEMENT_3D('',#7587,#7588,#7589);
#7587 = CARTESIAN_POINT('',(197.01167210421,-33.,432.16344115415));
#7588 = DIRECTION('',(0.,1.,0.));
#7589 = DIRECTION('',(-0.788010753607,0.,0.615661475326));
#7590 = MANIFOLD_SOLID_BREP('',#7591);
#7591 = CLOSED_SHELL('',(#7592,#7625,#7678,#7731,#7748,#7765,#7782));
#7592 = ADVANCED_FACE('',(#7593),#7620,.T.);
#7593 = FACE_BOUND('',#7594,.T.);
#7594 = EDGE_LOOP('',(#7595,#7604,#7612,#7619));
#7595 = ORIENTED_EDGE('',*,*,#7596,.F.);
#7596 = EDGE_CURVE('',#7597,#7597,#7599,.T.);
#7597 = VERTEX_POINT('',#7598);
#7598 = CARTESIAN_POINT('',(178.88742477125,-33.,446.32365508664));
#7599 = CIRCLE('',#7600,23.);
#7600 = AXIS2_PLACEMENT_3D('',#7601,#7602,#7603);
#7601 = CARTESIAN_POINT('',(197.01167210421,-33.,432.16344115415));
#7602 = DIRECTION('',(0.,1.,-0.));
#7603 = DIRECTION('',(-0.788010753607,0.,0.615661475326));
#7604 = ORIENTED_EDGE('',*,*,#7605,.F.);
#7605 = EDGE_CURVE('',#7606,#7597,#7608,.T.);
#7606 = VERTEX_POINT('',#7607);
#7607 = CARTESIAN_POINT('',(178.88742477125,-35.,446.32365508664));
#7608 = LINE('',#7609,#7610);
#7609 = CARTESIAN_POINT('',(178.88742477125,-35.,446.32365508664));
#7610 = VECTOR('',#7611,1.);
#7611 = DIRECTION('',(0.,1.,0.));
#7612 = ORIENTED_EDGE('',*,*,#7613,.T.);
#7613 = EDGE_CURVE('',#7606,#7606,#7614,.T.);
#7614 = CIRCLE('',#7615,23.);
#7615 = AXIS2_PLACEMENT_3D('',#7616,#7617,#7618);
#7616 = CARTESIAN_POINT('',(197.01167210421,-35.,432.16344115415));
#7617 = DIRECTION('',(0.,1.,-0.));
#7618 = DIRECTION('',(-0.788010753607,0.,0.615661475326));
#7619 = ORIENTED_EDGE('',*,*,#7605,.T.);
#7620 = CYLINDRICAL_SURFACE('',#7621,23.);
#7621 = AXIS2_PLACEMENT_3D('',#7622,#7623,#7624);
#7622 = CARTESIAN_POINT('',(197.01167210421,-35.,432.16344115415));
#7623 = DIRECTION('',(0.,1.,0.));
#7624 = DIRECTION('',(-0.788010753607,0.,0.615661475326));
#7625 = ADVANCED_FACE('',(#7626,#7629,#7640,#7651,#7662),#7673,.T.);
#7626 = FACE_BOUND('',#7627,.T.);
#7627 = EDGE_LOOP('',(#7628));
#7628 = ORIENTED_EDGE('',*,*,#7596,.T.);
#7629 = FACE_BOUND('',#7630,.T.);
#7630 = EDGE_LOOP('',(#7631));
#7631 = ORIENTED_EDGE('',*,*,#7632,.F.);
#7632 = EDGE_CURVE('',#7633,#7633,#7635,.T.);
#7633 = VERTEX_POINT('',#7634);
#7634 = CARTESIAN_POINT('',(192.88859180387,-33.,413.40470428737));
#7635 = CIRCLE('',#7636,1.7);
#7636 = AXIS2_PLACEMENT_3D('',#7637,#7638,#7639);
#7637 = CARTESIAN_POINT('',(194.228210085,-33.,412.35807977932));
#7638 = DIRECTION('',(0.,1.,-0.));
#7639 = DIRECTION('',(-0.788010753607,0.,0.615661475326));
#7640 = FACE_BOUND('',#7641,.T.);
#7641 = EDGE_LOOP('',(#7642));
#7642 = ORIENTED_EDGE('',*,*,#7643,.F.);
#7643 = EDGE_CURVE('',#7644,#7644,#7646,.T.);
#7644 = VERTEX_POINT('',#7645);
#7645 = CARTESIAN_POINT('',(188.73755919134,-33.,438.62788664507));
#7646 = CIRCLE('',#7647,10.5);
#7647 = AXIS2_PLACEMENT_3D('',#7648,#7649,#7650);
#7648 = CARTESIAN_POINT('',(197.01167210421,-33.,432.16344115415));
#7649 = DIRECTION('',(0.,1.,-0.));
#7650 = DIRECTION('',(-0.788010753607,0.,0.615661475326));
#7651 = FACE_BOUND('',#7652,.T.);
#7652 = EDGE_LOOP('',(#7653));
#7653 = ORIENTED_EDGE('',*,*,#7654,.F.);
#7654 = EDGE_CURVE('',#7655,#7655,#7657,.T.);
#7655 = VERTEX_POINT('',#7656);
#7656 = CARTESIAN_POINT('',(214.21573091441,-33.,440.70219753052));
#7657 = CIRCLE('',#7658,1.7);
#7658 = AXIS2_PLACEMENT_3D('',#7659,#7660,#7661);
#7659 = CARTESIAN_POINT('',(215.55534919554,-33.,439.65557302246));
#7660 = DIRECTION('',(0.,1.,-0.));
#7661 = DIRECTION('',(-0.788010753607,0.,0.615661475326));
#7662 = FACE_BOUND('',#7663,.T.);
#7663 = EDGE_LOOP('',(#7664));
#7664 = ORIENTED_EDGE('',*,*,#7665,.F.);
#7665 = EDGE_CURVE('',#7666,#7666,#7668,.T.);
#7666 = VERTEX_POINT('',#7667);
#7667 = CARTESIAN_POINT('',(179.91183875094,-33.,445.52329516871));
#7668 = CIRCLE('',#7669,1.7);
#7669 = AXIS2_PLACEMENT_3D('',#7670,#7671,#7672);
#7670 = CARTESIAN_POINT('',(181.25145703207,-33.,444.47667066066));
#7671 = DIRECTION('',(0.,1.,-0.));
#7672 = DIRECTION('',(-0.788010753607,0.,0.615661475326));
#7673 = PLANE('',#7674);
#7674 = AXIS2_PLACEMENT_3D('',#7675,#7676,#7677);
#7675 = CARTESIAN_POINT('',(197.01167210421,-33.,432.16344115415));
#7676 = DIRECTION('',(0.,1.,0.));
#7677 = DIRECTION('',(-0.788010753607,0.,0.615661475326));
#7678 = ADVANCED_FACE('',(#7679,#7682,#7693,#7704,#7715),#7726,.F.);
#7679 = FACE_BOUND('',#7680,.F.);
#7680 = EDGE_LOOP('',(#7681));
#7681 = ORIENTED_EDGE('',*,*,#7613,.T.);
#7682 = FACE_BOUND('',#7683,.F.);
#7683 = EDGE_LOOP('',(#7684));
#7684 = ORIENTED_EDGE('',*,*,#7685,.F.);
#7685 = EDGE_CURVE('',#7686,#7686,#7688,.T.);
#7686 = VERTEX_POINT('',#7687);
#7687 = CARTESIAN_POINT('',(192.88859180387,-35.,413.40470428737));
#7688 = CIRCLE('',#7689,1.7);
#7689 = AXIS2_PLACEMENT_3D('',#7690,#7691,#7692);
#7690 = CARTESIAN_POINT('',(194.228210085,-35.,412.35807977932));
#7691 = DIRECTION('',(0.,1.,-0.));
#7692 = DIRECTION('',(-0.788010753607,0.,0.615661475326));
#7693 = FACE_BOUND('',#7694,.F.);
#7694 = EDGE_LOOP('',(#7695));
#7695 = ORIENTED_EDGE('',*,*,#7696,.F.);
#7696 = EDGE_CURVE('',#7697,#7697,#7699,.T.);
#7697 = VERTEX_POINT('',#7698);
#7698 = CARTESIAN_POINT('',(188.73755919134,-35.,438.62788664507));
#7699 = CIRCLE('',#7700,10.5);
#7700 = AXIS2_PLACEMENT_3D('',#7701,#7702,#7703);
#7701 = CARTESIAN_POINT('',(197.01167210421,-35.,432.16344115415));
#7702 = DIRECTION('',(0.,1.,-0.));
#7703 = DIRECTION('',(-0.788010753607,0.,0.615661475326));
#7704 = FACE_BOUND('',#7705,.F.);
#7705 = EDGE_LOOP('',(#7706));
#7706 = ORIENTED_EDGE('',*,*,#7707,.F.);
#7707 = EDGE_CURVE('',#7708,#7708,#7710,.T.);
#7708 = VERTEX_POINT('',#7709);
#7709 = CARTESIAN_POINT('',(214.21573091441,-35.,440.70219753052));
#7710 = CIRCLE('',#7711,1.7);
#7711 = AXIS2_PLACEMENT_3D('',#7712,#7713,#7714);
#7712 = CARTESIAN_POINT('',(215.55534919554,-35.,439.65557302246));
#7713 = DIRECTION('',(0.,1.,-0.));
#7714 = DIRECTION('',(-0.788010753607,0.,0.615661475326));
#7715 = FACE_BOUND('',#7716,.F.);
#7716 = EDGE_LOOP('',(#7717));
#7717 = ORIENTED_EDGE('',*,*,#7718,.F.);
#7718 = EDGE_CURVE('',#7719,#7719,#7721,.T.);
#7719 = VERTEX_POINT('',#7720);
#7720 = CARTESIAN_POINT('',(179.91183875094,-35.,445.52329516871));
#7721 = CIRCLE('',#7722,1.7);
#7722 = AXIS2_PLACEMENT_3D('',#7723,#7724,#7725);
#7723 = CARTESIAN_POINT('',(181.25145703207,-35.,444.47667066066));
#7724 = DIRECTION('',(0.,1.,-0.));
#7725 = DIRECTION('',(-0.788010753607,0.,0.615661475326));
#7726 = PLANE('',#7727);
#7727 = AXIS2_PLACEMENT_3D('',#7728,#7729,#7730);
#7728 = CARTESIAN_POINT('',(197.01167210421,-35.,432.16344115415));
#7729 = DIRECTION('',(0.,1.,0.));
#7730 = DIRECTION('',(-0.788010753607,0.,0.615661475326));
#7731 = ADVANCED_FACE('',(#7732),#7743,.F.);
#7732 = FACE_BOUND('',#7733,.F.);
#7733 = EDGE_LOOP('',(#7734,#7735,#7741,#7742));
#7734 = ORIENTED_EDGE('',*,*,#7632,.F.);
#7735 = ORIENTED_EDGE('',*,*,#7736,.F.);
#7736 = EDGE_CURVE('',#7686,#7633,#7737,.T.);
#7737 = LINE('',#7738,#7739);
#7738 = CARTESIAN_POINT('',(192.88859180387,-35.,413.40470428737));
#7739 = VECTOR('',#7740,1.);
#7740 = DIRECTION('',(0.,1.,0.));
#7741 = ORIENTED_EDGE('',*,*,#7685,.T.);
#7742 = ORIENTED_EDGE('',*,*,#7736,.T.);
#7743 = CYLINDRICAL_SURFACE('',#7744,1.7);
#7744 = AXIS2_PLACEMENT_3D('',#7745,#7746,#7747);
#7745 = CARTESIAN_POINT('',(194.228210085,-35.,412.35807977932));
#7746 = DIRECTION('',(0.,1.,0.));
#7747 = DIRECTION('',(-0.788010753607,0.,0.615661475326));
#7748 = ADVANCED_FACE('',(#7749),#7760,.F.);
#7749 = FACE_BOUND('',#7750,.F.);
#7750 = EDGE_LOOP('',(#7751,#7752,#7758,#7759));
#7751 = ORIENTED_EDGE('',*,*,#7643,.F.);
#7752 = ORIENTED_EDGE('',*,*,#7753,.F.);
#7753 = EDGE_CURVE('',#7697,#7644,#7754,.T.);
#7754 = LINE('',#7755,#7756);
#7755 = CARTESIAN_POINT('',(188.73755919134,-35.,438.62788664507));
#7756 = VECTOR('',#7757,1.);
#7757 = DIRECTION('',(0.,1.,0.));
#7758 = ORIENTED_EDGE('',*,*,#7696,.T.);
#7759 = ORIENTED_EDGE('',*,*,#7753,.T.);
#7760 = CYLINDRICAL_SURFACE('',#7761,10.5);
#7761 = AXIS2_PLACEMENT_3D('',#7762,#7763,#7764);
#7762 = CARTESIAN_POINT('',(197.01167210421,-35.,432.16344115415));
#7763 = DIRECTION('',(0.,1.,0.));
#7764 = DIRECTION('',(-0.788010753607,0.,0.615661475326));
#7765 = ADVANCED_FACE('',(#7766),#7777,.F.);
#7766 = FACE_BOUND('',#7767,.F.);
#7767 = EDGE_LOOP('',(#7768,#7769,#7775,#7776));
#7768 = ORIENTED_EDGE('',*,*,#7654,.F.);
#7769 = ORIENTED_EDGE('',*,*,#7770,.F.);
#7770 = EDGE_CURVE('',#7708,#7655,#7771,.T.);
#7771 = LINE('',#7772,#7773);
#7772 = CARTESIAN_POINT('',(214.21573091441,-35.,440.70219753052));
#7773 = VECTOR('',#7774,1.);
#7774 = DIRECTION('',(0.,1.,0.));
#7775 = ORIENTED_EDGE('',*,*,#7707,.T.);
#7776 = ORIENTED_EDGE('',*,*,#7770,.T.);
#7777 = CYLINDRICAL_SURFACE('',#7778,1.7);
#7778 = AXIS2_PLACEMENT_3D('',#7779,#7780,#7781);
#7779 = CARTESIAN_POINT('',(215.55534919554,-35.,439.65557302246));
#7780 = DIRECTION('',(0.,1.,0.));
#7781 = DIRECTION('',(-0.788010753607,0.,0.615661475326));
#7782 = ADVANCED_FACE('',(#7783),#7794,.F.);
#7783 = FACE_BOUND('',#7784,.F.);
#7784 = EDGE_LOOP('',(#7785,#7786,#7792,#7793));
#7785 = ORIENTED_EDGE('',*,*,#7665,.F.);
#7786 = ORIENTED_EDGE('',*,*,#7787,.F.);
#7787 = EDGE_CURVE('',#7719,#7666,#7788,.T.);
#7788 = LINE('',#7789,#7790);
#7789 = CARTESIAN_POINT('',(179.91183875094,-35.,445.52329516871));
#7790 = VECTOR('',#7791,1.);
#7791 = DIRECTION('',(0.,1.,0.));
#7792 = ORIENTED_EDGE('',*,*,#7718,.T.);
#7793 = ORIENTED_EDGE('',*,*,#7787,.T.);
#7794 = CYLINDRICAL_SURFACE('',#7795,1.7);
#7795 = AXIS2_PLACEMENT_3D('',#7796,#7797,#7798);
#7796 = CARTESIAN_POINT('',(181.25145703207,-35.,444.47667066066));
#7797 = DIRECTION('',(0.,1.,0.));
#7798 = DIRECTION('',(-0.788010753607,0.,0.615661475326));
#7799 = MANIFOLD_SOLID_BREP('',#7800);
#7800 = CLOSED_SHELL('',(#7801,#7834,#7854,#7874));
#7801 = ADVANCED_FACE('',(#7802),#7829,.T.);
#7802 = FACE_BOUND('',#7803,.T.);
#7803 = EDGE_LOOP('',(#7804,#7813,#7821,#7828));
#7804 = ORIENTED_EDGE('',*,*,#7805,.F.);
#7805 = EDGE_CURVE('',#7806,#7806,#7808,.T.);
#7806 = VERTEX_POINT('',#7807);
#7807 = CARTESIAN_POINT('',(184.4035000465,-21.,442.01402475936));
#7808 = CIRCLE('',#7809,16.);
#7809 = AXIS2_PLACEMENT_3D('',#7810,#7811,#7812);
#7810 = CARTESIAN_POINT('',(197.01167210421,-21.,432.16344115415));
#7811 = DIRECTION('',(0.,1.,-0.));
#7812 = DIRECTION('',(-0.788010753607,0.,0.615661475326));
#7813 = ORIENTED_EDGE('',*,*,#7814,.F.);
#7814 = EDGE_CURVE('',#7815,#7806,#7817,.T.);
#7815 = VERTEX_POINT('',#7816);
#7816 = CARTESIAN_POINT('',(184.4035000465,-31.,442.01402475936));
#7817 = LINE('',#7818,#7819);
#7818 = CARTESIAN_POINT('',(184.4035000465,-31.,442.01402475936));
#7819 = VECTOR('',#7820,1.);
#7820 = DIRECTION('',(0.,1.,0.));
#7821 = ORIENTED_EDGE('',*,*,#7822,.T.);
#7822 = EDGE_CURVE('',#7815,#7815,#7823,.T.);
#7823 = CIRCLE('',#7824,16.);
#7824 = AXIS2_PLACEMENT_3D('',#7825,#7826,#7827);
#7825 = CARTESIAN_POINT('',(197.01167210421,-31.,432.16344115415));
#7826 = DIRECTION('',(0.,1.,-0.));
#7827 = DIRECTION('',(-0.788010753607,0.,0.615661475326));
#7828 = ORIENTED_EDGE('',*,*,#7814,.T.);
#7829 = CYLINDRICAL_SURFACE('',#7830,16.);
#7830 = AXIS2_PLACEMENT_3D('',#7831,#7832,#7833);
#7831 = CARTESIAN_POINT('',(197.01167210421,-31.,432.16344115415));
#7832 = DIRECTION('',(0.,1.,0.));
#7833 = DIRECTION('',(-0.788010753607,0.,0.615661475326));
#7834 = ADVANCED_FACE('',(#7835,#7838),#7849,.T.);
#7835 = FACE_BOUND('',#7836,.T.);
#7836 = EDGE_LOOP('',(#7837));
#7837 = ORIENTED_EDGE('',*,*,#7805,.T.);
#7838 = FACE_BOUND('',#7839,.T.);
#7839 = EDGE_LOOP('',(#7840));
#7840 = ORIENTED_EDGE('',*,*,#7841,.F.);
#7841 = EDGE_CURVE('',#7842,#7842,#7844,.T.);
#7842 = VERTEX_POINT('',#7843);
#7843 = CARTESIAN_POINT('',(189.13156456814,-21.,438.3200559074));
#7844 = CIRCLE('',#7845,10.);
#7845 = AXIS2_PLACEMENT_3D('',#7846,#7847,#7848);
#7846 = CARTESIAN_POINT('',(197.01167210421,-21.,432.16344115415));
#7847 = DIRECTION('',(0.,1.,-0.));
#7848 = DIRECTION('',(-0.788010753607,0.,0.615661475326));
#7849 = PLANE('',#7850);
#7850 = AXIS2_PLACEMENT_3D('',#7851,#7852,#7853);
#7851 = CARTESIAN_POINT('',(197.01167210421,-21.,432.16344115415));
#7852 = DIRECTION('',(0.,1.,0.));
#7853 = DIRECTION('',(-0.788010753607,0.,0.615661475326));
#7854 = ADVANCED_FACE('',(#7855,#7858),#7869,.F.);
#7855 = FACE_BOUND('',#7856,.F.);
#7856 = EDGE_LOOP('',(#7857));
#7857 = ORIENTED_EDGE('',*,*,#7822,.T.);
#7858 = FACE_BOUND('',#7859,.F.);
#7859 = EDGE_LOOP('',(#7860));
#7860 = ORIENTED_EDGE('',*,*,#7861,.F.);
#7861 = EDGE_CURVE('',#7862,#7862,#7864,.T.);
#7862 = VERTEX_POINT('',#7863);
#7863 = CARTESIAN_POINT('',(189.13156456814,-31.,438.3200559074));
#7864 = CIRCLE('',#7865,10.);
#7865 = AXIS2_PLACEMENT_3D('',#7866,#7867,#7868);
#7866 = CARTESIAN_POINT('',(197.01167210421,-31.,432.16344115415));
#7867 = DIRECTION('',(0.,1.,-0.));
#7868 = DIRECTION('',(-0.788010753607,0.,0.615661475326));
#7869 = PLANE('',#7870);
#7870 = AXIS2_PLACEMENT_3D('',#7871,#7872,#7873);
#7871 = CARTESIAN_POINT('',(197.01167210421,-31.,432.16344115415));
#7872 = DIRECTION('',(0.,1.,0.));
#7873 = DIRECTION('',(-0.788010753607,0.,0.615661475326));
#7874 = ADVANCED_FACE('',(#7875),#7886,.F.);
#7875 = FACE_BOUND('',#7876,.F.);
#7876 = EDGE_LOOP('',(#7877,#7878,#7884,#7885));
#7877 = ORIENTED_EDGE('',*,*,#7841,.F.);
#7878 = ORIENTED_EDGE('',*,*,#7879,.F.);
#7879 = EDGE_CURVE('',#7862,#7842,#7880,.T.);
#7880 = LINE('',#7881,#7882);
#7881 = CARTESIAN_POINT('',(189.13156456814,-31.,438.3200559074));
#7882 = VECTOR('',#7883,1.);
#7883 = DIRECTION('',(0.,1.,0.));
#7884 = ORIENTED_EDGE('',*,*,#7861,.T.);
#7885 = ORIENTED_EDGE('',*,*,#7879,.T.);
#7886 = CYLINDRICAL_SURFACE('',#7887,10.);
#7887 = AXIS2_PLACEMENT_3D('',#7888,#7889,#7890);
#7888 = CARTESIAN_POINT('',(197.01167210421,-31.,432.16344115415));
#7889 = DIRECTION('',(0.,1.,0.));
#7890 = DIRECTION('',(-0.788010753607,0.,0.615661475326));
#7891 = MANIFOLD_SOLID_BREP('',#7892);
#7892 = CLOSED_SHELL('',(#7893,#7989,#8040,#8238,#8262,#8318,#8373,#8397
    ,#8421,#8532,#8572,#8647,#8838,#8866,#8890,#8909,#8926,#8945,#8962,
    #8981,#9000,#9019,#9036,#9055,#9072,#9084,#9115,#9169,#9188,#9222,
    #9239,#9255,#9274,#9299,#9342,#9362,#9380,#9390,#9407,#9424));
#7893 = ADVANCED_FACE('',(#7894),#7984,.F.);
#7894 = FACE_BOUND('',#7895,.F.);
#7895 = EDGE_LOOP('',(#7896,#7906,#7914,#7922,#7930,#7938,#7946,#7954,
    #7962,#7970,#7978));
#7896 = ORIENTED_EDGE('',*,*,#7897,.F.);
#7897 = EDGE_CURVE('',#7898,#7900,#7902,.T.);
#7898 = VERTEX_POINT('',#7899);
#7899 = CARTESIAN_POINT('',(173.01167210421,28.,417.74123605229));
#7900 = VERTEX_POINT('',#7901);
#7901 = CARTESIAN_POINT('',(173.01167210421,38.,417.74123605229));
#7902 = LINE('',#7903,#7904);
#7903 = CARTESIAN_POINT('',(173.01167210421,28.,417.74123605229));
#7904 = VECTOR('',#7905,1.);
#7905 = DIRECTION('',(0.,1.,0.));
#7906 = ORIENTED_EDGE('',*,*,#7907,.T.);
#7907 = EDGE_CURVE('',#7898,#7908,#7910,.T.);
#7908 = VERTEX_POINT('',#7909);
#7909 = CARTESIAN_POINT('',(173.01167210421,28.,397.16344115415));
#7910 = LINE('',#7911,#7912);
#7911 = CARTESIAN_POINT('',(173.01167210421,28.,432.16344115415));
#7912 = VECTOR('',#7913,1.);
#7913 = DIRECTION('',(2.22044604925E-16,0.,-1.));
#7914 = ORIENTED_EDGE('',*,*,#7915,.T.);
#7915 = EDGE_CURVE('',#7908,#7916,#7918,.T.);
#7916 = VERTEX_POINT('',#7917);
#7917 = CARTESIAN_POINT('',(173.01167210421,44.,384.16344115415));
#7918 = LINE('',#7919,#7920);
#7919 = CARTESIAN_POINT('',(173.01167210421,28.,397.16344115415));
#7920 = VECTOR('',#7921,1.);
#7921 = DIRECTION('',(1.400196903077E-16,0.776114000116,-0.630592625094)
  );
#7922 = ORIENTED_EDGE('',*,*,#7923,.T.);
#7923 = EDGE_CURVE('',#7916,#7924,#7926,.T.);
#7924 = VERTEX_POINT('',#7925);
#7925 = CARTESIAN_POINT('',(173.01167210421,44.,348.16344115415));
#7926 = LINE('',#7927,#7928);
#7927 = CARTESIAN_POINT('',(173.01167210421,44.,384.16344115415));
#7928 = VECTOR('',#7929,1.);
#7929 = DIRECTION('',(2.22044604925E-16,0.,-1.));
#7930 = ORIENTED_EDGE('',*,*,#7931,.T.);
#7931 = EDGE_CURVE('',#7924,#7932,#7934,.T.);
#7932 = VERTEX_POINT('',#7933);
#7933 = CARTESIAN_POINT('',(173.01167210421,24.714285714286,
    328.16344115415));
#7934 = LINE('',#7935,#7936);
#7935 = CARTESIAN_POINT('',(173.01167210421,44.,348.16344115415));
#7936 = VECTOR('',#7937,1.);
#7937 = DIRECTION('',(1.598375421842E-16,-0.694135570584,-0.719844295421
    ));
#7938 = ORIENTED_EDGE('',*,*,#7939,.T.);
#7939 = EDGE_CURVE('',#7932,#7940,#7942,.T.);
#7940 = VERTEX_POINT('',#7941);
#7941 = CARTESIAN_POINT('',(173.01167210421,25.,328.16344115415));
#7942 = LINE('',#7943,#7944);
#7943 = CARTESIAN_POINT('',(173.01167210421,6.507607966526,
    328.16344115415));
#7944 = VECTOR('',#7945,1.);
#7945 = DIRECTION('',(0.,1.,0.));
#7946 = ORIENTED_EDGE('',*,*,#7947,.F.);
#7947 = EDGE_CURVE('',#7948,#7940,#7950,.T.);
#7948 = VERTEX_POINT('',#7949);
#7949 = CARTESIAN_POINT('',(173.01167210421,25.,320.16344115415));
#7950 = LINE('',#7951,#7952);
#7951 = CARTESIAN_POINT('',(173.01167210421,25.,351.07444458741));
#7952 = VECTOR('',#7953,1.);
#7953 = DIRECTION('',(-2.22044604925E-16,0.,1.));
#7954 = ORIENTED_EDGE('',*,*,#7955,.T.);
#7955 = EDGE_CURVE('',#7948,#7956,#7958,.T.);
#7956 = VERTEX_POINT('',#7957);
#7957 = CARTESIAN_POINT('',(173.01167210421,52.,348.16344115415));
#7958 = LINE('',#7959,#7960);
#7959 = CARTESIAN_POINT('',(173.01167210421,25.,320.16344115415));
#7960 = VECTOR('',#7961,1.);
#7961 = DIRECTION('',(-1.598375421842E-16,0.694135570584,0.719844295421)
  );
#7962 = ORIENTED_EDGE('',*,*,#7963,.T.);
#7963 = EDGE_CURVE('',#7956,#7964,#7966,.T.);
#7964 = VERTEX_POINT('',#7965);
#7965 = CARTESIAN_POINT('',(173.01167210421,52.,384.16344115415));
#7966 = LINE('',#7967,#7968);
#7967 = CARTESIAN_POINT('',(173.01167210421,52.,348.16344115415));
#7968 = VECTOR('',#7969,1.);
#7969 = DIRECTION('',(-2.22044604925E-16,0.,1.));
#7970 = ORIENTED_EDGE('',*,*,#7971,.T.);
#7971 = EDGE_CURVE('',#7964,#7972,#7974,.T.);
#7972 = VERTEX_POINT('',#7973);
#7973 = CARTESIAN_POINT('',(173.01167210421,38.,397.16344115415));
#7974 = LINE('',#7975,#7976);
#7975 = CARTESIAN_POINT('',(173.01167210421,52.,384.16344115415));
#7976 = VECTOR('',#7977,1.);
#7977 = DIRECTION('',(-1.510904955298E-16,-0.732793491626,0.680451099367
    ));
#7978 = ORIENTED_EDGE('',*,*,#7979,.T.);
#7979 = EDGE_CURVE('',#7972,#7900,#7980,.T.);
#7980 = LINE('',#7981,#7982);
#7981 = CARTESIAN_POINT('',(173.01167210421,38.,397.16344115415));
#7982 = VECTOR('',#7983,1.);
#7983 = DIRECTION('',(-2.22044604925E-16,0.,1.));
#7984 = PLANE('',#7985);
#7985 = AXIS2_PLACEMENT_3D('',#7986,#7987,#7988);
#7986 = CARTESIAN_POINT('',(173.01167210421,38.015215933051,
    373.98544802066));
#7987 = DIRECTION('',(1.,0.,2.22044604925E-16));
#7988 = DIRECTION('',(2.22044604925E-16,0.,-1.));
#7989 = ADVANCED_FACE('',(#7990),#8035,.T.);
#7990 = FACE_BOUND('',#7991,.T.);
#7991 = EDGE_LOOP('',(#7992,#8003,#8011,#8020,#8027,#8028));
#7992 = ORIENTED_EDGE('',*,*,#7993,.T.);
#7993 = EDGE_CURVE('',#7994,#7996,#7998,.T.);
#7994 = VERTEX_POINT('',#7995);
#7995 = CARTESIAN_POINT('',(225.01167210421,28.,432.16344115415));
#7996 = VERTEX_POINT('',#7997);
#7997 = CARTESIAN_POINT('',(221.01167210421,28.,417.74123605229));
#7998 = CIRCLE('',#7999,28.);
#7999 = AXIS2_PLACEMENT_3D('',#8000,#8001,#8002);
#8000 = CARTESIAN_POINT('',(197.01167210421,28.,432.16344115415));
#8001 = DIRECTION('',(-0.,1.,0.));
#8002 = DIRECTION('',(1.,0.,2.22044604925E-16));
#8003 = ORIENTED_EDGE('',*,*,#8004,.T.);
#8004 = EDGE_CURVE('',#7996,#8005,#8007,.T.);
#8005 = VERTEX_POINT('',#8006);
#8006 = CARTESIAN_POINT('',(221.01167210421,38.,417.74123605229));
#8007 = LINE('',#8008,#8009);
#8008 = CARTESIAN_POINT('',(221.01167210421,28.,417.74123605229));
#8009 = VECTOR('',#8010,1.);
#8010 = DIRECTION('',(0.,1.,0.));
#8011 = ORIENTED_EDGE('',*,*,#8012,.F.);
#8012 = EDGE_CURVE('',#8013,#8005,#8015,.T.);
#8013 = VERTEX_POINT('',#8014);
#8014 = CARTESIAN_POINT('',(225.01167210421,38.,432.16344115415));
#8015 = CIRCLE('',#8016,28.);
#8016 = AXIS2_PLACEMENT_3D('',#8017,#8018,#8019);
#8017 = CARTESIAN_POINT('',(197.01167210421,38.,432.16344115415));
#8018 = DIRECTION('',(-0.,1.,0.));
#8019 = DIRECTION('',(1.,0.,2.22044604925E-16));
#8020 = ORIENTED_EDGE('',*,*,#8021,.F.);
#8021 = EDGE_CURVE('',#7900,#8013,#8022,.T.);
#8022 = CIRCLE('',#8023,28.);
#8023 = AXIS2_PLACEMENT_3D('',#8024,#8025,#8026);
#8024 = CARTESIAN_POINT('',(197.01167210421,38.,432.16344115415));
#8025 = DIRECTION('',(-0.,1.,0.));
#8026 = DIRECTION('',(1.,0.,2.22044604925E-16));
#8027 = ORIENTED_EDGE('',*,*,#7897,.F.);
#8028 = ORIENTED_EDGE('',*,*,#8029,.T.);
#8029 = EDGE_CURVE('',#7898,#7994,#8030,.T.);
#8030 = CIRCLE('',#8031,28.);
#8031 = AXIS2_PLACEMENT_3D('',#8032,#8033,#8034);
#8032 = CARTESIAN_POINT('',(197.01167210421,28.,432.16344115415));
#8033 = DIRECTION('',(-0.,1.,0.));
#8034 = DIRECTION('',(1.,0.,2.22044604925E-16));
#8035 = CYLINDRICAL_SURFACE('',#8036,28.);
#8036 = AXIS2_PLACEMENT_3D('',#8037,#8038,#8039);
#8037 = CARTESIAN_POINT('',(197.01167210421,28.,432.16344115415));
#8038 = DIRECTION('',(0.,1.,0.));
#8039 = DIRECTION('',(1.,0.,2.22044604925E-16));
#8040 = ADVANCED_FACE('',(#8041,#8060),#8233,.T.);
#8041 = FACE_BOUND('',#8042,.T.);
#8042 = EDGE_LOOP('',(#8043,#8044,#8052,#8058,#8059));
#8043 = ORIENTED_EDGE('',*,*,#8012,.T.);
#8044 = ORIENTED_EDGE('',*,*,#8045,.F.);
#8045 = EDGE_CURVE('',#8046,#8005,#8048,.T.);
#8046 = VERTEX_POINT('',#8047);
#8047 = CARTESIAN_POINT('',(221.01167210421,38.,397.16344115415));
#8048 = LINE('',#8049,#8050);
#8049 = CARTESIAN_POINT('',(221.01167210421,38.,397.16344115415));
#8050 = VECTOR('',#8051,1.);
#8051 = DIRECTION('',(-2.22044604925E-16,0.,1.));
#8052 = ORIENTED_EDGE('',*,*,#8053,.F.);
#8053 = EDGE_CURVE('',#7972,#8046,#8054,.T.);
#8054 = LINE('',#8055,#8056);
#8055 = CARTESIAN_POINT('',(173.01167210421,38.,397.16344115415));
#8056 = VECTOR('',#8057,1.);
#8057 = DIRECTION('',(1.,0.,2.22044604925E-16));
#8058 = ORIENTED_EDGE('',*,*,#7979,.T.);
#8059 = ORIENTED_EDGE('',*,*,#8021,.T.);
#8060 = FACE_BOUND('',#8061,.T.);
#8061 = EDGE_LOOP('',(#8062,#8073,#8082,#8091,#8100,#8109,#8118,#8127,
    #8136,#8145,#8154,#8163,#8172,#8181,#8190,#8199,#8208,#8217,#8226));
#8062 = ORIENTED_EDGE('',*,*,#8063,.F.);
#8063 = EDGE_CURVE('',#8064,#8066,#8068,.T.);
#8064 = VERTEX_POINT('',#8065);
#8065 = CARTESIAN_POINT('',(186.81167210421,38.,432.16344115415));
#8066 = VERTEX_POINT('',#8067);
#8067 = CARTESIAN_POINT('',(186.91704017473,38.,433.62577018973));
#8068 = CIRCLE('',#8069,10.2);
#8069 = AXIS2_PLACEMENT_3D('',#8070,#8071,#8072);
#8070 = CARTESIAN_POINT('',(197.01167210421,38.,432.16344115415));
#8071 = DIRECTION('',(-0.,1.,0.));
#8072 = DIRECTION('',(1.,0.,2.22044604925E-16));
#8073 = ORIENTED_EDGE('',*,*,#8074,.F.);
#8074 = EDGE_CURVE('',#8075,#8064,#8077,.T.);
#8075 = VERTEX_POINT('',#8076);
#8076 = CARTESIAN_POINT('',(188.94836157935,38.,425.91660008208));
#8077 = CIRCLE('',#8078,10.2);
#8078 = AXIS2_PLACEMENT_3D('',#8079,#8080,#8081);
#8079 = CARTESIAN_POINT('',(197.01167210421,38.,432.16344115415));
#8080 = DIRECTION('',(-0.,1.,0.));
#8081 = DIRECTION('',(1.,0.,2.22044604925E-16));
#8082 = ORIENTED_EDGE('',*,*,#8083,.F.);
#8083 = EDGE_CURVE('',#8084,#8075,#8086,.T.);
#8084 = VERTEX_POINT('',#8085);
#8085 = CARTESIAN_POINT('',(190.74116210421,38.,423.71354115415));
#8086 = CIRCLE('',#8087,2.25);
#8087 = AXIS2_PLACEMENT_3D('',#8088,#8089,#8090);
#8088 = CARTESIAN_POINT('',(188.49116210421,38.,423.71354115415));
#8089 = DIRECTION('',(-0.,1.,0.));
#8090 = DIRECTION('',(1.,0.,2.22044604925E-16));
#8091 = ORIENTED_EDGE('',*,*,#8092,.F.);
#8092 = EDGE_CURVE('',#8093,#8084,#8095,.T.);
#8093 = VERTEX_POINT('',#8094);
#8094 = CARTESIAN_POINT('',(190.69794929398,38.,424.15239226679));
#8095 = CIRCLE('',#8096,2.25);
#8096 = AXIS2_PLACEMENT_3D('',#8097,#8098,#8099);
#8097 = CARTESIAN_POINT('',(188.49116210421,38.,423.71354115415));
#8098 = DIRECTION('',(-0.,1.,0.));
#8099 = DIRECTION('',(1.,0.,2.22044604925E-16));
#8100 = ORIENTED_EDGE('',*,*,#8101,.F.);
#8101 = EDGE_CURVE('',#8102,#8093,#8104,.T.);
#8102 = VERTEX_POINT('',#8103);
#8103 = CARTESIAN_POINT('',(198.38993833603,38.,422.05698865121));
#8104 = CIRCLE('',#8105,10.2);
#8105 = AXIS2_PLACEMENT_3D('',#8106,#8107,#8108);
#8106 = CARTESIAN_POINT('',(197.01167210421,38.,432.16344115415));
#8107 = DIRECTION('',(-0.,1.,0.));
#8108 = DIRECTION('',(1.,0.,2.22044604925E-16));
#8109 = ORIENTED_EDGE('',*,*,#8110,.F.);
#8110 = EDGE_CURVE('',#8111,#8102,#8113,.T.);
#8111 = VERTEX_POINT('',#8112);
#8112 = CARTESIAN_POINT('',(202.31924210421,38.,420.55951115415));
#8113 = CIRCLE('',#8114,2.25);
#8114 = AXIS2_PLACEMENT_3D('',#8115,#8116,#8117);
#8115 = CARTESIAN_POINT('',(200.06924210421,38.,420.55951115415));
#8116 = DIRECTION('',(-0.,1.,0.));
#8117 = DIRECTION('',(1.,0.,2.22044604925E-16));
#8118 = ORIENTED_EDGE('',*,*,#8119,.F.);
#8119 = EDGE_CURVE('',#8120,#8111,#8122,.T.);
#8120 = VERTEX_POINT('',#8121);
#8121 = CARTESIAN_POINT('',(200.79257858571,38.,422.69007078357));
#8122 = CIRCLE('',#8123,2.25);
#8123 = AXIS2_PLACEMENT_3D('',#8124,#8125,#8126);
#8124 = CARTESIAN_POINT('',(200.06924210421,38.,420.55951115415));
#8125 = DIRECTION('',(-0.,1.,0.));
#8126 = DIRECTION('',(1.,0.,2.22044604925E-16));
#8127 = ORIENTED_EDGE('',*,*,#8128,.F.);
#8128 = EDGE_CURVE('',#8129,#8120,#8131,.T.);
#8129 = VERTEX_POINT('',#8130);
#8130 = CARTESIAN_POINT('',(206.45325392286,38.,428.30383848527));
#8131 = CIRCLE('',#8132,10.2);
#8132 = AXIS2_PLACEMENT_3D('',#8133,#8134,#8135);
#8133 = CARTESIAN_POINT('',(197.01167210421,38.,432.16344115415));
#8134 = DIRECTION('',(-0.,1.,0.));
#8135 = DIRECTION('',(1.,0.,2.22044604925E-16));
#8136 = ORIENTED_EDGE('',*,*,#8137,.F.);
#8137 = EDGE_CURVE('',#8138,#8129,#8140,.T.);
#8138 = VERTEX_POINT('',#8139);
#8139 = CARTESIAN_POINT('',(210.83976210421,38.,429.00941115415));
#8140 = CIRCLE('',#8141,2.25);
#8141 = AXIS2_PLACEMENT_3D('',#8142,#8143,#8144);
#8142 = CARTESIAN_POINT('',(208.58976210421,38.,429.00941115415));
#8143 = DIRECTION('',(-0.,1.,0.));
#8144 = DIRECTION('',(1.,0.,2.22044604925E-16));
#8145 = ORIENTED_EDGE('',*,*,#8146,.F.);
#8146 = EDGE_CURVE('',#8147,#8138,#8149,.T.);
#8147 = VERTEX_POINT('',#8148);
#8148 = CARTESIAN_POINT('',(207.10630403369,38.,430.70111211856));
#8149 = CIRCLE('',#8150,2.25);
#8150 = AXIS2_PLACEMENT_3D('',#8151,#8152,#8153);
#8151 = CARTESIAN_POINT('',(208.58976210421,38.,429.00941115415));
#8152 = DIRECTION('',(-0.,1.,0.));
#8153 = DIRECTION('',(1.,0.,2.22044604925E-16));
#8154 = ORIENTED_EDGE('',*,*,#8155,.F.);
#8155 = EDGE_CURVE('',#8156,#8147,#8158,.T.);
#8156 = VERTEX_POINT('',#8157);
#8157 = CARTESIAN_POINT('',(207.21167210421,38.,432.16344115415));
#8158 = CIRCLE('',#8159,10.2);
#8159 = AXIS2_PLACEMENT_3D('',#8160,#8161,#8162);
#8160 = CARTESIAN_POINT('',(197.01167210421,38.,432.16344115415));
#8161 = DIRECTION('',(-0.,1.,0.));
#8162 = DIRECTION('',(1.,0.,2.22044604925E-16));
#8163 = ORIENTED_EDGE('',*,*,#8164,.F.);
#8164 = EDGE_CURVE('',#8165,#8156,#8167,.T.);
#8165 = VERTEX_POINT('',#8166);
#8166 = CARTESIAN_POINT('',(205.07498071323,38.,438.41028469914));
#8167 = CIRCLE('',#8168,10.2);
#8168 = AXIS2_PLACEMENT_3D('',#8169,#8170,#8171);
#8169 = CARTESIAN_POINT('',(197.01167210421,38.,432.16344115415));
#8170 = DIRECTION('',(-0.,1.,0.));
#8171 = DIRECTION('',(1.,0.,2.22044604925E-16));
#8172 = ORIENTED_EDGE('',*,*,#8173,.F.);
#8173 = EDGE_CURVE('',#8174,#8165,#8176,.T.);
#8174 = VERTEX_POINT('',#8175);
#8175 = CARTESIAN_POINT('',(207.78219210421,38.,440.61334115415));
#8176 = CIRCLE('',#8177,2.25);
#8177 = AXIS2_PLACEMENT_3D('',#8178,#8179,#8180);
#8178 = CARTESIAN_POINT('',(205.53219210421,38.,440.61334115415));
#8179 = DIRECTION('',(-0.,1.,0.));
#8180 = DIRECTION('',(1.,0.,2.22044604925E-16));
#8181 = ORIENTED_EDGE('',*,*,#8182,.F.);
#8182 = EDGE_CURVE('',#8183,#8174,#8185,.T.);
#8183 = VERTEX_POINT('',#8184);
#8184 = CARTESIAN_POINT('',(203.32540677307,38.,440.17448069538));
#8185 = CIRCLE('',#8186,2.25);
#8186 = AXIS2_PLACEMENT_3D('',#8187,#8188,#8189);
#8187 = CARTESIAN_POINT('',(205.53219210421,38.,440.61334115415));
#8188 = DIRECTION('',(-0.,1.,0.));
#8189 = DIRECTION('',(1.,0.,2.22044604925E-16));
#8190 = ORIENTED_EDGE('',*,*,#8191,.F.);
#8191 = EDGE_CURVE('',#8192,#8183,#8194,.T.);
#8192 = VERTEX_POINT('',#8193);
#8193 = CARTESIAN_POINT('',(195.63340587238,38.,442.26989365709));
#8194 = CIRCLE('',#8195,10.2);
#8195 = AXIS2_PLACEMENT_3D('',#8196,#8197,#8198);
#8196 = CARTESIAN_POINT('',(197.01167210421,38.,432.16344115415));
#8197 = DIRECTION('',(-0.,1.,0.));
#8198 = DIRECTION('',(1.,0.,2.22044604925E-16));
#8199 = ORIENTED_EDGE('',*,*,#8200,.F.);
#8200 = EDGE_CURVE('',#8201,#8192,#8203,.T.);
#8201 = VERTEX_POINT('',#8202);
#8202 = CARTESIAN_POINT('',(196.20410210421,38.,443.76737115415));
#8203 = CIRCLE('',#8204,2.25);
#8204 = AXIS2_PLACEMENT_3D('',#8205,#8206,#8207);
#8205 = CARTESIAN_POINT('',(193.95410210421,38.,443.76737115415));
#8206 = DIRECTION('',(-0.,1.,0.));
#8207 = DIRECTION('',(1.,0.,2.22044604925E-16));
#8208 = ORIENTED_EDGE('',*,*,#8209,.F.);
#8209 = EDGE_CURVE('',#8210,#8201,#8212,.T.);
#8210 = VERTEX_POINT('',#8211);
#8211 = CARTESIAN_POINT('',(193.2307656227,38.,441.63681152472));
#8212 = CIRCLE('',#8213,2.25);
#8213 = AXIS2_PLACEMENT_3D('',#8214,#8215,#8216);
#8214 = CARTESIAN_POINT('',(193.95410210421,38.,443.76737115415));
#8215 = DIRECTION('',(-0.,1.,0.));
#8216 = DIRECTION('',(1.,0.,2.22044604925E-16));
#8217 = ORIENTED_EDGE('',*,*,#8218,.F.);
#8218 = EDGE_CURVE('',#8219,#8210,#8221,.T.);
#8219 = VERTEX_POINT('',#8220);
#8220 = CARTESIAN_POINT('',(187.57009028555,38.,436.02304382302));
#8221 = CIRCLE('',#8222,10.2);
#8222 = AXIS2_PLACEMENT_3D('',#8223,#8224,#8225);
#8223 = CARTESIAN_POINT('',(197.01167210421,38.,432.16344115415));
#8224 = DIRECTION('',(-0.,1.,0.));
#8225 = DIRECTION('',(1.,0.,2.22044604925E-16));
#8226 = ORIENTED_EDGE('',*,*,#8227,.F.);
#8227 = EDGE_CURVE('',#8066,#8219,#8228,.T.);
#8228 = CIRCLE('',#8229,2.25);
#8229 = AXIS2_PLACEMENT_3D('',#8230,#8231,#8232);
#8230 = CARTESIAN_POINT('',(185.43358210421,38.,435.31747115415));
#8231 = DIRECTION('',(-0.,1.,0.));
#8232 = DIRECTION('',(1.,0.,2.22044604925E-16));
#8233 = PLANE('',#8234);
#8234 = AXIS2_PLACEMENT_3D('',#8235,#8236,#8237);
#8235 = CARTESIAN_POINT('',(197.37012590629,38.,424.11410459092));
#8236 = DIRECTION('',(0.,1.,0.));
#8237 = DIRECTION('',(1.,0.,2.22044604925E-16));
#8238 = ADVANCED_FACE('',(#8239),#8257,.F.);
#8239 = FACE_BOUND('',#8240,.F.);
#8240 = EDGE_LOOP('',(#8241,#8249,#8255,#8256));
#8241 = ORIENTED_EDGE('',*,*,#8242,.T.);
#8242 = EDGE_CURVE('',#7964,#8243,#8245,.T.);
#8243 = VERTEX_POINT('',#8244);
#8244 = CARTESIAN_POINT('',(221.01167210421,52.,384.16344115415));
#8245 = LINE('',#8246,#8247);
#8246 = CARTESIAN_POINT('',(173.01167210421,52.,384.16344115415));
#8247 = VECTOR('',#8248,1.);
#8248 = DIRECTION('',(1.,0.,2.22044604925E-16));
#8249 = ORIENTED_EDGE('',*,*,#8250,.T.);
#8250 = EDGE_CURVE('',#8243,#8046,#8251,.T.);
#8251 = LINE('',#8252,#8253);
#8252 = CARTESIAN_POINT('',(221.01167210421,52.,384.16344115415));
#8253 = VECTOR('',#8254,1.);
#8254 = DIRECTION('',(-1.510904955298E-16,-0.732793491626,0.680451099367
    ));
#8255 = ORIENTED_EDGE('',*,*,#8053,.F.);
#8256 = ORIENTED_EDGE('',*,*,#7971,.F.);
#8257 = PLANE('',#8258);
#8258 = AXIS2_PLACEMENT_3D('',#8259,#8260,#8261);
#8259 = CARTESIAN_POINT('',(173.01167210421,52.,384.16344115415));
#8260 = DIRECTION('',(1.627128413398E-16,-0.680451099367,-0.732793491626
    ));
#8261 = DIRECTION('',(-1.510904955298E-16,-0.732793491626,0.680451099367
    ));
#8262 = ADVANCED_FACE('',(#8263),#8313,.F.);
#8263 = FACE_BOUND('',#8264,.F.);
#8264 = EDGE_LOOP('',(#8265,#8266,#8274,#8282,#8290,#8298,#8306,#8312));
#8265 = ORIENTED_EDGE('',*,*,#7963,.F.);
#8266 = ORIENTED_EDGE('',*,*,#8267,.T.);
#8267 = EDGE_CURVE('',#7956,#8268,#8270,.T.);
#8268 = VERTEX_POINT('',#8269);
#8269 = CARTESIAN_POINT('',(181.01167210421,52.,348.16344115415));
#8270 = LINE('',#8271,#8272);
#8271 = CARTESIAN_POINT('',(173.01167210421,52.,348.16344115415));
#8272 = VECTOR('',#8273,1.);
#8273 = DIRECTION('',(1.,0.,2.22044604925E-16));
#8274 = ORIENTED_EDGE('',*,*,#8275,.F.);
#8275 = EDGE_CURVE('',#8276,#8268,#8278,.T.);
#8276 = VERTEX_POINT('',#8277);
#8277 = CARTESIAN_POINT('',(181.01167210421,52.,353.16344115415));
#8278 = LINE('',#8279,#8280);
#8279 = CARTESIAN_POINT('',(181.01167210421,52.,353.16344115415));
#8280 = VECTOR('',#8281,1.);
#8281 = DIRECTION('',(2.22044604925E-16,0.,-1.));
#8282 = ORIENTED_EDGE('',*,*,#8283,.T.);
#8283 = EDGE_CURVE('',#8276,#8284,#8286,.T.);
#8284 = VERTEX_POINT('',#8285);
#8285 = CARTESIAN_POINT('',(213.01167210421,52.,353.16344115415));
#8286 = LINE('',#8287,#8288);
#8287 = CARTESIAN_POINT('',(181.01167210421,52.,353.16344115415));
#8288 = VECTOR('',#8289,1.);
#8289 = DIRECTION('',(1.,0.,2.22044604925E-16));
#8290 = ORIENTED_EDGE('',*,*,#8291,.T.);
#8291 = EDGE_CURVE('',#8284,#8292,#8294,.T.);
#8292 = VERTEX_POINT('',#8293);
#8293 = CARTESIAN_POINT('',(213.01167210421,52.,348.16344115415));
#8294 = LINE('',#8295,#8296);
#8295 = CARTESIAN_POINT('',(213.01167210421,52.,353.16344115415));
#8296 = VECTOR('',#8297,1.);
#8297 = DIRECTION('',(2.22044604925E-16,0.,-1.));
#8298 = ORIENTED_EDGE('',*,*,#8299,.T.);
#8299 = EDGE_CURVE('',#8292,#8300,#8302,.T.);
#8300 = VERTEX_POINT('',#8301);
#8301 = CARTESIAN_POINT('',(221.01167210421,52.,348.16344115415));
#8302 = LINE('',#8303,#8304);
#8303 = CARTESIAN_POINT('',(173.01167210421,52.,348.16344115415));
#8304 = VECTOR('',#8305,1.);
#8305 = DIRECTION('',(1.,0.,2.22044604925E-16));
#8306 = ORIENTED_EDGE('',*,*,#8307,.T.);
#8307 = EDGE_CURVE('',#8300,#8243,#8308,.T.);
#8308 = LINE('',#8309,#8310);
#8309 = CARTESIAN_POINT('',(221.01167210421,52.,348.16344115415));
#8310 = VECTOR('',#8311,1.);
#8311 = DIRECTION('',(-2.22044604925E-16,0.,1.));
#8312 = ORIENTED_EDGE('',*,*,#8242,.F.);
#8313 = PLANE('',#8314);
#8314 = AXIS2_PLACEMENT_3D('',#8315,#8316,#8317);
#8315 = CARTESIAN_POINT('',(173.01167210421,52.,348.16344115415));
#8316 = DIRECTION('',(0.,-1.,0.));
#8317 = DIRECTION('',(-2.22044604925E-16,0.,1.));
#8318 = ADVANCED_FACE('',(#8319),#8368,.F.);
#8319 = FACE_BOUND('',#8320,.F.);
#8320 = EDGE_LOOP('',(#8321,#8322,#8330,#8338,#8344,#8345,#8353,#8361,
    #8367));
#8321 = ORIENTED_EDGE('',*,*,#7955,.F.);
#8322 = ORIENTED_EDGE('',*,*,#8323,.T.);
#8323 = EDGE_CURVE('',#7948,#8324,#8326,.T.);
#8324 = VERTEX_POINT('',#8325);
#8325 = CARTESIAN_POINT('',(178.01167210421,25.,320.16344115415));
#8326 = LINE('',#8327,#8328);
#8327 = CARTESIAN_POINT('',(173.01167210421,25.,320.16344115415));
#8328 = VECTOR('',#8329,1.);
#8329 = DIRECTION('',(1.,0.,2.22044604925E-16));
#8330 = ORIENTED_EDGE('',*,*,#8331,.T.);
#8331 = EDGE_CURVE('',#8324,#8332,#8334,.T.);
#8332 = VERTEX_POINT('',#8333);
#8333 = CARTESIAN_POINT('',(221.01167210421,25.,320.16344115415));
#8334 = LINE('',#8335,#8336);
#8335 = CARTESIAN_POINT('',(173.01167210421,25.,320.16344115415));
#8336 = VECTOR('',#8337,1.);
#8337 = DIRECTION('',(1.,0.,2.22044604925E-16));
#8338 = ORIENTED_EDGE('',*,*,#8339,.T.);
#8339 = EDGE_CURVE('',#8332,#8300,#8340,.T.);
#8340 = LINE('',#8341,#8342);
#8341 = CARTESIAN_POINT('',(221.01167210421,25.,320.16344115415));
#8342 = VECTOR('',#8343,1.);
#8343 = DIRECTION('',(-1.598375421842E-16,0.694135570584,0.719844295421)
  );
#8344 = ORIENTED_EDGE('',*,*,#8299,.F.);
#8345 = ORIENTED_EDGE('',*,*,#8346,.F.);
#8346 = EDGE_CURVE('',#8347,#8292,#8349,.T.);
#8347 = VERTEX_POINT('',#8348);
#8348 = CARTESIAN_POINT('',(213.01167210421,51.035714285714,
    347.16344115415));
#8349 = LINE('',#8350,#8351);
#8350 = CARTESIAN_POINT('',(213.01167210421,37.340052875083,
    332.9605330246));
#8351 = VECTOR('',#8352,1.);
#8352 = DIRECTION('',(-1.598375421842E-16,0.694135570584,0.719844295421)
  );
#8353 = ORIENTED_EDGE('',*,*,#8354,.F.);
#8354 = EDGE_CURVE('',#8355,#8347,#8357,.T.);
#8355 = VERTEX_POINT('',#8356);
#8356 = CARTESIAN_POINT('',(181.01167210421,51.035714285714,
    347.16344115415));
#8357 = LINE('',#8358,#8359);
#8358 = CARTESIAN_POINT('',(184.63533648983,51.035714285714,
    347.16344115415));
#8359 = VECTOR('',#8360,1.);
#8360 = DIRECTION('',(1.,-2.669035590324E-16,-5.474427110857E-17));
#8361 = ORIENTED_EDGE('',*,*,#8362,.T.);
#8362 = EDGE_CURVE('',#8355,#8268,#8363,.T.);
#8363 = LINE('',#8364,#8365);
#8364 = CARTESIAN_POINT('',(181.01167210421,37.340052875083,
    332.9605330246));
#8365 = VECTOR('',#8366,1.);
#8366 = DIRECTION('',(-1.598375421842E-16,0.694135570584,0.719844295421)
  );
#8367 = ORIENTED_EDGE('',*,*,#8267,.F.);
#8368 = PLANE('',#8369);
#8369 = AXIS2_PLACEMENT_3D('',#8370,#8371,#8372);
#8370 = CARTESIAN_POINT('',(173.01167210421,25.,320.16344115415));
#8371 = DIRECTION('',(-1.541290585348E-16,-0.719844295421,0.694135570584
    ));
#8372 = DIRECTION('',(-1.598375421842E-16,0.694135570584,0.719844295421)
  );
#8373 = ADVANCED_FACE('',(#8374),#8392,.F.);
#8374 = FACE_BOUND('',#8375,.F.);
#8375 = EDGE_LOOP('',(#8376,#8377,#8385,#8391));
#8376 = ORIENTED_EDGE('',*,*,#7947,.T.);
#8377 = ORIENTED_EDGE('',*,*,#8378,.T.);
#8378 = EDGE_CURVE('',#7940,#8379,#8381,.T.);
#8379 = VERTEX_POINT('',#8380);
#8380 = CARTESIAN_POINT('',(178.01167210421,25.,328.16344115415));
#8381 = LINE('',#8382,#8383);
#8382 = CARTESIAN_POINT('',(170.01167210421,25.,328.16344115415));
#8383 = VECTOR('',#8384,1.);
#8384 = DIRECTION('',(1.,0.,2.22044604925E-16));
#8385 = ORIENTED_EDGE('',*,*,#8386,.T.);
#8386 = EDGE_CURVE('',#8379,#8324,#8387,.T.);
#8387 = LINE('',#8388,#8389);
#8388 = CARTESIAN_POINT('',(178.01167210421,25.,328.16344115415));
#8389 = VECTOR('',#8390,1.);
#8390 = DIRECTION('',(2.22044604925E-16,0.,-1.));
#8391 = ORIENTED_EDGE('',*,*,#8323,.F.);
#8392 = PLANE('',#8393);
#8393 = AXIS2_PLACEMENT_3D('',#8394,#8395,#8396);
#8394 = CARTESIAN_POINT('',(170.01167210421,25.,328.16344115415));
#8395 = DIRECTION('',(0.,1.,0.));
#8396 = DIRECTION('',(1.,0.,2.22044604925E-16));
#8397 = ADVANCED_FACE('',(#8398),#8416,.T.);
#8398 = FACE_BOUND('',#8399,.T.);
#8399 = EDGE_LOOP('',(#8400,#8408,#8414,#8415));
#8400 = ORIENTED_EDGE('',*,*,#8401,.F.);
#8401 = EDGE_CURVE('',#8402,#8379,#8404,.T.);
#8402 = VERTEX_POINT('',#8403);
#8403 = CARTESIAN_POINT('',(178.01167210421,24.714285714286,
    328.16344115415));
#8404 = LINE('',#8405,#8406);
#8405 = CARTESIAN_POINT('',(178.01167210421,-25.,328.16344115415));
#8406 = VECTOR('',#8407,1.);
#8407 = DIRECTION('',(0.,1.,0.));
#8408 = ORIENTED_EDGE('',*,*,#8409,.T.);
#8409 = EDGE_CURVE('',#8402,#7932,#8410,.T.);
#8410 = LINE('',#8411,#8412);
#8411 = CARTESIAN_POINT('',(171.51167210421,24.714285714286,
    328.16344115415));
#8412 = VECTOR('',#8413,1.);
#8413 = DIRECTION('',(-1.,0.,-2.22044604925E-16));
#8414 = ORIENTED_EDGE('',*,*,#7939,.T.);
#8415 = ORIENTED_EDGE('',*,*,#8378,.T.);
#8416 = PLANE('',#8417);
#8417 = AXIS2_PLACEMENT_3D('',#8418,#8419,#8420);
#8418 = CARTESIAN_POINT('',(170.01167210421,-25.,328.16344115415));
#8419 = DIRECTION('',(2.22044604925E-16,0.,-1.));
#8420 = DIRECTION('',(1.,0.,2.22044604925E-16));
#8421 = ADVANCED_FACE('',(#8422,#8505,#8516),#8527,.F.);
#8422 = FACE_BOUND('',#8423,.F.);
#8423 = EDGE_LOOP('',(#8424,#8425,#8433,#8441,#8449,#8457,#8465,#8473,
    #8481,#8490,#8498,#8504));
#8424 = ORIENTED_EDGE('',*,*,#7931,.F.);
#8425 = ORIENTED_EDGE('',*,*,#8426,.T.);
#8426 = EDGE_CURVE('',#7924,#8427,#8429,.T.);
#8427 = VERTEX_POINT('',#8428);
#8428 = CARTESIAN_POINT('',(181.01167210421,44.,348.16344115415));
#8429 = LINE('',#8430,#8431);
#8430 = CARTESIAN_POINT('',(173.01167210421,44.,348.16344115415));
#8431 = VECTOR('',#8432,1.);
#8432 = DIRECTION('',(1.,0.,2.22044604925E-16));
#8433 = ORIENTED_EDGE('',*,*,#8434,.T.);
#8434 = EDGE_CURVE('',#8427,#8435,#8437,.T.);
#8435 = VERTEX_POINT('',#8436);
#8436 = CARTESIAN_POINT('',(181.01167210421,43.035714285714,
    347.16344115415));
#8437 = LINE('',#8438,#8439);
#8438 = CARTESIAN_POINT('',(181.01167210421,44.767349636484,
    348.95921114754));
#8439 = VECTOR('',#8440,1.);
#8440 = DIRECTION('',(1.598375421842E-16,-0.694135570584,-0.719844295421
    ));
#8441 = ORIENTED_EDGE('',*,*,#8442,.F.);
#8442 = EDGE_CURVE('',#8443,#8435,#8445,.T.);
#8443 = VERTEX_POINT('',#8444);
#8444 = CARTESIAN_POINT('',(213.01167210421,43.035714285714,
    347.16344115415));
#8445 = LINE('',#8446,#8447);
#8446 = CARTESIAN_POINT('',(184.63533648983,43.035714285714,
    347.16344115415));
#8447 = VECTOR('',#8448,1.);
#8448 = DIRECTION('',(-1.,2.669035590324E-16,5.474427110857E-17));
#8449 = ORIENTED_EDGE('',*,*,#8450,.F.);
#8450 = EDGE_CURVE('',#8451,#8443,#8453,.T.);
#8451 = VERTEX_POINT('',#8452);
#8452 = CARTESIAN_POINT('',(213.01167210421,44.,348.16344115415));
#8453 = LINE('',#8454,#8455);
#8454 = CARTESIAN_POINT('',(213.01167210421,44.767349636484,
    348.95921114754));
#8455 = VECTOR('',#8456,1.);
#8456 = DIRECTION('',(1.598375421842E-16,-0.694135570584,-0.719844295421
    ));
#8457 = ORIENTED_EDGE('',*,*,#8458,.T.);
#8458 = EDGE_CURVE('',#8451,#8459,#8461,.T.);
#8459 = VERTEX_POINT('',#8460);
#8460 = CARTESIAN_POINT('',(221.01167210421,44.,348.16344115415));
#8461 = LINE('',#8462,#8463);
#8462 = CARTESIAN_POINT('',(173.01167210421,44.,348.16344115415));
#8463 = VECTOR('',#8464,1.);
#8464 = DIRECTION('',(1.,0.,2.22044604925E-16));
#8465 = ORIENTED_EDGE('',*,*,#8466,.T.);
#8466 = EDGE_CURVE('',#8459,#8467,#8469,.T.);
#8467 = VERTEX_POINT('',#8468);
#8468 = CARTESIAN_POINT('',(221.01167210421,17.,320.16344115415));
#8469 = LINE('',#8470,#8471);
#8470 = CARTESIAN_POINT('',(221.01167210421,44.,348.16344115415));
#8471 = VECTOR('',#8472,1.);
#8472 = DIRECTION('',(1.598375421842E-16,-0.694135570584,-0.719844295421
    ));
#8473 = ORIENTED_EDGE('',*,*,#8474,.F.);
#8474 = EDGE_CURVE('',#8475,#8467,#8477,.T.);
#8475 = VERTEX_POINT('',#8476);
#8476 = CARTESIAN_POINT('',(212.50360548904,17.,320.16344115415));
#8477 = LINE('',#8478,#8479);
#8478 = CARTESIAN_POINT('',(173.01167210421,17.,320.16344115415));
#8479 = VECTOR('',#8480,1.);
#8480 = DIRECTION('',(1.,0.,2.22044604925E-16));
#8481 = ORIENTED_EDGE('',*,*,#8482,.F.);
#8482 = EDGE_CURVE('',#8483,#8475,#8485,.T.);
#8483 = VERTEX_POINT('',#8484);
#8484 = CARTESIAN_POINT('',(181.51973871938,17.,320.16344115415));
#8485 = ELLIPSE('',#8486,33.134737614212,23.);
#8486 = AXIS2_PLACEMENT_3D('',#8487,#8488,#8489);
#8487 = CARTESIAN_POINT('',(197.01167210421,0.,302.53381152452));
#8488 = DIRECTION('',(1.541290585348E-16,0.719844295421,-0.694135570584)
  );
#8489 = DIRECTION('',(1.598375421842E-16,-0.694135570584,-0.719844295421
    ));
#8490 = ORIENTED_EDGE('',*,*,#8491,.F.);
#8491 = EDGE_CURVE('',#8492,#8483,#8494,.T.);
#8492 = VERTEX_POINT('',#8493);
#8493 = CARTESIAN_POINT('',(178.01167210421,17.,320.16344115415));
#8494 = LINE('',#8495,#8496);
#8495 = CARTESIAN_POINT('',(173.01167210421,17.,320.16344115415));
#8496 = VECTOR('',#8497,1.);
#8497 = DIRECTION('',(1.,0.,2.22044604925E-16));
#8498 = ORIENTED_EDGE('',*,*,#8499,.F.);
#8499 = EDGE_CURVE('',#8402,#8492,#8500,.T.);
#8500 = LINE('',#8501,#8502);
#8501 = CARTESIAN_POINT('',(178.01167210421,22.380370125578,
    325.74308424734));
#8502 = VECTOR('',#8503,1.);
#8503 = DIRECTION('',(1.598375421842E-16,-0.694135570584,-0.719844295421
    ));
#8504 = ORIENTED_EDGE('',*,*,#8409,.T.);
#8505 = FACE_BOUND('',#8506,.F.);
#8506 = EDGE_LOOP('',(#8507));
#8507 = ORIENTED_EDGE('',*,*,#8508,.F.);
#8508 = EDGE_CURVE('',#8509,#8509,#8511,.T.);
#8509 = VERTEX_POINT('',#8510);
#8510 = CARTESIAN_POINT('',(214.26167210421,21.,324.31158930229));
#8511 = ELLIPSE('',#8512,3.241441723129,2.25);
#8512 = AXIS2_PLACEMENT_3D('',#8513,#8514,#8515);
#8513 = CARTESIAN_POINT('',(212.01167210421,21.,324.31158930229));
#8514 = DIRECTION('',(1.541290585348E-16,0.719844295421,-0.694135570584)
  );
#8515 = DIRECTION('',(1.598375421842E-16,-0.694135570584,-0.719844295421
    ));
#8516 = FACE_BOUND('',#8517,.F.);
#8517 = EDGE_LOOP('',(#8518));
#8518 = ORIENTED_EDGE('',*,*,#8519,.F.);
#8519 = EDGE_CURVE('',#8520,#8520,#8522,.T.);
#8520 = VERTEX_POINT('',#8521);
#8521 = CARTESIAN_POINT('',(184.26167210421,21.,324.31158930229));
#8522 = ELLIPSE('',#8523,3.241441723129,2.25);
#8523 = AXIS2_PLACEMENT_3D('',#8524,#8525,#8526);
#8524 = CARTESIAN_POINT('',(182.01167210421,21.,324.31158930229));
#8525 = DIRECTION('',(1.541290585348E-16,0.719844295421,-0.694135570584)
  );
#8526 = DIRECTION('',(1.598375421842E-16,-0.694135570584,-0.719844295421
    ));
#8527 = PLANE('',#8528);
#8528 = AXIS2_PLACEMENT_3D('',#8529,#8530,#8531);
#8529 = CARTESIAN_POINT('',(173.01167210421,44.,348.16344115415));
#8530 = DIRECTION('',(1.541290585348E-16,0.719844295421,-0.694135570584)
  );
#8531 = DIRECTION('',(1.598375421842E-16,-0.694135570584,-0.719844295421
    ));
#8532 = ADVANCED_FACE('',(#8533),#8567,.F.);
#8533 = FACE_BOUND('',#8534,.F.);
#8534 = EDGE_LOOP('',(#8535,#8536,#8544,#8552,#8560,#8566));
#8535 = ORIENTED_EDGE('',*,*,#7923,.F.);
#8536 = ORIENTED_EDGE('',*,*,#8537,.T.);
#8537 = EDGE_CURVE('',#7916,#8538,#8540,.T.);
#8538 = VERTEX_POINT('',#8539);
#8539 = CARTESIAN_POINT('',(183.59526423921,44.,384.16344115415));
#8540 = LINE('',#8541,#8542);
#8541 = CARTESIAN_POINT('',(173.01167210421,44.,384.16344115415));
#8542 = VECTOR('',#8543,1.);
#8543 = DIRECTION('',(1.,0.,2.22044604925E-16));
#8544 = ORIENTED_EDGE('',*,*,#8545,.T.);
#8545 = EDGE_CURVE('',#8538,#8546,#8548,.T.);
#8546 = VERTEX_POINT('',#8547);
#8547 = CARTESIAN_POINT('',(183.59526423921,44.,353.16344115415));
#8548 = LINE('',#8549,#8550);
#8549 = CARTESIAN_POINT('',(183.59526423921,44.,386.66344115415));
#8550 = VECTOR('',#8551,1.);
#8551 = DIRECTION('',(2.22044604925E-16,0.,-1.));
#8552 = ORIENTED_EDGE('',*,*,#8553,.T.);
#8553 = EDGE_CURVE('',#8546,#8554,#8556,.T.);
#8554 = VERTEX_POINT('',#8555);
#8555 = CARTESIAN_POINT('',(181.01167210421,44.,353.16344115415));
#8556 = LINE('',#8557,#8558);
#8557 = CARTESIAN_POINT('',(177.01167210421,44.,353.16344115415));
#8558 = VECTOR('',#8559,1.);
#8559 = DIRECTION('',(-1.,0.,-2.22044604925E-16));
#8560 = ORIENTED_EDGE('',*,*,#8561,.T.);
#8561 = EDGE_CURVE('',#8554,#8427,#8562,.T.);
#8562 = LINE('',#8563,#8564);
#8563 = CARTESIAN_POINT('',(181.01167210421,44.,368.66344115415));
#8564 = VECTOR('',#8565,1.);
#8565 = DIRECTION('',(2.22044604925E-16,0.,-1.));
#8566 = ORIENTED_EDGE('',*,*,#8426,.F.);
#8567 = PLANE('',#8568);
#8568 = AXIS2_PLACEMENT_3D('',#8569,#8570,#8571);
#8569 = CARTESIAN_POINT('',(173.01167210421,44.,384.16344115415));
#8570 = DIRECTION('',(0.,1.,0.));
#8571 = DIRECTION('',(2.22044604925E-16,0.,-1.));
#8572 = ADVANCED_FACE('',(#8573),#8642,.F.);
#8573 = FACE_BOUND('',#8574,.F.);
#8574 = EDGE_LOOP('',(#8575,#8576,#8584,#8592,#8600,#8609,#8617,#8626,
    #8634,#8641));
#8575 = ORIENTED_EDGE('',*,*,#7915,.F.);
#8576 = ORIENTED_EDGE('',*,*,#8577,.T.);
#8577 = EDGE_CURVE('',#7908,#8578,#8580,.T.);
#8578 = VERTEX_POINT('',#8579);
#8579 = CARTESIAN_POINT('',(221.01167210421,28.,397.16344115415));
#8580 = LINE('',#8581,#8582);
#8581 = CARTESIAN_POINT('',(173.01167210421,28.,397.16344115415));
#8582 = VECTOR('',#8583,1.);
#8583 = DIRECTION('',(1.,0.,2.22044604925E-16));
#8584 = ORIENTED_EDGE('',*,*,#8585,.T.);
#8585 = EDGE_CURVE('',#8578,#8586,#8588,.T.);
#8586 = VERTEX_POINT('',#8587);
#8587 = CARTESIAN_POINT('',(221.01167210421,44.,384.16344115415));
#8588 = LINE('',#8589,#8590);
#8589 = CARTESIAN_POINT('',(221.01167210421,28.,397.16344115415));
#8590 = VECTOR('',#8591,1.);
#8591 = DIRECTION('',(1.400196903077E-16,0.776114000116,-0.630592625094)
  );
#8592 = ORIENTED_EDGE('',*,*,#8593,.F.);
#8593 = EDGE_CURVE('',#8594,#8586,#8596,.T.);
#8594 = VERTEX_POINT('',#8595);
#8595 = CARTESIAN_POINT('',(210.4280799692,44.,384.16344115415));
#8596 = LINE('',#8597,#8598);
#8597 = CARTESIAN_POINT('',(173.01167210421,44.,384.16344115415));
#8598 = VECTOR('',#8599,1.);
#8599 = DIRECTION('',(1.,0.,2.22044604925E-16));
#8600 = ORIENTED_EDGE('',*,*,#8601,.F.);
#8601 = EDGE_CURVE('',#8602,#8594,#8604,.T.);
#8602 = VERTEX_POINT('',#8603);
#8603 = CARTESIAN_POINT('',(218.01885599801,40.923076923077,
    386.66344115415));
#8604 = ELLIPSE('',#8605,59.269643368254,46.);
#8605 = AXIS2_PLACEMENT_3D('',#8606,#8607,#8608);
#8606 = CARTESIAN_POINT('',(197.01167210421,0.,419.91344115415));
#8607 = DIRECTION('',(-1.723319265326E-16,0.630592625094,0.776114000116)
  );
#8608 = DIRECTION('',(1.400196903077E-16,0.776114000116,-0.630592625094)
  );
#8609 = ORIENTED_EDGE('',*,*,#8610,.T.);
#8610 = EDGE_CURVE('',#8602,#8611,#8613,.T.);
#8611 = VERTEX_POINT('',#8612);
#8612 = CARTESIAN_POINT('',(203.90745162127,40.923076923077,
    386.66344115415));
#8613 = LINE('',#8614,#8615);
#8614 = CARTESIAN_POINT('',(185.01167210421,40.923076923077,
    386.66344115415));
#8615 = VECTOR('',#8616,1.);
#8616 = DIRECTION('',(-1.,0.,-2.22044604925E-16));
#8617 = ORIENTED_EDGE('',*,*,#8618,.T.);
#8618 = EDGE_CURVE('',#8611,#8619,#8621,.T.);
#8619 = VERTEX_POINT('',#8620);
#8620 = CARTESIAN_POINT('',(190.11589258714,40.923076923077,
    386.66344115415));
#8621 = ELLIPSE('',#8622,53.471526082229,41.5);
#8622 = AXIS2_PLACEMENT_3D('',#8623,#8624,#8625);
#8623 = CARTESIAN_POINT('',(197.01167210421,0.,419.91344115415));
#8624 = DIRECTION('',(-1.723319265326E-16,0.630592625094,0.776114000116)
  );
#8625 = DIRECTION('',(1.400196903077E-16,0.776114000116,-0.630592625094)
  );
#8626 = ORIENTED_EDGE('',*,*,#8627,.T.);
#8627 = EDGE_CURVE('',#8619,#8628,#8630,.T.);
#8628 = VERTEX_POINT('',#8629);
#8629 = CARTESIAN_POINT('',(176.00448821041,40.923076923077,
    386.66344115415));
#8630 = LINE('',#8631,#8632);
#8631 = CARTESIAN_POINT('',(185.01167210421,40.923076923077,
    386.66344115415));
#8632 = VECTOR('',#8633,1.);
#8633 = DIRECTION('',(-1.,0.,-2.22044604925E-16));
#8634 = ORIENTED_EDGE('',*,*,#8635,.F.);
#8635 = EDGE_CURVE('',#8538,#8628,#8636,.T.);
#8636 = ELLIPSE('',#8637,59.269643368254,46.);
#8637 = AXIS2_PLACEMENT_3D('',#8638,#8639,#8640);
#8638 = CARTESIAN_POINT('',(197.01167210421,0.,419.91344115415));
#8639 = DIRECTION('',(-1.723319265326E-16,0.630592625094,0.776114000116)
  );
#8640 = DIRECTION('',(1.400196903077E-16,0.776114000116,-0.630592625094)
  );
#8641 = ORIENTED_EDGE('',*,*,#8537,.F.);
#8642 = PLANE('',#8643);
#8643 = AXIS2_PLACEMENT_3D('',#8644,#8645,#8646);
#8644 = CARTESIAN_POINT('',(173.01167210421,28.,397.16344115415));
#8645 = DIRECTION('',(-1.723319265326E-16,0.630592625094,0.776114000116)
  );
#8646 = DIRECTION('',(1.400196903077E-16,0.776114000116,-0.630592625094)
  );
#8647 = ADVANCED_FACE('',(#8648,#8660),#8833,.T.);
#8648 = FACE_BOUND('',#8649,.T.);
#8649 = EDGE_LOOP('',(#8650,#8651,#8652,#8653,#8654));
#8650 = ORIENTED_EDGE('',*,*,#7993,.F.);
#8651 = ORIENTED_EDGE('',*,*,#8029,.F.);
#8652 = ORIENTED_EDGE('',*,*,#7907,.T.);
#8653 = ORIENTED_EDGE('',*,*,#8577,.T.);
#8654 = ORIENTED_EDGE('',*,*,#8655,.F.);
#8655 = EDGE_CURVE('',#7996,#8578,#8656,.T.);
#8656 = LINE('',#8657,#8658);
#8657 = CARTESIAN_POINT('',(221.01167210421,28.,432.16344115415));
#8658 = VECTOR('',#8659,1.);
#8659 = DIRECTION('',(2.22044604925E-16,0.,-1.));
#8660 = FACE_BOUND('',#8661,.T.);
#8661 = EDGE_LOOP('',(#8662,#8673,#8682,#8691,#8700,#8709,#8718,#8727,
    #8736,#8745,#8754,#8763,#8772,#8781,#8790,#8799,#8808,#8817,#8826));
#8662 = ORIENTED_EDGE('',*,*,#8663,.T.);
#8663 = EDGE_CURVE('',#8664,#8666,#8668,.T.);
#8664 = VERTEX_POINT('',#8665);
#8665 = CARTESIAN_POINT('',(186.81167210421,28.,432.16344115415));
#8666 = VERTEX_POINT('',#8667);
#8667 = CARTESIAN_POINT('',(186.91704017473,28.,433.62577018973));
#8668 = CIRCLE('',#8669,10.2);
#8669 = AXIS2_PLACEMENT_3D('',#8670,#8671,#8672);
#8670 = CARTESIAN_POINT('',(197.01167210421,28.,432.16344115415));
#8671 = DIRECTION('',(-0.,1.,0.));
#8672 = DIRECTION('',(1.,0.,2.22044604925E-16));
#8673 = ORIENTED_EDGE('',*,*,#8674,.T.);
#8674 = EDGE_CURVE('',#8666,#8675,#8677,.T.);
#8675 = VERTEX_POINT('',#8676);
#8676 = CARTESIAN_POINT('',(187.57009028555,28.,436.02304382302));
#8677 = CIRCLE('',#8678,2.25);
#8678 = AXIS2_PLACEMENT_3D('',#8679,#8680,#8681);
#8679 = CARTESIAN_POINT('',(185.43358210421,28.,435.31747115415));
#8680 = DIRECTION('',(-0.,1.,0.));
#8681 = DIRECTION('',(1.,0.,2.22044604925E-16));
#8682 = ORIENTED_EDGE('',*,*,#8683,.T.);
#8683 = EDGE_CURVE('',#8675,#8684,#8686,.T.);
#8684 = VERTEX_POINT('',#8685);
#8685 = CARTESIAN_POINT('',(193.2307656227,28.,441.63681152472));
#8686 = CIRCLE('',#8687,10.2);
#8687 = AXIS2_PLACEMENT_3D('',#8688,#8689,#8690);
#8688 = CARTESIAN_POINT('',(197.01167210421,28.,432.16344115415));
#8689 = DIRECTION('',(-0.,1.,0.));
#8690 = DIRECTION('',(1.,0.,2.22044604925E-16));
#8691 = ORIENTED_EDGE('',*,*,#8692,.T.);
#8692 = EDGE_CURVE('',#8684,#8693,#8695,.T.);
#8693 = VERTEX_POINT('',#8694);
#8694 = CARTESIAN_POINT('',(196.20410210421,28.,443.76737115415));
#8695 = CIRCLE('',#8696,2.25);
#8696 = AXIS2_PLACEMENT_3D('',#8697,#8698,#8699);
#8697 = CARTESIAN_POINT('',(193.95410210421,28.,443.76737115415));
#8698 = DIRECTION('',(-0.,1.,0.));
#8699 = DIRECTION('',(1.,0.,2.22044604925E-16));
#8700 = ORIENTED_EDGE('',*,*,#8701,.T.);
#8701 = EDGE_CURVE('',#8693,#8702,#8704,.T.);
#8702 = VERTEX_POINT('',#8703);
#8703 = CARTESIAN_POINT('',(195.63340587238,28.,442.26989365709));
#8704 = CIRCLE('',#8705,2.25);
#8705 = AXIS2_PLACEMENT_3D('',#8706,#8707,#8708);
#8706 = CARTESIAN_POINT('',(193.95410210421,28.,443.76737115415));
#8707 = DIRECTION('',(-0.,1.,0.));
#8708 = DIRECTION('',(1.,0.,2.22044604925E-16));
#8709 = ORIENTED_EDGE('',*,*,#8710,.T.);
#8710 = EDGE_CURVE('',#8702,#8711,#8713,.T.);
#8711 = VERTEX_POINT('',#8712);
#8712 = CARTESIAN_POINT('',(203.32540677307,28.,440.17448069538));
#8713 = CIRCLE('',#8714,10.2);
#8714 = AXIS2_PLACEMENT_3D('',#8715,#8716,#8717);
#8715 = CARTESIAN_POINT('',(197.01167210421,28.,432.16344115415));
#8716 = DIRECTION('',(-0.,1.,0.));
#8717 = DIRECTION('',(1.,0.,2.22044604925E-16));
#8718 = ORIENTED_EDGE('',*,*,#8719,.T.);
#8719 = EDGE_CURVE('',#8711,#8720,#8722,.T.);
#8720 = VERTEX_POINT('',#8721);
#8721 = CARTESIAN_POINT('',(207.78219210421,28.,440.61334115415));
#8722 = CIRCLE('',#8723,2.25);
#8723 = AXIS2_PLACEMENT_3D('',#8724,#8725,#8726);
#8724 = CARTESIAN_POINT('',(205.53219210421,28.,440.61334115415));
#8725 = DIRECTION('',(-0.,1.,0.));
#8726 = DIRECTION('',(1.,0.,2.22044604925E-16));
#8727 = ORIENTED_EDGE('',*,*,#8728,.T.);
#8728 = EDGE_CURVE('',#8720,#8729,#8731,.T.);
#8729 = VERTEX_POINT('',#8730);
#8730 = CARTESIAN_POINT('',(205.07498071323,28.,438.41028469914));
#8731 = CIRCLE('',#8732,2.25);
#8732 = AXIS2_PLACEMENT_3D('',#8733,#8734,#8735);
#8733 = CARTESIAN_POINT('',(205.53219210421,28.,440.61334115415));
#8734 = DIRECTION('',(-0.,1.,0.));
#8735 = DIRECTION('',(1.,0.,2.22044604925E-16));
#8736 = ORIENTED_EDGE('',*,*,#8737,.T.);
#8737 = EDGE_CURVE('',#8729,#8738,#8740,.T.);
#8738 = VERTEX_POINT('',#8739);
#8739 = CARTESIAN_POINT('',(207.21167210421,28.,432.16344115415));
#8740 = CIRCLE('',#8741,10.2);
#8741 = AXIS2_PLACEMENT_3D('',#8742,#8743,#8744);
#8742 = CARTESIAN_POINT('',(197.01167210421,28.,432.16344115415));
#8743 = DIRECTION('',(-0.,1.,0.));
#8744 = DIRECTION('',(1.,0.,2.22044604925E-16));
#8745 = ORIENTED_EDGE('',*,*,#8746,.T.);
#8746 = EDGE_CURVE('',#8738,#8747,#8749,.T.);
#8747 = VERTEX_POINT('',#8748);
#8748 = CARTESIAN_POINT('',(207.10630403369,28.,430.70111211856));
#8749 = CIRCLE('',#8750,10.2);
#8750 = AXIS2_PLACEMENT_3D('',#8751,#8752,#8753);
#8751 = CARTESIAN_POINT('',(197.01167210421,28.,432.16344115415));
#8752 = DIRECTION('',(-0.,1.,0.));
#8753 = DIRECTION('',(1.,0.,2.22044604925E-16));
#8754 = ORIENTED_EDGE('',*,*,#8755,.T.);
#8755 = EDGE_CURVE('',#8747,#8756,#8758,.T.);
#8756 = VERTEX_POINT('',#8757);
#8757 = CARTESIAN_POINT('',(210.83976210421,28.,429.00941115415));
#8758 = CIRCLE('',#8759,2.25);
#8759 = AXIS2_PLACEMENT_3D('',#8760,#8761,#8762);
#8760 = CARTESIAN_POINT('',(208.58976210421,28.,429.00941115415));
#8761 = DIRECTION('',(-0.,1.,0.));
#8762 = DIRECTION('',(1.,0.,2.22044604925E-16));
#8763 = ORIENTED_EDGE('',*,*,#8764,.T.);
#8764 = EDGE_CURVE('',#8756,#8765,#8767,.T.);
#8765 = VERTEX_POINT('',#8766);
#8766 = CARTESIAN_POINT('',(206.45325392286,28.,428.30383848527));
#8767 = CIRCLE('',#8768,2.25);
#8768 = AXIS2_PLACEMENT_3D('',#8769,#8770,#8771);
#8769 = CARTESIAN_POINT('',(208.58976210421,28.,429.00941115415));
#8770 = DIRECTION('',(-0.,1.,0.));
#8771 = DIRECTION('',(1.,0.,2.22044604925E-16));
#8772 = ORIENTED_EDGE('',*,*,#8773,.T.);
#8773 = EDGE_CURVE('',#8765,#8774,#8776,.T.);
#8774 = VERTEX_POINT('',#8775);
#8775 = CARTESIAN_POINT('',(200.79257858571,28.,422.69007078357));
#8776 = CIRCLE('',#8777,10.2);
#8777 = AXIS2_PLACEMENT_3D('',#8778,#8779,#8780);
#8778 = CARTESIAN_POINT('',(197.01167210421,28.,432.16344115415));
#8779 = DIRECTION('',(-0.,1.,0.));
#8780 = DIRECTION('',(1.,0.,2.22044604925E-16));
#8781 = ORIENTED_EDGE('',*,*,#8782,.T.);
#8782 = EDGE_CURVE('',#8774,#8783,#8785,.T.);
#8783 = VERTEX_POINT('',#8784);
#8784 = CARTESIAN_POINT('',(202.31924210421,28.,420.55951115415));
#8785 = CIRCLE('',#8786,2.25);
#8786 = AXIS2_PLACEMENT_3D('',#8787,#8788,#8789);
#8787 = CARTESIAN_POINT('',(200.06924210421,28.,420.55951115415));
#8788 = DIRECTION('',(-0.,1.,0.));
#8789 = DIRECTION('',(1.,0.,2.22044604925E-16));
#8790 = ORIENTED_EDGE('',*,*,#8791,.T.);
#8791 = EDGE_CURVE('',#8783,#8792,#8794,.T.);
#8792 = VERTEX_POINT('',#8793);
#8793 = CARTESIAN_POINT('',(198.38993833603,28.,422.05698865121));
#8794 = CIRCLE('',#8795,2.25);
#8795 = AXIS2_PLACEMENT_3D('',#8796,#8797,#8798);
#8796 = CARTESIAN_POINT('',(200.06924210421,28.,420.55951115415));
#8797 = DIRECTION('',(-0.,1.,0.));
#8798 = DIRECTION('',(1.,0.,2.22044604925E-16));
#8799 = ORIENTED_EDGE('',*,*,#8800,.T.);
#8800 = EDGE_CURVE('',#8792,#8801,#8803,.T.);
#8801 = VERTEX_POINT('',#8802);
#8802 = CARTESIAN_POINT('',(190.69794929398,28.,424.15239226679));
#8803 = CIRCLE('',#8804,10.2);
#8804 = AXIS2_PLACEMENT_3D('',#8805,#8806,#8807);
#8805 = CARTESIAN_POINT('',(197.01167210421,28.,432.16344115415));
#8806 = DIRECTION('',(-0.,1.,0.));
#8807 = DIRECTION('',(1.,0.,2.22044604925E-16));
#8808 = ORIENTED_EDGE('',*,*,#8809,.T.);
#8809 = EDGE_CURVE('',#8801,#8810,#8812,.T.);
#8810 = VERTEX_POINT('',#8811);
#8811 = CARTESIAN_POINT('',(190.74116210421,28.,423.71354115415));
#8812 = CIRCLE('',#8813,2.25);
#8813 = AXIS2_PLACEMENT_3D('',#8814,#8815,#8816);
#8814 = CARTESIAN_POINT('',(188.49116210421,28.,423.71354115415));
#8815 = DIRECTION('',(-0.,1.,0.));
#8816 = DIRECTION('',(1.,0.,2.22044604925E-16));
#8817 = ORIENTED_EDGE('',*,*,#8818,.T.);
#8818 = EDGE_CURVE('',#8810,#8819,#8821,.T.);
#8819 = VERTEX_POINT('',#8820);
#8820 = CARTESIAN_POINT('',(188.94836157935,28.,425.91660008208));
#8821 = CIRCLE('',#8822,2.25);
#8822 = AXIS2_PLACEMENT_3D('',#8823,#8824,#8825);
#8823 = CARTESIAN_POINT('',(188.49116210421,28.,423.71354115415));
#8824 = DIRECTION('',(-0.,1.,0.));
#8825 = DIRECTION('',(1.,0.,2.22044604925E-16));
#8826 = ORIENTED_EDGE('',*,*,#8827,.T.);
#8827 = EDGE_CURVE('',#8819,#8664,#8828,.T.);
#8828 = CIRCLE('',#8829,10.2);
#8829 = AXIS2_PLACEMENT_3D('',#8830,#8831,#8832);
#8830 = CARTESIAN_POINT('',(197.01167210421,28.,432.16344115415));
#8831 = DIRECTION('',(-0.,1.,0.));
#8832 = DIRECTION('',(1.,0.,2.22044604925E-16));
#8833 = PLANE('',#8834);
#8834 = AXIS2_PLACEMENT_3D('',#8835,#8836,#8837);
#8835 = CARTESIAN_POINT('',(197.37012590629,28.,424.11410459092));
#8836 = DIRECTION('',(-0.,-1.,0.));
#8837 = DIRECTION('',(-1.,0.,-2.22044604925E-16));
#8838 = ADVANCED_FACE('',(#8839),#8861,.T.);
#8839 = FACE_BOUND('',#8840,.T.);
#8840 = EDGE_LOOP('',(#8841,#8842,#8843,#8844,#8850,#8851,#8857,#8858,
    #8859,#8860));
#8841 = ORIENTED_EDGE('',*,*,#8004,.F.);
#8842 = ORIENTED_EDGE('',*,*,#8655,.T.);
#8843 = ORIENTED_EDGE('',*,*,#8585,.T.);
#8844 = ORIENTED_EDGE('',*,*,#8845,.T.);
#8845 = EDGE_CURVE('',#8586,#8459,#8846,.T.);
#8846 = LINE('',#8847,#8848);
#8847 = CARTESIAN_POINT('',(221.01167210421,44.,384.16344115415));
#8848 = VECTOR('',#8849,1.);
#8849 = DIRECTION('',(2.22044604925E-16,0.,-1.));
#8850 = ORIENTED_EDGE('',*,*,#8466,.T.);
#8851 = ORIENTED_EDGE('',*,*,#8852,.T.);
#8852 = EDGE_CURVE('',#8467,#8332,#8853,.T.);
#8853 = LINE('',#8854,#8855);
#8854 = CARTESIAN_POINT('',(221.01167210421,17.,320.16344115415));
#8855 = VECTOR('',#8856,1.);
#8856 = DIRECTION('',(0.,1.,0.));
#8857 = ORIENTED_EDGE('',*,*,#8339,.T.);
#8858 = ORIENTED_EDGE('',*,*,#8307,.T.);
#8859 = ORIENTED_EDGE('',*,*,#8250,.T.);
#8860 = ORIENTED_EDGE('',*,*,#8045,.T.);
#8861 = PLANE('',#8862);
#8862 = AXIS2_PLACEMENT_3D('',#8863,#8864,#8865);
#8863 = CARTESIAN_POINT('',(221.01167210421,38.015215933051,
    373.98544802066));
#8864 = DIRECTION('',(1.,0.,2.22044604925E-16));
#8865 = DIRECTION('',(2.22044604925E-16,0.,-1.));
#8866 = ADVANCED_FACE('',(#8867),#8885,.F.);
#8867 = FACE_BOUND('',#8868,.F.);
#8868 = EDGE_LOOP('',(#8869,#8870,#8871,#8877,#8878,#8879));
#8869 = ORIENTED_EDGE('',*,*,#8827,.T.);
#8870 = ORIENTED_EDGE('',*,*,#8663,.T.);
#8871 = ORIENTED_EDGE('',*,*,#8872,.T.);
#8872 = EDGE_CURVE('',#8666,#8066,#8873,.T.);
#8873 = LINE('',#8874,#8875);
#8874 = CARTESIAN_POINT('',(186.91704017473,28.,433.62577018973));
#8875 = VECTOR('',#8876,1.);
#8876 = DIRECTION('',(0.,1.,0.));
#8877 = ORIENTED_EDGE('',*,*,#8063,.F.);
#8878 = ORIENTED_EDGE('',*,*,#8074,.F.);
#8879 = ORIENTED_EDGE('',*,*,#8880,.F.);
#8880 = EDGE_CURVE('',#8819,#8075,#8881,.T.);
#8881 = LINE('',#8882,#8883);
#8882 = CARTESIAN_POINT('',(188.94836157935,28.,425.91660008208));
#8883 = VECTOR('',#8884,1.);
#8884 = DIRECTION('',(0.,1.,0.));
#8885 = CYLINDRICAL_SURFACE('',#8886,10.2);
#8886 = AXIS2_PLACEMENT_3D('',#8887,#8888,#8889);
#8887 = CARTESIAN_POINT('',(197.01167210421,28.,432.16344115415));
#8888 = DIRECTION('',(0.,1.,0.));
#8889 = DIRECTION('',(1.,0.,2.22044604925E-16));
#8890 = ADVANCED_FACE('',(#8891),#8904,.F.);
#8891 = FACE_BOUND('',#8892,.F.);
#8892 = EDGE_LOOP('',(#8893,#8894,#8895,#8896,#8902,#8903));
#8893 = ORIENTED_EDGE('',*,*,#8880,.T.);
#8894 = ORIENTED_EDGE('',*,*,#8083,.F.);
#8895 = ORIENTED_EDGE('',*,*,#8092,.F.);
#8896 = ORIENTED_EDGE('',*,*,#8897,.F.);
#8897 = EDGE_CURVE('',#8801,#8093,#8898,.T.);
#8898 = LINE('',#8899,#8900);
#8899 = CARTESIAN_POINT('',(190.69794929398,28.,424.15239226679));
#8900 = VECTOR('',#8901,1.);
#8901 = DIRECTION('',(0.,1.,0.));
#8902 = ORIENTED_EDGE('',*,*,#8809,.T.);
#8903 = ORIENTED_EDGE('',*,*,#8818,.T.);
#8904 = CYLINDRICAL_SURFACE('',#8905,2.25);
#8905 = AXIS2_PLACEMENT_3D('',#8906,#8907,#8908);
#8906 = CARTESIAN_POINT('',(188.49116210421,28.,423.71354115415));
#8907 = DIRECTION('',(0.,1.,0.));
#8908 = DIRECTION('',(1.,0.,2.22044604925E-16));
#8909 = ADVANCED_FACE('',(#8910),#8921,.F.);
#8910 = FACE_BOUND('',#8911,.F.);
#8911 = EDGE_LOOP('',(#8912,#8913,#8919,#8920));
#8912 = ORIENTED_EDGE('',*,*,#8101,.F.);
#8913 = ORIENTED_EDGE('',*,*,#8914,.F.);
#8914 = EDGE_CURVE('',#8792,#8102,#8915,.T.);
#8915 = LINE('',#8916,#8917);
#8916 = CARTESIAN_POINT('',(198.38993833603,28.,422.05698865121));
#8917 = VECTOR('',#8918,1.);
#8918 = DIRECTION('',(0.,1.,0.));
#8919 = ORIENTED_EDGE('',*,*,#8800,.T.);
#8920 = ORIENTED_EDGE('',*,*,#8897,.T.);
#8921 = CYLINDRICAL_SURFACE('',#8922,10.2);
#8922 = AXIS2_PLACEMENT_3D('',#8923,#8924,#8925);
#8923 = CARTESIAN_POINT('',(197.01167210421,28.,432.16344115415));
#8924 = DIRECTION('',(0.,1.,0.));
#8925 = DIRECTION('',(1.,0.,2.22044604925E-16));
#8926 = ADVANCED_FACE('',(#8927),#8940,.F.);
#8927 = FACE_BOUND('',#8928,.F.);
#8928 = EDGE_LOOP('',(#8929,#8930,#8931,#8932,#8938,#8939));
#8929 = ORIENTED_EDGE('',*,*,#8914,.T.);
#8930 = ORIENTED_EDGE('',*,*,#8110,.F.);
#8931 = ORIENTED_EDGE('',*,*,#8119,.F.);
#8932 = ORIENTED_EDGE('',*,*,#8933,.F.);
#8933 = EDGE_CURVE('',#8774,#8120,#8934,.T.);
#8934 = LINE('',#8935,#8936);
#8935 = CARTESIAN_POINT('',(200.79257858571,28.,422.69007078357));
#8936 = VECTOR('',#8937,1.);
#8937 = DIRECTION('',(0.,1.,0.));
#8938 = ORIENTED_EDGE('',*,*,#8782,.T.);
#8939 = ORIENTED_EDGE('',*,*,#8791,.T.);
#8940 = CYLINDRICAL_SURFACE('',#8941,2.25);
#8941 = AXIS2_PLACEMENT_3D('',#8942,#8943,#8944);
#8942 = CARTESIAN_POINT('',(200.06924210421,28.,420.55951115415));
#8943 = DIRECTION('',(0.,1.,0.));
#8944 = DIRECTION('',(1.,0.,2.22044604925E-16));
#8945 = ADVANCED_FACE('',(#8946),#8957,.F.);
#8946 = FACE_BOUND('',#8947,.F.);
#8947 = EDGE_LOOP('',(#8948,#8949,#8955,#8956));
#8948 = ORIENTED_EDGE('',*,*,#8128,.F.);
#8949 = ORIENTED_EDGE('',*,*,#8950,.F.);
#8950 = EDGE_CURVE('',#8765,#8129,#8951,.T.);
#8951 = LINE('',#8952,#8953);
#8952 = CARTESIAN_POINT('',(206.45325392286,28.,428.30383848527));
#8953 = VECTOR('',#8954,1.);
#8954 = DIRECTION('',(0.,1.,0.));
#8955 = ORIENTED_EDGE('',*,*,#8773,.T.);
#8956 = ORIENTED_EDGE('',*,*,#8933,.T.);
#8957 = CYLINDRICAL_SURFACE('',#8958,10.2);
#8958 = AXIS2_PLACEMENT_3D('',#8959,#8960,#8961);
#8959 = CARTESIAN_POINT('',(197.01167210421,28.,432.16344115415));
#8960 = DIRECTION('',(0.,1.,0.));
#8961 = DIRECTION('',(1.,0.,2.22044604925E-16));
#8962 = ADVANCED_FACE('',(#8963),#8976,.F.);
#8963 = FACE_BOUND('',#8964,.F.);
#8964 = EDGE_LOOP('',(#8965,#8966,#8967,#8968,#8974,#8975));
#8965 = ORIENTED_EDGE('',*,*,#8950,.T.);
#8966 = ORIENTED_EDGE('',*,*,#8137,.F.);
#8967 = ORIENTED_EDGE('',*,*,#8146,.F.);
#8968 = ORIENTED_EDGE('',*,*,#8969,.F.);
#8969 = EDGE_CURVE('',#8747,#8147,#8970,.T.);
#8970 = LINE('',#8971,#8972);
#8971 = CARTESIAN_POINT('',(207.10630403369,28.,430.70111211856));
#8972 = VECTOR('',#8973,1.);
#8973 = DIRECTION('',(0.,1.,0.));
#8974 = ORIENTED_EDGE('',*,*,#8755,.T.);
#8975 = ORIENTED_EDGE('',*,*,#8764,.T.);
#8976 = CYLINDRICAL_SURFACE('',#8977,2.25);
#8977 = AXIS2_PLACEMENT_3D('',#8978,#8979,#8980);
#8978 = CARTESIAN_POINT('',(208.58976210421,28.,429.00941115415));
#8979 = DIRECTION('',(0.,1.,0.));
#8980 = DIRECTION('',(1.,0.,2.22044604925E-16));
#8981 = ADVANCED_FACE('',(#8982),#8995,.F.);
#8982 = FACE_BOUND('',#8983,.F.);
#8983 = EDGE_LOOP('',(#8984,#8985,#8986,#8987,#8993,#8994));
#8984 = ORIENTED_EDGE('',*,*,#8969,.T.);
#8985 = ORIENTED_EDGE('',*,*,#8155,.F.);
#8986 = ORIENTED_EDGE('',*,*,#8164,.F.);
#8987 = ORIENTED_EDGE('',*,*,#8988,.F.);
#8988 = EDGE_CURVE('',#8729,#8165,#8989,.T.);
#8989 = LINE('',#8990,#8991);
#8990 = CARTESIAN_POINT('',(205.07498071323,28.,438.41028469914));
#8991 = VECTOR('',#8992,1.);
#8992 = DIRECTION('',(0.,1.,0.));
#8993 = ORIENTED_EDGE('',*,*,#8737,.T.);
#8994 = ORIENTED_EDGE('',*,*,#8746,.T.);
#8995 = CYLINDRICAL_SURFACE('',#8996,10.2);
#8996 = AXIS2_PLACEMENT_3D('',#8997,#8998,#8999);
#8997 = CARTESIAN_POINT('',(197.01167210421,28.,432.16344115415));
#8998 = DIRECTION('',(0.,1.,0.));
#8999 = DIRECTION('',(1.,0.,2.22044604925E-16));
#9000 = ADVANCED_FACE('',(#9001),#9014,.F.);
#9001 = FACE_BOUND('',#9002,.F.);
#9002 = EDGE_LOOP('',(#9003,#9004,#9005,#9006,#9012,#9013));
#9003 = ORIENTED_EDGE('',*,*,#8988,.T.);
#9004 = ORIENTED_EDGE('',*,*,#8173,.F.);
#9005 = ORIENTED_EDGE('',*,*,#8182,.F.);
#9006 = ORIENTED_EDGE('',*,*,#9007,.F.);
#9007 = EDGE_CURVE('',#8711,#8183,#9008,.T.);
#9008 = LINE('',#9009,#9010);
#9009 = CARTESIAN_POINT('',(203.32540677307,28.,440.17448069538));
#9010 = VECTOR('',#9011,1.);
#9011 = DIRECTION('',(0.,1.,0.));
#9012 = ORIENTED_EDGE('',*,*,#8719,.T.);
#9013 = ORIENTED_EDGE('',*,*,#8728,.T.);
#9014 = CYLINDRICAL_SURFACE('',#9015,2.25);
#9015 = AXIS2_PLACEMENT_3D('',#9016,#9017,#9018);
#9016 = CARTESIAN_POINT('',(205.53219210421,28.,440.61334115415));
#9017 = DIRECTION('',(0.,1.,0.));
#9018 = DIRECTION('',(1.,0.,2.22044604925E-16));
#9019 = ADVANCED_FACE('',(#9020),#9031,.F.);
#9020 = FACE_BOUND('',#9021,.F.);
#9021 = EDGE_LOOP('',(#9022,#9023,#9024,#9025));
#9022 = ORIENTED_EDGE('',*,*,#8710,.T.);
#9023 = ORIENTED_EDGE('',*,*,#9007,.T.);
#9024 = ORIENTED_EDGE('',*,*,#8191,.F.);
#9025 = ORIENTED_EDGE('',*,*,#9026,.F.);
#9026 = EDGE_CURVE('',#8702,#8192,#9027,.T.);
#9027 = LINE('',#9028,#9029);
#9028 = CARTESIAN_POINT('',(195.63340587238,28.,442.26989365709));
#9029 = VECTOR('',#9030,1.);
#9030 = DIRECTION('',(0.,1.,0.));
#9031 = CYLINDRICAL_SURFACE('',#9032,10.2);
#9032 = AXIS2_PLACEMENT_3D('',#9033,#9034,#9035);
#9033 = CARTESIAN_POINT('',(197.01167210421,28.,432.16344115415));
#9034 = DIRECTION('',(0.,1.,0.));
#9035 = DIRECTION('',(1.,0.,2.22044604925E-16));
#9036 = ADVANCED_FACE('',(#9037),#9050,.F.);
#9037 = FACE_BOUND('',#9038,.F.);
#9038 = EDGE_LOOP('',(#9039,#9040,#9041,#9042,#9048,#9049));
#9039 = ORIENTED_EDGE('',*,*,#9026,.T.);
#9040 = ORIENTED_EDGE('',*,*,#8200,.F.);
#9041 = ORIENTED_EDGE('',*,*,#8209,.F.);
#9042 = ORIENTED_EDGE('',*,*,#9043,.F.);
#9043 = EDGE_CURVE('',#8684,#8210,#9044,.T.);
#9044 = LINE('',#9045,#9046);
#9045 = CARTESIAN_POINT('',(193.2307656227,28.,441.63681152472));
#9046 = VECTOR('',#9047,1.);
#9047 = DIRECTION('',(0.,1.,0.));
#9048 = ORIENTED_EDGE('',*,*,#8692,.T.);
#9049 = ORIENTED_EDGE('',*,*,#8701,.T.);
#9050 = CYLINDRICAL_SURFACE('',#9051,2.25);
#9051 = AXIS2_PLACEMENT_3D('',#9052,#9053,#9054);
#9052 = CARTESIAN_POINT('',(193.95410210421,28.,443.76737115415));
#9053 = DIRECTION('',(0.,1.,0.));
#9054 = DIRECTION('',(1.,0.,2.22044604925E-16));
#9055 = ADVANCED_FACE('',(#9056),#9067,.F.);
#9056 = FACE_BOUND('',#9057,.F.);
#9057 = EDGE_LOOP('',(#9058,#9059,#9060,#9061));
#9058 = ORIENTED_EDGE('',*,*,#8683,.T.);
#9059 = ORIENTED_EDGE('',*,*,#9043,.T.);
#9060 = ORIENTED_EDGE('',*,*,#8218,.F.);
#9061 = ORIENTED_EDGE('',*,*,#9062,.F.);
#9062 = EDGE_CURVE('',#8675,#8219,#9063,.T.);
#9063 = LINE('',#9064,#9065);
#9064 = CARTESIAN_POINT('',(187.57009028555,28.,436.02304382302));
#9065 = VECTOR('',#9066,1.);
#9066 = DIRECTION('',(0.,1.,0.));
#9067 = CYLINDRICAL_SURFACE('',#9068,10.2);
#9068 = AXIS2_PLACEMENT_3D('',#9069,#9070,#9071);
#9069 = CARTESIAN_POINT('',(197.01167210421,28.,432.16344115415));
#9070 = DIRECTION('',(0.,1.,0.));
#9071 = DIRECTION('',(1.,0.,2.22044604925E-16));
#9072 = ADVANCED_FACE('',(#9073),#9079,.F.);
#9073 = FACE_BOUND('',#9074,.F.);
#9074 = EDGE_LOOP('',(#9075,#9076,#9077,#9078));
#9075 = ORIENTED_EDGE('',*,*,#8227,.F.);
#9076 = ORIENTED_EDGE('',*,*,#8872,.F.);
#9077 = ORIENTED_EDGE('',*,*,#8674,.T.);
#9078 = ORIENTED_EDGE('',*,*,#9062,.T.);
#9079 = CYLINDRICAL_SURFACE('',#9080,2.25);
#9080 = AXIS2_PLACEMENT_3D('',#9081,#9082,#9083);
#9081 = CARTESIAN_POINT('',(185.43358210421,28.,435.31747115415));
#9082 = DIRECTION('',(0.,1.,0.));
#9083 = DIRECTION('',(1.,0.,2.22044604925E-16));
#9084 = ADVANCED_FACE('',(#9085),#9110,.F.);
#9085 = FACE_BOUND('',#9086,.F.);
#9086 = EDGE_LOOP('',(#9087,#9095,#9101,#9102,#9108,#9109));
#9087 = ORIENTED_EDGE('',*,*,#9088,.F.);
#9088 = EDGE_CURVE('',#9089,#8284,#9091,.T.);
#9089 = VERTEX_POINT('',#9090);
#9090 = CARTESIAN_POINT('',(213.01167210421,44.,353.16344115415));
#9091 = LINE('',#9092,#9093);
#9092 = CARTESIAN_POINT('',(213.01167210421,42.,353.16344115415));
#9093 = VECTOR('',#9094,1.);
#9094 = DIRECTION('',(0.,1.,0.));
#9095 = ORIENTED_EDGE('',*,*,#9096,.T.);
#9096 = EDGE_CURVE('',#9089,#8451,#9097,.T.);
#9097 = LINE('',#9098,#9099);
#9098 = CARTESIAN_POINT('',(213.01167210421,44.,368.66344115415));
#9099 = VECTOR('',#9100,1.);
#9100 = DIRECTION('',(2.22044604925E-16,0.,-1.));
#9101 = ORIENTED_EDGE('',*,*,#8450,.T.);
#9102 = ORIENTED_EDGE('',*,*,#9103,.T.);
#9103 = EDGE_CURVE('',#8443,#8347,#9104,.T.);
#9104 = LINE('',#9105,#9106);
#9105 = CARTESIAN_POINT('',(213.01167210421,42.,347.16344115415));
#9106 = VECTOR('',#9107,1.);
#9107 = DIRECTION('',(0.,1.,0.));
#9108 = ORIENTED_EDGE('',*,*,#8346,.T.);
#9109 = ORIENTED_EDGE('',*,*,#8291,.F.);
#9110 = PLANE('',#9111);
#9111 = AXIS2_PLACEMENT_3D('',#9112,#9113,#9114);
#9112 = CARTESIAN_POINT('',(213.01167210421,42.,353.16344115415));
#9113 = DIRECTION('',(1.,0.,2.22044604925E-16));
#9114 = DIRECTION('',(2.22044604925E-16,0.,-1.));
#9115 = ADVANCED_FACE('',(#9116,#9142,#9153),#9164,.T.);
#9116 = FACE_BOUND('',#9117,.T.);
#9117 = EDGE_LOOP('',(#9118,#9127,#9128,#9134,#9135,#9136));
#9118 = ORIENTED_EDGE('',*,*,#9119,.F.);
#9119 = EDGE_CURVE('',#8546,#9120,#9122,.T.);
#9120 = VERTEX_POINT('',#9121);
#9121 = CARTESIAN_POINT('',(210.4280799692,44.,353.16344115415));
#9122 = CIRCLE('',#9123,46.);
#9123 = AXIS2_PLACEMENT_3D('',#9124,#9125,#9126);
#9124 = CARTESIAN_POINT('',(197.01167210421,0.,353.16344115415));
#9125 = DIRECTION('',(2.22044604925E-16,0.,-1.));
#9126 = DIRECTION('',(1.,0.,2.22044604925E-16));
#9127 = ORIENTED_EDGE('',*,*,#8553,.T.);
#9128 = ORIENTED_EDGE('',*,*,#9129,.T.);
#9129 = EDGE_CURVE('',#8554,#8276,#9130,.T.);
#9130 = LINE('',#9131,#9132);
#9131 = CARTESIAN_POINT('',(181.01167210421,42.,353.16344115415));
#9132 = VECTOR('',#9133,1.);
#9133 = DIRECTION('',(0.,1.,0.));
#9134 = ORIENTED_EDGE('',*,*,#8283,.T.);
#9135 = ORIENTED_EDGE('',*,*,#9088,.F.);
#9136 = ORIENTED_EDGE('',*,*,#9137,.T.);
#9137 = EDGE_CURVE('',#9089,#9120,#9138,.T.);
#9138 = LINE('',#9139,#9140);
#9139 = CARTESIAN_POINT('',(177.01167210421,44.,353.16344115415));
#9140 = VECTOR('',#9141,1.);
#9141 = DIRECTION('',(-1.,0.,-2.22044604925E-16));
#9142 = FACE_BOUND('',#9143,.T.);
#9143 = EDGE_LOOP('',(#9144));
#9144 = ORIENTED_EDGE('',*,*,#9145,.F.);
#9145 = EDGE_CURVE('',#9146,#9146,#9148,.T.);
#9146 = VERTEX_POINT('',#9147);
#9147 = CARTESIAN_POINT('',(188.71167210421,48.,353.16344115415));
#9148 = CIRCLE('',#9149,1.7);
#9149 = AXIS2_PLACEMENT_3D('',#9150,#9151,#9152);
#9150 = CARTESIAN_POINT('',(187.01167210421,48.,353.16344115415));
#9151 = DIRECTION('',(2.22044604925E-16,0.,-1.));
#9152 = DIRECTION('',(1.,0.,2.22044604925E-16));
#9153 = FACE_BOUND('',#9154,.T.);
#9154 = EDGE_LOOP('',(#9155));
#9155 = ORIENTED_EDGE('',*,*,#9156,.F.);
#9156 = EDGE_CURVE('',#9157,#9157,#9159,.T.);
#9157 = VERTEX_POINT('',#9158);
#9158 = CARTESIAN_POINT('',(208.71167210421,48.,353.16344115415));
#9159 = CIRCLE('',#9160,1.7);
#9160 = AXIS2_PLACEMENT_3D('',#9161,#9162,#9163);
#9161 = CARTESIAN_POINT('',(207.01167210421,48.,353.16344115415));
#9162 = DIRECTION('',(2.22044604925E-16,0.,-1.));
#9163 = DIRECTION('',(1.,0.,2.22044604925E-16));
#9164 = PLANE('',#9165);
#9165 = AXIS2_PLACEMENT_3D('',#9166,#9167,#9168);
#9166 = CARTESIAN_POINT('',(181.01167210421,42.,353.16344115415));
#9167 = DIRECTION('',(2.22044604925E-16,0.,-1.));
#9168 = DIRECTION('',(1.,0.,2.22044604925E-16));
#9169 = ADVANCED_FACE('',(#9170),#9183,.T.);
#9170 = FACE_BOUND('',#9171,.T.);
#9171 = EDGE_LOOP('',(#9172,#9173,#9174,#9175,#9181,#9182));
#9172 = ORIENTED_EDGE('',*,*,#9129,.F.);
#9173 = ORIENTED_EDGE('',*,*,#8561,.T.);
#9174 = ORIENTED_EDGE('',*,*,#8434,.T.);
#9175 = ORIENTED_EDGE('',*,*,#9176,.T.);
#9176 = EDGE_CURVE('',#8435,#8355,#9177,.T.);
#9177 = LINE('',#9178,#9179);
#9178 = CARTESIAN_POINT('',(181.01167210421,42.,347.16344115415));
#9179 = VECTOR('',#9180,1.);
#9180 = DIRECTION('',(0.,1.,0.));
#9181 = ORIENTED_EDGE('',*,*,#8362,.T.);
#9182 = ORIENTED_EDGE('',*,*,#8275,.F.);
#9183 = PLANE('',#9184);
#9184 = AXIS2_PLACEMENT_3D('',#9185,#9186,#9187);
#9185 = CARTESIAN_POINT('',(181.01167210421,42.,353.16344115415));
#9186 = DIRECTION('',(1.,0.,2.22044604925E-16));
#9187 = DIRECTION('',(2.22044604925E-16,0.,-1.));
#9188 = ADVANCED_FACE('',(#9189,#9195,#9206),#9217,.F.);
#9189 = FACE_BOUND('',#9190,.F.);
#9190 = EDGE_LOOP('',(#9191,#9192,#9193,#9194));
#9191 = ORIENTED_EDGE('',*,*,#8442,.T.);
#9192 = ORIENTED_EDGE('',*,*,#9176,.T.);
#9193 = ORIENTED_EDGE('',*,*,#8354,.T.);
#9194 = ORIENTED_EDGE('',*,*,#9103,.F.);
#9195 = FACE_BOUND('',#9196,.F.);
#9196 = EDGE_LOOP('',(#9197));
#9197 = ORIENTED_EDGE('',*,*,#9198,.F.);
#9198 = EDGE_CURVE('',#9199,#9199,#9201,.T.);
#9199 = VERTEX_POINT('',#9200);
#9200 = CARTESIAN_POINT('',(188.71167210421,48.,347.16344115415));
#9201 = CIRCLE('',#9202,1.7);
#9202 = AXIS2_PLACEMENT_3D('',#9203,#9204,#9205);
#9203 = CARTESIAN_POINT('',(187.01167210421,48.,347.16344115415));
#9204 = DIRECTION('',(2.22044604925E-16,0.,-1.));
#9205 = DIRECTION('',(1.,0.,2.22044604925E-16));
#9206 = FACE_BOUND('',#9207,.F.);
#9207 = EDGE_LOOP('',(#9208));
#9208 = ORIENTED_EDGE('',*,*,#9209,.F.);
#9209 = EDGE_CURVE('',#9210,#9210,#9212,.T.);
#9210 = VERTEX_POINT('',#9211);
#9211 = CARTESIAN_POINT('',(208.71167210421,48.,347.16344115415));
#9212 = CIRCLE('',#9213,1.7);
#9213 = AXIS2_PLACEMENT_3D('',#9214,#9215,#9216);
#9214 = CARTESIAN_POINT('',(207.01167210421,48.,347.16344115415));
#9215 = DIRECTION('',(2.22044604925E-16,0.,-1.));
#9216 = DIRECTION('',(1.,0.,2.22044604925E-16));
#9217 = PLANE('',#9218);
#9218 = AXIS2_PLACEMENT_3D('',#9219,#9220,#9221);
#9219 = CARTESIAN_POINT('',(196.25900087546,1.107672274569E-15,
    347.16344115415));
#9220 = DIRECTION('',(-5.474427110857E-17,0.,-1.));
#9221 = DIRECTION('',(1.,0.,-5.474427110857E-17));
#9222 = ADVANCED_FACE('',(#9223),#9234,.F.);
#9223 = FACE_BOUND('',#9224,.F.);
#9224 = EDGE_LOOP('',(#9225,#9226,#9227,#9233));
#9225 = ORIENTED_EDGE('',*,*,#8401,.F.);
#9226 = ORIENTED_EDGE('',*,*,#8499,.T.);
#9227 = ORIENTED_EDGE('',*,*,#9228,.T.);
#9228 = EDGE_CURVE('',#8492,#8324,#9229,.T.);
#9229 = LINE('',#9230,#9231);
#9230 = CARTESIAN_POINT('',(178.01167210421,-4.,320.16344115415));
#9231 = VECTOR('',#9232,1.);
#9232 = DIRECTION('',(0.,1.,0.));
#9233 = ORIENTED_EDGE('',*,*,#8386,.F.);
#9234 = PLANE('',#9235);
#9235 = AXIS2_PLACEMENT_3D('',#9236,#9237,#9238);
#9236 = CARTESIAN_POINT('',(178.01167210421,-25.,328.16344115415));
#9237 = DIRECTION('',(1.,0.,2.22044604925E-16));
#9238 = DIRECTION('',(2.22044604925E-16,0.,-1.));
#9239 = ADVANCED_FACE('',(#9240),#9250,.F.);
#9240 = FACE_BOUND('',#9241,.F.);
#9241 = EDGE_LOOP('',(#9242,#9249));
#9242 = ORIENTED_EDGE('',*,*,#9243,.F.);
#9243 = EDGE_CURVE('',#8483,#8475,#9244,.T.);
#9244 = CIRCLE('',#9245,23.);
#9245 = AXIS2_PLACEMENT_3D('',#9246,#9247,#9248);
#9246 = CARTESIAN_POINT('',(197.01167210421,0.,320.16344115415));
#9247 = DIRECTION('',(2.22044604925E-16,0.,-1.));
#9248 = DIRECTION('',(1.,0.,2.22044604925E-16));
#9249 = ORIENTED_EDGE('',*,*,#8482,.T.);
#9250 = CYLINDRICAL_SURFACE('',#9251,23.);
#9251 = AXIS2_PLACEMENT_3D('',#9252,#9253,#9254);
#9252 = CARTESIAN_POINT('',(197.01167210421,0.,328.16344115415));
#9253 = DIRECTION('',(2.22044604925E-16,0.,-1.));
#9254 = DIRECTION('',(1.,0.,2.22044604925E-16));
#9255 = ADVANCED_FACE('',(#9256),#9269,.F.);
#9256 = FACE_BOUND('',#9257,.F.);
#9257 = EDGE_LOOP('',(#9258,#9264,#9265,#9266,#9267,#9268));
#9258 = ORIENTED_EDGE('',*,*,#9259,.F.);
#9259 = EDGE_CURVE('',#8594,#9120,#9260,.T.);
#9260 = LINE('',#9261,#9262);
#9261 = CARTESIAN_POINT('',(210.4280799692,44.,386.66344115415));
#9262 = VECTOR('',#9263,1.);
#9263 = DIRECTION('',(2.22044604925E-16,0.,-1.));
#9264 = ORIENTED_EDGE('',*,*,#8593,.T.);
#9265 = ORIENTED_EDGE('',*,*,#8845,.T.);
#9266 = ORIENTED_EDGE('',*,*,#8458,.F.);
#9267 = ORIENTED_EDGE('',*,*,#9096,.F.);
#9268 = ORIENTED_EDGE('',*,*,#9137,.T.);
#9269 = PLANE('',#9270);
#9270 = AXIS2_PLACEMENT_3D('',#9271,#9272,#9273);
#9271 = CARTESIAN_POINT('',(173.01167210421,44.,384.16344115415));
#9272 = DIRECTION('',(0.,1.,0.));
#9273 = DIRECTION('',(2.22044604925E-16,0.,-1.));
#9274 = ADVANCED_FACE('',(#9275),#9294,.F.);
#9275 = FACE_BOUND('',#9276,.F.);
#9276 = EDGE_LOOP('',(#9277,#9285,#9292,#9293));
#9277 = ORIENTED_EDGE('',*,*,#9278,.T.);
#9278 = EDGE_CURVE('',#8509,#9279,#9281,.T.);
#9279 = VERTEX_POINT('',#9280);
#9280 = CARTESIAN_POINT('',(214.26167210421,21.,320.16344115415));
#9281 = LINE('',#9282,#9283);
#9282 = CARTESIAN_POINT('',(214.26167210421,21.,332.16344115415));
#9283 = VECTOR('',#9284,1.);
#9284 = DIRECTION('',(2.22044604925E-16,0.,-1.));
#9285 = ORIENTED_EDGE('',*,*,#9286,.F.);
#9286 = EDGE_CURVE('',#9279,#9279,#9287,.T.);
#9287 = CIRCLE('',#9288,2.25);
#9288 = AXIS2_PLACEMENT_3D('',#9289,#9290,#9291);
#9289 = CARTESIAN_POINT('',(212.01167210421,21.,320.16344115415));
#9290 = DIRECTION('',(2.22044604925E-16,0.,-1.));
#9291 = DIRECTION('',(1.,0.,2.22044604925E-16));
#9292 = ORIENTED_EDGE('',*,*,#9278,.F.);
#9293 = ORIENTED_EDGE('',*,*,#8508,.T.);
#9294 = CYLINDRICAL_SURFACE('',#9295,2.25);
#9295 = AXIS2_PLACEMENT_3D('',#9296,#9297,#9298);
#9296 = CARTESIAN_POINT('',(212.01167210421,21.,332.16344115415));
#9297 = DIRECTION('',(2.22044604925E-16,0.,-1.));
#9298 = DIRECTION('',(1.,0.,2.22044604925E-16));
#9299 = ADVANCED_FACE('',(#9300),#9337,.F.);
#9300 = FACE_BOUND('',#9301,.F.);
#9301 = EDGE_LOOP('',(#9302,#9303,#9311,#9320,#9329,#9336));
#9302 = ORIENTED_EDGE('',*,*,#8519,.T.);
#9303 = ORIENTED_EDGE('',*,*,#9304,.T.);
#9304 = EDGE_CURVE('',#8520,#9305,#9307,.T.);
#9305 = VERTEX_POINT('',#9306);
#9306 = CARTESIAN_POINT('',(184.26167210421,21.,320.16344115415));
#9307 = LINE('',#9308,#9309);
#9308 = CARTESIAN_POINT('',(184.26167210421,21.,332.16344115415));
#9309 = VECTOR('',#9310,1.);
#9310 = DIRECTION('',(2.22044604925E-16,0.,-1.));
#9311 = ORIENTED_EDGE('',*,*,#9312,.F.);
#9312 = EDGE_CURVE('',#9313,#9305,#9315,.T.);
#9313 = VERTEX_POINT('',#9314);
#9314 = CARTESIAN_POINT('',(179.99610766713,20.,320.16344115415));
#9315 = CIRCLE('',#9316,2.25);
#9316 = AXIS2_PLACEMENT_3D('',#9317,#9318,#9319);
#9317 = CARTESIAN_POINT('',(182.01167210421,21.,320.16344115415));
#9318 = DIRECTION('',(2.22044604925E-16,0.,-1.));
#9319 = DIRECTION('',(1.,0.,2.22044604925E-16));
#9320 = ORIENTED_EDGE('',*,*,#9321,.F.);
#9321 = EDGE_CURVE('',#9322,#9313,#9324,.T.);
#9322 = VERTEX_POINT('',#9323);
#9323 = CARTESIAN_POINT('',(180.01167210421,19.969223593596,
    320.16344115415));
#9324 = CIRCLE('',#9325,2.25);
#9325 = AXIS2_PLACEMENT_3D('',#9326,#9327,#9328);
#9326 = CARTESIAN_POINT('',(182.01167210421,21.,320.16344115415));
#9327 = DIRECTION('',(2.22044604925E-16,0.,-1.));
#9328 = DIRECTION('',(1.,0.,2.22044604925E-16));
#9329 = ORIENTED_EDGE('',*,*,#9330,.F.);
#9330 = EDGE_CURVE('',#9305,#9322,#9331,.T.);
#9331 = CIRCLE('',#9332,2.25);
#9332 = AXIS2_PLACEMENT_3D('',#9333,#9334,#9335);
#9333 = CARTESIAN_POINT('',(182.01167210421,21.,320.16344115415));
#9334 = DIRECTION('',(2.22044604925E-16,0.,-1.));
#9335 = DIRECTION('',(1.,0.,2.22044604925E-16));
#9336 = ORIENTED_EDGE('',*,*,#9304,.F.);
#9337 = CYLINDRICAL_SURFACE('',#9338,2.25);
#9338 = AXIS2_PLACEMENT_3D('',#9339,#9340,#9341);
#9339 = CARTESIAN_POINT('',(182.01167210421,21.,332.16344115415));
#9340 = DIRECTION('',(2.22044604925E-16,0.,-1.));
#9341 = DIRECTION('',(1.,0.,2.22044604925E-16));
#9342 = ADVANCED_FACE('',(#9343),#9357,.F.);
#9343 = FACE_BOUND('',#9344,.F.);
#9344 = EDGE_LOOP('',(#9345,#9346,#9353,#9354,#9355,#9356));
#9345 = ORIENTED_EDGE('',*,*,#8635,.T.);
#9346 = ORIENTED_EDGE('',*,*,#9347,.T.);
#9347 = EDGE_CURVE('',#8628,#8602,#9348,.T.);
#9348 = CIRCLE('',#9349,46.);
#9349 = AXIS2_PLACEMENT_3D('',#9350,#9351,#9352);
#9350 = CARTESIAN_POINT('',(197.01167210421,0.,386.66344115415));
#9351 = DIRECTION('',(2.22044604925E-16,0.,-1.));
#9352 = DIRECTION('',(1.,0.,2.22044604925E-16));
#9353 = ORIENTED_EDGE('',*,*,#8601,.T.);
#9354 = ORIENTED_EDGE('',*,*,#9259,.T.);
#9355 = ORIENTED_EDGE('',*,*,#9119,.F.);
#9356 = ORIENTED_EDGE('',*,*,#8545,.F.);
#9357 = CYLINDRICAL_SURFACE('',#9358,46.);
#9358 = AXIS2_PLACEMENT_3D('',#9359,#9360,#9361);
#9359 = CARTESIAN_POINT('',(197.01167210421,0.,386.66344115415));
#9360 = DIRECTION('',(2.22044604925E-16,0.,-1.));
#9361 = DIRECTION('',(1.,0.,2.22044604925E-16));
#9362 = ADVANCED_FACE('',(#9363),#9375,.T.);
#9363 = FACE_BOUND('',#9364,.T.);
#9364 = EDGE_LOOP('',(#9365,#9366,#9367,#9368));
#9365 = ORIENTED_EDGE('',*,*,#8627,.T.);
#9366 = ORIENTED_EDGE('',*,*,#9347,.T.);
#9367 = ORIENTED_EDGE('',*,*,#8610,.T.);
#9368 = ORIENTED_EDGE('',*,*,#9369,.F.);
#9369 = EDGE_CURVE('',#8619,#8611,#9370,.T.);
#9370 = CIRCLE('',#9371,41.5);
#9371 = AXIS2_PLACEMENT_3D('',#9372,#9373,#9374);
#9372 = CARTESIAN_POINT('',(197.01167210421,0.,386.66344115415));
#9373 = DIRECTION('',(2.22044604925E-16,0.,-1.));
#9374 = DIRECTION('',(1.,0.,2.22044604925E-16));
#9375 = PLANE('',#9376);
#9376 = AXIS2_PLACEMENT_3D('',#9377,#9378,#9379);
#9377 = CARTESIAN_POINT('',(197.01167210421,0.,386.66344115415));
#9378 = DIRECTION('',(2.22044604925E-16,0.,-1.));
#9379 = DIRECTION('',(1.,0.,2.22044604925E-16));
#9380 = ADVANCED_FACE('',(#9381),#9385,.T.);
#9381 = FACE_BOUND('',#9382,.T.);
#9382 = EDGE_LOOP('',(#9383,#9384));
#9383 = ORIENTED_EDGE('',*,*,#8618,.T.);
#9384 = ORIENTED_EDGE('',*,*,#9369,.T.);
#9385 = CYLINDRICAL_SURFACE('',#9386,41.5);
#9386 = AXIS2_PLACEMENT_3D('',#9387,#9388,#9389);
#9387 = CARTESIAN_POINT('',(197.01167210421,0.,386.66344115415));
#9388 = DIRECTION('',(2.22044604925E-16,0.,-1.));
#9389 = DIRECTION('',(1.,0.,2.22044604925E-16));
#9390 = ADVANCED_FACE('',(#9391),#9402,.T.);
#9391 = FACE_BOUND('',#9392,.T.);
#9392 = EDGE_LOOP('',(#9393,#9394,#9400,#9401));
#9393 = ORIENTED_EDGE('',*,*,#9198,.F.);
#9394 = ORIENTED_EDGE('',*,*,#9395,.F.);
#9395 = EDGE_CURVE('',#9146,#9199,#9396,.T.);
#9396 = LINE('',#9397,#9398);
#9397 = CARTESIAN_POINT('',(188.71167210421,48.,353.16344115415));
#9398 = VECTOR('',#9399,1.);
#9399 = DIRECTION('',(2.22044604925E-16,0.,-1.));
#9400 = ORIENTED_EDGE('',*,*,#9145,.T.);
#9401 = ORIENTED_EDGE('',*,*,#9395,.T.);
#9402 = CYLINDRICAL_SURFACE('',#9403,1.7);
#9403 = AXIS2_PLACEMENT_3D('',#9404,#9405,#9406);
#9404 = CARTESIAN_POINT('',(187.01167210421,48.,353.16344115415));
#9405 = DIRECTION('',(2.22044604925E-16,0.,-1.));
#9406 = DIRECTION('',(1.,0.,2.22044604925E-16));
#9407 = ADVANCED_FACE('',(#9408),#9419,.T.);
#9408 = FACE_BOUND('',#9409,.T.);
#9409 = EDGE_LOOP('',(#9410,#9411,#9417,#9418));
#9410 = ORIENTED_EDGE('',*,*,#9209,.F.);
#9411 = ORIENTED_EDGE('',*,*,#9412,.F.);
#9412 = EDGE_CURVE('',#9157,#9210,#9413,.T.);
#9413 = LINE('',#9414,#9415);
#9414 = CARTESIAN_POINT('',(208.71167210421,48.,353.16344115415));
#9415 = VECTOR('',#9416,1.);
#9416 = DIRECTION('',(2.22044604925E-16,0.,-1.));
#9417 = ORIENTED_EDGE('',*,*,#9156,.T.);
#9418 = ORIENTED_EDGE('',*,*,#9412,.T.);
#9419 = CYLINDRICAL_SURFACE('',#9420,1.7);
#9420 = AXIS2_PLACEMENT_3D('',#9421,#9422,#9423);
#9421 = CARTESIAN_POINT('',(207.01167210421,48.,353.16344115415));
#9422 = DIRECTION('',(2.22044604925E-16,0.,-1.));
#9423 = DIRECTION('',(1.,0.,2.22044604925E-16));
#9424 = ADVANCED_FACE('',(#9425,#9433,#9438),#9441,.T.);
#9425 = FACE_BOUND('',#9426,.T.);
#9426 = EDGE_LOOP('',(#9427,#9428,#9429,#9430,#9431,#9432));
#9427 = ORIENTED_EDGE('',*,*,#9228,.T.);
#9428 = ORIENTED_EDGE('',*,*,#8331,.T.);
#9429 = ORIENTED_EDGE('',*,*,#8852,.F.);
#9430 = ORIENTED_EDGE('',*,*,#8474,.F.);
#9431 = ORIENTED_EDGE('',*,*,#9243,.F.);
#9432 = ORIENTED_EDGE('',*,*,#8491,.F.);
#9433 = FACE_BOUND('',#9434,.T.);
#9434 = EDGE_LOOP('',(#9435,#9436,#9437));
#9435 = ORIENTED_EDGE('',*,*,#9321,.F.);
#9436 = ORIENTED_EDGE('',*,*,#9330,.F.);
#9437 = ORIENTED_EDGE('',*,*,#9312,.F.);
#9438 = FACE_BOUND('',#9439,.T.);
#9439 = EDGE_LOOP('',(#9440));
#9440 = ORIENTED_EDGE('',*,*,#9286,.F.);
#9441 = PLANE('',#9442);
#9442 = AXIS2_PLACEMENT_3D('',#9443,#9444,#9445);
#9443 = CARTESIAN_POINT('',(199.44794263212,22.035255541579,
    320.16344115415));
#9444 = DIRECTION('',(2.22044604925E-16,0.,-1.));
#9445 = DIRECTION('',(1.,0.,2.22044604925E-16));
#9446 = MANIFOLD_SOLID_BREP('',#9447);
#9447 = CLOSED_SHELL('',(#9448,#9544,#9595,#9684,#9742,#9782,#9893,#9917
    ,#9941,#10005,#10052,#10076,#10158,#10186,#10204,#10221,#10238,
    #10255,#10272,#10305,#10331,#10341,#10387,#10406,#10445,#10459,
    #10506,#10516,#10528,#10545,#10562,#10579));
#9448 = ADVANCED_FACE('',(#9449),#9539,.F.);
#9449 = FACE_BOUND('',#9450,.F.);
#9450 = EDGE_LOOP('',(#9451,#9461,#9469,#9477,#9485,#9493,#9501,#9509,
    #9517,#9525,#9533));
#9451 = ORIENTED_EDGE('',*,*,#9452,.F.);
#9452 = EDGE_CURVE('',#9453,#9455,#9457,.T.);
#9453 = VERTEX_POINT('',#9454);
#9454 = CARTESIAN_POINT('',(173.01167210421,-45.,417.74123605229));
#9455 = VERTEX_POINT('',#9456);
#9456 = CARTESIAN_POINT('',(173.01167210421,-37.,417.74123605229));
#9457 = LINE('',#9458,#9459);
#9458 = CARTESIAN_POINT('',(173.01167210421,-45.,417.74123605229));
#9459 = VECTOR('',#9460,1.);
#9460 = DIRECTION('',(0.,1.,0.));
#9461 = ORIENTED_EDGE('',*,*,#9462,.T.);
#9462 = EDGE_CURVE('',#9453,#9463,#9465,.T.);
#9463 = VERTEX_POINT('',#9464);
#9464 = CARTESIAN_POINT('',(173.01167210421,-45.,397.16344115415));
#9465 = LINE('',#9466,#9467);
#9466 = CARTESIAN_POINT('',(173.01167210421,-45.,432.16344115415));
#9467 = VECTOR('',#9468,1.);
#9468 = DIRECTION('',(2.22044604925E-16,0.,-1.));
#9469 = ORIENTED_EDGE('',*,*,#9470,.T.);
#9470 = EDGE_CURVE('',#9463,#9471,#9473,.T.);
#9471 = VERTEX_POINT('',#9472);
#9472 = CARTESIAN_POINT('',(173.01167210421,-52.,384.16344115415));
#9473 = LINE('',#9474,#9475);
#9474 = CARTESIAN_POINT('',(173.01167210421,-45.,397.16344115415));
#9475 = VECTOR('',#9476,1.);
#9476 = DIRECTION('',(1.955038575301E-16,-0.474099823035,-0.880471099922
    ));
#9477 = ORIENTED_EDGE('',*,*,#9478,.T.);
#9478 = EDGE_CURVE('',#9471,#9479,#9481,.T.);
#9479 = VERTEX_POINT('',#9480);
#9480 = CARTESIAN_POINT('',(173.01167210421,-52.,348.16344115415));
#9481 = LINE('',#9482,#9483);
#9482 = CARTESIAN_POINT('',(173.01167210421,-52.,384.16344115415));
#9483 = VECTOR('',#9484,1.);
#9484 = DIRECTION('',(2.22044604925E-16,0.,-1.));
#9485 = ORIENTED_EDGE('',*,*,#9486,.T.);
#9486 = EDGE_CURVE('',#9479,#9487,#9489,.T.);
#9487 = VERTEX_POINT('',#9488);
#9488 = CARTESIAN_POINT('',(173.01167210421,-25.,320.16344115415));
#9489 = LINE('',#9490,#9491);
#9490 = CARTESIAN_POINT('',(173.01167210421,-52.,348.16344115415));
#9491 = VECTOR('',#9492,1.);
#9492 = DIRECTION('',(1.598375421842E-16,0.694135570584,-0.719844295421)
  );
#9493 = ORIENTED_EDGE('',*,*,#9494,.T.);
#9494 = EDGE_CURVE('',#9487,#9495,#9497,.T.);
#9495 = VERTEX_POINT('',#9496);
#9496 = CARTESIAN_POINT('',(173.01167210421,-25.,328.16344115415));
#9497 = LINE('',#9498,#9499);
#9498 = CARTESIAN_POINT('',(173.01167210421,-25.,350.53488025858));
#9499 = VECTOR('',#9500,1.);
#9500 = DIRECTION('',(-2.22044604925E-16,0.,1.));
#9501 = ORIENTED_EDGE('',*,*,#9502,.T.);
#9502 = EDGE_CURVE('',#9495,#9503,#9505,.T.);
#9503 = VERTEX_POINT('',#9504);
#9504 = CARTESIAN_POINT('',(173.01167210421,-24.71428571428,
    328.16344115415));
#9505 = LINE('',#9506,#9507);
#9506 = CARTESIAN_POINT('',(173.01167210421,-32.8901134217,
    328.16344115415));
#9507 = VECTOR('',#9508,1.);
#9508 = DIRECTION('',(0.,1.,0.));
#9509 = ORIENTED_EDGE('',*,*,#9510,.T.);
#9510 = EDGE_CURVE('',#9503,#9511,#9513,.T.);
#9511 = VERTEX_POINT('',#9512);
#9512 = CARTESIAN_POINT('',(173.01167210421,-44.,348.16344115415));
#9513 = LINE('',#9514,#9515);
#9514 = CARTESIAN_POINT('',(173.01167210421,-17.,320.16344115415));
#9515 = VECTOR('',#9516,1.);
#9516 = DIRECTION('',(-1.598375421842E-16,-0.694135570584,0.719844295421
    ));
#9517 = ORIENTED_EDGE('',*,*,#9518,.T.);
#9518 = EDGE_CURVE('',#9511,#9519,#9521,.T.);
#9519 = VERTEX_POINT('',#9520);
#9520 = CARTESIAN_POINT('',(173.01167210421,-44.,384.16344115415));
#9521 = LINE('',#9522,#9523);
#9522 = CARTESIAN_POINT('',(173.01167210421,-44.,348.16344115415));
#9523 = VECTOR('',#9524,1.);
#9524 = DIRECTION('',(-2.22044604925E-16,0.,1.));
#9525 = ORIENTED_EDGE('',*,*,#9526,.T.);
#9526 = EDGE_CURVE('',#9519,#9527,#9529,.T.);
#9527 = VERTEX_POINT('',#9528);
#9528 = CARTESIAN_POINT('',(173.01167210421,-37.,397.16344115415));
#9529 = LINE('',#9530,#9531);
#9530 = CARTESIAN_POINT('',(173.01167210421,-44.,384.16344115415));
#9531 = VECTOR('',#9532,1.);
#9532 = DIRECTION('',(-1.955038575301E-16,0.474099823035,0.880471099922)
  );
#9533 = ORIENTED_EDGE('',*,*,#9534,.T.);
#9534 = EDGE_CURVE('',#9527,#9455,#9535,.T.);
#9535 = LINE('',#9536,#9537);
#9536 = CARTESIAN_POINT('',(173.01167210421,-37.,397.16344115415));
#9537 = VECTOR('',#9538,1.);
#9538 = DIRECTION('',(-2.22044604925E-16,0.,1.));
#9539 = PLANE('',#9540);
#9540 = AXIS2_PLACEMENT_3D('',#9541,#9542,#9543);
#9541 = CARTESIAN_POINT('',(173.01167210421,-40.78022684341,
    372.90631936302));
#9542 = DIRECTION('',(1.,0.,2.22044604925E-16));
#9543 = DIRECTION('',(2.22044604925E-16,0.,-1.));
#9544 = ADVANCED_FACE('',(#9545),#9590,.T.);
#9545 = FACE_BOUND('',#9546,.T.);
#9546 = EDGE_LOOP('',(#9547,#9558,#9566,#9575,#9582,#9583));
#9547 = ORIENTED_EDGE('',*,*,#9548,.T.);
#9548 = EDGE_CURVE('',#9549,#9551,#9553,.T.);
#9549 = VERTEX_POINT('',#9550);
#9550 = CARTESIAN_POINT('',(225.01167210421,-45.,432.16344115415));
#9551 = VERTEX_POINT('',#9552);
#9552 = CARTESIAN_POINT('',(221.01167210421,-45.,417.74123605229));
#9553 = CIRCLE('',#9554,28.);
#9554 = AXIS2_PLACEMENT_3D('',#9555,#9556,#9557);
#9555 = CARTESIAN_POINT('',(197.01167210421,-45.,432.16344115415));
#9556 = DIRECTION('',(-0.,1.,0.));
#9557 = DIRECTION('',(1.,0.,2.22044604925E-16));
#9558 = ORIENTED_EDGE('',*,*,#9559,.T.);
#9559 = EDGE_CURVE('',#9551,#9560,#9562,.T.);
#9560 = VERTEX_POINT('',#9561);
#9561 = CARTESIAN_POINT('',(221.01167210421,-37.,417.74123605229));
#9562 = LINE('',#9563,#9564);
#9563 = CARTESIAN_POINT('',(221.01167210421,-45.,417.74123605229));
#9564 = VECTOR('',#9565,1.);
#9565 = DIRECTION('',(0.,1.,0.));
#9566 = ORIENTED_EDGE('',*,*,#9567,.F.);
#9567 = EDGE_CURVE('',#9568,#9560,#9570,.T.);
#9568 = VERTEX_POINT('',#9569);
#9569 = CARTESIAN_POINT('',(225.01167210421,-37.,432.16344115415));
#9570 = CIRCLE('',#9571,28.);
#9571 = AXIS2_PLACEMENT_3D('',#9572,#9573,#9574);
#9572 = CARTESIAN_POINT('',(197.01167210421,-37.,432.16344115415));
#9573 = DIRECTION('',(-0.,1.,0.));
#9574 = DIRECTION('',(1.,0.,2.22044604925E-16));
#9575 = ORIENTED_EDGE('',*,*,#9576,.F.);
#9576 = EDGE_CURVE('',#9455,#9568,#9577,.T.);
#9577 = CIRCLE('',#9578,28.);
#9578 = AXIS2_PLACEMENT_3D('',#9579,#9580,#9581);
#9579 = CARTESIAN_POINT('',(197.01167210421,-37.,432.16344115415));
#9580 = DIRECTION('',(-0.,1.,0.));
#9581 = DIRECTION('',(1.,0.,2.22044604925E-16));
#9582 = ORIENTED_EDGE('',*,*,#9452,.F.);
#9583 = ORIENTED_EDGE('',*,*,#9584,.T.);
#9584 = EDGE_CURVE('',#9453,#9549,#9585,.T.);
#9585 = CIRCLE('',#9586,28.);
#9586 = AXIS2_PLACEMENT_3D('',#9587,#9588,#9589);
#9587 = CARTESIAN_POINT('',(197.01167210421,-45.,432.16344115415));
#9588 = DIRECTION('',(-0.,1.,0.));
#9589 = DIRECTION('',(1.,0.,2.22044604925E-16));
#9590 = CYLINDRICAL_SURFACE('',#9591,28.);
#9591 = AXIS2_PLACEMENT_3D('',#9592,#9593,#9594);
#9592 = CARTESIAN_POINT('',(197.01167210421,-45.,432.16344115415));
#9593 = DIRECTION('',(0.,1.,0.));
#9594 = DIRECTION('',(1.,0.,2.22044604925E-16));
#9595 = ADVANCED_FACE('',(#9596,#9615,#9635,#9646,#9657,#9668),#9679,.T.
  );
#9596 = FACE_BOUND('',#9597,.T.);
#9597 = EDGE_LOOP('',(#9598,#9599,#9600,#9608,#9614));
#9598 = ORIENTED_EDGE('',*,*,#9576,.T.);
#9599 = ORIENTED_EDGE('',*,*,#9567,.T.);
#9600 = ORIENTED_EDGE('',*,*,#9601,.F.);
#9601 = EDGE_CURVE('',#9602,#9560,#9604,.T.);
#9602 = VERTEX_POINT('',#9603);
#9603 = CARTESIAN_POINT('',(221.01167210421,-37.,397.16344115415));
#9604 = LINE('',#9605,#9606);
#9605 = CARTESIAN_POINT('',(221.01167210421,-37.,397.16344115415));
#9606 = VECTOR('',#9607,1.);
#9607 = DIRECTION('',(-2.22044604925E-16,0.,1.));
#9608 = ORIENTED_EDGE('',*,*,#9609,.F.);
#9609 = EDGE_CURVE('',#9527,#9602,#9610,.T.);
#9610 = LINE('',#9611,#9612);
#9611 = CARTESIAN_POINT('',(173.01167210421,-37.,397.16344115415));
#9612 = VECTOR('',#9613,1.);
#9613 = DIRECTION('',(1.,0.,2.22044604925E-16));
#9614 = ORIENTED_EDGE('',*,*,#9534,.T.);
#9615 = FACE_BOUND('',#9616,.T.);
#9616 = EDGE_LOOP('',(#9617,#9628));
#9617 = ORIENTED_EDGE('',*,*,#9618,.F.);
#9618 = EDGE_CURVE('',#9619,#9621,#9623,.T.);
#9619 = VERTEX_POINT('',#9620);
#9620 = CARTESIAN_POINT('',(186.81167210421,-37.,432.16344115415));
#9621 = VERTEX_POINT('',#9622);
#9622 = CARTESIAN_POINT('',(207.21167210421,-37.,432.16344115415));
#9623 = CIRCLE('',#9624,10.2);
#9624 = AXIS2_PLACEMENT_3D('',#9625,#9626,#9627);
#9625 = CARTESIAN_POINT('',(197.01167210421,-37.,432.16344115415));
#9626 = DIRECTION('',(-0.,1.,0.));
#9627 = DIRECTION('',(1.,0.,2.22044604925E-16));
#9628 = ORIENTED_EDGE('',*,*,#9629,.F.);
#9629 = EDGE_CURVE('',#9621,#9619,#9630,.T.);
#9630 = CIRCLE('',#9631,10.2);
#9631 = AXIS2_PLACEMENT_3D('',#9632,#9633,#9634);
#9632 = CARTESIAN_POINT('',(197.01167210421,-37.,432.16344115415));
#9633 = DIRECTION('',(-0.,1.,0.));
#9634 = DIRECTION('',(1.,0.,2.22044604925E-16));
#9635 = FACE_BOUND('',#9636,.T.);
#9636 = EDGE_LOOP('',(#9637));
#9637 = ORIENTED_EDGE('',*,*,#9638,.F.);
#9638 = EDGE_CURVE('',#9639,#9639,#9641,.T.);
#9639 = VERTEX_POINT('',#9640);
#9640 = CARTESIAN_POINT('',(187.39796360522,-37.,443.47714965313));
#9641 = CIRCLE('',#9642,1.7);
#9642 = AXIS2_PLACEMENT_3D('',#9643,#9644,#9645);
#9643 = CARTESIAN_POINT('',(185.69796360522,-37.,443.47714965313));
#9644 = DIRECTION('',(-0.,1.,0.));
#9645 = DIRECTION('',(1.,0.,2.22044604925E-16));
#9646 = FACE_BOUND('',#9647,.T.);
#9647 = EDGE_LOOP('',(#9648));
#9648 = ORIENTED_EDGE('',*,*,#9649,.F.);
#9649 = EDGE_CURVE('',#9650,#9650,#9652,.T.);
#9650 = VERTEX_POINT('',#9651);
#9651 = CARTESIAN_POINT('',(210.02538060319,-37.,443.47714965313));
#9652 = CIRCLE('',#9653,1.7);
#9653 = AXIS2_PLACEMENT_3D('',#9654,#9655,#9656);
#9654 = CARTESIAN_POINT('',(208.32538060319,-37.,443.47714965313));
#9655 = DIRECTION('',(-0.,1.,0.));
#9656 = DIRECTION('',(1.,0.,2.22044604925E-16));
#9657 = FACE_BOUND('',#9658,.T.);
#9658 = EDGE_LOOP('',(#9659));
#9659 = ORIENTED_EDGE('',*,*,#9660,.F.);
#9660 = EDGE_CURVE('',#9661,#9661,#9663,.T.);
#9661 = VERTEX_POINT('',#9662);
#9662 = CARTESIAN_POINT('',(187.39796360522,-37.,420.84973265516));
#9663 = CIRCLE('',#9664,1.7);
#9664 = AXIS2_PLACEMENT_3D('',#9665,#9666,#9667);
#9665 = CARTESIAN_POINT('',(185.69796360522,-37.,420.84973265516));
#9666 = DIRECTION('',(-0.,1.,0.));
#9667 = DIRECTION('',(1.,0.,2.22044604925E-16));
#9668 = FACE_BOUND('',#9669,.T.);
#9669 = EDGE_LOOP('',(#9670));
#9670 = ORIENTED_EDGE('',*,*,#9671,.F.);
#9671 = EDGE_CURVE('',#9672,#9672,#9674,.T.);
#9672 = VERTEX_POINT('',#9673);
#9673 = CARTESIAN_POINT('',(210.02538060319,-37.,420.84973265516));
#9674 = CIRCLE('',#9675,1.7);
#9675 = AXIS2_PLACEMENT_3D('',#9676,#9677,#9678);
#9676 = CARTESIAN_POINT('',(208.32538060319,-37.,420.84973265516));
#9677 = DIRECTION('',(-0.,1.,0.));
#9678 = DIRECTION('',(1.,0.,2.22044604925E-16));
#9679 = PLANE('',#9680);
#9680 = AXIS2_PLACEMENT_3D('',#9681,#9682,#9683);
#9681 = CARTESIAN_POINT('',(197.37012590629,-37.,424.11410459092));
#9682 = DIRECTION('',(0.,1.,0.));
#9683 = DIRECTION('',(1.,0.,2.22044604925E-16));
#9684 = ADVANCED_FACE('',(#9685),#9737,.F.);
#9685 = FACE_BOUND('',#9686,.F.);
#9686 = EDGE_LOOP('',(#9687,#9688,#9696,#9705,#9713,#9722,#9730,#9736));
#9687 = ORIENTED_EDGE('',*,*,#9526,.F.);
#9688 = ORIENTED_EDGE('',*,*,#9689,.T.);
#9689 = EDGE_CURVE('',#9519,#9690,#9692,.T.);
#9690 = VERTEX_POINT('',#9691);
#9691 = CARTESIAN_POINT('',(183.59526423921,-44.,384.16344115415));
#9692 = LINE('',#9693,#9694);
#9693 = CARTESIAN_POINT('',(173.01167210421,-44.,384.16344115415));
#9694 = VECTOR('',#9695,1.);
#9695 = DIRECTION('',(1.,0.,2.22044604925E-16));
#9696 = ORIENTED_EDGE('',*,*,#9697,.F.);
#9697 = EDGE_CURVE('',#9698,#9690,#9700,.T.);
#9698 = VERTEX_POINT('',#9699);
#9699 = CARTESIAN_POINT('',(179.7881588655,-42.65384615384,
    386.66344115415));
#9700 = ELLIPSE('',#9701,97.025980110105,46.);
#9701 = AXIS2_PLACEMENT_3D('',#9702,#9703,#9704);
#9702 = CARTESIAN_POINT('',(197.01167210421,0.,465.87772686843));
#9703 = DIRECTION('',(-1.052713079008E-16,-0.880471099922,0.474099823035
    ));
#9704 = DIRECTION('',(1.955038575301E-16,-0.474099823035,-0.880471099922
    ));
#9705 = ORIENTED_EDGE('',*,*,#9706,.T.);
#9706 = EDGE_CURVE('',#9698,#9707,#9709,.T.);
#9707 = VERTEX_POINT('',#9708);
#9708 = CARTESIAN_POINT('',(214.23518534292,-42.65384615384,
    386.66344115415));
#9709 = LINE('',#9710,#9711);
#9710 = CARTESIAN_POINT('',(185.01167210421,-42.65384615384,
    386.66344115415));
#9711 = VECTOR('',#9712,1.);
#9712 = DIRECTION('',(1.,0.,2.22044604925E-16));
#9713 = ORIENTED_EDGE('',*,*,#9714,.F.);
#9714 = EDGE_CURVE('',#9715,#9707,#9717,.T.);
#9715 = VERTEX_POINT('',#9716);
#9716 = CARTESIAN_POINT('',(210.4280799692,-44.,384.16344115415));
#9717 = ELLIPSE('',#9718,97.025980110105,46.);
#9718 = AXIS2_PLACEMENT_3D('',#9719,#9720,#9721);
#9719 = CARTESIAN_POINT('',(197.01167210421,0.,465.87772686843));
#9720 = DIRECTION('',(-1.052713079008E-16,-0.880471099922,0.474099823035
    ));
#9721 = DIRECTION('',(1.955038575301E-16,-0.474099823035,-0.880471099922
    ));
#9722 = ORIENTED_EDGE('',*,*,#9723,.T.);
#9723 = EDGE_CURVE('',#9715,#9724,#9726,.T.);
#9724 = VERTEX_POINT('',#9725);
#9725 = CARTESIAN_POINT('',(221.01167210421,-44.,384.16344115415));
#9726 = LINE('',#9727,#9728);
#9727 = CARTESIAN_POINT('',(173.01167210421,-44.,384.16344115415));
#9728 = VECTOR('',#9729,1.);
#9729 = DIRECTION('',(1.,0.,2.22044604925E-16));
#9730 = ORIENTED_EDGE('',*,*,#9731,.T.);
#9731 = EDGE_CURVE('',#9724,#9602,#9732,.T.);
#9732 = LINE('',#9733,#9734);
#9733 = CARTESIAN_POINT('',(221.01167210421,-44.,384.16344115415));
#9734 = VECTOR('',#9735,1.);
#9735 = DIRECTION('',(-1.955038575301E-16,0.474099823035,0.880471099922)
  );
#9736 = ORIENTED_EDGE('',*,*,#9609,.F.);
#9737 = PLANE('',#9738);
#9738 = AXIS2_PLACEMENT_3D('',#9739,#9740,#9741);
#9739 = CARTESIAN_POINT('',(173.01167210421,-44.,384.16344115415));
#9740 = DIRECTION('',(-1.052713079008E-16,-0.880471099922,0.474099823035
    ));
#9741 = DIRECTION('',(-1.955038575301E-16,0.474099823035,0.880471099922)
  );
#9742 = ADVANCED_FACE('',(#9743),#9777,.F.);
#9743 = FACE_BOUND('',#9744,.F.);
#9744 = EDGE_LOOP('',(#9745,#9746,#9754,#9762,#9770,#9776));
#9745 = ORIENTED_EDGE('',*,*,#9518,.F.);
#9746 = ORIENTED_EDGE('',*,*,#9747,.T.);
#9747 = EDGE_CURVE('',#9511,#9748,#9750,.T.);
#9748 = VERTEX_POINT('',#9749);
#9749 = CARTESIAN_POINT('',(181.01167210421,-44.,348.16344115415));
#9750 = LINE('',#9751,#9752);
#9751 = CARTESIAN_POINT('',(173.01167210421,-44.,348.16344115415));
#9752 = VECTOR('',#9753,1.);
#9753 = DIRECTION('',(1.,0.,2.22044604925E-16));
#9754 = ORIENTED_EDGE('',*,*,#9755,.T.);
#9755 = EDGE_CURVE('',#9748,#9756,#9758,.T.);
#9756 = VERTEX_POINT('',#9757);
#9757 = CARTESIAN_POINT('',(181.01167210421,-44.,353.16344115415));
#9758 = LINE('',#9759,#9760);
#9759 = CARTESIAN_POINT('',(181.01167210421,-44.,350.66344115415));
#9760 = VECTOR('',#9761,1.);
#9761 = DIRECTION('',(-2.22044604925E-16,0.,1.));
#9762 = ORIENTED_EDGE('',*,*,#9763,.T.);
#9763 = EDGE_CURVE('',#9756,#9764,#9766,.T.);
#9764 = VERTEX_POINT('',#9765);
#9765 = CARTESIAN_POINT('',(183.59526423921,-44.,353.16344115415));
#9766 = LINE('',#9767,#9768);
#9767 = CARTESIAN_POINT('',(177.01167210421,-44.,353.16344115415));
#9768 = VECTOR('',#9769,1.);
#9769 = DIRECTION('',(1.,0.,2.22044604925E-16));
#9770 = ORIENTED_EDGE('',*,*,#9771,.F.);
#9771 = EDGE_CURVE('',#9690,#9764,#9772,.T.);
#9772 = LINE('',#9773,#9774);
#9773 = CARTESIAN_POINT('',(183.59526423921,-44.,386.66344115415));
#9774 = VECTOR('',#9775,1.);
#9775 = DIRECTION('',(2.22044604925E-16,0.,-1.));
#9776 = ORIENTED_EDGE('',*,*,#9689,.F.);
#9777 = PLANE('',#9778);
#9778 = AXIS2_PLACEMENT_3D('',#9779,#9780,#9781);
#9779 = CARTESIAN_POINT('',(173.01167210421,-44.,348.16344115415));
#9780 = DIRECTION('',(0.,-1.,0.));
#9781 = DIRECTION('',(-2.22044604925E-16,0.,1.));
#9782 = ADVANCED_FACE('',(#9783,#9866,#9877),#9888,.F.);
#9783 = FACE_BOUND('',#9784,.F.);
#9784 = EDGE_LOOP('',(#9785,#9786,#9794,#9802,#9810,#9819,#9827,#9835,
    #9843,#9851,#9859,#9865));
#9785 = ORIENTED_EDGE('',*,*,#9510,.F.);
#9786 = ORIENTED_EDGE('',*,*,#9787,.T.);
#9787 = EDGE_CURVE('',#9503,#9788,#9790,.T.);
#9788 = VERTEX_POINT('',#9789);
#9789 = CARTESIAN_POINT('',(178.01167210421,-24.71428571428,
    328.16344115415));
#9790 = LINE('',#9791,#9792);
#9791 = CARTESIAN_POINT('',(171.51167210421,-24.71428571428,
    328.16344115415));
#9792 = VECTOR('',#9793,1.);
#9793 = DIRECTION('',(1.,0.,2.22044604925E-16));
#9794 = ORIENTED_EDGE('',*,*,#9795,.F.);
#9795 = EDGE_CURVE('',#9796,#9788,#9798,.T.);
#9796 = VERTEX_POINT('',#9797);
#9797 = CARTESIAN_POINT('',(178.01167210421,-17.,320.16344115415));
#9798 = LINE('',#9799,#9800);
#9799 = CARTESIAN_POINT('',(178.01167210421,-20.92597488433,
    324.23482251568));
#9800 = VECTOR('',#9801,1.);
#9801 = DIRECTION('',(-1.598375421842E-16,-0.694135570584,0.719844295421
    ));
#9802 = ORIENTED_EDGE('',*,*,#9803,.T.);
#9803 = EDGE_CURVE('',#9796,#9804,#9806,.T.);
#9804 = VERTEX_POINT('',#9805);
#9805 = CARTESIAN_POINT('',(181.51973871938,-17.,320.16344115415));
#9806 = LINE('',#9807,#9808);
#9807 = CARTESIAN_POINT('',(173.01167210421,-17.,320.16344115415));
#9808 = VECTOR('',#9809,1.);
#9809 = DIRECTION('',(1.,0.,2.22044604925E-16));
#9810 = ORIENTED_EDGE('',*,*,#9811,.F.);
#9811 = EDGE_CURVE('',#9812,#9804,#9814,.T.);
#9812 = VERTEX_POINT('',#9813);
#9813 = CARTESIAN_POINT('',(212.50360548904,-17.,320.16344115415));
#9814 = ELLIPSE('',#9815,33.134737614212,23.);
#9815 = AXIS2_PLACEMENT_3D('',#9816,#9817,#9818);
#9816 = CARTESIAN_POINT('',(197.01167210421,0.,302.53381152452));
#9817 = DIRECTION('',(1.541290585348E-16,-0.719844295421,-0.694135570584
    ));
#9818 = DIRECTION('',(1.598375421842E-16,0.694135570584,-0.719844295421)
  );
#9819 = ORIENTED_EDGE('',*,*,#9820,.T.);
#9820 = EDGE_CURVE('',#9812,#9821,#9823,.T.);
#9821 = VERTEX_POINT('',#9822);
#9822 = CARTESIAN_POINT('',(221.01167210421,-17.,320.16344115415));
#9823 = LINE('',#9824,#9825);
#9824 = CARTESIAN_POINT('',(173.01167210421,-17.,320.16344115415));
#9825 = VECTOR('',#9826,1.);
#9826 = DIRECTION('',(1.,0.,2.22044604925E-16));
#9827 = ORIENTED_EDGE('',*,*,#9828,.T.);
#9828 = EDGE_CURVE('',#9821,#9829,#9831,.T.);
#9829 = VERTEX_POINT('',#9830);
#9830 = CARTESIAN_POINT('',(221.01167210421,-44.,348.16344115415));
#9831 = LINE('',#9832,#9833);
#9832 = CARTESIAN_POINT('',(221.01167210421,-17.,320.16344115415));
#9833 = VECTOR('',#9834,1.);
#9834 = DIRECTION('',(-1.598375421842E-16,-0.694135570584,0.719844295421
    ));
#9835 = ORIENTED_EDGE('',*,*,#9836,.F.);
#9836 = EDGE_CURVE('',#9837,#9829,#9839,.T.);
#9837 = VERTEX_POINT('',#9838);
#9838 = CARTESIAN_POINT('',(213.01167210421,-44.,348.16344115415));
#9839 = LINE('',#9840,#9841);
#9840 = CARTESIAN_POINT('',(173.01167210421,-44.,348.16344115415));
#9841 = VECTOR('',#9842,1.);
#9842 = DIRECTION('',(1.,0.,2.22044604925E-16));
#9843 = ORIENTED_EDGE('',*,*,#9844,.F.);
#9844 = EDGE_CURVE('',#9845,#9837,#9847,.T.);
#9845 = VERTEX_POINT('',#9846);
#9846 = CARTESIAN_POINT('',(213.01167210421,-43.03571428571,
    347.16344115415));
#9847 = LINE('',#9848,#9849);
#9848 = CARTESIAN_POINT('',(213.01167210421,-33.67647058823,
    337.45755880121));
#9849 = VECTOR('',#9850,1.);
#9850 = DIRECTION('',(-1.598375421842E-16,-0.694135570584,0.719844295421
    ));
#9851 = ORIENTED_EDGE('',*,*,#9852,.F.);
#9852 = EDGE_CURVE('',#9853,#9845,#9855,.T.);
#9853 = VERTEX_POINT('',#9854);
#9854 = CARTESIAN_POINT('',(181.01167210421,-43.03571428571,
    347.16344115415));
#9855 = LINE('',#9856,#9857);
#9856 = CARTESIAN_POINT('',(184.63533648983,-43.03571428571,
    347.16344115415));
#9857 = VECTOR('',#9858,1.);
#9858 = DIRECTION('',(1.,2.669035590324E-16,-5.474427110857E-17));
#9859 = ORIENTED_EDGE('',*,*,#9860,.T.);
#9860 = EDGE_CURVE('',#9853,#9748,#9861,.T.);
#9861 = LINE('',#9862,#9863);
#9862 = CARTESIAN_POINT('',(181.01167210421,-33.67647058823,
    337.45755880121));
#9863 = VECTOR('',#9864,1.);
#9864 = DIRECTION('',(-1.598375421842E-16,-0.694135570584,0.719844295421
    ));
#9865 = ORIENTED_EDGE('',*,*,#9747,.F.);
#9866 = FACE_BOUND('',#9867,.F.);
#9867 = EDGE_LOOP('',(#9868));
#9868 = ORIENTED_EDGE('',*,*,#9869,.F.);
#9869 = EDGE_CURVE('',#9870,#9870,#9872,.T.);
#9870 = VERTEX_POINT('',#9871);
#9871 = CARTESIAN_POINT('',(214.26167210421,-21.,324.31158930229));
#9872 = ELLIPSE('',#9873,3.241441723129,2.25);
#9873 = AXIS2_PLACEMENT_3D('',#9874,#9875,#9876);
#9874 = CARTESIAN_POINT('',(212.01167210421,-21.,324.31158930229));
#9875 = DIRECTION('',(1.541290585348E-16,-0.719844295421,-0.694135570584
    ));
#9876 = DIRECTION('',(1.598375421842E-16,0.694135570584,-0.719844295421)
  );
#9877 = FACE_BOUND('',#9878,.F.);
#9878 = EDGE_LOOP('',(#9879));
#9879 = ORIENTED_EDGE('',*,*,#9880,.F.);
#9880 = EDGE_CURVE('',#9881,#9881,#9883,.T.);
#9881 = VERTEX_POINT('',#9882);
#9882 = CARTESIAN_POINT('',(184.26167210421,-21.,324.31158930229));
#9883 = ELLIPSE('',#9884,3.241441723129,2.25);
#9884 = AXIS2_PLACEMENT_3D('',#9885,#9886,#9887);
#9885 = CARTESIAN_POINT('',(182.01167210421,-21.,324.31158930229));
#9886 = DIRECTION('',(1.541290585348E-16,-0.719844295421,-0.694135570584
    ));
#9887 = DIRECTION('',(1.598375421842E-16,0.694135570584,-0.719844295421)
  );
#9888 = PLANE('',#9889);
#9889 = AXIS2_PLACEMENT_3D('',#9890,#9891,#9892);
#9890 = CARTESIAN_POINT('',(173.01167210421,-17.,320.16344115415));
#9891 = DIRECTION('',(1.541290585348E-16,-0.719844295421,-0.694135570584
    ));
#9892 = DIRECTION('',(-1.598375421842E-16,-0.694135570584,0.719844295421
    ));
#9893 = ADVANCED_FACE('',(#9894),#9912,.T.);
#9894 = FACE_BOUND('',#9895,.T.);
#9895 = EDGE_LOOP('',(#9896,#9904,#9910,#9911));
#9896 = ORIENTED_EDGE('',*,*,#9897,.F.);
#9897 = EDGE_CURVE('',#9898,#9788,#9900,.T.);
#9898 = VERTEX_POINT('',#9899);
#9899 = CARTESIAN_POINT('',(178.01167210421,-25.,328.16344115415));
#9900 = LINE('',#9901,#9902);
#9901 = CARTESIAN_POINT('',(178.01167210421,-25.,328.16344115415));
#9902 = VECTOR('',#9903,1.);
#9903 = DIRECTION('',(0.,1.,0.));
#9904 = ORIENTED_EDGE('',*,*,#9905,.F.);
#9905 = EDGE_CURVE('',#9495,#9898,#9906,.T.);
#9906 = LINE('',#9907,#9908);
#9907 = CARTESIAN_POINT('',(170.01167210421,-25.,328.16344115415));
#9908 = VECTOR('',#9909,1.);
#9909 = DIRECTION('',(1.,0.,2.22044604925E-16));
#9910 = ORIENTED_EDGE('',*,*,#9502,.T.);
#9911 = ORIENTED_EDGE('',*,*,#9787,.T.);
#9912 = PLANE('',#9913);
#9913 = AXIS2_PLACEMENT_3D('',#9914,#9915,#9916);
#9914 = CARTESIAN_POINT('',(170.01167210421,-25.,328.16344115415));
#9915 = DIRECTION('',(2.22044604925E-16,0.,-1.));
#9916 = DIRECTION('',(1.,0.,2.22044604925E-16));
#9917 = ADVANCED_FACE('',(#9918),#9936,.T.);
#9918 = FACE_BOUND('',#9919,.T.);
#9919 = EDGE_LOOP('',(#9920,#9921,#9922,#9930));
#9920 = ORIENTED_EDGE('',*,*,#9494,.T.);
#9921 = ORIENTED_EDGE('',*,*,#9905,.T.);
#9922 = ORIENTED_EDGE('',*,*,#9923,.T.);
#9923 = EDGE_CURVE('',#9898,#9924,#9926,.T.);
#9924 = VERTEX_POINT('',#9925);
#9925 = CARTESIAN_POINT('',(178.01167210421,-25.,320.16344115415));
#9926 = LINE('',#9927,#9928);
#9927 = CARTESIAN_POINT('',(178.01167210421,-25.,328.16344115415));
#9928 = VECTOR('',#9929,1.);
#9929 = DIRECTION('',(2.22044604925E-16,0.,-1.));
#9930 = ORIENTED_EDGE('',*,*,#9931,.F.);
#9931 = EDGE_CURVE('',#9487,#9924,#9932,.T.);
#9932 = LINE('',#9933,#9934);
#9933 = CARTESIAN_POINT('',(173.01167210421,-25.,320.16344115415));
#9934 = VECTOR('',#9935,1.);
#9935 = DIRECTION('',(1.,0.,2.22044604925E-16));
#9936 = PLANE('',#9937);
#9937 = AXIS2_PLACEMENT_3D('',#9938,#9939,#9940);
#9938 = CARTESIAN_POINT('',(170.01167210421,-25.,328.16344115415));
#9939 = DIRECTION('',(0.,1.,0.));
#9940 = DIRECTION('',(1.,0.,2.22044604925E-16));
#9941 = ADVANCED_FACE('',(#9942),#10000,.F.);
#9942 = FACE_BOUND('',#9943,.F.);
#9943 = EDGE_LOOP('',(#9944,#9945,#9953,#9961,#9969,#9977,#9985,#9993,
    #9999));
#9944 = ORIENTED_EDGE('',*,*,#9486,.F.);
#9945 = ORIENTED_EDGE('',*,*,#9946,.T.);
#9946 = EDGE_CURVE('',#9479,#9947,#9949,.T.);
#9947 = VERTEX_POINT('',#9948);
#9948 = CARTESIAN_POINT('',(181.01167210421,-52.,348.16344115415));
#9949 = LINE('',#9950,#9951);
#9950 = CARTESIAN_POINT('',(173.01167210421,-52.,348.16344115415));
#9951 = VECTOR('',#9952,1.);
#9952 = DIRECTION('',(1.,0.,2.22044604925E-16));
#9953 = ORIENTED_EDGE('',*,*,#9954,.T.);
#9954 = EDGE_CURVE('',#9947,#9955,#9957,.T.);
#9955 = VERTEX_POINT('',#9956);
#9956 = CARTESIAN_POINT('',(181.01167210421,-51.03571428571,
    347.16344115415));
#9957 = LINE('',#9958,#9959);
#9958 = CARTESIAN_POINT('',(181.01167210421,-53.24917382683,
    349.45888067827));
#9959 = VECTOR('',#9960,1.);
#9960 = DIRECTION('',(1.598375421842E-16,0.694135570584,-0.719844295421)
  );
#9961 = ORIENTED_EDGE('',*,*,#9962,.F.);
#9962 = EDGE_CURVE('',#9963,#9955,#9965,.T.);
#9963 = VERTEX_POINT('',#9964);
#9964 = CARTESIAN_POINT('',(213.01167210421,-51.03571428571,
    347.16344115415));
#9965 = LINE('',#9966,#9967);
#9966 = CARTESIAN_POINT('',(184.63533648983,-51.03571428571,
    347.16344115415));
#9967 = VECTOR('',#9968,1.);
#9968 = DIRECTION('',(-1.,-2.669035590324E-16,5.474427110857E-17));
#9969 = ORIENTED_EDGE('',*,*,#9970,.F.);
#9970 = EDGE_CURVE('',#9971,#9963,#9973,.T.);
#9971 = VERTEX_POINT('',#9972);
#9972 = CARTESIAN_POINT('',(213.01167210421,-52.,348.16344115415));
#9973 = LINE('',#9974,#9975);
#9974 = CARTESIAN_POINT('',(213.01167210421,-53.24917382683,
    349.45888067827));
#9975 = VECTOR('',#9976,1.);
#9976 = DIRECTION('',(1.598375421842E-16,0.694135570584,-0.719844295421)
  );
#9977 = ORIENTED_EDGE('',*,*,#9978,.T.);
#9978 = EDGE_CURVE('',#9971,#9979,#9981,.T.);
#9979 = VERTEX_POINT('',#9980);
#9980 = CARTESIAN_POINT('',(221.01167210421,-52.,348.16344115415));
#9981 = LINE('',#9982,#9983);
#9982 = CARTESIAN_POINT('',(173.01167210421,-52.,348.16344115415));
#9983 = VECTOR('',#9984,1.);
#9984 = DIRECTION('',(1.,0.,2.22044604925E-16));
#9985 = ORIENTED_EDGE('',*,*,#9986,.T.);
#9986 = EDGE_CURVE('',#9979,#9987,#9989,.T.);
#9987 = VERTEX_POINT('',#9988);
#9988 = CARTESIAN_POINT('',(221.01167210421,-25.,320.16344115415));
#9989 = LINE('',#9990,#9991);
#9990 = CARTESIAN_POINT('',(221.01167210421,-52.,348.16344115415));
#9991 = VECTOR('',#9992,1.);
#9992 = DIRECTION('',(1.598375421842E-16,0.694135570584,-0.719844295421)
  );
#9993 = ORIENTED_EDGE('',*,*,#9994,.F.);
#9994 = EDGE_CURVE('',#9924,#9987,#9995,.T.);
#9995 = LINE('',#9996,#9997);
#9996 = CARTESIAN_POINT('',(173.01167210421,-25.,320.16344115415));
#9997 = VECTOR('',#9998,1.);
#9998 = DIRECTION('',(1.,0.,2.22044604925E-16));
#9999 = ORIENTED_EDGE('',*,*,#9931,.F.);
#10000 = PLANE('',#10001);
#10001 = AXIS2_PLACEMENT_3D('',#10002,#10003,#10004);
#10002 = CARTESIAN_POINT('',(173.01167210421,-52.,348.16344115415));
#10003 = DIRECTION('',(-1.541290585348E-16,0.719844295421,0.694135570584
    ));
#10004 = DIRECTION('',(1.598375421842E-16,0.694135570584,-0.719844295421
    ));
#10005 = ADVANCED_FACE('',(#10006),#10047,.F.);
#10006 = FACE_BOUND('',#10007,.F.);
#10007 = EDGE_LOOP('',(#10008,#10009,#10017,#10023,#10024,#10032,#10040,
    #10046));
#10008 = ORIENTED_EDGE('',*,*,#9478,.F.);
#10009 = ORIENTED_EDGE('',*,*,#10010,.T.);
#10010 = EDGE_CURVE('',#9471,#10011,#10013,.T.);
#10011 = VERTEX_POINT('',#10012);
#10012 = CARTESIAN_POINT('',(221.01167210421,-52.,384.16344115415));
#10013 = LINE('',#10014,#10015);
#10014 = CARTESIAN_POINT('',(173.01167210421,-52.,384.16344115415));
#10015 = VECTOR('',#10016,1.);
#10016 = DIRECTION('',(1.,0.,2.22044604925E-16));
#10017 = ORIENTED_EDGE('',*,*,#10018,.T.);
#10018 = EDGE_CURVE('',#10011,#9979,#10019,.T.);
#10019 = LINE('',#10020,#10021);
#10020 = CARTESIAN_POINT('',(221.01167210421,-52.,384.16344115415));
#10021 = VECTOR('',#10022,1.);
#10022 = DIRECTION('',(2.22044604925E-16,0.,-1.));
#10023 = ORIENTED_EDGE('',*,*,#9978,.F.);
#10024 = ORIENTED_EDGE('',*,*,#10025,.F.);
#10025 = EDGE_CURVE('',#10026,#9971,#10028,.T.);
#10026 = VERTEX_POINT('',#10027);
#10027 = CARTESIAN_POINT('',(213.01167210421,-52.,353.16344115415));
#10028 = LINE('',#10029,#10030);
#10029 = CARTESIAN_POINT('',(213.01167210421,-52.,353.16344115415));
#10030 = VECTOR('',#10031,1.);
#10031 = DIRECTION('',(2.22044604925E-16,0.,-1.));
#10032 = ORIENTED_EDGE('',*,*,#10033,.F.);
#10033 = EDGE_CURVE('',#10034,#10026,#10036,.T.);
#10034 = VERTEX_POINT('',#10035);
#10035 = CARTESIAN_POINT('',(181.01167210421,-52.,353.16344115415));
#10036 = LINE('',#10037,#10038);
#10037 = CARTESIAN_POINT('',(181.01167210421,-52.,353.16344115415));
#10038 = VECTOR('',#10039,1.);
#10039 = DIRECTION('',(1.,0.,2.22044604925E-16));
#10040 = ORIENTED_EDGE('',*,*,#10041,.T.);
#10041 = EDGE_CURVE('',#10034,#9947,#10042,.T.);
#10042 = LINE('',#10043,#10044);
#10043 = CARTESIAN_POINT('',(181.01167210421,-52.,353.16344115415));
#10044 = VECTOR('',#10045,1.);
#10045 = DIRECTION('',(2.22044604925E-16,0.,-1.));
#10046 = ORIENTED_EDGE('',*,*,#9946,.F.);
#10047 = PLANE('',#10048);
#10048 = AXIS2_PLACEMENT_3D('',#10049,#10050,#10051);
#10049 = CARTESIAN_POINT('',(173.01167210421,-52.,384.16344115415));
#10050 = DIRECTION('',(0.,1.,0.));
#10051 = DIRECTION('',(2.22044604925E-16,0.,-1.));
#10052 = ADVANCED_FACE('',(#10053),#10071,.F.);
#10053 = FACE_BOUND('',#10054,.F.);
#10054 = EDGE_LOOP('',(#10055,#10063,#10069,#10070));
#10055 = ORIENTED_EDGE('',*,*,#10056,.T.);
#10056 = EDGE_CURVE('',#9463,#10057,#10059,.T.);
#10057 = VERTEX_POINT('',#10058);
#10058 = CARTESIAN_POINT('',(221.01167210421,-45.,397.16344115415));
#10059 = LINE('',#10060,#10061);
#10060 = CARTESIAN_POINT('',(173.01167210421,-45.,397.16344115415));
#10061 = VECTOR('',#10062,1.);
#10062 = DIRECTION('',(1.,0.,2.22044604925E-16));
#10063 = ORIENTED_EDGE('',*,*,#10064,.T.);
#10064 = EDGE_CURVE('',#10057,#10011,#10065,.T.);
#10065 = LINE('',#10066,#10067);
#10066 = CARTESIAN_POINT('',(221.01167210421,-45.,397.16344115415));
#10067 = VECTOR('',#10068,1.);
#10068 = DIRECTION('',(1.955038575301E-16,-0.474099823035,
    -0.880471099922));
#10069 = ORIENTED_EDGE('',*,*,#10010,.F.);
#10070 = ORIENTED_EDGE('',*,*,#9470,.F.);
#10071 = PLANE('',#10072);
#10072 = AXIS2_PLACEMENT_3D('',#10073,#10074,#10075);
#10073 = CARTESIAN_POINT('',(173.01167210421,-45.,397.16344115415));
#10074 = DIRECTION('',(1.052713079008E-16,0.880471099922,-0.474099823035
    ));
#10075 = DIRECTION('',(1.955038575301E-16,-0.474099823035,
    -0.880471099922));
#10076 = ADVANCED_FACE('',(#10077,#10089,#10109,#10120,#10131,#10142),
  #10153,.T.);
#10077 = FACE_BOUND('',#10078,.T.);
#10078 = EDGE_LOOP('',(#10079,#10080,#10081,#10082,#10088));
#10079 = ORIENTED_EDGE('',*,*,#9584,.F.);
#10080 = ORIENTED_EDGE('',*,*,#9462,.T.);
#10081 = ORIENTED_EDGE('',*,*,#10056,.T.);
#10082 = ORIENTED_EDGE('',*,*,#10083,.F.);
#10083 = EDGE_CURVE('',#9551,#10057,#10084,.T.);
#10084 = LINE('',#10085,#10086);
#10085 = CARTESIAN_POINT('',(221.01167210421,-45.,432.16344115415));
#10086 = VECTOR('',#10087,1.);
#10087 = DIRECTION('',(2.22044604925E-16,0.,-1.));
#10088 = ORIENTED_EDGE('',*,*,#9548,.F.);
#10089 = FACE_BOUND('',#10090,.T.);
#10090 = EDGE_LOOP('',(#10091,#10102));
#10091 = ORIENTED_EDGE('',*,*,#10092,.T.);
#10092 = EDGE_CURVE('',#10093,#10095,#10097,.T.);
#10093 = VERTEX_POINT('',#10094);
#10094 = CARTESIAN_POINT('',(186.81167210421,-45.,432.16344115415));
#10095 = VERTEX_POINT('',#10096);
#10096 = CARTESIAN_POINT('',(207.21167210421,-45.,432.16344115415));
#10097 = CIRCLE('',#10098,10.2);
#10098 = AXIS2_PLACEMENT_3D('',#10099,#10100,#10101);
#10099 = CARTESIAN_POINT('',(197.01167210421,-45.,432.16344115415));
#10100 = DIRECTION('',(-0.,1.,0.));
#10101 = DIRECTION('',(1.,0.,2.22044604925E-16));
#10102 = ORIENTED_EDGE('',*,*,#10103,.T.);
#10103 = EDGE_CURVE('',#10095,#10093,#10104,.T.);
#10104 = CIRCLE('',#10105,10.2);
#10105 = AXIS2_PLACEMENT_3D('',#10106,#10107,#10108);
#10106 = CARTESIAN_POINT('',(197.01167210421,-45.,432.16344115415));
#10107 = DIRECTION('',(-0.,1.,0.));
#10108 = DIRECTION('',(1.,0.,2.22044604925E-16));
#10109 = FACE_BOUND('',#10110,.T.);
#10110 = EDGE_LOOP('',(#10111));
#10111 = ORIENTED_EDGE('',*,*,#10112,.T.);
#10112 = EDGE_CURVE('',#10113,#10113,#10115,.T.);
#10113 = VERTEX_POINT('',#10114);
#10114 = CARTESIAN_POINT('',(187.39796360522,-45.,443.47714965313));
#10115 = CIRCLE('',#10116,1.7);
#10116 = AXIS2_PLACEMENT_3D('',#10117,#10118,#10119);
#10117 = CARTESIAN_POINT('',(185.69796360522,-45.,443.47714965313));
#10118 = DIRECTION('',(-0.,1.,0.));
#10119 = DIRECTION('',(1.,0.,2.22044604925E-16));
#10120 = FACE_BOUND('',#10121,.T.);
#10121 = EDGE_LOOP('',(#10122));
#10122 = ORIENTED_EDGE('',*,*,#10123,.T.);
#10123 = EDGE_CURVE('',#10124,#10124,#10126,.T.);
#10124 = VERTEX_POINT('',#10125);
#10125 = CARTESIAN_POINT('',(210.02538060319,-45.,443.47714965313));
#10126 = CIRCLE('',#10127,1.7);
#10127 = AXIS2_PLACEMENT_3D('',#10128,#10129,#10130);
#10128 = CARTESIAN_POINT('',(208.32538060319,-45.,443.47714965313));
#10129 = DIRECTION('',(-0.,1.,0.));
#10130 = DIRECTION('',(1.,0.,2.22044604925E-16));
#10131 = FACE_BOUND('',#10132,.T.);
#10132 = EDGE_LOOP('',(#10133));
#10133 = ORIENTED_EDGE('',*,*,#10134,.T.);
#10134 = EDGE_CURVE('',#10135,#10135,#10137,.T.);
#10135 = VERTEX_POINT('',#10136);
#10136 = CARTESIAN_POINT('',(187.39796360522,-45.,420.84973265516));
#10137 = CIRCLE('',#10138,1.7);
#10138 = AXIS2_PLACEMENT_3D('',#10139,#10140,#10141);
#10139 = CARTESIAN_POINT('',(185.69796360522,-45.,420.84973265516));
#10140 = DIRECTION('',(-0.,1.,0.));
#10141 = DIRECTION('',(1.,0.,2.22044604925E-16));
#10142 = FACE_BOUND('',#10143,.T.);
#10143 = EDGE_LOOP('',(#10144));
#10144 = ORIENTED_EDGE('',*,*,#10145,.T.);
#10145 = EDGE_CURVE('',#10146,#10146,#10148,.T.);
#10146 = VERTEX_POINT('',#10147);
#10147 = CARTESIAN_POINT('',(210.02538060319,-45.,420.84973265516));
#10148 = CIRCLE('',#10149,1.7);
#10149 = AXIS2_PLACEMENT_3D('',#10150,#10151,#10152);
#10150 = CARTESIAN_POINT('',(208.32538060319,-45.,420.84973265516));
#10151 = DIRECTION('',(-0.,1.,0.));
#10152 = DIRECTION('',(1.,0.,2.22044604925E-16));
#10153 = PLANE('',#10154);
#10154 = AXIS2_PLACEMENT_3D('',#10155,#10156,#10157);
#10155 = CARTESIAN_POINT('',(197.37012590629,-45.,424.11410459092));
#10156 = DIRECTION('',(-0.,-1.,0.));
#10157 = DIRECTION('',(-1.,0.,-2.22044604925E-16));
#10158 = ADVANCED_FACE('',(#10159),#10181,.T.);
#10159 = FACE_BOUND('',#10160,.T.);
#10160 = EDGE_LOOP('',(#10161,#10162,#10163,#10164,#10165,#10166,#10172,
    #10173,#10179,#10180));
#10161 = ORIENTED_EDGE('',*,*,#9559,.F.);
#10162 = ORIENTED_EDGE('',*,*,#10083,.T.);
#10163 = ORIENTED_EDGE('',*,*,#10064,.T.);
#10164 = ORIENTED_EDGE('',*,*,#10018,.T.);
#10165 = ORIENTED_EDGE('',*,*,#9986,.T.);
#10166 = ORIENTED_EDGE('',*,*,#10167,.T.);
#10167 = EDGE_CURVE('',#9987,#9821,#10168,.T.);
#10168 = LINE('',#10169,#10170);
#10169 = CARTESIAN_POINT('',(221.01167210421,-25.,320.16344115415));
#10170 = VECTOR('',#10171,1.);
#10171 = DIRECTION('',(0.,1.,0.));
#10172 = ORIENTED_EDGE('',*,*,#9828,.T.);
#10173 = ORIENTED_EDGE('',*,*,#10174,.T.);
#10174 = EDGE_CURVE('',#9829,#9724,#10175,.T.);
#10175 = LINE('',#10176,#10177);
#10176 = CARTESIAN_POINT('',(221.01167210421,-44.,348.16344115415));
#10177 = VECTOR('',#10178,1.);
#10178 = DIRECTION('',(-2.22044604925E-16,0.,1.));
#10179 = ORIENTED_EDGE('',*,*,#9731,.T.);
#10180 = ORIENTED_EDGE('',*,*,#9601,.T.);
#10181 = PLANE('',#10182);
#10182 = AXIS2_PLACEMENT_3D('',#10183,#10184,#10185);
#10183 = CARTESIAN_POINT('',(221.01167210421,-40.78022684341,
    372.90631936302));
#10184 = DIRECTION('',(1.,0.,2.22044604925E-16));
#10185 = DIRECTION('',(2.22044604925E-16,0.,-1.));
#10186 = ADVANCED_FACE('',(#10187),#10199,.F.);
#10187 = FACE_BOUND('',#10188,.F.);
#10188 = EDGE_LOOP('',(#10189,#10190,#10195,#10196,#10197,#10198));
#10189 = ORIENTED_EDGE('',*,*,#10092,.T.);
#10190 = ORIENTED_EDGE('',*,*,#10191,.T.);
#10191 = EDGE_CURVE('',#10095,#9621,#10192,.T.);
#10192 = B_SPLINE_CURVE_WITH_KNOTS('',1,(#10193,#10194),.UNSPECIFIED.,
  .F.,.F.,(2,2),(0.,8.),.PIECEWISE_BEZIER_KNOTS.);
#10193 = CARTESIAN_POINT('',(207.21167210421,-45.,432.16344115415));
#10194 = CARTESIAN_POINT('',(207.21167210421,-37.,432.16344115415));
#10195 = ORIENTED_EDGE('',*,*,#9618,.F.);
#10196 = ORIENTED_EDGE('',*,*,#9629,.F.);
#10197 = ORIENTED_EDGE('',*,*,#10191,.F.);
#10198 = ORIENTED_EDGE('',*,*,#10103,.T.);
#10199 = CYLINDRICAL_SURFACE('',#10200,10.2);
#10200 = AXIS2_PLACEMENT_3D('',#10201,#10202,#10203);
#10201 = CARTESIAN_POINT('',(197.01167210421,-45.,432.16344115415));
#10202 = DIRECTION('',(0.,1.,0.));
#10203 = DIRECTION('',(1.,0.,2.22044604925E-16));
#10204 = ADVANCED_FACE('',(#10205),#10216,.F.);
#10205 = FACE_BOUND('',#10206,.F.);
#10206 = EDGE_LOOP('',(#10207,#10208,#10214,#10215));
#10207 = ORIENTED_EDGE('',*,*,#9638,.F.);
#10208 = ORIENTED_EDGE('',*,*,#10209,.F.);
#10209 = EDGE_CURVE('',#10113,#9639,#10210,.T.);
#10210 = LINE('',#10211,#10212);
#10211 = CARTESIAN_POINT('',(187.39796360522,-45.,443.47714965313));
#10212 = VECTOR('',#10213,1.);
#10213 = DIRECTION('',(0.,1.,0.));
#10214 = ORIENTED_EDGE('',*,*,#10112,.T.);
#10215 = ORIENTED_EDGE('',*,*,#10209,.T.);
#10216 = CYLINDRICAL_SURFACE('',#10217,1.7);
#10217 = AXIS2_PLACEMENT_3D('',#10218,#10219,#10220);
#10218 = CARTESIAN_POINT('',(185.69796360522,-45.,443.47714965313));
#10219 = DIRECTION('',(0.,1.,0.));
#10220 = DIRECTION('',(1.,0.,2.22044604925E-16));
#10221 = ADVANCED_FACE('',(#10222),#10233,.F.);
#10222 = FACE_BOUND('',#10223,.F.);
#10223 = EDGE_LOOP('',(#10224,#10225,#10231,#10232));
#10224 = ORIENTED_EDGE('',*,*,#9649,.F.);
#10225 = ORIENTED_EDGE('',*,*,#10226,.F.);
#10226 = EDGE_CURVE('',#10124,#9650,#10227,.T.);
#10227 = LINE('',#10228,#10229);
#10228 = CARTESIAN_POINT('',(210.02538060319,-45.,443.47714965313));
#10229 = VECTOR('',#10230,1.);
#10230 = DIRECTION('',(0.,1.,0.));
#10231 = ORIENTED_EDGE('',*,*,#10123,.T.);
#10232 = ORIENTED_EDGE('',*,*,#10226,.T.);
#10233 = CYLINDRICAL_SURFACE('',#10234,1.7);
#10234 = AXIS2_PLACEMENT_3D('',#10235,#10236,#10237);
#10235 = CARTESIAN_POINT('',(208.32538060319,-45.,443.47714965313));
#10236 = DIRECTION('',(0.,1.,0.));
#10237 = DIRECTION('',(1.,0.,2.22044604925E-16));
#10238 = ADVANCED_FACE('',(#10239),#10250,.F.);
#10239 = FACE_BOUND('',#10240,.F.);
#10240 = EDGE_LOOP('',(#10241,#10242,#10248,#10249));
#10241 = ORIENTED_EDGE('',*,*,#9660,.F.);
#10242 = ORIENTED_EDGE('',*,*,#10243,.F.);
#10243 = EDGE_CURVE('',#10135,#9661,#10244,.T.);
#10244 = LINE('',#10245,#10246);
#10245 = CARTESIAN_POINT('',(187.39796360522,-45.,420.84973265516));
#10246 = VECTOR('',#10247,1.);
#10247 = DIRECTION('',(0.,1.,0.));
#10248 = ORIENTED_EDGE('',*,*,#10134,.T.);
#10249 = ORIENTED_EDGE('',*,*,#10243,.T.);
#10250 = CYLINDRICAL_SURFACE('',#10251,1.7);
#10251 = AXIS2_PLACEMENT_3D('',#10252,#10253,#10254);
#10252 = CARTESIAN_POINT('',(185.69796360522,-45.,420.84973265516));
#10253 = DIRECTION('',(0.,1.,0.));
#10254 = DIRECTION('',(1.,0.,2.22044604925E-16));
#10255 = ADVANCED_FACE('',(#10256),#10267,.F.);
#10256 = FACE_BOUND('',#10257,.F.);
#10257 = EDGE_LOOP('',(#10258,#10259,#10265,#10266));
#10258 = ORIENTED_EDGE('',*,*,#9671,.F.);
#10259 = ORIENTED_EDGE('',*,*,#10260,.F.);
#10260 = EDGE_CURVE('',#10146,#9672,#10261,.T.);
#10261 = LINE('',#10262,#10263);
#10262 = CARTESIAN_POINT('',(210.02538060319,-45.,420.84973265516));
#10263 = VECTOR('',#10264,1.);
#10264 = DIRECTION('',(0.,1.,0.));
#10265 = ORIENTED_EDGE('',*,*,#10145,.T.);
#10266 = ORIENTED_EDGE('',*,*,#10260,.T.);
#10267 = CYLINDRICAL_SURFACE('',#10268,1.7);
#10268 = AXIS2_PLACEMENT_3D('',#10269,#10270,#10271);
#10269 = CARTESIAN_POINT('',(208.32538060319,-45.,420.84973265516));
#10270 = DIRECTION('',(0.,1.,0.));
#10271 = DIRECTION('',(1.,0.,2.22044604925E-16));
#10272 = ADVANCED_FACE('',(#10273),#10300,.F.);
#10273 = FACE_BOUND('',#10274,.F.);
#10274 = EDGE_LOOP('',(#10275,#10283,#10284,#10285,#10286,#10294));
#10275 = ORIENTED_EDGE('',*,*,#10276,.F.);
#10276 = EDGE_CURVE('',#9837,#10277,#10279,.T.);
#10277 = VERTEX_POINT('',#10278);
#10278 = CARTESIAN_POINT('',(213.01167210421,-44.,353.16344115415));
#10279 = LINE('',#10280,#10281);
#10280 = CARTESIAN_POINT('',(213.01167210421,-44.,350.66344115415));
#10281 = VECTOR('',#10282,1.);
#10282 = DIRECTION('',(-2.22044604925E-16,0.,1.));
#10283 = ORIENTED_EDGE('',*,*,#9836,.T.);
#10284 = ORIENTED_EDGE('',*,*,#10174,.T.);
#10285 = ORIENTED_EDGE('',*,*,#9723,.F.);
#10286 = ORIENTED_EDGE('',*,*,#10287,.T.);
#10287 = EDGE_CURVE('',#9715,#10288,#10290,.T.);
#10288 = VERTEX_POINT('',#10289);
#10289 = CARTESIAN_POINT('',(210.4280799692,-44.,353.16344115415));
#10290 = LINE('',#10291,#10292);
#10291 = CARTESIAN_POINT('',(210.4280799692,-44.,386.66344115415));
#10292 = VECTOR('',#10293,1.);
#10293 = DIRECTION('',(2.22044604925E-16,0.,-1.));
#10294 = ORIENTED_EDGE('',*,*,#10295,.T.);
#10295 = EDGE_CURVE('',#10288,#10277,#10296,.T.);
#10296 = LINE('',#10297,#10298);
#10297 = CARTESIAN_POINT('',(177.01167210421,-44.,353.16344115415));
#10298 = VECTOR('',#10299,1.);
#10299 = DIRECTION('',(1.,0.,2.22044604925E-16));
#10300 = PLANE('',#10301);
#10301 = AXIS2_PLACEMENT_3D('',#10302,#10303,#10304);
#10302 = CARTESIAN_POINT('',(173.01167210421,-44.,348.16344115415));
#10303 = DIRECTION('',(0.,-1.,0.));
#10304 = DIRECTION('',(-2.22044604925E-16,0.,1.));
#10305 = ADVANCED_FACE('',(#10306),#10326,.F.);
#10306 = FACE_BOUND('',#10307,.F.);
#10307 = EDGE_LOOP('',(#10308,#10309,#10316,#10317,#10318,#10325));
#10308 = ORIENTED_EDGE('',*,*,#9714,.T.);
#10309 = ORIENTED_EDGE('',*,*,#10310,.T.);
#10310 = EDGE_CURVE('',#9707,#9698,#10311,.T.);
#10311 = CIRCLE('',#10312,46.);
#10312 = AXIS2_PLACEMENT_3D('',#10313,#10314,#10315);
#10313 = CARTESIAN_POINT('',(197.01167210421,0.,386.66344115415));
#10314 = DIRECTION('',(2.22044604925E-16,0.,-1.));
#10315 = DIRECTION('',(1.,0.,2.22044604925E-16));
#10316 = ORIENTED_EDGE('',*,*,#9697,.T.);
#10317 = ORIENTED_EDGE('',*,*,#9771,.T.);
#10318 = ORIENTED_EDGE('',*,*,#10319,.F.);
#10319 = EDGE_CURVE('',#10288,#9764,#10320,.T.);
#10320 = CIRCLE('',#10321,46.);
#10321 = AXIS2_PLACEMENT_3D('',#10322,#10323,#10324);
#10322 = CARTESIAN_POINT('',(197.01167210421,0.,353.16344115415));
#10323 = DIRECTION('',(2.22044604925E-16,0.,-1.));
#10324 = DIRECTION('',(1.,0.,2.22044604925E-16));
#10325 = ORIENTED_EDGE('',*,*,#10287,.F.);
#10326 = CYLINDRICAL_SURFACE('',#10327,46.);
#10327 = AXIS2_PLACEMENT_3D('',#10328,#10329,#10330);
#10328 = CARTESIAN_POINT('',(197.01167210421,0.,386.66344115415));
#10329 = DIRECTION('',(2.22044604925E-16,0.,-1.));
#10330 = DIRECTION('',(1.,0.,2.22044604925E-16));
#10331 = ADVANCED_FACE('',(#10332),#10336,.T.);
#10332 = FACE_BOUND('',#10333,.T.);
#10333 = EDGE_LOOP('',(#10334,#10335));
#10334 = ORIENTED_EDGE('',*,*,#9706,.T.);
#10335 = ORIENTED_EDGE('',*,*,#10310,.T.);
#10336 = PLANE('',#10337);
#10337 = AXIS2_PLACEMENT_3D('',#10338,#10339,#10340);
#10338 = CARTESIAN_POINT('',(197.01167210421,0.,386.66344115415));
#10339 = DIRECTION('',(2.22044604925E-16,0.,-1.));
#10340 = DIRECTION('',(1.,0.,2.22044604925E-16));
#10341 = ADVANCED_FACE('',(#10342,#10360,#10371),#10382,.T.);
#10342 = FACE_BOUND('',#10343,.T.);
#10343 = EDGE_LOOP('',(#10344,#10350,#10351,#10357,#10358,#10359));
#10344 = ORIENTED_EDGE('',*,*,#10345,.F.);
#10345 = EDGE_CURVE('',#10026,#10277,#10346,.T.);
#10346 = LINE('',#10347,#10348);
#10347 = CARTESIAN_POINT('',(213.01167210421,-52.,353.16344115415));
#10348 = VECTOR('',#10349,1.);
#10349 = DIRECTION('',(0.,1.,0.));
#10350 = ORIENTED_EDGE('',*,*,#10033,.F.);
#10351 = ORIENTED_EDGE('',*,*,#10352,.T.);
#10352 = EDGE_CURVE('',#10034,#9756,#10353,.T.);
#10353 = LINE('',#10354,#10355);
#10354 = CARTESIAN_POINT('',(181.01167210421,-52.,353.16344115415));
#10355 = VECTOR('',#10356,1.);
#10356 = DIRECTION('',(0.,1.,0.));
#10357 = ORIENTED_EDGE('',*,*,#9763,.T.);
#10358 = ORIENTED_EDGE('',*,*,#10319,.F.);
#10359 = ORIENTED_EDGE('',*,*,#10295,.T.);
#10360 = FACE_BOUND('',#10361,.T.);
#10361 = EDGE_LOOP('',(#10362));
#10362 = ORIENTED_EDGE('',*,*,#10363,.F.);
#10363 = EDGE_CURVE('',#10364,#10364,#10366,.T.);
#10364 = VERTEX_POINT('',#10365);
#10365 = CARTESIAN_POINT('',(188.71167210421,-48.,353.16344115415));
#10366 = CIRCLE('',#10367,1.7);
#10367 = AXIS2_PLACEMENT_3D('',#10368,#10369,#10370);
#10368 = CARTESIAN_POINT('',(187.01167210421,-48.,353.16344115415));
#10369 = DIRECTION('',(2.22044604925E-16,0.,-1.));
#10370 = DIRECTION('',(1.,0.,2.22044604925E-16));
#10371 = FACE_BOUND('',#10372,.T.);
#10372 = EDGE_LOOP('',(#10373));
#10373 = ORIENTED_EDGE('',*,*,#10374,.F.);
#10374 = EDGE_CURVE('',#10375,#10375,#10377,.T.);
#10375 = VERTEX_POINT('',#10376);
#10376 = CARTESIAN_POINT('',(208.71167210421,-48.,353.16344115415));
#10377 = CIRCLE('',#10378,1.7);
#10378 = AXIS2_PLACEMENT_3D('',#10379,#10380,#10381);
#10379 = CARTESIAN_POINT('',(207.01167210421,-48.,353.16344115415));
#10380 = DIRECTION('',(2.22044604925E-16,0.,-1.));
#10381 = DIRECTION('',(1.,0.,2.22044604925E-16));
#10382 = PLANE('',#10383);
#10383 = AXIS2_PLACEMENT_3D('',#10384,#10385,#10386);
#10384 = CARTESIAN_POINT('',(181.01167210421,-52.,353.16344115415));
#10385 = DIRECTION('',(2.22044604925E-16,0.,-1.));
#10386 = DIRECTION('',(1.,0.,2.22044604925E-16));
#10387 = ADVANCED_FACE('',(#10388),#10401,.T.);
#10388 = FACE_BOUND('',#10389,.T.);
#10389 = EDGE_LOOP('',(#10390,#10391,#10392,#10393,#10399,#10400));
#10390 = ORIENTED_EDGE('',*,*,#10352,.F.);
#10391 = ORIENTED_EDGE('',*,*,#10041,.T.);
#10392 = ORIENTED_EDGE('',*,*,#9954,.T.);
#10393 = ORIENTED_EDGE('',*,*,#10394,.T.);
#10394 = EDGE_CURVE('',#9955,#9853,#10395,.T.);
#10395 = LINE('',#10396,#10397);
#10396 = CARTESIAN_POINT('',(181.01167210421,-52.,347.16344115415));
#10397 = VECTOR('',#10398,1.);
#10398 = DIRECTION('',(0.,1.,0.));
#10399 = ORIENTED_EDGE('',*,*,#9860,.T.);
#10400 = ORIENTED_EDGE('',*,*,#9755,.T.);
#10401 = PLANE('',#10402);
#10402 = AXIS2_PLACEMENT_3D('',#10403,#10404,#10405);
#10403 = CARTESIAN_POINT('',(181.01167210421,-52.,353.16344115415));
#10404 = DIRECTION('',(1.,0.,2.22044604925E-16));
#10405 = DIRECTION('',(2.22044604925E-16,0.,-1.));
#10406 = ADVANCED_FACE('',(#10407,#10418,#10429),#10440,.F.);
#10407 = FACE_BOUND('',#10408,.F.);
#10408 = EDGE_LOOP('',(#10409,#10410,#10411,#10417));
#10409 = ORIENTED_EDGE('',*,*,#10394,.T.);
#10410 = ORIENTED_EDGE('',*,*,#9852,.T.);
#10411 = ORIENTED_EDGE('',*,*,#10412,.F.);
#10412 = EDGE_CURVE('',#9963,#9845,#10413,.T.);
#10413 = LINE('',#10414,#10415);
#10414 = CARTESIAN_POINT('',(213.01167210421,-52.,347.16344115415));
#10415 = VECTOR('',#10416,1.);
#10416 = DIRECTION('',(0.,1.,0.));
#10417 = ORIENTED_EDGE('',*,*,#9962,.T.);
#10418 = FACE_BOUND('',#10419,.F.);
#10419 = EDGE_LOOP('',(#10420));
#10420 = ORIENTED_EDGE('',*,*,#10421,.F.);
#10421 = EDGE_CURVE('',#10422,#10422,#10424,.T.);
#10422 = VERTEX_POINT('',#10423);
#10423 = CARTESIAN_POINT('',(188.71167210421,-48.,347.16344115415));
#10424 = CIRCLE('',#10425,1.7);
#10425 = AXIS2_PLACEMENT_3D('',#10426,#10427,#10428);
#10426 = CARTESIAN_POINT('',(187.01167210421,-48.,347.16344115415));
#10427 = DIRECTION('',(2.22044604925E-16,0.,-1.));
#10428 = DIRECTION('',(1.,0.,2.22044604925E-16));
#10429 = FACE_BOUND('',#10430,.F.);
#10430 = EDGE_LOOP('',(#10431));
#10431 = ORIENTED_EDGE('',*,*,#10432,.F.);
#10432 = EDGE_CURVE('',#10433,#10433,#10435,.T.);
#10433 = VERTEX_POINT('',#10434);
#10434 = CARTESIAN_POINT('',(208.71167210421,-48.,347.16344115415));
#10435 = CIRCLE('',#10436,1.7);
#10436 = AXIS2_PLACEMENT_3D('',#10437,#10438,#10439);
#10437 = CARTESIAN_POINT('',(207.01167210421,-48.,347.16344115415));
#10438 = DIRECTION('',(2.22044604925E-16,0.,-1.));
#10439 = DIRECTION('',(1.,0.,2.22044604925E-16));
#10440 = PLANE('',#10441);
#10441 = AXIS2_PLACEMENT_3D('',#10442,#10443,#10444);
#10442 = CARTESIAN_POINT('',(196.25900087546,1.107672274569E-15,
    347.16344115415));
#10443 = DIRECTION('',(-5.474427110857E-17,0.,-1.));
#10444 = DIRECTION('',(1.,0.,-5.474427110857E-17));
#10445 = ADVANCED_FACE('',(#10446),#10454,.F.);
#10446 = FACE_BOUND('',#10447,.F.);
#10447 = EDGE_LOOP('',(#10448,#10449,#10450,#10451,#10452,#10453));
#10448 = ORIENTED_EDGE('',*,*,#10345,.F.);
#10449 = ORIENTED_EDGE('',*,*,#10025,.T.);
#10450 = ORIENTED_EDGE('',*,*,#9970,.T.);
#10451 = ORIENTED_EDGE('',*,*,#10412,.T.);
#10452 = ORIENTED_EDGE('',*,*,#9844,.T.);
#10453 = ORIENTED_EDGE('',*,*,#10276,.T.);
#10454 = PLANE('',#10455);
#10455 = AXIS2_PLACEMENT_3D('',#10456,#10457,#10458);
#10456 = CARTESIAN_POINT('',(213.01167210421,-52.,353.16344115415));
#10457 = DIRECTION('',(1.,0.,2.22044604925E-16));
#10458 = DIRECTION('',(2.22044604925E-16,0.,-1.));
#10459 = ADVANCED_FACE('',(#10460,#10479,#10490),#10501,.F.);
#10460 = FACE_BOUND('',#10461,.F.);
#10461 = EDGE_LOOP('',(#10462,#10468,#10469,#10470,#10471,#10478));
#10462 = ORIENTED_EDGE('',*,*,#10463,.F.);
#10463 = EDGE_CURVE('',#9924,#9796,#10464,.T.);
#10464 = LINE('',#10465,#10466);
#10465 = CARTESIAN_POINT('',(178.01167210421,-25.,320.16344115415));
#10466 = VECTOR('',#10467,1.);
#10467 = DIRECTION('',(0.,1.,0.));
#10468 = ORIENTED_EDGE('',*,*,#9994,.T.);
#10469 = ORIENTED_EDGE('',*,*,#10167,.T.);
#10470 = ORIENTED_EDGE('',*,*,#9820,.F.);
#10471 = ORIENTED_EDGE('',*,*,#10472,.T.);
#10472 = EDGE_CURVE('',#9812,#9804,#10473,.T.);
#10473 = CIRCLE('',#10474,23.);
#10474 = AXIS2_PLACEMENT_3D('',#10475,#10476,#10477);
#10475 = CARTESIAN_POINT('',(197.01167210421,0.,320.16344115415));
#10476 = DIRECTION('',(2.22044604925E-16,0.,-1.));
#10477 = DIRECTION('',(1.,0.,2.22044604925E-16));
#10478 = ORIENTED_EDGE('',*,*,#9803,.F.);
#10479 = FACE_BOUND('',#10480,.F.);
#10480 = EDGE_LOOP('',(#10481));
#10481 = ORIENTED_EDGE('',*,*,#10482,.T.);
#10482 = EDGE_CURVE('',#10483,#10483,#10485,.T.);
#10483 = VERTEX_POINT('',#10484);
#10484 = CARTESIAN_POINT('',(214.26167210421,-21.,320.16344115415));
#10485 = CIRCLE('',#10486,2.25);
#10486 = AXIS2_PLACEMENT_3D('',#10487,#10488,#10489);
#10487 = CARTESIAN_POINT('',(212.01167210421,-21.,320.16344115415));
#10488 = DIRECTION('',(2.22044604925E-16,0.,-1.));
#10489 = DIRECTION('',(1.,0.,2.22044604925E-16));
#10490 = FACE_BOUND('',#10491,.F.);
#10491 = EDGE_LOOP('',(#10492));
#10492 = ORIENTED_EDGE('',*,*,#10493,.T.);
#10493 = EDGE_CURVE('',#10494,#10494,#10496,.T.);
#10494 = VERTEX_POINT('',#10495);
#10495 = CARTESIAN_POINT('',(184.26167210421,-21.,320.16344115415));
#10496 = CIRCLE('',#10497,2.25);
#10497 = AXIS2_PLACEMENT_3D('',#10498,#10499,#10500);
#10498 = CARTESIAN_POINT('',(182.01167210421,-21.,320.16344115415));
#10499 = DIRECTION('',(2.22044604925E-16,0.,-1.));
#10500 = DIRECTION('',(1.,0.,2.22044604925E-16));
#10501 = PLANE('',#10502);
#10502 = AXIS2_PLACEMENT_3D('',#10503,#10504,#10505);
#10503 = CARTESIAN_POINT('',(173.01167210421,-25.,320.16344115415));
#10504 = DIRECTION('',(-2.22044604925E-16,0.,1.));
#10505 = DIRECTION('',(0.,1.,0.));
#10506 = ADVANCED_FACE('',(#10507),#10511,.F.);
#10507 = FACE_BOUND('',#10508,.F.);
#10508 = EDGE_LOOP('',(#10509,#10510));
#10509 = ORIENTED_EDGE('',*,*,#10472,.F.);
#10510 = ORIENTED_EDGE('',*,*,#9811,.T.);
#10511 = CYLINDRICAL_SURFACE('',#10512,23.);
#10512 = AXIS2_PLACEMENT_3D('',#10513,#10514,#10515);
#10513 = CARTESIAN_POINT('',(197.01167210421,0.,328.16344115415));
#10514 = DIRECTION('',(2.22044604925E-16,0.,-1.));
#10515 = DIRECTION('',(1.,0.,2.22044604925E-16));
#10516 = ADVANCED_FACE('',(#10517),#10523,.F.);
#10517 = FACE_BOUND('',#10518,.F.);
#10518 = EDGE_LOOP('',(#10519,#10520,#10521,#10522));
#10519 = ORIENTED_EDGE('',*,*,#9897,.F.);
#10520 = ORIENTED_EDGE('',*,*,#9923,.T.);
#10521 = ORIENTED_EDGE('',*,*,#10463,.T.);
#10522 = ORIENTED_EDGE('',*,*,#9795,.T.);
#10523 = PLANE('',#10524);
#10524 = AXIS2_PLACEMENT_3D('',#10525,#10526,#10527);
#10525 = CARTESIAN_POINT('',(178.01167210421,-25.,328.16344115415));
#10526 = DIRECTION('',(1.,0.,2.22044604925E-16));
#10527 = DIRECTION('',(2.22044604925E-16,0.,-1.));
#10528 = ADVANCED_FACE('',(#10529),#10540,.F.);
#10529 = FACE_BOUND('',#10530,.F.);
#10530 = EDGE_LOOP('',(#10531,#10537,#10538,#10539));
#10531 = ORIENTED_EDGE('',*,*,#10532,.T.);
#10532 = EDGE_CURVE('',#9870,#10483,#10533,.T.);
#10533 = LINE('',#10534,#10535);
#10534 = CARTESIAN_POINT('',(214.26167210421,-21.,332.16344115415));
#10535 = VECTOR('',#10536,1.);
#10536 = DIRECTION('',(2.22044604925E-16,0.,-1.));
#10537 = ORIENTED_EDGE('',*,*,#10482,.F.);
#10538 = ORIENTED_EDGE('',*,*,#10532,.F.);
#10539 = ORIENTED_EDGE('',*,*,#9869,.T.);
#10540 = CYLINDRICAL_SURFACE('',#10541,2.25);
#10541 = AXIS2_PLACEMENT_3D('',#10542,#10543,#10544);
#10542 = CARTESIAN_POINT('',(212.01167210421,-21.,332.16344115415));
#10543 = DIRECTION('',(2.22044604925E-16,0.,-1.));
#10544 = DIRECTION('',(1.,0.,2.22044604925E-16));
#10545 = ADVANCED_FACE('',(#10546),#10557,.F.);
#10546 = FACE_BOUND('',#10547,.F.);
#10547 = EDGE_LOOP('',(#10548,#10554,#10555,#10556));
#10548 = ORIENTED_EDGE('',*,*,#10549,.T.);
#10549 = EDGE_CURVE('',#9881,#10494,#10550,.T.);
#10550 = LINE('',#10551,#10552);
#10551 = CARTESIAN_POINT('',(184.26167210421,-21.,332.16344115415));
#10552 = VECTOR('',#10553,1.);
#10553 = DIRECTION('',(2.22044604925E-16,0.,-1.));
#10554 = ORIENTED_EDGE('',*,*,#10493,.F.);
#10555 = ORIENTED_EDGE('',*,*,#10549,.F.);
#10556 = ORIENTED_EDGE('',*,*,#9880,.T.);
#10557 = CYLINDRICAL_SURFACE('',#10558,2.25);
#10558 = AXIS2_PLACEMENT_3D('',#10559,#10560,#10561);
#10559 = CARTESIAN_POINT('',(182.01167210421,-21.,332.16344115415));
#10560 = DIRECTION('',(2.22044604925E-16,0.,-1.));
#10561 = DIRECTION('',(1.,0.,2.22044604925E-16));
#10562 = ADVANCED_FACE('',(#10563),#10574,.T.);
#10563 = FACE_BOUND('',#10564,.T.);
#10564 = EDGE_LOOP('',(#10565,#10566,#10572,#10573));
#10565 = ORIENTED_EDGE('',*,*,#10421,.F.);
#10566 = ORIENTED_EDGE('',*,*,#10567,.F.);
#10567 = EDGE_CURVE('',#10364,#10422,#10568,.T.);
#10568 = LINE('',#10569,#10570);
#10569 = CARTESIAN_POINT('',(188.71167210421,-48.,353.16344115415));
#10570 = VECTOR('',#10571,1.);
#10571 = DIRECTION('',(2.22044604925E-16,0.,-1.));
#10572 = ORIENTED_EDGE('',*,*,#10363,.T.);
#10573 = ORIENTED_EDGE('',*,*,#10567,.T.);
#10574 = CYLINDRICAL_SURFACE('',#10575,1.7);
#10575 = AXIS2_PLACEMENT_3D('',#10576,#10577,#10578);
#10576 = CARTESIAN_POINT('',(187.01167210421,-48.,353.16344115415));
#10577 = DIRECTION('',(2.22044604925E-16,0.,-1.));
#10578 = DIRECTION('',(1.,0.,2.22044604925E-16));
#10579 = ADVANCED_FACE('',(#10580),#10591,.T.);
#10580 = FACE_BOUND('',#10581,.T.);
#10581 = EDGE_LOOP('',(#10582,#10583,#10589,#10590));
#10582 = ORIENTED_EDGE('',*,*,#10432,.F.);
#10583 = ORIENTED_EDGE('',*,*,#10584,.F.);
#10584 = EDGE_CURVE('',#10375,#10433,#10585,.T.);
#10585 = LINE('',#10586,#10587);
#10586 = CARTESIAN_POINT('',(208.71167210421,-48.,353.16344115415));
#10587 = VECTOR('',#10588,1.);
#10588 = DIRECTION('',(2.22044604925E-16,0.,-1.));
#10589 = ORIENTED_EDGE('',*,*,#10374,.T.);
#10590 = ORIENTED_EDGE('',*,*,#10584,.T.);
#10591 = CYLINDRICAL_SURFACE('',#10592,1.7);
#10592 = AXIS2_PLACEMENT_3D('',#10593,#10594,#10595);
#10593 = CARTESIAN_POINT('',(207.01167210421,-48.,353.16344115415));
#10594 = DIRECTION('',(2.22044604925E-16,0.,-1.));
#10595 = DIRECTION('',(1.,0.,2.22044604925E-16));
#10596 = MANIFOLD_SOLID_BREP('',#10597);
#10597 = CLOSED_SHELL('',(#10598,#10631,#10651,#10737,#10762,#10821,
    #10880,#10939,#10998,#11023,#11082,#11141,#11214,#11283,#11295,
    #11307,#11319,#11331,#11343));
#10598 = ADVANCED_FACE('',(#10599),#10626,.T.);
#10599 = FACE_BOUND('',#10600,.T.);
#10600 = EDGE_LOOP('',(#10601,#10610,#10618,#10625));
#10601 = ORIENTED_EDGE('',*,*,#10602,.F.);
#10602 = EDGE_CURVE('',#10603,#10603,#10605,.T.);
#10603 = VERTEX_POINT('',#10604);
#10604 = CARTESIAN_POINT('',(216.01167210421,24.,432.16344115415));
#10605 = CIRCLE('',#10606,19.);
#10606 = AXIS2_PLACEMENT_3D('',#10607,#10608,#10609);
#10607 = CARTESIAN_POINT('',(197.01167210421,24.,432.16344115415));
#10608 = DIRECTION('',(-0.,1.,0.));
#10609 = DIRECTION('',(1.,0.,2.22044604925E-16));
#10610 = ORIENTED_EDGE('',*,*,#10611,.F.);
#10611 = EDGE_CURVE('',#10612,#10603,#10614,.T.);
#10612 = VERTEX_POINT('',#10613);
#10613 = CARTESIAN_POINT('',(216.01167210421,20.,432.16344115415));
#10614 = LINE('',#10615,#10616);
#10615 = CARTESIAN_POINT('',(216.01167210421,20.,432.16344115415));
#10616 = VECTOR('',#10617,1.);
#10617 = DIRECTION('',(0.,1.,0.));
#10618 = ORIENTED_EDGE('',*,*,#10619,.T.);
#10619 = EDGE_CURVE('',#10612,#10612,#10620,.T.);
#10620 = CIRCLE('',#10621,19.);
#10621 = AXIS2_PLACEMENT_3D('',#10622,#10623,#10624);
#10622 = CARTESIAN_POINT('',(197.01167210421,20.,432.16344115415));
#10623 = DIRECTION('',(-0.,1.,0.));
#10624 = DIRECTION('',(1.,0.,2.22044604925E-16));
#10625 = ORIENTED_EDGE('',*,*,#10611,.T.);
#10626 = CYLINDRICAL_SURFACE('',#10627,19.);
#10627 = AXIS2_PLACEMENT_3D('',#10628,#10629,#10630);
#10628 = CARTESIAN_POINT('',(197.01167210421,20.,432.16344115415));
#10629 = DIRECTION('',(0.,1.,0.));
#10630 = DIRECTION('',(1.,0.,2.22044604925E-16));
#10631 = ADVANCED_FACE('',(#10632,#10643),#10646,.F.);
#10632 = FACE_BOUND('',#10633,.F.);
#10633 = EDGE_LOOP('',(#10634));
#10634 = ORIENTED_EDGE('',*,*,#10635,.T.);
#10635 = EDGE_CURVE('',#10636,#10636,#10638,.T.);
#10636 = VERTEX_POINT('',#10637);
#10637 = CARTESIAN_POINT('',(225.01167210421,24.,432.16344115415));
#10638 = CIRCLE('',#10639,28.);
#10639 = AXIS2_PLACEMENT_3D('',#10640,#10641,#10642);
#10640 = CARTESIAN_POINT('',(197.01167210421,24.,432.16344115415));
#10641 = DIRECTION('',(-0.,1.,0.));
#10642 = DIRECTION('',(1.,0.,2.22044604925E-16));
#10643 = FACE_BOUND('',#10644,.F.);
#10644 = EDGE_LOOP('',(#10645));
#10645 = ORIENTED_EDGE('',*,*,#10602,.F.);
#10646 = PLANE('',#10647);
#10647 = AXIS2_PLACEMENT_3D('',#10648,#10649,#10650);
#10648 = CARTESIAN_POINT('',(197.01167210421,24.,432.16344115415));
#10649 = DIRECTION('',(0.,1.,0.));
#10650 = DIRECTION('',(1.,0.,2.22044604925E-16));
#10651 = ADVANCED_FACE('',(#10652,#10655,#10666,#10677,#10688,#10699,
    #10710,#10721),#10732,.F.);
#10652 = FACE_BOUND('',#10653,.F.);
#10653 = EDGE_LOOP('',(#10654));
#10654 = ORIENTED_EDGE('',*,*,#10619,.T.);
#10655 = FACE_BOUND('',#10656,.F.);
#10656 = EDGE_LOOP('',(#10657));
#10657 = ORIENTED_EDGE('',*,*,#10658,.F.);
#10658 = EDGE_CURVE('',#10659,#10659,#10661,.T.);
#10659 = VERTEX_POINT('',#10660);
#10660 = CARTESIAN_POINT('',(196.20410210421,20.,443.76737115415));
#10661 = CIRCLE('',#10662,2.25);
#10662 = AXIS2_PLACEMENT_3D('',#10663,#10664,#10665);
#10663 = CARTESIAN_POINT('',(193.95410210421,20.,443.76737115415));
#10664 = DIRECTION('',(-0.,1.,0.));
#10665 = DIRECTION('',(1.,0.,2.22044604925E-16));
#10666 = FACE_BOUND('',#10667,.F.);
#10667 = EDGE_LOOP('',(#10668));
#10668 = ORIENTED_EDGE('',*,*,#10669,.F.);
#10669 = EDGE_CURVE('',#10670,#10670,#10672,.T.);
#10670 = VERTEX_POINT('',#10671);
#10671 = CARTESIAN_POINT('',(187.68358210421,20.,435.31747115415));
#10672 = CIRCLE('',#10673,2.25);
#10673 = AXIS2_PLACEMENT_3D('',#10674,#10675,#10676);
#10674 = CARTESIAN_POINT('',(185.43358210421,20.,435.31747115415));
#10675 = DIRECTION('',(-0.,1.,0.));
#10676 = DIRECTION('',(1.,0.,2.22044604925E-16));
#10677 = FACE_BOUND('',#10678,.F.);
#10678 = EDGE_LOOP('',(#10679));
#10679 = ORIENTED_EDGE('',*,*,#10680,.F.);
#10680 = EDGE_CURVE('',#10681,#10681,#10683,.T.);
#10681 = VERTEX_POINT('',#10682);
#10682 = CARTESIAN_POINT('',(207.78219210421,20.,440.61334115415));
#10683 = CIRCLE('',#10684,2.25);
#10684 = AXIS2_PLACEMENT_3D('',#10685,#10686,#10687);
#10685 = CARTESIAN_POINT('',(205.53219210421,20.,440.61334115415));
#10686 = DIRECTION('',(-0.,1.,0.));
#10687 = DIRECTION('',(1.,0.,2.22044604925E-16));
#10688 = FACE_BOUND('',#10689,.F.);
#10689 = EDGE_LOOP('',(#10690));
#10690 = ORIENTED_EDGE('',*,*,#10691,.F.);
#10691 = EDGE_CURVE('',#10692,#10692,#10694,.T.);
#10692 = VERTEX_POINT('',#10693);
#10693 = CARTESIAN_POINT('',(190.74116210421,20.,423.71354115415));
#10694 = CIRCLE('',#10695,2.25);
#10695 = AXIS2_PLACEMENT_3D('',#10696,#10697,#10698);
#10696 = CARTESIAN_POINT('',(188.49116210421,20.,423.71354115415));
#10697 = DIRECTION('',(-0.,1.,0.));
#10698 = DIRECTION('',(1.,0.,2.22044604925E-16));
#10699 = FACE_BOUND('',#10700,.F.);
#10700 = EDGE_LOOP('',(#10701));
#10701 = ORIENTED_EDGE('',*,*,#10702,.F.);
#10702 = EDGE_CURVE('',#10703,#10703,#10705,.T.);
#10703 = VERTEX_POINT('',#10704);
#10704 = CARTESIAN_POINT('',(202.01167210421,20.,432.16344115415));
#10705 = CIRCLE('',#10706,5.);
#10706 = AXIS2_PLACEMENT_3D('',#10707,#10708,#10709);
#10707 = CARTESIAN_POINT('',(197.01167210421,20.,432.16344115415));
#10708 = DIRECTION('',(-0.,1.,0.));
#10709 = DIRECTION('',(1.,0.,2.22044604925E-16));
#10710 = FACE_BOUND('',#10711,.F.);
#10711 = EDGE_LOOP('',(#10712));
#10712 = ORIENTED_EDGE('',*,*,#10713,.F.);
#10713 = EDGE_CURVE('',#10714,#10714,#10716,.T.);
#10714 = VERTEX_POINT('',#10715);
#10715 = CARTESIAN_POINT('',(210.83976210421,20.,429.00941115415));
#10716 = CIRCLE('',#10717,2.25);
#10717 = AXIS2_PLACEMENT_3D('',#10718,#10719,#10720);
#10718 = CARTESIAN_POINT('',(208.58976210421,20.,429.00941115415));
#10719 = DIRECTION('',(-0.,1.,0.));
#10720 = DIRECTION('',(1.,0.,2.22044604925E-16));
#10721 = FACE_BOUND('',#10722,.F.);
#10722 = EDGE_LOOP('',(#10723));
#10723 = ORIENTED_EDGE('',*,*,#10724,.F.);
#10724 = EDGE_CURVE('',#10725,#10725,#10727,.T.);
#10725 = VERTEX_POINT('',#10726);
#10726 = CARTESIAN_POINT('',(202.31924210421,20.,420.55951115415));
#10727 = CIRCLE('',#10728,2.25);
#10728 = AXIS2_PLACEMENT_3D('',#10729,#10730,#10731);
#10729 = CARTESIAN_POINT('',(200.06924210421,20.,420.55951115415));
#10730 = DIRECTION('',(-0.,1.,0.));
#10731 = DIRECTION('',(1.,0.,2.22044604925E-16));
#10732 = PLANE('',#10733);
#10733 = AXIS2_PLACEMENT_3D('',#10734,#10735,#10736);
#10734 = CARTESIAN_POINT('',(197.01167210421,20.,432.16344115415));
#10735 = DIRECTION('',(0.,1.,0.));
#10736 = DIRECTION('',(1.,0.,2.22044604925E-16));
#10737 = ADVANCED_FACE('',(#10738),#10757,.T.);
#10738 = FACE_BOUND('',#10739,.T.);
#10739 = EDGE_LOOP('',(#10740,#10749,#10755,#10756));
#10740 = ORIENTED_EDGE('',*,*,#10741,.F.);
#10741 = EDGE_CURVE('',#10742,#10742,#10744,.T.);
#10742 = VERTEX_POINT('',#10743);
#10743 = CARTESIAN_POINT('',(225.01167210421,28.,432.16344115415));
#10744 = CIRCLE('',#10745,28.);
#10745 = AXIS2_PLACEMENT_3D('',#10746,#10747,#10748);
#10746 = CARTESIAN_POINT('',(197.01167210421,28.,432.16344115415));
#10747 = DIRECTION('',(-0.,1.,0.));
#10748 = DIRECTION('',(1.,0.,2.22044604925E-16));
#10749 = ORIENTED_EDGE('',*,*,#10750,.F.);
#10750 = EDGE_CURVE('',#10636,#10742,#10751,.T.);
#10751 = LINE('',#10752,#10753);
#10752 = CARTESIAN_POINT('',(225.01167210421,24.,432.16344115415));
#10753 = VECTOR('',#10754,1.);
#10754 = DIRECTION('',(0.,1.,0.));
#10755 = ORIENTED_EDGE('',*,*,#10635,.T.);
#10756 = ORIENTED_EDGE('',*,*,#10750,.T.);
#10757 = CYLINDRICAL_SURFACE('',#10758,28.);
#10758 = AXIS2_PLACEMENT_3D('',#10759,#10760,#10761);
#10759 = CARTESIAN_POINT('',(197.01167210421,24.,432.16344115415));
#10760 = DIRECTION('',(0.,1.,0.));
#10761 = DIRECTION('',(1.,0.,2.22044604925E-16));
#10762 = ADVANCED_FACE('',(#10763),#10816,.F.);
#10763 = FACE_BOUND('',#10764,.F.);
#10764 = EDGE_LOOP('',(#10765,#10776,#10784,#10793,#10799,#10800,#10801,
    #10810));
#10765 = ORIENTED_EDGE('',*,*,#10766,.F.);
#10766 = EDGE_CURVE('',#10767,#10769,#10771,.T.);
#10767 = VERTEX_POINT('',#10768);
#10768 = CARTESIAN_POINT('',(195.3838831516,38.,442.03006687552));
#10769 = VERTEX_POINT('',#10770);
#10770 = CARTESIAN_POINT('',(193.56607021272,38.,441.55108343564));
#10771 = CIRCLE('',#10772,2.25);
#10772 = AXIS2_PLACEMENT_3D('',#10773,#10774,#10775);
#10773 = CARTESIAN_POINT('',(193.95410210421,38.,443.76737115415));
#10774 = DIRECTION('',(-0.,1.,0.));
#10775 = DIRECTION('',(1.,0.,2.22044604925E-16));
#10776 = ORIENTED_EDGE('',*,*,#10777,.F.);
#10777 = EDGE_CURVE('',#10778,#10767,#10780,.T.);
#10778 = VERTEX_POINT('',#10779);
#10779 = CARTESIAN_POINT('',(195.3838831516,28.,442.03006687553));
#10780 = LINE('',#10781,#10782);
#10781 = CARTESIAN_POINT('',(195.3838831516,28.,442.03006687553));
#10782 = VECTOR('',#10783,1.);
#10783 = DIRECTION('',(0.,1.,0.));
#10784 = ORIENTED_EDGE('',*,*,#10785,.F.);
#10785 = EDGE_CURVE('',#10786,#10778,#10788,.T.);
#10786 = VERTEX_POINT('',#10787);
#10787 = CARTESIAN_POINT('',(196.20410210421,28.,443.76737115415));
#10788 = CIRCLE('',#10789,2.25);
#10789 = AXIS2_PLACEMENT_3D('',#10790,#10791,#10792);
#10790 = CARTESIAN_POINT('',(193.95410210421,28.,443.76737115415));
#10791 = DIRECTION('',(-0.,1.,0.));
#10792 = DIRECTION('',(1.,0.,2.22044604925E-16));
#10793 = ORIENTED_EDGE('',*,*,#10794,.F.);
#10794 = EDGE_CURVE('',#10659,#10786,#10795,.T.);
#10795 = LINE('',#10796,#10797);
#10796 = CARTESIAN_POINT('',(196.20410210421,20.,443.76737115415));
#10797 = VECTOR('',#10798,1.);
#10798 = DIRECTION('',(0.,1.,0.));
#10799 = ORIENTED_EDGE('',*,*,#10658,.T.);
#10800 = ORIENTED_EDGE('',*,*,#10794,.T.);
#10801 = ORIENTED_EDGE('',*,*,#10802,.F.);
#10802 = EDGE_CURVE('',#10803,#10786,#10805,.T.);
#10803 = VERTEX_POINT('',#10804);
#10804 = CARTESIAN_POINT('',(193.56607021272,28.,441.55108343564));
#10805 = CIRCLE('',#10806,2.25);
#10806 = AXIS2_PLACEMENT_3D('',#10807,#10808,#10809);
#10807 = CARTESIAN_POINT('',(193.95410210421,28.,443.76737115415));
#10808 = DIRECTION('',(-0.,1.,0.));
#10809 = DIRECTION('',(1.,0.,2.22044604925E-16));
#10810 = ORIENTED_EDGE('',*,*,#10811,.T.);
#10811 = EDGE_CURVE('',#10803,#10769,#10812,.T.);
#10812 = LINE('',#10813,#10814);
#10813 = CARTESIAN_POINT('',(193.56607021272,28.,441.55108343564));
#10814 = VECTOR('',#10815,1.);
#10815 = DIRECTION('',(0.,1.,0.));
#10816 = CYLINDRICAL_SURFACE('',#10817,2.25);
#10817 = AXIS2_PLACEMENT_3D('',#10818,#10819,#10820);
#10818 = CARTESIAN_POINT('',(193.95410210421,20.,443.76737115415));
#10819 = DIRECTION('',(0.,1.,0.));
#10820 = DIRECTION('',(1.,0.,2.22044604925E-16));
#10821 = ADVANCED_FACE('',(#10822),#10875,.F.);
#10822 = FACE_BOUND('',#10823,.F.);
#10823 = EDGE_LOOP('',(#10824,#10832,#10841,#10849,#10858,#10866,#10873,
    #10874));
#10824 = ORIENTED_EDGE('',*,*,#10825,.T.);
#10825 = EDGE_CURVE('',#10670,#10826,#10828,.T.);
#10826 = VERTEX_POINT('',#10827);
#10827 = CARTESIAN_POINT('',(187.68358210421,38.,435.31747115415));
#10828 = LINE('',#10829,#10830);
#10829 = CARTESIAN_POINT('',(187.68358210421,20.,435.31747115415));
#10830 = VECTOR('',#10831,1.);
#10831 = DIRECTION('',(0.,1.,0.));
#10832 = ORIENTED_EDGE('',*,*,#10833,.F.);
#10833 = EDGE_CURVE('',#10834,#10826,#10836,.T.);
#10834 = VERTEX_POINT('',#10835);
#10835 = CARTESIAN_POINT('',(187.65302416661,38.,435.6870343174));
#10836 = CIRCLE('',#10837,2.25);
#10837 = AXIS2_PLACEMENT_3D('',#10838,#10839,#10840);
#10838 = CARTESIAN_POINT('',(185.43358210421,38.,435.31747115415));
#10839 = DIRECTION('',(-0.,1.,0.));
#10840 = DIRECTION('',(1.,0.,2.22044604925E-16));
#10841 = ORIENTED_EDGE('',*,*,#10842,.F.);
#10842 = EDGE_CURVE('',#10843,#10834,#10845,.T.);
#10843 = VERTEX_POINT('',#10844);
#10844 = CARTESIAN_POINT('',(187.65302416661,28.,435.6870343174));
#10845 = LINE('',#10846,#10847);
#10846 = CARTESIAN_POINT('',(187.65302416661,28.,435.6870343174));
#10847 = VECTOR('',#10848,1.);
#10848 = DIRECTION('',(0.,1.,0.));
#10849 = ORIENTED_EDGE('',*,*,#10850,.F.);
#10850 = EDGE_CURVE('',#10851,#10843,#10853,.T.);
#10851 = VERTEX_POINT('',#10852);
#10852 = CARTESIAN_POINT('',(187.15893587556,28.,433.8732916765));
#10853 = CIRCLE('',#10854,2.25);
#10854 = AXIS2_PLACEMENT_3D('',#10855,#10856,#10857);
#10855 = CARTESIAN_POINT('',(185.43358210421,28.,435.31747115415));
#10856 = DIRECTION('',(-0.,1.,0.));
#10857 = DIRECTION('',(1.,0.,2.22044604925E-16));
#10858 = ORIENTED_EDGE('',*,*,#10859,.T.);
#10859 = EDGE_CURVE('',#10851,#10860,#10862,.T.);
#10860 = VERTEX_POINT('',#10861);
#10861 = CARTESIAN_POINT('',(187.15893587556,38.,433.8732916765));
#10862 = LINE('',#10863,#10864);
#10863 = CARTESIAN_POINT('',(187.15893587556,28.,433.8732916765));
#10864 = VECTOR('',#10865,1.);
#10865 = DIRECTION('',(0.,1.,0.));
#10866 = ORIENTED_EDGE('',*,*,#10867,.F.);
#10867 = EDGE_CURVE('',#10826,#10860,#10868,.T.);
#10868 = CIRCLE('',#10869,2.25);
#10869 = AXIS2_PLACEMENT_3D('',#10870,#10871,#10872);
#10870 = CARTESIAN_POINT('',(185.43358210421,38.,435.31747115415));
#10871 = DIRECTION('',(-0.,1.,0.));
#10872 = DIRECTION('',(1.,0.,2.22044604925E-16));
#10873 = ORIENTED_EDGE('',*,*,#10825,.F.);
#10874 = ORIENTED_EDGE('',*,*,#10669,.T.);
#10875 = CYLINDRICAL_SURFACE('',#10876,2.25);
#10876 = AXIS2_PLACEMENT_3D('',#10877,#10878,#10879);
#10877 = CARTESIAN_POINT('',(185.43358210421,20.,435.31747115415));
#10878 = DIRECTION('',(0.,1.,0.));
#10879 = DIRECTION('',(1.,0.,2.22044604925E-16));
#10880 = ADVANCED_FACE('',(#10881),#10934,.F.);
#10881 = FACE_BOUND('',#10882,.F.);
#10882 = EDGE_LOOP('',(#10883,#10894,#10902,#10911,#10917,#10918,#10919,
    #10928));
#10883 = ORIENTED_EDGE('',*,*,#10884,.F.);
#10884 = EDGE_CURVE('',#10885,#10887,#10889,.T.);
#10885 = VERTEX_POINT('',#10886);
#10886 = CARTESIAN_POINT('',(204.74252109485,38.,438.50646676373));
#10887 = VERTEX_POINT('',#10888);
#10888 = CARTESIAN_POINT('',(203.41881858723,38.,439.84123210891));
#10889 = CIRCLE('',#10890,2.25);
#10890 = AXIS2_PLACEMENT_3D('',#10891,#10892,#10893);
#10891 = CARTESIAN_POINT('',(205.53219210421,38.,440.61334115415));
#10892 = DIRECTION('',(-0.,1.,0.));
#10893 = DIRECTION('',(1.,0.,2.22044604925E-16));
#10894 = ORIENTED_EDGE('',*,*,#10895,.F.);
#10895 = EDGE_CURVE('',#10896,#10885,#10898,.T.);
#10896 = VERTEX_POINT('',#10897);
#10897 = CARTESIAN_POINT('',(204.74252109485,28.,438.50646676373));
#10898 = LINE('',#10899,#10900);
#10899 = CARTESIAN_POINT('',(204.74252109485,28.,438.50646676373));
#10900 = VECTOR('',#10901,1.);
#10901 = DIRECTION('',(0.,1.,0.));
#10902 = ORIENTED_EDGE('',*,*,#10903,.F.);
#10903 = EDGE_CURVE('',#10904,#10896,#10906,.T.);
#10904 = VERTEX_POINT('',#10905);
#10905 = CARTESIAN_POINT('',(207.78219210421,28.,440.61334115415));
#10906 = CIRCLE('',#10907,2.25);
#10907 = AXIS2_PLACEMENT_3D('',#10908,#10909,#10910);
#10908 = CARTESIAN_POINT('',(205.53219210421,28.,440.61334115415));
#10909 = DIRECTION('',(-0.,1.,0.));
#10910 = DIRECTION('',(1.,0.,2.22044604925E-16));
#10911 = ORIENTED_EDGE('',*,*,#10912,.F.);
#10912 = EDGE_CURVE('',#10681,#10904,#10913,.T.);
#10913 = LINE('',#10914,#10915);
#10914 = CARTESIAN_POINT('',(207.78219210421,20.,440.61334115415));
#10915 = VECTOR('',#10916,1.);
#10916 = DIRECTION('',(0.,1.,0.));
#10917 = ORIENTED_EDGE('',*,*,#10680,.T.);
#10918 = ORIENTED_EDGE('',*,*,#10912,.T.);
#10919 = ORIENTED_EDGE('',*,*,#10920,.F.);
#10920 = EDGE_CURVE('',#10921,#10904,#10923,.T.);
#10921 = VERTEX_POINT('',#10922);
#10922 = CARTESIAN_POINT('',(203.41881858723,28.,439.84123210891));
#10923 = CIRCLE('',#10924,2.25);
#10924 = AXIS2_PLACEMENT_3D('',#10925,#10926,#10927);
#10925 = CARTESIAN_POINT('',(205.53219210421,28.,440.61334115415));
#10926 = DIRECTION('',(-0.,1.,0.));
#10927 = DIRECTION('',(1.,0.,2.22044604925E-16));
#10928 = ORIENTED_EDGE('',*,*,#10929,.T.);
#10929 = EDGE_CURVE('',#10921,#10887,#10930,.T.);
#10930 = LINE('',#10931,#10932);
#10931 = CARTESIAN_POINT('',(203.41881858723,28.,439.84123210891));
#10932 = VECTOR('',#10933,1.);
#10933 = DIRECTION('',(0.,1.,0.));
#10934 = CYLINDRICAL_SURFACE('',#10935,2.25);
#10935 = AXIS2_PLACEMENT_3D('',#10936,#10937,#10938);
#10936 = CARTESIAN_POINT('',(205.53219210421,20.,440.61334115415));
#10937 = DIRECTION('',(0.,1.,0.));
#10938 = DIRECTION('',(1.,0.,2.22044604925E-16));
#10939 = ADVANCED_FACE('',(#10940),#10993,.F.);
#10940 = FACE_BOUND('',#10941,.F.);
#10941 = EDGE_LOOP('',(#10942,#10953,#10961,#10970,#10976,#10977,#10978,
    #10987));
#10942 = ORIENTED_EDGE('',*,*,#10943,.F.);
#10943 = EDGE_CURVE('',#10944,#10946,#10948,.T.);
#10944 = VERTEX_POINT('',#10945);
#10945 = CARTESIAN_POINT('',(189.28081867273,38.,425.82042095703));
#10946 = VERTEX_POINT('',#10947);
#10947 = CARTESIAN_POINT('',(190.60454000715,38.,424.48563819426));
#10948 = CIRCLE('',#10949,2.25);
#10949 = AXIS2_PLACEMENT_3D('',#10950,#10951,#10952);
#10950 = CARTESIAN_POINT('',(188.49116210421,38.,423.71354115415));
#10951 = DIRECTION('',(-0.,1.,0.));
#10952 = DIRECTION('',(1.,0.,2.22044604925E-16));
#10953 = ORIENTED_EDGE('',*,*,#10954,.F.);
#10954 = EDGE_CURVE('',#10955,#10944,#10957,.T.);
#10955 = VERTEX_POINT('',#10956);
#10956 = CARTESIAN_POINT('',(189.28081867273,28.,425.82042095703));
#10957 = LINE('',#10958,#10959);
#10958 = CARTESIAN_POINT('',(189.28081867273,28.,425.82042095703));
#10959 = VECTOR('',#10960,1.);
#10960 = DIRECTION('',(0.,1.,0.));
#10961 = ORIENTED_EDGE('',*,*,#10962,.F.);
#10962 = EDGE_CURVE('',#10963,#10955,#10965,.T.);
#10963 = VERTEX_POINT('',#10964);
#10964 = CARTESIAN_POINT('',(190.74116210421,28.,423.71354115415));
#10965 = CIRCLE('',#10966,2.25);
#10966 = AXIS2_PLACEMENT_3D('',#10967,#10968,#10969);
#10967 = CARTESIAN_POINT('',(188.49116210421,28.,423.71354115415));
#10968 = DIRECTION('',(-0.,1.,0.));
#10969 = DIRECTION('',(1.,0.,2.22044604925E-16));
#10970 = ORIENTED_EDGE('',*,*,#10971,.F.);
#10971 = EDGE_CURVE('',#10692,#10963,#10972,.T.);
#10972 = LINE('',#10973,#10974);
#10973 = CARTESIAN_POINT('',(190.74116210421,20.,423.71354115415));
#10974 = VECTOR('',#10975,1.);
#10975 = DIRECTION('',(0.,1.,0.));
#10976 = ORIENTED_EDGE('',*,*,#10691,.T.);
#10977 = ORIENTED_EDGE('',*,*,#10971,.T.);
#10978 = ORIENTED_EDGE('',*,*,#10979,.F.);
#10979 = EDGE_CURVE('',#10980,#10963,#10982,.T.);
#10980 = VERTEX_POINT('',#10981);
#10981 = CARTESIAN_POINT('',(190.60454000715,28.,424.48563819426));
#10982 = CIRCLE('',#10983,2.25);
#10983 = AXIS2_PLACEMENT_3D('',#10984,#10985,#10986);
#10984 = CARTESIAN_POINT('',(188.49116210421,28.,423.71354115415));
#10985 = DIRECTION('',(-0.,1.,0.));
#10986 = DIRECTION('',(1.,0.,2.22044604925E-16));
#10987 = ORIENTED_EDGE('',*,*,#10988,.T.);
#10988 = EDGE_CURVE('',#10980,#10946,#10989,.T.);
#10989 = LINE('',#10990,#10991);
#10990 = CARTESIAN_POINT('',(190.60454000715,28.,424.48563819426));
#10991 = VECTOR('',#10992,1.);
#10992 = DIRECTION('',(0.,1.,0.));
#10993 = CYLINDRICAL_SURFACE('',#10994,2.25);
#10994 = AXIS2_PLACEMENT_3D('',#10995,#10996,#10997);
#10995 = CARTESIAN_POINT('',(188.49116210421,20.,423.71354115415));
#10996 = DIRECTION('',(0.,1.,0.));
#10997 = DIRECTION('',(1.,0.,2.22044604925E-16));
#10998 = ADVANCED_FACE('',(#10999),#11018,.F.);
#10999 = FACE_BOUND('',#11000,.F.);
#11000 = EDGE_LOOP('',(#11001,#11010,#11016,#11017));
#11001 = ORIENTED_EDGE('',*,*,#11002,.F.);
#11002 = EDGE_CURVE('',#11003,#11003,#11005,.T.);
#11003 = VERTEX_POINT('',#11004);
#11004 = CARTESIAN_POINT('',(202.01167210421,38.,432.16344115415));
#11005 = CIRCLE('',#11006,5.);
#11006 = AXIS2_PLACEMENT_3D('',#11007,#11008,#11009);
#11007 = CARTESIAN_POINT('',(197.01167210421,38.,432.16344115415));
#11008 = DIRECTION('',(-0.,1.,0.));
#11009 = DIRECTION('',(1.,0.,2.22044604925E-16));
#11010 = ORIENTED_EDGE('',*,*,#11011,.F.);
#11011 = EDGE_CURVE('',#10703,#11003,#11012,.T.);
#11012 = LINE('',#11013,#11014);
#11013 = CARTESIAN_POINT('',(202.01167210421,20.,432.16344115415));
#11014 = VECTOR('',#11015,1.);
#11015 = DIRECTION('',(0.,1.,0.));
#11016 = ORIENTED_EDGE('',*,*,#10702,.T.);
#11017 = ORIENTED_EDGE('',*,*,#11011,.T.);
#11018 = CYLINDRICAL_SURFACE('',#11019,5.);
#11019 = AXIS2_PLACEMENT_3D('',#11020,#11021,#11022);
#11020 = CARTESIAN_POINT('',(197.01167210421,20.,432.16344115415));
#11021 = DIRECTION('',(0.,1.,0.));
#11022 = DIRECTION('',(1.,0.,2.22044604925E-16));
#11023 = ADVANCED_FACE('',(#11024),#11077,.F.);
#11024 = FACE_BOUND('',#11025,.F.);
#11025 = EDGE_LOOP('',(#11026,#11037,#11045,#11054,#11060,#11061,#11062,
    #11071));
#11026 = ORIENTED_EDGE('',*,*,#11027,.F.);
#11027 = EDGE_CURVE('',#11028,#11030,#11032,.T.);
#11028 = VERTEX_POINT('',#11029);
#11029 = CARTESIAN_POINT('',(206.3703200418,38.,428.63984799089));
#11030 = VERTEX_POINT('',#11031);
#11031 = CARTESIAN_POINT('',(206.86440833285,38.,430.4535906318));
#11032 = CIRCLE('',#11033,2.25);
#11033 = AXIS2_PLACEMENT_3D('',#11034,#11035,#11036);
#11034 = CARTESIAN_POINT('',(208.58976210421,38.,429.00941115415));
#11035 = DIRECTION('',(-0.,1.,0.));
#11036 = DIRECTION('',(1.,0.,2.22044604925E-16));
#11037 = ORIENTED_EDGE('',*,*,#11038,.F.);
#11038 = EDGE_CURVE('',#11039,#11028,#11041,.T.);
#11039 = VERTEX_POINT('',#11040);
#11040 = CARTESIAN_POINT('',(206.3703200418,28.,428.63984799089));
#11041 = LINE('',#11042,#11043);
#11042 = CARTESIAN_POINT('',(206.3703200418,28.,428.63984799089));
#11043 = VECTOR('',#11044,1.);
#11044 = DIRECTION('',(0.,1.,0.));
#11045 = ORIENTED_EDGE('',*,*,#11046,.F.);
#11046 = EDGE_CURVE('',#11047,#11039,#11049,.T.);
#11047 = VERTEX_POINT('',#11048);
#11048 = CARTESIAN_POINT('',(210.83976210421,28.,429.00941115415));
#11049 = CIRCLE('',#11050,2.25);
#11050 = AXIS2_PLACEMENT_3D('',#11051,#11052,#11053);
#11051 = CARTESIAN_POINT('',(208.58976210421,28.,429.00941115415));
#11052 = DIRECTION('',(-0.,1.,0.));
#11053 = DIRECTION('',(1.,0.,2.22044604925E-16));
#11054 = ORIENTED_EDGE('',*,*,#11055,.F.);
#11055 = EDGE_CURVE('',#10714,#11047,#11056,.T.);
#11056 = LINE('',#11057,#11058);
#11057 = CARTESIAN_POINT('',(210.83976210421,20.,429.00941115415));
#11058 = VECTOR('',#11059,1.);
#11059 = DIRECTION('',(0.,1.,0.));
#11060 = ORIENTED_EDGE('',*,*,#10713,.T.);
#11061 = ORIENTED_EDGE('',*,*,#11055,.T.);
#11062 = ORIENTED_EDGE('',*,*,#11063,.F.);
#11063 = EDGE_CURVE('',#11064,#11047,#11066,.T.);
#11064 = VERTEX_POINT('',#11065);
#11065 = CARTESIAN_POINT('',(206.86440833285,28.,430.4535906318));
#11066 = CIRCLE('',#11067,2.25);
#11067 = AXIS2_PLACEMENT_3D('',#11068,#11069,#11070);
#11068 = CARTESIAN_POINT('',(208.58976210421,28.,429.00941115415));
#11069 = DIRECTION('',(-0.,1.,0.));
#11070 = DIRECTION('',(1.,0.,2.22044604925E-16));
#11071 = ORIENTED_EDGE('',*,*,#11072,.T.);
#11072 = EDGE_CURVE('',#11064,#11030,#11073,.T.);
#11073 = LINE('',#11074,#11075);
#11074 = CARTESIAN_POINT('',(206.86440833285,28.,430.4535906318));
#11075 = VECTOR('',#11076,1.);
#11076 = DIRECTION('',(0.,1.,0.));
#11077 = CYLINDRICAL_SURFACE('',#11078,2.25);
#11078 = AXIS2_PLACEMENT_3D('',#11079,#11080,#11081);
#11079 = CARTESIAN_POINT('',(208.58976210421,20.,429.00941115415));
#11080 = DIRECTION('',(0.,1.,0.));
#11081 = DIRECTION('',(1.,0.,2.22044604925E-16));
#11082 = ADVANCED_FACE('',(#11083),#11136,.F.);
#11083 = FACE_BOUND('',#11084,.F.);
#11084 = EDGE_LOOP('',(#11085,#11096,#11104,#11113,#11119,#11120,#11121,
    #11130));
#11085 = ORIENTED_EDGE('',*,*,#11086,.F.);
#11086 = EDGE_CURVE('',#11087,#11089,#11091,.T.);
#11087 = VERTEX_POINT('',#11088);
#11088 = CARTESIAN_POINT('',(198.63946105681,38.,422.29681543277));
#11089 = VERTEX_POINT('',#11090);
#11090 = CARTESIAN_POINT('',(200.4572739957,38.,422.77579887265));
#11091 = CIRCLE('',#11092,2.25);
#11092 = AXIS2_PLACEMENT_3D('',#11093,#11094,#11095);
#11093 = CARTESIAN_POINT('',(200.06924210421,38.,420.55951115415));
#11094 = DIRECTION('',(-0.,1.,0.));
#11095 = DIRECTION('',(1.,0.,2.22044604925E-16));
#11096 = ORIENTED_EDGE('',*,*,#11097,.F.);
#11097 = EDGE_CURVE('',#11098,#11087,#11100,.T.);
#11098 = VERTEX_POINT('',#11099);
#11099 = CARTESIAN_POINT('',(198.63946105681,28.,422.29681543277));
#11100 = LINE('',#11101,#11102);
#11101 = CARTESIAN_POINT('',(198.63946105681,28.,422.29681543277));
#11102 = VECTOR('',#11103,1.);
#11103 = DIRECTION('',(0.,1.,0.));
#11104 = ORIENTED_EDGE('',*,*,#11105,.F.);
#11105 = EDGE_CURVE('',#11106,#11098,#11108,.T.);
#11106 = VERTEX_POINT('',#11107);
#11107 = CARTESIAN_POINT('',(202.31924210421,28.,420.55951115415));
#11108 = CIRCLE('',#11109,2.25);
#11109 = AXIS2_PLACEMENT_3D('',#11110,#11111,#11112);
#11110 = CARTESIAN_POINT('',(200.06924210421,28.,420.55951115415));
#11111 = DIRECTION('',(-0.,1.,0.));
#11112 = DIRECTION('',(1.,0.,2.22044604925E-16));
#11113 = ORIENTED_EDGE('',*,*,#11114,.F.);
#11114 = EDGE_CURVE('',#10725,#11106,#11115,.T.);
#11115 = LINE('',#11116,#11117);
#11116 = CARTESIAN_POINT('',(202.31924210421,20.,420.55951115415));
#11117 = VECTOR('',#11118,1.);
#11118 = DIRECTION('',(0.,1.,0.));
#11119 = ORIENTED_EDGE('',*,*,#10724,.T.);
#11120 = ORIENTED_EDGE('',*,*,#11114,.T.);
#11121 = ORIENTED_EDGE('',*,*,#11122,.F.);
#11122 = EDGE_CURVE('',#11123,#11106,#11125,.T.);
#11123 = VERTEX_POINT('',#11124);
#11124 = CARTESIAN_POINT('',(200.4572739957,28.,422.77579887265));
#11125 = CIRCLE('',#11126,2.25);
#11126 = AXIS2_PLACEMENT_3D('',#11127,#11128,#11129);
#11127 = CARTESIAN_POINT('',(200.06924210421,28.,420.55951115415));
#11128 = DIRECTION('',(-0.,1.,0.));
#11129 = DIRECTION('',(1.,0.,2.22044604925E-16));
#11130 = ORIENTED_EDGE('',*,*,#11131,.T.);
#11131 = EDGE_CURVE('',#11123,#11089,#11132,.T.);
#11132 = LINE('',#11133,#11134);
#11133 = CARTESIAN_POINT('',(200.4572739957,28.,422.77579887265));
#11134 = VECTOR('',#11135,1.);
#11135 = DIRECTION('',(0.,1.,0.));
#11136 = CYLINDRICAL_SURFACE('',#11137,2.25);
#11137 = AXIS2_PLACEMENT_3D('',#11138,#11139,#11140);
#11138 = CARTESIAN_POINT('',(200.06924210421,20.,420.55951115415));
#11139 = DIRECTION('',(0.,1.,0.));
#11140 = DIRECTION('',(1.,0.,2.22044604925E-16));
#11141 = ADVANCED_FACE('',(#11142,#11145),#11209,.T.);
#11142 = FACE_BOUND('',#11143,.T.);
#11143 = EDGE_LOOP('',(#11144));
#11144 = ORIENTED_EDGE('',*,*,#10741,.T.);
#11145 = FACE_BOUND('',#11146,.T.);
#11146 = EDGE_LOOP('',(#11147,#11156,#11163,#11164,#11165,#11172,#11173,
    #11174,#11181,#11182,#11189,#11190,#11191,#11198,#11199,#11200,
    #11207,#11208));
#11147 = ORIENTED_EDGE('',*,*,#11148,.F.);
#11148 = EDGE_CURVE('',#11149,#11064,#11151,.T.);
#11149 = VERTEX_POINT('',#11150);
#11150 = CARTESIAN_POINT('',(207.01167210421,28.,432.16344115415));
#11151 = CIRCLE('',#11152,10.);
#11152 = AXIS2_PLACEMENT_3D('',#11153,#11154,#11155);
#11153 = CARTESIAN_POINT('',(197.01167210421,28.,432.16344115415));
#11154 = DIRECTION('',(-0.,1.,0.));
#11155 = DIRECTION('',(1.,0.,2.22044604925E-16));
#11156 = ORIENTED_EDGE('',*,*,#11157,.F.);
#11157 = EDGE_CURVE('',#10896,#11149,#11158,.T.);
#11158 = CIRCLE('',#11159,10.);
#11159 = AXIS2_PLACEMENT_3D('',#11160,#11161,#11162);
#11160 = CARTESIAN_POINT('',(197.01167210421,28.,432.16344115415));
#11161 = DIRECTION('',(-0.,1.,0.));
#11162 = DIRECTION('',(1.,0.,2.22044604925E-16));
#11163 = ORIENTED_EDGE('',*,*,#10903,.F.);
#11164 = ORIENTED_EDGE('',*,*,#10920,.F.);
#11165 = ORIENTED_EDGE('',*,*,#11166,.F.);
#11166 = EDGE_CURVE('',#10778,#10921,#11167,.T.);
#11167 = CIRCLE('',#11168,10.);
#11168 = AXIS2_PLACEMENT_3D('',#11169,#11170,#11171);
#11169 = CARTESIAN_POINT('',(197.01167210421,28.,432.16344115415));
#11170 = DIRECTION('',(-0.,1.,0.));
#11171 = DIRECTION('',(1.,0.,2.22044604925E-16));
#11172 = ORIENTED_EDGE('',*,*,#10785,.F.);
#11173 = ORIENTED_EDGE('',*,*,#10802,.F.);
#11174 = ORIENTED_EDGE('',*,*,#11175,.F.);
#11175 = EDGE_CURVE('',#10843,#10803,#11176,.T.);
#11176 = CIRCLE('',#11177,10.);
#11177 = AXIS2_PLACEMENT_3D('',#11178,#11179,#11180);
#11178 = CARTESIAN_POINT('',(197.01167210421,28.,432.16344115415));
#11179 = DIRECTION('',(-0.,1.,0.));
#11180 = DIRECTION('',(1.,0.,2.22044604925E-16));
#11181 = ORIENTED_EDGE('',*,*,#10850,.F.);
#11182 = ORIENTED_EDGE('',*,*,#11183,.F.);
#11183 = EDGE_CURVE('',#10955,#10851,#11184,.T.);
#11184 = CIRCLE('',#11185,10.);
#11185 = AXIS2_PLACEMENT_3D('',#11186,#11187,#11188);
#11186 = CARTESIAN_POINT('',(197.01167210421,28.,432.16344115415));
#11187 = DIRECTION('',(-0.,1.,0.));
#11188 = DIRECTION('',(1.,0.,2.22044604925E-16));
#11189 = ORIENTED_EDGE('',*,*,#10962,.F.);
#11190 = ORIENTED_EDGE('',*,*,#10979,.F.);
#11191 = ORIENTED_EDGE('',*,*,#11192,.F.);
#11192 = EDGE_CURVE('',#11098,#10980,#11193,.T.);
#11193 = CIRCLE('',#11194,10.);
#11194 = AXIS2_PLACEMENT_3D('',#11195,#11196,#11197);
#11195 = CARTESIAN_POINT('',(197.01167210421,28.,432.16344115415));
#11196 = DIRECTION('',(-0.,1.,0.));
#11197 = DIRECTION('',(1.,0.,2.22044604925E-16));
#11198 = ORIENTED_EDGE('',*,*,#11105,.F.);
#11199 = ORIENTED_EDGE('',*,*,#11122,.F.);
#11200 = ORIENTED_EDGE('',*,*,#11201,.F.);
#11201 = EDGE_CURVE('',#11039,#11123,#11202,.T.);
#11202 = CIRCLE('',#11203,10.);
#11203 = AXIS2_PLACEMENT_3D('',#11204,#11205,#11206);
#11204 = CARTESIAN_POINT('',(197.01167210421,28.,432.16344115415));
#11205 = DIRECTION('',(-0.,1.,0.));
#11206 = DIRECTION('',(1.,0.,2.22044604925E-16));
#11207 = ORIENTED_EDGE('',*,*,#11046,.F.);
#11208 = ORIENTED_EDGE('',*,*,#11063,.F.);
#11209 = PLANE('',#11210);
#11210 = AXIS2_PLACEMENT_3D('',#11211,#11212,#11213);
#11211 = CARTESIAN_POINT('',(197.01167210421,28.,432.16344115415));
#11212 = DIRECTION('',(0.,1.,0.));
#11213 = DIRECTION('',(1.,0.,2.22044604925E-16));
#11214 = ADVANCED_FACE('',(#11215,#11275),#11278,.T.);
#11215 = FACE_BOUND('',#11216,.T.);
#11216 = EDGE_LOOP('',(#11217,#11226,#11233,#11234,#11241,#11242,#11249,
    #11250,#11257,#11258,#11259,#11266,#11267,#11274));
#11217 = ORIENTED_EDGE('',*,*,#11218,.T.);
#11218 = EDGE_CURVE('',#10885,#11219,#11221,.T.);
#11219 = VERTEX_POINT('',#11220);
#11220 = CARTESIAN_POINT('',(207.01167210421,38.,432.16344115415));
#11221 = CIRCLE('',#11222,10.);
#11222 = AXIS2_PLACEMENT_3D('',#11223,#11224,#11225);
#11223 = CARTESIAN_POINT('',(197.01167210421,38.,432.16344115415));
#11224 = DIRECTION('',(-0.,1.,0.));
#11225 = DIRECTION('',(1.,0.,2.22044604925E-16));
#11226 = ORIENTED_EDGE('',*,*,#11227,.T.);
#11227 = EDGE_CURVE('',#11219,#11030,#11228,.T.);
#11228 = CIRCLE('',#11229,10.);
#11229 = AXIS2_PLACEMENT_3D('',#11230,#11231,#11232);
#11230 = CARTESIAN_POINT('',(197.01167210421,38.,432.16344115415));
#11231 = DIRECTION('',(-0.,1.,0.));
#11232 = DIRECTION('',(1.,0.,2.22044604925E-16));
#11233 = ORIENTED_EDGE('',*,*,#11027,.F.);
#11234 = ORIENTED_EDGE('',*,*,#11235,.T.);
#11235 = EDGE_CURVE('',#11028,#11089,#11236,.T.);
#11236 = CIRCLE('',#11237,10.);
#11237 = AXIS2_PLACEMENT_3D('',#11238,#11239,#11240);
#11238 = CARTESIAN_POINT('',(197.01167210421,38.,432.16344115415));
#11239 = DIRECTION('',(-0.,1.,0.));
#11240 = DIRECTION('',(1.,0.,2.22044604925E-16));
#11241 = ORIENTED_EDGE('',*,*,#11086,.F.);
#11242 = ORIENTED_EDGE('',*,*,#11243,.T.);
#11243 = EDGE_CURVE('',#11087,#10946,#11244,.T.);
#11244 = CIRCLE('',#11245,10.);
#11245 = AXIS2_PLACEMENT_3D('',#11246,#11247,#11248);
#11246 = CARTESIAN_POINT('',(197.01167210421,38.,432.16344115415));
#11247 = DIRECTION('',(-0.,1.,0.));
#11248 = DIRECTION('',(1.,0.,2.22044604925E-16));
#11249 = ORIENTED_EDGE('',*,*,#10943,.F.);
#11250 = ORIENTED_EDGE('',*,*,#11251,.T.);
#11251 = EDGE_CURVE('',#10944,#10860,#11252,.T.);
#11252 = CIRCLE('',#11253,10.);
#11253 = AXIS2_PLACEMENT_3D('',#11254,#11255,#11256);
#11254 = CARTESIAN_POINT('',(197.01167210421,38.,432.16344115415));
#11255 = DIRECTION('',(-0.,1.,0.));
#11256 = DIRECTION('',(1.,0.,2.22044604925E-16));
#11257 = ORIENTED_EDGE('',*,*,#10867,.F.);
#11258 = ORIENTED_EDGE('',*,*,#10833,.F.);
#11259 = ORIENTED_EDGE('',*,*,#11260,.T.);
#11260 = EDGE_CURVE('',#10834,#10769,#11261,.T.);
#11261 = CIRCLE('',#11262,10.);
#11262 = AXIS2_PLACEMENT_3D('',#11263,#11264,#11265);
#11263 = CARTESIAN_POINT('',(197.01167210421,38.,432.16344115415));
#11264 = DIRECTION('',(-0.,1.,0.));
#11265 = DIRECTION('',(1.,0.,2.22044604925E-16));
#11266 = ORIENTED_EDGE('',*,*,#10766,.F.);
#11267 = ORIENTED_EDGE('',*,*,#11268,.T.);
#11268 = EDGE_CURVE('',#10767,#10887,#11269,.T.);
#11269 = CIRCLE('',#11270,10.);
#11270 = AXIS2_PLACEMENT_3D('',#11271,#11272,#11273);
#11271 = CARTESIAN_POINT('',(197.01167210421,38.,432.16344115415));
#11272 = DIRECTION('',(-0.,1.,0.));
#11273 = DIRECTION('',(1.,0.,2.22044604925E-16));
#11274 = ORIENTED_EDGE('',*,*,#10884,.F.);
#11275 = FACE_BOUND('',#11276,.T.);
#11276 = EDGE_LOOP('',(#11277));
#11277 = ORIENTED_EDGE('',*,*,#11002,.F.);
#11278 = PLANE('',#11279);
#11279 = AXIS2_PLACEMENT_3D('',#11280,#11281,#11282);
#11280 = CARTESIAN_POINT('',(197.01167210421,38.,432.16344115415));
#11281 = DIRECTION('',(0.,1.,0.));
#11282 = DIRECTION('',(1.,0.,2.22044604925E-16));
#11283 = ADVANCED_FACE('',(#11284),#11290,.T.);
#11284 = FACE_BOUND('',#11285,.T.);
#11285 = EDGE_LOOP('',(#11286,#11287,#11288,#11289));
#11286 = ORIENTED_EDGE('',*,*,#10811,.T.);
#11287 = ORIENTED_EDGE('',*,*,#11260,.F.);
#11288 = ORIENTED_EDGE('',*,*,#10842,.F.);
#11289 = ORIENTED_EDGE('',*,*,#11175,.T.);
#11290 = CYLINDRICAL_SURFACE('',#11291,10.);
#11291 = AXIS2_PLACEMENT_3D('',#11292,#11293,#11294);
#11292 = CARTESIAN_POINT('',(197.01167210421,28.,432.16344115415));
#11293 = DIRECTION('',(0.,1.,0.));
#11294 = DIRECTION('',(1.,0.,2.22044604925E-16));
#11295 = ADVANCED_FACE('',(#11296),#11302,.T.);
#11296 = FACE_BOUND('',#11297,.T.);
#11297 = EDGE_LOOP('',(#11298,#11299,#11300,#11301));
#11298 = ORIENTED_EDGE('',*,*,#10929,.T.);
#11299 = ORIENTED_EDGE('',*,*,#11268,.F.);
#11300 = ORIENTED_EDGE('',*,*,#10777,.F.);
#11301 = ORIENTED_EDGE('',*,*,#11166,.T.);
#11302 = CYLINDRICAL_SURFACE('',#11303,10.);
#11303 = AXIS2_PLACEMENT_3D('',#11304,#11305,#11306);
#11304 = CARTESIAN_POINT('',(197.01167210421,28.,432.16344115415));
#11305 = DIRECTION('',(0.,1.,0.));
#11306 = DIRECTION('',(1.,0.,2.22044604925E-16));
#11307 = ADVANCED_FACE('',(#11308),#11314,.T.);
#11308 = FACE_BOUND('',#11309,.T.);
#11309 = EDGE_LOOP('',(#11310,#11311,#11312,#11313));
#11310 = ORIENTED_EDGE('',*,*,#11251,.F.);
#11311 = ORIENTED_EDGE('',*,*,#10954,.F.);
#11312 = ORIENTED_EDGE('',*,*,#11183,.T.);
#11313 = ORIENTED_EDGE('',*,*,#10859,.T.);
#11314 = CYLINDRICAL_SURFACE('',#11315,10.);
#11315 = AXIS2_PLACEMENT_3D('',#11316,#11317,#11318);
#11316 = CARTESIAN_POINT('',(197.01167210421,28.,432.16344115415));
#11317 = DIRECTION('',(0.,1.,0.));
#11318 = DIRECTION('',(1.,0.,2.22044604925E-16));
#11319 = ADVANCED_FACE('',(#11320),#11326,.T.);
#11320 = FACE_BOUND('',#11321,.T.);
#11321 = EDGE_LOOP('',(#11322,#11323,#11324,#11325));
#11322 = ORIENTED_EDGE('',*,*,#11243,.F.);
#11323 = ORIENTED_EDGE('',*,*,#11097,.F.);
#11324 = ORIENTED_EDGE('',*,*,#11192,.T.);
#11325 = ORIENTED_EDGE('',*,*,#10988,.T.);
#11326 = CYLINDRICAL_SURFACE('',#11327,10.);
#11327 = AXIS2_PLACEMENT_3D('',#11328,#11329,#11330);
#11328 = CARTESIAN_POINT('',(197.01167210421,28.,432.16344115415));
#11329 = DIRECTION('',(0.,1.,0.));
#11330 = DIRECTION('',(1.,0.,2.22044604925E-16));
#11331 = ADVANCED_FACE('',(#11332),#11338,.T.);
#11332 = FACE_BOUND('',#11333,.T.);
#11333 = EDGE_LOOP('',(#11334,#11335,#11336,#11337));
#11334 = ORIENTED_EDGE('',*,*,#11235,.F.);
#11335 = ORIENTED_EDGE('',*,*,#11038,.F.);
#11336 = ORIENTED_EDGE('',*,*,#11201,.T.);
#11337 = ORIENTED_EDGE('',*,*,#11131,.T.);
#11338 = CYLINDRICAL_SURFACE('',#11339,10.);
#11339 = AXIS2_PLACEMENT_3D('',#11340,#11341,#11342);
#11340 = CARTESIAN_POINT('',(197.01167210421,28.,432.16344115415));
#11341 = DIRECTION('',(0.,1.,0.));
#11342 = DIRECTION('',(1.,0.,2.22044604925E-16));
#11343 = ADVANCED_FACE('',(#11344),#11352,.T.);
#11344 = FACE_BOUND('',#11345,.T.);
#11345 = EDGE_LOOP('',(#11346,#11347,#11348,#11349,#11350,#11351));
#11346 = ORIENTED_EDGE('',*,*,#11148,.T.);
#11347 = ORIENTED_EDGE('',*,*,#11072,.T.);
#11348 = ORIENTED_EDGE('',*,*,#11227,.F.);
#11349 = ORIENTED_EDGE('',*,*,#11218,.F.);
#11350 = ORIENTED_EDGE('',*,*,#10895,.F.);
#11351 = ORIENTED_EDGE('',*,*,#11157,.T.);
#11352 = CYLINDRICAL_SURFACE('',#11353,10.);
#11353 = AXIS2_PLACEMENT_3D('',#11354,#11355,#11356);
#11354 = CARTESIAN_POINT('',(197.01167210421,28.,432.16344115415));
#11355 = DIRECTION('',(0.,1.,0.));
#11356 = DIRECTION('',(1.,0.,2.22044604925E-16));
#11357 = MANIFOLD_SOLID_BREP('',#11358);
#11358 = CLOSED_SHELL('',(#11359,#11392,#11401,#11465,#11490,#11515,
    #11540,#11565,#11590));
#11359 = ADVANCED_FACE('',(#11360),#11387,.T.);
#11360 = FACE_BOUND('',#11361,.T.);
#11361 = EDGE_LOOP('',(#11362,#11371,#11379,#11386));
#11362 = ORIENTED_EDGE('',*,*,#11363,.F.);
#11363 = EDGE_CURVE('',#11364,#11364,#11366,.T.);
#11364 = VERTEX_POINT('',#11365);
#11365 = CARTESIAN_POINT('',(206.91167210421,-20.,432.16344115415));
#11366 = CIRCLE('',#11367,9.9);
#11367 = AXIS2_PLACEMENT_3D('',#11368,#11369,#11370);
#11368 = CARTESIAN_POINT('',(197.01167210421,-20.,432.16344115415));
#11369 = DIRECTION('',(-0.,1.,0.));
#11370 = DIRECTION('',(1.,0.,2.22044604925E-16));
#11371 = ORIENTED_EDGE('',*,*,#11372,.F.);
#11372 = EDGE_CURVE('',#11373,#11364,#11375,.T.);
#11373 = VERTEX_POINT('',#11374);
#11374 = CARTESIAN_POINT('',(206.91167210421,-45.,432.16344115415));
#11375 = LINE('',#11376,#11377);
#11376 = CARTESIAN_POINT('',(206.91167210421,-45.,432.16344115415));
#11377 = VECTOR('',#11378,1.);
#11378 = DIRECTION('',(0.,1.,0.));
#11379 = ORIENTED_EDGE('',*,*,#11380,.T.);
#11380 = EDGE_CURVE('',#11373,#11373,#11381,.T.);
#11381 = CIRCLE('',#11382,9.9);
#11382 = AXIS2_PLACEMENT_3D('',#11383,#11384,#11385);
#11383 = CARTESIAN_POINT('',(197.01167210421,-45.,432.16344115415));
#11384 = DIRECTION('',(-0.,1.,0.));
#11385 = DIRECTION('',(1.,0.,2.22044604925E-16));
#11386 = ORIENTED_EDGE('',*,*,#11372,.T.);
#11387 = CYLINDRICAL_SURFACE('',#11388,9.9);
#11388 = AXIS2_PLACEMENT_3D('',#11389,#11390,#11391);
#11389 = CARTESIAN_POINT('',(197.01167210421,-45.,432.16344115415));
#11390 = DIRECTION('',(0.,1.,0.));
#11391 = DIRECTION('',(1.,0.,2.22044604925E-16));
#11392 = ADVANCED_FACE('',(#11393),#11396,.T.);
#11393 = FACE_BOUND('',#11394,.T.);
#11394 = EDGE_LOOP('',(#11395));
#11395 = ORIENTED_EDGE('',*,*,#11363,.T.);
#11396 = PLANE('',#11397);
#11397 = AXIS2_PLACEMENT_3D('',#11398,#11399,#11400);
#11398 = CARTESIAN_POINT('',(197.01167210421,-20.,432.16344115415));
#11399 = DIRECTION('',(0.,1.,0.));
#11400 = DIRECTION('',(1.,0.,2.22044604925E-16));
#11401 = ADVANCED_FACE('',(#11402,#11413,#11424,#11435,#11446,#11449),
  #11460,.T.);
#11402 = FACE_BOUND('',#11403,.T.);
#11403 = EDGE_LOOP('',(#11404));
#11404 = ORIENTED_EDGE('',*,*,#11405,.T.);
#11405 = EDGE_CURVE('',#11406,#11406,#11408,.T.);
#11406 = VERTEX_POINT('',#11407);
#11407 = CARTESIAN_POINT('',(217.01167210421,-45.,432.16344115415));
#11408 = CIRCLE('',#11409,20.);
#11409 = AXIS2_PLACEMENT_3D('',#11410,#11411,#11412);
#11410 = CARTESIAN_POINT('',(197.01167210421,-45.,432.16344115415));
#11411 = DIRECTION('',(-0.,1.,0.));
#11412 = DIRECTION('',(1.,0.,2.22044604925E-16));
#11413 = FACE_BOUND('',#11414,.T.);
#11414 = EDGE_LOOP('',(#11415));
#11415 = ORIENTED_EDGE('',*,*,#11416,.F.);
#11416 = EDGE_CURVE('',#11417,#11417,#11419,.T.);
#11417 = VERTEX_POINT('',#11418);
#11418 = CARTESIAN_POINT('',(187.39796360522,-45.,443.47714965313));
#11419 = CIRCLE('',#11420,1.7);
#11420 = AXIS2_PLACEMENT_3D('',#11421,#11422,#11423);
#11421 = CARTESIAN_POINT('',(185.69796360522,-45.,443.47714965313));
#11422 = DIRECTION('',(-0.,1.,0.));
#11423 = DIRECTION('',(1.,0.,2.22044604925E-16));
#11424 = FACE_BOUND('',#11425,.T.);
#11425 = EDGE_LOOP('',(#11426));
#11426 = ORIENTED_EDGE('',*,*,#11427,.F.);
#11427 = EDGE_CURVE('',#11428,#11428,#11430,.T.);
#11428 = VERTEX_POINT('',#11429);
#11429 = CARTESIAN_POINT('',(210.02538060319,-45.,443.47714965313));
#11430 = CIRCLE('',#11431,1.7);
#11431 = AXIS2_PLACEMENT_3D('',#11432,#11433,#11434);
#11432 = CARTESIAN_POINT('',(208.32538060319,-45.,443.47714965313));
#11433 = DIRECTION('',(-0.,1.,0.));
#11434 = DIRECTION('',(1.,0.,2.22044604925E-16));
#11435 = FACE_BOUND('',#11436,.T.);
#11436 = EDGE_LOOP('',(#11437));
#11437 = ORIENTED_EDGE('',*,*,#11438,.F.);
#11438 = EDGE_CURVE('',#11439,#11439,#11441,.T.);
#11439 = VERTEX_POINT('',#11440);
#11440 = CARTESIAN_POINT('',(187.39796360522,-45.,420.84973265516));
#11441 = CIRCLE('',#11442,1.7);
#11442 = AXIS2_PLACEMENT_3D('',#11443,#11444,#11445);
#11443 = CARTESIAN_POINT('',(185.69796360522,-45.,420.84973265516));
#11444 = DIRECTION('',(-0.,1.,0.));
#11445 = DIRECTION('',(1.,0.,2.22044604925E-16));
#11446 = FACE_BOUND('',#11447,.T.);
#11447 = EDGE_LOOP('',(#11448));
#11448 = ORIENTED_EDGE('',*,*,#11380,.F.);
#11449 = FACE_BOUND('',#11450,.T.);
#11450 = EDGE_LOOP('',(#11451));
#11451 = ORIENTED_EDGE('',*,*,#11452,.F.);
#11452 = EDGE_CURVE('',#11453,#11453,#11455,.T.);
#11453 = VERTEX_POINT('',#11454);
#11454 = CARTESIAN_POINT('',(210.02538060319,-45.,420.84973265516));
#11455 = CIRCLE('',#11456,1.7);
#11456 = AXIS2_PLACEMENT_3D('',#11457,#11458,#11459);
#11457 = CARTESIAN_POINT('',(208.32538060319,-45.,420.84973265516));
#11458 = DIRECTION('',(-0.,1.,0.));
#11459 = DIRECTION('',(1.,0.,2.22044604925E-16));
#11460 = PLANE('',#11461);
#11461 = AXIS2_PLACEMENT_3D('',#11462,#11463,#11464);
#11462 = CARTESIAN_POINT('',(197.01167210421,-45.,432.16344115415));
#11463 = DIRECTION('',(0.,1.,0.));
#11464 = DIRECTION('',(1.,0.,2.22044604925E-16));
#11465 = ADVANCED_FACE('',(#11466),#11485,.T.);
#11466 = FACE_BOUND('',#11467,.T.);
#11467 = EDGE_LOOP('',(#11468,#11469,#11477,#11484));
#11468 = ORIENTED_EDGE('',*,*,#11405,.F.);
#11469 = ORIENTED_EDGE('',*,*,#11470,.F.);
#11470 = EDGE_CURVE('',#11471,#11406,#11473,.T.);
#11471 = VERTEX_POINT('',#11472);
#11472 = CARTESIAN_POINT('',(217.01167210421,-48.,432.16344115415));
#11473 = LINE('',#11474,#11475);
#11474 = CARTESIAN_POINT('',(217.01167210421,-48.,432.16344115415));
#11475 = VECTOR('',#11476,1.);
#11476 = DIRECTION('',(0.,1.,0.));
#11477 = ORIENTED_EDGE('',*,*,#11478,.T.);
#11478 = EDGE_CURVE('',#11471,#11471,#11479,.T.);
#11479 = CIRCLE('',#11480,20.);
#11480 = AXIS2_PLACEMENT_3D('',#11481,#11482,#11483);
#11481 = CARTESIAN_POINT('',(197.01167210421,-48.,432.16344115415));
#11482 = DIRECTION('',(-0.,1.,0.));
#11483 = DIRECTION('',(1.,0.,2.22044604925E-16));
#11484 = ORIENTED_EDGE('',*,*,#11470,.T.);
#11485 = CYLINDRICAL_SURFACE('',#11486,20.);
#11486 = AXIS2_PLACEMENT_3D('',#11487,#11488,#11489);
#11487 = CARTESIAN_POINT('',(197.01167210421,-48.,432.16344115415));
#11488 = DIRECTION('',(0.,1.,0.));
#11489 = DIRECTION('',(1.,0.,2.22044604925E-16));
#11490 = ADVANCED_FACE('',(#11491),#11510,.F.);
#11491 = FACE_BOUND('',#11492,.F.);
#11492 = EDGE_LOOP('',(#11493,#11494,#11502,#11509));
#11493 = ORIENTED_EDGE('',*,*,#11416,.F.);
#11494 = ORIENTED_EDGE('',*,*,#11495,.F.);
#11495 = EDGE_CURVE('',#11496,#11417,#11498,.T.);
#11496 = VERTEX_POINT('',#11497);
#11497 = CARTESIAN_POINT('',(187.39796360522,-48.,443.47714965313));
#11498 = LINE('',#11499,#11500);
#11499 = CARTESIAN_POINT('',(187.39796360522,-48.,443.47714965313));
#11500 = VECTOR('',#11501,1.);
#11501 = DIRECTION('',(0.,1.,0.));
#11502 = ORIENTED_EDGE('',*,*,#11503,.T.);
#11503 = EDGE_CURVE('',#11496,#11496,#11504,.T.);
#11504 = CIRCLE('',#11505,1.7);
#11505 = AXIS2_PLACEMENT_3D('',#11506,#11507,#11508);
#11506 = CARTESIAN_POINT('',(185.69796360522,-48.,443.47714965313));
#11507 = DIRECTION('',(-0.,1.,0.));
#11508 = DIRECTION('',(1.,0.,2.22044604925E-16));
#11509 = ORIENTED_EDGE('',*,*,#11495,.T.);
#11510 = CYLINDRICAL_SURFACE('',#11511,1.7);
#11511 = AXIS2_PLACEMENT_3D('',#11512,#11513,#11514);
#11512 = CARTESIAN_POINT('',(185.69796360522,-48.,443.47714965313));
#11513 = DIRECTION('',(0.,1.,0.));
#11514 = DIRECTION('',(1.,0.,2.22044604925E-16));
#11515 = ADVANCED_FACE('',(#11516),#11535,.F.);
#11516 = FACE_BOUND('',#11517,.F.);
#11517 = EDGE_LOOP('',(#11518,#11519,#11527,#11534));
#11518 = ORIENTED_EDGE('',*,*,#11427,.F.);
#11519 = ORIENTED_EDGE('',*,*,#11520,.F.);
#11520 = EDGE_CURVE('',#11521,#11428,#11523,.T.);
#11521 = VERTEX_POINT('',#11522);
#11522 = CARTESIAN_POINT('',(210.02538060319,-48.,443.47714965313));
#11523 = LINE('',#11524,#11525);
#11524 = CARTESIAN_POINT('',(210.02538060319,-48.,443.47714965313));
#11525 = VECTOR('',#11526,1.);
#11526 = DIRECTION('',(0.,1.,0.));
#11527 = ORIENTED_EDGE('',*,*,#11528,.T.);
#11528 = EDGE_CURVE('',#11521,#11521,#11529,.T.);
#11529 = CIRCLE('',#11530,1.7);
#11530 = AXIS2_PLACEMENT_3D('',#11531,#11532,#11533);
#11531 = CARTESIAN_POINT('',(208.32538060319,-48.,443.47714965313));
#11532 = DIRECTION('',(-0.,1.,0.));
#11533 = DIRECTION('',(1.,0.,2.22044604925E-16));
#11534 = ORIENTED_EDGE('',*,*,#11520,.T.);
#11535 = CYLINDRICAL_SURFACE('',#11536,1.7);
#11536 = AXIS2_PLACEMENT_3D('',#11537,#11538,#11539);
#11537 = CARTESIAN_POINT('',(208.32538060319,-48.,443.47714965313));
#11538 = DIRECTION('',(0.,1.,0.));
#11539 = DIRECTION('',(1.,0.,2.22044604925E-16));
#11540 = ADVANCED_FACE('',(#11541),#11560,.F.);
#11541 = FACE_BOUND('',#11542,.F.);
#11542 = EDGE_LOOP('',(#11543,#11544,#11552,#11559));
#11543 = ORIENTED_EDGE('',*,*,#11438,.F.);
#11544 = ORIENTED_EDGE('',*,*,#11545,.F.);
#11545 = EDGE_CURVE('',#11546,#11439,#11548,.T.);
#11546 = VERTEX_POINT('',#11547);
#11547 = CARTESIAN_POINT('',(187.39796360522,-48.,420.84973265516));
#11548 = LINE('',#11549,#11550);
#11549 = CARTESIAN_POINT('',(187.39796360522,-48.,420.84973265516));
#11550 = VECTOR('',#11551,1.);
#11551 = DIRECTION('',(0.,1.,0.));
#11552 = ORIENTED_EDGE('',*,*,#11553,.T.);
#11553 = EDGE_CURVE('',#11546,#11546,#11554,.T.);
#11554 = CIRCLE('',#11555,1.7);
#11555 = AXIS2_PLACEMENT_3D('',#11556,#11557,#11558);
#11556 = CARTESIAN_POINT('',(185.69796360522,-48.,420.84973265516));
#11557 = DIRECTION('',(-0.,1.,0.));
#11558 = DIRECTION('',(1.,0.,2.22044604925E-16));
#11559 = ORIENTED_EDGE('',*,*,#11545,.T.);
#11560 = CYLINDRICAL_SURFACE('',#11561,1.7);
#11561 = AXIS2_PLACEMENT_3D('',#11562,#11563,#11564);
#11562 = CARTESIAN_POINT('',(185.69796360522,-48.,420.84973265516));
#11563 = DIRECTION('',(0.,1.,0.));
#11564 = DIRECTION('',(1.,0.,2.22044604925E-16));
#11565 = ADVANCED_FACE('',(#11566),#11585,.F.);
#11566 = FACE_BOUND('',#11567,.F.);
#11567 = EDGE_LOOP('',(#11568,#11569,#11577,#11584));
#11568 = ORIENTED_EDGE('',*,*,#11452,.F.);
#11569 = ORIENTED_EDGE('',*,*,#11570,.F.);
#11570 = EDGE_CURVE('',#11571,#11453,#11573,.T.);
#11571 = VERTEX_POINT('',#11572);
#11572 = CARTESIAN_POINT('',(210.02538060319,-48.,420.84973265516));
#11573 = LINE('',#11574,#11575);
#11574 = CARTESIAN_POINT('',(210.02538060319,-48.,420.84973265516));
#11575 = VECTOR('',#11576,1.);
#11576 = DIRECTION('',(0.,1.,0.));
#11577 = ORIENTED_EDGE('',*,*,#11578,.T.);
#11578 = EDGE_CURVE('',#11571,#11571,#11579,.T.);
#11579 = CIRCLE('',#11580,1.7);
#11580 = AXIS2_PLACEMENT_3D('',#11581,#11582,#11583);
#11581 = CARTESIAN_POINT('',(208.32538060319,-48.,420.84973265516));
#11582 = DIRECTION('',(-0.,1.,0.));
#11583 = DIRECTION('',(1.,0.,2.22044604925E-16));
#11584 = ORIENTED_EDGE('',*,*,#11570,.T.);
#11585 = CYLINDRICAL_SURFACE('',#11586,1.7);
#11586 = AXIS2_PLACEMENT_3D('',#11587,#11588,#11589);
#11587 = CARTESIAN_POINT('',(208.32538060319,-48.,420.84973265516));
#11588 = DIRECTION('',(0.,1.,0.));
#11589 = DIRECTION('',(1.,0.,2.22044604925E-16));
#11590 = ADVANCED_FACE('',(#11591,#11594,#11597,#11600,#11603),#11606,
  .F.);
#11591 = FACE_BOUND('',#11592,.F.);
#11592 = EDGE_LOOP('',(#11593));
#11593 = ORIENTED_EDGE('',*,*,#11478,.T.);
#11594 = FACE_BOUND('',#11595,.F.);
#11595 = EDGE_LOOP('',(#11596));
#11596 = ORIENTED_EDGE('',*,*,#11503,.F.);
#11597 = FACE_BOUND('',#11598,.F.);
#11598 = EDGE_LOOP('',(#11599));
#11599 = ORIENTED_EDGE('',*,*,#11528,.F.);
#11600 = FACE_BOUND('',#11601,.F.);
#11601 = EDGE_LOOP('',(#11602));
#11602 = ORIENTED_EDGE('',*,*,#11553,.F.);
#11603 = FACE_BOUND('',#11604,.F.);
#11604 = EDGE_LOOP('',(#11605));
#11605 = ORIENTED_EDGE('',*,*,#11578,.F.);
#11606 = PLANE('',#11607);
#11607 = AXIS2_PLACEMENT_3D('',#11608,#11609,#11610);
#11608 = CARTESIAN_POINT('',(197.01167210421,-48.,432.16344115415));
#11609 = DIRECTION('',(0.,1.,0.));
#11610 = DIRECTION('',(1.,0.,2.22044604925E-16));
#11611 = ( GEOMETRIC_REPRESENTATION_CONTEXT(3) 
GLOBAL_UNCERTAINTY_ASSIGNED_CONTEXT((#11615)) 
GLOBAL_UNIT_ASSIGNED_CONTEXT((#11612,#11613,#11614)) 
REPRESENTATION_CONTEXT('Context #1',
  '3D Context with UNIT and UNCERTAINTY') );
#11612 = ( LENGTH_UNIT() NAMED_UNIT(*) SI_UNIT(.MILLI.,.METRE.) );
#11613 = ( NAMED_UNIT(*) PLANE_ANGLE_UNIT() SI_UNIT($,.RADIAN.) );
#11614 = ( NAMED_UNIT(*) SI_UNIT($,.STERADIAN.) SOLID_ANGLE_UNIT() );
#11615 = UNCERTAINTY_MEASURE_WITH_UNIT(LENGTH_MEASURE(2.E-07),#11612,
  'distance_accuracy_value','confusion accuracy');
#11616 = PRODUCT_RELATED_PRODUCT_CATEGORY('part',$,(#7));
ENDSEC;
END-ISO-10303-21;
