ISO-10303-21;
HEADER;
FILE_DESCRIPTION(('FreeCAD Model'),'2;1');
FILE_NAME('Open CASCADE Shape Model','2026-09-14T08:31:11',('FreeCAD'),(
    'FreeCAD'),'Open CASCADE STEP processor 7.8','FreeCAD','Unknown');
FILE_SCHEMA(('AUTOMOTIVE_DESIGN { 1 0 10303 214 1 1 1 1 }'));
ENDSEC;
DATA;
#1 = APPLICATION_PROTOCOL_DEFINITION('international standard',
  'automotive_design',2000,#2);
#2 = APPLICATION_CONTEXT(
  'core data for automotive mechanical design processes');
#3 = SHAPE_DEFINITION_REPRESENTATION(#4,#10);
#4 = PRODUCT_DEFINITION_SHAPE('','',#5);
#5 = PRODUCT_DEFINITION('design','',#6,#9);
#6 = PRODUCT_DEFINITION_FORMATION('','',#7);
#7 = PRODUCT('Open CASCADE STEP translator 7.8 1',
  'Open CASCADE STEP translator 7.8 1','',(#8));
#8 = PRODUCT_CONTEXT('',#2,'mechanical');
#9 = PRODUCT_DEFINITION_CONTEXT('part definition',#2,'design');
#10 = SHAPE_REPRESENTATION('',(#11,#15,#68,#121,#174,#227,#280,#333,#386
    ,#439,#531,#584,#637,#787,#840,#893,#946,#999,#1052,#1105,#1255,
    #1308,#1361,#1414,#1564,#1617,#1670,#1723,#1776,#1829,#1882,#1935,
    #1988,#2138,#2288,#2341,#2394),#2447);
#11 = AXIS2_PLACEMENT_3D('',#12,#13,#14);
#12 = CARTESIAN_POINT('',(0.,0.,0.));
#13 = DIRECTION('',(0.,0.,1.));
#14 = DIRECTION('',(1.,0.,-0.));
#15 = MANIFOLD_SOLID_BREP('',#16);
#16 = CLOSED_SHELL('',(#17,#50,#59));
#17 = ADVANCED_FACE('',(#18),#45,.T.);
#18 = FACE_BOUND('',#19,.T.);
#19 = EDGE_LOOP('',(#20,#29,#37,#44));
#20 = ORIENTED_EDGE('',*,*,#21,.F.);
#21 = EDGE_CURVE('',#22,#22,#24,.T.);
#22 = VERTEX_POINT('',#23);
#23 = CARTESIAN_POINT('',(40.,-9.797174393179E-15,75.));
#24 = CIRCLE('',#25,40.);
#25 = AXIS2_PLACEMENT_3D('',#26,#27,#28);
#26 = CARTESIAN_POINT('',(0.,0.,75.));
#27 = DIRECTION('',(0.,0.,1.));
#28 = DIRECTION('',(1.,0.,0.));
#29 = ORIENTED_EDGE('',*,*,#30,.F.);
#30 = EDGE_CURVE('',#31,#22,#33,.T.);
#31 = VERTEX_POINT('',#32);
#32 = CARTESIAN_POINT('',(40.,-9.797174393179E-15,25.));
#33 = LINE('',#34,#35);
#34 = CARTESIAN_POINT('',(40.,-9.797174393179E-15,25.));
#35 = VECTOR('',#36,1.);
#36 = DIRECTION('',(0.,0.,1.));
#37 = ORIENTED_EDGE('',*,*,#38,.T.);
#38 = EDGE_CURVE('',#31,#31,#39,.T.);
#39 = CIRCLE('',#40,40.);
#40 = AXIS2_PLACEMENT_3D('',#41,#42,#43);
#41 = CARTESIAN_POINT('',(0.,0.,25.));
#42 = DIRECTION('',(0.,0.,1.));
#43 = DIRECTION('',(1.,0.,0.));
#44 = ORIENTED_EDGE('',*,*,#30,.T.);
#45 = CYLINDRICAL_SURFACE('',#46,40.);
#46 = AXIS2_PLACEMENT_3D('',#47,#48,#49);
#47 = CARTESIAN_POINT('',(0.,0.,25.));
#48 = DIRECTION('',(0.,0.,1.));
#49 = DIRECTION('',(1.,0.,0.));
#50 = ADVANCED_FACE('',(#51),#54,.T.);
#51 = FACE_BOUND('',#52,.T.);
#52 = EDGE_LOOP('',(#53));
#53 = ORIENTED_EDGE('',*,*,#21,.T.);
#54 = PLANE('',#55);
#55 = AXIS2_PLACEMENT_3D('',#56,#57,#58);
#56 = CARTESIAN_POINT('',(0.,0.,75.));
#57 = DIRECTION('',(0.,0.,1.));
#58 = DIRECTION('',(1.,0.,0.));
#59 = ADVANCED_FACE('',(#60),#63,.F.);
#60 = FACE_BOUND('',#61,.T.);
#61 = EDGE_LOOP('',(#62));
#62 = ORIENTED_EDGE('',*,*,#38,.F.);
#63 = PLANE('',#64);
#64 = AXIS2_PLACEMENT_3D('',#65,#66,#67);
#65 = CARTESIAN_POINT('',(0.,0.,25.));
#66 = DIRECTION('',(0.,0.,1.));
#67 = DIRECTION('',(1.,0.,0.));
#68 = MANIFOLD_SOLID_BREP('',#69);
#69 = CLOSED_SHELL('',(#70,#103,#112));
#70 = ADVANCED_FACE('',(#71),#98,.T.);
#71 = FACE_BOUND('',#72,.T.);
#72 = EDGE_LOOP('',(#73,#82,#90,#97));
#73 = ORIENTED_EDGE('',*,*,#74,.F.);
#74 = EDGE_CURVE('',#75,#75,#77,.T.);
#75 = VERTEX_POINT('',#76);
#76 = CARTESIAN_POINT('',(-9.797174393179E-15,-2.,220.));
#77 = CIRCLE('',#78,40.);
#78 = AXIS2_PLACEMENT_3D('',#79,#80,#81);
#79 = CARTESIAN_POINT('',(0.,-2.,180.));
#80 = DIRECTION('',(0.,1.,0.));
#81 = DIRECTION('',(0.,0.,1.));
#82 = ORIENTED_EDGE('',*,*,#83,.F.);
#83 = EDGE_CURVE('',#84,#75,#86,.T.);
#84 = VERTEX_POINT('',#85);
#85 = CARTESIAN_POINT('',(-9.797174393179E-15,-52.,220.));
#86 = LINE('',#87,#88);
#87 = CARTESIAN_POINT('',(-9.797174393179E-15,-52.,220.));
#88 = VECTOR('',#89,1.);
#89 = DIRECTION('',(0.,1.,0.));
#90 = ORIENTED_EDGE('',*,*,#91,.T.);
#91 = EDGE_CURVE('',#84,#84,#92,.T.);
#92 = CIRCLE('',#93,40.);
#93 = AXIS2_PLACEMENT_3D('',#94,#95,#96);
#94 = CARTESIAN_POINT('',(0.,-52.,180.));
#95 = DIRECTION('',(0.,1.,0.));
#96 = DIRECTION('',(0.,0.,1.));
#97 = ORIENTED_EDGE('',*,*,#83,.T.);
#98 = CYLINDRICAL_SURFACE('',#99,40.);
#99 = AXIS2_PLACEMENT_3D('',#100,#101,#102);
#100 = CARTESIAN_POINT('',(0.,-52.,180.));
#101 = DIRECTION('',(0.,1.,0.));
#102 = DIRECTION('',(0.,0.,1.));
#103 = ADVANCED_FACE('',(#104),#107,.T.);
#104 = FACE_BOUND('',#105,.T.);
#105 = EDGE_LOOP('',(#106));
#106 = ORIENTED_EDGE('',*,*,#74,.T.);
#107 = PLANE('',#108);
#108 = AXIS2_PLACEMENT_3D('',#109,#110,#111);
#109 = CARTESIAN_POINT('',(0.,-2.,180.));
#110 = DIRECTION('',(0.,1.,0.));
#111 = DIRECTION('',(0.,0.,1.));
#112 = ADVANCED_FACE('',(#113),#116,.F.);
#113 = FACE_BOUND('',#114,.T.);
#114 = EDGE_LOOP('',(#115));
#115 = ORIENTED_EDGE('',*,*,#91,.F.);
#116 = PLANE('',#117);
#117 = AXIS2_PLACEMENT_3D('',#118,#119,#120);
#118 = CARTESIAN_POINT('',(0.,-52.,180.));
#119 = DIRECTION('',(0.,1.,0.));
#120 = DIRECTION('',(0.,0.,1.));
#121 = MANIFOLD_SOLID_BREP('',#122);
#122 = CLOSED_SHELL('',(#123,#156,#165));
#123 = ADVANCED_FACE('',(#124),#151,.T.);
#124 = FACE_BOUND('',#125,.T.);
#125 = EDGE_LOOP('',(#126,#135,#143,#150));
#126 = ORIENTED_EDGE('',*,*,#127,.F.);
#127 = EDGE_CURVE('',#128,#128,#130,.T.);
#128 = VERTEX_POINT('',#129);
#129 = CARTESIAN_POINT('',(135.95248409063,-2.,472.4327650411));
#130 = CIRCLE('',#131,40.);
#131 = AXIS2_PLACEMENT_3D('',#132,#133,#134);
#132 = CARTESIAN_POINT('',(169.85263234044,-2.,451.20118599855));
#133 = DIRECTION('',(0.,1.,-0.));
#134 = DIRECTION('',(-0.847503706245,0.,0.530789476064));
#135 = ORIENTED_EDGE('',*,*,#136,.F.);
#136 = EDGE_CURVE('',#137,#128,#139,.T.);
#137 = VERTEX_POINT('',#138);
#138 = CARTESIAN_POINT('',(135.95248409063,-52.,472.4327650411));
#139 = LINE('',#140,#141);
#140 = CARTESIAN_POINT('',(135.95248409063,-52.,472.4327650411));
#141 = VECTOR('',#142,1.);
#142 = DIRECTION('',(0.,1.,0.));
#143 = ORIENTED_EDGE('',*,*,#144,.T.);
#144 = EDGE_CURVE('',#137,#137,#145,.T.);
#145 = CIRCLE('',#146,40.);
#146 = AXIS2_PLACEMENT_3D('',#147,#148,#149);
#147 = CARTESIAN_POINT('',(169.85263234044,-52.,451.20118599855));
#148 = DIRECTION('',(0.,1.,-0.));
#149 = DIRECTION('',(-0.847503706245,0.,0.530789476064));
#150 = ORIENTED_EDGE('',*,*,#136,.T.);
#151 = CYLINDRICAL_SURFACE('',#152,40.);
#152 = AXIS2_PLACEMENT_3D('',#153,#154,#155);
#153 = CARTESIAN_POINT('',(169.85263234044,-52.,451.20118599855));
#154 = DIRECTION('',(0.,1.,0.));
#155 = DIRECTION('',(-0.847503706245,0.,0.530789476064));
#156 = ADVANCED_FACE('',(#157),#160,.T.);
#157 = FACE_BOUND('',#158,.T.);
#158 = EDGE_LOOP('',(#159));
#159 = ORIENTED_EDGE('',*,*,#127,.T.);
#160 = PLANE('',#161);
#161 = AXIS2_PLACEMENT_3D('',#162,#163,#164);
#162 = CARTESIAN_POINT('',(169.85263234044,-2.,451.20118599855));
#163 = DIRECTION('',(0.,1.,0.));
#164 = DIRECTION('',(-0.847503706245,0.,0.530789476064));
#165 = ADVANCED_FACE('',(#166),#169,.F.);
#166 = FACE_BOUND('',#167,.T.);
#167 = EDGE_LOOP('',(#168));
#168 = ORIENTED_EDGE('',*,*,#144,.F.);
#169 = PLANE('',#170);
#170 = AXIS2_PLACEMENT_3D('',#171,#172,#173);
#171 = CARTESIAN_POINT('',(169.85263234044,-52.,451.20118599855));
#172 = DIRECTION('',(0.,1.,0.));
#173 = DIRECTION('',(-0.847503706245,0.,0.530789476064));
#174 = MANIFOLD_SOLID_BREP('',#175);
#175 = CLOSED_SHELL('',(#176,#209,#218));
#176 = ADVANCED_FACE('',(#177),#204,.T.);
#177 = FACE_BOUND('',#178,.T.);
#178 = EDGE_LOOP('',(#179,#188,#196,#203));
#179 = ORIENTED_EDGE('',*,*,#180,.F.);
#180 = EDGE_CURVE('',#181,#181,#183,.T.);
#181 = VERTEX_POINT('',#182);
#182 = CARTESIAN_POINT('',(447.25066201078,70.,395.97136493223));
#183 = CIRCLE('',#184,40.);
#184 = AXIS2_PLACEMENT_3D('',#185,#186,#187);
#185 = CARTESIAN_POINT('',(433.97052646809,70.,358.24023719971));
#186 = DIRECTION('',(0.943278193313,0.,-0.332003388567));
#187 = DIRECTION('',(0.332003388567,0.,0.943278193313));
#188 = ORIENTED_EDGE('',*,*,#189,.F.);
#189 = EDGE_CURVE('',#190,#181,#192,.T.);
#190 = VERTEX_POINT('',#191);
#191 = CARTESIAN_POINT('',(400.08675234513,70.,412.57153436059));
#192 = LINE('',#193,#194);
#193 = CARTESIAN_POINT('',(400.08675234513,70.,412.57153436059));
#194 = VECTOR('',#195,1.);
#195 = DIRECTION('',(0.943278193313,0.,-0.332003388567));
#196 = ORIENTED_EDGE('',*,*,#197,.T.);
#197 = EDGE_CURVE('',#190,#190,#198,.T.);
#198 = CIRCLE('',#199,40.);
#199 = AXIS2_PLACEMENT_3D('',#200,#201,#202);
#200 = CARTESIAN_POINT('',(386.80661680244,70.,374.84040662807));
#201 = DIRECTION('',(0.943278193313,0.,-0.332003388567));
#202 = DIRECTION('',(0.332003388567,0.,0.943278193313));
#203 = ORIENTED_EDGE('',*,*,#189,.T.);
#204 = CYLINDRICAL_SURFACE('',#205,40.);
#205 = AXIS2_PLACEMENT_3D('',#206,#207,#208);
#206 = CARTESIAN_POINT('',(386.80661680244,70.,374.84040662807));
#207 = DIRECTION('',(0.943278193313,0.,-0.332003388567));
#208 = DIRECTION('',(0.332003388567,0.,0.943278193313));
#209 = ADVANCED_FACE('',(#210),#213,.T.);
#210 = FACE_BOUND('',#211,.T.);
#211 = EDGE_LOOP('',(#212));
#212 = ORIENTED_EDGE('',*,*,#180,.T.);
#213 = PLANE('',#214);
#214 = AXIS2_PLACEMENT_3D('',#215,#216,#217);
#215 = CARTESIAN_POINT('',(433.97052646809,70.,358.24023719971));
#216 = DIRECTION('',(0.943278193313,0.,-0.332003388567));
#217 = DIRECTION('',(0.332003388567,0.,0.943278193313));
#218 = ADVANCED_FACE('',(#219),#222,.F.);
#219 = FACE_BOUND('',#220,.T.);
#220 = EDGE_LOOP('',(#221));
#221 = ORIENTED_EDGE('',*,*,#197,.F.);
#222 = PLANE('',#223);
#223 = AXIS2_PLACEMENT_3D('',#224,#225,#226);
#224 = CARTESIAN_POINT('',(386.80661680244,70.,374.84040662807));
#225 = DIRECTION('',(0.943278193313,0.,-0.332003388567));
#226 = DIRECTION('',(0.332003388567,0.,0.943278193313));
#227 = MANIFOLD_SOLID_BREP('',#228);
#228 = CLOSED_SHELL('',(#229,#262,#271));
#229 = ADVANCED_FACE('',(#230),#257,.T.);
#230 = FACE_BOUND('',#231,.T.);
#231 = EDGE_LOOP('',(#232,#241,#249,#256));
#232 = ORIENTED_EDGE('',*,*,#233,.F.);
#233 = EDGE_CURVE('',#234,#234,#236,.T.);
#234 = VERTEX_POINT('',#235);
#235 = CARTESIAN_POINT('',(513.28013554269,20.,372.73112773252));
#236 = CIRCLE('',#237,40.);
#237 = AXIS2_PLACEMENT_3D('',#238,#239,#240);
#238 = CARTESIAN_POINT('',(500.,20.,335.));
#239 = DIRECTION('',(-0.,1.,0.));
#240 = DIRECTION('',(0.332003388567,0.,0.943278193313));
#241 = ORIENTED_EDGE('',*,*,#242,.F.);
#242 = EDGE_CURVE('',#243,#234,#245,.T.);
#243 = VERTEX_POINT('',#244);
#244 = CARTESIAN_POINT('',(513.28013554269,-30.,372.73112773252));
#245 = LINE('',#246,#247);
#246 = CARTESIAN_POINT('',(513.28013554269,-30.,372.73112773252));
#247 = VECTOR('',#248,1.);
#248 = DIRECTION('',(0.,1.,0.));
#249 = ORIENTED_EDGE('',*,*,#250,.T.);
#250 = EDGE_CURVE('',#243,#243,#251,.T.);
#251 = CIRCLE('',#252,40.);
#252 = AXIS2_PLACEMENT_3D('',#253,#254,#255);
#253 = CARTESIAN_POINT('',(500.,-30.,335.));
#254 = DIRECTION('',(-0.,1.,0.));
#255 = DIRECTION('',(0.332003388567,0.,0.943278193313));
#256 = ORIENTED_EDGE('',*,*,#242,.T.);
#257 = CYLINDRICAL_SURFACE('',#258,40.);
#258 = AXIS2_PLACEMENT_3D('',#259,#260,#261);
#259 = CARTESIAN_POINT('',(500.,-30.,335.));
#260 = DIRECTION('',(0.,1.,0.));
#261 = DIRECTION('',(0.332003388567,0.,0.943278193313));
#262 = ADVANCED_FACE('',(#263),#266,.T.);
#263 = FACE_BOUND('',#264,.T.);
#264 = EDGE_LOOP('',(#265));
#265 = ORIENTED_EDGE('',*,*,#233,.T.);
#266 = PLANE('',#267);
#267 = AXIS2_PLACEMENT_3D('',#268,#269,#270);
#268 = CARTESIAN_POINT('',(500.,20.,335.));
#269 = DIRECTION('',(0.,1.,0.));
#270 = DIRECTION('',(0.332003388567,0.,0.943278193313));
#271 = ADVANCED_FACE('',(#272),#275,.F.);
#272 = FACE_BOUND('',#273,.T.);
#273 = EDGE_LOOP('',(#274));
#274 = ORIENTED_EDGE('',*,*,#250,.F.);
#275 = PLANE('',#276);
#276 = AXIS2_PLACEMENT_3D('',#277,#278,#279);
#277 = CARTESIAN_POINT('',(500.,-30.,335.));
#278 = DIRECTION('',(0.,1.,0.));
#279 = DIRECTION('',(0.332003388567,0.,0.943278193313));
#280 = MANIFOLD_SOLID_BREP('',#281);
#281 = CLOSED_SHELL('',(#282,#315,#324));
#282 = ADVANCED_FACE('',(#283),#310,.T.);
#283 = FACE_BOUND('',#284,.T.);
#284 = EDGE_LOOP('',(#285,#294,#302,#309));
#285 = ORIENTED_EDGE('',*,*,#286,.F.);
#286 = EDGE_CURVE('',#287,#287,#289,.T.);
#287 = VERTEX_POINT('',#288);
#288 = CARTESIAN_POINT('',(540.,70.,300.));
#289 = CIRCLE('',#290,40.);
#290 = AXIS2_PLACEMENT_3D('',#291,#292,#293);
#291 = CARTESIAN_POINT('',(500.,70.,300.));
#292 = DIRECTION('',(-1.33226762955E-15,0.,-1.));
#293 = DIRECTION('',(1.,0.,-1.33226762955E-15));
#294 = ORIENTED_EDGE('',*,*,#295,.F.);
#295 = EDGE_CURVE('',#296,#287,#298,.T.);
#296 = VERTEX_POINT('',#297);
#297 = CARTESIAN_POINT('',(540.,70.,350.));
#298 = LINE('',#299,#300);
#299 = CARTESIAN_POINT('',(540.,70.,350.));
#300 = VECTOR('',#301,1.);
#301 = DIRECTION('',(-1.33226762955E-15,0.,-1.));
#302 = ORIENTED_EDGE('',*,*,#303,.T.);
#303 = EDGE_CURVE('',#296,#296,#304,.T.);
#304 = CIRCLE('',#305,40.);
#305 = AXIS2_PLACEMENT_3D('',#306,#307,#308);
#306 = CARTESIAN_POINT('',(500.,70.,350.));
#307 = DIRECTION('',(-1.33226762955E-15,0.,-1.));
#308 = DIRECTION('',(1.,0.,-1.33226762955E-15));
#309 = ORIENTED_EDGE('',*,*,#295,.T.);
#310 = CYLINDRICAL_SURFACE('',#311,40.);
#311 = AXIS2_PLACEMENT_3D('',#312,#313,#314);
#312 = CARTESIAN_POINT('',(500.,70.,350.));
#313 = DIRECTION('',(-1.33226762955E-15,0.,-1.));
#314 = DIRECTION('',(1.,0.,-1.33226762955E-15));
#315 = ADVANCED_FACE('',(#316),#319,.T.);
#316 = FACE_BOUND('',#317,.T.);
#317 = EDGE_LOOP('',(#318));
#318 = ORIENTED_EDGE('',*,*,#286,.T.);
#319 = PLANE('',#320);
#320 = AXIS2_PLACEMENT_3D('',#321,#322,#323);
#321 = CARTESIAN_POINT('',(500.,70.,300.));
#322 = DIRECTION('',(-1.33226762955E-15,0.,-1.));
#323 = DIRECTION('',(1.,0.,-1.33226762955E-15));
#324 = ADVANCED_FACE('',(#325),#328,.F.);
#325 = FACE_BOUND('',#326,.T.);
#326 = EDGE_LOOP('',(#327));
#327 = ORIENTED_EDGE('',*,*,#303,.F.);
#328 = PLANE('',#329);
#329 = AXIS2_PLACEMENT_3D('',#330,#331,#332);
#330 = CARTESIAN_POINT('',(500.,70.,350.));
#331 = DIRECTION('',(-1.33226762955E-15,0.,-1.));
#332 = DIRECTION('',(1.,0.,-1.33226762955E-15));
#333 = MANIFOLD_SOLID_BREP('',#334);
#334 = CLOSED_SHELL('',(#335,#368,#377));
#335 = ADVANCED_FACE('',(#336),#363,.T.);
#336 = FACE_BOUND('',#337,.T.);
#337 = EDGE_LOOP('',(#338,#347,#355,#362));
#338 = ORIENTED_EDGE('',*,*,#339,.F.);
#339 = EDGE_CURVE('',#340,#340,#342,.T.);
#340 = VERTEX_POINT('',#341);
#341 = CARTESIAN_POINT('',(95.,-2.32682891838E-14,15.));
#342 = CIRCLE('',#343,95.);
#343 = AXIS2_PLACEMENT_3D('',#344,#345,#346);
#344 = CARTESIAN_POINT('',(0.,0.,15.));
#345 = DIRECTION('',(0.,0.,1.));
#346 = DIRECTION('',(1.,0.,0.));
#347 = ORIENTED_EDGE('',*,*,#348,.F.);
#348 = EDGE_CURVE('',#349,#340,#351,.T.);
#349 = VERTEX_POINT('',#350);
#350 = CARTESIAN_POINT('',(95.,-2.32682891838E-14,0.));
#351 = LINE('',#352,#353);
#352 = CARTESIAN_POINT('',(95.,-2.32682891838E-14,0.));
#353 = VECTOR('',#354,1.);
#354 = DIRECTION('',(0.,0.,1.));
#355 = ORIENTED_EDGE('',*,*,#356,.T.);
#356 = EDGE_CURVE('',#349,#349,#357,.T.);
#357 = CIRCLE('',#358,95.);
#358 = AXIS2_PLACEMENT_3D('',#359,#360,#361);
#359 = CARTESIAN_POINT('',(0.,0.,0.));
#360 = DIRECTION('',(0.,0.,1.));
#361 = DIRECTION('',(1.,0.,0.));
#362 = ORIENTED_EDGE('',*,*,#348,.T.);
#363 = CYLINDRICAL_SURFACE('',#364,95.);
#364 = AXIS2_PLACEMENT_3D('',#365,#366,#367);
#365 = CARTESIAN_POINT('',(0.,0.,0.));
#366 = DIRECTION('',(0.,0.,1.));
#367 = DIRECTION('',(1.,0.,0.));
#368 = ADVANCED_FACE('',(#369),#372,.T.);
#369 = FACE_BOUND('',#370,.T.);
#370 = EDGE_LOOP('',(#371));
#371 = ORIENTED_EDGE('',*,*,#339,.T.);
#372 = PLANE('',#373);
#373 = AXIS2_PLACEMENT_3D('',#374,#375,#376);
#374 = CARTESIAN_POINT('',(0.,0.,15.));
#375 = DIRECTION('',(0.,0.,1.));
#376 = DIRECTION('',(1.,0.,0.));
#377 = ADVANCED_FACE('',(#378),#381,.F.);
#378 = FACE_BOUND('',#379,.T.);
#379 = EDGE_LOOP('',(#380));
#380 = ORIENTED_EDGE('',*,*,#356,.F.);
#381 = PLANE('',#382);
#382 = AXIS2_PLACEMENT_3D('',#383,#384,#385);
#383 = CARTESIAN_POINT('',(0.,0.,0.));
#384 = DIRECTION('',(0.,0.,1.));
#385 = DIRECTION('',(1.,0.,0.));
#386 = MANIFOLD_SOLID_BREP('',#387);
#387 = CLOSED_SHELL('',(#388,#421,#430));
#388 = ADVANCED_FACE('',(#389),#416,.T.);
#389 = FACE_BOUND('',#390,.T.);
#390 = EDGE_LOOP('',(#391,#400,#408,#415));
#391 = ORIENTED_EDGE('',*,*,#392,.F.);
#392 = EDGE_CURVE('',#393,#393,#395,.T.);
#393 = VERTEX_POINT('',#394);
#394 = CARTESIAN_POINT('',(43.,-1.053196247267E-14,25.));
#395 = CIRCLE('',#396,43.);
#396 = AXIS2_PLACEMENT_3D('',#397,#398,#399);
#397 = CARTESIAN_POINT('',(0.,0.,25.));
#398 = DIRECTION('',(0.,0.,1.));
#399 = DIRECTION('',(1.,0.,0.));
#400 = ORIENTED_EDGE('',*,*,#401,.F.);
#401 = EDGE_CURVE('',#402,#393,#404,.T.);
#402 = VERTEX_POINT('',#403);
#403 = CARTESIAN_POINT('',(43.,-1.053196247267E-14,15.));
#404 = LINE('',#405,#406);
#405 = CARTESIAN_POINT('',(43.,-1.053196247267E-14,15.));
#406 = VECTOR('',#407,1.);
#407 = DIRECTION('',(0.,0.,1.));
#408 = ORIENTED_EDGE('',*,*,#409,.T.);
#409 = EDGE_CURVE('',#402,#402,#410,.T.);
#410 = CIRCLE('',#411,43.);
#411 = AXIS2_PLACEMENT_3D('',#412,#413,#414);
#412 = CARTESIAN_POINT('',(0.,0.,15.));
#413 = DIRECTION('',(0.,0.,1.));
#414 = DIRECTION('',(1.,0.,0.));
#415 = ORIENTED_EDGE('',*,*,#401,.T.);
#416 = CYLINDRICAL_SURFACE('',#417,43.);
#417 = AXIS2_PLACEMENT_3D('',#418,#419,#420);
#418 = CARTESIAN_POINT('',(0.,0.,15.));
#419 = DIRECTION('',(0.,0.,1.));
#420 = DIRECTION('',(1.,0.,0.));
#421 = ADVANCED_FACE('',(#422),#425,.T.);
#422 = FACE_BOUND('',#423,.T.);
#423 = EDGE_LOOP('',(#424));
#424 = ORIENTED_EDGE('',*,*,#392,.T.);
#425 = PLANE('',#426);
#426 = AXIS2_PLACEMENT_3D('',#427,#428,#429);
#427 = CARTESIAN_POINT('',(0.,0.,25.));
#428 = DIRECTION('',(0.,0.,1.));
#429 = DIRECTION('',(1.,0.,0.));
#430 = ADVANCED_FACE('',(#431),#434,.F.);
#431 = FACE_BOUND('',#432,.T.);
#432 = EDGE_LOOP('',(#433));
#433 = ORIENTED_EDGE('',*,*,#409,.F.);
#434 = PLANE('',#435);
#435 = AXIS2_PLACEMENT_3D('',#436,#437,#438);
#436 = CARTESIAN_POINT('',(0.,0.,15.));
#437 = DIRECTION('',(0.,0.,1.));
#438 = DIRECTION('',(1.,0.,0.));
#439 = MANIFOLD_SOLID_BREP('',#440);
#440 = CLOSED_SHELL('',(#441,#474,#494,#514));
#441 = ADVANCED_FACE('',(#442),#469,.T.);
#442 = FACE_BOUND('',#443,.T.);
#443 = EDGE_LOOP('',(#444,#453,#461,#468));
#444 = ORIENTED_EDGE('',*,*,#445,.F.);
#445 = EDGE_CURVE('',#446,#446,#448,.T.);
#446 = VERTEX_POINT('',#447);
#447 = CARTESIAN_POINT('',(70.,-1.714505518806E-14,85.));
#448 = CIRCLE('',#449,70.);
#449 = AXIS2_PLACEMENT_3D('',#450,#451,#452);
#450 = CARTESIAN_POINT('',(0.,0.,85.));
#451 = DIRECTION('',(0.,0.,1.));
#452 = DIRECTION('',(1.,0.,0.));
#453 = ORIENTED_EDGE('',*,*,#454,.F.);
#454 = EDGE_CURVE('',#455,#446,#457,.T.);
#455 = VERTEX_POINT('',#456);
#456 = CARTESIAN_POINT('',(70.,-1.714505518806E-14,15.));
#457 = LINE('',#458,#459);
#458 = CARTESIAN_POINT('',(70.,-1.714505518806E-14,15.));
#459 = VECTOR('',#460,1.);
#460 = DIRECTION('',(0.,0.,1.));
#461 = ORIENTED_EDGE('',*,*,#462,.T.);
#462 = EDGE_CURVE('',#455,#455,#463,.T.);
#463 = CIRCLE('',#464,70.);
#464 = AXIS2_PLACEMENT_3D('',#465,#466,#467);
#465 = CARTESIAN_POINT('',(0.,0.,15.));
#466 = DIRECTION('',(0.,0.,1.));
#467 = DIRECTION('',(1.,0.,0.));
#468 = ORIENTED_EDGE('',*,*,#454,.T.);
#469 = CYLINDRICAL_SURFACE('',#470,70.);
#470 = AXIS2_PLACEMENT_3D('',#471,#472,#473);
#471 = CARTESIAN_POINT('',(0.,0.,15.));
#472 = DIRECTION('',(0.,0.,1.));
#473 = DIRECTION('',(1.,0.,0.));
#474 = ADVANCED_FACE('',(#475,#478),#489,.T.);
#475 = FACE_BOUND('',#476,.T.);
#476 = EDGE_LOOP('',(#477));
#477 = ORIENTED_EDGE('',*,*,#445,.T.);
#478 = FACE_BOUND('',#479,.T.);
#479 = EDGE_LOOP('',(#480));
#480 = ORIENTED_EDGE('',*,*,#481,.F.);
#481 = EDGE_CURVE('',#482,#482,#484,.T.);
#482 = VERTEX_POINT('',#483);
#483 = CARTESIAN_POINT('',(46.,-1.126675055216E-14,85.));
#484 = CIRCLE('',#485,46.);
#485 = AXIS2_PLACEMENT_3D('',#486,#487,#488);
#486 = CARTESIAN_POINT('',(0.,0.,85.));
#487 = DIRECTION('',(0.,0.,1.));
#488 = DIRECTION('',(1.,0.,0.));
#489 = PLANE('',#490);
#490 = AXIS2_PLACEMENT_3D('',#491,#492,#493);
#491 = CARTESIAN_POINT('',(0.,0.,85.));
#492 = DIRECTION('',(0.,0.,1.));
#493 = DIRECTION('',(1.,0.,0.));
#494 = ADVANCED_FACE('',(#495,#498),#509,.F.);
#495 = FACE_BOUND('',#496,.F.);
#496 = EDGE_LOOP('',(#497));
#497 = ORIENTED_EDGE('',*,*,#462,.T.);
#498 = FACE_BOUND('',#499,.F.);
#499 = EDGE_LOOP('',(#500));
#500 = ORIENTED_EDGE('',*,*,#501,.F.);
#501 = EDGE_CURVE('',#502,#502,#504,.T.);
#502 = VERTEX_POINT('',#503);
#503 = CARTESIAN_POINT('',(46.,-1.126675055216E-14,15.));
#504 = CIRCLE('',#505,46.);
#505 = AXIS2_PLACEMENT_3D('',#506,#507,#508);
#506 = CARTESIAN_POINT('',(0.,0.,15.));
#507 = DIRECTION('',(0.,0.,1.));
#508 = DIRECTION('',(1.,0.,0.));
#509 = PLANE('',#510);
#510 = AXIS2_PLACEMENT_3D('',#511,#512,#513);
#511 = CARTESIAN_POINT('',(0.,0.,15.));
#512 = DIRECTION('',(0.,0.,1.));
#513 = DIRECTION('',(1.,0.,0.));
#514 = ADVANCED_FACE('',(#515),#526,.F.);
#515 = FACE_BOUND('',#516,.F.);
#516 = EDGE_LOOP('',(#517,#518,#524,#525));
#517 = ORIENTED_EDGE('',*,*,#481,.F.);
#518 = ORIENTED_EDGE('',*,*,#519,.F.);
#519 = EDGE_CURVE('',#502,#482,#520,.T.);
#520 = LINE('',#521,#522);
#521 = CARTESIAN_POINT('',(46.,-1.126675055216E-14,15.));
#522 = VECTOR('',#523,1.);
#523 = DIRECTION('',(0.,0.,1.));
#524 = ORIENTED_EDGE('',*,*,#501,.T.);
#525 = ORIENTED_EDGE('',*,*,#519,.T.);
#526 = CYLINDRICAL_SURFACE('',#527,46.);
#527 = AXIS2_PLACEMENT_3D('',#528,#529,#530);
#528 = CARTESIAN_POINT('',(0.,0.,15.));
#529 = DIRECTION('',(0.,0.,1.));
#530 = DIRECTION('',(1.,0.,0.));
#531 = MANIFOLD_SOLID_BREP('',#532);
#532 = CLOSED_SHELL('',(#533,#566,#575));
#533 = ADVANCED_FACE('',(#534),#561,.T.);
#534 = FACE_BOUND('',#535,.T.);
#535 = EDGE_LOOP('',(#536,#545,#553,#560));
#536 = ORIENTED_EDGE('',*,*,#537,.F.);
#537 = EDGE_CURVE('',#538,#538,#540,.T.);
#538 = VERTEX_POINT('',#539);
#539 = CARTESIAN_POINT('',(12.,-2.939152317954E-15,88.));
#540 = CIRCLE('',#541,12.);
#541 = AXIS2_PLACEMENT_3D('',#542,#543,#544);
#542 = CARTESIAN_POINT('',(0.,0.,88.));
#543 = DIRECTION('',(0.,0.,1.));
#544 = DIRECTION('',(1.,0.,0.));
#545 = ORIENTED_EDGE('',*,*,#546,.F.);
#546 = EDGE_CURVE('',#547,#538,#549,.T.);
#547 = VERTEX_POINT('',#548);
#548 = CARTESIAN_POINT('',(12.,-2.939152317954E-15,75.));
#549 = LINE('',#550,#551);
#550 = CARTESIAN_POINT('',(12.,-2.939152317954E-15,75.));
#551 = VECTOR('',#552,1.);
#552 = DIRECTION('',(0.,0.,1.));
#553 = ORIENTED_EDGE('',*,*,#554,.T.);
#554 = EDGE_CURVE('',#547,#547,#555,.T.);
#555 = CIRCLE('',#556,12.);
#556 = AXIS2_PLACEMENT_3D('',#557,#558,#559);
#557 = CARTESIAN_POINT('',(0.,0.,75.));
#558 = DIRECTION('',(0.,0.,1.));
#559 = DIRECTION('',(1.,0.,0.));
#560 = ORIENTED_EDGE('',*,*,#546,.T.);
#561 = CYLINDRICAL_SURFACE('',#562,12.);
#562 = AXIS2_PLACEMENT_3D('',#563,#564,#565);
#563 = CARTESIAN_POINT('',(0.,0.,75.));
#564 = DIRECTION('',(0.,0.,1.));
#565 = DIRECTION('',(1.,0.,0.));
#566 = ADVANCED_FACE('',(#567),#570,.T.);
#567 = FACE_BOUND('',#568,.T.);
#568 = EDGE_LOOP('',(#569));
#569 = ORIENTED_EDGE('',*,*,#537,.T.);
#570 = PLANE('',#571);
#571 = AXIS2_PLACEMENT_3D('',#572,#573,#574);
#572 = CARTESIAN_POINT('',(0.,0.,88.));
#573 = DIRECTION('',(0.,0.,1.));
#574 = DIRECTION('',(1.,0.,0.));
#575 = ADVANCED_FACE('',(#576),#579,.F.);
#576 = FACE_BOUND('',#577,.T.);
#577 = EDGE_LOOP('',(#578));
#578 = ORIENTED_EDGE('',*,*,#554,.F.);
#579 = PLANE('',#580);
#580 = AXIS2_PLACEMENT_3D('',#581,#582,#583);
#581 = CARTESIAN_POINT('',(0.,0.,75.));
#582 = DIRECTION('',(0.,0.,1.));
#583 = DIRECTION('',(1.,0.,0.));
#584 = MANIFOLD_SOLID_BREP('',#585);
#585 = CLOSED_SHELL('',(#586,#619,#628));
#586 = ADVANCED_FACE('',(#587),#614,.T.);
#587 = FACE_BOUND('',#588,.T.);
#588 = EDGE_LOOP('',(#589,#598,#606,#613));
#589 = ORIENTED_EDGE('',*,*,#590,.F.);
#590 = EDGE_CURVE('',#591,#591,#593,.T.);
#591 = VERTEX_POINT('',#592);
#592 = CARTESIAN_POINT('',(42.,-1.028703311284E-14,100.));
#593 = CIRCLE('',#594,42.);
#594 = AXIS2_PLACEMENT_3D('',#595,#596,#597);
#595 = CARTESIAN_POINT('',(0.,0.,100.));
#596 = DIRECTION('',(0.,0.,1.));
#597 = DIRECTION('',(1.,0.,0.));
#598 = ORIENTED_EDGE('',*,*,#599,.F.);
#599 = EDGE_CURVE('',#600,#591,#602,.T.);
#600 = VERTEX_POINT('',#601);
#601 = CARTESIAN_POINT('',(42.,-1.028703311284E-14,88.));
#602 = LINE('',#603,#604);
#603 = CARTESIAN_POINT('',(42.,-1.028703311284E-14,88.));
#604 = VECTOR('',#605,1.);
#605 = DIRECTION('',(0.,0.,1.));
#606 = ORIENTED_EDGE('',*,*,#607,.T.);
#607 = EDGE_CURVE('',#600,#600,#608,.T.);
#608 = CIRCLE('',#609,42.);
#609 = AXIS2_PLACEMENT_3D('',#610,#611,#612);
#610 = CARTESIAN_POINT('',(0.,0.,88.));
#611 = DIRECTION('',(0.,0.,1.));
#612 = DIRECTION('',(1.,0.,0.));
#613 = ORIENTED_EDGE('',*,*,#599,.T.);
#614 = CYLINDRICAL_SURFACE('',#615,42.);
#615 = AXIS2_PLACEMENT_3D('',#616,#617,#618);
#616 = CARTESIAN_POINT('',(0.,0.,88.));
#617 = DIRECTION('',(0.,0.,1.));
#618 = DIRECTION('',(1.,0.,0.));
#619 = ADVANCED_FACE('',(#620),#623,.T.);
#620 = FACE_BOUND('',#621,.T.);
#621 = EDGE_LOOP('',(#622));
#622 = ORIENTED_EDGE('',*,*,#590,.T.);
#623 = PLANE('',#624);
#624 = AXIS2_PLACEMENT_3D('',#625,#626,#627);
#625 = CARTESIAN_POINT('',(0.,0.,100.));
#626 = DIRECTION('',(0.,0.,1.));
#627 = DIRECTION('',(1.,0.,0.));
#628 = ADVANCED_FACE('',(#629),#632,.F.);
#629 = FACE_BOUND('',#630,.T.);
#630 = EDGE_LOOP('',(#631));
#631 = ORIENTED_EDGE('',*,*,#607,.F.);
#632 = PLANE('',#633);
#633 = AXIS2_PLACEMENT_3D('',#634,#635,#636);
#634 = CARTESIAN_POINT('',(0.,0.,88.));
#635 = DIRECTION('',(0.,0.,1.));
#636 = DIRECTION('',(1.,0.,0.));
#637 = MANIFOLD_SOLID_BREP('',#638);
#638 = CLOSED_SHELL('',(#639,#679,#719,#741,#763,#775));
#639 = ADVANCED_FACE('',(#640),#674,.F.);
#640 = FACE_BOUND('',#641,.F.);
#641 = EDGE_LOOP('',(#642,#652,#660,#668));
#642 = ORIENTED_EDGE('',*,*,#643,.F.);
#643 = EDGE_CURVE('',#644,#646,#648,.T.);
#644 = VERTEX_POINT('',#645);
#645 = CARTESIAN_POINT('',(-15.,-80.,100.));
#646 = VERTEX_POINT('',#647);
#647 = CARTESIAN_POINT('',(-15.,-80.,180.));
#648 = LINE('',#649,#650);
#649 = CARTESIAN_POINT('',(-15.,-80.,100.));
#650 = VECTOR('',#651,1.);
#651 = DIRECTION('',(0.,0.,1.));
#652 = ORIENTED_EDGE('',*,*,#653,.T.);
#653 = EDGE_CURVE('',#644,#654,#656,.T.);
#654 = VERTEX_POINT('',#655);
#655 = CARTESIAN_POINT('',(-15.,-56.,100.));
#656 = LINE('',#657,#658);
#657 = CARTESIAN_POINT('',(-15.,-80.,100.));
#658 = VECTOR('',#659,1.);
#659 = DIRECTION('',(0.,1.,0.));
#660 = ORIENTED_EDGE('',*,*,#661,.T.);
#661 = EDGE_CURVE('',#654,#662,#664,.T.);
#662 = VERTEX_POINT('',#663);
#663 = CARTESIAN_POINT('',(-15.,-56.,180.));
#664 = LINE('',#665,#666);
#665 = CARTESIAN_POINT('',(-15.,-56.,100.));
#666 = VECTOR('',#667,1.);
#667 = DIRECTION('',(0.,0.,1.));
#668 = ORIENTED_EDGE('',*,*,#669,.F.);
#669 = EDGE_CURVE('',#646,#662,#670,.T.);
#670 = LINE('',#671,#672);
#671 = CARTESIAN_POINT('',(-15.,-80.,180.));
#672 = VECTOR('',#673,1.);
#673 = DIRECTION('',(0.,1.,0.));
#674 = PLANE('',#675);
#675 = AXIS2_PLACEMENT_3D('',#676,#677,#678);
#676 = CARTESIAN_POINT('',(-15.,-80.,100.));
#677 = DIRECTION('',(1.,0.,0.));
#678 = DIRECTION('',(0.,0.,1.));
#679 = ADVANCED_FACE('',(#680),#714,.T.);
#680 = FACE_BOUND('',#681,.T.);
#681 = EDGE_LOOP('',(#682,#692,#700,#708));
#682 = ORIENTED_EDGE('',*,*,#683,.F.);
#683 = EDGE_CURVE('',#684,#686,#688,.T.);
#684 = VERTEX_POINT('',#685);
#685 = CARTESIAN_POINT('',(15.,-80.,100.));
#686 = VERTEX_POINT('',#687);
#687 = CARTESIAN_POINT('',(15.,-80.,180.));
#688 = LINE('',#689,#690);
#689 = CARTESIAN_POINT('',(15.,-80.,100.));
#690 = VECTOR('',#691,1.);
#691 = DIRECTION('',(0.,0.,1.));
#692 = ORIENTED_EDGE('',*,*,#693,.T.);
#693 = EDGE_CURVE('',#684,#694,#696,.T.);
#694 = VERTEX_POINT('',#695);
#695 = CARTESIAN_POINT('',(15.,-56.,100.));
#696 = LINE('',#697,#698);
#697 = CARTESIAN_POINT('',(15.,-80.,100.));
#698 = VECTOR('',#699,1.);
#699 = DIRECTION('',(0.,1.,0.));
#700 = ORIENTED_EDGE('',*,*,#701,.T.);
#701 = EDGE_CURVE('',#694,#702,#704,.T.);
#702 = VERTEX_POINT('',#703);
#703 = CARTESIAN_POINT('',(15.,-56.,180.));
#704 = LINE('',#705,#706);
#705 = CARTESIAN_POINT('',(15.,-56.,100.));
#706 = VECTOR('',#707,1.);
#707 = DIRECTION('',(0.,0.,1.));
#708 = ORIENTED_EDGE('',*,*,#709,.F.);
#709 = EDGE_CURVE('',#686,#702,#710,.T.);
#710 = LINE('',#711,#712);
#711 = CARTESIAN_POINT('',(15.,-80.,180.));
#712 = VECTOR('',#713,1.);
#713 = DIRECTION('',(0.,1.,0.));
#714 = PLANE('',#715);
#715 = AXIS2_PLACEMENT_3D('',#716,#717,#718);
#716 = CARTESIAN_POINT('',(15.,-80.,100.));
#717 = DIRECTION('',(1.,0.,0.));
#718 = DIRECTION('',(0.,0.,1.));
#719 = ADVANCED_FACE('',(#720),#736,.F.);
#720 = FACE_BOUND('',#721,.F.);
#721 = EDGE_LOOP('',(#722,#728,#729,#735));
#722 = ORIENTED_EDGE('',*,*,#723,.F.);
#723 = EDGE_CURVE('',#644,#684,#724,.T.);
#724 = LINE('',#725,#726);
#725 = CARTESIAN_POINT('',(-15.,-80.,100.));
#726 = VECTOR('',#727,1.);
#727 = DIRECTION('',(1.,0.,0.));
#728 = ORIENTED_EDGE('',*,*,#643,.T.);
#729 = ORIENTED_EDGE('',*,*,#730,.T.);
#730 = EDGE_CURVE('',#646,#686,#731,.T.);
#731 = LINE('',#732,#733);
#732 = CARTESIAN_POINT('',(-15.,-80.,180.));
#733 = VECTOR('',#734,1.);
#734 = DIRECTION('',(1.,0.,0.));
#735 = ORIENTED_EDGE('',*,*,#683,.F.);
#736 = PLANE('',#737);
#737 = AXIS2_PLACEMENT_3D('',#738,#739,#740);
#738 = CARTESIAN_POINT('',(-15.,-80.,100.));
#739 = DIRECTION('',(0.,1.,0.));
#740 = DIRECTION('',(0.,0.,1.));
#741 = ADVANCED_FACE('',(#742),#758,.T.);
#742 = FACE_BOUND('',#743,.T.);
#743 = EDGE_LOOP('',(#744,#750,#751,#757));
#744 = ORIENTED_EDGE('',*,*,#745,.F.);
#745 = EDGE_CURVE('',#654,#694,#746,.T.);
#746 = LINE('',#747,#748);
#747 = CARTESIAN_POINT('',(-15.,-56.,100.));
#748 = VECTOR('',#749,1.);
#749 = DIRECTION('',(1.,0.,0.));
#750 = ORIENTED_EDGE('',*,*,#661,.T.);
#751 = ORIENTED_EDGE('',*,*,#752,.T.);
#752 = EDGE_CURVE('',#662,#702,#753,.T.);
#753 = LINE('',#754,#755);
#754 = CARTESIAN_POINT('',(-15.,-56.,180.));
#755 = VECTOR('',#756,1.);
#756 = DIRECTION('',(1.,0.,0.));
#757 = ORIENTED_EDGE('',*,*,#701,.F.);
#758 = PLANE('',#759);
#759 = AXIS2_PLACEMENT_3D('',#760,#761,#762);
#760 = CARTESIAN_POINT('',(-15.,-56.,100.));
#761 = DIRECTION('',(0.,1.,0.));
#762 = DIRECTION('',(0.,0.,1.));
#763 = ADVANCED_FACE('',(#764),#770,.F.);
#764 = FACE_BOUND('',#765,.F.);
#765 = EDGE_LOOP('',(#766,#767,#768,#769));
#766 = ORIENTED_EDGE('',*,*,#653,.F.);
#767 = ORIENTED_EDGE('',*,*,#723,.T.);
#768 = ORIENTED_EDGE('',*,*,#693,.T.);
#769 = ORIENTED_EDGE('',*,*,#745,.F.);
#770 = PLANE('',#771);
#771 = AXIS2_PLACEMENT_3D('',#772,#773,#774);
#772 = CARTESIAN_POINT('',(-15.,-80.,100.));
#773 = DIRECTION('',(0.,0.,1.));
#774 = DIRECTION('',(1.,0.,0.));
#775 = ADVANCED_FACE('',(#776),#782,.T.);
#776 = FACE_BOUND('',#777,.T.);
#777 = EDGE_LOOP('',(#778,#779,#780,#781));
#778 = ORIENTED_EDGE('',*,*,#669,.F.);
#779 = ORIENTED_EDGE('',*,*,#730,.T.);
#780 = ORIENTED_EDGE('',*,*,#709,.T.);
#781 = ORIENTED_EDGE('',*,*,#752,.F.);
#782 = PLANE('',#783);
#783 = AXIS2_PLACEMENT_3D('',#784,#785,#786);
#784 = CARTESIAN_POINT('',(-15.,-80.,180.));
#785 = DIRECTION('',(0.,0.,1.));
#786 = DIRECTION('',(1.,0.,0.));
#787 = MANIFOLD_SOLID_BREP('',#788);
#788 = CLOSED_SHELL('',(#789,#822,#831));
#789 = ADVANCED_FACE('',(#790),#817,.T.);
#790 = FACE_BOUND('',#791,.T.);
#791 = EDGE_LOOP('',(#792,#801,#809,#816));
#792 = ORIENTED_EDGE('',*,*,#793,.F.);
#793 = EDGE_CURVE('',#794,#794,#796,.T.);
#794 = VERTEX_POINT('',#795);
#795 = CARTESIAN_POINT('',(-2.939152317954E-15,-68.,88.));
#796 = CIRCLE('',#797,12.);
#797 = AXIS2_PLACEMENT_3D('',#798,#799,#800);
#798 = CARTESIAN_POINT('',(0.,-68.,100.));
#799 = DIRECTION('',(0.,-1.,0.));
#800 = DIRECTION('',(0.,0.,-1.));
#801 = ORIENTED_EDGE('',*,*,#802,.F.);
#802 = EDGE_CURVE('',#803,#794,#805,.T.);
#803 = VERTEX_POINT('',#804);
#804 = CARTESIAN_POINT('',(-2.939152317954E-15,0.,88.));
#805 = LINE('',#806,#807);
#806 = CARTESIAN_POINT('',(-2.939152317954E-15,0.,88.));
#807 = VECTOR('',#808,1.);
#808 = DIRECTION('',(0.,-1.,0.));
#809 = ORIENTED_EDGE('',*,*,#810,.T.);
#810 = EDGE_CURVE('',#803,#803,#811,.T.);
#811 = CIRCLE('',#812,12.);
#812 = AXIS2_PLACEMENT_3D('',#813,#814,#815);
#813 = CARTESIAN_POINT('',(0.,0.,100.));
#814 = DIRECTION('',(0.,-1.,0.));
#815 = DIRECTION('',(0.,0.,-1.));
#816 = ORIENTED_EDGE('',*,*,#802,.T.);
#817 = CYLINDRICAL_SURFACE('',#818,12.);
#818 = AXIS2_PLACEMENT_3D('',#819,#820,#821);
#819 = CARTESIAN_POINT('',(0.,0.,100.));
#820 = DIRECTION('',(0.,-1.,0.));
#821 = DIRECTION('',(0.,0.,-1.));
#822 = ADVANCED_FACE('',(#823),#826,.T.);
#823 = FACE_BOUND('',#824,.T.);
#824 = EDGE_LOOP('',(#825));
#825 = ORIENTED_EDGE('',*,*,#793,.T.);
#826 = PLANE('',#827);
#827 = AXIS2_PLACEMENT_3D('',#828,#829,#830);
#828 = CARTESIAN_POINT('',(0.,-68.,100.));
#829 = DIRECTION('',(0.,-1.,0.));
#830 = DIRECTION('',(0.,0.,-1.));
#831 = ADVANCED_FACE('',(#832),#835,.F.);
#832 = FACE_BOUND('',#833,.T.);
#833 = EDGE_LOOP('',(#834));
#834 = ORIENTED_EDGE('',*,*,#810,.F.);
#835 = PLANE('',#836);
#836 = AXIS2_PLACEMENT_3D('',#837,#838,#839);
#837 = CARTESIAN_POINT('',(0.,0.,100.));
#838 = DIRECTION('',(0.,-1.,0.));
#839 = DIRECTION('',(0.,0.,-1.));
#840 = MANIFOLD_SOLID_BREP('',#841);
#841 = CLOSED_SHELL('',(#842,#875,#884));
#842 = ADVANCED_FACE('',(#843),#870,.T.);
#843 = FACE_BOUND('',#844,.T.);
#844 = EDGE_LOOP('',(#845,#854,#862,#869));
#845 = ORIENTED_EDGE('',*,*,#846,.F.);
#846 = EDGE_CURVE('',#847,#847,#849,.T.);
#847 = VERTEX_POINT('',#848);
#848 = CARTESIAN_POINT('',(-1.053196247267E-14,-52.,223.));
#849 = CIRCLE('',#850,43.);
#850 = AXIS2_PLACEMENT_3D('',#851,#852,#853);
#851 = CARTESIAN_POINT('',(0.,-52.,180.));
#852 = DIRECTION('',(0.,1.,0.));
#853 = DIRECTION('',(0.,0.,1.));
#854 = ORIENTED_EDGE('',*,*,#855,.F.);
#855 = EDGE_CURVE('',#856,#847,#858,.T.);
#856 = VERTEX_POINT('',#857);
#857 = CARTESIAN_POINT('',(-1.053196247267E-14,-65.,223.));
#858 = LINE('',#859,#860);
#859 = CARTESIAN_POINT('',(-1.053196247267E-14,-65.,223.));
#860 = VECTOR('',#861,1.);
#861 = DIRECTION('',(0.,1.,0.));
#862 = ORIENTED_EDGE('',*,*,#863,.T.);
#863 = EDGE_CURVE('',#856,#856,#864,.T.);
#864 = CIRCLE('',#865,43.);
#865 = AXIS2_PLACEMENT_3D('',#866,#867,#868);
#866 = CARTESIAN_POINT('',(0.,-65.,180.));
#867 = DIRECTION('',(0.,1.,0.));
#868 = DIRECTION('',(0.,0.,1.));
#869 = ORIENTED_EDGE('',*,*,#855,.T.);
#870 = CYLINDRICAL_SURFACE('',#871,43.);
#871 = AXIS2_PLACEMENT_3D('',#872,#873,#874);
#872 = CARTESIAN_POINT('',(0.,-65.,180.));
#873 = DIRECTION('',(0.,1.,0.));
#874 = DIRECTION('',(0.,0.,1.));
#875 = ADVANCED_FACE('',(#876),#879,.T.);
#876 = FACE_BOUND('',#877,.T.);
#877 = EDGE_LOOP('',(#878));
#878 = ORIENTED_EDGE('',*,*,#846,.T.);
#879 = PLANE('',#880);
#880 = AXIS2_PLACEMENT_3D('',#881,#882,#883);
#881 = CARTESIAN_POINT('',(0.,-52.,180.));
#882 = DIRECTION('',(0.,1.,0.));
#883 = DIRECTION('',(0.,0.,1.));
#884 = ADVANCED_FACE('',(#885),#888,.F.);
#885 = FACE_BOUND('',#886,.T.);
#886 = EDGE_LOOP('',(#887));
#887 = ORIENTED_EDGE('',*,*,#863,.F.);
#888 = PLANE('',#889);
#889 = AXIS2_PLACEMENT_3D('',#890,#891,#892);
#890 = CARTESIAN_POINT('',(0.,-65.,180.));
#891 = DIRECTION('',(0.,1.,0.));
#892 = DIRECTION('',(0.,0.,1.));
#893 = MANIFOLD_SOLID_BREP('',#894);
#894 = CLOSED_SHELL('',(#895,#928,#937));
#895 = ADVANCED_FACE('',(#896),#923,.T.);
#896 = FACE_BOUND('',#897,.T.);
#897 = EDGE_LOOP('',(#898,#907,#915,#922));
#898 = ORIENTED_EDGE('',*,*,#899,.F.);
#899 = EDGE_CURVE('',#900,#900,#902,.T.);
#900 = VERTEX_POINT('',#901);
#901 = CARTESIAN_POINT('',(-13.56005929992,16.,188.49263161702));
#902 = CIRCLE('',#903,16.);
#903 = AXIS2_PLACEMENT_3D('',#904,#905,#906);
#904 = CARTESIAN_POINT('',(0.,16.,180.));
#905 = DIRECTION('',(0.,1.,-0.));
#906 = DIRECTION('',(-0.847503706245,0.,0.530789476064));
#907 = ORIENTED_EDGE('',*,*,#908,.F.);
#908 = EDGE_CURVE('',#909,#900,#911,.T.);
#909 = VERTEX_POINT('',#910);
#910 = CARTESIAN_POINT('',(-13.56005929992,0.,188.49263161702));
#911 = LINE('',#912,#913);
#912 = CARTESIAN_POINT('',(-13.56005929992,0.,188.49263161702));
#913 = VECTOR('',#914,1.);
#914 = DIRECTION('',(0.,1.,0.));
#915 = ORIENTED_EDGE('',*,*,#916,.T.);
#916 = EDGE_CURVE('',#909,#909,#917,.T.);
#917 = CIRCLE('',#918,16.);
#918 = AXIS2_PLACEMENT_3D('',#919,#920,#921);
#919 = CARTESIAN_POINT('',(0.,0.,180.));
#920 = DIRECTION('',(0.,1.,-0.));
#921 = DIRECTION('',(-0.847503706245,0.,0.530789476064));
#922 = ORIENTED_EDGE('',*,*,#908,.T.);
#923 = CYLINDRICAL_SURFACE('',#924,16.);
#924 = AXIS2_PLACEMENT_3D('',#925,#926,#927);
#925 = CARTESIAN_POINT('',(0.,0.,180.));
#926 = DIRECTION('',(0.,1.,0.));
#927 = DIRECTION('',(-0.847503706245,0.,0.530789476064));
#928 = ADVANCED_FACE('',(#929),#932,.T.);
#929 = FACE_BOUND('',#930,.T.);
#930 = EDGE_LOOP('',(#931));
#931 = ORIENTED_EDGE('',*,*,#899,.T.);
#932 = PLANE('',#933);
#933 = AXIS2_PLACEMENT_3D('',#934,#935,#936);
#934 = CARTESIAN_POINT('',(0.,16.,180.));
#935 = DIRECTION('',(0.,1.,0.));
#936 = DIRECTION('',(-0.847503706245,0.,0.530789476064));
#937 = ADVANCED_FACE('',(#938),#941,.F.);
#938 = FACE_BOUND('',#939,.T.);
#939 = EDGE_LOOP('',(#940));
#940 = ORIENTED_EDGE('',*,*,#916,.F.);
#941 = PLANE('',#942);
#942 = AXIS2_PLACEMENT_3D('',#943,#944,#945);
#943 = CARTESIAN_POINT('',(0.,0.,180.));
#944 = DIRECTION('',(0.,1.,0.));
#945 = DIRECTION('',(-0.847503706245,0.,0.530789476064));
#946 = MANIFOLD_SOLID_BREP('',#947);
#947 = CLOSED_SHELL('',(#948,#981,#990));
#948 = ADVANCED_FACE('',(#949),#976,.T.);
#949 = FACE_BOUND('',#950,.T.);
#950 = EDGE_LOOP('',(#951,#960,#968,#975));
#951 = ORIENTED_EDGE('',*,*,#952,.F.);
#952 = EDGE_CURVE('',#953,#953,#955,.T.);
#953 = VERTEX_POINT('',#954);
#954 = CARTESIAN_POINT('',(-8.475037062455,0.,185.30789476063));
#955 = CIRCLE('',#956,10.);
#956 = AXIS2_PLACEMENT_3D('',#957,#958,#959);
#957 = CARTESIAN_POINT('',(0.,0.,180.));
#958 = DIRECTION('',(0.,1.,-0.));
#959 = DIRECTION('',(-0.847503706245,0.,0.530789476064));
#960 = ORIENTED_EDGE('',*,*,#961,.F.);
#961 = EDGE_CURVE('',#962,#953,#964,.T.);
#962 = VERTEX_POINT('',#963);
#963 = CARTESIAN_POINT('',(-8.475037062455,-2.,185.30789476063));
#964 = LINE('',#965,#966);
#965 = CARTESIAN_POINT('',(-8.475037062455,-2.,185.30789476063));
#966 = VECTOR('',#967,1.);
#967 = DIRECTION('',(0.,1.,0.));
#968 = ORIENTED_EDGE('',*,*,#969,.T.);
#969 = EDGE_CURVE('',#962,#962,#970,.T.);
#970 = CIRCLE('',#971,10.);
#971 = AXIS2_PLACEMENT_3D('',#972,#973,#974);
#972 = CARTESIAN_POINT('',(0.,-2.,180.));
#973 = DIRECTION('',(0.,1.,-0.));
#974 = DIRECTION('',(-0.847503706245,0.,0.530789476064));
#975 = ORIENTED_EDGE('',*,*,#961,.T.);
#976 = CYLINDRICAL_SURFACE('',#977,10.);
#977 = AXIS2_PLACEMENT_3D('',#978,#979,#980);
#978 = CARTESIAN_POINT('',(0.,-2.,180.));
#979 = DIRECTION('',(0.,1.,0.));
#980 = DIRECTION('',(-0.847503706245,0.,0.530789476064));
#981 = ADVANCED_FACE('',(#982),#985,.T.);
#982 = FACE_BOUND('',#983,.T.);
#983 = EDGE_LOOP('',(#984));
#984 = ORIENTED_EDGE('',*,*,#952,.T.);
#985 = PLANE('',#986);
#986 = AXIS2_PLACEMENT_3D('',#987,#988,#989);
#987 = CARTESIAN_POINT('',(0.,0.,180.));
#988 = DIRECTION('',(0.,1.,0.));
#989 = DIRECTION('',(-0.847503706245,0.,0.530789476064));
#990 = ADVANCED_FACE('',(#991),#994,.F.);
#991 = FACE_BOUND('',#992,.T.);
#992 = EDGE_LOOP('',(#993));
#993 = ORIENTED_EDGE('',*,*,#969,.F.);
#994 = PLANE('',#995);
#995 = AXIS2_PLACEMENT_3D('',#996,#997,#998);
#996 = CARTESIAN_POINT('',(0.,-2.,180.));
#997 = DIRECTION('',(0.,1.,0.));
#998 = DIRECTION('',(-0.847503706245,0.,0.530789476064));
#999 = MANIFOLD_SOLID_BREP('',#1000);
#1000 = CLOSED_SHELL('',(#1001,#1034,#1043));
#1001 = ADVANCED_FACE('',(#1002),#1029,.T.);
#1002 = FACE_BOUND('',#1003,.T.);
#1003 = EDGE_LOOP('',(#1004,#1013,#1021,#1028));
#1004 = ORIENTED_EDGE('',*,*,#1005,.F.);
#1005 = EDGE_CURVE('',#1006,#1006,#1008,.T.);
#1006 = VERTEX_POINT('',#1007);
#1007 = CARTESIAN_POINT('',(25.067338913871,10.,235.09653818323));
#1008 = CIRCLE('',#1009,8.);
#1009 = AXIS2_PLACEMENT_3D('',#1010,#1011,#1012);
#1010 = CARTESIAN_POINT('',(31.847368563834,10.,230.85022237472));
#1011 = DIRECTION('',(0.530789476064,0.,0.847503706245));
#1012 = DIRECTION('',(-0.847503706245,0.,0.530789476064));
#1013 = ORIENTED_EDGE('',*,*,#1014,.F.);
#1014 = EDGE_CURVE('',#1015,#1006,#1017,.T.);
#1015 = VERTEX_POINT('',#1016);
#1016 = CARTESIAN_POINT('',(-6.780029649964,10.,184.24631580851));
#1017 = LINE('',#1018,#1019);
#1018 = CARTESIAN_POINT('',(-6.780029649964,10.,184.24631580851));
#1019 = VECTOR('',#1020,1.);
#1020 = DIRECTION('',(0.530789476064,0.,0.847503706245));
#1021 = ORIENTED_EDGE('',*,*,#1022,.T.);
#1022 = EDGE_CURVE('',#1015,#1015,#1023,.T.);
#1023 = CIRCLE('',#1024,8.);
#1024 = AXIS2_PLACEMENT_3D('',#1025,#1026,#1027);
#1025 = CARTESIAN_POINT('',(0.,10.,180.));
#1026 = DIRECTION('',(0.530789476064,0.,0.847503706245));
#1027 = DIRECTION('',(-0.847503706245,0.,0.530789476064));
#1028 = ORIENTED_EDGE('',*,*,#1014,.T.);
#1029 = CYLINDRICAL_SURFACE('',#1030,8.);
#1030 = AXIS2_PLACEMENT_3D('',#1031,#1032,#1033);
#1031 = CARTESIAN_POINT('',(0.,10.,180.));
#1032 = DIRECTION('',(0.530789476064,0.,0.847503706245));
#1033 = DIRECTION('',(-0.847503706245,0.,0.530789476064));
#1034 = ADVANCED_FACE('',(#1035),#1038,.T.);
#1035 = FACE_BOUND('',#1036,.T.);
#1036 = EDGE_LOOP('',(#1037));
#1037 = ORIENTED_EDGE('',*,*,#1005,.T.);
#1038 = PLANE('',#1039);
#1039 = AXIS2_PLACEMENT_3D('',#1040,#1041,#1042);
#1040 = CARTESIAN_POINT('',(31.847368563834,10.,230.85022237472));
#1041 = DIRECTION('',(0.530789476064,0.,0.847503706245));
#1042 = DIRECTION('',(-0.847503706245,0.,0.530789476064));
#1043 = ADVANCED_FACE('',(#1044),#1047,.F.);
#1044 = FACE_BOUND('',#1045,.T.);
#1045 = EDGE_LOOP('',(#1046));
#1046 = ORIENTED_EDGE('',*,*,#1022,.F.);
#1047 = PLANE('',#1048);
#1048 = AXIS2_PLACEMENT_3D('',#1049,#1050,#1051);
#1049 = CARTESIAN_POINT('',(0.,10.,180.));
#1050 = DIRECTION('',(0.530789476064,0.,0.847503706245));
#1051 = DIRECTION('',(-0.847503706245,0.,0.530789476064));
#1052 = MANIFOLD_SOLID_BREP('',#1053);
#1053 = CLOSED_SHELL('',(#1054,#1087,#1096));
#1054 = ADVANCED_FACE('',(#1055),#1082,.T.);
#1055 = FACE_BOUND('',#1056,.T.);
#1056 = EDGE_LOOP('',(#1057,#1066,#1074,#1081));
#1057 = ORIENTED_EDGE('',*,*,#1058,.F.);
#1058 = EDGE_CURVE('',#1059,#1059,#1061,.T.);
#1059 = VERTEX_POINT('',#1060);
#1060 = CARTESIAN_POINT('',(38.627398213798,-75.,226.60390656621));
#1061 = CIRCLE('',#1062,8.);
#1062 = AXIS2_PLACEMENT_3D('',#1063,#1064,#1065);
#1063 = CARTESIAN_POINT('',(31.847368563834,-75.,230.85022237472));
#1064 = DIRECTION('',(0.,-1.,0.));
#1065 = DIRECTION('',(0.847503706245,0.,-0.530789476064));
#1066 = ORIENTED_EDGE('',*,*,#1067,.F.);
#1067 = EDGE_CURVE('',#1068,#1059,#1070,.T.);
#1068 = VERTEX_POINT('',#1069);
#1069 = CARTESIAN_POINT('',(38.627398213798,10.,226.60390656621));
#1070 = LINE('',#1071,#1072);
#1071 = CARTESIAN_POINT('',(38.627398213798,10.,226.60390656621));
#1072 = VECTOR('',#1073,1.);
#1073 = DIRECTION('',(0.,-1.,0.));
#1074 = ORIENTED_EDGE('',*,*,#1075,.T.);
#1075 = EDGE_CURVE('',#1068,#1068,#1076,.T.);
#1076 = CIRCLE('',#1077,8.);
#1077 = AXIS2_PLACEMENT_3D('',#1078,#1079,#1080);
#1078 = CARTESIAN_POINT('',(31.847368563834,10.,230.85022237472));
#1079 = DIRECTION('',(0.,-1.,0.));
#1080 = DIRECTION('',(0.847503706245,0.,-0.530789476064));
#1081 = ORIENTED_EDGE('',*,*,#1067,.T.);
#1082 = CYLINDRICAL_SURFACE('',#1083,8.);
#1083 = AXIS2_PLACEMENT_3D('',#1084,#1085,#1086);
#1084 = CARTESIAN_POINT('',(31.847368563834,10.,230.85022237472));
#1085 = DIRECTION('',(0.,-1.,0.));
#1086 = DIRECTION('',(0.847503706245,0.,-0.530789476064));
#1087 = ADVANCED_FACE('',(#1088),#1091,.T.);
#1088 = FACE_BOUND('',#1089,.T.);
#1089 = EDGE_LOOP('',(#1090));
#1090 = ORIENTED_EDGE('',*,*,#1058,.T.);
#1091 = PLANE('',#1092);
#1092 = AXIS2_PLACEMENT_3D('',#1093,#1094,#1095);
#1093 = CARTESIAN_POINT('',(31.847368563834,-75.,230.85022237472));
#1094 = DIRECTION('',(0.,-1.,0.));
#1095 = DIRECTION('',(0.847503706245,0.,-0.530789476064));
#1096 = ADVANCED_FACE('',(#1097),#1100,.F.);
#1097 = FACE_BOUND('',#1098,.T.);
#1098 = EDGE_LOOP('',(#1099));
#1099 = ORIENTED_EDGE('',*,*,#1075,.F.);
#1100 = PLANE('',#1101);
#1101 = AXIS2_PLACEMENT_3D('',#1102,#1103,#1104);
#1102 = CARTESIAN_POINT('',(31.847368563834,10.,230.85022237472));
#1103 = DIRECTION('',(0.,-1.,0.));
#1104 = DIRECTION('',(0.847503706245,0.,-0.530789476064));
#1105 = MANIFOLD_SOLID_BREP('',#1106);
#1106 = CLOSED_SHELL('',(#1107,#1147,#1187,#1209,#1231,#1243));
#1107 = ADVANCED_FACE('',(#1108),#1142,.F.);
#1108 = FACE_BOUND('',#1109,.F.);
#1109 = EDGE_LOOP('',(#1110,#1120,#1128,#1136));
#1110 = ORIENTED_EDGE('',*,*,#1111,.F.);
#1111 = EDGE_CURVE('',#1112,#1114,#1116,.T.);
#1112 = VERTEX_POINT('',#1113);
#1113 = CARTESIAN_POINT('',(47.102435276253,-85.,221.29601180557));
#1114 = VERTEX_POINT('',#1115);
#1115 = CARTESIAN_POINT('',(16.592301851416,-85.,240.40443294387));
#1116 = LINE('',#1117,#1118);
#1117 = CARTESIAN_POINT('',(47.102435276253,-85.,221.29601180557));
#1118 = VECTOR('',#1119,1.);
#1119 = DIRECTION('',(-0.847503706245,0.,0.530789476064));
#1120 = ORIENTED_EDGE('',*,*,#1121,.T.);
#1121 = EDGE_CURVE('',#1112,#1122,#1124,.T.);
#1122 = VERTEX_POINT('',#1123);
#1123 = CARTESIAN_POINT('',(47.102435276253,-65.,221.29601180557));
#1124 = LINE('',#1125,#1126);
#1125 = CARTESIAN_POINT('',(47.102435276253,-85.,221.29601180557));
#1126 = VECTOR('',#1127,1.);
#1127 = DIRECTION('',(-0.,1.,0.));
#1128 = ORIENTED_EDGE('',*,*,#1129,.T.);
#1129 = EDGE_CURVE('',#1122,#1130,#1132,.T.);
#1130 = VERTEX_POINT('',#1131);
#1131 = CARTESIAN_POINT('',(16.592301851416,-65.,240.40443294387));
#1132 = LINE('',#1133,#1134);
#1133 = CARTESIAN_POINT('',(47.102435276253,-65.,221.29601180557));
#1134 = VECTOR('',#1135,1.);
#1135 = DIRECTION('',(-0.847503706245,0.,0.530789476064));
#1136 = ORIENTED_EDGE('',*,*,#1137,.F.);
#1137 = EDGE_CURVE('',#1114,#1130,#1138,.T.);
#1138 = LINE('',#1139,#1140);
#1139 = CARTESIAN_POINT('',(16.592301851416,-85.,240.40443294387));
#1140 = VECTOR('',#1141,1.);
#1141 = DIRECTION('',(-0.,1.,0.));
#1142 = PLANE('',#1143);
#1143 = AXIS2_PLACEMENT_3D('',#1144,#1145,#1146);
#1144 = CARTESIAN_POINT('',(47.102435276253,-85.,221.29601180557));
#1145 = DIRECTION('',(0.530789476064,0.,0.847503706245));
#1146 = DIRECTION('',(-0.847503706245,0.,0.530789476064));
#1147 = ADVANCED_FACE('',(#1148),#1182,.T.);
#1148 = FACE_BOUND('',#1149,.T.);
#1149 = EDGE_LOOP('',(#1150,#1160,#1168,#1176));
#1150 = ORIENTED_EDGE('',*,*,#1151,.F.);
#1151 = EDGE_CURVE('',#1152,#1154,#1156,.T.);
#1152 = VERTEX_POINT('',#1153);
#1153 = CARTESIAN_POINT('',(185.10769905286,-85.,441.6469754294));
#1154 = VERTEX_POINT('',#1155);
#1155 = CARTESIAN_POINT('',(154.59756562803,-85.,460.7553965677));
#1156 = LINE('',#1157,#1158);
#1157 = CARTESIAN_POINT('',(185.10769905286,-85.,441.6469754294));
#1158 = VECTOR('',#1159,1.);
#1159 = DIRECTION('',(-0.847503706245,0.,0.530789476064));
#1160 = ORIENTED_EDGE('',*,*,#1161,.T.);
#1161 = EDGE_CURVE('',#1152,#1162,#1164,.T.);
#1162 = VERTEX_POINT('',#1163);
#1163 = CARTESIAN_POINT('',(185.10769905286,-65.,441.6469754294));
#1164 = LINE('',#1165,#1166);
#1165 = CARTESIAN_POINT('',(185.10769905286,-85.,441.6469754294));
#1166 = VECTOR('',#1167,1.);
#1167 = DIRECTION('',(-0.,1.,0.));
#1168 = ORIENTED_EDGE('',*,*,#1169,.T.);
#1169 = EDGE_CURVE('',#1162,#1170,#1172,.T.);
#1170 = VERTEX_POINT('',#1171);
#1171 = CARTESIAN_POINT('',(154.59756562803,-65.,460.7553965677));
#1172 = LINE('',#1173,#1174);
#1173 = CARTESIAN_POINT('',(185.10769905286,-65.,441.6469754294));
#1174 = VECTOR('',#1175,1.);
#1175 = DIRECTION('',(-0.847503706245,0.,0.530789476064));
#1176 = ORIENTED_EDGE('',*,*,#1177,.F.);
#1177 = EDGE_CURVE('',#1154,#1170,#1178,.T.);
#1178 = LINE('',#1179,#1180);
#1179 = CARTESIAN_POINT('',(154.59756562803,-85.,460.7553965677));
#1180 = VECTOR('',#1181,1.);
#1181 = DIRECTION('',(-0.,1.,0.));
#1182 = PLANE('',#1183);
#1183 = AXIS2_PLACEMENT_3D('',#1184,#1185,#1186);
#1184 = CARTESIAN_POINT('',(185.10769905286,-85.,441.6469754294));
#1185 = DIRECTION('',(0.530789476064,0.,0.847503706245));
#1186 = DIRECTION('',(-0.847503706245,0.,0.530789476064));
#1187 = ADVANCED_FACE('',(#1188),#1204,.F.);
#1188 = FACE_BOUND('',#1189,.F.);
#1189 = EDGE_LOOP('',(#1190,#1196,#1197,#1203));
#1190 = ORIENTED_EDGE('',*,*,#1191,.F.);
#1191 = EDGE_CURVE('',#1112,#1152,#1192,.T.);
#1192 = LINE('',#1193,#1194);
#1193 = CARTESIAN_POINT('',(47.102435276253,-85.,221.29601180557));
#1194 = VECTOR('',#1195,1.);
#1195 = DIRECTION('',(0.530789476064,0.,0.847503706245));
#1196 = ORIENTED_EDGE('',*,*,#1111,.T.);
#1197 = ORIENTED_EDGE('',*,*,#1198,.T.);
#1198 = EDGE_CURVE('',#1114,#1154,#1199,.T.);
#1199 = LINE('',#1200,#1201);
#1200 = CARTESIAN_POINT('',(16.592301851416,-85.,240.40443294387));
#1201 = VECTOR('',#1202,1.);
#1202 = DIRECTION('',(0.530789476064,0.,0.847503706245));
#1203 = ORIENTED_EDGE('',*,*,#1151,.F.);
#1204 = PLANE('',#1205);
#1205 = AXIS2_PLACEMENT_3D('',#1206,#1207,#1208);
#1206 = CARTESIAN_POINT('',(47.102435276253,-85.,221.29601180557));
#1207 = DIRECTION('',(-0.,1.,0.));
#1208 = DIRECTION('',(-0.847503706245,0.,0.530789476064));
#1209 = ADVANCED_FACE('',(#1210),#1226,.T.);
#1210 = FACE_BOUND('',#1211,.T.);
#1211 = EDGE_LOOP('',(#1212,#1218,#1219,#1225));
#1212 = ORIENTED_EDGE('',*,*,#1213,.F.);
#1213 = EDGE_CURVE('',#1122,#1162,#1214,.T.);
#1214 = LINE('',#1215,#1216);
#1215 = CARTESIAN_POINT('',(47.102435276253,-65.,221.29601180557));
#1216 = VECTOR('',#1217,1.);
#1217 = DIRECTION('',(0.530789476064,0.,0.847503706245));
#1218 = ORIENTED_EDGE('',*,*,#1129,.T.);
#1219 = ORIENTED_EDGE('',*,*,#1220,.T.);
#1220 = EDGE_CURVE('',#1130,#1170,#1221,.T.);
#1221 = LINE('',#1222,#1223);
#1222 = CARTESIAN_POINT('',(16.592301851416,-65.,240.40443294387));
#1223 = VECTOR('',#1224,1.);
#1224 = DIRECTION('',(0.530789476064,0.,0.847503706245));
#1225 = ORIENTED_EDGE('',*,*,#1169,.F.);
#1226 = PLANE('',#1227);
#1227 = AXIS2_PLACEMENT_3D('',#1228,#1229,#1230);
#1228 = CARTESIAN_POINT('',(47.102435276253,-65.,221.29601180557));
#1229 = DIRECTION('',(-0.,1.,0.));
#1230 = DIRECTION('',(-0.847503706245,0.,0.530789476064));
#1231 = ADVANCED_FACE('',(#1232),#1238,.F.);
#1232 = FACE_BOUND('',#1233,.F.);
#1233 = EDGE_LOOP('',(#1234,#1235,#1236,#1237));
#1234 = ORIENTED_EDGE('',*,*,#1121,.F.);
#1235 = ORIENTED_EDGE('',*,*,#1191,.T.);
#1236 = ORIENTED_EDGE('',*,*,#1161,.T.);
#1237 = ORIENTED_EDGE('',*,*,#1213,.F.);
#1238 = PLANE('',#1239);
#1239 = AXIS2_PLACEMENT_3D('',#1240,#1241,#1242);
#1240 = CARTESIAN_POINT('',(47.102435276253,-85.,221.29601180557));
#1241 = DIRECTION('',(-0.847503706245,0.,0.530789476064));
#1242 = DIRECTION('',(0.530789476064,0.,0.847503706245));
#1243 = ADVANCED_FACE('',(#1244),#1250,.T.);
#1244 = FACE_BOUND('',#1245,.T.);
#1245 = EDGE_LOOP('',(#1246,#1247,#1248,#1249));
#1246 = ORIENTED_EDGE('',*,*,#1137,.F.);
#1247 = ORIENTED_EDGE('',*,*,#1198,.T.);
#1248 = ORIENTED_EDGE('',*,*,#1177,.T.);
#1249 = ORIENTED_EDGE('',*,*,#1220,.F.);
#1250 = PLANE('',#1251);
#1251 = AXIS2_PLACEMENT_3D('',#1252,#1253,#1254);
#1252 = CARTESIAN_POINT('',(16.592301851416,-85.,240.40443294387));
#1253 = DIRECTION('',(-0.847503706245,0.,0.530789476064));
#1254 = DIRECTION('',(0.530789476064,0.,0.847503706245));
#1255 = MANIFOLD_SOLID_BREP('',#1256);
#1256 = CLOSED_SHELL('',(#1257,#1290,#1299));
#1257 = ADVANCED_FACE('',(#1258),#1285,.T.);
#1258 = FACE_BOUND('',#1259,.T.);
#1259 = EDGE_LOOP('',(#1260,#1269,#1277,#1284));
#1260 = ORIENTED_EDGE('',*,*,#1261,.F.);
#1261 = EDGE_CURVE('',#1262,#1262,#1264,.T.);
#1262 = VERTEX_POINT('',#1263);
#1263 = CARTESIAN_POINT('',(133.40997297189,-52.,474.02513346929));
#1264 = CIRCLE('',#1265,43.);
#1265 = AXIS2_PLACEMENT_3D('',#1266,#1267,#1268);
#1266 = CARTESIAN_POINT('',(169.85263234044,-52.,451.20118599855));
#1267 = DIRECTION('',(0.,1.,-0.));
#1268 = DIRECTION('',(-0.847503706245,0.,0.530789476064));
#1269 = ORIENTED_EDGE('',*,*,#1270,.F.);
#1270 = EDGE_CURVE('',#1271,#1262,#1273,.T.);
#1271 = VERTEX_POINT('',#1272);
#1272 = CARTESIAN_POINT('',(133.40997297189,-85.,474.02513346929));
#1273 = LINE('',#1274,#1275);
#1274 = CARTESIAN_POINT('',(133.40997297189,-85.,474.02513346929));
#1275 = VECTOR('',#1276,1.);
#1276 = DIRECTION('',(0.,1.,0.));
#1277 = ORIENTED_EDGE('',*,*,#1278,.T.);
#1278 = EDGE_CURVE('',#1271,#1271,#1279,.T.);
#1279 = CIRCLE('',#1280,43.);
#1280 = AXIS2_PLACEMENT_3D('',#1281,#1282,#1283);
#1281 = CARTESIAN_POINT('',(169.85263234044,-85.,451.20118599855));
#1282 = DIRECTION('',(0.,1.,-0.));
#1283 = DIRECTION('',(-0.847503706245,0.,0.530789476064));
#1284 = ORIENTED_EDGE('',*,*,#1270,.T.);
#1285 = CYLINDRICAL_SURFACE('',#1286,43.);
#1286 = AXIS2_PLACEMENT_3D('',#1287,#1288,#1289);
#1287 = CARTESIAN_POINT('',(169.85263234044,-85.,451.20118599855));
#1288 = DIRECTION('',(0.,1.,0.));
#1289 = DIRECTION('',(-0.847503706245,0.,0.530789476064));
#1290 = ADVANCED_FACE('',(#1291),#1294,.T.);
#1291 = FACE_BOUND('',#1292,.T.);
#1292 = EDGE_LOOP('',(#1293));
#1293 = ORIENTED_EDGE('',*,*,#1261,.T.);
#1294 = PLANE('',#1295);
#1295 = AXIS2_PLACEMENT_3D('',#1296,#1297,#1298);
#1296 = CARTESIAN_POINT('',(169.85263234044,-52.,451.20118599855));
#1297 = DIRECTION('',(0.,1.,0.));
#1298 = DIRECTION('',(-0.847503706245,0.,0.530789476064));
#1299 = ADVANCED_FACE('',(#1300),#1303,.F.);
#1300 = FACE_BOUND('',#1301,.T.);
#1301 = EDGE_LOOP('',(#1302));
#1302 = ORIENTED_EDGE('',*,*,#1278,.F.);
#1303 = PLANE('',#1304);
#1304 = AXIS2_PLACEMENT_3D('',#1305,#1306,#1307);
#1305 = CARTESIAN_POINT('',(169.85263234044,-85.,451.20118599855));
#1306 = DIRECTION('',(0.,1.,0.));
#1307 = DIRECTION('',(-0.847503706245,0.,0.530789476064));
#1308 = MANIFOLD_SOLID_BREP('',#1309);
#1309 = CLOSED_SHELL('',(#1310,#1343,#1352));
#1310 = ADVANCED_FACE('',(#1311),#1338,.T.);
#1311 = FACE_BOUND('',#1312,.T.);
#1312 = EDGE_LOOP('',(#1313,#1322,#1330,#1337));
#1313 = ORIENTED_EDGE('',*,*,#1314,.F.);
#1314 = EDGE_CURVE('',#1315,#1315,#1317,.T.);
#1315 = VERTEX_POINT('',#1316);
#1316 = CARTESIAN_POINT('',(175.16468655752,80.,466.29363709155));
#1317 = CIRCLE('',#1318,16.);
#1318 = AXIS2_PLACEMENT_3D('',#1319,#1320,#1321);
#1319 = CARTESIAN_POINT('',(169.85263234045,80.,451.20118599855));
#1320 = DIRECTION('',(-0.,1.,0.));
#1321 = DIRECTION('',(0.332003388567,0.,0.943278193313));
#1322 = ORIENTED_EDGE('',*,*,#1323,.F.);
#1323 = EDGE_CURVE('',#1324,#1315,#1326,.T.);
#1324 = VERTEX_POINT('',#1325);
#1325 = CARTESIAN_POINT('',(175.16468655752,0.,466.29363709155));
#1326 = LINE('',#1327,#1328);
#1327 = CARTESIAN_POINT('',(175.16468655752,0.,466.29363709155));
#1328 = VECTOR('',#1329,1.);
#1329 = DIRECTION('',(0.,1.,0.));
#1330 = ORIENTED_EDGE('',*,*,#1331,.T.);
#1331 = EDGE_CURVE('',#1324,#1324,#1332,.T.);
#1332 = CIRCLE('',#1333,16.);
#1333 = AXIS2_PLACEMENT_3D('',#1334,#1335,#1336);
#1334 = CARTESIAN_POINT('',(169.85263234045,0.,451.20118599855));
#1335 = DIRECTION('',(-0.,1.,0.));
#1336 = DIRECTION('',(0.332003388567,0.,0.943278193313));
#1337 = ORIENTED_EDGE('',*,*,#1323,.T.);
#1338 = CYLINDRICAL_SURFACE('',#1339,16.);
#1339 = AXIS2_PLACEMENT_3D('',#1340,#1341,#1342);
#1340 = CARTESIAN_POINT('',(169.85263234045,0.,451.20118599855));
#1341 = DIRECTION('',(0.,1.,0.));
#1342 = DIRECTION('',(0.332003388567,0.,0.943278193313));
#1343 = ADVANCED_FACE('',(#1344),#1347,.T.);
#1344 = FACE_BOUND('',#1345,.T.);
#1345 = EDGE_LOOP('',(#1346));
#1346 = ORIENTED_EDGE('',*,*,#1314,.T.);
#1347 = PLANE('',#1348);
#1348 = AXIS2_PLACEMENT_3D('',#1349,#1350,#1351);
#1349 = CARTESIAN_POINT('',(169.85263234045,80.,451.20118599855));
#1350 = DIRECTION('',(0.,1.,0.));
#1351 = DIRECTION('',(0.332003388567,0.,0.943278193313));
#1352 = ADVANCED_FACE('',(#1353),#1356,.F.);
#1353 = FACE_BOUND('',#1354,.T.);
#1354 = EDGE_LOOP('',(#1355));
#1355 = ORIENTED_EDGE('',*,*,#1331,.F.);
#1356 = PLANE('',#1357);
#1357 = AXIS2_PLACEMENT_3D('',#1358,#1359,#1360);
#1358 = CARTESIAN_POINT('',(169.85263234045,0.,451.20118599855));
#1359 = DIRECTION('',(0.,1.,0.));
#1360 = DIRECTION('',(0.332003388567,0.,0.943278193313));
#1361 = MANIFOLD_SOLID_BREP('',#1362);
#1362 = CLOSED_SHELL('',(#1363,#1396,#1405));
#1363 = ADVANCED_FACE('',(#1364),#1391,.T.);
#1364 = FACE_BOUND('',#1365,.T.);
#1365 = EDGE_LOOP('',(#1366,#1375,#1383,#1390));
#1366 = ORIENTED_EDGE('',*,*,#1367,.F.);
#1367 = EDGE_CURVE('',#1368,#1368,#1370,.T.);
#1368 = VERTEX_POINT('',#1369);
#1369 = CARTESIAN_POINT('',(173.17266622612,0.,460.63396793168));
#1370 = CIRCLE('',#1371,10.);
#1371 = AXIS2_PLACEMENT_3D('',#1372,#1373,#1374);
#1372 = CARTESIAN_POINT('',(169.85263234045,0.,451.20118599855));
#1373 = DIRECTION('',(-0.,1.,0.));
#1374 = DIRECTION('',(0.332003388567,0.,0.943278193313));
#1375 = ORIENTED_EDGE('',*,*,#1376,.F.);
#1376 = EDGE_CURVE('',#1377,#1368,#1379,.T.);
#1377 = VERTEX_POINT('',#1378);
#1378 = CARTESIAN_POINT('',(173.17266622612,-2.,460.63396793168));
#1379 = LINE('',#1380,#1381);
#1380 = CARTESIAN_POINT('',(173.17266622612,-2.,460.63396793168));
#1381 = VECTOR('',#1382,1.);
#1382 = DIRECTION('',(0.,1.,0.));
#1383 = ORIENTED_EDGE('',*,*,#1384,.T.);
#1384 = EDGE_CURVE('',#1377,#1377,#1385,.T.);
#1385 = CIRCLE('',#1386,10.);
#1386 = AXIS2_PLACEMENT_3D('',#1387,#1388,#1389);
#1387 = CARTESIAN_POINT('',(169.85263234045,-2.,451.20118599855));
#1388 = DIRECTION('',(-0.,1.,0.));
#1389 = DIRECTION('',(0.332003388567,0.,0.943278193313));
#1390 = ORIENTED_EDGE('',*,*,#1376,.T.);
#1391 = CYLINDRICAL_SURFACE('',#1392,10.);
#1392 = AXIS2_PLACEMENT_3D('',#1393,#1394,#1395);
#1393 = CARTESIAN_POINT('',(169.85263234045,-2.,451.20118599855));
#1394 = DIRECTION('',(0.,1.,0.));
#1395 = DIRECTION('',(0.332003388567,0.,0.943278193313));
#1396 = ADVANCED_FACE('',(#1397),#1400,.T.);
#1397 = FACE_BOUND('',#1398,.T.);
#1398 = EDGE_LOOP('',(#1399));
#1399 = ORIENTED_EDGE('',*,*,#1367,.T.);
#1400 = PLANE('',#1401);
#1401 = AXIS2_PLACEMENT_3D('',#1402,#1403,#1404);
#1402 = CARTESIAN_POINT('',(169.85263234045,0.,451.20118599855));
#1403 = DIRECTION('',(0.,1.,0.));
#1404 = DIRECTION('',(0.332003388567,0.,0.943278193313));
#1405 = ADVANCED_FACE('',(#1406),#1409,.F.);
#1406 = FACE_BOUND('',#1407,.T.);
#1407 = EDGE_LOOP('',(#1408));
#1408 = ORIENTED_EDGE('',*,*,#1384,.F.);
#1409 = PLANE('',#1410);
#1410 = AXIS2_PLACEMENT_3D('',#1411,#1412,#1413);
#1411 = CARTESIAN_POINT('',(169.85263234045,-2.,451.20118599855));
#1412 = DIRECTION('',(0.,1.,0.));
#1413 = DIRECTION('',(0.332003388567,0.,0.943278193313));
#1414 = MANIFOLD_SOLID_BREP('',#1415);
#1415 = CLOSED_SHELL('',(#1416,#1456,#1496,#1518,#1540,#1552));
#1416 = ADVANCED_FACE('',(#1417),#1451,.F.);
#1417 = FACE_BOUND('',#1418,.F.);
#1418 = EDGE_LOOP('',(#1419,#1429,#1437,#1445));
#1419 = ORIENTED_EDGE('',*,*,#1420,.F.);
#1420 = EDGE_CURVE('',#1421,#1423,#1425,.T.);
#1421 = VERTEX_POINT('',#1422);
#1422 = CARTESIAN_POINT('',(163.87657134623,60.,434.22217851891));
#1423 = VERTEX_POINT('',#1424);
#1424 = CARTESIAN_POINT('',(175.82869333466,60.,468.18019347818));
#1425 = LINE('',#1426,#1427);
#1426 = CARTESIAN_POINT('',(163.87657134623,60.,434.22217851891));
#1427 = VECTOR('',#1428,1.);
#1428 = DIRECTION('',(0.332003388567,0.,0.943278193313));
#1429 = ORIENTED_EDGE('',*,*,#1430,.T.);
#1430 = EDGE_CURVE('',#1421,#1431,#1433,.T.);
#1431 = VERTEX_POINT('',#1432);
#1432 = CARTESIAN_POINT('',(163.87657134623,80.,434.22217851891));
#1433 = LINE('',#1434,#1435);
#1434 = CARTESIAN_POINT('',(163.87657134623,60.,434.22217851891));
#1435 = VECTOR('',#1436,1.);
#1436 = DIRECTION('',(0.,1.,0.));
#1437 = ORIENTED_EDGE('',*,*,#1438,.T.);
#1438 = EDGE_CURVE('',#1431,#1439,#1441,.T.);
#1439 = VERTEX_POINT('',#1440);
#1440 = CARTESIAN_POINT('',(175.82869333466,80.,468.18019347818));
#1441 = LINE('',#1442,#1443);
#1442 = CARTESIAN_POINT('',(163.87657134623,80.,434.22217851891));
#1443 = VECTOR('',#1444,1.);
#1444 = DIRECTION('',(0.332003388567,0.,0.943278193313));
#1445 = ORIENTED_EDGE('',*,*,#1446,.F.);
#1446 = EDGE_CURVE('',#1423,#1439,#1447,.T.);
#1447 = LINE('',#1448,#1449);
#1448 = CARTESIAN_POINT('',(175.82869333466,60.,468.18019347818));
#1449 = VECTOR('',#1450,1.);
#1450 = DIRECTION('',(0.,1.,0.));
#1451 = PLANE('',#1452);
#1452 = AXIS2_PLACEMENT_3D('',#1453,#1454,#1455);
#1453 = CARTESIAN_POINT('',(163.87657134623,60.,434.22217851891));
#1454 = DIRECTION('',(0.943278193313,0.,-0.332003388567));
#1455 = DIRECTION('',(0.332003388567,0.,0.943278193313));
#1456 = ADVANCED_FACE('',(#1457),#1491,.T.);
#1457 = FACE_BOUND('',#1458,.T.);
#1458 = EDGE_LOOP('',(#1459,#1469,#1477,#1485));
#1459 = ORIENTED_EDGE('',*,*,#1460,.F.);
#1460 = EDGE_CURVE('',#1461,#1463,#1465,.T.);
#1461 = VERTEX_POINT('',#1462);
#1462 = CARTESIAN_POINT('',(376.11416484166,60.,359.52141609127));
#1463 = VERTEX_POINT('',#1464);
#1464 = CARTESIAN_POINT('',(388.06628683008,60.,393.47943105054));
#1465 = LINE('',#1466,#1467);
#1466 = CARTESIAN_POINT('',(376.11416484166,60.,359.52141609127));
#1467 = VECTOR('',#1468,1.);
#1468 = DIRECTION('',(0.332003388567,0.,0.943278193313));
#1469 = ORIENTED_EDGE('',*,*,#1470,.T.);
#1470 = EDGE_CURVE('',#1461,#1471,#1473,.T.);
#1471 = VERTEX_POINT('',#1472);
#1472 = CARTESIAN_POINT('',(376.11416484166,80.,359.52141609127));
#1473 = LINE('',#1474,#1475);
#1474 = CARTESIAN_POINT('',(376.11416484166,60.,359.52141609127));
#1475 = VECTOR('',#1476,1.);
#1476 = DIRECTION('',(0.,1.,0.));
#1477 = ORIENTED_EDGE('',*,*,#1478,.T.);
#1478 = EDGE_CURVE('',#1471,#1479,#1481,.T.);
#1479 = VERTEX_POINT('',#1480);
#1480 = CARTESIAN_POINT('',(388.06628683008,80.,393.47943105054));
#1481 = LINE('',#1482,#1483);
#1482 = CARTESIAN_POINT('',(376.11416484166,80.,359.52141609127));
#1483 = VECTOR('',#1484,1.);
#1484 = DIRECTION('',(0.332003388567,0.,0.943278193313));
#1485 = ORIENTED_EDGE('',*,*,#1486,.F.);
#1486 = EDGE_CURVE('',#1463,#1479,#1487,.T.);
#1487 = LINE('',#1488,#1489);
#1488 = CARTESIAN_POINT('',(388.06628683008,60.,393.47943105054));
#1489 = VECTOR('',#1490,1.);
#1490 = DIRECTION('',(0.,1.,0.));
#1491 = PLANE('',#1492);
#1492 = AXIS2_PLACEMENT_3D('',#1493,#1494,#1495);
#1493 = CARTESIAN_POINT('',(376.11416484166,60.,359.52141609127));
#1494 = DIRECTION('',(0.943278193313,0.,-0.332003388567));
#1495 = DIRECTION('',(0.332003388567,0.,0.943278193313));
#1496 = ADVANCED_FACE('',(#1497),#1513,.F.);
#1497 = FACE_BOUND('',#1498,.F.);
#1498 = EDGE_LOOP('',(#1499,#1505,#1506,#1512));
#1499 = ORIENTED_EDGE('',*,*,#1500,.F.);
#1500 = EDGE_CURVE('',#1421,#1461,#1501,.T.);
#1501 = LINE('',#1502,#1503);
#1502 = CARTESIAN_POINT('',(163.87657134623,60.,434.22217851891));
#1503 = VECTOR('',#1504,1.);
#1504 = DIRECTION('',(0.943278193313,0.,-0.332003388567));
#1505 = ORIENTED_EDGE('',*,*,#1420,.T.);
#1506 = ORIENTED_EDGE('',*,*,#1507,.T.);
#1507 = EDGE_CURVE('',#1423,#1463,#1508,.T.);
#1508 = LINE('',#1509,#1510);
#1509 = CARTESIAN_POINT('',(175.82869333466,60.,468.18019347818));
#1510 = VECTOR('',#1511,1.);
#1511 = DIRECTION('',(0.943278193313,0.,-0.332003388567));
#1512 = ORIENTED_EDGE('',*,*,#1460,.F.);
#1513 = PLANE('',#1514);
#1514 = AXIS2_PLACEMENT_3D('',#1515,#1516,#1517);
#1515 = CARTESIAN_POINT('',(163.87657134623,60.,434.22217851891));
#1516 = DIRECTION('',(0.,1.,0.));
#1517 = DIRECTION('',(0.332003388567,0.,0.943278193313));
#1518 = ADVANCED_FACE('',(#1519),#1535,.T.);
#1519 = FACE_BOUND('',#1520,.T.);
#1520 = EDGE_LOOP('',(#1521,#1527,#1528,#1534));
#1521 = ORIENTED_EDGE('',*,*,#1522,.F.);
#1522 = EDGE_CURVE('',#1431,#1471,#1523,.T.);
#1523 = LINE('',#1524,#1525);
#1524 = CARTESIAN_POINT('',(163.87657134623,80.,434.22217851891));
#1525 = VECTOR('',#1526,1.);
#1526 = DIRECTION('',(0.943278193313,0.,-0.332003388567));
#1527 = ORIENTED_EDGE('',*,*,#1438,.T.);
#1528 = ORIENTED_EDGE('',*,*,#1529,.T.);
#1529 = EDGE_CURVE('',#1439,#1479,#1530,.T.);
#1530 = LINE('',#1531,#1532);
#1531 = CARTESIAN_POINT('',(175.82869333466,80.,468.18019347818));
#1532 = VECTOR('',#1533,1.);
#1533 = DIRECTION('',(0.943278193313,0.,-0.332003388567));
#1534 = ORIENTED_EDGE('',*,*,#1478,.F.);
#1535 = PLANE('',#1536);
#1536 = AXIS2_PLACEMENT_3D('',#1537,#1538,#1539);
#1537 = CARTESIAN_POINT('',(163.87657134623,80.,434.22217851891));
#1538 = DIRECTION('',(0.,1.,0.));
#1539 = DIRECTION('',(0.332003388567,0.,0.943278193313));
#1540 = ADVANCED_FACE('',(#1541),#1547,.F.);
#1541 = FACE_BOUND('',#1542,.F.);
#1542 = EDGE_LOOP('',(#1543,#1544,#1545,#1546));
#1543 = ORIENTED_EDGE('',*,*,#1430,.F.);
#1544 = ORIENTED_EDGE('',*,*,#1500,.T.);
#1545 = ORIENTED_EDGE('',*,*,#1470,.T.);
#1546 = ORIENTED_EDGE('',*,*,#1522,.F.);
#1547 = PLANE('',#1548);
#1548 = AXIS2_PLACEMENT_3D('',#1549,#1550,#1551);
#1549 = CARTESIAN_POINT('',(163.87657134623,60.,434.22217851891));
#1550 = DIRECTION('',(0.332003388567,0.,0.943278193313));
#1551 = DIRECTION('',(0.943278193313,0.,-0.332003388567));
#1552 = ADVANCED_FACE('',(#1553),#1559,.T.);
#1553 = FACE_BOUND('',#1554,.T.);
#1554 = EDGE_LOOP('',(#1555,#1556,#1557,#1558));
#1555 = ORIENTED_EDGE('',*,*,#1446,.F.);
#1556 = ORIENTED_EDGE('',*,*,#1507,.T.);
#1557 = ORIENTED_EDGE('',*,*,#1486,.T.);
#1558 = ORIENTED_EDGE('',*,*,#1529,.F.);
#1559 = PLANE('',#1560);
#1560 = AXIS2_PLACEMENT_3D('',#1561,#1562,#1563);
#1561 = CARTESIAN_POINT('',(175.82869333466,60.,468.18019347818));
#1562 = DIRECTION('',(0.332003388567,0.,0.943278193313));
#1563 = DIRECTION('',(0.943278193313,0.,-0.332003388567));
#1564 = MANIFOLD_SOLID_BREP('',#1565);
#1565 = CLOSED_SHELL('',(#1566,#1599,#1608));
#1566 = ADVANCED_FACE('',(#1567),#1594,.T.);
#1567 = FACE_BOUND('',#1568,.T.);
#1568 = EDGE_LOOP('',(#1569,#1578,#1586,#1593));
#1569 = ORIENTED_EDGE('',*,*,#1570,.F.);
#1570 = EDGE_CURVE('',#1571,#1571,#1573,.T.);
#1571 = VERTEX_POINT('',#1572);
#1572 = CARTESIAN_POINT('',(401.08276251083,70.,415.40136894053));
#1573 = CIRCLE('',#1574,43.);
#1574 = AXIS2_PLACEMENT_3D('',#1575,#1576,#1577);
#1575 = CARTESIAN_POINT('',(386.80661680244,70.,374.84040662807));
#1576 = DIRECTION('',(0.943278193313,0.,-0.332003388567));
#1577 = DIRECTION('',(0.332003388567,0.,0.943278193313));
#1578 = ORIENTED_EDGE('',*,*,#1579,.F.);
#1579 = EDGE_CURVE('',#1580,#1571,#1582,.T.);
#1580 = VERTEX_POINT('',#1581);
#1581 = CARTESIAN_POINT('',(393.53653696432,70.,418.05739604907));
#1582 = LINE('',#1583,#1584);
#1583 = CARTESIAN_POINT('',(393.53653696432,70.,418.05739604907));
#1584 = VECTOR('',#1585,1.);
#1585 = DIRECTION('',(0.943278193313,0.,-0.332003388567));
#1586 = ORIENTED_EDGE('',*,*,#1587,.T.);
#1587 = EDGE_CURVE('',#1580,#1580,#1588,.T.);
#1588 = CIRCLE('',#1589,43.);
#1589 = AXIS2_PLACEMENT_3D('',#1590,#1591,#1592);
#1590 = CARTESIAN_POINT('',(379.26039125593,70.,377.49643373661));
#1591 = DIRECTION('',(0.943278193313,0.,-0.332003388567));
#1592 = DIRECTION('',(0.332003388567,0.,0.943278193313));
#1593 = ORIENTED_EDGE('',*,*,#1579,.T.);
#1594 = CYLINDRICAL_SURFACE('',#1595,43.);
#1595 = AXIS2_PLACEMENT_3D('',#1596,#1597,#1598);
#1596 = CARTESIAN_POINT('',(379.26039125593,70.,377.49643373661));
#1597 = DIRECTION('',(0.943278193313,0.,-0.332003388567));
#1598 = DIRECTION('',(0.332003388567,0.,0.943278193313));
#1599 = ADVANCED_FACE('',(#1600),#1603,.T.);
#1600 = FACE_BOUND('',#1601,.T.);
#1601 = EDGE_LOOP('',(#1602));
#1602 = ORIENTED_EDGE('',*,*,#1570,.T.);
#1603 = PLANE('',#1604);
#1604 = AXIS2_PLACEMENT_3D('',#1605,#1606,#1607);
#1605 = CARTESIAN_POINT('',(386.80661680244,70.,374.84040662807));
#1606 = DIRECTION('',(0.943278193313,0.,-0.332003388567));
#1607 = DIRECTION('',(0.332003388567,0.,0.943278193313));
#1608 = ADVANCED_FACE('',(#1609),#1612,.F.);
#1609 = FACE_BOUND('',#1610,.T.);
#1610 = EDGE_LOOP('',(#1611));
#1611 = ORIENTED_EDGE('',*,*,#1587,.F.);
#1612 = PLANE('',#1613);
#1613 = AXIS2_PLACEMENT_3D('',#1614,#1615,#1616);
#1614 = CARTESIAN_POINT('',(379.26039125593,70.,377.49643373661));
#1615 = DIRECTION('',(0.943278193313,0.,-0.332003388567));
#1616 = DIRECTION('',(0.332003388567,0.,0.943278193313));
#1617 = MANIFOLD_SOLID_BREP('',#1618);
#1618 = CLOSED_SHELL('',(#1619,#1652,#1661));
#1619 = ADVANCED_FACE('',(#1620),#1647,.T.);
#1620 = FACE_BOUND('',#1621,.T.);
#1621 = EDGE_LOOP('',(#1622,#1631,#1639,#1646));
#1622 = ORIENTED_EDGE('',*,*,#1623,.F.);
#1623 = EDGE_CURVE('',#1624,#1624,#1626,.T.);
#1624 = VERTEX_POINT('',#1625);
#1625 = CARTESIAN_POINT('',(452.15647200298,70.,367.74136265946));
#1626 = CIRCLE('',#1627,15.);
#1627 = AXIS2_PLACEMENT_3D('',#1628,#1629,#1630);
#1628 = CARTESIAN_POINT('',(447.17642117447,70.,353.59218975976));
#1629 = DIRECTION('',(0.943278193313,0.,-0.332003388567));
#1630 = DIRECTION('',(0.332003388567,0.,0.943278193313));
#1631 = ORIENTED_EDGE('',*,*,#1632,.F.);
#1632 = EDGE_CURVE('',#1633,#1624,#1635,.T.);
#1633 = VERTEX_POINT('',#1634);
#1634 = CARTESIAN_POINT('',(440.83713368322,70.,371.72540332227));
#1635 = LINE('',#1636,#1637);
#1636 = CARTESIAN_POINT('',(440.83713368322,70.,371.72540332227));
#1637 = VECTOR('',#1638,1.);
#1638 = DIRECTION('',(0.943278193313,0.,-0.332003388567));
#1639 = ORIENTED_EDGE('',*,*,#1640,.T.);
#1640 = EDGE_CURVE('',#1633,#1633,#1641,.T.);
#1641 = CIRCLE('',#1642,15.);
#1642 = AXIS2_PLACEMENT_3D('',#1643,#1644,#1645);
#1643 = CARTESIAN_POINT('',(435.85708285471,70.,357.57623042257));
#1644 = DIRECTION('',(0.943278193313,0.,-0.332003388567));
#1645 = DIRECTION('',(0.332003388567,0.,0.943278193313));
#1646 = ORIENTED_EDGE('',*,*,#1632,.T.);
#1647 = CYLINDRICAL_SURFACE('',#1648,15.);
#1648 = AXIS2_PLACEMENT_3D('',#1649,#1650,#1651);
#1649 = CARTESIAN_POINT('',(435.85708285471,70.,357.57623042257));
#1650 = DIRECTION('',(0.943278193313,0.,-0.332003388567));
#1651 = DIRECTION('',(0.332003388567,0.,0.943278193313));
#1652 = ADVANCED_FACE('',(#1653),#1656,.T.);
#1653 = FACE_BOUND('',#1654,.T.);
#1654 = EDGE_LOOP('',(#1655));
#1655 = ORIENTED_EDGE('',*,*,#1623,.T.);
#1656 = PLANE('',#1657);
#1657 = AXIS2_PLACEMENT_3D('',#1658,#1659,#1660);
#1658 = CARTESIAN_POINT('',(447.17642117447,70.,353.59218975976));
#1659 = DIRECTION('',(0.943278193313,0.,-0.332003388567));
#1660 = DIRECTION('',(0.332003388567,0.,0.943278193313));
#1661 = ADVANCED_FACE('',(#1662),#1665,.F.);
#1662 = FACE_BOUND('',#1663,.T.);
#1663 = EDGE_LOOP('',(#1664));
#1664 = ORIENTED_EDGE('',*,*,#1640,.F.);
#1665 = PLANE('',#1666);
#1666 = AXIS2_PLACEMENT_3D('',#1667,#1668,#1669);
#1667 = CARTESIAN_POINT('',(435.85708285471,70.,357.57623042257));
#1668 = DIRECTION('',(0.943278193313,0.,-0.332003388567));
#1669 = DIRECTION('',(0.332003388567,0.,0.943278193313));
#1670 = MANIFOLD_SOLID_BREP('',#1671);
#1671 = CLOSED_SHELL('',(#1672,#1705,#1714));
#1672 = ADVANCED_FACE('',(#1673),#1700,.T.);
#1673 = FACE_BOUND('',#1674,.T.);
#1674 = EDGE_LOOP('',(#1675,#1684,#1692,#1699));
#1675 = ORIENTED_EDGE('',*,*,#1676,.F.);
#1676 = EDGE_CURVE('',#1677,#1677,#1679,.T.);
#1677 = VERTEX_POINT('',#1678);
#1678 = CARTESIAN_POINT('',(438.51310996325,70.,365.12245596907));
#1679 = CIRCLE('',#1680,8.);
#1680 = AXIS2_PLACEMENT_3D('',#1681,#1682,#1683);
#1681 = CARTESIAN_POINT('',(435.85708285471,70.,357.57623042257));
#1682 = DIRECTION('',(0.943278193313,0.,-0.332003388567));
#1683 = DIRECTION('',(0.332003388567,0.,0.943278193313));
#1684 = ORIENTED_EDGE('',*,*,#1685,.F.);
#1685 = EDGE_CURVE('',#1686,#1677,#1688,.T.);
#1686 = VERTEX_POINT('',#1687);
#1687 = CARTESIAN_POINT('',(436.62655357662,70.,365.78646274621));
#1688 = LINE('',#1689,#1690);
#1689 = CARTESIAN_POINT('',(436.62655357662,70.,365.78646274621));
#1690 = VECTOR('',#1691,1.);
#1691 = DIRECTION('',(0.943278193313,0.,-0.332003388567));
#1692 = ORIENTED_EDGE('',*,*,#1693,.T.);
#1693 = EDGE_CURVE('',#1686,#1686,#1694,.T.);
#1694 = CIRCLE('',#1695,8.);
#1695 = AXIS2_PLACEMENT_3D('',#1696,#1697,#1698);
#1696 = CARTESIAN_POINT('',(433.97052646809,70.,358.24023719971));
#1697 = DIRECTION('',(0.943278193313,0.,-0.332003388567));
#1698 = DIRECTION('',(0.332003388567,0.,0.943278193313));
#1699 = ORIENTED_EDGE('',*,*,#1685,.T.);
#1700 = CYLINDRICAL_SURFACE('',#1701,8.);
#1701 = AXIS2_PLACEMENT_3D('',#1702,#1703,#1704);
#1702 = CARTESIAN_POINT('',(433.97052646809,70.,358.24023719971));
#1703 = DIRECTION('',(0.943278193313,0.,-0.332003388567));
#1704 = DIRECTION('',(0.332003388567,0.,0.943278193313));
#1705 = ADVANCED_FACE('',(#1706),#1709,.T.);
#1706 = FACE_BOUND('',#1707,.T.);
#1707 = EDGE_LOOP('',(#1708));
#1708 = ORIENTED_EDGE('',*,*,#1676,.T.);
#1709 = PLANE('',#1710);
#1710 = AXIS2_PLACEMENT_3D('',#1711,#1712,#1713);
#1711 = CARTESIAN_POINT('',(435.85708285471,70.,357.57623042257));
#1712 = DIRECTION('',(0.943278193313,0.,-0.332003388567));
#1713 = DIRECTION('',(0.332003388567,0.,0.943278193313));
#1714 = ADVANCED_FACE('',(#1715),#1718,.F.);
#1715 = FACE_BOUND('',#1716,.T.);
#1716 = EDGE_LOOP('',(#1717));
#1717 = ORIENTED_EDGE('',*,*,#1693,.F.);
#1718 = PLANE('',#1719);
#1719 = AXIS2_PLACEMENT_3D('',#1720,#1721,#1722);
#1720 = CARTESIAN_POINT('',(433.97052646809,70.,358.24023719971));
#1721 = DIRECTION('',(0.943278193313,0.,-0.332003388567));
#1722 = DIRECTION('',(0.332003388567,0.,0.943278193313));
#1723 = MANIFOLD_SOLID_BREP('',#1724);
#1724 = CLOSED_SHELL('',(#1725,#1758,#1767));
#1725 = ADVANCED_FACE('',(#1726),#1753,.T.);
#1726 = FACE_BOUND('',#1727,.T.);
#1727 = EDGE_LOOP('',(#1728,#1737,#1745,#1752));
#1728 = ORIENTED_EDGE('',*,*,#1729,.F.);
#1729 = EDGE_CURVE('',#1730,#1730,#1732,.T.);
#1730 = VERTEX_POINT('',#1731);
#1731 = CARTESIAN_POINT('',(441.41128806981,-38.,349.26053415415));
#1732 = CIRCLE('',#1733,6.);
#1733 = AXIS2_PLACEMENT_3D('',#1734,#1735,#1736);
#1734 = CARTESIAN_POINT('',(443.40330840122,-38.,354.92020331403));
#1735 = DIRECTION('',(0.,-1.,-0.));
#1736 = DIRECTION('',(-0.332003388567,0.,-0.943278193313));
#1737 = ORIENTED_EDGE('',*,*,#1738,.F.);
#1738 = EDGE_CURVE('',#1739,#1730,#1741,.T.);
#1739 = VERTEX_POINT('',#1740);
#1740 = CARTESIAN_POINT('',(441.41128806981,70.,349.26053415415));
#1741 = LINE('',#1742,#1743);
#1742 = CARTESIAN_POINT('',(441.41128806981,70.,349.26053415415));
#1743 = VECTOR('',#1744,1.);
#1744 = DIRECTION('',(0.,-1.,0.));
#1745 = ORIENTED_EDGE('',*,*,#1746,.T.);
#1746 = EDGE_CURVE('',#1739,#1739,#1747,.T.);
#1747 = CIRCLE('',#1748,6.);
#1748 = AXIS2_PLACEMENT_3D('',#1749,#1750,#1751);
#1749 = CARTESIAN_POINT('',(443.40330840122,70.,354.92020331403));
#1750 = DIRECTION('',(0.,-1.,-0.));
#1751 = DIRECTION('',(-0.332003388567,0.,-0.943278193313));
#1752 = ORIENTED_EDGE('',*,*,#1738,.T.);
#1753 = CYLINDRICAL_SURFACE('',#1754,6.);
#1754 = AXIS2_PLACEMENT_3D('',#1755,#1756,#1757);
#1755 = CARTESIAN_POINT('',(443.40330840122,70.,354.92020331403));
#1756 = DIRECTION('',(0.,-1.,0.));
#1757 = DIRECTION('',(-0.332003388567,0.,-0.943278193313));
#1758 = ADVANCED_FACE('',(#1759),#1762,.T.);
#1759 = FACE_BOUND('',#1760,.T.);
#1760 = EDGE_LOOP('',(#1761));
#1761 = ORIENTED_EDGE('',*,*,#1729,.T.);
#1762 = PLANE('',#1763);
#1763 = AXIS2_PLACEMENT_3D('',#1764,#1765,#1766);
#1764 = CARTESIAN_POINT('',(443.40330840122,-38.,354.92020331403));
#1765 = DIRECTION('',(0.,-1.,0.));
#1766 = DIRECTION('',(-0.332003388567,0.,-0.943278193313));
#1767 = ADVANCED_FACE('',(#1768),#1771,.F.);
#1768 = FACE_BOUND('',#1769,.T.);
#1769 = EDGE_LOOP('',(#1770));
#1770 = ORIENTED_EDGE('',*,*,#1746,.F.);
#1771 = PLANE('',#1772);
#1772 = AXIS2_PLACEMENT_3D('',#1773,#1774,#1775);
#1773 = CARTESIAN_POINT('',(443.40330840122,70.,354.92020331403));
#1774 = DIRECTION('',(0.,-1.,0.));
#1775 = DIRECTION('',(-0.332003388567,0.,-0.943278193313));
#1776 = MANIFOLD_SOLID_BREP('',#1777);
#1777 = CLOSED_SHELL('',(#1778,#1811,#1820));
#1778 = ADVANCED_FACE('',(#1779),#1806,.T.);
#1779 = FACE_BOUND('',#1780,.T.);
#1780 = EDGE_LOOP('',(#1781,#1790,#1798,#1805));
#1781 = ORIENTED_EDGE('',*,*,#1782,.F.);
#1782 = EDGE_CURVE('',#1783,#1783,#1785,.T.);
#1783 = VERTEX_POINT('',#1784);
#1784 = CARTESIAN_POINT('',(501.9920203314,-38.,340.65966915987));
#1785 = CIRCLE('',#1786,6.);
#1786 = AXIS2_PLACEMENT_3D('',#1787,#1788,#1789);
#1787 = CARTESIAN_POINT('',(500.,-38.,335.));
#1788 = DIRECTION('',(0.943278193313,0.,-0.332003388567));
#1789 = DIRECTION('',(0.332003388567,0.,0.943278193313));
#1790 = ORIENTED_EDGE('',*,*,#1791,.F.);
#1791 = EDGE_CURVE('',#1792,#1783,#1794,.T.);
#1792 = VERTEX_POINT('',#1793);
#1793 = CARTESIAN_POINT('',(445.39532873262,-38.,360.57987247391));
#1794 = LINE('',#1795,#1796);
#1795 = CARTESIAN_POINT('',(445.39532873262,-38.,360.57987247391));
#1796 = VECTOR('',#1797,1.);
#1797 = DIRECTION('',(0.943278193313,0.,-0.332003388567));
#1798 = ORIENTED_EDGE('',*,*,#1799,.T.);
#1799 = EDGE_CURVE('',#1792,#1792,#1800,.T.);
#1800 = CIRCLE('',#1801,6.);
#1801 = AXIS2_PLACEMENT_3D('',#1802,#1803,#1804);
#1802 = CARTESIAN_POINT('',(443.40330840122,-38.,354.92020331403));
#1803 = DIRECTION('',(0.943278193313,0.,-0.332003388567));
#1804 = DIRECTION('',(0.332003388567,0.,0.943278193313));
#1805 = ORIENTED_EDGE('',*,*,#1791,.T.);
#1806 = CYLINDRICAL_SURFACE('',#1807,6.);
#1807 = AXIS2_PLACEMENT_3D('',#1808,#1809,#1810);
#1808 = CARTESIAN_POINT('',(443.40330840122,-38.,354.92020331403));
#1809 = DIRECTION('',(0.943278193313,0.,-0.332003388567));
#1810 = DIRECTION('',(0.332003388567,0.,0.943278193313));
#1811 = ADVANCED_FACE('',(#1812),#1815,.T.);
#1812 = FACE_BOUND('',#1813,.T.);
#1813 = EDGE_LOOP('',(#1814));
#1814 = ORIENTED_EDGE('',*,*,#1782,.T.);
#1815 = PLANE('',#1816);
#1816 = AXIS2_PLACEMENT_3D('',#1817,#1818,#1819);
#1817 = CARTESIAN_POINT('',(500.,-38.,335.));
#1818 = DIRECTION('',(0.943278193313,0.,-0.332003388567));
#1819 = DIRECTION('',(0.332003388567,0.,0.943278193313));
#1820 = ADVANCED_FACE('',(#1821),#1824,.F.);
#1821 = FACE_BOUND('',#1822,.T.);
#1822 = EDGE_LOOP('',(#1823));
#1823 = ORIENTED_EDGE('',*,*,#1799,.F.);
#1824 = PLANE('',#1825);
#1825 = AXIS2_PLACEMENT_3D('',#1826,#1827,#1828);
#1826 = CARTESIAN_POINT('',(443.40330840122,-38.,354.92020331403));
#1827 = DIRECTION('',(0.943278193313,0.,-0.332003388567));
#1828 = DIRECTION('',(0.332003388567,0.,0.943278193313));
#1829 = MANIFOLD_SOLID_BREP('',#1830);
#1830 = CLOSED_SHELL('',(#1831,#1864,#1873));
#1831 = ADVANCED_FACE('',(#1832),#1859,.T.);
#1832 = FACE_BOUND('',#1833,.T.);
#1833 = EDGE_LOOP('',(#1834,#1843,#1851,#1858));
#1834 = ORIENTED_EDGE('',*,*,#1835,.F.);
#1835 = EDGE_CURVE('',#1836,#1836,#1838,.T.);
#1836 = VERTEX_POINT('',#1837);
#1837 = CARTESIAN_POINT('',(514.27614570839,-30.,375.56096231245));
#1838 = CIRCLE('',#1839,43.);
#1839 = AXIS2_PLACEMENT_3D('',#1840,#1841,#1842);
#1840 = CARTESIAN_POINT('',(500.,-30.,335.));
#1841 = DIRECTION('',(-0.,1.,0.));
#1842 = DIRECTION('',(0.332003388567,0.,0.943278193313));
#1843 = ORIENTED_EDGE('',*,*,#1844,.F.);
#1844 = EDGE_CURVE('',#1845,#1836,#1847,.T.);
#1845 = VERTEX_POINT('',#1846);
#1846 = CARTESIAN_POINT('',(514.27614570839,-38.,375.56096231245));
#1847 = LINE('',#1848,#1849);
#1848 = CARTESIAN_POINT('',(514.27614570839,-38.,375.56096231245));
#1849 = VECTOR('',#1850,1.);
#1850 = DIRECTION('',(0.,1.,0.));
#1851 = ORIENTED_EDGE('',*,*,#1852,.T.);
#1852 = EDGE_CURVE('',#1845,#1845,#1853,.T.);
#1853 = CIRCLE('',#1854,43.);
#1854 = AXIS2_PLACEMENT_3D('',#1855,#1856,#1857);
#1855 = CARTESIAN_POINT('',(500.,-38.,335.));
#1856 = DIRECTION('',(-0.,1.,0.));
#1857 = DIRECTION('',(0.332003388567,0.,0.943278193313));
#1858 = ORIENTED_EDGE('',*,*,#1844,.T.);
#1859 = CYLINDRICAL_SURFACE('',#1860,43.);
#1860 = AXIS2_PLACEMENT_3D('',#1861,#1862,#1863);
#1861 = CARTESIAN_POINT('',(500.,-38.,335.));
#1862 = DIRECTION('',(0.,1.,0.));
#1863 = DIRECTION('',(0.332003388567,0.,0.943278193313));
#1864 = ADVANCED_FACE('',(#1865),#1868,.T.);
#1865 = FACE_BOUND('',#1866,.T.);
#1866 = EDGE_LOOP('',(#1867));
#1867 = ORIENTED_EDGE('',*,*,#1835,.T.);
#1868 = PLANE('',#1869);
#1869 = AXIS2_PLACEMENT_3D('',#1870,#1871,#1872);
#1870 = CARTESIAN_POINT('',(500.,-30.,335.));
#1871 = DIRECTION('',(0.,1.,0.));
#1872 = DIRECTION('',(0.332003388567,0.,0.943278193313));
#1873 = ADVANCED_FACE('',(#1874),#1877,.F.);
#1874 = FACE_BOUND('',#1875,.T.);
#1875 = EDGE_LOOP('',(#1876));
#1876 = ORIENTED_EDGE('',*,*,#1852,.F.);
#1877 = PLANE('',#1878);
#1878 = AXIS2_PLACEMENT_3D('',#1879,#1880,#1881);
#1879 = CARTESIAN_POINT('',(500.,-38.,335.));
#1880 = DIRECTION('',(0.,1.,0.));
#1881 = DIRECTION('',(0.332003388567,0.,0.943278193313));
#1882 = MANIFOLD_SOLID_BREP('',#1883);
#1883 = CLOSED_SHELL('',(#1884,#1917,#1926));
#1884 = ADVANCED_FACE('',(#1885),#1912,.T.);
#1885 = FACE_BOUND('',#1886,.T.);
#1886 = EDGE_LOOP('',(#1887,#1896,#1904,#1911));
#1887 = ORIENTED_EDGE('',*,*,#1888,.F.);
#1888 = EDGE_CURVE('',#1889,#1889,#1891,.T.);
#1889 = VERTEX_POINT('',#1890);
#1890 = CARTESIAN_POINT('',(510.,25.,335.));
#1891 = CIRCLE('',#1892,10.);
#1892 = AXIS2_PLACEMENT_3D('',#1893,#1894,#1895);
#1893 = CARTESIAN_POINT('',(500.,25.,335.));
#1894 = DIRECTION('',(0.,1.,0.));
#1895 = DIRECTION('',(1.,0.,-1.33226762955E-15));
#1896 = ORIENTED_EDGE('',*,*,#1897,.F.);
#1897 = EDGE_CURVE('',#1898,#1889,#1900,.T.);
#1898 = VERTEX_POINT('',#1899);
#1899 = CARTESIAN_POINT('',(510.,22.,335.));
#1900 = LINE('',#1901,#1902);
#1901 = CARTESIAN_POINT('',(510.,22.,335.));
#1902 = VECTOR('',#1903,1.);
#1903 = DIRECTION('',(0.,1.,0.));
#1904 = ORIENTED_EDGE('',*,*,#1905,.T.);
#1905 = EDGE_CURVE('',#1898,#1898,#1906,.T.);
#1906 = CIRCLE('',#1907,10.);
#1907 = AXIS2_PLACEMENT_3D('',#1908,#1909,#1910);
#1908 = CARTESIAN_POINT('',(500.,22.,335.));
#1909 = DIRECTION('',(0.,1.,0.));
#1910 = DIRECTION('',(1.,0.,-1.33226762955E-15));
#1911 = ORIENTED_EDGE('',*,*,#1897,.T.);
#1912 = CYLINDRICAL_SURFACE('',#1913,10.);
#1913 = AXIS2_PLACEMENT_3D('',#1914,#1915,#1916);
#1914 = CARTESIAN_POINT('',(500.,22.,335.));
#1915 = DIRECTION('',(0.,1.,0.));
#1916 = DIRECTION('',(1.,0.,-1.33226762955E-15));
#1917 = ADVANCED_FACE('',(#1918),#1921,.T.);
#1918 = FACE_BOUND('',#1919,.T.);
#1919 = EDGE_LOOP('',(#1920));
#1920 = ORIENTED_EDGE('',*,*,#1888,.T.);
#1921 = PLANE('',#1922);
#1922 = AXIS2_PLACEMENT_3D('',#1923,#1924,#1925);
#1923 = CARTESIAN_POINT('',(500.,25.,335.));
#1924 = DIRECTION('',(0.,1.,0.));
#1925 = DIRECTION('',(1.,0.,-1.33226762955E-15));
#1926 = ADVANCED_FACE('',(#1927),#1930,.F.);
#1927 = FACE_BOUND('',#1928,.T.);
#1928 = EDGE_LOOP('',(#1929));
#1929 = ORIENTED_EDGE('',*,*,#1905,.F.);
#1930 = PLANE('',#1931);
#1931 = AXIS2_PLACEMENT_3D('',#1932,#1933,#1934);
#1932 = CARTESIAN_POINT('',(500.,22.,335.));
#1933 = DIRECTION('',(0.,1.,0.));
#1934 = DIRECTION('',(1.,0.,-1.33226762955E-15));
#1935 = MANIFOLD_SOLID_BREP('',#1936);
#1936 = CLOSED_SHELL('',(#1937,#1970,#1979));
#1937 = ADVANCED_FACE('',(#1938),#1965,.T.);
#1938 = FACE_BOUND('',#1939,.T.);
#1939 = EDGE_LOOP('',(#1940,#1949,#1957,#1964));
#1940 = ORIENTED_EDGE('',*,*,#1941,.F.);
#1941 = EDGE_CURVE('',#1942,#1942,#1944,.T.);
#1942 = VERTEX_POINT('',#1943);
#1943 = CARTESIAN_POINT('',(508.,22.,335.));
#1944 = CIRCLE('',#1945,8.);
#1945 = AXIS2_PLACEMENT_3D('',#1946,#1947,#1948);
#1946 = CARTESIAN_POINT('',(500.,22.,335.));
#1947 = DIRECTION('',(0.,1.,0.));
#1948 = DIRECTION('',(1.,0.,-1.33226762955E-15));
#1949 = ORIENTED_EDGE('',*,*,#1950,.F.);
#1950 = EDGE_CURVE('',#1951,#1942,#1953,.T.);
#1951 = VERTEX_POINT('',#1952);
#1952 = CARTESIAN_POINT('',(508.,20.,335.));
#1953 = LINE('',#1954,#1955);
#1954 = CARTESIAN_POINT('',(508.,20.,335.));
#1955 = VECTOR('',#1956,1.);
#1956 = DIRECTION('',(0.,1.,0.));
#1957 = ORIENTED_EDGE('',*,*,#1958,.T.);
#1958 = EDGE_CURVE('',#1951,#1951,#1959,.T.);
#1959 = CIRCLE('',#1960,8.);
#1960 = AXIS2_PLACEMENT_3D('',#1961,#1962,#1963);
#1961 = CARTESIAN_POINT('',(500.,20.,335.));
#1962 = DIRECTION('',(0.,1.,0.));
#1963 = DIRECTION('',(1.,0.,-1.33226762955E-15));
#1964 = ORIENTED_EDGE('',*,*,#1950,.T.);
#1965 = CYLINDRICAL_SURFACE('',#1966,8.);
#1966 = AXIS2_PLACEMENT_3D('',#1967,#1968,#1969);
#1967 = CARTESIAN_POINT('',(500.,20.,335.));
#1968 = DIRECTION('',(0.,1.,0.));
#1969 = DIRECTION('',(1.,0.,-1.33226762955E-15));
#1970 = ADVANCED_FACE('',(#1971),#1974,.T.);
#1971 = FACE_BOUND('',#1972,.T.);
#1972 = EDGE_LOOP('',(#1973));
#1973 = ORIENTED_EDGE('',*,*,#1941,.T.);
#1974 = PLANE('',#1975);
#1975 = AXIS2_PLACEMENT_3D('',#1976,#1977,#1978);
#1976 = CARTESIAN_POINT('',(500.,22.,335.));
#1977 = DIRECTION('',(0.,1.,0.));
#1978 = DIRECTION('',(1.,0.,-1.33226762955E-15));
#1979 = ADVANCED_FACE('',(#1980),#1983,.F.);
#1980 = FACE_BOUND('',#1981,.T.);
#1981 = EDGE_LOOP('',(#1982));
#1982 = ORIENTED_EDGE('',*,*,#1958,.F.);
#1983 = PLANE('',#1984);
#1984 = AXIS2_PLACEMENT_3D('',#1985,#1986,#1987);
#1985 = CARTESIAN_POINT('',(500.,20.,335.));
#1986 = DIRECTION('',(0.,1.,0.));
#1987 = DIRECTION('',(1.,0.,-1.33226762955E-15));
#1988 = MANIFOLD_SOLID_BREP('',#1989);
#1989 = CLOSED_SHELL('',(#1990,#2030,#2070,#2092,#2114,#2126));
#1990 = ADVANCED_FACE('',(#1991),#2025,.F.);
#1991 = FACE_BOUND('',#1992,.F.);
#1992 = EDGE_LOOP('',(#1993,#2003,#2011,#2019));
#1993 = ORIENTED_EDGE('',*,*,#1994,.F.);
#1994 = EDGE_CURVE('',#1995,#1997,#1999,.T.);
#1995 = VERTEX_POINT('',#1996);
#1996 = CARTESIAN_POINT('',(488.,22.,362.));
#1997 = VERTEX_POINT('',#1998);
#1998 = CARTESIAN_POINT('',(512.,22.,362.));
#1999 = LINE('',#2000,#2001);
#2000 = CARTESIAN_POINT('',(488.,22.,362.));
#2001 = VECTOR('',#2002,1.);
#2002 = DIRECTION('',(1.,0.,-1.33226762955E-15));
#2003 = ORIENTED_EDGE('',*,*,#2004,.T.);
#2004 = EDGE_CURVE('',#1995,#2005,#2007,.T.);
#2005 = VERTEX_POINT('',#2006);
#2006 = CARTESIAN_POINT('',(488.,25.,362.));
#2007 = LINE('',#2008,#2009);
#2008 = CARTESIAN_POINT('',(488.,22.,362.));
#2009 = VECTOR('',#2010,1.);
#2010 = DIRECTION('',(0.,1.,0.));
#2011 = ORIENTED_EDGE('',*,*,#2012,.T.);
#2012 = EDGE_CURVE('',#2005,#2013,#2015,.T.);
#2013 = VERTEX_POINT('',#2014);
#2014 = CARTESIAN_POINT('',(512.,25.,362.));
#2015 = LINE('',#2016,#2017);
#2016 = CARTESIAN_POINT('',(488.,25.,362.));
#2017 = VECTOR('',#2018,1.);
#2018 = DIRECTION('',(1.,0.,-1.33226762955E-15));
#2019 = ORIENTED_EDGE('',*,*,#2020,.F.);
#2020 = EDGE_CURVE('',#1997,#2013,#2021,.T.);
#2021 = LINE('',#2022,#2023);
#2022 = CARTESIAN_POINT('',(512.,22.,362.));
#2023 = VECTOR('',#2024,1.);
#2024 = DIRECTION('',(0.,1.,0.));
#2025 = PLANE('',#2026);
#2026 = AXIS2_PLACEMENT_3D('',#2027,#2028,#2029);
#2027 = CARTESIAN_POINT('',(488.,22.,362.));
#2028 = DIRECTION('',(-1.33226762955E-15,0.,-1.));
#2029 = DIRECTION('',(1.,0.,-1.33226762955E-15));
#2030 = ADVANCED_FACE('',(#2031),#2065,.T.);
#2031 = FACE_BOUND('',#2032,.T.);
#2032 = EDGE_LOOP('',(#2033,#2043,#2051,#2059));
#2033 = ORIENTED_EDGE('',*,*,#2034,.F.);
#2034 = EDGE_CURVE('',#2035,#2037,#2039,.T.);
#2035 = VERTEX_POINT('',#2036);
#2036 = CARTESIAN_POINT('',(488.,22.,325.));
#2037 = VERTEX_POINT('',#2038);
#2038 = CARTESIAN_POINT('',(512.,22.,325.));
#2039 = LINE('',#2040,#2041);
#2040 = CARTESIAN_POINT('',(488.,22.,325.));
#2041 = VECTOR('',#2042,1.);
#2042 = DIRECTION('',(1.,0.,-1.33226762955E-15));
#2043 = ORIENTED_EDGE('',*,*,#2044,.T.);
#2044 = EDGE_CURVE('',#2035,#2045,#2047,.T.);
#2045 = VERTEX_POINT('',#2046);
#2046 = CARTESIAN_POINT('',(488.,25.,325.));
#2047 = LINE('',#2048,#2049);
#2048 = CARTESIAN_POINT('',(488.,22.,325.));
#2049 = VECTOR('',#2050,1.);
#2050 = DIRECTION('',(0.,1.,0.));
#2051 = ORIENTED_EDGE('',*,*,#2052,.T.);
#2052 = EDGE_CURVE('',#2045,#2053,#2055,.T.);
#2053 = VERTEX_POINT('',#2054);
#2054 = CARTESIAN_POINT('',(512.,25.,325.));
#2055 = LINE('',#2056,#2057);
#2056 = CARTESIAN_POINT('',(488.,25.,325.));
#2057 = VECTOR('',#2058,1.);
#2058 = DIRECTION('',(1.,0.,-1.33226762955E-15));
#2059 = ORIENTED_EDGE('',*,*,#2060,.F.);
#2060 = EDGE_CURVE('',#2037,#2053,#2061,.T.);
#2061 = LINE('',#2062,#2063);
#2062 = CARTESIAN_POINT('',(512.,22.,325.));
#2063 = VECTOR('',#2064,1.);
#2064 = DIRECTION('',(0.,1.,0.));
#2065 = PLANE('',#2066);
#2066 = AXIS2_PLACEMENT_3D('',#2067,#2068,#2069);
#2067 = CARTESIAN_POINT('',(488.,22.,325.));
#2068 = DIRECTION('',(-1.33226762955E-15,0.,-1.));
#2069 = DIRECTION('',(1.,0.,-1.33226762955E-15));
#2070 = ADVANCED_FACE('',(#2071),#2087,.F.);
#2071 = FACE_BOUND('',#2072,.F.);
#2072 = EDGE_LOOP('',(#2073,#2079,#2080,#2086));
#2073 = ORIENTED_EDGE('',*,*,#2074,.F.);
#2074 = EDGE_CURVE('',#1995,#2035,#2075,.T.);
#2075 = LINE('',#2076,#2077);
#2076 = CARTESIAN_POINT('',(488.,22.,362.));
#2077 = VECTOR('',#2078,1.);
#2078 = DIRECTION('',(-1.33226762955E-15,0.,-1.));
#2079 = ORIENTED_EDGE('',*,*,#1994,.T.);
#2080 = ORIENTED_EDGE('',*,*,#2081,.T.);
#2081 = EDGE_CURVE('',#1997,#2037,#2082,.T.);
#2082 = LINE('',#2083,#2084);
#2083 = CARTESIAN_POINT('',(512.,22.,362.));
#2084 = VECTOR('',#2085,1.);
#2085 = DIRECTION('',(-1.33226762955E-15,0.,-1.));
#2086 = ORIENTED_EDGE('',*,*,#2034,.F.);
#2087 = PLANE('',#2088);
#2088 = AXIS2_PLACEMENT_3D('',#2089,#2090,#2091);
#2089 = CARTESIAN_POINT('',(488.,22.,362.));
#2090 = DIRECTION('',(0.,1.,0.));
#2091 = DIRECTION('',(1.,0.,-1.33226762955E-15));
#2092 = ADVANCED_FACE('',(#2093),#2109,.T.);
#2093 = FACE_BOUND('',#2094,.T.);
#2094 = EDGE_LOOP('',(#2095,#2101,#2102,#2108));
#2095 = ORIENTED_EDGE('',*,*,#2096,.F.);
#2096 = EDGE_CURVE('',#2005,#2045,#2097,.T.);
#2097 = LINE('',#2098,#2099);
#2098 = CARTESIAN_POINT('',(488.,25.,362.));
#2099 = VECTOR('',#2100,1.);
#2100 = DIRECTION('',(-1.33226762955E-15,0.,-1.));
#2101 = ORIENTED_EDGE('',*,*,#2012,.T.);
#2102 = ORIENTED_EDGE('',*,*,#2103,.T.);
#2103 = EDGE_CURVE('',#2013,#2053,#2104,.T.);
#2104 = LINE('',#2105,#2106);
#2105 = CARTESIAN_POINT('',(512.,25.,362.));
#2106 = VECTOR('',#2107,1.);
#2107 = DIRECTION('',(-1.33226762955E-15,0.,-1.));
#2108 = ORIENTED_EDGE('',*,*,#2052,.F.);
#2109 = PLANE('',#2110);
#2110 = AXIS2_PLACEMENT_3D('',#2111,#2112,#2113);
#2111 = CARTESIAN_POINT('',(488.,25.,362.));
#2112 = DIRECTION('',(0.,1.,0.));
#2113 = DIRECTION('',(1.,0.,-1.33226762955E-15));
#2114 = ADVANCED_FACE('',(#2115),#2121,.F.);
#2115 = FACE_BOUND('',#2116,.F.);
#2116 = EDGE_LOOP('',(#2117,#2118,#2119,#2120));
#2117 = ORIENTED_EDGE('',*,*,#2004,.F.);
#2118 = ORIENTED_EDGE('',*,*,#2074,.T.);
#2119 = ORIENTED_EDGE('',*,*,#2044,.T.);
#2120 = ORIENTED_EDGE('',*,*,#2096,.F.);
#2121 = PLANE('',#2122);
#2122 = AXIS2_PLACEMENT_3D('',#2123,#2124,#2125);
#2123 = CARTESIAN_POINT('',(488.,22.,362.));
#2124 = DIRECTION('',(1.,0.,-1.33226762955E-15));
#2125 = DIRECTION('',(-1.33226762955E-15,0.,-1.));
#2126 = ADVANCED_FACE('',(#2127),#2133,.T.);
#2127 = FACE_BOUND('',#2128,.T.);
#2128 = EDGE_LOOP('',(#2129,#2130,#2131,#2132));
#2129 = ORIENTED_EDGE('',*,*,#2020,.F.);
#2130 = ORIENTED_EDGE('',*,*,#2081,.T.);
#2131 = ORIENTED_EDGE('',*,*,#2060,.T.);
#2132 = ORIENTED_EDGE('',*,*,#2103,.F.);
#2133 = PLANE('',#2134);
#2134 = AXIS2_PLACEMENT_3D('',#2135,#2136,#2137);
#2135 = CARTESIAN_POINT('',(512.,22.,362.));
#2136 = DIRECTION('',(1.,0.,-1.33226762955E-15));
#2137 = DIRECTION('',(-1.33226762955E-15,0.,-1.));
#2138 = MANIFOLD_SOLID_BREP('',#2139);
#2139 = CLOSED_SHELL('',(#2140,#2180,#2220,#2242,#2264,#2276));
#2140 = ADVANCED_FACE('',(#2141),#2175,.F.);
#2141 = FACE_BOUND('',#2142,.F.);
#2142 = EDGE_LOOP('',(#2143,#2153,#2161,#2169));
#2143 = ORIENTED_EDGE('',*,*,#2144,.F.);
#2144 = EDGE_CURVE('',#2145,#2147,#2149,.T.);
#2145 = VERTEX_POINT('',#2146);
#2146 = CARTESIAN_POINT('',(488.,22.,362.));
#2147 = VERTEX_POINT('',#2148);
#2148 = CARTESIAN_POINT('',(512.,22.,362.));
#2149 = LINE('',#2150,#2151);
#2150 = CARTESIAN_POINT('',(488.,22.,362.));
#2151 = VECTOR('',#2152,1.);
#2152 = DIRECTION('',(1.,0.,-1.33226762955E-15));
#2153 = ORIENTED_EDGE('',*,*,#2154,.T.);
#2154 = EDGE_CURVE('',#2145,#2155,#2157,.T.);
#2155 = VERTEX_POINT('',#2156);
#2156 = CARTESIAN_POINT('',(488.,70.,362.));
#2157 = LINE('',#2158,#2159);
#2158 = CARTESIAN_POINT('',(488.,22.,362.));
#2159 = VECTOR('',#2160,1.);
#2160 = DIRECTION('',(0.,1.,0.));
#2161 = ORIENTED_EDGE('',*,*,#2162,.T.);
#2162 = EDGE_CURVE('',#2155,#2163,#2165,.T.);
#2163 = VERTEX_POINT('',#2164);
#2164 = CARTESIAN_POINT('',(512.,70.,362.));
#2165 = LINE('',#2166,#2167);
#2166 = CARTESIAN_POINT('',(488.,70.,362.));
#2167 = VECTOR('',#2168,1.);
#2168 = DIRECTION('',(1.,0.,-1.33226762955E-15));
#2169 = ORIENTED_EDGE('',*,*,#2170,.F.);
#2170 = EDGE_CURVE('',#2147,#2163,#2171,.T.);
#2171 = LINE('',#2172,#2173);
#2172 = CARTESIAN_POINT('',(512.,22.,362.));
#2173 = VECTOR('',#2174,1.);
#2174 = DIRECTION('',(0.,1.,0.));
#2175 = PLANE('',#2176);
#2176 = AXIS2_PLACEMENT_3D('',#2177,#2178,#2179);
#2177 = CARTESIAN_POINT('',(488.,22.,362.));
#2178 = DIRECTION('',(-1.33226762955E-15,0.,-1.));
#2179 = DIRECTION('',(1.,0.,-1.33226762955E-15));
#2180 = ADVANCED_FACE('',(#2181),#2215,.T.);
#2181 = FACE_BOUND('',#2182,.T.);
#2182 = EDGE_LOOP('',(#2183,#2193,#2201,#2209));
#2183 = ORIENTED_EDGE('',*,*,#2184,.F.);
#2184 = EDGE_CURVE('',#2185,#2187,#2189,.T.);
#2185 = VERTEX_POINT('',#2186);
#2186 = CARTESIAN_POINT('',(488.,22.,356.));
#2187 = VERTEX_POINT('',#2188);
#2188 = CARTESIAN_POINT('',(512.,22.,356.));
#2189 = LINE('',#2190,#2191);
#2190 = CARTESIAN_POINT('',(488.,22.,356.));
#2191 = VECTOR('',#2192,1.);
#2192 = DIRECTION('',(1.,0.,-1.33226762955E-15));
#2193 = ORIENTED_EDGE('',*,*,#2194,.T.);
#2194 = EDGE_CURVE('',#2185,#2195,#2197,.T.);
#2195 = VERTEX_POINT('',#2196);
#2196 = CARTESIAN_POINT('',(488.,70.,356.));
#2197 = LINE('',#2198,#2199);
#2198 = CARTESIAN_POINT('',(488.,22.,356.));
#2199 = VECTOR('',#2200,1.);
#2200 = DIRECTION('',(0.,1.,0.));
#2201 = ORIENTED_EDGE('',*,*,#2202,.T.);
#2202 = EDGE_CURVE('',#2195,#2203,#2205,.T.);
#2203 = VERTEX_POINT('',#2204);
#2204 = CARTESIAN_POINT('',(512.,70.,356.));
#2205 = LINE('',#2206,#2207);
#2206 = CARTESIAN_POINT('',(488.,70.,356.));
#2207 = VECTOR('',#2208,1.);
#2208 = DIRECTION('',(1.,0.,-1.33226762955E-15));
#2209 = ORIENTED_EDGE('',*,*,#2210,.F.);
#2210 = EDGE_CURVE('',#2187,#2203,#2211,.T.);
#2211 = LINE('',#2212,#2213);
#2212 = CARTESIAN_POINT('',(512.,22.,356.));
#2213 = VECTOR('',#2214,1.);
#2214 = DIRECTION('',(0.,1.,0.));
#2215 = PLANE('',#2216);
#2216 = AXIS2_PLACEMENT_3D('',#2217,#2218,#2219);
#2217 = CARTESIAN_POINT('',(488.,22.,356.));
#2218 = DIRECTION('',(-1.33226762955E-15,0.,-1.));
#2219 = DIRECTION('',(1.,0.,-1.33226762955E-15));
#2220 = ADVANCED_FACE('',(#2221),#2237,.F.);
#2221 = FACE_BOUND('',#2222,.F.);
#2222 = EDGE_LOOP('',(#2223,#2229,#2230,#2236));
#2223 = ORIENTED_EDGE('',*,*,#2224,.F.);
#2224 = EDGE_CURVE('',#2145,#2185,#2225,.T.);
#2225 = LINE('',#2226,#2227);
#2226 = CARTESIAN_POINT('',(488.,22.,362.));
#2227 = VECTOR('',#2228,1.);
#2228 = DIRECTION('',(-1.33226762955E-15,0.,-1.));
#2229 = ORIENTED_EDGE('',*,*,#2144,.T.);
#2230 = ORIENTED_EDGE('',*,*,#2231,.T.);
#2231 = EDGE_CURVE('',#2147,#2187,#2232,.T.);
#2232 = LINE('',#2233,#2234);
#2233 = CARTESIAN_POINT('',(512.,22.,362.));
#2234 = VECTOR('',#2235,1.);
#2235 = DIRECTION('',(-1.33226762955E-15,0.,-1.));
#2236 = ORIENTED_EDGE('',*,*,#2184,.F.);
#2237 = PLANE('',#2238);
#2238 = AXIS2_PLACEMENT_3D('',#2239,#2240,#2241);
#2239 = CARTESIAN_POINT('',(488.,22.,362.));
#2240 = DIRECTION('',(0.,1.,0.));
#2241 = DIRECTION('',(1.,0.,-1.33226762955E-15));
#2242 = ADVANCED_FACE('',(#2243),#2259,.T.);
#2243 = FACE_BOUND('',#2244,.T.);
#2244 = EDGE_LOOP('',(#2245,#2251,#2252,#2258));
#2245 = ORIENTED_EDGE('',*,*,#2246,.F.);
#2246 = EDGE_CURVE('',#2155,#2195,#2247,.T.);
#2247 = LINE('',#2248,#2249);
#2248 = CARTESIAN_POINT('',(488.,70.,362.));
#2249 = VECTOR('',#2250,1.);
#2250 = DIRECTION('',(-1.33226762955E-15,0.,-1.));
#2251 = ORIENTED_EDGE('',*,*,#2162,.T.);
#2252 = ORIENTED_EDGE('',*,*,#2253,.T.);
#2253 = EDGE_CURVE('',#2163,#2203,#2254,.T.);
#2254 = LINE('',#2255,#2256);
#2255 = CARTESIAN_POINT('',(512.,70.,362.));
#2256 = VECTOR('',#2257,1.);
#2257 = DIRECTION('',(-1.33226762955E-15,0.,-1.));
#2258 = ORIENTED_EDGE('',*,*,#2202,.F.);
#2259 = PLANE('',#2260);
#2260 = AXIS2_PLACEMENT_3D('',#2261,#2262,#2263);
#2261 = CARTESIAN_POINT('',(488.,70.,362.));
#2262 = DIRECTION('',(0.,1.,0.));
#2263 = DIRECTION('',(1.,0.,-1.33226762955E-15));
#2264 = ADVANCED_FACE('',(#2265),#2271,.F.);
#2265 = FACE_BOUND('',#2266,.F.);
#2266 = EDGE_LOOP('',(#2267,#2268,#2269,#2270));
#2267 = ORIENTED_EDGE('',*,*,#2154,.F.);
#2268 = ORIENTED_EDGE('',*,*,#2224,.T.);
#2269 = ORIENTED_EDGE('',*,*,#2194,.T.);
#2270 = ORIENTED_EDGE('',*,*,#2246,.F.);
#2271 = PLANE('',#2272);
#2272 = AXIS2_PLACEMENT_3D('',#2273,#2274,#2275);
#2273 = CARTESIAN_POINT('',(488.,22.,362.));
#2274 = DIRECTION('',(1.,0.,-1.33226762955E-15));
#2275 = DIRECTION('',(-1.33226762955E-15,0.,-1.));
#2276 = ADVANCED_FACE('',(#2277),#2283,.T.);
#2277 = FACE_BOUND('',#2278,.T.);
#2278 = EDGE_LOOP('',(#2279,#2280,#2281,#2282));
#2279 = ORIENTED_EDGE('',*,*,#2170,.F.);
#2280 = ORIENTED_EDGE('',*,*,#2231,.T.);
#2281 = ORIENTED_EDGE('',*,*,#2210,.T.);
#2282 = ORIENTED_EDGE('',*,*,#2253,.F.);
#2283 = PLANE('',#2284);
#2284 = AXIS2_PLACEMENT_3D('',#2285,#2286,#2287);
#2285 = CARTESIAN_POINT('',(512.,22.,362.));
#2286 = DIRECTION('',(1.,0.,-1.33226762955E-15));
#2287 = DIRECTION('',(-1.33226762955E-15,0.,-1.));
#2288 = MANIFOLD_SOLID_BREP('',#2289);
#2289 = CLOSED_SHELL('',(#2290,#2323,#2332));
#2290 = ADVANCED_FACE('',(#2291),#2318,.T.);
#2291 = FACE_BOUND('',#2292,.T.);
#2292 = EDGE_LOOP('',(#2293,#2302,#2310,#2317));
#2293 = ORIENTED_EDGE('',*,*,#2294,.F.);
#2294 = EDGE_CURVE('',#2295,#2295,#2297,.T.);
#2295 = VERTEX_POINT('',#2296);
#2296 = CARTESIAN_POINT('',(543.,70.,350.));
#2297 = CIRCLE('',#2298,43.);
#2298 = AXIS2_PLACEMENT_3D('',#2299,#2300,#2301);
#2299 = CARTESIAN_POINT('',(500.,70.,350.));
#2300 = DIRECTION('',(-1.33226762955E-15,0.,-1.));
#2301 = DIRECTION('',(1.,0.,-1.33226762955E-15));
#2302 = ORIENTED_EDGE('',*,*,#2303,.F.);
#2303 = EDGE_CURVE('',#2304,#2295,#2306,.T.);
#2304 = VERTEX_POINT('',#2305);
#2305 = CARTESIAN_POINT('',(543.,70.,356.));
#2306 = LINE('',#2307,#2308);
#2307 = CARTESIAN_POINT('',(543.,70.,356.));
#2308 = VECTOR('',#2309,1.);
#2309 = DIRECTION('',(-1.33226762955E-15,0.,-1.));
#2310 = ORIENTED_EDGE('',*,*,#2311,.T.);
#2311 = EDGE_CURVE('',#2304,#2304,#2312,.T.);
#2312 = CIRCLE('',#2313,43.);
#2313 = AXIS2_PLACEMENT_3D('',#2314,#2315,#2316);
#2314 = CARTESIAN_POINT('',(500.,70.,356.));
#2315 = DIRECTION('',(-1.33226762955E-15,0.,-1.));
#2316 = DIRECTION('',(1.,0.,-1.33226762955E-15));
#2317 = ORIENTED_EDGE('',*,*,#2303,.T.);
#2318 = CYLINDRICAL_SURFACE('',#2319,43.);
#2319 = AXIS2_PLACEMENT_3D('',#2320,#2321,#2322);
#2320 = CARTESIAN_POINT('',(500.,70.,356.));
#2321 = DIRECTION('',(-1.33226762955E-15,0.,-1.));
#2322 = DIRECTION('',(1.,0.,-1.33226762955E-15));
#2323 = ADVANCED_FACE('',(#2324),#2327,.T.);
#2324 = FACE_BOUND('',#2325,.T.);
#2325 = EDGE_LOOP('',(#2326));
#2326 = ORIENTED_EDGE('',*,*,#2294,.T.);
#2327 = PLANE('',#2328);
#2328 = AXIS2_PLACEMENT_3D('',#2329,#2330,#2331);
#2329 = CARTESIAN_POINT('',(500.,70.,350.));
#2330 = DIRECTION('',(-1.33226762955E-15,0.,-1.));
#2331 = DIRECTION('',(1.,0.,-1.33226762955E-15));
#2332 = ADVANCED_FACE('',(#2333),#2336,.F.);
#2333 = FACE_BOUND('',#2334,.T.);
#2334 = EDGE_LOOP('',(#2335));
#2335 = ORIENTED_EDGE('',*,*,#2311,.F.);
#2336 = PLANE('',#2337);
#2337 = AXIS2_PLACEMENT_3D('',#2338,#2339,#2340);
#2338 = CARTESIAN_POINT('',(500.,70.,356.));
#2339 = DIRECTION('',(-1.33226762955E-15,0.,-1.));
#2340 = DIRECTION('',(1.,0.,-1.33226762955E-15));
#2341 = MANIFOLD_SOLID_BREP('',#2342);
#2342 = CLOSED_SHELL('',(#2343,#2376,#2385));
#2343 = ADVANCED_FACE('',(#2344),#2371,.T.);
#2344 = FACE_BOUND('',#2345,.T.);
#2345 = EDGE_LOOP('',(#2346,#2355,#2363,#2370));
#2346 = ORIENTED_EDGE('',*,*,#2347,.F.);
#2347 = EDGE_CURVE('',#2348,#2348,#2350,.T.);
#2348 = VERTEX_POINT('',#2349);
#2349 = CARTESIAN_POINT('',(528.,70.,294.));
#2350 = CIRCLE('',#2351,28.);
#2351 = AXIS2_PLACEMENT_3D('',#2352,#2353,#2354);
#2352 = CARTESIAN_POINT('',(500.,70.,294.));
#2353 = DIRECTION('',(-1.33226762955E-15,0.,-1.));
#2354 = DIRECTION('',(1.,0.,-1.33226762955E-15));
#2355 = ORIENTED_EDGE('',*,*,#2356,.F.);
#2356 = EDGE_CURVE('',#2357,#2348,#2359,.T.);
#2357 = VERTEX_POINT('',#2358);
#2358 = CARTESIAN_POINT('',(528.,70.,300.));
#2359 = LINE('',#2360,#2361);
#2360 = CARTESIAN_POINT('',(528.,70.,300.));
#2361 = VECTOR('',#2362,1.);
#2362 = DIRECTION('',(-1.33226762955E-15,0.,-1.));
#2363 = ORIENTED_EDGE('',*,*,#2364,.T.);
#2364 = EDGE_CURVE('',#2357,#2357,#2365,.T.);
#2365 = CIRCLE('',#2366,28.);
#2366 = AXIS2_PLACEMENT_3D('',#2367,#2368,#2369);
#2367 = CARTESIAN_POINT('',(500.,70.,300.));
#2368 = DIRECTION('',(-1.33226762955E-15,0.,-1.));
#2369 = DIRECTION('',(1.,0.,-1.33226762955E-15));
#2370 = ORIENTED_EDGE('',*,*,#2356,.T.);
#2371 = CYLINDRICAL_SURFACE('',#2372,28.);
#2372 = AXIS2_PLACEMENT_3D('',#2373,#2374,#2375);
#2373 = CARTESIAN_POINT('',(500.,70.,300.));
#2374 = DIRECTION('',(-1.33226762955E-15,0.,-1.));
#2375 = DIRECTION('',(1.,0.,-1.33226762955E-15));
#2376 = ADVANCED_FACE('',(#2377),#2380,.T.);
#2377 = FACE_BOUND('',#2378,.T.);
#2378 = EDGE_LOOP('',(#2379));
#2379 = ORIENTED_EDGE('',*,*,#2347,.T.);
#2380 = PLANE('',#2381);
#2381 = AXIS2_PLACEMENT_3D('',#2382,#2383,#2384);
#2382 = CARTESIAN_POINT('',(500.,70.,294.));
#2383 = DIRECTION('',(-1.33226762955E-15,0.,-1.));
#2384 = DIRECTION('',(1.,0.,-1.33226762955E-15));
#2385 = ADVANCED_FACE('',(#2386),#2389,.F.);
#2386 = FACE_BOUND('',#2387,.T.);
#2387 = EDGE_LOOP('',(#2388));
#2388 = ORIENTED_EDGE('',*,*,#2364,.F.);
#2389 = PLANE('',#2390);
#2390 = AXIS2_PLACEMENT_3D('',#2391,#2392,#2393);
#2391 = CARTESIAN_POINT('',(500.,70.,300.));
#2392 = DIRECTION('',(-1.33226762955E-15,0.,-1.));
#2393 = DIRECTION('',(1.,0.,-1.33226762955E-15));
#2394 = MANIFOLD_SOLID_BREP('',#2395);
#2395 = CLOSED_SHELL('',(#2396,#2429,#2438));
#2396 = ADVANCED_FACE('',(#2397),#2424,.T.);
#2397 = FACE_BOUND('',#2398,.T.);
#2398 = EDGE_LOOP('',(#2399,#2408,#2416,#2423));
#2399 = ORIENTED_EDGE('',*,*,#2400,.F.);
#2400 = EDGE_CURVE('',#2401,#2401,#2403,.T.);
#2401 = VERTEX_POINT('',#2402);
#2402 = CARTESIAN_POINT('',(510.,70.,210.));
#2403 = CIRCLE('',#2404,10.);
#2404 = AXIS2_PLACEMENT_3D('',#2405,#2406,#2407);
#2405 = CARTESIAN_POINT('',(500.,70.,210.));
#2406 = DIRECTION('',(-1.33226762955E-15,0.,-1.));
#2407 = DIRECTION('',(1.,0.,-1.33226762955E-15));
#2408 = ORIENTED_EDGE('',*,*,#2409,.F.);
#2409 = EDGE_CURVE('',#2410,#2401,#2412,.T.);
#2410 = VERTEX_POINT('',#2411);
#2411 = CARTESIAN_POINT('',(510.,70.,294.));
#2412 = LINE('',#2413,#2414);
#2413 = CARTESIAN_POINT('',(510.,70.,294.));
#2414 = VECTOR('',#2415,1.);
#2415 = DIRECTION('',(-1.33226762955E-15,0.,-1.));
#2416 = ORIENTED_EDGE('',*,*,#2417,.T.);
#2417 = EDGE_CURVE('',#2410,#2410,#2418,.T.);
#2418 = CIRCLE('',#2419,10.);
#2419 = AXIS2_PLACEMENT_3D('',#2420,#2421,#2422);
#2420 = CARTESIAN_POINT('',(500.,70.,294.));
#2421 = DIRECTION('',(-1.33226762955E-15,0.,-1.));
#2422 = DIRECTION('',(1.,0.,-1.33226762955E-15));
#2423 = ORIENTED_EDGE('',*,*,#2409,.T.);
#2424 = CYLINDRICAL_SURFACE('',#2425,10.);
#2425 = AXIS2_PLACEMENT_3D('',#2426,#2427,#2428);
#2426 = CARTESIAN_POINT('',(500.,70.,294.));
#2427 = DIRECTION('',(-1.33226762955E-15,0.,-1.));
#2428 = DIRECTION('',(1.,0.,-1.33226762955E-15));
#2429 = ADVANCED_FACE('',(#2430),#2433,.T.);
#2430 = FACE_BOUND('',#2431,.T.);
#2431 = EDGE_LOOP('',(#2432));
#2432 = ORIENTED_EDGE('',*,*,#2400,.T.);
#2433 = PLANE('',#2434);
#2434 = AXIS2_PLACEMENT_3D('',#2435,#2436,#2437);
#2435 = CARTESIAN_POINT('',(500.,70.,210.));
#2436 = DIRECTION('',(-1.33226762955E-15,0.,-1.));
#2437 = DIRECTION('',(1.,0.,-1.33226762955E-15));
#2438 = ADVANCED_FACE('',(#2439),#2442,.F.);
#2439 = FACE_BOUND('',#2440,.T.);
#2440 = EDGE_LOOP('',(#2441));
#2441 = ORIENTED_EDGE('',*,*,#2417,.F.);
#2442 = PLANE('',#2443);
#2443 = AXIS2_PLACEMENT_3D('',#2444,#2445,#2446);
#2444 = CARTESIAN_POINT('',(500.,70.,294.));
#2445 = DIRECTION('',(-1.33226762955E-15,0.,-1.));
#2446 = DIRECTION('',(1.,0.,-1.33226762955E-15));
#2447 = ( GEOMETRIC_REPRESENTATION_CONTEXT(3) 
GLOBAL_UNCERTAINTY_ASSIGNED_CONTEXT((#2451)) 
GLOBAL_UNIT_ASSIGNED_CONTEXT((#2448,#2449,#2450)) REPRESENTATION_CONTEXT
('Context #1','3D Context with UNIT and UNCERTAINTY') );
#2448 = ( LENGTH_UNIT() NAMED_UNIT(*) SI_UNIT(.MILLI.,.METRE.) );
#2449 = ( NAMED_UNIT(*) PLANE_ANGLE_UNIT() SI_UNIT($,.RADIAN.) );
#2450 = ( NAMED_UNIT(*) SI_UNIT($,.STERADIAN.) SOLID_ANGLE_UNIT() );
#2451 = UNCERTAINTY_MEASURE_WITH_UNIT(LENGTH_MEASURE(1.E-07),#2448,
  'distance_accuracy_value','confusion accuracy');
#2452 = PRODUCT_RELATED_PRODUCT_CATEGORY('part',$,(#7));
ENDSEC;
END-ISO-10303-21;
