ISO-10303-21;
HEADER;
FILE_DESCRIPTION(('FreeCAD Model'),'2;1');
FILE_NAME('Open CASCADE Shape Model','2026-09-14T20:41:38',('FreeCAD'),(
    'FreeCAD'),'Open CASCADE STEP processor 7.8','FreeCAD','Unknown');
FILE_SCHEMA(('AUTOMOTIVE_DESIGN { 1 0 10303 214 1 1 1 1 }'));
ENDSEC;
DATA;
#1 = APPLICATION_PROTOCOL_DEFINITION('international standard',
  'automotive_design',2000,#2);
#2 = APPLICATION_CONTEXT(
  'core data for automotive mechanical design processes');
#3 = SHAPE_DEFINITION_REPRESENTATION(#4,#10);
#4 = PRODUCT_DEFINITION_SHAPE('','',#5);
#5 = PRODUCT_DEFINITION('design','',#6,#9);
#6 = PRODUCT_DEFINITION_FORMATION('','',#7);
#7 = PRODUCT('Open CASCADE STEP translator 7.8 4',
  'Open CASCADE STEP translator 7.8 4','',(#8));
#8 = PRODUCT_CONTEXT('',#2,'mechanical');
#9 = PRODUCT_DEFINITION_CONTEXT('part definition',#2,'design');
#10 = SHAPE_REPRESENTATION('',(#11,#15,#1483,#1845,#3734,#6353,#6562,
    #6654,#8464,#10423,#11184,#11514,#11657,#11800,#11943,#12086,#12229,
    #12372,#12515,#12658,#12801,#12944,#13087,#13230,#13373,#13516,
    #13659,#13757,#13849,#14104,#14196,#14294,#14386,#14641,#14733,
    #14831,#14923,#15178,#15270,#15368,#15460,#15715,#15807,#15905,
    #15997,#16252,#16344,#16442,#16534,#16789,#16881,#16979,#17071,
    #17326,#17418,#17516,#17608,#17863,#17955,#18053,#18145,#18400,
    #18492,#18590,#18682,#18937,#19029,#19127,#19219,#19474,#19566,
    #19664,#19756,#20011,#20103,#20201,#20456,#20554,#20809,#20907),
  #21162);
#11 = AXIS2_PLACEMENT_3D('',#12,#13,#14);
#12 = CARTESIAN_POINT('',(0.,0.,0.));
#13 = DIRECTION('',(0.,0.,1.));
#14 = DIRECTION('',(1.,0.,-0.));
#15 = MANIFOLD_SOLID_BREP('',#16);
#16 = CLOSED_SHELL('',(#17,#59,#275,#307,#332,#357,#382,#407,#432,#457,
    #482,#507,#532,#557,#589,#614,#623,#1000,#1025,#1045,#1070,#1079,
    #1106,#1115,#1142,#1151,#1178,#1187,#1214,#1223,#1250,#1259,#1286,
    #1295,#1322,#1331,#1358,#1367,#1394,#1403,#1427,#1441,#1455,#1469));
#17 = ADVANCED_FACE('',(#18),#54,.T.);
#18 = FACE_BOUND('',#19,.T.);
#19 = EDGE_LOOP('',(#20,#30,#39,#47));
#20 = ORIENTED_EDGE('',*,*,#21,.T.);
#21 = EDGE_CURVE('',#22,#24,#26,.T.);
#22 = VERTEX_POINT('',#23);
#23 = CARTESIAN_POINT('',(32.332450513304,-8.,198.99638501938));
#24 = VERTEX_POINT('',#25);
#25 = CARTESIAN_POINT('',(32.332450513304,17.,198.99638501938));
#26 = LINE('',#27,#28);
#27 = CARTESIAN_POINT('',(32.332450513305,-8.,198.99638501938));
#28 = VECTOR('',#29,1.);
#29 = DIRECTION('',(0.,1.,-2.22044604925E-16));
#30 = ORIENTED_EDGE('',*,*,#31,.F.);
#31 = EDGE_CURVE('',#32,#24,#34,.T.);
#32 = VERTEX_POINT('',#33);
#33 = CARTESIAN_POINT('',(18.027972892638,17.,212.88224738947));
#34 = CIRCLE('',#35,37.5);
#35 = AXIS2_PLACEMENT_3D('',#36,#37,#38);
#36 = CARTESIAN_POINT('',(0.,17.,180.));
#37 = DIRECTION('',(0.,1.,-2.22044604925E-16));
#38 = DIRECTION('',(1.,0.,0.));
#39 = ORIENTED_EDGE('',*,*,#40,.F.);
#40 = EDGE_CURVE('',#41,#32,#43,.T.);
#41 = VERTEX_POINT('',#42);
#42 = CARTESIAN_POINT('',(18.027972892638,-8.,212.88224738947));
#43 = LINE('',#44,#45);
#44 = CARTESIAN_POINT('',(18.027972892638,-8.,212.88224738947));
#45 = VECTOR('',#46,1.);
#46 = DIRECTION('',(0.,1.,-2.22044604925E-16));
#47 = ORIENTED_EDGE('',*,*,#48,.T.);
#48 = EDGE_CURVE('',#41,#22,#49,.T.);
#49 = CIRCLE('',#50,37.5);
#50 = AXIS2_PLACEMENT_3D('',#51,#52,#53);
#51 = CARTESIAN_POINT('',(0.,-8.,180.));
#52 = DIRECTION('',(0.,1.,-2.22044604925E-16));
#53 = DIRECTION('',(1.,0.,0.));
#54 = CYLINDRICAL_SURFACE('',#55,37.5);
#55 = AXIS2_PLACEMENT_3D('',#56,#57,#58);
#56 = CARTESIAN_POINT('',(0.,-8.,180.));
#57 = DIRECTION('',(0.,1.,-2.22044604925E-16));
#58 = DIRECTION('',(1.,0.,0.));
#59 = ADVANCED_FACE('',(#60,#259),#270,.T.);
#60 = FACE_BOUND('',#61,.T.);
#61 = EDGE_LOOP('',(#62,#73,#82,#89,#90,#99,#108,#117,#126,#135,#144,
    #153,#162,#171,#180,#189,#198,#207,#216,#225,#234,#243,#252));
#62 = ORIENTED_EDGE('',*,*,#63,.F.);
#63 = EDGE_CURVE('',#64,#66,#68,.T.);
#64 = VERTEX_POINT('',#65);
#65 = CARTESIAN_POINT('',(34.946528082726,-8.,193.6011093284));
#66 = VERTEX_POINT('',#67);
#67 = CARTESIAN_POINT('',(37.5,-8.,180.));
#68 = CIRCLE('',#69,37.5);
#69 = AXIS2_PLACEMENT_3D('',#70,#71,#72);
#70 = CARTESIAN_POINT('',(0.,-8.,180.));
#71 = DIRECTION('',(0.,1.,-2.22044604925E-16));
#72 = DIRECTION('',(1.,0.,0.));
#73 = ORIENTED_EDGE('',*,*,#74,.F.);
#74 = EDGE_CURVE('',#75,#64,#77,.T.);
#75 = VERTEX_POINT('',#76);
#76 = CARTESIAN_POINT('',(36.74748,-8.,196.35107));
#77 = CIRCLE('',#78,3.);
#78 = AXIS2_PLACEMENT_3D('',#79,#80,#81);
#79 = CARTESIAN_POINT('',(33.74748,-8.,196.35107));
#80 = DIRECTION('',(0.,1.,-2.22044604925E-16));
#81 = DIRECTION('',(1.,0.,0.));
#82 = ORIENTED_EDGE('',*,*,#83,.F.);
#83 = EDGE_CURVE('',#22,#75,#84,.T.);
#84 = CIRCLE('',#85,3.);
#85 = AXIS2_PLACEMENT_3D('',#86,#87,#88);
#86 = CARTESIAN_POINT('',(33.74748,-8.,196.35107));
#87 = DIRECTION('',(0.,1.,-2.22044604925E-16));
#88 = DIRECTION('',(1.,0.,0.));
#89 = ORIENTED_EDGE('',*,*,#48,.F.);
#90 = ORIENTED_EDGE('',*,*,#91,.F.);
#91 = EDGE_CURVE('',#92,#41,#94,.T.);
#92 = VERTEX_POINT('',#93);
#93 = CARTESIAN_POINT('',(18.34181,-8.,214.21811));
#94 = CIRCLE('',#95,3.);
#95 = AXIS2_PLACEMENT_3D('',#96,#97,#98);
#96 = CARTESIAN_POINT('',(15.34181,-8.,214.21811));
#97 = DIRECTION('',(0.,1.,-2.22044604925E-16));
#98 = DIRECTION('',(1.,0.,0.));
#99 = ORIENTED_EDGE('',*,*,#100,.F.);
#100 = EDGE_CURVE('',#101,#92,#103,.T.);
#101 = VERTEX_POINT('',#102);
#102 = CARTESIAN_POINT('',(12.557457506617,-8.,215.33497220841));
#103 = CIRCLE('',#104,3.);
#104 = AXIS2_PLACEMENT_3D('',#105,#106,#107);
#105 = CARTESIAN_POINT('',(15.34181,-8.,214.21811));
#106 = DIRECTION('',(0.,1.,-2.22044604925E-16));
#107 = DIRECTION('',(1.,0.,0.));
#108 = ORIENTED_EDGE('',*,*,#109,.F.);
#109 = EDGE_CURVE('',#110,#101,#112,.T.);
#110 = VERTEX_POINT('',#111);
#111 = CARTESIAN_POINT('',(-7.326073486491,-8.,216.77742034551));
#112 = CIRCLE('',#113,37.5);
#113 = AXIS2_PLACEMENT_3D('',#114,#115,#116);
#114 = CARTESIAN_POINT('',(0.,-8.,180.));
#115 = DIRECTION('',(0.,1.,-2.22044604925E-16));
#116 = DIRECTION('',(1.,0.,0.));
#117 = ORIENTED_EDGE('',*,*,#118,.F.);
#118 = EDGE_CURVE('',#119,#110,#121,.T.);
#119 = VERTEX_POINT('',#120);
#120 = CARTESIAN_POINT('',(-13.09331235007,-8.,215.1399369906));
#121 = CIRCLE('',#122,3.);
#122 = AXIS2_PLACEMENT_3D('',#123,#124,#125);
#123 = CARTESIAN_POINT('',(-10.24247,-8.,216.07412));
#124 = DIRECTION('',(0.,1.,-2.22044604925E-16));
#125 = DIRECTION('',(1.,0.,0.));
#126 = ORIENTED_EDGE('',*,*,#127,.F.);
#127 = EDGE_CURVE('',#128,#119,#130,.T.);
#128 = VERTEX_POINT('',#129);
#129 = CARTESIAN_POINT('',(-29.25216949265,-8.,203.46402736047));
#130 = CIRCLE('',#131,37.5);
#131 = AXIS2_PLACEMENT_3D('',#132,#133,#134);
#132 = CARTESIAN_POINT('',(0.,-8.,180.));
#133 = DIRECTION('',(0.,1.,-2.22044604925E-16));
#134 = DIRECTION('',(1.,0.,0.));
#135 = ORIENTED_EDGE('',*,*,#136,.F.);
#136 = EDGE_CURVE('',#137,#128,#139,.T.);
#137 = VERTEX_POINT('',#138);
#138 = CARTESIAN_POINT('',(-32.61757673986,-8.,198.50253192454));
#139 = CIRCLE('',#140,3.);
#140 = AXIS2_PLACEMENT_3D('',#141,#142,#143);
#141 = CARTESIAN_POINT('',(-31.03418,-8.,201.05064));
#142 = DIRECTION('',(0.,1.,-2.22044604925E-16));
#143 = DIRECTION('',(1.,0.,0.));
#144 = ORIENTED_EDGE('',*,*,#145,.F.);
#145 = EDGE_CURVE('',#146,#137,#148,.T.);
#146 = VERTEX_POINT('',#147);
#147 = CARTESIAN_POINT('',(-37.49084796024,-8.,179.17155614443));
#148 = CIRCLE('',#149,37.5);
#149 = AXIS2_PLACEMENT_3D('',#150,#151,#152);
#150 = CARTESIAN_POINT('',(0.,-8.,180.));
#151 = DIRECTION('',(0.,1.,-2.22044604925E-16));
#152 = DIRECTION('',(1.,0.,0.));
#153 = ORIENTED_EDGE('',*,*,#154,.F.);
#154 = EDGE_CURVE('',#155,#146,#157,.T.);
#155 = VERTEX_POINT('',#156);
#156 = CARTESIAN_POINT('',(-36.87971173968,-8.,173.20758791019));
#157 = CIRCLE('',#158,3.);
#158 = AXIS2_PLACEMENT_3D('',#159,#160,#161);
#159 = CARTESIAN_POINT('',(-37.30465,-8.,176.17734));
#160 = DIRECTION('',(0.,1.,-2.22044604925E-16));
#161 = DIRECTION('',(1.,0.,0.));
#162 = ORIENTED_EDGE('',*,*,#163,.F.);
#163 = EDGE_CURVE('',#164,#155,#166,.T.);
#164 = VERTEX_POINT('',#165);
#165 = CARTESIAN_POINT('',(-28.1871434879,-8.,155.26672399393));
#166 = CIRCLE('',#167,37.5);
#167 = AXIS2_PLACEMENT_3D('',#168,#169,#170);
#168 = CARTESIAN_POINT('',(0.,-8.,180.));
#169 = DIRECTION('',(0.,1.,-2.22044604925E-16));
#170 = DIRECTION('',(1.,0.,0.));
#171 = ORIENTED_EDGE('',*,*,#172,.F.);
#172 = EDGE_CURVE('',#173,#164,#175,.T.);
#173 = VERTEX_POINT('',#174);
#174 = CARTESIAN_POINT('',(-23.88542192311,-8.,151.09089037076));
#175 = CIRCLE('',#176,3.);
#176 = AXIS2_PLACEMENT_3D('',#177,#178,#179);
#177 = CARTESIAN_POINT('',(-26.11987,-8.,153.0927));
#178 = DIRECTION('',(0.,1.,-2.22044604925E-16));
#179 = DIRECTION('',(1.,0.,0.));
#180 = ORIENTED_EDGE('',*,*,#181,.F.);
#181 = EDGE_CURVE('',#182,#173,#184,.T.);
#182 = VERTEX_POINT('',#183);
#183 = CARTESIAN_POINT('',(-5.694359807589,-8.,142.93486454386));
#184 = CIRCLE('',#185,37.5);
#185 = AXIS2_PLACEMENT_3D('',#186,#187,#188);
#186 = CARTESIAN_POINT('',(0.,-8.,180.));
#187 = DIRECTION('',(0.,1.,-2.22044604925E-16));
#188 = DIRECTION('',(1.,0.,0.));
#189 = ORIENTED_EDGE('',*,*,#190,.F.);
#190 = EDGE_CURVE('',#191,#182,#193,.T.);
#191 = VERTEX_POINT('',#192);
#192 = CARTESIAN_POINT('',(0.285124750858,-8.,142.50108396398));
#193 = CIRCLE('',#194,3.);
#194 = AXIS2_PLACEMENT_3D('',#195,#196,#197);
#195 = CARTESIAN_POINT('',(-2.7133,-8.,142.59829));
#196 = DIRECTION('',(0.,1.,-2.22044604925E-16));
#197 = DIRECTION('',(1.,0.,0.));
#198 = ORIENTED_EDGE('',*,*,#199,.F.);
#199 = EDGE_CURVE('',#200,#191,#202,.T.);
#200 = VERTEX_POINT('',#201);
#201 = CARTESIAN_POINT('',(19.462877927993,-8.,147.94619550256));
#202 = CIRCLE('',#203,37.5);
#203 = AXIS2_PLACEMENT_3D('',#204,#205,#206);
#204 = CARTESIAN_POINT('',(0.,-8.,180.));
#205 = DIRECTION('',(0.,1.,-2.22044604925E-16));
#206 = DIRECTION('',(1.,0.,0.));
#207 = ORIENTED_EDGE('',*,*,#208,.F.);
#208 = EDGE_CURVE('',#209,#200,#211,.T.);
#209 = VERTEX_POINT('',#210);
#210 = CARTESIAN_POINT('',(24.96285,-8.,149.60455));
#211 = CIRCLE('',#212,3.);
#212 = AXIS2_PLACEMENT_3D('',#213,#214,#215);
#213 = CARTESIAN_POINT('',(21.96285,-8.,149.60455));
#214 = DIRECTION('',(0.,1.,-2.22044604925E-16));
#215 = DIRECTION('',(1.,0.,0.));
#216 = ORIENTED_EDGE('',*,*,#217,.F.);
#217 = EDGE_CURVE('',#218,#209,#220,.T.);
#218 = VERTEX_POINT('',#219);
#219 = CARTESIAN_POINT('',(24.322257336315,-8.,151.45743883135));
#220 = CIRCLE('',#221,3.);
#221 = AXIS2_PLACEMENT_3D('',#222,#223,#224);
#222 = CARTESIAN_POINT('',(21.96285,-8.,149.60455));
#223 = DIRECTION('',(0.,1.,-2.22044604925E-16));
#224 = DIRECTION('',(1.,0.,0.));
#225 = ORIENTED_EDGE('',*,*,#226,.F.);
#226 = EDGE_CURVE('',#227,#218,#229,.T.);
#227 = VERTEX_POINT('',#228);
#228 = CARTESIAN_POINT('',(35.513216439692,-8.,167.95585378253));
#229 = CIRCLE('',#230,37.5);
#230 = AXIS2_PLACEMENT_3D('',#231,#232,#233);
#231 = CARTESIAN_POINT('',(0.,-8.,180.));
#232 = DIRECTION('',(0.,1.,-2.22044604925E-16));
#233 = DIRECTION('',(1.,0.,0.));
#234 = ORIENTED_EDGE('',*,*,#235,.F.);
#235 = EDGE_CURVE('',#236,#227,#238,.T.);
#236 = VERTEX_POINT('',#237);
#237 = CARTESIAN_POINT('',(39.36233,-8.,170.83318));
#238 = CIRCLE('',#239,3.);
#239 = AXIS2_PLACEMENT_3D('',#240,#241,#242);
#240 = CARTESIAN_POINT('',(36.36233,-8.,170.83318));
#241 = DIRECTION('',(0.,1.,-2.22044604925E-16));
#242 = DIRECTION('',(1.,0.,0.));
#243 = ORIENTED_EDGE('',*,*,#244,.F.);
#244 = EDGE_CURVE('',#245,#236,#247,.T.);
#245 = VERTEX_POINT('',#246);
#246 = CARTESIAN_POINT('',(36.978734104537,-8.,173.76917148157));
#247 = CIRCLE('',#248,3.);
#248 = AXIS2_PLACEMENT_3D('',#249,#250,#251);
#249 = CARTESIAN_POINT('',(36.36233,-8.,170.83318));
#250 = DIRECTION('',(0.,1.,-2.22044604925E-16));
#251 = DIRECTION('',(1.,0.,0.));
#252 = ORIENTED_EDGE('',*,*,#253,.F.);
#253 = EDGE_CURVE('',#66,#245,#254,.T.);
#254 = CIRCLE('',#255,37.5);
#255 = AXIS2_PLACEMENT_3D('',#256,#257,#258);
#256 = CARTESIAN_POINT('',(0.,-8.,180.));
#257 = DIRECTION('',(0.,1.,-2.22044604925E-16));
#258 = DIRECTION('',(1.,0.,0.));
#259 = FACE_BOUND('',#260,.T.);
#260 = EDGE_LOOP('',(#261));
#261 = ORIENTED_EDGE('',*,*,#262,.T.);
#262 = EDGE_CURVE('',#263,#263,#265,.T.);
#263 = VERTEX_POINT('',#264);
#264 = CARTESIAN_POINT('',(31.5,-8.,180.));
#265 = CIRCLE('',#266,31.5);
#266 = AXIS2_PLACEMENT_3D('',#267,#268,#269);
#267 = CARTESIAN_POINT('',(0.,-8.,180.));
#268 = DIRECTION('',(0.,1.,-2.22044604925E-16));
#269 = DIRECTION('',(1.,0.,0.));
#270 = PLANE('',#271);
#271 = AXIS2_PLACEMENT_3D('',#272,#273,#274);
#272 = CARTESIAN_POINT('',(0.140757833258,-8.,180.00467912878));
#273 = DIRECTION('',(0.,-1.,2.22044604925E-16));
#274 = DIRECTION('',(-1.,0.,-0.));
#275 = ADVANCED_FACE('',(#276),#302,.T.);
#276 = FACE_BOUND('',#277,.T.);
#277 = EDGE_LOOP('',(#278,#286,#295,#301));
#278 = ORIENTED_EDGE('',*,*,#279,.T.);
#279 = EDGE_CURVE('',#101,#280,#282,.T.);
#280 = VERTEX_POINT('',#281);
#281 = CARTESIAN_POINT('',(12.557457506617,17.,215.33497220841));
#282 = LINE('',#283,#284);
#283 = CARTESIAN_POINT('',(12.557457506616,-8.,215.33497220841));
#284 = VECTOR('',#285,1.);
#285 = DIRECTION('',(0.,1.,-2.22044604925E-16));
#286 = ORIENTED_EDGE('',*,*,#287,.F.);
#287 = EDGE_CURVE('',#288,#280,#290,.T.);
#288 = VERTEX_POINT('',#289);
#289 = CARTESIAN_POINT('',(-7.326073486491,17.,216.77742034551));
#290 = CIRCLE('',#291,37.5);
#291 = AXIS2_PLACEMENT_3D('',#292,#293,#294);
#292 = CARTESIAN_POINT('',(0.,17.,180.));
#293 = DIRECTION('',(0.,1.,-2.22044604925E-16));
#294 = DIRECTION('',(1.,0.,0.));
#295 = ORIENTED_EDGE('',*,*,#296,.F.);
#296 = EDGE_CURVE('',#110,#288,#297,.T.);
#297 = LINE('',#298,#299);
#298 = CARTESIAN_POINT('',(-7.326073486492,-8.,216.77742034551));
#299 = VECTOR('',#300,1.);
#300 = DIRECTION('',(0.,1.,-2.22044604925E-16));
#301 = ORIENTED_EDGE('',*,*,#109,.T.);
#302 = CYLINDRICAL_SURFACE('',#303,37.5);
#303 = AXIS2_PLACEMENT_3D('',#304,#305,#306);
#304 = CARTESIAN_POINT('',(0.,-8.,180.));
#305 = DIRECTION('',(0.,1.,-2.22044604925E-16));
#306 = DIRECTION('',(1.,0.,0.));
#307 = ADVANCED_FACE('',(#308),#327,.T.);
#308 = FACE_BOUND('',#309,.T.);
#309 = EDGE_LOOP('',(#310,#319,#325,#326));
#310 = ORIENTED_EDGE('',*,*,#311,.F.);
#311 = EDGE_CURVE('',#312,#288,#314,.T.);
#312 = VERTEX_POINT('',#313);
#313 = CARTESIAN_POINT('',(-13.09331235007,17.,215.1399369906));
#314 = CIRCLE('',#315,3.);
#315 = AXIS2_PLACEMENT_3D('',#316,#317,#318);
#316 = CARTESIAN_POINT('',(-10.24247,17.,216.07412));
#317 = DIRECTION('',(0.,1.,-2.22044604925E-16));
#318 = DIRECTION('',(1.,0.,0.));
#319 = ORIENTED_EDGE('',*,*,#320,.F.);
#320 = EDGE_CURVE('',#119,#312,#321,.T.);
#321 = LINE('',#322,#323);
#322 = CARTESIAN_POINT('',(-13.09331235007,-8.,215.1399369906));
#323 = VECTOR('',#324,1.);
#324 = DIRECTION('',(0.,1.,-2.22044604925E-16));
#325 = ORIENTED_EDGE('',*,*,#118,.T.);
#326 = ORIENTED_EDGE('',*,*,#296,.T.);
#327 = CYLINDRICAL_SURFACE('',#328,3.);
#328 = AXIS2_PLACEMENT_3D('',#329,#330,#331);
#329 = CARTESIAN_POINT('',(-10.24247,-8.,216.07412));
#330 = DIRECTION('',(0.,1.,-2.22044604925E-16));
#331 = DIRECTION('',(1.,0.,0.));
#332 = ADVANCED_FACE('',(#333),#352,.T.);
#333 = FACE_BOUND('',#334,.T.);
#334 = EDGE_LOOP('',(#335,#336,#345,#351));
#335 = ORIENTED_EDGE('',*,*,#320,.T.);
#336 = ORIENTED_EDGE('',*,*,#337,.F.);
#337 = EDGE_CURVE('',#338,#312,#340,.T.);
#338 = VERTEX_POINT('',#339);
#339 = CARTESIAN_POINT('',(-29.25216949265,17.,203.46402736047));
#340 = CIRCLE('',#341,37.5);
#341 = AXIS2_PLACEMENT_3D('',#342,#343,#344);
#342 = CARTESIAN_POINT('',(0.,17.,180.));
#343 = DIRECTION('',(0.,1.,-2.22044604925E-16));
#344 = DIRECTION('',(1.,0.,0.));
#345 = ORIENTED_EDGE('',*,*,#346,.F.);
#346 = EDGE_CURVE('',#128,#338,#347,.T.);
#347 = LINE('',#348,#349);
#348 = CARTESIAN_POINT('',(-29.25216949265,-8.,203.46402736047));
#349 = VECTOR('',#350,1.);
#350 = DIRECTION('',(0.,1.,-2.22044604925E-16));
#351 = ORIENTED_EDGE('',*,*,#127,.T.);
#352 = CYLINDRICAL_SURFACE('',#353,37.5);
#353 = AXIS2_PLACEMENT_3D('',#354,#355,#356);
#354 = CARTESIAN_POINT('',(0.,-8.,180.));
#355 = DIRECTION('',(0.,1.,-2.22044604925E-16));
#356 = DIRECTION('',(1.,0.,0.));
#357 = ADVANCED_FACE('',(#358),#377,.T.);
#358 = FACE_BOUND('',#359,.T.);
#359 = EDGE_LOOP('',(#360,#369,#375,#376));
#360 = ORIENTED_EDGE('',*,*,#361,.F.);
#361 = EDGE_CURVE('',#362,#338,#364,.T.);
#362 = VERTEX_POINT('',#363);
#363 = CARTESIAN_POINT('',(-32.61757673986,17.,198.50253192454));
#364 = CIRCLE('',#365,3.);
#365 = AXIS2_PLACEMENT_3D('',#366,#367,#368);
#366 = CARTESIAN_POINT('',(-31.03418,17.,201.05064));
#367 = DIRECTION('',(0.,1.,-2.22044604925E-16));
#368 = DIRECTION('',(1.,0.,0.));
#369 = ORIENTED_EDGE('',*,*,#370,.F.);
#370 = EDGE_CURVE('',#137,#362,#371,.T.);
#371 = LINE('',#372,#373);
#372 = CARTESIAN_POINT('',(-32.61757673986,-8.,198.50253192454));
#373 = VECTOR('',#374,1.);
#374 = DIRECTION('',(0.,1.,-2.22044604925E-16));
#375 = ORIENTED_EDGE('',*,*,#136,.T.);
#376 = ORIENTED_EDGE('',*,*,#346,.T.);
#377 = CYLINDRICAL_SURFACE('',#378,3.);
#378 = AXIS2_PLACEMENT_3D('',#379,#380,#381);
#379 = CARTESIAN_POINT('',(-31.03418,-8.,201.05064));
#380 = DIRECTION('',(0.,1.,-2.22044604925E-16));
#381 = DIRECTION('',(1.,0.,0.));
#382 = ADVANCED_FACE('',(#383),#402,.T.);
#383 = FACE_BOUND('',#384,.T.);
#384 = EDGE_LOOP('',(#385,#386,#395,#401));
#385 = ORIENTED_EDGE('',*,*,#370,.T.);
#386 = ORIENTED_EDGE('',*,*,#387,.F.);
#387 = EDGE_CURVE('',#388,#362,#390,.T.);
#388 = VERTEX_POINT('',#389);
#389 = CARTESIAN_POINT('',(-37.49084796024,17.,179.17155614443));
#390 = CIRCLE('',#391,37.5);
#391 = AXIS2_PLACEMENT_3D('',#392,#393,#394);
#392 = CARTESIAN_POINT('',(0.,17.,180.));
#393 = DIRECTION('',(0.,1.,-2.22044604925E-16));
#394 = DIRECTION('',(1.,0.,0.));
#395 = ORIENTED_EDGE('',*,*,#396,.F.);
#396 = EDGE_CURVE('',#146,#388,#397,.T.);
#397 = LINE('',#398,#399);
#398 = CARTESIAN_POINT('',(-37.49084796024,-8.,179.17155614443));
#399 = VECTOR('',#400,1.);
#400 = DIRECTION('',(0.,1.,-2.22044604925E-16));
#401 = ORIENTED_EDGE('',*,*,#145,.T.);
#402 = CYLINDRICAL_SURFACE('',#403,37.5);
#403 = AXIS2_PLACEMENT_3D('',#404,#405,#406);
#404 = CARTESIAN_POINT('',(0.,-8.,180.));
#405 = DIRECTION('',(0.,1.,-2.22044604925E-16));
#406 = DIRECTION('',(1.,0.,0.));
#407 = ADVANCED_FACE('',(#408),#427,.T.);
#408 = FACE_BOUND('',#409,.T.);
#409 = EDGE_LOOP('',(#410,#419,#425,#426));
#410 = ORIENTED_EDGE('',*,*,#411,.F.);
#411 = EDGE_CURVE('',#412,#388,#414,.T.);
#412 = VERTEX_POINT('',#413);
#413 = CARTESIAN_POINT('',(-36.87971173968,17.,173.20758791019));
#414 = CIRCLE('',#415,3.);
#415 = AXIS2_PLACEMENT_3D('',#416,#417,#418);
#416 = CARTESIAN_POINT('',(-37.30465,17.,176.17734));
#417 = DIRECTION('',(0.,1.,-2.22044604925E-16));
#418 = DIRECTION('',(1.,0.,0.));
#419 = ORIENTED_EDGE('',*,*,#420,.F.);
#420 = EDGE_CURVE('',#155,#412,#421,.T.);
#421 = LINE('',#422,#423);
#422 = CARTESIAN_POINT('',(-36.87971173968,-8.,173.20758791019));
#423 = VECTOR('',#424,1.);
#424 = DIRECTION('',(0.,1.,-2.22044604925E-16));
#425 = ORIENTED_EDGE('',*,*,#154,.T.);
#426 = ORIENTED_EDGE('',*,*,#396,.T.);
#427 = CYLINDRICAL_SURFACE('',#428,3.);
#428 = AXIS2_PLACEMENT_3D('',#429,#430,#431);
#429 = CARTESIAN_POINT('',(-37.30465,-8.,176.17734));
#430 = DIRECTION('',(0.,1.,-2.22044604925E-16));
#431 = DIRECTION('',(1.,0.,0.));
#432 = ADVANCED_FACE('',(#433),#452,.T.);
#433 = FACE_BOUND('',#434,.T.);
#434 = EDGE_LOOP('',(#435,#444,#450,#451));
#435 = ORIENTED_EDGE('',*,*,#436,.F.);
#436 = EDGE_CURVE('',#437,#412,#439,.T.);
#437 = VERTEX_POINT('',#438);
#438 = CARTESIAN_POINT('',(-28.1871434879,17.,155.26672399393));
#439 = CIRCLE('',#440,37.5);
#440 = AXIS2_PLACEMENT_3D('',#441,#442,#443);
#441 = CARTESIAN_POINT('',(0.,17.,180.));
#442 = DIRECTION('',(0.,1.,-2.22044604925E-16));
#443 = DIRECTION('',(1.,0.,0.));
#444 = ORIENTED_EDGE('',*,*,#445,.F.);
#445 = EDGE_CURVE('',#164,#437,#446,.T.);
#446 = LINE('',#447,#448);
#447 = CARTESIAN_POINT('',(-28.1871434879,-8.,155.26672399393));
#448 = VECTOR('',#449,1.);
#449 = DIRECTION('',(0.,1.,-2.22044604925E-16));
#450 = ORIENTED_EDGE('',*,*,#163,.T.);
#451 = ORIENTED_EDGE('',*,*,#420,.T.);
#452 = CYLINDRICAL_SURFACE('',#453,37.5);
#453 = AXIS2_PLACEMENT_3D('',#454,#455,#456);
#454 = CARTESIAN_POINT('',(0.,-8.,180.));
#455 = DIRECTION('',(0.,1.,-2.22044604925E-16));
#456 = DIRECTION('',(1.,0.,0.));
#457 = ADVANCED_FACE('',(#458),#477,.T.);
#458 = FACE_BOUND('',#459,.T.);
#459 = EDGE_LOOP('',(#460,#469,#475,#476));
#460 = ORIENTED_EDGE('',*,*,#461,.F.);
#461 = EDGE_CURVE('',#462,#437,#464,.T.);
#462 = VERTEX_POINT('',#463);
#463 = CARTESIAN_POINT('',(-23.88542192311,17.,151.09089037076));
#464 = CIRCLE('',#465,3.);
#465 = AXIS2_PLACEMENT_3D('',#466,#467,#468);
#466 = CARTESIAN_POINT('',(-26.11987,17.,153.0927));
#467 = DIRECTION('',(0.,1.,-2.22044604925E-16));
#468 = DIRECTION('',(1.,0.,0.));
#469 = ORIENTED_EDGE('',*,*,#470,.F.);
#470 = EDGE_CURVE('',#173,#462,#471,.T.);
#471 = LINE('',#472,#473);
#472 = CARTESIAN_POINT('',(-23.88542192311,-8.,151.09089037076));
#473 = VECTOR('',#474,1.);
#474 = DIRECTION('',(0.,1.,-2.22044604925E-16));
#475 = ORIENTED_EDGE('',*,*,#172,.T.);
#476 = ORIENTED_EDGE('',*,*,#445,.T.);
#477 = CYLINDRICAL_SURFACE('',#478,3.);
#478 = AXIS2_PLACEMENT_3D('',#479,#480,#481);
#479 = CARTESIAN_POINT('',(-26.11987,-8.,153.0927));
#480 = DIRECTION('',(0.,1.,-2.22044604925E-16));
#481 = DIRECTION('',(1.,0.,0.));
#482 = ADVANCED_FACE('',(#483),#502,.T.);
#483 = FACE_BOUND('',#484,.T.);
#484 = EDGE_LOOP('',(#485,#494,#500,#501));
#485 = ORIENTED_EDGE('',*,*,#486,.F.);
#486 = EDGE_CURVE('',#487,#462,#489,.T.);
#487 = VERTEX_POINT('',#488);
#488 = CARTESIAN_POINT('',(-5.694359807589,17.,142.93486454386));
#489 = CIRCLE('',#490,37.5);
#490 = AXIS2_PLACEMENT_3D('',#491,#492,#493);
#491 = CARTESIAN_POINT('',(0.,17.,180.));
#492 = DIRECTION('',(0.,1.,-2.22044604925E-16));
#493 = DIRECTION('',(1.,0.,0.));
#494 = ORIENTED_EDGE('',*,*,#495,.F.);
#495 = EDGE_CURVE('',#182,#487,#496,.T.);
#496 = LINE('',#497,#498);
#497 = CARTESIAN_POINT('',(-5.694359807589,-8.,142.93486454386));
#498 = VECTOR('',#499,1.);
#499 = DIRECTION('',(0.,1.,-2.22044604925E-16));
#500 = ORIENTED_EDGE('',*,*,#181,.T.);
#501 = ORIENTED_EDGE('',*,*,#470,.T.);
#502 = CYLINDRICAL_SURFACE('',#503,37.5);
#503 = AXIS2_PLACEMENT_3D('',#504,#505,#506);
#504 = CARTESIAN_POINT('',(0.,-8.,180.));
#505 = DIRECTION('',(0.,1.,-2.22044604925E-16));
#506 = DIRECTION('',(1.,0.,0.));
#507 = ADVANCED_FACE('',(#508),#527,.T.);
#508 = FACE_BOUND('',#509,.T.);
#509 = EDGE_LOOP('',(#510,#519,#525,#526));
#510 = ORIENTED_EDGE('',*,*,#511,.F.);
#511 = EDGE_CURVE('',#512,#487,#514,.T.);
#512 = VERTEX_POINT('',#513);
#513 = CARTESIAN_POINT('',(0.285124750858,17.,142.50108396398));
#514 = CIRCLE('',#515,3.);
#515 = AXIS2_PLACEMENT_3D('',#516,#517,#518);
#516 = CARTESIAN_POINT('',(-2.7133,17.,142.59829));
#517 = DIRECTION('',(0.,1.,-2.22044604925E-16));
#518 = DIRECTION('',(1.,0.,0.));
#519 = ORIENTED_EDGE('',*,*,#520,.F.);
#520 = EDGE_CURVE('',#191,#512,#521,.T.);
#521 = LINE('',#522,#523);
#522 = CARTESIAN_POINT('',(0.285124750859,-8.,142.50108396398));
#523 = VECTOR('',#524,1.);
#524 = DIRECTION('',(0.,1.,-2.22044604925E-16));
#525 = ORIENTED_EDGE('',*,*,#190,.T.);
#526 = ORIENTED_EDGE('',*,*,#495,.T.);
#527 = CYLINDRICAL_SURFACE('',#528,3.);
#528 = AXIS2_PLACEMENT_3D('',#529,#530,#531);
#529 = CARTESIAN_POINT('',(-2.7133,-8.,142.59829));
#530 = DIRECTION('',(0.,1.,-2.22044604925E-16));
#531 = DIRECTION('',(1.,0.,0.));
#532 = ADVANCED_FACE('',(#533),#552,.T.);
#533 = FACE_BOUND('',#534,.T.);
#534 = EDGE_LOOP('',(#535,#544,#550,#551));
#535 = ORIENTED_EDGE('',*,*,#536,.F.);
#536 = EDGE_CURVE('',#537,#512,#539,.T.);
#537 = VERTEX_POINT('',#538);
#538 = CARTESIAN_POINT('',(19.462877927993,17.,147.94619550256));
#539 = CIRCLE('',#540,37.5);
#540 = AXIS2_PLACEMENT_3D('',#541,#542,#543);
#541 = CARTESIAN_POINT('',(0.,17.,180.));
#542 = DIRECTION('',(0.,1.,-2.22044604925E-16));
#543 = DIRECTION('',(1.,0.,0.));
#544 = ORIENTED_EDGE('',*,*,#545,.F.);
#545 = EDGE_CURVE('',#200,#537,#546,.T.);
#546 = LINE('',#547,#548);
#547 = CARTESIAN_POINT('',(19.462877927992,-8.,147.94619550256));
#548 = VECTOR('',#549,1.);
#549 = DIRECTION('',(0.,1.,-2.22044604925E-16));
#550 = ORIENTED_EDGE('',*,*,#199,.T.);
#551 = ORIENTED_EDGE('',*,*,#520,.T.);
#552 = CYLINDRICAL_SURFACE('',#553,37.5);
#553 = AXIS2_PLACEMENT_3D('',#554,#555,#556);
#554 = CARTESIAN_POINT('',(0.,-8.,180.));
#555 = DIRECTION('',(0.,1.,-2.22044604925E-16));
#556 = DIRECTION('',(1.,0.,0.));
#557 = ADVANCED_FACE('',(#558),#584,.T.);
#558 = FACE_BOUND('',#559,.T.);
#559 = EDGE_LOOP('',(#560,#571,#577,#578));
#560 = ORIENTED_EDGE('',*,*,#561,.F.);
#561 = EDGE_CURVE('',#562,#564,#566,.T.);
#562 = VERTEX_POINT('',#563);
#563 = CARTESIAN_POINT('',(35.513216439692,17.,167.95585378253));
#564 = VERTEX_POINT('',#565);
#565 = CARTESIAN_POINT('',(24.322257336315,17.,151.45743883135));
#566 = CIRCLE('',#567,37.5);
#567 = AXIS2_PLACEMENT_3D('',#568,#569,#570);
#568 = CARTESIAN_POINT('',(0.,17.,180.));
#569 = DIRECTION('',(0.,1.,-2.22044604925E-16));
#570 = DIRECTION('',(1.,0.,0.));
#571 = ORIENTED_EDGE('',*,*,#572,.F.);
#572 = EDGE_CURVE('',#227,#562,#573,.T.);
#573 = LINE('',#574,#575);
#574 = CARTESIAN_POINT('',(35.513216439691,-8.,167.95585378253));
#575 = VECTOR('',#576,1.);
#576 = DIRECTION('',(0.,1.,-2.22044604925E-16));
#577 = ORIENTED_EDGE('',*,*,#226,.T.);
#578 = ORIENTED_EDGE('',*,*,#579,.T.);
#579 = EDGE_CURVE('',#218,#564,#580,.T.);
#580 = LINE('',#581,#582);
#581 = CARTESIAN_POINT('',(24.322257336315,-8.,151.45743883135));
#582 = VECTOR('',#583,1.);
#583 = DIRECTION('',(0.,1.,-2.22044604925E-16));
#584 = CYLINDRICAL_SURFACE('',#585,37.5);
#585 = AXIS2_PLACEMENT_3D('',#586,#587,#588);
#586 = CARTESIAN_POINT('',(0.,-8.,180.));
#587 = DIRECTION('',(0.,1.,-2.22044604925E-16));
#588 = DIRECTION('',(1.,0.,0.));
#589 = ADVANCED_FACE('',(#590),#609,.T.);
#590 = FACE_BOUND('',#591,.T.);
#591 = EDGE_LOOP('',(#592,#593,#601,#608));
#592 = ORIENTED_EDGE('',*,*,#262,.F.);
#593 = ORIENTED_EDGE('',*,*,#594,.F.);
#594 = EDGE_CURVE('',#595,#263,#597,.T.);
#595 = VERTEX_POINT('',#596);
#596 = CARTESIAN_POINT('',(31.5,-16.5,180.));
#597 = LINE('',#598,#599);
#598 = CARTESIAN_POINT('',(31.5,-16.5,180.));
#599 = VECTOR('',#600,1.);
#600 = DIRECTION('',(0.,1.,-2.22044604925E-16));
#601 = ORIENTED_EDGE('',*,*,#602,.T.);
#602 = EDGE_CURVE('',#595,#595,#603,.T.);
#603 = CIRCLE('',#604,31.5);
#604 = AXIS2_PLACEMENT_3D('',#605,#606,#607);
#605 = CARTESIAN_POINT('',(0.,-16.5,180.));
#606 = DIRECTION('',(0.,1.,-2.22044604925E-16));
#607 = DIRECTION('',(1.,0.,0.));
#608 = ORIENTED_EDGE('',*,*,#594,.T.);
#609 = CYLINDRICAL_SURFACE('',#610,31.5);
#610 = AXIS2_PLACEMENT_3D('',#611,#612,#613);
#611 = CARTESIAN_POINT('',(0.,-16.5,180.));
#612 = DIRECTION('',(0.,1.,-2.22044604925E-16));
#613 = DIRECTION('',(1.,0.,0.));
#614 = ADVANCED_FACE('',(#615),#618,.F.);
#615 = FACE_BOUND('',#616,.T.);
#616 = EDGE_LOOP('',(#617));
#617 = ORIENTED_EDGE('',*,*,#602,.F.);
#618 = PLANE('',#619);
#619 = AXIS2_PLACEMENT_3D('',#620,#621,#622);
#620 = CARTESIAN_POINT('',(0.,-16.5,180.));
#621 = DIRECTION('',(0.,1.,-2.22044604925E-16));
#622 = DIRECTION('',(1.,0.,0.));
#623 = ADVANCED_FACE('',(#624,#723,#734,#763,#792,#821,#850,#879,#908,
    #937,#966),#995,.T.);
#624 = FACE_BOUND('',#625,.T.);
#625 = EDGE_LOOP('',(#626,#637,#646,#655,#662,#663,#672,#679,#680,#681,
    #682,#683,#684,#685,#686,#687,#688,#689,#690,#699,#706,#707,#716));
#626 = ORIENTED_EDGE('',*,*,#627,.T.);
#627 = EDGE_CURVE('',#628,#630,#632,.T.);
#628 = VERTEX_POINT('',#629);
#629 = CARTESIAN_POINT('',(34.946528082726,17.,193.6011093284));
#630 = VERTEX_POINT('',#631);
#631 = CARTESIAN_POINT('',(37.5,17.,180.));
#632 = CIRCLE('',#633,37.5);
#633 = AXIS2_PLACEMENT_3D('',#634,#635,#636);
#634 = CARTESIAN_POINT('',(0.,17.,180.));
#635 = DIRECTION('',(0.,1.,-2.22044604925E-16));
#636 = DIRECTION('',(1.,0.,0.));
#637 = ORIENTED_EDGE('',*,*,#638,.T.);
#638 = EDGE_CURVE('',#630,#639,#641,.T.);
#639 = VERTEX_POINT('',#640);
#640 = CARTESIAN_POINT('',(36.978734104537,17.,173.76917148157));
#641 = CIRCLE('',#642,37.5);
#642 = AXIS2_PLACEMENT_3D('',#643,#644,#645);
#643 = CARTESIAN_POINT('',(0.,17.,180.));
#644 = DIRECTION('',(0.,1.,-2.22044604925E-16));
#645 = DIRECTION('',(1.,0.,0.));
#646 = ORIENTED_EDGE('',*,*,#647,.T.);
#647 = EDGE_CURVE('',#639,#648,#650,.T.);
#648 = VERTEX_POINT('',#649);
#649 = CARTESIAN_POINT('',(39.36233,17.,170.83318));
#650 = CIRCLE('',#651,3.);
#651 = AXIS2_PLACEMENT_3D('',#652,#653,#654);
#652 = CARTESIAN_POINT('',(36.36233,17.,170.83318));
#653 = DIRECTION('',(0.,1.,-2.22044604925E-16));
#654 = DIRECTION('',(1.,0.,0.));
#655 = ORIENTED_EDGE('',*,*,#656,.T.);
#656 = EDGE_CURVE('',#648,#562,#657,.T.);
#657 = CIRCLE('',#658,3.);
#658 = AXIS2_PLACEMENT_3D('',#659,#660,#661);
#659 = CARTESIAN_POINT('',(36.36233,17.,170.83318));
#660 = DIRECTION('',(0.,1.,-2.22044604925E-16));
#661 = DIRECTION('',(1.,0.,0.));
#662 = ORIENTED_EDGE('',*,*,#561,.T.);
#663 = ORIENTED_EDGE('',*,*,#664,.T.);
#664 = EDGE_CURVE('',#564,#665,#667,.T.);
#665 = VERTEX_POINT('',#666);
#666 = CARTESIAN_POINT('',(24.96285,17.,149.60455));
#667 = CIRCLE('',#668,3.);
#668 = AXIS2_PLACEMENT_3D('',#669,#670,#671);
#669 = CARTESIAN_POINT('',(21.96285,17.,149.60455));
#670 = DIRECTION('',(0.,1.,-2.22044604925E-16));
#671 = DIRECTION('',(1.,0.,0.));
#672 = ORIENTED_EDGE('',*,*,#673,.T.);
#673 = EDGE_CURVE('',#665,#537,#674,.T.);
#674 = CIRCLE('',#675,3.);
#675 = AXIS2_PLACEMENT_3D('',#676,#677,#678);
#676 = CARTESIAN_POINT('',(21.96285,17.,149.60455));
#677 = DIRECTION('',(0.,1.,-2.22044604925E-16));
#678 = DIRECTION('',(1.,0.,0.));
#679 = ORIENTED_EDGE('',*,*,#536,.T.);
#680 = ORIENTED_EDGE('',*,*,#511,.T.);
#681 = ORIENTED_EDGE('',*,*,#486,.T.);
#682 = ORIENTED_EDGE('',*,*,#461,.T.);
#683 = ORIENTED_EDGE('',*,*,#436,.T.);
#684 = ORIENTED_EDGE('',*,*,#411,.T.);
#685 = ORIENTED_EDGE('',*,*,#387,.T.);
#686 = ORIENTED_EDGE('',*,*,#361,.T.);
#687 = ORIENTED_EDGE('',*,*,#337,.T.);
#688 = ORIENTED_EDGE('',*,*,#311,.T.);
#689 = ORIENTED_EDGE('',*,*,#287,.T.);
#690 = ORIENTED_EDGE('',*,*,#691,.T.);
#691 = EDGE_CURVE('',#280,#692,#694,.T.);
#692 = VERTEX_POINT('',#693);
#693 = CARTESIAN_POINT('',(18.34181,17.,214.21811));
#694 = CIRCLE('',#695,3.);
#695 = AXIS2_PLACEMENT_3D('',#696,#697,#698);
#696 = CARTESIAN_POINT('',(15.34181,17.,214.21811));
#697 = DIRECTION('',(0.,1.,-2.22044604925E-16));
#698 = DIRECTION('',(1.,0.,0.));
#699 = ORIENTED_EDGE('',*,*,#700,.T.);
#700 = EDGE_CURVE('',#692,#32,#701,.T.);
#701 = CIRCLE('',#702,3.);
#702 = AXIS2_PLACEMENT_3D('',#703,#704,#705);
#703 = CARTESIAN_POINT('',(15.34181,17.,214.21811));
#704 = DIRECTION('',(0.,1.,-2.22044604925E-16));
#705 = DIRECTION('',(1.,0.,0.));
#706 = ORIENTED_EDGE('',*,*,#31,.T.);
#707 = ORIENTED_EDGE('',*,*,#708,.T.);
#708 = EDGE_CURVE('',#24,#709,#711,.T.);
#709 = VERTEX_POINT('',#710);
#710 = CARTESIAN_POINT('',(36.74748,17.,196.35107));
#711 = CIRCLE('',#712,3.);
#712 = AXIS2_PLACEMENT_3D('',#713,#714,#715);
#713 = CARTESIAN_POINT('',(33.74748,17.,196.35107));
#714 = DIRECTION('',(0.,1.,-2.22044604925E-16));
#715 = DIRECTION('',(1.,0.,0.));
#716 = ORIENTED_EDGE('',*,*,#717,.T.);
#717 = EDGE_CURVE('',#709,#628,#718,.T.);
#718 = CIRCLE('',#719,3.);
#719 = AXIS2_PLACEMENT_3D('',#720,#721,#722);
#720 = CARTESIAN_POINT('',(33.74748,17.,196.35107));
#721 = DIRECTION('',(0.,1.,-2.22044604925E-16));
#722 = DIRECTION('',(1.,0.,0.));
#723 = FACE_BOUND('',#724,.T.);
#724 = EDGE_LOOP('',(#725));
#725 = ORIENTED_EDGE('',*,*,#726,.F.);
#726 = EDGE_CURVE('',#727,#727,#729,.T.);
#727 = VERTEX_POINT('',#728);
#728 = CARTESIAN_POINT('',(21.5,17.,180.));
#729 = CIRCLE('',#730,21.5);
#730 = AXIS2_PLACEMENT_3D('',#731,#732,#733);
#731 = CARTESIAN_POINT('',(0.,17.,180.));
#732 = DIRECTION('',(0.,1.,-2.22044604925E-16));
#733 = DIRECTION('',(1.,0.,0.));
#734 = FACE_BOUND('',#735,.T.);
#735 = EDGE_LOOP('',(#736,#747,#756));
#736 = ORIENTED_EDGE('',*,*,#737,.F.);
#737 = EDGE_CURVE('',#738,#740,#742,.T.);
#738 = VERTEX_POINT('',#739);
#739 = CARTESIAN_POINT('',(16.697986030727,17.,213.5771836597));
#740 = VERTEX_POINT('',#741);
#741 = CARTESIAN_POINT('',(13.961085046785,17.,214.80428284444));
#742 = CIRCLE('',#743,1.5);
#743 = AXIS2_PLACEMENT_3D('',#744,#745,#746);
#744 = CARTESIAN_POINT('',(15.34181,17.,214.21811));
#745 = DIRECTION('',(0.,1.,-2.22044604925E-16));
#746 = DIRECTION('',(1.,0.,0.));
#747 = ORIENTED_EDGE('',*,*,#748,.F.);
#748 = EDGE_CURVE('',#749,#738,#751,.T.);
#749 = VERTEX_POINT('',#750);
#750 = CARTESIAN_POINT('',(16.84181,17.,214.21811));
#751 = CIRCLE('',#752,1.5);
#752 = AXIS2_PLACEMENT_3D('',#753,#754,#755);
#753 = CARTESIAN_POINT('',(15.34181,17.,214.21811));
#754 = DIRECTION('',(0.,1.,-2.22044604925E-16));
#755 = DIRECTION('',(1.,0.,0.));
#756 = ORIENTED_EDGE('',*,*,#757,.F.);
#757 = EDGE_CURVE('',#740,#749,#758,.T.);
#758 = CIRCLE('',#759,1.5);
#759 = AXIS2_PLACEMENT_3D('',#760,#761,#762);
#760 = CARTESIAN_POINT('',(15.34181,17.,214.21811));
#761 = DIRECTION('',(0.,1.,-2.22044604925E-16));
#762 = DIRECTION('',(1.,0.,0.));
#763 = FACE_BOUND('',#764,.T.);
#764 = EDGE_LOOP('',(#765,#776,#785));
#765 = ORIENTED_EDGE('',*,*,#766,.F.);
#766 = EDGE_CURVE('',#767,#769,#771,.T.);
#767 = VERTEX_POINT('',#768);
#768 = CARTESIAN_POINT('',(34.374395270426,17.,194.98836047713));
#769 = VERTEX_POINT('',#770);
#770 = CARTESIAN_POINT('',(33.066571241528,17.,197.68761901243));
#771 = CIRCLE('',#772,1.5);
#772 = AXIS2_PLACEMENT_3D('',#773,#774,#775);
#773 = CARTESIAN_POINT('',(33.74748,17.,196.35107));
#774 = DIRECTION('',(0.,1.,-2.22044604925E-16));
#775 = DIRECTION('',(1.,0.,0.));
#776 = ORIENTED_EDGE('',*,*,#777,.F.);
#777 = EDGE_CURVE('',#778,#767,#780,.T.);
#778 = VERTEX_POINT('',#779);
#779 = CARTESIAN_POINT('',(35.24748,17.,196.35107));
#780 = CIRCLE('',#781,1.5);
#781 = AXIS2_PLACEMENT_3D('',#782,#783,#784);
#782 = CARTESIAN_POINT('',(33.74748,17.,196.35107));
#783 = DIRECTION('',(0.,1.,-2.22044604925E-16));
#784 = DIRECTION('',(1.,0.,0.));
#785 = ORIENTED_EDGE('',*,*,#786,.F.);
#786 = EDGE_CURVE('',#769,#778,#787,.T.);
#787 = CIRCLE('',#788,1.5);
#788 = AXIS2_PLACEMENT_3D('',#789,#790,#791);
#789 = CARTESIAN_POINT('',(33.74748,17.,196.35107));
#790 = DIRECTION('',(0.,1.,-2.22044604925E-16));
#791 = DIRECTION('',(1.,0.,0.));
#792 = FACE_BOUND('',#793,.T.);
#793 = EDGE_LOOP('',(#794,#805,#814));
#794 = ORIENTED_EDGE('',*,*,#795,.F.);
#795 = EDGE_CURVE('',#796,#798,#800,.T.);
#796 = VERTEX_POINT('',#797);
#797 = CARTESIAN_POINT('',(35.966645356899,17.,169.38630970062));
#798 = VERTEX_POINT('',#799);
#799 = CARTESIAN_POINT('',(36.699844417012,17.,172.29471481597));
#800 = CIRCLE('',#801,1.5);
#801 = AXIS2_PLACEMENT_3D('',#802,#803,#804);
#802 = CARTESIAN_POINT('',(36.36233,17.,170.83318));
#803 = DIRECTION('',(0.,1.,-2.22044604925E-16));
#804 = DIRECTION('',(1.,0.,0.));
#805 = ORIENTED_EDGE('',*,*,#806,.F.);
#806 = EDGE_CURVE('',#807,#796,#809,.T.);
#807 = VERTEX_POINT('',#808);
#808 = CARTESIAN_POINT('',(37.86233,17.,170.83318));
#809 = CIRCLE('',#810,1.5);
#810 = AXIS2_PLACEMENT_3D('',#811,#812,#813);
#811 = CARTESIAN_POINT('',(36.36233,17.,170.83318));
#812 = DIRECTION('',(0.,1.,-2.22044604925E-16));
#813 = DIRECTION('',(1.,0.,0.));
#814 = ORIENTED_EDGE('',*,*,#815,.F.);
#815 = EDGE_CURVE('',#798,#807,#816,.T.);
#816 = CIRCLE('',#817,1.5);
#817 = AXIS2_PLACEMENT_3D('',#818,#819,#820);
#818 = CARTESIAN_POINT('',(36.36233,17.,170.83318));
#819 = DIRECTION('',(0.,1.,-2.22044604925E-16));
#820 = DIRECTION('',(1.,0.,0.));
#821 = FACE_BOUND('',#822,.T.);
#822 = EDGE_LOOP('',(#823,#834,#843));
#823 = ORIENTED_EDGE('',*,*,#824,.F.);
#824 = EDGE_CURVE('',#825,#827,#829,.T.);
#825 = VERTEX_POINT('',#826);
#826 = CARTESIAN_POINT('',(20.729703758297,17.,148.750529891));
#827 = VERTEX_POINT('',#828);
#828 = CARTESIAN_POINT('',(23.160853173953,17.,150.50720629959));
#829 = CIRCLE('',#830,1.5);
#830 = AXIS2_PLACEMENT_3D('',#831,#832,#833);
#831 = CARTESIAN_POINT('',(21.96285,17.,149.60455));
#832 = DIRECTION('',(0.,1.,-2.22044604925E-16));
#833 = DIRECTION('',(1.,0.,0.));
#834 = ORIENTED_EDGE('',*,*,#835,.F.);
#835 = EDGE_CURVE('',#836,#825,#838,.T.);
#836 = VERTEX_POINT('',#837);
#837 = CARTESIAN_POINT('',(23.46285,17.,149.60455));
#838 = CIRCLE('',#839,1.5);
#839 = AXIS2_PLACEMENT_3D('',#840,#841,#842);
#840 = CARTESIAN_POINT('',(21.96285,17.,149.60455));
#841 = DIRECTION('',(0.,1.,-2.22044604925E-16));
#842 = DIRECTION('',(1.,0.,0.));
#843 = ORIENTED_EDGE('',*,*,#844,.F.);
#844 = EDGE_CURVE('',#827,#836,#845,.T.);
#845 = CIRCLE('',#846,1.5);
#846 = AXIS2_PLACEMENT_3D('',#847,#848,#849);
#847 = CARTESIAN_POINT('',(21.96285,17.,149.60455));
#848 = DIRECTION('',(0.,1.,-2.22044604925E-16));
#849 = DIRECTION('',(1.,0.,0.));
#850 = FACE_BOUND('',#851,.T.);
#851 = EDGE_LOOP('',(#852,#863,#872));
#852 = ORIENTED_EDGE('',*,*,#853,.F.);
#853 = EDGE_CURVE('',#854,#856,#858,.T.);
#854 = VERTEX_POINT('',#855);
#855 = CARTESIAN_POINT('',(-8.791598912819,17.,216.45487331696));
#856 = VERTEX_POINT('',#857);
#857 = CARTESIAN_POINT('',(-8.74247,17.,216.07412));
#858 = CIRCLE('',#859,1.5);
#859 = AXIS2_PLACEMENT_3D('',#860,#861,#862);
#860 = CARTESIAN_POINT('',(-10.24247,17.,216.07412));
#861 = DIRECTION('',(0.,1.,-2.22044604925E-16));
#862 = DIRECTION('',(1.,0.,0.));
#863 = ORIENTED_EDGE('',*,*,#864,.F.);
#864 = EDGE_CURVE('',#865,#854,#867,.T.);
#865 = VERTEX_POINT('',#866);
#866 = CARTESIAN_POINT('',(-11.67695076836,17.,215.63563975507));
#867 = CIRCLE('',#868,1.5);
#868 = AXIS2_PLACEMENT_3D('',#869,#870,#871);
#869 = CARTESIAN_POINT('',(-10.24247,17.,216.07412));
#870 = DIRECTION('',(0.,1.,-2.22044604925E-16));
#871 = DIRECTION('',(1.,0.,0.));
#872 = ORIENTED_EDGE('',*,*,#873,.F.);
#873 = EDGE_CURVE('',#856,#865,#874,.T.);
#874 = CIRCLE('',#875,1.5);
#875 = AXIS2_PLACEMENT_3D('',#876,#877,#878);
#876 = CARTESIAN_POINT('',(-10.24247,17.,216.07412));
#877 = DIRECTION('',(0.,1.,-2.22044604925E-16));
#878 = DIRECTION('',(1.,0.,0.));
#879 = FACE_BOUND('',#880,.T.);
#880 = EDGE_LOOP('',(#881,#892,#901));
#881 = ORIENTED_EDGE('',*,*,#882,.F.);
#882 = EDGE_CURVE('',#883,#885,#887,.T.);
#883 = VERTEX_POINT('',#884);
#884 = CARTESIAN_POINT('',(-4.206898678715,17.,142.7367204408));
#885 = VERTEX_POINT('',#886);
#886 = CARTESIAN_POINT('',(-1.2133,17.,142.59829));
#887 = CIRCLE('',#888,1.5);
#888 = AXIS2_PLACEMENT_3D('',#889,#890,#891);
#889 = CARTESIAN_POINT('',(-2.7133,17.,142.59829));
#890 = DIRECTION('',(0.,1.,-2.22044604925E-16));
#891 = DIRECTION('',(1.,0.,0.));
#892 = ORIENTED_EDGE('',*,*,#893,.F.);
#893 = EDGE_CURVE('',#894,#883,#896,.T.);
#894 = VERTEX_POINT('',#895);
#895 = CARTESIAN_POINT('',(-1.215360218869,17.,142.51969984727));
#896 = CIRCLE('',#897,1.5);
#897 = AXIS2_PLACEMENT_3D('',#898,#899,#900);
#898 = CARTESIAN_POINT('',(-2.7133,17.,142.59829));
#899 = DIRECTION('',(0.,1.,-2.22044604925E-16));
#900 = DIRECTION('',(1.,0.,0.));
#901 = ORIENTED_EDGE('',*,*,#902,.F.);
#902 = EDGE_CURVE('',#885,#894,#903,.T.);
#903 = CIRCLE('',#904,1.5);
#904 = AXIS2_PLACEMENT_3D('',#905,#906,#907);
#905 = CARTESIAN_POINT('',(-2.7133,17.,142.59829));
#906 = DIRECTION('',(0.,1.,-2.22044604925E-16));
#907 = DIRECTION('',(1.,0.,0.));
#908 = FACE_BOUND('',#909,.T.);
#909 = EDGE_LOOP('',(#910,#921,#930));
#910 = ORIENTED_EDGE('',*,*,#911,.F.);
#911 = EDGE_CURVE('',#912,#914,#916,.T.);
#912 = VERTEX_POINT('',#913);
#913 = CARTESIAN_POINT('',(-30.16749788021,17.,202.27492023885));
#914 = VERTEX_POINT('',#915);
#915 = CARTESIAN_POINT('',(-29.53418,17.,201.05064));
#916 = CIRCLE('',#917,1.5);
#917 = AXIS2_PLACEMENT_3D('',#918,#919,#920);
#918 = CARTESIAN_POINT('',(-31.03418,17.,201.05064));
#919 = DIRECTION('',(0.,1.,-2.22044604925E-16));
#920 = DIRECTION('',(1.,0.,0.));
#921 = ORIENTED_EDGE('',*,*,#922,.F.);
#922 = EDGE_CURVE('',#923,#912,#925,.T.);
#923 = VERTEX_POINT('',#924);
#924 = CARTESIAN_POINT('',(-31.85121244038,17.,199.7926821345));
#925 = CIRCLE('',#926,1.5);
#926 = AXIS2_PLACEMENT_3D('',#927,#928,#929);
#927 = CARTESIAN_POINT('',(-31.03418,17.,201.05064));
#928 = DIRECTION('',(0.,1.,-2.22044604925E-16));
#929 = DIRECTION('',(1.,0.,0.));
#930 = ORIENTED_EDGE('',*,*,#931,.F.);
#931 = EDGE_CURVE('',#914,#923,#932,.T.);
#932 = CIRCLE('',#933,1.5);
#933 = AXIS2_PLACEMENT_3D('',#934,#935,#936);
#934 = CARTESIAN_POINT('',(-31.03418,17.,201.05064));
#935 = DIRECTION('',(0.,1.,-2.22044604925E-16));
#936 = DIRECTION('',(1.,0.,0.));
#937 = FACE_BOUND('',#938,.T.);
#938 = EDGE_LOOP('',(#939,#950,#959));
#939 = ORIENTED_EDGE('',*,*,#940,.F.);
#940 = EDGE_CURVE('',#941,#943,#945,.T.);
#941 = VERTEX_POINT('',#942);
#942 = CARTESIAN_POINT('',(-27.1750468649,17.,154.15881527696));
#943 = VERTEX_POINT('',#944);
#944 = CARTESIAN_POINT('',(-24.61987,17.,153.0927));
#945 = CIRCLE('',#946,1.5);
#946 = AXIS2_PLACEMENT_3D('',#947,#948,#949);
#947 = CARTESIAN_POINT('',(-26.11987,17.,153.0927));
#948 = DIRECTION('',(0.,1.,-2.22044604925E-16));
#949 = DIRECTION('',(1.,0.,0.));
#950 = ORIENTED_EDGE('',*,*,#951,.F.);
#951 = EDGE_CURVE('',#952,#941,#954,.T.);
#952 = VERTEX_POINT('',#953);
#953 = CARTESIAN_POINT('',(-25.02289388626,17.,152.06964408467));
#954 = CIRCLE('',#955,1.5);
#955 = AXIS2_PLACEMENT_3D('',#956,#957,#958);
#956 = CARTESIAN_POINT('',(-26.11987,17.,153.0927));
#957 = DIRECTION('',(0.,1.,-2.22044604925E-16));
#958 = DIRECTION('',(1.,0.,0.));
#959 = ORIENTED_EDGE('',*,*,#960,.F.);
#960 = EDGE_CURVE('',#943,#952,#961,.T.);
#961 = CIRCLE('',#962,1.5);
#962 = AXIS2_PLACEMENT_3D('',#963,#964,#965);
#963 = CARTESIAN_POINT('',(-26.11987,17.,153.0927));
#964 = DIRECTION('',(0.,1.,-2.22044604925E-16));
#965 = DIRECTION('',(1.,0.,0.));
#966 = FACE_BOUND('',#967,.T.);
#967 = EDGE_LOOP('',(#968,#979,#988));
#968 = ORIENTED_EDGE('',*,*,#969,.F.);
#969 = EDGE_CURVE('',#970,#972,#974,.T.);
#970 = VERTEX_POINT('',#971);
#971 = CARTESIAN_POINT('',(-37.42768687773,17.,177.67228545944));
#972 = VERTEX_POINT('',#973);
#973 = CARTESIAN_POINT('',(-35.80465,17.,176.17734));
#974 = CIRCLE('',#975,1.5);
#975 = AXIS2_PLACEMENT_3D('',#976,#977,#978);
#976 = CARTESIAN_POINT('',(-37.30465,17.,176.17734));
#977 = DIRECTION('',(0.,1.,-2.22044604925E-16));
#978 = DIRECTION('',(1.,0.,0.));
#979 = ORIENTED_EDGE('',*,*,#980,.F.);
#980 = EDGE_CURVE('',#981,#970,#983,.T.);
#981 = VERTEX_POINT('',#982);
#982 = CARTESIAN_POINT('',(-37.12193518789,17.,174.68850982249));
#983 = CIRCLE('',#984,1.5);
#984 = AXIS2_PLACEMENT_3D('',#985,#986,#987);
#985 = CARTESIAN_POINT('',(-37.30465,17.,176.17734));
#986 = DIRECTION('',(0.,1.,-2.22044604925E-16));
#987 = DIRECTION('',(1.,0.,0.));
#988 = ORIENTED_EDGE('',*,*,#989,.F.);
#989 = EDGE_CURVE('',#972,#981,#990,.T.);
#990 = CIRCLE('',#991,1.5);
#991 = AXIS2_PLACEMENT_3D('',#992,#993,#994);
#992 = CARTESIAN_POINT('',(-37.30465,17.,176.17734));
#993 = DIRECTION('',(0.,1.,-2.22044604925E-16));
#994 = DIRECTION('',(1.,0.,0.));
#995 = PLANE('',#996);
#996 = AXIS2_PLACEMENT_3D('',#997,#998,#999);
#997 = CARTESIAN_POINT('',(0.140757833258,17.,180.00467912878));
#998 = DIRECTION('',(0.,1.,-2.22044604925E-16));
#999 = DIRECTION('',(1.,0.,0.));
#1000 = ADVANCED_FACE('',(#1001),#1020,.T.);
#1001 = FACE_BOUND('',#1002,.T.);
#1002 = EDGE_LOOP('',(#1003,#1012,#1018,#1019));
#1003 = ORIENTED_EDGE('',*,*,#1004,.F.);
#1004 = EDGE_CURVE('',#1005,#1005,#1007,.T.);
#1005 = VERTEX_POINT('',#1006);
#1006 = CARTESIAN_POINT('',(21.5,19.,180.));
#1007 = CIRCLE('',#1008,21.5);
#1008 = AXIS2_PLACEMENT_3D('',#1009,#1010,#1011);
#1009 = CARTESIAN_POINT('',(0.,19.,180.));
#1010 = DIRECTION('',(0.,1.,-2.22044604925E-16));
#1011 = DIRECTION('',(1.,0.,0.));
#1012 = ORIENTED_EDGE('',*,*,#1013,.F.);
#1013 = EDGE_CURVE('',#727,#1005,#1014,.T.);
#1014 = LINE('',#1015,#1016);
#1015 = CARTESIAN_POINT('',(21.5,17.,180.));
#1016 = VECTOR('',#1017,1.);
#1017 = DIRECTION('',(0.,1.,-2.22044604925E-16));
#1018 = ORIENTED_EDGE('',*,*,#726,.T.);
#1019 = ORIENTED_EDGE('',*,*,#1013,.T.);
#1020 = CYLINDRICAL_SURFACE('',#1021,21.5);
#1021 = AXIS2_PLACEMENT_3D('',#1022,#1023,#1024);
#1022 = CARTESIAN_POINT('',(0.,17.,180.));
#1023 = DIRECTION('',(0.,1.,-2.22044604925E-16));
#1024 = DIRECTION('',(1.,0.,0.));
#1025 = ADVANCED_FACE('',(#1026,#1029),#1040,.T.);
#1026 = FACE_BOUND('',#1027,.T.);
#1027 = EDGE_LOOP('',(#1028));
#1028 = ORIENTED_EDGE('',*,*,#1004,.T.);
#1029 = FACE_BOUND('',#1030,.T.);
#1030 = EDGE_LOOP('',(#1031));
#1031 = ORIENTED_EDGE('',*,*,#1032,.F.);
#1032 = EDGE_CURVE('',#1033,#1033,#1035,.T.);
#1033 = VERTEX_POINT('',#1034);
#1034 = CARTESIAN_POINT('',(16.25,19.,180.));
#1035 = CIRCLE('',#1036,16.25);
#1036 = AXIS2_PLACEMENT_3D('',#1037,#1038,#1039);
#1037 = CARTESIAN_POINT('',(0.,19.,180.));
#1038 = DIRECTION('',(0.,1.,-2.22044604925E-16));
#1039 = DIRECTION('',(1.,0.,0.));
#1040 = PLANE('',#1041);
#1041 = AXIS2_PLACEMENT_3D('',#1042,#1043,#1044);
#1042 = CARTESIAN_POINT('',(0.,19.,180.));
#1043 = DIRECTION('',(0.,1.,-2.22044604925E-16));
#1044 = DIRECTION('',(1.,0.,0.));
#1045 = ADVANCED_FACE('',(#1046),#1065,.F.);
#1046 = FACE_BOUND('',#1047,.F.);
#1047 = EDGE_LOOP('',(#1048,#1049,#1057,#1064));
#1048 = ORIENTED_EDGE('',*,*,#1032,.F.);
#1049 = ORIENTED_EDGE('',*,*,#1050,.F.);
#1050 = EDGE_CURVE('',#1051,#1033,#1053,.T.);
#1051 = VERTEX_POINT('',#1052);
#1052 = CARTESIAN_POINT('',(16.25,12.,180.));
#1053 = LINE('',#1054,#1055);
#1054 = CARTESIAN_POINT('',(16.25,12.,180.));
#1055 = VECTOR('',#1056,1.);
#1056 = DIRECTION('',(0.,1.,-2.22044604925E-16));
#1057 = ORIENTED_EDGE('',*,*,#1058,.T.);
#1058 = EDGE_CURVE('',#1051,#1051,#1059,.T.);
#1059 = CIRCLE('',#1060,16.25);
#1060 = AXIS2_PLACEMENT_3D('',#1061,#1062,#1063);
#1061 = CARTESIAN_POINT('',(0.,12.,180.));
#1062 = DIRECTION('',(0.,1.,-2.22044604925E-16));
#1063 = DIRECTION('',(1.,0.,0.));
#1064 = ORIENTED_EDGE('',*,*,#1050,.T.);
#1065 = CYLINDRICAL_SURFACE('',#1066,16.25);
#1066 = AXIS2_PLACEMENT_3D('',#1067,#1068,#1069);
#1067 = CARTESIAN_POINT('',(0.,12.,180.));
#1068 = DIRECTION('',(0.,1.,-2.22044604925E-16));
#1069 = DIRECTION('',(1.,0.,0.));
#1070 = ADVANCED_FACE('',(#1071),#1074,.T.);
#1071 = FACE_BOUND('',#1072,.F.);
#1072 = EDGE_LOOP('',(#1073));
#1073 = ORIENTED_EDGE('',*,*,#1058,.F.);
#1074 = PLANE('',#1075);
#1075 = AXIS2_PLACEMENT_3D('',#1076,#1077,#1078);
#1076 = CARTESIAN_POINT('',(0.,12.,180.));
#1077 = DIRECTION('',(0.,1.,-2.22044604925E-16));
#1078 = DIRECTION('',(1.,0.,0.));
#1079 = ADVANCED_FACE('',(#1080),#1101,.F.);
#1080 = FACE_BOUND('',#1081,.F.);
#1081 = EDGE_LOOP('',(#1082,#1090,#1091,#1092,#1093,#1094));
#1082 = ORIENTED_EDGE('',*,*,#1083,.T.);
#1083 = EDGE_CURVE('',#1084,#749,#1086,.T.);
#1084 = VERTEX_POINT('',#1085);
#1085 = CARTESIAN_POINT('',(16.84181,9.,214.21811));
#1086 = LINE('',#1087,#1088);
#1087 = CARTESIAN_POINT('',(16.84181,9.,214.21811));
#1088 = VECTOR('',#1089,1.);
#1089 = DIRECTION('',(0.,1.,-2.22044604925E-16));
#1090 = ORIENTED_EDGE('',*,*,#757,.F.);
#1091 = ORIENTED_EDGE('',*,*,#737,.F.);
#1092 = ORIENTED_EDGE('',*,*,#748,.F.);
#1093 = ORIENTED_EDGE('',*,*,#1083,.F.);
#1094 = ORIENTED_EDGE('',*,*,#1095,.T.);
#1095 = EDGE_CURVE('',#1084,#1084,#1096,.T.);
#1096 = CIRCLE('',#1097,1.5);
#1097 = AXIS2_PLACEMENT_3D('',#1098,#1099,#1100);
#1098 = CARTESIAN_POINT('',(15.34181,9.,214.21811));
#1099 = DIRECTION('',(0.,1.,-2.22044604925E-16));
#1100 = DIRECTION('',(1.,0.,0.));
#1101 = CYLINDRICAL_SURFACE('',#1102,1.5);
#1102 = AXIS2_PLACEMENT_3D('',#1103,#1104,#1105);
#1103 = CARTESIAN_POINT('',(15.34181,9.,214.21811));
#1104 = DIRECTION('',(0.,1.,-2.22044604925E-16));
#1105 = DIRECTION('',(1.,0.,0.));
#1106 = ADVANCED_FACE('',(#1107),#1110,.T.);
#1107 = FACE_BOUND('',#1108,.F.);
#1108 = EDGE_LOOP('',(#1109));
#1109 = ORIENTED_EDGE('',*,*,#1095,.F.);
#1110 = PLANE('',#1111);
#1111 = AXIS2_PLACEMENT_3D('',#1112,#1113,#1114);
#1112 = CARTESIAN_POINT('',(15.34181,9.,214.21811));
#1113 = DIRECTION('',(0.,1.,-2.22044604925E-16));
#1114 = DIRECTION('',(1.,0.,0.));
#1115 = ADVANCED_FACE('',(#1116),#1137,.F.);
#1116 = FACE_BOUND('',#1117,.F.);
#1117 = EDGE_LOOP('',(#1118,#1126,#1127,#1128,#1129,#1130));
#1118 = ORIENTED_EDGE('',*,*,#1119,.T.);
#1119 = EDGE_CURVE('',#1120,#778,#1122,.T.);
#1120 = VERTEX_POINT('',#1121);
#1121 = CARTESIAN_POINT('',(35.24748,9.,196.35107));
#1122 = LINE('',#1123,#1124);
#1123 = CARTESIAN_POINT('',(35.24748,9.,196.35107));
#1124 = VECTOR('',#1125,1.);
#1125 = DIRECTION('',(0.,1.,-2.22044604925E-16));
#1126 = ORIENTED_EDGE('',*,*,#786,.F.);
#1127 = ORIENTED_EDGE('',*,*,#766,.F.);
#1128 = ORIENTED_EDGE('',*,*,#777,.F.);
#1129 = ORIENTED_EDGE('',*,*,#1119,.F.);
#1130 = ORIENTED_EDGE('',*,*,#1131,.T.);
#1131 = EDGE_CURVE('',#1120,#1120,#1132,.T.);
#1132 = CIRCLE('',#1133,1.5);
#1133 = AXIS2_PLACEMENT_3D('',#1134,#1135,#1136);
#1134 = CARTESIAN_POINT('',(33.74748,9.,196.35107));
#1135 = DIRECTION('',(0.,1.,-2.22044604925E-16));
#1136 = DIRECTION('',(1.,0.,0.));
#1137 = CYLINDRICAL_SURFACE('',#1138,1.5);
#1138 = AXIS2_PLACEMENT_3D('',#1139,#1140,#1141);
#1139 = CARTESIAN_POINT('',(33.74748,9.,196.35107));
#1140 = DIRECTION('',(0.,1.,-2.22044604925E-16));
#1141 = DIRECTION('',(1.,0.,0.));
#1142 = ADVANCED_FACE('',(#1143),#1146,.T.);
#1143 = FACE_BOUND('',#1144,.F.);
#1144 = EDGE_LOOP('',(#1145));
#1145 = ORIENTED_EDGE('',*,*,#1131,.F.);
#1146 = PLANE('',#1147);
#1147 = AXIS2_PLACEMENT_3D('',#1148,#1149,#1150);
#1148 = CARTESIAN_POINT('',(33.74748,9.,196.35107));
#1149 = DIRECTION('',(0.,1.,-2.22044604925E-16));
#1150 = DIRECTION('',(1.,0.,0.));
#1151 = ADVANCED_FACE('',(#1152),#1173,.F.);
#1152 = FACE_BOUND('',#1153,.F.);
#1153 = EDGE_LOOP('',(#1154,#1162,#1163,#1164,#1165,#1166));
#1154 = ORIENTED_EDGE('',*,*,#1155,.T.);
#1155 = EDGE_CURVE('',#1156,#807,#1158,.T.);
#1156 = VERTEX_POINT('',#1157);
#1157 = CARTESIAN_POINT('',(37.86233,9.,170.83318));
#1158 = LINE('',#1159,#1160);
#1159 = CARTESIAN_POINT('',(37.86233,9.,170.83318));
#1160 = VECTOR('',#1161,1.);
#1161 = DIRECTION('',(0.,1.,-2.22044604925E-16));
#1162 = ORIENTED_EDGE('',*,*,#815,.F.);
#1163 = ORIENTED_EDGE('',*,*,#795,.F.);
#1164 = ORIENTED_EDGE('',*,*,#806,.F.);
#1165 = ORIENTED_EDGE('',*,*,#1155,.F.);
#1166 = ORIENTED_EDGE('',*,*,#1167,.T.);
#1167 = EDGE_CURVE('',#1156,#1156,#1168,.T.);
#1168 = CIRCLE('',#1169,1.5);
#1169 = AXIS2_PLACEMENT_3D('',#1170,#1171,#1172);
#1170 = CARTESIAN_POINT('',(36.36233,9.,170.83318));
#1171 = DIRECTION('',(0.,1.,-2.22044604925E-16));
#1172 = DIRECTION('',(1.,0.,0.));
#1173 = CYLINDRICAL_SURFACE('',#1174,1.5);
#1174 = AXIS2_PLACEMENT_3D('',#1175,#1176,#1177);
#1175 = CARTESIAN_POINT('',(36.36233,9.,170.83318));
#1176 = DIRECTION('',(0.,1.,-2.22044604925E-16));
#1177 = DIRECTION('',(1.,0.,0.));
#1178 = ADVANCED_FACE('',(#1179),#1182,.T.);
#1179 = FACE_BOUND('',#1180,.F.);
#1180 = EDGE_LOOP('',(#1181));
#1181 = ORIENTED_EDGE('',*,*,#1167,.F.);
#1182 = PLANE('',#1183);
#1183 = AXIS2_PLACEMENT_3D('',#1184,#1185,#1186);
#1184 = CARTESIAN_POINT('',(36.36233,9.,170.83318));
#1185 = DIRECTION('',(0.,1.,-2.22044604925E-16));
#1186 = DIRECTION('',(1.,0.,0.));
#1187 = ADVANCED_FACE('',(#1188),#1209,.F.);
#1188 = FACE_BOUND('',#1189,.F.);
#1189 = EDGE_LOOP('',(#1190,#1198,#1199,#1200,#1201,#1202));
#1190 = ORIENTED_EDGE('',*,*,#1191,.T.);
#1191 = EDGE_CURVE('',#1192,#836,#1194,.T.);
#1192 = VERTEX_POINT('',#1193);
#1193 = CARTESIAN_POINT('',(23.46285,9.,149.60455));
#1194 = LINE('',#1195,#1196);
#1195 = CARTESIAN_POINT('',(23.46285,9.,149.60455));
#1196 = VECTOR('',#1197,1.);
#1197 = DIRECTION('',(0.,1.,-2.22044604925E-16));
#1198 = ORIENTED_EDGE('',*,*,#844,.F.);
#1199 = ORIENTED_EDGE('',*,*,#824,.F.);
#1200 = ORIENTED_EDGE('',*,*,#835,.F.);
#1201 = ORIENTED_EDGE('',*,*,#1191,.F.);
#1202 = ORIENTED_EDGE('',*,*,#1203,.T.);
#1203 = EDGE_CURVE('',#1192,#1192,#1204,.T.);
#1204 = CIRCLE('',#1205,1.5);
#1205 = AXIS2_PLACEMENT_3D('',#1206,#1207,#1208);
#1206 = CARTESIAN_POINT('',(21.96285,9.,149.60455));
#1207 = DIRECTION('',(0.,1.,-2.22044604925E-16));
#1208 = DIRECTION('',(1.,0.,0.));
#1209 = CYLINDRICAL_SURFACE('',#1210,1.5);
#1210 = AXIS2_PLACEMENT_3D('',#1211,#1212,#1213);
#1211 = CARTESIAN_POINT('',(21.96285,9.,149.60455));
#1212 = DIRECTION('',(0.,1.,-2.22044604925E-16));
#1213 = DIRECTION('',(1.,0.,0.));
#1214 = ADVANCED_FACE('',(#1215),#1218,.T.);
#1215 = FACE_BOUND('',#1216,.F.);
#1216 = EDGE_LOOP('',(#1217));
#1217 = ORIENTED_EDGE('',*,*,#1203,.F.);
#1218 = PLANE('',#1219);
#1219 = AXIS2_PLACEMENT_3D('',#1220,#1221,#1222);
#1220 = CARTESIAN_POINT('',(21.96285,9.,149.60455));
#1221 = DIRECTION('',(0.,1.,-2.22044604925E-16));
#1222 = DIRECTION('',(1.,0.,0.));
#1223 = ADVANCED_FACE('',(#1224),#1245,.F.);
#1224 = FACE_BOUND('',#1225,.F.);
#1225 = EDGE_LOOP('',(#1226,#1234,#1235,#1236,#1237,#1238));
#1226 = ORIENTED_EDGE('',*,*,#1227,.T.);
#1227 = EDGE_CURVE('',#1228,#856,#1230,.T.);
#1228 = VERTEX_POINT('',#1229);
#1229 = CARTESIAN_POINT('',(-8.74247,9.,216.07412));
#1230 = LINE('',#1231,#1232);
#1231 = CARTESIAN_POINT('',(-8.74247,9.,216.07412));
#1232 = VECTOR('',#1233,1.);
#1233 = DIRECTION('',(0.,1.,-2.22044604925E-16));
#1234 = ORIENTED_EDGE('',*,*,#853,.F.);
#1235 = ORIENTED_EDGE('',*,*,#864,.F.);
#1236 = ORIENTED_EDGE('',*,*,#873,.F.);
#1237 = ORIENTED_EDGE('',*,*,#1227,.F.);
#1238 = ORIENTED_EDGE('',*,*,#1239,.T.);
#1239 = EDGE_CURVE('',#1228,#1228,#1240,.T.);
#1240 = CIRCLE('',#1241,1.5);
#1241 = AXIS2_PLACEMENT_3D('',#1242,#1243,#1244);
#1242 = CARTESIAN_POINT('',(-10.24247,9.,216.07412));
#1243 = DIRECTION('',(0.,1.,-2.22044604925E-16));
#1244 = DIRECTION('',(1.,0.,0.));
#1245 = CYLINDRICAL_SURFACE('',#1246,1.5);
#1246 = AXIS2_PLACEMENT_3D('',#1247,#1248,#1249);
#1247 = CARTESIAN_POINT('',(-10.24247,9.,216.07412));
#1248 = DIRECTION('',(0.,1.,-2.22044604925E-16));
#1249 = DIRECTION('',(1.,0.,0.));
#1250 = ADVANCED_FACE('',(#1251),#1254,.T.);
#1251 = FACE_BOUND('',#1252,.F.);
#1252 = EDGE_LOOP('',(#1253));
#1253 = ORIENTED_EDGE('',*,*,#1239,.F.);
#1254 = PLANE('',#1255);
#1255 = AXIS2_PLACEMENT_3D('',#1256,#1257,#1258);
#1256 = CARTESIAN_POINT('',(-10.24247,9.,216.07412));
#1257 = DIRECTION('',(0.,1.,-2.22044604925E-16));
#1258 = DIRECTION('',(1.,0.,0.));
#1259 = ADVANCED_FACE('',(#1260),#1281,.F.);
#1260 = FACE_BOUND('',#1261,.F.);
#1261 = EDGE_LOOP('',(#1262,#1270,#1271,#1272,#1273,#1274));
#1262 = ORIENTED_EDGE('',*,*,#1263,.T.);
#1263 = EDGE_CURVE('',#1264,#885,#1266,.T.);
#1264 = VERTEX_POINT('',#1265);
#1265 = CARTESIAN_POINT('',(-1.2133,9.,142.59829));
#1266 = LINE('',#1267,#1268);
#1267 = CARTESIAN_POINT('',(-1.2133,9.,142.59829));
#1268 = VECTOR('',#1269,1.);
#1269 = DIRECTION('',(0.,1.,-2.22044604925E-16));
#1270 = ORIENTED_EDGE('',*,*,#882,.F.);
#1271 = ORIENTED_EDGE('',*,*,#893,.F.);
#1272 = ORIENTED_EDGE('',*,*,#902,.F.);
#1273 = ORIENTED_EDGE('',*,*,#1263,.F.);
#1274 = ORIENTED_EDGE('',*,*,#1275,.T.);
#1275 = EDGE_CURVE('',#1264,#1264,#1276,.T.);
#1276 = CIRCLE('',#1277,1.5);
#1277 = AXIS2_PLACEMENT_3D('',#1278,#1279,#1280);
#1278 = CARTESIAN_POINT('',(-2.7133,9.,142.59829));
#1279 = DIRECTION('',(0.,1.,-2.22044604925E-16));
#1280 = DIRECTION('',(1.,0.,0.));
#1281 = CYLINDRICAL_SURFACE('',#1282,1.5);
#1282 = AXIS2_PLACEMENT_3D('',#1283,#1284,#1285);
#1283 = CARTESIAN_POINT('',(-2.7133,9.,142.59829));
#1284 = DIRECTION('',(0.,1.,-2.22044604925E-16));
#1285 = DIRECTION('',(1.,0.,0.));
#1286 = ADVANCED_FACE('',(#1287),#1290,.T.);
#1287 = FACE_BOUND('',#1288,.F.);
#1288 = EDGE_LOOP('',(#1289));
#1289 = ORIENTED_EDGE('',*,*,#1275,.F.);
#1290 = PLANE('',#1291);
#1291 = AXIS2_PLACEMENT_3D('',#1292,#1293,#1294);
#1292 = CARTESIAN_POINT('',(-2.7133,9.,142.59829));
#1293 = DIRECTION('',(0.,1.,-2.22044604925E-16));
#1294 = DIRECTION('',(1.,0.,0.));
#1295 = ADVANCED_FACE('',(#1296),#1317,.F.);
#1296 = FACE_BOUND('',#1297,.F.);
#1297 = EDGE_LOOP('',(#1298,#1306,#1307,#1308,#1309,#1310));
#1298 = ORIENTED_EDGE('',*,*,#1299,.T.);
#1299 = EDGE_CURVE('',#1300,#914,#1302,.T.);
#1300 = VERTEX_POINT('',#1301);
#1301 = CARTESIAN_POINT('',(-29.53418,9.,201.05064));
#1302 = LINE('',#1303,#1304);
#1303 = CARTESIAN_POINT('',(-29.53418,9.,201.05064));
#1304 = VECTOR('',#1305,1.);
#1305 = DIRECTION('',(0.,1.,-2.22044604925E-16));
#1306 = ORIENTED_EDGE('',*,*,#911,.F.);
#1307 = ORIENTED_EDGE('',*,*,#922,.F.);
#1308 = ORIENTED_EDGE('',*,*,#931,.F.);
#1309 = ORIENTED_EDGE('',*,*,#1299,.F.);
#1310 = ORIENTED_EDGE('',*,*,#1311,.T.);
#1311 = EDGE_CURVE('',#1300,#1300,#1312,.T.);
#1312 = CIRCLE('',#1313,1.5);
#1313 = AXIS2_PLACEMENT_3D('',#1314,#1315,#1316);
#1314 = CARTESIAN_POINT('',(-31.03418,9.,201.05064));
#1315 = DIRECTION('',(0.,1.,-2.22044604925E-16));
#1316 = DIRECTION('',(1.,0.,0.));
#1317 = CYLINDRICAL_SURFACE('',#1318,1.5);
#1318 = AXIS2_PLACEMENT_3D('',#1319,#1320,#1321);
#1319 = CARTESIAN_POINT('',(-31.03418,9.,201.05064));
#1320 = DIRECTION('',(0.,1.,-2.22044604925E-16));
#1321 = DIRECTION('',(1.,0.,0.));
#1322 = ADVANCED_FACE('',(#1323),#1326,.T.);
#1323 = FACE_BOUND('',#1324,.F.);
#1324 = EDGE_LOOP('',(#1325));
#1325 = ORIENTED_EDGE('',*,*,#1311,.F.);
#1326 = PLANE('',#1327);
#1327 = AXIS2_PLACEMENT_3D('',#1328,#1329,#1330);
#1328 = CARTESIAN_POINT('',(-31.03418,9.,201.05064));
#1329 = DIRECTION('',(0.,1.,-2.22044604925E-16));
#1330 = DIRECTION('',(1.,0.,0.));
#1331 = ADVANCED_FACE('',(#1332),#1353,.F.);
#1332 = FACE_BOUND('',#1333,.F.);
#1333 = EDGE_LOOP('',(#1334,#1342,#1343,#1344,#1345,#1346));
#1334 = ORIENTED_EDGE('',*,*,#1335,.T.);
#1335 = EDGE_CURVE('',#1336,#943,#1338,.T.);
#1336 = VERTEX_POINT('',#1337);
#1337 = CARTESIAN_POINT('',(-24.61987,9.,153.0927));
#1338 = LINE('',#1339,#1340);
#1339 = CARTESIAN_POINT('',(-24.61987,9.,153.0927));
#1340 = VECTOR('',#1341,1.);
#1341 = DIRECTION('',(0.,1.,-2.22044604925E-16));
#1342 = ORIENTED_EDGE('',*,*,#940,.F.);
#1343 = ORIENTED_EDGE('',*,*,#951,.F.);
#1344 = ORIENTED_EDGE('',*,*,#960,.F.);
#1345 = ORIENTED_EDGE('',*,*,#1335,.F.);
#1346 = ORIENTED_EDGE('',*,*,#1347,.T.);
#1347 = EDGE_CURVE('',#1336,#1336,#1348,.T.);
#1348 = CIRCLE('',#1349,1.5);
#1349 = AXIS2_PLACEMENT_3D('',#1350,#1351,#1352);
#1350 = CARTESIAN_POINT('',(-26.11987,9.,153.0927));
#1351 = DIRECTION('',(0.,1.,-2.22044604925E-16));
#1352 = DIRECTION('',(1.,0.,0.));
#1353 = CYLINDRICAL_SURFACE('',#1354,1.5);
#1354 = AXIS2_PLACEMENT_3D('',#1355,#1356,#1357);
#1355 = CARTESIAN_POINT('',(-26.11987,9.,153.0927));
#1356 = DIRECTION('',(0.,1.,-2.22044604925E-16));
#1357 = DIRECTION('',(1.,0.,0.));
#1358 = ADVANCED_FACE('',(#1359),#1362,.T.);
#1359 = FACE_BOUND('',#1360,.F.);
#1360 = EDGE_LOOP('',(#1361));
#1361 = ORIENTED_EDGE('',*,*,#1347,.F.);
#1362 = PLANE('',#1363);
#1363 = AXIS2_PLACEMENT_3D('',#1364,#1365,#1366);
#1364 = CARTESIAN_POINT('',(-26.11987,9.,153.0927));
#1365 = DIRECTION('',(0.,1.,-2.22044604925E-16));
#1366 = DIRECTION('',(1.,0.,0.));
#1367 = ADVANCED_FACE('',(#1368),#1389,.F.);
#1368 = FACE_BOUND('',#1369,.F.);
#1369 = EDGE_LOOP('',(#1370,#1378,#1379,#1380,#1381,#1382));
#1370 = ORIENTED_EDGE('',*,*,#1371,.T.);
#1371 = EDGE_CURVE('',#1372,#972,#1374,.T.);
#1372 = VERTEX_POINT('',#1373);
#1373 = CARTESIAN_POINT('',(-35.80465,9.,176.17734));
#1374 = LINE('',#1375,#1376);
#1375 = CARTESIAN_POINT('',(-35.80465,9.,176.17734));
#1376 = VECTOR('',#1377,1.);
#1377 = DIRECTION('',(0.,1.,-2.22044604925E-16));
#1378 = ORIENTED_EDGE('',*,*,#969,.F.);
#1379 = ORIENTED_EDGE('',*,*,#980,.F.);
#1380 = ORIENTED_EDGE('',*,*,#989,.F.);
#1381 = ORIENTED_EDGE('',*,*,#1371,.F.);
#1382 = ORIENTED_EDGE('',*,*,#1383,.T.);
#1383 = EDGE_CURVE('',#1372,#1372,#1384,.T.);
#1384 = CIRCLE('',#1385,1.5);
#1385 = AXIS2_PLACEMENT_3D('',#1386,#1387,#1388);
#1386 = CARTESIAN_POINT('',(-37.30465,9.,176.17734));
#1387 = DIRECTION('',(0.,1.,-2.22044604925E-16));
#1388 = DIRECTION('',(1.,0.,0.));
#1389 = CYLINDRICAL_SURFACE('',#1390,1.5);
#1390 = AXIS2_PLACEMENT_3D('',#1391,#1392,#1393);
#1391 = CARTESIAN_POINT('',(-37.30465,9.,176.17734));
#1392 = DIRECTION('',(0.,1.,-2.22044604925E-16));
#1393 = DIRECTION('',(1.,0.,0.));
#1394 = ADVANCED_FACE('',(#1395),#1398,.T.);
#1395 = FACE_BOUND('',#1396,.F.);
#1396 = EDGE_LOOP('',(#1397));
#1397 = ORIENTED_EDGE('',*,*,#1383,.F.);
#1398 = PLANE('',#1399);
#1399 = AXIS2_PLACEMENT_3D('',#1400,#1401,#1402);
#1400 = CARTESIAN_POINT('',(-37.30465,9.,176.17734));
#1401 = DIRECTION('',(0.,1.,-2.22044604925E-16));
#1402 = DIRECTION('',(1.,0.,0.));
#1403 = ADVANCED_FACE('',(#1404),#1422,.T.);
#1404 = FACE_BOUND('',#1405,.T.);
#1405 = EDGE_LOOP('',(#1406,#1407,#1413,#1414,#1415,#1421));
#1406 = ORIENTED_EDGE('',*,*,#253,.T.);
#1407 = ORIENTED_EDGE('',*,*,#1408,.T.);
#1408 = EDGE_CURVE('',#245,#639,#1409,.T.);
#1409 = LINE('',#1410,#1411);
#1410 = CARTESIAN_POINT('',(36.978734104537,-8.,173.76917148158));
#1411 = VECTOR('',#1412,1.);
#1412 = DIRECTION('',(0.,1.,-2.22044604925E-16));
#1413 = ORIENTED_EDGE('',*,*,#638,.F.);
#1414 = ORIENTED_EDGE('',*,*,#627,.F.);
#1415 = ORIENTED_EDGE('',*,*,#1416,.F.);
#1416 = EDGE_CURVE('',#64,#628,#1417,.T.);
#1417 = LINE('',#1418,#1419);
#1418 = CARTESIAN_POINT('',(34.946528082726,-8.,193.6011093284));
#1419 = VECTOR('',#1420,1.);
#1420 = DIRECTION('',(0.,1.,-2.22044604925E-16));
#1421 = ORIENTED_EDGE('',*,*,#63,.T.);
#1422 = CYLINDRICAL_SURFACE('',#1423,37.5);
#1423 = AXIS2_PLACEMENT_3D('',#1424,#1425,#1426);
#1424 = CARTESIAN_POINT('',(0.,-8.,180.));
#1425 = DIRECTION('',(0.,1.,-2.22044604925E-16));
#1426 = DIRECTION('',(1.,0.,0.));
#1427 = ADVANCED_FACE('',(#1428),#1436,.T.);
#1428 = FACE_BOUND('',#1429,.T.);
#1429 = EDGE_LOOP('',(#1430,#1431,#1432,#1433,#1434,#1435));
#1430 = ORIENTED_EDGE('',*,*,#708,.F.);
#1431 = ORIENTED_EDGE('',*,*,#21,.F.);
#1432 = ORIENTED_EDGE('',*,*,#83,.T.);
#1433 = ORIENTED_EDGE('',*,*,#74,.T.);
#1434 = ORIENTED_EDGE('',*,*,#1416,.T.);
#1435 = ORIENTED_EDGE('',*,*,#717,.F.);
#1436 = CYLINDRICAL_SURFACE('',#1437,3.);
#1437 = AXIS2_PLACEMENT_3D('',#1438,#1439,#1440);
#1438 = CARTESIAN_POINT('',(33.74748,-8.,196.35107));
#1439 = DIRECTION('',(0.,1.,-2.22044604925E-16));
#1440 = DIRECTION('',(1.,0.,0.));
#1441 = ADVANCED_FACE('',(#1442),#1450,.T.);
#1442 = FACE_BOUND('',#1443,.T.);
#1443 = EDGE_LOOP('',(#1444,#1445,#1446,#1447,#1448,#1449));
#1444 = ORIENTED_EDGE('',*,*,#235,.T.);
#1445 = ORIENTED_EDGE('',*,*,#572,.T.);
#1446 = ORIENTED_EDGE('',*,*,#656,.F.);
#1447 = ORIENTED_EDGE('',*,*,#647,.F.);
#1448 = ORIENTED_EDGE('',*,*,#1408,.F.);
#1449 = ORIENTED_EDGE('',*,*,#244,.T.);
#1450 = CYLINDRICAL_SURFACE('',#1451,3.);
#1451 = AXIS2_PLACEMENT_3D('',#1452,#1453,#1454);
#1452 = CARTESIAN_POINT('',(36.36233,-8.,170.83318));
#1453 = DIRECTION('',(0.,1.,-2.22044604925E-16));
#1454 = DIRECTION('',(1.,0.,0.));
#1455 = ADVANCED_FACE('',(#1456),#1464,.T.);
#1456 = FACE_BOUND('',#1457,.T.);
#1457 = EDGE_LOOP('',(#1458,#1459,#1460,#1461,#1462,#1463));
#1458 = ORIENTED_EDGE('',*,*,#691,.F.);
#1459 = ORIENTED_EDGE('',*,*,#279,.F.);
#1460 = ORIENTED_EDGE('',*,*,#100,.T.);
#1461 = ORIENTED_EDGE('',*,*,#91,.T.);
#1462 = ORIENTED_EDGE('',*,*,#40,.T.);
#1463 = ORIENTED_EDGE('',*,*,#700,.F.);
#1464 = CYLINDRICAL_SURFACE('',#1465,3.);
#1465 = AXIS2_PLACEMENT_3D('',#1466,#1467,#1468);
#1466 = CARTESIAN_POINT('',(15.34181,-8.,214.21811));
#1467 = DIRECTION('',(0.,1.,-2.22044604925E-16));
#1468 = DIRECTION('',(1.,0.,0.));
#1469 = ADVANCED_FACE('',(#1470),#1478,.T.);
#1470 = FACE_BOUND('',#1471,.T.);
#1471 = EDGE_LOOP('',(#1472,#1473,#1474,#1475,#1476,#1477));
#1472 = ORIENTED_EDGE('',*,*,#664,.F.);
#1473 = ORIENTED_EDGE('',*,*,#579,.F.);
#1474 = ORIENTED_EDGE('',*,*,#217,.T.);
#1475 = ORIENTED_EDGE('',*,*,#208,.T.);
#1476 = ORIENTED_EDGE('',*,*,#545,.T.);
#1477 = ORIENTED_EDGE('',*,*,#673,.F.);
#1478 = CYLINDRICAL_SURFACE('',#1479,3.);
#1479 = AXIS2_PLACEMENT_3D('',#1480,#1481,#1482);
#1480 = CARTESIAN_POINT('',(21.96285,-8.,149.60455));
#1481 = DIRECTION('',(0.,1.,-2.22044604925E-16));
#1482 = DIRECTION('',(1.,0.,0.));
#1483 = MANIFOLD_SOLID_BREP('',#1484);
#1484 = CLOSED_SHELL('',(#1485,#1518,#1604,#1624,#1649,#1674,#1699,#1724
    ,#1749,#1766,#1791,#1800,#1809,#1818,#1827,#1836));
#1485 = ADVANCED_FACE('',(#1486),#1513,.T.);
#1486 = FACE_BOUND('',#1487,.T.);
#1487 = EDGE_LOOP('',(#1488,#1497,#1505,#1512));
#1488 = ORIENTED_EDGE('',*,*,#1489,.F.);
#1489 = EDGE_CURVE('',#1490,#1490,#1492,.T.);
#1490 = VERTEX_POINT('',#1491);
#1491 = CARTESIAN_POINT('',(9.850583605211,20.,192.6081720577));
#1492 = CIRCLE('',#1493,16.);
#1493 = AXIS2_PLACEMENT_3D('',#1494,#1495,#1496);
#1494 = CARTESIAN_POINT('',(0.,20.,180.));
#1495 = DIRECTION('',(1.749735364613E-16,1.,-1.367043090562E-16));
#1496 = DIRECTION('',(0.615661475326,0.,0.788010753607));
#1497 = ORIENTED_EDGE('',*,*,#1498,.F.);
#1498 = EDGE_CURVE('',#1499,#1490,#1501,.T.);
#1499 = VERTEX_POINT('',#1500);
#1500 = CARTESIAN_POINT('',(9.850583605211,12.,192.6081720577));
#1501 = LINE('',#1502,#1503);
#1502 = CARTESIAN_POINT('',(9.850583605211,12.,192.6081720577));
#1503 = VECTOR('',#1504,1.);
#1504 = DIRECTION('',(1.749735364613E-16,1.,-1.367043090562E-16));
#1505 = ORIENTED_EDGE('',*,*,#1506,.T.);
#1506 = EDGE_CURVE('',#1499,#1499,#1507,.T.);
#1507 = CIRCLE('',#1508,16.);
#1508 = AXIS2_PLACEMENT_3D('',#1509,#1510,#1511);
#1509 = CARTESIAN_POINT('',(-1.39978829169E-15,12.,180.));
#1510 = DIRECTION('',(1.749735364613E-16,1.,-1.367043090562E-16));
#1511 = DIRECTION('',(0.615661475326,0.,0.788010753607));
#1512 = ORIENTED_EDGE('',*,*,#1498,.T.);
#1513 = CYLINDRICAL_SURFACE('',#1514,16.);
#1514 = AXIS2_PLACEMENT_3D('',#1515,#1516,#1517);
#1515 = CARTESIAN_POINT('',(-1.39978829169E-15,12.,180.));
#1516 = DIRECTION('',(1.749735364613E-16,1.,-1.367043090562E-16));
#1517 = DIRECTION('',(0.615661475326,0.,0.788010753607));
#1518 = ADVANCED_FACE('',(#1519,#1522,#1533,#1544,#1555,#1566,#1577,
    #1588),#1599,.T.);
#1519 = FACE_BOUND('',#1520,.T.);
#1520 = EDGE_LOOP('',(#1521));
#1521 = ORIENTED_EDGE('',*,*,#1489,.T.);
#1522 = FACE_BOUND('',#1523,.T.);
#1523 = EDGE_LOOP('',(#1524));
#1524 = ORIENTED_EDGE('',*,*,#1525,.F.);
#1525 = EDGE_CURVE('',#1526,#1526,#1528,.T.);
#1526 = VERTEX_POINT('',#1527);
#1527 = CARTESIAN_POINT('',(-10.68521633602,20.,180.16316535405));
#1528 = CIRCLE('',#1529,2.);
#1529 = AXIS2_PLACEMENT_3D('',#1530,#1531,#1532);
#1530 = CARTESIAN_POINT('',(-11.91653928667,20.,178.58714384684));
#1531 = DIRECTION('',(1.749735364613E-16,1.,-1.367043090562E-16));
#1532 = DIRECTION('',(0.615661475326,0.,0.788010753607));
#1533 = FACE_BOUND('',#1534,.T.);
#1534 = EDGE_LOOP('',(#1535));
#1535 = ORIENTED_EDGE('',*,*,#1536,.F.);
#1536 = EDGE_CURVE('',#1537,#1537,#1539,.T.);
#1537 = VERTEX_POINT('',#1538);
#1538 = CARTESIAN_POINT('',(-5.950521712554,20.,191.18961503526));
#1539 = CIRCLE('',#1540,2.);
#1540 = AXIS2_PLACEMENT_3D('',#1541,#1542,#1543);
#1541 = CARTESIAN_POINT('',(-7.181844663205,20.,189.61359352805));
#1542 = DIRECTION('',(1.749735364613E-16,1.,-1.367043090562E-16));
#1543 = DIRECTION('',(0.615661475326,0.,0.788010753607));
#1544 = FACE_BOUND('',#1545,.T.);
#1545 = EDGE_LOOP('',(#1546));
#1546 = ORIENTED_EDGE('',*,*,#1547,.F.);
#1547 = EDGE_CURVE('',#1548,#1548,#1550,.T.);
#1548 = VERTEX_POINT('',#1549);
#1549 = CARTESIAN_POINT('',(5.966017574122,20.,192.60247118842));
#1550 = CIRCLE('',#1551,2.);
#1551 = AXIS2_PLACEMENT_3D('',#1552,#1553,#1554);
#1552 = CARTESIAN_POINT('',(4.73469462347,20.,191.02644968121));
#1553 = DIRECTION('',(1.749735364613E-16,1.,-1.367043090562E-16));
#1554 = DIRECTION('',(0.615661475326,0.,0.788010753607));
#1555 = FACE_BOUND('',#1556,.T.);
#1556 = EDGE_LOOP('',(#1557));
#1557 = ORIENTED_EDGE('',*,*,#1558,.F.);
#1558 = EDGE_CURVE('',#1559,#1559,#1561,.T.);
#1559 = VERTEX_POINT('',#1560);
#1560 = CARTESIAN_POINT('',(-3.503371672819,20.,170.549571826));
#1561 = CIRCLE('',#1562,2.);
#1562 = AXIS2_PLACEMENT_3D('',#1563,#1564,#1565);
#1563 = CARTESIAN_POINT('',(-4.73469462347,20.,168.97355031878));
#1564 = DIRECTION('',(1.749735364613E-16,1.,-1.367043090562E-16));
#1565 = DIRECTION('',(0.615661475326,0.,0.788010753607));
#1566 = FACE_BOUND('',#1567,.T.);
#1567 = EDGE_LOOP('',(#1568));
#1568 = ORIENTED_EDGE('',*,*,#1569,.F.);
#1569 = EDGE_CURVE('',#1570,#1570,#1572,.T.);
#1570 = VERTEX_POINT('',#1571);
#1571 = CARTESIAN_POINT('',(8.413167613856,20.,171.96242797916));
#1572 = CIRCLE('',#1573,2.);
#1573 = AXIS2_PLACEMENT_3D('',#1574,#1575,#1576);
#1574 = CARTESIAN_POINT('',(7.181844663205,20.,170.38640647194));
#1575 = DIRECTION('',(1.749735364613E-16,1.,-1.367043090562E-16));
#1576 = DIRECTION('',(0.615661475326,0.,0.788010753607));
#1577 = FACE_BOUND('',#1578,.T.);
#1578 = EDGE_LOOP('',(#1579));
#1579 = ORIENTED_EDGE('',*,*,#1580,.F.);
#1580 = EDGE_CURVE('',#1581,#1581,#1583,.T.);
#1581 = VERTEX_POINT('',#1582);
#1582 = CARTESIAN_POINT('',(3.078307376628,20.,183.94005376803));
#1583 = CIRCLE('',#1584,5.);
#1584 = AXIS2_PLACEMENT_3D('',#1585,#1586,#1587);
#1585 = CARTESIAN_POINT('',(0.,20.,180.));
#1586 = DIRECTION('',(1.749735364613E-16,1.,-1.367043090562E-16));
#1587 = DIRECTION('',(0.615661475326,0.,0.788010753607));
#1588 = FACE_BOUND('',#1589,.T.);
#1589 = EDGE_LOOP('',(#1590));
#1590 = ORIENTED_EDGE('',*,*,#1591,.F.);
#1591 = EDGE_CURVE('',#1592,#1592,#1594,.T.);
#1592 = VERTEX_POINT('',#1593);
#1593 = CARTESIAN_POINT('',(13.147854357219,20.,182.98888381698));
#1594 = CIRCLE('',#1595,2.);
#1595 = AXIS2_PLACEMENT_3D('',#1596,#1597,#1598);
#1596 = CARTESIAN_POINT('',(11.916531406568,20.,181.41286230977));
#1597 = DIRECTION('',(1.749735364613E-16,1.,-1.367043090562E-16));
#1598 = DIRECTION('',(0.615661475326,0.,0.788010753607));
#1599 = PLANE('',#1600);
#1600 = AXIS2_PLACEMENT_3D('',#1601,#1602,#1603);
#1601 = CARTESIAN_POINT('',(0.,20.,180.));
#1602 = DIRECTION('',(1.749735364613E-16,1.,-1.367043090562E-16));
#1603 = DIRECTION('',(0.615661475326,0.,0.788010753607));
#1604 = ADVANCED_FACE('',(#1605,#1608),#1619,.F.);
#1605 = FACE_BOUND('',#1606,.F.);
#1606 = EDGE_LOOP('',(#1607));
#1607 = ORIENTED_EDGE('',*,*,#1506,.T.);
#1608 = FACE_BOUND('',#1609,.F.);
#1609 = EDGE_LOOP('',(#1610));
#1610 = ORIENTED_EDGE('',*,*,#1611,.F.);
#1611 = EDGE_CURVE('',#1612,#1612,#1614,.T.);
#1612 = VERTEX_POINT('',#1613);
#1613 = CARTESIAN_POINT('',(3.078307376628,12.,183.94005376803));
#1614 = CIRCLE('',#1615,5.);
#1615 = AXIS2_PLACEMENT_3D('',#1616,#1617,#1618);
#1616 = CARTESIAN_POINT('',(-1.39978829169E-15,12.,180.));
#1617 = DIRECTION('',(1.749735364613E-16,1.,-1.367043090562E-16));
#1618 = DIRECTION('',(0.615661475326,0.,0.788010753607));
#1619 = PLANE('',#1620);
#1620 = AXIS2_PLACEMENT_3D('',#1621,#1622,#1623);
#1621 = CARTESIAN_POINT('',(-1.39978829169E-15,12.,180.));
#1622 = DIRECTION('',(1.749735364613E-16,1.,-1.367043090562E-16));
#1623 = DIRECTION('',(0.615661475326,0.,0.788010753607));
#1624 = ADVANCED_FACE('',(#1625),#1644,.F.);
#1625 = FACE_BOUND('',#1626,.F.);
#1626 = EDGE_LOOP('',(#1627,#1628,#1636,#1643));
#1627 = ORIENTED_EDGE('',*,*,#1525,.F.);
#1628 = ORIENTED_EDGE('',*,*,#1629,.F.);
#1629 = EDGE_CURVE('',#1630,#1526,#1632,.T.);
#1630 = VERTEX_POINT('',#1631);
#1631 = CARTESIAN_POINT('',(-10.68521633602,14.,180.16316535405));
#1632 = LINE('',#1633,#1634);
#1633 = CARTESIAN_POINT('',(-10.68521633602,14.,180.16316535405));
#1634 = VECTOR('',#1635,1.);
#1635 = DIRECTION('',(1.749735364613E-16,1.,-1.367043090562E-16));
#1636 = ORIENTED_EDGE('',*,*,#1637,.T.);
#1637 = EDGE_CURVE('',#1630,#1630,#1638,.T.);
#1638 = CIRCLE('',#1639,2.);
#1639 = AXIS2_PLACEMENT_3D('',#1640,#1641,#1642);
#1640 = CARTESIAN_POINT('',(-11.91653928667,14.,178.58714384684));
#1641 = DIRECTION('',(1.749735364613E-16,1.,-1.367043090562E-16));
#1642 = DIRECTION('',(0.615661475326,0.,0.788010753607));
#1643 = ORIENTED_EDGE('',*,*,#1629,.T.);
#1644 = CYLINDRICAL_SURFACE('',#1645,2.);
#1645 = AXIS2_PLACEMENT_3D('',#1646,#1647,#1648);
#1646 = CARTESIAN_POINT('',(-11.91653928667,14.,178.58714384684));
#1647 = DIRECTION('',(1.749735364613E-16,1.,-1.367043090562E-16));
#1648 = DIRECTION('',(0.615661475326,0.,0.788010753607));
#1649 = ADVANCED_FACE('',(#1650),#1669,.F.);
#1650 = FACE_BOUND('',#1651,.F.);
#1651 = EDGE_LOOP('',(#1652,#1653,#1661,#1668));
#1652 = ORIENTED_EDGE('',*,*,#1536,.F.);
#1653 = ORIENTED_EDGE('',*,*,#1654,.F.);
#1654 = EDGE_CURVE('',#1655,#1537,#1657,.T.);
#1655 = VERTEX_POINT('',#1656);
#1656 = CARTESIAN_POINT('',(-5.950521712554,14.,191.18961503526));
#1657 = LINE('',#1658,#1659);
#1658 = CARTESIAN_POINT('',(-5.950521712554,14.,191.18961503526));
#1659 = VECTOR('',#1660,1.);
#1660 = DIRECTION('',(1.749735364613E-16,1.,-1.367043090562E-16));
#1661 = ORIENTED_EDGE('',*,*,#1662,.T.);
#1662 = EDGE_CURVE('',#1655,#1655,#1663,.T.);
#1663 = CIRCLE('',#1664,2.);
#1664 = AXIS2_PLACEMENT_3D('',#1665,#1666,#1667);
#1665 = CARTESIAN_POINT('',(-7.181844663205,14.,189.61359352805));
#1666 = DIRECTION('',(1.749735364613E-16,1.,-1.367043090562E-16));
#1667 = DIRECTION('',(0.615661475326,0.,0.788010753607));
#1668 = ORIENTED_EDGE('',*,*,#1654,.T.);
#1669 = CYLINDRICAL_SURFACE('',#1670,2.);
#1670 = AXIS2_PLACEMENT_3D('',#1671,#1672,#1673);
#1671 = CARTESIAN_POINT('',(-7.181844663205,14.,189.61359352805));
#1672 = DIRECTION('',(1.749735364613E-16,1.,-1.367043090562E-16));
#1673 = DIRECTION('',(0.615661475326,0.,0.788010753607));
#1674 = ADVANCED_FACE('',(#1675),#1694,.F.);
#1675 = FACE_BOUND('',#1676,.F.);
#1676 = EDGE_LOOP('',(#1677,#1678,#1686,#1693));
#1677 = ORIENTED_EDGE('',*,*,#1547,.F.);
#1678 = ORIENTED_EDGE('',*,*,#1679,.F.);
#1679 = EDGE_CURVE('',#1680,#1548,#1682,.T.);
#1680 = VERTEX_POINT('',#1681);
#1681 = CARTESIAN_POINT('',(5.966017574122,14.,192.60247118842));
#1682 = LINE('',#1683,#1684);
#1683 = CARTESIAN_POINT('',(5.966017574122,14.,192.60247118842));
#1684 = VECTOR('',#1685,1.);
#1685 = DIRECTION('',(1.749735364613E-16,1.,-1.367043090562E-16));
#1686 = ORIENTED_EDGE('',*,*,#1687,.T.);
#1687 = EDGE_CURVE('',#1680,#1680,#1688,.T.);
#1688 = CIRCLE('',#1689,2.);
#1689 = AXIS2_PLACEMENT_3D('',#1690,#1691,#1692);
#1690 = CARTESIAN_POINT('',(4.73469462347,14.,191.02644968121));
#1691 = DIRECTION('',(1.749735364613E-16,1.,-1.367043090562E-16));
#1692 = DIRECTION('',(0.615661475326,0.,0.788010753607));
#1693 = ORIENTED_EDGE('',*,*,#1679,.T.);
#1694 = CYLINDRICAL_SURFACE('',#1695,2.);
#1695 = AXIS2_PLACEMENT_3D('',#1696,#1697,#1698);
#1696 = CARTESIAN_POINT('',(4.73469462347,14.,191.02644968121));
#1697 = DIRECTION('',(1.749735364613E-16,1.,-1.367043090562E-16));
#1698 = DIRECTION('',(0.615661475326,0.,0.788010753607));
#1699 = ADVANCED_FACE('',(#1700),#1719,.F.);
#1700 = FACE_BOUND('',#1701,.F.);
#1701 = EDGE_LOOP('',(#1702,#1703,#1711,#1718));
#1702 = ORIENTED_EDGE('',*,*,#1558,.F.);
#1703 = ORIENTED_EDGE('',*,*,#1704,.F.);
#1704 = EDGE_CURVE('',#1705,#1559,#1707,.T.);
#1705 = VERTEX_POINT('',#1706);
#1706 = CARTESIAN_POINT('',(-3.503371672819,14.,170.549571826));
#1707 = LINE('',#1708,#1709);
#1708 = CARTESIAN_POINT('',(-3.503371672819,14.,170.549571826));
#1709 = VECTOR('',#1710,1.);
#1710 = DIRECTION('',(1.749735364613E-16,1.,-1.367043090562E-16));
#1711 = ORIENTED_EDGE('',*,*,#1712,.T.);
#1712 = EDGE_CURVE('',#1705,#1705,#1713,.T.);
#1713 = CIRCLE('',#1714,2.);
#1714 = AXIS2_PLACEMENT_3D('',#1715,#1716,#1717);
#1715 = CARTESIAN_POINT('',(-4.73469462347,14.,168.97355031878));
#1716 = DIRECTION('',(1.749735364613E-16,1.,-1.367043090562E-16));
#1717 = DIRECTION('',(0.615661475326,0.,0.788010753607));
#1718 = ORIENTED_EDGE('',*,*,#1704,.T.);
#1719 = CYLINDRICAL_SURFACE('',#1720,2.);
#1720 = AXIS2_PLACEMENT_3D('',#1721,#1722,#1723);
#1721 = CARTESIAN_POINT('',(-4.73469462347,14.,168.97355031878));
#1722 = DIRECTION('',(1.749735364613E-16,1.,-1.367043090562E-16));
#1723 = DIRECTION('',(0.615661475326,0.,0.788010753607));
#1724 = ADVANCED_FACE('',(#1725),#1744,.F.);
#1725 = FACE_BOUND('',#1726,.F.);
#1726 = EDGE_LOOP('',(#1727,#1728,#1736,#1743));
#1727 = ORIENTED_EDGE('',*,*,#1569,.F.);
#1728 = ORIENTED_EDGE('',*,*,#1729,.F.);
#1729 = EDGE_CURVE('',#1730,#1570,#1732,.T.);
#1730 = VERTEX_POINT('',#1731);
#1731 = CARTESIAN_POINT('',(8.413167613856,14.,171.96242797916));
#1732 = LINE('',#1733,#1734);
#1733 = CARTESIAN_POINT('',(8.413167613856,14.,171.96242797916));
#1734 = VECTOR('',#1735,1.);
#1735 = DIRECTION('',(1.749735364613E-16,1.,-1.367043090562E-16));
#1736 = ORIENTED_EDGE('',*,*,#1737,.T.);
#1737 = EDGE_CURVE('',#1730,#1730,#1738,.T.);
#1738 = CIRCLE('',#1739,2.);
#1739 = AXIS2_PLACEMENT_3D('',#1740,#1741,#1742);
#1740 = CARTESIAN_POINT('',(7.181844663205,14.,170.38640647194));
#1741 = DIRECTION('',(1.749735364613E-16,1.,-1.367043090562E-16));
#1742 = DIRECTION('',(0.615661475326,0.,0.788010753607));
#1743 = ORIENTED_EDGE('',*,*,#1729,.T.);
#1744 = CYLINDRICAL_SURFACE('',#1745,2.);
#1745 = AXIS2_PLACEMENT_3D('',#1746,#1747,#1748);
#1746 = CARTESIAN_POINT('',(7.181844663205,14.,170.38640647194));
#1747 = DIRECTION('',(1.749735364613E-16,1.,-1.367043090562E-16));
#1748 = DIRECTION('',(0.615661475326,0.,0.788010753607));
#1749 = ADVANCED_FACE('',(#1750),#1761,.F.);
#1750 = FACE_BOUND('',#1751,.F.);
#1751 = EDGE_LOOP('',(#1752,#1753,#1759,#1760));
#1752 = ORIENTED_EDGE('',*,*,#1580,.F.);
#1753 = ORIENTED_EDGE('',*,*,#1754,.F.);
#1754 = EDGE_CURVE('',#1612,#1581,#1755,.T.);
#1755 = LINE('',#1756,#1757);
#1756 = CARTESIAN_POINT('',(3.078307376628,12.,183.94005376803));
#1757 = VECTOR('',#1758,1.);
#1758 = DIRECTION('',(1.749735364613E-16,1.,-1.367043090562E-16));
#1759 = ORIENTED_EDGE('',*,*,#1611,.T.);
#1760 = ORIENTED_EDGE('',*,*,#1754,.T.);
#1761 = CYLINDRICAL_SURFACE('',#1762,5.);
#1762 = AXIS2_PLACEMENT_3D('',#1763,#1764,#1765);
#1763 = CARTESIAN_POINT('',(-1.39978829169E-15,12.,180.));
#1764 = DIRECTION('',(1.749735364613E-16,1.,-1.367043090562E-16));
#1765 = DIRECTION('',(0.615661475326,0.,0.788010753607));
#1766 = ADVANCED_FACE('',(#1767),#1786,.F.);
#1767 = FACE_BOUND('',#1768,.F.);
#1768 = EDGE_LOOP('',(#1769,#1770,#1778,#1785));
#1769 = ORIENTED_EDGE('',*,*,#1591,.F.);
#1770 = ORIENTED_EDGE('',*,*,#1771,.F.);
#1771 = EDGE_CURVE('',#1772,#1592,#1774,.T.);
#1772 = VERTEX_POINT('',#1773);
#1773 = CARTESIAN_POINT('',(13.147854357219,14.,182.98888381698));
#1774 = LINE('',#1775,#1776);
#1775 = CARTESIAN_POINT('',(13.147854357219,14.,182.98888381698));
#1776 = VECTOR('',#1777,1.);
#1777 = DIRECTION('',(1.749735364613E-16,1.,-1.367043090562E-16));
#1778 = ORIENTED_EDGE('',*,*,#1779,.T.);
#1779 = EDGE_CURVE('',#1772,#1772,#1780,.T.);
#1780 = CIRCLE('',#1781,2.);
#1781 = AXIS2_PLACEMENT_3D('',#1782,#1783,#1784);
#1782 = CARTESIAN_POINT('',(11.916531406568,14.,181.41286230977));
#1783 = DIRECTION('',(1.749735364613E-16,1.,-1.367043090562E-16));
#1784 = DIRECTION('',(0.615661475326,0.,0.788010753607));
#1785 = ORIENTED_EDGE('',*,*,#1771,.T.);
#1786 = CYLINDRICAL_SURFACE('',#1787,2.);
#1787 = AXIS2_PLACEMENT_3D('',#1788,#1789,#1790);
#1788 = CARTESIAN_POINT('',(11.916531406568,14.,181.41286230977));
#1789 = DIRECTION('',(1.749735364613E-16,1.,-1.367043090562E-16));
#1790 = DIRECTION('',(0.615661475326,0.,0.788010753607));
#1791 = ADVANCED_FACE('',(#1792),#1795,.T.);
#1792 = FACE_BOUND('',#1793,.F.);
#1793 = EDGE_LOOP('',(#1794));
#1794 = ORIENTED_EDGE('',*,*,#1637,.F.);
#1795 = PLANE('',#1796);
#1796 = AXIS2_PLACEMENT_3D('',#1797,#1798,#1799);
#1797 = CARTESIAN_POINT('',(-11.91653928667,14.,178.58714384684));
#1798 = DIRECTION('',(1.749735364613E-16,1.,-1.367043090562E-16));
#1799 = DIRECTION('',(0.615661475326,0.,0.788010753607));
#1800 = ADVANCED_FACE('',(#1801),#1804,.T.);
#1801 = FACE_BOUND('',#1802,.F.);
#1802 = EDGE_LOOP('',(#1803));
#1803 = ORIENTED_EDGE('',*,*,#1662,.F.);
#1804 = PLANE('',#1805);
#1805 = AXIS2_PLACEMENT_3D('',#1806,#1807,#1808);
#1806 = CARTESIAN_POINT('',(-7.181844663205,14.,189.61359352805));
#1807 = DIRECTION('',(1.749735364613E-16,1.,-1.367043090562E-16));
#1808 = DIRECTION('',(0.615661475326,0.,0.788010753607));
#1809 = ADVANCED_FACE('',(#1810),#1813,.T.);
#1810 = FACE_BOUND('',#1811,.F.);
#1811 = EDGE_LOOP('',(#1812));
#1812 = ORIENTED_EDGE('',*,*,#1687,.F.);
#1813 = PLANE('',#1814);
#1814 = AXIS2_PLACEMENT_3D('',#1815,#1816,#1817);
#1815 = CARTESIAN_POINT('',(4.73469462347,14.,191.02644968121));
#1816 = DIRECTION('',(1.749735364613E-16,1.,-1.367043090562E-16));
#1817 = DIRECTION('',(0.615661475326,0.,0.788010753607));
#1818 = ADVANCED_FACE('',(#1819),#1822,.T.);
#1819 = FACE_BOUND('',#1820,.F.);
#1820 = EDGE_LOOP('',(#1821));
#1821 = ORIENTED_EDGE('',*,*,#1712,.F.);
#1822 = PLANE('',#1823);
#1823 = AXIS2_PLACEMENT_3D('',#1824,#1825,#1826);
#1824 = CARTESIAN_POINT('',(-4.73469462347,14.,168.97355031878));
#1825 = DIRECTION('',(1.749735364613E-16,1.,-1.367043090562E-16));
#1826 = DIRECTION('',(0.615661475326,0.,0.788010753607));
#1827 = ADVANCED_FACE('',(#1828),#1831,.T.);
#1828 = FACE_BOUND('',#1829,.F.);
#1829 = EDGE_LOOP('',(#1830));
#1830 = ORIENTED_EDGE('',*,*,#1737,.F.);
#1831 = PLANE('',#1832);
#1832 = AXIS2_PLACEMENT_3D('',#1833,#1834,#1835);
#1833 = CARTESIAN_POINT('',(7.181844663205,14.,170.38640647194));
#1834 = DIRECTION('',(1.749735364613E-16,1.,-1.367043090562E-16));
#1835 = DIRECTION('',(0.615661475326,0.,0.788010753607));
#1836 = ADVANCED_FACE('',(#1837),#1840,.T.);
#1837 = FACE_BOUND('',#1838,.F.);
#1838 = EDGE_LOOP('',(#1839));
#1839 = ORIENTED_EDGE('',*,*,#1779,.F.);
#1840 = PLANE('',#1841);
#1841 = AXIS2_PLACEMENT_3D('',#1842,#1843,#1844);
#1842 = CARTESIAN_POINT('',(11.916531406568,14.,181.41286230977));
#1843 = DIRECTION('',(1.749735364613E-16,1.,-1.367043090562E-16));
#1844 = DIRECTION('',(0.615661475326,0.,0.788010753607));
#1845 = MANIFOLD_SOLID_BREP('',#1846);
#1846 = CLOSED_SHELL('',(#1847,#1887,#1918,#1949,#1971,#2005,#2029,#2053
    ,#2224,#2511,#2553,#2577,#2612,#2668,#2685,#2720,#2789,#2805,#2845,
    #2880,#2897,#2931,#2965,#2999,#3024,#3049,#3083,#3127,#3161,#3195,
    #3220,#3289,#3313,#3324,#3334,#3345,#3356,#3380,#3389,#3398,#3429,
    #3453,#3471,#3482,#3513,#3537,#3555,#3566,#3597,#3621,#3639,#3650,
    #3681,#3705,#3723));
#1847 = ADVANCED_FACE('',(#1848),#1882,.F.);
#1848 = FACE_BOUND('',#1849,.F.);
#1849 = EDGE_LOOP('',(#1850,#1860,#1868,#1876));
#1850 = ORIENTED_EDGE('',*,*,#1851,.F.);
#1851 = EDGE_CURVE('',#1852,#1854,#1856,.T.);
#1852 = VERTEX_POINT('',#1853);
#1853 = CARTESIAN_POINT('',(-45.,7.,118.));
#1854 = VERTEX_POINT('',#1855);
#1855 = CARTESIAN_POINT('',(-45.,7.,124.));
#1856 = LINE('',#1857,#1858);
#1857 = CARTESIAN_POINT('',(-45.,7.,118.));
#1858 = VECTOR('',#1859,1.);
#1859 = DIRECTION('',(0.,0.,1.));
#1860 = ORIENTED_EDGE('',*,*,#1861,.T.);
#1861 = EDGE_CURVE('',#1852,#1862,#1864,.T.);
#1862 = VERTEX_POINT('',#1863);
#1863 = CARTESIAN_POINT('',(-45.,27.,118.));
#1864 = LINE('',#1865,#1866);
#1865 = CARTESIAN_POINT('',(-45.,7.,118.));
#1866 = VECTOR('',#1867,1.);
#1867 = DIRECTION('',(0.,1.,0.));
#1868 = ORIENTED_EDGE('',*,*,#1869,.T.);
#1869 = EDGE_CURVE('',#1862,#1870,#1872,.T.);
#1870 = VERTEX_POINT('',#1871);
#1871 = CARTESIAN_POINT('',(-45.,27.,124.));
#1872 = LINE('',#1873,#1874);
#1873 = CARTESIAN_POINT('',(-45.,27.,118.));
#1874 = VECTOR('',#1875,1.);
#1875 = DIRECTION('',(0.,0.,1.));
#1876 = ORIENTED_EDGE('',*,*,#1877,.F.);
#1877 = EDGE_CURVE('',#1854,#1870,#1878,.T.);
#1878 = LINE('',#1879,#1880);
#1879 = CARTESIAN_POINT('',(-45.,7.,124.));
#1880 = VECTOR('',#1881,1.);
#1881 = DIRECTION('',(0.,1.,0.));
#1882 = PLANE('',#1883);
#1883 = AXIS2_PLACEMENT_3D('',#1884,#1885,#1886);
#1884 = CARTESIAN_POINT('',(-45.,7.,118.));
#1885 = DIRECTION('',(1.,0.,0.));
#1886 = DIRECTION('',(0.,0.,1.));
#1887 = ADVANCED_FACE('',(#1888),#1913,.T.);
#1888 = FACE_BOUND('',#1889,.T.);
#1889 = EDGE_LOOP('',(#1890,#1898,#1899,#1907));
#1890 = ORIENTED_EDGE('',*,*,#1891,.F.);
#1891 = EDGE_CURVE('',#1862,#1892,#1894,.T.);
#1892 = VERTEX_POINT('',#1893);
#1893 = CARTESIAN_POINT('',(45.,27.,118.));
#1894 = LINE('',#1895,#1896);
#1895 = CARTESIAN_POINT('',(-45.,27.,118.));
#1896 = VECTOR('',#1897,1.);
#1897 = DIRECTION('',(1.,0.,0.));
#1898 = ORIENTED_EDGE('',*,*,#1869,.T.);
#1899 = ORIENTED_EDGE('',*,*,#1900,.T.);
#1900 = EDGE_CURVE('',#1870,#1901,#1903,.T.);
#1901 = VERTEX_POINT('',#1902);
#1902 = CARTESIAN_POINT('',(45.,27.,124.));
#1903 = LINE('',#1904,#1905);
#1904 = CARTESIAN_POINT('',(-45.,27.,124.));
#1905 = VECTOR('',#1906,1.);
#1906 = DIRECTION('',(1.,0.,0.));
#1907 = ORIENTED_EDGE('',*,*,#1908,.F.);
#1908 = EDGE_CURVE('',#1892,#1901,#1909,.T.);
#1909 = LINE('',#1910,#1911);
#1910 = CARTESIAN_POINT('',(45.,27.,118.));
#1911 = VECTOR('',#1912,1.);
#1912 = DIRECTION('',(0.,0.,1.));
#1913 = PLANE('',#1914);
#1914 = AXIS2_PLACEMENT_3D('',#1915,#1916,#1917);
#1915 = CARTESIAN_POINT('',(-45.,27.,118.));
#1916 = DIRECTION('',(0.,1.,0.));
#1917 = DIRECTION('',(0.,0.,1.));
#1918 = ADVANCED_FACE('',(#1919),#1944,.F.);
#1919 = FACE_BOUND('',#1920,.F.);
#1920 = EDGE_LOOP('',(#1921,#1929,#1930,#1938));
#1921 = ORIENTED_EDGE('',*,*,#1922,.F.);
#1922 = EDGE_CURVE('',#1852,#1923,#1925,.T.);
#1923 = VERTEX_POINT('',#1924);
#1924 = CARTESIAN_POINT('',(45.,7.,118.));
#1925 = LINE('',#1926,#1927);
#1926 = CARTESIAN_POINT('',(-45.,7.,118.));
#1927 = VECTOR('',#1928,1.);
#1928 = DIRECTION('',(1.,0.,0.));
#1929 = ORIENTED_EDGE('',*,*,#1851,.T.);
#1930 = ORIENTED_EDGE('',*,*,#1931,.T.);
#1931 = EDGE_CURVE('',#1854,#1932,#1934,.T.);
#1932 = VERTEX_POINT('',#1933);
#1933 = CARTESIAN_POINT('',(45.,7.,124.));
#1934 = LINE('',#1935,#1936);
#1935 = CARTESIAN_POINT('',(-45.,7.,124.));
#1936 = VECTOR('',#1937,1.);
#1937 = DIRECTION('',(1.,0.,0.));
#1938 = ORIENTED_EDGE('',*,*,#1939,.F.);
#1939 = EDGE_CURVE('',#1923,#1932,#1940,.T.);
#1940 = LINE('',#1941,#1942);
#1941 = CARTESIAN_POINT('',(45.,7.,118.));
#1942 = VECTOR('',#1943,1.);
#1943 = DIRECTION('',(0.,0.,1.));
#1944 = PLANE('',#1945);
#1945 = AXIS2_PLACEMENT_3D('',#1946,#1947,#1948);
#1946 = CARTESIAN_POINT('',(-45.,7.,118.));
#1947 = DIRECTION('',(0.,1.,0.));
#1948 = DIRECTION('',(0.,0.,1.));
#1949 = ADVANCED_FACE('',(#1950),#1966,.T.);
#1950 = FACE_BOUND('',#1951,.T.);
#1951 = EDGE_LOOP('',(#1952,#1953,#1959,#1960));
#1952 = ORIENTED_EDGE('',*,*,#1939,.F.);
#1953 = ORIENTED_EDGE('',*,*,#1954,.T.);
#1954 = EDGE_CURVE('',#1923,#1892,#1955,.T.);
#1955 = LINE('',#1956,#1957);
#1956 = CARTESIAN_POINT('',(45.,7.,118.));
#1957 = VECTOR('',#1958,1.);
#1958 = DIRECTION('',(0.,1.,0.));
#1959 = ORIENTED_EDGE('',*,*,#1908,.T.);
#1960 = ORIENTED_EDGE('',*,*,#1961,.F.);
#1961 = EDGE_CURVE('',#1932,#1901,#1962,.T.);
#1962 = LINE('',#1963,#1964);
#1963 = CARTESIAN_POINT('',(45.,7.,124.));
#1964 = VECTOR('',#1965,1.);
#1965 = DIRECTION('',(0.,1.,0.));
#1966 = PLANE('',#1967);
#1967 = AXIS2_PLACEMENT_3D('',#1968,#1969,#1970);
#1968 = CARTESIAN_POINT('',(45.,7.,118.));
#1969 = DIRECTION('',(1.,0.,0.));
#1970 = DIRECTION('',(0.,0.,1.));
#1971 = ADVANCED_FACE('',(#1972,#1978,#1989),#2000,.F.);
#1972 = FACE_BOUND('',#1973,.F.);
#1973 = EDGE_LOOP('',(#1974,#1975,#1976,#1977));
#1974 = ORIENTED_EDGE('',*,*,#1861,.F.);
#1975 = ORIENTED_EDGE('',*,*,#1922,.T.);
#1976 = ORIENTED_EDGE('',*,*,#1954,.T.);
#1977 = ORIENTED_EDGE('',*,*,#1891,.F.);
#1978 = FACE_BOUND('',#1979,.F.);
#1979 = EDGE_LOOP('',(#1980));
#1980 = ORIENTED_EDGE('',*,*,#1981,.F.);
#1981 = EDGE_CURVE('',#1982,#1982,#1984,.T.);
#1982 = VERTEX_POINT('',#1983);
#1983 = CARTESIAN_POINT('',(-31.75,20.,118.));
#1984 = CIRCLE('',#1985,2.25);
#1985 = AXIS2_PLACEMENT_3D('',#1986,#1987,#1988);
#1986 = CARTESIAN_POINT('',(-34.,20.,118.));
#1987 = DIRECTION('',(0.,0.,1.));
#1988 = DIRECTION('',(1.,0.,0.));
#1989 = FACE_BOUND('',#1990,.F.);
#1990 = EDGE_LOOP('',(#1991));
#1991 = ORIENTED_EDGE('',*,*,#1992,.F.);
#1992 = EDGE_CURVE('',#1993,#1993,#1995,.T.);
#1993 = VERTEX_POINT('',#1994);
#1994 = CARTESIAN_POINT('',(36.25,20.,118.));
#1995 = CIRCLE('',#1996,2.25);
#1996 = AXIS2_PLACEMENT_3D('',#1997,#1998,#1999);
#1997 = CARTESIAN_POINT('',(34.,20.,118.));
#1998 = DIRECTION('',(0.,0.,1.));
#1999 = DIRECTION('',(1.,0.,0.));
#2000 = PLANE('',#2001);
#2001 = AXIS2_PLACEMENT_3D('',#2002,#2003,#2004);
#2002 = CARTESIAN_POINT('',(-45.,7.,118.));
#2003 = DIRECTION('',(0.,0.,1.));
#2004 = DIRECTION('',(1.,0.,0.));
#2005 = ADVANCED_FACE('',(#2006),#2024,.F.);
#2006 = FACE_BOUND('',#2007,.F.);
#2007 = EDGE_LOOP('',(#2008,#2017,#2022,#2023));
#2008 = ORIENTED_EDGE('',*,*,#2009,.F.);
#2009 = EDGE_CURVE('',#2010,#2010,#2012,.T.);
#2010 = VERTEX_POINT('',#2011);
#2011 = CARTESIAN_POINT('',(-31.75,20.,124.));
#2012 = CIRCLE('',#2013,2.25);
#2013 = AXIS2_PLACEMENT_3D('',#2014,#2015,#2016);
#2014 = CARTESIAN_POINT('',(-34.,20.,124.));
#2015 = DIRECTION('',(0.,0.,1.));
#2016 = DIRECTION('',(1.,0.,0.));
#2017 = ORIENTED_EDGE('',*,*,#2018,.F.);
#2018 = EDGE_CURVE('',#1982,#2010,#2019,.T.);
#2019 = B_SPLINE_CURVE_WITH_KNOTS('',1,(#2020,#2021),.UNSPECIFIED.,.F.,
  .F.,(2,2),(0.,12.8),.PIECEWISE_BEZIER_KNOTS.);
#2020 = CARTESIAN_POINT('',(-31.75,20.,118.));
#2021 = CARTESIAN_POINT('',(-31.75,20.,130.8));
#2022 = ORIENTED_EDGE('',*,*,#1981,.T.);
#2023 = ORIENTED_EDGE('',*,*,#2018,.T.);
#2024 = CYLINDRICAL_SURFACE('',#2025,2.25);
#2025 = AXIS2_PLACEMENT_3D('',#2026,#2027,#2028);
#2026 = CARTESIAN_POINT('',(-34.,20.,118.));
#2027 = DIRECTION('',(0.,0.,1.));
#2028 = DIRECTION('',(1.,0.,0.));
#2029 = ADVANCED_FACE('',(#2030),#2048,.F.);
#2030 = FACE_BOUND('',#2031,.F.);
#2031 = EDGE_LOOP('',(#2032,#2041,#2046,#2047));
#2032 = ORIENTED_EDGE('',*,*,#2033,.F.);
#2033 = EDGE_CURVE('',#2034,#2034,#2036,.T.);
#2034 = VERTEX_POINT('',#2035);
#2035 = CARTESIAN_POINT('',(36.25,20.,124.));
#2036 = CIRCLE('',#2037,2.25);
#2037 = AXIS2_PLACEMENT_3D('',#2038,#2039,#2040);
#2038 = CARTESIAN_POINT('',(34.,20.,124.));
#2039 = DIRECTION('',(0.,0.,1.));
#2040 = DIRECTION('',(1.,0.,0.));
#2041 = ORIENTED_EDGE('',*,*,#2042,.F.);
#2042 = EDGE_CURVE('',#1993,#2034,#2043,.T.);
#2043 = B_SPLINE_CURVE_WITH_KNOTS('',1,(#2044,#2045),.UNSPECIFIED.,.F.,
  .F.,(2,2),(0.,12.8),.PIECEWISE_BEZIER_KNOTS.);
#2044 = CARTESIAN_POINT('',(36.25,20.,118.));
#2045 = CARTESIAN_POINT('',(36.25,20.,130.8));
#2046 = ORIENTED_EDGE('',*,*,#1992,.T.);
#2047 = ORIENTED_EDGE('',*,*,#2042,.T.);
#2048 = CYLINDRICAL_SURFACE('',#2049,2.25);
#2049 = AXIS2_PLACEMENT_3D('',#2050,#2051,#2052);
#2050 = CARTESIAN_POINT('',(34.,20.,118.));
#2051 = DIRECTION('',(0.,0.,1.));
#2052 = DIRECTION('',(1.,0.,0.));
#2053 = ADVANCED_FACE('',(#2054,#2060,#2105,#2108,#2111,#2138,#2165,
    #2192),#2219,.T.);
#2054 = FACE_BOUND('',#2055,.T.);
#2055 = EDGE_LOOP('',(#2056,#2057,#2058,#2059));
#2056 = ORIENTED_EDGE('',*,*,#1877,.F.);
#2057 = ORIENTED_EDGE('',*,*,#1931,.T.);
#2058 = ORIENTED_EDGE('',*,*,#1961,.T.);
#2059 = ORIENTED_EDGE('',*,*,#1900,.F.);
#2060 = FACE_BOUND('',#2061,.T.);
#2061 = EDGE_LOOP('',(#2062,#2072,#2081,#2090,#2098));
#2062 = ORIENTED_EDGE('',*,*,#2063,.F.);
#2063 = EDGE_CURVE('',#2064,#2066,#2068,.T.);
#2064 = VERTEX_POINT('',#2065);
#2065 = CARTESIAN_POINT('',(-30.64589803375,17.,124.));
#2066 = VERTEX_POINT('',#2067);
#2067 = CARTESIAN_POINT('',(30.64589803375,17.,124.));
#2068 = LINE('',#2069,#2070);
#2069 = CARTESIAN_POINT('',(-38.,17.,124.));
#2070 = VECTOR('',#2071,1.);
#2071 = DIRECTION('',(1.,0.,0.));
#2072 = ORIENTED_EDGE('',*,*,#2073,.T.);
#2073 = EDGE_CURVE('',#2064,#2074,#2076,.T.);
#2074 = VERTEX_POINT('',#2075);
#2075 = CARTESIAN_POINT('',(-29.5,20.,124.));
#2076 = CIRCLE('',#2077,4.5);
#2077 = AXIS2_PLACEMENT_3D('',#2078,#2079,#2080);
#2078 = CARTESIAN_POINT('',(-34.,20.,124.));
#2079 = DIRECTION('',(0.,0.,1.));
#2080 = DIRECTION('',(1.,0.,0.));
#2081 = ORIENTED_EDGE('',*,*,#2082,.T.);
#2082 = EDGE_CURVE('',#2074,#2083,#2085,.T.);
#2083 = VERTEX_POINT('',#2084);
#2084 = CARTESIAN_POINT('',(-30.64589803375,23.,124.));
#2085 = CIRCLE('',#2086,4.5);
#2086 = AXIS2_PLACEMENT_3D('',#2087,#2088,#2089);
#2087 = CARTESIAN_POINT('',(-34.,20.,124.));
#2088 = DIRECTION('',(0.,0.,1.));
#2089 = DIRECTION('',(1.,0.,0.));
#2090 = ORIENTED_EDGE('',*,*,#2091,.T.);
#2091 = EDGE_CURVE('',#2083,#2092,#2094,.T.);
#2092 = VERTEX_POINT('',#2093);
#2093 = CARTESIAN_POINT('',(30.64589803375,23.,124.));
#2094 = LINE('',#2095,#2096);
#2095 = CARTESIAN_POINT('',(-38.,23.,124.));
#2096 = VECTOR('',#2097,1.);
#2097 = DIRECTION('',(1.,0.,0.));
#2098 = ORIENTED_EDGE('',*,*,#2099,.T.);
#2099 = EDGE_CURVE('',#2092,#2066,#2100,.T.);
#2100 = CIRCLE('',#2101,4.5);
#2101 = AXIS2_PLACEMENT_3D('',#2102,#2103,#2104);
#2102 = CARTESIAN_POINT('',(34.,20.,124.));
#2103 = DIRECTION('',(0.,0.,1.));
#2104 = DIRECTION('',(1.,0.,0.));
#2105 = FACE_BOUND('',#2106,.T.);
#2106 = EDGE_LOOP('',(#2107));
#2107 = ORIENTED_EDGE('',*,*,#2009,.F.);
#2108 = FACE_BOUND('',#2109,.T.);
#2109 = EDGE_LOOP('',(#2110));
#2110 = ORIENTED_EDGE('',*,*,#2033,.F.);
#2111 = FACE_BOUND('',#2112,.T.);
#2112 = EDGE_LOOP('',(#2113,#2123,#2132));
#2113 = ORIENTED_EDGE('',*,*,#2114,.F.);
#2114 = EDGE_CURVE('',#2115,#2117,#2119,.T.);
#2115 = VERTEX_POINT('',#2116);
#2116 = CARTESIAN_POINT('',(38.,22.061552812809,124.));
#2117 = VERTEX_POINT('',#2118);
#2118 = CARTESIAN_POINT('',(38.,23.,124.));
#2119 = LINE('',#2120,#2121);
#2120 = CARTESIAN_POINT('',(38.,17.,124.));
#2121 = VECTOR('',#2122,1.);
#2122 = DIRECTION('',(0.,1.,0.));
#2123 = ORIENTED_EDGE('',*,*,#2124,.T.);
#2124 = EDGE_CURVE('',#2115,#2125,#2127,.T.);
#2125 = VERTEX_POINT('',#2126);
#2126 = CARTESIAN_POINT('',(37.35410196625,23.,124.));
#2127 = CIRCLE('',#2128,4.5);
#2128 = AXIS2_PLACEMENT_3D('',#2129,#2130,#2131);
#2129 = CARTESIAN_POINT('',(34.,20.,124.));
#2130 = DIRECTION('',(0.,0.,1.));
#2131 = DIRECTION('',(1.,0.,0.));
#2132 = ORIENTED_EDGE('',*,*,#2133,.T.);
#2133 = EDGE_CURVE('',#2125,#2117,#2134,.T.);
#2134 = LINE('',#2135,#2136);
#2135 = CARTESIAN_POINT('',(-38.,23.,124.));
#2136 = VECTOR('',#2137,1.);
#2137 = DIRECTION('',(1.,0.,0.));
#2138 = FACE_BOUND('',#2139,.T.);
#2139 = EDGE_LOOP('',(#2140,#2150,#2159));
#2140 = ORIENTED_EDGE('',*,*,#2141,.F.);
#2141 = EDGE_CURVE('',#2142,#2144,#2146,.T.);
#2142 = VERTEX_POINT('',#2143);
#2143 = CARTESIAN_POINT('',(37.35410196625,17.,124.));
#2144 = VERTEX_POINT('',#2145);
#2145 = CARTESIAN_POINT('',(38.,17.,124.));
#2146 = LINE('',#2147,#2148);
#2147 = CARTESIAN_POINT('',(-38.,17.,124.));
#2148 = VECTOR('',#2149,1.);
#2149 = DIRECTION('',(1.,0.,0.));
#2150 = ORIENTED_EDGE('',*,*,#2151,.T.);
#2151 = EDGE_CURVE('',#2142,#2152,#2154,.T.);
#2152 = VERTEX_POINT('',#2153);
#2153 = CARTESIAN_POINT('',(38.,17.938447187191,124.));
#2154 = CIRCLE('',#2155,4.5);
#2155 = AXIS2_PLACEMENT_3D('',#2156,#2157,#2158);
#2156 = CARTESIAN_POINT('',(34.,20.,124.));
#2157 = DIRECTION('',(0.,0.,1.));
#2158 = DIRECTION('',(1.,0.,0.));
#2159 = ORIENTED_EDGE('',*,*,#2160,.F.);
#2160 = EDGE_CURVE('',#2144,#2152,#2161,.T.);
#2161 = LINE('',#2162,#2163);
#2162 = CARTESIAN_POINT('',(38.,17.,124.));
#2163 = VECTOR('',#2164,1.);
#2164 = DIRECTION('',(0.,1.,0.));
#2165 = FACE_BOUND('',#2166,.T.);
#2166 = EDGE_LOOP('',(#2167,#2177,#2185));
#2167 = ORIENTED_EDGE('',*,*,#2168,.F.);
#2168 = EDGE_CURVE('',#2169,#2171,#2173,.T.);
#2169 = VERTEX_POINT('',#2170);
#2170 = CARTESIAN_POINT('',(-38.,17.,124.));
#2171 = VERTEX_POINT('',#2172);
#2172 = CARTESIAN_POINT('',(-37.35410196625,17.,124.));
#2173 = LINE('',#2174,#2175);
#2174 = CARTESIAN_POINT('',(-38.,17.,124.));
#2175 = VECTOR('',#2176,1.);
#2176 = DIRECTION('',(1.,0.,0.));
#2177 = ORIENTED_EDGE('',*,*,#2178,.T.);
#2178 = EDGE_CURVE('',#2169,#2179,#2181,.T.);
#2179 = VERTEX_POINT('',#2180);
#2180 = CARTESIAN_POINT('',(-38.,17.938447187191,124.));
#2181 = LINE('',#2182,#2183);
#2182 = CARTESIAN_POINT('',(-38.,17.,124.));
#2183 = VECTOR('',#2184,1.);
#2184 = DIRECTION('',(0.,1.,0.));
#2185 = ORIENTED_EDGE('',*,*,#2186,.T.);
#2186 = EDGE_CURVE('',#2179,#2171,#2187,.T.);
#2187 = CIRCLE('',#2188,4.5);
#2188 = AXIS2_PLACEMENT_3D('',#2189,#2190,#2191);
#2189 = CARTESIAN_POINT('',(-34.,20.,124.));
#2190 = DIRECTION('',(0.,0.,1.));
#2191 = DIRECTION('',(1.,0.,0.));
#2192 = FACE_BOUND('',#2193,.T.);
#2193 = EDGE_LOOP('',(#2194,#2204,#2213));
#2194 = ORIENTED_EDGE('',*,*,#2195,.T.);
#2195 = EDGE_CURVE('',#2196,#2198,#2200,.T.);
#2196 = VERTEX_POINT('',#2197);
#2197 = CARTESIAN_POINT('',(-38.,23.,124.));
#2198 = VERTEX_POINT('',#2199);
#2199 = CARTESIAN_POINT('',(-37.35410196625,23.,124.));
#2200 = LINE('',#2201,#2202);
#2201 = CARTESIAN_POINT('',(-38.,23.,124.));
#2202 = VECTOR('',#2203,1.);
#2203 = DIRECTION('',(1.,0.,0.));
#2204 = ORIENTED_EDGE('',*,*,#2205,.T.);
#2205 = EDGE_CURVE('',#2198,#2206,#2208,.T.);
#2206 = VERTEX_POINT('',#2207);
#2207 = CARTESIAN_POINT('',(-38.,22.061552812809,124.));
#2208 = CIRCLE('',#2209,4.5);
#2209 = AXIS2_PLACEMENT_3D('',#2210,#2211,#2212);
#2210 = CARTESIAN_POINT('',(-34.,20.,124.));
#2211 = DIRECTION('',(0.,0.,1.));
#2212 = DIRECTION('',(1.,0.,0.));
#2213 = ORIENTED_EDGE('',*,*,#2214,.T.);
#2214 = EDGE_CURVE('',#2206,#2196,#2215,.T.);
#2215 = LINE('',#2216,#2217);
#2216 = CARTESIAN_POINT('',(-38.,17.,124.));
#2217 = VECTOR('',#2218,1.);
#2218 = DIRECTION('',(0.,1.,0.));
#2219 = PLANE('',#2220);
#2220 = AXIS2_PLACEMENT_3D('',#2221,#2222,#2223);
#2221 = CARTESIAN_POINT('',(-45.,7.,124.));
#2222 = DIRECTION('',(0.,0.,1.));
#2223 = DIRECTION('',(1.,0.,0.));
#2224 = ADVANCED_FACE('',(#2225,#2324,#2344,#2364,#2384,#2395,#2406,
    #2426,#2455,#2475,#2495),#2506,.T.);
#2225 = FACE_BOUND('',#2226,.T.);
#2226 = EDGE_LOOP('',(#2227,#2238,#2246,#2254,#2262,#2270,#2276,#2277,
    #2285,#2293,#2301,#2309,#2317));
#2227 = ORIENTED_EDGE('',*,*,#2228,.F.);
#2228 = EDGE_CURVE('',#2229,#2231,#2233,.T.);
#2229 = VERTEX_POINT('',#2230);
#2230 = CARTESIAN_POINT('',(-38.,17.,159.8753882025));
#2231 = VERTEX_POINT('',#2232);
#2232 = CARTESIAN_POINT('',(-1.053196247267E-14,17.,223.));
#2233 = CIRCLE('',#2234,43.);
#2234 = AXIS2_PLACEMENT_3D('',#2235,#2236,#2237);
#2235 = CARTESIAN_POINT('',(0.,17.,180.));
#2236 = DIRECTION('',(0.,1.,0.));
#2237 = DIRECTION('',(0.,0.,1.));
#2238 = ORIENTED_EDGE('',*,*,#2239,.F.);
#2239 = EDGE_CURVE('',#2240,#2229,#2242,.T.);
#2240 = VERTEX_POINT('',#2241);
#2241 = CARTESIAN_POINT('',(-38.,17.,130.));
#2242 = LINE('',#2243,#2244);
#2243 = CARTESIAN_POINT('',(-38.,17.,124.));
#2244 = VECTOR('',#2245,1.);
#2245 = DIRECTION('',(0.,0.,1.));
#2246 = ORIENTED_EDGE('',*,*,#2247,.F.);
#2247 = EDGE_CURVE('',#2248,#2240,#2250,.T.);
#2248 = VERTEX_POINT('',#2249);
#2249 = CARTESIAN_POINT('',(-30.275,17.,130.));
#2250 = LINE('',#2251,#2252);
#2251 = CARTESIAN_POINT('',(-24.03410529094,17.,130.));
#2252 = VECTOR('',#2253,1.);
#2253 = DIRECTION('',(-1.,0.,0.));
#2254 = ORIENTED_EDGE('',*,*,#2255,.F.);
#2255 = EDGE_CURVE('',#2256,#2248,#2258,.T.);
#2256 = VERTEX_POINT('',#2257);
#2257 = CARTESIAN_POINT('',(-30.275,17.,124.6));
#2258 = LINE('',#2259,#2260);
#2259 = CARTESIAN_POINT('',(-30.275,17.,146.21592321141));
#2260 = VECTOR('',#2261,1.);
#2261 = DIRECTION('',(0.,0.,1.));
#2262 = ORIENTED_EDGE('',*,*,#2263,.T.);
#2263 = EDGE_CURVE('',#2256,#2264,#2266,.T.);
#2264 = VERTEX_POINT('',#2265);
#2265 = CARTESIAN_POINT('',(-30.64589803375,17.,124.6));
#2266 = LINE('',#2267,#2268);
#2267 = CARTESIAN_POINT('',(-24.03410529094,17.,124.6));
#2268 = VECTOR('',#2269,1.);
#2269 = DIRECTION('',(-1.,0.,0.));
#2270 = ORIENTED_EDGE('',*,*,#2271,.F.);
#2271 = EDGE_CURVE('',#2064,#2264,#2272,.T.);
#2272 = LINE('',#2273,#2274);
#2273 = CARTESIAN_POINT('',(-30.64589803375,17.,124.));
#2274 = VECTOR('',#2275,1.);
#2275 = DIRECTION('',(0.,0.,1.));
#2276 = ORIENTED_EDGE('',*,*,#2063,.T.);
#2277 = ORIENTED_EDGE('',*,*,#2278,.T.);
#2278 = EDGE_CURVE('',#2066,#2279,#2281,.T.);
#2279 = VERTEX_POINT('',#2280);
#2280 = CARTESIAN_POINT('',(30.64589803375,17.,124.6));
#2281 = LINE('',#2282,#2283);
#2282 = CARTESIAN_POINT('',(30.64589803375,17.,124.));
#2283 = VECTOR('',#2284,1.);
#2284 = DIRECTION('',(0.,0.,1.));
#2285 = ORIENTED_EDGE('',*,*,#2286,.T.);
#2286 = EDGE_CURVE('',#2279,#2287,#2289,.T.);
#2287 = VERTEX_POINT('',#2288);
#2288 = CARTESIAN_POINT('',(30.275,17.,124.6));
#2289 = LINE('',#2290,#2291);
#2290 = CARTESIAN_POINT('',(15.1375,17.,124.6));
#2291 = VECTOR('',#2292,1.);
#2292 = DIRECTION('',(-1.,0.,0.));
#2293 = ORIENTED_EDGE('',*,*,#2294,.T.);
#2294 = EDGE_CURVE('',#2287,#2295,#2297,.T.);
#2295 = VERTEX_POINT('',#2296);
#2296 = CARTESIAN_POINT('',(30.275,17.,130.));
#2297 = LINE('',#2298,#2299);
#2298 = CARTESIAN_POINT('',(30.275,17.,146.21592321141));
#2299 = VECTOR('',#2300,1.);
#2300 = DIRECTION('',(0.,0.,1.));
#2301 = ORIENTED_EDGE('',*,*,#2302,.F.);
#2302 = EDGE_CURVE('',#2303,#2295,#2305,.T.);
#2303 = VERTEX_POINT('',#2304);
#2304 = CARTESIAN_POINT('',(38.,17.,130.));
#2305 = LINE('',#2306,#2307);
#2306 = CARTESIAN_POINT('',(15.1375,17.,130.));
#2307 = VECTOR('',#2308,1.);
#2308 = DIRECTION('',(-1.,0.,0.));
#2309 = ORIENTED_EDGE('',*,*,#2310,.T.);
#2310 = EDGE_CURVE('',#2303,#2311,#2313,.T.);
#2311 = VERTEX_POINT('',#2312);
#2312 = CARTESIAN_POINT('',(38.,17.,159.8753882025));
#2313 = LINE('',#2314,#2315);
#2314 = CARTESIAN_POINT('',(38.,17.,124.));
#2315 = VECTOR('',#2316,1.);
#2316 = DIRECTION('',(0.,0.,1.));
#2317 = ORIENTED_EDGE('',*,*,#2318,.F.);
#2318 = EDGE_CURVE('',#2231,#2311,#2319,.T.);
#2319 = CIRCLE('',#2320,43.);
#2320 = AXIS2_PLACEMENT_3D('',#2321,#2322,#2323);
#2321 = CARTESIAN_POINT('',(0.,17.,180.));
#2322 = DIRECTION('',(0.,1.,0.));
#2323 = DIRECTION('',(0.,0.,1.));
#2324 = FACE_BOUND('',#2325,.T.);
#2325 = EDGE_LOOP('',(#2326,#2337));
#2326 = ORIENTED_EDGE('',*,*,#2327,.T.);
#2327 = EDGE_CURVE('',#2328,#2330,#2332,.T.);
#2328 = VERTEX_POINT('',#2329);
#2329 = CARTESIAN_POINT('',(-31.03418,17.,202.75064));
#2330 = VERTEX_POINT('',#2331);
#2331 = CARTESIAN_POINT('',(-31.03418,17.,199.35064));
#2332 = CIRCLE('',#2333,1.7);
#2333 = AXIS2_PLACEMENT_3D('',#2334,#2335,#2336);
#2334 = CARTESIAN_POINT('',(-31.03418,17.,201.05064));
#2335 = DIRECTION('',(0.,1.,0.));
#2336 = DIRECTION('',(0.,0.,1.));
#2337 = ORIENTED_EDGE('',*,*,#2338,.T.);
#2338 = EDGE_CURVE('',#2330,#2328,#2339,.T.);
#2339 = CIRCLE('',#2340,1.7);
#2340 = AXIS2_PLACEMENT_3D('',#2341,#2342,#2343);
#2341 = CARTESIAN_POINT('',(-31.03418,17.,201.05064));
#2342 = DIRECTION('',(0.,1.,0.));
#2343 = DIRECTION('',(0.,0.,1.));
#2344 = FACE_BOUND('',#2345,.T.);
#2345 = EDGE_LOOP('',(#2346,#2357));
#2346 = ORIENTED_EDGE('',*,*,#2347,.T.);
#2347 = EDGE_CURVE('',#2348,#2350,#2352,.T.);
#2348 = VERTEX_POINT('',#2349);
#2349 = CARTESIAN_POINT('',(-10.24247,17.,217.77412));
#2350 = VERTEX_POINT('',#2351);
#2351 = CARTESIAN_POINT('',(-10.24247,17.,214.37412));
#2352 = CIRCLE('',#2353,1.7);
#2353 = AXIS2_PLACEMENT_3D('',#2354,#2355,#2356);
#2354 = CARTESIAN_POINT('',(-10.24247,17.,216.07412));
#2355 = DIRECTION('',(0.,1.,0.));
#2356 = DIRECTION('',(0.,0.,1.));
#2357 = ORIENTED_EDGE('',*,*,#2358,.T.);
#2358 = EDGE_CURVE('',#2350,#2348,#2359,.T.);
#2359 = CIRCLE('',#2360,1.7);
#2360 = AXIS2_PLACEMENT_3D('',#2361,#2362,#2363);
#2361 = CARTESIAN_POINT('',(-10.24247,17.,216.07412));
#2362 = DIRECTION('',(0.,1.,0.));
#2363 = DIRECTION('',(0.,0.,1.));
#2364 = FACE_BOUND('',#2365,.T.);
#2365 = EDGE_LOOP('',(#2366,#2377));
#2366 = ORIENTED_EDGE('',*,*,#2367,.T.);
#2367 = EDGE_CURVE('',#2368,#2370,#2372,.T.);
#2368 = VERTEX_POINT('',#2369);
#2369 = CARTESIAN_POINT('',(-37.30465,17.,177.87734));
#2370 = VERTEX_POINT('',#2371);
#2371 = CARTESIAN_POINT('',(-37.30465,17.,174.47734));
#2372 = CIRCLE('',#2373,1.7);
#2373 = AXIS2_PLACEMENT_3D('',#2374,#2375,#2376);
#2374 = CARTESIAN_POINT('',(-37.30465,17.,176.17734));
#2375 = DIRECTION('',(0.,1.,0.));
#2376 = DIRECTION('',(0.,0.,1.));
#2377 = ORIENTED_EDGE('',*,*,#2378,.T.);
#2378 = EDGE_CURVE('',#2370,#2368,#2379,.T.);
#2379 = CIRCLE('',#2380,1.7);
#2380 = AXIS2_PLACEMENT_3D('',#2381,#2382,#2383);
#2381 = CARTESIAN_POINT('',(-37.30465,17.,176.17734));
#2382 = DIRECTION('',(0.,1.,0.));
#2383 = DIRECTION('',(0.,0.,1.));
#2384 = FACE_BOUND('',#2385,.T.);
#2385 = EDGE_LOOP('',(#2386));
#2386 = ORIENTED_EDGE('',*,*,#2387,.F.);
#2387 = EDGE_CURVE('',#2388,#2388,#2390,.T.);
#2388 = VERTEX_POINT('',#2389);
#2389 = CARTESIAN_POINT('',(-26.11987,17.,151.3927));
#2390 = CIRCLE('',#2391,1.7);
#2391 = AXIS2_PLACEMENT_3D('',#2392,#2393,#2394);
#2392 = CARTESIAN_POINT('',(-26.11987,17.,153.0927));
#2393 = DIRECTION('',(0.,-1.,0.));
#2394 = DIRECTION('',(0.,0.,-1.));
#2395 = FACE_BOUND('',#2396,.T.);
#2396 = EDGE_LOOP('',(#2397));
#2397 = ORIENTED_EDGE('',*,*,#2398,.F.);
#2398 = EDGE_CURVE('',#2399,#2399,#2401,.T.);
#2399 = VERTEX_POINT('',#2400);
#2400 = CARTESIAN_POINT('',(-2.7133,17.,140.89829));
#2401 = CIRCLE('',#2402,1.7);
#2402 = AXIS2_PLACEMENT_3D('',#2403,#2404,#2405);
#2403 = CARTESIAN_POINT('',(-2.7133,17.,142.59829));
#2404 = DIRECTION('',(0.,-1.,0.));
#2405 = DIRECTION('',(0.,0.,-1.));
#2406 = FACE_BOUND('',#2407,.T.);
#2407 = EDGE_LOOP('',(#2408,#2419));
#2408 = ORIENTED_EDGE('',*,*,#2409,.T.);
#2409 = EDGE_CURVE('',#2410,#2412,#2414,.T.);
#2410 = VERTEX_POINT('',#2411);
#2411 = CARTESIAN_POINT('',(15.34181,17.,215.91811));
#2412 = VERTEX_POINT('',#2413);
#2413 = CARTESIAN_POINT('',(15.34181,17.,212.51811));
#2414 = CIRCLE('',#2415,1.7);
#2415 = AXIS2_PLACEMENT_3D('',#2416,#2417,#2418);
#2416 = CARTESIAN_POINT('',(15.34181,17.,214.21811));
#2417 = DIRECTION('',(0.,1.,0.));
#2418 = DIRECTION('',(0.,0.,1.));
#2419 = ORIENTED_EDGE('',*,*,#2420,.T.);
#2420 = EDGE_CURVE('',#2412,#2410,#2421,.T.);
#2421 = CIRCLE('',#2422,1.7);
#2422 = AXIS2_PLACEMENT_3D('',#2423,#2424,#2425);
#2423 = CARTESIAN_POINT('',(15.34181,17.,214.21811));
#2424 = DIRECTION('',(0.,1.,0.));
#2425 = DIRECTION('',(0.,0.,1.));
#2426 = FACE_BOUND('',#2427,.T.);
#2427 = EDGE_LOOP('',(#2428,#2439,#2448));
#2428 = ORIENTED_EDGE('',*,*,#2429,.T.);
#2429 = EDGE_CURVE('',#2430,#2432,#2434,.T.);
#2430 = VERTEX_POINT('',#2431);
#2431 = CARTESIAN_POINT('',(-18.43908891458,17.,168.));
#2432 = VERTEX_POINT('',#2433);
#2433 = CARTESIAN_POINT('',(-5.388445916248E-15,17.,202.));
#2434 = CIRCLE('',#2435,22.);
#2435 = AXIS2_PLACEMENT_3D('',#2436,#2437,#2438);
#2436 = CARTESIAN_POINT('',(0.,17.,180.));
#2437 = DIRECTION('',(0.,1.,0.));
#2438 = DIRECTION('',(0.,0.,1.));
#2439 = ORIENTED_EDGE('',*,*,#2440,.T.);
#2440 = EDGE_CURVE('',#2432,#2441,#2443,.T.);
#2441 = VERTEX_POINT('',#2442);
#2442 = CARTESIAN_POINT('',(18.439088914586,17.,168.));
#2443 = CIRCLE('',#2444,22.);
#2444 = AXIS2_PLACEMENT_3D('',#2445,#2446,#2447);
#2445 = CARTESIAN_POINT('',(0.,17.,180.));
#2446 = DIRECTION('',(0.,1.,0.));
#2447 = DIRECTION('',(0.,0.,1.));
#2448 = ORIENTED_EDGE('',*,*,#2449,.T.);
#2449 = EDGE_CURVE('',#2441,#2430,#2450,.T.);
#2450 = CIRCLE('',#2451,22.);
#2451 = AXIS2_PLACEMENT_3D('',#2452,#2453,#2454);
#2452 = CARTESIAN_POINT('',(0.,17.,180.));
#2453 = DIRECTION('',(0.,1.,0.));
#2454 = DIRECTION('',(0.,0.,1.));
#2455 = FACE_BOUND('',#2456,.T.);
#2456 = EDGE_LOOP('',(#2457,#2468));
#2457 = ORIENTED_EDGE('',*,*,#2458,.T.);
#2458 = EDGE_CURVE('',#2459,#2461,#2463,.T.);
#2459 = VERTEX_POINT('',#2460);
#2460 = CARTESIAN_POINT('',(33.74748,17.,198.05107));
#2461 = VERTEX_POINT('',#2462);
#2462 = CARTESIAN_POINT('',(33.74748,17.,194.65107));
#2463 = CIRCLE('',#2464,1.7);
#2464 = AXIS2_PLACEMENT_3D('',#2465,#2466,#2467);
#2465 = CARTESIAN_POINT('',(33.74748,17.,196.35107));
#2466 = DIRECTION('',(0.,1.,0.));
#2467 = DIRECTION('',(0.,0.,1.));
#2468 = ORIENTED_EDGE('',*,*,#2469,.T.);
#2469 = EDGE_CURVE('',#2461,#2459,#2470,.T.);
#2470 = CIRCLE('',#2471,1.7);
#2471 = AXIS2_PLACEMENT_3D('',#2472,#2473,#2474);
#2472 = CARTESIAN_POINT('',(33.74748,17.,196.35107));
#2473 = DIRECTION('',(0.,1.,0.));
#2474 = DIRECTION('',(0.,0.,1.));
#2475 = FACE_BOUND('',#2476,.T.);
#2476 = EDGE_LOOP('',(#2477,#2488));
#2477 = ORIENTED_EDGE('',*,*,#2478,.T.);
#2478 = EDGE_CURVE('',#2479,#2481,#2483,.T.);
#2479 = VERTEX_POINT('',#2480);
#2480 = CARTESIAN_POINT('',(36.36233,17.,172.53318));
#2481 = VERTEX_POINT('',#2482);
#2482 = CARTESIAN_POINT('',(36.36233,17.,169.13318));
#2483 = CIRCLE('',#2484,1.7);
#2484 = AXIS2_PLACEMENT_3D('',#2485,#2486,#2487);
#2485 = CARTESIAN_POINT('',(36.36233,17.,170.83318));
#2486 = DIRECTION('',(0.,1.,0.));
#2487 = DIRECTION('',(0.,0.,1.));
#2488 = ORIENTED_EDGE('',*,*,#2489,.T.);
#2489 = EDGE_CURVE('',#2481,#2479,#2490,.T.);
#2490 = CIRCLE('',#2491,1.7);
#2491 = AXIS2_PLACEMENT_3D('',#2492,#2493,#2494);
#2492 = CARTESIAN_POINT('',(36.36233,17.,170.83318));
#2493 = DIRECTION('',(0.,1.,0.));
#2494 = DIRECTION('',(0.,0.,1.));
#2495 = FACE_BOUND('',#2496,.T.);
#2496 = EDGE_LOOP('',(#2497));
#2497 = ORIENTED_EDGE('',*,*,#2498,.F.);
#2498 = EDGE_CURVE('',#2499,#2499,#2501,.T.);
#2499 = VERTEX_POINT('',#2500);
#2500 = CARTESIAN_POINT('',(21.96285,17.,147.90455));
#2501 = CIRCLE('',#2502,1.7);
#2502 = AXIS2_PLACEMENT_3D('',#2503,#2504,#2505);
#2503 = CARTESIAN_POINT('',(21.96285,17.,149.60455));
#2504 = DIRECTION('',(0.,-1.,0.));
#2505 = DIRECTION('',(0.,0.,-1.));
#2506 = PLANE('',#2507);
#2507 = AXIS2_PLACEMENT_3D('',#2508,#2509,#2510);
#2508 = CARTESIAN_POINT('',(-1.061582171637E-15,17.,167.83184642282));
#2509 = DIRECTION('',(-0.,-1.,-0.));
#2510 = DIRECTION('',(0.,0.,-1.));
#2511 = ADVANCED_FACE('',(#2512),#2548,.T.);
#2512 = FACE_BOUND('',#2513,.T.);
#2513 = EDGE_LOOP('',(#2514,#2515,#2523,#2532,#2541,#2547));
#2514 = ORIENTED_EDGE('',*,*,#2318,.T.);
#2515 = ORIENTED_EDGE('',*,*,#2516,.T.);
#2516 = EDGE_CURVE('',#2311,#2517,#2519,.T.);
#2517 = VERTEX_POINT('',#2518);
#2518 = CARTESIAN_POINT('',(38.,23.,159.8753882025));
#2519 = LINE('',#2520,#2521);
#2520 = CARTESIAN_POINT('',(38.,17.,159.8753882025));
#2521 = VECTOR('',#2522,1.);
#2522 = DIRECTION('',(0.,1.,0.));
#2523 = ORIENTED_EDGE('',*,*,#2524,.F.);
#2524 = EDGE_CURVE('',#2525,#2517,#2527,.T.);
#2525 = VERTEX_POINT('',#2526);
#2526 = CARTESIAN_POINT('',(-1.053196247267E-14,23.,223.));
#2527 = CIRCLE('',#2528,43.);
#2528 = AXIS2_PLACEMENT_3D('',#2529,#2530,#2531);
#2529 = CARTESIAN_POINT('',(0.,23.,180.));
#2530 = DIRECTION('',(0.,1.,0.));
#2531 = DIRECTION('',(0.,0.,1.));
#2532 = ORIENTED_EDGE('',*,*,#2533,.F.);
#2533 = EDGE_CURVE('',#2534,#2525,#2536,.T.);
#2534 = VERTEX_POINT('',#2535);
#2535 = CARTESIAN_POINT('',(-38.,23.,159.8753882025));
#2536 = CIRCLE('',#2537,43.);
#2537 = AXIS2_PLACEMENT_3D('',#2538,#2539,#2540);
#2538 = CARTESIAN_POINT('',(0.,23.,180.));
#2539 = DIRECTION('',(0.,1.,0.));
#2540 = DIRECTION('',(0.,0.,1.));
#2541 = ORIENTED_EDGE('',*,*,#2542,.F.);
#2542 = EDGE_CURVE('',#2229,#2534,#2543,.T.);
#2543 = LINE('',#2544,#2545);
#2544 = CARTESIAN_POINT('',(-38.,17.,159.8753882025));
#2545 = VECTOR('',#2546,1.);
#2546 = DIRECTION('',(0.,1.,0.));
#2547 = ORIENTED_EDGE('',*,*,#2228,.T.);
#2548 = CYLINDRICAL_SURFACE('',#2549,43.);
#2549 = AXIS2_PLACEMENT_3D('',#2550,#2551,#2552);
#2550 = CARTESIAN_POINT('',(0.,17.,180.));
#2551 = DIRECTION('',(0.,1.,0.));
#2552 = DIRECTION('',(0.,0.,1.));
#2553 = ADVANCED_FACE('',(#2554),#2572,.T.);
#2554 = FACE_BOUND('',#2555,.T.);
#2555 = EDGE_LOOP('',(#2556,#2557,#2565,#2571));
#2556 = ORIENTED_EDGE('',*,*,#2310,.F.);
#2557 = ORIENTED_EDGE('',*,*,#2558,.F.);
#2558 = EDGE_CURVE('',#2559,#2303,#2561,.T.);
#2559 = VERTEX_POINT('',#2560);
#2560 = CARTESIAN_POINT('',(38.,23.,130.));
#2561 = LINE('',#2562,#2563);
#2562 = CARTESIAN_POINT('',(38.,16.349370247269,130.));
#2563 = VECTOR('',#2564,1.);
#2564 = DIRECTION('',(0.,-1.,0.));
#2565 = ORIENTED_EDGE('',*,*,#2566,.T.);
#2566 = EDGE_CURVE('',#2559,#2517,#2567,.T.);
#2567 = LINE('',#2568,#2569);
#2568 = CARTESIAN_POINT('',(38.,23.,124.));
#2569 = VECTOR('',#2570,1.);
#2570 = DIRECTION('',(0.,0.,1.));
#2571 = ORIENTED_EDGE('',*,*,#2516,.F.);
#2572 = PLANE('',#2573);
#2573 = AXIS2_PLACEMENT_3D('',#2574,#2575,#2576);
#2574 = CARTESIAN_POINT('',(38.,17.,124.));
#2575 = DIRECTION('',(1.,0.,0.));
#2576 = DIRECTION('',(0.,0.,1.));
#2577 = ADVANCED_FACE('',(#2578,#2596),#2607,.T.);
#2578 = FACE_BOUND('',#2579,.T.);
#2579 = EDGE_LOOP('',(#2580,#2581,#2589,#2595));
#2580 = ORIENTED_EDGE('',*,*,#2302,.T.);
#2581 = ORIENTED_EDGE('',*,*,#2582,.T.);
#2582 = EDGE_CURVE('',#2295,#2583,#2585,.T.);
#2583 = VERTEX_POINT('',#2584);
#2584 = CARTESIAN_POINT('',(30.275,23.,130.));
#2585 = LINE('',#2586,#2587);
#2586 = CARTESIAN_POINT('',(30.275,15.698740494537,130.));
#2587 = VECTOR('',#2588,1.);
#2588 = DIRECTION('',(0.,1.,0.));
#2589 = ORIENTED_EDGE('',*,*,#2590,.T.);
#2590 = EDGE_CURVE('',#2583,#2559,#2591,.T.);
#2591 = LINE('',#2592,#2593);
#2592 = CARTESIAN_POINT('',(15.1375,23.,130.));
#2593 = VECTOR('',#2594,1.);
#2594 = DIRECTION('',(1.,0.,0.));
#2595 = ORIENTED_EDGE('',*,*,#2558,.T.);
#2596 = FACE_BOUND('',#2597,.T.);
#2597 = EDGE_LOOP('',(#2598));
#2598 = ORIENTED_EDGE('',*,*,#2599,.T.);
#2599 = EDGE_CURVE('',#2600,#2600,#2602,.T.);
#2600 = VERTEX_POINT('',#2601);
#2601 = CARTESIAN_POINT('',(36.25,20.,130.));
#2602 = CIRCLE('',#2603,2.25);
#2603 = AXIS2_PLACEMENT_3D('',#2604,#2605,#2606);
#2604 = CARTESIAN_POINT('',(34.,20.,130.));
#2605 = DIRECTION('',(0.,0.,1.));
#2606 = DIRECTION('',(1.,0.,0.));
#2607 = PLANE('',#2608);
#2608 = AXIS2_PLACEMENT_3D('',#2609,#2610,#2611);
#2609 = CARTESIAN_POINT('',(34.1375,20.,130.));
#2610 = DIRECTION('',(-0.,-0.,-1.));
#2611 = DIRECTION('',(-1.,0.,0.));
#2612 = ADVANCED_FACE('',(#2613),#2663,.T.);
#2613 = FACE_BOUND('',#2614,.T.);
#2614 = EDGE_LOOP('',(#2615,#2623,#2624,#2625,#2633,#2641,#2649,#2657));
#2615 = ORIENTED_EDGE('',*,*,#2616,.F.);
#2616 = EDGE_CURVE('',#2583,#2617,#2619,.T.);
#2617 = VERTEX_POINT('',#2618);
#2618 = CARTESIAN_POINT('',(30.275,23.,124.6));
#2619 = LINE('',#2620,#2621);
#2620 = CARTESIAN_POINT('',(30.275,23.,146.21592321141));
#2621 = VECTOR('',#2622,1.);
#2622 = DIRECTION('',(0.,0.,-1.));
#2623 = ORIENTED_EDGE('',*,*,#2582,.F.);
#2624 = ORIENTED_EDGE('',*,*,#2294,.F.);
#2625 = ORIENTED_EDGE('',*,*,#2626,.T.);
#2626 = EDGE_CURVE('',#2287,#2627,#2629,.T.);
#2627 = VERTEX_POINT('',#2628);
#2628 = CARTESIAN_POINT('',(30.275,17.475247536886,124.6));
#2629 = LINE('',#2630,#2631);
#2630 = CARTESIAN_POINT('',(30.275,15.698740494537,124.6));
#2631 = VECTOR('',#2632,1.);
#2632 = DIRECTION('',(0.,1.,0.));
#2633 = ORIENTED_EDGE('',*,*,#2634,.T.);
#2634 = EDGE_CURVE('',#2627,#2635,#2637,.T.);
#2635 = VERTEX_POINT('',#2636);
#2636 = CARTESIAN_POINT('',(30.275,17.475247536886,124.8));
#2637 = LINE('',#2638,#2639);
#2638 = CARTESIAN_POINT('',(30.275,17.475247536886,124.));
#2639 = VECTOR('',#2640,1.);
#2640 = DIRECTION('',(0.,0.,1.));
#2641 = ORIENTED_EDGE('',*,*,#2642,.F.);
#2642 = EDGE_CURVE('',#2643,#2635,#2645,.T.);
#2643 = VERTEX_POINT('',#2644);
#2644 = CARTESIAN_POINT('',(30.275,22.524752463114,124.8));
#2645 = LINE('',#2646,#2647);
#2646 = CARTESIAN_POINT('',(30.275,20.,124.8));
#2647 = VECTOR('',#2648,1.);
#2648 = DIRECTION('',(0.,-1.,0.));
#2649 = ORIENTED_EDGE('',*,*,#2650,.F.);
#2650 = EDGE_CURVE('',#2651,#2643,#2653,.T.);
#2651 = VERTEX_POINT('',#2652);
#2652 = CARTESIAN_POINT('',(30.275,22.524752463114,124.6));
#2653 = LINE('',#2654,#2655);
#2654 = CARTESIAN_POINT('',(30.275,22.524752463114,124.));
#2655 = VECTOR('',#2656,1.);
#2656 = DIRECTION('',(0.,0.,1.));
#2657 = ORIENTED_EDGE('',*,*,#2658,.T.);
#2658 = EDGE_CURVE('',#2651,#2617,#2659,.T.);
#2659 = LINE('',#2660,#2661);
#2660 = CARTESIAN_POINT('',(30.275,15.698740494537,124.6));
#2661 = VECTOR('',#2662,1.);
#2662 = DIRECTION('',(0.,1.,0.));
#2663 = PLANE('',#2664);
#2664 = AXIS2_PLACEMENT_3D('',#2665,#2666,#2667);
#2665 = CARTESIAN_POINT('',(30.275,20.,127.3));
#2666 = DIRECTION('',(1.,0.,0.));
#2667 = DIRECTION('',(0.,0.,1.));
#2668 = ADVANCED_FACE('',(#2669),#2680,.T.);
#2669 = FACE_BOUND('',#2670,.T.);
#2670 = EDGE_LOOP('',(#2671,#2672,#2679));
#2671 = ORIENTED_EDGE('',*,*,#2286,.F.);
#2672 = ORIENTED_EDGE('',*,*,#2673,.F.);
#2673 = EDGE_CURVE('',#2627,#2279,#2674,.T.);
#2674 = CIRCLE('',#2675,4.5);
#2675 = AXIS2_PLACEMENT_3D('',#2676,#2677,#2678);
#2676 = CARTESIAN_POINT('',(34.,20.,124.6));
#2677 = DIRECTION('',(0.,0.,1.));
#2678 = DIRECTION('',(1.,0.,0.));
#2679 = ORIENTED_EDGE('',*,*,#2626,.F.);
#2680 = PLANE('',#2681);
#2681 = AXIS2_PLACEMENT_3D('',#2682,#2683,#2684);
#2682 = CARTESIAN_POINT('',(34.1375,20.,124.6));
#2683 = DIRECTION('',(0.,0.,1.));
#2684 = DIRECTION('',(1.,0.,0.));
#2685 = ADVANCED_FACE('',(#2686),#2715,.F.);
#2686 = FACE_BOUND('',#2687,.F.);
#2687 = EDGE_LOOP('',(#2688,#2695,#2696,#2705,#2711,#2712,#2713,#2714));
#2688 = ORIENTED_EDGE('',*,*,#2689,.F.);
#2689 = EDGE_CURVE('',#2643,#2635,#2690,.T.);
#2690 = CIRCLE('',#2691,4.5);
#2691 = AXIS2_PLACEMENT_3D('',#2692,#2693,#2694);
#2692 = CARTESIAN_POINT('',(34.,20.,124.8));
#2693 = DIRECTION('',(0.,0.,1.));
#2694 = DIRECTION('',(1.,0.,0.));
#2695 = ORIENTED_EDGE('',*,*,#2650,.F.);
#2696 = ORIENTED_EDGE('',*,*,#2697,.F.);
#2697 = EDGE_CURVE('',#2698,#2651,#2700,.T.);
#2698 = VERTEX_POINT('',#2699);
#2699 = CARTESIAN_POINT('',(30.64589803375,23.,124.6));
#2700 = CIRCLE('',#2701,4.5);
#2701 = AXIS2_PLACEMENT_3D('',#2702,#2703,#2704);
#2702 = CARTESIAN_POINT('',(34.,20.,124.6));
#2703 = DIRECTION('',(0.,0.,1.));
#2704 = DIRECTION('',(1.,0.,0.));
#2705 = ORIENTED_EDGE('',*,*,#2706,.F.);
#2706 = EDGE_CURVE('',#2092,#2698,#2707,.T.);
#2707 = LINE('',#2708,#2709);
#2708 = CARTESIAN_POINT('',(30.64589803375,23.,124.));
#2709 = VECTOR('',#2710,1.);
#2710 = DIRECTION('',(0.,0.,1.));
#2711 = ORIENTED_EDGE('',*,*,#2099,.T.);
#2712 = ORIENTED_EDGE('',*,*,#2278,.T.);
#2713 = ORIENTED_EDGE('',*,*,#2673,.F.);
#2714 = ORIENTED_EDGE('',*,*,#2634,.T.);
#2715 = CYLINDRICAL_SURFACE('',#2716,4.5);
#2716 = AXIS2_PLACEMENT_3D('',#2717,#2718,#2719);
#2717 = CARTESIAN_POINT('',(34.,20.,124.));
#2718 = DIRECTION('',(0.,0.,1.));
#2719 = DIRECTION('',(1.,0.,0.));
#2720 = ADVANCED_FACE('',(#2721),#2784,.F.);
#2721 = FACE_BOUND('',#2722,.F.);
#2722 = EDGE_LOOP('',(#2723,#2731,#2740,#2748,#2757,#2766,#2774,#2781,
    #2782,#2783));
#2723 = ORIENTED_EDGE('',*,*,#2724,.T.);
#2724 = EDGE_CURVE('',#2083,#2725,#2727,.T.);
#2725 = VERTEX_POINT('',#2726);
#2726 = CARTESIAN_POINT('',(-30.64589803375,23.,124.6));
#2727 = LINE('',#2728,#2729);
#2728 = CARTESIAN_POINT('',(-30.64589803375,23.,124.));
#2729 = VECTOR('',#2730,1.);
#2730 = DIRECTION('',(0.,0.,1.));
#2731 = ORIENTED_EDGE('',*,*,#2732,.F.);
#2732 = EDGE_CURVE('',#2733,#2725,#2735,.T.);
#2733 = VERTEX_POINT('',#2734);
#2734 = CARTESIAN_POINT('',(-30.275,22.524752463114,124.6));
#2735 = CIRCLE('',#2736,4.5);
#2736 = AXIS2_PLACEMENT_3D('',#2737,#2738,#2739);
#2737 = CARTESIAN_POINT('',(-34.,20.,124.6));
#2738 = DIRECTION('',(0.,0.,1.));
#2739 = DIRECTION('',(1.,0.,0.));
#2740 = ORIENTED_EDGE('',*,*,#2741,.T.);
#2741 = EDGE_CURVE('',#2733,#2742,#2744,.T.);
#2742 = VERTEX_POINT('',#2743);
#2743 = CARTESIAN_POINT('',(-30.275,22.524752463114,124.8));
#2744 = LINE('',#2745,#2746);
#2745 = CARTESIAN_POINT('',(-30.275,22.524752463114,124.));
#2746 = VECTOR('',#2747,1.);
#2747 = DIRECTION('',(0.,0.,1.));
#2748 = ORIENTED_EDGE('',*,*,#2749,.F.);
#2749 = EDGE_CURVE('',#2750,#2742,#2752,.T.);
#2750 = VERTEX_POINT('',#2751);
#2751 = CARTESIAN_POINT('',(-29.5,20.,124.8));
#2752 = CIRCLE('',#2753,4.5);
#2753 = AXIS2_PLACEMENT_3D('',#2754,#2755,#2756);
#2754 = CARTESIAN_POINT('',(-34.,20.,124.8));
#2755 = DIRECTION('',(0.,0.,1.));
#2756 = DIRECTION('',(1.,0.,0.));
#2757 = ORIENTED_EDGE('',*,*,#2758,.F.);
#2758 = EDGE_CURVE('',#2759,#2750,#2761,.T.);
#2759 = VERTEX_POINT('',#2760);
#2760 = CARTESIAN_POINT('',(-30.275,17.475247536886,124.8));
#2761 = CIRCLE('',#2762,4.5);
#2762 = AXIS2_PLACEMENT_3D('',#2763,#2764,#2765);
#2763 = CARTESIAN_POINT('',(-34.,20.,124.8));
#2764 = DIRECTION('',(0.,0.,1.));
#2765 = DIRECTION('',(1.,0.,0.));
#2766 = ORIENTED_EDGE('',*,*,#2767,.F.);
#2767 = EDGE_CURVE('',#2768,#2759,#2770,.T.);
#2768 = VERTEX_POINT('',#2769);
#2769 = CARTESIAN_POINT('',(-30.275,17.475247536886,124.6));
#2770 = LINE('',#2771,#2772);
#2771 = CARTESIAN_POINT('',(-30.275,17.475247536886,124.));
#2772 = VECTOR('',#2773,1.);
#2773 = DIRECTION('',(0.,0.,1.));
#2774 = ORIENTED_EDGE('',*,*,#2775,.F.);
#2775 = EDGE_CURVE('',#2264,#2768,#2776,.T.);
#2776 = CIRCLE('',#2777,4.5);
#2777 = AXIS2_PLACEMENT_3D('',#2778,#2779,#2780);
#2778 = CARTESIAN_POINT('',(-34.,20.,124.6));
#2779 = DIRECTION('',(0.,0.,1.));
#2780 = DIRECTION('',(1.,0.,0.));
#2781 = ORIENTED_EDGE('',*,*,#2271,.F.);
#2782 = ORIENTED_EDGE('',*,*,#2073,.T.);
#2783 = ORIENTED_EDGE('',*,*,#2082,.T.);
#2784 = CYLINDRICAL_SURFACE('',#2785,4.5);
#2785 = AXIS2_PLACEMENT_3D('',#2786,#2787,#2788);
#2786 = CARTESIAN_POINT('',(-34.,20.,124.));
#2787 = DIRECTION('',(0.,0.,1.));
#2788 = DIRECTION('',(1.,0.,0.));
#2789 = ADVANCED_FACE('',(#2790),#2800,.T.);
#2790 = FACE_BOUND('',#2791,.T.);
#2791 = EDGE_LOOP('',(#2792,#2793,#2799));
#2792 = ORIENTED_EDGE('',*,*,#2263,.F.);
#2793 = ORIENTED_EDGE('',*,*,#2794,.T.);
#2794 = EDGE_CURVE('',#2256,#2768,#2795,.T.);
#2795 = LINE('',#2796,#2797);
#2796 = CARTESIAN_POINT('',(-30.275,15.698740494537,124.6));
#2797 = VECTOR('',#2798,1.);
#2798 = DIRECTION('',(0.,1.,0.));
#2799 = ORIENTED_EDGE('',*,*,#2775,.F.);
#2800 = PLANE('',#2801);
#2801 = AXIS2_PLACEMENT_3D('',#2802,#2803,#2804);
#2802 = CARTESIAN_POINT('',(-34.1375,20.,124.6));
#2803 = DIRECTION('',(0.,0.,1.));
#2804 = DIRECTION('',(1.,0.,0.));
#2805 = ADVANCED_FACE('',(#2806),#2840,.T.);
#2806 = FACE_BOUND('',#2807,.T.);
#2807 = EDGE_LOOP('',(#2808,#2809,#2810,#2818,#2826,#2832,#2833,#2839));
#2808 = ORIENTED_EDGE('',*,*,#2794,.F.);
#2809 = ORIENTED_EDGE('',*,*,#2255,.T.);
#2810 = ORIENTED_EDGE('',*,*,#2811,.T.);
#2811 = EDGE_CURVE('',#2248,#2812,#2814,.T.);
#2812 = VERTEX_POINT('',#2813);
#2813 = CARTESIAN_POINT('',(-30.275,23.,130.));
#2814 = LINE('',#2815,#2816);
#2815 = CARTESIAN_POINT('',(-30.275,15.698740494537,130.));
#2816 = VECTOR('',#2817,1.);
#2817 = DIRECTION('',(0.,1.,0.));
#2818 = ORIENTED_EDGE('',*,*,#2819,.T.);
#2819 = EDGE_CURVE('',#2812,#2820,#2822,.T.);
#2820 = VERTEX_POINT('',#2821);
#2821 = CARTESIAN_POINT('',(-30.275,23.,124.6));
#2822 = LINE('',#2823,#2824);
#2823 = CARTESIAN_POINT('',(-30.275,23.,146.21592321141));
#2824 = VECTOR('',#2825,1.);
#2825 = DIRECTION('',(0.,0.,-1.));
#2826 = ORIENTED_EDGE('',*,*,#2827,.F.);
#2827 = EDGE_CURVE('',#2733,#2820,#2828,.T.);
#2828 = LINE('',#2829,#2830);
#2829 = CARTESIAN_POINT('',(-30.275,15.698740494537,124.6));
#2830 = VECTOR('',#2831,1.);
#2831 = DIRECTION('',(0.,1.,0.));
#2832 = ORIENTED_EDGE('',*,*,#2741,.T.);
#2833 = ORIENTED_EDGE('',*,*,#2834,.F.);
#2834 = EDGE_CURVE('',#2759,#2742,#2835,.T.);
#2835 = LINE('',#2836,#2837);
#2836 = CARTESIAN_POINT('',(-30.275,20.,124.8));
#2837 = VECTOR('',#2838,1.);
#2838 = DIRECTION('',(0.,1.,0.));
#2839 = ORIENTED_EDGE('',*,*,#2767,.F.);
#2840 = PLANE('',#2841);
#2841 = AXIS2_PLACEMENT_3D('',#2842,#2843,#2844);
#2842 = CARTESIAN_POINT('',(-30.275,20.,127.3));
#2843 = DIRECTION('',(-1.,-0.,-0.));
#2844 = DIRECTION('',(0.,0.,-1.));
#2845 = ADVANCED_FACE('',(#2846,#2864),#2875,.T.);
#2846 = FACE_BOUND('',#2847,.T.);
#2847 = EDGE_LOOP('',(#2848,#2849,#2857,#2863));
#2848 = ORIENTED_EDGE('',*,*,#2247,.T.);
#2849 = ORIENTED_EDGE('',*,*,#2850,.F.);
#2850 = EDGE_CURVE('',#2851,#2240,#2853,.T.);
#2851 = VERTEX_POINT('',#2852);
#2852 = CARTESIAN_POINT('',(-38.,23.,130.));
#2853 = LINE('',#2854,#2855);
#2854 = CARTESIAN_POINT('',(-38.,16.349370247269,130.));
#2855 = VECTOR('',#2856,1.);
#2856 = DIRECTION('',(0.,-1.,0.));
#2857 = ORIENTED_EDGE('',*,*,#2858,.T.);
#2858 = EDGE_CURVE('',#2851,#2812,#2859,.T.);
#2859 = LINE('',#2860,#2861);
#2860 = CARTESIAN_POINT('',(-24.03410529094,23.,130.));
#2861 = VECTOR('',#2862,1.);
#2862 = DIRECTION('',(1.,0.,0.));
#2863 = ORIENTED_EDGE('',*,*,#2811,.F.);
#2864 = FACE_BOUND('',#2865,.T.);
#2865 = EDGE_LOOP('',(#2866));
#2866 = ORIENTED_EDGE('',*,*,#2867,.T.);
#2867 = EDGE_CURVE('',#2868,#2868,#2870,.T.);
#2868 = VERTEX_POINT('',#2869);
#2869 = CARTESIAN_POINT('',(-31.75,20.,130.));
#2870 = CIRCLE('',#2871,2.25);
#2871 = AXIS2_PLACEMENT_3D('',#2872,#2873,#2874);
#2872 = CARTESIAN_POINT('',(-34.,20.,130.));
#2873 = DIRECTION('',(0.,0.,1.));
#2874 = DIRECTION('',(1.,0.,0.));
#2875 = PLANE('',#2876);
#2876 = AXIS2_PLACEMENT_3D('',#2877,#2878,#2879);
#2877 = CARTESIAN_POINT('',(-34.1375,20.,130.));
#2878 = DIRECTION('',(-0.,-0.,-1.));
#2879 = DIRECTION('',(-1.,0.,0.));
#2880 = ADVANCED_FACE('',(#2881),#2892,.F.);
#2881 = FACE_BOUND('',#2882,.F.);
#2882 = EDGE_LOOP('',(#2883,#2884,#2885,#2891));
#2883 = ORIENTED_EDGE('',*,*,#2239,.F.);
#2884 = ORIENTED_EDGE('',*,*,#2850,.F.);
#2885 = ORIENTED_EDGE('',*,*,#2886,.T.);
#2886 = EDGE_CURVE('',#2851,#2534,#2887,.T.);
#2887 = LINE('',#2888,#2889);
#2888 = CARTESIAN_POINT('',(-38.,23.,124.));
#2889 = VECTOR('',#2890,1.);
#2890 = DIRECTION('',(0.,0.,1.));
#2891 = ORIENTED_EDGE('',*,*,#2542,.F.);
#2892 = PLANE('',#2893);
#2893 = AXIS2_PLACEMENT_3D('',#2894,#2895,#2896);
#2894 = CARTESIAN_POINT('',(-38.,17.,124.));
#2895 = DIRECTION('',(1.,0.,0.));
#2896 = DIRECTION('',(0.,0.,1.));
#2897 = ADVANCED_FACE('',(#2898),#2926,.F.);
#2898 = FACE_BOUND('',#2899,.F.);
#2899 = EDGE_LOOP('',(#2900,#2901,#2902,#2909,#2918,#2925));
#2900 = ORIENTED_EDGE('',*,*,#2327,.T.);
#2901 = ORIENTED_EDGE('',*,*,#2338,.T.);
#2902 = ORIENTED_EDGE('',*,*,#2903,.T.);
#2903 = EDGE_CURVE('',#2328,#2904,#2906,.T.);
#2904 = VERTEX_POINT('',#2905);
#2905 = CARTESIAN_POINT('',(-31.03418,23.,202.75064));
#2906 = B_SPLINE_CURVE_WITH_KNOTS('',1,(#2907,#2908),.UNSPECIFIED.,.F.,
  .F.,(2,2),(0.,6.),.PIECEWISE_BEZIER_KNOTS.);
#2907 = CARTESIAN_POINT('',(-31.03418,17.,202.75064));
#2908 = CARTESIAN_POINT('',(-31.03418,23.,202.75064));
#2909 = ORIENTED_EDGE('',*,*,#2910,.F.);
#2910 = EDGE_CURVE('',#2911,#2904,#2913,.T.);
#2911 = VERTEX_POINT('',#2912);
#2912 = CARTESIAN_POINT('',(-31.03418,23.,199.35064));
#2913 = CIRCLE('',#2914,1.7);
#2914 = AXIS2_PLACEMENT_3D('',#2915,#2916,#2917);
#2915 = CARTESIAN_POINT('',(-31.03418,23.,201.05064));
#2916 = DIRECTION('',(0.,1.,0.));
#2917 = DIRECTION('',(0.,0.,1.));
#2918 = ORIENTED_EDGE('',*,*,#2919,.F.);
#2919 = EDGE_CURVE('',#2904,#2911,#2920,.T.);
#2920 = CIRCLE('',#2921,1.7);
#2921 = AXIS2_PLACEMENT_3D('',#2922,#2923,#2924);
#2922 = CARTESIAN_POINT('',(-31.03418,23.,201.05064));
#2923 = DIRECTION('',(0.,1.,0.));
#2924 = DIRECTION('',(0.,0.,1.));
#2925 = ORIENTED_EDGE('',*,*,#2903,.F.);
#2926 = CYLINDRICAL_SURFACE('',#2927,1.7);
#2927 = AXIS2_PLACEMENT_3D('',#2928,#2929,#2930);
#2928 = CARTESIAN_POINT('',(-31.03418,17.,201.05064));
#2929 = DIRECTION('',(0.,1.,0.));
#2930 = DIRECTION('',(0.,0.,1.));
#2931 = ADVANCED_FACE('',(#2932),#2960,.F.);
#2932 = FACE_BOUND('',#2933,.F.);
#2933 = EDGE_LOOP('',(#2934,#2935,#2936,#2943,#2952,#2959));
#2934 = ORIENTED_EDGE('',*,*,#2347,.T.);
#2935 = ORIENTED_EDGE('',*,*,#2358,.T.);
#2936 = ORIENTED_EDGE('',*,*,#2937,.T.);
#2937 = EDGE_CURVE('',#2348,#2938,#2940,.T.);
#2938 = VERTEX_POINT('',#2939);
#2939 = CARTESIAN_POINT('',(-10.24247,23.,217.77412));
#2940 = B_SPLINE_CURVE_WITH_KNOTS('',1,(#2941,#2942),.UNSPECIFIED.,.F.,
  .F.,(2,2),(0.,6.),.PIECEWISE_BEZIER_KNOTS.);
#2941 = CARTESIAN_POINT('',(-10.24247,17.,217.77412));
#2942 = CARTESIAN_POINT('',(-10.24247,23.,217.77412));
#2943 = ORIENTED_EDGE('',*,*,#2944,.F.);
#2944 = EDGE_CURVE('',#2945,#2938,#2947,.T.);
#2945 = VERTEX_POINT('',#2946);
#2946 = CARTESIAN_POINT('',(-10.24247,23.,214.37412));
#2947 = CIRCLE('',#2948,1.7);
#2948 = AXIS2_PLACEMENT_3D('',#2949,#2950,#2951);
#2949 = CARTESIAN_POINT('',(-10.24247,23.,216.07412));
#2950 = DIRECTION('',(0.,1.,0.));
#2951 = DIRECTION('',(0.,0.,1.));
#2952 = ORIENTED_EDGE('',*,*,#2953,.F.);
#2953 = EDGE_CURVE('',#2938,#2945,#2954,.T.);
#2954 = CIRCLE('',#2955,1.7);
#2955 = AXIS2_PLACEMENT_3D('',#2956,#2957,#2958);
#2956 = CARTESIAN_POINT('',(-10.24247,23.,216.07412));
#2957 = DIRECTION('',(0.,1.,0.));
#2958 = DIRECTION('',(0.,0.,1.));
#2959 = ORIENTED_EDGE('',*,*,#2937,.F.);
#2960 = CYLINDRICAL_SURFACE('',#2961,1.7);
#2961 = AXIS2_PLACEMENT_3D('',#2962,#2963,#2964);
#2962 = CARTESIAN_POINT('',(-10.24247,17.,216.07412));
#2963 = DIRECTION('',(0.,1.,0.));
#2964 = DIRECTION('',(0.,0.,1.));
#2965 = ADVANCED_FACE('',(#2966),#2994,.F.);
#2966 = FACE_BOUND('',#2967,.F.);
#2967 = EDGE_LOOP('',(#2968,#2969,#2970,#2977,#2986,#2993));
#2968 = ORIENTED_EDGE('',*,*,#2367,.T.);
#2969 = ORIENTED_EDGE('',*,*,#2378,.T.);
#2970 = ORIENTED_EDGE('',*,*,#2971,.T.);
#2971 = EDGE_CURVE('',#2368,#2972,#2974,.T.);
#2972 = VERTEX_POINT('',#2973);
#2973 = CARTESIAN_POINT('',(-37.30465,23.,177.87734));
#2974 = B_SPLINE_CURVE_WITH_KNOTS('',1,(#2975,#2976),.UNSPECIFIED.,.F.,
  .F.,(2,2),(0.,6.),.PIECEWISE_BEZIER_KNOTS.);
#2975 = CARTESIAN_POINT('',(-37.30465,17.,177.87734));
#2976 = CARTESIAN_POINT('',(-37.30465,23.,177.87734));
#2977 = ORIENTED_EDGE('',*,*,#2978,.F.);
#2978 = EDGE_CURVE('',#2979,#2972,#2981,.T.);
#2979 = VERTEX_POINT('',#2980);
#2980 = CARTESIAN_POINT('',(-37.30465,23.,174.47734));
#2981 = CIRCLE('',#2982,1.7);
#2982 = AXIS2_PLACEMENT_3D('',#2983,#2984,#2985);
#2983 = CARTESIAN_POINT('',(-37.30465,23.,176.17734));
#2984 = DIRECTION('',(0.,1.,0.));
#2985 = DIRECTION('',(0.,0.,1.));
#2986 = ORIENTED_EDGE('',*,*,#2987,.F.);
#2987 = EDGE_CURVE('',#2972,#2979,#2988,.T.);
#2988 = CIRCLE('',#2989,1.7);
#2989 = AXIS2_PLACEMENT_3D('',#2990,#2991,#2992);
#2990 = CARTESIAN_POINT('',(-37.30465,23.,176.17734));
#2991 = DIRECTION('',(0.,1.,0.));
#2992 = DIRECTION('',(0.,0.,1.));
#2993 = ORIENTED_EDGE('',*,*,#2971,.F.);
#2994 = CYLINDRICAL_SURFACE('',#2995,1.7);
#2995 = AXIS2_PLACEMENT_3D('',#2996,#2997,#2998);
#2996 = CARTESIAN_POINT('',(-37.30465,17.,176.17734));
#2997 = DIRECTION('',(0.,1.,0.));
#2998 = DIRECTION('',(0.,0.,1.));
#2999 = ADVANCED_FACE('',(#3000),#3019,.F.);
#3000 = FACE_BOUND('',#3001,.F.);
#3001 = EDGE_LOOP('',(#3002,#3003,#3011,#3018));
#3002 = ORIENTED_EDGE('',*,*,#2387,.F.);
#3003 = ORIENTED_EDGE('',*,*,#3004,.F.);
#3004 = EDGE_CURVE('',#3005,#2388,#3007,.T.);
#3005 = VERTEX_POINT('',#3006);
#3006 = CARTESIAN_POINT('',(-26.11987,23.,151.3927));
#3007 = LINE('',#3008,#3009);
#3008 = CARTESIAN_POINT('',(-26.11987,23.,151.3927));
#3009 = VECTOR('',#3010,1.);
#3010 = DIRECTION('',(0.,-1.,0.));
#3011 = ORIENTED_EDGE('',*,*,#3012,.T.);
#3012 = EDGE_CURVE('',#3005,#3005,#3013,.T.);
#3013 = CIRCLE('',#3014,1.7);
#3014 = AXIS2_PLACEMENT_3D('',#3015,#3016,#3017);
#3015 = CARTESIAN_POINT('',(-26.11987,23.,153.0927));
#3016 = DIRECTION('',(0.,-1.,0.));
#3017 = DIRECTION('',(0.,0.,-1.));
#3018 = ORIENTED_EDGE('',*,*,#3004,.T.);
#3019 = CYLINDRICAL_SURFACE('',#3020,1.7);
#3020 = AXIS2_PLACEMENT_3D('',#3021,#3022,#3023);
#3021 = CARTESIAN_POINT('',(-26.11987,23.,153.0927));
#3022 = DIRECTION('',(-0.,-1.,-0.));
#3023 = DIRECTION('',(0.,0.,-1.));
#3024 = ADVANCED_FACE('',(#3025),#3044,.F.);
#3025 = FACE_BOUND('',#3026,.F.);
#3026 = EDGE_LOOP('',(#3027,#3028,#3036,#3043));
#3027 = ORIENTED_EDGE('',*,*,#2398,.F.);
#3028 = ORIENTED_EDGE('',*,*,#3029,.F.);
#3029 = EDGE_CURVE('',#3030,#2399,#3032,.T.);
#3030 = VERTEX_POINT('',#3031);
#3031 = CARTESIAN_POINT('',(-2.7133,23.,140.89829));
#3032 = LINE('',#3033,#3034);
#3033 = CARTESIAN_POINT('',(-2.7133,23.,140.89829));
#3034 = VECTOR('',#3035,1.);
#3035 = DIRECTION('',(0.,-1.,0.));
#3036 = ORIENTED_EDGE('',*,*,#3037,.T.);
#3037 = EDGE_CURVE('',#3030,#3030,#3038,.T.);
#3038 = CIRCLE('',#3039,1.7);
#3039 = AXIS2_PLACEMENT_3D('',#3040,#3041,#3042);
#3040 = CARTESIAN_POINT('',(-2.7133,23.,142.59829));
#3041 = DIRECTION('',(0.,-1.,0.));
#3042 = DIRECTION('',(0.,0.,-1.));
#3043 = ORIENTED_EDGE('',*,*,#3029,.T.);
#3044 = CYLINDRICAL_SURFACE('',#3045,1.7);
#3045 = AXIS2_PLACEMENT_3D('',#3046,#3047,#3048);
#3046 = CARTESIAN_POINT('',(-2.7133,23.,142.59829));
#3047 = DIRECTION('',(-0.,-1.,-0.));
#3048 = DIRECTION('',(0.,0.,-1.));
#3049 = ADVANCED_FACE('',(#3050),#3078,.F.);
#3050 = FACE_BOUND('',#3051,.F.);
#3051 = EDGE_LOOP('',(#3052,#3053,#3054,#3061,#3070,#3077));
#3052 = ORIENTED_EDGE('',*,*,#2409,.T.);
#3053 = ORIENTED_EDGE('',*,*,#2420,.T.);
#3054 = ORIENTED_EDGE('',*,*,#3055,.T.);
#3055 = EDGE_CURVE('',#2410,#3056,#3058,.T.);
#3056 = VERTEX_POINT('',#3057);
#3057 = CARTESIAN_POINT('',(15.34181,23.,215.91811));
#3058 = B_SPLINE_CURVE_WITH_KNOTS('',1,(#3059,#3060),.UNSPECIFIED.,.F.,
  .F.,(2,2),(0.,6.),.PIECEWISE_BEZIER_KNOTS.);
#3059 = CARTESIAN_POINT('',(15.34181,17.,215.91811));
#3060 = CARTESIAN_POINT('',(15.34181,23.,215.91811));
#3061 = ORIENTED_EDGE('',*,*,#3062,.F.);
#3062 = EDGE_CURVE('',#3063,#3056,#3065,.T.);
#3063 = VERTEX_POINT('',#3064);
#3064 = CARTESIAN_POINT('',(15.34181,23.,212.51811));
#3065 = CIRCLE('',#3066,1.7);
#3066 = AXIS2_PLACEMENT_3D('',#3067,#3068,#3069);
#3067 = CARTESIAN_POINT('',(15.34181,23.,214.21811));
#3068 = DIRECTION('',(0.,1.,0.));
#3069 = DIRECTION('',(0.,0.,1.));
#3070 = ORIENTED_EDGE('',*,*,#3071,.F.);
#3071 = EDGE_CURVE('',#3056,#3063,#3072,.T.);
#3072 = CIRCLE('',#3073,1.7);
#3073 = AXIS2_PLACEMENT_3D('',#3074,#3075,#3076);
#3074 = CARTESIAN_POINT('',(15.34181,23.,214.21811));
#3075 = DIRECTION('',(0.,1.,0.));
#3076 = DIRECTION('',(0.,0.,1.));
#3077 = ORIENTED_EDGE('',*,*,#3055,.F.);
#3078 = CYLINDRICAL_SURFACE('',#3079,1.7);
#3079 = AXIS2_PLACEMENT_3D('',#3080,#3081,#3082);
#3080 = CARTESIAN_POINT('',(15.34181,17.,214.21811));
#3081 = DIRECTION('',(0.,1.,0.));
#3082 = DIRECTION('',(0.,0.,1.));
#3083 = ADVANCED_FACE('',(#3084),#3122,.F.);
#3084 = FACE_BOUND('',#3085,.F.);
#3085 = EDGE_LOOP('',(#3086,#3087,#3094,#3103,#3112,#3119,#3120,#3121));
#3086 = ORIENTED_EDGE('',*,*,#2429,.T.);
#3087 = ORIENTED_EDGE('',*,*,#3088,.T.);
#3088 = EDGE_CURVE('',#2432,#3089,#3091,.T.);
#3089 = VERTEX_POINT('',#3090);
#3090 = CARTESIAN_POINT('',(-5.388445916248E-15,23.,202.));
#3091 = B_SPLINE_CURVE_WITH_KNOTS('',1,(#3092,#3093),.UNSPECIFIED.,.F.,
  .F.,(2,2),(0.,6.),.PIECEWISE_BEZIER_KNOTS.);
#3092 = CARTESIAN_POINT('',(0.,17.,202.));
#3093 = CARTESIAN_POINT('',(0.,23.,202.));
#3094 = ORIENTED_EDGE('',*,*,#3095,.F.);
#3095 = EDGE_CURVE('',#3096,#3089,#3098,.T.);
#3096 = VERTEX_POINT('',#3097);
#3097 = CARTESIAN_POINT('',(-18.43908891458,23.,168.));
#3098 = CIRCLE('',#3099,22.);
#3099 = AXIS2_PLACEMENT_3D('',#3100,#3101,#3102);
#3100 = CARTESIAN_POINT('',(0.,23.,180.));
#3101 = DIRECTION('',(0.,1.,0.));
#3102 = DIRECTION('',(0.,0.,1.));
#3103 = ORIENTED_EDGE('',*,*,#3104,.F.);
#3104 = EDGE_CURVE('',#3105,#3096,#3107,.T.);
#3105 = VERTEX_POINT('',#3106);
#3106 = CARTESIAN_POINT('',(18.439088914586,23.,168.));
#3107 = CIRCLE('',#3108,22.);
#3108 = AXIS2_PLACEMENT_3D('',#3109,#3110,#3111);
#3109 = CARTESIAN_POINT('',(0.,23.,180.));
#3110 = DIRECTION('',(0.,1.,0.));
#3111 = DIRECTION('',(0.,0.,1.));
#3112 = ORIENTED_EDGE('',*,*,#3113,.F.);
#3113 = EDGE_CURVE('',#3089,#3105,#3114,.T.);
#3114 = CIRCLE('',#3115,22.);
#3115 = AXIS2_PLACEMENT_3D('',#3116,#3117,#3118);
#3116 = CARTESIAN_POINT('',(0.,23.,180.));
#3117 = DIRECTION('',(0.,1.,0.));
#3118 = DIRECTION('',(0.,0.,1.));
#3119 = ORIENTED_EDGE('',*,*,#3088,.F.);
#3120 = ORIENTED_EDGE('',*,*,#2440,.T.);
#3121 = ORIENTED_EDGE('',*,*,#2449,.T.);
#3122 = CYLINDRICAL_SURFACE('',#3123,22.);
#3123 = AXIS2_PLACEMENT_3D('',#3124,#3125,#3126);
#3124 = CARTESIAN_POINT('',(0.,17.,180.));
#3125 = DIRECTION('',(0.,1.,0.));
#3126 = DIRECTION('',(0.,0.,1.));
#3127 = ADVANCED_FACE('',(#3128),#3156,.F.);
#3128 = FACE_BOUND('',#3129,.F.);
#3129 = EDGE_LOOP('',(#3130,#3131,#3132,#3139,#3148,#3155));
#3130 = ORIENTED_EDGE('',*,*,#2458,.T.);
#3131 = ORIENTED_EDGE('',*,*,#2469,.T.);
#3132 = ORIENTED_EDGE('',*,*,#3133,.T.);
#3133 = EDGE_CURVE('',#2459,#3134,#3136,.T.);
#3134 = VERTEX_POINT('',#3135);
#3135 = CARTESIAN_POINT('',(33.74748,23.,198.05107));
#3136 = B_SPLINE_CURVE_WITH_KNOTS('',1,(#3137,#3138),.UNSPECIFIED.,.F.,
  .F.,(2,2),(0.,6.),.PIECEWISE_BEZIER_KNOTS.);
#3137 = CARTESIAN_POINT('',(33.74748,17.,198.05107));
#3138 = CARTESIAN_POINT('',(33.74748,23.,198.05107));
#3139 = ORIENTED_EDGE('',*,*,#3140,.F.);
#3140 = EDGE_CURVE('',#3141,#3134,#3143,.T.);
#3141 = VERTEX_POINT('',#3142);
#3142 = CARTESIAN_POINT('',(33.74748,23.,194.65107));
#3143 = CIRCLE('',#3144,1.7);
#3144 = AXIS2_PLACEMENT_3D('',#3145,#3146,#3147);
#3145 = CARTESIAN_POINT('',(33.74748,23.,196.35107));
#3146 = DIRECTION('',(0.,1.,0.));
#3147 = DIRECTION('',(0.,0.,1.));
#3148 = ORIENTED_EDGE('',*,*,#3149,.F.);
#3149 = EDGE_CURVE('',#3134,#3141,#3150,.T.);
#3150 = CIRCLE('',#3151,1.7);
#3151 = AXIS2_PLACEMENT_3D('',#3152,#3153,#3154);
#3152 = CARTESIAN_POINT('',(33.74748,23.,196.35107));
#3153 = DIRECTION('',(0.,1.,0.));
#3154 = DIRECTION('',(0.,0.,1.));
#3155 = ORIENTED_EDGE('',*,*,#3133,.F.);
#3156 = CYLINDRICAL_SURFACE('',#3157,1.7);
#3157 = AXIS2_PLACEMENT_3D('',#3158,#3159,#3160);
#3158 = CARTESIAN_POINT('',(33.74748,17.,196.35107));
#3159 = DIRECTION('',(0.,1.,0.));
#3160 = DIRECTION('',(0.,0.,1.));
#3161 = ADVANCED_FACE('',(#3162),#3190,.F.);
#3162 = FACE_BOUND('',#3163,.F.);
#3163 = EDGE_LOOP('',(#3164,#3165,#3166,#3173,#3182,#3189));
#3164 = ORIENTED_EDGE('',*,*,#2478,.T.);
#3165 = ORIENTED_EDGE('',*,*,#2489,.T.);
#3166 = ORIENTED_EDGE('',*,*,#3167,.T.);
#3167 = EDGE_CURVE('',#2479,#3168,#3170,.T.);
#3168 = VERTEX_POINT('',#3169);
#3169 = CARTESIAN_POINT('',(36.36233,23.,172.53318));
#3170 = B_SPLINE_CURVE_WITH_KNOTS('',1,(#3171,#3172),.UNSPECIFIED.,.F.,
  .F.,(2,2),(0.,6.),.PIECEWISE_BEZIER_KNOTS.);
#3171 = CARTESIAN_POINT('',(36.36233,17.,172.53318));
#3172 = CARTESIAN_POINT('',(36.36233,23.,172.53318));
#3173 = ORIENTED_EDGE('',*,*,#3174,.F.);
#3174 = EDGE_CURVE('',#3175,#3168,#3177,.T.);
#3175 = VERTEX_POINT('',#3176);
#3176 = CARTESIAN_POINT('',(36.36233,23.,169.13318));
#3177 = CIRCLE('',#3178,1.7);
#3178 = AXIS2_PLACEMENT_3D('',#3179,#3180,#3181);
#3179 = CARTESIAN_POINT('',(36.36233,23.,170.83318));
#3180 = DIRECTION('',(0.,1.,0.));
#3181 = DIRECTION('',(0.,0.,1.));
#3182 = ORIENTED_EDGE('',*,*,#3183,.F.);
#3183 = EDGE_CURVE('',#3168,#3175,#3184,.T.);
#3184 = CIRCLE('',#3185,1.7);
#3185 = AXIS2_PLACEMENT_3D('',#3186,#3187,#3188);
#3186 = CARTESIAN_POINT('',(36.36233,23.,170.83318));
#3187 = DIRECTION('',(0.,1.,0.));
#3188 = DIRECTION('',(0.,0.,1.));
#3189 = ORIENTED_EDGE('',*,*,#3167,.F.);
#3190 = CYLINDRICAL_SURFACE('',#3191,1.7);
#3191 = AXIS2_PLACEMENT_3D('',#3192,#3193,#3194);
#3192 = CARTESIAN_POINT('',(36.36233,17.,170.83318));
#3193 = DIRECTION('',(0.,1.,0.));
#3194 = DIRECTION('',(0.,0.,1.));
#3195 = ADVANCED_FACE('',(#3196),#3215,.F.);
#3196 = FACE_BOUND('',#3197,.F.);
#3197 = EDGE_LOOP('',(#3198,#3199,#3207,#3214));
#3198 = ORIENTED_EDGE('',*,*,#2498,.F.);
#3199 = ORIENTED_EDGE('',*,*,#3200,.F.);
#3200 = EDGE_CURVE('',#3201,#2499,#3203,.T.);
#3201 = VERTEX_POINT('',#3202);
#3202 = CARTESIAN_POINT('',(21.96285,23.,147.90455));
#3203 = LINE('',#3204,#3205);
#3204 = CARTESIAN_POINT('',(21.96285,23.,147.90455));
#3205 = VECTOR('',#3206,1.);
#3206 = DIRECTION('',(0.,-1.,0.));
#3207 = ORIENTED_EDGE('',*,*,#3208,.T.);
#3208 = EDGE_CURVE('',#3201,#3201,#3209,.T.);
#3209 = CIRCLE('',#3210,1.7);
#3210 = AXIS2_PLACEMENT_3D('',#3211,#3212,#3213);
#3211 = CARTESIAN_POINT('',(21.96285,23.,149.60455));
#3212 = DIRECTION('',(0.,-1.,0.));
#3213 = DIRECTION('',(0.,0.,-1.));
#3214 = ORIENTED_EDGE('',*,*,#3200,.T.);
#3215 = CYLINDRICAL_SURFACE('',#3216,1.7);
#3216 = AXIS2_PLACEMENT_3D('',#3217,#3218,#3219);
#3217 = CARTESIAN_POINT('',(21.96285,23.,149.60455));
#3218 = DIRECTION('',(-0.,-1.,-0.));
#3219 = DIRECTION('',(0.,0.,-1.));
#3220 = ADVANCED_FACE('',(#3221,#3246,#3249,#3253,#3256,#3260,#3264,
    #3267,#3271,#3276,#3280),#3284,.T.);
#3221 = FACE_BOUND('',#3222,.T.);
#3222 = EDGE_LOOP('',(#3223,#3224,#3225,#3226,#3227,#3228,#3229,#3230,
    #3236,#3237,#3238,#3239,#3245));
#3223 = ORIENTED_EDGE('',*,*,#2858,.F.);
#3224 = ORIENTED_EDGE('',*,*,#2886,.T.);
#3225 = ORIENTED_EDGE('',*,*,#2533,.T.);
#3226 = ORIENTED_EDGE('',*,*,#2524,.T.);
#3227 = ORIENTED_EDGE('',*,*,#2566,.F.);
#3228 = ORIENTED_EDGE('',*,*,#2590,.F.);
#3229 = ORIENTED_EDGE('',*,*,#2616,.T.);
#3230 = ORIENTED_EDGE('',*,*,#3231,.T.);
#3231 = EDGE_CURVE('',#2617,#2698,#3232,.T.);
#3232 = LINE('',#3233,#3234);
#3233 = CARTESIAN_POINT('',(15.1375,23.,124.6));
#3234 = VECTOR('',#3235,1.);
#3235 = DIRECTION('',(1.,0.,0.));
#3236 = ORIENTED_EDGE('',*,*,#2706,.F.);
#3237 = ORIENTED_EDGE('',*,*,#2091,.F.);
#3238 = ORIENTED_EDGE('',*,*,#2724,.T.);
#3239 = ORIENTED_EDGE('',*,*,#3240,.T.);
#3240 = EDGE_CURVE('',#2725,#2820,#3241,.T.);
#3241 = LINE('',#3242,#3243);
#3242 = CARTESIAN_POINT('',(-24.03410529094,23.,124.6));
#3243 = VECTOR('',#3244,1.);
#3244 = DIRECTION('',(1.,0.,0.));
#3245 = ORIENTED_EDGE('',*,*,#2819,.F.);
#3246 = FACE_BOUND('',#3247,.T.);
#3247 = EDGE_LOOP('',(#3248));
#3248 = ORIENTED_EDGE('',*,*,#3012,.T.);
#3249 = FACE_BOUND('',#3250,.T.);
#3250 = EDGE_LOOP('',(#3251,#3252));
#3251 = ORIENTED_EDGE('',*,*,#2987,.F.);
#3252 = ORIENTED_EDGE('',*,*,#2978,.F.);
#3253 = FACE_BOUND('',#3254,.T.);
#3254 = EDGE_LOOP('',(#3255));
#3255 = ORIENTED_EDGE('',*,*,#3037,.T.);
#3256 = FACE_BOUND('',#3257,.T.);
#3257 = EDGE_LOOP('',(#3258,#3259));
#3258 = ORIENTED_EDGE('',*,*,#2919,.F.);
#3259 = ORIENTED_EDGE('',*,*,#2910,.F.);
#3260 = FACE_BOUND('',#3261,.T.);
#3261 = EDGE_LOOP('',(#3262,#3263));
#3262 = ORIENTED_EDGE('',*,*,#2953,.F.);
#3263 = ORIENTED_EDGE('',*,*,#2944,.F.);
#3264 = FACE_BOUND('',#3265,.T.);
#3265 = EDGE_LOOP('',(#3266));
#3266 = ORIENTED_EDGE('',*,*,#3208,.T.);
#3267 = FACE_BOUND('',#3268,.T.);
#3268 = EDGE_LOOP('',(#3269,#3270));
#3269 = ORIENTED_EDGE('',*,*,#3183,.F.);
#3270 = ORIENTED_EDGE('',*,*,#3174,.F.);
#3271 = FACE_BOUND('',#3272,.T.);
#3272 = EDGE_LOOP('',(#3273,#3274,#3275));
#3273 = ORIENTED_EDGE('',*,*,#3095,.F.);
#3274 = ORIENTED_EDGE('',*,*,#3104,.F.);
#3275 = ORIENTED_EDGE('',*,*,#3113,.F.);
#3276 = FACE_BOUND('',#3277,.T.);
#3277 = EDGE_LOOP('',(#3278,#3279));
#3278 = ORIENTED_EDGE('',*,*,#3071,.F.);
#3279 = ORIENTED_EDGE('',*,*,#3062,.F.);
#3280 = FACE_BOUND('',#3281,.T.);
#3281 = EDGE_LOOP('',(#3282,#3283));
#3282 = ORIENTED_EDGE('',*,*,#3149,.F.);
#3283 = ORIENTED_EDGE('',*,*,#3140,.F.);
#3284 = PLANE('',#3285);
#3285 = AXIS2_PLACEMENT_3D('',#3286,#3287,#3288);
#3286 = CARTESIAN_POINT('',(-3.538607238791E-15,23.,167.83184642282));
#3287 = DIRECTION('',(0.,1.,0.));
#3288 = DIRECTION('',(0.,0.,1.));
#3289 = ADVANCED_FACE('',(#3290),#3308,.F.);
#3290 = FACE_BOUND('',#3291,.F.);
#3291 = EDGE_LOOP('',(#3292,#3299,#3306,#3307));
#3292 = ORIENTED_EDGE('',*,*,#3293,.T.);
#3293 = EDGE_CURVE('',#2600,#3294,#3296,.T.);
#3294 = VERTEX_POINT('',#3295);
#3295 = CARTESIAN_POINT('',(36.25,20.,130.8));
#3296 = B_SPLINE_CURVE_WITH_KNOTS('',1,(#3297,#3298),.UNSPECIFIED.,.F.,
  .F.,(2,2),(0.,12.8),.PIECEWISE_BEZIER_KNOTS.);
#3297 = CARTESIAN_POINT('',(36.25,20.,118.));
#3298 = CARTESIAN_POINT('',(36.25,20.,130.8));
#3299 = ORIENTED_EDGE('',*,*,#3300,.F.);
#3300 = EDGE_CURVE('',#3294,#3294,#3301,.T.);
#3301 = CIRCLE('',#3302,2.25);
#3302 = AXIS2_PLACEMENT_3D('',#3303,#3304,#3305);
#3303 = CARTESIAN_POINT('',(34.,20.,130.8));
#3304 = DIRECTION('',(0.,0.,1.));
#3305 = DIRECTION('',(1.,0.,0.));
#3306 = ORIENTED_EDGE('',*,*,#3293,.F.);
#3307 = ORIENTED_EDGE('',*,*,#2599,.T.);
#3308 = CYLINDRICAL_SURFACE('',#3309,2.25);
#3309 = AXIS2_PLACEMENT_3D('',#3310,#3311,#3312);
#3310 = CARTESIAN_POINT('',(34.,20.,118.));
#3311 = DIRECTION('',(0.,0.,1.));
#3312 = DIRECTION('',(1.,0.,0.));
#3313 = ADVANCED_FACE('',(#3314),#3319,.T.);
#3314 = FACE_BOUND('',#3315,.T.);
#3315 = EDGE_LOOP('',(#3316,#3317,#3318));
#3316 = ORIENTED_EDGE('',*,*,#2658,.F.);
#3317 = ORIENTED_EDGE('',*,*,#2697,.F.);
#3318 = ORIENTED_EDGE('',*,*,#3231,.F.);
#3319 = PLANE('',#3320);
#3320 = AXIS2_PLACEMENT_3D('',#3321,#3322,#3323);
#3321 = CARTESIAN_POINT('',(34.1375,20.,124.6));
#3322 = DIRECTION('',(0.,0.,1.));
#3323 = DIRECTION('',(1.,0.,0.));
#3324 = ADVANCED_FACE('',(#3325),#3329,.F.);
#3325 = FACE_BOUND('',#3326,.F.);
#3326 = EDGE_LOOP('',(#3327,#3328));
#3327 = ORIENTED_EDGE('',*,*,#2642,.F.);
#3328 = ORIENTED_EDGE('',*,*,#2689,.T.);
#3329 = PLANE('',#3330);
#3330 = AXIS2_PLACEMENT_3D('',#3331,#3332,#3333);
#3331 = CARTESIAN_POINT('',(34.,20.,124.8));
#3332 = DIRECTION('',(0.,0.,1.));
#3333 = DIRECTION('',(1.,0.,0.));
#3334 = ADVANCED_FACE('',(#3335),#3340,.T.);
#3335 = FACE_BOUND('',#3336,.T.);
#3336 = EDGE_LOOP('',(#3337,#3338,#3339));
#3337 = ORIENTED_EDGE('',*,*,#2732,.F.);
#3338 = ORIENTED_EDGE('',*,*,#2827,.T.);
#3339 = ORIENTED_EDGE('',*,*,#3240,.F.);
#3340 = PLANE('',#3341);
#3341 = AXIS2_PLACEMENT_3D('',#3342,#3343,#3344);
#3342 = CARTESIAN_POINT('',(-34.1375,20.,124.6));
#3343 = DIRECTION('',(0.,0.,1.));
#3344 = DIRECTION('',(1.,0.,0.));
#3345 = ADVANCED_FACE('',(#3346),#3351,.F.);
#3346 = FACE_BOUND('',#3347,.F.);
#3347 = EDGE_LOOP('',(#3348,#3349,#3350));
#3348 = ORIENTED_EDGE('',*,*,#2758,.T.);
#3349 = ORIENTED_EDGE('',*,*,#2749,.T.);
#3350 = ORIENTED_EDGE('',*,*,#2834,.F.);
#3351 = PLANE('',#3352);
#3352 = AXIS2_PLACEMENT_3D('',#3353,#3354,#3355);
#3353 = CARTESIAN_POINT('',(-34.,20.,124.8));
#3354 = DIRECTION('',(0.,0.,1.));
#3355 = DIRECTION('',(1.,0.,0.));
#3356 = ADVANCED_FACE('',(#3357),#3375,.F.);
#3357 = FACE_BOUND('',#3358,.F.);
#3358 = EDGE_LOOP('',(#3359,#3366,#3373,#3374));
#3359 = ORIENTED_EDGE('',*,*,#3360,.T.);
#3360 = EDGE_CURVE('',#2868,#3361,#3363,.T.);
#3361 = VERTEX_POINT('',#3362);
#3362 = CARTESIAN_POINT('',(-31.75,20.,130.8));
#3363 = B_SPLINE_CURVE_WITH_KNOTS('',1,(#3364,#3365),.UNSPECIFIED.,.F.,
  .F.,(2,2),(0.,12.8),.PIECEWISE_BEZIER_KNOTS.);
#3364 = CARTESIAN_POINT('',(-31.75,20.,118.));
#3365 = CARTESIAN_POINT('',(-31.75,20.,130.8));
#3366 = ORIENTED_EDGE('',*,*,#3367,.F.);
#3367 = EDGE_CURVE('',#3361,#3361,#3368,.T.);
#3368 = CIRCLE('',#3369,2.25);
#3369 = AXIS2_PLACEMENT_3D('',#3370,#3371,#3372);
#3370 = CARTESIAN_POINT('',(-34.,20.,130.8));
#3371 = DIRECTION('',(0.,0.,1.));
#3372 = DIRECTION('',(1.,0.,0.));
#3373 = ORIENTED_EDGE('',*,*,#3360,.F.);
#3374 = ORIENTED_EDGE('',*,*,#2867,.T.);
#3375 = CYLINDRICAL_SURFACE('',#3376,2.25);
#3376 = AXIS2_PLACEMENT_3D('',#3377,#3378,#3379);
#3377 = CARTESIAN_POINT('',(-34.,20.,118.));
#3378 = DIRECTION('',(0.,0.,1.));
#3379 = DIRECTION('',(1.,0.,0.));
#3380 = ADVANCED_FACE('',(#3381),#3384,.F.);
#3381 = FACE_BOUND('',#3382,.F.);
#3382 = EDGE_LOOP('',(#3383));
#3383 = ORIENTED_EDGE('',*,*,#3300,.T.);
#3384 = PLANE('',#3385);
#3385 = AXIS2_PLACEMENT_3D('',#3386,#3387,#3388);
#3386 = CARTESIAN_POINT('',(34.,20.,130.8));
#3387 = DIRECTION('',(0.,0.,1.));
#3388 = DIRECTION('',(1.,0.,0.));
#3389 = ADVANCED_FACE('',(#3390),#3393,.F.);
#3390 = FACE_BOUND('',#3391,.F.);
#3391 = EDGE_LOOP('',(#3392));
#3392 = ORIENTED_EDGE('',*,*,#3367,.T.);
#3393 = PLANE('',#3394);
#3394 = AXIS2_PLACEMENT_3D('',#3395,#3396,#3397);
#3395 = CARTESIAN_POINT('',(-34.,20.,130.8));
#3396 = DIRECTION('',(0.,0.,1.));
#3397 = DIRECTION('',(1.,0.,0.));
#3398 = ADVANCED_FACE('',(#3399),#3424,.T.);
#3399 = FACE_BOUND('',#3400,.T.);
#3400 = EDGE_LOOP('',(#3401,#3409,#3410,#3418));
#3401 = ORIENTED_EDGE('',*,*,#3402,.F.);
#3402 = EDGE_CURVE('',#2115,#3403,#3405,.T.);
#3403 = VERTEX_POINT('',#3404);
#3404 = CARTESIAN_POINT('',(38.,22.061552812809,124.6));
#3405 = LINE('',#3406,#3407);
#3406 = CARTESIAN_POINT('',(38.,22.061552812809,124.));
#3407 = VECTOR('',#3408,1.);
#3408 = DIRECTION('',(0.,0.,1.));
#3409 = ORIENTED_EDGE('',*,*,#2114,.T.);
#3410 = ORIENTED_EDGE('',*,*,#3411,.T.);
#3411 = EDGE_CURVE('',#2117,#3412,#3414,.T.);
#3412 = VERTEX_POINT('',#3413);
#3413 = CARTESIAN_POINT('',(38.,23.,124.6));
#3414 = LINE('',#3415,#3416);
#3415 = CARTESIAN_POINT('',(38.,23.,124.));
#3416 = VECTOR('',#3417,1.);
#3417 = DIRECTION('',(0.,0.,1.));
#3418 = ORIENTED_EDGE('',*,*,#3419,.T.);
#3419 = EDGE_CURVE('',#3412,#3403,#3420,.T.);
#3420 = LINE('',#3421,#3422);
#3421 = CARTESIAN_POINT('',(38.,16.349370247269,124.6));
#3422 = VECTOR('',#3423,1.);
#3423 = DIRECTION('',(0.,-1.,0.));
#3424 = PLANE('',#3425);
#3425 = AXIS2_PLACEMENT_3D('',#3426,#3427,#3428);
#3426 = CARTESIAN_POINT('',(38.,17.,124.));
#3427 = DIRECTION('',(1.,0.,0.));
#3428 = DIRECTION('',(0.,0.,1.));
#3429 = ADVANCED_FACE('',(#3430),#3448,.T.);
#3430 = FACE_BOUND('',#3431,.T.);
#3431 = EDGE_LOOP('',(#3432,#3433,#3441,#3447));
#3432 = ORIENTED_EDGE('',*,*,#2133,.F.);
#3433 = ORIENTED_EDGE('',*,*,#3434,.T.);
#3434 = EDGE_CURVE('',#2125,#3435,#3437,.T.);
#3435 = VERTEX_POINT('',#3436);
#3436 = CARTESIAN_POINT('',(37.35410196625,23.,124.6));
#3437 = LINE('',#3438,#3439);
#3438 = CARTESIAN_POINT('',(37.35410196625,23.,124.));
#3439 = VECTOR('',#3440,1.);
#3440 = DIRECTION('',(0.,0.,1.));
#3441 = ORIENTED_EDGE('',*,*,#3442,.T.);
#3442 = EDGE_CURVE('',#3435,#3412,#3443,.T.);
#3443 = LINE('',#3444,#3445);
#3444 = CARTESIAN_POINT('',(15.1375,23.,124.6));
#3445 = VECTOR('',#3446,1.);
#3446 = DIRECTION('',(1.,0.,0.));
#3447 = ORIENTED_EDGE('',*,*,#3411,.F.);
#3448 = PLANE('',#3449);
#3449 = AXIS2_PLACEMENT_3D('',#3450,#3451,#3452);
#3450 = CARTESIAN_POINT('',(-3.538607238791E-15,23.,167.83184642282));
#3451 = DIRECTION('',(0.,1.,0.));
#3452 = DIRECTION('',(0.,0.,1.));
#3453 = ADVANCED_FACE('',(#3454),#3466,.F.);
#3454 = FACE_BOUND('',#3455,.F.);
#3455 = EDGE_LOOP('',(#3456,#3457,#3458,#3459));
#3456 = ORIENTED_EDGE('',*,*,#3402,.F.);
#3457 = ORIENTED_EDGE('',*,*,#2124,.T.);
#3458 = ORIENTED_EDGE('',*,*,#3434,.T.);
#3459 = ORIENTED_EDGE('',*,*,#3460,.F.);
#3460 = EDGE_CURVE('',#3403,#3435,#3461,.T.);
#3461 = CIRCLE('',#3462,4.5);
#3462 = AXIS2_PLACEMENT_3D('',#3463,#3464,#3465);
#3463 = CARTESIAN_POINT('',(34.,20.,124.6));
#3464 = DIRECTION('',(0.,0.,1.));
#3465 = DIRECTION('',(1.,0.,0.));
#3466 = CYLINDRICAL_SURFACE('',#3467,4.5);
#3467 = AXIS2_PLACEMENT_3D('',#3468,#3469,#3470);
#3468 = CARTESIAN_POINT('',(34.,20.,124.));
#3469 = DIRECTION('',(0.,0.,1.));
#3470 = DIRECTION('',(1.,0.,0.));
#3471 = ADVANCED_FACE('',(#3472),#3477,.T.);
#3472 = FACE_BOUND('',#3473,.T.);
#3473 = EDGE_LOOP('',(#3474,#3475,#3476));
#3474 = ORIENTED_EDGE('',*,*,#3460,.F.);
#3475 = ORIENTED_EDGE('',*,*,#3419,.F.);
#3476 = ORIENTED_EDGE('',*,*,#3442,.F.);
#3477 = PLANE('',#3478);
#3478 = AXIS2_PLACEMENT_3D('',#3479,#3480,#3481);
#3479 = CARTESIAN_POINT('',(34.1375,20.,124.6));
#3480 = DIRECTION('',(0.,0.,1.));
#3481 = DIRECTION('',(1.,0.,0.));
#3482 = ADVANCED_FACE('',(#3483),#3508,.T.);
#3483 = FACE_BOUND('',#3484,.T.);
#3484 = EDGE_LOOP('',(#3485,#3495,#3501,#3502));
#3485 = ORIENTED_EDGE('',*,*,#3486,.T.);
#3486 = EDGE_CURVE('',#3487,#3489,#3491,.T.);
#3487 = VERTEX_POINT('',#3488);
#3488 = CARTESIAN_POINT('',(38.,17.,124.6));
#3489 = VERTEX_POINT('',#3490);
#3490 = CARTESIAN_POINT('',(37.35410196625,17.,124.6));
#3491 = LINE('',#3492,#3493);
#3492 = CARTESIAN_POINT('',(15.1375,17.,124.6));
#3493 = VECTOR('',#3494,1.);
#3494 = DIRECTION('',(-1.,0.,0.));
#3495 = ORIENTED_EDGE('',*,*,#3496,.F.);
#3496 = EDGE_CURVE('',#2142,#3489,#3497,.T.);
#3497 = LINE('',#3498,#3499);
#3498 = CARTESIAN_POINT('',(37.35410196625,17.,124.));
#3499 = VECTOR('',#3500,1.);
#3500 = DIRECTION('',(0.,0.,1.));
#3501 = ORIENTED_EDGE('',*,*,#2141,.T.);
#3502 = ORIENTED_EDGE('',*,*,#3503,.T.);
#3503 = EDGE_CURVE('',#2144,#3487,#3504,.T.);
#3504 = LINE('',#3505,#3506);
#3505 = CARTESIAN_POINT('',(38.,17.,124.));
#3506 = VECTOR('',#3507,1.);
#3507 = DIRECTION('',(0.,0.,1.));
#3508 = PLANE('',#3509);
#3509 = AXIS2_PLACEMENT_3D('',#3510,#3511,#3512);
#3510 = CARTESIAN_POINT('',(-1.061582171637E-15,17.,167.83184642282));
#3511 = DIRECTION('',(-0.,-1.,-0.));
#3512 = DIRECTION('',(0.,0.,-1.));
#3513 = ADVANCED_FACE('',(#3514),#3532,.T.);
#3514 = FACE_BOUND('',#3515,.T.);
#3515 = EDGE_LOOP('',(#3516,#3517,#3518,#3526));
#3516 = ORIENTED_EDGE('',*,*,#3503,.F.);
#3517 = ORIENTED_EDGE('',*,*,#2160,.T.);
#3518 = ORIENTED_EDGE('',*,*,#3519,.T.);
#3519 = EDGE_CURVE('',#2152,#3520,#3522,.T.);
#3520 = VERTEX_POINT('',#3521);
#3521 = CARTESIAN_POINT('',(38.,17.938447187191,124.6));
#3522 = LINE('',#3523,#3524);
#3523 = CARTESIAN_POINT('',(38.,17.938447187191,124.));
#3524 = VECTOR('',#3525,1.);
#3525 = DIRECTION('',(0.,0.,1.));
#3526 = ORIENTED_EDGE('',*,*,#3527,.T.);
#3527 = EDGE_CURVE('',#3520,#3487,#3528,.T.);
#3528 = LINE('',#3529,#3530);
#3529 = CARTESIAN_POINT('',(38.,16.349370247269,124.6));
#3530 = VECTOR('',#3531,1.);
#3531 = DIRECTION('',(0.,-1.,0.));
#3532 = PLANE('',#3533);
#3533 = AXIS2_PLACEMENT_3D('',#3534,#3535,#3536);
#3534 = CARTESIAN_POINT('',(38.,17.,124.));
#3535 = DIRECTION('',(1.,0.,0.));
#3536 = DIRECTION('',(0.,0.,1.));
#3537 = ADVANCED_FACE('',(#3538),#3550,.F.);
#3538 = FACE_BOUND('',#3539,.F.);
#3539 = EDGE_LOOP('',(#3540,#3541,#3542,#3549));
#3540 = ORIENTED_EDGE('',*,*,#2151,.T.);
#3541 = ORIENTED_EDGE('',*,*,#3519,.T.);
#3542 = ORIENTED_EDGE('',*,*,#3543,.F.);
#3543 = EDGE_CURVE('',#3489,#3520,#3544,.T.);
#3544 = CIRCLE('',#3545,4.5);
#3545 = AXIS2_PLACEMENT_3D('',#3546,#3547,#3548);
#3546 = CARTESIAN_POINT('',(34.,20.,124.6));
#3547 = DIRECTION('',(0.,0.,1.));
#3548 = DIRECTION('',(1.,0.,0.));
#3549 = ORIENTED_EDGE('',*,*,#3496,.F.);
#3550 = CYLINDRICAL_SURFACE('',#3551,4.5);
#3551 = AXIS2_PLACEMENT_3D('',#3552,#3553,#3554);
#3552 = CARTESIAN_POINT('',(34.,20.,124.));
#3553 = DIRECTION('',(0.,0.,1.));
#3554 = DIRECTION('',(1.,0.,0.));
#3555 = ADVANCED_FACE('',(#3556),#3561,.T.);
#3556 = FACE_BOUND('',#3557,.T.);
#3557 = EDGE_LOOP('',(#3558,#3559,#3560));
#3558 = ORIENTED_EDGE('',*,*,#3486,.F.);
#3559 = ORIENTED_EDGE('',*,*,#3527,.F.);
#3560 = ORIENTED_EDGE('',*,*,#3543,.F.);
#3561 = PLANE('',#3562);
#3562 = AXIS2_PLACEMENT_3D('',#3563,#3564,#3565);
#3563 = CARTESIAN_POINT('',(34.1375,20.,124.6));
#3564 = DIRECTION('',(0.,0.,1.));
#3565 = DIRECTION('',(1.,0.,0.));
#3566 = ADVANCED_FACE('',(#3567),#3592,.T.);
#3567 = FACE_BOUND('',#3568,.T.);
#3568 = EDGE_LOOP('',(#3569,#3570,#3578,#3586));
#3569 = ORIENTED_EDGE('',*,*,#2168,.T.);
#3570 = ORIENTED_EDGE('',*,*,#3571,.T.);
#3571 = EDGE_CURVE('',#2171,#3572,#3574,.T.);
#3572 = VERTEX_POINT('',#3573);
#3573 = CARTESIAN_POINT('',(-37.35410196625,17.,124.6));
#3574 = LINE('',#3575,#3576);
#3575 = CARTESIAN_POINT('',(-37.35410196625,17.,124.));
#3576 = VECTOR('',#3577,1.);
#3577 = DIRECTION('',(0.,0.,1.));
#3578 = ORIENTED_EDGE('',*,*,#3579,.T.);
#3579 = EDGE_CURVE('',#3572,#3580,#3582,.T.);
#3580 = VERTEX_POINT('',#3581);
#3581 = CARTESIAN_POINT('',(-38.,17.,124.6));
#3582 = LINE('',#3583,#3584);
#3583 = CARTESIAN_POINT('',(-24.03410529094,17.,124.6));
#3584 = VECTOR('',#3585,1.);
#3585 = DIRECTION('',(-1.,0.,0.));
#3586 = ORIENTED_EDGE('',*,*,#3587,.F.);
#3587 = EDGE_CURVE('',#2169,#3580,#3588,.T.);
#3588 = LINE('',#3589,#3590);
#3589 = CARTESIAN_POINT('',(-38.,17.,124.));
#3590 = VECTOR('',#3591,1.);
#3591 = DIRECTION('',(0.,0.,1.));
#3592 = PLANE('',#3593);
#3593 = AXIS2_PLACEMENT_3D('',#3594,#3595,#3596);
#3594 = CARTESIAN_POINT('',(-1.061582171637E-15,17.,167.83184642282));
#3595 = DIRECTION('',(-0.,-1.,-0.));
#3596 = DIRECTION('',(0.,0.,-1.));
#3597 = ADVANCED_FACE('',(#3598),#3616,.F.);
#3598 = FACE_BOUND('',#3599,.F.);
#3599 = EDGE_LOOP('',(#3600,#3601,#3602,#3610));
#3600 = ORIENTED_EDGE('',*,*,#3587,.F.);
#3601 = ORIENTED_EDGE('',*,*,#2178,.T.);
#3602 = ORIENTED_EDGE('',*,*,#3603,.T.);
#3603 = EDGE_CURVE('',#2179,#3604,#3606,.T.);
#3604 = VERTEX_POINT('',#3605);
#3605 = CARTESIAN_POINT('',(-38.,17.938447187191,124.6));
#3606 = LINE('',#3607,#3608);
#3607 = CARTESIAN_POINT('',(-38.,17.938447187191,124.));
#3608 = VECTOR('',#3609,1.);
#3609 = DIRECTION('',(0.,0.,1.));
#3610 = ORIENTED_EDGE('',*,*,#3611,.T.);
#3611 = EDGE_CURVE('',#3604,#3580,#3612,.T.);
#3612 = LINE('',#3613,#3614);
#3613 = CARTESIAN_POINT('',(-38.,16.349370247269,124.6));
#3614 = VECTOR('',#3615,1.);
#3615 = DIRECTION('',(0.,-1.,0.));
#3616 = PLANE('',#3617);
#3617 = AXIS2_PLACEMENT_3D('',#3618,#3619,#3620);
#3618 = CARTESIAN_POINT('',(-38.,17.,124.));
#3619 = DIRECTION('',(1.,0.,0.));
#3620 = DIRECTION('',(0.,0.,1.));
#3621 = ADVANCED_FACE('',(#3622),#3634,.F.);
#3622 = FACE_BOUND('',#3623,.F.);
#3623 = EDGE_LOOP('',(#3624,#3625,#3626,#3633));
#3624 = ORIENTED_EDGE('',*,*,#2186,.T.);
#3625 = ORIENTED_EDGE('',*,*,#3571,.T.);
#3626 = ORIENTED_EDGE('',*,*,#3627,.F.);
#3627 = EDGE_CURVE('',#3604,#3572,#3628,.T.);
#3628 = CIRCLE('',#3629,4.5);
#3629 = AXIS2_PLACEMENT_3D('',#3630,#3631,#3632);
#3630 = CARTESIAN_POINT('',(-34.,20.,124.6));
#3631 = DIRECTION('',(0.,0.,1.));
#3632 = DIRECTION('',(1.,0.,0.));
#3633 = ORIENTED_EDGE('',*,*,#3603,.F.);
#3634 = CYLINDRICAL_SURFACE('',#3635,4.5);
#3635 = AXIS2_PLACEMENT_3D('',#3636,#3637,#3638);
#3636 = CARTESIAN_POINT('',(-34.,20.,124.));
#3637 = DIRECTION('',(0.,0.,1.));
#3638 = DIRECTION('',(1.,0.,0.));
#3639 = ADVANCED_FACE('',(#3640),#3645,.T.);
#3640 = FACE_BOUND('',#3641,.T.);
#3641 = EDGE_LOOP('',(#3642,#3643,#3644));
#3642 = ORIENTED_EDGE('',*,*,#3579,.F.);
#3643 = ORIENTED_EDGE('',*,*,#3627,.F.);
#3644 = ORIENTED_EDGE('',*,*,#3611,.T.);
#3645 = PLANE('',#3646);
#3646 = AXIS2_PLACEMENT_3D('',#3647,#3648,#3649);
#3647 = CARTESIAN_POINT('',(-34.1375,20.,124.6));
#3648 = DIRECTION('',(0.,0.,1.));
#3649 = DIRECTION('',(1.,0.,0.));
#3650 = ADVANCED_FACE('',(#3651),#3676,.T.);
#3651 = FACE_BOUND('',#3652,.T.);
#3652 = EDGE_LOOP('',(#3653,#3663,#3669,#3670));
#3653 = ORIENTED_EDGE('',*,*,#3654,.T.);
#3654 = EDGE_CURVE('',#3655,#3657,#3659,.T.);
#3655 = VERTEX_POINT('',#3656);
#3656 = CARTESIAN_POINT('',(-38.,23.,124.6));
#3657 = VERTEX_POINT('',#3658);
#3658 = CARTESIAN_POINT('',(-37.35410196625,23.,124.6));
#3659 = LINE('',#3660,#3661);
#3660 = CARTESIAN_POINT('',(-24.03410529094,23.,124.6));
#3661 = VECTOR('',#3662,1.);
#3662 = DIRECTION('',(1.,0.,0.));
#3663 = ORIENTED_EDGE('',*,*,#3664,.F.);
#3664 = EDGE_CURVE('',#2198,#3657,#3665,.T.);
#3665 = LINE('',#3666,#3667);
#3666 = CARTESIAN_POINT('',(-37.35410196625,23.,124.));
#3667 = VECTOR('',#3668,1.);
#3668 = DIRECTION('',(0.,0.,1.));
#3669 = ORIENTED_EDGE('',*,*,#2195,.F.);
#3670 = ORIENTED_EDGE('',*,*,#3671,.T.);
#3671 = EDGE_CURVE('',#2196,#3655,#3672,.T.);
#3672 = LINE('',#3673,#3674);
#3673 = CARTESIAN_POINT('',(-38.,23.,124.));
#3674 = VECTOR('',#3675,1.);
#3675 = DIRECTION('',(0.,0.,1.));
#3676 = PLANE('',#3677);
#3677 = AXIS2_PLACEMENT_3D('',#3678,#3679,#3680);
#3678 = CARTESIAN_POINT('',(-3.538607238791E-15,23.,167.83184642282));
#3679 = DIRECTION('',(0.,1.,0.));
#3680 = DIRECTION('',(0.,0.,1.));
#3681 = ADVANCED_FACE('',(#3682),#3700,.F.);
#3682 = FACE_BOUND('',#3683,.F.);
#3683 = EDGE_LOOP('',(#3684,#3692,#3693,#3694));
#3684 = ORIENTED_EDGE('',*,*,#3685,.F.);
#3685 = EDGE_CURVE('',#2206,#3686,#3688,.T.);
#3686 = VERTEX_POINT('',#3687);
#3687 = CARTESIAN_POINT('',(-38.,22.061552812809,124.6));
#3688 = LINE('',#3689,#3690);
#3689 = CARTESIAN_POINT('',(-38.,22.061552812809,124.));
#3690 = VECTOR('',#3691,1.);
#3691 = DIRECTION('',(0.,0.,1.));
#3692 = ORIENTED_EDGE('',*,*,#2214,.T.);
#3693 = ORIENTED_EDGE('',*,*,#3671,.T.);
#3694 = ORIENTED_EDGE('',*,*,#3695,.T.);
#3695 = EDGE_CURVE('',#3655,#3686,#3696,.T.);
#3696 = LINE('',#3697,#3698);
#3697 = CARTESIAN_POINT('',(-38.,16.349370247269,124.6));
#3698 = VECTOR('',#3699,1.);
#3699 = DIRECTION('',(0.,-1.,0.));
#3700 = PLANE('',#3701);
#3701 = AXIS2_PLACEMENT_3D('',#3702,#3703,#3704);
#3702 = CARTESIAN_POINT('',(-38.,17.,124.));
#3703 = DIRECTION('',(1.,0.,0.));
#3704 = DIRECTION('',(0.,0.,1.));
#3705 = ADVANCED_FACE('',(#3706),#3718,.F.);
#3706 = FACE_BOUND('',#3707,.F.);
#3707 = EDGE_LOOP('',(#3708,#3709,#3710,#3711));
#3708 = ORIENTED_EDGE('',*,*,#3664,.F.);
#3709 = ORIENTED_EDGE('',*,*,#2205,.T.);
#3710 = ORIENTED_EDGE('',*,*,#3685,.T.);
#3711 = ORIENTED_EDGE('',*,*,#3712,.F.);
#3712 = EDGE_CURVE('',#3657,#3686,#3713,.T.);
#3713 = CIRCLE('',#3714,4.5);
#3714 = AXIS2_PLACEMENT_3D('',#3715,#3716,#3717);
#3715 = CARTESIAN_POINT('',(-34.,20.,124.6));
#3716 = DIRECTION('',(0.,0.,1.));
#3717 = DIRECTION('',(1.,0.,0.));
#3718 = CYLINDRICAL_SURFACE('',#3719,4.5);
#3719 = AXIS2_PLACEMENT_3D('',#3720,#3721,#3722);
#3720 = CARTESIAN_POINT('',(-34.,20.,124.));
#3721 = DIRECTION('',(0.,0.,1.));
#3722 = DIRECTION('',(1.,0.,0.));
#3723 = ADVANCED_FACE('',(#3724),#3729,.T.);
#3724 = FACE_BOUND('',#3725,.T.);
#3725 = EDGE_LOOP('',(#3726,#3727,#3728));
#3726 = ORIENTED_EDGE('',*,*,#3712,.F.);
#3727 = ORIENTED_EDGE('',*,*,#3654,.F.);
#3728 = ORIENTED_EDGE('',*,*,#3695,.T.);
#3729 = PLANE('',#3730);
#3730 = AXIS2_PLACEMENT_3D('',#3731,#3732,#3733);
#3731 = CARTESIAN_POINT('',(-34.1375,20.,124.6));
#3732 = DIRECTION('',(0.,0.,1.));
#3733 = DIRECTION('',(1.,0.,0.));
#3734 = MANIFOLD_SOLID_BREP('',#3735);
#3735 = CLOSED_SHELL('',(#3736,#3776,#3807,#3950,#3974,#4049,#4061,#4188
    ,#4245,#4365,#4458,#4529,#4625,#4645,#4665,#4947,#4964,#4982,#5035,
    #5052,#5068,#5108,#5142,#5170,#5181,#5205,#5247,#5264,#5282,#5298,
    #5338,#5363,#5381,#5391,#5401,#5417,#5443,#5453,#5464,#5495,#5506,
    #5516,#5527,#5538,#5591,#5617,#5670,#5686,#5719,#5757,#5810,#5841,
    #5852,#5883,#5907,#6029,#6045,#6107,#6131,#6155,#6175,#6187,#6203,
    #6219,#6238,#6262,#6290,#6318,#6339));
#3736 = ADVANCED_FACE('',(#3737),#3771,.F.);
#3737 = FACE_BOUND('',#3738,.F.);
#3738 = EDGE_LOOP('',(#3739,#3749,#3757,#3765));
#3739 = ORIENTED_EDGE('',*,*,#3740,.F.);
#3740 = EDGE_CURVE('',#3741,#3743,#3745,.T.);
#3741 = VERTEX_POINT('',#3742);
#3742 = CARTESIAN_POINT('',(-24.,-37.,118.));
#3743 = VERTEX_POINT('',#3744);
#3744 = CARTESIAN_POINT('',(-24.,-37.,124.));
#3745 = LINE('',#3746,#3747);
#3746 = CARTESIAN_POINT('',(-24.,-37.,118.));
#3747 = VECTOR('',#3748,1.);
#3748 = DIRECTION('',(0.,0.,1.));
#3749 = ORIENTED_EDGE('',*,*,#3750,.T.);
#3750 = EDGE_CURVE('',#3741,#3751,#3753,.T.);
#3751 = VERTEX_POINT('',#3752);
#3752 = CARTESIAN_POINT('',(-24.,-17.,118.));
#3753 = LINE('',#3754,#3755);
#3754 = CARTESIAN_POINT('',(-24.,-37.,118.));
#3755 = VECTOR('',#3756,1.);
#3756 = DIRECTION('',(0.,1.,0.));
#3757 = ORIENTED_EDGE('',*,*,#3758,.T.);
#3758 = EDGE_CURVE('',#3751,#3759,#3761,.T.);
#3759 = VERTEX_POINT('',#3760);
#3760 = CARTESIAN_POINT('',(-24.,-17.,124.));
#3761 = LINE('',#3762,#3763);
#3762 = CARTESIAN_POINT('',(-24.,-17.,118.));
#3763 = VECTOR('',#3764,1.);
#3764 = DIRECTION('',(0.,0.,1.));
#3765 = ORIENTED_EDGE('',*,*,#3766,.F.);
#3766 = EDGE_CURVE('',#3743,#3759,#3767,.T.);
#3767 = LINE('',#3768,#3769);
#3768 = CARTESIAN_POINT('',(-24.,-37.,124.));
#3769 = VECTOR('',#3770,1.);
#3770 = DIRECTION('',(0.,1.,0.));
#3771 = PLANE('',#3772);
#3772 = AXIS2_PLACEMENT_3D('',#3773,#3774,#3775);
#3773 = CARTESIAN_POINT('',(-24.,-37.,118.));
#3774 = DIRECTION('',(1.,0.,0.));
#3775 = DIRECTION('',(0.,0.,1.));
#3776 = ADVANCED_FACE('',(#3777),#3802,.F.);
#3777 = FACE_BOUND('',#3778,.F.);
#3778 = EDGE_LOOP('',(#3779,#3787,#3788,#3796));
#3779 = ORIENTED_EDGE('',*,*,#3780,.F.);
#3780 = EDGE_CURVE('',#3741,#3781,#3783,.T.);
#3781 = VERTEX_POINT('',#3782);
#3782 = CARTESIAN_POINT('',(24.,-37.,118.));
#3783 = LINE('',#3784,#3785);
#3784 = CARTESIAN_POINT('',(-24.,-37.,118.));
#3785 = VECTOR('',#3786,1.);
#3786 = DIRECTION('',(1.,0.,0.));
#3787 = ORIENTED_EDGE('',*,*,#3740,.T.);
#3788 = ORIENTED_EDGE('',*,*,#3789,.T.);
#3789 = EDGE_CURVE('',#3743,#3790,#3792,.T.);
#3790 = VERTEX_POINT('',#3791);
#3791 = CARTESIAN_POINT('',(24.,-37.,124.));
#3792 = LINE('',#3793,#3794);
#3793 = CARTESIAN_POINT('',(-24.,-37.,124.));
#3794 = VECTOR('',#3795,1.);
#3795 = DIRECTION('',(1.,0.,0.));
#3796 = ORIENTED_EDGE('',*,*,#3797,.F.);
#3797 = EDGE_CURVE('',#3781,#3790,#3798,.T.);
#3798 = LINE('',#3799,#3800);
#3799 = CARTESIAN_POINT('',(24.,-37.,118.));
#3800 = VECTOR('',#3801,1.);
#3801 = DIRECTION('',(0.,0.,1.));
#3802 = PLANE('',#3803);
#3803 = AXIS2_PLACEMENT_3D('',#3804,#3805,#3806);
#3804 = CARTESIAN_POINT('',(-24.,-37.,118.));
#3805 = DIRECTION('',(0.,1.,0.));
#3806 = DIRECTION('',(0.,0.,1.));
#3807 = ADVANCED_FACE('',(#3808,#3826,#3887,#3916),#3945,.T.);
#3808 = FACE_BOUND('',#3809,.T.);
#3809 = EDGE_LOOP('',(#3810,#3811,#3812,#3820));
#3810 = ORIENTED_EDGE('',*,*,#3766,.F.);
#3811 = ORIENTED_EDGE('',*,*,#3789,.T.);
#3812 = ORIENTED_EDGE('',*,*,#3813,.T.);
#3813 = EDGE_CURVE('',#3790,#3814,#3816,.T.);
#3814 = VERTEX_POINT('',#3815);
#3815 = CARTESIAN_POINT('',(24.,-17.,124.));
#3816 = LINE('',#3817,#3818);
#3817 = CARTESIAN_POINT('',(24.,-37.,124.));
#3818 = VECTOR('',#3819,1.);
#3819 = DIRECTION('',(0.,1.,0.));
#3820 = ORIENTED_EDGE('',*,*,#3821,.F.);
#3821 = EDGE_CURVE('',#3759,#3814,#3822,.T.);
#3822 = LINE('',#3823,#3824);
#3823 = CARTESIAN_POINT('',(-24.,-17.,124.));
#3824 = VECTOR('',#3825,1.);
#3825 = DIRECTION('',(1.,0.,0.));
#3826 = FACE_BOUND('',#3827,.T.);
#3827 = EDGE_LOOP('',(#3828,#3838,#3846,#3854,#3863,#3871,#3880));
#3828 = ORIENTED_EDGE('',*,*,#3829,.F.);
#3829 = EDGE_CURVE('',#3830,#3832,#3834,.T.);
#3830 = VERTEX_POINT('',#3831);
#3831 = CARTESIAN_POINT('',(-20.,-21.,124.));
#3832 = VERTEX_POINT('',#3833);
#3833 = CARTESIAN_POINT('',(-20.,-21.96887112585,124.));
#3834 = LINE('',#3835,#3836);
#3835 = CARTESIAN_POINT('',(-20.,-33.,124.));
#3836 = VECTOR('',#3837,1.);
#3837 = DIRECTION('',(0.,-1.,0.));
#3838 = ORIENTED_EDGE('',*,*,#3839,.T.);
#3839 = EDGE_CURVE('',#3830,#3840,#3842,.T.);
#3840 = VERTEX_POINT('',#3841);
#3841 = CARTESIAN_POINT('',(20.,-21.,124.));
#3842 = LINE('',#3843,#3844);
#3843 = CARTESIAN_POINT('',(-22.,-21.,124.));
#3844 = VECTOR('',#3845,1.);
#3845 = DIRECTION('',(1.,0.,0.));
#3846 = ORIENTED_EDGE('',*,*,#3847,.T.);
#3847 = EDGE_CURVE('',#3840,#3848,#3850,.T.);
#3848 = VERTEX_POINT('',#3849);
#3849 = CARTESIAN_POINT('',(20.,-21.96887112585,124.));
#3850 = LINE('',#3851,#3852);
#3851 = CARTESIAN_POINT('',(20.,-33.,124.));
#3852 = VECTOR('',#3853,1.);
#3853 = DIRECTION('',(0.,-1.,0.));
#3854 = ORIENTED_EDGE('',*,*,#3855,.T.);
#3855 = EDGE_CURVE('',#3848,#3856,#3858,.T.);
#3856 = VERTEX_POINT('',#3857);
#3857 = CARTESIAN_POINT('',(14.645898033751,-29.,124.));
#3858 = CIRCLE('',#3859,4.5);
#3859 = AXIS2_PLACEMENT_3D('',#3860,#3861,#3862);
#3860 = CARTESIAN_POINT('',(18.,-26.,124.));
#3861 = DIRECTION('',(0.,0.,1.));
#3862 = DIRECTION('',(1.,0.,0.));
#3863 = ORIENTED_EDGE('',*,*,#3864,.F.);
#3864 = EDGE_CURVE('',#3865,#3856,#3867,.T.);
#3865 = VERTEX_POINT('',#3866);
#3866 = CARTESIAN_POINT('',(-14.64589803375,-29.,124.));
#3867 = LINE('',#3868,#3869);
#3868 = CARTESIAN_POINT('',(-22.,-29.,124.));
#3869 = VECTOR('',#3870,1.);
#3870 = DIRECTION('',(1.,0.,0.));
#3871 = ORIENTED_EDGE('',*,*,#3872,.T.);
#3872 = EDGE_CURVE('',#3865,#3873,#3875,.T.);
#3873 = VERTEX_POINT('',#3874);
#3874 = CARTESIAN_POINT('',(-13.5,-26.,124.));
#3875 = CIRCLE('',#3876,4.5);
#3876 = AXIS2_PLACEMENT_3D('',#3877,#3878,#3879);
#3877 = CARTESIAN_POINT('',(-18.,-26.,124.));
#3878 = DIRECTION('',(0.,0.,1.));
#3879 = DIRECTION('',(1.,0.,0.));
#3880 = ORIENTED_EDGE('',*,*,#3881,.T.);
#3881 = EDGE_CURVE('',#3873,#3832,#3882,.T.);
#3882 = CIRCLE('',#3883,4.5);
#3883 = AXIS2_PLACEMENT_3D('',#3884,#3885,#3886);
#3884 = CARTESIAN_POINT('',(-18.,-26.,124.));
#3885 = DIRECTION('',(0.,0.,1.));
#3886 = DIRECTION('',(1.,0.,0.));
#3887 = FACE_BOUND('',#3888,.T.);
#3888 = EDGE_LOOP('',(#3889,#3900,#3909));
#3889 = ORIENTED_EDGE('',*,*,#3890,.F.);
#3890 = EDGE_CURVE('',#3891,#3893,#3895,.T.);
#3891 = VERTEX_POINT('',#3892);
#3892 = CARTESIAN_POINT('',(-20.,-24.96922359359,124.));
#3893 = VERTEX_POINT('',#3894);
#3894 = CARTESIAN_POINT('',(-20.,-27.0307764064,124.));
#3895 = CIRCLE('',#3896,2.25);
#3896 = AXIS2_PLACEMENT_3D('',#3897,#3898,#3899);
#3897 = CARTESIAN_POINT('',(-18.,-26.,124.));
#3898 = DIRECTION('',(0.,0.,1.));
#3899 = DIRECTION('',(1.,0.,0.));
#3900 = ORIENTED_EDGE('',*,*,#3901,.F.);
#3901 = EDGE_CURVE('',#3902,#3891,#3904,.T.);
#3902 = VERTEX_POINT('',#3903);
#3903 = CARTESIAN_POINT('',(-15.75,-26.,124.));
#3904 = CIRCLE('',#3905,2.25);
#3905 = AXIS2_PLACEMENT_3D('',#3906,#3907,#3908);
#3906 = CARTESIAN_POINT('',(-18.,-26.,124.));
#3907 = DIRECTION('',(0.,0.,1.));
#3908 = DIRECTION('',(1.,0.,0.));
#3909 = ORIENTED_EDGE('',*,*,#3910,.F.);
#3910 = EDGE_CURVE('',#3893,#3902,#3911,.T.);
#3911 = CIRCLE('',#3912,2.25);
#3912 = AXIS2_PLACEMENT_3D('',#3913,#3914,#3915);
#3913 = CARTESIAN_POINT('',(-18.,-26.,124.));
#3914 = DIRECTION('',(0.,0.,1.));
#3915 = DIRECTION('',(1.,0.,0.));
#3916 = FACE_BOUND('',#3917,.T.);
#3917 = EDGE_LOOP('',(#3918,#3929,#3938));
#3918 = ORIENTED_EDGE('',*,*,#3919,.F.);
#3919 = EDGE_CURVE('',#3920,#3922,#3924,.T.);
#3920 = VERTEX_POINT('',#3921);
#3921 = CARTESIAN_POINT('',(20.,-27.0307764064,124.));
#3922 = VERTEX_POINT('',#3923);
#3923 = CARTESIAN_POINT('',(20.25,-26.,124.));
#3924 = CIRCLE('',#3925,2.25);
#3925 = AXIS2_PLACEMENT_3D('',#3926,#3927,#3928);
#3926 = CARTESIAN_POINT('',(18.,-26.,124.));
#3927 = DIRECTION('',(0.,0.,1.));
#3928 = DIRECTION('',(1.,0.,0.));
#3929 = ORIENTED_EDGE('',*,*,#3930,.F.);
#3930 = EDGE_CURVE('',#3931,#3920,#3933,.T.);
#3931 = VERTEX_POINT('',#3932);
#3932 = CARTESIAN_POINT('',(20.,-24.96922359359,124.));
#3933 = CIRCLE('',#3934,2.25);
#3934 = AXIS2_PLACEMENT_3D('',#3935,#3936,#3937);
#3935 = CARTESIAN_POINT('',(18.,-26.,124.));
#3936 = DIRECTION('',(0.,0.,1.));
#3937 = DIRECTION('',(1.,0.,0.));
#3938 = ORIENTED_EDGE('',*,*,#3939,.F.);
#3939 = EDGE_CURVE('',#3922,#3931,#3940,.T.);
#3940 = CIRCLE('',#3941,2.25);
#3941 = AXIS2_PLACEMENT_3D('',#3942,#3943,#3944);
#3942 = CARTESIAN_POINT('',(18.,-26.,124.));
#3943 = DIRECTION('',(0.,0.,1.));
#3944 = DIRECTION('',(1.,0.,0.));
#3945 = PLANE('',#3946);
#3946 = AXIS2_PLACEMENT_3D('',#3947,#3948,#3949);
#3947 = CARTESIAN_POINT('',(-24.,-37.,124.));
#3948 = DIRECTION('',(0.,0.,1.));
#3949 = DIRECTION('',(1.,0.,0.));
#3950 = ADVANCED_FACE('',(#3951),#3969,.T.);
#3951 = FACE_BOUND('',#3952,.T.);
#3952 = EDGE_LOOP('',(#3953,#3961,#3962,#3963));
#3953 = ORIENTED_EDGE('',*,*,#3954,.F.);
#3954 = EDGE_CURVE('',#3751,#3955,#3957,.T.);
#3955 = VERTEX_POINT('',#3956);
#3956 = CARTESIAN_POINT('',(24.,-17.,118.));
#3957 = LINE('',#3958,#3959);
#3958 = CARTESIAN_POINT('',(-24.,-17.,118.));
#3959 = VECTOR('',#3960,1.);
#3960 = DIRECTION('',(1.,0.,0.));
#3961 = ORIENTED_EDGE('',*,*,#3758,.T.);
#3962 = ORIENTED_EDGE('',*,*,#3821,.T.);
#3963 = ORIENTED_EDGE('',*,*,#3964,.F.);
#3964 = EDGE_CURVE('',#3955,#3814,#3965,.T.);
#3965 = LINE('',#3966,#3967);
#3966 = CARTESIAN_POINT('',(24.,-17.,118.));
#3967 = VECTOR('',#3968,1.);
#3968 = DIRECTION('',(0.,0.,1.));
#3969 = PLANE('',#3970);
#3970 = AXIS2_PLACEMENT_3D('',#3971,#3972,#3973);
#3971 = CARTESIAN_POINT('',(-24.,-17.,118.));
#3972 = DIRECTION('',(0.,1.,0.));
#3973 = DIRECTION('',(0.,0.,1.));
#3974 = ADVANCED_FACE('',(#3975,#3986,#4015),#4044,.F.);
#3975 = FACE_BOUND('',#3976,.T.);
#3976 = EDGE_LOOP('',(#3977,#3978,#3979,#3985));
#3977 = ORIENTED_EDGE('',*,*,#3750,.T.);
#3978 = ORIENTED_EDGE('',*,*,#3954,.T.);
#3979 = ORIENTED_EDGE('',*,*,#3980,.F.);
#3980 = EDGE_CURVE('',#3781,#3955,#3981,.T.);
#3981 = LINE('',#3982,#3983);
#3982 = CARTESIAN_POINT('',(24.,-37.,118.));
#3983 = VECTOR('',#3984,1.);
#3984 = DIRECTION('',(0.,1.,0.));
#3985 = ORIENTED_EDGE('',*,*,#3780,.F.);
#3986 = FACE_BOUND('',#3987,.F.);
#3987 = EDGE_LOOP('',(#3988,#3999,#4008));
#3988 = ORIENTED_EDGE('',*,*,#3989,.F.);
#3989 = EDGE_CURVE('',#3990,#3992,#3994,.T.);
#3990 = VERTEX_POINT('',#3991);
#3991 = CARTESIAN_POINT('',(-20.,-24.96922359359,118.));
#3992 = VERTEX_POINT('',#3993);
#3993 = CARTESIAN_POINT('',(-20.,-27.0307764064,118.));
#3994 = CIRCLE('',#3995,2.25);
#3995 = AXIS2_PLACEMENT_3D('',#3996,#3997,#3998);
#3996 = CARTESIAN_POINT('',(-18.,-26.,118.));
#3997 = DIRECTION('',(0.,0.,1.));
#3998 = DIRECTION('',(1.,0.,0.));
#3999 = ORIENTED_EDGE('',*,*,#4000,.F.);
#4000 = EDGE_CURVE('',#4001,#3990,#4003,.T.);
#4001 = VERTEX_POINT('',#4002);
#4002 = CARTESIAN_POINT('',(-15.75,-26.,118.));
#4003 = CIRCLE('',#4004,2.25);
#4004 = AXIS2_PLACEMENT_3D('',#4005,#4006,#4007);
#4005 = CARTESIAN_POINT('',(-18.,-26.,118.));
#4006 = DIRECTION('',(0.,0.,1.));
#4007 = DIRECTION('',(1.,0.,0.));
#4008 = ORIENTED_EDGE('',*,*,#4009,.F.);
#4009 = EDGE_CURVE('',#3992,#4001,#4010,.T.);
#4010 = CIRCLE('',#4011,2.25);
#4011 = AXIS2_PLACEMENT_3D('',#4012,#4013,#4014);
#4012 = CARTESIAN_POINT('',(-18.,-26.,118.));
#4013 = DIRECTION('',(0.,0.,1.));
#4014 = DIRECTION('',(1.,0.,0.));
#4015 = FACE_BOUND('',#4016,.F.);
#4016 = EDGE_LOOP('',(#4017,#4028,#4037));
#4017 = ORIENTED_EDGE('',*,*,#4018,.F.);
#4018 = EDGE_CURVE('',#4019,#4021,#4023,.T.);
#4019 = VERTEX_POINT('',#4020);
#4020 = CARTESIAN_POINT('',(20.25,-26.,118.));
#4021 = VERTEX_POINT('',#4022);
#4022 = CARTESIAN_POINT('',(20.,-24.96922359359,118.));
#4023 = CIRCLE('',#4024,2.25);
#4024 = AXIS2_PLACEMENT_3D('',#4025,#4026,#4027);
#4025 = CARTESIAN_POINT('',(18.,-26.,118.));
#4026 = DIRECTION('',(0.,0.,1.));
#4027 = DIRECTION('',(1.,0.,0.));
#4028 = ORIENTED_EDGE('',*,*,#4029,.F.);
#4029 = EDGE_CURVE('',#4030,#4019,#4032,.T.);
#4030 = VERTEX_POINT('',#4031);
#4031 = CARTESIAN_POINT('',(20.,-27.0307764064,118.));
#4032 = CIRCLE('',#4033,2.25);
#4033 = AXIS2_PLACEMENT_3D('',#4034,#4035,#4036);
#4034 = CARTESIAN_POINT('',(18.,-26.,118.));
#4035 = DIRECTION('',(0.,0.,1.));
#4036 = DIRECTION('',(1.,0.,0.));
#4037 = ORIENTED_EDGE('',*,*,#4038,.F.);
#4038 = EDGE_CURVE('',#4021,#4030,#4039,.T.);
#4039 = CIRCLE('',#4040,2.25);
#4040 = AXIS2_PLACEMENT_3D('',#4041,#4042,#4043);
#4041 = CARTESIAN_POINT('',(18.,-26.,118.));
#4042 = DIRECTION('',(0.,0.,1.));
#4043 = DIRECTION('',(1.,0.,0.));
#4044 = PLANE('',#4045);
#4045 = AXIS2_PLACEMENT_3D('',#4046,#4047,#4048);
#4046 = CARTESIAN_POINT('',(-24.,-37.,118.));
#4047 = DIRECTION('',(0.,0.,1.));
#4048 = DIRECTION('',(1.,0.,0.));
#4049 = ADVANCED_FACE('',(#4050),#4056,.T.);
#4050 = FACE_BOUND('',#4051,.T.);
#4051 = EDGE_LOOP('',(#4052,#4053,#4054,#4055));
#4052 = ORIENTED_EDGE('',*,*,#3797,.F.);
#4053 = ORIENTED_EDGE('',*,*,#3980,.T.);
#4054 = ORIENTED_EDGE('',*,*,#3964,.T.);
#4055 = ORIENTED_EDGE('',*,*,#3813,.F.);
#4056 = PLANE('',#4057);
#4057 = AXIS2_PLACEMENT_3D('',#4058,#4059,#4060);
#4058 = CARTESIAN_POINT('',(24.,-37.,118.));
#4059 = DIRECTION('',(1.,0.,0.));
#4060 = DIRECTION('',(0.,0.,1.));
#4061 = ADVANCED_FACE('',(#4062),#4183,.F.);
#4062 = FACE_BOUND('',#4063,.F.);
#4063 = EDGE_LOOP('',(#4064,#4074,#4082,#4090,#4098,#4106,#4114,#4122,
    #4130,#4136,#4137,#4145,#4153,#4161,#4169,#4177));
#4064 = ORIENTED_EDGE('',*,*,#4065,.F.);
#4065 = EDGE_CURVE('',#4066,#4068,#4070,.T.);
#4066 = VERTEX_POINT('',#4067);
#4067 = CARTESIAN_POINT('',(-20.,-29.,130.));
#4068 = VERTEX_POINT('',#4069);
#4069 = CARTESIAN_POINT('',(-20.,-29.,168.64218330839));
#4070 = LINE('',#4071,#4072);
#4071 = CARTESIAN_POINT('',(-20.,-29.,118.));
#4072 = VECTOR('',#4073,1.);
#4073 = DIRECTION('',(0.,0.,1.));
#4074 = ORIENTED_EDGE('',*,*,#4075,.F.);
#4075 = EDGE_CURVE('',#4076,#4066,#4078,.T.);
#4076 = VERTEX_POINT('',#4077);
#4077 = CARTESIAN_POINT('',(-20.,-27.0307764064,130.));
#4078 = LINE('',#4079,#4080);
#4079 = CARTESIAN_POINT('',(-20.,-27.5,130.));
#4080 = VECTOR('',#4081,1.);
#4081 = DIRECTION('',(0.,-1.,0.));
#4082 = ORIENTED_EDGE('',*,*,#4083,.T.);
#4083 = EDGE_CURVE('',#4076,#4084,#4086,.T.);
#4084 = VERTEX_POINT('',#4085);
#4085 = CARTESIAN_POINT('',(-20.,-27.0307764064,130.8));
#4086 = LINE('',#4087,#4088);
#4087 = CARTESIAN_POINT('',(-20.,-27.0307764064,114.8));
#4088 = VECTOR('',#4089,1.);
#4089 = DIRECTION('',(0.,0.,1.));
#4090 = ORIENTED_EDGE('',*,*,#4091,.F.);
#4091 = EDGE_CURVE('',#4092,#4084,#4094,.T.);
#4092 = VERTEX_POINT('',#4093);
#4093 = CARTESIAN_POINT('',(-20.,-24.96922359359,130.8));
#4094 = LINE('',#4095,#4096);
#4095 = CARTESIAN_POINT('',(-20.,-27.5,130.8));
#4096 = VECTOR('',#4097,1.);
#4097 = DIRECTION('',(0.,-1.,0.));
#4098 = ORIENTED_EDGE('',*,*,#4099,.F.);
#4099 = EDGE_CURVE('',#4100,#4092,#4102,.T.);
#4100 = VERTEX_POINT('',#4101);
#4101 = CARTESIAN_POINT('',(-20.,-24.96922359359,130.));
#4102 = LINE('',#4103,#4104);
#4103 = CARTESIAN_POINT('',(-20.,-24.96922359359,118.));
#4104 = VECTOR('',#4105,1.);
#4105 = DIRECTION('',(0.,0.,1.));
#4106 = ORIENTED_EDGE('',*,*,#4107,.F.);
#4107 = EDGE_CURVE('',#4108,#4100,#4110,.T.);
#4108 = VERTEX_POINT('',#4109);
#4109 = CARTESIAN_POINT('',(-20.,-21.69874049453,130.));
#4110 = LINE('',#4111,#4112);
#4111 = CARTESIAN_POINT('',(-20.,-34.58378290259,130.));
#4112 = VECTOR('',#4113,1.);
#4113 = DIRECTION('',(0.,-1.,0.));
#4114 = ORIENTED_EDGE('',*,*,#4115,.F.);
#4115 = EDGE_CURVE('',#4116,#4108,#4118,.T.);
#4116 = VERTEX_POINT('',#4117);
#4117 = CARTESIAN_POINT('',(-20.,-21.69874049453,124.6));
#4118 = LINE('',#4119,#4120);
#4119 = CARTESIAN_POINT('',(-20.,-21.69874049453,121.3));
#4120 = VECTOR('',#4121,1.);
#4121 = DIRECTION('',(0.,0.,1.));
#4122 = ORIENTED_EDGE('',*,*,#4123,.T.);
#4123 = EDGE_CURVE('',#4116,#4124,#4126,.T.);
#4124 = VERTEX_POINT('',#4125);
#4125 = CARTESIAN_POINT('',(-20.,-21.96887112585,124.6));
#4126 = LINE('',#4127,#4128);
#4127 = CARTESIAN_POINT('',(-20.,-27.5,124.6));
#4128 = VECTOR('',#4129,1.);
#4129 = DIRECTION('',(0.,-1.,0.));
#4130 = ORIENTED_EDGE('',*,*,#4131,.F.);
#4131 = EDGE_CURVE('',#3832,#4124,#4132,.T.);
#4132 = LINE('',#4133,#4134);
#4133 = CARTESIAN_POINT('',(-20.,-21.96887112585,124.));
#4134 = VECTOR('',#4135,1.);
#4135 = DIRECTION('',(0.,0.,1.));
#4136 = ORIENTED_EDGE('',*,*,#3829,.F.);
#4137 = ORIENTED_EDGE('',*,*,#4138,.T.);
#4138 = EDGE_CURVE('',#3830,#4139,#4141,.T.);
#4139 = VERTEX_POINT('',#4140);
#4140 = CARTESIAN_POINT('',(-20.,-21.,160.56476589832));
#4141 = LINE('',#4142,#4143);
#4142 = CARTESIAN_POINT('',(-20.,-21.,118.));
#4143 = VECTOR('',#4144,1.);
#4144 = DIRECTION('',(0.,0.,1.));
#4145 = ORIENTED_EDGE('',*,*,#4146,.T.);
#4146 = EDGE_CURVE('',#4139,#4147,#4149,.T.);
#4147 = VERTEX_POINT('',#4148);
#4148 = CARTESIAN_POINT('',(-20.,-25.2,160.56476589832));
#4149 = LINE('',#4150,#4151);
#4150 = CARTESIAN_POINT('',(-20.,-27.1,160.56476589832));
#4151 = VECTOR('',#4152,1.);
#4152 = DIRECTION('',(0.,-1.,0.));
#4153 = ORIENTED_EDGE('',*,*,#4154,.T.);
#4154 = EDGE_CURVE('',#4147,#4155,#4157,.T.);
#4155 = VERTEX_POINT('',#4156);
#4156 = CARTESIAN_POINT('',(-20.,-25.2,166.89672382351));
#4157 = LINE('',#4158,#4159);
#4158 = CARTESIAN_POINT('',(-20.,-25.2,139.28238294916));
#4159 = VECTOR('',#4160,1.);
#4160 = DIRECTION('',(0.,0.,1.));
#4161 = ORIENTED_EDGE('',*,*,#4162,.F.);
#4162 = EDGE_CURVE('',#4163,#4155,#4165,.T.);
#4163 = VERTEX_POINT('',#4164);
#4164 = CARTESIAN_POINT('',(-20.,-27.,166.89672382351));
#4165 = LINE('',#4166,#4167);
#4166 = CARTESIAN_POINT('',(-20.,-27.,166.89672382351));
#4167 = VECTOR('',#4168,1.);
#4168 = DIRECTION('',(0.,1.,0.));
#4169 = ORIENTED_EDGE('',*,*,#4170,.T.);
#4170 = EDGE_CURVE('',#4163,#4171,#4173,.T.);
#4171 = VERTEX_POINT('',#4172);
#4172 = CARTESIAN_POINT('',(-20.,-27.,168.64218330839));
#4173 = LINE('',#4174,#4175);
#4174 = CARTESIAN_POINT('',(-20.,-27.,144.));
#4175 = VECTOR('',#4176,1.);
#4176 = DIRECTION('',(0.,0.,1.));
#4177 = ORIENTED_EDGE('',*,*,#4178,.F.);
#4178 = EDGE_CURVE('',#4068,#4171,#4179,.T.);
#4179 = LINE('',#4180,#4181);
#4180 = CARTESIAN_POINT('',(-20.,-33.,168.64218330839));
#4181 = VECTOR('',#4182,1.);
#4182 = DIRECTION('',(0.,1.,0.));
#4183 = PLANE('',#4184);
#4184 = AXIS2_PLACEMENT_3D('',#4185,#4186,#4187);
#4185 = CARTESIAN_POINT('',(-20.,-29.,118.));
#4186 = DIRECTION('',(1.,0.,0.));
#4187 = DIRECTION('',(0.,0.,1.));
#4188 = ADVANCED_FACE('',(#4189),#4240,.T.);
#4189 = FACE_BOUND('',#4190,.T.);
#4190 = EDGE_LOOP('',(#4191,#4192,#4193,#4201,#4209,#4218,#4226,#4234));
#4191 = ORIENTED_EDGE('',*,*,#3839,.F.);
#4192 = ORIENTED_EDGE('',*,*,#4138,.T.);
#4193 = ORIENTED_EDGE('',*,*,#4194,.T.);
#4194 = EDGE_CURVE('',#4139,#4195,#4197,.T.);
#4195 = VERTEX_POINT('',#4196);
#4196 = CARTESIAN_POINT('',(-14.34550807568,-21.,160.56476589832));
#4197 = LINE('',#4198,#4199);
#4198 = CARTESIAN_POINT('',(-15.34390646055,-21.,160.56476589832));
#4199 = VECTOR('',#4200,1.);
#4200 = DIRECTION('',(1.,0.,0.));
#4201 = ORIENTED_EDGE('',*,*,#4202,.F.);
#4202 = EDGE_CURVE('',#4203,#4195,#4205,.T.);
#4203 = VERTEX_POINT('',#4204);
#4204 = CARTESIAN_POINT('',(-14.34550807568,-21.,162.02205801404));
#4205 = LINE('',#4206,#4207);
#4206 = CARTESIAN_POINT('',(-14.34550807568,-21.,153.73081607625));
#4207 = VECTOR('',#4208,1.);
#4208 = DIRECTION('',(0.,0.,-1.));
#4209 = ORIENTED_EDGE('',*,*,#4210,.F.);
#4210 = EDGE_CURVE('',#4211,#4203,#4213,.T.);
#4211 = VERTEX_POINT('',#4212);
#4212 = CARTESIAN_POINT('',(14.345508075689,-21.,162.02205801404));
#4213 = CIRCLE('',#4214,23.);
#4214 = AXIS2_PLACEMENT_3D('',#4215,#4216,#4217);
#4215 = CARTESIAN_POINT('',(0.,-21.,180.));
#4216 = DIRECTION('',(0.,1.,0.));
#4217 = DIRECTION('',(0.,0.,1.));
#4218 = ORIENTED_EDGE('',*,*,#4219,.T.);
#4219 = EDGE_CURVE('',#4211,#4220,#4222,.T.);
#4220 = VERTEX_POINT('',#4221);
#4221 = CARTESIAN_POINT('',(14.345508075689,-21.,160.56476589832));
#4222 = LINE('',#4223,#4224);
#4223 = CARTESIAN_POINT('',(14.345508075689,-21.,153.73081607625));
#4224 = VECTOR('',#4225,1.);
#4225 = DIRECTION('',(0.,0.,-1.));
#4226 = ORIENTED_EDGE('',*,*,#4227,.T.);
#4227 = EDGE_CURVE('',#4220,#4228,#4230,.T.);
#4228 = VERTEX_POINT('',#4229);
#4229 = CARTESIAN_POINT('',(20.,-21.,160.56476589832));
#4230 = LINE('',#4231,#4232);
#4231 = CARTESIAN_POINT('',(7.172754037844,-21.,160.56476589832));
#4232 = VECTOR('',#4233,1.);
#4233 = DIRECTION('',(1.,0.,0.));
#4234 = ORIENTED_EDGE('',*,*,#4235,.F.);
#4235 = EDGE_CURVE('',#3840,#4228,#4236,.T.);
#4236 = LINE('',#4237,#4238);
#4237 = CARTESIAN_POINT('',(20.,-21.,118.));
#4238 = VECTOR('',#4239,1.);
#4239 = DIRECTION('',(0.,0.,1.));
#4240 = PLANE('',#4241);
#4241 = AXIS2_PLACEMENT_3D('',#4242,#4243,#4244);
#4242 = CARTESIAN_POINT('',(-9.03711107077E-16,-21.,146.89686625419));
#4243 = DIRECTION('',(0.,1.,0.));
#4244 = DIRECTION('',(0.,0.,1.));
#4245 = ADVANCED_FACE('',(#4246),#4360,.T.);
#4246 = FACE_BOUND('',#4247,.T.);
#4247 = EDGE_LOOP('',(#4248,#4258,#4266,#4274,#4282,#4290,#4298,#4306,
    #4314,#4320,#4321,#4322,#4330,#4338,#4346,#4354));
#4248 = ORIENTED_EDGE('',*,*,#4249,.F.);
#4249 = EDGE_CURVE('',#4250,#4252,#4254,.T.);
#4250 = VERTEX_POINT('',#4251);
#4251 = CARTESIAN_POINT('',(20.,-29.,130.));
#4252 = VERTEX_POINT('',#4253);
#4253 = CARTESIAN_POINT('',(20.,-29.,168.64218330839));
#4254 = LINE('',#4255,#4256);
#4255 = CARTESIAN_POINT('',(20.,-29.,118.));
#4256 = VECTOR('',#4257,1.);
#4257 = DIRECTION('',(0.,0.,1.));
#4258 = ORIENTED_EDGE('',*,*,#4259,.F.);
#4259 = EDGE_CURVE('',#4260,#4250,#4262,.T.);
#4260 = VERTEX_POINT('',#4261);
#4261 = CARTESIAN_POINT('',(20.,-27.0307764064,130.));
#4262 = LINE('',#4263,#4264);
#4263 = CARTESIAN_POINT('',(20.,-27.5,130.));
#4264 = VECTOR('',#4265,1.);
#4265 = DIRECTION('',(0.,-1.,0.));
#4266 = ORIENTED_EDGE('',*,*,#4267,.T.);
#4267 = EDGE_CURVE('',#4260,#4268,#4270,.T.);
#4268 = VERTEX_POINT('',#4269);
#4269 = CARTESIAN_POINT('',(20.,-27.0307764064,130.8));
#4270 = LINE('',#4271,#4272);
#4271 = CARTESIAN_POINT('',(20.,-27.0307764064,118.));
#4272 = VECTOR('',#4273,1.);
#4273 = DIRECTION('',(0.,0.,1.));
#4274 = ORIENTED_EDGE('',*,*,#4275,.F.);
#4275 = EDGE_CURVE('',#4276,#4268,#4278,.T.);
#4276 = VERTEX_POINT('',#4277);
#4277 = CARTESIAN_POINT('',(20.,-24.96922359359,130.8));
#4278 = LINE('',#4279,#4280);
#4279 = CARTESIAN_POINT('',(20.,-27.5,130.8));
#4280 = VECTOR('',#4281,1.);
#4281 = DIRECTION('',(0.,-1.,0.));
#4282 = ORIENTED_EDGE('',*,*,#4283,.F.);
#4283 = EDGE_CURVE('',#4284,#4276,#4286,.T.);
#4284 = VERTEX_POINT('',#4285);
#4285 = CARTESIAN_POINT('',(20.,-24.96922359359,130.));
#4286 = LINE('',#4287,#4288);
#4287 = CARTESIAN_POINT('',(20.,-24.96922359359,114.8));
#4288 = VECTOR('',#4289,1.);
#4289 = DIRECTION('',(0.,0.,1.));
#4290 = ORIENTED_EDGE('',*,*,#4291,.F.);
#4291 = EDGE_CURVE('',#4292,#4284,#4294,.T.);
#4292 = VERTEX_POINT('',#4293);
#4293 = CARTESIAN_POINT('',(20.,-21.69874049453,130.));
#4294 = LINE('',#4295,#4296);
#4295 = CARTESIAN_POINT('',(20.,-27.5,130.));
#4296 = VECTOR('',#4297,1.);
#4297 = DIRECTION('',(0.,-1.,0.));
#4298 = ORIENTED_EDGE('',*,*,#4299,.F.);
#4299 = EDGE_CURVE('',#4300,#4292,#4302,.T.);
#4300 = VERTEX_POINT('',#4301);
#4301 = CARTESIAN_POINT('',(20.,-21.69874049453,124.6));
#4302 = LINE('',#4303,#4304);
#4303 = CARTESIAN_POINT('',(20.,-21.69874049453,121.3));
#4304 = VECTOR('',#4305,1.);
#4305 = DIRECTION('',(0.,0.,1.));
#4306 = ORIENTED_EDGE('',*,*,#4307,.T.);
#4307 = EDGE_CURVE('',#4300,#4308,#4310,.T.);
#4308 = VERTEX_POINT('',#4309);
#4309 = CARTESIAN_POINT('',(20.,-21.96887112585,124.6));
#4310 = LINE('',#4311,#4312);
#4311 = CARTESIAN_POINT('',(20.,-34.58378290259,124.6));
#4312 = VECTOR('',#4313,1.);
#4313 = DIRECTION('',(0.,-1.,0.));
#4314 = ORIENTED_EDGE('',*,*,#4315,.F.);
#4315 = EDGE_CURVE('',#3848,#4308,#4316,.T.);
#4316 = LINE('',#4317,#4318);
#4317 = CARTESIAN_POINT('',(20.,-21.96887112585,124.));
#4318 = VECTOR('',#4319,1.);
#4319 = DIRECTION('',(0.,0.,1.));
#4320 = ORIENTED_EDGE('',*,*,#3847,.F.);
#4321 = ORIENTED_EDGE('',*,*,#4235,.T.);
#4322 = ORIENTED_EDGE('',*,*,#4323,.T.);
#4323 = EDGE_CURVE('',#4228,#4324,#4326,.T.);
#4324 = VERTEX_POINT('',#4325);
#4325 = CARTESIAN_POINT('',(20.,-25.2,160.56476589832));
#4326 = LINE('',#4327,#4328);
#4327 = CARTESIAN_POINT('',(20.,-27.1,160.56476589832));
#4328 = VECTOR('',#4329,1.);
#4329 = DIRECTION('',(0.,-1.,0.));
#4330 = ORIENTED_EDGE('',*,*,#4331,.T.);
#4331 = EDGE_CURVE('',#4324,#4332,#4334,.T.);
#4332 = VERTEX_POINT('',#4333);
#4333 = CARTESIAN_POINT('',(20.,-25.2,166.89672382351));
#4334 = LINE('',#4335,#4336);
#4335 = CARTESIAN_POINT('',(20.,-25.2,139.28238294916));
#4336 = VECTOR('',#4337,1.);
#4337 = DIRECTION('',(0.,0.,1.));
#4338 = ORIENTED_EDGE('',*,*,#4339,.F.);
#4339 = EDGE_CURVE('',#4340,#4332,#4342,.T.);
#4340 = VERTEX_POINT('',#4341);
#4341 = CARTESIAN_POINT('',(20.,-27.,166.89672382351));
#4342 = LINE('',#4343,#4344);
#4343 = CARTESIAN_POINT('',(20.,-27.,166.89672382351));
#4344 = VECTOR('',#4345,1.);
#4345 = DIRECTION('',(0.,1.,0.));
#4346 = ORIENTED_EDGE('',*,*,#4347,.T.);
#4347 = EDGE_CURVE('',#4340,#4348,#4350,.T.);
#4348 = VERTEX_POINT('',#4349);
#4349 = CARTESIAN_POINT('',(20.,-27.,168.64218330839));
#4350 = LINE('',#4351,#4352);
#4351 = CARTESIAN_POINT('',(20.,-27.,144.));
#4352 = VECTOR('',#4353,1.);
#4353 = DIRECTION('',(0.,0.,1.));
#4354 = ORIENTED_EDGE('',*,*,#4355,.F.);
#4355 = EDGE_CURVE('',#4252,#4348,#4356,.T.);
#4356 = LINE('',#4357,#4358);
#4357 = CARTESIAN_POINT('',(20.,-33.,168.64218330839));
#4358 = VECTOR('',#4359,1.);
#4359 = DIRECTION('',(0.,1.,0.));
#4360 = PLANE('',#4361);
#4361 = AXIS2_PLACEMENT_3D('',#4362,#4363,#4364);
#4362 = CARTESIAN_POINT('',(20.,-29.,118.));
#4363 = DIRECTION('',(1.,0.,0.));
#4364 = DIRECTION('',(0.,0.,1.));
#4365 = ADVANCED_FACE('',(#4366),#4453,.F.);
#4366 = FACE_BOUND('',#4367,.F.);
#4367 = EDGE_LOOP('',(#4368,#4379,#4387,#4394,#4395,#4396,#4404,#4413,
    #4421,#4430,#4438,#4447));
#4368 = ORIENTED_EDGE('',*,*,#4369,.F.);
#4369 = EDGE_CURVE('',#4370,#4372,#4374,.T.);
#4370 = VERTEX_POINT('',#4371);
#4371 = CARTESIAN_POINT('',(19.322560647633,-21.69874049453,124.8));
#4372 = VERTEX_POINT('',#4373);
#4373 = CARTESIAN_POINT('',(16.677439352367,-21.69874049453,124.8));
#4374 = CIRCLE('',#4375,4.5);
#4375 = AXIS2_PLACEMENT_3D('',#4376,#4377,#4378);
#4376 = CARTESIAN_POINT('',(18.,-26.,124.8));
#4377 = DIRECTION('',(0.,0.,1.));
#4378 = DIRECTION('',(1.,0.,0.));
#4379 = ORIENTED_EDGE('',*,*,#4380,.F.);
#4380 = EDGE_CURVE('',#4381,#4370,#4383,.T.);
#4381 = VERTEX_POINT('',#4382);
#4382 = CARTESIAN_POINT('',(19.322560647633,-21.69874049453,124.6));
#4383 = LINE('',#4384,#4385);
#4384 = CARTESIAN_POINT('',(19.322560647633,-21.69874049453,124.));
#4385 = VECTOR('',#4386,1.);
#4386 = DIRECTION('',(0.,0.,1.));
#4387 = ORIENTED_EDGE('',*,*,#4388,.F.);
#4388 = EDGE_CURVE('',#4308,#4381,#4389,.T.);
#4389 = CIRCLE('',#4390,4.5);
#4390 = AXIS2_PLACEMENT_3D('',#4391,#4392,#4393);
#4391 = CARTESIAN_POINT('',(18.,-26.,124.6));
#4392 = DIRECTION('',(0.,0.,1.));
#4393 = DIRECTION('',(1.,0.,0.));
#4394 = ORIENTED_EDGE('',*,*,#4315,.F.);
#4395 = ORIENTED_EDGE('',*,*,#3855,.T.);
#4396 = ORIENTED_EDGE('',*,*,#4397,.T.);
#4397 = EDGE_CURVE('',#3856,#4398,#4400,.T.);
#4398 = VERTEX_POINT('',#4399);
#4399 = CARTESIAN_POINT('',(14.64589803375,-29.,124.6));
#4400 = LINE('',#4401,#4402);
#4401 = CARTESIAN_POINT('',(14.64589803375,-29.,124.));
#4402 = VECTOR('',#4403,1.);
#4403 = DIRECTION('',(0.,0.,1.));
#4404 = ORIENTED_EDGE('',*,*,#4405,.F.);
#4405 = EDGE_CURVE('',#4406,#4398,#4408,.T.);
#4406 = VERTEX_POINT('',#4407);
#4407 = CARTESIAN_POINT('',(14.275,-28.52475246311,124.6));
#4408 = CIRCLE('',#4409,4.5);
#4409 = AXIS2_PLACEMENT_3D('',#4410,#4411,#4412);
#4410 = CARTESIAN_POINT('',(18.,-26.,124.6));
#4411 = DIRECTION('',(0.,0.,1.));
#4412 = DIRECTION('',(1.,0.,0.));
#4413 = ORIENTED_EDGE('',*,*,#4414,.T.);
#4414 = EDGE_CURVE('',#4406,#4415,#4417,.T.);
#4415 = VERTEX_POINT('',#4416);
#4416 = CARTESIAN_POINT('',(14.275,-28.52475246311,124.8));
#4417 = LINE('',#4418,#4419);
#4418 = CARTESIAN_POINT('',(14.275,-28.52475246311,124.));
#4419 = VECTOR('',#4420,1.);
#4420 = DIRECTION('',(0.,0.,1.));
#4421 = ORIENTED_EDGE('',*,*,#4422,.F.);
#4422 = EDGE_CURVE('',#4423,#4415,#4425,.T.);
#4423 = VERTEX_POINT('',#4424);
#4424 = CARTESIAN_POINT('',(14.275,-23.47524753688,124.8));
#4425 = CIRCLE('',#4426,4.5);
#4426 = AXIS2_PLACEMENT_3D('',#4427,#4428,#4429);
#4427 = CARTESIAN_POINT('',(18.,-26.,124.8));
#4428 = DIRECTION('',(0.,0.,1.));
#4429 = DIRECTION('',(1.,0.,0.));
#4430 = ORIENTED_EDGE('',*,*,#4431,.F.);
#4431 = EDGE_CURVE('',#4432,#4423,#4434,.T.);
#4432 = VERTEX_POINT('',#4433);
#4433 = CARTESIAN_POINT('',(14.275,-23.47524753688,124.6));
#4434 = LINE('',#4435,#4436);
#4435 = CARTESIAN_POINT('',(14.275,-23.47524753688,124.));
#4436 = VECTOR('',#4437,1.);
#4437 = DIRECTION('',(0.,0.,1.));
#4438 = ORIENTED_EDGE('',*,*,#4439,.F.);
#4439 = EDGE_CURVE('',#4440,#4432,#4442,.T.);
#4440 = VERTEX_POINT('',#4441);
#4441 = CARTESIAN_POINT('',(16.677439352367,-21.69874049453,124.6));
#4442 = CIRCLE('',#4443,4.5);
#4443 = AXIS2_PLACEMENT_3D('',#4444,#4445,#4446);
#4444 = CARTESIAN_POINT('',(18.,-26.,124.6));
#4445 = DIRECTION('',(0.,0.,1.));
#4446 = DIRECTION('',(1.,0.,0.));
#4447 = ORIENTED_EDGE('',*,*,#4448,.T.);
#4448 = EDGE_CURVE('',#4440,#4372,#4449,.T.);
#4449 = LINE('',#4450,#4451);
#4450 = CARTESIAN_POINT('',(16.677439352367,-21.69874049453,124.));
#4451 = VECTOR('',#4452,1.);
#4452 = DIRECTION('',(0.,0.,1.));
#4453 = CYLINDRICAL_SURFACE('',#4454,4.5);
#4454 = AXIS2_PLACEMENT_3D('',#4455,#4456,#4457);
#4455 = CARTESIAN_POINT('',(18.,-26.,124.));
#4456 = DIRECTION('',(0.,0.,1.));
#4457 = DIRECTION('',(1.,0.,0.));
#4458 = ADVANCED_FACE('',(#4459),#4524,.F.);
#4459 = FACE_BOUND('',#4460,.F.);
#4460 = EDGE_LOOP('',(#4461,#4462,#4463,#4471,#4479,#4487,#4493,#4494,
    #4501,#4502,#4510,#4518));
#4461 = ORIENTED_EDGE('',*,*,#4397,.F.);
#4462 = ORIENTED_EDGE('',*,*,#3864,.F.);
#4463 = ORIENTED_EDGE('',*,*,#4464,.T.);
#4464 = EDGE_CURVE('',#3865,#4465,#4467,.T.);
#4465 = VERTEX_POINT('',#4466);
#4466 = CARTESIAN_POINT('',(-14.64589803375,-29.,124.6));
#4467 = LINE('',#4468,#4469);
#4468 = CARTESIAN_POINT('',(-14.64589803375,-29.,124.));
#4469 = VECTOR('',#4470,1.);
#4470 = DIRECTION('',(0.,0.,1.));
#4471 = ORIENTED_EDGE('',*,*,#4472,.T.);
#4472 = EDGE_CURVE('',#4465,#4473,#4475,.T.);
#4473 = VERTEX_POINT('',#4474);
#4474 = CARTESIAN_POINT('',(-14.275,-29.,124.6));
#4475 = LINE('',#4476,#4477);
#4476 = CARTESIAN_POINT('',(-24.27775987298,-29.,124.6));
#4477 = VECTOR('',#4478,1.);
#4478 = DIRECTION('',(1.,0.,0.));
#4479 = ORIENTED_EDGE('',*,*,#4480,.F.);
#4480 = EDGE_CURVE('',#4481,#4473,#4483,.T.);
#4481 = VERTEX_POINT('',#4482);
#4482 = CARTESIAN_POINT('',(-14.275,-29.,130.));
#4483 = LINE('',#4484,#4485);
#4484 = CARTESIAN_POINT('',(-14.275,-29.,121.3));
#4485 = VECTOR('',#4486,1.);
#4486 = DIRECTION('',(0.,0.,-1.));
#4487 = ORIENTED_EDGE('',*,*,#4488,.F.);
#4488 = EDGE_CURVE('',#4066,#4481,#4489,.T.);
#4489 = LINE('',#4490,#4491);
#4490 = CARTESIAN_POINT('',(-19.,-29.,130.));
#4491 = VECTOR('',#4492,1.);
#4492 = DIRECTION('',(1.,0.,0.));
#4493 = ORIENTED_EDGE('',*,*,#4065,.T.);
#4494 = ORIENTED_EDGE('',*,*,#4495,.F.);
#4495 = EDGE_CURVE('',#4252,#4068,#4496,.T.);
#4496 = CIRCLE('',#4497,23.);
#4497 = AXIS2_PLACEMENT_3D('',#4498,#4499,#4500);
#4498 = CARTESIAN_POINT('',(0.,-29.,180.));
#4499 = DIRECTION('',(0.,1.,0.));
#4500 = DIRECTION('',(0.,0.,1.));
#4501 = ORIENTED_EDGE('',*,*,#4249,.F.);
#4502 = ORIENTED_EDGE('',*,*,#4503,.F.);
#4503 = EDGE_CURVE('',#4504,#4250,#4506,.T.);
#4504 = VERTEX_POINT('',#4505);
#4505 = CARTESIAN_POINT('',(14.275,-29.,130.));
#4506 = LINE('',#4507,#4508);
#4507 = CARTESIAN_POINT('',(-2.8625,-29.,130.));
#4508 = VECTOR('',#4509,1.);
#4509 = DIRECTION('',(1.,0.,0.));
#4510 = ORIENTED_EDGE('',*,*,#4511,.T.);
#4511 = EDGE_CURVE('',#4504,#4512,#4514,.T.);
#4512 = VERTEX_POINT('',#4513);
#4513 = CARTESIAN_POINT('',(14.275,-29.,124.6));
#4514 = LINE('',#4515,#4516);
#4515 = CARTESIAN_POINT('',(14.275,-29.,121.3));
#4516 = VECTOR('',#4517,1.);
#4517 = DIRECTION('',(0.,0.,-1.));
#4518 = ORIENTED_EDGE('',*,*,#4519,.T.);
#4519 = EDGE_CURVE('',#4512,#4398,#4520,.T.);
#4520 = LINE('',#4521,#4522);
#4521 = CARTESIAN_POINT('',(-1.,-29.,124.6));
#4522 = VECTOR('',#4523,1.);
#4523 = DIRECTION('',(1.,0.,0.));
#4524 = PLANE('',#4525);
#4525 = AXIS2_PLACEMENT_3D('',#4526,#4527,#4528);
#4526 = CARTESIAN_POINT('',(-20.,-29.,118.));
#4527 = DIRECTION('',(0.,1.,0.));
#4528 = DIRECTION('',(0.,0.,1.));
#4529 = ADVANCED_FACE('',(#4530),#4620,.F.);
#4530 = FACE_BOUND('',#4531,.F.);
#4531 = EDGE_LOOP('',(#4532,#4542,#4549,#4550,#4551,#4552,#4553,#4562,
    #4570,#4579,#4587,#4596,#4604,#4613));
#4532 = ORIENTED_EDGE('',*,*,#4533,.F.);
#4533 = EDGE_CURVE('',#4534,#4536,#4538,.T.);
#4534 = VERTEX_POINT('',#4535);
#4535 = CARTESIAN_POINT('',(-14.275,-28.52475246311,124.6));
#4536 = VERTEX_POINT('',#4537);
#4537 = CARTESIAN_POINT('',(-14.275,-28.52475246311,124.8));
#4538 = LINE('',#4539,#4540);
#4539 = CARTESIAN_POINT('',(-14.275,-28.52475246311,124.));
#4540 = VECTOR('',#4541,1.);
#4541 = DIRECTION('',(0.,0.,1.));
#4542 = ORIENTED_EDGE('',*,*,#4543,.F.);
#4543 = EDGE_CURVE('',#4465,#4534,#4544,.T.);
#4544 = CIRCLE('',#4545,4.5);
#4545 = AXIS2_PLACEMENT_3D('',#4546,#4547,#4548);
#4546 = CARTESIAN_POINT('',(-18.,-26.,124.6));
#4547 = DIRECTION('',(0.,0.,1.));
#4548 = DIRECTION('',(1.,0.,0.));
#4549 = ORIENTED_EDGE('',*,*,#4464,.F.);
#4550 = ORIENTED_EDGE('',*,*,#3872,.T.);
#4551 = ORIENTED_EDGE('',*,*,#3881,.T.);
#4552 = ORIENTED_EDGE('',*,*,#4131,.T.);
#4553 = ORIENTED_EDGE('',*,*,#4554,.F.);
#4554 = EDGE_CURVE('',#4555,#4124,#4557,.T.);
#4555 = VERTEX_POINT('',#4556);
#4556 = CARTESIAN_POINT('',(-19.32256064763,-21.69874049453,124.6));
#4557 = CIRCLE('',#4558,4.5);
#4558 = AXIS2_PLACEMENT_3D('',#4559,#4560,#4561);
#4559 = CARTESIAN_POINT('',(-18.,-26.,124.6));
#4560 = DIRECTION('',(0.,0.,1.));
#4561 = DIRECTION('',(1.,0.,0.));
#4562 = ORIENTED_EDGE('',*,*,#4563,.T.);
#4563 = EDGE_CURVE('',#4555,#4564,#4566,.T.);
#4564 = VERTEX_POINT('',#4565);
#4565 = CARTESIAN_POINT('',(-19.32256064763,-21.69874049453,124.8));
#4566 = LINE('',#4567,#4568);
#4567 = CARTESIAN_POINT('',(-19.32256064763,-21.69874049453,124.));
#4568 = VECTOR('',#4569,1.);
#4569 = DIRECTION('',(0.,0.,1.));
#4570 = ORIENTED_EDGE('',*,*,#4571,.F.);
#4571 = EDGE_CURVE('',#4572,#4564,#4574,.T.);
#4572 = VERTEX_POINT('',#4573);
#4573 = CARTESIAN_POINT('',(-16.67743935236,-21.69874049453,124.8));
#4574 = CIRCLE('',#4575,4.5);
#4575 = AXIS2_PLACEMENT_3D('',#4576,#4577,#4578);
#4576 = CARTESIAN_POINT('',(-18.,-26.,124.8));
#4577 = DIRECTION('',(0.,0.,1.));
#4578 = DIRECTION('',(1.,0.,0.));
#4579 = ORIENTED_EDGE('',*,*,#4580,.F.);
#4580 = EDGE_CURVE('',#4581,#4572,#4583,.T.);
#4581 = VERTEX_POINT('',#4582);
#4582 = CARTESIAN_POINT('',(-16.67743935236,-21.69874049453,124.6));
#4583 = LINE('',#4584,#4585);
#4584 = CARTESIAN_POINT('',(-16.67743935236,-21.69874049453,124.));
#4585 = VECTOR('',#4586,1.);
#4586 = DIRECTION('',(0.,0.,1.));
#4587 = ORIENTED_EDGE('',*,*,#4588,.F.);
#4588 = EDGE_CURVE('',#4589,#4581,#4591,.T.);
#4589 = VERTEX_POINT('',#4590);
#4590 = CARTESIAN_POINT('',(-14.275,-23.47524753688,124.6));
#4591 = CIRCLE('',#4592,4.5);
#4592 = AXIS2_PLACEMENT_3D('',#4593,#4594,#4595);
#4593 = CARTESIAN_POINT('',(-18.,-26.,124.6));
#4594 = DIRECTION('',(0.,0.,1.));
#4595 = DIRECTION('',(1.,0.,0.));
#4596 = ORIENTED_EDGE('',*,*,#4597,.T.);
#4597 = EDGE_CURVE('',#4589,#4598,#4600,.T.);
#4598 = VERTEX_POINT('',#4599);
#4599 = CARTESIAN_POINT('',(-14.275,-23.47524753688,124.8));
#4600 = LINE('',#4601,#4602);
#4601 = CARTESIAN_POINT('',(-14.275,-23.47524753688,124.));
#4602 = VECTOR('',#4603,1.);
#4603 = DIRECTION('',(0.,0.,1.));
#4604 = ORIENTED_EDGE('',*,*,#4605,.F.);
#4605 = EDGE_CURVE('',#4606,#4598,#4608,.T.);
#4606 = VERTEX_POINT('',#4607);
#4607 = CARTESIAN_POINT('',(-13.5,-26.,124.8));
#4608 = CIRCLE('',#4609,4.5);
#4609 = AXIS2_PLACEMENT_3D('',#4610,#4611,#4612);
#4610 = CARTESIAN_POINT('',(-18.,-26.,124.8));
#4611 = DIRECTION('',(0.,0.,1.));
#4612 = DIRECTION('',(1.,0.,0.));
#4613 = ORIENTED_EDGE('',*,*,#4614,.F.);
#4614 = EDGE_CURVE('',#4536,#4606,#4615,.T.);
#4615 = CIRCLE('',#4616,4.5);
#4616 = AXIS2_PLACEMENT_3D('',#4617,#4618,#4619);
#4617 = CARTESIAN_POINT('',(-18.,-26.,124.8));
#4618 = DIRECTION('',(0.,0.,1.));
#4619 = DIRECTION('',(1.,0.,0.));
#4620 = CYLINDRICAL_SURFACE('',#4621,4.5);
#4621 = AXIS2_PLACEMENT_3D('',#4622,#4623,#4624);
#4622 = CARTESIAN_POINT('',(-18.,-26.,124.));
#4623 = DIRECTION('',(0.,0.,1.));
#4624 = DIRECTION('',(1.,0.,0.));
#4625 = ADVANCED_FACE('',(#4626),#4640,.F.);
#4626 = FACE_BOUND('',#4627,.F.);
#4627 = EDGE_LOOP('',(#4628,#4629,#4630,#4631,#4636,#4637,#4638,#4639));
#4628 = ORIENTED_EDGE('',*,*,#3910,.F.);
#4629 = ORIENTED_EDGE('',*,*,#3890,.F.);
#4630 = ORIENTED_EDGE('',*,*,#3901,.F.);
#4631 = ORIENTED_EDGE('',*,*,#4632,.F.);
#4632 = EDGE_CURVE('',#4001,#3902,#4633,.T.);
#4633 = B_SPLINE_CURVE_WITH_KNOTS('',1,(#4634,#4635),.UNSPECIFIED.,.F.,
  .F.,(2,2),(0.,12.8),.PIECEWISE_BEZIER_KNOTS.);
#4634 = CARTESIAN_POINT('',(-15.75,-26.,118.));
#4635 = CARTESIAN_POINT('',(-15.75,-26.,130.8));
#4636 = ORIENTED_EDGE('',*,*,#4000,.T.);
#4637 = ORIENTED_EDGE('',*,*,#3989,.T.);
#4638 = ORIENTED_EDGE('',*,*,#4009,.T.);
#4639 = ORIENTED_EDGE('',*,*,#4632,.T.);
#4640 = CYLINDRICAL_SURFACE('',#4641,2.25);
#4641 = AXIS2_PLACEMENT_3D('',#4642,#4643,#4644);
#4642 = CARTESIAN_POINT('',(-18.,-26.,118.));
#4643 = DIRECTION('',(0.,0.,1.));
#4644 = DIRECTION('',(1.,0.,0.));
#4645 = ADVANCED_FACE('',(#4646),#4660,.F.);
#4646 = FACE_BOUND('',#4647,.F.);
#4647 = EDGE_LOOP('',(#4648,#4649,#4654,#4655,#4656,#4657,#4658,#4659));
#4648 = ORIENTED_EDGE('',*,*,#4029,.T.);
#4649 = ORIENTED_EDGE('',*,*,#4650,.T.);
#4650 = EDGE_CURVE('',#4019,#3922,#4651,.T.);
#4651 = B_SPLINE_CURVE_WITH_KNOTS('',1,(#4652,#4653),.UNSPECIFIED.,.F.,
  .F.,(2,2),(0.,6.),.PIECEWISE_BEZIER_KNOTS.);
#4652 = CARTESIAN_POINT('',(20.25,-26.,118.));
#4653 = CARTESIAN_POINT('',(20.25,-26.,124.));
#4654 = ORIENTED_EDGE('',*,*,#3919,.F.);
#4655 = ORIENTED_EDGE('',*,*,#3930,.F.);
#4656 = ORIENTED_EDGE('',*,*,#3939,.F.);
#4657 = ORIENTED_EDGE('',*,*,#4650,.F.);
#4658 = ORIENTED_EDGE('',*,*,#4018,.T.);
#4659 = ORIENTED_EDGE('',*,*,#4038,.T.);
#4660 = CYLINDRICAL_SURFACE('',#4661,2.25);
#4661 = AXIS2_PLACEMENT_3D('',#4662,#4663,#4664);
#4662 = CARTESIAN_POINT('',(18.,-26.,118.));
#4663 = DIRECTION('',(0.,0.,1.));
#4664 = DIRECTION('',(1.,0.,0.));
#4665 = ADVANCED_FACE('',(#4666,#4802),#4942,.T.);
#4666 = FACE_BOUND('',#4667,.T.);
#4667 = EDGE_LOOP('',(#4668,#4677,#4684,#4693,#4701,#4710,#4718,#4727,
    #4736,#4743,#4750,#4751,#4760,#4769,#4777,#4786,#4794,#4801));
#4668 = ORIENTED_EDGE('',*,*,#4669,.T.);
#4669 = EDGE_CURVE('',#4670,#4670,#4672,.T.);
#4670 = VERTEX_POINT('',#4671);
#4671 = CARTESIAN_POINT('',(-5.633375276078E-15,-33.,203.));
#4672 = CIRCLE('',#4673,23.);
#4673 = AXIS2_PLACEMENT_3D('',#4674,#4675,#4676);
#4674 = CARTESIAN_POINT('',(0.,-33.,180.));
#4675 = DIRECTION('',(0.,1.,0.));
#4676 = DIRECTION('',(0.,0.,1.));
#4677 = ORIENTED_EDGE('',*,*,#4678,.T.);
#4678 = EDGE_CURVE('',#4670,#4679,#4681,.T.);
#4679 = VERTEX_POINT('',#4680);
#4680 = CARTESIAN_POINT('',(-5.633375276078E-15,-27.,203.));
#4681 = B_SPLINE_CURVE_WITH_KNOTS('',1,(#4682,#4683),.UNSPECIFIED.,.F.,
  .F.,(2,2),(0.,14.),.PIECEWISE_BEZIER_KNOTS.);
#4682 = CARTESIAN_POINT('',(-5.633375276078E-15,-33.,203.));
#4683 = CARTESIAN_POINT('',(-5.633375276078E-15,-19.,203.));
#4684 = ORIENTED_EDGE('',*,*,#4685,.F.);
#4685 = EDGE_CURVE('',#4686,#4679,#4688,.T.);
#4686 = VERTEX_POINT('',#4687);
#4687 = CARTESIAN_POINT('',(-2.990548016251,-27.,202.80475));
#4688 = CIRCLE('',#4689,23.);
#4689 = AXIS2_PLACEMENT_3D('',#4690,#4691,#4692);
#4690 = CARTESIAN_POINT('',(0.,-27.,180.));
#4691 = DIRECTION('',(0.,1.,0.));
#4692 = DIRECTION('',(0.,0.,1.));
#4693 = ORIENTED_EDGE('',*,*,#4694,.T.);
#4694 = EDGE_CURVE('',#4686,#4695,#4697,.T.);
#4695 = VERTEX_POINT('',#4696);
#4696 = CARTESIAN_POINT('',(-2.990548016251,-21.,202.80475));
#4697 = LINE('',#4698,#4699);
#4698 = CARTESIAN_POINT('',(-2.990548016251,-33.,202.80475));
#4699 = VECTOR('',#4700,1.);
#4700 = DIRECTION('',(0.,1.,0.));
#4701 = ORIENTED_EDGE('',*,*,#4702,.T.);
#4702 = EDGE_CURVE('',#4695,#4703,#4705,.T.);
#4703 = VERTEX_POINT('',#4704);
#4704 = CARTESIAN_POINT('',(-2.975,-21.,202.80678353034));
#4705 = CIRCLE('',#4706,23.);
#4706 = AXIS2_PLACEMENT_3D('',#4707,#4708,#4709);
#4707 = CARTESIAN_POINT('',(0.,-21.,180.));
#4708 = DIRECTION('',(0.,1.,0.));
#4709 = DIRECTION('',(0.,0.,1.));
#4710 = ORIENTED_EDGE('',*,*,#4711,.T.);
#4711 = EDGE_CURVE('',#4703,#4712,#4714,.T.);
#4712 = VERTEX_POINT('',#4713);
#4713 = CARTESIAN_POINT('',(-2.975,-20.8,202.80678353034));
#4714 = LINE('',#4715,#4716);
#4715 = CARTESIAN_POINT('',(-2.975,-33.,202.80678353034));
#4716 = VECTOR('',#4717,1.);
#4717 = DIRECTION('',(0.,1.,0.));
#4718 = ORIENTED_EDGE('',*,*,#4719,.T.);
#4719 = EDGE_CURVE('',#4712,#4720,#4722,.T.);
#4720 = VERTEX_POINT('',#4721);
#4721 = CARTESIAN_POINT('',(-0.776560732708,-20.8,202.9868865536));
#4722 = CIRCLE('',#4723,23.);
#4723 = AXIS2_PLACEMENT_3D('',#4724,#4725,#4726);
#4724 = CARTESIAN_POINT('',(0.,-20.8,180.));
#4725 = DIRECTION('',(0.,1.,0.));
#4726 = DIRECTION('',(0.,0.,1.));
#4727 = ORIENTED_EDGE('',*,*,#4728,.T.);
#4728 = EDGE_CURVE('',#4720,#4729,#4731,.T.);
#4729 = VERTEX_POINT('',#4730);
#4730 = CARTESIAN_POINT('',(-5.633375276078E-15,-20.8,203.));
#4731 = CIRCLE('',#4732,23.);
#4732 = AXIS2_PLACEMENT_3D('',#4733,#4734,#4735);
#4733 = CARTESIAN_POINT('',(0.,-20.8,180.));
#4734 = DIRECTION('',(0.,1.,0.));
#4735 = DIRECTION('',(0.,0.,1.));
#4736 = ORIENTED_EDGE('',*,*,#4737,.T.);
#4737 = EDGE_CURVE('',#4729,#4738,#4740,.T.);
#4738 = VERTEX_POINT('',#4739);
#4739 = CARTESIAN_POINT('',(-5.633375276078E-15,-19.,203.));
#4740 = B_SPLINE_CURVE_WITH_KNOTS('',1,(#4741,#4742),.UNSPECIFIED.,.F.,
  .F.,(2,2),(0.,14.),.PIECEWISE_BEZIER_KNOTS.);
#4741 = CARTESIAN_POINT('',(-5.633375276078E-15,-33.,203.));
#4742 = CARTESIAN_POINT('',(-5.633375276078E-15,-19.,203.));
#4743 = ORIENTED_EDGE('',*,*,#4744,.F.);
#4744 = EDGE_CURVE('',#4738,#4738,#4745,.T.);
#4745 = CIRCLE('',#4746,23.);
#4746 = AXIS2_PLACEMENT_3D('',#4747,#4748,#4749);
#4747 = CARTESIAN_POINT('',(0.,-19.,180.));
#4748 = DIRECTION('',(0.,1.,0.));
#4749 = DIRECTION('',(0.,0.,1.));
#4750 = ORIENTED_EDGE('',*,*,#4737,.F.);
#4751 = ORIENTED_EDGE('',*,*,#4752,.T.);
#4752 = EDGE_CURVE('',#4729,#4753,#4755,.T.);
#4753 = VERTEX_POINT('',#4754);
#4754 = CARTESIAN_POINT('',(0.776560732708,-20.8,202.9868865536));
#4755 = CIRCLE('',#4756,23.);
#4756 = AXIS2_PLACEMENT_3D('',#4757,#4758,#4759);
#4757 = CARTESIAN_POINT('',(0.,-20.8,180.));
#4758 = DIRECTION('',(0.,1.,0.));
#4759 = DIRECTION('',(0.,0.,1.));
#4760 = ORIENTED_EDGE('',*,*,#4761,.T.);
#4761 = EDGE_CURVE('',#4753,#4762,#4764,.T.);
#4762 = VERTEX_POINT('',#4763);
#4763 = CARTESIAN_POINT('',(2.975,-20.8,202.80678353034));
#4764 = CIRCLE('',#4765,23.);
#4765 = AXIS2_PLACEMENT_3D('',#4766,#4767,#4768);
#4766 = CARTESIAN_POINT('',(0.,-20.8,180.));
#4767 = DIRECTION('',(0.,1.,0.));
#4768 = DIRECTION('',(0.,0.,1.));
#4769 = ORIENTED_EDGE('',*,*,#4770,.F.);
#4770 = EDGE_CURVE('',#4771,#4762,#4773,.T.);
#4771 = VERTEX_POINT('',#4772);
#4772 = CARTESIAN_POINT('',(2.975,-21.,202.80678353034));
#4773 = LINE('',#4774,#4775);
#4774 = CARTESIAN_POINT('',(2.975,-33.,202.80678353034));
#4775 = VECTOR('',#4776,1.);
#4776 = DIRECTION('',(0.,1.,0.));
#4777 = ORIENTED_EDGE('',*,*,#4778,.T.);
#4778 = EDGE_CURVE('',#4771,#4779,#4781,.T.);
#4779 = VERTEX_POINT('',#4780);
#4780 = CARTESIAN_POINT('',(2.990548016251,-21.,202.80475));
#4781 = CIRCLE('',#4782,23.);
#4782 = AXIS2_PLACEMENT_3D('',#4783,#4784,#4785);
#4783 = CARTESIAN_POINT('',(0.,-21.,180.));
#4784 = DIRECTION('',(0.,1.,0.));
#4785 = DIRECTION('',(0.,0.,1.));
#4786 = ORIENTED_EDGE('',*,*,#4787,.F.);
#4787 = EDGE_CURVE('',#4788,#4779,#4790,.T.);
#4788 = VERTEX_POINT('',#4789);
#4789 = CARTESIAN_POINT('',(2.990548016251,-27.,202.80475));
#4790 = LINE('',#4791,#4792);
#4791 = CARTESIAN_POINT('',(2.990548016251,-33.,202.80475));
#4792 = VECTOR('',#4793,1.);
#4793 = DIRECTION('',(0.,1.,0.));
#4794 = ORIENTED_EDGE('',*,*,#4795,.F.);
#4795 = EDGE_CURVE('',#4679,#4788,#4796,.T.);
#4796 = CIRCLE('',#4797,23.);
#4797 = AXIS2_PLACEMENT_3D('',#4798,#4799,#4800);
#4798 = CARTESIAN_POINT('',(0.,-27.,180.));
#4799 = DIRECTION('',(0.,1.,0.));
#4800 = DIRECTION('',(0.,0.,1.));
#4801 = ORIENTED_EDGE('',*,*,#4678,.F.);
#4802 = FACE_BOUND('',#4803,.T.);
#4803 = EDGE_LOOP('',(#4804,#4805,#4806,#4807,#4816,#4824,#4833,#4841,
    #4850,#4859,#4868,#4874,#4875,#4883,#4892,#4901,#4910,#4918,#4927,
    #4935));
#4804 = ORIENTED_EDGE('',*,*,#4178,.F.);
#4805 = ORIENTED_EDGE('',*,*,#4495,.F.);
#4806 = ORIENTED_EDGE('',*,*,#4355,.T.);
#4807 = ORIENTED_EDGE('',*,*,#4808,.F.);
#4808 = EDGE_CURVE('',#4809,#4348,#4811,.T.);
#4809 = VERTEX_POINT('',#4810);
#4810 = CARTESIAN_POINT('',(21.244766835078,-27.,171.18751555331));
#4811 = CIRCLE('',#4812,23.);
#4812 = AXIS2_PLACEMENT_3D('',#4813,#4814,#4815);
#4813 = CARTESIAN_POINT('',(0.,-27.,180.));
#4814 = DIRECTION('',(0.,1.,0.));
#4815 = DIRECTION('',(0.,0.,1.));
#4816 = ORIENTED_EDGE('',*,*,#4817,.T.);
#4817 = EDGE_CURVE('',#4809,#4818,#4820,.T.);
#4818 = VERTEX_POINT('',#4819);
#4819 = CARTESIAN_POINT('',(21.244766835078,-25.2,171.18751555331));
#4820 = LINE('',#4821,#4822);
#4821 = CARTESIAN_POINT('',(21.244766835078,-33.,171.18751555331));
#4822 = VECTOR('',#4823,1.);
#4823 = DIRECTION('',(0.,1.,0.));
#4824 = ORIENTED_EDGE('',*,*,#4825,.F.);
#4825 = EDGE_CURVE('',#4826,#4818,#4828,.T.);
#4826 = VERTEX_POINT('',#4827);
#4827 = CARTESIAN_POINT('',(22.043226821412,-25.2,173.43523410167));
#4828 = CIRCLE('',#4829,23.);
#4829 = AXIS2_PLACEMENT_3D('',#4830,#4831,#4832);
#4830 = CARTESIAN_POINT('',(0.,-25.2,180.));
#4831 = DIRECTION('',(0.,1.,0.));
#4832 = DIRECTION('',(0.,0.,1.));
#4833 = ORIENTED_EDGE('',*,*,#4834,.T.);
#4834 = EDGE_CURVE('',#4826,#4835,#4837,.T.);
#4835 = VERTEX_POINT('',#4836);
#4836 = CARTESIAN_POINT('',(22.043226821412,-20.8,173.43523410167));
#4837 = LINE('',#4838,#4839);
#4838 = CARTESIAN_POINT('',(22.043226821412,-33.,173.43523410167));
#4839 = VECTOR('',#4840,1.);
#4840 = DIRECTION('',(0.,1.,0.));
#4841 = ORIENTED_EDGE('',*,*,#4842,.T.);
#4842 = EDGE_CURVE('',#4835,#4843,#4845,.T.);
#4843 = VERTEX_POINT('',#4844);
#4844 = CARTESIAN_POINT('',(20.295508075689,-20.8,169.1790780453));
#4845 = CIRCLE('',#4846,23.);
#4846 = AXIS2_PLACEMENT_3D('',#4847,#4848,#4849);
#4847 = CARTESIAN_POINT('',(0.,-20.8,180.));
#4848 = DIRECTION('',(0.,1.,0.));
#4849 = DIRECTION('',(0.,0.,1.));
#4850 = ORIENTED_EDGE('',*,*,#4851,.T.);
#4851 = EDGE_CURVE('',#4843,#4852,#4854,.T.);
#4852 = VERTEX_POINT('',#4853);
#4853 = CARTESIAN_POINT('',(19.518947342981,-20.8,167.83403540109));
#4854 = CIRCLE('',#4855,23.);
#4855 = AXIS2_PLACEMENT_3D('',#4856,#4857,#4858);
#4856 = CARTESIAN_POINT('',(0.,-20.8,180.));
#4857 = DIRECTION('',(0.,1.,0.));
#4858 = DIRECTION('',(0.,0.,1.));
#4859 = ORIENTED_EDGE('',*,*,#4860,.T.);
#4860 = EDGE_CURVE('',#4852,#4861,#4863,.T.);
#4861 = VERTEX_POINT('',#4862);
#4862 = CARTESIAN_POINT('',(14.345508075689,-20.8,162.02205801404));
#4863 = CIRCLE('',#4864,23.);
#4864 = AXIS2_PLACEMENT_3D('',#4865,#4866,#4867);
#4865 = CARTESIAN_POINT('',(0.,-20.8,180.));
#4866 = DIRECTION('',(0.,1.,0.));
#4867 = DIRECTION('',(0.,0.,1.));
#4868 = ORIENTED_EDGE('',*,*,#4869,.F.);
#4869 = EDGE_CURVE('',#4211,#4861,#4870,.T.);
#4870 = LINE('',#4871,#4872);
#4871 = CARTESIAN_POINT('',(14.345508075689,-33.,162.02205801404));
#4872 = VECTOR('',#4873,1.);
#4873 = DIRECTION('',(0.,1.,0.));
#4874 = ORIENTED_EDGE('',*,*,#4210,.T.);
#4875 = ORIENTED_EDGE('',*,*,#4876,.T.);
#4876 = EDGE_CURVE('',#4203,#4877,#4879,.T.);
#4877 = VERTEX_POINT('',#4878);
#4878 = CARTESIAN_POINT('',(-14.34550807568,-20.8,162.02205801404));
#4879 = LINE('',#4880,#4881);
#4880 = CARTESIAN_POINT('',(-14.34550807568,-33.,162.02205801404));
#4881 = VECTOR('',#4882,1.);
#4882 = DIRECTION('',(0.,1.,0.));
#4883 = ORIENTED_EDGE('',*,*,#4884,.T.);
#4884 = EDGE_CURVE('',#4877,#4885,#4887,.T.);
#4885 = VERTEX_POINT('',#4886);
#4886 = CARTESIAN_POINT('',(-19.51894734298,-20.8,167.83403540109));
#4887 = CIRCLE('',#4888,23.);
#4888 = AXIS2_PLACEMENT_3D('',#4889,#4890,#4891);
#4889 = CARTESIAN_POINT('',(0.,-20.8,180.));
#4890 = DIRECTION('',(0.,1.,0.));
#4891 = DIRECTION('',(0.,0.,1.));
#4892 = ORIENTED_EDGE('',*,*,#4893,.T.);
#4893 = EDGE_CURVE('',#4885,#4894,#4896,.T.);
#4894 = VERTEX_POINT('',#4895);
#4895 = CARTESIAN_POINT('',(-20.29550807568,-20.8,169.1790780453));
#4896 = CIRCLE('',#4897,23.);
#4897 = AXIS2_PLACEMENT_3D('',#4898,#4899,#4900);
#4898 = CARTESIAN_POINT('',(0.,-20.8,180.));
#4899 = DIRECTION('',(0.,1.,0.));
#4900 = DIRECTION('',(0.,0.,1.));
#4901 = ORIENTED_EDGE('',*,*,#4902,.T.);
#4902 = EDGE_CURVE('',#4894,#4903,#4905,.T.);
#4903 = VERTEX_POINT('',#4904);
#4904 = CARTESIAN_POINT('',(-22.04322682141,-20.8,173.43523410167));
#4905 = CIRCLE('',#4906,23.);
#4906 = AXIS2_PLACEMENT_3D('',#4907,#4908,#4909);
#4907 = CARTESIAN_POINT('',(0.,-20.8,180.));
#4908 = DIRECTION('',(0.,1.,0.));
#4909 = DIRECTION('',(0.,0.,1.));
#4910 = ORIENTED_EDGE('',*,*,#4911,.F.);
#4911 = EDGE_CURVE('',#4912,#4903,#4914,.T.);
#4912 = VERTEX_POINT('',#4913);
#4913 = CARTESIAN_POINT('',(-22.04322682141,-25.2,173.43523410167));
#4914 = LINE('',#4915,#4916);
#4915 = CARTESIAN_POINT('',(-22.04322682141,-33.,173.43523410167));
#4916 = VECTOR('',#4917,1.);
#4917 = DIRECTION('',(0.,1.,0.));
#4918 = ORIENTED_EDGE('',*,*,#4919,.F.);
#4919 = EDGE_CURVE('',#4920,#4912,#4922,.T.);
#4920 = VERTEX_POINT('',#4921);
#4921 = CARTESIAN_POINT('',(-21.24476683507,-25.2,171.18751555331));
#4922 = CIRCLE('',#4923,23.);
#4923 = AXIS2_PLACEMENT_3D('',#4924,#4925,#4926);
#4924 = CARTESIAN_POINT('',(0.,-25.2,180.));
#4925 = DIRECTION('',(0.,1.,0.));
#4926 = DIRECTION('',(0.,0.,1.));
#4927 = ORIENTED_EDGE('',*,*,#4928,.F.);
#4928 = EDGE_CURVE('',#4929,#4920,#4931,.T.);
#4929 = VERTEX_POINT('',#4930);
#4930 = CARTESIAN_POINT('',(-21.24476683507,-27.,171.18751555331));
#4931 = LINE('',#4932,#4933);
#4932 = CARTESIAN_POINT('',(-21.24476683507,-33.,171.18751555331));
#4933 = VECTOR('',#4934,1.);
#4934 = DIRECTION('',(0.,1.,0.));
#4935 = ORIENTED_EDGE('',*,*,#4936,.F.);
#4936 = EDGE_CURVE('',#4171,#4929,#4937,.T.);
#4937 = CIRCLE('',#4938,23.);
#4938 = AXIS2_PLACEMENT_3D('',#4939,#4940,#4941);
#4939 = CARTESIAN_POINT('',(0.,-27.,180.));
#4940 = DIRECTION('',(0.,1.,0.));
#4941 = DIRECTION('',(0.,0.,1.));
#4942 = CYLINDRICAL_SURFACE('',#4943,23.);
#4943 = AXIS2_PLACEMENT_3D('',#4944,#4945,#4946);
#4944 = CARTESIAN_POINT('',(0.,-33.,180.));
#4945 = DIRECTION('',(0.,1.,0.));
#4946 = DIRECTION('',(0.,0.,1.));
#4947 = ADVANCED_FACE('',(#4948),#4959,.F.);
#4948 = FACE_BOUND('',#4949,.F.);
#4949 = EDGE_LOOP('',(#4950,#4957,#4958));
#4950 = ORIENTED_EDGE('',*,*,#4951,.T.);
#4951 = EDGE_CURVE('',#4163,#4929,#4952,.T.);
#4952 = CIRCLE('',#4953,4.1);
#4953 = AXIS2_PLACEMENT_3D('',#4954,#4955,#4956);
#4954 = CARTESIAN_POINT('',(-17.32050807568,-27.,170.));
#4955 = DIRECTION('',(0.,1.,0.));
#4956 = DIRECTION('',(0.,0.,1.));
#4957 = ORIENTED_EDGE('',*,*,#4936,.F.);
#4958 = ORIENTED_EDGE('',*,*,#4170,.F.);
#4959 = PLANE('',#4960);
#4960 = AXIS2_PLACEMENT_3D('',#4961,#4962,#4963);
#4961 = CARTESIAN_POINT('',(-17.32050807568,-27.,170.));
#4962 = DIRECTION('',(0.,1.,0.));
#4963 = DIRECTION('',(0.,0.,1.));
#4964 = ADVANCED_FACE('',(#4965),#4977,.T.);
#4965 = FACE_BOUND('',#4966,.T.);
#4966 = EDGE_LOOP('',(#4967,#4968,#4969,#4976));
#4967 = ORIENTED_EDGE('',*,*,#4951,.T.);
#4968 = ORIENTED_EDGE('',*,*,#4928,.T.);
#4969 = ORIENTED_EDGE('',*,*,#4970,.F.);
#4970 = EDGE_CURVE('',#4155,#4920,#4971,.T.);
#4971 = CIRCLE('',#4972,4.1);
#4972 = AXIS2_PLACEMENT_3D('',#4973,#4974,#4975);
#4973 = CARTESIAN_POINT('',(-17.32050807568,-25.2,170.));
#4974 = DIRECTION('',(0.,1.,0.));
#4975 = DIRECTION('',(0.,0.,1.));
#4976 = ORIENTED_EDGE('',*,*,#4162,.F.);
#4977 = CYLINDRICAL_SURFACE('',#4978,4.1);
#4978 = AXIS2_PLACEMENT_3D('',#4979,#4980,#4981);
#4979 = CARTESIAN_POINT('',(-17.32050807568,-27.,170.));
#4980 = DIRECTION('',(0.,1.,0.));
#4981 = DIRECTION('',(0.,0.,1.));
#4982 = ADVANCED_FACE('',(#4983,#5019),#5030,.T.);
#4983 = FACE_BOUND('',#4984,.T.);
#4984 = EDGE_LOOP('',(#4985,#4993,#4994,#4995,#4996,#5004,#5013));
#4985 = ORIENTED_EDGE('',*,*,#4986,.F.);
#4986 = EDGE_CURVE('',#4147,#4987,#4989,.T.);
#4987 = VERTEX_POINT('',#4988);
#4988 = CARTESIAN_POINT('',(-14.34550807568,-25.2,160.56476589832));
#4989 = LINE('',#4990,#4991);
#4990 = CARTESIAN_POINT('',(-30.6878129211,-25.2,160.56476589832));
#4991 = VECTOR('',#4992,1.);
#4992 = DIRECTION('',(1.,0.,0.));
#4993 = ORIENTED_EDGE('',*,*,#4154,.T.);
#4994 = ORIENTED_EDGE('',*,*,#4970,.T.);
#4995 = ORIENTED_EDGE('',*,*,#4919,.T.);
#4996 = ORIENTED_EDGE('',*,*,#4997,.T.);
#4997 = EDGE_CURVE('',#4912,#4998,#5000,.T.);
#4998 = VERTEX_POINT('',#4999);
#4999 = CARTESIAN_POINT('',(-14.75555314789,-25.2,173.43523410167));
#5000 = LINE('',#5001,#5002);
#5001 = CARTESIAN_POINT('',(-30.6878129211,-25.2,173.43523410167));
#5002 = VECTOR('',#5003,1.);
#5003 = DIRECTION('',(1.,0.,0.));
#5004 = ORIENTED_EDGE('',*,*,#5005,.F.);
#5005 = EDGE_CURVE('',#5006,#4998,#5008,.T.);
#5006 = VERTEX_POINT('',#5007);
#5007 = CARTESIAN_POINT('',(-14.34550807568,-25.2,172.5818534626));
#5008 = CIRCLE('',#5009,16.15);
#5009 = AXIS2_PLACEMENT_3D('',#5010,#5011,#5012);
#5010 = CARTESIAN_POINT('',(0.,-25.2,180.));
#5011 = DIRECTION('',(0.,1.,0.));
#5012 = DIRECTION('',(0.,0.,1.));
#5013 = ORIENTED_EDGE('',*,*,#5014,.F.);
#5014 = EDGE_CURVE('',#4987,#5006,#5015,.T.);
#5015 = LINE('',#5016,#5017);
#5016 = CARTESIAN_POINT('',(-14.34550807568,-25.2,160.56476589832));
#5017 = VECTOR('',#5018,1.);
#5018 = DIRECTION('',(0.,0.,1.));
#5019 = FACE_BOUND('',#5020,.T.);
#5020 = EDGE_LOOP('',(#5021));
#5021 = ORIENTED_EDGE('',*,*,#5022,.F.);
#5022 = EDGE_CURVE('',#5023,#5023,#5025,.T.);
#5023 = VERTEX_POINT('',#5024);
#5024 = CARTESIAN_POINT('',(-17.32050807568,-25.2,171.7));
#5025 = CIRCLE('',#5026,1.7);
#5026 = AXIS2_PLACEMENT_3D('',#5027,#5028,#5029);
#5027 = CARTESIAN_POINT('',(-17.32050807568,-25.2,170.));
#5028 = DIRECTION('',(0.,1.,0.));
#5029 = DIRECTION('',(0.,0.,1.));
#5030 = PLANE('',#5031);
#5031 = AXIS2_PLACEMENT_3D('',#5032,#5033,#5034);
#5032 = CARTESIAN_POINT('',(-17.65749236421,-25.2,167.30790655703));
#5033 = DIRECTION('',(0.,1.,0.));
#5034 = DIRECTION('',(0.,0.,1.));
#5035 = ADVANCED_FACE('',(#5036),#5047,.T.);
#5036 = FACE_BOUND('',#5037,.T.);
#5037 = EDGE_LOOP('',(#5038,#5039,#5040,#5046));
#5038 = ORIENTED_EDGE('',*,*,#4146,.T.);
#5039 = ORIENTED_EDGE('',*,*,#4986,.T.);
#5040 = ORIENTED_EDGE('',*,*,#5041,.T.);
#5041 = EDGE_CURVE('',#4987,#4195,#5042,.T.);
#5042 = LINE('',#5043,#5044);
#5043 = CARTESIAN_POINT('',(-14.34550807568,-25.2,160.56476589832));
#5044 = VECTOR('',#5045,1.);
#5045 = DIRECTION('',(0.,1.,0.));
#5046 = ORIENTED_EDGE('',*,*,#4194,.F.);
#5047 = PLANE('',#5048);
#5048 = AXIS2_PLACEMENT_3D('',#5049,#5050,#5051);
#5049 = CARTESIAN_POINT('',(-30.6878129211,-25.2,160.56476589832));
#5050 = DIRECTION('',(0.,0.,1.));
#5051 = DIRECTION('',(1.,0.,0.));
#5052 = ADVANCED_FACE('',(#5053),#5063,.T.);
#5053 = FACE_BOUND('',#5054,.T.);
#5054 = EDGE_LOOP('',(#5055,#5061,#5062));
#5055 = ORIENTED_EDGE('',*,*,#5056,.F.);
#5056 = EDGE_CURVE('',#4116,#4555,#5057,.T.);
#5057 = LINE('',#5058,#5059);
#5058 = CARTESIAN_POINT('',(-28.55551974596,-21.69874049453,124.6));
#5059 = VECTOR('',#5060,1.);
#5060 = DIRECTION('',(1.,0.,0.));
#5061 = ORIENTED_EDGE('',*,*,#4123,.T.);
#5062 = ORIENTED_EDGE('',*,*,#4554,.F.);
#5063 = PLANE('',#5064);
#5064 = AXIS2_PLACEMENT_3D('',#5065,#5066,#5067);
#5065 = CARTESIAN_POINT('',(-17.13524924713,-25.52380631764,124.6));
#5066 = DIRECTION('',(0.,0.,1.));
#5067 = DIRECTION('',(1.,0.,0.));
#5068 = ADVANCED_FACE('',(#5069),#5103,.F.);
#5069 = FACE_BOUND('',#5070,.F.);
#5070 = EDGE_LOOP('',(#5071,#5072,#5073,#5081,#5089,#5095,#5096,#5102));
#5071 = ORIENTED_EDGE('',*,*,#5056,.F.);
#5072 = ORIENTED_EDGE('',*,*,#4115,.T.);
#5073 = ORIENTED_EDGE('',*,*,#5074,.T.);
#5074 = EDGE_CURVE('',#4108,#5075,#5077,.T.);
#5075 = VERTEX_POINT('',#5076);
#5076 = CARTESIAN_POINT('',(-14.275,-21.69874049453,130.));
#5077 = LINE('',#5078,#5079);
#5078 = CARTESIAN_POINT('',(-28.55551974596,-21.69874049453,130.));
#5079 = VECTOR('',#5080,1.);
#5080 = DIRECTION('',(1.,0.,0.));
#5081 = ORIENTED_EDGE('',*,*,#5082,.F.);
#5082 = EDGE_CURVE('',#5083,#5075,#5085,.T.);
#5083 = VERTEX_POINT('',#5084);
#5084 = CARTESIAN_POINT('',(-14.275,-21.69874049453,124.6));
#5085 = LINE('',#5086,#5087);
#5086 = CARTESIAN_POINT('',(-14.275,-21.69874049453,124.6));
#5087 = VECTOR('',#5088,1.);
#5088 = DIRECTION('',(0.,0.,1.));
#5089 = ORIENTED_EDGE('',*,*,#5090,.F.);
#5090 = EDGE_CURVE('',#4581,#5083,#5091,.T.);
#5091 = LINE('',#5092,#5093);
#5092 = CARTESIAN_POINT('',(-28.55551974596,-21.69874049453,124.6));
#5093 = VECTOR('',#5094,1.);
#5094 = DIRECTION('',(1.,0.,0.));
#5095 = ORIENTED_EDGE('',*,*,#4580,.T.);
#5096 = ORIENTED_EDGE('',*,*,#5097,.F.);
#5097 = EDGE_CURVE('',#4564,#4572,#5098,.T.);
#5098 = LINE('',#5099,#5100);
#5099 = CARTESIAN_POINT('',(-23.27775987298,-21.69874049453,124.8));
#5100 = VECTOR('',#5101,1.);
#5101 = DIRECTION('',(1.,0.,0.));
#5102 = ORIENTED_EDGE('',*,*,#4563,.F.);
#5103 = PLANE('',#5104);
#5104 = AXIS2_PLACEMENT_3D('',#5105,#5106,#5107);
#5105 = CARTESIAN_POINT('',(-28.55551974596,-21.69874049453,124.6));
#5106 = DIRECTION('',(0.,1.,0.));
#5107 = DIRECTION('',(0.,0.,1.));
#5108 = ADVANCED_FACE('',(#5109),#5137,.T.);
#5109 = FACE_BOUND('',#5110,.T.);
#5110 = EDGE_LOOP('',(#5111,#5112,#5118,#5119,#5120,#5129,#5136));
#5111 = ORIENTED_EDGE('',*,*,#5074,.T.);
#5112 = ORIENTED_EDGE('',*,*,#5113,.F.);
#5113 = EDGE_CURVE('',#4481,#5075,#5114,.T.);
#5114 = LINE('',#5115,#5116);
#5115 = CARTESIAN_POINT('',(-14.275,-40.16756580518,130.));
#5116 = VECTOR('',#5117,1.);
#5117 = DIRECTION('',(0.,1.,0.));
#5118 = ORIENTED_EDGE('',*,*,#4488,.F.);
#5119 = ORIENTED_EDGE('',*,*,#4075,.F.);
#5120 = ORIENTED_EDGE('',*,*,#5121,.T.);
#5121 = EDGE_CURVE('',#4076,#5122,#5124,.T.);
#5122 = VERTEX_POINT('',#5123);
#5123 = CARTESIAN_POINT('',(-15.75,-26.,130.));
#5124 = CIRCLE('',#5125,2.25);
#5125 = AXIS2_PLACEMENT_3D('',#5126,#5127,#5128);
#5126 = CARTESIAN_POINT('',(-18.,-26.,130.));
#5127 = DIRECTION('',(0.,0.,1.));
#5128 = DIRECTION('',(1.,0.,0.));
#5129 = ORIENTED_EDGE('',*,*,#5130,.T.);
#5130 = EDGE_CURVE('',#5122,#4100,#5131,.T.);
#5131 = CIRCLE('',#5132,2.25);
#5132 = AXIS2_PLACEMENT_3D('',#5133,#5134,#5135);
#5133 = CARTESIAN_POINT('',(-18.,-26.,130.));
#5134 = DIRECTION('',(0.,0.,1.));
#5135 = DIRECTION('',(1.,0.,0.));
#5136 = ORIENTED_EDGE('',*,*,#4107,.F.);
#5137 = PLANE('',#5138);
#5138 = AXIS2_PLACEMENT_3D('',#5139,#5140,#5141);
#5139 = CARTESIAN_POINT('',(-17.13524924713,-25.52380631764,130.));
#5140 = DIRECTION('',(-0.,-0.,-1.));
#5141 = DIRECTION('',(-1.,0.,0.));
#5142 = ADVANCED_FACE('',(#5143),#5165,.F.);
#5143 = FACE_BOUND('',#5144,.F.);
#5144 = EDGE_LOOP('',(#5145,#5146,#5147,#5156,#5163,#5164));
#5145 = ORIENTED_EDGE('',*,*,#5130,.T.);
#5146 = ORIENTED_EDGE('',*,*,#4099,.T.);
#5147 = ORIENTED_EDGE('',*,*,#5148,.F.);
#5148 = EDGE_CURVE('',#5149,#4092,#5151,.T.);
#5149 = VERTEX_POINT('',#5150);
#5150 = CARTESIAN_POINT('',(-15.75,-26.,130.8));
#5151 = CIRCLE('',#5152,2.25);
#5152 = AXIS2_PLACEMENT_3D('',#5153,#5154,#5155);
#5153 = CARTESIAN_POINT('',(-18.,-26.,130.8));
#5154 = DIRECTION('',(0.,0.,1.));
#5155 = DIRECTION('',(1.,0.,0.));
#5156 = ORIENTED_EDGE('',*,*,#5157,.F.);
#5157 = EDGE_CURVE('',#4084,#5149,#5158,.T.);
#5158 = CIRCLE('',#5159,2.25);
#5159 = AXIS2_PLACEMENT_3D('',#5160,#5161,#5162);
#5160 = CARTESIAN_POINT('',(-18.,-26.,130.8));
#5161 = DIRECTION('',(0.,0.,1.));
#5162 = DIRECTION('',(1.,0.,0.));
#5163 = ORIENTED_EDGE('',*,*,#4083,.F.);
#5164 = ORIENTED_EDGE('',*,*,#5121,.T.);
#5165 = CYLINDRICAL_SURFACE('',#5166,2.25);
#5166 = AXIS2_PLACEMENT_3D('',#5167,#5168,#5169);
#5167 = CARTESIAN_POINT('',(-18.,-26.,118.));
#5168 = DIRECTION('',(0.,0.,1.));
#5169 = DIRECTION('',(1.,0.,0.));
#5170 = ADVANCED_FACE('',(#5171),#5176,.F.);
#5171 = FACE_BOUND('',#5172,.F.);
#5172 = EDGE_LOOP('',(#5173,#5174,#5175));
#5173 = ORIENTED_EDGE('',*,*,#5157,.T.);
#5174 = ORIENTED_EDGE('',*,*,#5148,.T.);
#5175 = ORIENTED_EDGE('',*,*,#4091,.T.);
#5176 = PLANE('',#5177);
#5177 = AXIS2_PLACEMENT_3D('',#5178,#5179,#5180);
#5178 = CARTESIAN_POINT('',(-18.,-26.,130.8));
#5179 = DIRECTION('',(0.,0.,1.));
#5180 = DIRECTION('',(1.,0.,0.));
#5181 = ADVANCED_FACE('',(#5182),#5200,.T.);
#5182 = FACE_BOUND('',#5183,.T.);
#5183 = EDGE_LOOP('',(#5184,#5192,#5198,#5199));
#5184 = ORIENTED_EDGE('',*,*,#5185,.F.);
#5185 = EDGE_CURVE('',#5186,#4220,#5188,.T.);
#5186 = VERTEX_POINT('',#5187);
#5187 = CARTESIAN_POINT('',(14.345508075689,-25.2,160.56476589832));
#5188 = LINE('',#5189,#5190);
#5189 = CARTESIAN_POINT('',(14.345508075689,-25.2,160.56476589832));
#5190 = VECTOR('',#5191,1.);
#5191 = DIRECTION('',(0.,1.,0.));
#5192 = ORIENTED_EDGE('',*,*,#5193,.T.);
#5193 = EDGE_CURVE('',#5186,#4324,#5194,.T.);
#5194 = LINE('',#5195,#5196);
#5195 = CARTESIAN_POINT('',(14.345508075689,-25.2,160.56476589832));
#5196 = VECTOR('',#5197,1.);
#5197 = DIRECTION('',(1.,0.,0.));
#5198 = ORIENTED_EDGE('',*,*,#4323,.F.);
#5199 = ORIENTED_EDGE('',*,*,#4227,.F.);
#5200 = PLANE('',#5201);
#5201 = AXIS2_PLACEMENT_3D('',#5202,#5203,#5204);
#5202 = CARTESIAN_POINT('',(14.345508075689,-25.2,160.56476589832));
#5203 = DIRECTION('',(0.,0.,1.));
#5204 = DIRECTION('',(1.,0.,0.));
#5205 = ADVANCED_FACE('',(#5206),#5242,.T.);
#5206 = FACE_BOUND('',#5207,.T.);
#5207 = EDGE_LOOP('',(#5208,#5209,#5217,#5225,#5233,#5239,#5240,#5241));
#5208 = ORIENTED_EDGE('',*,*,#5014,.T.);
#5209 = ORIENTED_EDGE('',*,*,#5210,.T.);
#5210 = EDGE_CURVE('',#5006,#5211,#5213,.T.);
#5211 = VERTEX_POINT('',#5212);
#5212 = CARTESIAN_POINT('',(-14.34550807568,-21.,172.58185346259));
#5213 = LINE('',#5214,#5215);
#5214 = CARTESIAN_POINT('',(-14.34550807568,-33.,172.58185346259));
#5215 = VECTOR('',#5216,1.);
#5216 = DIRECTION('',(0.,1.,0.));
#5217 = ORIENTED_EDGE('',*,*,#5218,.T.);
#5218 = EDGE_CURVE('',#5211,#5219,#5221,.T.);
#5219 = VERTEX_POINT('',#5220);
#5220 = CARTESIAN_POINT('',(-14.34550807568,-21.,173.43523410167));
#5221 = LINE('',#5222,#5223);
#5222 = CARTESIAN_POINT('',(-14.34550807568,-21.,170.26342687038));
#5223 = VECTOR('',#5224,1.);
#5224 = DIRECTION('',(0.,0.,1.));
#5225 = ORIENTED_EDGE('',*,*,#5226,.T.);
#5226 = EDGE_CURVE('',#5219,#5227,#5229,.T.);
#5227 = VERTEX_POINT('',#5228);
#5228 = CARTESIAN_POINT('',(-14.34550807568,-20.8,173.43523410167));
#5229 = LINE('',#5230,#5231);
#5230 = CARTESIAN_POINT('',(-14.34550807568,-25.2,173.43523410167));
#5231 = VECTOR('',#5232,1.);
#5232 = DIRECTION('',(0.,1.,0.));
#5233 = ORIENTED_EDGE('',*,*,#5234,.F.);
#5234 = EDGE_CURVE('',#4877,#5227,#5235,.T.);
#5235 = LINE('',#5236,#5237);
#5236 = CARTESIAN_POINT('',(-14.34550807568,-20.8,160.56476589832));
#5237 = VECTOR('',#5238,1.);
#5238 = DIRECTION('',(0.,0.,1.));
#5239 = ORIENTED_EDGE('',*,*,#4876,.F.);
#5240 = ORIENTED_EDGE('',*,*,#4202,.T.);
#5241 = ORIENTED_EDGE('',*,*,#5041,.F.);
#5242 = PLANE('',#5243);
#5243 = AXIS2_PLACEMENT_3D('',#5244,#5245,#5246);
#5244 = CARTESIAN_POINT('',(-14.34550807568,-22.90467136668,
    166.90467136668));
#5245 = DIRECTION('',(-1.,-0.,-0.));
#5246 = DIRECTION('',(0.,0.,-1.));
#5247 = ADVANCED_FACE('',(#5248),#5259,.F.);
#5248 = FACE_BOUND('',#5249,.F.);
#5249 = EDGE_LOOP('',(#5250,#5251,#5258));
#5250 = ORIENTED_EDGE('',*,*,#4808,.F.);
#5251 = ORIENTED_EDGE('',*,*,#5252,.T.);
#5252 = EDGE_CURVE('',#4809,#4340,#5253,.T.);
#5253 = CIRCLE('',#5254,4.1);
#5254 = AXIS2_PLACEMENT_3D('',#5255,#5256,#5257);
#5255 = CARTESIAN_POINT('',(17.320508075689,-27.,170.));
#5256 = DIRECTION('',(0.,1.,0.));
#5257 = DIRECTION('',(0.,0.,1.));
#5258 = ORIENTED_EDGE('',*,*,#4347,.T.);
#5259 = PLANE('',#5260);
#5260 = AXIS2_PLACEMENT_3D('',#5261,#5262,#5263);
#5261 = CARTESIAN_POINT('',(17.320508075689,-27.,170.));
#5262 = DIRECTION('',(0.,1.,0.));
#5263 = DIRECTION('',(0.,0.,1.));
#5264 = ADVANCED_FACE('',(#5265),#5277,.T.);
#5265 = FACE_BOUND('',#5266,.T.);
#5266 = EDGE_LOOP('',(#5267,#5268,#5269,#5276));
#5267 = ORIENTED_EDGE('',*,*,#5252,.T.);
#5268 = ORIENTED_EDGE('',*,*,#4339,.T.);
#5269 = ORIENTED_EDGE('',*,*,#5270,.F.);
#5270 = EDGE_CURVE('',#4818,#4332,#5271,.T.);
#5271 = CIRCLE('',#5272,4.1);
#5272 = AXIS2_PLACEMENT_3D('',#5273,#5274,#5275);
#5273 = CARTESIAN_POINT('',(17.320508075689,-25.2,170.));
#5274 = DIRECTION('',(0.,1.,0.));
#5275 = DIRECTION('',(0.,0.,1.));
#5276 = ORIENTED_EDGE('',*,*,#4817,.F.);
#5277 = CYLINDRICAL_SURFACE('',#5278,4.1);
#5278 = AXIS2_PLACEMENT_3D('',#5279,#5280,#5281);
#5279 = CARTESIAN_POINT('',(17.320508075689,-27.,170.));
#5280 = DIRECTION('',(0.,1.,0.));
#5281 = DIRECTION('',(0.,0.,1.));
#5282 = ADVANCED_FACE('',(#5283),#5293,.T.);
#5283 = FACE_BOUND('',#5284,.T.);
#5284 = EDGE_LOOP('',(#5285,#5286,#5292));
#5285 = ORIENTED_EDGE('',*,*,#4307,.F.);
#5286 = ORIENTED_EDGE('',*,*,#5287,.F.);
#5287 = EDGE_CURVE('',#4381,#4300,#5288,.T.);
#5288 = LINE('',#5289,#5290);
#5289 = CARTESIAN_POINT('',(14.275,-21.69874049453,124.6));
#5290 = VECTOR('',#5291,1.);
#5291 = DIRECTION('',(1.,0.,0.));
#5292 = ORIENTED_EDGE('',*,*,#4388,.F.);
#5293 = PLANE('',#5294);
#5294 = AXIS2_PLACEMENT_3D('',#5295,#5296,#5297);
#5295 = CARTESIAN_POINT('',(17.143640866948,-25.50824192589,124.6));
#5296 = DIRECTION('',(0.,0.,1.));
#5297 = DIRECTION('',(1.,0.,0.));
#5298 = ADVANCED_FACE('',(#5299),#5333,.F.);
#5299 = FACE_BOUND('',#5300,.F.);
#5300 = EDGE_LOOP('',(#5301,#5309,#5317,#5323,#5324,#5325,#5326,#5332));
#5301 = ORIENTED_EDGE('',*,*,#5302,.F.);
#5302 = EDGE_CURVE('',#5303,#4440,#5305,.T.);
#5303 = VERTEX_POINT('',#5304);
#5304 = CARTESIAN_POINT('',(14.275,-21.69874049453,124.6));
#5305 = LINE('',#5306,#5307);
#5306 = CARTESIAN_POINT('',(14.275,-21.69874049453,124.6));
#5307 = VECTOR('',#5308,1.);
#5308 = DIRECTION('',(1.,0.,0.));
#5309 = ORIENTED_EDGE('',*,*,#5310,.T.);
#5310 = EDGE_CURVE('',#5303,#5311,#5313,.T.);
#5311 = VERTEX_POINT('',#5312);
#5312 = CARTESIAN_POINT('',(14.275,-21.69874049453,130.));
#5313 = LINE('',#5314,#5315);
#5314 = CARTESIAN_POINT('',(14.275,-21.69874049453,124.6));
#5315 = VECTOR('',#5316,1.);
#5316 = DIRECTION('',(0.,0.,1.));
#5317 = ORIENTED_EDGE('',*,*,#5318,.T.);
#5318 = EDGE_CURVE('',#5311,#4292,#5319,.T.);
#5319 = LINE('',#5320,#5321);
#5320 = CARTESIAN_POINT('',(14.275,-21.69874049453,130.));
#5321 = VECTOR('',#5322,1.);
#5322 = DIRECTION('',(1.,0.,0.));
#5323 = ORIENTED_EDGE('',*,*,#4299,.F.);
#5324 = ORIENTED_EDGE('',*,*,#5287,.F.);
#5325 = ORIENTED_EDGE('',*,*,#4380,.T.);
#5326 = ORIENTED_EDGE('',*,*,#5327,.F.);
#5327 = EDGE_CURVE('',#4372,#4370,#5328,.T.);
#5328 = LINE('',#5329,#5330);
#5329 = CARTESIAN_POINT('',(16.1375,-21.69874049453,124.8));
#5330 = VECTOR('',#5331,1.);
#5331 = DIRECTION('',(1.,0.,0.));
#5332 = ORIENTED_EDGE('',*,*,#4448,.F.);
#5333 = PLANE('',#5334);
#5334 = AXIS2_PLACEMENT_3D('',#5335,#5336,#5337);
#5335 = CARTESIAN_POINT('',(14.275,-21.69874049453,124.6));
#5336 = DIRECTION('',(0.,1.,0.));
#5337 = DIRECTION('',(0.,0.,1.));
#5338 = ADVANCED_FACE('',(#5339),#5358,.T.);
#5339 = FACE_BOUND('',#5340,.T.);
#5340 = EDGE_LOOP('',(#5341,#5342,#5343,#5350,#5351,#5352));
#5341 = ORIENTED_EDGE('',*,*,#5318,.T.);
#5342 = ORIENTED_EDGE('',*,*,#4291,.T.);
#5343 = ORIENTED_EDGE('',*,*,#5344,.T.);
#5344 = EDGE_CURVE('',#4284,#4260,#5345,.T.);
#5345 = CIRCLE('',#5346,2.25);
#5346 = AXIS2_PLACEMENT_3D('',#5347,#5348,#5349);
#5347 = CARTESIAN_POINT('',(18.,-26.,130.));
#5348 = DIRECTION('',(0.,0.,1.));
#5349 = DIRECTION('',(1.,0.,0.));
#5350 = ORIENTED_EDGE('',*,*,#4259,.T.);
#5351 = ORIENTED_EDGE('',*,*,#4503,.F.);
#5352 = ORIENTED_EDGE('',*,*,#5353,.T.);
#5353 = EDGE_CURVE('',#4504,#5311,#5354,.T.);
#5354 = LINE('',#5355,#5356);
#5355 = CARTESIAN_POINT('',(14.275,-40.16756580518,130.));
#5356 = VECTOR('',#5357,1.);
#5357 = DIRECTION('',(0.,1.,0.));
#5358 = PLANE('',#5359);
#5359 = AXIS2_PLACEMENT_3D('',#5360,#5361,#5362);
#5360 = CARTESIAN_POINT('',(17.143640866948,-25.50824192589,130.));
#5361 = DIRECTION('',(-0.,-0.,-1.));
#5362 = DIRECTION('',(-1.,0.,0.));
#5363 = ADVANCED_FACE('',(#5364),#5376,.F.);
#5364 = FACE_BOUND('',#5365,.F.);
#5365 = EDGE_LOOP('',(#5366,#5367,#5368,#5369));
#5366 = ORIENTED_EDGE('',*,*,#4283,.F.);
#5367 = ORIENTED_EDGE('',*,*,#5344,.T.);
#5368 = ORIENTED_EDGE('',*,*,#4267,.T.);
#5369 = ORIENTED_EDGE('',*,*,#5370,.F.);
#5370 = EDGE_CURVE('',#4276,#4268,#5371,.T.);
#5371 = CIRCLE('',#5372,2.25);
#5372 = AXIS2_PLACEMENT_3D('',#5373,#5374,#5375);
#5373 = CARTESIAN_POINT('',(18.,-26.,130.8));
#5374 = DIRECTION('',(0.,0.,1.));
#5375 = DIRECTION('',(1.,0.,0.));
#5376 = CYLINDRICAL_SURFACE('',#5377,2.25);
#5377 = AXIS2_PLACEMENT_3D('',#5378,#5379,#5380);
#5378 = CARTESIAN_POINT('',(18.,-26.,118.));
#5379 = DIRECTION('',(0.,0.,1.));
#5380 = DIRECTION('',(1.,0.,0.));
#5381 = ADVANCED_FACE('',(#5382),#5386,.F.);
#5382 = FACE_BOUND('',#5383,.F.);
#5383 = EDGE_LOOP('',(#5384,#5385));
#5384 = ORIENTED_EDGE('',*,*,#4275,.F.);
#5385 = ORIENTED_EDGE('',*,*,#5370,.T.);
#5386 = PLANE('',#5387);
#5387 = AXIS2_PLACEMENT_3D('',#5388,#5389,#5390);
#5388 = CARTESIAN_POINT('',(18.,-26.,130.8));
#5389 = DIRECTION('',(0.,0.,1.));
#5390 = DIRECTION('',(1.,0.,0.));
#5391 = ADVANCED_FACE('',(#5392),#5396,.F.);
#5392 = FACE_BOUND('',#5393,.F.);
#5393 = EDGE_LOOP('',(#5394,#5395));
#5394 = ORIENTED_EDGE('',*,*,#5327,.T.);
#5395 = ORIENTED_EDGE('',*,*,#4369,.T.);
#5396 = PLANE('',#5397);
#5397 = AXIS2_PLACEMENT_3D('',#5398,#5399,#5400);
#5398 = CARTESIAN_POINT('',(18.,-26.,124.8));
#5399 = DIRECTION('',(0.,0.,1.));
#5400 = DIRECTION('',(1.,0.,0.));
#5401 = ADVANCED_FACE('',(#5402),#5412,.T.);
#5402 = FACE_BOUND('',#5403,.T.);
#5403 = EDGE_LOOP('',(#5404,#5405,#5406));
#5404 = ORIENTED_EDGE('',*,*,#4439,.F.);
#5405 = ORIENTED_EDGE('',*,*,#5302,.F.);
#5406 = ORIENTED_EDGE('',*,*,#5407,.F.);
#5407 = EDGE_CURVE('',#4432,#5303,#5408,.T.);
#5408 = LINE('',#5409,#5410);
#5409 = CARTESIAN_POINT('',(14.275,-40.16756580518,124.6));
#5410 = VECTOR('',#5411,1.);
#5411 = DIRECTION('',(0.,1.,0.));
#5412 = PLANE('',#5413);
#5413 = AXIS2_PLACEMENT_3D('',#5414,#5415,#5416);
#5414 = CARTESIAN_POINT('',(17.143640866948,-25.50824192589,124.6));
#5415 = DIRECTION('',(0.,0.,1.));
#5416 = DIRECTION('',(1.,0.,0.));
#5417 = ADVANCED_FACE('',(#5418),#5438,.T.);
#5418 = FACE_BOUND('',#5419,.T.);
#5419 = EDGE_LOOP('',(#5420,#5421,#5422,#5428,#5429,#5435,#5436,#5437));
#5420 = ORIENTED_EDGE('',*,*,#5353,.F.);
#5421 = ORIENTED_EDGE('',*,*,#4511,.T.);
#5422 = ORIENTED_EDGE('',*,*,#5423,.T.);
#5423 = EDGE_CURVE('',#4512,#4406,#5424,.T.);
#5424 = LINE('',#5425,#5426);
#5425 = CARTESIAN_POINT('',(14.275,-40.16756580518,124.6));
#5426 = VECTOR('',#5427,1.);
#5427 = DIRECTION('',(0.,1.,0.));
#5428 = ORIENTED_EDGE('',*,*,#4414,.T.);
#5429 = ORIENTED_EDGE('',*,*,#5430,.F.);
#5430 = EDGE_CURVE('',#4423,#4415,#5431,.T.);
#5431 = LINE('',#5432,#5433);
#5432 = CARTESIAN_POINT('',(14.275,-25.67468512363,124.8));
#5433 = VECTOR('',#5434,1.);
#5434 = DIRECTION('',(0.,-1.,0.));
#5435 = ORIENTED_EDGE('',*,*,#4431,.F.);
#5436 = ORIENTED_EDGE('',*,*,#5407,.T.);
#5437 = ORIENTED_EDGE('',*,*,#5310,.T.);
#5438 = PLANE('',#5439);
#5439 = AXIS2_PLACEMENT_3D('',#5440,#5441,#5442);
#5440 = CARTESIAN_POINT('',(14.275,-25.34937024726,127.3));
#5441 = DIRECTION('',(1.,0.,0.));
#5442 = DIRECTION('',(0.,0.,1.));
#5443 = ADVANCED_FACE('',(#5444),#5448,.F.);
#5444 = FACE_BOUND('',#5445,.F.);
#5445 = EDGE_LOOP('',(#5446,#5447));
#5446 = ORIENTED_EDGE('',*,*,#4422,.T.);
#5447 = ORIENTED_EDGE('',*,*,#5430,.F.);
#5448 = PLANE('',#5449);
#5449 = AXIS2_PLACEMENT_3D('',#5450,#5451,#5452);
#5450 = CARTESIAN_POINT('',(18.,-26.,124.8));
#5451 = DIRECTION('',(0.,0.,1.));
#5452 = DIRECTION('',(1.,0.,0.));
#5453 = ADVANCED_FACE('',(#5454),#5459,.T.);
#5454 = FACE_BOUND('',#5455,.T.);
#5455 = EDGE_LOOP('',(#5456,#5457,#5458));
#5456 = ORIENTED_EDGE('',*,*,#4405,.F.);
#5457 = ORIENTED_EDGE('',*,*,#5423,.F.);
#5458 = ORIENTED_EDGE('',*,*,#4519,.T.);
#5459 = PLANE('',#5460);
#5460 = AXIS2_PLACEMENT_3D('',#5461,#5462,#5463);
#5461 = CARTESIAN_POINT('',(17.143640866948,-25.50824192589,124.6));
#5462 = DIRECTION('',(0.,0.,1.));
#5463 = DIRECTION('',(1.,0.,0.));
#5464 = ADVANCED_FACE('',(#5465),#5490,.T.);
#5465 = FACE_BOUND('',#5466,.T.);
#5466 = EDGE_LOOP('',(#5467,#5468,#5469,#5470,#5476,#5477,#5483,#5484));
#5467 = ORIENTED_EDGE('',*,*,#4480,.F.);
#5468 = ORIENTED_EDGE('',*,*,#5113,.T.);
#5469 = ORIENTED_EDGE('',*,*,#5082,.F.);
#5470 = ORIENTED_EDGE('',*,*,#5471,.F.);
#5471 = EDGE_CURVE('',#4589,#5083,#5472,.T.);
#5472 = LINE('',#5473,#5474);
#5473 = CARTESIAN_POINT('',(-14.275,-40.16756580518,124.6));
#5474 = VECTOR('',#5475,1.);
#5475 = DIRECTION('',(0.,1.,0.));
#5476 = ORIENTED_EDGE('',*,*,#4597,.T.);
#5477 = ORIENTED_EDGE('',*,*,#5478,.F.);
#5478 = EDGE_CURVE('',#4536,#4598,#5479,.T.);
#5479 = LINE('',#5480,#5481);
#5480 = CARTESIAN_POINT('',(-14.275,-25.67468512363,124.8));
#5481 = VECTOR('',#5482,1.);
#5482 = DIRECTION('',(0.,1.,0.));
#5483 = ORIENTED_EDGE('',*,*,#4533,.F.);
#5484 = ORIENTED_EDGE('',*,*,#5485,.F.);
#5485 = EDGE_CURVE('',#4473,#4534,#5486,.T.);
#5486 = LINE('',#5487,#5488);
#5487 = CARTESIAN_POINT('',(-14.275,-40.16756580518,124.6));
#5488 = VECTOR('',#5489,1.);
#5489 = DIRECTION('',(0.,1.,0.));
#5490 = PLANE('',#5491);
#5491 = AXIS2_PLACEMENT_3D('',#5492,#5493,#5494);
#5492 = CARTESIAN_POINT('',(-14.275,-25.34937024726,127.3));
#5493 = DIRECTION('',(-1.,-0.,-0.));
#5494 = DIRECTION('',(0.,0.,-1.));
#5495 = ADVANCED_FACE('',(#5496),#5501,.T.);
#5496 = FACE_BOUND('',#5497,.T.);
#5497 = EDGE_LOOP('',(#5498,#5499,#5500));
#5498 = ORIENTED_EDGE('',*,*,#5485,.T.);
#5499 = ORIENTED_EDGE('',*,*,#4543,.F.);
#5500 = ORIENTED_EDGE('',*,*,#4472,.T.);
#5501 = PLANE('',#5502);
#5502 = AXIS2_PLACEMENT_3D('',#5503,#5504,#5505);
#5503 = CARTESIAN_POINT('',(-17.13524924713,-25.52380631764,124.6));
#5504 = DIRECTION('',(0.,0.,1.));
#5505 = DIRECTION('',(1.,0.,0.));
#5506 = ADVANCED_FACE('',(#5507),#5511,.F.);
#5507 = FACE_BOUND('',#5508,.F.);
#5508 = EDGE_LOOP('',(#5509,#5510));
#5509 = ORIENTED_EDGE('',*,*,#5097,.T.);
#5510 = ORIENTED_EDGE('',*,*,#4571,.T.);
#5511 = PLANE('',#5512);
#5512 = AXIS2_PLACEMENT_3D('',#5513,#5514,#5515);
#5513 = CARTESIAN_POINT('',(-18.,-26.,124.8));
#5514 = DIRECTION('',(0.,0.,1.));
#5515 = DIRECTION('',(1.,0.,0.));
#5516 = ADVANCED_FACE('',(#5517),#5522,.T.);
#5517 = FACE_BOUND('',#5518,.T.);
#5518 = EDGE_LOOP('',(#5519,#5520,#5521));
#5519 = ORIENTED_EDGE('',*,*,#5090,.F.);
#5520 = ORIENTED_EDGE('',*,*,#4588,.F.);
#5521 = ORIENTED_EDGE('',*,*,#5471,.T.);
#5522 = PLANE('',#5523);
#5523 = AXIS2_PLACEMENT_3D('',#5524,#5525,#5526);
#5524 = CARTESIAN_POINT('',(-17.13524924713,-25.52380631764,124.6));
#5525 = DIRECTION('',(0.,0.,1.));
#5526 = DIRECTION('',(1.,0.,0.));
#5527 = ADVANCED_FACE('',(#5528),#5533,.F.);
#5528 = FACE_BOUND('',#5529,.F.);
#5529 = EDGE_LOOP('',(#5530,#5531,#5532));
#5530 = ORIENTED_EDGE('',*,*,#4614,.T.);
#5531 = ORIENTED_EDGE('',*,*,#4605,.T.);
#5532 = ORIENTED_EDGE('',*,*,#5478,.F.);
#5533 = PLANE('',#5534);
#5534 = AXIS2_PLACEMENT_3D('',#5535,#5536,#5537);
#5535 = CARTESIAN_POINT('',(-18.,-26.,124.8));
#5536 = DIRECTION('',(0.,0.,1.));
#5537 = DIRECTION('',(1.,0.,0.));
#5538 = ADVANCED_FACE('',(#5539,#5542,#5553,#5564,#5575),#5586,.F.);
#5539 = FACE_BOUND('',#5540,.F.);
#5540 = EDGE_LOOP('',(#5541));
#5541 = ORIENTED_EDGE('',*,*,#4669,.T.);
#5542 = FACE_BOUND('',#5543,.F.);
#5543 = EDGE_LOOP('',(#5544));
#5544 = ORIENTED_EDGE('',*,*,#5545,.F.);
#5545 = EDGE_CURVE('',#5546,#5546,#5548,.T.);
#5546 = VERTEX_POINT('',#5547);
#5547 = CARTESIAN_POINT('',(-17.32050807568,-33.,171.7));
#5548 = CIRCLE('',#5549,1.7);
#5549 = AXIS2_PLACEMENT_3D('',#5550,#5551,#5552);
#5550 = CARTESIAN_POINT('',(-17.32050807568,-33.,170.));
#5551 = DIRECTION('',(0.,1.,0.));
#5552 = DIRECTION('',(0.,0.,1.));
#5553 = FACE_BOUND('',#5554,.F.);
#5554 = EDGE_LOOP('',(#5555));
#5555 = ORIENTED_EDGE('',*,*,#5556,.F.);
#5556 = EDGE_CURVE('',#5557,#5557,#5559,.T.);
#5557 = VERTEX_POINT('',#5558);
#5558 = CARTESIAN_POINT('',(-3.955609161246E-15,-33.,196.15));
#5559 = CIRCLE('',#5560,16.15);
#5560 = AXIS2_PLACEMENT_3D('',#5561,#5562,#5563);
#5561 = CARTESIAN_POINT('',(0.,-33.,180.));
#5562 = DIRECTION('',(0.,1.,0.));
#5563 = DIRECTION('',(0.,0.,1.));
#5564 = FACE_BOUND('',#5565,.F.);
#5565 = EDGE_LOOP('',(#5566));
#5566 = ORIENTED_EDGE('',*,*,#5567,.F.);
#5567 = EDGE_CURVE('',#5568,#5568,#5570,.T.);
#5568 = VERTEX_POINT('',#5569);
#5569 = CARTESIAN_POINT('',(17.320508075689,-33.,171.7));
#5570 = CIRCLE('',#5571,1.7);
#5571 = AXIS2_PLACEMENT_3D('',#5572,#5573,#5574);
#5572 = CARTESIAN_POINT('',(17.320508075689,-33.,170.));
#5573 = DIRECTION('',(0.,1.,0.));
#5574 = DIRECTION('',(0.,0.,1.));
#5575 = FACE_BOUND('',#5576,.F.);
#5576 = EDGE_LOOP('',(#5577));
#5577 = ORIENTED_EDGE('',*,*,#5578,.F.);
#5578 = EDGE_CURVE('',#5579,#5579,#5581,.T.);
#5579 = VERTEX_POINT('',#5580);
#5580 = CARTESIAN_POINT('',(8.082668874373E-16,-33.,201.7));
#5581 = CIRCLE('',#5582,1.7);
#5582 = AXIS2_PLACEMENT_3D('',#5583,#5584,#5585);
#5583 = CARTESIAN_POINT('',(1.224646799147E-15,-33.,200.));
#5584 = DIRECTION('',(0.,1.,0.));
#5585 = DIRECTION('',(0.,0.,1.));
#5586 = PLANE('',#5587);
#5587 = AXIS2_PLACEMENT_3D('',#5588,#5589,#5590);
#5588 = CARTESIAN_POINT('',(0.,-33.,180.));
#5589 = DIRECTION('',(0.,1.,0.));
#5590 = DIRECTION('',(0.,0.,1.));
#5591 = ADVANCED_FACE('',(#5592),#5612,.F.);
#5592 = FACE_BOUND('',#5593,.F.);
#5593 = EDGE_LOOP('',(#5594,#5603,#5610,#5611));
#5594 = ORIENTED_EDGE('',*,*,#5595,.T.);
#5595 = EDGE_CURVE('',#4686,#5596,#5598,.T.);
#5596 = VERTEX_POINT('',#5597);
#5597 = CARTESIAN_POINT('',(2.204364238465E-16,-27.,204.1));
#5598 = CIRCLE('',#5599,4.1);
#5599 = AXIS2_PLACEMENT_3D('',#5600,#5601,#5602);
#5600 = CARTESIAN_POINT('',(1.224646799147E-15,-27.,200.));
#5601 = DIRECTION('',(0.,1.,0.));
#5602 = DIRECTION('',(0.,0.,1.));
#5603 = ORIENTED_EDGE('',*,*,#5604,.T.);
#5604 = EDGE_CURVE('',#5596,#4788,#5605,.T.);
#5605 = CIRCLE('',#5606,4.1);
#5606 = AXIS2_PLACEMENT_3D('',#5607,#5608,#5609);
#5607 = CARTESIAN_POINT('',(1.224646799147E-15,-27.,200.));
#5608 = DIRECTION('',(0.,1.,0.));
#5609 = DIRECTION('',(0.,0.,1.));
#5610 = ORIENTED_EDGE('',*,*,#4795,.F.);
#5611 = ORIENTED_EDGE('',*,*,#4685,.F.);
#5612 = PLANE('',#5613);
#5613 = AXIS2_PLACEMENT_3D('',#5614,#5615,#5616);
#5614 = CARTESIAN_POINT('',(1.224646799147E-15,-27.,200.));
#5615 = DIRECTION('',(0.,1.,0.));
#5616 = DIRECTION('',(0.,0.,1.));
#5617 = ADVANCED_FACE('',(#5618),#5665,.T.);
#5618 = FACE_BOUND('',#5619,.T.);
#5619 = EDGE_LOOP('',(#5620,#5621,#5622,#5623,#5624,#5633,#5641,#5650,
    #5658));
#5620 = ORIENTED_EDGE('',*,*,#4694,.F.);
#5621 = ORIENTED_EDGE('',*,*,#5595,.T.);
#5622 = ORIENTED_EDGE('',*,*,#5604,.T.);
#5623 = ORIENTED_EDGE('',*,*,#4787,.T.);
#5624 = ORIENTED_EDGE('',*,*,#5625,.F.);
#5625 = EDGE_CURVE('',#5626,#4779,#5628,.T.);
#5626 = VERTEX_POINT('',#5627);
#5627 = CARTESIAN_POINT('',(2.975,-21.,202.82123643107));
#5628 = CIRCLE('',#5629,4.1);
#5629 = AXIS2_PLACEMENT_3D('',#5630,#5631,#5632);
#5630 = CARTESIAN_POINT('',(1.224646799147E-15,-21.,200.));
#5631 = DIRECTION('',(0.,1.,0.));
#5632 = DIRECTION('',(0.,0.,1.));
#5633 = ORIENTED_EDGE('',*,*,#5634,.F.);
#5634 = EDGE_CURVE('',#5635,#5626,#5637,.T.);
#5635 = VERTEX_POINT('',#5636);
#5636 = CARTESIAN_POINT('',(2.975,-25.2,202.82123643107));
#5637 = LINE('',#5638,#5639);
#5638 = CARTESIAN_POINT('',(2.975,-27.,202.82123643107));
#5639 = VECTOR('',#5640,1.);
#5640 = DIRECTION('',(0.,1.,0.));
#5641 = ORIENTED_EDGE('',*,*,#5642,.F.);
#5642 = EDGE_CURVE('',#5643,#5635,#5645,.T.);
#5643 = VERTEX_POINT('',#5644);
#5644 = CARTESIAN_POINT('',(-2.975,-25.2,202.82123643107));
#5645 = CIRCLE('',#5646,4.1);
#5646 = AXIS2_PLACEMENT_3D('',#5647,#5648,#5649);
#5647 = CARTESIAN_POINT('',(1.224646799147E-15,-25.2,200.));
#5648 = DIRECTION('',(0.,1.,0.));
#5649 = DIRECTION('',(0.,0.,1.));
#5650 = ORIENTED_EDGE('',*,*,#5651,.T.);
#5651 = EDGE_CURVE('',#5643,#5652,#5654,.T.);
#5652 = VERTEX_POINT('',#5653);
#5653 = CARTESIAN_POINT('',(-2.975,-21.,202.82123643107));
#5654 = LINE('',#5655,#5656);
#5655 = CARTESIAN_POINT('',(-2.975,-27.,202.82123643107));
#5656 = VECTOR('',#5657,1.);
#5657 = DIRECTION('',(0.,1.,0.));
#5658 = ORIENTED_EDGE('',*,*,#5659,.F.);
#5659 = EDGE_CURVE('',#4695,#5652,#5660,.T.);
#5660 = CIRCLE('',#5661,4.1);
#5661 = AXIS2_PLACEMENT_3D('',#5662,#5663,#5664);
#5662 = CARTESIAN_POINT('',(1.224646799147E-15,-21.,200.));
#5663 = DIRECTION('',(0.,1.,0.));
#5664 = DIRECTION('',(0.,0.,1.));
#5665 = CYLINDRICAL_SURFACE('',#5666,4.1);
#5666 = AXIS2_PLACEMENT_3D('',#5667,#5668,#5669);
#5667 = CARTESIAN_POINT('',(1.224646799147E-15,-27.,200.));
#5668 = DIRECTION('',(0.,1.,0.));
#5669 = DIRECTION('',(0.,0.,1.));
#5670 = ADVANCED_FACE('',(#5671),#5681,.T.);
#5671 = FACE_BOUND('',#5672,.T.);
#5672 = EDGE_LOOP('',(#5673,#5679,#5680));
#5673 = ORIENTED_EDGE('',*,*,#5674,.F.);
#5674 = EDGE_CURVE('',#5626,#4771,#5675,.T.);
#5675 = LINE('',#5676,#5677);
#5676 = CARTESIAN_POINT('',(2.975,-21.,198.28238294916));
#5677 = VECTOR('',#5678,1.);
#5678 = DIRECTION('',(0.,0.,-1.));
#5679 = ORIENTED_EDGE('',*,*,#5625,.T.);
#5680 = ORIENTED_EDGE('',*,*,#4778,.F.);
#5681 = PLANE('',#5682);
#5682 = AXIS2_PLACEMENT_3D('',#5683,#5684,#5685);
#5683 = CARTESIAN_POINT('',(1.224646799147E-15,-21.,200.));
#5684 = DIRECTION('',(0.,1.,0.));
#5685 = DIRECTION('',(0.,0.,1.));
#5686 = ADVANCED_FACE('',(#5687),#5714,.T.);
#5687 = FACE_BOUND('',#5688,.T.);
#5688 = EDGE_LOOP('',(#5689,#5690,#5691,#5692,#5700,#5708));
#5689 = ORIENTED_EDGE('',*,*,#5634,.T.);
#5690 = ORIENTED_EDGE('',*,*,#5674,.T.);
#5691 = ORIENTED_EDGE('',*,*,#4770,.T.);
#5692 = ORIENTED_EDGE('',*,*,#5693,.F.);
#5693 = EDGE_CURVE('',#5694,#4762,#5696,.T.);
#5694 = VERTEX_POINT('',#5695);
#5695 = CARTESIAN_POINT('',(2.975,-20.8,196.56476589832));
#5696 = LINE('',#5697,#5698);
#5697 = CARTESIAN_POINT('',(2.975,-20.8,196.56476589832));
#5698 = VECTOR('',#5699,1.);
#5699 = DIRECTION('',(0.,0.,1.));
#5700 = ORIENTED_EDGE('',*,*,#5701,.F.);
#5701 = EDGE_CURVE('',#5702,#5694,#5704,.T.);
#5702 = VERTEX_POINT('',#5703);
#5703 = CARTESIAN_POINT('',(2.975,-25.2,196.56476589832));
#5704 = LINE('',#5705,#5706);
#5705 = CARTESIAN_POINT('',(2.975,-25.2,196.56476589832));
#5706 = VECTOR('',#5707,1.);
#5707 = DIRECTION('',(0.,1.,0.));
#5708 = ORIENTED_EDGE('',*,*,#5709,.T.);
#5709 = EDGE_CURVE('',#5702,#5635,#5710,.T.);
#5710 = LINE('',#5711,#5712);
#5711 = CARTESIAN_POINT('',(2.975,-25.2,196.56476589832));
#5712 = VECTOR('',#5713,1.);
#5713 = DIRECTION('',(0.,0.,1.));
#5714 = PLANE('',#5715);
#5715 = AXIS2_PLACEMENT_3D('',#5716,#5717,#5718);
#5716 = CARTESIAN_POINT('',(2.975,-23.00013562558,199.6928655391));
#5717 = DIRECTION('',(-1.,-0.,-0.));
#5718 = DIRECTION('',(0.,0.,-1.));
#5719 = ADVANCED_FACE('',(#5720,#5741),#5752,.T.);
#5720 = FACE_BOUND('',#5721,.T.);
#5721 = EDGE_LOOP('',(#5722,#5723,#5724,#5725,#5726,#5727,#5735));
#5722 = ORIENTED_EDGE('',*,*,#5693,.T.);
#5723 = ORIENTED_EDGE('',*,*,#4761,.F.);
#5724 = ORIENTED_EDGE('',*,*,#4752,.F.);
#5725 = ORIENTED_EDGE('',*,*,#4728,.F.);
#5726 = ORIENTED_EDGE('',*,*,#4719,.F.);
#5727 = ORIENTED_EDGE('',*,*,#5728,.F.);
#5728 = EDGE_CURVE('',#5729,#4712,#5731,.T.);
#5729 = VERTEX_POINT('',#5730);
#5730 = CARTESIAN_POINT('',(-2.975,-20.8,196.56476589832));
#5731 = LINE('',#5732,#5733);
#5732 = CARTESIAN_POINT('',(-2.975,-20.8,196.56476589832));
#5733 = VECTOR('',#5734,1.);
#5734 = DIRECTION('',(0.,0.,1.));
#5735 = ORIENTED_EDGE('',*,*,#5736,.T.);
#5736 = EDGE_CURVE('',#5729,#5694,#5737,.T.);
#5737 = LINE('',#5738,#5739);
#5738 = CARTESIAN_POINT('',(-2.975,-20.8,196.56476589832));
#5739 = VECTOR('',#5740,1.);
#5740 = DIRECTION('',(1.,0.,0.));
#5741 = FACE_BOUND('',#5742,.T.);
#5742 = EDGE_LOOP('',(#5743));
#5743 = ORIENTED_EDGE('',*,*,#5744,.T.);
#5744 = EDGE_CURVE('',#5745,#5745,#5747,.T.);
#5745 = VERTEX_POINT('',#5746);
#5746 = CARTESIAN_POINT('',(1.224646799147E-15,-20.8,201.7));
#5747 = CIRCLE('',#5748,1.7);
#5748 = AXIS2_PLACEMENT_3D('',#5749,#5750,#5751);
#5749 = CARTESIAN_POINT('',(1.224646799147E-15,-20.8,200.));
#5750 = DIRECTION('',(0.,1.,0.));
#5751 = DIRECTION('',(0.,0.,1.));
#5752 = PLANE('',#5753);
#5753 = AXIS2_PLACEMENT_3D('',#5754,#5755,#5756);
#5754 = CARTESIAN_POINT('',(5.241589137209E-15,-20.8,199.71900791147));
#5755 = DIRECTION('',(-0.,-1.,-0.));
#5756 = DIRECTION('',(0.,0.,-1.));
#5757 = ADVANCED_FACE('',(#5758,#5761,#5772,#5783,#5794),#5805,.T.);
#5758 = FACE_BOUND('',#5759,.T.);
#5759 = EDGE_LOOP('',(#5760));
#5760 = ORIENTED_EDGE('',*,*,#4744,.T.);
#5761 = FACE_BOUND('',#5762,.T.);
#5762 = EDGE_LOOP('',(#5763));
#5763 = ORIENTED_EDGE('',*,*,#5764,.F.);
#5764 = EDGE_CURVE('',#5765,#5765,#5767,.T.);
#5765 = VERTEX_POINT('',#5766);
#5766 = CARTESIAN_POINT('',(-17.32050807568,-19.,171.7));
#5767 = CIRCLE('',#5768,1.7);
#5768 = AXIS2_PLACEMENT_3D('',#5769,#5770,#5771);
#5769 = CARTESIAN_POINT('',(-17.32050807568,-19.,170.));
#5770 = DIRECTION('',(0.,1.,0.));
#5771 = DIRECTION('',(0.,0.,1.));
#5772 = FACE_BOUND('',#5773,.T.);
#5773 = EDGE_LOOP('',(#5774));
#5774 = ORIENTED_EDGE('',*,*,#5775,.F.);
#5775 = EDGE_CURVE('',#5776,#5776,#5778,.T.);
#5776 = VERTEX_POINT('',#5777);
#5777 = CARTESIAN_POINT('',(-2.522772406244E-15,-19.,190.3));
#5778 = CIRCLE('',#5779,10.3);
#5779 = AXIS2_PLACEMENT_3D('',#5780,#5781,#5782);
#5780 = CARTESIAN_POINT('',(0.,-19.,180.));
#5781 = DIRECTION('',(0.,1.,0.));
#5782 = DIRECTION('',(0.,0.,1.));
#5783 = FACE_BOUND('',#5784,.T.);
#5784 = EDGE_LOOP('',(#5785));
#5785 = ORIENTED_EDGE('',*,*,#5786,.F.);
#5786 = EDGE_CURVE('',#5787,#5787,#5789,.T.);
#5787 = VERTEX_POINT('',#5788);
#5788 = CARTESIAN_POINT('',(17.320508075689,-19.,171.7));
#5789 = CIRCLE('',#5790,1.7);
#5790 = AXIS2_PLACEMENT_3D('',#5791,#5792,#5793);
#5791 = CARTESIAN_POINT('',(17.320508075689,-19.,170.));
#5792 = DIRECTION('',(0.,1.,0.));
#5793 = DIRECTION('',(0.,0.,1.));
#5794 = FACE_BOUND('',#5795,.T.);
#5795 = EDGE_LOOP('',(#5796));
#5796 = ORIENTED_EDGE('',*,*,#5797,.F.);
#5797 = EDGE_CURVE('',#5798,#5798,#5800,.T.);
#5798 = VERTEX_POINT('',#5799);
#5799 = CARTESIAN_POINT('',(8.082668874373E-16,-19.,201.7));
#5800 = CIRCLE('',#5801,1.7);
#5801 = AXIS2_PLACEMENT_3D('',#5802,#5803,#5804);
#5802 = CARTESIAN_POINT('',(1.224646799147E-15,-19.,200.));
#5803 = DIRECTION('',(0.,1.,0.));
#5804 = DIRECTION('',(0.,0.,1.));
#5805 = PLANE('',#5806);
#5806 = AXIS2_PLACEMENT_3D('',#5807,#5808,#5809);
#5807 = CARTESIAN_POINT('',(0.,-19.,180.));
#5808 = DIRECTION('',(0.,1.,0.));
#5809 = DIRECTION('',(0.,0.,1.));
#5810 = ADVANCED_FACE('',(#5811),#5836,.T.);
#5811 = FACE_BOUND('',#5812,.T.);
#5812 = EDGE_LOOP('',(#5813,#5821,#5827,#5828,#5829,#5835));
#5813 = ORIENTED_EDGE('',*,*,#5814,.F.);
#5814 = EDGE_CURVE('',#5815,#5643,#5817,.T.);
#5815 = VERTEX_POINT('',#5816);
#5816 = CARTESIAN_POINT('',(-2.975,-25.2,196.56476589832));
#5817 = LINE('',#5818,#5819);
#5818 = CARTESIAN_POINT('',(-2.975,-25.2,196.56476589832));
#5819 = VECTOR('',#5820,1.);
#5820 = DIRECTION('',(0.,0.,1.));
#5821 = ORIENTED_EDGE('',*,*,#5822,.T.);
#5822 = EDGE_CURVE('',#5815,#5729,#5823,.T.);
#5823 = LINE('',#5824,#5825);
#5824 = CARTESIAN_POINT('',(-2.975,-25.2,196.56476589832));
#5825 = VECTOR('',#5826,1.);
#5826 = DIRECTION('',(0.,1.,0.));
#5827 = ORIENTED_EDGE('',*,*,#5728,.T.);
#5828 = ORIENTED_EDGE('',*,*,#4711,.F.);
#5829 = ORIENTED_EDGE('',*,*,#5830,.F.);
#5830 = EDGE_CURVE('',#5652,#4703,#5831,.T.);
#5831 = LINE('',#5832,#5833);
#5832 = CARTESIAN_POINT('',(-2.975,-21.,198.28238294916));
#5833 = VECTOR('',#5834,1.);
#5834 = DIRECTION('',(0.,0.,-1.));
#5835 = ORIENTED_EDGE('',*,*,#5651,.F.);
#5836 = PLANE('',#5837);
#5837 = AXIS2_PLACEMENT_3D('',#5838,#5839,#5840);
#5838 = CARTESIAN_POINT('',(-2.975,-23.00013562558,199.6928655391));
#5839 = DIRECTION('',(1.,0.,0.));
#5840 = DIRECTION('',(0.,0.,1.));
#5841 = ADVANCED_FACE('',(#5842),#5847,.T.);
#5842 = FACE_BOUND('',#5843,.T.);
#5843 = EDGE_LOOP('',(#5844,#5845,#5846));
#5844 = ORIENTED_EDGE('',*,*,#4702,.F.);
#5845 = ORIENTED_EDGE('',*,*,#5659,.T.);
#5846 = ORIENTED_EDGE('',*,*,#5830,.T.);
#5847 = PLANE('',#5848);
#5848 = AXIS2_PLACEMENT_3D('',#5849,#5850,#5851);
#5849 = CARTESIAN_POINT('',(1.224646799147E-15,-21.,200.));
#5850 = DIRECTION('',(0.,1.,0.));
#5851 = DIRECTION('',(0.,0.,1.));
#5852 = ADVANCED_FACE('',(#5853),#5878,.F.);
#5853 = FACE_BOUND('',#5854,.T.);
#5854 = EDGE_LOOP('',(#5855,#5861,#5862,#5870,#5876,#5877));
#5855 = ORIENTED_EDGE('',*,*,#5856,.T.);
#5856 = EDGE_CURVE('',#4903,#5227,#5857,.T.);
#5857 = LINE('',#5858,#5859);
#5858 = CARTESIAN_POINT('',(-30.6878129211,-20.8,173.43523410167));
#5859 = VECTOR('',#5860,1.);
#5860 = DIRECTION('',(1.,0.,0.));
#5861 = ORIENTED_EDGE('',*,*,#5226,.F.);
#5862 = ORIENTED_EDGE('',*,*,#5863,.T.);
#5863 = EDGE_CURVE('',#5219,#5864,#5866,.T.);
#5864 = VERTEX_POINT('',#5865);
#5865 = CARTESIAN_POINT('',(-14.75555314789,-21.,173.43523410167));
#5866 = LINE('',#5867,#5868);
#5867 = CARTESIAN_POINT('',(-15.34390646055,-21.,173.43523410167));
#5868 = VECTOR('',#5869,1.);
#5869 = DIRECTION('',(-1.,0.,0.));
#5870 = ORIENTED_EDGE('',*,*,#5871,.F.);
#5871 = EDGE_CURVE('',#4998,#5864,#5872,.T.);
#5872 = LINE('',#5873,#5874);
#5873 = CARTESIAN_POINT('',(-14.75555314789,-33.,173.43523410167));
#5874 = VECTOR('',#5875,1.);
#5875 = DIRECTION('',(0.,1.,0.));
#5876 = ORIENTED_EDGE('',*,*,#4997,.F.);
#5877 = ORIENTED_EDGE('',*,*,#4911,.T.);
#5878 = PLANE('',#5879);
#5879 = AXIS2_PLACEMENT_3D('',#5880,#5881,#5882);
#5880 = CARTESIAN_POINT('',(-30.6878129211,-25.2,173.43523410167));
#5881 = DIRECTION('',(0.,0.,1.));
#5882 = DIRECTION('',(1.,0.,0.));
#5883 = ADVANCED_FACE('',(#5884,#5891),#5902,.T.);
#5884 = FACE_BOUND('',#5885,.T.);
#5885 = EDGE_LOOP('',(#5886,#5887,#5888,#5889,#5890));
#5886 = ORIENTED_EDGE('',*,*,#4902,.F.);
#5887 = ORIENTED_EDGE('',*,*,#4893,.F.);
#5888 = ORIENTED_EDGE('',*,*,#4884,.F.);
#5889 = ORIENTED_EDGE('',*,*,#5234,.T.);
#5890 = ORIENTED_EDGE('',*,*,#5856,.F.);
#5891 = FACE_BOUND('',#5892,.T.);
#5892 = EDGE_LOOP('',(#5893));
#5893 = ORIENTED_EDGE('',*,*,#5894,.T.);
#5894 = EDGE_CURVE('',#5895,#5895,#5897,.T.);
#5895 = VERTEX_POINT('',#5896);
#5896 = CARTESIAN_POINT('',(-17.32050807568,-20.8,171.7));
#5897 = CIRCLE('',#5898,1.7);
#5898 = AXIS2_PLACEMENT_3D('',#5899,#5900,#5901);
#5899 = CARTESIAN_POINT('',(-17.32050807568,-20.8,170.));
#5900 = DIRECTION('',(0.,1.,0.));
#5901 = DIRECTION('',(0.,0.,1.));
#5902 = PLANE('',#5903);
#5903 = AXIS2_PLACEMENT_3D('',#5904,#5905,#5906);
#5904 = CARTESIAN_POINT('',(-17.10711044185,-20.8,168.89512168332));
#5905 = DIRECTION('',(-0.,-1.,-0.));
#5906 = DIRECTION('',(0.,0.,-1.));
#5907 = ADVANCED_FACE('',(#5908),#6024,.F.);
#5908 = FACE_BOUND('',#5909,.F.);
#5909 = EDGE_LOOP('',(#5910,#5921,#5928,#5929,#5930,#5931,#5940,#5949,
    #5958,#5967,#5976,#5984,#5993,#6001,#6010,#6017,#6022,#6023));
#5910 = ORIENTED_EDGE('',*,*,#5911,.F.);
#5911 = EDGE_CURVE('',#5912,#5914,#5916,.T.);
#5912 = VERTEX_POINT('',#5913);
#5913 = CARTESIAN_POINT('',(-1.265874165288,-21.,196.1003125));
#5914 = VERTEX_POINT('',#5915);
#5915 = CARTESIAN_POINT('',(-3.955609161246E-15,-21.,196.15));
#5916 = CIRCLE('',#5917,16.15);
#5917 = AXIS2_PLACEMENT_3D('',#5918,#5919,#5920);
#5918 = CARTESIAN_POINT('',(0.,-21.,180.));
#5919 = DIRECTION('',(0.,1.,0.));
#5920 = DIRECTION('',(0.,0.,1.));
#5921 = ORIENTED_EDGE('',*,*,#5922,.F.);
#5922 = EDGE_CURVE('',#5864,#5912,#5923,.T.);
#5923 = CIRCLE('',#5924,16.15);
#5924 = AXIS2_PLACEMENT_3D('',#5925,#5926,#5927);
#5925 = CARTESIAN_POINT('',(0.,-21.,180.));
#5926 = DIRECTION('',(0.,1.,0.));
#5927 = DIRECTION('',(0.,0.,1.));
#5928 = ORIENTED_EDGE('',*,*,#5871,.F.);
#5929 = ORIENTED_EDGE('',*,*,#5005,.F.);
#5930 = ORIENTED_EDGE('',*,*,#5210,.T.);
#5931 = ORIENTED_EDGE('',*,*,#5932,.F.);
#5932 = EDGE_CURVE('',#5933,#5211,#5935,.T.);
#5933 = VERTEX_POINT('',#5934);
#5934 = CARTESIAN_POINT('',(-13.31034255122,-21.,170.85356456486));
#5935 = CIRCLE('',#5936,16.15);
#5936 = AXIS2_PLACEMENT_3D('',#5937,#5938,#5939);
#5937 = CARTESIAN_POINT('',(0.,-21.,180.));
#5938 = DIRECTION('',(0.,1.,0.));
#5939 = DIRECTION('',(0.,0.,1.));
#5940 = ORIENTED_EDGE('',*,*,#5941,.F.);
#5941 = EDGE_CURVE('',#5942,#5933,#5944,.T.);
#5942 = VERTEX_POINT('',#5943);
#5943 = CARTESIAN_POINT('',(-12.6815811317,-21.,170.));
#5944 = CIRCLE('',#5945,16.15);
#5945 = AXIS2_PLACEMENT_3D('',#5946,#5947,#5948);
#5946 = CARTESIAN_POINT('',(0.,-21.,180.));
#5947 = DIRECTION('',(0.,1.,0.));
#5948 = DIRECTION('',(0.,0.,1.));
#5949 = ORIENTED_EDGE('',*,*,#5950,.F.);
#5950 = EDGE_CURVE('',#5951,#5942,#5953,.T.);
#5951 = VERTEX_POINT('',#5952);
#5952 = CARTESIAN_POINT('',(12.681581131704,-21.,170.));
#5953 = CIRCLE('',#5954,16.15);
#5954 = AXIS2_PLACEMENT_3D('',#5955,#5956,#5957);
#5955 = CARTESIAN_POINT('',(0.,-21.,180.));
#5956 = DIRECTION('',(0.,1.,0.));
#5957 = DIRECTION('',(0.,0.,1.));
#5958 = ORIENTED_EDGE('',*,*,#5959,.F.);
#5959 = EDGE_CURVE('',#5960,#5951,#5962,.T.);
#5960 = VERTEX_POINT('',#5961);
#5961 = CARTESIAN_POINT('',(13.310342551224,-21.,170.85356456486));
#5962 = CIRCLE('',#5963,16.15);
#5963 = AXIS2_PLACEMENT_3D('',#5964,#5965,#5966);
#5964 = CARTESIAN_POINT('',(0.,-21.,180.));
#5965 = DIRECTION('',(0.,1.,0.));
#5966 = DIRECTION('',(0.,0.,1.));
#5967 = ORIENTED_EDGE('',*,*,#5968,.F.);
#5968 = EDGE_CURVE('',#5969,#5960,#5971,.T.);
#5969 = VERTEX_POINT('',#5970);
#5970 = CARTESIAN_POINT('',(14.345508075689,-21.,172.58185346259));
#5971 = CIRCLE('',#5972,16.15);
#5972 = AXIS2_PLACEMENT_3D('',#5973,#5974,#5975);
#5973 = CARTESIAN_POINT('',(0.,-21.,180.));
#5974 = DIRECTION('',(0.,1.,0.));
#5975 = DIRECTION('',(0.,0.,1.));
#5976 = ORIENTED_EDGE('',*,*,#5977,.F.);
#5977 = EDGE_CURVE('',#5978,#5969,#5980,.T.);
#5978 = VERTEX_POINT('',#5979);
#5979 = CARTESIAN_POINT('',(14.345508075689,-25.2,172.5818534626));
#5980 = LINE('',#5981,#5982);
#5981 = CARTESIAN_POINT('',(14.345508075689,-33.,172.58185346259));
#5982 = VECTOR('',#5983,1.);
#5983 = DIRECTION('',(0.,1.,0.));
#5984 = ORIENTED_EDGE('',*,*,#5985,.F.);
#5985 = EDGE_CURVE('',#5986,#5978,#5988,.T.);
#5986 = VERTEX_POINT('',#5987);
#5987 = CARTESIAN_POINT('',(14.755553147891,-25.2,173.43523410167));
#5988 = CIRCLE('',#5989,16.15);
#5989 = AXIS2_PLACEMENT_3D('',#5990,#5991,#5992);
#5990 = CARTESIAN_POINT('',(0.,-25.2,180.));
#5991 = DIRECTION('',(0.,1.,0.));
#5992 = DIRECTION('',(0.,0.,1.));
#5993 = ORIENTED_EDGE('',*,*,#5994,.T.);
#5994 = EDGE_CURVE('',#5986,#5995,#5997,.T.);
#5995 = VERTEX_POINT('',#5996);
#5996 = CARTESIAN_POINT('',(14.755553147891,-21.,173.43523410167));
#5997 = LINE('',#5998,#5999);
#5998 = CARTESIAN_POINT('',(14.755553147891,-33.,173.43523410167));
#5999 = VECTOR('',#6000,1.);
#6000 = DIRECTION('',(0.,1.,0.));
#6001 = ORIENTED_EDGE('',*,*,#6002,.F.);
#6002 = EDGE_CURVE('',#6003,#5995,#6005,.T.);
#6003 = VERTEX_POINT('',#6004);
#6004 = CARTESIAN_POINT('',(1.265874165288,-21.,196.1003125));
#6005 = CIRCLE('',#6006,16.15);
#6006 = AXIS2_PLACEMENT_3D('',#6007,#6008,#6009);
#6007 = CARTESIAN_POINT('',(0.,-21.,180.));
#6008 = DIRECTION('',(0.,1.,0.));
#6009 = DIRECTION('',(0.,0.,1.));
#6010 = ORIENTED_EDGE('',*,*,#6011,.F.);
#6011 = EDGE_CURVE('',#5914,#6003,#6012,.T.);
#6012 = CIRCLE('',#6013,16.15);
#6013 = AXIS2_PLACEMENT_3D('',#6014,#6015,#6016);
#6014 = CARTESIAN_POINT('',(0.,-21.,180.));
#6015 = DIRECTION('',(0.,1.,0.));
#6016 = DIRECTION('',(0.,0.,1.));
#6017 = ORIENTED_EDGE('',*,*,#6018,.F.);
#6018 = EDGE_CURVE('',#5557,#5914,#6019,.T.);
#6019 = B_SPLINE_CURVE_WITH_KNOTS('',1,(#6020,#6021),.UNSPECIFIED.,.F.,
  .F.,(2,2),(0.,12.),.PIECEWISE_BEZIER_KNOTS.);
#6020 = CARTESIAN_POINT('',(-3.955609161246E-15,-33.,196.15));
#6021 = CARTESIAN_POINT('',(-3.955609161246E-15,-21.,196.15));
#6022 = ORIENTED_EDGE('',*,*,#5556,.T.);
#6023 = ORIENTED_EDGE('',*,*,#6018,.T.);
#6024 = CYLINDRICAL_SURFACE('',#6025,16.15);
#6025 = AXIS2_PLACEMENT_3D('',#6026,#6027,#6028);
#6026 = CARTESIAN_POINT('',(0.,-33.,180.));
#6027 = DIRECTION('',(0.,1.,0.));
#6028 = DIRECTION('',(0.,0.,1.));
#6029 = ADVANCED_FACE('',(#6030),#6040,.F.);
#6030 = FACE_BOUND('',#6031,.F.);
#6031 = EDGE_LOOP('',(#6032,#6033,#6038,#6039));
#6032 = ORIENTED_EDGE('',*,*,#5545,.T.);
#6033 = ORIENTED_EDGE('',*,*,#6034,.T.);
#6034 = EDGE_CURVE('',#5546,#5023,#6035,.T.);
#6035 = B_SPLINE_CURVE_WITH_KNOTS('',1,(#6036,#6037),.UNSPECIFIED.,.F.,
  .F.,(2,2),(0.,14.),.PIECEWISE_BEZIER_KNOTS.);
#6036 = CARTESIAN_POINT('',(-17.32050807568,-33.,171.7));
#6037 = CARTESIAN_POINT('',(-17.32050807568,-19.,171.7));
#6038 = ORIENTED_EDGE('',*,*,#5022,.F.);
#6039 = ORIENTED_EDGE('',*,*,#6034,.F.);
#6040 = CYLINDRICAL_SURFACE('',#6041,1.7);
#6041 = AXIS2_PLACEMENT_3D('',#6042,#6043,#6044);
#6042 = CARTESIAN_POINT('',(-17.32050807568,-33.,170.));
#6043 = DIRECTION('',(0.,1.,0.));
#6044 = DIRECTION('',(0.,0.,1.));
#6045 = ADVANCED_FACE('',(#6046,#6073),#6102,.T.);
#6046 = FACE_BOUND('',#6047,.T.);
#6047 = EDGE_LOOP('',(#6048,#6049,#6050,#6051,#6059,#6065,#6066,#6067,
    #6068,#6069,#6070,#6071,#6072));
#6048 = ORIENTED_EDGE('',*,*,#5950,.F.);
#6049 = ORIENTED_EDGE('',*,*,#5959,.F.);
#6050 = ORIENTED_EDGE('',*,*,#5968,.F.);
#6051 = ORIENTED_EDGE('',*,*,#6052,.T.);
#6052 = EDGE_CURVE('',#5969,#6053,#6055,.T.);
#6053 = VERTEX_POINT('',#6054);
#6054 = CARTESIAN_POINT('',(14.345508075689,-21.,173.43523410167));
#6055 = LINE('',#6056,#6057);
#6056 = CARTESIAN_POINT('',(14.345508075689,-21.,170.26342687038));
#6057 = VECTOR('',#6058,1.);
#6058 = DIRECTION('',(0.,0.,1.));
#6059 = ORIENTED_EDGE('',*,*,#6060,.F.);
#6060 = EDGE_CURVE('',#5995,#6053,#6061,.T.);
#6061 = LINE('',#6062,#6063);
#6062 = CARTESIAN_POINT('',(7.172754037844,-21.,173.43523410167));
#6063 = VECTOR('',#6064,1.);
#6064 = DIRECTION('',(-1.,0.,0.));
#6065 = ORIENTED_EDGE('',*,*,#6002,.F.);
#6066 = ORIENTED_EDGE('',*,*,#6011,.F.);
#6067 = ORIENTED_EDGE('',*,*,#5911,.F.);
#6068 = ORIENTED_EDGE('',*,*,#5922,.F.);
#6069 = ORIENTED_EDGE('',*,*,#5863,.F.);
#6070 = ORIENTED_EDGE('',*,*,#5218,.F.);
#6071 = ORIENTED_EDGE('',*,*,#5932,.F.);
#6072 = ORIENTED_EDGE('',*,*,#5941,.F.);
#6073 = FACE_BOUND('',#6074,.T.);
#6074 = EDGE_LOOP('',(#6075,#6086,#6095));
#6075 = ORIENTED_EDGE('',*,*,#6076,.T.);
#6076 = EDGE_CURVE('',#6077,#6079,#6081,.T.);
#6077 = VERTEX_POINT('',#6078);
#6078 = CARTESIAN_POINT('',(2.46779253585,-21.,170.));
#6079 = VERTEX_POINT('',#6080);
#6080 = CARTESIAN_POINT('',(-2.46779253585,-21.,170.));
#6081 = CIRCLE('',#6082,10.3);
#6082 = AXIS2_PLACEMENT_3D('',#6083,#6084,#6085);
#6083 = CARTESIAN_POINT('',(0.,-21.,180.));
#6084 = DIRECTION('',(0.,1.,0.));
#6085 = DIRECTION('',(0.,0.,1.));
#6086 = ORIENTED_EDGE('',*,*,#6087,.T.);
#6087 = EDGE_CURVE('',#6079,#6088,#6090,.T.);
#6088 = VERTEX_POINT('',#6089);
#6089 = CARTESIAN_POINT('',(-2.522772406244E-15,-21.,190.3));
#6090 = CIRCLE('',#6091,10.3);
#6091 = AXIS2_PLACEMENT_3D('',#6092,#6093,#6094);
#6092 = CARTESIAN_POINT('',(0.,-21.,180.));
#6093 = DIRECTION('',(0.,1.,0.));
#6094 = DIRECTION('',(0.,0.,1.));
#6095 = ORIENTED_EDGE('',*,*,#6096,.T.);
#6096 = EDGE_CURVE('',#6088,#6077,#6097,.T.);
#6097 = CIRCLE('',#6098,10.3);
#6098 = AXIS2_PLACEMENT_3D('',#6099,#6100,#6101);
#6099 = CARTESIAN_POINT('',(0.,-21.,180.));
#6100 = DIRECTION('',(0.,1.,0.));
#6101 = DIRECTION('',(0.,0.,1.));
#6102 = PLANE('',#6103);
#6103 = AXIS2_PLACEMENT_3D('',#6104,#6105,#6106);
#6104 = CARTESIAN_POINT('',(-5.504891323637E-15,-21.,179.96208784244));
#6105 = DIRECTION('',(-0.,-1.,-0.));
#6106 = DIRECTION('',(0.,0.,-1.));
#6107 = ADVANCED_FACE('',(#6108),#6126,.F.);
#6108 = FACE_BOUND('',#6109,.F.);
#6109 = EDGE_LOOP('',(#6110,#6111,#6118,#6125));
#6110 = ORIENTED_EDGE('',*,*,#5567,.T.);
#6111 = ORIENTED_EDGE('',*,*,#6112,.T.);
#6112 = EDGE_CURVE('',#5568,#6113,#6115,.T.);
#6113 = VERTEX_POINT('',#6114);
#6114 = CARTESIAN_POINT('',(17.320508075689,-25.2,171.7));
#6115 = B_SPLINE_CURVE_WITH_KNOTS('',1,(#6116,#6117),.UNSPECIFIED.,.F.,
  .F.,(2,2),(0.,14.),.PIECEWISE_BEZIER_KNOTS.);
#6116 = CARTESIAN_POINT('',(17.320508075689,-33.,171.7));
#6117 = CARTESIAN_POINT('',(17.320508075689,-19.,171.7));
#6118 = ORIENTED_EDGE('',*,*,#6119,.F.);
#6119 = EDGE_CURVE('',#6113,#6113,#6120,.T.);
#6120 = CIRCLE('',#6121,1.7);
#6121 = AXIS2_PLACEMENT_3D('',#6122,#6123,#6124);
#6122 = CARTESIAN_POINT('',(17.320508075689,-25.2,170.));
#6123 = DIRECTION('',(0.,1.,0.));
#6124 = DIRECTION('',(0.,0.,1.));
#6125 = ORIENTED_EDGE('',*,*,#6112,.F.);
#6126 = CYLINDRICAL_SURFACE('',#6127,1.7);
#6127 = AXIS2_PLACEMENT_3D('',#6128,#6129,#6130);
#6128 = CARTESIAN_POINT('',(17.320508075689,-33.,170.));
#6129 = DIRECTION('',(0.,1.,0.));
#6130 = DIRECTION('',(0.,0.,1.));
#6131 = ADVANCED_FACE('',(#6132),#6150,.F.);
#6132 = FACE_BOUND('',#6133,.F.);
#6133 = EDGE_LOOP('',(#6134,#6135,#6142,#6149));
#6134 = ORIENTED_EDGE('',*,*,#5578,.T.);
#6135 = ORIENTED_EDGE('',*,*,#6136,.T.);
#6136 = EDGE_CURVE('',#5579,#6137,#6139,.T.);
#6137 = VERTEX_POINT('',#6138);
#6138 = CARTESIAN_POINT('',(1.224646799147E-15,-25.2,201.7));
#6139 = B_SPLINE_CURVE_WITH_KNOTS('',1,(#6140,#6141),.UNSPECIFIED.,.F.,
  .F.,(2,2),(0.,14.),.PIECEWISE_BEZIER_KNOTS.);
#6140 = CARTESIAN_POINT('',(1.224646799147E-15,-33.,201.7));
#6141 = CARTESIAN_POINT('',(1.224646799147E-15,-19.,201.7));
#6142 = ORIENTED_EDGE('',*,*,#6143,.F.);
#6143 = EDGE_CURVE('',#6137,#6137,#6144,.T.);
#6144 = CIRCLE('',#6145,1.7);
#6145 = AXIS2_PLACEMENT_3D('',#6146,#6147,#6148);
#6146 = CARTESIAN_POINT('',(1.224646799147E-15,-25.2,200.));
#6147 = DIRECTION('',(0.,1.,0.));
#6148 = DIRECTION('',(0.,0.,1.));
#6149 = ORIENTED_EDGE('',*,*,#6136,.F.);
#6150 = CYLINDRICAL_SURFACE('',#6151,1.7);
#6151 = AXIS2_PLACEMENT_3D('',#6152,#6153,#6154);
#6152 = CARTESIAN_POINT('',(1.224646799147E-15,-33.,200.));
#6153 = DIRECTION('',(0.,1.,0.));
#6154 = DIRECTION('',(0.,0.,1.));
#6155 = ADVANCED_FACE('',(#6156,#6167),#6170,.T.);
#6156 = FACE_BOUND('',#6157,.T.);
#6157 = EDGE_LOOP('',(#6158,#6159,#6165,#6166));
#6158 = ORIENTED_EDGE('',*,*,#5709,.F.);
#6159 = ORIENTED_EDGE('',*,*,#6160,.F.);
#6160 = EDGE_CURVE('',#5815,#5702,#6161,.T.);
#6161 = LINE('',#6162,#6163);
#6162 = CARTESIAN_POINT('',(-2.975,-25.2,196.56476589832));
#6163 = VECTOR('',#6164,1.);
#6164 = DIRECTION('',(1.,0.,0.));
#6165 = ORIENTED_EDGE('',*,*,#5814,.T.);
#6166 = ORIENTED_EDGE('',*,*,#5642,.T.);
#6167 = FACE_BOUND('',#6168,.T.);
#6168 = EDGE_LOOP('',(#6169));
#6169 = ORIENTED_EDGE('',*,*,#6143,.F.);
#6170 = PLANE('',#6171);
#6171 = AXIS2_PLACEMENT_3D('',#6172,#6173,#6174);
#6172 = CARTESIAN_POINT('',(2.039570906909E-15,-25.2,199.96908591235));
#6173 = DIRECTION('',(0.,1.,0.));
#6174 = DIRECTION('',(0.,0.,1.));
#6175 = ADVANCED_FACE('',(#6176),#6182,.T.);
#6176 = FACE_BOUND('',#6177,.T.);
#6177 = EDGE_LOOP('',(#6178,#6179,#6180,#6181));
#6178 = ORIENTED_EDGE('',*,*,#5736,.F.);
#6179 = ORIENTED_EDGE('',*,*,#5822,.F.);
#6180 = ORIENTED_EDGE('',*,*,#6160,.T.);
#6181 = ORIENTED_EDGE('',*,*,#5701,.T.);
#6182 = PLANE('',#6183);
#6183 = AXIS2_PLACEMENT_3D('',#6184,#6185,#6186);
#6184 = CARTESIAN_POINT('',(-2.975,-25.2,196.56476589832));
#6185 = DIRECTION('',(0.,0.,1.));
#6186 = DIRECTION('',(1.,0.,0.));
#6187 = ADVANCED_FACE('',(#6188),#6198,.F.);
#6188 = FACE_BOUND('',#6189,.F.);
#6189 = EDGE_LOOP('',(#6190,#6195,#6196,#6197));
#6190 = ORIENTED_EDGE('',*,*,#6191,.F.);
#6191 = EDGE_CURVE('',#5745,#5798,#6192,.T.);
#6192 = B_SPLINE_CURVE_WITH_KNOTS('',1,(#6193,#6194),.UNSPECIFIED.,.F.,
  .F.,(2,2),(0.,14.),.PIECEWISE_BEZIER_KNOTS.);
#6193 = CARTESIAN_POINT('',(1.224646799147E-15,-33.,201.7));
#6194 = CARTESIAN_POINT('',(1.224646799147E-15,-19.,201.7));
#6195 = ORIENTED_EDGE('',*,*,#5744,.T.);
#6196 = ORIENTED_EDGE('',*,*,#6191,.T.);
#6197 = ORIENTED_EDGE('',*,*,#5797,.F.);
#6198 = CYLINDRICAL_SURFACE('',#6199,1.7);
#6199 = AXIS2_PLACEMENT_3D('',#6200,#6201,#6202);
#6200 = CARTESIAN_POINT('',(1.224646799147E-15,-33.,200.));
#6201 = DIRECTION('',(0.,1.,0.));
#6202 = DIRECTION('',(0.,0.,1.));
#6203 = ADVANCED_FACE('',(#6204),#6214,.F.);
#6204 = FACE_BOUND('',#6205,.F.);
#6205 = EDGE_LOOP('',(#6206,#6211,#6212,#6213));
#6206 = ORIENTED_EDGE('',*,*,#6207,.F.);
#6207 = EDGE_CURVE('',#5895,#5765,#6208,.T.);
#6208 = B_SPLINE_CURVE_WITH_KNOTS('',1,(#6209,#6210),.UNSPECIFIED.,.F.,
  .F.,(2,2),(0.,14.),.PIECEWISE_BEZIER_KNOTS.);
#6209 = CARTESIAN_POINT('',(-17.32050807568,-33.,171.7));
#6210 = CARTESIAN_POINT('',(-17.32050807568,-19.,171.7));
#6211 = ORIENTED_EDGE('',*,*,#5894,.T.);
#6212 = ORIENTED_EDGE('',*,*,#6207,.T.);
#6213 = ORIENTED_EDGE('',*,*,#5764,.F.);
#6214 = CYLINDRICAL_SURFACE('',#6215,1.7);
#6215 = AXIS2_PLACEMENT_3D('',#6216,#6217,#6218);
#6216 = CARTESIAN_POINT('',(-17.32050807568,-33.,170.));
#6217 = DIRECTION('',(0.,1.,0.));
#6218 = DIRECTION('',(0.,0.,1.));
#6219 = ADVANCED_FACE('',(#6220),#6233,.F.);
#6220 = FACE_BOUND('',#6221,.F.);
#6221 = EDGE_LOOP('',(#6222,#6223,#6224,#6225,#6231,#6232));
#6222 = ORIENTED_EDGE('',*,*,#6096,.T.);
#6223 = ORIENTED_EDGE('',*,*,#6076,.T.);
#6224 = ORIENTED_EDGE('',*,*,#6087,.T.);
#6225 = ORIENTED_EDGE('',*,*,#6226,.T.);
#6226 = EDGE_CURVE('',#6088,#5776,#6227,.T.);
#6227 = LINE('',#6228,#6229);
#6228 = CARTESIAN_POINT('',(-2.522772406244E-15,-21.,190.3));
#6229 = VECTOR('',#6230,1.);
#6230 = DIRECTION('',(0.,1.,0.));
#6231 = ORIENTED_EDGE('',*,*,#5775,.F.);
#6232 = ORIENTED_EDGE('',*,*,#6226,.F.);
#6233 = CYLINDRICAL_SURFACE('',#6234,10.3);
#6234 = AXIS2_PLACEMENT_3D('',#6235,#6236,#6237);
#6235 = CARTESIAN_POINT('',(0.,-21.,180.));
#6236 = DIRECTION('',(0.,1.,0.));
#6237 = DIRECTION('',(0.,0.,1.));
#6238 = ADVANCED_FACE('',(#6239),#6257,.F.);
#6239 = FACE_BOUND('',#6240,.F.);
#6240 = EDGE_LOOP('',(#6241,#6248,#6255,#6256));
#6241 = ORIENTED_EDGE('',*,*,#6242,.F.);
#6242 = EDGE_CURVE('',#6243,#5787,#6245,.T.);
#6243 = VERTEX_POINT('',#6244);
#6244 = CARTESIAN_POINT('',(17.320508075689,-20.8,171.7));
#6245 = B_SPLINE_CURVE_WITH_KNOTS('',1,(#6246,#6247),.UNSPECIFIED.,.F.,
  .F.,(2,2),(0.,14.),.PIECEWISE_BEZIER_KNOTS.);
#6246 = CARTESIAN_POINT('',(17.320508075689,-33.,171.7));
#6247 = CARTESIAN_POINT('',(17.320508075689,-19.,171.7));
#6248 = ORIENTED_EDGE('',*,*,#6249,.T.);
#6249 = EDGE_CURVE('',#6243,#6243,#6250,.T.);
#6250 = CIRCLE('',#6251,1.7);
#6251 = AXIS2_PLACEMENT_3D('',#6252,#6253,#6254);
#6252 = CARTESIAN_POINT('',(17.320508075689,-20.8,170.));
#6253 = DIRECTION('',(0.,1.,0.));
#6254 = DIRECTION('',(0.,0.,1.));
#6255 = ORIENTED_EDGE('',*,*,#6242,.T.);
#6256 = ORIENTED_EDGE('',*,*,#5786,.F.);
#6257 = CYLINDRICAL_SURFACE('',#6258,1.7);
#6258 = AXIS2_PLACEMENT_3D('',#6259,#6260,#6261);
#6259 = CARTESIAN_POINT('',(17.320508075689,-33.,170.));
#6260 = DIRECTION('',(0.,1.,0.));
#6261 = DIRECTION('',(0.,0.,1.));
#6262 = ADVANCED_FACE('',(#6263,#6282),#6285,.T.);
#6263 = FACE_BOUND('',#6264,.T.);
#6264 = EDGE_LOOP('',(#6265,#6266,#6272,#6273,#6279,#6280,#6281));
#6265 = ORIENTED_EDGE('',*,*,#5193,.F.);
#6266 = ORIENTED_EDGE('',*,*,#6267,.T.);
#6267 = EDGE_CURVE('',#5186,#5978,#6268,.T.);
#6268 = LINE('',#6269,#6270);
#6269 = CARTESIAN_POINT('',(14.345508075689,-25.2,160.56476589832));
#6270 = VECTOR('',#6271,1.);
#6271 = DIRECTION('',(0.,0.,1.));
#6272 = ORIENTED_EDGE('',*,*,#5985,.F.);
#6273 = ORIENTED_EDGE('',*,*,#6274,.T.);
#6274 = EDGE_CURVE('',#5986,#4826,#6275,.T.);
#6275 = LINE('',#6276,#6277);
#6276 = CARTESIAN_POINT('',(14.345508075689,-25.2,173.43523410167));
#6277 = VECTOR('',#6278,1.);
#6278 = DIRECTION('',(1.,0.,0.));
#6279 = ORIENTED_EDGE('',*,*,#4825,.T.);
#6280 = ORIENTED_EDGE('',*,*,#5270,.T.);
#6281 = ORIENTED_EDGE('',*,*,#4331,.F.);
#6282 = FACE_BOUND('',#6283,.T.);
#6283 = EDGE_LOOP('',(#6284));
#6284 = ORIENTED_EDGE('',*,*,#6119,.F.);
#6285 = PLANE('',#6286);
#6286 = AXIS2_PLACEMENT_3D('',#6287,#6288,#6289);
#6287 = CARTESIAN_POINT('',(17.657492364215,-25.2,167.30790655703));
#6288 = DIRECTION('',(0.,1.,0.));
#6289 = DIRECTION('',(0.,0.,1.));
#6290 = ADVANCED_FACE('',(#6291),#6313,.T.);
#6291 = FACE_BOUND('',#6292,.T.);
#6292 = EDGE_LOOP('',(#6293,#6294,#6295,#6296,#6297,#6305,#6311,#6312));
#6293 = ORIENTED_EDGE('',*,*,#6267,.F.);
#6294 = ORIENTED_EDGE('',*,*,#5185,.T.);
#6295 = ORIENTED_EDGE('',*,*,#4219,.F.);
#6296 = ORIENTED_EDGE('',*,*,#4869,.T.);
#6297 = ORIENTED_EDGE('',*,*,#6298,.T.);
#6298 = EDGE_CURVE('',#4861,#6299,#6301,.T.);
#6299 = VERTEX_POINT('',#6300);
#6300 = CARTESIAN_POINT('',(14.345508075689,-20.8,173.43523410167));
#6301 = LINE('',#6302,#6303);
#6302 = CARTESIAN_POINT('',(14.345508075689,-20.8,160.56476589832));
#6303 = VECTOR('',#6304,1.);
#6304 = DIRECTION('',(0.,0.,1.));
#6305 = ORIENTED_EDGE('',*,*,#6306,.F.);
#6306 = EDGE_CURVE('',#6053,#6299,#6307,.T.);
#6307 = LINE('',#6308,#6309);
#6308 = CARTESIAN_POINT('',(14.345508075689,-25.2,173.43523410167));
#6309 = VECTOR('',#6310,1.);
#6310 = DIRECTION('',(0.,1.,0.));
#6311 = ORIENTED_EDGE('',*,*,#6052,.F.);
#6312 = ORIENTED_EDGE('',*,*,#5977,.F.);
#6313 = PLANE('',#6314);
#6314 = AXIS2_PLACEMENT_3D('',#6315,#6316,#6317);
#6315 = CARTESIAN_POINT('',(14.345508075689,-22.90467136668,
    166.90467136668));
#6316 = DIRECTION('',(1.,0.,0.));
#6317 = DIRECTION('',(0.,0.,1.));
#6318 = ADVANCED_FACE('',(#6319,#6331),#6334,.T.);
#6319 = FACE_BOUND('',#6320,.T.);
#6320 = EDGE_LOOP('',(#6321,#6322,#6323,#6324,#6330));
#6321 = ORIENTED_EDGE('',*,*,#4860,.F.);
#6322 = ORIENTED_EDGE('',*,*,#4851,.F.);
#6323 = ORIENTED_EDGE('',*,*,#4842,.F.);
#6324 = ORIENTED_EDGE('',*,*,#6325,.F.);
#6325 = EDGE_CURVE('',#6299,#4835,#6326,.T.);
#6326 = LINE('',#6327,#6328);
#6327 = CARTESIAN_POINT('',(14.345508075689,-20.8,173.43523410167));
#6328 = VECTOR('',#6329,1.);
#6329 = DIRECTION('',(1.,0.,0.));
#6330 = ORIENTED_EDGE('',*,*,#6298,.F.);
#6331 = FACE_BOUND('',#6332,.T.);
#6332 = EDGE_LOOP('',(#6333));
#6333 = ORIENTED_EDGE('',*,*,#6249,.T.);
#6334 = PLANE('',#6335);
#6335 = AXIS2_PLACEMENT_3D('',#6336,#6337,#6338);
#6336 = CARTESIAN_POINT('',(17.107110441852,-20.8,168.89512168332));
#6337 = DIRECTION('',(-0.,-1.,-0.));
#6338 = DIRECTION('',(0.,0.,-1.));
#6339 = ADVANCED_FACE('',(#6340),#6348,.F.);
#6340 = FACE_BOUND('',#6341,.T.);
#6341 = EDGE_LOOP('',(#6342,#6343,#6344,#6345,#6346,#6347));
#6342 = ORIENTED_EDGE('',*,*,#6325,.T.);
#6343 = ORIENTED_EDGE('',*,*,#4834,.F.);
#6344 = ORIENTED_EDGE('',*,*,#6274,.F.);
#6345 = ORIENTED_EDGE('',*,*,#5994,.T.);
#6346 = ORIENTED_EDGE('',*,*,#6060,.T.);
#6347 = ORIENTED_EDGE('',*,*,#6306,.T.);
#6348 = PLANE('',#6349);
#6349 = AXIS2_PLACEMENT_3D('',#6350,#6351,#6352);
#6350 = CARTESIAN_POINT('',(14.345508075689,-25.2,173.43523410167));
#6351 = DIRECTION('',(0.,0.,1.));
#6352 = DIRECTION('',(1.,0.,0.));
#6353 = MANIFOLD_SOLID_BREP('',#6354);
#6354 = CLOSED_SHELL('',(#6355,#6388,#6441,#6466,#6491,#6516,#6541));
#6355 = ADVANCED_FACE('',(#6356),#6383,.T.);
#6356 = FACE_BOUND('',#6357,.T.);
#6357 = EDGE_LOOP('',(#6358,#6367,#6375,#6382));
#6358 = ORIENTED_EDGE('',*,*,#6359,.F.);
#6359 = EDGE_CURVE('',#6360,#6360,#6362,.T.);
#6360 = VERTEX_POINT('',#6361);
#6361 = CARTESIAN_POINT('',(-5.633375276078E-15,-33.,203.));
#6362 = CIRCLE('',#6363,23.);
#6363 = AXIS2_PLACEMENT_3D('',#6364,#6365,#6366);
#6364 = CARTESIAN_POINT('',(0.,-33.,180.));
#6365 = DIRECTION('',(0.,1.,0.));
#6366 = DIRECTION('',(0.,0.,1.));
#6367 = ORIENTED_EDGE('',*,*,#6368,.F.);
#6368 = EDGE_CURVE('',#6369,#6360,#6371,.T.);
#6369 = VERTEX_POINT('',#6370);
#6370 = CARTESIAN_POINT('',(-5.633375276078E-15,-35.,203.));
#6371 = LINE('',#6372,#6373);
#6372 = CARTESIAN_POINT('',(-5.633375276078E-15,-35.,203.));
#6373 = VECTOR('',#6374,1.);
#6374 = DIRECTION('',(0.,1.,0.));
#6375 = ORIENTED_EDGE('',*,*,#6376,.T.);
#6376 = EDGE_CURVE('',#6369,#6369,#6377,.T.);
#6377 = CIRCLE('',#6378,23.);
#6378 = AXIS2_PLACEMENT_3D('',#6379,#6380,#6381);
#6379 = CARTESIAN_POINT('',(0.,-35.,180.));
#6380 = DIRECTION('',(0.,1.,0.));
#6381 = DIRECTION('',(0.,0.,1.));
#6382 = ORIENTED_EDGE('',*,*,#6368,.T.);
#6383 = CYLINDRICAL_SURFACE('',#6384,23.);
#6384 = AXIS2_PLACEMENT_3D('',#6385,#6386,#6387);
#6385 = CARTESIAN_POINT('',(0.,-35.,180.));
#6386 = DIRECTION('',(0.,1.,0.));
#6387 = DIRECTION('',(0.,0.,1.));
#6388 = ADVANCED_FACE('',(#6389,#6392,#6403,#6414,#6425),#6436,.T.);
#6389 = FACE_BOUND('',#6390,.T.);
#6390 = EDGE_LOOP('',(#6391));
#6391 = ORIENTED_EDGE('',*,*,#6359,.T.);
#6392 = FACE_BOUND('',#6393,.T.);
#6393 = EDGE_LOOP('',(#6394));
#6394 = ORIENTED_EDGE('',*,*,#6395,.F.);
#6395 = EDGE_CURVE('',#6396,#6396,#6398,.T.);
#6396 = VERTEX_POINT('',#6397);
#6397 = CARTESIAN_POINT('',(-17.32050807568,-33.,171.7));
#6398 = CIRCLE('',#6399,1.7);
#6399 = AXIS2_PLACEMENT_3D('',#6400,#6401,#6402);
#6400 = CARTESIAN_POINT('',(-17.32050807568,-33.,170.));
#6401 = DIRECTION('',(0.,1.,0.));
#6402 = DIRECTION('',(0.,0.,1.));
#6403 = FACE_BOUND('',#6404,.T.);
#6404 = EDGE_LOOP('',(#6405));
#6405 = ORIENTED_EDGE('',*,*,#6406,.F.);
#6406 = EDGE_CURVE('',#6407,#6407,#6409,.T.);
#6407 = VERTEX_POINT('',#6408);
#6408 = CARTESIAN_POINT('',(-2.571758278209E-15,-33.,190.5));
#6409 = CIRCLE('',#6410,10.5);
#6410 = AXIS2_PLACEMENT_3D('',#6411,#6412,#6413);
#6411 = CARTESIAN_POINT('',(0.,-33.,180.));
#6412 = DIRECTION('',(0.,1.,0.));
#6413 = DIRECTION('',(0.,0.,1.));
#6414 = FACE_BOUND('',#6415,.T.);
#6415 = EDGE_LOOP('',(#6416));
#6416 = ORIENTED_EDGE('',*,*,#6417,.F.);
#6417 = EDGE_CURVE('',#6418,#6418,#6420,.T.);
#6418 = VERTEX_POINT('',#6419);
#6419 = CARTESIAN_POINT('',(17.320508075689,-33.,171.7));
#6420 = CIRCLE('',#6421,1.7);
#6421 = AXIS2_PLACEMENT_3D('',#6422,#6423,#6424);
#6422 = CARTESIAN_POINT('',(17.320508075689,-33.,170.));
#6423 = DIRECTION('',(0.,1.,0.));
#6424 = DIRECTION('',(0.,0.,1.));
#6425 = FACE_BOUND('',#6426,.T.);
#6426 = EDGE_LOOP('',(#6427));
#6427 = ORIENTED_EDGE('',*,*,#6428,.F.);
#6428 = EDGE_CURVE('',#6429,#6429,#6431,.T.);
#6429 = VERTEX_POINT('',#6430);
#6430 = CARTESIAN_POINT('',(8.082668874373E-16,-33.,201.7));
#6431 = CIRCLE('',#6432,1.7);
#6432 = AXIS2_PLACEMENT_3D('',#6433,#6434,#6435);
#6433 = CARTESIAN_POINT('',(1.224646799147E-15,-33.,200.));
#6434 = DIRECTION('',(0.,1.,0.));
#6435 = DIRECTION('',(0.,0.,1.));
#6436 = PLANE('',#6437);
#6437 = AXIS2_PLACEMENT_3D('',#6438,#6439,#6440);
#6438 = CARTESIAN_POINT('',(0.,-33.,180.));
#6439 = DIRECTION('',(0.,1.,0.));
#6440 = DIRECTION('',(0.,0.,1.));
#6441 = ADVANCED_FACE('',(#6442),#6461,.F.);
#6442 = FACE_BOUND('',#6443,.F.);
#6443 = EDGE_LOOP('',(#6444,#6445,#6453,#6460));
#6444 = ORIENTED_EDGE('',*,*,#6395,.F.);
#6445 = ORIENTED_EDGE('',*,*,#6446,.F.);
#6446 = EDGE_CURVE('',#6447,#6396,#6449,.T.);
#6447 = VERTEX_POINT('',#6448);
#6448 = CARTESIAN_POINT('',(-17.32050807568,-35.,171.7));
#6449 = LINE('',#6450,#6451);
#6450 = CARTESIAN_POINT('',(-17.32050807568,-35.,171.7));
#6451 = VECTOR('',#6452,1.);
#6452 = DIRECTION('',(0.,1.,0.));
#6453 = ORIENTED_EDGE('',*,*,#6454,.T.);
#6454 = EDGE_CURVE('',#6447,#6447,#6455,.T.);
#6455 = CIRCLE('',#6456,1.7);
#6456 = AXIS2_PLACEMENT_3D('',#6457,#6458,#6459);
#6457 = CARTESIAN_POINT('',(-17.32050807568,-35.,170.));
#6458 = DIRECTION('',(0.,1.,0.));
#6459 = DIRECTION('',(0.,0.,1.));
#6460 = ORIENTED_EDGE('',*,*,#6446,.T.);
#6461 = CYLINDRICAL_SURFACE('',#6462,1.7);
#6462 = AXIS2_PLACEMENT_3D('',#6463,#6464,#6465);
#6463 = CARTESIAN_POINT('',(-17.32050807568,-35.,170.));
#6464 = DIRECTION('',(0.,1.,0.));
#6465 = DIRECTION('',(0.,0.,1.));
#6466 = ADVANCED_FACE('',(#6467),#6486,.F.);
#6467 = FACE_BOUND('',#6468,.F.);
#6468 = EDGE_LOOP('',(#6469,#6470,#6478,#6485));
#6469 = ORIENTED_EDGE('',*,*,#6406,.F.);
#6470 = ORIENTED_EDGE('',*,*,#6471,.F.);
#6471 = EDGE_CURVE('',#6472,#6407,#6474,.T.);
#6472 = VERTEX_POINT('',#6473);
#6473 = CARTESIAN_POINT('',(-2.571758278209E-15,-35.,190.5));
#6474 = LINE('',#6475,#6476);
#6475 = CARTESIAN_POINT('',(-2.571758278209E-15,-35.,190.5));
#6476 = VECTOR('',#6477,1.);
#6477 = DIRECTION('',(0.,1.,0.));
#6478 = ORIENTED_EDGE('',*,*,#6479,.T.);
#6479 = EDGE_CURVE('',#6472,#6472,#6480,.T.);
#6480 = CIRCLE('',#6481,10.5);
#6481 = AXIS2_PLACEMENT_3D('',#6482,#6483,#6484);
#6482 = CARTESIAN_POINT('',(0.,-35.,180.));
#6483 = DIRECTION('',(0.,1.,0.));
#6484 = DIRECTION('',(0.,0.,1.));
#6485 = ORIENTED_EDGE('',*,*,#6471,.T.);
#6486 = CYLINDRICAL_SURFACE('',#6487,10.5);
#6487 = AXIS2_PLACEMENT_3D('',#6488,#6489,#6490);
#6488 = CARTESIAN_POINT('',(0.,-35.,180.));
#6489 = DIRECTION('',(0.,1.,0.));
#6490 = DIRECTION('',(0.,0.,1.));
#6491 = ADVANCED_FACE('',(#6492),#6511,.F.);
#6492 = FACE_BOUND('',#6493,.F.);
#6493 = EDGE_LOOP('',(#6494,#6495,#6503,#6510));
#6494 = ORIENTED_EDGE('',*,*,#6417,.F.);
#6495 = ORIENTED_EDGE('',*,*,#6496,.F.);
#6496 = EDGE_CURVE('',#6497,#6418,#6499,.T.);
#6497 = VERTEX_POINT('',#6498);
#6498 = CARTESIAN_POINT('',(17.320508075689,-35.,171.7));
#6499 = LINE('',#6500,#6501);
#6500 = CARTESIAN_POINT('',(17.320508075689,-35.,171.7));
#6501 = VECTOR('',#6502,1.);
#6502 = DIRECTION('',(0.,1.,0.));
#6503 = ORIENTED_EDGE('',*,*,#6504,.T.);
#6504 = EDGE_CURVE('',#6497,#6497,#6505,.T.);
#6505 = CIRCLE('',#6506,1.7);
#6506 = AXIS2_PLACEMENT_3D('',#6507,#6508,#6509);
#6507 = CARTESIAN_POINT('',(17.320508075689,-35.,170.));
#6508 = DIRECTION('',(0.,1.,0.));
#6509 = DIRECTION('',(0.,0.,1.));
#6510 = ORIENTED_EDGE('',*,*,#6496,.T.);
#6511 = CYLINDRICAL_SURFACE('',#6512,1.7);
#6512 = AXIS2_PLACEMENT_3D('',#6513,#6514,#6515);
#6513 = CARTESIAN_POINT('',(17.320508075689,-35.,170.));
#6514 = DIRECTION('',(0.,1.,0.));
#6515 = DIRECTION('',(0.,0.,1.));
#6516 = ADVANCED_FACE('',(#6517),#6536,.F.);
#6517 = FACE_BOUND('',#6518,.F.);
#6518 = EDGE_LOOP('',(#6519,#6520,#6528,#6535));
#6519 = ORIENTED_EDGE('',*,*,#6428,.F.);
#6520 = ORIENTED_EDGE('',*,*,#6521,.F.);
#6521 = EDGE_CURVE('',#6522,#6429,#6524,.T.);
#6522 = VERTEX_POINT('',#6523);
#6523 = CARTESIAN_POINT('',(8.082668874373E-16,-35.,201.7));
#6524 = LINE('',#6525,#6526);
#6525 = CARTESIAN_POINT('',(8.082668874373E-16,-35.,201.7));
#6526 = VECTOR('',#6527,1.);
#6527 = DIRECTION('',(0.,1.,0.));
#6528 = ORIENTED_EDGE('',*,*,#6529,.T.);
#6529 = EDGE_CURVE('',#6522,#6522,#6530,.T.);
#6530 = CIRCLE('',#6531,1.7);
#6531 = AXIS2_PLACEMENT_3D('',#6532,#6533,#6534);
#6532 = CARTESIAN_POINT('',(1.224646799147E-15,-35.,200.));
#6533 = DIRECTION('',(0.,1.,0.));
#6534 = DIRECTION('',(0.,0.,1.));
#6535 = ORIENTED_EDGE('',*,*,#6521,.T.);
#6536 = CYLINDRICAL_SURFACE('',#6537,1.7);
#6537 = AXIS2_PLACEMENT_3D('',#6538,#6539,#6540);
#6538 = CARTESIAN_POINT('',(1.224646799147E-15,-35.,200.));
#6539 = DIRECTION('',(0.,1.,0.));
#6540 = DIRECTION('',(0.,0.,1.));
#6541 = ADVANCED_FACE('',(#6542,#6545,#6548,#6551,#6554),#6557,.F.);
#6542 = FACE_BOUND('',#6543,.T.);
#6543 = EDGE_LOOP('',(#6544));
#6544 = ORIENTED_EDGE('',*,*,#6376,.F.);
#6545 = FACE_BOUND('',#6546,.F.);
#6546 = EDGE_LOOP('',(#6547));
#6547 = ORIENTED_EDGE('',*,*,#6479,.F.);
#6548 = FACE_BOUND('',#6549,.F.);
#6549 = EDGE_LOOP('',(#6550));
#6550 = ORIENTED_EDGE('',*,*,#6454,.F.);
#6551 = FACE_BOUND('',#6552,.F.);
#6552 = EDGE_LOOP('',(#6553));
#6553 = ORIENTED_EDGE('',*,*,#6504,.F.);
#6554 = FACE_BOUND('',#6555,.F.);
#6555 = EDGE_LOOP('',(#6556));
#6556 = ORIENTED_EDGE('',*,*,#6529,.F.);
#6557 = PLANE('',#6558);
#6558 = AXIS2_PLACEMENT_3D('',#6559,#6560,#6561);
#6559 = CARTESIAN_POINT('',(0.,-35.,180.));
#6560 = DIRECTION('',(0.,1.,0.));
#6561 = DIRECTION('',(0.,0.,1.));
#6562 = MANIFOLD_SOLID_BREP('',#6563);
#6563 = CLOSED_SHELL('',(#6564,#6597,#6617,#6637));
#6564 = ADVANCED_FACE('',(#6565),#6592,.T.);
#6565 = FACE_BOUND('',#6566,.T.);
#6566 = EDGE_LOOP('',(#6567,#6576,#6584,#6591));
#6567 = ORIENTED_EDGE('',*,*,#6568,.F.);
#6568 = EDGE_CURVE('',#6569,#6569,#6571,.T.);
#6569 = VERTEX_POINT('',#6570);
#6570 = CARTESIAN_POINT('',(-3.918869757272E-15,-21.,196.));
#6571 = CIRCLE('',#6572,16.);
#6572 = AXIS2_PLACEMENT_3D('',#6573,#6574,#6575);
#6573 = CARTESIAN_POINT('',(0.,-21.,180.));
#6574 = DIRECTION('',(0.,1.,0.));
#6575 = DIRECTION('',(0.,0.,1.));
#6576 = ORIENTED_EDGE('',*,*,#6577,.F.);
#6577 = EDGE_CURVE('',#6578,#6569,#6580,.T.);
#6578 = VERTEX_POINT('',#6579);
#6579 = CARTESIAN_POINT('',(-3.918869757272E-15,-31.,196.));
#6580 = LINE('',#6581,#6582);
#6581 = CARTESIAN_POINT('',(-3.918869757272E-15,-31.,196.));
#6582 = VECTOR('',#6583,1.);
#6583 = DIRECTION('',(0.,1.,0.));
#6584 = ORIENTED_EDGE('',*,*,#6585,.T.);
#6585 = EDGE_CURVE('',#6578,#6578,#6586,.T.);
#6586 = CIRCLE('',#6587,16.);
#6587 = AXIS2_PLACEMENT_3D('',#6588,#6589,#6590);
#6588 = CARTESIAN_POINT('',(0.,-31.,180.));
#6589 = DIRECTION('',(0.,1.,0.));
#6590 = DIRECTION('',(0.,0.,1.));
#6591 = ORIENTED_EDGE('',*,*,#6577,.T.);
#6592 = CYLINDRICAL_SURFACE('',#6593,16.);
#6593 = AXIS2_PLACEMENT_3D('',#6594,#6595,#6596);
#6594 = CARTESIAN_POINT('',(0.,-31.,180.));
#6595 = DIRECTION('',(0.,1.,0.));
#6596 = DIRECTION('',(0.,0.,1.));
#6597 = ADVANCED_FACE('',(#6598,#6601),#6612,.T.);
#6598 = FACE_BOUND('',#6599,.T.);
#6599 = EDGE_LOOP('',(#6600));
#6600 = ORIENTED_EDGE('',*,*,#6568,.T.);
#6601 = FACE_BOUND('',#6602,.T.);
#6602 = EDGE_LOOP('',(#6603));
#6603 = ORIENTED_EDGE('',*,*,#6604,.F.);
#6604 = EDGE_CURVE('',#6605,#6605,#6607,.T.);
#6605 = VERTEX_POINT('',#6606);
#6606 = CARTESIAN_POINT('',(-2.449293598295E-15,-21.,190.));
#6607 = CIRCLE('',#6608,10.);
#6608 = AXIS2_PLACEMENT_3D('',#6609,#6610,#6611);
#6609 = CARTESIAN_POINT('',(0.,-21.,180.));
#6610 = DIRECTION('',(0.,1.,0.));
#6611 = DIRECTION('',(0.,0.,1.));
#6612 = PLANE('',#6613);
#6613 = AXIS2_PLACEMENT_3D('',#6614,#6615,#6616);
#6614 = CARTESIAN_POINT('',(0.,-21.,180.));
#6615 = DIRECTION('',(0.,1.,0.));
#6616 = DIRECTION('',(0.,0.,1.));
#6617 = ADVANCED_FACE('',(#6618,#6621),#6632,.F.);
#6618 = FACE_BOUND('',#6619,.F.);
#6619 = EDGE_LOOP('',(#6620));
#6620 = ORIENTED_EDGE('',*,*,#6585,.T.);
#6621 = FACE_BOUND('',#6622,.F.);
#6622 = EDGE_LOOP('',(#6623));
#6623 = ORIENTED_EDGE('',*,*,#6624,.F.);
#6624 = EDGE_CURVE('',#6625,#6625,#6627,.T.);
#6625 = VERTEX_POINT('',#6626);
#6626 = CARTESIAN_POINT('',(-2.449293598295E-15,-31.,190.));
#6627 = CIRCLE('',#6628,10.);
#6628 = AXIS2_PLACEMENT_3D('',#6629,#6630,#6631);
#6629 = CARTESIAN_POINT('',(0.,-31.,180.));
#6630 = DIRECTION('',(0.,1.,0.));
#6631 = DIRECTION('',(0.,0.,1.));
#6632 = PLANE('',#6633);
#6633 = AXIS2_PLACEMENT_3D('',#6634,#6635,#6636);
#6634 = CARTESIAN_POINT('',(0.,-31.,180.));
#6635 = DIRECTION('',(0.,1.,0.));
#6636 = DIRECTION('',(0.,0.,1.));
#6637 = ADVANCED_FACE('',(#6638),#6649,.F.);
#6638 = FACE_BOUND('',#6639,.F.);
#6639 = EDGE_LOOP('',(#6640,#6641,#6647,#6648));
#6640 = ORIENTED_EDGE('',*,*,#6604,.F.);
#6641 = ORIENTED_EDGE('',*,*,#6642,.F.);
#6642 = EDGE_CURVE('',#6625,#6605,#6643,.T.);
#6643 = LINE('',#6644,#6645);
#6644 = CARTESIAN_POINT('',(-2.449293598295E-15,-31.,190.));
#6645 = VECTOR('',#6646,1.);
#6646 = DIRECTION('',(0.,1.,0.));
#6647 = ORIENTED_EDGE('',*,*,#6624,.T.);
#6648 = ORIENTED_EDGE('',*,*,#6642,.T.);
#6649 = CYLINDRICAL_SURFACE('',#6650,10.);
#6650 = AXIS2_PLACEMENT_3D('',#6651,#6652,#6653);
#6651 = CARTESIAN_POINT('',(0.,-31.,180.));
#6652 = DIRECTION('',(0.,1.,0.));
#6653 = DIRECTION('',(0.,0.,1.));
#6654 = MANIFOLD_SOLID_BREP('',#6655);
#6655 = CLOSED_SHELL('',(#6656,#6712,#6763,#7114,#7172,#7268,#7530,#7766
    ,#7780,#7804,#7823,#7844,#7865,#7884,#7905,#7924,#7943,#7964,#7985,
    #8004,#8020,#8030,#8040,#8058,#8076,#8101,#8126,#8144,#8187,#8215,
    #8243,#8271,#8283,#8301,#8344,#8372,#8400,#8428,#8440,#8452));
#6656 = ADVANCED_FACE('',(#6657),#6707,.F.);
#6657 = FACE_BOUND('',#6658,.F.);
#6658 = EDGE_LOOP('',(#6659,#6669,#6677,#6685,#6693,#6701));
#6659 = ORIENTED_EDGE('',*,*,#6660,.F.);
#6660 = EDGE_CURVE('',#6661,#6663,#6665,.T.);
#6661 = VERTEX_POINT('',#6662);
#6662 = CARTESIAN_POINT('',(27.791454157019,28.,176.58897730316));
#6663 = VERTEX_POINT('',#6664);
#6664 = CARTESIAN_POINT('',(27.791454157019,38.,176.58897730316));
#6665 = LINE('',#6666,#6667);
#6666 = CARTESIAN_POINT('',(27.791454157019,28.,176.58897730316));
#6667 = VECTOR('',#6668,1.);
#6668 = DIRECTION('',(0.,1.,0.));
#6669 = ORIENTED_EDGE('',*,*,#6670,.T.);
#6670 = EDGE_CURVE('',#6661,#6671,#6673,.T.);
#6671 = VERTEX_POINT('',#6672);
#6672 = CARTESIAN_POINT('',(43.538717099588,28.,196.74455473645));
#6673 = LINE('',#6674,#6675);
#6674 = CARTESIAN_POINT('',(18.912258086561,28.,165.22412459218));
#6675 = VECTOR('',#6676,1.);
#6676 = DIRECTION('',(0.615661475326,0.,0.788010753607));
#6677 = ORIENTED_EDGE('',*,*,#6678,.T.);
#6678 = EDGE_CURVE('',#6671,#6679,#6681,.T.);
#6679 = VERTEX_POINT('',#6680);
#6680 = CARTESIAN_POINT('',(68.165176112614,19.,228.26498488072));
#6681 = LINE('',#6682,#6683);
#6682 = CARTESIAN_POINT('',(43.538717099588,28.,196.74455473645));
#6683 = VECTOR('',#6684,1.);
#6684 = DIRECTION('',(0.600645341781,-0.219512195122,0.768790979129));
#6685 = ORIENTED_EDGE('',*,*,#6686,.T.);
#6686 = EDGE_CURVE('',#6679,#6687,#6689,.T.);
#6687 = VERTEX_POINT('',#6688);
#6688 = CARTESIAN_POINT('',(68.165176112614,27.,228.26498488072));
#6689 = LINE('',#6690,#6691);
#6690 = CARTESIAN_POINT('',(68.165176112614,19.,228.26498488072));
#6691 = VECTOR('',#6692,1.);
#6692 = DIRECTION('',(0.,1.,0.));
#6693 = ORIENTED_EDGE('',*,*,#6694,.T.);
#6694 = EDGE_CURVE('',#6687,#6695,#6697,.T.);
#6695 = VERTEX_POINT('',#6696);
#6696 = CARTESIAN_POINT('',(43.538717099588,38.,196.74455473645));
#6697 = LINE('',#6698,#6699);
#6698 = CARTESIAN_POINT('',(68.165176112614,27.,228.26498488072));
#6699 = VECTOR('',#6700,1.);
#6700 = DIRECTION('',(-0.593624114651,0.265156483021,-0.759804218215));
#6701 = ORIENTED_EDGE('',*,*,#6702,.T.);
#6702 = EDGE_CURVE('',#6695,#6663,#6703,.T.);
#6703 = LINE('',#6704,#6705);
#6704 = CARTESIAN_POINT('',(43.538717099588,38.,196.74455473645));
#6705 = VECTOR('',#6706,1.);
#6706 = DIRECTION('',(-0.615661475326,0.,-0.788010753607));
#6707 = PLANE('',#6708);
#6708 = AXIS2_PLACEMENT_3D('',#6709,#6710,#6711);
#6709 = CARTESIAN_POINT('',(43.43535491086,30.283748568759,
    196.6122571679));
#6710 = DIRECTION('',(-0.788010753607,0.,0.615661475326));
#6711 = DIRECTION('',(0.615661475326,0.,0.788010753607));
#6712 = ADVANCED_FACE('',(#6713),#6758,.T.);
#6713 = FACE_BOUND('',#6714,.T.);
#6714 = EDGE_LOOP('',(#6715,#6726,#6734,#6743,#6750,#6751));
#6715 = ORIENTED_EDGE('',*,*,#6716,.T.);
#6716 = EDGE_CURVE('',#6717,#6719,#6721,.T.);
#6717 = VERTEX_POINT('',#6718);
#6718 = CARTESIAN_POINT('',(-22.06430110098,28.,197.23852130911));
#6719 = VERTEX_POINT('',#6720);
#6720 = CARTESIAN_POINT('',(-10.0330620161,28.,206.1407281188));
#6721 = CIRCLE('',#6722,28.);
#6722 = AXIS2_PLACEMENT_3D('',#6723,#6724,#6725);
#6723 = CARTESIAN_POINT('',(0.,28.,180.));
#6724 = DIRECTION('',(0.,1.,-0.));
#6725 = DIRECTION('',(-0.788010753607,0.,0.615661475326));
#6726 = ORIENTED_EDGE('',*,*,#6727,.T.);
#6727 = EDGE_CURVE('',#6719,#6728,#6730,.T.);
#6728 = VERTEX_POINT('',#6729);
#6729 = CARTESIAN_POINT('',(-10.0330620161,38.,206.1407281188));
#6730 = LINE('',#6731,#6732);
#6731 = CARTESIAN_POINT('',(-10.0330620161,28.,206.1407281188));
#6732 = VECTOR('',#6733,1.);
#6733 = DIRECTION('',(0.,1.,0.));
#6734 = ORIENTED_EDGE('',*,*,#6735,.F.);
#6735 = EDGE_CURVE('',#6736,#6728,#6738,.T.);
#6736 = VERTEX_POINT('',#6737);
#6737 = CARTESIAN_POINT('',(-22.06430110098,38.,197.23852130911));
#6738 = CIRCLE('',#6739,28.);
#6739 = AXIS2_PLACEMENT_3D('',#6740,#6741,#6742);
#6740 = CARTESIAN_POINT('',(0.,38.,180.));
#6741 = DIRECTION('',(0.,1.,-0.));
#6742 = DIRECTION('',(-0.788010753607,0.,0.615661475326));
#6743 = ORIENTED_EDGE('',*,*,#6744,.F.);
#6744 = EDGE_CURVE('',#6663,#6736,#6745,.T.);
#6745 = CIRCLE('',#6746,28.);
#6746 = AXIS2_PLACEMENT_3D('',#6747,#6748,#6749);
#6747 = CARTESIAN_POINT('',(0.,38.,180.));
#6748 = DIRECTION('',(0.,1.,-0.));
#6749 = DIRECTION('',(-0.788010753607,0.,0.615661475326));
#6750 = ORIENTED_EDGE('',*,*,#6660,.F.);
#6751 = ORIENTED_EDGE('',*,*,#6752,.T.);
#6752 = EDGE_CURVE('',#6661,#6717,#6753,.T.);
#6753 = CIRCLE('',#6754,28.);
#6754 = AXIS2_PLACEMENT_3D('',#6755,#6756,#6757);
#6755 = CARTESIAN_POINT('',(0.,28.,180.));
#6756 = DIRECTION('',(0.,1.,-0.));
#6757 = DIRECTION('',(-0.788010753607,0.,0.615661475326));
#6758 = CYLINDRICAL_SURFACE('',#6759,28.);
#6759 = AXIS2_PLACEMENT_3D('',#6760,#6761,#6762);
#6760 = CARTESIAN_POINT('',(0.,28.,180.));
#6761 = DIRECTION('',(0.,1.,0.));
#6762 = DIRECTION('',(-0.788010753607,0.,0.615661475326));
#6763 = ADVANCED_FACE('',(#6764,#6783),#7109,.T.);
#6764 = FACE_BOUND('',#6765,.T.);
#6765 = EDGE_LOOP('',(#6766,#6767,#6775,#6781,#6782));
#6766 = ORIENTED_EDGE('',*,*,#6735,.T.);
#6767 = ORIENTED_EDGE('',*,*,#6768,.F.);
#6768 = EDGE_CURVE('',#6769,#6728,#6771,.T.);
#6769 = VERTEX_POINT('',#6770);
#6770 = CARTESIAN_POINT('',(5.714200926465,38.,226.29630555208));
#6771 = LINE('',#6772,#6773);
#6772 = CARTESIAN_POINT('',(5.714200926465,38.,226.29630555208));
#6773 = VECTOR('',#6774,1.);
#6774 = DIRECTION('',(-0.615661475326,0.,-0.788010753607));
#6775 = ORIENTED_EDGE('',*,*,#6776,.F.);
#6776 = EDGE_CURVE('',#6695,#6769,#6777,.T.);
#6777 = LINE('',#6778,#6779);
#6778 = CARTESIAN_POINT('',(43.538717099588,38.,196.74455473645));
#6779 = VECTOR('',#6780,1.);
#6780 = DIRECTION('',(-0.788010753607,0.,0.615661475326));
#6781 = ORIENTED_EDGE('',*,*,#6702,.T.);
#6782 = ORIENTED_EDGE('',*,*,#6744,.T.);
#6783 = FACE_BOUND('',#6784,.T.);
#6784 = EDGE_LOOP('',(#6785,#6796,#6805,#6814,#6823,#6832,#6841,#6850,
    #6859,#6868,#6877,#6886,#6895,#6904,#6913,#6922,#6931,#6940,#6949,
    #6958,#6967,#6976,#6985,#6994,#7003,#7012,#7021,#7030,#7039,#7048,
    #7057,#7066,#7075,#7084,#7093,#7102));
#6785 = ORIENTED_EDGE('',*,*,#6786,.F.);
#6786 = EDGE_CURVE('',#6787,#6789,#6791,.T.);
#6787 = VERTEX_POINT('',#6788);
#6788 = CARTESIAN_POINT('',(3.481938169601,38.,170.41271119747));
#6789 = VERTEX_POINT('',#6790);
#6790 = CARTESIAN_POINT('',(-1.143516387946,38.,169.86430218137));
#6791 = CIRCLE('',#6792,10.2);
#6792 = AXIS2_PLACEMENT_3D('',#6793,#6794,#6795);
#6793 = CARTESIAN_POINT('',(0.,38.,180.));
#6794 = DIRECTION('',(0.,1.,-0.));
#6795 = DIRECTION('',(-0.788010753607,0.,0.615661475326));
#6796 = ORIENTED_EDGE('',*,*,#6797,.F.);
#6797 = EDGE_CURVE('',#6798,#6787,#6800,.T.);
#6798 = VERTEX_POINT('',#6799);
#6799 = CARTESIAN_POINT('',(5.063859330871,38.,171.14577340039));
#6800 = CIRCLE('',#6801,10.2);
#6801 = AXIS2_PLACEMENT_3D('',#6802,#6803,#6804);
#6802 = CARTESIAN_POINT('',(0.,38.,180.));
#6803 = DIRECTION('',(0.,1.,-0.));
#6804 = DIRECTION('',(-0.788010753607,0.,0.615661475326));
#6805 = ORIENTED_EDGE('',*,*,#6806,.F.);
#6806 = EDGE_CURVE('',#6807,#6798,#6809,.T.);
#6807 = VERTEX_POINT('',#6808);
#6808 = CARTESIAN_POINT('',(8.95486885882,38.,169.00116815246));
#6809 = CIRCLE('',#6810,2.25);
#6810 = AXIS2_PLACEMENT_3D('',#6811,#6812,#6813);
#6811 = CARTESIAN_POINT('',(7.181844663205,38.,170.38640647194));
#6812 = DIRECTION('',(0.,1.,-0.));
#6813 = DIRECTION('',(-0.788010753607,0.,0.615661475326));
#6814 = ORIENTED_EDGE('',*,*,#6815,.F.);
#6815 = EDGE_CURVE('',#6816,#6807,#6818,.T.);
#6816 = VERTEX_POINT('',#6817);
#6817 = CARTESIAN_POINT('',(7.054378862674,38.,172.63279300807));
#6818 = CIRCLE('',#6819,2.25);
#6819 = AXIS2_PLACEMENT_3D('',#6820,#6821,#6822);
#6820 = CARTESIAN_POINT('',(7.181844663205,38.,170.38640647194));
#6821 = DIRECTION('',(0.,1.,-0.));
#6822 = DIRECTION('',(-0.788010753607,0.,0.615661475326));
#6823 = ORIENTED_EDGE('',*,*,#6824,.F.);
#6824 = EDGE_CURVE('',#6825,#6816,#6827,.T.);
#6825 = VERTEX_POINT('',#6826);
#6826 = CARTESIAN_POINT('',(8.037709686788,38.,173.72025295167));
#6827 = CIRCLE('',#6828,10.2);
#6828 = AXIS2_PLACEMENT_3D('',#6829,#6830,#6831);
#6829 = CARTESIAN_POINT('',(0.,38.,180.));
#6830 = DIRECTION('',(0.,1.,-0.));
#6831 = DIRECTION('',(-0.788010753607,0.,0.615661475326));
#6832 = ORIENTED_EDGE('',*,*,#6833,.F.);
#6833 = EDGE_CURVE('',#6834,#6825,#6836,.T.);
#6834 = VERTEX_POINT('',#6835);
#6835 = CARTESIAN_POINT('',(8.206012987164,38.,173.9418360162));
#6836 = CIRCLE('',#6837,10.2);
#6837 = AXIS2_PLACEMENT_3D('',#6838,#6839,#6840);
#6838 = CARTESIAN_POINT('',(0.,38.,180.));
#6839 = DIRECTION('',(0.,1.,-0.));
#6840 = DIRECTION('',(-0.788010753607,0.,0.615661475326));
#6841 = ORIENTED_EDGE('',*,*,#6842,.F.);
#6842 = EDGE_CURVE('',#6843,#6834,#6845,.T.);
#6843 = VERTEX_POINT('',#6844);
#6844 = CARTESIAN_POINT('',(10.043803932574,38.,178.22179794061));
#6845 = CIRCLE('',#6846,10.2);
#6846 = AXIS2_PLACEMENT_3D('',#6847,#6848,#6849);
#6847 = CARTESIAN_POINT('',(0.,38.,180.));
#6848 = DIRECTION('',(0.,1.,-0.));
#6849 = DIRECTION('',(-0.788010753607,0.,0.615661475326));
#6850 = ORIENTED_EDGE('',*,*,#6851,.F.);
#6851 = EDGE_CURVE('',#6852,#6843,#6854,.T.);
#6852 = VERTEX_POINT('',#6853);
#6853 = CARTESIAN_POINT('',(10.199914793815,38.,179.95830828712));
#6854 = CIRCLE('',#6855,10.2);
#6855 = AXIS2_PLACEMENT_3D('',#6856,#6857,#6858);
#6856 = CARTESIAN_POINT('',(0.,38.,180.));
#6857 = DIRECTION('',(0.,1.,-0.));
#6858 = DIRECTION('',(-0.788010753607,0.,0.615661475326));
#6859 = ORIENTED_EDGE('',*,*,#6860,.F.);
#6860 = EDGE_CURVE('',#6861,#6852,#6863,.T.);
#6861 = VERTEX_POINT('',#6862);
#6862 = CARTESIAN_POINT('',(13.689555602183,38.,180.02762399029));
#6863 = CIRCLE('',#6864,2.25);
#6864 = AXIS2_PLACEMENT_3D('',#6865,#6866,#6867);
#6865 = CARTESIAN_POINT('',(11.916531406568,38.,181.41286230977));
#6866 = DIRECTION('',(0.,1.,-0.));
#6867 = DIRECTION('',(-0.788010753607,0.,0.615661475326));
#6868 = ORIENTED_EDGE('',*,*,#6869,.F.);
#6869 = EDGE_CURVE('',#6870,#6861,#6872,.T.);
#6870 = VERTEX_POINT('',#6871);
#6871 = CARTESIAN_POINT('',(10.143507210953,38.,182.79810062925));
#6872 = CIRCLE('',#6873,2.25);
#6873 = AXIS2_PLACEMENT_3D('',#6874,#6875,#6876);
#6874 = CARTESIAN_POINT('',(11.916531406568,38.,181.41286230977));
#6875 = DIRECTION('',(0.,1.,-0.));
#6876 = DIRECTION('',(-0.788010753607,0.,0.615661475326));
#6877 = ORIENTED_EDGE('',*,*,#6878,.F.);
#6878 = EDGE_CURVE('',#6879,#6870,#6881,.T.);
#6879 = VERTEX_POINT('',#6880);
#6880 = CARTESIAN_POINT('',(9.907375646648,38.,182.42567677076));
#6881 = CIRCLE('',#6882,2.25);
#6882 = AXIS2_PLACEMENT_3D('',#6883,#6884,#6885);
#6883 = CARTESIAN_POINT('',(11.916531406568,38.,181.41286230977));
#6884 = DIRECTION('',(0.,1.,-0.));
#6885 = DIRECTION('',(-0.788010753607,0.,0.615661475326));
#6886 = ORIENTED_EDGE('',*,*,#6887,.F.);
#6887 = EDGE_CURVE('',#6888,#6879,#6890,.T.);
#6888 = VERTEX_POINT('',#6889);
#6889 = CARTESIAN_POINT('',(9.349528552142,38.,184.07753796459));
#6890 = CIRCLE('',#6891,10.2);
#6891 = AXIS2_PLACEMENT_3D('',#6892,#6893,#6894);
#6892 = CARTESIAN_POINT('',(0.,38.,180.));
#6893 = DIRECTION('',(0.,1.,-0.));
#6894 = DIRECTION('',(-0.788010753607,0.,0.615661475326));
#6895 = ORIENTED_EDGE('',*,*,#6896,.F.);
#6896 = EDGE_CURVE('',#6897,#6888,#6899,.T.);
#6897 = VERTEX_POINT('',#6898);
#6898 = CARTESIAN_POINT('',(6.561871845282,38.,187.80908687914));
#6899 = CIRCLE('',#6900,10.2);
#6900 = AXIS2_PLACEMENT_3D('',#6901,#6902,#6903);
#6901 = CARTESIAN_POINT('',(0.,38.,180.));
#6902 = DIRECTION('',(0.,1.,-0.));
#6903 = DIRECTION('',(-0.788010753607,0.,0.615661475326));
#6904 = ORIENTED_EDGE('',*,*,#6905,.F.);
#6905 = EDGE_CURVE('',#6906,#6897,#6908,.T.);
#6906 = VERTEX_POINT('',#6907);
#6907 = CARTESIAN_POINT('',(5.136064846258,38.,188.81253867481));
#6908 = CIRCLE('',#6909,10.2);
#6909 = AXIS2_PLACEMENT_3D('',#6910,#6911,#6912);
#6910 = CARTESIAN_POINT('',(0.,38.,180.));
#6911 = DIRECTION('',(0.,1.,-0.));
#6912 = DIRECTION('',(-0.788010753607,0.,0.615661475326));
#6913 = ORIENTED_EDGE('',*,*,#6914,.F.);
#6914 = EDGE_CURVE('',#6915,#6906,#6917,.T.);
#6915 = VERTEX_POINT('',#6916);
#6916 = CARTESIAN_POINT('',(6.507718819085,38.,189.64121136172));
#6917 = CIRCLE('',#6918,2.25);
#6918 = AXIS2_PLACEMENT_3D('',#6919,#6920,#6921);
#6919 = CARTESIAN_POINT('',(4.73469462347,38.,191.02644968121));
#6920 = DIRECTION('',(0.,1.,-0.));
#6921 = DIRECTION('',(-0.788010753607,0.,0.615661475326));
#6922 = ORIENTED_EDGE('',*,*,#6923,.F.);
#6923 = EDGE_CURVE('',#6924,#6915,#6926,.T.);
#6924 = VERTEX_POINT('',#6925);
#6925 = CARTESIAN_POINT('',(2.961670427855,38.,192.41168800069));
#6926 = CIRCLE('',#6927,2.25);
#6927 = AXIS2_PLACEMENT_3D('',#6928,#6929,#6930);
#6928 = CARTESIAN_POINT('',(4.73469462347,38.,191.02644968121));
#6929 = DIRECTION('',(0.,1.,-0.));
#6930 = DIRECTION('',(-0.788010753607,0.,0.615661475326));
#6931 = ORIENTED_EDGE('',*,*,#6932,.F.);
#6932 = EDGE_CURVE('',#6933,#6924,#6935,.T.);
#6933 = VERTEX_POINT('',#6934);
#6934 = CARTESIAN_POINT('',(2.85299421285,38.,189.79287618738));
#6935 = CIRCLE('',#6936,2.25);
#6936 = AXIS2_PLACEMENT_3D('',#6937,#6938,#6939);
#6937 = CARTESIAN_POINT('',(4.73469462347,38.,191.02644968121));
#6938 = DIRECTION('',(0.,1.,-0.));
#6939 = DIRECTION('',(-0.788010753607,0.,0.615661475326));
#6940 = ORIENTED_EDGE('',*,*,#6941,.F.);
#6941 = EDGE_CURVE('',#6942,#6933,#6944,.T.);
#6942 = VERTEX_POINT('',#6943);
#6943 = CARTESIAN_POINT('',(1.143516387946,38.,190.13569781862));
#6944 = CIRCLE('',#6945,10.2);
#6945 = AXIS2_PLACEMENT_3D('',#6946,#6947,#6948);
#6946 = CARTESIAN_POINT('',(0.,38.,180.));
#6947 = DIRECTION('',(0.,1.,-0.));
#6948 = DIRECTION('',(-0.788010753607,0.,0.615661475326));
#6949 = ORIENTED_EDGE('',*,*,#6950,.F.);
#6950 = EDGE_CURVE('',#6951,#6942,#6953,.T.);
#6951 = VERTEX_POINT('',#6952);
#6952 = CARTESIAN_POINT('',(-3.481938169601,38.,189.58728880252));
#6953 = CIRCLE('',#6954,10.2);
#6954 = AXIS2_PLACEMENT_3D('',#6955,#6956,#6957);
#6955 = CARTESIAN_POINT('',(0.,38.,180.));
#6956 = DIRECTION('',(0.,1.,-0.));
#6957 = DIRECTION('',(-0.788010753607,0.,0.615661475326));
#6958 = ORIENTED_EDGE('',*,*,#6959,.F.);
#6959 = EDGE_CURVE('',#6960,#6951,#6962,.T.);
#6960 = VERTEX_POINT('',#6961);
#6961 = CARTESIAN_POINT('',(-5.063859330871,38.,188.8542265996));
#6962 = CIRCLE('',#6963,10.2);
#6963 = AXIS2_PLACEMENT_3D('',#6964,#6965,#6966);
#6964 = CARTESIAN_POINT('',(0.,38.,180.));
#6965 = DIRECTION('',(0.,1.,-0.));
#6966 = DIRECTION('',(-0.788010753607,0.,0.615661475326));
#6967 = ORIENTED_EDGE('',*,*,#6968,.F.);
#6968 = EDGE_CURVE('',#6969,#6960,#6971,.T.);
#6969 = VERTEX_POINT('',#6970);
#6970 = CARTESIAN_POINT('',(-8.95486885882,38.,190.99883184753));
#6971 = CIRCLE('',#6972,2.25);
#6972 = AXIS2_PLACEMENT_3D('',#6973,#6974,#6975);
#6973 = CARTESIAN_POINT('',(-7.181844663205,38.,189.61359352805));
#6974 = DIRECTION('',(0.,1.,-0.));
#6975 = DIRECTION('',(-0.788010753607,0.,0.615661475326));
#6976 = ORIENTED_EDGE('',*,*,#6977,.F.);
#6977 = EDGE_CURVE('',#6978,#6969,#6980,.T.);
#6978 = VERTEX_POINT('',#6979);
#6979 = CARTESIAN_POINT('',(-7.054378862674,38.,187.36720699192));
#6980 = CIRCLE('',#6981,2.25);
#6981 = AXIS2_PLACEMENT_3D('',#6982,#6983,#6984);
#6982 = CARTESIAN_POINT('',(-7.181844663205,38.,189.61359352805));
#6983 = DIRECTION('',(0.,1.,-0.));
#6984 = DIRECTION('',(-0.788010753607,0.,0.615661475326));
#6985 = ORIENTED_EDGE('',*,*,#6986,.F.);
#6986 = EDGE_CURVE('',#6987,#6978,#6989,.T.);
#6987 = VERTEX_POINT('',#6988);
#6988 = CARTESIAN_POINT('',(-8.037709686789,38.,186.27974704832));
#6989 = CIRCLE('',#6990,10.2);
#6990 = AXIS2_PLACEMENT_3D('',#6991,#6992,#6993);
#6991 = CARTESIAN_POINT('',(0.,38.,180.));
#6992 = DIRECTION('',(0.,1.,-0.));
#6993 = DIRECTION('',(-0.788010753607,0.,0.615661475326));
#6994 = ORIENTED_EDGE('',*,*,#6995,.F.);
#6995 = EDGE_CURVE('',#6996,#6987,#6998,.T.);
#6996 = VERTEX_POINT('',#6997);
#6997 = CARTESIAN_POINT('',(-8.206012987164,38.,186.05816398379));
#6998 = CIRCLE('',#6999,10.2);
#6999 = AXIS2_PLACEMENT_3D('',#7000,#7001,#7002);
#7000 = CARTESIAN_POINT('',(0.,38.,180.));
#7001 = DIRECTION('',(0.,1.,-0.));
#7002 = DIRECTION('',(-0.788010753607,0.,0.615661475326));
#7003 = ORIENTED_EDGE('',*,*,#7004,.F.);
#7004 = EDGE_CURVE('',#7005,#6996,#7007,.T.);
#7005 = VERTEX_POINT('',#7006);
#7006 = CARTESIAN_POINT('',(-10.04380368686,38.,181.77820344722));
#7007 = CIRCLE('',#7008,10.2);
#7008 = AXIS2_PLACEMENT_3D('',#7009,#7010,#7011);
#7009 = CARTESIAN_POINT('',(0.,38.,180.));
#7010 = DIRECTION('',(0.,1.,-0.));
#7011 = DIRECTION('',(-0.788010753607,0.,0.615661475326));
#7012 = ORIENTED_EDGE('',*,*,#7013,.F.);
#7013 = EDGE_CURVE('',#7014,#7005,#7016,.T.);
#7014 = VERTEX_POINT('',#7015);
#7015 = CARTESIAN_POINT('',(-10.1999148066,38.,180.04168858469));
#7016 = CIRCLE('',#7017,10.2);
#7017 = AXIS2_PLACEMENT_3D('',#7018,#7019,#7020);
#7018 = CARTESIAN_POINT('',(0.,38.,180.));
#7019 = DIRECTION('',(0.,1.,-0.));
#7020 = DIRECTION('',(-0.788010753607,0.,0.615661475326));
#7021 = ORIENTED_EDGE('',*,*,#7022,.F.);
#7022 = EDGE_CURVE('',#7023,#7014,#7025,.T.);
#7023 = VERTEX_POINT('',#7024);
#7024 = CARTESIAN_POINT('',(-13.68956348229,38.,179.97238216632));
#7025 = CIRCLE('',#7026,2.25);
#7026 = AXIS2_PLACEMENT_3D('',#7027,#7028,#7029);
#7027 = CARTESIAN_POINT('',(-11.91653928667,38.,178.58714384684));
#7028 = DIRECTION('',(0.,1.,-0.));
#7029 = DIRECTION('',(-0.788010753607,0.,0.615661475326));
#7030 = ORIENTED_EDGE('',*,*,#7031,.F.);
#7031 = EDGE_CURVE('',#7032,#7023,#7034,.T.);
#7032 = VERTEX_POINT('',#7033);
#7033 = CARTESIAN_POINT('',(-10.14351509106,38.,177.20190552735));
#7034 = CIRCLE('',#7035,2.25);
#7035 = AXIS2_PLACEMENT_3D('',#7036,#7037,#7038);
#7036 = CARTESIAN_POINT('',(-11.91653928667,38.,178.58714384684));
#7037 = DIRECTION('',(0.,1.,-0.));
#7038 = DIRECTION('',(-0.788010753607,0.,0.615661475326));
#7039 = ORIENTED_EDGE('',*,*,#7040,.F.);
#7040 = EDGE_CURVE('',#7041,#7032,#7043,.T.);
#7041 = VERTEX_POINT('',#7042);
#7042 = CARTESIAN_POINT('',(-9.907379237331,38.,177.57433789498));
#7043 = CIRCLE('',#7044,2.25);
#7044 = AXIS2_PLACEMENT_3D('',#7045,#7046,#7047);
#7045 = CARTESIAN_POINT('',(-11.91653928667,38.,178.58714384684));
#7046 = DIRECTION('',(0.,1.,-0.));
#7047 = DIRECTION('',(-0.788010753607,0.,0.615661475326));
#7048 = ORIENTED_EDGE('',*,*,#7049,.F.);
#7049 = EDGE_CURVE('',#7050,#7041,#7052,.T.);
#7050 = VERTEX_POINT('',#7051);
#7051 = CARTESIAN_POINT('',(-9.349532774098,38.,175.92247171609));
#7052 = CIRCLE('',#7053,10.2);
#7053 = AXIS2_PLACEMENT_3D('',#7054,#7055,#7056);
#7054 = CARTESIAN_POINT('',(0.,38.,180.));
#7055 = DIRECTION('',(0.,1.,-0.));
#7056 = DIRECTION('',(-0.788010753607,0.,0.615661475326));
#7057 = ORIENTED_EDGE('',*,*,#7058,.F.);
#7058 = EDGE_CURVE('',#7059,#7050,#7061,.T.);
#7059 = VERTEX_POINT('',#7060);
#7060 = CARTESIAN_POINT('',(-6.561871845282,38.,172.19091312085));
#7061 = CIRCLE('',#7062,10.2);
#7062 = AXIS2_PLACEMENT_3D('',#7063,#7064,#7065);
#7063 = CARTESIAN_POINT('',(0.,38.,180.));
#7064 = DIRECTION('',(0.,1.,-0.));
#7065 = DIRECTION('',(-0.788010753607,0.,0.615661475326));
#7066 = ORIENTED_EDGE('',*,*,#7067,.F.);
#7067 = EDGE_CURVE('',#7068,#7059,#7070,.T.);
#7068 = VERTEX_POINT('',#7069);
#7069 = CARTESIAN_POINT('',(-5.136064846258,38.,171.18746132518));
#7070 = CIRCLE('',#7071,10.2);
#7071 = AXIS2_PLACEMENT_3D('',#7072,#7073,#7074);
#7072 = CARTESIAN_POINT('',(0.,38.,180.));
#7073 = DIRECTION('',(0.,1.,-0.));
#7074 = DIRECTION('',(-0.788010753607,0.,0.615661475326));
#7075 = ORIENTED_EDGE('',*,*,#7076,.F.);
#7076 = EDGE_CURVE('',#7077,#7068,#7079,.T.);
#7077 = VERTEX_POINT('',#7078);
#7078 = CARTESIAN_POINT('',(-6.507718819085,38.,170.35878863827));
#7079 = CIRCLE('',#7080,2.25);
#7080 = AXIS2_PLACEMENT_3D('',#7081,#7082,#7083);
#7081 = CARTESIAN_POINT('',(-4.73469462347,38.,168.97355031878));
#7082 = DIRECTION('',(0.,1.,-0.));
#7083 = DIRECTION('',(-0.788010753607,0.,0.615661475326));
#7084 = ORIENTED_EDGE('',*,*,#7085,.F.);
#7085 = EDGE_CURVE('',#7086,#7077,#7088,.T.);
#7086 = VERTEX_POINT('',#7087);
#7087 = CARTESIAN_POINT('',(-2.961670427855,38.,167.5883119993));
#7088 = CIRCLE('',#7089,2.25);
#7089 = AXIS2_PLACEMENT_3D('',#7090,#7091,#7092);
#7090 = CARTESIAN_POINT('',(-4.73469462347,38.,168.97355031878));
#7091 = DIRECTION('',(0.,1.,-0.));
#7092 = DIRECTION('',(-0.788010753607,0.,0.615661475326));
#7093 = ORIENTED_EDGE('',*,*,#7094,.F.);
#7094 = EDGE_CURVE('',#7095,#7086,#7097,.T.);
#7095 = VERTEX_POINT('',#7096);
#7096 = CARTESIAN_POINT('',(-2.85299421285,38.,170.20712381261));
#7097 = CIRCLE('',#7098,2.25);
#7098 = AXIS2_PLACEMENT_3D('',#7099,#7100,#7101);
#7099 = CARTESIAN_POINT('',(-4.73469462347,38.,168.97355031878));
#7100 = DIRECTION('',(0.,1.,-0.));
#7101 = DIRECTION('',(-0.788010753607,0.,0.615661475326));
#7102 = ORIENTED_EDGE('',*,*,#7103,.F.);
#7103 = EDGE_CURVE('',#6789,#7095,#7104,.T.);
#7104 = CIRCLE('',#7105,10.2);
#7105 = AXIS2_PLACEMENT_3D('',#7106,#7107,#7108);
#7106 = CARTESIAN_POINT('',(0.,38.,180.));
#7107 = DIRECTION('',(0.,1.,-0.));
#7108 = DIRECTION('',(-0.788010753607,0.,0.615661475326));
#7109 = PLANE('',#7110);
#7110 = AXIS2_PLACEMENT_3D('',#7111,#7112,#7113);
#7111 = CARTESIAN_POINT('',(6.245830422802,38.,188.54893648147));
#7112 = DIRECTION('',(0.,1.,0.));
#7113 = DIRECTION('',(-0.788010753607,0.,0.615661475326));
#7114 = ADVANCED_FACE('',(#7115),#7167,.F.);
#7115 = FACE_BOUND('',#7116,.F.);
#7116 = EDGE_LOOP('',(#7117,#7118,#7126,#7135,#7143,#7152,#7160,#7166));
#7117 = ORIENTED_EDGE('',*,*,#6694,.F.);
#7118 = ORIENTED_EDGE('',*,*,#7119,.T.);
#7119 = EDGE_CURVE('',#6687,#7120,#7122,.T.);
#7120 = VERTEX_POINT('',#7121);
#7121 = CARTESIAN_POINT('',(63.691362902212,27.,231.76031083768));
#7122 = LINE('',#7123,#7124);
#7123 = CARTESIAN_POINT('',(68.165176112614,27.,228.26498488072));
#7124 = VECTOR('',#7125,1.);
#7125 = DIRECTION('',(-0.788010753607,0.,0.615661475326));
#7126 = ORIENTED_EDGE('',*,*,#7127,.F.);
#7127 = EDGE_CURVE('',#7128,#7120,#7130,.T.);
#7128 = VERTEX_POINT('',#7129);
#7129 = CARTESIAN_POINT('',(58.454795758095,27.,235.85156547962));
#7130 = ELLIPSE('',#7131,19.611061139272,5.2);
#7131 = AXIS2_PLACEMENT_3D('',#7132,#7133,#7134);
#7132 = CARTESIAN_POINT('',(70.02815533489,23.,245.26791275656));
#7133 = DIRECTION('',(-0.163246631529,-0.964205392804,-0.208946160009));
#7134 = DIRECTION('',(0.593624114651,-0.265156483021,0.759804218215));
#7135 = ORIENTED_EDGE('',*,*,#7136,.T.);
#7136 = EDGE_CURVE('',#7128,#7137,#7139,.T.);
#7137 = VERTEX_POINT('',#7138);
#7138 = CARTESIAN_POINT('',(40.05104029401,27.,250.23015509745));
#7139 = LINE('',#7140,#7141);
#7140 = CARTESIAN_POINT('',(68.165176112614,27.,228.26498488072));
#7141 = VECTOR('',#7142,1.);
#7142 = DIRECTION('',(-0.788010753607,0.,0.615661475326));
#7143 = ORIENTED_EDGE('',*,*,#7144,.F.);
#7144 = EDGE_CURVE('',#7145,#7137,#7147,.T.);
#7145 = VERTEX_POINT('',#7146);
#7146 = CARTESIAN_POINT('',(34.814473149894,27.,254.32140973939));
#7147 = ELLIPSE('',#7148,19.611061139272,5.2);
#7148 = AXIS2_PLACEMENT_3D('',#7149,#7150,#7151);
#7149 = CARTESIAN_POINT('',(46.387832726689,23.,263.73775701633));
#7150 = DIRECTION('',(-0.163246631529,-0.964205392804,-0.208946160009));
#7151 = DIRECTION('',(0.593624114651,-0.265156483021,0.759804218215));
#7152 = ORIENTED_EDGE('',*,*,#7153,.T.);
#7153 = EDGE_CURVE('',#7145,#7154,#7156,.T.);
#7154 = VERTEX_POINT('',#7155);
#7155 = CARTESIAN_POINT('',(30.340659939491,27.,257.81673569635));
#7156 = LINE('',#7157,#7158);
#7157 = CARTESIAN_POINT('',(68.165176112614,27.,228.26498488072));
#7158 = VECTOR('',#7159,1.);
#7159 = DIRECTION('',(-0.788010753607,0.,0.615661475326));
#7160 = ORIENTED_EDGE('',*,*,#7161,.T.);
#7161 = EDGE_CURVE('',#7154,#6769,#7162,.T.);
#7162 = LINE('',#7163,#7164);
#7163 = CARTESIAN_POINT('',(30.340659939491,27.,257.81673569635));
#7164 = VECTOR('',#7165,1.);
#7165 = DIRECTION('',(-0.593624114651,0.265156483021,-0.759804218215));
#7166 = ORIENTED_EDGE('',*,*,#6776,.F.);
#7167 = PLANE('',#7168);
#7168 = AXIS2_PLACEMENT_3D('',#7169,#7170,#7171);
#7169 = CARTESIAN_POINT('',(68.165176112614,27.,228.26498488072));
#7170 = DIRECTION('',(-0.163246631529,-0.964205392804,-0.208946160009));
#7171 = DIRECTION('',(-0.593624114651,0.265156483021,-0.759804218215));
#7172 = ADVANCED_FACE('',(#7173,#7241,#7252),#7263,.T.);
#7173 = FACE_BOUND('',#7174,.T.);
#7174 = EDGE_LOOP('',(#7175,#7183,#7184,#7185,#7192,#7193,#7200,#7201,
    #7209,#7217,#7226,#7234));
#7175 = ORIENTED_EDGE('',*,*,#7176,.F.);
#7176 = EDGE_CURVE('',#6679,#7177,#7179,.T.);
#7177 = VERTEX_POINT('',#7178);
#7178 = CARTESIAN_POINT('',(63.691362902212,19.,231.76031083768));
#7179 = LINE('',#7180,#7181);
#7180 = CARTESIAN_POINT('',(68.165176112614,19.,228.26498488072));
#7181 = VECTOR('',#7182,1.);
#7182 = DIRECTION('',(-0.788010753607,0.,0.615661475326));
#7183 = ORIENTED_EDGE('',*,*,#6686,.T.);
#7184 = ORIENTED_EDGE('',*,*,#7119,.T.);
#7185 = ORIENTED_EDGE('',*,*,#7186,.T.);
#7186 = EDGE_CURVE('',#7120,#7128,#7187,.T.);
#7187 = CIRCLE('',#7188,5.2);
#7188 = AXIS2_PLACEMENT_3D('',#7189,#7190,#7191);
#7189 = CARTESIAN_POINT('',(61.073079330153,23.,233.80593815865));
#7190 = DIRECTION('',(0.615661475326,0.,0.788010753607));
#7191 = DIRECTION('',(-0.788010753607,0.,0.615661475326));
#7192 = ORIENTED_EDGE('',*,*,#7136,.T.);
#7193 = ORIENTED_EDGE('',*,*,#7194,.T.);
#7194 = EDGE_CURVE('',#7137,#7145,#7195,.T.);
#7195 = CIRCLE('',#7196,5.2);
#7196 = AXIS2_PLACEMENT_3D('',#7197,#7198,#7199);
#7197 = CARTESIAN_POINT('',(37.432756721952,23.,252.27578241842));
#7198 = DIRECTION('',(0.615661475326,0.,0.788010753607));
#7199 = DIRECTION('',(-0.788010753607,0.,0.615661475326));
#7200 = ORIENTED_EDGE('',*,*,#7153,.T.);
#7201 = ORIENTED_EDGE('',*,*,#7202,.F.);
#7202 = EDGE_CURVE('',#7203,#7154,#7205,.T.);
#7203 = VERTEX_POINT('',#7204);
#7204 = CARTESIAN_POINT('',(30.340659939491,19.,257.81673569635));
#7205 = LINE('',#7206,#7207);
#7206 = CARTESIAN_POINT('',(30.340659939491,19.,257.81673569635));
#7207 = VECTOR('',#7208,1.);
#7208 = DIRECTION('',(0.,1.,0.));
#7209 = ORIENTED_EDGE('',*,*,#7210,.F.);
#7210 = EDGE_CURVE('',#7211,#7203,#7213,.T.);
#7211 = VERTEX_POINT('',#7212);
#7212 = CARTESIAN_POINT('',(34.814473149894,19.,254.32140973939));
#7213 = LINE('',#7214,#7215);
#7214 = CARTESIAN_POINT('',(68.165176112614,19.,228.26498488072));
#7215 = VECTOR('',#7216,1.);
#7216 = DIRECTION('',(-0.788010753607,0.,0.615661475326));
#7217 = ORIENTED_EDGE('',*,*,#7218,.T.);
#7218 = EDGE_CURVE('',#7211,#7219,#7221,.T.);
#7219 = VERTEX_POINT('',#7220);
#7220 = CARTESIAN_POINT('',(40.05104029401,19.,250.23015509745));
#7221 = CIRCLE('',#7222,5.2);
#7222 = AXIS2_PLACEMENT_3D('',#7223,#7224,#7225);
#7223 = CARTESIAN_POINT('',(37.432756721952,23.,252.27578241842));
#7224 = DIRECTION('',(0.615661475326,0.,0.788010753607));
#7225 = DIRECTION('',(-0.788010753607,0.,0.615661475326));
#7226 = ORIENTED_EDGE('',*,*,#7227,.F.);
#7227 = EDGE_CURVE('',#7228,#7219,#7230,.T.);
#7228 = VERTEX_POINT('',#7229);
#7229 = CARTESIAN_POINT('',(58.454795758095,19.,235.85156547962));
#7230 = LINE('',#7231,#7232);
#7231 = CARTESIAN_POINT('',(68.165176112614,19.,228.26498488072));
#7232 = VECTOR('',#7233,1.);
#7233 = DIRECTION('',(-0.788010753607,0.,0.615661475326));
#7234 = ORIENTED_EDGE('',*,*,#7235,.T.);
#7235 = EDGE_CURVE('',#7228,#7177,#7236,.T.);
#7236 = CIRCLE('',#7237,5.2);
#7237 = AXIS2_PLACEMENT_3D('',#7238,#7239,#7240);
#7238 = CARTESIAN_POINT('',(61.073079330153,23.,233.80593815865));
#7239 = DIRECTION('',(0.615661475326,0.,0.788010753607));
#7240 = DIRECTION('',(-0.788010753607,0.,0.615661475326));
#7241 = FACE_BOUND('',#7242,.T.);
#7242 = EDGE_LOOP('',(#7243));
#7243 = ORIENTED_EDGE('',*,*,#7244,.F.);
#7244 = EDGE_CURVE('',#7245,#7245,#7247,.T.);
#7245 = VERTEX_POINT('',#7246);
#7246 = CARTESIAN_POINT('',(59.300055134538,23.,235.19117647813));
#7247 = CIRCLE('',#7248,2.25);
#7248 = AXIS2_PLACEMENT_3D('',#7249,#7250,#7251);
#7249 = CARTESIAN_POINT('',(61.073079330153,23.,233.80593815865));
#7250 = DIRECTION('',(0.615661475326,0.,0.788010753607));
#7251 = DIRECTION('',(-0.788010753607,0.,0.615661475326));
#7252 = FACE_BOUND('',#7253,.T.);
#7253 = EDGE_LOOP('',(#7254));
#7254 = ORIENTED_EDGE('',*,*,#7255,.F.);
#7255 = EDGE_CURVE('',#7256,#7256,#7258,.T.);
#7256 = VERTEX_POINT('',#7257);
#7257 = CARTESIAN_POINT('',(35.659732526337,23.,253.6610207379));
#7258 = CIRCLE('',#7259,2.25);
#7259 = AXIS2_PLACEMENT_3D('',#7260,#7261,#7262);
#7260 = CARTESIAN_POINT('',(37.432756721952,23.,252.27578241842));
#7261 = DIRECTION('',(0.615661475326,0.,0.788010753607));
#7262 = DIRECTION('',(-0.788010753607,0.,0.615661475326));
#7263 = PLANE('',#7264);
#7264 = AXIS2_PLACEMENT_3D('',#7265,#7266,#7267);
#7265 = CARTESIAN_POINT('',(49.252918026053,23.,243.04086028853));
#7266 = DIRECTION('',(0.615661475326,0.,0.788010753607));
#7267 = DIRECTION('',(-0.788010753607,0.,0.615661475326));
#7268 = ADVANCED_FACE('',(#7269),#7525,.F.);
#7269 = FACE_BOUND('',#7270,.F.);
#7270 = EDGE_LOOP('',(#7271,#7272,#7280,#7286,#7287,#7296,#7304,#7313,
    #7321,#7330,#7338,#7347,#7356,#7364,#7373,#7381,#7390,#7398,#7405,
    #7406,#7415,#7423,#7432,#7440,#7449,#7457,#7466,#7475,#7483,#7492,
    #7500,#7509,#7517,#7524));
#7271 = ORIENTED_EDGE('',*,*,#6678,.F.);
#7272 = ORIENTED_EDGE('',*,*,#7273,.T.);
#7273 = EDGE_CURVE('',#6671,#7274,#7276,.T.);
#7274 = VERTEX_POINT('',#7275);
#7275 = CARTESIAN_POINT('',(5.714200926465,28.,226.29630555208));
#7276 = LINE('',#7277,#7278);
#7277 = CARTESIAN_POINT('',(43.538717099588,28.,196.74455473645));
#7278 = VECTOR('',#7279,1.);
#7279 = DIRECTION('',(-0.788010753607,0.,0.615661475326));
#7280 = ORIENTED_EDGE('',*,*,#7281,.T.);
#7281 = EDGE_CURVE('',#7274,#7203,#7282,.T.);
#7282 = LINE('',#7283,#7284);
#7283 = CARTESIAN_POINT('',(5.714200926465,28.,226.29630555208));
#7284 = VECTOR('',#7285,1.);
#7285 = DIRECTION('',(0.600645341781,-0.219512195122,0.768790979129));
#7286 = ORIENTED_EDGE('',*,*,#7210,.F.);
#7287 = ORIENTED_EDGE('',*,*,#7288,.F.);
#7288 = EDGE_CURVE('',#7289,#7211,#7291,.T.);
#7289 = VERTEX_POINT('',#7290);
#7290 = CARTESIAN_POINT('',(30.213155193075,20.35,250.3022440316));
#7291 = ELLIPSE('',#7292,23.688888888889,5.2);
#7292 = AXIS2_PLACEMENT_3D('',#7293,#7294,#7295);
#7293 = CARTESIAN_POINT('',(26.487663827273,23.,238.2667023543));
#7294 = DIRECTION('',(0.135145201901,0.975609756098,0.172977970304));
#7295 = DIRECTION('',(0.600645341781,-0.219512195122,0.768790979129));
#7296 = ORIENTED_EDGE('',*,*,#7297,.T.);
#7297 = EDGE_CURVE('',#7289,#7298,#7300,.T.);
#7298 = VERTEX_POINT('',#7299);
#7299 = CARTESIAN_POINT('',(30.679976159386,20.35,249.93752352047));
#7300 = LINE('',#7301,#7302);
#7301 = CARTESIAN_POINT('',(49.104997565329,20.35,235.54231912793));
#7302 = VECTOR('',#7303,1.);
#7303 = DIRECTION('',(0.788010753607,0.,-0.615661475326));
#7304 = ORIENTED_EDGE('',*,*,#7305,.F.);
#7305 = EDGE_CURVE('',#7306,#7298,#7308,.T.);
#7306 = VERTEX_POINT('',#7307);
#7307 = CARTESIAN_POINT('',(28.67079784039,20.98,247.95401465999));
#7308 = ELLIPSE('',#7309,21.411111111111,4.7);
#7309 = AXIS2_PLACEMENT_3D('',#7310,#7311,#7312);
#7310 = CARTESIAN_POINT('',(26.487663827273,23.,238.2667023543));
#7311 = DIRECTION('',(0.135145201901,0.975609756098,0.172977970304));
#7312 = DIRECTION('',(0.600645341781,-0.219512195122,0.768790979129));
#7313 = ORIENTED_EDGE('',*,*,#7314,.T.);
#7314 = EDGE_CURVE('',#7306,#7315,#7317,.T.);
#7315 = VERTEX_POINT('',#7316);
#7316 = CARTESIAN_POINT('',(31.234009528209,20.98,245.9514142106));
#7317 = LINE('',#7318,#7319);
#7318 = CARTESIAN_POINT('',(47.381145434417,20.98,233.33588901783));
#7319 = VECTOR('',#7320,1.);
#7320 = DIRECTION('',(0.788010753607,0.,-0.615661475326));
#7321 = ORIENTED_EDGE('',*,*,#7322,.F.);
#7322 = EDGE_CURVE('',#7323,#7315,#7325,.T.);
#7323 = VERTEX_POINT('',#7324);
#7324 = CARTESIAN_POINT('',(28.597687097155,21.7,243.95027674459));
#7325 = ELLIPSE('',#7326,10.25,2.25);
#7326 = AXIS2_PLACEMENT_3D('',#7327,#7328,#7329);
#7327 = CARTESIAN_POINT('',(26.487663827273,23.,238.2667023543));
#7328 = DIRECTION('',(0.135145201901,0.975609756098,0.172977970304));
#7329 = DIRECTION('',(0.600645341781,-0.219512195122,0.768790979129));
#7330 = ORIENTED_EDGE('',*,*,#7331,.T.);
#7331 = EDGE_CURVE('',#7323,#7332,#7334,.T.);
#7332 = VERTEX_POINT('',#7333);
#7333 = CARTESIAN_POINT('',(28.865820775294,21.7,243.74078775587));
#7334 = LINE('',#7335,#7336);
#7335 = CARTESIAN_POINT('',(45.411028713375,21.7,230.81425460629));
#7336 = VECTOR('',#7337,1.);
#7337 = DIRECTION('',(0.788010753607,0.,-0.615661475326));
#7338 = ORIENTED_EDGE('',*,*,#7339,.F.);
#7339 = EDGE_CURVE('',#7340,#7332,#7342,.T.);
#7340 = VERTEX_POINT('',#7341);
#7341 = CARTESIAN_POINT('',(28.049541177833,23.,237.04643002994));
#7342 = ELLIPSE('',#7343,9.029342567814,1.982050807569);
#7343 = AXIS2_PLACEMENT_3D('',#7344,#7345,#7346);
#7344 = CARTESIAN_POINT('',(26.487663827273,23.,238.2667023543));
#7345 = DIRECTION('',(0.135145201901,0.975609756098,0.172977970304));
#7346 = DIRECTION('',(-0.600645341781,0.219512195122,-0.768790979129));
#7347 = ORIENTED_EDGE('',*,*,#7348,.F.);
#7348 = EDGE_CURVE('',#7349,#7340,#7351,.T.);
#7349 = VERTEX_POINT('',#7350);
#7350 = CARTESIAN_POINT('',(31.223817260794,21.7,241.8985189944));
#7351 = ELLIPSE('',#7352,9.029342567814,1.982050807569);
#7352 = AXIS2_PLACEMENT_3D('',#7353,#7354,#7355);
#7353 = CARTESIAN_POINT('',(26.487663827273,23.,238.2667023543));
#7354 = DIRECTION('',(0.135145201901,0.975609756098,0.172977970304));
#7355 = DIRECTION('',(-0.600645341781,0.219512195122,-0.768790979129));
#7356 = ORIENTED_EDGE('',*,*,#7357,.T.);
#7357 = EDGE_CURVE('',#7349,#7358,#7360,.T.);
#7358 = VERTEX_POINT('',#7359);
#7359 = CARTESIAN_POINT('',(31.491950938933,21.7,241.68903000569));
#7360 = LINE('',#7361,#7362);
#7361 = CARTESIAN_POINT('',(45.411028713375,21.7,230.81425460629));
#7362 = VECTOR('',#7363,1.);
#7363 = DIRECTION('',(0.788010753607,0.,-0.615661475326));
#7364 = ORIENTED_EDGE('',*,*,#7365,.F.);
#7365 = EDGE_CURVE('',#7366,#7358,#7368,.T.);
#7366 = VERTEX_POINT('',#7367);
#7367 = CARTESIAN_POINT('',(32.795861949963,20.98,244.73116136276));
#7368 = ELLIPSE('',#7369,10.25,2.25);
#7369 = AXIS2_PLACEMENT_3D('',#7370,#7371,#7372);
#7370 = CARTESIAN_POINT('',(26.487663827273,23.,238.2667023543));
#7371 = DIRECTION('',(0.135145201901,0.975609756098,0.172977970304));
#7372 = DIRECTION('',(0.600645341781,-0.219512195122,0.768790979129));
#7373 = ORIENTED_EDGE('',*,*,#7374,.T.);
#7374 = EDGE_CURVE('',#7366,#7375,#7377,.T.);
#7375 = VERTEX_POINT('',#7376);
#7376 = CARTESIAN_POINT('',(35.359073637782,20.98,242.72856091337));
#7377 = LINE('',#7378,#7379);
#7378 = CARTESIAN_POINT('',(47.381145434417,20.98,233.33588901783));
#7379 = VECTOR('',#7380,1.);
#7380 = DIRECTION('',(0.788010753607,0.,-0.615661475326));
#7381 = ORIENTED_EDGE('',*,*,#7382,.F.);
#7382 = EDGE_CURVE('',#7383,#7375,#7385,.T.);
#7383 = VERTEX_POINT('',#7384);
#7384 = CARTESIAN_POINT('',(36.797599580609,20.35,245.15791227309));
#7385 = ELLIPSE('',#7386,21.411111111111,4.7);
#7386 = AXIS2_PLACEMENT_3D('',#7387,#7388,#7389);
#7387 = CARTESIAN_POINT('',(26.487663827273,23.,238.2667023543));
#7388 = DIRECTION('',(0.135145201901,0.975609756098,0.172977970304));
#7389 = DIRECTION('',(0.600645341781,-0.219512195122,0.768790979129));
#7390 = ORIENTED_EDGE('',*,*,#7391,.T.);
#7391 = EDGE_CURVE('',#7383,#7392,#7394,.T.);
#7392 = VERTEX_POINT('',#7393);
#7393 = CARTESIAN_POINT('',(37.26442054692,20.35,244.79319176196));
#7394 = LINE('',#7395,#7396);
#7395 = CARTESIAN_POINT('',(49.104997565329,20.35,235.54231912793));
#7396 = VECTOR('',#7397,1.);
#7397 = DIRECTION('',(0.788010753607,0.,-0.615661475326));
#7398 = ORIENTED_EDGE('',*,*,#7399,.F.);
#7399 = EDGE_CURVE('',#7219,#7392,#7400,.T.);
#7400 = ELLIPSE('',#7401,23.688888888889,5.2);
#7401 = AXIS2_PLACEMENT_3D('',#7402,#7403,#7404);
#7402 = CARTESIAN_POINT('',(26.487663827273,23.,238.2667023543));
#7403 = DIRECTION('',(0.135145201901,0.975609756098,0.172977970304));
#7404 = DIRECTION('',(0.600645341781,-0.219512195122,0.768790979129));
#7405 = ORIENTED_EDGE('',*,*,#7227,.F.);
#7406 = ORIENTED_EDGE('',*,*,#7407,.F.);
#7407 = EDGE_CURVE('',#7408,#7228,#7410,.T.);
#7408 = VERTEX_POINT('',#7409);
#7409 = CARTESIAN_POINT('',(53.853477801277,20.35,231.83239977183));
#7410 = ELLIPSE('',#7411,23.688888888889,5.2);
#7411 = AXIS2_PLACEMENT_3D('',#7412,#7413,#7414);
#7412 = CARTESIAN_POINT('',(50.127986435475,23.,219.79685809453));
#7413 = DIRECTION('',(0.135145201901,0.975609756098,0.172977970304));
#7414 = DIRECTION('',(0.600645341781,-0.219512195122,0.768790979129));
#7415 = ORIENTED_EDGE('',*,*,#7416,.T.);
#7416 = EDGE_CURVE('',#7408,#7417,#7419,.T.);
#7417 = VERTEX_POINT('',#7418);
#7418 = CARTESIAN_POINT('',(54.320298767588,20.35,231.4676792607));
#7419 = LINE('',#7420,#7421);
#7420 = CARTESIAN_POINT('',(60.92515886943,20.35,226.30739699804));
#7421 = VECTOR('',#7422,1.);
#7422 = DIRECTION('',(0.788010753607,0.,-0.615661475326));
#7423 = ORIENTED_EDGE('',*,*,#7424,.F.);
#7424 = EDGE_CURVE('',#7425,#7417,#7427,.T.);
#7425 = VERTEX_POINT('',#7426);
#7426 = CARTESIAN_POINT('',(52.311120448592,20.98,229.48417040022));
#7427 = ELLIPSE('',#7428,21.411111111111,4.7);
#7428 = AXIS2_PLACEMENT_3D('',#7429,#7430,#7431);
#7429 = CARTESIAN_POINT('',(50.127986435475,23.,219.79685809453));
#7430 = DIRECTION('',(0.135145201901,0.975609756098,0.172977970304));
#7431 = DIRECTION('',(0.600645341781,-0.219512195122,0.768790979129));
#7432 = ORIENTED_EDGE('',*,*,#7433,.T.);
#7433 = EDGE_CURVE('',#7425,#7434,#7436,.T.);
#7434 = VERTEX_POINT('',#7435);
#7435 = CARTESIAN_POINT('',(54.874332136411,20.98,227.48156995083));
#7436 = LINE('',#7437,#7438);
#7437 = CARTESIAN_POINT('',(59.201306738518,20.98,224.10096688794));
#7438 = VECTOR('',#7439,1.);
#7439 = DIRECTION('',(0.788010753607,0.,-0.615661475326));
#7440 = ORIENTED_EDGE('',*,*,#7441,.F.);
#7441 = EDGE_CURVE('',#7442,#7434,#7444,.T.);
#7442 = VERTEX_POINT('',#7443);
#7443 = CARTESIAN_POINT('',(52.238009705357,21.7,225.48043248482));
#7444 = ELLIPSE('',#7445,10.25,2.25);
#7445 = AXIS2_PLACEMENT_3D('',#7446,#7447,#7448);
#7446 = CARTESIAN_POINT('',(50.127986435475,23.,219.79685809453));
#7447 = DIRECTION('',(0.135145201901,0.975609756098,0.172977970304));
#7448 = DIRECTION('',(0.600645341781,-0.219512195122,0.768790979129));
#7449 = ORIENTED_EDGE('',*,*,#7450,.T.);
#7450 = EDGE_CURVE('',#7442,#7451,#7453,.T.);
#7451 = VERTEX_POINT('',#7452);
#7452 = CARTESIAN_POINT('',(52.506143383495,21.7,225.27094349611));
#7453 = LINE('',#7454,#7455);
#7454 = CARTESIAN_POINT('',(57.231190017476,21.7,221.5793324764));
#7455 = VECTOR('',#7456,1.);
#7456 = DIRECTION('',(0.788010753607,0.,-0.615661475326));
#7457 = ORIENTED_EDGE('',*,*,#7458,.F.);
#7458 = EDGE_CURVE('',#7459,#7451,#7461,.T.);
#7459 = VERTEX_POINT('',#7460);
#7460 = CARTESIAN_POINT('',(51.689863786034,23.,218.57658577017));
#7461 = ELLIPSE('',#7462,9.029342567814,1.982050807569);
#7462 = AXIS2_PLACEMENT_3D('',#7463,#7464,#7465);
#7463 = CARTESIAN_POINT('',(50.127986435475,23.,219.79685809453));
#7464 = DIRECTION('',(0.135145201901,0.975609756098,0.172977970304));
#7465 = DIRECTION('',(-0.600645341781,0.219512195122,-0.768790979129));
#7466 = ORIENTED_EDGE('',*,*,#7467,.F.);
#7467 = EDGE_CURVE('',#7468,#7459,#7470,.T.);
#7468 = VERTEX_POINT('',#7469);
#7469 = CARTESIAN_POINT('',(54.864139868996,21.7,223.42867473463));
#7470 = ELLIPSE('',#7471,9.029342567814,1.982050807569);
#7471 = AXIS2_PLACEMENT_3D('',#7472,#7473,#7474);
#7472 = CARTESIAN_POINT('',(50.127986435475,23.,219.79685809453));
#7473 = DIRECTION('',(0.135145201901,0.975609756098,0.172977970304));
#7474 = DIRECTION('',(-0.600645341781,0.219512195122,-0.768790979129));
#7475 = ORIENTED_EDGE('',*,*,#7476,.T.);
#7476 = EDGE_CURVE('',#7468,#7477,#7479,.T.);
#7477 = VERTEX_POINT('',#7478);
#7478 = CARTESIAN_POINT('',(55.132273547134,21.7,223.21918574592));
#7479 = LINE('',#7480,#7481);
#7480 = CARTESIAN_POINT('',(57.231190017476,21.7,221.5793324764));
#7481 = VECTOR('',#7482,1.);
#7482 = DIRECTION('',(0.788010753607,0.,-0.615661475326));
#7483 = ORIENTED_EDGE('',*,*,#7484,.F.);
#7484 = EDGE_CURVE('',#7485,#7477,#7487,.T.);
#7485 = VERTEX_POINT('',#7486);
#7486 = CARTESIAN_POINT('',(56.436184558164,20.98,226.26131710299));
#7487 = ELLIPSE('',#7488,10.25,2.25);
#7488 = AXIS2_PLACEMENT_3D('',#7489,#7490,#7491);
#7489 = CARTESIAN_POINT('',(50.127986435475,23.,219.79685809453));
#7490 = DIRECTION('',(0.135145201901,0.975609756098,0.172977970304));
#7491 = DIRECTION('',(0.600645341781,-0.219512195122,0.768790979129));
#7492 = ORIENTED_EDGE('',*,*,#7493,.T.);
#7493 = EDGE_CURVE('',#7485,#7494,#7496,.T.);
#7494 = VERTEX_POINT('',#7495);
#7495 = CARTESIAN_POINT('',(58.999396245984,20.98,224.2587166536));
#7496 = LINE('',#7497,#7498);
#7497 = CARTESIAN_POINT('',(59.201306738518,20.98,224.10096688794));
#7498 = VECTOR('',#7499,1.);
#7499 = DIRECTION('',(0.788010753607,0.,-0.615661475326));
#7500 = ORIENTED_EDGE('',*,*,#7501,.F.);
#7501 = EDGE_CURVE('',#7502,#7494,#7504,.T.);
#7502 = VERTEX_POINT('',#7503);
#7503 = CARTESIAN_POINT('',(60.437922188811,20.35,226.68806801332));
#7504 = ELLIPSE('',#7505,21.411111111111,4.7);
#7505 = AXIS2_PLACEMENT_3D('',#7506,#7507,#7508);
#7506 = CARTESIAN_POINT('',(50.127986435475,23.,219.79685809453));
#7507 = DIRECTION('',(0.135145201901,0.975609756098,0.172977970304));
#7508 = DIRECTION('',(0.600645341781,-0.219512195122,0.768790979129));
#7509 = ORIENTED_EDGE('',*,*,#7510,.T.);
#7510 = EDGE_CURVE('',#7502,#7511,#7513,.T.);
#7511 = VERTEX_POINT('',#7512);
#7512 = CARTESIAN_POINT('',(60.904743155122,20.35,226.32334750219));
#7513 = LINE('',#7514,#7515);
#7514 = CARTESIAN_POINT('',(60.92515886943,20.35,226.30739699804));
#7515 = VECTOR('',#7516,1.);
#7516 = DIRECTION('',(0.788010753607,0.,-0.615661475326));
#7517 = ORIENTED_EDGE('',*,*,#7518,.F.);
#7518 = EDGE_CURVE('',#7177,#7511,#7519,.T.);
#7519 = ELLIPSE('',#7520,23.688888888889,5.2);
#7520 = AXIS2_PLACEMENT_3D('',#7521,#7522,#7523);
#7521 = CARTESIAN_POINT('',(50.127986435475,23.,219.79685809453));
#7522 = DIRECTION('',(0.135145201901,0.975609756098,0.172977970304));
#7523 = DIRECTION('',(0.600645341781,-0.219512195122,0.768790979129));
#7524 = ORIENTED_EDGE('',*,*,#7176,.F.);
#7525 = PLANE('',#7526);
#7526 = AXIS2_PLACEMENT_3D('',#7527,#7528,#7529);
#7527 = CARTESIAN_POINT('',(43.538717099588,28.,196.74455473645));
#7528 = DIRECTION('',(0.135145201901,0.975609756098,0.172977970304));
#7529 = DIRECTION('',(0.600645341781,-0.219512195122,0.768790979129));
#7530 = ADVANCED_FACE('',(#7531,#7543),#7761,.T.);
#7531 = FACE_BOUND('',#7532,.T.);
#7532 = EDGE_LOOP('',(#7533,#7534,#7535,#7536,#7537));
#7533 = ORIENTED_EDGE('',*,*,#6716,.F.);
#7534 = ORIENTED_EDGE('',*,*,#6752,.F.);
#7535 = ORIENTED_EDGE('',*,*,#6670,.T.);
#7536 = ORIENTED_EDGE('',*,*,#7273,.T.);
#7537 = ORIENTED_EDGE('',*,*,#7538,.F.);
#7538 = EDGE_CURVE('',#6719,#7274,#7539,.T.);
#7539 = LINE('',#7540,#7541);
#7540 = CARTESIAN_POINT('',(-18.91225808656,28.,194.77587540781));
#7541 = VECTOR('',#7542,1.);
#7542 = DIRECTION('',(0.615661475326,0.,0.788010753607));
#7543 = FACE_BOUND('',#7544,.T.);
#7544 = EDGE_LOOP('',(#7545,#7556,#7565,#7574,#7583,#7592,#7601,#7610,
    #7619,#7628,#7637,#7646,#7655,#7664,#7673,#7682,#7691,#7700,#7709,
    #7718,#7727,#7736,#7745,#7754));
#7545 = ORIENTED_EDGE('',*,*,#7546,.T.);
#7546 = EDGE_CURVE('',#7547,#7549,#7551,.T.);
#7547 = VERTEX_POINT('',#7548);
#7548 = CARTESIAN_POINT('',(8.037709686788,28.,173.72025295167));
#7549 = VERTEX_POINT('',#7550);
#7550 = CARTESIAN_POINT('',(7.054378862674,28.,172.63279300807));
#7551 = CIRCLE('',#7552,10.2);
#7552 = AXIS2_PLACEMENT_3D('',#7553,#7554,#7555);
#7553 = CARTESIAN_POINT('',(0.,28.,180.));
#7554 = DIRECTION('',(0.,1.,-0.));
#7555 = DIRECTION('',(-0.788010753607,0.,0.615661475326));
#7556 = ORIENTED_EDGE('',*,*,#7557,.T.);
#7557 = EDGE_CURVE('',#7549,#7558,#7560,.T.);
#7558 = VERTEX_POINT('',#7559);
#7559 = CARTESIAN_POINT('',(8.95486885882,28.,169.00116815246));
#7560 = CIRCLE('',#7561,2.25);
#7561 = AXIS2_PLACEMENT_3D('',#7562,#7563,#7564);
#7562 = CARTESIAN_POINT('',(7.181844663205,28.,170.38640647194));
#7563 = DIRECTION('',(0.,1.,-0.));
#7564 = DIRECTION('',(-0.788010753607,0.,0.615661475326));
#7565 = ORIENTED_EDGE('',*,*,#7566,.T.);
#7566 = EDGE_CURVE('',#7558,#7567,#7569,.T.);
#7567 = VERTEX_POINT('',#7568);
#7568 = CARTESIAN_POINT('',(5.063859330871,28.,171.14577340039));
#7569 = CIRCLE('',#7570,2.25);
#7570 = AXIS2_PLACEMENT_3D('',#7571,#7572,#7573);
#7571 = CARTESIAN_POINT('',(7.181844663205,28.,170.38640647194));
#7572 = DIRECTION('',(0.,1.,-0.));
#7573 = DIRECTION('',(-0.788010753607,0.,0.615661475326));
#7574 = ORIENTED_EDGE('',*,*,#7575,.T.);
#7575 = EDGE_CURVE('',#7567,#7576,#7578,.T.);
#7576 = VERTEX_POINT('',#7577);
#7577 = CARTESIAN_POINT('',(-2.85299421285,28.,170.20712381261));
#7578 = CIRCLE('',#7579,10.2);
#7579 = AXIS2_PLACEMENT_3D('',#7580,#7581,#7582);
#7580 = CARTESIAN_POINT('',(0.,28.,180.));
#7581 = DIRECTION('',(0.,1.,-0.));
#7582 = DIRECTION('',(-0.788010753607,0.,0.615661475326));
#7583 = ORIENTED_EDGE('',*,*,#7584,.T.);
#7584 = EDGE_CURVE('',#7576,#7585,#7587,.T.);
#7585 = VERTEX_POINT('',#7586);
#7586 = CARTESIAN_POINT('',(-2.961670427855,28.,167.5883119993));
#7587 = CIRCLE('',#7588,2.25);
#7588 = AXIS2_PLACEMENT_3D('',#7589,#7590,#7591);
#7589 = CARTESIAN_POINT('',(-4.73469462347,28.,168.97355031878));
#7590 = DIRECTION('',(0.,1.,-0.));
#7591 = DIRECTION('',(-0.788010753607,0.,0.615661475326));
#7592 = ORIENTED_EDGE('',*,*,#7593,.T.);
#7593 = EDGE_CURVE('',#7585,#7594,#7596,.T.);
#7594 = VERTEX_POINT('',#7595);
#7595 = CARTESIAN_POINT('',(-6.507718819085,28.,170.35878863827));
#7596 = CIRCLE('',#7597,2.25);
#7597 = AXIS2_PLACEMENT_3D('',#7598,#7599,#7600);
#7598 = CARTESIAN_POINT('',(-4.73469462347,28.,168.97355031878));
#7599 = DIRECTION('',(0.,1.,-0.));
#7600 = DIRECTION('',(-0.788010753607,0.,0.615661475326));
#7601 = ORIENTED_EDGE('',*,*,#7602,.T.);
#7602 = EDGE_CURVE('',#7594,#7603,#7605,.T.);
#7603 = VERTEX_POINT('',#7604);
#7604 = CARTESIAN_POINT('',(-5.136064846258,28.,171.18746132518));
#7605 = CIRCLE('',#7606,2.25);
#7606 = AXIS2_PLACEMENT_3D('',#7607,#7608,#7609);
#7607 = CARTESIAN_POINT('',(-4.73469462347,28.,168.97355031878));
#7608 = DIRECTION('',(0.,1.,-0.));
#7609 = DIRECTION('',(-0.788010753607,0.,0.615661475326));
#7610 = ORIENTED_EDGE('',*,*,#7611,.T.);
#7611 = EDGE_CURVE('',#7603,#7612,#7614,.T.);
#7612 = VERTEX_POINT('',#7613);
#7613 = CARTESIAN_POINT('',(-9.907379237331,28.,177.57433789498));
#7614 = CIRCLE('',#7615,10.2);
#7615 = AXIS2_PLACEMENT_3D('',#7616,#7617,#7618);
#7616 = CARTESIAN_POINT('',(0.,28.,180.));
#7617 = DIRECTION('',(0.,1.,-0.));
#7618 = DIRECTION('',(-0.788010753607,0.,0.615661475326));
#7619 = ORIENTED_EDGE('',*,*,#7620,.T.);
#7620 = EDGE_CURVE('',#7612,#7621,#7623,.T.);
#7621 = VERTEX_POINT('',#7622);
#7622 = CARTESIAN_POINT('',(-10.14351509106,28.,177.20190552735));
#7623 = CIRCLE('',#7624,2.25);
#7624 = AXIS2_PLACEMENT_3D('',#7625,#7626,#7627);
#7625 = CARTESIAN_POINT('',(-11.91653928667,28.,178.58714384684));
#7626 = DIRECTION('',(0.,1.,-0.));
#7627 = DIRECTION('',(-0.788010753607,0.,0.615661475326));
#7628 = ORIENTED_EDGE('',*,*,#7629,.T.);
#7629 = EDGE_CURVE('',#7621,#7630,#7632,.T.);
#7630 = VERTEX_POINT('',#7631);
#7631 = CARTESIAN_POINT('',(-13.68956348229,28.,179.97238216632));
#7632 = CIRCLE('',#7633,2.25);
#7633 = AXIS2_PLACEMENT_3D('',#7634,#7635,#7636);
#7634 = CARTESIAN_POINT('',(-11.91653928667,28.,178.58714384684));
#7635 = DIRECTION('',(0.,1.,-0.));
#7636 = DIRECTION('',(-0.788010753607,0.,0.615661475326));
#7637 = ORIENTED_EDGE('',*,*,#7638,.T.);
#7638 = EDGE_CURVE('',#7630,#7639,#7641,.T.);
#7639 = VERTEX_POINT('',#7640);
#7640 = CARTESIAN_POINT('',(-10.1999148066,28.,180.04168858469));
#7641 = CIRCLE('',#7642,2.25);
#7642 = AXIS2_PLACEMENT_3D('',#7643,#7644,#7645);
#7643 = CARTESIAN_POINT('',(-11.91653928667,28.,178.58714384684));
#7644 = DIRECTION('',(0.,1.,-0.));
#7645 = DIRECTION('',(-0.788010753607,0.,0.615661475326));
#7646 = ORIENTED_EDGE('',*,*,#7647,.T.);
#7647 = EDGE_CURVE('',#7639,#7648,#7650,.T.);
#7648 = VERTEX_POINT('',#7649);
#7649 = CARTESIAN_POINT('',(-8.037709686789,28.,186.27974704832));
#7650 = CIRCLE('',#7651,10.2);
#7651 = AXIS2_PLACEMENT_3D('',#7652,#7653,#7654);
#7652 = CARTESIAN_POINT('',(0.,28.,180.));
#7653 = DIRECTION('',(0.,1.,-0.));
#7654 = DIRECTION('',(-0.788010753607,0.,0.615661475326));
#7655 = ORIENTED_EDGE('',*,*,#7656,.T.);
#7656 = EDGE_CURVE('',#7648,#7657,#7659,.T.);
#7657 = VERTEX_POINT('',#7658);
#7658 = CARTESIAN_POINT('',(-7.054378862674,28.,187.36720699192));
#7659 = CIRCLE('',#7660,10.2);
#7660 = AXIS2_PLACEMENT_3D('',#7661,#7662,#7663);
#7661 = CARTESIAN_POINT('',(0.,28.,180.));
#7662 = DIRECTION('',(0.,1.,-0.));
#7663 = DIRECTION('',(-0.788010753607,0.,0.615661475326));
#7664 = ORIENTED_EDGE('',*,*,#7665,.T.);
#7665 = EDGE_CURVE('',#7657,#7666,#7668,.T.);
#7666 = VERTEX_POINT('',#7667);
#7667 = CARTESIAN_POINT('',(-8.95486885882,28.,190.99883184753));
#7668 = CIRCLE('',#7669,2.25);
#7669 = AXIS2_PLACEMENT_3D('',#7670,#7671,#7672);
#7670 = CARTESIAN_POINT('',(-7.181844663205,28.,189.61359352805));
#7671 = DIRECTION('',(0.,1.,-0.));
#7672 = DIRECTION('',(-0.788010753607,0.,0.615661475326));
#7673 = ORIENTED_EDGE('',*,*,#7674,.T.);
#7674 = EDGE_CURVE('',#7666,#7675,#7677,.T.);
#7675 = VERTEX_POINT('',#7676);
#7676 = CARTESIAN_POINT('',(-5.063859330871,28.,188.8542265996));
#7677 = CIRCLE('',#7678,2.25);
#7678 = AXIS2_PLACEMENT_3D('',#7679,#7680,#7681);
#7679 = CARTESIAN_POINT('',(-7.181844663205,28.,189.61359352805));
#7680 = DIRECTION('',(0.,1.,-0.));
#7681 = DIRECTION('',(-0.788010753607,0.,0.615661475326));
#7682 = ORIENTED_EDGE('',*,*,#7683,.T.);
#7683 = EDGE_CURVE('',#7675,#7684,#7686,.T.);
#7684 = VERTEX_POINT('',#7685);
#7685 = CARTESIAN_POINT('',(2.85299421285,28.,189.79287618738));
#7686 = CIRCLE('',#7687,10.2);
#7687 = AXIS2_PLACEMENT_3D('',#7688,#7689,#7690);
#7688 = CARTESIAN_POINT('',(0.,28.,180.));
#7689 = DIRECTION('',(0.,1.,-0.));
#7690 = DIRECTION('',(-0.788010753607,0.,0.615661475326));
#7691 = ORIENTED_EDGE('',*,*,#7692,.T.);
#7692 = EDGE_CURVE('',#7684,#7693,#7695,.T.);
#7693 = VERTEX_POINT('',#7694);
#7694 = CARTESIAN_POINT('',(2.961670427855,28.,192.41168800069));
#7695 = CIRCLE('',#7696,2.25);
#7696 = AXIS2_PLACEMENT_3D('',#7697,#7698,#7699);
#7697 = CARTESIAN_POINT('',(4.73469462347,28.,191.02644968121));
#7698 = DIRECTION('',(0.,1.,-0.));
#7699 = DIRECTION('',(-0.788010753607,0.,0.615661475326));
#7700 = ORIENTED_EDGE('',*,*,#7701,.T.);
#7701 = EDGE_CURVE('',#7693,#7702,#7704,.T.);
#7702 = VERTEX_POINT('',#7703);
#7703 = CARTESIAN_POINT('',(6.507718819086,28.,189.64121136172));
#7704 = CIRCLE('',#7705,2.25);
#7705 = AXIS2_PLACEMENT_3D('',#7706,#7707,#7708);
#7706 = CARTESIAN_POINT('',(4.73469462347,28.,191.02644968121));
#7707 = DIRECTION('',(0.,1.,-0.));
#7708 = DIRECTION('',(-0.788010753607,0.,0.615661475326));
#7709 = ORIENTED_EDGE('',*,*,#7710,.T.);
#7710 = EDGE_CURVE('',#7702,#7711,#7713,.T.);
#7711 = VERTEX_POINT('',#7712);
#7712 = CARTESIAN_POINT('',(5.136064846258,28.,188.81253867481));
#7713 = CIRCLE('',#7714,2.25);
#7714 = AXIS2_PLACEMENT_3D('',#7715,#7716,#7717);
#7715 = CARTESIAN_POINT('',(4.73469462347,28.,191.02644968121));
#7716 = DIRECTION('',(0.,1.,-0.));
#7717 = DIRECTION('',(-0.788010753607,0.,0.615661475326));
#7718 = ORIENTED_EDGE('',*,*,#7719,.T.);
#7719 = EDGE_CURVE('',#7711,#7720,#7722,.T.);
#7720 = VERTEX_POINT('',#7721);
#7721 = CARTESIAN_POINT('',(9.907375646648,28.,182.42567677076));
#7722 = CIRCLE('',#7723,10.2);
#7723 = AXIS2_PLACEMENT_3D('',#7724,#7725,#7726);
#7724 = CARTESIAN_POINT('',(0.,28.,180.));
#7725 = DIRECTION('',(0.,1.,-0.));
#7726 = DIRECTION('',(-0.788010753607,0.,0.615661475326));
#7727 = ORIENTED_EDGE('',*,*,#7728,.T.);
#7728 = EDGE_CURVE('',#7720,#7729,#7731,.T.);
#7729 = VERTEX_POINT('',#7730);
#7730 = CARTESIAN_POINT('',(10.143507210953,28.,182.79810062925));
#7731 = CIRCLE('',#7732,2.25);
#7732 = AXIS2_PLACEMENT_3D('',#7733,#7734,#7735);
#7733 = CARTESIAN_POINT('',(11.916531406568,28.,181.41286230977));
#7734 = DIRECTION('',(0.,1.,-0.));
#7735 = DIRECTION('',(-0.788010753607,0.,0.615661475326));
#7736 = ORIENTED_EDGE('',*,*,#7737,.T.);
#7737 = EDGE_CURVE('',#7729,#7738,#7740,.T.);
#7738 = VERTEX_POINT('',#7739);
#7739 = CARTESIAN_POINT('',(13.689555602183,28.,180.02762399029));
#7740 = CIRCLE('',#7741,2.25);
#7741 = AXIS2_PLACEMENT_3D('',#7742,#7743,#7744);
#7742 = CARTESIAN_POINT('',(11.916531406568,28.,181.41286230977));
#7743 = DIRECTION('',(0.,1.,-0.));
#7744 = DIRECTION('',(-0.788010753607,0.,0.615661475326));
#7745 = ORIENTED_EDGE('',*,*,#7746,.T.);
#7746 = EDGE_CURVE('',#7738,#7747,#7749,.T.);
#7747 = VERTEX_POINT('',#7748);
#7748 = CARTESIAN_POINT('',(10.199914793815,28.,179.95830828712));
#7749 = CIRCLE('',#7750,2.25);
#7750 = AXIS2_PLACEMENT_3D('',#7751,#7752,#7753);
#7751 = CARTESIAN_POINT('',(11.916531406568,28.,181.41286230977));
#7752 = DIRECTION('',(0.,1.,-0.));
#7753 = DIRECTION('',(-0.788010753607,0.,0.615661475326));
#7754 = ORIENTED_EDGE('',*,*,#7755,.T.);
#7755 = EDGE_CURVE('',#7747,#7547,#7756,.T.);
#7756 = CIRCLE('',#7757,10.2);
#7757 = AXIS2_PLACEMENT_3D('',#7758,#7759,#7760);
#7758 = CARTESIAN_POINT('',(0.,28.,180.));
#7759 = DIRECTION('',(0.,1.,-0.));
#7760 = DIRECTION('',(-0.788010753607,0.,0.615661475326));
#7761 = PLANE('',#7762);
#7762 = AXIS2_PLACEMENT_3D('',#7763,#7764,#7765);
#7763 = CARTESIAN_POINT('',(6.245830422802,28.,188.54893648147));
#7764 = DIRECTION('',(0.,-1.,-0.));
#7765 = DIRECTION('',(0.788010753607,0.,-0.615661475326));
#7766 = ADVANCED_FACE('',(#7767),#7775,.T.);
#7767 = FACE_BOUND('',#7768,.T.);
#7768 = EDGE_LOOP('',(#7769,#7770,#7771,#7772,#7773,#7774));
#7769 = ORIENTED_EDGE('',*,*,#6727,.F.);
#7770 = ORIENTED_EDGE('',*,*,#7538,.T.);
#7771 = ORIENTED_EDGE('',*,*,#7281,.T.);
#7772 = ORIENTED_EDGE('',*,*,#7202,.T.);
#7773 = ORIENTED_EDGE('',*,*,#7161,.T.);
#7774 = ORIENTED_EDGE('',*,*,#6768,.T.);
#7775 = PLANE('',#7776);
#7776 = AXIS2_PLACEMENT_3D('',#7777,#7778,#7779);
#7777 = CARTESIAN_POINT('',(5.610838737738,30.283748568759,
    226.16400798353));
#7778 = DIRECTION('',(-0.788010753607,0.,0.615661475326));
#7779 = DIRECTION('',(0.615661475326,0.,0.788010753607));
#7780 = ADVANCED_FACE('',(#7781),#7799,.F.);
#7781 = FACE_BOUND('',#7782,.F.);
#7782 = EDGE_LOOP('',(#7783,#7784,#7790,#7791,#7792,#7793));
#7783 = ORIENTED_EDGE('',*,*,#7575,.T.);
#7784 = ORIENTED_EDGE('',*,*,#7785,.T.);
#7785 = EDGE_CURVE('',#7576,#7095,#7786,.T.);
#7786 = LINE('',#7787,#7788);
#7787 = CARTESIAN_POINT('',(-2.85299421285,28.,170.20712381261));
#7788 = VECTOR('',#7789,1.);
#7789 = DIRECTION('',(0.,1.,0.));
#7790 = ORIENTED_EDGE('',*,*,#7103,.F.);
#7791 = ORIENTED_EDGE('',*,*,#6786,.F.);
#7792 = ORIENTED_EDGE('',*,*,#6797,.F.);
#7793 = ORIENTED_EDGE('',*,*,#7794,.F.);
#7794 = EDGE_CURVE('',#7567,#6798,#7795,.T.);
#7795 = LINE('',#7796,#7797);
#7796 = CARTESIAN_POINT('',(5.063859330871,28.,171.14577340039));
#7797 = VECTOR('',#7798,1.);
#7798 = DIRECTION('',(0.,1.,0.));
#7799 = CYLINDRICAL_SURFACE('',#7800,10.2);
#7800 = AXIS2_PLACEMENT_3D('',#7801,#7802,#7803);
#7801 = CARTESIAN_POINT('',(0.,28.,180.));
#7802 = DIRECTION('',(0.,1.,0.));
#7803 = DIRECTION('',(-0.788010753607,0.,0.615661475326));
#7804 = ADVANCED_FACE('',(#7805),#7818,.F.);
#7805 = FACE_BOUND('',#7806,.T.);
#7806 = EDGE_LOOP('',(#7807,#7808,#7809,#7815,#7816,#7817));
#7807 = ORIENTED_EDGE('',*,*,#7566,.F.);
#7808 = ORIENTED_EDGE('',*,*,#7557,.F.);
#7809 = ORIENTED_EDGE('',*,*,#7810,.T.);
#7810 = EDGE_CURVE('',#7549,#6816,#7811,.T.);
#7811 = LINE('',#7812,#7813);
#7812 = CARTESIAN_POINT('',(7.054378862674,28.,172.63279300807));
#7813 = VECTOR('',#7814,1.);
#7814 = DIRECTION('',(0.,1.,0.));
#7815 = ORIENTED_EDGE('',*,*,#6815,.T.);
#7816 = ORIENTED_EDGE('',*,*,#6806,.T.);
#7817 = ORIENTED_EDGE('',*,*,#7794,.F.);
#7818 = CYLINDRICAL_SURFACE('',#7819,2.25);
#7819 = AXIS2_PLACEMENT_3D('',#7820,#7821,#7822);
#7820 = CARTESIAN_POINT('',(7.181844663205,28.,170.38640647194));
#7821 = DIRECTION('',(0.,1.,0.));
#7822 = DIRECTION('',(-0.788010753607,0.,0.615661475326));
#7823 = ADVANCED_FACE('',(#7824),#7839,.F.);
#7824 = FACE_BOUND('',#7825,.F.);
#7825 = EDGE_LOOP('',(#7826,#7827,#7828,#7829,#7830,#7831,#7832,#7833));
#7826 = ORIENTED_EDGE('',*,*,#7755,.T.);
#7827 = ORIENTED_EDGE('',*,*,#7546,.T.);
#7828 = ORIENTED_EDGE('',*,*,#7810,.T.);
#7829 = ORIENTED_EDGE('',*,*,#6824,.F.);
#7830 = ORIENTED_EDGE('',*,*,#6833,.F.);
#7831 = ORIENTED_EDGE('',*,*,#6842,.F.);
#7832 = ORIENTED_EDGE('',*,*,#6851,.F.);
#7833 = ORIENTED_EDGE('',*,*,#7834,.F.);
#7834 = EDGE_CURVE('',#7747,#6852,#7835,.T.);
#7835 = LINE('',#7836,#7837);
#7836 = CARTESIAN_POINT('',(10.199914793815,28.,179.95830828712));
#7837 = VECTOR('',#7838,1.);
#7838 = DIRECTION('',(0.,1.,0.));
#7839 = CYLINDRICAL_SURFACE('',#7840,10.2);
#7840 = AXIS2_PLACEMENT_3D('',#7841,#7842,#7843);
#7841 = CARTESIAN_POINT('',(0.,28.,180.));
#7842 = DIRECTION('',(0.,1.,0.));
#7843 = DIRECTION('',(-0.788010753607,0.,0.615661475326));
#7844 = ADVANCED_FACE('',(#7845),#7860,.F.);
#7845 = FACE_BOUND('',#7846,.T.);
#7846 = EDGE_LOOP('',(#7847,#7848,#7849,#7850,#7851,#7852,#7853,#7859));
#7847 = ORIENTED_EDGE('',*,*,#6869,.T.);
#7848 = ORIENTED_EDGE('',*,*,#6860,.T.);
#7849 = ORIENTED_EDGE('',*,*,#7834,.F.);
#7850 = ORIENTED_EDGE('',*,*,#7746,.F.);
#7851 = ORIENTED_EDGE('',*,*,#7737,.F.);
#7852 = ORIENTED_EDGE('',*,*,#7728,.F.);
#7853 = ORIENTED_EDGE('',*,*,#7854,.T.);
#7854 = EDGE_CURVE('',#7720,#6879,#7855,.T.);
#7855 = LINE('',#7856,#7857);
#7856 = CARTESIAN_POINT('',(9.907375646648,28.,182.42567677076));
#7857 = VECTOR('',#7858,1.);
#7858 = DIRECTION('',(0.,1.,0.));
#7859 = ORIENTED_EDGE('',*,*,#6878,.T.);
#7860 = CYLINDRICAL_SURFACE('',#7861,2.25);
#7861 = AXIS2_PLACEMENT_3D('',#7862,#7863,#7864);
#7862 = CARTESIAN_POINT('',(11.916531406568,28.,181.41286230977));
#7863 = DIRECTION('',(0.,1.,0.));
#7864 = DIRECTION('',(-0.788010753607,0.,0.615661475326));
#7865 = ADVANCED_FACE('',(#7866),#7879,.F.);
#7866 = FACE_BOUND('',#7867,.F.);
#7867 = EDGE_LOOP('',(#7868,#7869,#7875,#7876,#7877,#7878));
#7868 = ORIENTED_EDGE('',*,*,#6905,.F.);
#7869 = ORIENTED_EDGE('',*,*,#7870,.F.);
#7870 = EDGE_CURVE('',#7711,#6906,#7871,.T.);
#7871 = LINE('',#7872,#7873);
#7872 = CARTESIAN_POINT('',(5.136064846257,28.,188.81253867481));
#7873 = VECTOR('',#7874,1.);
#7874 = DIRECTION('',(0.,1.,0.));
#7875 = ORIENTED_EDGE('',*,*,#7719,.T.);
#7876 = ORIENTED_EDGE('',*,*,#7854,.T.);
#7877 = ORIENTED_EDGE('',*,*,#6887,.F.);
#7878 = ORIENTED_EDGE('',*,*,#6896,.F.);
#7879 = CYLINDRICAL_SURFACE('',#7880,10.2);
#7880 = AXIS2_PLACEMENT_3D('',#7881,#7882,#7883);
#7881 = CARTESIAN_POINT('',(0.,28.,180.));
#7882 = DIRECTION('',(0.,1.,0.));
#7883 = DIRECTION('',(-0.788010753607,0.,0.615661475326));
#7884 = ADVANCED_FACE('',(#7885),#7900,.F.);
#7885 = FACE_BOUND('',#7886,.T.);
#7886 = EDGE_LOOP('',(#7887,#7888,#7889,#7890,#7891,#7892,#7893,#7899));
#7887 = ORIENTED_EDGE('',*,*,#6923,.T.);
#7888 = ORIENTED_EDGE('',*,*,#6914,.T.);
#7889 = ORIENTED_EDGE('',*,*,#7870,.F.);
#7890 = ORIENTED_EDGE('',*,*,#7710,.F.);
#7891 = ORIENTED_EDGE('',*,*,#7701,.F.);
#7892 = ORIENTED_EDGE('',*,*,#7692,.F.);
#7893 = ORIENTED_EDGE('',*,*,#7894,.T.);
#7894 = EDGE_CURVE('',#7684,#6933,#7895,.T.);
#7895 = LINE('',#7896,#7897);
#7896 = CARTESIAN_POINT('',(2.85299421285,28.,189.79287618738));
#7897 = VECTOR('',#7898,1.);
#7898 = DIRECTION('',(0.,1.,0.));
#7899 = ORIENTED_EDGE('',*,*,#6932,.T.);
#7900 = CYLINDRICAL_SURFACE('',#7901,2.25);
#7901 = AXIS2_PLACEMENT_3D('',#7902,#7903,#7904);
#7902 = CARTESIAN_POINT('',(4.73469462347,28.,191.02644968121));
#7903 = DIRECTION('',(0.,1.,0.));
#7904 = DIRECTION('',(-0.788010753607,0.,0.615661475326));
#7905 = ADVANCED_FACE('',(#7906),#7919,.F.);
#7906 = FACE_BOUND('',#7907,.F.);
#7907 = EDGE_LOOP('',(#7908,#7909,#7915,#7916,#7917,#7918));
#7908 = ORIENTED_EDGE('',*,*,#6959,.F.);
#7909 = ORIENTED_EDGE('',*,*,#7910,.F.);
#7910 = EDGE_CURVE('',#7675,#6960,#7911,.T.);
#7911 = LINE('',#7912,#7913);
#7912 = CARTESIAN_POINT('',(-5.063859330871,28.,188.8542265996));
#7913 = VECTOR('',#7914,1.);
#7914 = DIRECTION('',(0.,1.,0.));
#7915 = ORIENTED_EDGE('',*,*,#7683,.T.);
#7916 = ORIENTED_EDGE('',*,*,#7894,.T.);
#7917 = ORIENTED_EDGE('',*,*,#6941,.F.);
#7918 = ORIENTED_EDGE('',*,*,#6950,.F.);
#7919 = CYLINDRICAL_SURFACE('',#7920,10.2);
#7920 = AXIS2_PLACEMENT_3D('',#7921,#7922,#7923);
#7921 = CARTESIAN_POINT('',(0.,28.,180.));
#7922 = DIRECTION('',(0.,1.,0.));
#7923 = DIRECTION('',(-0.788010753607,0.,0.615661475326));
#7924 = ADVANCED_FACE('',(#7925),#7938,.F.);
#7925 = FACE_BOUND('',#7926,.F.);
#7926 = EDGE_LOOP('',(#7927,#7928,#7929,#7930,#7936,#7937));
#7927 = ORIENTED_EDGE('',*,*,#7910,.T.);
#7928 = ORIENTED_EDGE('',*,*,#6968,.F.);
#7929 = ORIENTED_EDGE('',*,*,#6977,.F.);
#7930 = ORIENTED_EDGE('',*,*,#7931,.F.);
#7931 = EDGE_CURVE('',#7657,#6978,#7932,.T.);
#7932 = LINE('',#7933,#7934);
#7933 = CARTESIAN_POINT('',(-7.054378862674,28.,187.36720699192));
#7934 = VECTOR('',#7935,1.);
#7935 = DIRECTION('',(0.,1.,0.));
#7936 = ORIENTED_EDGE('',*,*,#7665,.T.);
#7937 = ORIENTED_EDGE('',*,*,#7674,.T.);
#7938 = CYLINDRICAL_SURFACE('',#7939,2.25);
#7939 = AXIS2_PLACEMENT_3D('',#7940,#7941,#7942);
#7940 = CARTESIAN_POINT('',(-7.181844663205,28.,189.61359352805));
#7941 = DIRECTION('',(0.,1.,0.));
#7942 = DIRECTION('',(-0.788010753607,0.,0.615661475326));
#7943 = ADVANCED_FACE('',(#7944),#7959,.F.);
#7944 = FACE_BOUND('',#7945,.F.);
#7945 = EDGE_LOOP('',(#7946,#7947,#7948,#7949,#7950,#7951,#7957,#7958));
#7946 = ORIENTED_EDGE('',*,*,#7931,.T.);
#7947 = ORIENTED_EDGE('',*,*,#6986,.F.);
#7948 = ORIENTED_EDGE('',*,*,#6995,.F.);
#7949 = ORIENTED_EDGE('',*,*,#7004,.F.);
#7950 = ORIENTED_EDGE('',*,*,#7013,.F.);
#7951 = ORIENTED_EDGE('',*,*,#7952,.F.);
#7952 = EDGE_CURVE('',#7639,#7014,#7953,.T.);
#7953 = LINE('',#7954,#7955);
#7954 = CARTESIAN_POINT('',(-10.1999148066,28.,180.04168858469));
#7955 = VECTOR('',#7956,1.);
#7956 = DIRECTION('',(0.,1.,0.));
#7957 = ORIENTED_EDGE('',*,*,#7647,.T.);
#7958 = ORIENTED_EDGE('',*,*,#7656,.T.);
#7959 = CYLINDRICAL_SURFACE('',#7960,10.2);
#7960 = AXIS2_PLACEMENT_3D('',#7961,#7962,#7963);
#7961 = CARTESIAN_POINT('',(0.,28.,180.));
#7962 = DIRECTION('',(0.,1.,0.));
#7963 = DIRECTION('',(-0.788010753607,0.,0.615661475326));
#7964 = ADVANCED_FACE('',(#7965),#7980,.F.);
#7965 = FACE_BOUND('',#7966,.T.);
#7966 = EDGE_LOOP('',(#7967,#7968,#7969,#7970,#7971,#7972,#7973,#7974));
#7967 = ORIENTED_EDGE('',*,*,#7040,.T.);
#7968 = ORIENTED_EDGE('',*,*,#7031,.T.);
#7969 = ORIENTED_EDGE('',*,*,#7022,.T.);
#7970 = ORIENTED_EDGE('',*,*,#7952,.F.);
#7971 = ORIENTED_EDGE('',*,*,#7638,.F.);
#7972 = ORIENTED_EDGE('',*,*,#7629,.F.);
#7973 = ORIENTED_EDGE('',*,*,#7620,.F.);
#7974 = ORIENTED_EDGE('',*,*,#7975,.T.);
#7975 = EDGE_CURVE('',#7612,#7041,#7976,.T.);
#7976 = LINE('',#7977,#7978);
#7977 = CARTESIAN_POINT('',(-9.907379237331,28.,177.57433789498));
#7978 = VECTOR('',#7979,1.);
#7979 = DIRECTION('',(0.,1.,0.));
#7980 = CYLINDRICAL_SURFACE('',#7981,2.25);
#7981 = AXIS2_PLACEMENT_3D('',#7982,#7983,#7984);
#7982 = CARTESIAN_POINT('',(-11.91653928667,28.,178.58714384684));
#7983 = DIRECTION('',(0.,1.,0.));
#7984 = DIRECTION('',(-0.788010753607,0.,0.615661475326));
#7985 = ADVANCED_FACE('',(#7986),#7999,.F.);
#7986 = FACE_BOUND('',#7987,.F.);
#7987 = EDGE_LOOP('',(#7988,#7989,#7990,#7991,#7992,#7993));
#7988 = ORIENTED_EDGE('',*,*,#7611,.T.);
#7989 = ORIENTED_EDGE('',*,*,#7975,.T.);
#7990 = ORIENTED_EDGE('',*,*,#7049,.F.);
#7991 = ORIENTED_EDGE('',*,*,#7058,.F.);
#7992 = ORIENTED_EDGE('',*,*,#7067,.F.);
#7993 = ORIENTED_EDGE('',*,*,#7994,.F.);
#7994 = EDGE_CURVE('',#7603,#7068,#7995,.T.);
#7995 = LINE('',#7996,#7997);
#7996 = CARTESIAN_POINT('',(-5.136064846257,28.,171.18746132518));
#7997 = VECTOR('',#7998,1.);
#7998 = DIRECTION('',(0.,1.,0.));
#7999 = CYLINDRICAL_SURFACE('',#8000,10.2);
#8000 = AXIS2_PLACEMENT_3D('',#8001,#8002,#8003);
#8001 = CARTESIAN_POINT('',(0.,28.,180.));
#8002 = DIRECTION('',(0.,1.,0.));
#8003 = DIRECTION('',(-0.788010753607,0.,0.615661475326));
#8004 = ADVANCED_FACE('',(#8005),#8015,.F.);
#8005 = FACE_BOUND('',#8006,.T.);
#8006 = EDGE_LOOP('',(#8007,#8008,#8009,#8010,#8011,#8012,#8013,#8014));
#8007 = ORIENTED_EDGE('',*,*,#7094,.T.);
#8008 = ORIENTED_EDGE('',*,*,#7085,.T.);
#8009 = ORIENTED_EDGE('',*,*,#7076,.T.);
#8010 = ORIENTED_EDGE('',*,*,#7994,.F.);
#8011 = ORIENTED_EDGE('',*,*,#7602,.F.);
#8012 = ORIENTED_EDGE('',*,*,#7593,.F.);
#8013 = ORIENTED_EDGE('',*,*,#7584,.F.);
#8014 = ORIENTED_EDGE('',*,*,#7785,.T.);
#8015 = CYLINDRICAL_SURFACE('',#8016,2.25);
#8016 = AXIS2_PLACEMENT_3D('',#8017,#8018,#8019);
#8017 = CARTESIAN_POINT('',(-4.73469462347,28.,168.97355031878));
#8018 = DIRECTION('',(0.,1.,0.));
#8019 = DIRECTION('',(-0.788010753607,0.,0.615661475326));
#8020 = ADVANCED_FACE('',(#8021),#8025,.T.);
#8021 = FACE_BOUND('',#8022,.T.);
#8022 = EDGE_LOOP('',(#8023,#8024));
#8023 = ORIENTED_EDGE('',*,*,#7144,.F.);
#8024 = ORIENTED_EDGE('',*,*,#7194,.F.);
#8025 = CYLINDRICAL_SURFACE('',#8026,5.2);
#8026 = AXIS2_PLACEMENT_3D('',#8027,#8028,#8029);
#8027 = CARTESIAN_POINT('',(33.738787869998,23.,247.54771789678));
#8028 = DIRECTION('',(0.615661475326,0.,0.788010753607));
#8029 = DIRECTION('',(-0.788010753607,0.,0.615661475326));
#8030 = ADVANCED_FACE('',(#8031),#8035,.T.);
#8031 = FACE_BOUND('',#8032,.T.);
#8032 = EDGE_LOOP('',(#8033,#8034));
#8033 = ORIENTED_EDGE('',*,*,#7127,.F.);
#8034 = ORIENTED_EDGE('',*,*,#7186,.F.);
#8035 = CYLINDRICAL_SURFACE('',#8036,5.2);
#8036 = AXIS2_PLACEMENT_3D('',#8037,#8038,#8039);
#8037 = CARTESIAN_POINT('',(57.3791104782,23.,229.07787363701));
#8038 = DIRECTION('',(0.615661475326,0.,0.788010753607));
#8039 = DIRECTION('',(-0.788010753607,0.,0.615661475326));
#8040 = ADVANCED_FACE('',(#8041),#8053,.T.);
#8041 = FACE_BOUND('',#8042,.T.);
#8042 = EDGE_LOOP('',(#8043,#8044,#8045,#8052));
#8043 = ORIENTED_EDGE('',*,*,#7235,.F.);
#8044 = ORIENTED_EDGE('',*,*,#7407,.F.);
#8045 = ORIENTED_EDGE('',*,*,#8046,.T.);
#8046 = EDGE_CURVE('',#7408,#7511,#8047,.T.);
#8047 = CIRCLE('',#8048,5.2);
#8048 = AXIS2_PLACEMENT_3D('',#8049,#8050,#8051);
#8049 = CARTESIAN_POINT('',(57.3791104782,23.,229.07787363701));
#8050 = DIRECTION('',(0.615661475326,0.,0.788010753607));
#8051 = DIRECTION('',(-0.788010753607,0.,0.615661475326));
#8052 = ORIENTED_EDGE('',*,*,#7518,.F.);
#8053 = CYLINDRICAL_SURFACE('',#8054,5.2);
#8054 = AXIS2_PLACEMENT_3D('',#8055,#8056,#8057);
#8055 = CARTESIAN_POINT('',(57.3791104782,23.,229.07787363701));
#8056 = DIRECTION('',(0.615661475326,0.,0.788010753607));
#8057 = DIRECTION('',(-0.788010753607,0.,0.615661475326));
#8058 = ADVANCED_FACE('',(#8059),#8071,.T.);
#8059 = FACE_BOUND('',#8060,.T.);
#8060 = EDGE_LOOP('',(#8061,#8062,#8063,#8070));
#8061 = ORIENTED_EDGE('',*,*,#7218,.F.);
#8062 = ORIENTED_EDGE('',*,*,#7288,.F.);
#8063 = ORIENTED_EDGE('',*,*,#8064,.T.);
#8064 = EDGE_CURVE('',#7289,#7392,#8065,.T.);
#8065 = CIRCLE('',#8066,5.2);
#8066 = AXIS2_PLACEMENT_3D('',#8067,#8068,#8069);
#8067 = CARTESIAN_POINT('',(33.738787869998,23.,247.54771789678));
#8068 = DIRECTION('',(0.615661475326,0.,0.788010753607));
#8069 = DIRECTION('',(-0.788010753607,0.,0.615661475326));
#8070 = ORIENTED_EDGE('',*,*,#7399,.F.);
#8071 = CYLINDRICAL_SURFACE('',#8072,5.2);
#8072 = AXIS2_PLACEMENT_3D('',#8073,#8074,#8075);
#8073 = CARTESIAN_POINT('',(33.738787869998,23.,247.54771789678));
#8074 = DIRECTION('',(0.615661475326,0.,0.788010753607));
#8075 = DIRECTION('',(-0.788010753607,0.,0.615661475326));
#8076 = ADVANCED_FACE('',(#8077),#8096,.F.);
#8077 = FACE_BOUND('',#8078,.F.);
#8078 = EDGE_LOOP('',(#8079,#8080,#8088,#8095));
#8079 = ORIENTED_EDGE('',*,*,#7244,.F.);
#8080 = ORIENTED_EDGE('',*,*,#8081,.F.);
#8081 = EDGE_CURVE('',#8082,#7245,#8084,.T.);
#8082 = VERTEX_POINT('',#8083);
#8083 = CARTESIAN_POINT('',(56.837409233236,23.,232.0391334637));
#8084 = LINE('',#8085,#8086);
#8085 = CARTESIAN_POINT('',(56.837409233236,23.,232.0391334637));
#8086 = VECTOR('',#8087,1.);
#8087 = DIRECTION('',(0.615661475326,0.,0.788010753607));
#8088 = ORIENTED_EDGE('',*,*,#8089,.T.);
#8089 = EDGE_CURVE('',#8082,#8082,#8090,.T.);
#8090 = CIRCLE('',#8091,2.25);
#8091 = AXIS2_PLACEMENT_3D('',#8092,#8093,#8094);
#8092 = CARTESIAN_POINT('',(58.610433428851,23.,230.65389514422));
#8093 = DIRECTION('',(0.615661475326,0.,0.788010753607));
#8094 = DIRECTION('',(-0.788010753607,0.,0.615661475326));
#8095 = ORIENTED_EDGE('',*,*,#8081,.T.);
#8096 = CYLINDRICAL_SURFACE('',#8097,2.25);
#8097 = AXIS2_PLACEMENT_3D('',#8098,#8099,#8100);
#8098 = CARTESIAN_POINT('',(58.610433428851,23.,230.65389514422));
#8099 = DIRECTION('',(0.615661475326,0.,0.788010753607));
#8100 = DIRECTION('',(-0.788010753607,0.,0.615661475326));
#8101 = ADVANCED_FACE('',(#8102),#8121,.F.);
#8102 = FACE_BOUND('',#8103,.F.);
#8103 = EDGE_LOOP('',(#8104,#8105,#8113,#8120));
#8104 = ORIENTED_EDGE('',*,*,#7255,.F.);
#8105 = ORIENTED_EDGE('',*,*,#8106,.F.);
#8106 = EDGE_CURVE('',#8107,#7256,#8109,.T.);
#8107 = VERTEX_POINT('',#8108);
#8108 = CARTESIAN_POINT('',(33.197086625034,23.,250.50897772347));
#8109 = LINE('',#8110,#8111);
#8110 = CARTESIAN_POINT('',(33.197086625034,23.,250.50897772347));
#8111 = VECTOR('',#8112,1.);
#8112 = DIRECTION('',(0.615661475326,0.,0.788010753607));
#8113 = ORIENTED_EDGE('',*,*,#8114,.T.);
#8114 = EDGE_CURVE('',#8107,#8107,#8115,.T.);
#8115 = CIRCLE('',#8116,2.25);
#8116 = AXIS2_PLACEMENT_3D('',#8117,#8118,#8119);
#8117 = CARTESIAN_POINT('',(34.970110820649,23.,249.12373940399));
#8118 = DIRECTION('',(0.615661475326,0.,0.788010753607));
#8119 = DIRECTION('',(-0.788010753607,0.,0.615661475326));
#8120 = ORIENTED_EDGE('',*,*,#8106,.T.);
#8121 = CYLINDRICAL_SURFACE('',#8122,2.25);
#8122 = AXIS2_PLACEMENT_3D('',#8123,#8124,#8125);
#8123 = CARTESIAN_POINT('',(34.970110820649,23.,249.12373940399));
#8124 = DIRECTION('',(0.615661475326,0.,0.788010753607));
#8125 = DIRECTION('',(-0.788010753607,0.,0.615661475326));
#8126 = ADVANCED_FACE('',(#8127),#8139,.F.);
#8127 = FACE_BOUND('',#8128,.F.);
#8128 = EDGE_LOOP('',(#8129,#8130,#8131,#8132));
#8129 = ORIENTED_EDGE('',*,*,#7416,.F.);
#8130 = ORIENTED_EDGE('',*,*,#8046,.T.);
#8131 = ORIENTED_EDGE('',*,*,#7510,.F.);
#8132 = ORIENTED_EDGE('',*,*,#8133,.F.);
#8133 = EDGE_CURVE('',#7417,#7502,#8134,.T.);
#8134 = CIRCLE('',#8135,4.7);
#8135 = AXIS2_PLACEMENT_3D('',#8136,#8137,#8138);
#8136 = CARTESIAN_POINT('',(57.3791104782,23.,229.07787363701));
#8137 = DIRECTION('',(0.615661475326,0.,0.788010753607));
#8138 = DIRECTION('',(-0.788010753607,0.,0.615661475326));
#8139 = PLANE('',#8140);
#8140 = AXIS2_PLACEMENT_3D('',#8141,#8142,#8143);
#8141 = CARTESIAN_POINT('',(57.3791104782,23.,229.07787363701));
#8142 = DIRECTION('',(0.615661475326,0.,0.788010753607));
#8143 = DIRECTION('',(-0.788010753607,0.,0.615661475326));
#8144 = ADVANCED_FACE('',(#8145),#8182,.F.);
#8145 = FACE_BOUND('',#8146,.F.);
#8146 = EDGE_LOOP('',(#8147,#8157,#8164,#8165,#8172,#8173,#8174,#8175));
#8147 = ORIENTED_EDGE('',*,*,#8148,.T.);
#8148 = EDGE_CURVE('',#8149,#8151,#8153,.T.);
#8149 = VERTEX_POINT('',#8150);
#8150 = CARTESIAN_POINT('',(51.951607805336,23.,229.76505246094));
#8151 = VERTEX_POINT('',#8152);
#8152 = CARTESIAN_POINT('',(54.906782886899,23.,233.54750407825));
#8153 = LINE('',#8154,#8155);
#8154 = CARTESIAN_POINT('',(51.951607805336,23.,229.76505246094));
#8155 = VECTOR('',#8156,1.);
#8156 = DIRECTION('',(0.615661475326,0.,0.788010753607));
#8157 = ORIENTED_EDGE('',*,*,#8158,.F.);
#8158 = EDGE_CURVE('',#8151,#8151,#8159,.T.);
#8159 = CIRCLE('',#8160,4.7);
#8160 = AXIS2_PLACEMENT_3D('',#8161,#8162,#8163);
#8161 = CARTESIAN_POINT('',(58.610433428851,23.,230.65389514422));
#8162 = DIRECTION('',(0.615661475326,0.,0.788010753607));
#8163 = DIRECTION('',(-0.788010753607,0.,0.615661475326));
#8164 = ORIENTED_EDGE('',*,*,#8148,.F.);
#8165 = ORIENTED_EDGE('',*,*,#8166,.T.);
#8166 = EDGE_CURVE('',#8149,#7425,#8167,.T.);
#8167 = CIRCLE('',#8168,4.7);
#8168 = AXIS2_PLACEMENT_3D('',#8169,#8170,#8171);
#8169 = CARTESIAN_POINT('',(55.655258347288,23.,226.87144352691));
#8170 = DIRECTION('',(0.615661475326,0.,0.788010753607));
#8171 = DIRECTION('',(-0.788010753607,0.,0.615661475326));
#8172 = ORIENTED_EDGE('',*,*,#7424,.T.);
#8173 = ORIENTED_EDGE('',*,*,#8133,.T.);
#8174 = ORIENTED_EDGE('',*,*,#7501,.T.);
#8175 = ORIENTED_EDGE('',*,*,#8176,.T.);
#8176 = EDGE_CURVE('',#7494,#8149,#8177,.T.);
#8177 = CIRCLE('',#8178,4.7);
#8178 = AXIS2_PLACEMENT_3D('',#8179,#8180,#8181);
#8179 = CARTESIAN_POINT('',(55.655258347288,23.,226.87144352691));
#8180 = DIRECTION('',(0.615661475326,0.,0.788010753607));
#8181 = DIRECTION('',(-0.788010753607,0.,0.615661475326));
#8182 = CYLINDRICAL_SURFACE('',#8183,4.7);
#8183 = AXIS2_PLACEMENT_3D('',#8184,#8185,#8186);
#8184 = CARTESIAN_POINT('',(55.655258347288,23.,226.87144352691));
#8185 = DIRECTION('',(0.615661475326,0.,0.788010753607));
#8186 = DIRECTION('',(-0.788010753607,0.,0.615661475326));
#8187 = ADVANCED_FACE('',(#8188),#8210,.T.);
#8188 = FACE_BOUND('',#8189,.T.);
#8189 = EDGE_LOOP('',(#8190,#8191,#8192,#8193,#8202,#8209));
#8190 = ORIENTED_EDGE('',*,*,#8176,.T.);
#8191 = ORIENTED_EDGE('',*,*,#8166,.T.);
#8192 = ORIENTED_EDGE('',*,*,#7433,.T.);
#8193 = ORIENTED_EDGE('',*,*,#8194,.F.);
#8194 = EDGE_CURVE('',#8195,#7434,#8197,.T.);
#8195 = VERTEX_POINT('',#8196);
#8196 = CARTESIAN_POINT('',(53.882234151673,23.,228.25668184639));
#8197 = CIRCLE('',#8198,2.25);
#8198 = AXIS2_PLACEMENT_3D('',#8199,#8200,#8201);
#8199 = CARTESIAN_POINT('',(55.655258347288,23.,226.87144352691));
#8200 = DIRECTION('',(0.615661475326,0.,0.788010753607));
#8201 = DIRECTION('',(-0.788010753607,0.,0.615661475326));
#8202 = ORIENTED_EDGE('',*,*,#8203,.F.);
#8203 = EDGE_CURVE('',#7485,#8195,#8204,.T.);
#8204 = CIRCLE('',#8205,2.25);
#8205 = AXIS2_PLACEMENT_3D('',#8206,#8207,#8208);
#8206 = CARTESIAN_POINT('',(55.655258347288,23.,226.87144352691));
#8207 = DIRECTION('',(0.615661475326,0.,0.788010753607));
#8208 = DIRECTION('',(-0.788010753607,0.,0.615661475326));
#8209 = ORIENTED_EDGE('',*,*,#7493,.T.);
#8210 = PLANE('',#8211);
#8211 = AXIS2_PLACEMENT_3D('',#8212,#8213,#8214);
#8212 = CARTESIAN_POINT('',(55.655258347288,23.,226.87144352691));
#8213 = DIRECTION('',(0.615661475326,0.,0.788010753607));
#8214 = DIRECTION('',(-0.788010753607,0.,0.615661475326));
#8215 = ADVANCED_FACE('',(#8216),#8238,.F.);
#8216 = FACE_BOUND('',#8217,.F.);
#8217 = EDGE_LOOP('',(#8218,#8219,#8220,#8221,#8222,#8231));
#8218 = ORIENTED_EDGE('',*,*,#7441,.T.);
#8219 = ORIENTED_EDGE('',*,*,#8194,.F.);
#8220 = ORIENTED_EDGE('',*,*,#8203,.F.);
#8221 = ORIENTED_EDGE('',*,*,#7484,.T.);
#8222 = ORIENTED_EDGE('',*,*,#8223,.T.);
#8223 = EDGE_CURVE('',#7477,#8224,#8226,.T.);
#8224 = VERTEX_POINT('',#8225);
#8225 = CARTESIAN_POINT('',(51.91211743063,23.,225.73504743485));
#8226 = CIRCLE('',#8227,2.25);
#8227 = AXIS2_PLACEMENT_3D('',#8228,#8229,#8230);
#8228 = CARTESIAN_POINT('',(53.685141626246,23.,224.34980911537));
#8229 = DIRECTION('',(0.615661475326,0.,0.788010753607));
#8230 = DIRECTION('',(-0.788010753607,0.,0.615661475326));
#8231 = ORIENTED_EDGE('',*,*,#8232,.T.);
#8232 = EDGE_CURVE('',#8224,#7442,#8233,.T.);
#8233 = CIRCLE('',#8234,2.25);
#8234 = AXIS2_PLACEMENT_3D('',#8235,#8236,#8237);
#8235 = CARTESIAN_POINT('',(53.685141626246,23.,224.34980911537));
#8236 = DIRECTION('',(0.615661475326,0.,0.788010753607));
#8237 = DIRECTION('',(-0.788010753607,0.,0.615661475326));
#8238 = CYLINDRICAL_SURFACE('',#8239,2.25);
#8239 = AXIS2_PLACEMENT_3D('',#8240,#8241,#8242);
#8240 = CARTESIAN_POINT('',(53.685141626246,23.,224.34980911537));
#8241 = DIRECTION('',(0.615661475326,0.,0.788010753607));
#8242 = DIRECTION('',(-0.788010753607,0.,0.615661475326));
#8243 = ADVANCED_FACE('',(#8244),#8266,.T.);
#8244 = FACE_BOUND('',#8245,.T.);
#8245 = EDGE_LOOP('',(#8246,#8247,#8248,#8249,#8250,#8259));
#8246 = ORIENTED_EDGE('',*,*,#7476,.T.);
#8247 = ORIENTED_EDGE('',*,*,#8223,.T.);
#8248 = ORIENTED_EDGE('',*,*,#8232,.T.);
#8249 = ORIENTED_EDGE('',*,*,#7450,.T.);
#8250 = ORIENTED_EDGE('',*,*,#8251,.T.);
#8251 = EDGE_CURVE('',#7451,#8252,#8254,.T.);
#8252 = VERTEX_POINT('',#8253);
#8253 = CARTESIAN_POINT('',(55.247018976805,23.,223.12953679101));
#8254 = CIRCLE('',#8255,1.982050807569);
#8255 = AXIS2_PLACEMENT_3D('',#8256,#8257,#8258);
#8256 = CARTESIAN_POINT('',(53.685141626246,23.,224.34980911537));
#8257 = DIRECTION('',(-0.615661475326,-0.,-0.788010753607));
#8258 = DIRECTION('',(0.788010753607,0.,-0.615661475326));
#8259 = ORIENTED_EDGE('',*,*,#8260,.T.);
#8260 = EDGE_CURVE('',#8252,#7468,#8261,.T.);
#8261 = CIRCLE('',#8262,1.982050807569);
#8262 = AXIS2_PLACEMENT_3D('',#8263,#8264,#8265);
#8263 = CARTESIAN_POINT('',(53.685141626246,23.,224.34980911537));
#8264 = DIRECTION('',(-0.615661475326,-0.,-0.788010753607));
#8265 = DIRECTION('',(0.788010753607,0.,-0.615661475326));
#8266 = PLANE('',#8267);
#8267 = AXIS2_PLACEMENT_3D('',#8268,#8269,#8270);
#8268 = CARTESIAN_POINT('',(53.685141626246,23.,224.34980911537));
#8269 = DIRECTION('',(0.615661475326,0.,0.788010753607));
#8270 = DIRECTION('',(-0.788010753607,0.,0.615661475326));
#8271 = ADVANCED_FACE('',(#8272),#8278,.F.);
#8272 = FACE_BOUND('',#8273,.F.);
#8273 = EDGE_LOOP('',(#8274,#8275,#8276,#8277));
#8274 = ORIENTED_EDGE('',*,*,#8251,.T.);
#8275 = ORIENTED_EDGE('',*,*,#8260,.T.);
#8276 = ORIENTED_EDGE('',*,*,#7467,.T.);
#8277 = ORIENTED_EDGE('',*,*,#7458,.T.);
#8278 = CYLINDRICAL_SURFACE('',#8279,1.982050807569);
#8279 = AXIS2_PLACEMENT_3D('',#8280,#8281,#8282);
#8280 = CARTESIAN_POINT('',(55.624475273521,23.,226.83204298923));
#8281 = DIRECTION('',(-0.615661475326,-0.,-0.788010753607));
#8282 = DIRECTION('',(0.788010753607,0.,-0.615661475326));
#8283 = ADVANCED_FACE('',(#8284),#8296,.F.);
#8284 = FACE_BOUND('',#8285,.F.);
#8285 = EDGE_LOOP('',(#8286,#8287,#8288,#8289));
#8286 = ORIENTED_EDGE('',*,*,#7297,.F.);
#8287 = ORIENTED_EDGE('',*,*,#8064,.T.);
#8288 = ORIENTED_EDGE('',*,*,#7391,.F.);
#8289 = ORIENTED_EDGE('',*,*,#8290,.F.);
#8290 = EDGE_CURVE('',#7298,#7383,#8291,.T.);
#8291 = CIRCLE('',#8292,4.7);
#8292 = AXIS2_PLACEMENT_3D('',#8293,#8294,#8295);
#8293 = CARTESIAN_POINT('',(33.738787869998,23.,247.54771789678));
#8294 = DIRECTION('',(0.615661475326,0.,0.788010753607));
#8295 = DIRECTION('',(-0.788010753607,0.,0.615661475326));
#8296 = PLANE('',#8297);
#8297 = AXIS2_PLACEMENT_3D('',#8298,#8299,#8300);
#8298 = CARTESIAN_POINT('',(33.738787869998,23.,247.54771789678));
#8299 = DIRECTION('',(0.615661475326,0.,0.788010753607));
#8300 = DIRECTION('',(-0.788010753607,0.,0.615661475326));
#8301 = ADVANCED_FACE('',(#8302),#8339,.F.);
#8302 = FACE_BOUND('',#8303,.F.);
#8303 = EDGE_LOOP('',(#8304,#8314,#8321,#8322,#8329,#8330,#8331,#8332));
#8304 = ORIENTED_EDGE('',*,*,#8305,.T.);
#8305 = EDGE_CURVE('',#8306,#8308,#8310,.T.);
#8306 = VERTEX_POINT('',#8307);
#8307 = CARTESIAN_POINT('',(28.311285197134,23.,248.23489672071));
#8308 = VERTEX_POINT('',#8309);
#8309 = CARTESIAN_POINT('',(31.266460278698,23.,252.01734833802));
#8310 = LINE('',#8311,#8312);
#8311 = CARTESIAN_POINT('',(28.311285197134,23.,248.23489672071));
#8312 = VECTOR('',#8313,1.);
#8313 = DIRECTION('',(0.615661475326,0.,0.788010753607));
#8314 = ORIENTED_EDGE('',*,*,#8315,.F.);
#8315 = EDGE_CURVE('',#8308,#8308,#8316,.T.);
#8316 = CIRCLE('',#8317,4.7);
#8317 = AXIS2_PLACEMENT_3D('',#8318,#8319,#8320);
#8318 = CARTESIAN_POINT('',(34.970110820649,23.,249.12373940399));
#8319 = DIRECTION('',(0.615661475326,0.,0.788010753607));
#8320 = DIRECTION('',(-0.788010753607,0.,0.615661475326));
#8321 = ORIENTED_EDGE('',*,*,#8305,.F.);
#8322 = ORIENTED_EDGE('',*,*,#8323,.T.);
#8323 = EDGE_CURVE('',#8306,#7306,#8324,.T.);
#8324 = CIRCLE('',#8325,4.7);
#8325 = AXIS2_PLACEMENT_3D('',#8326,#8327,#8328);
#8326 = CARTESIAN_POINT('',(32.014935739086,23.,245.34128778668));
#8327 = DIRECTION('',(0.615661475326,0.,0.788010753607));
#8328 = DIRECTION('',(-0.788010753607,0.,0.615661475326));
#8329 = ORIENTED_EDGE('',*,*,#7305,.T.);
#8330 = ORIENTED_EDGE('',*,*,#8290,.T.);
#8331 = ORIENTED_EDGE('',*,*,#7382,.T.);
#8332 = ORIENTED_EDGE('',*,*,#8333,.T.);
#8333 = EDGE_CURVE('',#7375,#8306,#8334,.T.);
#8334 = CIRCLE('',#8335,4.7);
#8335 = AXIS2_PLACEMENT_3D('',#8336,#8337,#8338);
#8336 = CARTESIAN_POINT('',(32.014935739086,23.,245.34128778668));
#8337 = DIRECTION('',(0.615661475326,0.,0.788010753607));
#8338 = DIRECTION('',(-0.788010753607,0.,0.615661475326));
#8339 = CYLINDRICAL_SURFACE('',#8340,4.7);
#8340 = AXIS2_PLACEMENT_3D('',#8341,#8342,#8343);
#8341 = CARTESIAN_POINT('',(32.014935739086,23.,245.34128778668));
#8342 = DIRECTION('',(0.615661475326,0.,0.788010753607));
#8343 = DIRECTION('',(-0.788010753607,0.,0.615661475326));
#8344 = ADVANCED_FACE('',(#8345),#8367,.T.);
#8345 = FACE_BOUND('',#8346,.T.);
#8346 = EDGE_LOOP('',(#8347,#8348,#8349,#8350,#8359,#8366));
#8347 = ORIENTED_EDGE('',*,*,#8333,.T.);
#8348 = ORIENTED_EDGE('',*,*,#8323,.T.);
#8349 = ORIENTED_EDGE('',*,*,#7314,.T.);
#8350 = ORIENTED_EDGE('',*,*,#8351,.F.);
#8351 = EDGE_CURVE('',#8352,#7315,#8354,.T.);
#8352 = VERTEX_POINT('',#8353);
#8353 = CARTESIAN_POINT('',(30.241911543471,23.,246.72652610616));
#8354 = CIRCLE('',#8355,2.25);
#8355 = AXIS2_PLACEMENT_3D('',#8356,#8357,#8358);
#8356 = CARTESIAN_POINT('',(32.014935739086,23.,245.34128778668));
#8357 = DIRECTION('',(0.615661475326,0.,0.788010753607));
#8358 = DIRECTION('',(-0.788010753607,0.,0.615661475326));
#8359 = ORIENTED_EDGE('',*,*,#8360,.F.);
#8360 = EDGE_CURVE('',#7366,#8352,#8361,.T.);
#8361 = CIRCLE('',#8362,2.25);
#8362 = AXIS2_PLACEMENT_3D('',#8363,#8364,#8365);
#8363 = CARTESIAN_POINT('',(32.014935739086,23.,245.34128778668));
#8364 = DIRECTION('',(0.615661475326,0.,0.788010753607));
#8365 = DIRECTION('',(-0.788010753607,0.,0.615661475326));
#8366 = ORIENTED_EDGE('',*,*,#7374,.T.);
#8367 = PLANE('',#8368);
#8368 = AXIS2_PLACEMENT_3D('',#8369,#8370,#8371);
#8369 = CARTESIAN_POINT('',(32.014935739086,23.,245.34128778668));
#8370 = DIRECTION('',(0.615661475326,0.,0.788010753607));
#8371 = DIRECTION('',(-0.788010753607,0.,0.615661475326));
#8372 = ADVANCED_FACE('',(#8373),#8395,.F.);
#8373 = FACE_BOUND('',#8374,.F.);
#8374 = EDGE_LOOP('',(#8375,#8376,#8377,#8378,#8379,#8388));
#8375 = ORIENTED_EDGE('',*,*,#7322,.T.);
#8376 = ORIENTED_EDGE('',*,*,#8351,.F.);
#8377 = ORIENTED_EDGE('',*,*,#8360,.F.);
#8378 = ORIENTED_EDGE('',*,*,#7365,.T.);
#8379 = ORIENTED_EDGE('',*,*,#8380,.T.);
#8380 = EDGE_CURVE('',#7358,#8381,#8383,.T.);
#8381 = VERTEX_POINT('',#8382);
#8382 = CARTESIAN_POINT('',(28.271794822429,23.,244.20489169462));
#8383 = CIRCLE('',#8384,2.25);
#8384 = AXIS2_PLACEMENT_3D('',#8385,#8386,#8387);
#8385 = CARTESIAN_POINT('',(30.044819018044,23.,242.81965337514));
#8386 = DIRECTION('',(0.615661475326,0.,0.788010753607));
#8387 = DIRECTION('',(-0.788010753607,0.,0.615661475326));
#8388 = ORIENTED_EDGE('',*,*,#8389,.T.);
#8389 = EDGE_CURVE('',#8381,#7323,#8390,.T.);
#8390 = CIRCLE('',#8391,2.25);
#8391 = AXIS2_PLACEMENT_3D('',#8392,#8393,#8394);
#8392 = CARTESIAN_POINT('',(30.044819018044,23.,242.81965337514));
#8393 = DIRECTION('',(0.615661475326,0.,0.788010753607));
#8394 = DIRECTION('',(-0.788010753607,0.,0.615661475326));
#8395 = CYLINDRICAL_SURFACE('',#8396,2.25);
#8396 = AXIS2_PLACEMENT_3D('',#8397,#8398,#8399);
#8397 = CARTESIAN_POINT('',(30.044819018044,23.,242.81965337514));
#8398 = DIRECTION('',(0.615661475326,0.,0.788010753607));
#8399 = DIRECTION('',(-0.788010753607,0.,0.615661475326));
#8400 = ADVANCED_FACE('',(#8401),#8423,.T.);
#8401 = FACE_BOUND('',#8402,.T.);
#8402 = EDGE_LOOP('',(#8403,#8404,#8405,#8406,#8407,#8416));
#8403 = ORIENTED_EDGE('',*,*,#7357,.T.);
#8404 = ORIENTED_EDGE('',*,*,#8380,.T.);
#8405 = ORIENTED_EDGE('',*,*,#8389,.T.);
#8406 = ORIENTED_EDGE('',*,*,#7331,.T.);
#8407 = ORIENTED_EDGE('',*,*,#8408,.T.);
#8408 = EDGE_CURVE('',#7332,#8409,#8411,.T.);
#8409 = VERTEX_POINT('',#8410);
#8410 = CARTESIAN_POINT('',(31.606696368603,23.,241.59938105078));
#8411 = CIRCLE('',#8412,1.982050807569);
#8412 = AXIS2_PLACEMENT_3D('',#8413,#8414,#8415);
#8413 = CARTESIAN_POINT('',(30.044819018044,23.,242.81965337514));
#8414 = DIRECTION('',(-0.615661475326,-0.,-0.788010753607));
#8415 = DIRECTION('',(0.788010753607,0.,-0.615661475326));
#8416 = ORIENTED_EDGE('',*,*,#8417,.T.);
#8417 = EDGE_CURVE('',#8409,#7349,#8418,.T.);
#8418 = CIRCLE('',#8419,1.982050807569);
#8419 = AXIS2_PLACEMENT_3D('',#8420,#8421,#8422);
#8420 = CARTESIAN_POINT('',(30.044819018044,23.,242.81965337514));
#8421 = DIRECTION('',(-0.615661475326,-0.,-0.788010753607));
#8422 = DIRECTION('',(0.788010753607,0.,-0.615661475326));
#8423 = PLANE('',#8424);
#8424 = AXIS2_PLACEMENT_3D('',#8425,#8426,#8427);
#8425 = CARTESIAN_POINT('',(30.044819018044,23.,242.81965337514));
#8426 = DIRECTION('',(0.615661475326,0.,0.788010753607));
#8427 = DIRECTION('',(-0.788010753607,0.,0.615661475326));
#8428 = ADVANCED_FACE('',(#8429,#8432),#8435,.F.);
#8429 = FACE_BOUND('',#8430,.F.);
#8430 = EDGE_LOOP('',(#8431));
#8431 = ORIENTED_EDGE('',*,*,#8158,.T.);
#8432 = FACE_BOUND('',#8433,.F.);
#8433 = EDGE_LOOP('',(#8434));
#8434 = ORIENTED_EDGE('',*,*,#8089,.F.);
#8435 = PLANE('',#8436);
#8436 = AXIS2_PLACEMENT_3D('',#8437,#8438,#8439);
#8437 = CARTESIAN_POINT('',(58.610433428851,23.,230.65389514422));
#8438 = DIRECTION('',(0.615661475326,0.,0.788010753607));
#8439 = DIRECTION('',(-0.788010753607,0.,0.615661475326));
#8440 = ADVANCED_FACE('',(#8441,#8444),#8447,.F.);
#8441 = FACE_BOUND('',#8442,.F.);
#8442 = EDGE_LOOP('',(#8443));
#8443 = ORIENTED_EDGE('',*,*,#8315,.T.);
#8444 = FACE_BOUND('',#8445,.F.);
#8445 = EDGE_LOOP('',(#8446));
#8446 = ORIENTED_EDGE('',*,*,#8114,.F.);
#8447 = PLANE('',#8448);
#8448 = AXIS2_PLACEMENT_3D('',#8449,#8450,#8451);
#8449 = CARTESIAN_POINT('',(34.970110820649,23.,249.12373940399));
#8450 = DIRECTION('',(0.615661475326,0.,0.788010753607));
#8451 = DIRECTION('',(-0.788010753607,0.,0.615661475326));
#8452 = ADVANCED_FACE('',(#8453),#8459,.F.);
#8453 = FACE_BOUND('',#8454,.F.);
#8454 = EDGE_LOOP('',(#8455,#8456,#8457,#8458));
#8455 = ORIENTED_EDGE('',*,*,#8408,.T.);
#8456 = ORIENTED_EDGE('',*,*,#8417,.T.);
#8457 = ORIENTED_EDGE('',*,*,#7348,.T.);
#8458 = ORIENTED_EDGE('',*,*,#7339,.T.);
#8459 = CYLINDRICAL_SURFACE('',#8460,1.982050807569);
#8460 = AXIS2_PLACEMENT_3D('',#8461,#8462,#8463);
#8461 = CARTESIAN_POINT('',(31.98415266532,23.,245.301887249));
#8462 = DIRECTION('',(-0.615661475326,-0.,-0.788010753607));
#8463 = DIRECTION('',(0.788010753607,0.,-0.615661475326));
#8464 = MANIFOLD_SOLID_BREP('',#8465);
#8465 = CLOSED_SHELL('',(#8466,#8522,#8573,#8609,#8889,#8985,#9025,#9143
    ,#9157,#9182,#9200,#9218,#9261,#9280,#9299,#9317,#9327,#9345,#9363,
    #9406,#9425,#9444,#9462,#9472,#9482,#9492,#9517,#9542,#9576,#9601,
    #9626,#9651,#9676,#9786,#9798,#9810,#9921,#9941,#9961,#9981,#10001,
    #10043,#10076,#10116,#10141,#10181,#10206,#10246,#10279,#10307,
    #10325,#10343,#10356,#10369,#10396,#10409));
#8466 = ADVANCED_FACE('',(#8467),#8517,.F.);
#8467 = FACE_BOUND('',#8468,.F.);
#8468 = EDGE_LOOP('',(#8469,#8479,#8487,#8495,#8503,#8511));
#8469 = ORIENTED_EDGE('',*,*,#8470,.F.);
#8470 = EDGE_CURVE('',#8471,#8473,#8475,.T.);
#8471 = VERTEX_POINT('',#8472);
#8472 = CARTESIAN_POINT('',(27.791454157019,-45.,176.58897730316));
#8473 = VERTEX_POINT('',#8474);
#8474 = CARTESIAN_POINT('',(27.791454157019,-37.,176.58897730316));
#8475 = LINE('',#8476,#8477);
#8476 = CARTESIAN_POINT('',(27.791454157019,-45.,176.58897730316));
#8477 = VECTOR('',#8478,1.);
#8478 = DIRECTION('',(0.,1.,0.));
#8479 = ORIENTED_EDGE('',*,*,#8480,.T.);
#8480 = EDGE_CURVE('',#8471,#8481,#8483,.T.);
#8481 = VERTEX_POINT('',#8482);
#8482 = CARTESIAN_POINT('',(43.538717099588,-45.,196.74455473645));
#8483 = LINE('',#8484,#8485);
#8484 = CARTESIAN_POINT('',(18.912258086561,-45.,165.22412459218));
#8485 = VECTOR('',#8486,1.);
#8486 = DIRECTION('',(0.615661475326,0.,0.788010753607));
#8487 = ORIENTED_EDGE('',*,*,#8488,.T.);
#8488 = EDGE_CURVE('',#8481,#8489,#8491,.T.);
#8489 = VERTEX_POINT('',#8490);
#8490 = CARTESIAN_POINT('',(68.165176112614,-27.,228.26498488072));
#8491 = LINE('',#8492,#8493);
#8492 = CARTESIAN_POINT('',(43.538717099588,-45.,196.74455473645));
#8493 = VECTOR('',#8494,1.);
#8494 = DIRECTION('',(0.561434939257,0.410364677329,0.718603952523));
#8495 = ORIENTED_EDGE('',*,*,#8496,.T.);
#8496 = EDGE_CURVE('',#8489,#8497,#8499,.T.);
#8497 = VERTEX_POINT('',#8498);
#8498 = CARTESIAN_POINT('',(68.165176112614,-19.,228.26498488072));
#8499 = LINE('',#8500,#8501);
#8500 = CARTESIAN_POINT('',(68.165176112614,-27.,228.26498488072));
#8501 = VECTOR('',#8502,1.);
#8502 = DIRECTION('',(0.,1.,0.));
#8503 = ORIENTED_EDGE('',*,*,#8504,.T.);
#8504 = EDGE_CURVE('',#8497,#8505,#8507,.T.);
#8505 = VERTEX_POINT('',#8506);
#8506 = CARTESIAN_POINT('',(43.538717099588,-37.,196.74455473645));
#8507 = LINE('',#8508,#8509);
#8508 = CARTESIAN_POINT('',(68.165176112614,-19.,228.26498488072));
#8509 = VECTOR('',#8510,1.);
#8510 = DIRECTION('',(-0.561434939257,-0.410364677329,-0.718603952523));
#8511 = ORIENTED_EDGE('',*,*,#8512,.T.);
#8512 = EDGE_CURVE('',#8505,#8473,#8513,.T.);
#8513 = LINE('',#8514,#8515);
#8514 = CARTESIAN_POINT('',(43.538717099588,-37.,196.74455473645));
#8515 = VECTOR('',#8516,1.);
#8516 = DIRECTION('',(-0.615661475326,0.,-0.788010753607));
#8517 = PLANE('',#8518);
#8518 = AXIS2_PLACEMENT_3D('',#8519,#8520,#8521);
#8519 = CARTESIAN_POINT('',(44.056564454139,-35.91886109575,
    197.40736912466));
#8520 = DIRECTION('',(-0.788010753607,0.,0.615661475326));
#8521 = DIRECTION('',(0.615661475326,0.,0.788010753607));
#8522 = ADVANCED_FACE('',(#8523),#8568,.T.);
#8523 = FACE_BOUND('',#8524,.T.);
#8524 = EDGE_LOOP('',(#8525,#8536,#8544,#8553,#8560,#8561));
#8525 = ORIENTED_EDGE('',*,*,#8526,.T.);
#8526 = EDGE_CURVE('',#8527,#8529,#8531,.T.);
#8527 = VERTEX_POINT('',#8528);
#8528 = CARTESIAN_POINT('',(-22.06430110098,-45.,197.23852130911));
#8529 = VERTEX_POINT('',#8530);
#8530 = CARTESIAN_POINT('',(-10.0330620161,-45.,206.1407281188));
#8531 = CIRCLE('',#8532,28.);
#8532 = AXIS2_PLACEMENT_3D('',#8533,#8534,#8535);
#8533 = CARTESIAN_POINT('',(0.,-45.,180.));
#8534 = DIRECTION('',(0.,1.,-0.));
#8535 = DIRECTION('',(-0.788010753607,0.,0.615661475326));
#8536 = ORIENTED_EDGE('',*,*,#8537,.T.);
#8537 = EDGE_CURVE('',#8529,#8538,#8540,.T.);
#8538 = VERTEX_POINT('',#8539);
#8539 = CARTESIAN_POINT('',(-10.0330620161,-37.,206.1407281188));
#8540 = LINE('',#8541,#8542);
#8541 = CARTESIAN_POINT('',(-10.0330620161,-45.,206.1407281188));
#8542 = VECTOR('',#8543,1.);
#8543 = DIRECTION('',(0.,1.,0.));
#8544 = ORIENTED_EDGE('',*,*,#8545,.F.);
#8545 = EDGE_CURVE('',#8546,#8538,#8548,.T.);
#8546 = VERTEX_POINT('',#8547);
#8547 = CARTESIAN_POINT('',(-22.06430110098,-37.,197.23852130911));
#8548 = CIRCLE('',#8549,28.);
#8549 = AXIS2_PLACEMENT_3D('',#8550,#8551,#8552);
#8550 = CARTESIAN_POINT('',(0.,-37.,180.));
#8551 = DIRECTION('',(0.,1.,-0.));
#8552 = DIRECTION('',(-0.788010753607,0.,0.615661475326));
#8553 = ORIENTED_EDGE('',*,*,#8554,.F.);
#8554 = EDGE_CURVE('',#8473,#8546,#8555,.T.);
#8555 = CIRCLE('',#8556,28.);
#8556 = AXIS2_PLACEMENT_3D('',#8557,#8558,#8559);
#8557 = CARTESIAN_POINT('',(0.,-37.,180.));
#8558 = DIRECTION('',(0.,1.,-0.));
#8559 = DIRECTION('',(-0.788010753607,0.,0.615661475326));
#8560 = ORIENTED_EDGE('',*,*,#8470,.F.);
#8561 = ORIENTED_EDGE('',*,*,#8562,.T.);
#8562 = EDGE_CURVE('',#8471,#8527,#8563,.T.);
#8563 = CIRCLE('',#8564,28.);
#8564 = AXIS2_PLACEMENT_3D('',#8565,#8566,#8567);
#8565 = CARTESIAN_POINT('',(0.,-45.,180.));
#8566 = DIRECTION('',(0.,1.,-0.));
#8567 = DIRECTION('',(-0.788010753607,0.,0.615661475326));
#8568 = CYLINDRICAL_SURFACE('',#8569,28.);
#8569 = AXIS2_PLACEMENT_3D('',#8570,#8571,#8572);
#8570 = CARTESIAN_POINT('',(0.,-45.,180.));
#8571 = DIRECTION('',(0.,1.,0.));
#8572 = DIRECTION('',(-0.788010753607,0.,0.615661475326));
#8573 = ADVANCED_FACE('',(#8574,#8593),#8604,.T.);
#8574 = FACE_BOUND('',#8575,.T.);
#8575 = EDGE_LOOP('',(#8576,#8577,#8578,#8586,#8592));
#8576 = ORIENTED_EDGE('',*,*,#8554,.T.);
#8577 = ORIENTED_EDGE('',*,*,#8545,.T.);
#8578 = ORIENTED_EDGE('',*,*,#8579,.F.);
#8579 = EDGE_CURVE('',#8580,#8538,#8582,.T.);
#8580 = VERTEX_POINT('',#8581);
#8581 = CARTESIAN_POINT('',(5.714200926465,-37.,226.29630555208));
#8582 = LINE('',#8583,#8584);
#8583 = CARTESIAN_POINT('',(5.714200926465,-37.,226.29630555208));
#8584 = VECTOR('',#8585,1.);
#8585 = DIRECTION('',(-0.615661475326,0.,-0.788010753607));
#8586 = ORIENTED_EDGE('',*,*,#8587,.F.);
#8587 = EDGE_CURVE('',#8505,#8580,#8588,.T.);
#8588 = LINE('',#8589,#8590);
#8589 = CARTESIAN_POINT('',(43.538717099588,-37.,196.74455473645));
#8590 = VECTOR('',#8591,1.);
#8591 = DIRECTION('',(-0.788010753607,0.,0.615661475326));
#8592 = ORIENTED_EDGE('',*,*,#8512,.T.);
#8593 = FACE_BOUND('',#8594,.T.);
#8594 = EDGE_LOOP('',(#8595));
#8595 = ORIENTED_EDGE('',*,*,#8596,.F.);
#8596 = EDGE_CURVE('',#8597,#8597,#8599,.T.);
#8597 = VERTEX_POINT('',#8598);
#8598 = CARTESIAN_POINT('',(-18.91225808656,-37.,194.77587540781));
#8599 = CIRCLE('',#8600,24.);
#8600 = AXIS2_PLACEMENT_3D('',#8601,#8602,#8603);
#8601 = CARTESIAN_POINT('',(0.,-37.,180.));
#8602 = DIRECTION('',(0.,1.,-0.));
#8603 = DIRECTION('',(-0.788010753607,0.,0.615661475326));
#8604 = PLANE('',#8605);
#8605 = AXIS2_PLACEMENT_3D('',#8606,#8607,#8608);
#8606 = CARTESIAN_POINT('',(6.245830422802,-37.,188.54893648147));
#8607 = DIRECTION('',(0.,1.,0.));
#8608 = DIRECTION('',(-0.788010753607,0.,0.615661475326));
#8609 = ADVANCED_FACE('',(#8610),#8884,.F.);
#8610 = FACE_BOUND('',#8611,.F.);
#8611 = EDGE_LOOP('',(#8612,#8613,#8621,#8630,#8638,#8647,#8655,#8664,
    #8672,#8681,#8689,#8698,#8707,#8715,#8724,#8732,#8741,#8749,#8758,
    #8766,#8775,#8783,#8792,#8800,#8809,#8817,#8826,#8835,#8843,#8852,
    #8860,#8869,#8877,#8883));
#8612 = ORIENTED_EDGE('',*,*,#8504,.F.);
#8613 = ORIENTED_EDGE('',*,*,#8614,.T.);
#8614 = EDGE_CURVE('',#8497,#8615,#8617,.T.);
#8615 = VERTEX_POINT('',#8616);
#8616 = CARTESIAN_POINT('',(63.691362902212,-19.,231.76031083768));
#8617 = LINE('',#8618,#8619);
#8618 = CARTESIAN_POINT('',(68.165176112614,-19.,228.26498488072));
#8619 = VECTOR('',#8620,1.);
#8620 = DIRECTION('',(-0.788010753607,0.,0.615661475326));
#8621 = ORIENTED_EDGE('',*,*,#8622,.F.);
#8622 = EDGE_CURVE('',#8623,#8615,#8625,.T.);
#8623 = VERTEX_POINT('',#8624);
#8624 = CARTESIAN_POINT('',(61.346648761156,-21.7,225.97809300392));
#8625 = ELLIPSE('',#8626,12.671655937467,5.2);
#8626 = AXIS2_PLACEMENT_3D('',#8627,#8628,#8629);
#8627 = CARTESIAN_POINT('',(55.600532882814,-23.,226.80139812659));
#8628 = DIRECTION('',(0.252645722666,-0.911921505175,0.323371778635));
#8629 = DIRECTION('',(0.561434939257,0.410364677329,0.718603952523));
#8630 = ORIENTED_EDGE('',*,*,#8631,.T.);
#8631 = EDGE_CURVE('',#8623,#8632,#8634,.T.);
#8632 = VERTEX_POINT('',#8633);
#8633 = CARTESIAN_POINT('',(60.938268150334,-21.7,226.2971549053));
#8634 = LINE('',#8635,#8636);
#8635 = CARTESIAN_POINT('',(60.92515886943,-21.7,226.30739699804));
#8636 = VECTOR('',#8637,1.);
#8637 = DIRECTION('',(-0.788010753607,0.,0.615661475326));
#8638 = ORIENTED_EDGE('',*,*,#8639,.F.);
#8639 = EDGE_CURVE('',#8640,#8632,#8642,.T.);
#8640 = VERTEX_POINT('',#8641);
#8641 = CARTESIAN_POINT('',(59.35877475732,-22.96,223.97793938822));
#8642 = ELLIPSE('',#8643,11.453227481941,4.7);
#8643 = AXIS2_PLACEMENT_3D('',#8644,#8645,#8646);
#8644 = CARTESIAN_POINT('',(55.600532882814,-23.,226.80139812659));
#8645 = DIRECTION('',(0.252645722666,-0.911921505175,0.323371778635));
#8646 = DIRECTION('',(0.561434939257,0.410364677329,0.718603952523));
#8647 = ORIENTED_EDGE('',*,*,#8648,.T.);
#8648 = EDGE_CURVE('',#8640,#8649,#8651,.T.);
#8649 = VERTEX_POINT('',#8650);
#8650 = CARTESIAN_POINT('',(57.42800233916,-22.96,225.48642412658));
#8651 = LINE('',#8652,#8653);
#8652 = CARTESIAN_POINT('',(59.201306738518,-22.96,224.10096688794));
#8653 = VECTOR('',#8654,1.);
#8654 = DIRECTION('',(-0.788010753607,0.,0.615661475326));
#8655 = ORIENTED_EDGE('',*,*,#8656,.F.);
#8656 = EDGE_CURVE('',#8657,#8649,#8659,.T.);
#8657 = VERTEX_POINT('',#8658);
#8658 = CARTESIAN_POINT('',(55.073137065917,-24.4,223.2653882287));
#8659 = ELLIPSE('',#8660,5.482928049865,2.25);
#8660 = AXIS2_PLACEMENT_3D('',#8661,#8662,#8663);
#8661 = CARTESIAN_POINT('',(55.600532882814,-23.,226.80139812659));
#8662 = DIRECTION('',(0.252645722666,-0.911921505175,0.323371778635));
#8663 = DIRECTION('',(0.561434939257,0.410364677329,0.718603952523));
#8664 = ORIENTED_EDGE('',*,*,#8665,.T.);
#8665 = EDGE_CURVE('',#8657,#8666,#8668,.T.);
#8666 = VERTEX_POINT('',#8667);
#8667 = CARTESIAN_POINT('',(54.790753402821,-24.4,223.48601052583));
#8668 = LINE('',#8669,#8670);
#8669 = CARTESIAN_POINT('',(57.231190017476,-24.4,221.5793324764));
#8670 = VECTOR('',#8671,1.);
#8671 = DIRECTION('',(-0.788010753607,0.,0.615661475326));
#8672 = ORIENTED_EDGE('',*,*,#8673,.F.);
#8673 = EDGE_CURVE('',#8674,#8666,#8676,.T.);
#8674 = VERTEX_POINT('',#8675);
#8675 = CARTESIAN_POINT('',(52.57952984967,-24.4,225.2136077049));
#8676 = ELLIPSE('',#8677,4.829974208479,1.982050807569);
#8677 = AXIS2_PLACEMENT_3D('',#8678,#8679,#8680);
#8678 = CARTESIAN_POINT('',(55.600532882814,-23.,226.80139812659));
#8679 = DIRECTION('',(0.252645722666,-0.911921505175,0.323371778635));
#8680 = DIRECTION('',(-0.561434939257,-0.410364677329,-0.718603952523));
#8681 = ORIENTED_EDGE('',*,*,#8682,.T.);
#8682 = EDGE_CURVE('',#8674,#8683,#8685,.T.);
#8683 = VERTEX_POINT('',#8684);
#8684 = CARTESIAN_POINT('',(52.297146186574,-24.4,225.43423000204));
#8685 = LINE('',#8686,#8687);
#8686 = CARTESIAN_POINT('',(57.231190017476,-24.4,221.5793324764));
#8687 = VECTOR('',#8688,1.);
#8688 = DIRECTION('',(-0.788010753607,0.,0.615661475326));
#8689 = ORIENTED_EDGE('',*,*,#8690,.F.);
#8690 = EDGE_CURVE('',#8691,#8683,#8693,.T.);
#8691 = VERTEX_POINT('',#8692);
#8692 = CARTESIAN_POINT('',(53.827508687199,-23.,228.18663644607));
#8693 = ELLIPSE('',#8694,5.482928049865,2.25);
#8694 = AXIS2_PLACEMENT_3D('',#8695,#8696,#8697);
#8695 = CARTESIAN_POINT('',(55.600532882814,-23.,226.80139812659));
#8696 = DIRECTION('',(0.252645722666,-0.911921505175,0.323371778635));
#8697 = DIRECTION('',(0.561434939257,0.410364677329,0.718603952523));
#8698 = ORIENTED_EDGE('',*,*,#8699,.F.);
#8699 = EDGE_CURVE('',#8700,#8691,#8702,.T.);
#8700 = VERTEX_POINT('',#8701);
#8701 = CARTESIAN_POINT('',(53.882514355415,-22.96,228.25646292724));
#8702 = ELLIPSE('',#8703,5.482928049865,2.25);
#8703 = AXIS2_PLACEMENT_3D('',#8704,#8705,#8706);
#8704 = CARTESIAN_POINT('',(55.600532882814,-23.,226.80139812659));
#8705 = DIRECTION('',(0.252645722666,-0.911921505175,0.323371778635));
#8706 = DIRECTION('',(0.561434939257,0.410364677329,0.718603952523));
#8707 = ORIENTED_EDGE('',*,*,#8708,.T.);
#8708 = EDGE_CURVE('',#8700,#8709,#8711,.T.);
#8709 = VERTEX_POINT('',#8710);
#8710 = CARTESIAN_POINT('',(51.951741937255,-22.96,229.7649476656));
#8711 = LINE('',#8712,#8713);
#8712 = CARTESIAN_POINT('',(59.201306738518,-22.96,224.10096688794));
#8713 = VECTOR('',#8714,1.);
#8714 = DIRECTION('',(-0.788010753607,0.,0.615661475326));
#8715 = ORIENTED_EDGE('',*,*,#8716,.F.);
#8716 = EDGE_CURVE('',#8717,#8709,#8719,.T.);
#8717 = VERTEX_POINT('',#8718);
#8718 = CARTESIAN_POINT('',(53.819952806065,-21.7,231.85859236872));
#8719 = ELLIPSE('',#8720,11.453227481941,4.7);
#8720 = AXIS2_PLACEMENT_3D('',#8721,#8722,#8723);
#8721 = CARTESIAN_POINT('',(55.600532882814,-23.,226.80139812659));
#8722 = DIRECTION('',(0.252645722666,-0.911921505175,0.323371778635));
#8723 = DIRECTION('',(0.561434939257,0.410364677329,0.718603952523));
#8724 = ORIENTED_EDGE('',*,*,#8725,.T.);
#8725 = EDGE_CURVE('',#8717,#8726,#8728,.T.);
#8726 = VERTEX_POINT('',#8727);
#8727 = CARTESIAN_POINT('',(53.411572195243,-21.7,232.1776542701));
#8728 = LINE('',#8729,#8730);
#8729 = CARTESIAN_POINT('',(60.92515886943,-21.7,226.30739699804));
#8730 = VECTOR('',#8731,1.);
#8731 = DIRECTION('',(-0.788010753607,0.,0.615661475326));
#8732 = ORIENTED_EDGE('',*,*,#8733,.F.);
#8733 = EDGE_CURVE('',#8734,#8726,#8736,.T.);
#8734 = VERTEX_POINT('',#8735);
#8735 = CARTESIAN_POINT('',(58.454795758095,-19.,235.85156547962));
#8736 = ELLIPSE('',#8737,12.671655937467,5.2);
#8737 = AXIS2_PLACEMENT_3D('',#8738,#8739,#8740);
#8738 = CARTESIAN_POINT('',(55.600532882814,-23.,226.80139812659));
#8739 = DIRECTION('',(0.252645722666,-0.911921505175,0.323371778635));
#8740 = DIRECTION('',(0.561434939257,0.410364677329,0.718603952523));
#8741 = ORIENTED_EDGE('',*,*,#8742,.T.);
#8742 = EDGE_CURVE('',#8734,#8743,#8745,.T.);
#8743 = VERTEX_POINT('',#8744);
#8744 = CARTESIAN_POINT('',(40.05104029401,-19.,250.23015509745));
#8745 = LINE('',#8746,#8747);
#8746 = CARTESIAN_POINT('',(68.165176112614,-19.,228.26498488072));
#8747 = VECTOR('',#8748,1.);
#8748 = DIRECTION('',(-0.788010753607,0.,0.615661475326));
#8749 = ORIENTED_EDGE('',*,*,#8750,.F.);
#8750 = EDGE_CURVE('',#8751,#8743,#8753,.T.);
#8751 = VERTEX_POINT('',#8752);
#8752 = CARTESIAN_POINT('',(37.706326152954,-21.7,244.44793726369));
#8753 = ELLIPSE('',#8754,12.671655937467,5.2);
#8754 = AXIS2_PLACEMENT_3D('',#8755,#8756,#8757);
#8755 = CARTESIAN_POINT('',(31.960210274613,-23.,245.27124238636));
#8756 = DIRECTION('',(0.252645722666,-0.911921505175,0.323371778635));
#8757 = DIRECTION('',(0.561434939257,0.410364677329,0.718603952523));
#8758 = ORIENTED_EDGE('',*,*,#8759,.T.);
#8759 = EDGE_CURVE('',#8751,#8760,#8762,.T.);
#8760 = VERTEX_POINT('',#8761);
#8761 = CARTESIAN_POINT('',(37.297945542133,-21.7,244.76699916507));
#8762 = LINE('',#8763,#8764);
#8763 = CARTESIAN_POINT('',(49.104997565329,-21.7,235.54231912793));
#8764 = VECTOR('',#8765,1.);
#8765 = DIRECTION('',(-0.788010753607,0.,0.615661475326));
#8766 = ORIENTED_EDGE('',*,*,#8767,.F.);
#8767 = EDGE_CURVE('',#8768,#8760,#8770,.T.);
#8768 = VERTEX_POINT('',#8769);
#8769 = CARTESIAN_POINT('',(35.718452149119,-22.96,242.44778364799));
#8770 = ELLIPSE('',#8771,11.453227481941,4.7);
#8771 = AXIS2_PLACEMENT_3D('',#8772,#8773,#8774);
#8772 = CARTESIAN_POINT('',(31.960210274613,-23.,245.27124238636));
#8773 = DIRECTION('',(0.252645722666,-0.911921505175,0.323371778635));
#8774 = DIRECTION('',(0.561434939257,0.410364677329,0.718603952523));
#8775 = ORIENTED_EDGE('',*,*,#8776,.T.);
#8776 = EDGE_CURVE('',#8768,#8777,#8779,.T.);
#8777 = VERTEX_POINT('',#8778);
#8778 = CARTESIAN_POINT('',(33.787679730959,-22.96,243.95626838635));
#8779 = LINE('',#8780,#8781);
#8780 = CARTESIAN_POINT('',(47.381145434417,-22.96,233.33588901783));
#8781 = VECTOR('',#8782,1.);
#8782 = DIRECTION('',(-0.788010753607,0.,0.615661475326));
#8783 = ORIENTED_EDGE('',*,*,#8784,.F.);
#8784 = EDGE_CURVE('',#8785,#8777,#8787,.T.);
#8785 = VERTEX_POINT('',#8786);
#8786 = CARTESIAN_POINT('',(31.432814457715,-24.4,241.73523248847));
#8787 = ELLIPSE('',#8788,5.482928049865,2.25);
#8788 = AXIS2_PLACEMENT_3D('',#8789,#8790,#8791);
#8789 = CARTESIAN_POINT('',(31.960210274613,-23.,245.27124238636));
#8790 = DIRECTION('',(0.252645722666,-0.911921505175,0.323371778635));
#8791 = DIRECTION('',(0.561434939257,0.410364677329,0.718603952523));
#8792 = ORIENTED_EDGE('',*,*,#8793,.T.);
#8793 = EDGE_CURVE('',#8785,#8794,#8796,.T.);
#8794 = VERTEX_POINT('',#8795);
#8795 = CARTESIAN_POINT('',(31.150430794619,-24.4,241.9558547856));
#8796 = LINE('',#8797,#8798);
#8797 = CARTESIAN_POINT('',(45.411028713375,-24.4,230.81425460629));
#8798 = VECTOR('',#8799,1.);
#8799 = DIRECTION('',(-0.788010753607,0.,0.615661475326));
#8800 = ORIENTED_EDGE('',*,*,#8801,.F.);
#8801 = EDGE_CURVE('',#8802,#8794,#8804,.T.);
#8802 = VERTEX_POINT('',#8803);
#8803 = CARTESIAN_POINT('',(28.939207241469,-24.4,243.68345196467));
#8804 = ELLIPSE('',#8805,4.829974208479,1.982050807569);
#8805 = AXIS2_PLACEMENT_3D('',#8806,#8807,#8808);
#8806 = CARTESIAN_POINT('',(31.960210274613,-23.,245.27124238636));
#8807 = DIRECTION('',(0.252645722666,-0.911921505175,0.323371778635));
#8808 = DIRECTION('',(-0.561434939257,-0.410364677329,-0.718603952523));
#8809 = ORIENTED_EDGE('',*,*,#8810,.T.);
#8810 = EDGE_CURVE('',#8802,#8811,#8813,.T.);
#8811 = VERTEX_POINT('',#8812);
#8812 = CARTESIAN_POINT('',(28.656823578372,-24.4,243.90407426181));
#8813 = LINE('',#8814,#8815);
#8814 = CARTESIAN_POINT('',(45.411028713375,-24.4,230.81425460629));
#8815 = VECTOR('',#8816,1.);
#8816 = DIRECTION('',(-0.788010753607,0.,0.615661475326));
#8817 = ORIENTED_EDGE('',*,*,#8818,.F.);
#8818 = EDGE_CURVE('',#8819,#8811,#8821,.T.);
#8819 = VERTEX_POINT('',#8820);
#8820 = CARTESIAN_POINT('',(30.187186078998,-23.,246.65648070584));
#8821 = ELLIPSE('',#8822,5.482928049865,2.25);
#8822 = AXIS2_PLACEMENT_3D('',#8823,#8824,#8825);
#8823 = CARTESIAN_POINT('',(31.960210274613,-23.,245.27124238636));
#8824 = DIRECTION('',(0.252645722666,-0.911921505175,0.323371778635));
#8825 = DIRECTION('',(0.561434939257,0.410364677329,0.718603952523));
#8826 = ORIENTED_EDGE('',*,*,#8827,.F.);
#8827 = EDGE_CURVE('',#8828,#8819,#8830,.T.);
#8828 = VERTEX_POINT('',#8829);
#8829 = CARTESIAN_POINT('',(30.242191747214,-22.96,246.72630718701));
#8830 = ELLIPSE('',#8831,5.482928049865,2.25);
#8831 = AXIS2_PLACEMENT_3D('',#8832,#8833,#8834);
#8832 = CARTESIAN_POINT('',(31.960210274613,-23.,245.27124238636));
#8833 = DIRECTION('',(0.252645722666,-0.911921505175,0.323371778635));
#8834 = DIRECTION('',(0.561434939257,0.410364677329,0.718603952523));
#8835 = ORIENTED_EDGE('',*,*,#8836,.T.);
#8836 = EDGE_CURVE('',#8828,#8837,#8839,.T.);
#8837 = VERTEX_POINT('',#8838);
#8838 = CARTESIAN_POINT('',(28.311419329053,-22.96,248.23479192537));
#8839 = LINE('',#8840,#8841);
#8840 = CARTESIAN_POINT('',(47.381145434417,-22.96,233.33588901783));
#8841 = VECTOR('',#8842,1.);
#8842 = DIRECTION('',(-0.788010753607,0.,0.615661475326));
#8843 = ORIENTED_EDGE('',*,*,#8844,.F.);
#8844 = EDGE_CURVE('',#8845,#8837,#8847,.T.);
#8845 = VERTEX_POINT('',#8846);
#8846 = CARTESIAN_POINT('',(30.179630197863,-21.7,250.32843662849));
#8847 = ELLIPSE('',#8848,11.453227481941,4.7);
#8848 = AXIS2_PLACEMENT_3D('',#8849,#8850,#8851);
#8849 = CARTESIAN_POINT('',(31.960210274613,-23.,245.27124238636));
#8850 = DIRECTION('',(0.252645722666,-0.911921505175,0.323371778635));
#8851 = DIRECTION('',(0.561434939257,0.410364677329,0.718603952523));
#8852 = ORIENTED_EDGE('',*,*,#8853,.T.);
#8853 = EDGE_CURVE('',#8845,#8854,#8856,.T.);
#8854 = VERTEX_POINT('',#8855);
#8855 = CARTESIAN_POINT('',(29.771249587041,-21.7,250.64749852987));
#8856 = LINE('',#8857,#8858);
#8857 = CARTESIAN_POINT('',(49.104997565329,-21.7,235.54231912793));
#8858 = VECTOR('',#8859,1.);
#8859 = DIRECTION('',(-0.788010753607,0.,0.615661475326));
#8860 = ORIENTED_EDGE('',*,*,#8861,.F.);
#8861 = EDGE_CURVE('',#8862,#8854,#8864,.T.);
#8862 = VERTEX_POINT('',#8863);
#8863 = CARTESIAN_POINT('',(34.814473149894,-19.,254.32140973939));
#8864 = ELLIPSE('',#8865,12.671655937467,5.2);
#8865 = AXIS2_PLACEMENT_3D('',#8866,#8867,#8868);
#8866 = CARTESIAN_POINT('',(31.960210274613,-23.,245.27124238636));
#8867 = DIRECTION('',(0.252645722666,-0.911921505175,0.323371778635));
#8868 = DIRECTION('',(0.561434939257,0.410364677329,0.718603952523));
#8869 = ORIENTED_EDGE('',*,*,#8870,.T.);
#8870 = EDGE_CURVE('',#8862,#8871,#8873,.T.);
#8871 = VERTEX_POINT('',#8872);
#8872 = CARTESIAN_POINT('',(30.340659939491,-19.,257.81673569635));
#8873 = LINE('',#8874,#8875);
#8874 = CARTESIAN_POINT('',(68.165176112614,-19.,228.26498488072));
#8875 = VECTOR('',#8876,1.);
#8876 = DIRECTION('',(-0.788010753607,0.,0.615661475326));
#8877 = ORIENTED_EDGE('',*,*,#8878,.T.);
#8878 = EDGE_CURVE('',#8871,#8580,#8879,.T.);
#8879 = LINE('',#8880,#8881);
#8880 = CARTESIAN_POINT('',(30.340659939491,-19.,257.81673569635));
#8881 = VECTOR('',#8882,1.);
#8882 = DIRECTION('',(-0.561434939257,-0.410364677329,-0.718603952523));
#8883 = ORIENTED_EDGE('',*,*,#8587,.F.);
#8884 = PLANE('',#8885);
#8885 = AXIS2_PLACEMENT_3D('',#8886,#8887,#8888);
#8886 = CARTESIAN_POINT('',(68.165176112614,-19.,228.26498488072));
#8887 = DIRECTION('',(0.252645722666,-0.911921505175,0.323371778635));
#8888 = DIRECTION('',(-0.561434939257,-0.410364677329,-0.718603952523));
#8889 = ADVANCED_FACE('',(#8890,#8958,#8969),#8980,.T.);
#8890 = FACE_BOUND('',#8891,.T.);
#8891 = EDGE_LOOP('',(#8892,#8900,#8901,#8902,#8909,#8910,#8917,#8918,
    #8926,#8934,#8943,#8951));
#8892 = ORIENTED_EDGE('',*,*,#8893,.F.);
#8893 = EDGE_CURVE('',#8489,#8894,#8896,.T.);
#8894 = VERTEX_POINT('',#8895);
#8895 = CARTESIAN_POINT('',(63.691362902212,-27.,231.76031083768));
#8896 = LINE('',#8897,#8898);
#8897 = CARTESIAN_POINT('',(68.165176112614,-27.,228.26498488072));
#8898 = VECTOR('',#8899,1.);
#8899 = DIRECTION('',(-0.788010753607,0.,0.615661475326));
#8900 = ORIENTED_EDGE('',*,*,#8496,.T.);
#8901 = ORIENTED_EDGE('',*,*,#8614,.T.);
#8902 = ORIENTED_EDGE('',*,*,#8903,.T.);
#8903 = EDGE_CURVE('',#8615,#8734,#8904,.T.);
#8904 = CIRCLE('',#8905,5.2);
#8905 = AXIS2_PLACEMENT_3D('',#8906,#8907,#8908);
#8906 = CARTESIAN_POINT('',(61.073079330153,-23.,233.80593815865));
#8907 = DIRECTION('',(0.615661475326,0.,0.788010753607));
#8908 = DIRECTION('',(-0.788010753607,0.,0.615661475326));
#8909 = ORIENTED_EDGE('',*,*,#8742,.T.);
#8910 = ORIENTED_EDGE('',*,*,#8911,.T.);
#8911 = EDGE_CURVE('',#8743,#8862,#8912,.T.);
#8912 = CIRCLE('',#8913,5.2);
#8913 = AXIS2_PLACEMENT_3D('',#8914,#8915,#8916);
#8914 = CARTESIAN_POINT('',(37.432756721952,-23.,252.27578241842));
#8915 = DIRECTION('',(0.615661475326,0.,0.788010753607));
#8916 = DIRECTION('',(-0.788010753607,0.,0.615661475326));
#8917 = ORIENTED_EDGE('',*,*,#8870,.T.);
#8918 = ORIENTED_EDGE('',*,*,#8919,.F.);
#8919 = EDGE_CURVE('',#8920,#8871,#8922,.T.);
#8920 = VERTEX_POINT('',#8921);
#8921 = CARTESIAN_POINT('',(30.340659939491,-27.,257.81673569635));
#8922 = LINE('',#8923,#8924);
#8923 = CARTESIAN_POINT('',(30.340659939491,-27.,257.81673569635));
#8924 = VECTOR('',#8925,1.);
#8925 = DIRECTION('',(0.,1.,0.));
#8926 = ORIENTED_EDGE('',*,*,#8927,.F.);
#8927 = EDGE_CURVE('',#8928,#8920,#8930,.T.);
#8928 = VERTEX_POINT('',#8929);
#8929 = CARTESIAN_POINT('',(34.814473149894,-27.,254.32140973939));
#8930 = LINE('',#8931,#8932);
#8931 = CARTESIAN_POINT('',(68.165176112614,-27.,228.26498488072));
#8932 = VECTOR('',#8933,1.);
#8933 = DIRECTION('',(-0.788010753607,0.,0.615661475326));
#8934 = ORIENTED_EDGE('',*,*,#8935,.T.);
#8935 = EDGE_CURVE('',#8928,#8936,#8938,.T.);
#8936 = VERTEX_POINT('',#8937);
#8937 = CARTESIAN_POINT('',(40.05104029401,-27.,250.23015509745));
#8938 = CIRCLE('',#8939,5.2);
#8939 = AXIS2_PLACEMENT_3D('',#8940,#8941,#8942);
#8940 = CARTESIAN_POINT('',(37.432756721952,-23.,252.27578241842));
#8941 = DIRECTION('',(0.615661475326,0.,0.788010753607));
#8942 = DIRECTION('',(-0.788010753607,0.,0.615661475326));
#8943 = ORIENTED_EDGE('',*,*,#8944,.F.);
#8944 = EDGE_CURVE('',#8945,#8936,#8947,.T.);
#8945 = VERTEX_POINT('',#8946);
#8946 = CARTESIAN_POINT('',(58.454795758095,-27.,235.85156547962));
#8947 = LINE('',#8948,#8949);
#8948 = CARTESIAN_POINT('',(68.165176112614,-27.,228.26498488072));
#8949 = VECTOR('',#8950,1.);
#8950 = DIRECTION('',(-0.788010753607,0.,0.615661475326));
#8951 = ORIENTED_EDGE('',*,*,#8952,.T.);
#8952 = EDGE_CURVE('',#8945,#8894,#8953,.T.);
#8953 = CIRCLE('',#8954,5.2);
#8954 = AXIS2_PLACEMENT_3D('',#8955,#8956,#8957);
#8955 = CARTESIAN_POINT('',(61.073079330153,-23.,233.80593815865));
#8956 = DIRECTION('',(0.615661475326,0.,0.788010753607));
#8957 = DIRECTION('',(-0.788010753607,0.,0.615661475326));
#8958 = FACE_BOUND('',#8959,.T.);
#8959 = EDGE_LOOP('',(#8960));
#8960 = ORIENTED_EDGE('',*,*,#8961,.F.);
#8961 = EDGE_CURVE('',#8962,#8962,#8964,.T.);
#8962 = VERTEX_POINT('',#8963);
#8963 = CARTESIAN_POINT('',(59.300055134538,-23.,235.19117647813));
#8964 = CIRCLE('',#8965,2.25);
#8965 = AXIS2_PLACEMENT_3D('',#8966,#8967,#8968);
#8966 = CARTESIAN_POINT('',(61.073079330153,-23.,233.80593815865));
#8967 = DIRECTION('',(0.615661475326,0.,0.788010753607));
#8968 = DIRECTION('',(-0.788010753607,0.,0.615661475326));
#8969 = FACE_BOUND('',#8970,.T.);
#8970 = EDGE_LOOP('',(#8971));
#8971 = ORIENTED_EDGE('',*,*,#8972,.F.);
#8972 = EDGE_CURVE('',#8973,#8973,#8975,.T.);
#8973 = VERTEX_POINT('',#8974);
#8974 = CARTESIAN_POINT('',(35.659732526337,-23.,253.6610207379));
#8975 = CIRCLE('',#8976,2.25);
#8976 = AXIS2_PLACEMENT_3D('',#8977,#8978,#8979);
#8977 = CARTESIAN_POINT('',(37.432756721952,-23.,252.27578241842));
#8978 = DIRECTION('',(0.615661475326,0.,0.788010753607));
#8979 = DIRECTION('',(-0.788010753607,0.,0.615661475326));
#8980 = PLANE('',#8981);
#8981 = AXIS2_PLACEMENT_3D('',#8982,#8983,#8984);
#8982 = CARTESIAN_POINT('',(49.252918026053,-23.,243.04086028853));
#8983 = DIRECTION('',(0.615661475326,0.,0.788010753607));
#8984 = DIRECTION('',(-0.788010753607,0.,0.615661475326));
#8985 = ADVANCED_FACE('',(#8986),#9020,.F.);
#8986 = FACE_BOUND('',#8987,.F.);
#8987 = EDGE_LOOP('',(#8988,#8989,#8997,#9003,#9004,#9011,#9012,#9019));
#8988 = ORIENTED_EDGE('',*,*,#8488,.F.);
#8989 = ORIENTED_EDGE('',*,*,#8990,.T.);
#8990 = EDGE_CURVE('',#8481,#8991,#8993,.T.);
#8991 = VERTEX_POINT('',#8992);
#8992 = CARTESIAN_POINT('',(5.714200926465,-45.,226.29630555208));
#8993 = LINE('',#8994,#8995);
#8994 = CARTESIAN_POINT('',(43.538717099588,-45.,196.74455473645));
#8995 = VECTOR('',#8996,1.);
#8996 = DIRECTION('',(-0.788010753607,0.,0.615661475326));
#8997 = ORIENTED_EDGE('',*,*,#8998,.T.);
#8998 = EDGE_CURVE('',#8991,#8920,#8999,.T.);
#8999 = LINE('',#9000,#9001);
#9000 = CARTESIAN_POINT('',(5.714200926465,-45.,226.29630555208));
#9001 = VECTOR('',#9002,1.);
#9002 = DIRECTION('',(0.561434939257,0.410364677329,0.718603952523));
#9003 = ORIENTED_EDGE('',*,*,#8927,.F.);
#9004 = ORIENTED_EDGE('',*,*,#9005,.F.);
#9005 = EDGE_CURVE('',#8936,#8928,#9006,.T.);
#9006 = ELLIPSE('',#9007,12.671655937467,5.2);
#9007 = AXIS2_PLACEMENT_3D('',#9008,#9009,#9010);
#9008 = CARTESIAN_POINT('',(42.905303169291,-23.,259.28032245048));
#9009 = DIRECTION('',(-0.252645722666,0.911921505175,-0.323371778635));
#9010 = DIRECTION('',(0.561434939257,0.410364677329,0.718603952523));
#9011 = ORIENTED_EDGE('',*,*,#8944,.F.);
#9012 = ORIENTED_EDGE('',*,*,#9013,.F.);
#9013 = EDGE_CURVE('',#8894,#8945,#9014,.T.);
#9014 = ELLIPSE('',#9015,12.671655937467,5.2);
#9015 = AXIS2_PLACEMENT_3D('',#9016,#9017,#9018);
#9016 = CARTESIAN_POINT('',(66.545625777493,-23.,240.81047819071));
#9017 = DIRECTION('',(-0.252645722666,0.911921505175,-0.323371778635));
#9018 = DIRECTION('',(0.561434939257,0.410364677329,0.718603952523));
#9019 = ORIENTED_EDGE('',*,*,#8893,.F.);
#9020 = PLANE('',#9021);
#9021 = AXIS2_PLACEMENT_3D('',#9022,#9023,#9024);
#9022 = CARTESIAN_POINT('',(43.538717099588,-45.,196.74455473645));
#9023 = DIRECTION('',(-0.252645722666,0.911921505175,-0.323371778635));
#9024 = DIRECTION('',(0.561434939257,0.410364677329,0.718603952523));
#9025 = ADVANCED_FACE('',(#9026,#9038,#9058,#9078,#9098,#9118),#9138,.T.
  );
#9026 = FACE_BOUND('',#9027,.T.);
#9027 = EDGE_LOOP('',(#9028,#9029,#9030,#9031,#9037));
#9028 = ORIENTED_EDGE('',*,*,#8562,.F.);
#9029 = ORIENTED_EDGE('',*,*,#8480,.T.);
#9030 = ORIENTED_EDGE('',*,*,#8990,.T.);
#9031 = ORIENTED_EDGE('',*,*,#9032,.F.);
#9032 = EDGE_CURVE('',#8529,#8991,#9033,.T.);
#9033 = LINE('',#9034,#9035);
#9034 = CARTESIAN_POINT('',(-18.91225808656,-45.,194.77587540781));
#9035 = VECTOR('',#9036,1.);
#9036 = DIRECTION('',(0.615661475326,0.,0.788010753607));
#9037 = ORIENTED_EDGE('',*,*,#8526,.F.);
#9038 = FACE_BOUND('',#9039,.T.);
#9039 = EDGE_LOOP('',(#9040,#9051));
#9040 = ORIENTED_EDGE('',*,*,#9041,.T.);
#9041 = EDGE_CURVE('',#9042,#9044,#9046,.T.);
#9042 = VERTEX_POINT('',#9043);
#9043 = CARTESIAN_POINT('',(8.037709686788,-45.,173.72025295167));
#9044 = VERTEX_POINT('',#9045);
#9045 = CARTESIAN_POINT('',(-8.037709686789,-45.,186.27974704832));
#9046 = CIRCLE('',#9047,10.2);
#9047 = AXIS2_PLACEMENT_3D('',#9048,#9049,#9050);
#9048 = CARTESIAN_POINT('',(0.,-45.,180.));
#9049 = DIRECTION('',(0.,1.,-0.));
#9050 = DIRECTION('',(-0.788010753607,0.,0.615661475326));
#9051 = ORIENTED_EDGE('',*,*,#9052,.T.);
#9052 = EDGE_CURVE('',#9044,#9042,#9053,.T.);
#9053 = CIRCLE('',#9054,10.2);
#9054 = AXIS2_PLACEMENT_3D('',#9055,#9056,#9057);
#9055 = CARTESIAN_POINT('',(0.,-45.,180.));
#9056 = DIRECTION('',(0.,1.,-0.));
#9057 = DIRECTION('',(-0.788010753607,0.,0.615661475326));
#9058 = FACE_BOUND('',#9059,.T.);
#9059 = EDGE_LOOP('',(#9060,#9071));
#9060 = ORIENTED_EDGE('',*,*,#9061,.T.);
#9061 = EDGE_CURVE('',#9062,#9064,#9066,.T.);
#9062 = VERTEX_POINT('',#9063);
#9063 = CARTESIAN_POINT('',(0.610291213351,-45.,165.16588608179));
#9064 = VERTEX_POINT('',#9065);
#9065 = CARTESIAN_POINT('',(3.289527775614,-45.,163.07263706568));
#9066 = CIRCLE('',#9067,1.7);
#9067 = AXIS2_PLACEMENT_3D('',#9068,#9069,#9070);
#9068 = CARTESIAN_POINT('',(1.949909494482,-45.,164.11926157373));
#9069 = DIRECTION('',(0.,1.,-0.));
#9070 = DIRECTION('',(-0.788010753607,0.,0.615661475326));
#9071 = ORIENTED_EDGE('',*,*,#9072,.T.);
#9072 = EDGE_CURVE('',#9064,#9062,#9073,.T.);
#9073 = CIRCLE('',#9074,1.7);
#9074 = AXIS2_PLACEMENT_3D('',#9075,#9076,#9077);
#9075 = CARTESIAN_POINT('',(1.949909494482,-45.,164.11926157373));
#9076 = DIRECTION('',(0.,1.,-0.));
#9077 = DIRECTION('',(-0.788010753607,0.,0.615661475326));
#9078 = FACE_BOUND('',#9079,.T.);
#9079 = EDGE_LOOP('',(#9080,#9091));
#9080 = ORIENTED_EDGE('',*,*,#9081,.T.);
#9081 = EDGE_CURVE('',#9082,#9084,#9086,.T.);
#9082 = VERTEX_POINT('',#9083);
#9083 = CARTESIAN_POINT('',(-17.22035670739,-45.,179.09671501357));
#9084 = VERTEX_POINT('',#9085);
#9085 = CARTESIAN_POINT('',(-14.54112014513,-45.,177.00346599746));
#9086 = CIRCLE('',#9087,1.7);
#9087 = AXIS2_PLACEMENT_3D('',#9088,#9089,#9090);
#9088 = CARTESIAN_POINT('',(-15.88073842626,-45.,178.05009050551));
#9089 = DIRECTION('',(0.,1.,-0.));
#9090 = DIRECTION('',(-0.788010753607,0.,0.615661475326));
#9091 = ORIENTED_EDGE('',*,*,#9092,.T.);
#9092 = EDGE_CURVE('',#9084,#9082,#9093,.T.);
#9093 = CIRCLE('',#9094,1.7);
#9094 = AXIS2_PLACEMENT_3D('',#9095,#9096,#9097);
#9095 = CARTESIAN_POINT('',(-15.88073842626,-45.,178.05009050551));
#9096 = DIRECTION('',(0.,1.,-0.));
#9097 = DIRECTION('',(-0.788010753607,0.,0.615661475326));
#9098 = FACE_BOUND('',#9099,.T.);
#9099 = EDGE_LOOP('',(#9100,#9111));
#9100 = ORIENTED_EDGE('',*,*,#9101,.T.);
#9101 = EDGE_CURVE('',#9102,#9104,#9106,.T.);
#9102 = VERTEX_POINT('',#9103);
#9103 = CARTESIAN_POINT('',(14.54112014513,-45.,182.99653400253));
#9104 = VERTEX_POINT('',#9105);
#9105 = CARTESIAN_POINT('',(17.220356707393,-45.,180.90328498642));
#9106 = CIRCLE('',#9107,1.7);
#9107 = AXIS2_PLACEMENT_3D('',#9108,#9109,#9110);
#9108 = CARTESIAN_POINT('',(15.880738426261,-45.,181.94990949448));
#9109 = DIRECTION('',(0.,1.,-0.));
#9110 = DIRECTION('',(-0.788010753607,0.,0.615661475326));
#9111 = ORIENTED_EDGE('',*,*,#9112,.T.);
#9112 = EDGE_CURVE('',#9104,#9102,#9113,.T.);
#9113 = CIRCLE('',#9114,1.7);
#9114 = AXIS2_PLACEMENT_3D('',#9115,#9116,#9117);
#9115 = CARTESIAN_POINT('',(15.880738426261,-45.,181.94990949448));
#9116 = DIRECTION('',(0.,1.,-0.));
#9117 = DIRECTION('',(-0.788010753607,0.,0.615661475326));
#9118 = FACE_BOUND('',#9119,.T.);
#9119 = EDGE_LOOP('',(#9120,#9131));
#9120 = ORIENTED_EDGE('',*,*,#9121,.T.);
#9121 = EDGE_CURVE('',#9122,#9124,#9126,.T.);
#9122 = VERTEX_POINT('',#9123);
#9123 = CARTESIAN_POINT('',(-3.289527775614,-45.,196.92736293431));
#9124 = VERTEX_POINT('',#9125);
#9125 = CARTESIAN_POINT('',(-0.610291213351,-45.,194.8341139182));
#9126 = CIRCLE('',#9127,1.7);
#9127 = AXIS2_PLACEMENT_3D('',#9128,#9129,#9130);
#9128 = CARTESIAN_POINT('',(-1.949909494482,-45.,195.88073842626));
#9129 = DIRECTION('',(0.,1.,-0.));
#9130 = DIRECTION('',(-0.788010753607,0.,0.615661475326));
#9131 = ORIENTED_EDGE('',*,*,#9132,.T.);
#9132 = EDGE_CURVE('',#9124,#9122,#9133,.T.);
#9133 = CIRCLE('',#9134,1.7);
#9134 = AXIS2_PLACEMENT_3D('',#9135,#9136,#9137);
#9135 = CARTESIAN_POINT('',(-1.949909494482,-45.,195.88073842626));
#9136 = DIRECTION('',(0.,1.,-0.));
#9137 = DIRECTION('',(-0.788010753607,0.,0.615661475326));
#9138 = PLANE('',#9139);
#9139 = AXIS2_PLACEMENT_3D('',#9140,#9141,#9142);
#9140 = CARTESIAN_POINT('',(6.245830422802,-45.,188.54893648147));
#9141 = DIRECTION('',(0.,-1.,-0.));
#9142 = DIRECTION('',(0.788010753607,0.,-0.615661475326));
#9143 = ADVANCED_FACE('',(#9144),#9152,.T.);
#9144 = FACE_BOUND('',#9145,.T.);
#9145 = EDGE_LOOP('',(#9146,#9147,#9148,#9149,#9150,#9151));
#9146 = ORIENTED_EDGE('',*,*,#8537,.F.);
#9147 = ORIENTED_EDGE('',*,*,#9032,.T.);
#9148 = ORIENTED_EDGE('',*,*,#8998,.T.);
#9149 = ORIENTED_EDGE('',*,*,#8919,.T.);
#9150 = ORIENTED_EDGE('',*,*,#8878,.T.);
#9151 = ORIENTED_EDGE('',*,*,#8579,.T.);
#9152 = PLANE('',#9153);
#9153 = AXIS2_PLACEMENT_3D('',#9154,#9155,#9156);
#9154 = CARTESIAN_POINT('',(6.232048281016,-35.91886109575,
    226.95911994029));
#9155 = DIRECTION('',(-0.788010753607,0.,0.615661475326));
#9156 = DIRECTION('',(0.615661475326,0.,0.788010753607));
#9157 = ADVANCED_FACE('',(#9158),#9177,.F.);
#9158 = FACE_BOUND('',#9159,.F.);
#9159 = EDGE_LOOP('',(#9160,#9161,#9169,#9176));
#9160 = ORIENTED_EDGE('',*,*,#8596,.F.);
#9161 = ORIENTED_EDGE('',*,*,#9162,.F.);
#9162 = EDGE_CURVE('',#9163,#8597,#9165,.T.);
#9163 = VERTEX_POINT('',#9164);
#9164 = CARTESIAN_POINT('',(-18.91225808656,-39.1,194.77587540781));
#9165 = LINE('',#9166,#9167);
#9166 = CARTESIAN_POINT('',(-18.91225808656,-39.1,194.77587540781));
#9167 = VECTOR('',#9168,1.);
#9168 = DIRECTION('',(0.,1.,0.));
#9169 = ORIENTED_EDGE('',*,*,#9170,.T.);
#9170 = EDGE_CURVE('',#9163,#9163,#9171,.T.);
#9171 = CIRCLE('',#9172,24.);
#9172 = AXIS2_PLACEMENT_3D('',#9173,#9174,#9175);
#9173 = CARTESIAN_POINT('',(0.,-39.1,180.));
#9174 = DIRECTION('',(0.,1.,-0.));
#9175 = DIRECTION('',(-0.788010753607,0.,0.615661475326));
#9176 = ORIENTED_EDGE('',*,*,#9162,.T.);
#9177 = CYLINDRICAL_SURFACE('',#9178,24.);
#9178 = AXIS2_PLACEMENT_3D('',#9179,#9180,#9181);
#9179 = CARTESIAN_POINT('',(0.,-39.1,180.));
#9180 = DIRECTION('',(0.,1.,0.));
#9181 = DIRECTION('',(-0.788010753607,0.,0.615661475326));
#9182 = ADVANCED_FACE('',(#9183),#9195,.T.);
#9183 = FACE_BOUND('',#9184,.T.);
#9184 = EDGE_LOOP('',(#9185,#9186,#9187,#9188));
#9185 = ORIENTED_EDGE('',*,*,#8861,.F.);
#9186 = ORIENTED_EDGE('',*,*,#8911,.F.);
#9187 = ORIENTED_EDGE('',*,*,#8750,.F.);
#9188 = ORIENTED_EDGE('',*,*,#9189,.T.);
#9189 = EDGE_CURVE('',#8751,#8854,#9190,.T.);
#9190 = CIRCLE('',#9191,5.2);
#9191 = AXIS2_PLACEMENT_3D('',#9192,#9193,#9194);
#9192 = CARTESIAN_POINT('',(33.738787869998,-23.,247.54771789678));
#9193 = DIRECTION('',(0.615661475326,0.,0.788010753607));
#9194 = DIRECTION('',(-0.788010753607,0.,0.615661475326));
#9195 = CYLINDRICAL_SURFACE('',#9196,5.2);
#9196 = AXIS2_PLACEMENT_3D('',#9197,#9198,#9199);
#9197 = CARTESIAN_POINT('',(33.738787869998,-23.,247.54771789678));
#9198 = DIRECTION('',(0.615661475326,0.,0.788010753607));
#9199 = DIRECTION('',(-0.788010753607,0.,0.615661475326));
#9200 = ADVANCED_FACE('',(#9201),#9213,.F.);
#9201 = FACE_BOUND('',#9202,.F.);
#9202 = EDGE_LOOP('',(#9203,#9204,#9205,#9206));
#9203 = ORIENTED_EDGE('',*,*,#8759,.F.);
#9204 = ORIENTED_EDGE('',*,*,#9189,.T.);
#9205 = ORIENTED_EDGE('',*,*,#8853,.F.);
#9206 = ORIENTED_EDGE('',*,*,#9207,.F.);
#9207 = EDGE_CURVE('',#8760,#8845,#9208,.T.);
#9208 = CIRCLE('',#9209,4.7);
#9209 = AXIS2_PLACEMENT_3D('',#9210,#9211,#9212);
#9210 = CARTESIAN_POINT('',(33.738787869998,-23.,247.54771789678));
#9211 = DIRECTION('',(0.615661475326,0.,0.788010753607));
#9212 = DIRECTION('',(-0.788010753607,0.,0.615661475326));
#9213 = PLANE('',#9214);
#9214 = AXIS2_PLACEMENT_3D('',#9215,#9216,#9217);
#9215 = CARTESIAN_POINT('',(33.738787869998,-23.,247.54771789678));
#9216 = DIRECTION('',(0.615661475326,0.,0.788010753607));
#9217 = DIRECTION('',(-0.788010753607,0.,0.615661475326));
#9218 = ADVANCED_FACE('',(#9219),#9256,.F.);
#9219 = FACE_BOUND('',#9220,.F.);
#9220 = EDGE_LOOP('',(#9221,#9231,#9238,#9239,#9246,#9247,#9248,#9249));
#9221 = ORIENTED_EDGE('',*,*,#9222,.T.);
#9222 = EDGE_CURVE('',#9223,#9225,#9227,.T.);
#9223 = VERTEX_POINT('',#9224);
#9224 = CARTESIAN_POINT('',(28.311285197134,-23.,248.23489672071));
#9225 = VERTEX_POINT('',#9226);
#9226 = CARTESIAN_POINT('',(31.266460278698,-23.,252.01734833802));
#9227 = LINE('',#9228,#9229);
#9228 = CARTESIAN_POINT('',(28.311285197134,-23.,248.23489672071));
#9229 = VECTOR('',#9230,1.);
#9230 = DIRECTION('',(0.615661475326,0.,0.788010753607));
#9231 = ORIENTED_EDGE('',*,*,#9232,.F.);
#9232 = EDGE_CURVE('',#9225,#9225,#9233,.T.);
#9233 = CIRCLE('',#9234,4.7);
#9234 = AXIS2_PLACEMENT_3D('',#9235,#9236,#9237);
#9235 = CARTESIAN_POINT('',(34.970110820649,-23.,249.12373940399));
#9236 = DIRECTION('',(0.615661475326,0.,0.788010753607));
#9237 = DIRECTION('',(-0.788010753607,0.,0.615661475326));
#9238 = ORIENTED_EDGE('',*,*,#9222,.F.);
#9239 = ORIENTED_EDGE('',*,*,#9240,.T.);
#9240 = EDGE_CURVE('',#9223,#8768,#9241,.T.);
#9241 = CIRCLE('',#9242,4.7);
#9242 = AXIS2_PLACEMENT_3D('',#9243,#9244,#9245);
#9243 = CARTESIAN_POINT('',(32.014935739086,-23.,245.34128778668));
#9244 = DIRECTION('',(0.615661475326,0.,0.788010753607));
#9245 = DIRECTION('',(-0.788010753607,0.,0.615661475326));
#9246 = ORIENTED_EDGE('',*,*,#8767,.T.);
#9247 = ORIENTED_EDGE('',*,*,#9207,.T.);
#9248 = ORIENTED_EDGE('',*,*,#8844,.T.);
#9249 = ORIENTED_EDGE('',*,*,#9250,.T.);
#9250 = EDGE_CURVE('',#8837,#9223,#9251,.T.);
#9251 = CIRCLE('',#9252,4.7);
#9252 = AXIS2_PLACEMENT_3D('',#9253,#9254,#9255);
#9253 = CARTESIAN_POINT('',(32.014935739086,-23.,245.34128778668));
#9254 = DIRECTION('',(0.615661475326,0.,0.788010753607));
#9255 = DIRECTION('',(-0.788010753607,0.,0.615661475326));
#9256 = CYLINDRICAL_SURFACE('',#9257,4.7);
#9257 = AXIS2_PLACEMENT_3D('',#9258,#9259,#9260);
#9258 = CARTESIAN_POINT('',(32.014935739086,-23.,245.34128778668));
#9259 = DIRECTION('',(0.615661475326,0.,0.788010753607));
#9260 = DIRECTION('',(-0.788010753607,0.,0.615661475326));
#9261 = ADVANCED_FACE('',(#9262),#9275,.T.);
#9262 = FACE_BOUND('',#9263,.T.);
#9263 = EDGE_LOOP('',(#9264,#9265,#9266,#9267,#9274));
#9264 = ORIENTED_EDGE('',*,*,#9250,.T.);
#9265 = ORIENTED_EDGE('',*,*,#9240,.T.);
#9266 = ORIENTED_EDGE('',*,*,#8776,.T.);
#9267 = ORIENTED_EDGE('',*,*,#9268,.F.);
#9268 = EDGE_CURVE('',#8828,#8777,#9269,.T.);
#9269 = CIRCLE('',#9270,2.25);
#9270 = AXIS2_PLACEMENT_3D('',#9271,#9272,#9273);
#9271 = CARTESIAN_POINT('',(32.014935739086,-23.,245.34128778668));
#9272 = DIRECTION('',(0.615661475326,0.,0.788010753607));
#9273 = DIRECTION('',(-0.788010753607,0.,0.615661475326));
#9274 = ORIENTED_EDGE('',*,*,#8836,.T.);
#9275 = PLANE('',#9276);
#9276 = AXIS2_PLACEMENT_3D('',#9277,#9278,#9279);
#9277 = CARTESIAN_POINT('',(32.014935739086,-23.,245.34128778668));
#9278 = DIRECTION('',(0.615661475326,0.,0.788010753607));
#9279 = DIRECTION('',(-0.788010753607,0.,0.615661475326));
#9280 = ADVANCED_FACE('',(#9281),#9294,.F.);
#9281 = FACE_BOUND('',#9282,.F.);
#9282 = EDGE_LOOP('',(#9283,#9284,#9291,#9292,#9293));
#9283 = ORIENTED_EDGE('',*,*,#8818,.T.);
#9284 = ORIENTED_EDGE('',*,*,#9285,.T.);
#9285 = EDGE_CURVE('',#8811,#8785,#9286,.T.);
#9286 = CIRCLE('',#9287,2.25);
#9287 = AXIS2_PLACEMENT_3D('',#9288,#9289,#9290);
#9288 = CARTESIAN_POINT('',(30.044819018044,-23.,242.81965337514));
#9289 = DIRECTION('',(0.615661475326,0.,0.788010753607));
#9290 = DIRECTION('',(-0.788010753607,0.,0.615661475326));
#9291 = ORIENTED_EDGE('',*,*,#8784,.T.);
#9292 = ORIENTED_EDGE('',*,*,#9268,.F.);
#9293 = ORIENTED_EDGE('',*,*,#8827,.T.);
#9294 = CYLINDRICAL_SURFACE('',#9295,2.25);
#9295 = AXIS2_PLACEMENT_3D('',#9296,#9297,#9298);
#9296 = CARTESIAN_POINT('',(30.044819018044,-23.,242.81965337514));
#9297 = DIRECTION('',(0.615661475326,0.,0.788010753607));
#9298 = DIRECTION('',(-0.788010753607,0.,0.615661475326));
#9299 = ADVANCED_FACE('',(#9300),#9312,.T.);
#9300 = FACE_BOUND('',#9301,.T.);
#9301 = EDGE_LOOP('',(#9302,#9303,#9304,#9311));
#9302 = ORIENTED_EDGE('',*,*,#9285,.T.);
#9303 = ORIENTED_EDGE('',*,*,#8793,.T.);
#9304 = ORIENTED_EDGE('',*,*,#9305,.T.);
#9305 = EDGE_CURVE('',#8794,#8802,#9306,.T.);
#9306 = CIRCLE('',#9307,1.982050807569);
#9307 = AXIS2_PLACEMENT_3D('',#9308,#9309,#9310);
#9308 = CARTESIAN_POINT('',(30.044819018044,-23.,242.81965337514));
#9309 = DIRECTION('',(-0.615661475326,-0.,-0.788010753607));
#9310 = DIRECTION('',(0.788010753607,0.,-0.615661475326));
#9311 = ORIENTED_EDGE('',*,*,#8810,.T.);
#9312 = PLANE('',#9313);
#9313 = AXIS2_PLACEMENT_3D('',#9314,#9315,#9316);
#9314 = CARTESIAN_POINT('',(30.044819018044,-23.,242.81965337514));
#9315 = DIRECTION('',(0.615661475326,0.,0.788010753607));
#9316 = DIRECTION('',(-0.788010753607,0.,0.615661475326));
#9317 = ADVANCED_FACE('',(#9318),#9322,.F.);
#9318 = FACE_BOUND('',#9319,.F.);
#9319 = EDGE_LOOP('',(#9320,#9321));
#9320 = ORIENTED_EDGE('',*,*,#9305,.T.);
#9321 = ORIENTED_EDGE('',*,*,#8801,.T.);
#9322 = CYLINDRICAL_SURFACE('',#9323,1.982050807569);
#9323 = AXIS2_PLACEMENT_3D('',#9324,#9325,#9326);
#9324 = CARTESIAN_POINT('',(31.98415266532,-23.,245.301887249));
#9325 = DIRECTION('',(-0.615661475326,-0.,-0.788010753607));
#9326 = DIRECTION('',(0.788010753607,0.,-0.615661475326));
#9327 = ADVANCED_FACE('',(#9328),#9340,.T.);
#9328 = FACE_BOUND('',#9329,.T.);
#9329 = EDGE_LOOP('',(#9330,#9331,#9332,#9333));
#9330 = ORIENTED_EDGE('',*,*,#8733,.F.);
#9331 = ORIENTED_EDGE('',*,*,#8903,.F.);
#9332 = ORIENTED_EDGE('',*,*,#8622,.F.);
#9333 = ORIENTED_EDGE('',*,*,#9334,.T.);
#9334 = EDGE_CURVE('',#8623,#8726,#9335,.T.);
#9335 = CIRCLE('',#9336,5.2);
#9336 = AXIS2_PLACEMENT_3D('',#9337,#9338,#9339);
#9337 = CARTESIAN_POINT('',(57.3791104782,-23.,229.07787363701));
#9338 = DIRECTION('',(0.615661475326,0.,0.788010753607));
#9339 = DIRECTION('',(-0.788010753607,0.,0.615661475326));
#9340 = CYLINDRICAL_SURFACE('',#9341,5.2);
#9341 = AXIS2_PLACEMENT_3D('',#9342,#9343,#9344);
#9342 = CARTESIAN_POINT('',(57.3791104782,-23.,229.07787363701));
#9343 = DIRECTION('',(0.615661475326,0.,0.788010753607));
#9344 = DIRECTION('',(-0.788010753607,0.,0.615661475326));
#9345 = ADVANCED_FACE('',(#9346),#9358,.F.);
#9346 = FACE_BOUND('',#9347,.F.);
#9347 = EDGE_LOOP('',(#9348,#9349,#9350,#9351));
#9348 = ORIENTED_EDGE('',*,*,#8631,.F.);
#9349 = ORIENTED_EDGE('',*,*,#9334,.T.);
#9350 = ORIENTED_EDGE('',*,*,#8725,.F.);
#9351 = ORIENTED_EDGE('',*,*,#9352,.F.);
#9352 = EDGE_CURVE('',#8632,#8717,#9353,.T.);
#9353 = CIRCLE('',#9354,4.7);
#9354 = AXIS2_PLACEMENT_3D('',#9355,#9356,#9357);
#9355 = CARTESIAN_POINT('',(57.3791104782,-23.,229.07787363701));
#9356 = DIRECTION('',(0.615661475326,0.,0.788010753607));
#9357 = DIRECTION('',(-0.788010753607,0.,0.615661475326));
#9358 = PLANE('',#9359);
#9359 = AXIS2_PLACEMENT_3D('',#9360,#9361,#9362);
#9360 = CARTESIAN_POINT('',(57.3791104782,-23.,229.07787363701));
#9361 = DIRECTION('',(0.615661475326,0.,0.788010753607));
#9362 = DIRECTION('',(-0.788010753607,0.,0.615661475326));
#9363 = ADVANCED_FACE('',(#9364),#9401,.F.);
#9364 = FACE_BOUND('',#9365,.F.);
#9365 = EDGE_LOOP('',(#9366,#9376,#9383,#9384,#9391,#9392,#9393,#9394));
#9366 = ORIENTED_EDGE('',*,*,#9367,.T.);
#9367 = EDGE_CURVE('',#9368,#9370,#9372,.T.);
#9368 = VERTEX_POINT('',#9369);
#9369 = CARTESIAN_POINT('',(51.951607805336,-23.,229.76505246094));
#9370 = VERTEX_POINT('',#9371);
#9371 = CARTESIAN_POINT('',(54.906782886899,-23.,233.54750407825));
#9372 = LINE('',#9373,#9374);
#9373 = CARTESIAN_POINT('',(51.951607805336,-23.,229.76505246094));
#9374 = VECTOR('',#9375,1.);
#9375 = DIRECTION('',(0.615661475326,0.,0.788010753607));
#9376 = ORIENTED_EDGE('',*,*,#9377,.F.);
#9377 = EDGE_CURVE('',#9370,#9370,#9378,.T.);
#9378 = CIRCLE('',#9379,4.7);
#9379 = AXIS2_PLACEMENT_3D('',#9380,#9381,#9382);
#9380 = CARTESIAN_POINT('',(58.610433428851,-23.,230.65389514422));
#9381 = DIRECTION('',(0.615661475326,0.,0.788010753607));
#9382 = DIRECTION('',(-0.788010753607,0.,0.615661475326));
#9383 = ORIENTED_EDGE('',*,*,#9367,.F.);
#9384 = ORIENTED_EDGE('',*,*,#9385,.T.);
#9385 = EDGE_CURVE('',#9368,#8640,#9386,.T.);
#9386 = CIRCLE('',#9387,4.7);
#9387 = AXIS2_PLACEMENT_3D('',#9388,#9389,#9390);
#9388 = CARTESIAN_POINT('',(55.655258347288,-23.,226.87144352691));
#9389 = DIRECTION('',(0.615661475326,0.,0.788010753607));
#9390 = DIRECTION('',(-0.788010753607,0.,0.615661475326));
#9391 = ORIENTED_EDGE('',*,*,#8639,.T.);
#9392 = ORIENTED_EDGE('',*,*,#9352,.T.);
#9393 = ORIENTED_EDGE('',*,*,#8716,.T.);
#9394 = ORIENTED_EDGE('',*,*,#9395,.T.);
#9395 = EDGE_CURVE('',#8709,#9368,#9396,.T.);
#9396 = CIRCLE('',#9397,4.7);
#9397 = AXIS2_PLACEMENT_3D('',#9398,#9399,#9400);
#9398 = CARTESIAN_POINT('',(55.655258347288,-23.,226.87144352691));
#9399 = DIRECTION('',(0.615661475326,0.,0.788010753607));
#9400 = DIRECTION('',(-0.788010753607,0.,0.615661475326));
#9401 = CYLINDRICAL_SURFACE('',#9402,4.7);
#9402 = AXIS2_PLACEMENT_3D('',#9403,#9404,#9405);
#9403 = CARTESIAN_POINT('',(55.655258347288,-23.,226.87144352691));
#9404 = DIRECTION('',(0.615661475326,0.,0.788010753607));
#9405 = DIRECTION('',(-0.788010753607,0.,0.615661475326));
#9406 = ADVANCED_FACE('',(#9407),#9420,.T.);
#9407 = FACE_BOUND('',#9408,.T.);
#9408 = EDGE_LOOP('',(#9409,#9410,#9411,#9412,#9419));
#9409 = ORIENTED_EDGE('',*,*,#9395,.T.);
#9410 = ORIENTED_EDGE('',*,*,#9385,.T.);
#9411 = ORIENTED_EDGE('',*,*,#8648,.T.);
#9412 = ORIENTED_EDGE('',*,*,#9413,.F.);
#9413 = EDGE_CURVE('',#8700,#8649,#9414,.T.);
#9414 = CIRCLE('',#9415,2.25);
#9415 = AXIS2_PLACEMENT_3D('',#9416,#9417,#9418);
#9416 = CARTESIAN_POINT('',(55.655258347288,-23.,226.87144352691));
#9417 = DIRECTION('',(0.615661475326,0.,0.788010753607));
#9418 = DIRECTION('',(-0.788010753607,0.,0.615661475326));
#9419 = ORIENTED_EDGE('',*,*,#8708,.T.);
#9420 = PLANE('',#9421);
#9421 = AXIS2_PLACEMENT_3D('',#9422,#9423,#9424);
#9422 = CARTESIAN_POINT('',(55.655258347288,-23.,226.87144352691));
#9423 = DIRECTION('',(0.615661475326,0.,0.788010753607));
#9424 = DIRECTION('',(-0.788010753607,0.,0.615661475326));
#9425 = ADVANCED_FACE('',(#9426),#9439,.F.);
#9426 = FACE_BOUND('',#9427,.F.);
#9427 = EDGE_LOOP('',(#9428,#9429,#9436,#9437,#9438));
#9428 = ORIENTED_EDGE('',*,*,#8690,.T.);
#9429 = ORIENTED_EDGE('',*,*,#9430,.T.);
#9430 = EDGE_CURVE('',#8683,#8657,#9431,.T.);
#9431 = CIRCLE('',#9432,2.25);
#9432 = AXIS2_PLACEMENT_3D('',#9433,#9434,#9435);
#9433 = CARTESIAN_POINT('',(53.685141626246,-23.,224.34980911537));
#9434 = DIRECTION('',(0.615661475326,0.,0.788010753607));
#9435 = DIRECTION('',(-0.788010753607,0.,0.615661475326));
#9436 = ORIENTED_EDGE('',*,*,#8656,.T.);
#9437 = ORIENTED_EDGE('',*,*,#9413,.F.);
#9438 = ORIENTED_EDGE('',*,*,#8699,.T.);
#9439 = CYLINDRICAL_SURFACE('',#9440,2.25);
#9440 = AXIS2_PLACEMENT_3D('',#9441,#9442,#9443);
#9441 = CARTESIAN_POINT('',(53.685141626246,-23.,224.34980911537));
#9442 = DIRECTION('',(0.615661475326,0.,0.788010753607));
#9443 = DIRECTION('',(-0.788010753607,0.,0.615661475326));
#9444 = ADVANCED_FACE('',(#9445),#9457,.T.);
#9445 = FACE_BOUND('',#9446,.T.);
#9446 = EDGE_LOOP('',(#9447,#9448,#9449,#9456));
#9447 = ORIENTED_EDGE('',*,*,#9430,.T.);
#9448 = ORIENTED_EDGE('',*,*,#8665,.T.);
#9449 = ORIENTED_EDGE('',*,*,#9450,.T.);
#9450 = EDGE_CURVE('',#8666,#8674,#9451,.T.);
#9451 = CIRCLE('',#9452,1.982050807569);
#9452 = AXIS2_PLACEMENT_3D('',#9453,#9454,#9455);
#9453 = CARTESIAN_POINT('',(53.685141626246,-23.,224.34980911537));
#9454 = DIRECTION('',(-0.615661475326,-0.,-0.788010753607));
#9455 = DIRECTION('',(0.788010753607,0.,-0.615661475326));
#9456 = ORIENTED_EDGE('',*,*,#8682,.T.);
#9457 = PLANE('',#9458);
#9458 = AXIS2_PLACEMENT_3D('',#9459,#9460,#9461);
#9459 = CARTESIAN_POINT('',(53.685141626246,-23.,224.34980911537));
#9460 = DIRECTION('',(0.615661475326,0.,0.788010753607));
#9461 = DIRECTION('',(-0.788010753607,0.,0.615661475326));
#9462 = ADVANCED_FACE('',(#9463),#9467,.F.);
#9463 = FACE_BOUND('',#9464,.F.);
#9464 = EDGE_LOOP('',(#9465,#9466));
#9465 = ORIENTED_EDGE('',*,*,#9450,.T.);
#9466 = ORIENTED_EDGE('',*,*,#8673,.T.);
#9467 = CYLINDRICAL_SURFACE('',#9468,1.982050807569);
#9468 = AXIS2_PLACEMENT_3D('',#9469,#9470,#9471);
#9469 = CARTESIAN_POINT('',(55.624475273521,-23.,226.83204298923));
#9470 = DIRECTION('',(-0.615661475326,-0.,-0.788010753607));
#9471 = DIRECTION('',(0.788010753607,0.,-0.615661475326));
#9472 = ADVANCED_FACE('',(#9473),#9477,.T.);
#9473 = FACE_BOUND('',#9474,.T.);
#9474 = EDGE_LOOP('',(#9475,#9476));
#9475 = ORIENTED_EDGE('',*,*,#8952,.F.);
#9476 = ORIENTED_EDGE('',*,*,#9013,.F.);
#9477 = CYLINDRICAL_SURFACE('',#9478,5.2);
#9478 = AXIS2_PLACEMENT_3D('',#9479,#9480,#9481);
#9479 = CARTESIAN_POINT('',(57.3791104782,-23.,229.07787363701));
#9480 = DIRECTION('',(0.615661475326,0.,0.788010753607));
#9481 = DIRECTION('',(-0.788010753607,0.,0.615661475326));
#9482 = ADVANCED_FACE('',(#9483),#9487,.T.);
#9483 = FACE_BOUND('',#9484,.T.);
#9484 = EDGE_LOOP('',(#9485,#9486));
#9485 = ORIENTED_EDGE('',*,*,#8935,.F.);
#9486 = ORIENTED_EDGE('',*,*,#9005,.F.);
#9487 = CYLINDRICAL_SURFACE('',#9488,5.2);
#9488 = AXIS2_PLACEMENT_3D('',#9489,#9490,#9491);
#9489 = CARTESIAN_POINT('',(33.738787869998,-23.,247.54771789678));
#9490 = DIRECTION('',(0.615661475326,0.,0.788010753607));
#9491 = DIRECTION('',(-0.788010753607,0.,0.615661475326));
#9492 = ADVANCED_FACE('',(#9493),#9512,.F.);
#9493 = FACE_BOUND('',#9494,.F.);
#9494 = EDGE_LOOP('',(#9495,#9496,#9504,#9511));
#9495 = ORIENTED_EDGE('',*,*,#8961,.F.);
#9496 = ORIENTED_EDGE('',*,*,#9497,.F.);
#9497 = EDGE_CURVE('',#9498,#8962,#9500,.T.);
#9498 = VERTEX_POINT('',#9499);
#9499 = CARTESIAN_POINT('',(56.837409233236,-23.,232.0391334637));
#9500 = LINE('',#9501,#9502);
#9501 = CARTESIAN_POINT('',(56.837409233236,-23.,232.0391334637));
#9502 = VECTOR('',#9503,1.);
#9503 = DIRECTION('',(0.615661475326,0.,0.788010753607));
#9504 = ORIENTED_EDGE('',*,*,#9505,.T.);
#9505 = EDGE_CURVE('',#9498,#9498,#9506,.T.);
#9506 = CIRCLE('',#9507,2.25);
#9507 = AXIS2_PLACEMENT_3D('',#9508,#9509,#9510);
#9508 = CARTESIAN_POINT('',(58.610433428851,-23.,230.65389514422));
#9509 = DIRECTION('',(0.615661475326,0.,0.788010753607));
#9510 = DIRECTION('',(-0.788010753607,0.,0.615661475326));
#9511 = ORIENTED_EDGE('',*,*,#9497,.T.);
#9512 = CYLINDRICAL_SURFACE('',#9513,2.25);
#9513 = AXIS2_PLACEMENT_3D('',#9514,#9515,#9516);
#9514 = CARTESIAN_POINT('',(58.610433428851,-23.,230.65389514422));
#9515 = DIRECTION('',(0.615661475326,0.,0.788010753607));
#9516 = DIRECTION('',(-0.788010753607,0.,0.615661475326));
#9517 = ADVANCED_FACE('',(#9518),#9537,.F.);
#9518 = FACE_BOUND('',#9519,.F.);
#9519 = EDGE_LOOP('',(#9520,#9521,#9529,#9536));
#9520 = ORIENTED_EDGE('',*,*,#8972,.F.);
#9521 = ORIENTED_EDGE('',*,*,#9522,.F.);
#9522 = EDGE_CURVE('',#9523,#8973,#9525,.T.);
#9523 = VERTEX_POINT('',#9524);
#9524 = CARTESIAN_POINT('',(33.197086625034,-23.,250.50897772347));
#9525 = LINE('',#9526,#9527);
#9526 = CARTESIAN_POINT('',(33.197086625034,-23.,250.50897772347));
#9527 = VECTOR('',#9528,1.);
#9528 = DIRECTION('',(0.615661475326,0.,0.788010753607));
#9529 = ORIENTED_EDGE('',*,*,#9530,.T.);
#9530 = EDGE_CURVE('',#9523,#9523,#9531,.T.);
#9531 = CIRCLE('',#9532,2.25);
#9532 = AXIS2_PLACEMENT_3D('',#9533,#9534,#9535);
#9533 = CARTESIAN_POINT('',(34.970110820649,-23.,249.12373940399));
#9534 = DIRECTION('',(0.615661475326,0.,0.788010753607));
#9535 = DIRECTION('',(-0.788010753607,0.,0.615661475326));
#9536 = ORIENTED_EDGE('',*,*,#9522,.T.);
#9537 = CYLINDRICAL_SURFACE('',#9538,2.25);
#9538 = AXIS2_PLACEMENT_3D('',#9539,#9540,#9541);
#9539 = CARTESIAN_POINT('',(34.970110820649,-23.,249.12373940399));
#9540 = DIRECTION('',(0.615661475326,0.,0.788010753607));
#9541 = DIRECTION('',(-0.788010753607,0.,0.615661475326));
#9542 = ADVANCED_FACE('',(#9543),#9571,.F.);
#9543 = FACE_BOUND('',#9544,.F.);
#9544 = EDGE_LOOP('',(#9545,#9546,#9553,#9562,#9569,#9570));
#9545 = ORIENTED_EDGE('',*,*,#9041,.T.);
#9546 = ORIENTED_EDGE('',*,*,#9547,.T.);
#9547 = EDGE_CURVE('',#9044,#9548,#9550,.T.);
#9548 = VERTEX_POINT('',#9549);
#9549 = CARTESIAN_POINT('',(-8.037709686789,-37.,186.27974704832));
#9550 = B_SPLINE_CURVE_WITH_KNOTS('',1,(#9551,#9552),.UNSPECIFIED.,.F.,
  .F.,(2,2),(0.,8.),.PIECEWISE_BEZIER_KNOTS.);
#9551 = CARTESIAN_POINT('',(-8.037709686789,-45.,186.27974704832));
#9552 = CARTESIAN_POINT('',(-8.037709686789,-37.,186.27974704832));
#9553 = ORIENTED_EDGE('',*,*,#9554,.F.);
#9554 = EDGE_CURVE('',#9555,#9548,#9557,.T.);
#9555 = VERTEX_POINT('',#9556);
#9556 = CARTESIAN_POINT('',(8.037709686788,-37.,173.72025295167));
#9557 = CIRCLE('',#9558,10.2);
#9558 = AXIS2_PLACEMENT_3D('',#9559,#9560,#9561);
#9559 = CARTESIAN_POINT('',(0.,-37.,180.));
#9560 = DIRECTION('',(0.,1.,-0.));
#9561 = DIRECTION('',(-0.788010753607,0.,0.615661475326));
#9562 = ORIENTED_EDGE('',*,*,#9563,.F.);
#9563 = EDGE_CURVE('',#9548,#9555,#9564,.T.);
#9564 = CIRCLE('',#9565,10.2);
#9565 = AXIS2_PLACEMENT_3D('',#9566,#9567,#9568);
#9566 = CARTESIAN_POINT('',(0.,-37.,180.));
#9567 = DIRECTION('',(0.,1.,-0.));
#9568 = DIRECTION('',(-0.788010753607,0.,0.615661475326));
#9569 = ORIENTED_EDGE('',*,*,#9547,.F.);
#9570 = ORIENTED_EDGE('',*,*,#9052,.T.);
#9571 = CYLINDRICAL_SURFACE('',#9572,10.2);
#9572 = AXIS2_PLACEMENT_3D('',#9573,#9574,#9575);
#9573 = CARTESIAN_POINT('',(0.,-45.,180.));
#9574 = DIRECTION('',(0.,1.,0.));
#9575 = DIRECTION('',(-0.788010753607,0.,0.615661475326));
#9576 = ADVANCED_FACE('',(#9577),#9596,.F.);
#9577 = FACE_BOUND('',#9578,.F.);
#9578 = EDGE_LOOP('',(#9579,#9588,#9593,#9594,#9595));
#9579 = ORIENTED_EDGE('',*,*,#9580,.F.);
#9580 = EDGE_CURVE('',#9581,#9581,#9583,.T.);
#9581 = VERTEX_POINT('',#9582);
#9582 = CARTESIAN_POINT('',(0.610291213351,-42.6,165.16588608179));
#9583 = CIRCLE('',#9584,1.7);
#9584 = AXIS2_PLACEMENT_3D('',#9585,#9586,#9587);
#9585 = CARTESIAN_POINT('',(1.949909494482,-42.6,164.11926157373));
#9586 = DIRECTION('',(0.,1.,-0.));
#9587 = DIRECTION('',(-0.788010753607,0.,0.615661475326));
#9588 = ORIENTED_EDGE('',*,*,#9589,.F.);
#9589 = EDGE_CURVE('',#9062,#9581,#9590,.T.);
#9590 = B_SPLINE_CURVE_WITH_KNOTS('',1,(#9591,#9592),.UNSPECIFIED.,.F.,
  .F.,(2,2),(0.,8.),.PIECEWISE_BEZIER_KNOTS.);
#9591 = CARTESIAN_POINT('',(0.610291213351,-45.,165.16588608179));
#9592 = CARTESIAN_POINT('',(0.610291213351,-37.,165.16588608179));
#9593 = ORIENTED_EDGE('',*,*,#9061,.T.);
#9594 = ORIENTED_EDGE('',*,*,#9072,.T.);
#9595 = ORIENTED_EDGE('',*,*,#9589,.T.);
#9596 = CYLINDRICAL_SURFACE('',#9597,1.7);
#9597 = AXIS2_PLACEMENT_3D('',#9598,#9599,#9600);
#9598 = CARTESIAN_POINT('',(1.949909494482,-45.,164.11926157373));
#9599 = DIRECTION('',(0.,1.,0.));
#9600 = DIRECTION('',(-0.788010753607,0.,0.615661475326));
#9601 = ADVANCED_FACE('',(#9602),#9621,.F.);
#9602 = FACE_BOUND('',#9603,.F.);
#9603 = EDGE_LOOP('',(#9604,#9613,#9618,#9619,#9620));
#9604 = ORIENTED_EDGE('',*,*,#9605,.F.);
#9605 = EDGE_CURVE('',#9606,#9606,#9608,.T.);
#9606 = VERTEX_POINT('',#9607);
#9607 = CARTESIAN_POINT('',(-17.22035670739,-42.6,179.09671501357));
#9608 = CIRCLE('',#9609,1.7);
#9609 = AXIS2_PLACEMENT_3D('',#9610,#9611,#9612);
#9610 = CARTESIAN_POINT('',(-15.88073842626,-42.6,178.05009050551));
#9611 = DIRECTION('',(0.,1.,-0.));
#9612 = DIRECTION('',(-0.788010753607,0.,0.615661475326));
#9613 = ORIENTED_EDGE('',*,*,#9614,.F.);
#9614 = EDGE_CURVE('',#9082,#9606,#9615,.T.);
#9615 = B_SPLINE_CURVE_WITH_KNOTS('',1,(#9616,#9617),.UNSPECIFIED.,.F.,
  .F.,(2,2),(0.,5.9),.PIECEWISE_BEZIER_KNOTS.);
#9616 = CARTESIAN_POINT('',(-17.22035670739,-45.,179.09671501357));
#9617 = CARTESIAN_POINT('',(-17.22035670739,-39.1,179.09671501357));
#9618 = ORIENTED_EDGE('',*,*,#9081,.T.);
#9619 = ORIENTED_EDGE('',*,*,#9092,.T.);
#9620 = ORIENTED_EDGE('',*,*,#9614,.T.);
#9621 = CYLINDRICAL_SURFACE('',#9622,1.7);
#9622 = AXIS2_PLACEMENT_3D('',#9623,#9624,#9625);
#9623 = CARTESIAN_POINT('',(-15.88073842626,-45.,178.05009050551));
#9624 = DIRECTION('',(0.,1.,0.));
#9625 = DIRECTION('',(-0.788010753607,0.,0.615661475326));
#9626 = ADVANCED_FACE('',(#9627),#9646,.F.);
#9627 = FACE_BOUND('',#9628,.F.);
#9628 = EDGE_LOOP('',(#9629,#9638,#9643,#9644,#9645));
#9629 = ORIENTED_EDGE('',*,*,#9630,.F.);
#9630 = EDGE_CURVE('',#9631,#9631,#9633,.T.);
#9631 = VERTEX_POINT('',#9632);
#9632 = CARTESIAN_POINT('',(14.54112014513,-42.6,182.99653400253));
#9633 = CIRCLE('',#9634,1.7);
#9634 = AXIS2_PLACEMENT_3D('',#9635,#9636,#9637);
#9635 = CARTESIAN_POINT('',(15.880738426261,-42.6,181.94990949448));
#9636 = DIRECTION('',(0.,1.,-0.));
#9637 = DIRECTION('',(-0.788010753607,0.,0.615661475326));
#9638 = ORIENTED_EDGE('',*,*,#9639,.F.);
#9639 = EDGE_CURVE('',#9102,#9631,#9640,.T.);
#9640 = B_SPLINE_CURVE_WITH_KNOTS('',1,(#9641,#9642),.UNSPECIFIED.,.F.,
  .F.,(2,2),(0.,8.),.PIECEWISE_BEZIER_KNOTS.);
#9641 = CARTESIAN_POINT('',(14.54112014513,-45.,182.99653400253));
#9642 = CARTESIAN_POINT('',(14.54112014513,-37.,182.99653400253));
#9643 = ORIENTED_EDGE('',*,*,#9101,.T.);
#9644 = ORIENTED_EDGE('',*,*,#9112,.T.);
#9645 = ORIENTED_EDGE('',*,*,#9639,.T.);
#9646 = CYLINDRICAL_SURFACE('',#9647,1.7);
#9647 = AXIS2_PLACEMENT_3D('',#9648,#9649,#9650);
#9648 = CARTESIAN_POINT('',(15.880738426261,-45.,181.94990949448));
#9649 = DIRECTION('',(0.,1.,0.));
#9650 = DIRECTION('',(-0.788010753607,0.,0.615661475326));
#9651 = ADVANCED_FACE('',(#9652),#9671,.F.);
#9652 = FACE_BOUND('',#9653,.F.);
#9653 = EDGE_LOOP('',(#9654,#9663,#9668,#9669,#9670));
#9654 = ORIENTED_EDGE('',*,*,#9655,.F.);
#9655 = EDGE_CURVE('',#9656,#9656,#9658,.T.);
#9656 = VERTEX_POINT('',#9657);
#9657 = CARTESIAN_POINT('',(-3.289527775614,-42.6,196.92736293431));
#9658 = CIRCLE('',#9659,1.7);
#9659 = AXIS2_PLACEMENT_3D('',#9660,#9661,#9662);
#9660 = CARTESIAN_POINT('',(-1.949909494482,-42.6,195.88073842626));
#9661 = DIRECTION('',(0.,1.,-0.));
#9662 = DIRECTION('',(-0.788010753607,0.,0.615661475326));
#9663 = ORIENTED_EDGE('',*,*,#9664,.F.);
#9664 = EDGE_CURVE('',#9122,#9656,#9665,.T.);
#9665 = B_SPLINE_CURVE_WITH_KNOTS('',1,(#9666,#9667),.UNSPECIFIED.,.F.,
  .F.,(2,2),(0.,5.9),.PIECEWISE_BEZIER_KNOTS.);
#9666 = CARTESIAN_POINT('',(-3.289527775614,-45.,196.92736293431));
#9667 = CARTESIAN_POINT('',(-3.289527775614,-39.1,196.92736293431));
#9668 = ORIENTED_EDGE('',*,*,#9121,.T.);
#9669 = ORIENTED_EDGE('',*,*,#9132,.T.);
#9670 = ORIENTED_EDGE('',*,*,#9664,.T.);
#9671 = CYLINDRICAL_SURFACE('',#9672,1.7);
#9672 = AXIS2_PLACEMENT_3D('',#9673,#9674,#9675);
#9673 = CARTESIAN_POINT('',(-1.949909494482,-45.,195.88073842626));
#9674 = DIRECTION('',(0.,1.,0.));
#9675 = DIRECTION('',(-0.788010753607,0.,0.615661475326));
#9676 = ADVANCED_FACE('',(#9677,#9680),#9781,.T.);
#9677 = FACE_BOUND('',#9678,.T.);
#9678 = EDGE_LOOP('',(#9679));
#9679 = ORIENTED_EDGE('',*,*,#9170,.T.);
#9680 = FACE_BOUND('',#9681,.T.);
#9681 = EDGE_LOOP('',(#9682,#9693,#9702,#9711,#9720,#9729,#9738,#9747,
    #9756,#9765,#9774));
#9682 = ORIENTED_EDGE('',*,*,#9683,.F.);
#9683 = EDGE_CURVE('',#9684,#9686,#9688,.T.);
#9684 = VERTEX_POINT('',#9685);
#9685 = CARTESIAN_POINT('',(-12.6081720577,-39.1,189.85058360521));
#9686 = VERTEX_POINT('',#9687);
#9687 = CARTESIAN_POINT('',(-5.545561870931,-39.1,195.00822253085));
#9688 = CIRCLE('',#9689,16.);
#9689 = AXIS2_PLACEMENT_3D('',#9690,#9691,#9692);
#9690 = CARTESIAN_POINT('',(0.,-39.1,180.));
#9691 = DIRECTION('',(0.,1.,-0.));
#9692 = DIRECTION('',(-0.788010753607,0.,0.615661475326));
#9693 = ORIENTED_EDGE('',*,*,#9694,.F.);
#9694 = EDGE_CURVE('',#9695,#9684,#9697,.T.);
#9695 = VERTEX_POINT('',#9696);
#9696 = CARTESIAN_POINT('',(-15.90400702066,-39.1,181.75001733891));
#9697 = CIRCLE('',#9698,16.);
#9698 = AXIS2_PLACEMENT_3D('',#9699,#9700,#9701);
#9699 = CARTESIAN_POINT('',(0.,-39.1,180.));
#9700 = DIRECTION('',(0.,1.,-0.));
#9701 = DIRECTION('',(-0.788010753607,0.,0.615661475326));
#9702 = ORIENTED_EDGE('',*,*,#9703,.T.);
#9703 = EDGE_CURVE('',#9695,#9704,#9706,.T.);
#9704 = VERTEX_POINT('',#9705);
#9705 = CARTESIAN_POINT('',(-15.00822253085,-39.1,174.45443812906));
#9706 = CIRCLE('',#9707,3.7);
#9707 = AXIS2_PLACEMENT_3D('',#9708,#9709,#9710);
#9708 = CARTESIAN_POINT('',(-15.88073842626,-39.1,178.05009050551));
#9709 = DIRECTION('',(0.,-1.,0.));
#9710 = DIRECTION('',(0.788010753607,0.,-0.615661475326));
#9711 = ORIENTED_EDGE('',*,*,#9712,.F.);
#9712 = EDGE_CURVE('',#9713,#9704,#9715,.T.);
#9713 = VERTEX_POINT('',#9714);
#9714 = CARTESIAN_POINT('',(-1.750017338918,-39.1,164.09599297933));
#9715 = CIRCLE('',#9716,16.);
#9716 = AXIS2_PLACEMENT_3D('',#9717,#9718,#9719);
#9717 = CARTESIAN_POINT('',(0.,-39.1,180.));
#9718 = DIRECTION('',(0.,1.,-0.));
#9719 = DIRECTION('',(-0.788010753607,0.,0.615661475326));
#9720 = ORIENTED_EDGE('',*,*,#9721,.T.);
#9721 = EDGE_CURVE('',#9713,#9722,#9724,.T.);
#9722 = VERTEX_POINT('',#9723);
#9723 = CARTESIAN_POINT('',(4.865549282827,-39.1,161.84131411503));
#9724 = CIRCLE('',#9725,3.7);
#9725 = AXIS2_PLACEMENT_3D('',#9726,#9727,#9728);
#9726 = CARTESIAN_POINT('',(1.949909494482,-39.1,164.11926157373));
#9727 = DIRECTION('',(0.,-1.,0.));
#9728 = DIRECTION('',(0.788010753607,0.,-0.615661475326));
#9729 = ORIENTED_EDGE('',*,*,#9730,.T.);
#9730 = EDGE_CURVE('',#9722,#9731,#9733,.T.);
#9731 = VERTEX_POINT('',#9732);
#9732 = CARTESIAN_POINT('',(5.545561870931,-39.1,164.99177746914));
#9733 = CIRCLE('',#9734,3.7);
#9734 = AXIS2_PLACEMENT_3D('',#9735,#9736,#9737);
#9735 = CARTESIAN_POINT('',(1.949909494482,-39.1,164.11926157373));
#9736 = DIRECTION('',(0.,-1.,0.));
#9737 = DIRECTION('',(0.788010753607,0.,-0.615661475326));
#9738 = ORIENTED_EDGE('',*,*,#9739,.F.);
#9739 = EDGE_CURVE('',#9740,#9731,#9742,.T.);
#9740 = VERTEX_POINT('',#9741);
#9741 = CARTESIAN_POINT('',(15.904007020669,-39.1,178.24998266108));
#9742 = CIRCLE('',#9743,16.);
#9743 = AXIS2_PLACEMENT_3D('',#9744,#9745,#9746);
#9744 = CARTESIAN_POINT('',(0.,-39.1,180.));
#9745 = DIRECTION('',(0.,1.,-0.));
#9746 = DIRECTION('',(-0.788010753607,0.,0.615661475326));
#9747 = ORIENTED_EDGE('',*,*,#9748,.T.);
#9748 = EDGE_CURVE('',#9740,#9749,#9751,.T.);
#9749 = VERTEX_POINT('',#9750);
#9750 = CARTESIAN_POINT('',(18.796378214606,-39.1,179.67196203577));
#9751 = CIRCLE('',#9752,3.7);
#9752 = AXIS2_PLACEMENT_3D('',#9753,#9754,#9755);
#9753 = CARTESIAN_POINT('',(15.880738426261,-39.1,181.94990949448));
#9754 = DIRECTION('',(0.,-1.,0.));
#9755 = DIRECTION('',(0.788010753607,0.,-0.615661475326));
#9756 = ORIENTED_EDGE('',*,*,#9757,.T.);
#9757 = EDGE_CURVE('',#9749,#9758,#9760,.T.);
#9758 = VERTEX_POINT('',#9759);
#9759 = CARTESIAN_POINT('',(15.008222530855,-39.1,185.54556187093));
#9760 = CIRCLE('',#9761,3.7);
#9761 = AXIS2_PLACEMENT_3D('',#9762,#9763,#9764);
#9762 = CARTESIAN_POINT('',(15.880738426261,-39.1,181.94990949448));
#9763 = DIRECTION('',(0.,-1.,0.));
#9764 = DIRECTION('',(0.788010753607,0.,-0.615661475326));
#9765 = ORIENTED_EDGE('',*,*,#9766,.F.);
#9766 = EDGE_CURVE('',#9767,#9758,#9769,.T.);
#9767 = VERTEX_POINT('',#9768);
#9768 = CARTESIAN_POINT('',(1.750017338918,-39.1,195.90400702066));
#9769 = CIRCLE('',#9770,16.);
#9770 = AXIS2_PLACEMENT_3D('',#9771,#9772,#9773);
#9771 = CARTESIAN_POINT('',(0.,-39.1,180.));
#9772 = DIRECTION('',(0.,1.,-0.));
#9773 = DIRECTION('',(-0.788010753607,0.,0.615661475326));
#9774 = ORIENTED_EDGE('',*,*,#9775,.T.);
#9775 = EDGE_CURVE('',#9767,#9686,#9776,.T.);
#9776 = CIRCLE('',#9777,3.7);
#9777 = AXIS2_PLACEMENT_3D('',#9778,#9779,#9780);
#9778 = CARTESIAN_POINT('',(-1.949909494482,-39.1,195.88073842626));
#9779 = DIRECTION('',(0.,-1.,0.));
#9780 = DIRECTION('',(0.788010753607,0.,-0.615661475326));
#9781 = PLANE('',#9782);
#9782 = AXIS2_PLACEMENT_3D('',#9783,#9784,#9785);
#9783 = CARTESIAN_POINT('',(0.,-39.1,180.));
#9784 = DIRECTION('',(0.,1.,0.));
#9785 = DIRECTION('',(-0.788010753607,0.,0.615661475326));
#9786 = ADVANCED_FACE('',(#9787,#9790),#9793,.F.);
#9787 = FACE_BOUND('',#9788,.F.);
#9788 = EDGE_LOOP('',(#9789));
#9789 = ORIENTED_EDGE('',*,*,#9232,.T.);
#9790 = FACE_BOUND('',#9791,.F.);
#9791 = EDGE_LOOP('',(#9792));
#9792 = ORIENTED_EDGE('',*,*,#9530,.F.);
#9793 = PLANE('',#9794);
#9794 = AXIS2_PLACEMENT_3D('',#9795,#9796,#9797);
#9795 = CARTESIAN_POINT('',(34.970110820649,-23.,249.12373940399));
#9796 = DIRECTION('',(0.615661475326,0.,0.788010753607));
#9797 = DIRECTION('',(-0.788010753607,0.,0.615661475326));
#9798 = ADVANCED_FACE('',(#9799,#9802),#9805,.F.);
#9799 = FACE_BOUND('',#9800,.F.);
#9800 = EDGE_LOOP('',(#9801));
#9801 = ORIENTED_EDGE('',*,*,#9377,.T.);
#9802 = FACE_BOUND('',#9803,.F.);
#9803 = EDGE_LOOP('',(#9804));
#9804 = ORIENTED_EDGE('',*,*,#9505,.F.);
#9805 = PLANE('',#9806);
#9806 = AXIS2_PLACEMENT_3D('',#9807,#9808,#9809);
#9807 = CARTESIAN_POINT('',(58.610433428851,-23.,230.65389514422));
#9808 = DIRECTION('',(0.615661475326,0.,0.788010753607));
#9809 = DIRECTION('',(-0.788010753607,0.,0.615661475326));
#9810 = ADVANCED_FACE('',(#9811,#9912),#9916,.T.);
#9811 = FACE_BOUND('',#9812,.T.);
#9812 = EDGE_LOOP('',(#9813,#9824,#9833,#9842,#9851,#9860,#9869,#9878,
    #9887,#9896,#9905));
#9813 = ORIENTED_EDGE('',*,*,#9814,.F.);
#9814 = EDGE_CURVE('',#9815,#9817,#9819,.T.);
#9815 = VERTEX_POINT('',#9816);
#9816 = CARTESIAN_POINT('',(0.610291213351,-37.,165.16588608179));
#9817 = VERTEX_POINT('',#9818);
#9818 = CARTESIAN_POINT('',(3.623848900284,-37.,164.41578621977));
#9819 = CIRCLE('',#9820,1.7);
#9820 = AXIS2_PLACEMENT_3D('',#9821,#9822,#9823);
#9821 = CARTESIAN_POINT('',(1.949909494482,-37.,164.11926157373));
#9822 = DIRECTION('',(0.,1.,-0.));
#9823 = DIRECTION('',(-0.788010753607,0.,0.615661475326));
#9824 = ORIENTED_EDGE('',*,*,#9825,.F.);
#9825 = EDGE_CURVE('',#9826,#9815,#9828,.T.);
#9826 = VERTEX_POINT('',#9827);
#9827 = CARTESIAN_POINT('',(0.253957438528,-37.,164.00201557634));
#9828 = CIRCLE('',#9829,1.7);
#9829 = AXIS2_PLACEMENT_3D('',#9830,#9831,#9832);
#9830 = CARTESIAN_POINT('',(1.949909494482,-37.,164.11926157373));
#9831 = DIRECTION('',(0.,1.,-0.));
#9832 = DIRECTION('',(-0.788010753607,0.,0.615661475326));
#9833 = ORIENTED_EDGE('',*,*,#9834,.T.);
#9834 = EDGE_CURVE('',#9826,#9835,#9837,.T.);
#9835 = VERTEX_POINT('',#9836);
#9836 = CARTESIAN_POINT('',(-15.58421378023,-37.,176.37615109971));
#9837 = CIRCLE('',#9838,16.);
#9838 = AXIS2_PLACEMENT_3D('',#9839,#9840,#9841);
#9839 = CARTESIAN_POINT('',(0.,-37.,180.));
#9840 = DIRECTION('',(0.,1.,-0.));
#9841 = DIRECTION('',(-0.788010753607,0.,0.615661475326));
#9842 = ORIENTED_EDGE('',*,*,#9843,.F.);
#9843 = EDGE_CURVE('',#9844,#9835,#9846,.T.);
#9844 = VERTEX_POINT('',#9845);
#9845 = CARTESIAN_POINT('',(-15.99798442365,-37.,179.74604256147));
#9846 = CIRCLE('',#9847,1.7);
#9847 = AXIS2_PLACEMENT_3D('',#9848,#9849,#9850);
#9848 = CARTESIAN_POINT('',(-15.88073842626,-37.,178.05009050551));
#9849 = DIRECTION('',(0.,1.,-0.));
#9850 = DIRECTION('',(-0.788010753607,0.,0.615661475326));
#9851 = ORIENTED_EDGE('',*,*,#9852,.T.);
#9852 = EDGE_CURVE('',#9844,#9853,#9855,.T.);
#9853 = VERTEX_POINT('',#9854);
#9854 = CARTESIAN_POINT('',(-12.6081720577,-37.,189.85058360521));
#9855 = CIRCLE('',#9856,16.);
#9856 = AXIS2_PLACEMENT_3D('',#9857,#9858,#9859);
#9857 = CARTESIAN_POINT('',(0.,-37.,180.));
#9858 = DIRECTION('',(0.,1.,-0.));
#9859 = DIRECTION('',(-0.788010753607,0.,0.615661475326));
#9860 = ORIENTED_EDGE('',*,*,#9861,.T.);
#9861 = EDGE_CURVE('',#9853,#9862,#9864,.T.);
#9862 = VERTEX_POINT('',#9863);
#9863 = CARTESIAN_POINT('',(-3.623848900284,-37.,195.58421378023));
#9864 = CIRCLE('',#9865,16.);
#9865 = AXIS2_PLACEMENT_3D('',#9866,#9867,#9868);
#9866 = CARTESIAN_POINT('',(0.,-37.,180.));
#9867 = DIRECTION('',(0.,1.,-0.));
#9868 = DIRECTION('',(-0.788010753607,0.,0.615661475326));
#9869 = ORIENTED_EDGE('',*,*,#9870,.F.);
#9870 = EDGE_CURVE('',#9871,#9862,#9873,.T.);
#9871 = VERTEX_POINT('',#9872);
#9872 = CARTESIAN_POINT('',(-0.253957438528,-37.,195.99798442365));
#9873 = CIRCLE('',#9874,1.7);
#9874 = AXIS2_PLACEMENT_3D('',#9875,#9876,#9877);
#9875 = CARTESIAN_POINT('',(-1.949909494482,-37.,195.88073842626));
#9876 = DIRECTION('',(0.,1.,-0.));
#9877 = DIRECTION('',(-0.788010753607,0.,0.615661475326));
#9878 = ORIENTED_EDGE('',*,*,#9879,.T.);
#9879 = EDGE_CURVE('',#9871,#9880,#9882,.T.);
#9880 = VERTEX_POINT('',#9881);
#9881 = CARTESIAN_POINT('',(15.58421378023,-37.,183.62384890028));
#9882 = CIRCLE('',#9883,16.);
#9883 = AXIS2_PLACEMENT_3D('',#9884,#9885,#9886);
#9884 = CARTESIAN_POINT('',(0.,-37.,180.));
#9885 = DIRECTION('',(0.,1.,-0.));
#9886 = DIRECTION('',(-0.788010753607,0.,0.615661475326));
#9887 = ORIENTED_EDGE('',*,*,#9888,.F.);
#9888 = EDGE_CURVE('',#9889,#9880,#9891,.T.);
#9889 = VERTEX_POINT('',#9890);
#9890 = CARTESIAN_POINT('',(14.54112014513,-37.,182.99653400253));
#9891 = CIRCLE('',#9892,1.7);
#9892 = AXIS2_PLACEMENT_3D('',#9893,#9894,#9895);
#9893 = CARTESIAN_POINT('',(15.880738426261,-37.,181.94990949448));
#9894 = DIRECTION('',(0.,1.,-0.));
#9895 = DIRECTION('',(-0.788010753607,0.,0.615661475326));
#9896 = ORIENTED_EDGE('',*,*,#9897,.F.);
#9897 = EDGE_CURVE('',#9898,#9889,#9900,.T.);
#9898 = VERTEX_POINT('',#9899);
#9899 = CARTESIAN_POINT('',(15.997984423652,-37.,180.25395743852));
#9900 = CIRCLE('',#9901,1.7);
#9901 = AXIS2_PLACEMENT_3D('',#9902,#9903,#9904);
#9902 = CARTESIAN_POINT('',(15.880738426261,-37.,181.94990949448));
#9903 = DIRECTION('',(0.,1.,-0.));
#9904 = DIRECTION('',(-0.788010753607,0.,0.615661475326));
#9905 = ORIENTED_EDGE('',*,*,#9906,.T.);
#9906 = EDGE_CURVE('',#9898,#9817,#9907,.T.);
#9907 = CIRCLE('',#9908,16.);
#9908 = AXIS2_PLACEMENT_3D('',#9909,#9910,#9911);
#9909 = CARTESIAN_POINT('',(0.,-37.,180.));
#9910 = DIRECTION('',(0.,1.,-0.));
#9911 = DIRECTION('',(-0.788010753607,0.,0.615661475326));
#9912 = FACE_BOUND('',#9913,.T.);
#9913 = EDGE_LOOP('',(#9914,#9915));
#9914 = ORIENTED_EDGE('',*,*,#9554,.F.);
#9915 = ORIENTED_EDGE('',*,*,#9563,.F.);
#9916 = PLANE('',#9917);
#9917 = AXIS2_PLACEMENT_3D('',#9918,#9919,#9920);
#9918 = CARTESIAN_POINT('',(6.245830422802,-37.,188.54893648147));
#9919 = DIRECTION('',(0.,1.,0.));
#9920 = DIRECTION('',(-0.788010753607,0.,0.615661475326));
#9921 = ADVANCED_FACE('',(#9922,#9933),#9936,.F.);
#9922 = FACE_BOUND('',#9923,.F.);
#9923 = EDGE_LOOP('',(#9924));
#9924 = ORIENTED_EDGE('',*,*,#9925,.T.);
#9925 = EDGE_CURVE('',#9926,#9926,#9928,.T.);
#9926 = VERTEX_POINT('',#9927);
#9927 = CARTESIAN_POINT('',(4.865549282827,-42.6,161.84131411503));
#9928 = CIRCLE('',#9929,3.7);
#9929 = AXIS2_PLACEMENT_3D('',#9930,#9931,#9932);
#9930 = CARTESIAN_POINT('',(1.949909494482,-42.6,164.11926157373));
#9931 = DIRECTION('',(0.,-1.,0.));
#9932 = DIRECTION('',(0.788010753607,0.,-0.615661475326));
#9933 = FACE_BOUND('',#9934,.F.);
#9934 = EDGE_LOOP('',(#9935));
#9935 = ORIENTED_EDGE('',*,*,#9580,.T.);
#9936 = PLANE('',#9937);
#9937 = AXIS2_PLACEMENT_3D('',#9938,#9939,#9940);
#9938 = CARTESIAN_POINT('',(1.949909494482,-42.6,164.11926157373));
#9939 = DIRECTION('',(0.,-1.,0.));
#9940 = DIRECTION('',(0.788010753607,0.,-0.615661475326));
#9941 = ADVANCED_FACE('',(#9942,#9953),#9956,.F.);
#9942 = FACE_BOUND('',#9943,.F.);
#9943 = EDGE_LOOP('',(#9944));
#9944 = ORIENTED_EDGE('',*,*,#9945,.T.);
#9945 = EDGE_CURVE('',#9946,#9946,#9948,.T.);
#9946 = VERTEX_POINT('',#9947);
#9947 = CARTESIAN_POINT('',(-12.96509863791,-42.6,175.77214304681));
#9948 = CIRCLE('',#9949,3.7);
#9949 = AXIS2_PLACEMENT_3D('',#9950,#9951,#9952);
#9950 = CARTESIAN_POINT('',(-15.88073842626,-42.6,178.05009050551));
#9951 = DIRECTION('',(0.,-1.,0.));
#9952 = DIRECTION('',(0.788010753607,0.,-0.615661475326));
#9953 = FACE_BOUND('',#9954,.F.);
#9954 = EDGE_LOOP('',(#9955));
#9955 = ORIENTED_EDGE('',*,*,#9605,.T.);
#9956 = PLANE('',#9957);
#9957 = AXIS2_PLACEMENT_3D('',#9958,#9959,#9960);
#9958 = CARTESIAN_POINT('',(-15.88073842626,-42.6,178.05009050551));
#9959 = DIRECTION('',(0.,-1.,0.));
#9960 = DIRECTION('',(0.788010753607,0.,-0.615661475326));
#9961 = ADVANCED_FACE('',(#9962,#9973),#9976,.F.);
#9962 = FACE_BOUND('',#9963,.F.);
#9963 = EDGE_LOOP('',(#9964));
#9964 = ORIENTED_EDGE('',*,*,#9965,.T.);
#9965 = EDGE_CURVE('',#9966,#9966,#9968,.T.);
#9966 = VERTEX_POINT('',#9967);
#9967 = CARTESIAN_POINT('',(18.796378214606,-42.6,179.67196203577));
#9968 = CIRCLE('',#9969,3.7);
#9969 = AXIS2_PLACEMENT_3D('',#9970,#9971,#9972);
#9970 = CARTESIAN_POINT('',(15.880738426261,-42.6,181.94990949448));
#9971 = DIRECTION('',(0.,-1.,0.));
#9972 = DIRECTION('',(0.788010753607,0.,-0.615661475326));
#9973 = FACE_BOUND('',#9974,.F.);
#9974 = EDGE_LOOP('',(#9975));
#9975 = ORIENTED_EDGE('',*,*,#9630,.T.);
#9976 = PLANE('',#9977);
#9977 = AXIS2_PLACEMENT_3D('',#9978,#9979,#9980);
#9978 = CARTESIAN_POINT('',(15.880738426261,-42.6,181.94990949448));
#9979 = DIRECTION('',(0.,-1.,0.));
#9980 = DIRECTION('',(0.788010753607,0.,-0.615661475326));
#9981 = ADVANCED_FACE('',(#9982,#9993),#9996,.F.);
#9982 = FACE_BOUND('',#9983,.F.);
#9983 = EDGE_LOOP('',(#9984));
#9984 = ORIENTED_EDGE('',*,*,#9985,.T.);
#9985 = EDGE_CURVE('',#9986,#9986,#9988,.T.);
#9986 = VERTEX_POINT('',#9987);
#9987 = CARTESIAN_POINT('',(0.965730293863,-42.6,193.60279096755));
#9988 = CIRCLE('',#9989,3.7);
#9989 = AXIS2_PLACEMENT_3D('',#9990,#9991,#9992);
#9990 = CARTESIAN_POINT('',(-1.949909494482,-42.6,195.88073842626));
#9991 = DIRECTION('',(0.,-1.,0.));
#9992 = DIRECTION('',(0.788010753607,0.,-0.615661475326));
#9993 = FACE_BOUND('',#9994,.F.);
#9994 = EDGE_LOOP('',(#9995));
#9995 = ORIENTED_EDGE('',*,*,#9655,.T.);
#9996 = PLANE('',#9997);
#9997 = AXIS2_PLACEMENT_3D('',#9998,#9999,#10000);
#9998 = CARTESIAN_POINT('',(-1.949909494482,-42.6,195.88073842626));
#9999 = DIRECTION('',(0.,-1.,0.));
#10000 = DIRECTION('',(0.788010753607,0.,-0.615661475326));
#10001 = ADVANCED_FACE('',(#10002),#10038,.T.);
#10002 = FACE_BOUND('',#10003,.T.);
#10003 = EDGE_LOOP('',(#10004,#10005,#10014,#10020,#10021,#10022,#10030,
    #10037));
#10004 = ORIENTED_EDGE('',*,*,#9683,.T.);
#10005 = ORIENTED_EDGE('',*,*,#10006,.T.);
#10006 = EDGE_CURVE('',#9686,#10007,#10009,.T.);
#10007 = VERTEX_POINT('',#10008);
#10008 = CARTESIAN_POINT('',(-3.623848900284,-39.1,195.58421378023));
#10009 = CIRCLE('',#10010,16.);
#10010 = AXIS2_PLACEMENT_3D('',#10011,#10012,#10013);
#10011 = CARTESIAN_POINT('',(0.,-39.1,180.));
#10012 = DIRECTION('',(0.,1.,-0.));
#10013 = DIRECTION('',(-0.788010753607,0.,0.615661475326));
#10014 = ORIENTED_EDGE('',*,*,#10015,.T.);
#10015 = EDGE_CURVE('',#10007,#9862,#10016,.T.);
#10016 = LINE('',#10017,#10018);
#10017 = CARTESIAN_POINT('',(-3.623848900284,-45.,195.58421378023));
#10018 = VECTOR('',#10019,1.);
#10019 = DIRECTION('',(0.,1.,0.));
#10020 = ORIENTED_EDGE('',*,*,#9861,.F.);
#10021 = ORIENTED_EDGE('',*,*,#9852,.F.);
#10022 = ORIENTED_EDGE('',*,*,#10023,.F.);
#10023 = EDGE_CURVE('',#10024,#9844,#10026,.T.);
#10024 = VERTEX_POINT('',#10025);
#10025 = CARTESIAN_POINT('',(-15.99798442365,-39.1,179.74604256147));
#10026 = LINE('',#10027,#10028);
#10027 = CARTESIAN_POINT('',(-15.99798442365,-45.,179.74604256147));
#10028 = VECTOR('',#10029,1.);
#10029 = DIRECTION('',(0.,1.,0.));
#10030 = ORIENTED_EDGE('',*,*,#10031,.T.);
#10031 = EDGE_CURVE('',#10024,#9695,#10032,.T.);
#10032 = CIRCLE('',#10033,16.);
#10033 = AXIS2_PLACEMENT_3D('',#10034,#10035,#10036);
#10034 = CARTESIAN_POINT('',(0.,-39.1,180.));
#10035 = DIRECTION('',(0.,1.,-0.));
#10036 = DIRECTION('',(-0.788010753607,0.,0.615661475326));
#10037 = ORIENTED_EDGE('',*,*,#9694,.T.);
#10038 = CYLINDRICAL_SURFACE('',#10039,16.);
#10039 = AXIS2_PLACEMENT_3D('',#10040,#10041,#10042);
#10040 = CARTESIAN_POINT('',(0.,-39.1,180.));
#10041 = DIRECTION('',(0.,1.,0.));
#10042 = DIRECTION('',(-0.788010753607,0.,0.615661475326));
#10043 = ADVANCED_FACE('',(#10044),#10071,.F.);
#10044 = FACE_BOUND('',#10045,.F.);
#10045 = EDGE_LOOP('',(#10046,#10054,#10055,#10056,#10063,#10064));
#10046 = ORIENTED_EDGE('',*,*,#10047,.T.);
#10047 = EDGE_CURVE('',#10048,#9986,#10050,.T.);
#10048 = VERTEX_POINT('',#10049);
#10049 = CARTESIAN_POINT('',(0.965730293863,-39.1,193.60279096755));
#10050 = LINE('',#10051,#10052);
#10051 = CARTESIAN_POINT('',(0.965730293863,-39.1,193.60279096755));
#10052 = VECTOR('',#10053,1.);
#10053 = DIRECTION('',(0.,-1.,0.));
#10054 = ORIENTED_EDGE('',*,*,#9985,.F.);
#10055 = ORIENTED_EDGE('',*,*,#10047,.F.);
#10056 = ORIENTED_EDGE('',*,*,#10057,.T.);
#10057 = EDGE_CURVE('',#10048,#9767,#10058,.T.);
#10058 = CIRCLE('',#10059,3.7);
#10059 = AXIS2_PLACEMENT_3D('',#10060,#10061,#10062);
#10060 = CARTESIAN_POINT('',(-1.949909494482,-39.1,195.88073842626));
#10061 = DIRECTION('',(0.,-1.,0.));
#10062 = DIRECTION('',(0.788010753607,0.,-0.615661475326));
#10063 = ORIENTED_EDGE('',*,*,#9775,.T.);
#10064 = ORIENTED_EDGE('',*,*,#10065,.T.);
#10065 = EDGE_CURVE('',#9686,#10048,#10066,.T.);
#10066 = CIRCLE('',#10067,3.7);
#10067 = AXIS2_PLACEMENT_3D('',#10068,#10069,#10070);
#10068 = CARTESIAN_POINT('',(-1.949909494482,-39.1,195.88073842626));
#10069 = DIRECTION('',(0.,-1.,0.));
#10070 = DIRECTION('',(0.788010753607,0.,-0.615661475326));
#10071 = CYLINDRICAL_SURFACE('',#10072,3.7);
#10072 = AXIS2_PLACEMENT_3D('',#10073,#10074,#10075);
#10073 = CARTESIAN_POINT('',(-1.949909494482,-39.1,195.88073842626));
#10074 = DIRECTION('',(0.,-1.,0.));
#10075 = DIRECTION('',(0.788010753607,0.,-0.615661475326));
#10076 = ADVANCED_FACE('',(#10077),#10111,.T.);
#10077 = FACE_BOUND('',#10078,.T.);
#10078 = EDGE_LOOP('',(#10079,#10080,#10088,#10095,#10096,#10105));
#10079 = ORIENTED_EDGE('',*,*,#9879,.F.);
#10080 = ORIENTED_EDGE('',*,*,#10081,.F.);
#10081 = EDGE_CURVE('',#10082,#9871,#10084,.T.);
#10082 = VERTEX_POINT('',#10083);
#10083 = CARTESIAN_POINT('',(-0.253957438528,-39.1,195.99798442365));
#10084 = LINE('',#10085,#10086);
#10085 = CARTESIAN_POINT('',(-0.253957438528,-45.,195.99798442365));
#10086 = VECTOR('',#10087,1.);
#10087 = DIRECTION('',(0.,1.,0.));
#10088 = ORIENTED_EDGE('',*,*,#10089,.T.);
#10089 = EDGE_CURVE('',#10082,#9767,#10090,.T.);
#10090 = CIRCLE('',#10091,16.);
#10091 = AXIS2_PLACEMENT_3D('',#10092,#10093,#10094);
#10092 = CARTESIAN_POINT('',(0.,-39.1,180.));
#10093 = DIRECTION('',(0.,1.,-0.));
#10094 = DIRECTION('',(-0.788010753607,0.,0.615661475326));
#10095 = ORIENTED_EDGE('',*,*,#9766,.T.);
#10096 = ORIENTED_EDGE('',*,*,#10097,.T.);
#10097 = EDGE_CURVE('',#9758,#10098,#10100,.T.);
#10098 = VERTEX_POINT('',#10099);
#10099 = CARTESIAN_POINT('',(15.58421378023,-39.1,183.62384890028));
#10100 = CIRCLE('',#10101,16.);
#10101 = AXIS2_PLACEMENT_3D('',#10102,#10103,#10104);
#10102 = CARTESIAN_POINT('',(0.,-39.1,180.));
#10103 = DIRECTION('',(0.,1.,-0.));
#10104 = DIRECTION('',(-0.788010753607,0.,0.615661475326));
#10105 = ORIENTED_EDGE('',*,*,#10106,.T.);
#10106 = EDGE_CURVE('',#10098,#9880,#10107,.T.);
#10107 = LINE('',#10108,#10109);
#10108 = CARTESIAN_POINT('',(15.58421378023,-45.,183.62384890028));
#10109 = VECTOR('',#10110,1.);
#10110 = DIRECTION('',(0.,1.,0.));
#10111 = CYLINDRICAL_SURFACE('',#10112,16.);
#10112 = AXIS2_PLACEMENT_3D('',#10113,#10114,#10115);
#10113 = CARTESIAN_POINT('',(0.,-39.1,180.));
#10114 = DIRECTION('',(0.,1.,0.));
#10115 = DIRECTION('',(-0.788010753607,0.,0.615661475326));
#10116 = ADVANCED_FACE('',(#10117),#10136,.F.);
#10117 = FACE_BOUND('',#10118,.F.);
#10118 = EDGE_LOOP('',(#10119,#10125,#10126,#10127,#10128,#10135));
#10119 = ORIENTED_EDGE('',*,*,#10120,.T.);
#10120 = EDGE_CURVE('',#9749,#9966,#10121,.T.);
#10121 = LINE('',#10122,#10123);
#10122 = CARTESIAN_POINT('',(18.796378214606,-39.1,179.67196203577));
#10123 = VECTOR('',#10124,1.);
#10124 = DIRECTION('',(0.,-1.,0.));
#10125 = ORIENTED_EDGE('',*,*,#9965,.F.);
#10126 = ORIENTED_EDGE('',*,*,#10120,.F.);
#10127 = ORIENTED_EDGE('',*,*,#9757,.T.);
#10128 = ORIENTED_EDGE('',*,*,#10129,.T.);
#10129 = EDGE_CURVE('',#9758,#9740,#10130,.T.);
#10130 = CIRCLE('',#10131,3.7);
#10131 = AXIS2_PLACEMENT_3D('',#10132,#10133,#10134);
#10132 = CARTESIAN_POINT('',(15.880738426261,-39.1,181.94990949448));
#10133 = DIRECTION('',(0.,-1.,0.));
#10134 = DIRECTION('',(0.788010753607,0.,-0.615661475326));
#10135 = ORIENTED_EDGE('',*,*,#9748,.T.);
#10136 = CYLINDRICAL_SURFACE('',#10137,3.7);
#10137 = AXIS2_PLACEMENT_3D('',#10138,#10139,#10140);
#10138 = CARTESIAN_POINT('',(15.880738426261,-39.1,181.94990949448));
#10139 = DIRECTION('',(0.,-1.,0.));
#10140 = DIRECTION('',(0.788010753607,0.,-0.615661475326));
#10141 = ADVANCED_FACE('',(#10142),#10176,.T.);
#10142 = FACE_BOUND('',#10143,.T.);
#10143 = EDGE_LOOP('',(#10144,#10145,#10153,#10160,#10161,#10170));
#10144 = ORIENTED_EDGE('',*,*,#9906,.F.);
#10145 = ORIENTED_EDGE('',*,*,#10146,.F.);
#10146 = EDGE_CURVE('',#10147,#9898,#10149,.T.);
#10147 = VERTEX_POINT('',#10148);
#10148 = CARTESIAN_POINT('',(15.997984423652,-39.1,180.25395743852));
#10149 = LINE('',#10150,#10151);
#10150 = CARTESIAN_POINT('',(15.997984423652,-45.,180.25395743852));
#10151 = VECTOR('',#10152,1.);
#10152 = DIRECTION('',(0.,1.,0.));
#10153 = ORIENTED_EDGE('',*,*,#10154,.T.);
#10154 = EDGE_CURVE('',#10147,#9740,#10155,.T.);
#10155 = CIRCLE('',#10156,16.);
#10156 = AXIS2_PLACEMENT_3D('',#10157,#10158,#10159);
#10157 = CARTESIAN_POINT('',(0.,-39.1,180.));
#10158 = DIRECTION('',(0.,1.,-0.));
#10159 = DIRECTION('',(-0.788010753607,0.,0.615661475326));
#10160 = ORIENTED_EDGE('',*,*,#9739,.T.);
#10161 = ORIENTED_EDGE('',*,*,#10162,.T.);
#10162 = EDGE_CURVE('',#9731,#10163,#10165,.T.);
#10163 = VERTEX_POINT('',#10164);
#10164 = CARTESIAN_POINT('',(3.623848900284,-39.1,164.41578621977));
#10165 = CIRCLE('',#10166,16.);
#10166 = AXIS2_PLACEMENT_3D('',#10167,#10168,#10169);
#10167 = CARTESIAN_POINT('',(0.,-39.1,180.));
#10168 = DIRECTION('',(0.,1.,-0.));
#10169 = DIRECTION('',(-0.788010753607,0.,0.615661475326));
#10170 = ORIENTED_EDGE('',*,*,#10171,.T.);
#10171 = EDGE_CURVE('',#10163,#9817,#10172,.T.);
#10172 = LINE('',#10173,#10174);
#10173 = CARTESIAN_POINT('',(3.623848900284,-45.,164.41578621977));
#10174 = VECTOR('',#10175,1.);
#10175 = DIRECTION('',(0.,1.,0.));
#10176 = CYLINDRICAL_SURFACE('',#10177,16.);
#10177 = AXIS2_PLACEMENT_3D('',#10178,#10179,#10180);
#10178 = CARTESIAN_POINT('',(0.,-39.1,180.));
#10179 = DIRECTION('',(0.,1.,0.));
#10180 = DIRECTION('',(-0.788010753607,0.,0.615661475326));
#10181 = ADVANCED_FACE('',(#10182),#10201,.F.);
#10182 = FACE_BOUND('',#10183,.F.);
#10183 = EDGE_LOOP('',(#10184,#10190,#10191,#10192,#10193,#10200));
#10184 = ORIENTED_EDGE('',*,*,#10185,.T.);
#10185 = EDGE_CURVE('',#9722,#9926,#10186,.T.);
#10186 = LINE('',#10187,#10188);
#10187 = CARTESIAN_POINT('',(4.865549282827,-39.1,161.84131411503));
#10188 = VECTOR('',#10189,1.);
#10189 = DIRECTION('',(0.,-1.,0.));
#10190 = ORIENTED_EDGE('',*,*,#9925,.F.);
#10191 = ORIENTED_EDGE('',*,*,#10185,.F.);
#10192 = ORIENTED_EDGE('',*,*,#9730,.T.);
#10193 = ORIENTED_EDGE('',*,*,#10194,.T.);
#10194 = EDGE_CURVE('',#9731,#9713,#10195,.T.);
#10195 = CIRCLE('',#10196,3.7);
#10196 = AXIS2_PLACEMENT_3D('',#10197,#10198,#10199);
#10197 = CARTESIAN_POINT('',(1.949909494482,-39.1,164.11926157373));
#10198 = DIRECTION('',(0.,-1.,0.));
#10199 = DIRECTION('',(0.788010753607,0.,-0.615661475326));
#10200 = ORIENTED_EDGE('',*,*,#9721,.T.);
#10201 = CYLINDRICAL_SURFACE('',#10202,3.7);
#10202 = AXIS2_PLACEMENT_3D('',#10203,#10204,#10205);
#10203 = CARTESIAN_POINT('',(1.949909494482,-39.1,164.11926157373));
#10204 = DIRECTION('',(0.,-1.,0.));
#10205 = DIRECTION('',(0.788010753607,0.,-0.615661475326));
#10206 = ADVANCED_FACE('',(#10207),#10241,.T.);
#10207 = FACE_BOUND('',#10208,.T.);
#10208 = EDGE_LOOP('',(#10209,#10217,#10218,#10226,#10233,#10234));
#10209 = ORIENTED_EDGE('',*,*,#10210,.T.);
#10210 = EDGE_CURVE('',#10211,#9835,#10213,.T.);
#10211 = VERTEX_POINT('',#10212);
#10212 = CARTESIAN_POINT('',(-15.58421378023,-39.1,176.37615109971));
#10213 = LINE('',#10214,#10215);
#10214 = CARTESIAN_POINT('',(-15.58421378023,-45.,176.37615109971));
#10215 = VECTOR('',#10216,1.);
#10216 = DIRECTION('',(0.,1.,0.));
#10217 = ORIENTED_EDGE('',*,*,#9834,.F.);
#10218 = ORIENTED_EDGE('',*,*,#10219,.F.);
#10219 = EDGE_CURVE('',#10220,#9826,#10222,.T.);
#10220 = VERTEX_POINT('',#10221);
#10221 = CARTESIAN_POINT('',(0.253957438528,-39.1,164.00201557634));
#10222 = LINE('',#10223,#10224);
#10223 = CARTESIAN_POINT('',(0.253957438528,-45.,164.00201557634));
#10224 = VECTOR('',#10225,1.);
#10225 = DIRECTION('',(0.,1.,0.));
#10226 = ORIENTED_EDGE('',*,*,#10227,.T.);
#10227 = EDGE_CURVE('',#10220,#9713,#10228,.T.);
#10228 = CIRCLE('',#10229,16.);
#10229 = AXIS2_PLACEMENT_3D('',#10230,#10231,#10232);
#10230 = CARTESIAN_POINT('',(0.,-39.1,180.));
#10231 = DIRECTION('',(0.,1.,-0.));
#10232 = DIRECTION('',(-0.788010753607,0.,0.615661475326));
#10233 = ORIENTED_EDGE('',*,*,#9712,.T.);
#10234 = ORIENTED_EDGE('',*,*,#10235,.T.);
#10235 = EDGE_CURVE('',#9704,#10211,#10236,.T.);
#10236 = CIRCLE('',#10237,16.);
#10237 = AXIS2_PLACEMENT_3D('',#10238,#10239,#10240);
#10238 = CARTESIAN_POINT('',(0.,-39.1,180.));
#10239 = DIRECTION('',(0.,1.,-0.));
#10240 = DIRECTION('',(-0.788010753607,0.,0.615661475326));
#10241 = CYLINDRICAL_SURFACE('',#10242,16.);
#10242 = AXIS2_PLACEMENT_3D('',#10243,#10244,#10245);
#10243 = CARTESIAN_POINT('',(0.,-39.1,180.));
#10244 = DIRECTION('',(0.,1.,0.));
#10245 = DIRECTION('',(-0.788010753607,0.,0.615661475326));
#10246 = ADVANCED_FACE('',(#10247),#10274,.F.);
#10247 = FACE_BOUND('',#10248,.F.);
#10248 = EDGE_LOOP('',(#10249,#10257,#10258,#10259,#10266,#10267));
#10249 = ORIENTED_EDGE('',*,*,#10250,.T.);
#10250 = EDGE_CURVE('',#10251,#9946,#10253,.T.);
#10251 = VERTEX_POINT('',#10252);
#10252 = CARTESIAN_POINT('',(-12.96509863791,-39.1,175.77214304681));
#10253 = LINE('',#10254,#10255);
#10254 = CARTESIAN_POINT('',(-12.96509863791,-39.1,175.77214304681));
#10255 = VECTOR('',#10256,1.);
#10256 = DIRECTION('',(0.,-1.,0.));
#10257 = ORIENTED_EDGE('',*,*,#9945,.F.);
#10258 = ORIENTED_EDGE('',*,*,#10250,.F.);
#10259 = ORIENTED_EDGE('',*,*,#10260,.T.);
#10260 = EDGE_CURVE('',#10251,#9695,#10261,.T.);
#10261 = CIRCLE('',#10262,3.7);
#10262 = AXIS2_PLACEMENT_3D('',#10263,#10264,#10265);
#10263 = CARTESIAN_POINT('',(-15.88073842626,-39.1,178.05009050551));
#10264 = DIRECTION('',(0.,-1.,0.));
#10265 = DIRECTION('',(0.788010753607,0.,-0.615661475326));
#10266 = ORIENTED_EDGE('',*,*,#9703,.T.);
#10267 = ORIENTED_EDGE('',*,*,#10268,.T.);
#10268 = EDGE_CURVE('',#9704,#10251,#10269,.T.);
#10269 = CIRCLE('',#10270,3.7);
#10270 = AXIS2_PLACEMENT_3D('',#10271,#10272,#10273);
#10271 = CARTESIAN_POINT('',(-15.88073842626,-39.1,178.05009050551));
#10272 = DIRECTION('',(0.,-1.,0.));
#10273 = DIRECTION('',(0.788010753607,0.,-0.615661475326));
#10274 = CYLINDRICAL_SURFACE('',#10275,3.7);
#10275 = AXIS2_PLACEMENT_3D('',#10276,#10277,#10278);
#10276 = CARTESIAN_POINT('',(-15.88073842626,-39.1,178.05009050551));
#10277 = DIRECTION('',(0.,-1.,0.));
#10278 = DIRECTION('',(0.788010753607,0.,-0.615661475326));
#10279 = ADVANCED_FACE('',(#10280),#10302,.F.);
#10280 = FACE_BOUND('',#10281,.F.);
#10281 = EDGE_LOOP('',(#10282,#10291,#10292,#10293,#10294,#10295));
#10282 = ORIENTED_EDGE('',*,*,#10283,.T.);
#10283 = EDGE_CURVE('',#10284,#10163,#10286,.T.);
#10284 = VERTEX_POINT('',#10285);
#10285 = CARTESIAN_POINT('',(0.610291213351,-39.1,165.16588608179));
#10286 = CIRCLE('',#10287,1.7);
#10287 = AXIS2_PLACEMENT_3D('',#10288,#10289,#10290);
#10288 = CARTESIAN_POINT('',(1.949909494482,-39.1,164.11926157373));
#10289 = DIRECTION('',(0.,1.,-0.));
#10290 = DIRECTION('',(-0.788010753607,0.,0.615661475326));
#10291 = ORIENTED_EDGE('',*,*,#10171,.T.);
#10292 = ORIENTED_EDGE('',*,*,#9814,.F.);
#10293 = ORIENTED_EDGE('',*,*,#9825,.F.);
#10294 = ORIENTED_EDGE('',*,*,#10219,.F.);
#10295 = ORIENTED_EDGE('',*,*,#10296,.T.);
#10296 = EDGE_CURVE('',#10220,#10284,#10297,.T.);
#10297 = CIRCLE('',#10298,1.7);
#10298 = AXIS2_PLACEMENT_3D('',#10299,#10300,#10301);
#10299 = CARTESIAN_POINT('',(1.949909494482,-39.1,164.11926157373));
#10300 = DIRECTION('',(0.,1.,-0.));
#10301 = DIRECTION('',(-0.788010753607,0.,0.615661475326));
#10302 = CYLINDRICAL_SURFACE('',#10303,1.7);
#10303 = AXIS2_PLACEMENT_3D('',#10304,#10305,#10306);
#10304 = CARTESIAN_POINT('',(1.949909494482,-45.,164.11926157373));
#10305 = DIRECTION('',(0.,1.,0.));
#10306 = DIRECTION('',(-0.788010753607,0.,0.615661475326));
#10307 = ADVANCED_FACE('',(#10308),#10320,.F.);
#10308 = FACE_BOUND('',#10309,.F.);
#10309 = EDGE_LOOP('',(#10310,#10311,#10318,#10319));
#10310 = ORIENTED_EDGE('',*,*,#10081,.F.);
#10311 = ORIENTED_EDGE('',*,*,#10312,.T.);
#10312 = EDGE_CURVE('',#10082,#10007,#10313,.T.);
#10313 = CIRCLE('',#10314,1.7);
#10314 = AXIS2_PLACEMENT_3D('',#10315,#10316,#10317);
#10315 = CARTESIAN_POINT('',(-1.949909494482,-39.1,195.88073842626));
#10316 = DIRECTION('',(0.,1.,-0.));
#10317 = DIRECTION('',(-0.788010753607,0.,0.615661475326));
#10318 = ORIENTED_EDGE('',*,*,#10015,.T.);
#10319 = ORIENTED_EDGE('',*,*,#9870,.F.);
#10320 = CYLINDRICAL_SURFACE('',#10321,1.7);
#10321 = AXIS2_PLACEMENT_3D('',#10322,#10323,#10324);
#10322 = CARTESIAN_POINT('',(-1.949909494482,-45.,195.88073842626));
#10323 = DIRECTION('',(0.,1.,0.));
#10324 = DIRECTION('',(-0.788010753607,0.,0.615661475326));
#10325 = ADVANCED_FACE('',(#10326),#10338,.F.);
#10326 = FACE_BOUND('',#10327,.F.);
#10327 = EDGE_LOOP('',(#10328,#10329,#10336,#10337));
#10328 = ORIENTED_EDGE('',*,*,#10023,.F.);
#10329 = ORIENTED_EDGE('',*,*,#10330,.T.);
#10330 = EDGE_CURVE('',#10024,#10211,#10331,.T.);
#10331 = CIRCLE('',#10332,1.7);
#10332 = AXIS2_PLACEMENT_3D('',#10333,#10334,#10335);
#10333 = CARTESIAN_POINT('',(-15.88073842626,-39.1,178.05009050551));
#10334 = DIRECTION('',(0.,1.,-0.));
#10335 = DIRECTION('',(-0.788010753607,0.,0.615661475326));
#10336 = ORIENTED_EDGE('',*,*,#10210,.T.);
#10337 = ORIENTED_EDGE('',*,*,#9843,.F.);
#10338 = CYLINDRICAL_SURFACE('',#10339,1.7);
#10339 = AXIS2_PLACEMENT_3D('',#10340,#10341,#10342);
#10340 = CARTESIAN_POINT('',(-15.88073842626,-45.,178.05009050551));
#10341 = DIRECTION('',(0.,1.,0.));
#10342 = DIRECTION('',(-0.788010753607,0.,0.615661475326));
#10343 = ADVANCED_FACE('',(#10344),#10351,.T.);
#10344 = FACE_BOUND('',#10345,.T.);
#10345 = EDGE_LOOP('',(#10346,#10347,#10348,#10349,#10350));
#10346 = ORIENTED_EDGE('',*,*,#10065,.T.);
#10347 = ORIENTED_EDGE('',*,*,#10057,.T.);
#10348 = ORIENTED_EDGE('',*,*,#10089,.F.);
#10349 = ORIENTED_EDGE('',*,*,#10312,.T.);
#10350 = ORIENTED_EDGE('',*,*,#10006,.F.);
#10351 = PLANE('',#10352);
#10352 = AXIS2_PLACEMENT_3D('',#10353,#10354,#10355);
#10353 = CARTESIAN_POINT('',(-1.949909494482,-39.1,195.88073842626));
#10354 = DIRECTION('',(0.,-1.,0.));
#10355 = DIRECTION('',(0.788010753607,0.,-0.615661475326));
#10356 = ADVANCED_FACE('',(#10357),#10364,.T.);
#10357 = FACE_BOUND('',#10358,.T.);
#10358 = EDGE_LOOP('',(#10359,#10360,#10361,#10362,#10363));
#10359 = ORIENTED_EDGE('',*,*,#10268,.T.);
#10360 = ORIENTED_EDGE('',*,*,#10260,.T.);
#10361 = ORIENTED_EDGE('',*,*,#10031,.F.);
#10362 = ORIENTED_EDGE('',*,*,#10330,.T.);
#10363 = ORIENTED_EDGE('',*,*,#10235,.F.);
#10364 = PLANE('',#10365);
#10365 = AXIS2_PLACEMENT_3D('',#10366,#10367,#10368);
#10366 = CARTESIAN_POINT('',(-15.88073842626,-39.1,178.05009050551));
#10367 = DIRECTION('',(0.,-1.,0.));
#10368 = DIRECTION('',(0.788010753607,0.,-0.615661475326));
#10369 = ADVANCED_FACE('',(#10370),#10391,.T.);
#10370 = FACE_BOUND('',#10371,.T.);
#10371 = EDGE_LOOP('',(#10372,#10373,#10374,#10375,#10384));
#10372 = ORIENTED_EDGE('',*,*,#10097,.F.);
#10373 = ORIENTED_EDGE('',*,*,#10129,.T.);
#10374 = ORIENTED_EDGE('',*,*,#10154,.F.);
#10375 = ORIENTED_EDGE('',*,*,#10376,.T.);
#10376 = EDGE_CURVE('',#10147,#10377,#10379,.T.);
#10377 = VERTEX_POINT('',#10378);
#10378 = CARTESIAN_POINT('',(14.54112014513,-39.1,182.99653400253));
#10379 = CIRCLE('',#10380,1.7);
#10380 = AXIS2_PLACEMENT_3D('',#10381,#10382,#10383);
#10381 = CARTESIAN_POINT('',(15.880738426261,-39.1,181.94990949448));
#10382 = DIRECTION('',(0.,1.,-0.));
#10383 = DIRECTION('',(-0.788010753607,0.,0.615661475326));
#10384 = ORIENTED_EDGE('',*,*,#10385,.T.);
#10385 = EDGE_CURVE('',#10377,#10098,#10386,.T.);
#10386 = CIRCLE('',#10387,1.7);
#10387 = AXIS2_PLACEMENT_3D('',#10388,#10389,#10390);
#10388 = CARTESIAN_POINT('',(15.880738426261,-39.1,181.94990949448));
#10389 = DIRECTION('',(0.,1.,-0.));
#10390 = DIRECTION('',(-0.788010753607,0.,0.615661475326));
#10391 = PLANE('',#10392);
#10392 = AXIS2_PLACEMENT_3D('',#10393,#10394,#10395);
#10393 = CARTESIAN_POINT('',(15.880738426261,-39.1,181.94990949448));
#10394 = DIRECTION('',(0.,-1.,0.));
#10395 = DIRECTION('',(0.788010753607,0.,-0.615661475326));
#10396 = ADVANCED_FACE('',(#10397),#10404,.T.);
#10397 = FACE_BOUND('',#10398,.T.);
#10398 = EDGE_LOOP('',(#10399,#10400,#10401,#10402,#10403));
#10399 = ORIENTED_EDGE('',*,*,#10162,.F.);
#10400 = ORIENTED_EDGE('',*,*,#10194,.T.);
#10401 = ORIENTED_EDGE('',*,*,#10227,.F.);
#10402 = ORIENTED_EDGE('',*,*,#10296,.T.);
#10403 = ORIENTED_EDGE('',*,*,#10283,.T.);
#10404 = PLANE('',#10405);
#10405 = AXIS2_PLACEMENT_3D('',#10406,#10407,#10408);
#10406 = CARTESIAN_POINT('',(1.949909494482,-39.1,164.11926157373));
#10407 = DIRECTION('',(0.,-1.,0.));
#10408 = DIRECTION('',(0.788010753607,0.,-0.615661475326));
#10409 = ADVANCED_FACE('',(#10410),#10418,.F.);
#10410 = FACE_BOUND('',#10411,.F.);
#10411 = EDGE_LOOP('',(#10412,#10413,#10414,#10415,#10416,#10417));
#10412 = ORIENTED_EDGE('',*,*,#9888,.F.);
#10413 = ORIENTED_EDGE('',*,*,#9897,.F.);
#10414 = ORIENTED_EDGE('',*,*,#10146,.F.);
#10415 = ORIENTED_EDGE('',*,*,#10376,.T.);
#10416 = ORIENTED_EDGE('',*,*,#10385,.T.);
#10417 = ORIENTED_EDGE('',*,*,#10106,.T.);
#10418 = CYLINDRICAL_SURFACE('',#10419,1.7);
#10419 = AXIS2_PLACEMENT_3D('',#10420,#10421,#10422);
#10420 = CARTESIAN_POINT('',(15.880738426261,-45.,181.94990949448));
#10421 = DIRECTION('',(0.,1.,0.));
#10422 = DIRECTION('',(-0.788010753607,0.,0.615661475326));
#10423 = MANIFOLD_SOLID_BREP('',#10424);
#10424 = CLOSED_SHELL('',(#10425,#10458,#10478,#10564,#10589,#10648,
    #10707,#10766,#10825,#10850,#10909,#10968,#11041,#11110,#11122,
    #11134,#11146,#11158,#11170));
#10425 = ADVANCED_FACE('',(#10426),#10453,.T.);
#10426 = FACE_BOUND('',#10427,.T.);
#10427 = EDGE_LOOP('',(#10428,#10437,#10445,#10452));
#10428 = ORIENTED_EDGE('',*,*,#10429,.F.);
#10429 = EDGE_CURVE('',#10430,#10430,#10432,.T.);
#10430 = VERTEX_POINT('',#10431);
#10431 = CARTESIAN_POINT('',(-14.97220431852,24.,191.69756803118));
#10432 = CIRCLE('',#10433,19.);
#10433 = AXIS2_PLACEMENT_3D('',#10434,#10435,#10436);
#10434 = CARTESIAN_POINT('',(0.,24.,180.));
#10435 = DIRECTION('',(0.,1.,-0.));
#10436 = DIRECTION('',(-0.788010753607,0.,0.615661475326));
#10437 = ORIENTED_EDGE('',*,*,#10438,.F.);
#10438 = EDGE_CURVE('',#10439,#10430,#10441,.T.);
#10439 = VERTEX_POINT('',#10440);
#10440 = CARTESIAN_POINT('',(-14.97220431852,20.,191.69756803118));
#10441 = LINE('',#10442,#10443);
#10442 = CARTESIAN_POINT('',(-14.97220431852,20.,191.69756803118));
#10443 = VECTOR('',#10444,1.);
#10444 = DIRECTION('',(0.,1.,0.));
#10445 = ORIENTED_EDGE('',*,*,#10446,.T.);
#10446 = EDGE_CURVE('',#10439,#10439,#10447,.T.);
#10447 = CIRCLE('',#10448,19.);
#10448 = AXIS2_PLACEMENT_3D('',#10449,#10450,#10451);
#10449 = CARTESIAN_POINT('',(0.,20.,180.));
#10450 = DIRECTION('',(0.,1.,-0.));
#10451 = DIRECTION('',(-0.788010753607,0.,0.615661475326));
#10452 = ORIENTED_EDGE('',*,*,#10438,.T.);
#10453 = CYLINDRICAL_SURFACE('',#10454,19.);
#10454 = AXIS2_PLACEMENT_3D('',#10455,#10456,#10457);
#10455 = CARTESIAN_POINT('',(0.,20.,180.));
#10456 = DIRECTION('',(0.,1.,0.));
#10457 = DIRECTION('',(-0.788010753607,0.,0.615661475326));
#10458 = ADVANCED_FACE('',(#10459,#10470),#10473,.F.);
#10459 = FACE_BOUND('',#10460,.F.);
#10460 = EDGE_LOOP('',(#10461));
#10461 = ORIENTED_EDGE('',*,*,#10462,.T.);
#10462 = EDGE_CURVE('',#10463,#10463,#10465,.T.);
#10463 = VERTEX_POINT('',#10464);
#10464 = CARTESIAN_POINT('',(-22.06430110098,24.,197.23852130911));
#10465 = CIRCLE('',#10466,28.);
#10466 = AXIS2_PLACEMENT_3D('',#10467,#10468,#10469);
#10467 = CARTESIAN_POINT('',(0.,24.,180.));
#10468 = DIRECTION('',(0.,1.,-0.));
#10469 = DIRECTION('',(-0.788010753607,0.,0.615661475326));
#10470 = FACE_BOUND('',#10471,.F.);
#10471 = EDGE_LOOP('',(#10472));
#10472 = ORIENTED_EDGE('',*,*,#10429,.F.);
#10473 = PLANE('',#10474);
#10474 = AXIS2_PLACEMENT_3D('',#10475,#10476,#10477);
#10475 = CARTESIAN_POINT('',(0.,24.,180.));
#10476 = DIRECTION('',(0.,1.,0.));
#10477 = DIRECTION('',(-0.788010753607,0.,0.615661475326));
#10478 = ADVANCED_FACE('',(#10479,#10482,#10493,#10504,#10515,#10526,
    #10537,#10548),#10559,.F.);
#10479 = FACE_BOUND('',#10480,.F.);
#10480 = EDGE_LOOP('',(#10481));
#10481 = ORIENTED_EDGE('',*,*,#10446,.T.);
#10482 = FACE_BOUND('',#10483,.F.);
#10483 = EDGE_LOOP('',(#10484));
#10484 = ORIENTED_EDGE('',*,*,#10485,.F.);
#10485 = EDGE_CURVE('',#10486,#10486,#10488,.T.);
#10486 = VERTEX_POINT('',#10487);
#10487 = CARTESIAN_POINT('',(-6.507718819085,20.,170.35878863827));
#10488 = CIRCLE('',#10489,2.25);
#10489 = AXIS2_PLACEMENT_3D('',#10490,#10491,#10492);
#10490 = CARTESIAN_POINT('',(-4.73469462347,20.,168.97355031878));
#10491 = DIRECTION('',(0.,1.,-0.));
#10492 = DIRECTION('',(-0.788010753607,0.,0.615661475326));
#10493 = FACE_BOUND('',#10494,.F.);
#10494 = EDGE_LOOP('',(#10495));
#10495 = ORIENTED_EDGE('',*,*,#10496,.F.);
#10496 = EDGE_CURVE('',#10497,#10497,#10499,.T.);
#10497 = VERTEX_POINT('',#10498);
#10498 = CARTESIAN_POINT('',(5.40882046759,20.,171.77164479143));
#10499 = CIRCLE('',#10500,2.25);
#10500 = AXIS2_PLACEMENT_3D('',#10501,#10502,#10503);
#10501 = CARTESIAN_POINT('',(7.181844663205,20.,170.38640647194));
#10502 = DIRECTION('',(0.,1.,-0.));
#10503 = DIRECTION('',(-0.788010753607,0.,0.615661475326));
#10504 = FACE_BOUND('',#10505,.F.);
#10505 = EDGE_LOOP('',(#10506));
#10506 = ORIENTED_EDGE('',*,*,#10507,.F.);
#10507 = EDGE_CURVE('',#10508,#10508,#10510,.T.);
#10508 = VERTEX_POINT('',#10509);
#10509 = CARTESIAN_POINT('',(-13.68956348229,20.,179.97238216632));
#10510 = CIRCLE('',#10511,2.25);
#10511 = AXIS2_PLACEMENT_3D('',#10512,#10513,#10514);
#10512 = CARTESIAN_POINT('',(-11.91653928667,20.,178.58714384684));
#10513 = DIRECTION('',(0.,1.,-0.));
#10514 = DIRECTION('',(-0.788010753607,0.,0.615661475326));
#10515 = FACE_BOUND('',#10516,.F.);
#10516 = EDGE_LOOP('',(#10517));
#10517 = ORIENTED_EDGE('',*,*,#10518,.F.);
#10518 = EDGE_CURVE('',#10519,#10519,#10521,.T.);
#10519 = VERTEX_POINT('',#10520);
#10520 = CARTESIAN_POINT('',(10.143507210953,20.,182.79810062925));
#10521 = CIRCLE('',#10522,2.25);
#10522 = AXIS2_PLACEMENT_3D('',#10523,#10524,#10525);
#10523 = CARTESIAN_POINT('',(11.916531406568,20.,181.41286230977));
#10524 = DIRECTION('',(0.,1.,-0.));
#10525 = DIRECTION('',(-0.788010753607,0.,0.615661475326));
#10526 = FACE_BOUND('',#10527,.F.);
#10527 = EDGE_LOOP('',(#10528));
#10528 = ORIENTED_EDGE('',*,*,#10529,.F.);
#10529 = EDGE_CURVE('',#10530,#10530,#10532,.T.);
#10530 = VERTEX_POINT('',#10531);
#10531 = CARTESIAN_POINT('',(-3.940053768034,20.,183.07830737662));
#10532 = CIRCLE('',#10533,5.);
#10533 = AXIS2_PLACEMENT_3D('',#10534,#10535,#10536);
#10534 = CARTESIAN_POINT('',(0.,20.,180.));
#10535 = DIRECTION('',(0.,1.,-0.));
#10536 = DIRECTION('',(-0.788010753607,0.,0.615661475326));
#10537 = FACE_BOUND('',#10538,.F.);
#10538 = EDGE_LOOP('',(#10539));
#10539 = ORIENTED_EDGE('',*,*,#10540,.F.);
#10540 = EDGE_CURVE('',#10541,#10541,#10543,.T.);
#10541 = VERTEX_POINT('',#10542);
#10542 = CARTESIAN_POINT('',(-8.95486885882,20.,190.99883184753));
#10543 = CIRCLE('',#10544,2.25);
#10544 = AXIS2_PLACEMENT_3D('',#10545,#10546,#10547);
#10545 = CARTESIAN_POINT('',(-7.181844663205,20.,189.61359352805));
#10546 = DIRECTION('',(0.,1.,-0.));
#10547 = DIRECTION('',(-0.788010753607,0.,0.615661475326));
#10548 = FACE_BOUND('',#10549,.F.);
#10549 = EDGE_LOOP('',(#10550));
#10550 = ORIENTED_EDGE('',*,*,#10551,.F.);
#10551 = EDGE_CURVE('',#10552,#10552,#10554,.T.);
#10552 = VERTEX_POINT('',#10553);
#10553 = CARTESIAN_POINT('',(2.961670427855,20.,192.41168800069));
#10554 = CIRCLE('',#10555,2.25);
#10555 = AXIS2_PLACEMENT_3D('',#10556,#10557,#10558);
#10556 = CARTESIAN_POINT('',(4.73469462347,20.,191.02644968121));
#10557 = DIRECTION('',(0.,1.,-0.));
#10558 = DIRECTION('',(-0.788010753607,0.,0.615661475326));
#10559 = PLANE('',#10560);
#10560 = AXIS2_PLACEMENT_3D('',#10561,#10562,#10563);
#10561 = CARTESIAN_POINT('',(0.,20.,180.));
#10562 = DIRECTION('',(0.,1.,0.));
#10563 = DIRECTION('',(-0.788010753607,0.,0.615661475326));
#10564 = ADVANCED_FACE('',(#10565),#10584,.T.);
#10565 = FACE_BOUND('',#10566,.T.);
#10566 = EDGE_LOOP('',(#10567,#10576,#10582,#10583));
#10567 = ORIENTED_EDGE('',*,*,#10568,.F.);
#10568 = EDGE_CURVE('',#10569,#10569,#10571,.T.);
#10569 = VERTEX_POINT('',#10570);
#10570 = CARTESIAN_POINT('',(-22.06430110098,28.,197.23852130911));
#10571 = CIRCLE('',#10572,28.);
#10572 = AXIS2_PLACEMENT_3D('',#10573,#10574,#10575);
#10573 = CARTESIAN_POINT('',(0.,28.,180.));
#10574 = DIRECTION('',(0.,1.,-0.));
#10575 = DIRECTION('',(-0.788010753607,0.,0.615661475326));
#10576 = ORIENTED_EDGE('',*,*,#10577,.F.);
#10577 = EDGE_CURVE('',#10463,#10569,#10578,.T.);
#10578 = LINE('',#10579,#10580);
#10579 = CARTESIAN_POINT('',(-22.06430110098,24.,197.23852130911));
#10580 = VECTOR('',#10581,1.);
#10581 = DIRECTION('',(0.,1.,0.));
#10582 = ORIENTED_EDGE('',*,*,#10462,.T.);
#10583 = ORIENTED_EDGE('',*,*,#10577,.T.);
#10584 = CYLINDRICAL_SURFACE('',#10585,28.);
#10585 = AXIS2_PLACEMENT_3D('',#10586,#10587,#10588);
#10586 = CARTESIAN_POINT('',(0.,24.,180.));
#10587 = DIRECTION('',(0.,1.,0.));
#10588 = DIRECTION('',(-0.788010753607,0.,0.615661475326));
#10589 = ADVANCED_FACE('',(#10590),#10643,.F.);
#10590 = FACE_BOUND('',#10591,.F.);
#10591 = EDGE_LOOP('',(#10592,#10603,#10611,#10620,#10626,#10627,#10628,
    #10637));
#10592 = ORIENTED_EDGE('',*,*,#10593,.F.);
#10593 = EDGE_CURVE('',#10594,#10596,#10598,.T.);
#10594 = VERTEX_POINT('',#10595);
#10595 = CARTESIAN_POINT('',(-4.791786148853,38.,171.22282588166));
#10596 = VERTEX_POINT('',#10597);
#10597 = CARTESIAN_POINT('',(-3.064438353714,38.,170.48111258726));
#10598 = CIRCLE('',#10599,2.25);
#10599 = AXIS2_PLACEMENT_3D('',#10600,#10601,#10602);
#10600 = CARTESIAN_POINT('',(-4.73469462347,38.,168.97355031878));
#10601 = DIRECTION('',(0.,1.,-0.));
#10602 = DIRECTION('',(-0.788010753607,0.,0.615661475326));
#10603 = ORIENTED_EDGE('',*,*,#10604,.F.);
#10604 = EDGE_CURVE('',#10605,#10594,#10607,.T.);
#10605 = VERTEX_POINT('',#10606);
#10606 = CARTESIAN_POINT('',(-4.791786148853,28.,171.22282588166));
#10607 = LINE('',#10608,#10609);
#10608 = CARTESIAN_POINT('',(-4.791786148853,28.,171.22282588166));
#10609 = VECTOR('',#10610,1.);
#10610 = DIRECTION('',(0.,1.,0.));
#10611 = ORIENTED_EDGE('',*,*,#10612,.F.);
#10612 = EDGE_CURVE('',#10613,#10605,#10615,.T.);
#10613 = VERTEX_POINT('',#10614);
#10614 = CARTESIAN_POINT('',(-6.507718819085,28.,170.35878863827));
#10615 = CIRCLE('',#10616,2.25);
#10616 = AXIS2_PLACEMENT_3D('',#10617,#10618,#10619);
#10617 = CARTESIAN_POINT('',(-4.73469462347,28.,168.97355031878));
#10618 = DIRECTION('',(0.,1.,-0.));
#10619 = DIRECTION('',(-0.788010753607,0.,0.615661475326));
#10620 = ORIENTED_EDGE('',*,*,#10621,.F.);
#10621 = EDGE_CURVE('',#10486,#10613,#10622,.T.);
#10622 = LINE('',#10623,#10624);
#10623 = CARTESIAN_POINT('',(-6.507718819085,20.,170.35878863827));
#10624 = VECTOR('',#10625,1.);
#10625 = DIRECTION('',(0.,1.,0.));
#10626 = ORIENTED_EDGE('',*,*,#10485,.T.);
#10627 = ORIENTED_EDGE('',*,*,#10621,.T.);
#10628 = ORIENTED_EDGE('',*,*,#10629,.F.);
#10629 = EDGE_CURVE('',#10630,#10613,#10632,.T.);
#10630 = VERTEX_POINT('',#10631);
#10631 = CARTESIAN_POINT('',(-3.064438353714,28.,170.48111258726));
#10632 = CIRCLE('',#10633,2.25);
#10633 = AXIS2_PLACEMENT_3D('',#10634,#10635,#10636);
#10634 = CARTESIAN_POINT('',(-4.73469462347,28.,168.97355031878));
#10635 = DIRECTION('',(0.,1.,-0.));
#10636 = DIRECTION('',(-0.788010753607,0.,0.615661475326));
#10637 = ORIENTED_EDGE('',*,*,#10638,.T.);
#10638 = EDGE_CURVE('',#10630,#10596,#10639,.T.);
#10639 = LINE('',#10640,#10641);
#10640 = CARTESIAN_POINT('',(-3.064438353714,28.,170.48111258726));
#10641 = VECTOR('',#10642,1.);
#10642 = DIRECTION('',(0.,1.,0.));
#10643 = CYLINDRICAL_SURFACE('',#10644,2.25);
#10644 = AXIS2_PLACEMENT_3D('',#10645,#10646,#10647);
#10645 = CARTESIAN_POINT('',(-4.73469462347,20.,168.97355031878));
#10646 = DIRECTION('',(0.,1.,0.));
#10647 = DIRECTION('',(-0.788010753607,0.,0.615661475326));
#10648 = ADVANCED_FACE('',(#10649),#10702,.F.);
#10649 = FACE_BOUND('',#10650,.F.);
#10650 = EDGE_LOOP('',(#10651,#10659,#10668,#10676,#10685,#10693,#10700,
    #10701));
#10651 = ORIENTED_EDGE('',*,*,#10652,.T.);
#10652 = EDGE_CURVE('',#10497,#10653,#10655,.T.);
#10653 = VERTEX_POINT('',#10654);
#10654 = CARTESIAN_POINT('',(5.40882046759,38.,171.77164479143));
#10655 = LINE('',#10656,#10657);
#10656 = CARTESIAN_POINT('',(5.40882046759,20.,171.77164479143));
#10657 = VECTOR('',#10658,1.);
#10658 = DIRECTION('',(0.,1.,0.));
#10659 = ORIENTED_EDGE('',*,*,#10660,.F.);
#10660 = EDGE_CURVE('',#10661,#10653,#10663,.T.);
#10661 = VERTEX_POINT('',#10662);
#10662 = CARTESIAN_POINT('',(5.20537464871,38.,171.4616116997));
#10663 = CIRCLE('',#10664,2.25);
#10664 = AXIS2_PLACEMENT_3D('',#10665,#10666,#10667);
#10665 = CARTESIAN_POINT('',(7.181844663205,38.,170.38640647194));
#10666 = DIRECTION('',(0.,1.,-0.));
#10667 = DIRECTION('',(-0.788010753607,0.,0.615661475326));
#10668 = ORIENTED_EDGE('',*,*,#10669,.F.);
#10669 = EDGE_CURVE('',#10670,#10661,#10672,.T.);
#10670 = VERTEX_POINT('',#10671);
#10671 = CARTESIAN_POINT('',(5.20537464871,28.,171.4616116997));
#10672 = LINE('',#10673,#10674);
#10673 = CARTESIAN_POINT('',(5.20537464871,28.,171.4616116997));
#10674 = VECTOR('',#10675,1.);
#10675 = DIRECTION('',(0.,1.,0.));
#10676 = ORIENTED_EDGE('',*,*,#10677,.F.);
#10677 = EDGE_CURVE('',#10678,#10670,#10680,.T.);
#10678 = VERTEX_POINT('',#10679);
#10679 = CARTESIAN_POINT('',(6.711373005445,28.,172.5866692788));
#10680 = CIRCLE('',#10681,2.25);
#10681 = AXIS2_PLACEMENT_3D('',#10682,#10683,#10684);
#10682 = CARTESIAN_POINT('',(7.181844663205,28.,170.38640647194));
#10683 = DIRECTION('',(0.,1.,-0.));
#10684 = DIRECTION('',(-0.788010753607,0.,0.615661475326));
#10685 = ORIENTED_EDGE('',*,*,#10686,.T.);
#10686 = EDGE_CURVE('',#10678,#10687,#10689,.T.);
#10687 = VERTEX_POINT('',#10688);
#10688 = CARTESIAN_POINT('',(6.711373005445,38.,172.5866692788));
#10689 = LINE('',#10690,#10691);
#10690 = CARTESIAN_POINT('',(6.711373005445,28.,172.5866692788));
#10691 = VECTOR('',#10692,1.);
#10692 = DIRECTION('',(0.,1.,0.));
#10693 = ORIENTED_EDGE('',*,*,#10694,.F.);
#10694 = EDGE_CURVE('',#10653,#10687,#10695,.T.);
#10695 = CIRCLE('',#10696,2.25);
#10696 = AXIS2_PLACEMENT_3D('',#10697,#10698,#10699);
#10697 = CARTESIAN_POINT('',(7.181844663205,38.,170.38640647194));
#10698 = DIRECTION('',(0.,1.,-0.));
#10699 = DIRECTION('',(-0.788010753607,0.,0.615661475326));
#10700 = ORIENTED_EDGE('',*,*,#10652,.F.);
#10701 = ORIENTED_EDGE('',*,*,#10496,.T.);
#10702 = CYLINDRICAL_SURFACE('',#10703,2.25);
#10703 = AXIS2_PLACEMENT_3D('',#10704,#10705,#10706);
#10704 = CARTESIAN_POINT('',(7.181844663205,20.,170.38640647194));
#10705 = DIRECTION('',(0.,1.,0.));
#10706 = DIRECTION('',(-0.788010753607,0.,0.615661475326));
#10707 = ADVANCED_FACE('',(#10708),#10761,.F.);
#10708 = FACE_BOUND('',#10709,.F.);
#10709 = EDGE_LOOP('',(#10710,#10721,#10729,#10738,#10744,#10745,#10746,
    #10755));
#10710 = ORIENTED_EDGE('',*,*,#10711,.F.);
#10711 = EDGE_CURVE('',#10712,#10714,#10716,.T.);
#10712 = VERTEX_POINT('',#10713);
#10713 = CARTESIAN_POINT('',(-9.997148643963,38.,179.76121350434));
#10714 = VERTEX_POINT('',#10715);
#10715 = CARTESIAN_POINT('',(-9.775820435008,38.,177.89445142006));
#10716 = CIRCLE('',#10717,2.25);
#10717 = AXIS2_PLACEMENT_3D('',#10718,#10719,#10720);
#10718 = CARTESIAN_POINT('',(-11.91653928667,38.,178.58714384684));
#10719 = DIRECTION('',(0.,1.,-0.));
#10720 = DIRECTION('',(-0.788010753607,0.,0.615661475326));
#10721 = ORIENTED_EDGE('',*,*,#10722,.F.);
#10722 = EDGE_CURVE('',#10723,#10712,#10725,.T.);
#10723 = VERTEX_POINT('',#10724);
#10724 = CARTESIAN_POINT('',(-9.997148643963,28.,179.76121350434));
#10725 = LINE('',#10726,#10727);
#10726 = CARTESIAN_POINT('',(-9.997148643963,28.,179.76121350434));
#10727 = VECTOR('',#10728,1.);
#10728 = DIRECTION('',(0.,1.,0.));
#10729 = ORIENTED_EDGE('',*,*,#10730,.F.);
#10730 = EDGE_CURVE('',#10731,#10723,#10733,.T.);
#10731 = VERTEX_POINT('',#10732);
#10732 = CARTESIAN_POINT('',(-13.68956348229,28.,179.97238216632));
#10733 = CIRCLE('',#10734,2.25);
#10734 = AXIS2_PLACEMENT_3D('',#10735,#10736,#10737);
#10735 = CARTESIAN_POINT('',(-11.91653928667,28.,178.58714384684));
#10736 = DIRECTION('',(0.,1.,-0.));
#10737 = DIRECTION('',(-0.788010753607,0.,0.615661475326));
#10738 = ORIENTED_EDGE('',*,*,#10739,.F.);
#10739 = EDGE_CURVE('',#10508,#10731,#10740,.T.);
#10740 = LINE('',#10741,#10742);
#10741 = CARTESIAN_POINT('',(-13.68956348229,20.,179.97238216632));
#10742 = VECTOR('',#10743,1.);
#10743 = DIRECTION('',(0.,1.,0.));
#10744 = ORIENTED_EDGE('',*,*,#10507,.T.);
#10745 = ORIENTED_EDGE('',*,*,#10739,.T.);
#10746 = ORIENTED_EDGE('',*,*,#10747,.F.);
#10747 = EDGE_CURVE('',#10748,#10731,#10750,.T.);
#10748 = VERTEX_POINT('',#10749);
#10749 = CARTESIAN_POINT('',(-9.775820435008,28.,177.89445142006));
#10750 = CIRCLE('',#10751,2.25);
#10751 = AXIS2_PLACEMENT_3D('',#10752,#10753,#10754);
#10752 = CARTESIAN_POINT('',(-11.91653928667,28.,178.58714384684));
#10753 = DIRECTION('',(0.,1.,-0.));
#10754 = DIRECTION('',(-0.788010753607,0.,0.615661475326));
#10755 = ORIENTED_EDGE('',*,*,#10756,.T.);
#10756 = EDGE_CURVE('',#10748,#10714,#10757,.T.);
#10757 = LINE('',#10758,#10759);
#10758 = CARTESIAN_POINT('',(-9.775820435008,28.,177.89445142006));
#10759 = VECTOR('',#10760,1.);
#10760 = DIRECTION('',(0.,1.,0.));
#10761 = CYLINDRICAL_SURFACE('',#10762,2.25);
#10762 = AXIS2_PLACEMENT_3D('',#10763,#10764,#10765);
#10763 = CARTESIAN_POINT('',(-11.91653928667,20.,178.58714384684));
#10764 = DIRECTION('',(0.,1.,0.));
#10765 = DIRECTION('',(-0.788010753607,0.,0.615661475326));
#10766 = ADVANCED_FACE('',(#10767),#10820,.F.);
#10767 = FACE_BOUND('',#10768,.F.);
#10768 = EDGE_LOOP('',(#10769,#10780,#10788,#10797,#10803,#10804,#10805,
    #10814));
#10769 = ORIENTED_EDGE('',*,*,#10770,.F.);
#10770 = EDGE_CURVE('',#10771,#10773,#10775,.T.);
#10771 = VERTEX_POINT('',#10772);
#10772 = CARTESIAN_POINT('',(9.997148811138,38.,180.23877949652));
#10773 = VERTEX_POINT('',#10774);
#10774 = CARTESIAN_POINT('',(9.775816489804,38.,182.10556689698));
#10775 = CIRCLE('',#10776,2.25);
#10776 = AXIS2_PLACEMENT_3D('',#10777,#10778,#10779);
#10777 = CARTESIAN_POINT('',(11.916531406568,38.,181.41286230977));
#10778 = DIRECTION('',(0.,1.,-0.));
#10779 = DIRECTION('',(-0.788010753607,0.,0.615661475326));
#10780 = ORIENTED_EDGE('',*,*,#10781,.F.);
#10781 = EDGE_CURVE('',#10782,#10771,#10784,.T.);
#10782 = VERTEX_POINT('',#10783);
#10783 = CARTESIAN_POINT('',(9.997148811138,28.,180.23877949652));
#10784 = LINE('',#10785,#10786);
#10785 = CARTESIAN_POINT('',(9.997148811138,28.,180.23877949652));
#10786 = VECTOR('',#10787,1.);
#10787 = DIRECTION('',(0.,1.,0.));
#10788 = ORIENTED_EDGE('',*,*,#10789,.F.);
#10789 = EDGE_CURVE('',#10790,#10782,#10792,.T.);
#10790 = VERTEX_POINT('',#10791);
#10791 = CARTESIAN_POINT('',(10.143507210953,28.,182.79810062925));
#10792 = CIRCLE('',#10793,2.25);
#10793 = AXIS2_PLACEMENT_3D('',#10794,#10795,#10796);
#10794 = CARTESIAN_POINT('',(11.916531406568,28.,181.41286230977));
#10795 = DIRECTION('',(0.,1.,-0.));
#10796 = DIRECTION('',(-0.788010753607,0.,0.615661475326));
#10797 = ORIENTED_EDGE('',*,*,#10798,.F.);
#10798 = EDGE_CURVE('',#10519,#10790,#10799,.T.);
#10799 = LINE('',#10800,#10801);
#10800 = CARTESIAN_POINT('',(10.143507210953,20.,182.79810062925));
#10801 = VECTOR('',#10802,1.);
#10802 = DIRECTION('',(0.,1.,0.));
#10803 = ORIENTED_EDGE('',*,*,#10518,.T.);
#10804 = ORIENTED_EDGE('',*,*,#10798,.T.);
#10805 = ORIENTED_EDGE('',*,*,#10806,.F.);
#10806 = EDGE_CURVE('',#10807,#10790,#10809,.T.);
#10807 = VERTEX_POINT('',#10808);
#10808 = CARTESIAN_POINT('',(9.775816489804,28.,182.10556689698));
#10809 = CIRCLE('',#10810,2.25);
#10810 = AXIS2_PLACEMENT_3D('',#10811,#10812,#10813);
#10811 = CARTESIAN_POINT('',(11.916531406568,28.,181.41286230977));
#10812 = DIRECTION('',(0.,1.,-0.));
#10813 = DIRECTION('',(-0.788010753607,0.,0.615661475326));
#10814 = ORIENTED_EDGE('',*,*,#10815,.T.);
#10815 = EDGE_CURVE('',#10807,#10773,#10816,.T.);
#10816 = LINE('',#10817,#10818);
#10817 = CARTESIAN_POINT('',(9.775816489804,28.,182.10556689698));
#10818 = VECTOR('',#10819,1.);
#10819 = DIRECTION('',(0.,1.,0.));
#10820 = CYLINDRICAL_SURFACE('',#10821,2.25);
#10821 = AXIS2_PLACEMENT_3D('',#10822,#10823,#10824);
#10822 = CARTESIAN_POINT('',(11.916531406568,20.,181.41286230977));
#10823 = DIRECTION('',(0.,1.,0.));
#10824 = DIRECTION('',(-0.788010753607,0.,0.615661475326));
#10825 = ADVANCED_FACE('',(#10826),#10845,.F.);
#10826 = FACE_BOUND('',#10827,.F.);
#10827 = EDGE_LOOP('',(#10828,#10837,#10843,#10844));
#10828 = ORIENTED_EDGE('',*,*,#10829,.F.);
#10829 = EDGE_CURVE('',#10830,#10830,#10832,.T.);
#10830 = VERTEX_POINT('',#10831);
#10831 = CARTESIAN_POINT('',(-3.940053768034,38.,183.07830737662));
#10832 = CIRCLE('',#10833,5.);
#10833 = AXIS2_PLACEMENT_3D('',#10834,#10835,#10836);
#10834 = CARTESIAN_POINT('',(0.,38.,180.));
#10835 = DIRECTION('',(0.,1.,-0.));
#10836 = DIRECTION('',(-0.788010753607,0.,0.615661475326));
#10837 = ORIENTED_EDGE('',*,*,#10838,.F.);
#10838 = EDGE_CURVE('',#10530,#10830,#10839,.T.);
#10839 = LINE('',#10840,#10841);
#10840 = CARTESIAN_POINT('',(-3.940053768034,20.,183.07830737662));
#10841 = VECTOR('',#10842,1.);
#10842 = DIRECTION('',(0.,1.,0.));
#10843 = ORIENTED_EDGE('',*,*,#10529,.T.);
#10844 = ORIENTED_EDGE('',*,*,#10838,.T.);
#10845 = CYLINDRICAL_SURFACE('',#10846,5.);
#10846 = AXIS2_PLACEMENT_3D('',#10847,#10848,#10849);
#10847 = CARTESIAN_POINT('',(0.,20.,180.));
#10848 = DIRECTION('',(0.,1.,0.));
#10849 = DIRECTION('',(-0.788010753607,0.,0.615661475326));
#10850 = ADVANCED_FACE('',(#10851),#10904,.F.);
#10851 = FACE_BOUND('',#10852,.F.);
#10852 = EDGE_LOOP('',(#10853,#10864,#10872,#10881,#10887,#10888,#10889,
    #10898));
#10853 = ORIENTED_EDGE('',*,*,#10854,.F.);
#10854 = EDGE_CURVE('',#10855,#10857,#10859,.T.);
#10855 = VERTEX_POINT('',#10856);
#10856 = CARTESIAN_POINT('',(-5.20537464871,38.,188.53838830029));
#10857 = VERTEX_POINT('',#10858);
#10858 = CARTESIAN_POINT('',(-6.711373005445,38.,187.41333072119));
#10859 = CIRCLE('',#10860,2.25);
#10860 = AXIS2_PLACEMENT_3D('',#10861,#10862,#10863);
#10861 = CARTESIAN_POINT('',(-7.181844663205,38.,189.61359352805));
#10862 = DIRECTION('',(0.,1.,-0.));
#10863 = DIRECTION('',(-0.788010753607,0.,0.615661475326));
#10864 = ORIENTED_EDGE('',*,*,#10865,.F.);
#10865 = EDGE_CURVE('',#10866,#10855,#10868,.T.);
#10866 = VERTEX_POINT('',#10867);
#10867 = CARTESIAN_POINT('',(-5.20537464871,28.,188.53838830029));
#10868 = LINE('',#10869,#10870);
#10869 = CARTESIAN_POINT('',(-5.20537464871,28.,188.53838830029));
#10870 = VECTOR('',#10871,1.);
#10871 = DIRECTION('',(0.,1.,0.));
#10872 = ORIENTED_EDGE('',*,*,#10873,.F.);
#10873 = EDGE_CURVE('',#10874,#10866,#10876,.T.);
#10874 = VERTEX_POINT('',#10875);
#10875 = CARTESIAN_POINT('',(-8.95486885882,28.,190.99883184753));
#10876 = CIRCLE('',#10877,2.25);
#10877 = AXIS2_PLACEMENT_3D('',#10878,#10879,#10880);
#10878 = CARTESIAN_POINT('',(-7.181844663205,28.,189.61359352805));
#10879 = DIRECTION('',(0.,1.,-0.));
#10880 = DIRECTION('',(-0.788010753607,0.,0.615661475326));
#10881 = ORIENTED_EDGE('',*,*,#10882,.F.);
#10882 = EDGE_CURVE('',#10541,#10874,#10883,.T.);
#10883 = LINE('',#10884,#10885);
#10884 = CARTESIAN_POINT('',(-8.95486885882,20.,190.99883184753));
#10885 = VECTOR('',#10886,1.);
#10886 = DIRECTION('',(0.,1.,0.));
#10887 = ORIENTED_EDGE('',*,*,#10540,.T.);
#10888 = ORIENTED_EDGE('',*,*,#10882,.T.);
#10889 = ORIENTED_EDGE('',*,*,#10890,.F.);
#10890 = EDGE_CURVE('',#10891,#10874,#10893,.T.);
#10891 = VERTEX_POINT('',#10892);
#10892 = CARTESIAN_POINT('',(-6.711373005445,28.,187.41333072119));
#10893 = CIRCLE('',#10894,2.25);
#10894 = AXIS2_PLACEMENT_3D('',#10895,#10896,#10897);
#10895 = CARTESIAN_POINT('',(-7.181844663205,28.,189.61359352805));
#10896 = DIRECTION('',(0.,1.,-0.));
#10897 = DIRECTION('',(-0.788010753607,0.,0.615661475326));
#10898 = ORIENTED_EDGE('',*,*,#10899,.T.);
#10899 = EDGE_CURVE('',#10891,#10857,#10900,.T.);
#10900 = LINE('',#10901,#10902);
#10901 = CARTESIAN_POINT('',(-6.711373005445,28.,187.41333072119));
#10902 = VECTOR('',#10903,1.);
#10903 = DIRECTION('',(0.,1.,0.));
#10904 = CYLINDRICAL_SURFACE('',#10905,2.25);
#10905 = AXIS2_PLACEMENT_3D('',#10906,#10907,#10908);
#10906 = CARTESIAN_POINT('',(-7.181844663205,20.,189.61359352805));
#10907 = DIRECTION('',(0.,1.,0.));
#10908 = DIRECTION('',(-0.788010753607,0.,0.615661475326));
#10909 = ADVANCED_FACE('',(#10910),#10963,.F.);
#10910 = FACE_BOUND('',#10911,.F.);
#10911 = EDGE_LOOP('',(#10912,#10923,#10931,#10940,#10946,#10947,#10948,
    #10957));
#10912 = ORIENTED_EDGE('',*,*,#10913,.F.);
#10913 = EDGE_CURVE('',#10914,#10916,#10918,.T.);
#10914 = VERTEX_POINT('',#10915);
#10915 = CARTESIAN_POINT('',(4.791786148853,38.,188.77717411834));
#10916 = VERTEX_POINT('',#10917);
#10917 = CARTESIAN_POINT('',(3.064438353714,38.,189.51888741273));
#10918 = CIRCLE('',#10919,2.25);
#10919 = AXIS2_PLACEMENT_3D('',#10920,#10921,#10922);
#10920 = CARTESIAN_POINT('',(4.73469462347,38.,191.02644968121));
#10921 = DIRECTION('',(0.,1.,-0.));
#10922 = DIRECTION('',(-0.788010753607,0.,0.615661475326));
#10923 = ORIENTED_EDGE('',*,*,#10924,.F.);
#10924 = EDGE_CURVE('',#10925,#10914,#10927,.T.);
#10925 = VERTEX_POINT('',#10926);
#10926 = CARTESIAN_POINT('',(4.791786148853,28.,188.77717411834));
#10927 = LINE('',#10928,#10929);
#10928 = CARTESIAN_POINT('',(4.791786148853,28.,188.77717411834));
#10929 = VECTOR('',#10930,1.);
#10930 = DIRECTION('',(0.,1.,0.));
#10931 = ORIENTED_EDGE('',*,*,#10932,.F.);
#10932 = EDGE_CURVE('',#10933,#10925,#10935,.T.);
#10933 = VERTEX_POINT('',#10934);
#10934 = CARTESIAN_POINT('',(2.961670427855,28.,192.41168800069));
#10935 = CIRCLE('',#10936,2.25);
#10936 = AXIS2_PLACEMENT_3D('',#10937,#10938,#10939);
#10937 = CARTESIAN_POINT('',(4.73469462347,28.,191.02644968121));
#10938 = DIRECTION('',(0.,1.,-0.));
#10939 = DIRECTION('',(-0.788010753607,0.,0.615661475326));
#10940 = ORIENTED_EDGE('',*,*,#10941,.F.);
#10941 = EDGE_CURVE('',#10552,#10933,#10942,.T.);
#10942 = LINE('',#10943,#10944);
#10943 = CARTESIAN_POINT('',(2.961670427855,20.,192.41168800069));
#10944 = VECTOR('',#10945,1.);
#10945 = DIRECTION('',(0.,1.,0.));
#10946 = ORIENTED_EDGE('',*,*,#10551,.T.);
#10947 = ORIENTED_EDGE('',*,*,#10941,.T.);
#10948 = ORIENTED_EDGE('',*,*,#10949,.F.);
#10949 = EDGE_CURVE('',#10950,#10933,#10952,.T.);
#10950 = VERTEX_POINT('',#10951);
#10951 = CARTESIAN_POINT('',(3.064438353714,28.,189.51888741273));
#10952 = CIRCLE('',#10953,2.25);
#10953 = AXIS2_PLACEMENT_3D('',#10954,#10955,#10956);
#10954 = CARTESIAN_POINT('',(4.73469462347,28.,191.02644968121));
#10955 = DIRECTION('',(0.,1.,-0.));
#10956 = DIRECTION('',(-0.788010753607,0.,0.615661475326));
#10957 = ORIENTED_EDGE('',*,*,#10958,.T.);
#10958 = EDGE_CURVE('',#10950,#10916,#10959,.T.);
#10959 = LINE('',#10960,#10961);
#10960 = CARTESIAN_POINT('',(3.064438353714,28.,189.51888741273));
#10961 = VECTOR('',#10962,1.);
#10962 = DIRECTION('',(0.,1.,0.));
#10963 = CYLINDRICAL_SURFACE('',#10964,2.25);
#10964 = AXIS2_PLACEMENT_3D('',#10965,#10966,#10967);
#10965 = CARTESIAN_POINT('',(4.73469462347,20.,191.02644968121));
#10966 = DIRECTION('',(0.,1.,0.));
#10967 = DIRECTION('',(-0.788010753607,0.,0.615661475326));
#10968 = ADVANCED_FACE('',(#10969,#10972),#11036,.T.);
#10969 = FACE_BOUND('',#10970,.T.);
#10970 = EDGE_LOOP('',(#10971));
#10971 = ORIENTED_EDGE('',*,*,#10568,.T.);
#10972 = FACE_BOUND('',#10973,.T.);
#10973 = EDGE_LOOP('',(#10974,#10983,#10990,#10991,#10992,#10999,#11000,
    #11001,#11008,#11009,#11016,#11017,#11018,#11025,#11026,#11027,
    #11034,#11035));
#10974 = ORIENTED_EDGE('',*,*,#10975,.F.);
#10975 = EDGE_CURVE('',#10976,#10891,#10978,.T.);
#10976 = VERTEX_POINT('',#10977);
#10977 = CARTESIAN_POINT('',(-7.880107536067,28.,186.15661475325));
#10978 = CIRCLE('',#10979,10.);
#10979 = AXIS2_PLACEMENT_3D('',#10980,#10981,#10982);
#10980 = CARTESIAN_POINT('',(0.,28.,180.));
#10981 = DIRECTION('',(0.,1.,-0.));
#10982 = DIRECTION('',(-0.788010753607,0.,0.615661475326));
#10983 = ORIENTED_EDGE('',*,*,#10984,.F.);
#10984 = EDGE_CURVE('',#10723,#10976,#10985,.T.);
#10985 = CIRCLE('',#10986,10.);
#10986 = AXIS2_PLACEMENT_3D('',#10987,#10988,#10989);
#10987 = CARTESIAN_POINT('',(0.,28.,180.));
#10988 = DIRECTION('',(0.,1.,-0.));
#10989 = DIRECTION('',(-0.788010753607,0.,0.615661475326));
#10990 = ORIENTED_EDGE('',*,*,#10730,.F.);
#10991 = ORIENTED_EDGE('',*,*,#10747,.F.);
#10992 = ORIENTED_EDGE('',*,*,#10993,.F.);
#10993 = EDGE_CURVE('',#10605,#10748,#10994,.T.);
#10994 = CIRCLE('',#10995,10.);
#10995 = AXIS2_PLACEMENT_3D('',#10996,#10997,#10998);
#10996 = CARTESIAN_POINT('',(0.,28.,180.));
#10997 = DIRECTION('',(0.,1.,-0.));
#10998 = DIRECTION('',(-0.788010753607,0.,0.615661475326));
#10999 = ORIENTED_EDGE('',*,*,#10612,.F.);
#11000 = ORIENTED_EDGE('',*,*,#10629,.F.);
#11001 = ORIENTED_EDGE('',*,*,#11002,.F.);
#11002 = EDGE_CURVE('',#10670,#10630,#11003,.T.);
#11003 = CIRCLE('',#11004,10.);
#11004 = AXIS2_PLACEMENT_3D('',#11005,#11006,#11007);
#11005 = CARTESIAN_POINT('',(0.,28.,180.));
#11006 = DIRECTION('',(0.,1.,-0.));
#11007 = DIRECTION('',(-0.788010753607,0.,0.615661475326));
#11008 = ORIENTED_EDGE('',*,*,#10677,.F.);
#11009 = ORIENTED_EDGE('',*,*,#11010,.F.);
#11010 = EDGE_CURVE('',#10782,#10678,#11011,.T.);
#11011 = CIRCLE('',#11012,10.);
#11012 = AXIS2_PLACEMENT_3D('',#11013,#11014,#11015);
#11013 = CARTESIAN_POINT('',(0.,28.,180.));
#11014 = DIRECTION('',(0.,1.,-0.));
#11015 = DIRECTION('',(-0.788010753607,0.,0.615661475326));
#11016 = ORIENTED_EDGE('',*,*,#10789,.F.);
#11017 = ORIENTED_EDGE('',*,*,#10806,.F.);
#11018 = ORIENTED_EDGE('',*,*,#11019,.F.);
#11019 = EDGE_CURVE('',#10925,#10807,#11020,.T.);
#11020 = CIRCLE('',#11021,10.);
#11021 = AXIS2_PLACEMENT_3D('',#11022,#11023,#11024);
#11022 = CARTESIAN_POINT('',(0.,28.,180.));
#11023 = DIRECTION('',(0.,1.,-0.));
#11024 = DIRECTION('',(-0.788010753607,0.,0.615661475326));
#11025 = ORIENTED_EDGE('',*,*,#10932,.F.);
#11026 = ORIENTED_EDGE('',*,*,#10949,.F.);
#11027 = ORIENTED_EDGE('',*,*,#11028,.F.);
#11028 = EDGE_CURVE('',#10866,#10950,#11029,.T.);
#11029 = CIRCLE('',#11030,10.);
#11030 = AXIS2_PLACEMENT_3D('',#11031,#11032,#11033);
#11031 = CARTESIAN_POINT('',(0.,28.,180.));
#11032 = DIRECTION('',(0.,1.,-0.));
#11033 = DIRECTION('',(-0.788010753607,0.,0.615661475326));
#11034 = ORIENTED_EDGE('',*,*,#10873,.F.);
#11035 = ORIENTED_EDGE('',*,*,#10890,.F.);
#11036 = PLANE('',#11037);
#11037 = AXIS2_PLACEMENT_3D('',#11038,#11039,#11040);
#11038 = CARTESIAN_POINT('',(0.,28.,180.));
#11039 = DIRECTION('',(0.,1.,0.));
#11040 = DIRECTION('',(-0.788010753607,0.,0.615661475326));
#11041 = ADVANCED_FACE('',(#11042,#11102),#11105,.T.);
#11042 = FACE_BOUND('',#11043,.T.);
#11043 = EDGE_LOOP('',(#11044,#11053,#11060,#11061,#11068,#11069,#11076,
    #11077,#11084,#11085,#11086,#11093,#11094,#11101));
#11044 = ORIENTED_EDGE('',*,*,#11045,.T.);
#11045 = EDGE_CURVE('',#10712,#11046,#11048,.T.);
#11046 = VERTEX_POINT('',#11047);
#11047 = CARTESIAN_POINT('',(-7.880107536067,38.,186.15661475325));
#11048 = CIRCLE('',#11049,10.);
#11049 = AXIS2_PLACEMENT_3D('',#11050,#11051,#11052);
#11050 = CARTESIAN_POINT('',(0.,38.,180.));
#11051 = DIRECTION('',(0.,1.,-0.));
#11052 = DIRECTION('',(-0.788010753607,0.,0.615661475326));
#11053 = ORIENTED_EDGE('',*,*,#11054,.T.);
#11054 = EDGE_CURVE('',#11046,#10857,#11055,.T.);
#11055 = CIRCLE('',#11056,10.);
#11056 = AXIS2_PLACEMENT_3D('',#11057,#11058,#11059);
#11057 = CARTESIAN_POINT('',(0.,38.,180.));
#11058 = DIRECTION('',(0.,1.,-0.));
#11059 = DIRECTION('',(-0.788010753607,0.,0.615661475326));
#11060 = ORIENTED_EDGE('',*,*,#10854,.F.);
#11061 = ORIENTED_EDGE('',*,*,#11062,.T.);
#11062 = EDGE_CURVE('',#10855,#10916,#11063,.T.);
#11063 = CIRCLE('',#11064,10.);
#11064 = AXIS2_PLACEMENT_3D('',#11065,#11066,#11067);
#11065 = CARTESIAN_POINT('',(0.,38.,180.));
#11066 = DIRECTION('',(0.,1.,-0.));
#11067 = DIRECTION('',(-0.788010753607,0.,0.615661475326));
#11068 = ORIENTED_EDGE('',*,*,#10913,.F.);
#11069 = ORIENTED_EDGE('',*,*,#11070,.T.);
#11070 = EDGE_CURVE('',#10914,#10773,#11071,.T.);
#11071 = CIRCLE('',#11072,10.);
#11072 = AXIS2_PLACEMENT_3D('',#11073,#11074,#11075);
#11073 = CARTESIAN_POINT('',(0.,38.,180.));
#11074 = DIRECTION('',(0.,1.,-0.));
#11075 = DIRECTION('',(-0.788010753607,0.,0.615661475326));
#11076 = ORIENTED_EDGE('',*,*,#10770,.F.);
#11077 = ORIENTED_EDGE('',*,*,#11078,.T.);
#11078 = EDGE_CURVE('',#10771,#10687,#11079,.T.);
#11079 = CIRCLE('',#11080,10.);
#11080 = AXIS2_PLACEMENT_3D('',#11081,#11082,#11083);
#11081 = CARTESIAN_POINT('',(0.,38.,180.));
#11082 = DIRECTION('',(0.,1.,-0.));
#11083 = DIRECTION('',(-0.788010753607,0.,0.615661475326));
#11084 = ORIENTED_EDGE('',*,*,#10694,.F.);
#11085 = ORIENTED_EDGE('',*,*,#10660,.F.);
#11086 = ORIENTED_EDGE('',*,*,#11087,.T.);
#11087 = EDGE_CURVE('',#10661,#10596,#11088,.T.);
#11088 = CIRCLE('',#11089,10.);
#11089 = AXIS2_PLACEMENT_3D('',#11090,#11091,#11092);
#11090 = CARTESIAN_POINT('',(0.,38.,180.));
#11091 = DIRECTION('',(0.,1.,-0.));
#11092 = DIRECTION('',(-0.788010753607,0.,0.615661475326));
#11093 = ORIENTED_EDGE('',*,*,#10593,.F.);
#11094 = ORIENTED_EDGE('',*,*,#11095,.T.);
#11095 = EDGE_CURVE('',#10594,#10714,#11096,.T.);
#11096 = CIRCLE('',#11097,10.);
#11097 = AXIS2_PLACEMENT_3D('',#11098,#11099,#11100);
#11098 = CARTESIAN_POINT('',(0.,38.,180.));
#11099 = DIRECTION('',(0.,1.,-0.));
#11100 = DIRECTION('',(-0.788010753607,0.,0.615661475326));
#11101 = ORIENTED_EDGE('',*,*,#10711,.F.);
#11102 = FACE_BOUND('',#11103,.T.);
#11103 = EDGE_LOOP('',(#11104));
#11104 = ORIENTED_EDGE('',*,*,#10829,.F.);
#11105 = PLANE('',#11106);
#11106 = AXIS2_PLACEMENT_3D('',#11107,#11108,#11109);
#11107 = CARTESIAN_POINT('',(0.,38.,180.));
#11108 = DIRECTION('',(0.,1.,0.));
#11109 = DIRECTION('',(-0.788010753607,0.,0.615661475326));
#11110 = ADVANCED_FACE('',(#11111),#11117,.T.);
#11111 = FACE_BOUND('',#11112,.T.);
#11112 = EDGE_LOOP('',(#11113,#11114,#11115,#11116));
#11113 = ORIENTED_EDGE('',*,*,#10638,.T.);
#11114 = ORIENTED_EDGE('',*,*,#11087,.F.);
#11115 = ORIENTED_EDGE('',*,*,#10669,.F.);
#11116 = ORIENTED_EDGE('',*,*,#11002,.T.);
#11117 = CYLINDRICAL_SURFACE('',#11118,10.);
#11118 = AXIS2_PLACEMENT_3D('',#11119,#11120,#11121);
#11119 = CARTESIAN_POINT('',(0.,28.,180.));
#11120 = DIRECTION('',(0.,1.,0.));
#11121 = DIRECTION('',(-0.788010753607,0.,0.615661475326));
#11122 = ADVANCED_FACE('',(#11123),#11129,.T.);
#11123 = FACE_BOUND('',#11124,.T.);
#11124 = EDGE_LOOP('',(#11125,#11126,#11127,#11128));
#11125 = ORIENTED_EDGE('',*,*,#10756,.T.);
#11126 = ORIENTED_EDGE('',*,*,#11095,.F.);
#11127 = ORIENTED_EDGE('',*,*,#10604,.F.);
#11128 = ORIENTED_EDGE('',*,*,#10993,.T.);
#11129 = CYLINDRICAL_SURFACE('',#11130,10.);
#11130 = AXIS2_PLACEMENT_3D('',#11131,#11132,#11133);
#11131 = CARTESIAN_POINT('',(0.,28.,180.));
#11132 = DIRECTION('',(0.,1.,0.));
#11133 = DIRECTION('',(-0.788010753607,0.,0.615661475326));
#11134 = ADVANCED_FACE('',(#11135),#11141,.T.);
#11135 = FACE_BOUND('',#11136,.T.);
#11136 = EDGE_LOOP('',(#11137,#11138,#11139,#11140));
#11137 = ORIENTED_EDGE('',*,*,#11078,.F.);
#11138 = ORIENTED_EDGE('',*,*,#10781,.F.);
#11139 = ORIENTED_EDGE('',*,*,#11010,.T.);
#11140 = ORIENTED_EDGE('',*,*,#10686,.T.);
#11141 = CYLINDRICAL_SURFACE('',#11142,10.);
#11142 = AXIS2_PLACEMENT_3D('',#11143,#11144,#11145);
#11143 = CARTESIAN_POINT('',(0.,28.,180.));
#11144 = DIRECTION('',(0.,1.,0.));
#11145 = DIRECTION('',(-0.788010753607,0.,0.615661475326));
#11146 = ADVANCED_FACE('',(#11147),#11153,.T.);
#11147 = FACE_BOUND('',#11148,.T.);
#11148 = EDGE_LOOP('',(#11149,#11150,#11151,#11152));
#11149 = ORIENTED_EDGE('',*,*,#11070,.F.);
#11150 = ORIENTED_EDGE('',*,*,#10924,.F.);
#11151 = ORIENTED_EDGE('',*,*,#11019,.T.);
#11152 = ORIENTED_EDGE('',*,*,#10815,.T.);
#11153 = CYLINDRICAL_SURFACE('',#11154,10.);
#11154 = AXIS2_PLACEMENT_3D('',#11155,#11156,#11157);
#11155 = CARTESIAN_POINT('',(0.,28.,180.));
#11156 = DIRECTION('',(0.,1.,0.));
#11157 = DIRECTION('',(-0.788010753607,0.,0.615661475326));
#11158 = ADVANCED_FACE('',(#11159),#11165,.T.);
#11159 = FACE_BOUND('',#11160,.T.);
#11160 = EDGE_LOOP('',(#11161,#11162,#11163,#11164));
#11161 = ORIENTED_EDGE('',*,*,#11062,.F.);
#11162 = ORIENTED_EDGE('',*,*,#10865,.F.);
#11163 = ORIENTED_EDGE('',*,*,#11028,.T.);
#11164 = ORIENTED_EDGE('',*,*,#10958,.T.);
#11165 = CYLINDRICAL_SURFACE('',#11166,10.);
#11166 = AXIS2_PLACEMENT_3D('',#11167,#11168,#11169);
#11167 = CARTESIAN_POINT('',(0.,28.,180.));
#11168 = DIRECTION('',(0.,1.,0.));
#11169 = DIRECTION('',(-0.788010753607,0.,0.615661475326));
#11170 = ADVANCED_FACE('',(#11171),#11179,.T.);
#11171 = FACE_BOUND('',#11172,.T.);
#11172 = EDGE_LOOP('',(#11173,#11174,#11175,#11176,#11177,#11178));
#11173 = ORIENTED_EDGE('',*,*,#10975,.T.);
#11174 = ORIENTED_EDGE('',*,*,#10899,.T.);
#11175 = ORIENTED_EDGE('',*,*,#11054,.F.);
#11176 = ORIENTED_EDGE('',*,*,#11045,.F.);
#11177 = ORIENTED_EDGE('',*,*,#10722,.F.);
#11178 = ORIENTED_EDGE('',*,*,#10984,.T.);
#11179 = CYLINDRICAL_SURFACE('',#11180,10.);
#11180 = AXIS2_PLACEMENT_3D('',#11181,#11182,#11183);
#11181 = CARTESIAN_POINT('',(0.,28.,180.));
#11182 = DIRECTION('',(0.,1.,0.));
#11183 = DIRECTION('',(-0.788010753607,0.,0.615661475326));
#11184 = MANIFOLD_SOLID_BREP('',#11185);
#11185 = CLOSED_SHELL('',(#11186,#11219,#11228,#11328,#11353,#11387,
    #11421,#11455,#11489));
#11186 = ADVANCED_FACE('',(#11187),#11214,.T.);
#11187 = FACE_BOUND('',#11188,.T.);
#11188 = EDGE_LOOP('',(#11189,#11198,#11206,#11213));
#11189 = ORIENTED_EDGE('',*,*,#11190,.F.);
#11190 = EDGE_CURVE('',#11191,#11191,#11193,.T.);
#11191 = VERTEX_POINT('',#11192);
#11192 = CARTESIAN_POINT('',(-7.801306460707,-20.,186.09504860572));
#11193 = CIRCLE('',#11194,9.9);
#11194 = AXIS2_PLACEMENT_3D('',#11195,#11196,#11197);
#11195 = CARTESIAN_POINT('',(0.,-20.,180.));
#11196 = DIRECTION('',(0.,1.,-0.));
#11197 = DIRECTION('',(-0.788010753607,0.,0.615661475326));
#11198 = ORIENTED_EDGE('',*,*,#11199,.F.);
#11199 = EDGE_CURVE('',#11200,#11191,#11202,.T.);
#11200 = VERTEX_POINT('',#11201);
#11201 = CARTESIAN_POINT('',(-7.801306460707,-45.,186.09504860572));
#11202 = LINE('',#11203,#11204);
#11203 = CARTESIAN_POINT('',(-7.801306460707,-45.,186.09504860572));
#11204 = VECTOR('',#11205,1.);
#11205 = DIRECTION('',(0.,1.,0.));
#11206 = ORIENTED_EDGE('',*,*,#11207,.T.);
#11207 = EDGE_CURVE('',#11200,#11200,#11208,.T.);
#11208 = CIRCLE('',#11209,9.9);
#11209 = AXIS2_PLACEMENT_3D('',#11210,#11211,#11212);
#11210 = CARTESIAN_POINT('',(0.,-45.,180.));
#11211 = DIRECTION('',(0.,1.,-0.));
#11212 = DIRECTION('',(-0.788010753607,0.,0.615661475326));
#11213 = ORIENTED_EDGE('',*,*,#11199,.T.);
#11214 = CYLINDRICAL_SURFACE('',#11215,9.9);
#11215 = AXIS2_PLACEMENT_3D('',#11216,#11217,#11218);
#11216 = CARTESIAN_POINT('',(0.,-45.,180.));
#11217 = DIRECTION('',(0.,1.,0.));
#11218 = DIRECTION('',(-0.788010753607,0.,0.615661475326));
#11219 = ADVANCED_FACE('',(#11220),#11223,.T.);
#11220 = FACE_BOUND('',#11221,.T.);
#11221 = EDGE_LOOP('',(#11222));
#11222 = ORIENTED_EDGE('',*,*,#11190,.T.);
#11223 = PLANE('',#11224);
#11224 = AXIS2_PLACEMENT_3D('',#11225,#11226,#11227);
#11225 = CARTESIAN_POINT('',(0.,-20.,180.));
#11226 = DIRECTION('',(0.,1.,0.));
#11227 = DIRECTION('',(-0.788010753607,0.,0.615661475326));
#11228 = ADVANCED_FACE('',(#11229,#11240,#11260,#11280,#11300,#11303),
  #11323,.T.);
#11229 = FACE_BOUND('',#11230,.T.);
#11230 = EDGE_LOOP('',(#11231));
#11231 = ORIENTED_EDGE('',*,*,#11232,.T.);
#11232 = EDGE_CURVE('',#11233,#11233,#11235,.T.);
#11233 = VERTEX_POINT('',#11234);
#11234 = CARTESIAN_POINT('',(-15.76021507213,-45.,192.31322950651));
#11235 = CIRCLE('',#11236,20.);
#11236 = AXIS2_PLACEMENT_3D('',#11237,#11238,#11239);
#11237 = CARTESIAN_POINT('',(0.,-45.,180.));
#11238 = DIRECTION('',(0.,1.,-0.));
#11239 = DIRECTION('',(-0.788010753607,0.,0.615661475326));
#11240 = FACE_BOUND('',#11241,.T.);
#11241 = EDGE_LOOP('',(#11242,#11253));
#11242 = ORIENTED_EDGE('',*,*,#11243,.F.);
#11243 = EDGE_CURVE('',#11244,#11246,#11248,.T.);
#11244 = VERTEX_POINT('',#11245);
#11245 = CARTESIAN_POINT('',(0.610291213351,-45.,165.16588608179));
#11246 = VERTEX_POINT('',#11247);
#11247 = CARTESIAN_POINT('',(3.289527775614,-45.,163.07263706568));
#11248 = CIRCLE('',#11249,1.7);
#11249 = AXIS2_PLACEMENT_3D('',#11250,#11251,#11252);
#11250 = CARTESIAN_POINT('',(1.949909494482,-45.,164.11926157373));
#11251 = DIRECTION('',(0.,1.,-0.));
#11252 = DIRECTION('',(-0.788010753607,0.,0.615661475326));
#11253 = ORIENTED_EDGE('',*,*,#11254,.F.);
#11254 = EDGE_CURVE('',#11246,#11244,#11255,.T.);
#11255 = CIRCLE('',#11256,1.7);
#11256 = AXIS2_PLACEMENT_3D('',#11257,#11258,#11259);
#11257 = CARTESIAN_POINT('',(1.949909494482,-45.,164.11926157373));
#11258 = DIRECTION('',(0.,1.,-0.));
#11259 = DIRECTION('',(-0.788010753607,0.,0.615661475326));
#11260 = FACE_BOUND('',#11261,.T.);
#11261 = EDGE_LOOP('',(#11262,#11273));
#11262 = ORIENTED_EDGE('',*,*,#11263,.F.);
#11263 = EDGE_CURVE('',#11264,#11266,#11268,.T.);
#11264 = VERTEX_POINT('',#11265);
#11265 = CARTESIAN_POINT('',(-17.22035670739,-45.,179.09671501357));
#11266 = VERTEX_POINT('',#11267);
#11267 = CARTESIAN_POINT('',(-14.54112014513,-45.,177.00346599746));
#11268 = CIRCLE('',#11269,1.7);
#11269 = AXIS2_PLACEMENT_3D('',#11270,#11271,#11272);
#11270 = CARTESIAN_POINT('',(-15.88073842626,-45.,178.05009050551));
#11271 = DIRECTION('',(0.,1.,-0.));
#11272 = DIRECTION('',(-0.788010753607,0.,0.615661475326));
#11273 = ORIENTED_EDGE('',*,*,#11274,.F.);
#11274 = EDGE_CURVE('',#11266,#11264,#11275,.T.);
#11275 = CIRCLE('',#11276,1.7);
#11276 = AXIS2_PLACEMENT_3D('',#11277,#11278,#11279);
#11277 = CARTESIAN_POINT('',(-15.88073842626,-45.,178.05009050551));
#11278 = DIRECTION('',(0.,1.,-0.));
#11279 = DIRECTION('',(-0.788010753607,0.,0.615661475326));
#11280 = FACE_BOUND('',#11281,.T.);
#11281 = EDGE_LOOP('',(#11282,#11293));
#11282 = ORIENTED_EDGE('',*,*,#11283,.F.);
#11283 = EDGE_CURVE('',#11284,#11286,#11288,.T.);
#11284 = VERTEX_POINT('',#11285);
#11285 = CARTESIAN_POINT('',(14.54112014513,-45.,182.99653400253));
#11286 = VERTEX_POINT('',#11287);
#11287 = CARTESIAN_POINT('',(17.220356707393,-45.,180.90328498642));
#11288 = CIRCLE('',#11289,1.7);
#11289 = AXIS2_PLACEMENT_3D('',#11290,#11291,#11292);
#11290 = CARTESIAN_POINT('',(15.880738426261,-45.,181.94990949448));
#11291 = DIRECTION('',(0.,1.,-0.));
#11292 = DIRECTION('',(-0.788010753607,0.,0.615661475326));
#11293 = ORIENTED_EDGE('',*,*,#11294,.F.);
#11294 = EDGE_CURVE('',#11286,#11284,#11295,.T.);
#11295 = CIRCLE('',#11296,1.7);
#11296 = AXIS2_PLACEMENT_3D('',#11297,#11298,#11299);
#11297 = CARTESIAN_POINT('',(15.880738426261,-45.,181.94990949448));
#11298 = DIRECTION('',(0.,1.,-0.));
#11299 = DIRECTION('',(-0.788010753607,0.,0.615661475326));
#11300 = FACE_BOUND('',#11301,.T.);
#11301 = EDGE_LOOP('',(#11302));
#11302 = ORIENTED_EDGE('',*,*,#11207,.F.);
#11303 = FACE_BOUND('',#11304,.T.);
#11304 = EDGE_LOOP('',(#11305,#11316));
#11305 = ORIENTED_EDGE('',*,*,#11306,.F.);
#11306 = EDGE_CURVE('',#11307,#11309,#11311,.T.);
#11307 = VERTEX_POINT('',#11308);
#11308 = CARTESIAN_POINT('',(-3.289527775614,-45.,196.92736293431));
#11309 = VERTEX_POINT('',#11310);
#11310 = CARTESIAN_POINT('',(-0.610291213351,-45.,194.8341139182));
#11311 = CIRCLE('',#11312,1.7);
#11312 = AXIS2_PLACEMENT_3D('',#11313,#11314,#11315);
#11313 = CARTESIAN_POINT('',(-1.949909494482,-45.,195.88073842626));
#11314 = DIRECTION('',(0.,1.,-0.));
#11315 = DIRECTION('',(-0.788010753607,0.,0.615661475326));
#11316 = ORIENTED_EDGE('',*,*,#11317,.F.);
#11317 = EDGE_CURVE('',#11309,#11307,#11318,.T.);
#11318 = CIRCLE('',#11319,1.7);
#11319 = AXIS2_PLACEMENT_3D('',#11320,#11321,#11322);
#11320 = CARTESIAN_POINT('',(-1.949909494482,-45.,195.88073842626));
#11321 = DIRECTION('',(0.,1.,-0.));
#11322 = DIRECTION('',(-0.788010753607,0.,0.615661475326));
#11323 = PLANE('',#11324);
#11324 = AXIS2_PLACEMENT_3D('',#11325,#11326,#11327);
#11325 = CARTESIAN_POINT('',(0.,-45.,180.));
#11326 = DIRECTION('',(0.,1.,0.));
#11327 = DIRECTION('',(-0.788010753607,0.,0.615661475326));
#11328 = ADVANCED_FACE('',(#11329),#11348,.T.);
#11329 = FACE_BOUND('',#11330,.T.);
#11330 = EDGE_LOOP('',(#11331,#11332,#11340,#11347));
#11331 = ORIENTED_EDGE('',*,*,#11232,.F.);
#11332 = ORIENTED_EDGE('',*,*,#11333,.F.);
#11333 = EDGE_CURVE('',#11334,#11233,#11336,.T.);
#11334 = VERTEX_POINT('',#11335);
#11335 = CARTESIAN_POINT('',(-15.76021507213,-48.,192.31322950651));
#11336 = LINE('',#11337,#11338);
#11337 = CARTESIAN_POINT('',(-15.76021507213,-48.,192.31322950651));
#11338 = VECTOR('',#11339,1.);
#11339 = DIRECTION('',(0.,1.,0.));
#11340 = ORIENTED_EDGE('',*,*,#11341,.T.);
#11341 = EDGE_CURVE('',#11334,#11334,#11342,.T.);
#11342 = CIRCLE('',#11343,20.);
#11343 = AXIS2_PLACEMENT_3D('',#11344,#11345,#11346);
#11344 = CARTESIAN_POINT('',(0.,-48.,180.));
#11345 = DIRECTION('',(0.,1.,-0.));
#11346 = DIRECTION('',(-0.788010753607,0.,0.615661475326));
#11347 = ORIENTED_EDGE('',*,*,#11333,.T.);
#11348 = CYLINDRICAL_SURFACE('',#11349,20.);
#11349 = AXIS2_PLACEMENT_3D('',#11350,#11351,#11352);
#11350 = CARTESIAN_POINT('',(0.,-48.,180.));
#11351 = DIRECTION('',(0.,1.,0.));
#11352 = DIRECTION('',(-0.788010753607,0.,0.615661475326));
#11353 = ADVANCED_FACE('',(#11354),#11382,.F.);
#11354 = FACE_BOUND('',#11355,.F.);
#11355 = EDGE_LOOP('',(#11356,#11367,#11374,#11379,#11380,#11381));
#11356 = ORIENTED_EDGE('',*,*,#11357,.T.);
#11357 = EDGE_CURVE('',#11358,#11360,#11362,.T.);
#11358 = VERTEX_POINT('',#11359);
#11359 = CARTESIAN_POINT('',(-3.289527775614,-48.,196.92736293431));
#11360 = VERTEX_POINT('',#11361);
#11361 = CARTESIAN_POINT('',(-0.610291213351,-48.,194.8341139182));
#11362 = CIRCLE('',#11363,1.7);
#11363 = AXIS2_PLACEMENT_3D('',#11364,#11365,#11366);
#11364 = CARTESIAN_POINT('',(-1.949909494482,-48.,195.88073842626));
#11365 = DIRECTION('',(0.,1.,-0.));
#11366 = DIRECTION('',(-0.788010753607,0.,0.615661475326));
#11367 = ORIENTED_EDGE('',*,*,#11368,.T.);
#11368 = EDGE_CURVE('',#11360,#11358,#11369,.T.);
#11369 = CIRCLE('',#11370,1.7);
#11370 = AXIS2_PLACEMENT_3D('',#11371,#11372,#11373);
#11371 = CARTESIAN_POINT('',(-1.949909494482,-48.,195.88073842626));
#11372 = DIRECTION('',(0.,1.,-0.));
#11373 = DIRECTION('',(-0.788010753607,0.,0.615661475326));
#11374 = ORIENTED_EDGE('',*,*,#11375,.T.);
#11375 = EDGE_CURVE('',#11358,#11307,#11376,.T.);
#11376 = B_SPLINE_CURVE_WITH_KNOTS('',1,(#11377,#11378),.UNSPECIFIED.,
  .F.,.F.,(2,2),(0.,3.),.PIECEWISE_BEZIER_KNOTS.);
#11377 = CARTESIAN_POINT('',(-3.289527775614,-48.,196.92736293431));
#11378 = CARTESIAN_POINT('',(-3.289527775614,-45.,196.92736293431));
#11379 = ORIENTED_EDGE('',*,*,#11317,.F.);
#11380 = ORIENTED_EDGE('',*,*,#11306,.F.);
#11381 = ORIENTED_EDGE('',*,*,#11375,.F.);
#11382 = CYLINDRICAL_SURFACE('',#11383,1.7);
#11383 = AXIS2_PLACEMENT_3D('',#11384,#11385,#11386);
#11384 = CARTESIAN_POINT('',(-1.949909494482,-48.,195.88073842626));
#11385 = DIRECTION('',(0.,1.,0.));
#11386 = DIRECTION('',(-0.788010753607,0.,0.615661475326));
#11387 = ADVANCED_FACE('',(#11388),#11416,.F.);
#11388 = FACE_BOUND('',#11389,.F.);
#11389 = EDGE_LOOP('',(#11390,#11401,#11408,#11413,#11414,#11415));
#11390 = ORIENTED_EDGE('',*,*,#11391,.T.);
#11391 = EDGE_CURVE('',#11392,#11394,#11396,.T.);
#11392 = VERTEX_POINT('',#11393);
#11393 = CARTESIAN_POINT('',(-17.22035670739,-48.,179.09671501357));
#11394 = VERTEX_POINT('',#11395);
#11395 = CARTESIAN_POINT('',(-14.54112014513,-48.,177.00346599746));
#11396 = CIRCLE('',#11397,1.7);
#11397 = AXIS2_PLACEMENT_3D('',#11398,#11399,#11400);
#11398 = CARTESIAN_POINT('',(-15.88073842626,-48.,178.05009050551));
#11399 = DIRECTION('',(0.,1.,-0.));
#11400 = DIRECTION('',(-0.788010753607,0.,0.615661475326));
#11401 = ORIENTED_EDGE('',*,*,#11402,.T.);
#11402 = EDGE_CURVE('',#11394,#11392,#11403,.T.);
#11403 = CIRCLE('',#11404,1.7);
#11404 = AXIS2_PLACEMENT_3D('',#11405,#11406,#11407);
#11405 = CARTESIAN_POINT('',(-15.88073842626,-48.,178.05009050551));
#11406 = DIRECTION('',(0.,1.,-0.));
#11407 = DIRECTION('',(-0.788010753607,0.,0.615661475326));
#11408 = ORIENTED_EDGE('',*,*,#11409,.T.);
#11409 = EDGE_CURVE('',#11392,#11264,#11410,.T.);
#11410 = B_SPLINE_CURVE_WITH_KNOTS('',1,(#11411,#11412),.UNSPECIFIED.,
  .F.,.F.,(2,2),(0.,3.),.PIECEWISE_BEZIER_KNOTS.);
#11411 = CARTESIAN_POINT('',(-17.22035670739,-48.,179.09671501357));
#11412 = CARTESIAN_POINT('',(-17.22035670739,-45.,179.09671501357));
#11413 = ORIENTED_EDGE('',*,*,#11274,.F.);
#11414 = ORIENTED_EDGE('',*,*,#11263,.F.);
#11415 = ORIENTED_EDGE('',*,*,#11409,.F.);
#11416 = CYLINDRICAL_SURFACE('',#11417,1.7);
#11417 = AXIS2_PLACEMENT_3D('',#11418,#11419,#11420);
#11418 = CARTESIAN_POINT('',(-15.88073842626,-48.,178.05009050551));
#11419 = DIRECTION('',(0.,1.,0.));
#11420 = DIRECTION('',(-0.788010753607,0.,0.615661475326));
#11421 = ADVANCED_FACE('',(#11422),#11450,.F.);
#11422 = FACE_BOUND('',#11423,.F.);
#11423 = EDGE_LOOP('',(#11424,#11435,#11442,#11447,#11448,#11449));
#11424 = ORIENTED_EDGE('',*,*,#11425,.T.);
#11425 = EDGE_CURVE('',#11426,#11428,#11430,.T.);
#11426 = VERTEX_POINT('',#11427);
#11427 = CARTESIAN_POINT('',(0.610291213351,-48.,165.16588608179));
#11428 = VERTEX_POINT('',#11429);
#11429 = CARTESIAN_POINT('',(3.289527775614,-48.,163.07263706568));
#11430 = CIRCLE('',#11431,1.7);
#11431 = AXIS2_PLACEMENT_3D('',#11432,#11433,#11434);
#11432 = CARTESIAN_POINT('',(1.949909494482,-48.,164.11926157373));
#11433 = DIRECTION('',(0.,1.,-0.));
#11434 = DIRECTION('',(-0.788010753607,0.,0.615661475326));
#11435 = ORIENTED_EDGE('',*,*,#11436,.T.);
#11436 = EDGE_CURVE('',#11428,#11426,#11437,.T.);
#11437 = CIRCLE('',#11438,1.7);
#11438 = AXIS2_PLACEMENT_3D('',#11439,#11440,#11441);
#11439 = CARTESIAN_POINT('',(1.949909494482,-48.,164.11926157373));
#11440 = DIRECTION('',(0.,1.,-0.));
#11441 = DIRECTION('',(-0.788010753607,0.,0.615661475326));
#11442 = ORIENTED_EDGE('',*,*,#11443,.T.);
#11443 = EDGE_CURVE('',#11426,#11244,#11444,.T.);
#11444 = B_SPLINE_CURVE_WITH_KNOTS('',1,(#11445,#11446),.UNSPECIFIED.,
  .F.,.F.,(2,2),(0.,3.),.PIECEWISE_BEZIER_KNOTS.);
#11445 = CARTESIAN_POINT('',(0.610291213351,-48.,165.16588608179));
#11446 = CARTESIAN_POINT('',(0.610291213351,-45.,165.16588608179));
#11447 = ORIENTED_EDGE('',*,*,#11254,.F.);
#11448 = ORIENTED_EDGE('',*,*,#11243,.F.);
#11449 = ORIENTED_EDGE('',*,*,#11443,.F.);
#11450 = CYLINDRICAL_SURFACE('',#11451,1.7);
#11451 = AXIS2_PLACEMENT_3D('',#11452,#11453,#11454);
#11452 = CARTESIAN_POINT('',(1.949909494482,-48.,164.11926157373));
#11453 = DIRECTION('',(0.,1.,0.));
#11454 = DIRECTION('',(-0.788010753607,0.,0.615661475326));
#11455 = ADVANCED_FACE('',(#11456),#11484,.F.);
#11456 = FACE_BOUND('',#11457,.F.);
#11457 = EDGE_LOOP('',(#11458,#11469,#11476,#11481,#11482,#11483));
#11458 = ORIENTED_EDGE('',*,*,#11459,.T.);
#11459 = EDGE_CURVE('',#11460,#11462,#11464,.T.);
#11460 = VERTEX_POINT('',#11461);
#11461 = CARTESIAN_POINT('',(14.54112014513,-48.,182.99653400253));
#11462 = VERTEX_POINT('',#11463);
#11463 = CARTESIAN_POINT('',(17.220356707393,-48.,180.90328498642));
#11464 = CIRCLE('',#11465,1.7);
#11465 = AXIS2_PLACEMENT_3D('',#11466,#11467,#11468);
#11466 = CARTESIAN_POINT('',(15.880738426261,-48.,181.94990949448));
#11467 = DIRECTION('',(0.,1.,-0.));
#11468 = DIRECTION('',(-0.788010753607,0.,0.615661475326));
#11469 = ORIENTED_EDGE('',*,*,#11470,.T.);
#11470 = EDGE_CURVE('',#11462,#11460,#11471,.T.);
#11471 = CIRCLE('',#11472,1.7);
#11472 = AXIS2_PLACEMENT_3D('',#11473,#11474,#11475);
#11473 = CARTESIAN_POINT('',(15.880738426261,-48.,181.94990949448));
#11474 = DIRECTION('',(0.,1.,-0.));
#11475 = DIRECTION('',(-0.788010753607,0.,0.615661475326));
#11476 = ORIENTED_EDGE('',*,*,#11477,.T.);
#11477 = EDGE_CURVE('',#11460,#11284,#11478,.T.);
#11478 = B_SPLINE_CURVE_WITH_KNOTS('',1,(#11479,#11480),.UNSPECIFIED.,
  .F.,.F.,(2,2),(0.,3.),.PIECEWISE_BEZIER_KNOTS.);
#11479 = CARTESIAN_POINT('',(14.54112014513,-48.,182.99653400253));
#11480 = CARTESIAN_POINT('',(14.54112014513,-45.,182.99653400253));
#11481 = ORIENTED_EDGE('',*,*,#11294,.F.);
#11482 = ORIENTED_EDGE('',*,*,#11283,.F.);
#11483 = ORIENTED_EDGE('',*,*,#11477,.F.);
#11484 = CYLINDRICAL_SURFACE('',#11485,1.7);
#11485 = AXIS2_PLACEMENT_3D('',#11486,#11487,#11488);
#11486 = CARTESIAN_POINT('',(15.880738426261,-48.,181.94990949448));
#11487 = DIRECTION('',(0.,1.,0.));
#11488 = DIRECTION('',(-0.788010753607,0.,0.615661475326));
#11489 = ADVANCED_FACE('',(#11490,#11493,#11497,#11501,#11505),#11509,
  .F.);
#11490 = FACE_BOUND('',#11491,.T.);
#11491 = EDGE_LOOP('',(#11492));
#11492 = ORIENTED_EDGE('',*,*,#11341,.F.);
#11493 = FACE_BOUND('',#11494,.F.);
#11494 = EDGE_LOOP('',(#11495,#11496));
#11495 = ORIENTED_EDGE('',*,*,#11425,.F.);
#11496 = ORIENTED_EDGE('',*,*,#11436,.F.);
#11497 = FACE_BOUND('',#11498,.F.);
#11498 = EDGE_LOOP('',(#11499,#11500));
#11499 = ORIENTED_EDGE('',*,*,#11402,.F.);
#11500 = ORIENTED_EDGE('',*,*,#11391,.F.);
#11501 = FACE_BOUND('',#11502,.F.);
#11502 = EDGE_LOOP('',(#11503,#11504));
#11503 = ORIENTED_EDGE('',*,*,#11470,.F.);
#11504 = ORIENTED_EDGE('',*,*,#11459,.F.);
#11505 = FACE_BOUND('',#11506,.F.);
#11506 = EDGE_LOOP('',(#11507,#11508));
#11507 = ORIENTED_EDGE('',*,*,#11357,.F.);
#11508 = ORIENTED_EDGE('',*,*,#11368,.F.);
#11509 = PLANE('',#11510);
#11510 = AXIS2_PLACEMENT_3D('',#11511,#11512,#11513);
#11511 = CARTESIAN_POINT('',(0.,-48.,180.));
#11512 = DIRECTION('',(0.,1.,0.));
#11513 = DIRECTION('',(-0.788010753607,0.,0.615661475326));
#11514 = MANIFOLD_SOLID_BREP('',#11515);
#11515 = CLOSED_SHELL('',(#11516,#11549,#11569,#11589,#11614,#11639,
    #11648));
#11516 = ADVANCED_FACE('',(#11517),#11544,.T.);
#11517 = FACE_BOUND('',#11518,.T.);
#11518 = EDGE_LOOP('',(#11519,#11528,#11536,#11543));
#11519 = ORIENTED_EDGE('',*,*,#11520,.F.);
#11520 = EDGE_CURVE('',#11521,#11521,#11523,.T.);
#11521 = VERTEX_POINT('',#11522);
#11522 = CARTESIAN_POINT('',(-31.03418,17.,199.65064));
#11523 = CIRCLE('',#11524,1.4);
#11524 = AXIS2_PLACEMENT_3D('',#11525,#11526,#11527);
#11525 = CARTESIAN_POINT('',(-31.03418,17.,201.05064));
#11526 = DIRECTION('',(0.,-1.,0.));
#11527 = DIRECTION('',(0.,0.,-1.));
#11528 = ORIENTED_EDGE('',*,*,#11529,.F.);
#11529 = EDGE_CURVE('',#11530,#11521,#11532,.T.);
#11530 = VERTEX_POINT('',#11531);
#11531 = CARTESIAN_POINT('',(-31.03418,23.,199.65064));
#11532 = LINE('',#11533,#11534);
#11533 = CARTESIAN_POINT('',(-31.03418,23.,199.65064));
#11534 = VECTOR('',#11535,1.);
#11535 = DIRECTION('',(0.,-1.,0.));
#11536 = ORIENTED_EDGE('',*,*,#11537,.T.);
#11537 = EDGE_CURVE('',#11530,#11530,#11538,.T.);
#11538 = CIRCLE('',#11539,1.4);
#11539 = AXIS2_PLACEMENT_3D('',#11540,#11541,#11542);
#11540 = CARTESIAN_POINT('',(-31.03418,23.,201.05064));
#11541 = DIRECTION('',(0.,-1.,0.));
#11542 = DIRECTION('',(0.,0.,-1.));
#11543 = ORIENTED_EDGE('',*,*,#11529,.T.);
#11544 = CYLINDRICAL_SURFACE('',#11545,1.4);
#11545 = AXIS2_PLACEMENT_3D('',#11546,#11547,#11548);
#11546 = CARTESIAN_POINT('',(-31.03418,23.,201.05064));
#11547 = DIRECTION('',(-0.,-1.,-0.));
#11548 = DIRECTION('',(0.,0.,-1.));
#11549 = ADVANCED_FACE('',(#11550,#11553),#11564,.T.);
#11550 = FACE_BOUND('',#11551,.T.);
#11551 = EDGE_LOOP('',(#11552));
#11552 = ORIENTED_EDGE('',*,*,#11520,.T.);
#11553 = FACE_BOUND('',#11554,.T.);
#11554 = EDGE_LOOP('',(#11555));
#11555 = ORIENTED_EDGE('',*,*,#11556,.F.);
#11556 = EDGE_CURVE('',#11557,#11557,#11559,.T.);
#11557 = VERTEX_POINT('',#11558);
#11558 = CARTESIAN_POINT('',(-31.03418,17.,199.97064));
#11559 = CIRCLE('',#11560,1.08);
#11560 = AXIS2_PLACEMENT_3D('',#11561,#11562,#11563);
#11561 = CARTESIAN_POINT('',(-31.03418,17.,201.05064));
#11562 = DIRECTION('',(0.,-1.,0.));
#11563 = DIRECTION('',(0.,0.,-1.));
#11564 = PLANE('',#11565);
#11565 = AXIS2_PLACEMENT_3D('',#11566,#11567,#11568);
#11566 = CARTESIAN_POINT('',(-31.03418,17.,201.05064));
#11567 = DIRECTION('',(-0.,-1.,-0.));
#11568 = DIRECTION('',(0.,0.,-1.));
#11569 = ADVANCED_FACE('',(#11570,#11581),#11584,.T.);
#11570 = FACE_BOUND('',#11571,.T.);
#11571 = EDGE_LOOP('',(#11572));
#11572 = ORIENTED_EDGE('',*,*,#11573,.T.);
#11573 = EDGE_CURVE('',#11574,#11574,#11576,.T.);
#11574 = VERTEX_POINT('',#11575);
#11575 = CARTESIAN_POINT('',(-31.03418,23.,198.30064));
#11576 = CIRCLE('',#11577,2.75);
#11577 = AXIS2_PLACEMENT_3D('',#11578,#11579,#11580);
#11578 = CARTESIAN_POINT('',(-31.03418,23.,201.05064));
#11579 = DIRECTION('',(0.,-1.,0.));
#11580 = DIRECTION('',(0.,0.,-1.));
#11581 = FACE_BOUND('',#11582,.T.);
#11582 = EDGE_LOOP('',(#11583));
#11583 = ORIENTED_EDGE('',*,*,#11537,.F.);
#11584 = PLANE('',#11585);
#11585 = AXIS2_PLACEMENT_3D('',#11586,#11587,#11588);
#11586 = CARTESIAN_POINT('',(-31.03418,23.,201.05064));
#11587 = DIRECTION('',(-0.,-1.,-0.));
#11588 = DIRECTION('',(0.,0.,-1.));
#11589 = ADVANCED_FACE('',(#11590),#11609,.T.);
#11590 = FACE_BOUND('',#11591,.T.);
#11591 = EDGE_LOOP('',(#11592,#11601,#11607,#11608));
#11592 = ORIENTED_EDGE('',*,*,#11593,.F.);
#11593 = EDGE_CURVE('',#11594,#11594,#11596,.T.);
#11594 = VERTEX_POINT('',#11595);
#11595 = CARTESIAN_POINT('',(-31.03418,16.,199.97064));
#11596 = CIRCLE('',#11597,1.08);
#11597 = AXIS2_PLACEMENT_3D('',#11598,#11599,#11600);
#11598 = CARTESIAN_POINT('',(-31.03418,16.,201.05064));
#11599 = DIRECTION('',(0.,-1.,0.));
#11600 = DIRECTION('',(0.,0.,-1.));
#11601 = ORIENTED_EDGE('',*,*,#11602,.F.);
#11602 = EDGE_CURVE('',#11557,#11594,#11603,.T.);
#11603 = LINE('',#11604,#11605);
#11604 = CARTESIAN_POINT('',(-31.03418,17.,199.97064));
#11605 = VECTOR('',#11606,1.);
#11606 = DIRECTION('',(0.,-1.,0.));
#11607 = ORIENTED_EDGE('',*,*,#11556,.T.);
#11608 = ORIENTED_EDGE('',*,*,#11602,.T.);
#11609 = CYLINDRICAL_SURFACE('',#11610,1.08);
#11610 = AXIS2_PLACEMENT_3D('',#11611,#11612,#11613);
#11611 = CARTESIAN_POINT('',(-31.03418,17.,201.05064));
#11612 = DIRECTION('',(-0.,-1.,-0.));
#11613 = DIRECTION('',(0.,0.,-1.));
#11614 = ADVANCED_FACE('',(#11615),#11634,.T.);
#11615 = FACE_BOUND('',#11616,.T.);
#11616 = EDGE_LOOP('',(#11617,#11618,#11626,#11633));
#11617 = ORIENTED_EDGE('',*,*,#11573,.F.);
#11618 = ORIENTED_EDGE('',*,*,#11619,.F.);
#11619 = EDGE_CURVE('',#11620,#11574,#11622,.T.);
#11620 = VERTEX_POINT('',#11621);
#11621 = CARTESIAN_POINT('',(-31.03418,26.,198.30064));
#11622 = LINE('',#11623,#11624);
#11623 = CARTESIAN_POINT('',(-31.03418,26.,198.30064));
#11624 = VECTOR('',#11625,1.);
#11625 = DIRECTION('',(0.,-1.,0.));
#11626 = ORIENTED_EDGE('',*,*,#11627,.T.);
#11627 = EDGE_CURVE('',#11620,#11620,#11628,.T.);
#11628 = CIRCLE('',#11629,2.75);
#11629 = AXIS2_PLACEMENT_3D('',#11630,#11631,#11632);
#11630 = CARTESIAN_POINT('',(-31.03418,26.,201.05064));
#11631 = DIRECTION('',(0.,-1.,0.));
#11632 = DIRECTION('',(0.,0.,-1.));
#11633 = ORIENTED_EDGE('',*,*,#11619,.T.);
#11634 = CYLINDRICAL_SURFACE('',#11635,2.75);
#11635 = AXIS2_PLACEMENT_3D('',#11636,#11637,#11638);
#11636 = CARTESIAN_POINT('',(-31.03418,26.,201.05064));
#11637 = DIRECTION('',(-0.,-1.,-0.));
#11638 = DIRECTION('',(0.,0.,-1.));
#11639 = ADVANCED_FACE('',(#11640),#11643,.T.);
#11640 = FACE_BOUND('',#11641,.T.);
#11641 = EDGE_LOOP('',(#11642));
#11642 = ORIENTED_EDGE('',*,*,#11593,.T.);
#11643 = PLANE('',#11644);
#11644 = AXIS2_PLACEMENT_3D('',#11645,#11646,#11647);
#11645 = CARTESIAN_POINT('',(-31.03418,16.,201.05064));
#11646 = DIRECTION('',(-0.,-1.,-0.));
#11647 = DIRECTION('',(0.,0.,-1.));
#11648 = ADVANCED_FACE('',(#11649),#11652,.F.);
#11649 = FACE_BOUND('',#11650,.T.);
#11650 = EDGE_LOOP('',(#11651));
#11651 = ORIENTED_EDGE('',*,*,#11627,.F.);
#11652 = PLANE('',#11653);
#11653 = AXIS2_PLACEMENT_3D('',#11654,#11655,#11656);
#11654 = CARTESIAN_POINT('',(-31.03418,26.,201.05064));
#11655 = DIRECTION('',(-0.,-1.,-0.));
#11656 = DIRECTION('',(0.,0.,-1.));
#11657 = MANIFOLD_SOLID_BREP('',#11658);
#11658 = CLOSED_SHELL('',(#11659,#11692,#11712,#11732,#11757,#11782,
    #11791));
#11659 = ADVANCED_FACE('',(#11660),#11687,.T.);
#11660 = FACE_BOUND('',#11661,.T.);
#11661 = EDGE_LOOP('',(#11662,#11671,#11679,#11686));
#11662 = ORIENTED_EDGE('',*,*,#11663,.F.);
#11663 = EDGE_CURVE('',#11664,#11664,#11666,.T.);
#11664 = VERTEX_POINT('',#11665);
#11665 = CARTESIAN_POINT('',(-37.30465,17.,174.77734));
#11666 = CIRCLE('',#11667,1.4);
#11667 = AXIS2_PLACEMENT_3D('',#11668,#11669,#11670);
#11668 = CARTESIAN_POINT('',(-37.30465,17.,176.17734));
#11669 = DIRECTION('',(0.,-1.,0.));
#11670 = DIRECTION('',(0.,0.,-1.));
#11671 = ORIENTED_EDGE('',*,*,#11672,.F.);
#11672 = EDGE_CURVE('',#11673,#11664,#11675,.T.);
#11673 = VERTEX_POINT('',#11674);
#11674 = CARTESIAN_POINT('',(-37.30465,23.,174.77734));
#11675 = LINE('',#11676,#11677);
#11676 = CARTESIAN_POINT('',(-37.30465,23.,174.77734));
#11677 = VECTOR('',#11678,1.);
#11678 = DIRECTION('',(0.,-1.,0.));
#11679 = ORIENTED_EDGE('',*,*,#11680,.T.);
#11680 = EDGE_CURVE('',#11673,#11673,#11681,.T.);
#11681 = CIRCLE('',#11682,1.4);
#11682 = AXIS2_PLACEMENT_3D('',#11683,#11684,#11685);
#11683 = CARTESIAN_POINT('',(-37.30465,23.,176.17734));
#11684 = DIRECTION('',(0.,-1.,0.));
#11685 = DIRECTION('',(0.,0.,-1.));
#11686 = ORIENTED_EDGE('',*,*,#11672,.T.);
#11687 = CYLINDRICAL_SURFACE('',#11688,1.4);
#11688 = AXIS2_PLACEMENT_3D('',#11689,#11690,#11691);
#11689 = CARTESIAN_POINT('',(-37.30465,23.,176.17734));
#11690 = DIRECTION('',(-0.,-1.,-0.));
#11691 = DIRECTION('',(0.,0.,-1.));
#11692 = ADVANCED_FACE('',(#11693,#11696),#11707,.T.);
#11693 = FACE_BOUND('',#11694,.T.);
#11694 = EDGE_LOOP('',(#11695));
#11695 = ORIENTED_EDGE('',*,*,#11663,.T.);
#11696 = FACE_BOUND('',#11697,.T.);
#11697 = EDGE_LOOP('',(#11698));
#11698 = ORIENTED_EDGE('',*,*,#11699,.F.);
#11699 = EDGE_CURVE('',#11700,#11700,#11702,.T.);
#11700 = VERTEX_POINT('',#11701);
#11701 = CARTESIAN_POINT('',(-37.30465,17.,175.09734));
#11702 = CIRCLE('',#11703,1.08);
#11703 = AXIS2_PLACEMENT_3D('',#11704,#11705,#11706);
#11704 = CARTESIAN_POINT('',(-37.30465,17.,176.17734));
#11705 = DIRECTION('',(0.,-1.,0.));
#11706 = DIRECTION('',(0.,0.,-1.));
#11707 = PLANE('',#11708);
#11708 = AXIS2_PLACEMENT_3D('',#11709,#11710,#11711);
#11709 = CARTESIAN_POINT('',(-37.30465,17.,176.17734));
#11710 = DIRECTION('',(-0.,-1.,-0.));
#11711 = DIRECTION('',(0.,0.,-1.));
#11712 = ADVANCED_FACE('',(#11713,#11724),#11727,.T.);
#11713 = FACE_BOUND('',#11714,.T.);
#11714 = EDGE_LOOP('',(#11715));
#11715 = ORIENTED_EDGE('',*,*,#11716,.T.);
#11716 = EDGE_CURVE('',#11717,#11717,#11719,.T.);
#11717 = VERTEX_POINT('',#11718);
#11718 = CARTESIAN_POINT('',(-37.30465,23.,173.42734));
#11719 = CIRCLE('',#11720,2.75);
#11720 = AXIS2_PLACEMENT_3D('',#11721,#11722,#11723);
#11721 = CARTESIAN_POINT('',(-37.30465,23.,176.17734));
#11722 = DIRECTION('',(0.,-1.,0.));
#11723 = DIRECTION('',(0.,0.,-1.));
#11724 = FACE_BOUND('',#11725,.T.);
#11725 = EDGE_LOOP('',(#11726));
#11726 = ORIENTED_EDGE('',*,*,#11680,.F.);
#11727 = PLANE('',#11728);
#11728 = AXIS2_PLACEMENT_3D('',#11729,#11730,#11731);
#11729 = CARTESIAN_POINT('',(-37.30465,23.,176.17734));
#11730 = DIRECTION('',(-0.,-1.,-0.));
#11731 = DIRECTION('',(0.,0.,-1.));
#11732 = ADVANCED_FACE('',(#11733),#11752,.T.);
#11733 = FACE_BOUND('',#11734,.T.);
#11734 = EDGE_LOOP('',(#11735,#11744,#11750,#11751));
#11735 = ORIENTED_EDGE('',*,*,#11736,.F.);
#11736 = EDGE_CURVE('',#11737,#11737,#11739,.T.);
#11737 = VERTEX_POINT('',#11738);
#11738 = CARTESIAN_POINT('',(-37.30465,16.,175.09734));
#11739 = CIRCLE('',#11740,1.08);
#11740 = AXIS2_PLACEMENT_3D('',#11741,#11742,#11743);
#11741 = CARTESIAN_POINT('',(-37.30465,16.,176.17734));
#11742 = DIRECTION('',(0.,-1.,0.));
#11743 = DIRECTION('',(0.,0.,-1.));
#11744 = ORIENTED_EDGE('',*,*,#11745,.F.);
#11745 = EDGE_CURVE('',#11700,#11737,#11746,.T.);
#11746 = LINE('',#11747,#11748);
#11747 = CARTESIAN_POINT('',(-37.30465,17.,175.09734));
#11748 = VECTOR('',#11749,1.);
#11749 = DIRECTION('',(0.,-1.,0.));
#11750 = ORIENTED_EDGE('',*,*,#11699,.T.);
#11751 = ORIENTED_EDGE('',*,*,#11745,.T.);
#11752 = CYLINDRICAL_SURFACE('',#11753,1.08);
#11753 = AXIS2_PLACEMENT_3D('',#11754,#11755,#11756);
#11754 = CARTESIAN_POINT('',(-37.30465,17.,176.17734));
#11755 = DIRECTION('',(-0.,-1.,-0.));
#11756 = DIRECTION('',(0.,0.,-1.));
#11757 = ADVANCED_FACE('',(#11758),#11777,.T.);
#11758 = FACE_BOUND('',#11759,.T.);
#11759 = EDGE_LOOP('',(#11760,#11761,#11769,#11776));
#11760 = ORIENTED_EDGE('',*,*,#11716,.F.);
#11761 = ORIENTED_EDGE('',*,*,#11762,.F.);
#11762 = EDGE_CURVE('',#11763,#11717,#11765,.T.);
#11763 = VERTEX_POINT('',#11764);
#11764 = CARTESIAN_POINT('',(-37.30465,26.,173.42734));
#11765 = LINE('',#11766,#11767);
#11766 = CARTESIAN_POINT('',(-37.30465,26.,173.42734));
#11767 = VECTOR('',#11768,1.);
#11768 = DIRECTION('',(0.,-1.,0.));
#11769 = ORIENTED_EDGE('',*,*,#11770,.T.);
#11770 = EDGE_CURVE('',#11763,#11763,#11771,.T.);
#11771 = CIRCLE('',#11772,2.75);
#11772 = AXIS2_PLACEMENT_3D('',#11773,#11774,#11775);
#11773 = CARTESIAN_POINT('',(-37.30465,26.,176.17734));
#11774 = DIRECTION('',(0.,-1.,0.));
#11775 = DIRECTION('',(0.,0.,-1.));
#11776 = ORIENTED_EDGE('',*,*,#11762,.T.);
#11777 = CYLINDRICAL_SURFACE('',#11778,2.75);
#11778 = AXIS2_PLACEMENT_3D('',#11779,#11780,#11781);
#11779 = CARTESIAN_POINT('',(-37.30465,26.,176.17734));
#11780 = DIRECTION('',(-0.,-1.,-0.));
#11781 = DIRECTION('',(0.,0.,-1.));
#11782 = ADVANCED_FACE('',(#11783),#11786,.T.);
#11783 = FACE_BOUND('',#11784,.T.);
#11784 = EDGE_LOOP('',(#11785));
#11785 = ORIENTED_EDGE('',*,*,#11736,.T.);
#11786 = PLANE('',#11787);
#11787 = AXIS2_PLACEMENT_3D('',#11788,#11789,#11790);
#11788 = CARTESIAN_POINT('',(-37.30465,16.,176.17734));
#11789 = DIRECTION('',(-0.,-1.,-0.));
#11790 = DIRECTION('',(0.,0.,-1.));
#11791 = ADVANCED_FACE('',(#11792),#11795,.F.);
#11792 = FACE_BOUND('',#11793,.T.);
#11793 = EDGE_LOOP('',(#11794));
#11794 = ORIENTED_EDGE('',*,*,#11770,.F.);
#11795 = PLANE('',#11796);
#11796 = AXIS2_PLACEMENT_3D('',#11797,#11798,#11799);
#11797 = CARTESIAN_POINT('',(-37.30465,26.,176.17734));
#11798 = DIRECTION('',(-0.,-1.,-0.));
#11799 = DIRECTION('',(0.,0.,-1.));
#11800 = MANIFOLD_SOLID_BREP('',#11801);
#11801 = CLOSED_SHELL('',(#11802,#11835,#11855,#11875,#11900,#11925,
    #11934));
#11802 = ADVANCED_FACE('',(#11803),#11830,.T.);
#11803 = FACE_BOUND('',#11804,.T.);
#11804 = EDGE_LOOP('',(#11805,#11814,#11822,#11829));
#11805 = ORIENTED_EDGE('',*,*,#11806,.F.);
#11806 = EDGE_CURVE('',#11807,#11807,#11809,.T.);
#11807 = VERTEX_POINT('',#11808);
#11808 = CARTESIAN_POINT('',(-26.11987,17.,151.6927));
#11809 = CIRCLE('',#11810,1.4);
#11810 = AXIS2_PLACEMENT_3D('',#11811,#11812,#11813);
#11811 = CARTESIAN_POINT('',(-26.11987,17.,153.0927));
#11812 = DIRECTION('',(0.,-1.,0.));
#11813 = DIRECTION('',(0.,0.,-1.));
#11814 = ORIENTED_EDGE('',*,*,#11815,.F.);
#11815 = EDGE_CURVE('',#11816,#11807,#11818,.T.);
#11816 = VERTEX_POINT('',#11817);
#11817 = CARTESIAN_POINT('',(-26.11987,23.,151.6927));
#11818 = LINE('',#11819,#11820);
#11819 = CARTESIAN_POINT('',(-26.11987,23.,151.6927));
#11820 = VECTOR('',#11821,1.);
#11821 = DIRECTION('',(0.,-1.,0.));
#11822 = ORIENTED_EDGE('',*,*,#11823,.T.);
#11823 = EDGE_CURVE('',#11816,#11816,#11824,.T.);
#11824 = CIRCLE('',#11825,1.4);
#11825 = AXIS2_PLACEMENT_3D('',#11826,#11827,#11828);
#11826 = CARTESIAN_POINT('',(-26.11987,23.,153.0927));
#11827 = DIRECTION('',(0.,-1.,0.));
#11828 = DIRECTION('',(0.,0.,-1.));
#11829 = ORIENTED_EDGE('',*,*,#11815,.T.);
#11830 = CYLINDRICAL_SURFACE('',#11831,1.4);
#11831 = AXIS2_PLACEMENT_3D('',#11832,#11833,#11834);
#11832 = CARTESIAN_POINT('',(-26.11987,23.,153.0927));
#11833 = DIRECTION('',(-0.,-1.,-0.));
#11834 = DIRECTION('',(0.,0.,-1.));
#11835 = ADVANCED_FACE('',(#11836,#11839),#11850,.T.);
#11836 = FACE_BOUND('',#11837,.T.);
#11837 = EDGE_LOOP('',(#11838));
#11838 = ORIENTED_EDGE('',*,*,#11806,.T.);
#11839 = FACE_BOUND('',#11840,.T.);
#11840 = EDGE_LOOP('',(#11841));
#11841 = ORIENTED_EDGE('',*,*,#11842,.F.);
#11842 = EDGE_CURVE('',#11843,#11843,#11845,.T.);
#11843 = VERTEX_POINT('',#11844);
#11844 = CARTESIAN_POINT('',(-26.11987,17.,152.0127));
#11845 = CIRCLE('',#11846,1.08);
#11846 = AXIS2_PLACEMENT_3D('',#11847,#11848,#11849);
#11847 = CARTESIAN_POINT('',(-26.11987,17.,153.0927));
#11848 = DIRECTION('',(0.,-1.,0.));
#11849 = DIRECTION('',(0.,0.,-1.));
#11850 = PLANE('',#11851);
#11851 = AXIS2_PLACEMENT_3D('',#11852,#11853,#11854);
#11852 = CARTESIAN_POINT('',(-26.11987,17.,153.0927));
#11853 = DIRECTION('',(-0.,-1.,-0.));
#11854 = DIRECTION('',(0.,0.,-1.));
#11855 = ADVANCED_FACE('',(#11856,#11867),#11870,.T.);
#11856 = FACE_BOUND('',#11857,.T.);
#11857 = EDGE_LOOP('',(#11858));
#11858 = ORIENTED_EDGE('',*,*,#11859,.T.);
#11859 = EDGE_CURVE('',#11860,#11860,#11862,.T.);
#11860 = VERTEX_POINT('',#11861);
#11861 = CARTESIAN_POINT('',(-26.11987,23.,150.3427));
#11862 = CIRCLE('',#11863,2.75);
#11863 = AXIS2_PLACEMENT_3D('',#11864,#11865,#11866);
#11864 = CARTESIAN_POINT('',(-26.11987,23.,153.0927));
#11865 = DIRECTION('',(0.,-1.,0.));
#11866 = DIRECTION('',(0.,0.,-1.));
#11867 = FACE_BOUND('',#11868,.T.);
#11868 = EDGE_LOOP('',(#11869));
#11869 = ORIENTED_EDGE('',*,*,#11823,.F.);
#11870 = PLANE('',#11871);
#11871 = AXIS2_PLACEMENT_3D('',#11872,#11873,#11874);
#11872 = CARTESIAN_POINT('',(-26.11987,23.,153.0927));
#11873 = DIRECTION('',(-0.,-1.,-0.));
#11874 = DIRECTION('',(0.,0.,-1.));
#11875 = ADVANCED_FACE('',(#11876),#11895,.T.);
#11876 = FACE_BOUND('',#11877,.T.);
#11877 = EDGE_LOOP('',(#11878,#11887,#11893,#11894));
#11878 = ORIENTED_EDGE('',*,*,#11879,.F.);
#11879 = EDGE_CURVE('',#11880,#11880,#11882,.T.);
#11880 = VERTEX_POINT('',#11881);
#11881 = CARTESIAN_POINT('',(-26.11987,16.,152.0127));
#11882 = CIRCLE('',#11883,1.08);
#11883 = AXIS2_PLACEMENT_3D('',#11884,#11885,#11886);
#11884 = CARTESIAN_POINT('',(-26.11987,16.,153.0927));
#11885 = DIRECTION('',(0.,-1.,0.));
#11886 = DIRECTION('',(0.,0.,-1.));
#11887 = ORIENTED_EDGE('',*,*,#11888,.F.);
#11888 = EDGE_CURVE('',#11843,#11880,#11889,.T.);
#11889 = LINE('',#11890,#11891);
#11890 = CARTESIAN_POINT('',(-26.11987,17.,152.0127));
#11891 = VECTOR('',#11892,1.);
#11892 = DIRECTION('',(0.,-1.,0.));
#11893 = ORIENTED_EDGE('',*,*,#11842,.T.);
#11894 = ORIENTED_EDGE('',*,*,#11888,.T.);
#11895 = CYLINDRICAL_SURFACE('',#11896,1.08);
#11896 = AXIS2_PLACEMENT_3D('',#11897,#11898,#11899);
#11897 = CARTESIAN_POINT('',(-26.11987,17.,153.0927));
#11898 = DIRECTION('',(-0.,-1.,-0.));
#11899 = DIRECTION('',(0.,0.,-1.));
#11900 = ADVANCED_FACE('',(#11901),#11920,.T.);
#11901 = FACE_BOUND('',#11902,.T.);
#11902 = EDGE_LOOP('',(#11903,#11904,#11912,#11919));
#11903 = ORIENTED_EDGE('',*,*,#11859,.F.);
#11904 = ORIENTED_EDGE('',*,*,#11905,.F.);
#11905 = EDGE_CURVE('',#11906,#11860,#11908,.T.);
#11906 = VERTEX_POINT('',#11907);
#11907 = CARTESIAN_POINT('',(-26.11987,26.,150.3427));
#11908 = LINE('',#11909,#11910);
#11909 = CARTESIAN_POINT('',(-26.11987,26.,150.3427));
#11910 = VECTOR('',#11911,1.);
#11911 = DIRECTION('',(0.,-1.,0.));
#11912 = ORIENTED_EDGE('',*,*,#11913,.T.);
#11913 = EDGE_CURVE('',#11906,#11906,#11914,.T.);
#11914 = CIRCLE('',#11915,2.75);
#11915 = AXIS2_PLACEMENT_3D('',#11916,#11917,#11918);
#11916 = CARTESIAN_POINT('',(-26.11987,26.,153.0927));
#11917 = DIRECTION('',(0.,-1.,0.));
#11918 = DIRECTION('',(0.,0.,-1.));
#11919 = ORIENTED_EDGE('',*,*,#11905,.T.);
#11920 = CYLINDRICAL_SURFACE('',#11921,2.75);
#11921 = AXIS2_PLACEMENT_3D('',#11922,#11923,#11924);
#11922 = CARTESIAN_POINT('',(-26.11987,26.,153.0927));
#11923 = DIRECTION('',(-0.,-1.,-0.));
#11924 = DIRECTION('',(0.,0.,-1.));
#11925 = ADVANCED_FACE('',(#11926),#11929,.T.);
#11926 = FACE_BOUND('',#11927,.T.);
#11927 = EDGE_LOOP('',(#11928));
#11928 = ORIENTED_EDGE('',*,*,#11879,.T.);
#11929 = PLANE('',#11930);
#11930 = AXIS2_PLACEMENT_3D('',#11931,#11932,#11933);
#11931 = CARTESIAN_POINT('',(-26.11987,16.,153.0927));
#11932 = DIRECTION('',(-0.,-1.,-0.));
#11933 = DIRECTION('',(0.,0.,-1.));
#11934 = ADVANCED_FACE('',(#11935),#11938,.F.);
#11935 = FACE_BOUND('',#11936,.T.);
#11936 = EDGE_LOOP('',(#11937));
#11937 = ORIENTED_EDGE('',*,*,#11913,.F.);
#11938 = PLANE('',#11939);
#11939 = AXIS2_PLACEMENT_3D('',#11940,#11941,#11942);
#11940 = CARTESIAN_POINT('',(-26.11987,26.,153.0927));
#11941 = DIRECTION('',(-0.,-1.,-0.));
#11942 = DIRECTION('',(0.,0.,-1.));
#11943 = MANIFOLD_SOLID_BREP('',#11944);
#11944 = CLOSED_SHELL('',(#11945,#11978,#11998,#12018,#12043,#12068,
    #12077));
#11945 = ADVANCED_FACE('',(#11946),#11973,.T.);
#11946 = FACE_BOUND('',#11947,.T.);
#11947 = EDGE_LOOP('',(#11948,#11957,#11965,#11972));
#11948 = ORIENTED_EDGE('',*,*,#11949,.F.);
#11949 = EDGE_CURVE('',#11950,#11950,#11952,.T.);
#11950 = VERTEX_POINT('',#11951);
#11951 = CARTESIAN_POINT('',(-2.7133,17.,141.19829));
#11952 = CIRCLE('',#11953,1.4);
#11953 = AXIS2_PLACEMENT_3D('',#11954,#11955,#11956);
#11954 = CARTESIAN_POINT('',(-2.7133,17.,142.59829));
#11955 = DIRECTION('',(0.,-1.,0.));
#11956 = DIRECTION('',(0.,0.,-1.));
#11957 = ORIENTED_EDGE('',*,*,#11958,.F.);
#11958 = EDGE_CURVE('',#11959,#11950,#11961,.T.);
#11959 = VERTEX_POINT('',#11960);
#11960 = CARTESIAN_POINT('',(-2.7133,23.,141.19829));
#11961 = LINE('',#11962,#11963);
#11962 = CARTESIAN_POINT('',(-2.7133,23.,141.19829));
#11963 = VECTOR('',#11964,1.);
#11964 = DIRECTION('',(0.,-1.,0.));
#11965 = ORIENTED_EDGE('',*,*,#11966,.T.);
#11966 = EDGE_CURVE('',#11959,#11959,#11967,.T.);
#11967 = CIRCLE('',#11968,1.4);
#11968 = AXIS2_PLACEMENT_3D('',#11969,#11970,#11971);
#11969 = CARTESIAN_POINT('',(-2.7133,23.,142.59829));
#11970 = DIRECTION('',(0.,-1.,0.));
#11971 = DIRECTION('',(0.,0.,-1.));
#11972 = ORIENTED_EDGE('',*,*,#11958,.T.);
#11973 = CYLINDRICAL_SURFACE('',#11974,1.4);
#11974 = AXIS2_PLACEMENT_3D('',#11975,#11976,#11977);
#11975 = CARTESIAN_POINT('',(-2.7133,23.,142.59829));
#11976 = DIRECTION('',(-0.,-1.,-0.));
#11977 = DIRECTION('',(0.,0.,-1.));
#11978 = ADVANCED_FACE('',(#11979,#11982),#11993,.T.);
#11979 = FACE_BOUND('',#11980,.T.);
#11980 = EDGE_LOOP('',(#11981));
#11981 = ORIENTED_EDGE('',*,*,#11949,.T.);
#11982 = FACE_BOUND('',#11983,.T.);
#11983 = EDGE_LOOP('',(#11984));
#11984 = ORIENTED_EDGE('',*,*,#11985,.F.);
#11985 = EDGE_CURVE('',#11986,#11986,#11988,.T.);
#11986 = VERTEX_POINT('',#11987);
#11987 = CARTESIAN_POINT('',(-2.7133,17.,141.51829));
#11988 = CIRCLE('',#11989,1.08);
#11989 = AXIS2_PLACEMENT_3D('',#11990,#11991,#11992);
#11990 = CARTESIAN_POINT('',(-2.7133,17.,142.59829));
#11991 = DIRECTION('',(0.,-1.,0.));
#11992 = DIRECTION('',(0.,0.,-1.));
#11993 = PLANE('',#11994);
#11994 = AXIS2_PLACEMENT_3D('',#11995,#11996,#11997);
#11995 = CARTESIAN_POINT('',(-2.7133,17.,142.59829));
#11996 = DIRECTION('',(-0.,-1.,-0.));
#11997 = DIRECTION('',(0.,0.,-1.));
#11998 = ADVANCED_FACE('',(#11999,#12010),#12013,.T.);
#11999 = FACE_BOUND('',#12000,.T.);
#12000 = EDGE_LOOP('',(#12001));
#12001 = ORIENTED_EDGE('',*,*,#12002,.T.);
#12002 = EDGE_CURVE('',#12003,#12003,#12005,.T.);
#12003 = VERTEX_POINT('',#12004);
#12004 = CARTESIAN_POINT('',(-2.7133,23.,139.84829));
#12005 = CIRCLE('',#12006,2.75);
#12006 = AXIS2_PLACEMENT_3D('',#12007,#12008,#12009);
#12007 = CARTESIAN_POINT('',(-2.7133,23.,142.59829));
#12008 = DIRECTION('',(0.,-1.,0.));
#12009 = DIRECTION('',(0.,0.,-1.));
#12010 = FACE_BOUND('',#12011,.T.);
#12011 = EDGE_LOOP('',(#12012));
#12012 = ORIENTED_EDGE('',*,*,#11966,.F.);
#12013 = PLANE('',#12014);
#12014 = AXIS2_PLACEMENT_3D('',#12015,#12016,#12017);
#12015 = CARTESIAN_POINT('',(-2.7133,23.,142.59829));
#12016 = DIRECTION('',(-0.,-1.,-0.));
#12017 = DIRECTION('',(0.,0.,-1.));
#12018 = ADVANCED_FACE('',(#12019),#12038,.T.);
#12019 = FACE_BOUND('',#12020,.T.);
#12020 = EDGE_LOOP('',(#12021,#12030,#12036,#12037));
#12021 = ORIENTED_EDGE('',*,*,#12022,.F.);
#12022 = EDGE_CURVE('',#12023,#12023,#12025,.T.);
#12023 = VERTEX_POINT('',#12024);
#12024 = CARTESIAN_POINT('',(-2.7133,16.,141.51829));
#12025 = CIRCLE('',#12026,1.08);
#12026 = AXIS2_PLACEMENT_3D('',#12027,#12028,#12029);
#12027 = CARTESIAN_POINT('',(-2.7133,16.,142.59829));
#12028 = DIRECTION('',(0.,-1.,0.));
#12029 = DIRECTION('',(0.,0.,-1.));
#12030 = ORIENTED_EDGE('',*,*,#12031,.F.);
#12031 = EDGE_CURVE('',#11986,#12023,#12032,.T.);
#12032 = LINE('',#12033,#12034);
#12033 = CARTESIAN_POINT('',(-2.7133,17.,141.51829));
#12034 = VECTOR('',#12035,1.);
#12035 = DIRECTION('',(0.,-1.,0.));
#12036 = ORIENTED_EDGE('',*,*,#11985,.T.);
#12037 = ORIENTED_EDGE('',*,*,#12031,.T.);
#12038 = CYLINDRICAL_SURFACE('',#12039,1.08);
#12039 = AXIS2_PLACEMENT_3D('',#12040,#12041,#12042);
#12040 = CARTESIAN_POINT('',(-2.7133,17.,142.59829));
#12041 = DIRECTION('',(-0.,-1.,-0.));
#12042 = DIRECTION('',(0.,0.,-1.));
#12043 = ADVANCED_FACE('',(#12044),#12063,.T.);
#12044 = FACE_BOUND('',#12045,.T.);
#12045 = EDGE_LOOP('',(#12046,#12047,#12055,#12062));
#12046 = ORIENTED_EDGE('',*,*,#12002,.F.);
#12047 = ORIENTED_EDGE('',*,*,#12048,.F.);
#12048 = EDGE_CURVE('',#12049,#12003,#12051,.T.);
#12049 = VERTEX_POINT('',#12050);
#12050 = CARTESIAN_POINT('',(-2.7133,26.,139.84829));
#12051 = LINE('',#12052,#12053);
#12052 = CARTESIAN_POINT('',(-2.7133,26.,139.84829));
#12053 = VECTOR('',#12054,1.);
#12054 = DIRECTION('',(0.,-1.,0.));
#12055 = ORIENTED_EDGE('',*,*,#12056,.T.);
#12056 = EDGE_CURVE('',#12049,#12049,#12057,.T.);
#12057 = CIRCLE('',#12058,2.75);
#12058 = AXIS2_PLACEMENT_3D('',#12059,#12060,#12061);
#12059 = CARTESIAN_POINT('',(-2.7133,26.,142.59829));
#12060 = DIRECTION('',(0.,-1.,0.));
#12061 = DIRECTION('',(0.,0.,-1.));
#12062 = ORIENTED_EDGE('',*,*,#12048,.T.);
#12063 = CYLINDRICAL_SURFACE('',#12064,2.75);
#12064 = AXIS2_PLACEMENT_3D('',#12065,#12066,#12067);
#12065 = CARTESIAN_POINT('',(-2.7133,26.,142.59829));
#12066 = DIRECTION('',(-0.,-1.,-0.));
#12067 = DIRECTION('',(0.,0.,-1.));
#12068 = ADVANCED_FACE('',(#12069),#12072,.T.);
#12069 = FACE_BOUND('',#12070,.T.);
#12070 = EDGE_LOOP('',(#12071));
#12071 = ORIENTED_EDGE('',*,*,#12022,.T.);
#12072 = PLANE('',#12073);
#12073 = AXIS2_PLACEMENT_3D('',#12074,#12075,#12076);
#12074 = CARTESIAN_POINT('',(-2.7133,16.,142.59829));
#12075 = DIRECTION('',(-0.,-1.,-0.));
#12076 = DIRECTION('',(0.,0.,-1.));
#12077 = ADVANCED_FACE('',(#12078),#12081,.F.);
#12078 = FACE_BOUND('',#12079,.T.);
#12079 = EDGE_LOOP('',(#12080));
#12080 = ORIENTED_EDGE('',*,*,#12056,.F.);
#12081 = PLANE('',#12082);
#12082 = AXIS2_PLACEMENT_3D('',#12083,#12084,#12085);
#12083 = CARTESIAN_POINT('',(-2.7133,26.,142.59829));
#12084 = DIRECTION('',(-0.,-1.,-0.));
#12085 = DIRECTION('',(0.,0.,-1.));
#12086 = MANIFOLD_SOLID_BREP('',#12087);
#12087 = CLOSED_SHELL('',(#12088,#12121,#12141,#12161,#12186,#12211,
    #12220));
#12088 = ADVANCED_FACE('',(#12089),#12116,.T.);
#12089 = FACE_BOUND('',#12090,.T.);
#12090 = EDGE_LOOP('',(#12091,#12100,#12108,#12115));
#12091 = ORIENTED_EDGE('',*,*,#12092,.F.);
#12092 = EDGE_CURVE('',#12093,#12093,#12095,.T.);
#12093 = VERTEX_POINT('',#12094);
#12094 = CARTESIAN_POINT('',(21.96285,17.,148.20455));
#12095 = CIRCLE('',#12096,1.4);
#12096 = AXIS2_PLACEMENT_3D('',#12097,#12098,#12099);
#12097 = CARTESIAN_POINT('',(21.96285,17.,149.60455));
#12098 = DIRECTION('',(0.,-1.,0.));
#12099 = DIRECTION('',(0.,0.,-1.));
#12100 = ORIENTED_EDGE('',*,*,#12101,.F.);
#12101 = EDGE_CURVE('',#12102,#12093,#12104,.T.);
#12102 = VERTEX_POINT('',#12103);
#12103 = CARTESIAN_POINT('',(21.96285,23.,148.20455));
#12104 = LINE('',#12105,#12106);
#12105 = CARTESIAN_POINT('',(21.96285,23.,148.20455));
#12106 = VECTOR('',#12107,1.);
#12107 = DIRECTION('',(0.,-1.,0.));
#12108 = ORIENTED_EDGE('',*,*,#12109,.T.);
#12109 = EDGE_CURVE('',#12102,#12102,#12110,.T.);
#12110 = CIRCLE('',#12111,1.4);
#12111 = AXIS2_PLACEMENT_3D('',#12112,#12113,#12114);
#12112 = CARTESIAN_POINT('',(21.96285,23.,149.60455));
#12113 = DIRECTION('',(0.,-1.,0.));
#12114 = DIRECTION('',(0.,0.,-1.));
#12115 = ORIENTED_EDGE('',*,*,#12101,.T.);
#12116 = CYLINDRICAL_SURFACE('',#12117,1.4);
#12117 = AXIS2_PLACEMENT_3D('',#12118,#12119,#12120);
#12118 = CARTESIAN_POINT('',(21.96285,23.,149.60455));
#12119 = DIRECTION('',(-0.,-1.,-0.));
#12120 = DIRECTION('',(0.,0.,-1.));
#12121 = ADVANCED_FACE('',(#12122,#12125),#12136,.T.);
#12122 = FACE_BOUND('',#12123,.T.);
#12123 = EDGE_LOOP('',(#12124));
#12124 = ORIENTED_EDGE('',*,*,#12092,.T.);
#12125 = FACE_BOUND('',#12126,.T.);
#12126 = EDGE_LOOP('',(#12127));
#12127 = ORIENTED_EDGE('',*,*,#12128,.F.);
#12128 = EDGE_CURVE('',#12129,#12129,#12131,.T.);
#12129 = VERTEX_POINT('',#12130);
#12130 = CARTESIAN_POINT('',(21.96285,17.,148.52455));
#12131 = CIRCLE('',#12132,1.08);
#12132 = AXIS2_PLACEMENT_3D('',#12133,#12134,#12135);
#12133 = CARTESIAN_POINT('',(21.96285,17.,149.60455));
#12134 = DIRECTION('',(0.,-1.,0.));
#12135 = DIRECTION('',(0.,0.,-1.));
#12136 = PLANE('',#12137);
#12137 = AXIS2_PLACEMENT_3D('',#12138,#12139,#12140);
#12138 = CARTESIAN_POINT('',(21.96285,17.,149.60455));
#12139 = DIRECTION('',(-0.,-1.,-0.));
#12140 = DIRECTION('',(0.,0.,-1.));
#12141 = ADVANCED_FACE('',(#12142,#12153),#12156,.T.);
#12142 = FACE_BOUND('',#12143,.T.);
#12143 = EDGE_LOOP('',(#12144));
#12144 = ORIENTED_EDGE('',*,*,#12145,.T.);
#12145 = EDGE_CURVE('',#12146,#12146,#12148,.T.);
#12146 = VERTEX_POINT('',#12147);
#12147 = CARTESIAN_POINT('',(21.96285,23.,146.85455));
#12148 = CIRCLE('',#12149,2.75);
#12149 = AXIS2_PLACEMENT_3D('',#12150,#12151,#12152);
#12150 = CARTESIAN_POINT('',(21.96285,23.,149.60455));
#12151 = DIRECTION('',(0.,-1.,0.));
#12152 = DIRECTION('',(0.,0.,-1.));
#12153 = FACE_BOUND('',#12154,.T.);
#12154 = EDGE_LOOP('',(#12155));
#12155 = ORIENTED_EDGE('',*,*,#12109,.F.);
#12156 = PLANE('',#12157);
#12157 = AXIS2_PLACEMENT_3D('',#12158,#12159,#12160);
#12158 = CARTESIAN_POINT('',(21.96285,23.,149.60455));
#12159 = DIRECTION('',(-0.,-1.,-0.));
#12160 = DIRECTION('',(0.,0.,-1.));
#12161 = ADVANCED_FACE('',(#12162),#12181,.T.);
#12162 = FACE_BOUND('',#12163,.T.);
#12163 = EDGE_LOOP('',(#12164,#12173,#12179,#12180));
#12164 = ORIENTED_EDGE('',*,*,#12165,.F.);
#12165 = EDGE_CURVE('',#12166,#12166,#12168,.T.);
#12166 = VERTEX_POINT('',#12167);
#12167 = CARTESIAN_POINT('',(21.96285,16.,148.52455));
#12168 = CIRCLE('',#12169,1.08);
#12169 = AXIS2_PLACEMENT_3D('',#12170,#12171,#12172);
#12170 = CARTESIAN_POINT('',(21.96285,16.,149.60455));
#12171 = DIRECTION('',(0.,-1.,0.));
#12172 = DIRECTION('',(0.,0.,-1.));
#12173 = ORIENTED_EDGE('',*,*,#12174,.F.);
#12174 = EDGE_CURVE('',#12129,#12166,#12175,.T.);
#12175 = LINE('',#12176,#12177);
#12176 = CARTESIAN_POINT('',(21.96285,17.,148.52455));
#12177 = VECTOR('',#12178,1.);
#12178 = DIRECTION('',(0.,-1.,0.));
#12179 = ORIENTED_EDGE('',*,*,#12128,.T.);
#12180 = ORIENTED_EDGE('',*,*,#12174,.T.);
#12181 = CYLINDRICAL_SURFACE('',#12182,1.08);
#12182 = AXIS2_PLACEMENT_3D('',#12183,#12184,#12185);
#12183 = CARTESIAN_POINT('',(21.96285,17.,149.60455));
#12184 = DIRECTION('',(-0.,-1.,-0.));
#12185 = DIRECTION('',(0.,0.,-1.));
#12186 = ADVANCED_FACE('',(#12187),#12206,.T.);
#12187 = FACE_BOUND('',#12188,.T.);
#12188 = EDGE_LOOP('',(#12189,#12190,#12198,#12205));
#12189 = ORIENTED_EDGE('',*,*,#12145,.F.);
#12190 = ORIENTED_EDGE('',*,*,#12191,.F.);
#12191 = EDGE_CURVE('',#12192,#12146,#12194,.T.);
#12192 = VERTEX_POINT('',#12193);
#12193 = CARTESIAN_POINT('',(21.96285,26.,146.85455));
#12194 = LINE('',#12195,#12196);
#12195 = CARTESIAN_POINT('',(21.96285,26.,146.85455));
#12196 = VECTOR('',#12197,1.);
#12197 = DIRECTION('',(0.,-1.,0.));
#12198 = ORIENTED_EDGE('',*,*,#12199,.T.);
#12199 = EDGE_CURVE('',#12192,#12192,#12200,.T.);
#12200 = CIRCLE('',#12201,2.75);
#12201 = AXIS2_PLACEMENT_3D('',#12202,#12203,#12204);
#12202 = CARTESIAN_POINT('',(21.96285,26.,149.60455));
#12203 = DIRECTION('',(0.,-1.,0.));
#12204 = DIRECTION('',(0.,0.,-1.));
#12205 = ORIENTED_EDGE('',*,*,#12191,.T.);
#12206 = CYLINDRICAL_SURFACE('',#12207,2.75);
#12207 = AXIS2_PLACEMENT_3D('',#12208,#12209,#12210);
#12208 = CARTESIAN_POINT('',(21.96285,26.,149.60455));
#12209 = DIRECTION('',(-0.,-1.,-0.));
#12210 = DIRECTION('',(0.,0.,-1.));
#12211 = ADVANCED_FACE('',(#12212),#12215,.T.);
#12212 = FACE_BOUND('',#12213,.T.);
#12213 = EDGE_LOOP('',(#12214));
#12214 = ORIENTED_EDGE('',*,*,#12165,.T.);
#12215 = PLANE('',#12216);
#12216 = AXIS2_PLACEMENT_3D('',#12217,#12218,#12219);
#12217 = CARTESIAN_POINT('',(21.96285,16.,149.60455));
#12218 = DIRECTION('',(-0.,-1.,-0.));
#12219 = DIRECTION('',(0.,0.,-1.));
#12220 = ADVANCED_FACE('',(#12221),#12224,.F.);
#12221 = FACE_BOUND('',#12222,.T.);
#12222 = EDGE_LOOP('',(#12223));
#12223 = ORIENTED_EDGE('',*,*,#12199,.F.);
#12224 = PLANE('',#12225);
#12225 = AXIS2_PLACEMENT_3D('',#12226,#12227,#12228);
#12226 = CARTESIAN_POINT('',(21.96285,26.,149.60455));
#12227 = DIRECTION('',(-0.,-1.,-0.));
#12228 = DIRECTION('',(0.,0.,-1.));
#12229 = MANIFOLD_SOLID_BREP('',#12230);
#12230 = CLOSED_SHELL('',(#12231,#12264,#12284,#12304,#12329,#12354,
    #12363));
#12231 = ADVANCED_FACE('',(#12232),#12259,.T.);
#12232 = FACE_BOUND('',#12233,.T.);
#12233 = EDGE_LOOP('',(#12234,#12243,#12251,#12258));
#12234 = ORIENTED_EDGE('',*,*,#12235,.F.);
#12235 = EDGE_CURVE('',#12236,#12236,#12238,.T.);
#12236 = VERTEX_POINT('',#12237);
#12237 = CARTESIAN_POINT('',(36.36233,17.,169.43318));
#12238 = CIRCLE('',#12239,1.4);
#12239 = AXIS2_PLACEMENT_3D('',#12240,#12241,#12242);
#12240 = CARTESIAN_POINT('',(36.36233,17.,170.83318));
#12241 = DIRECTION('',(0.,-1.,0.));
#12242 = DIRECTION('',(0.,0.,-1.));
#12243 = ORIENTED_EDGE('',*,*,#12244,.F.);
#12244 = EDGE_CURVE('',#12245,#12236,#12247,.T.);
#12245 = VERTEX_POINT('',#12246);
#12246 = CARTESIAN_POINT('',(36.36233,23.,169.43318));
#12247 = LINE('',#12248,#12249);
#12248 = CARTESIAN_POINT('',(36.36233,23.,169.43318));
#12249 = VECTOR('',#12250,1.);
#12250 = DIRECTION('',(0.,-1.,0.));
#12251 = ORIENTED_EDGE('',*,*,#12252,.T.);
#12252 = EDGE_CURVE('',#12245,#12245,#12253,.T.);
#12253 = CIRCLE('',#12254,1.4);
#12254 = AXIS2_PLACEMENT_3D('',#12255,#12256,#12257);
#12255 = CARTESIAN_POINT('',(36.36233,23.,170.83318));
#12256 = DIRECTION('',(0.,-1.,0.));
#12257 = DIRECTION('',(0.,0.,-1.));
#12258 = ORIENTED_EDGE('',*,*,#12244,.T.);
#12259 = CYLINDRICAL_SURFACE('',#12260,1.4);
#12260 = AXIS2_PLACEMENT_3D('',#12261,#12262,#12263);
#12261 = CARTESIAN_POINT('',(36.36233,23.,170.83318));
#12262 = DIRECTION('',(-0.,-1.,-0.));
#12263 = DIRECTION('',(0.,0.,-1.));
#12264 = ADVANCED_FACE('',(#12265,#12268),#12279,.T.);
#12265 = FACE_BOUND('',#12266,.T.);
#12266 = EDGE_LOOP('',(#12267));
#12267 = ORIENTED_EDGE('',*,*,#12235,.T.);
#12268 = FACE_BOUND('',#12269,.T.);
#12269 = EDGE_LOOP('',(#12270));
#12270 = ORIENTED_EDGE('',*,*,#12271,.F.);
#12271 = EDGE_CURVE('',#12272,#12272,#12274,.T.);
#12272 = VERTEX_POINT('',#12273);
#12273 = CARTESIAN_POINT('',(36.36233,17.,169.75318));
#12274 = CIRCLE('',#12275,1.08);
#12275 = AXIS2_PLACEMENT_3D('',#12276,#12277,#12278);
#12276 = CARTESIAN_POINT('',(36.36233,17.,170.83318));
#12277 = DIRECTION('',(0.,-1.,0.));
#12278 = DIRECTION('',(0.,0.,-1.));
#12279 = PLANE('',#12280);
#12280 = AXIS2_PLACEMENT_3D('',#12281,#12282,#12283);
#12281 = CARTESIAN_POINT('',(36.36233,17.,170.83318));
#12282 = DIRECTION('',(-0.,-1.,-0.));
#12283 = DIRECTION('',(0.,0.,-1.));
#12284 = ADVANCED_FACE('',(#12285,#12296),#12299,.T.);
#12285 = FACE_BOUND('',#12286,.T.);
#12286 = EDGE_LOOP('',(#12287));
#12287 = ORIENTED_EDGE('',*,*,#12288,.T.);
#12288 = EDGE_CURVE('',#12289,#12289,#12291,.T.);
#12289 = VERTEX_POINT('',#12290);
#12290 = CARTESIAN_POINT('',(36.36233,23.,168.08318));
#12291 = CIRCLE('',#12292,2.75);
#12292 = AXIS2_PLACEMENT_3D('',#12293,#12294,#12295);
#12293 = CARTESIAN_POINT('',(36.36233,23.,170.83318));
#12294 = DIRECTION('',(0.,-1.,0.));
#12295 = DIRECTION('',(0.,0.,-1.));
#12296 = FACE_BOUND('',#12297,.T.);
#12297 = EDGE_LOOP('',(#12298));
#12298 = ORIENTED_EDGE('',*,*,#12252,.F.);
#12299 = PLANE('',#12300);
#12300 = AXIS2_PLACEMENT_3D('',#12301,#12302,#12303);
#12301 = CARTESIAN_POINT('',(36.36233,23.,170.83318));
#12302 = DIRECTION('',(-0.,-1.,-0.));
#12303 = DIRECTION('',(0.,0.,-1.));
#12304 = ADVANCED_FACE('',(#12305),#12324,.T.);
#12305 = FACE_BOUND('',#12306,.T.);
#12306 = EDGE_LOOP('',(#12307,#12316,#12322,#12323));
#12307 = ORIENTED_EDGE('',*,*,#12308,.F.);
#12308 = EDGE_CURVE('',#12309,#12309,#12311,.T.);
#12309 = VERTEX_POINT('',#12310);
#12310 = CARTESIAN_POINT('',(36.36233,16.,169.75318));
#12311 = CIRCLE('',#12312,1.08);
#12312 = AXIS2_PLACEMENT_3D('',#12313,#12314,#12315);
#12313 = CARTESIAN_POINT('',(36.36233,16.,170.83318));
#12314 = DIRECTION('',(0.,-1.,0.));
#12315 = DIRECTION('',(0.,0.,-1.));
#12316 = ORIENTED_EDGE('',*,*,#12317,.F.);
#12317 = EDGE_CURVE('',#12272,#12309,#12318,.T.);
#12318 = LINE('',#12319,#12320);
#12319 = CARTESIAN_POINT('',(36.36233,17.,169.75318));
#12320 = VECTOR('',#12321,1.);
#12321 = DIRECTION('',(0.,-1.,0.));
#12322 = ORIENTED_EDGE('',*,*,#12271,.T.);
#12323 = ORIENTED_EDGE('',*,*,#12317,.T.);
#12324 = CYLINDRICAL_SURFACE('',#12325,1.08);
#12325 = AXIS2_PLACEMENT_3D('',#12326,#12327,#12328);
#12326 = CARTESIAN_POINT('',(36.36233,17.,170.83318));
#12327 = DIRECTION('',(-0.,-1.,-0.));
#12328 = DIRECTION('',(0.,0.,-1.));
#12329 = ADVANCED_FACE('',(#12330),#12349,.T.);
#12330 = FACE_BOUND('',#12331,.T.);
#12331 = EDGE_LOOP('',(#12332,#12333,#12341,#12348));
#12332 = ORIENTED_EDGE('',*,*,#12288,.F.);
#12333 = ORIENTED_EDGE('',*,*,#12334,.F.);
#12334 = EDGE_CURVE('',#12335,#12289,#12337,.T.);
#12335 = VERTEX_POINT('',#12336);
#12336 = CARTESIAN_POINT('',(36.36233,26.,168.08318));
#12337 = LINE('',#12338,#12339);
#12338 = CARTESIAN_POINT('',(36.36233,26.,168.08318));
#12339 = VECTOR('',#12340,1.);
#12340 = DIRECTION('',(0.,-1.,0.));
#12341 = ORIENTED_EDGE('',*,*,#12342,.T.);
#12342 = EDGE_CURVE('',#12335,#12335,#12343,.T.);
#12343 = CIRCLE('',#12344,2.75);
#12344 = AXIS2_PLACEMENT_3D('',#12345,#12346,#12347);
#12345 = CARTESIAN_POINT('',(36.36233,26.,170.83318));
#12346 = DIRECTION('',(0.,-1.,0.));
#12347 = DIRECTION('',(0.,0.,-1.));
#12348 = ORIENTED_EDGE('',*,*,#12334,.T.);
#12349 = CYLINDRICAL_SURFACE('',#12350,2.75);
#12350 = AXIS2_PLACEMENT_3D('',#12351,#12352,#12353);
#12351 = CARTESIAN_POINT('',(36.36233,26.,170.83318));
#12352 = DIRECTION('',(-0.,-1.,-0.));
#12353 = DIRECTION('',(0.,0.,-1.));
#12354 = ADVANCED_FACE('',(#12355),#12358,.T.);
#12355 = FACE_BOUND('',#12356,.T.);
#12356 = EDGE_LOOP('',(#12357));
#12357 = ORIENTED_EDGE('',*,*,#12308,.T.);
#12358 = PLANE('',#12359);
#12359 = AXIS2_PLACEMENT_3D('',#12360,#12361,#12362);
#12360 = CARTESIAN_POINT('',(36.36233,16.,170.83318));
#12361 = DIRECTION('',(-0.,-1.,-0.));
#12362 = DIRECTION('',(0.,0.,-1.));
#12363 = ADVANCED_FACE('',(#12364),#12367,.F.);
#12364 = FACE_BOUND('',#12365,.T.);
#12365 = EDGE_LOOP('',(#12366));
#12366 = ORIENTED_EDGE('',*,*,#12342,.F.);
#12367 = PLANE('',#12368);
#12368 = AXIS2_PLACEMENT_3D('',#12369,#12370,#12371);
#12369 = CARTESIAN_POINT('',(36.36233,26.,170.83318));
#12370 = DIRECTION('',(-0.,-1.,-0.));
#12371 = DIRECTION('',(0.,0.,-1.));
#12372 = MANIFOLD_SOLID_BREP('',#12373);
#12373 = CLOSED_SHELL('',(#12374,#12407,#12427,#12447,#12472,#12497,
    #12506));
#12374 = ADVANCED_FACE('',(#12375),#12402,.T.);
#12375 = FACE_BOUND('',#12376,.T.);
#12376 = EDGE_LOOP('',(#12377,#12386,#12394,#12401));
#12377 = ORIENTED_EDGE('',*,*,#12378,.F.);
#12378 = EDGE_CURVE('',#12379,#12379,#12381,.T.);
#12379 = VERTEX_POINT('',#12380);
#12380 = CARTESIAN_POINT('',(33.74748,17.,194.95107));
#12381 = CIRCLE('',#12382,1.4);
#12382 = AXIS2_PLACEMENT_3D('',#12383,#12384,#12385);
#12383 = CARTESIAN_POINT('',(33.74748,17.,196.35107));
#12384 = DIRECTION('',(0.,-1.,0.));
#12385 = DIRECTION('',(0.,0.,-1.));
#12386 = ORIENTED_EDGE('',*,*,#12387,.F.);
#12387 = EDGE_CURVE('',#12388,#12379,#12390,.T.);
#12388 = VERTEX_POINT('',#12389);
#12389 = CARTESIAN_POINT('',(33.74748,23.,194.95107));
#12390 = LINE('',#12391,#12392);
#12391 = CARTESIAN_POINT('',(33.74748,23.,194.95107));
#12392 = VECTOR('',#12393,1.);
#12393 = DIRECTION('',(0.,-1.,0.));
#12394 = ORIENTED_EDGE('',*,*,#12395,.T.);
#12395 = EDGE_CURVE('',#12388,#12388,#12396,.T.);
#12396 = CIRCLE('',#12397,1.4);
#12397 = AXIS2_PLACEMENT_3D('',#12398,#12399,#12400);
#12398 = CARTESIAN_POINT('',(33.74748,23.,196.35107));
#12399 = DIRECTION('',(0.,-1.,0.));
#12400 = DIRECTION('',(0.,0.,-1.));
#12401 = ORIENTED_EDGE('',*,*,#12387,.T.);
#12402 = CYLINDRICAL_SURFACE('',#12403,1.4);
#12403 = AXIS2_PLACEMENT_3D('',#12404,#12405,#12406);
#12404 = CARTESIAN_POINT('',(33.74748,23.,196.35107));
#12405 = DIRECTION('',(-0.,-1.,-0.));
#12406 = DIRECTION('',(0.,0.,-1.));
#12407 = ADVANCED_FACE('',(#12408,#12411),#12422,.T.);
#12408 = FACE_BOUND('',#12409,.T.);
#12409 = EDGE_LOOP('',(#12410));
#12410 = ORIENTED_EDGE('',*,*,#12378,.T.);
#12411 = FACE_BOUND('',#12412,.T.);
#12412 = EDGE_LOOP('',(#12413));
#12413 = ORIENTED_EDGE('',*,*,#12414,.F.);
#12414 = EDGE_CURVE('',#12415,#12415,#12417,.T.);
#12415 = VERTEX_POINT('',#12416);
#12416 = CARTESIAN_POINT('',(33.74748,17.,195.27107));
#12417 = CIRCLE('',#12418,1.08);
#12418 = AXIS2_PLACEMENT_3D('',#12419,#12420,#12421);
#12419 = CARTESIAN_POINT('',(33.74748,17.,196.35107));
#12420 = DIRECTION('',(0.,-1.,0.));
#12421 = DIRECTION('',(0.,0.,-1.));
#12422 = PLANE('',#12423);
#12423 = AXIS2_PLACEMENT_3D('',#12424,#12425,#12426);
#12424 = CARTESIAN_POINT('',(33.74748,17.,196.35107));
#12425 = DIRECTION('',(-0.,-1.,-0.));
#12426 = DIRECTION('',(0.,0.,-1.));
#12427 = ADVANCED_FACE('',(#12428,#12439),#12442,.T.);
#12428 = FACE_BOUND('',#12429,.T.);
#12429 = EDGE_LOOP('',(#12430));
#12430 = ORIENTED_EDGE('',*,*,#12431,.T.);
#12431 = EDGE_CURVE('',#12432,#12432,#12434,.T.);
#12432 = VERTEX_POINT('',#12433);
#12433 = CARTESIAN_POINT('',(33.74748,23.,193.60107));
#12434 = CIRCLE('',#12435,2.75);
#12435 = AXIS2_PLACEMENT_3D('',#12436,#12437,#12438);
#12436 = CARTESIAN_POINT('',(33.74748,23.,196.35107));
#12437 = DIRECTION('',(0.,-1.,0.));
#12438 = DIRECTION('',(0.,0.,-1.));
#12439 = FACE_BOUND('',#12440,.T.);
#12440 = EDGE_LOOP('',(#12441));
#12441 = ORIENTED_EDGE('',*,*,#12395,.F.);
#12442 = PLANE('',#12443);
#12443 = AXIS2_PLACEMENT_3D('',#12444,#12445,#12446);
#12444 = CARTESIAN_POINT('',(33.74748,23.,196.35107));
#12445 = DIRECTION('',(-0.,-1.,-0.));
#12446 = DIRECTION('',(0.,0.,-1.));
#12447 = ADVANCED_FACE('',(#12448),#12467,.T.);
#12448 = FACE_BOUND('',#12449,.T.);
#12449 = EDGE_LOOP('',(#12450,#12459,#12465,#12466));
#12450 = ORIENTED_EDGE('',*,*,#12451,.F.);
#12451 = EDGE_CURVE('',#12452,#12452,#12454,.T.);
#12452 = VERTEX_POINT('',#12453);
#12453 = CARTESIAN_POINT('',(33.74748,16.,195.27107));
#12454 = CIRCLE('',#12455,1.08);
#12455 = AXIS2_PLACEMENT_3D('',#12456,#12457,#12458);
#12456 = CARTESIAN_POINT('',(33.74748,16.,196.35107));
#12457 = DIRECTION('',(0.,-1.,0.));
#12458 = DIRECTION('',(0.,0.,-1.));
#12459 = ORIENTED_EDGE('',*,*,#12460,.F.);
#12460 = EDGE_CURVE('',#12415,#12452,#12461,.T.);
#12461 = LINE('',#12462,#12463);
#12462 = CARTESIAN_POINT('',(33.74748,17.,195.27107));
#12463 = VECTOR('',#12464,1.);
#12464 = DIRECTION('',(0.,-1.,0.));
#12465 = ORIENTED_EDGE('',*,*,#12414,.T.);
#12466 = ORIENTED_EDGE('',*,*,#12460,.T.);
#12467 = CYLINDRICAL_SURFACE('',#12468,1.08);
#12468 = AXIS2_PLACEMENT_3D('',#12469,#12470,#12471);
#12469 = CARTESIAN_POINT('',(33.74748,17.,196.35107));
#12470 = DIRECTION('',(-0.,-1.,-0.));
#12471 = DIRECTION('',(0.,0.,-1.));
#12472 = ADVANCED_FACE('',(#12473),#12492,.T.);
#12473 = FACE_BOUND('',#12474,.T.);
#12474 = EDGE_LOOP('',(#12475,#12476,#12484,#12491));
#12475 = ORIENTED_EDGE('',*,*,#12431,.F.);
#12476 = ORIENTED_EDGE('',*,*,#12477,.F.);
#12477 = EDGE_CURVE('',#12478,#12432,#12480,.T.);
#12478 = VERTEX_POINT('',#12479);
#12479 = CARTESIAN_POINT('',(33.74748,26.,193.60107));
#12480 = LINE('',#12481,#12482);
#12481 = CARTESIAN_POINT('',(33.74748,26.,193.60107));
#12482 = VECTOR('',#12483,1.);
#12483 = DIRECTION('',(0.,-1.,0.));
#12484 = ORIENTED_EDGE('',*,*,#12485,.T.);
#12485 = EDGE_CURVE('',#12478,#12478,#12486,.T.);
#12486 = CIRCLE('',#12487,2.75);
#12487 = AXIS2_PLACEMENT_3D('',#12488,#12489,#12490);
#12488 = CARTESIAN_POINT('',(33.74748,26.,196.35107));
#12489 = DIRECTION('',(0.,-1.,0.));
#12490 = DIRECTION('',(0.,0.,-1.));
#12491 = ORIENTED_EDGE('',*,*,#12477,.T.);
#12492 = CYLINDRICAL_SURFACE('',#12493,2.75);
#12493 = AXIS2_PLACEMENT_3D('',#12494,#12495,#12496);
#12494 = CARTESIAN_POINT('',(33.74748,26.,196.35107));
#12495 = DIRECTION('',(-0.,-1.,-0.));
#12496 = DIRECTION('',(0.,0.,-1.));
#12497 = ADVANCED_FACE('',(#12498),#12501,.T.);
#12498 = FACE_BOUND('',#12499,.T.);
#12499 = EDGE_LOOP('',(#12500));
#12500 = ORIENTED_EDGE('',*,*,#12451,.T.);
#12501 = PLANE('',#12502);
#12502 = AXIS2_PLACEMENT_3D('',#12503,#12504,#12505);
#12503 = CARTESIAN_POINT('',(33.74748,16.,196.35107));
#12504 = DIRECTION('',(-0.,-1.,-0.));
#12505 = DIRECTION('',(0.,0.,-1.));
#12506 = ADVANCED_FACE('',(#12507),#12510,.F.);
#12507 = FACE_BOUND('',#12508,.T.);
#12508 = EDGE_LOOP('',(#12509));
#12509 = ORIENTED_EDGE('',*,*,#12485,.F.);
#12510 = PLANE('',#12511);
#12511 = AXIS2_PLACEMENT_3D('',#12512,#12513,#12514);
#12512 = CARTESIAN_POINT('',(33.74748,26.,196.35107));
#12513 = DIRECTION('',(-0.,-1.,-0.));
#12514 = DIRECTION('',(0.,0.,-1.));
#12515 = MANIFOLD_SOLID_BREP('',#12516);
#12516 = CLOSED_SHELL('',(#12517,#12550,#12570,#12590,#12615,#12640,
    #12649));
#12517 = ADVANCED_FACE('',(#12518),#12545,.T.);
#12518 = FACE_BOUND('',#12519,.T.);
#12519 = EDGE_LOOP('',(#12520,#12529,#12537,#12544));
#12520 = ORIENTED_EDGE('',*,*,#12521,.F.);
#12521 = EDGE_CURVE('',#12522,#12522,#12524,.T.);
#12522 = VERTEX_POINT('',#12523);
#12523 = CARTESIAN_POINT('',(15.34181,17.,212.81811));
#12524 = CIRCLE('',#12525,1.4);
#12525 = AXIS2_PLACEMENT_3D('',#12526,#12527,#12528);
#12526 = CARTESIAN_POINT('',(15.34181,17.,214.21811));
#12527 = DIRECTION('',(0.,-1.,0.));
#12528 = DIRECTION('',(0.,0.,-1.));
#12529 = ORIENTED_EDGE('',*,*,#12530,.F.);
#12530 = EDGE_CURVE('',#12531,#12522,#12533,.T.);
#12531 = VERTEX_POINT('',#12532);
#12532 = CARTESIAN_POINT('',(15.34181,23.,212.81811));
#12533 = LINE('',#12534,#12535);
#12534 = CARTESIAN_POINT('',(15.34181,23.,212.81811));
#12535 = VECTOR('',#12536,1.);
#12536 = DIRECTION('',(0.,-1.,0.));
#12537 = ORIENTED_EDGE('',*,*,#12538,.T.);
#12538 = EDGE_CURVE('',#12531,#12531,#12539,.T.);
#12539 = CIRCLE('',#12540,1.4);
#12540 = AXIS2_PLACEMENT_3D('',#12541,#12542,#12543);
#12541 = CARTESIAN_POINT('',(15.34181,23.,214.21811));
#12542 = DIRECTION('',(0.,-1.,0.));
#12543 = DIRECTION('',(0.,0.,-1.));
#12544 = ORIENTED_EDGE('',*,*,#12530,.T.);
#12545 = CYLINDRICAL_SURFACE('',#12546,1.4);
#12546 = AXIS2_PLACEMENT_3D('',#12547,#12548,#12549);
#12547 = CARTESIAN_POINT('',(15.34181,23.,214.21811));
#12548 = DIRECTION('',(-0.,-1.,-0.));
#12549 = DIRECTION('',(0.,0.,-1.));
#12550 = ADVANCED_FACE('',(#12551,#12554),#12565,.T.);
#12551 = FACE_BOUND('',#12552,.T.);
#12552 = EDGE_LOOP('',(#12553));
#12553 = ORIENTED_EDGE('',*,*,#12521,.T.);
#12554 = FACE_BOUND('',#12555,.T.);
#12555 = EDGE_LOOP('',(#12556));
#12556 = ORIENTED_EDGE('',*,*,#12557,.F.);
#12557 = EDGE_CURVE('',#12558,#12558,#12560,.T.);
#12558 = VERTEX_POINT('',#12559);
#12559 = CARTESIAN_POINT('',(15.34181,17.,213.13811));
#12560 = CIRCLE('',#12561,1.08);
#12561 = AXIS2_PLACEMENT_3D('',#12562,#12563,#12564);
#12562 = CARTESIAN_POINT('',(15.34181,17.,214.21811));
#12563 = DIRECTION('',(0.,-1.,0.));
#12564 = DIRECTION('',(0.,0.,-1.));
#12565 = PLANE('',#12566);
#12566 = AXIS2_PLACEMENT_3D('',#12567,#12568,#12569);
#12567 = CARTESIAN_POINT('',(15.34181,17.,214.21811));
#12568 = DIRECTION('',(-0.,-1.,-0.));
#12569 = DIRECTION('',(0.,0.,-1.));
#12570 = ADVANCED_FACE('',(#12571,#12582),#12585,.T.);
#12571 = FACE_BOUND('',#12572,.T.);
#12572 = EDGE_LOOP('',(#12573));
#12573 = ORIENTED_EDGE('',*,*,#12574,.T.);
#12574 = EDGE_CURVE('',#12575,#12575,#12577,.T.);
#12575 = VERTEX_POINT('',#12576);
#12576 = CARTESIAN_POINT('',(15.34181,23.,211.46811));
#12577 = CIRCLE('',#12578,2.75);
#12578 = AXIS2_PLACEMENT_3D('',#12579,#12580,#12581);
#12579 = CARTESIAN_POINT('',(15.34181,23.,214.21811));
#12580 = DIRECTION('',(0.,-1.,0.));
#12581 = DIRECTION('',(0.,0.,-1.));
#12582 = FACE_BOUND('',#12583,.T.);
#12583 = EDGE_LOOP('',(#12584));
#12584 = ORIENTED_EDGE('',*,*,#12538,.F.);
#12585 = PLANE('',#12586);
#12586 = AXIS2_PLACEMENT_3D('',#12587,#12588,#12589);
#12587 = CARTESIAN_POINT('',(15.34181,23.,214.21811));
#12588 = DIRECTION('',(-0.,-1.,-0.));
#12589 = DIRECTION('',(0.,0.,-1.));
#12590 = ADVANCED_FACE('',(#12591),#12610,.T.);
#12591 = FACE_BOUND('',#12592,.T.);
#12592 = EDGE_LOOP('',(#12593,#12602,#12608,#12609));
#12593 = ORIENTED_EDGE('',*,*,#12594,.F.);
#12594 = EDGE_CURVE('',#12595,#12595,#12597,.T.);
#12595 = VERTEX_POINT('',#12596);
#12596 = CARTESIAN_POINT('',(15.34181,16.,213.13811));
#12597 = CIRCLE('',#12598,1.08);
#12598 = AXIS2_PLACEMENT_3D('',#12599,#12600,#12601);
#12599 = CARTESIAN_POINT('',(15.34181,16.,214.21811));
#12600 = DIRECTION('',(0.,-1.,0.));
#12601 = DIRECTION('',(0.,0.,-1.));
#12602 = ORIENTED_EDGE('',*,*,#12603,.F.);
#12603 = EDGE_CURVE('',#12558,#12595,#12604,.T.);
#12604 = LINE('',#12605,#12606);
#12605 = CARTESIAN_POINT('',(15.34181,17.,213.13811));
#12606 = VECTOR('',#12607,1.);
#12607 = DIRECTION('',(0.,-1.,0.));
#12608 = ORIENTED_EDGE('',*,*,#12557,.T.);
#12609 = ORIENTED_EDGE('',*,*,#12603,.T.);
#12610 = CYLINDRICAL_SURFACE('',#12611,1.08);
#12611 = AXIS2_PLACEMENT_3D('',#12612,#12613,#12614);
#12612 = CARTESIAN_POINT('',(15.34181,17.,214.21811));
#12613 = DIRECTION('',(-0.,-1.,-0.));
#12614 = DIRECTION('',(0.,0.,-1.));
#12615 = ADVANCED_FACE('',(#12616),#12635,.T.);
#12616 = FACE_BOUND('',#12617,.T.);
#12617 = EDGE_LOOP('',(#12618,#12619,#12627,#12634));
#12618 = ORIENTED_EDGE('',*,*,#12574,.F.);
#12619 = ORIENTED_EDGE('',*,*,#12620,.F.);
#12620 = EDGE_CURVE('',#12621,#12575,#12623,.T.);
#12621 = VERTEX_POINT('',#12622);
#12622 = CARTESIAN_POINT('',(15.34181,26.,211.46811));
#12623 = LINE('',#12624,#12625);
#12624 = CARTESIAN_POINT('',(15.34181,26.,211.46811));
#12625 = VECTOR('',#12626,1.);
#12626 = DIRECTION('',(0.,-1.,0.));
#12627 = ORIENTED_EDGE('',*,*,#12628,.T.);
#12628 = EDGE_CURVE('',#12621,#12621,#12629,.T.);
#12629 = CIRCLE('',#12630,2.75);
#12630 = AXIS2_PLACEMENT_3D('',#12631,#12632,#12633);
#12631 = CARTESIAN_POINT('',(15.34181,26.,214.21811));
#12632 = DIRECTION('',(0.,-1.,0.));
#12633 = DIRECTION('',(0.,0.,-1.));
#12634 = ORIENTED_EDGE('',*,*,#12620,.T.);
#12635 = CYLINDRICAL_SURFACE('',#12636,2.75);
#12636 = AXIS2_PLACEMENT_3D('',#12637,#12638,#12639);
#12637 = CARTESIAN_POINT('',(15.34181,26.,214.21811));
#12638 = DIRECTION('',(-0.,-1.,-0.));
#12639 = DIRECTION('',(0.,0.,-1.));
#12640 = ADVANCED_FACE('',(#12641),#12644,.T.);
#12641 = FACE_BOUND('',#12642,.T.);
#12642 = EDGE_LOOP('',(#12643));
#12643 = ORIENTED_EDGE('',*,*,#12594,.T.);
#12644 = PLANE('',#12645);
#12645 = AXIS2_PLACEMENT_3D('',#12646,#12647,#12648);
#12646 = CARTESIAN_POINT('',(15.34181,16.,214.21811));
#12647 = DIRECTION('',(-0.,-1.,-0.));
#12648 = DIRECTION('',(0.,0.,-1.));
#12649 = ADVANCED_FACE('',(#12650),#12653,.F.);
#12650 = FACE_BOUND('',#12651,.T.);
#12651 = EDGE_LOOP('',(#12652));
#12652 = ORIENTED_EDGE('',*,*,#12628,.F.);
#12653 = PLANE('',#12654);
#12654 = AXIS2_PLACEMENT_3D('',#12655,#12656,#12657);
#12655 = CARTESIAN_POINT('',(15.34181,26.,214.21811));
#12656 = DIRECTION('',(-0.,-1.,-0.));
#12657 = DIRECTION('',(0.,0.,-1.));
#12658 = MANIFOLD_SOLID_BREP('',#12659);
#12659 = CLOSED_SHELL('',(#12660,#12693,#12713,#12733,#12758,#12783,
    #12792));
#12660 = ADVANCED_FACE('',(#12661),#12688,.T.);
#12661 = FACE_BOUND('',#12662,.T.);
#12662 = EDGE_LOOP('',(#12663,#12672,#12680,#12687));
#12663 = ORIENTED_EDGE('',*,*,#12664,.F.);
#12664 = EDGE_CURVE('',#12665,#12665,#12667,.T.);
#12665 = VERTEX_POINT('',#12666);
#12666 = CARTESIAN_POINT('',(-10.24247,17.,214.67412));
#12667 = CIRCLE('',#12668,1.4);
#12668 = AXIS2_PLACEMENT_3D('',#12669,#12670,#12671);
#12669 = CARTESIAN_POINT('',(-10.24247,17.,216.07412));
#12670 = DIRECTION('',(0.,-1.,0.));
#12671 = DIRECTION('',(0.,0.,-1.));
#12672 = ORIENTED_EDGE('',*,*,#12673,.F.);
#12673 = EDGE_CURVE('',#12674,#12665,#12676,.T.);
#12674 = VERTEX_POINT('',#12675);
#12675 = CARTESIAN_POINT('',(-10.24247,23.,214.67412));
#12676 = LINE('',#12677,#12678);
#12677 = CARTESIAN_POINT('',(-10.24247,23.,214.67412));
#12678 = VECTOR('',#12679,1.);
#12679 = DIRECTION('',(0.,-1.,0.));
#12680 = ORIENTED_EDGE('',*,*,#12681,.T.);
#12681 = EDGE_CURVE('',#12674,#12674,#12682,.T.);
#12682 = CIRCLE('',#12683,1.4);
#12683 = AXIS2_PLACEMENT_3D('',#12684,#12685,#12686);
#12684 = CARTESIAN_POINT('',(-10.24247,23.,216.07412));
#12685 = DIRECTION('',(0.,-1.,0.));
#12686 = DIRECTION('',(0.,0.,-1.));
#12687 = ORIENTED_EDGE('',*,*,#12673,.T.);
#12688 = CYLINDRICAL_SURFACE('',#12689,1.4);
#12689 = AXIS2_PLACEMENT_3D('',#12690,#12691,#12692);
#12690 = CARTESIAN_POINT('',(-10.24247,23.,216.07412));
#12691 = DIRECTION('',(-0.,-1.,-0.));
#12692 = DIRECTION('',(0.,0.,-1.));
#12693 = ADVANCED_FACE('',(#12694,#12697),#12708,.T.);
#12694 = FACE_BOUND('',#12695,.T.);
#12695 = EDGE_LOOP('',(#12696));
#12696 = ORIENTED_EDGE('',*,*,#12664,.T.);
#12697 = FACE_BOUND('',#12698,.T.);
#12698 = EDGE_LOOP('',(#12699));
#12699 = ORIENTED_EDGE('',*,*,#12700,.F.);
#12700 = EDGE_CURVE('',#12701,#12701,#12703,.T.);
#12701 = VERTEX_POINT('',#12702);
#12702 = CARTESIAN_POINT('',(-10.24247,17.,214.99412));
#12703 = CIRCLE('',#12704,1.08);
#12704 = AXIS2_PLACEMENT_3D('',#12705,#12706,#12707);
#12705 = CARTESIAN_POINT('',(-10.24247,17.,216.07412));
#12706 = DIRECTION('',(0.,-1.,0.));
#12707 = DIRECTION('',(0.,0.,-1.));
#12708 = PLANE('',#12709);
#12709 = AXIS2_PLACEMENT_3D('',#12710,#12711,#12712);
#12710 = CARTESIAN_POINT('',(-10.24247,17.,216.07412));
#12711 = DIRECTION('',(-0.,-1.,-0.));
#12712 = DIRECTION('',(0.,0.,-1.));
#12713 = ADVANCED_FACE('',(#12714,#12725),#12728,.T.);
#12714 = FACE_BOUND('',#12715,.T.);
#12715 = EDGE_LOOP('',(#12716));
#12716 = ORIENTED_EDGE('',*,*,#12717,.T.);
#12717 = EDGE_CURVE('',#12718,#12718,#12720,.T.);
#12718 = VERTEX_POINT('',#12719);
#12719 = CARTESIAN_POINT('',(-10.24247,23.,213.32412));
#12720 = CIRCLE('',#12721,2.75);
#12721 = AXIS2_PLACEMENT_3D('',#12722,#12723,#12724);
#12722 = CARTESIAN_POINT('',(-10.24247,23.,216.07412));
#12723 = DIRECTION('',(0.,-1.,0.));
#12724 = DIRECTION('',(0.,0.,-1.));
#12725 = FACE_BOUND('',#12726,.T.);
#12726 = EDGE_LOOP('',(#12727));
#12727 = ORIENTED_EDGE('',*,*,#12681,.F.);
#12728 = PLANE('',#12729);
#12729 = AXIS2_PLACEMENT_3D('',#12730,#12731,#12732);
#12730 = CARTESIAN_POINT('',(-10.24247,23.,216.07412));
#12731 = DIRECTION('',(-0.,-1.,-0.));
#12732 = DIRECTION('',(0.,0.,-1.));
#12733 = ADVANCED_FACE('',(#12734),#12753,.T.);
#12734 = FACE_BOUND('',#12735,.T.);
#12735 = EDGE_LOOP('',(#12736,#12745,#12751,#12752));
#12736 = ORIENTED_EDGE('',*,*,#12737,.F.);
#12737 = EDGE_CURVE('',#12738,#12738,#12740,.T.);
#12738 = VERTEX_POINT('',#12739);
#12739 = CARTESIAN_POINT('',(-10.24247,16.,214.99412));
#12740 = CIRCLE('',#12741,1.08);
#12741 = AXIS2_PLACEMENT_3D('',#12742,#12743,#12744);
#12742 = CARTESIAN_POINT('',(-10.24247,16.,216.07412));
#12743 = DIRECTION('',(0.,-1.,0.));
#12744 = DIRECTION('',(0.,0.,-1.));
#12745 = ORIENTED_EDGE('',*,*,#12746,.F.);
#12746 = EDGE_CURVE('',#12701,#12738,#12747,.T.);
#12747 = LINE('',#12748,#12749);
#12748 = CARTESIAN_POINT('',(-10.24247,17.,214.99412));
#12749 = VECTOR('',#12750,1.);
#12750 = DIRECTION('',(0.,-1.,0.));
#12751 = ORIENTED_EDGE('',*,*,#12700,.T.);
#12752 = ORIENTED_EDGE('',*,*,#12746,.T.);
#12753 = CYLINDRICAL_SURFACE('',#12754,1.08);
#12754 = AXIS2_PLACEMENT_3D('',#12755,#12756,#12757);
#12755 = CARTESIAN_POINT('',(-10.24247,17.,216.07412));
#12756 = DIRECTION('',(-0.,-1.,-0.));
#12757 = DIRECTION('',(0.,0.,-1.));
#12758 = ADVANCED_FACE('',(#12759),#12778,.T.);
#12759 = FACE_BOUND('',#12760,.T.);
#12760 = EDGE_LOOP('',(#12761,#12762,#12770,#12777));
#12761 = ORIENTED_EDGE('',*,*,#12717,.F.);
#12762 = ORIENTED_EDGE('',*,*,#12763,.F.);
#12763 = EDGE_CURVE('',#12764,#12718,#12766,.T.);
#12764 = VERTEX_POINT('',#12765);
#12765 = CARTESIAN_POINT('',(-10.24247,26.,213.32412));
#12766 = LINE('',#12767,#12768);
#12767 = CARTESIAN_POINT('',(-10.24247,26.,213.32412));
#12768 = VECTOR('',#12769,1.);
#12769 = DIRECTION('',(0.,-1.,0.));
#12770 = ORIENTED_EDGE('',*,*,#12771,.T.);
#12771 = EDGE_CURVE('',#12764,#12764,#12772,.T.);
#12772 = CIRCLE('',#12773,2.75);
#12773 = AXIS2_PLACEMENT_3D('',#12774,#12775,#12776);
#12774 = CARTESIAN_POINT('',(-10.24247,26.,216.07412));
#12775 = DIRECTION('',(0.,-1.,0.));
#12776 = DIRECTION('',(0.,0.,-1.));
#12777 = ORIENTED_EDGE('',*,*,#12763,.T.);
#12778 = CYLINDRICAL_SURFACE('',#12779,2.75);
#12779 = AXIS2_PLACEMENT_3D('',#12780,#12781,#12782);
#12780 = CARTESIAN_POINT('',(-10.24247,26.,216.07412));
#12781 = DIRECTION('',(-0.,-1.,-0.));
#12782 = DIRECTION('',(0.,0.,-1.));
#12783 = ADVANCED_FACE('',(#12784),#12787,.T.);
#12784 = FACE_BOUND('',#12785,.T.);
#12785 = EDGE_LOOP('',(#12786));
#12786 = ORIENTED_EDGE('',*,*,#12737,.T.);
#12787 = PLANE('',#12788);
#12788 = AXIS2_PLACEMENT_3D('',#12789,#12790,#12791);
#12789 = CARTESIAN_POINT('',(-10.24247,16.,216.07412));
#12790 = DIRECTION('',(-0.,-1.,-0.));
#12791 = DIRECTION('',(0.,0.,-1.));
#12792 = ADVANCED_FACE('',(#12793),#12796,.F.);
#12793 = FACE_BOUND('',#12794,.T.);
#12794 = EDGE_LOOP('',(#12795));
#12795 = ORIENTED_EDGE('',*,*,#12771,.F.);
#12796 = PLANE('',#12797);
#12797 = AXIS2_PLACEMENT_3D('',#12798,#12799,#12800);
#12798 = CARTESIAN_POINT('',(-10.24247,26.,216.07412));
#12799 = DIRECTION('',(-0.,-1.,-0.));
#12800 = DIRECTION('',(0.,0.,-1.));
#12801 = MANIFOLD_SOLID_BREP('',#12802);
#12802 = CLOSED_SHELL('',(#12803,#12836,#12856,#12876,#12901,#12926,
    #12935));
#12803 = ADVANCED_FACE('',(#12804),#12831,.T.);
#12804 = FACE_BOUND('',#12805,.T.);
#12805 = EDGE_LOOP('',(#12806,#12815,#12823,#12830));
#12806 = ORIENTED_EDGE('',*,*,#12807,.F.);
#12807 = EDGE_CURVE('',#12808,#12808,#12810,.T.);
#12808 = VERTEX_POINT('',#12809);
#12809 = CARTESIAN_POINT('',(13.413751838421,20.,180.24310550665));
#12810 = CIRCLE('',#12811,1.9);
#12811 = AXIS2_PLACEMENT_3D('',#12812,#12813,#12814);
#12812 = CARTESIAN_POINT('',(11.916531406568,20.,181.41286230977));
#12813 = DIRECTION('',(0.,-1.,0.));
#12814 = DIRECTION('',(0.788010753607,0.,-0.615661475326));
#12815 = ORIENTED_EDGE('',*,*,#12816,.F.);
#12816 = EDGE_CURVE('',#12817,#12808,#12819,.T.);
#12817 = VERTEX_POINT('',#12818);
#12818 = CARTESIAN_POINT('',(13.413751838421,38.,180.24310550665));
#12819 = LINE('',#12820,#12821);
#12820 = CARTESIAN_POINT('',(13.413751838421,38.,180.24310550665));
#12821 = VECTOR('',#12822,1.);
#12822 = DIRECTION('',(0.,-1.,0.));
#12823 = ORIENTED_EDGE('',*,*,#12824,.T.);
#12824 = EDGE_CURVE('',#12817,#12817,#12825,.T.);
#12825 = CIRCLE('',#12826,1.9);
#12826 = AXIS2_PLACEMENT_3D('',#12827,#12828,#12829);
#12827 = CARTESIAN_POINT('',(11.916531406568,38.,181.41286230977));
#12828 = DIRECTION('',(0.,-1.,0.));
#12829 = DIRECTION('',(0.788010753607,0.,-0.615661475326));
#12830 = ORIENTED_EDGE('',*,*,#12816,.T.);
#12831 = CYLINDRICAL_SURFACE('',#12832,1.9);
#12832 = AXIS2_PLACEMENT_3D('',#12833,#12834,#12835);
#12833 = CARTESIAN_POINT('',(11.916531406568,38.,181.41286230977));
#12834 = DIRECTION('',(0.,-1.,-0.));
#12835 = DIRECTION('',(0.788010753607,0.,-0.615661475326));
#12836 = ADVANCED_FACE('',(#12837,#12840),#12851,.T.);
#12837 = FACE_BOUND('',#12838,.T.);
#12838 = EDGE_LOOP('',(#12839));
#12839 = ORIENTED_EDGE('',*,*,#12807,.T.);
#12840 = FACE_BOUND('',#12841,.T.);
#12841 = EDGE_LOOP('',(#12842));
#12842 = ORIENTED_EDGE('',*,*,#12843,.F.);
#12843 = EDGE_CURVE('',#12844,#12844,#12846,.T.);
#12844 = VERTEX_POINT('',#12845);
#12845 = CARTESIAN_POINT('',(13.051266891762,20.,180.5263097853));
#12846 = CIRCLE('',#12847,1.44);
#12847 = AXIS2_PLACEMENT_3D('',#12848,#12849,#12850);
#12848 = CARTESIAN_POINT('',(11.916531406568,20.,181.41286230977));
#12849 = DIRECTION('',(0.,-1.,0.));
#12850 = DIRECTION('',(0.788010753607,0.,-0.615661475326));
#12851 = PLANE('',#12852);
#12852 = AXIS2_PLACEMENT_3D('',#12853,#12854,#12855);
#12853 = CARTESIAN_POINT('',(11.916531406568,20.,181.41286230977));
#12854 = DIRECTION('',(0.,-1.,-0.));
#12855 = DIRECTION('',(0.788010753607,0.,-0.615661475326));
#12856 = ADVANCED_FACE('',(#12857,#12868),#12871,.T.);
#12857 = FACE_BOUND('',#12858,.T.);
#12858 = EDGE_LOOP('',(#12859));
#12859 = ORIENTED_EDGE('',*,*,#12860,.T.);
#12860 = EDGE_CURVE('',#12861,#12861,#12863,.T.);
#12861 = VERTEX_POINT('',#12862);
#12862 = CARTESIAN_POINT('',(14.674569044191,38.,179.25804714613));
#12863 = CIRCLE('',#12864,3.5);
#12864 = AXIS2_PLACEMENT_3D('',#12865,#12866,#12867);
#12865 = CARTESIAN_POINT('',(11.916531406568,38.,181.41286230977));
#12866 = DIRECTION('',(0.,-1.,0.));
#12867 = DIRECTION('',(0.788010753607,0.,-0.615661475326));
#12868 = FACE_BOUND('',#12869,.T.);
#12869 = EDGE_LOOP('',(#12870));
#12870 = ORIENTED_EDGE('',*,*,#12824,.F.);
#12871 = PLANE('',#12872);
#12872 = AXIS2_PLACEMENT_3D('',#12873,#12874,#12875);
#12873 = CARTESIAN_POINT('',(11.916531406568,38.,181.41286230977));
#12874 = DIRECTION('',(0.,-1.,-0.));
#12875 = DIRECTION('',(0.788010753607,0.,-0.615661475326));
#12876 = ADVANCED_FACE('',(#12877),#12896,.T.);
#12877 = FACE_BOUND('',#12878,.T.);
#12878 = EDGE_LOOP('',(#12879,#12888,#12894,#12895));
#12879 = ORIENTED_EDGE('',*,*,#12880,.F.);
#12880 = EDGE_CURVE('',#12881,#12881,#12883,.T.);
#12881 = VERTEX_POINT('',#12882);
#12882 = CARTESIAN_POINT('',(13.051266891762,19.,180.5263097853));
#12883 = CIRCLE('',#12884,1.44);
#12884 = AXIS2_PLACEMENT_3D('',#12885,#12886,#12887);
#12885 = CARTESIAN_POINT('',(11.916531406568,19.,181.41286230977));
#12886 = DIRECTION('',(0.,-1.,0.));
#12887 = DIRECTION('',(0.788010753607,0.,-0.615661475326));
#12888 = ORIENTED_EDGE('',*,*,#12889,.F.);
#12889 = EDGE_CURVE('',#12844,#12881,#12890,.T.);
#12890 = LINE('',#12891,#12892);
#12891 = CARTESIAN_POINT('',(13.051266891762,20.,180.5263097853));
#12892 = VECTOR('',#12893,1.);
#12893 = DIRECTION('',(0.,-1.,0.));
#12894 = ORIENTED_EDGE('',*,*,#12843,.T.);
#12895 = ORIENTED_EDGE('',*,*,#12889,.T.);
#12896 = CYLINDRICAL_SURFACE('',#12897,1.44);
#12897 = AXIS2_PLACEMENT_3D('',#12898,#12899,#12900);
#12898 = CARTESIAN_POINT('',(11.916531406568,20.,181.41286230977));
#12899 = DIRECTION('',(0.,-1.,-0.));
#12900 = DIRECTION('',(0.788010753607,0.,-0.615661475326));
#12901 = ADVANCED_FACE('',(#12902),#12921,.T.);
#12902 = FACE_BOUND('',#12903,.T.);
#12903 = EDGE_LOOP('',(#12904,#12905,#12913,#12920));
#12904 = ORIENTED_EDGE('',*,*,#12860,.F.);
#12905 = ORIENTED_EDGE('',*,*,#12906,.F.);
#12906 = EDGE_CURVE('',#12907,#12861,#12909,.T.);
#12907 = VERTEX_POINT('',#12908);
#12908 = CARTESIAN_POINT('',(14.674569044191,42.,179.25804714613));
#12909 = LINE('',#12910,#12911);
#12910 = CARTESIAN_POINT('',(14.674569044191,42.,179.25804714613));
#12911 = VECTOR('',#12912,1.);
#12912 = DIRECTION('',(0.,-1.,0.));
#12913 = ORIENTED_EDGE('',*,*,#12914,.T.);
#12914 = EDGE_CURVE('',#12907,#12907,#12915,.T.);
#12915 = CIRCLE('',#12916,3.5);
#12916 = AXIS2_PLACEMENT_3D('',#12917,#12918,#12919);
#12917 = CARTESIAN_POINT('',(11.916531406568,42.,181.41286230977));
#12918 = DIRECTION('',(0.,-1.,0.));
#12919 = DIRECTION('',(0.788010753607,0.,-0.615661475326));
#12920 = ORIENTED_EDGE('',*,*,#12906,.T.);
#12921 = CYLINDRICAL_SURFACE('',#12922,3.5);
#12922 = AXIS2_PLACEMENT_3D('',#12923,#12924,#12925);
#12923 = CARTESIAN_POINT('',(11.916531406568,42.,181.41286230977));
#12924 = DIRECTION('',(0.,-1.,-0.));
#12925 = DIRECTION('',(0.788010753607,0.,-0.615661475326));
#12926 = ADVANCED_FACE('',(#12927),#12930,.T.);
#12927 = FACE_BOUND('',#12928,.T.);
#12928 = EDGE_LOOP('',(#12929));
#12929 = ORIENTED_EDGE('',*,*,#12880,.T.);
#12930 = PLANE('',#12931);
#12931 = AXIS2_PLACEMENT_3D('',#12932,#12933,#12934);
#12932 = CARTESIAN_POINT('',(11.916531406568,19.,181.41286230977));
#12933 = DIRECTION('',(0.,-1.,-0.));
#12934 = DIRECTION('',(0.788010753607,0.,-0.615661475326));
#12935 = ADVANCED_FACE('',(#12936),#12939,.F.);
#12936 = FACE_BOUND('',#12937,.T.);
#12937 = EDGE_LOOP('',(#12938));
#12938 = ORIENTED_EDGE('',*,*,#12914,.F.);
#12939 = PLANE('',#12940);
#12940 = AXIS2_PLACEMENT_3D('',#12941,#12942,#12943);
#12941 = CARTESIAN_POINT('',(11.916531406568,42.,181.41286230977));
#12942 = DIRECTION('',(0.,-1.,-0.));
#12943 = DIRECTION('',(0.788010753607,0.,-0.615661475326));
#12944 = MANIFOLD_SOLID_BREP('',#12945);
#12945 = CLOSED_SHELL('',(#12946,#12979,#12999,#13019,#13044,#13069,
    #13078));
#12946 = ADVANCED_FACE('',(#12947),#12974,.T.);
#12947 = FACE_BOUND('',#12948,.T.);
#12948 = EDGE_LOOP('',(#12949,#12958,#12966,#12973));
#12949 = ORIENTED_EDGE('',*,*,#12950,.F.);
#12950 = EDGE_CURVE('',#12951,#12951,#12953,.T.);
#12951 = VERTEX_POINT('',#12952);
#12952 = CARTESIAN_POINT('',(-3.237474191618,20.,167.80379351567));
#12953 = CIRCLE('',#12954,1.9);
#12954 = AXIS2_PLACEMENT_3D('',#12955,#12956,#12957);
#12955 = CARTESIAN_POINT('',(-4.73469462347,20.,168.97355031878));
#12956 = DIRECTION('',(0.,-1.,0.));
#12957 = DIRECTION('',(0.788010753607,0.,-0.615661475326));
#12958 = ORIENTED_EDGE('',*,*,#12959,.F.);
#12959 = EDGE_CURVE('',#12960,#12951,#12962,.T.);
#12960 = VERTEX_POINT('',#12961);
#12961 = CARTESIAN_POINT('',(-3.237474191618,38.,167.80379351567));
#12962 = LINE('',#12963,#12964);
#12963 = CARTESIAN_POINT('',(-3.237474191618,38.,167.80379351567));
#12964 = VECTOR('',#12965,1.);
#12965 = DIRECTION('',(0.,-1.,0.));
#12966 = ORIENTED_EDGE('',*,*,#12967,.T.);
#12967 = EDGE_CURVE('',#12960,#12960,#12968,.T.);
#12968 = CIRCLE('',#12969,1.9);
#12969 = AXIS2_PLACEMENT_3D('',#12970,#12971,#12972);
#12970 = CARTESIAN_POINT('',(-4.73469462347,38.,168.97355031878));
#12971 = DIRECTION('',(0.,-1.,0.));
#12972 = DIRECTION('',(0.788010753607,0.,-0.615661475326));
#12973 = ORIENTED_EDGE('',*,*,#12959,.T.);
#12974 = CYLINDRICAL_SURFACE('',#12975,1.9);
#12975 = AXIS2_PLACEMENT_3D('',#12976,#12977,#12978);
#12976 = CARTESIAN_POINT('',(-4.73469462347,38.,168.97355031878));
#12977 = DIRECTION('',(0.,-1.,-0.));
#12978 = DIRECTION('',(0.788010753607,0.,-0.615661475326));
#12979 = ADVANCED_FACE('',(#12980,#12983),#12994,.T.);
#12980 = FACE_BOUND('',#12981,.T.);
#12981 = EDGE_LOOP('',(#12982));
#12982 = ORIENTED_EDGE('',*,*,#12950,.T.);
#12983 = FACE_BOUND('',#12984,.T.);
#12984 = EDGE_LOOP('',(#12985));
#12985 = ORIENTED_EDGE('',*,*,#12986,.F.);
#12986 = EDGE_CURVE('',#12987,#12987,#12989,.T.);
#12987 = VERTEX_POINT('',#12988);
#12988 = CARTESIAN_POINT('',(-3.599959138277,20.,168.08699779432));
#12989 = CIRCLE('',#12990,1.44);
#12990 = AXIS2_PLACEMENT_3D('',#12991,#12992,#12993);
#12991 = CARTESIAN_POINT('',(-4.73469462347,20.,168.97355031878));
#12992 = DIRECTION('',(0.,-1.,0.));
#12993 = DIRECTION('',(0.788010753607,0.,-0.615661475326));
#12994 = PLANE('',#12995);
#12995 = AXIS2_PLACEMENT_3D('',#12996,#12997,#12998);
#12996 = CARTESIAN_POINT('',(-4.73469462347,20.,168.97355031878));
#12997 = DIRECTION('',(0.,-1.,-0.));
#12998 = DIRECTION('',(0.788010753607,0.,-0.615661475326));
#12999 = ADVANCED_FACE('',(#13000,#13011),#13014,.T.);
#13000 = FACE_BOUND('',#13001,.T.);
#13001 = EDGE_LOOP('',(#13002));
#13002 = ORIENTED_EDGE('',*,*,#13003,.T.);
#13003 = EDGE_CURVE('',#13004,#13004,#13006,.T.);
#13004 = VERTEX_POINT('',#13005);
#13005 = CARTESIAN_POINT('',(-1.976656985847,38.,166.81873515514));
#13006 = CIRCLE('',#13007,3.5);
#13007 = AXIS2_PLACEMENT_3D('',#13008,#13009,#13010);
#13008 = CARTESIAN_POINT('',(-4.73469462347,38.,168.97355031878));
#13009 = DIRECTION('',(0.,-1.,0.));
#13010 = DIRECTION('',(0.788010753607,0.,-0.615661475326));
#13011 = FACE_BOUND('',#13012,.T.);
#13012 = EDGE_LOOP('',(#13013));
#13013 = ORIENTED_EDGE('',*,*,#12967,.F.);
#13014 = PLANE('',#13015);
#13015 = AXIS2_PLACEMENT_3D('',#13016,#13017,#13018);
#13016 = CARTESIAN_POINT('',(-4.73469462347,38.,168.97355031878));
#13017 = DIRECTION('',(0.,-1.,-0.));
#13018 = DIRECTION('',(0.788010753607,0.,-0.615661475326));
#13019 = ADVANCED_FACE('',(#13020),#13039,.T.);
#13020 = FACE_BOUND('',#13021,.T.);
#13021 = EDGE_LOOP('',(#13022,#13031,#13037,#13038));
#13022 = ORIENTED_EDGE('',*,*,#13023,.F.);
#13023 = EDGE_CURVE('',#13024,#13024,#13026,.T.);
#13024 = VERTEX_POINT('',#13025);
#13025 = CARTESIAN_POINT('',(-3.599959138277,19.,168.08699779432));
#13026 = CIRCLE('',#13027,1.44);
#13027 = AXIS2_PLACEMENT_3D('',#13028,#13029,#13030);
#13028 = CARTESIAN_POINT('',(-4.73469462347,19.,168.97355031878));
#13029 = DIRECTION('',(0.,-1.,0.));
#13030 = DIRECTION('',(0.788010753607,0.,-0.615661475326));
#13031 = ORIENTED_EDGE('',*,*,#13032,.F.);
#13032 = EDGE_CURVE('',#12987,#13024,#13033,.T.);
#13033 = LINE('',#13034,#13035);
#13034 = CARTESIAN_POINT('',(-3.599959138277,20.,168.08699779432));
#13035 = VECTOR('',#13036,1.);
#13036 = DIRECTION('',(0.,-1.,0.));
#13037 = ORIENTED_EDGE('',*,*,#12986,.T.);
#13038 = ORIENTED_EDGE('',*,*,#13032,.T.);
#13039 = CYLINDRICAL_SURFACE('',#13040,1.44);
#13040 = AXIS2_PLACEMENT_3D('',#13041,#13042,#13043);
#13041 = CARTESIAN_POINT('',(-4.73469462347,20.,168.97355031878));
#13042 = DIRECTION('',(0.,-1.,-0.));
#13043 = DIRECTION('',(0.788010753607,0.,-0.615661475326));
#13044 = ADVANCED_FACE('',(#13045),#13064,.T.);
#13045 = FACE_BOUND('',#13046,.T.);
#13046 = EDGE_LOOP('',(#13047,#13048,#13056,#13063));
#13047 = ORIENTED_EDGE('',*,*,#13003,.F.);
#13048 = ORIENTED_EDGE('',*,*,#13049,.F.);
#13049 = EDGE_CURVE('',#13050,#13004,#13052,.T.);
#13050 = VERTEX_POINT('',#13051);
#13051 = CARTESIAN_POINT('',(-1.976656985847,42.,166.81873515514));
#13052 = LINE('',#13053,#13054);
#13053 = CARTESIAN_POINT('',(-1.976656985847,42.,166.81873515514));
#13054 = VECTOR('',#13055,1.);
#13055 = DIRECTION('',(0.,-1.,0.));
#13056 = ORIENTED_EDGE('',*,*,#13057,.T.);
#13057 = EDGE_CURVE('',#13050,#13050,#13058,.T.);
#13058 = CIRCLE('',#13059,3.5);
#13059 = AXIS2_PLACEMENT_3D('',#13060,#13061,#13062);
#13060 = CARTESIAN_POINT('',(-4.73469462347,42.,168.97355031878));
#13061 = DIRECTION('',(0.,-1.,0.));
#13062 = DIRECTION('',(0.788010753607,0.,-0.615661475326));
#13063 = ORIENTED_EDGE('',*,*,#13049,.T.);
#13064 = CYLINDRICAL_SURFACE('',#13065,3.5);
#13065 = AXIS2_PLACEMENT_3D('',#13066,#13067,#13068);
#13066 = CARTESIAN_POINT('',(-4.73469462347,42.,168.97355031878));
#13067 = DIRECTION('',(0.,-1.,-0.));
#13068 = DIRECTION('',(0.788010753607,0.,-0.615661475326));
#13069 = ADVANCED_FACE('',(#13070),#13073,.T.);
#13070 = FACE_BOUND('',#13071,.T.);
#13071 = EDGE_LOOP('',(#13072));
#13072 = ORIENTED_EDGE('',*,*,#13023,.T.);
#13073 = PLANE('',#13074);
#13074 = AXIS2_PLACEMENT_3D('',#13075,#13076,#13077);
#13075 = CARTESIAN_POINT('',(-4.73469462347,19.,168.97355031878));
#13076 = DIRECTION('',(0.,-1.,-0.));
#13077 = DIRECTION('',(0.788010753607,0.,-0.615661475326));
#13078 = ADVANCED_FACE('',(#13079),#13082,.F.);
#13079 = FACE_BOUND('',#13080,.T.);
#13080 = EDGE_LOOP('',(#13081));
#13081 = ORIENTED_EDGE('',*,*,#13057,.F.);
#13082 = PLANE('',#13083);
#13083 = AXIS2_PLACEMENT_3D('',#13084,#13085,#13086);
#13084 = CARTESIAN_POINT('',(-4.73469462347,42.,168.97355031878));
#13085 = DIRECTION('',(0.,-1.,-0.));
#13086 = DIRECTION('',(0.788010753607,0.,-0.615661475326));
#13087 = MANIFOLD_SOLID_BREP('',#13088);
#13088 = CLOSED_SHELL('',(#13089,#13122,#13142,#13162,#13187,#13212,
    #13221));
#13089 = ADVANCED_FACE('',(#13090),#13117,.T.);
#13090 = FACE_BOUND('',#13091,.T.);
#13091 = EDGE_LOOP('',(#13092,#13101,#13109,#13116));
#13092 = ORIENTED_EDGE('',*,*,#13093,.F.);
#13093 = EDGE_CURVE('',#13094,#13094,#13096,.T.);
#13094 = VERTEX_POINT('',#13095);
#13095 = CARTESIAN_POINT('',(6.231915055323,20.,189.85669287809));
#13096 = CIRCLE('',#13097,1.9);
#13097 = AXIS2_PLACEMENT_3D('',#13098,#13099,#13100);
#13098 = CARTESIAN_POINT('',(4.73469462347,20.,191.02644968121));
#13099 = DIRECTION('',(0.,-1.,0.));
#13100 = DIRECTION('',(0.788010753607,0.,-0.615661475326));
#13101 = ORIENTED_EDGE('',*,*,#13102,.F.);
#13102 = EDGE_CURVE('',#13103,#13094,#13105,.T.);
#13103 = VERTEX_POINT('',#13104);
#13104 = CARTESIAN_POINT('',(6.231915055323,38.,189.85669287809));
#13105 = LINE('',#13106,#13107);
#13106 = CARTESIAN_POINT('',(6.231915055323,38.,189.85669287809));
#13107 = VECTOR('',#13108,1.);
#13108 = DIRECTION('',(0.,-1.,0.));
#13109 = ORIENTED_EDGE('',*,*,#13110,.T.);
#13110 = EDGE_CURVE('',#13103,#13103,#13111,.T.);
#13111 = CIRCLE('',#13112,1.9);
#13112 = AXIS2_PLACEMENT_3D('',#13113,#13114,#13115);
#13113 = CARTESIAN_POINT('',(4.73469462347,38.,191.02644968121));
#13114 = DIRECTION('',(0.,-1.,0.));
#13115 = DIRECTION('',(0.788010753607,0.,-0.615661475326));
#13116 = ORIENTED_EDGE('',*,*,#13102,.T.);
#13117 = CYLINDRICAL_SURFACE('',#13118,1.9);
#13118 = AXIS2_PLACEMENT_3D('',#13119,#13120,#13121);
#13119 = CARTESIAN_POINT('',(4.73469462347,38.,191.02644968121));
#13120 = DIRECTION('',(0.,-1.,-0.));
#13121 = DIRECTION('',(0.788010753607,0.,-0.615661475326));
#13122 = ADVANCED_FACE('',(#13123,#13126),#13137,.T.);
#13123 = FACE_BOUND('',#13124,.T.);
#13124 = EDGE_LOOP('',(#13125));
#13125 = ORIENTED_EDGE('',*,*,#13093,.T.);
#13126 = FACE_BOUND('',#13127,.T.);
#13127 = EDGE_LOOP('',(#13128));
#13128 = ORIENTED_EDGE('',*,*,#13129,.F.);
#13129 = EDGE_CURVE('',#13130,#13130,#13132,.T.);
#13130 = VERTEX_POINT('',#13131);
#13131 = CARTESIAN_POINT('',(5.869430108664,20.,190.13989715674));
#13132 = CIRCLE('',#13133,1.44);
#13133 = AXIS2_PLACEMENT_3D('',#13134,#13135,#13136);
#13134 = CARTESIAN_POINT('',(4.73469462347,20.,191.02644968121));
#13135 = DIRECTION('',(0.,-1.,0.));
#13136 = DIRECTION('',(0.788010753607,0.,-0.615661475326));
#13137 = PLANE('',#13138);
#13138 = AXIS2_PLACEMENT_3D('',#13139,#13140,#13141);
#13139 = CARTESIAN_POINT('',(4.73469462347,20.,191.02644968121));
#13140 = DIRECTION('',(0.,-1.,-0.));
#13141 = DIRECTION('',(0.788010753607,0.,-0.615661475326));
#13142 = ADVANCED_FACE('',(#13143,#13154),#13157,.T.);
#13143 = FACE_BOUND('',#13144,.T.);
#13144 = EDGE_LOOP('',(#13145));
#13145 = ORIENTED_EDGE('',*,*,#13146,.T.);
#13146 = EDGE_CURVE('',#13147,#13147,#13149,.T.);
#13147 = VERTEX_POINT('',#13148);
#13148 = CARTESIAN_POINT('',(7.492732261094,38.,188.87163451757));
#13149 = CIRCLE('',#13150,3.5);
#13150 = AXIS2_PLACEMENT_3D('',#13151,#13152,#13153);
#13151 = CARTESIAN_POINT('',(4.73469462347,38.,191.02644968121));
#13152 = DIRECTION('',(0.,-1.,0.));
#13153 = DIRECTION('',(0.788010753607,0.,-0.615661475326));
#13154 = FACE_BOUND('',#13155,.T.);
#13155 = EDGE_LOOP('',(#13156));
#13156 = ORIENTED_EDGE('',*,*,#13110,.F.);
#13157 = PLANE('',#13158);
#13158 = AXIS2_PLACEMENT_3D('',#13159,#13160,#13161);
#13159 = CARTESIAN_POINT('',(4.73469462347,38.,191.02644968121));
#13160 = DIRECTION('',(0.,-1.,-0.));
#13161 = DIRECTION('',(0.788010753607,0.,-0.615661475326));
#13162 = ADVANCED_FACE('',(#13163),#13182,.T.);
#13163 = FACE_BOUND('',#13164,.T.);
#13164 = EDGE_LOOP('',(#13165,#13174,#13180,#13181));
#13165 = ORIENTED_EDGE('',*,*,#13166,.F.);
#13166 = EDGE_CURVE('',#13167,#13167,#13169,.T.);
#13167 = VERTEX_POINT('',#13168);
#13168 = CARTESIAN_POINT('',(5.869430108664,19.,190.13989715674));
#13169 = CIRCLE('',#13170,1.44);
#13170 = AXIS2_PLACEMENT_3D('',#13171,#13172,#13173);
#13171 = CARTESIAN_POINT('',(4.73469462347,19.,191.02644968121));
#13172 = DIRECTION('',(0.,-1.,0.));
#13173 = DIRECTION('',(0.788010753607,0.,-0.615661475326));
#13174 = ORIENTED_EDGE('',*,*,#13175,.F.);
#13175 = EDGE_CURVE('',#13130,#13167,#13176,.T.);
#13176 = LINE('',#13177,#13178);
#13177 = CARTESIAN_POINT('',(5.869430108664,20.,190.13989715674));
#13178 = VECTOR('',#13179,1.);
#13179 = DIRECTION('',(0.,-1.,0.));
#13180 = ORIENTED_EDGE('',*,*,#13129,.T.);
#13181 = ORIENTED_EDGE('',*,*,#13175,.T.);
#13182 = CYLINDRICAL_SURFACE('',#13183,1.44);
#13183 = AXIS2_PLACEMENT_3D('',#13184,#13185,#13186);
#13184 = CARTESIAN_POINT('',(4.73469462347,20.,191.02644968121));
#13185 = DIRECTION('',(0.,-1.,-0.));
#13186 = DIRECTION('',(0.788010753607,0.,-0.615661475326));
#13187 = ADVANCED_FACE('',(#13188),#13207,.T.);
#13188 = FACE_BOUND('',#13189,.T.);
#13189 = EDGE_LOOP('',(#13190,#13191,#13199,#13206));
#13190 = ORIENTED_EDGE('',*,*,#13146,.F.);
#13191 = ORIENTED_EDGE('',*,*,#13192,.F.);
#13192 = EDGE_CURVE('',#13193,#13147,#13195,.T.);
#13193 = VERTEX_POINT('',#13194);
#13194 = CARTESIAN_POINT('',(7.492732261094,42.,188.87163451757));
#13195 = LINE('',#13196,#13197);
#13196 = CARTESIAN_POINT('',(7.492732261094,42.,188.87163451757));
#13197 = VECTOR('',#13198,1.);
#13198 = DIRECTION('',(0.,-1.,0.));
#13199 = ORIENTED_EDGE('',*,*,#13200,.T.);
#13200 = EDGE_CURVE('',#13193,#13193,#13201,.T.);
#13201 = CIRCLE('',#13202,3.5);
#13202 = AXIS2_PLACEMENT_3D('',#13203,#13204,#13205);
#13203 = CARTESIAN_POINT('',(4.73469462347,42.,191.02644968121));
#13204 = DIRECTION('',(0.,-1.,0.));
#13205 = DIRECTION('',(0.788010753607,0.,-0.615661475326));
#13206 = ORIENTED_EDGE('',*,*,#13192,.T.);
#13207 = CYLINDRICAL_SURFACE('',#13208,3.5);
#13208 = AXIS2_PLACEMENT_3D('',#13209,#13210,#13211);
#13209 = CARTESIAN_POINT('',(4.73469462347,42.,191.02644968121));
#13210 = DIRECTION('',(0.,-1.,-0.));
#13211 = DIRECTION('',(0.788010753607,0.,-0.615661475326));
#13212 = ADVANCED_FACE('',(#13213),#13216,.T.);
#13213 = FACE_BOUND('',#13214,.T.);
#13214 = EDGE_LOOP('',(#13215));
#13215 = ORIENTED_EDGE('',*,*,#13166,.T.);
#13216 = PLANE('',#13217);
#13217 = AXIS2_PLACEMENT_3D('',#13218,#13219,#13220);
#13218 = CARTESIAN_POINT('',(4.73469462347,19.,191.02644968121));
#13219 = DIRECTION('',(0.,-1.,-0.));
#13220 = DIRECTION('',(0.788010753607,0.,-0.615661475326));
#13221 = ADVANCED_FACE('',(#13222),#13225,.F.);
#13222 = FACE_BOUND('',#13223,.T.);
#13223 = EDGE_LOOP('',(#13224));
#13224 = ORIENTED_EDGE('',*,*,#13200,.F.);
#13225 = PLANE('',#13226);
#13226 = AXIS2_PLACEMENT_3D('',#13227,#13228,#13229);
#13227 = CARTESIAN_POINT('',(4.73469462347,42.,191.02644968121));
#13228 = DIRECTION('',(0.,-1.,-0.));
#13229 = DIRECTION('',(0.788010753607,0.,-0.615661475326));
#13230 = MANIFOLD_SOLID_BREP('',#13231);
#13231 = CLOSED_SHELL('',(#13232,#13265,#13285,#13305,#13330,#13355,
    #13364));
#13232 = ADVANCED_FACE('',(#13233),#13260,.T.);
#13233 = FACE_BOUND('',#13234,.T.);
#13234 = EDGE_LOOP('',(#13235,#13244,#13252,#13259));
#13235 = ORIENTED_EDGE('',*,*,#13236,.F.);
#13236 = EDGE_CURVE('',#13237,#13237,#13239,.T.);
#13237 = VERTEX_POINT('',#13238);
#13238 = CARTESIAN_POINT('',(-5.684624231352,20.,188.44383672493));
#13239 = CIRCLE('',#13240,1.9);
#13240 = AXIS2_PLACEMENT_3D('',#13241,#13242,#13243);
#13241 = CARTESIAN_POINT('',(-7.181844663205,20.,189.61359352805));
#13242 = DIRECTION('',(0.,-1.,0.));
#13243 = DIRECTION('',(0.788010753607,0.,-0.615661475326));
#13244 = ORIENTED_EDGE('',*,*,#13245,.F.);
#13245 = EDGE_CURVE('',#13246,#13237,#13248,.T.);
#13246 = VERTEX_POINT('',#13247);
#13247 = CARTESIAN_POINT('',(-5.684624231352,38.,188.44383672493));
#13248 = LINE('',#13249,#13250);
#13249 = CARTESIAN_POINT('',(-5.684624231352,38.,188.44383672493));
#13250 = VECTOR('',#13251,1.);
#13251 = DIRECTION('',(0.,-1.,0.));
#13252 = ORIENTED_EDGE('',*,*,#13253,.T.);
#13253 = EDGE_CURVE('',#13246,#13246,#13254,.T.);
#13254 = CIRCLE('',#13255,1.9);
#13255 = AXIS2_PLACEMENT_3D('',#13256,#13257,#13258);
#13256 = CARTESIAN_POINT('',(-7.181844663205,38.,189.61359352805));
#13257 = DIRECTION('',(0.,-1.,0.));
#13258 = DIRECTION('',(0.788010753607,0.,-0.615661475326));
#13259 = ORIENTED_EDGE('',*,*,#13245,.T.);
#13260 = CYLINDRICAL_SURFACE('',#13261,1.9);
#13261 = AXIS2_PLACEMENT_3D('',#13262,#13263,#13264);
#13262 = CARTESIAN_POINT('',(-7.181844663205,38.,189.61359352805));
#13263 = DIRECTION('',(0.,-1.,-0.));
#13264 = DIRECTION('',(0.788010753607,0.,-0.615661475326));
#13265 = ADVANCED_FACE('',(#13266,#13269),#13280,.T.);
#13266 = FACE_BOUND('',#13267,.T.);
#13267 = EDGE_LOOP('',(#13268));
#13268 = ORIENTED_EDGE('',*,*,#13236,.T.);
#13269 = FACE_BOUND('',#13270,.T.);
#13270 = EDGE_LOOP('',(#13271));
#13271 = ORIENTED_EDGE('',*,*,#13272,.F.);
#13272 = EDGE_CURVE('',#13273,#13273,#13275,.T.);
#13273 = VERTEX_POINT('',#13274);
#13274 = CARTESIAN_POINT('',(-6.047109178011,20.,188.72704100358));
#13275 = CIRCLE('',#13276,1.44);
#13276 = AXIS2_PLACEMENT_3D('',#13277,#13278,#13279);
#13277 = CARTESIAN_POINT('',(-7.181844663205,20.,189.61359352805));
#13278 = DIRECTION('',(0.,-1.,0.));
#13279 = DIRECTION('',(0.788010753607,0.,-0.615661475326));
#13280 = PLANE('',#13281);
#13281 = AXIS2_PLACEMENT_3D('',#13282,#13283,#13284);
#13282 = CARTESIAN_POINT('',(-7.181844663205,20.,189.61359352805));
#13283 = DIRECTION('',(0.,-1.,-0.));
#13284 = DIRECTION('',(0.788010753607,0.,-0.615661475326));
#13285 = ADVANCED_FACE('',(#13286,#13297),#13300,.T.);
#13286 = FACE_BOUND('',#13287,.T.);
#13287 = EDGE_LOOP('',(#13288));
#13288 = ORIENTED_EDGE('',*,*,#13289,.T.);
#13289 = EDGE_CURVE('',#13290,#13290,#13292,.T.);
#13290 = VERTEX_POINT('',#13291);
#13291 = CARTESIAN_POINT('',(-4.423807025582,38.,187.45877836441));
#13292 = CIRCLE('',#13293,3.5);
#13293 = AXIS2_PLACEMENT_3D('',#13294,#13295,#13296);
#13294 = CARTESIAN_POINT('',(-7.181844663205,38.,189.61359352805));
#13295 = DIRECTION('',(0.,-1.,0.));
#13296 = DIRECTION('',(0.788010753607,0.,-0.615661475326));
#13297 = FACE_BOUND('',#13298,.T.);
#13298 = EDGE_LOOP('',(#13299));
#13299 = ORIENTED_EDGE('',*,*,#13253,.F.);
#13300 = PLANE('',#13301);
#13301 = AXIS2_PLACEMENT_3D('',#13302,#13303,#13304);
#13302 = CARTESIAN_POINT('',(-7.181844663205,38.,189.61359352805));
#13303 = DIRECTION('',(0.,-1.,-0.));
#13304 = DIRECTION('',(0.788010753607,0.,-0.615661475326));
#13305 = ADVANCED_FACE('',(#13306),#13325,.T.);
#13306 = FACE_BOUND('',#13307,.T.);
#13307 = EDGE_LOOP('',(#13308,#13317,#13323,#13324));
#13308 = ORIENTED_EDGE('',*,*,#13309,.F.);
#13309 = EDGE_CURVE('',#13310,#13310,#13312,.T.);
#13310 = VERTEX_POINT('',#13311);
#13311 = CARTESIAN_POINT('',(-6.047109178011,19.,188.72704100358));
#13312 = CIRCLE('',#13313,1.44);
#13313 = AXIS2_PLACEMENT_3D('',#13314,#13315,#13316);
#13314 = CARTESIAN_POINT('',(-7.181844663205,19.,189.61359352805));
#13315 = DIRECTION('',(0.,-1.,0.));
#13316 = DIRECTION('',(0.788010753607,0.,-0.615661475326));
#13317 = ORIENTED_EDGE('',*,*,#13318,.F.);
#13318 = EDGE_CURVE('',#13273,#13310,#13319,.T.);
#13319 = LINE('',#13320,#13321);
#13320 = CARTESIAN_POINT('',(-6.047109178011,20.,188.72704100358));
#13321 = VECTOR('',#13322,1.);
#13322 = DIRECTION('',(0.,-1.,0.));
#13323 = ORIENTED_EDGE('',*,*,#13272,.T.);
#13324 = ORIENTED_EDGE('',*,*,#13318,.T.);
#13325 = CYLINDRICAL_SURFACE('',#13326,1.44);
#13326 = AXIS2_PLACEMENT_3D('',#13327,#13328,#13329);
#13327 = CARTESIAN_POINT('',(-7.181844663205,20.,189.61359352805));
#13328 = DIRECTION('',(0.,-1.,-0.));
#13329 = DIRECTION('',(0.788010753607,0.,-0.615661475326));
#13330 = ADVANCED_FACE('',(#13331),#13350,.T.);
#13331 = FACE_BOUND('',#13332,.T.);
#13332 = EDGE_LOOP('',(#13333,#13334,#13342,#13349));
#13333 = ORIENTED_EDGE('',*,*,#13289,.F.);
#13334 = ORIENTED_EDGE('',*,*,#13335,.F.);
#13335 = EDGE_CURVE('',#13336,#13290,#13338,.T.);
#13336 = VERTEX_POINT('',#13337);
#13337 = CARTESIAN_POINT('',(-4.423807025582,42.,187.45877836441));
#13338 = LINE('',#13339,#13340);
#13339 = CARTESIAN_POINT('',(-4.423807025582,42.,187.45877836441));
#13340 = VECTOR('',#13341,1.);
#13341 = DIRECTION('',(0.,-1.,0.));
#13342 = ORIENTED_EDGE('',*,*,#13343,.T.);
#13343 = EDGE_CURVE('',#13336,#13336,#13344,.T.);
#13344 = CIRCLE('',#13345,3.5);
#13345 = AXIS2_PLACEMENT_3D('',#13346,#13347,#13348);
#13346 = CARTESIAN_POINT('',(-7.181844663205,42.,189.61359352805));
#13347 = DIRECTION('',(0.,-1.,0.));
#13348 = DIRECTION('',(0.788010753607,0.,-0.615661475326));
#13349 = ORIENTED_EDGE('',*,*,#13335,.T.);
#13350 = CYLINDRICAL_SURFACE('',#13351,3.5);
#13351 = AXIS2_PLACEMENT_3D('',#13352,#13353,#13354);
#13352 = CARTESIAN_POINT('',(-7.181844663205,42.,189.61359352805));
#13353 = DIRECTION('',(0.,-1.,-0.));
#13354 = DIRECTION('',(0.788010753607,0.,-0.615661475326));
#13355 = ADVANCED_FACE('',(#13356),#13359,.T.);
#13356 = FACE_BOUND('',#13357,.T.);
#13357 = EDGE_LOOP('',(#13358));
#13358 = ORIENTED_EDGE('',*,*,#13309,.T.);
#13359 = PLANE('',#13360);
#13360 = AXIS2_PLACEMENT_3D('',#13361,#13362,#13363);
#13361 = CARTESIAN_POINT('',(-7.181844663205,19.,189.61359352805));
#13362 = DIRECTION('',(0.,-1.,-0.));
#13363 = DIRECTION('',(0.788010753607,0.,-0.615661475326));
#13364 = ADVANCED_FACE('',(#13365),#13368,.F.);
#13365 = FACE_BOUND('',#13366,.T.);
#13366 = EDGE_LOOP('',(#13367));
#13367 = ORIENTED_EDGE('',*,*,#13343,.F.);
#13368 = PLANE('',#13369);
#13369 = AXIS2_PLACEMENT_3D('',#13370,#13371,#13372);
#13370 = CARTESIAN_POINT('',(-7.181844663205,42.,189.61359352805));
#13371 = DIRECTION('',(0.,-1.,-0.));
#13372 = DIRECTION('',(0.788010753607,0.,-0.615661475326));
#13373 = MANIFOLD_SOLID_BREP('',#13374);
#13374 = CLOSED_SHELL('',(#13375,#13408,#13428,#13448,#13473,#13498,
    #13507));
#13375 = ADVANCED_FACE('',(#13376),#13403,.T.);
#13376 = FACE_BOUND('',#13377,.T.);
#13377 = EDGE_LOOP('',(#13378,#13387,#13395,#13402));
#13378 = ORIENTED_EDGE('',*,*,#13379,.F.);
#13379 = EDGE_CURVE('',#13380,#13380,#13382,.T.);
#13380 = VERTEX_POINT('',#13381);
#13381 = CARTESIAN_POINT('',(-10.41931885482,20.,177.41738704372));
#13382 = CIRCLE('',#13383,1.9);
#13383 = AXIS2_PLACEMENT_3D('',#13384,#13385,#13386);
#13384 = CARTESIAN_POINT('',(-11.91653928667,20.,178.58714384684));
#13385 = DIRECTION('',(0.,-1.,0.));
#13386 = DIRECTION('',(0.788010753607,0.,-0.615661475326));
#13387 = ORIENTED_EDGE('',*,*,#13388,.F.);
#13388 = EDGE_CURVE('',#13389,#13380,#13391,.T.);
#13389 = VERTEX_POINT('',#13390);
#13390 = CARTESIAN_POINT('',(-10.41931885482,38.,177.41738704372));
#13391 = LINE('',#13392,#13393);
#13392 = CARTESIAN_POINT('',(-10.41931885482,38.,177.41738704372));
#13393 = VECTOR('',#13394,1.);
#13394 = DIRECTION('',(0.,-1.,0.));
#13395 = ORIENTED_EDGE('',*,*,#13396,.T.);
#13396 = EDGE_CURVE('',#13389,#13389,#13397,.T.);
#13397 = CIRCLE('',#13398,1.9);
#13398 = AXIS2_PLACEMENT_3D('',#13399,#13400,#13401);
#13399 = CARTESIAN_POINT('',(-11.91653928667,38.,178.58714384684));
#13400 = DIRECTION('',(0.,-1.,0.));
#13401 = DIRECTION('',(0.788010753607,0.,-0.615661475326));
#13402 = ORIENTED_EDGE('',*,*,#13388,.T.);
#13403 = CYLINDRICAL_SURFACE('',#13404,1.9);
#13404 = AXIS2_PLACEMENT_3D('',#13405,#13406,#13407);
#13405 = CARTESIAN_POINT('',(-11.91653928667,38.,178.58714384684));
#13406 = DIRECTION('',(0.,-1.,-0.));
#13407 = DIRECTION('',(0.788010753607,0.,-0.615661475326));
#13408 = ADVANCED_FACE('',(#13409,#13412),#13423,.T.);
#13409 = FACE_BOUND('',#13410,.T.);
#13410 = EDGE_LOOP('',(#13411));
#13411 = ORIENTED_EDGE('',*,*,#13379,.T.);
#13412 = FACE_BOUND('',#13413,.T.);
#13413 = EDGE_LOOP('',(#13414));
#13414 = ORIENTED_EDGE('',*,*,#13415,.F.);
#13415 = EDGE_CURVE('',#13416,#13416,#13418,.T.);
#13416 = VERTEX_POINT('',#13417);
#13417 = CARTESIAN_POINT('',(-10.78180380148,20.,177.70059132237));
#13418 = CIRCLE('',#13419,1.44);
#13419 = AXIS2_PLACEMENT_3D('',#13420,#13421,#13422);
#13420 = CARTESIAN_POINT('',(-11.91653928667,20.,178.58714384684));
#13421 = DIRECTION('',(0.,-1.,0.));
#13422 = DIRECTION('',(0.788010753607,0.,-0.615661475326));
#13423 = PLANE('',#13424);
#13424 = AXIS2_PLACEMENT_3D('',#13425,#13426,#13427);
#13425 = CARTESIAN_POINT('',(-11.91653928667,20.,178.58714384684));
#13426 = DIRECTION('',(0.,-1.,-0.));
#13427 = DIRECTION('',(0.788010753607,0.,-0.615661475326));
#13428 = ADVANCED_FACE('',(#13429,#13440),#13443,.T.);
#13429 = FACE_BOUND('',#13430,.T.);
#13430 = EDGE_LOOP('',(#13431));
#13431 = ORIENTED_EDGE('',*,*,#13432,.T.);
#13432 = EDGE_CURVE('',#13433,#13433,#13435,.T.);
#13433 = VERTEX_POINT('',#13434);
#13434 = CARTESIAN_POINT('',(-9.158501649052,38.,176.4323286832));
#13435 = CIRCLE('',#13436,3.5);
#13436 = AXIS2_PLACEMENT_3D('',#13437,#13438,#13439);
#13437 = CARTESIAN_POINT('',(-11.91653928667,38.,178.58714384684));
#13438 = DIRECTION('',(0.,-1.,0.));
#13439 = DIRECTION('',(0.788010753607,0.,-0.615661475326));
#13440 = FACE_BOUND('',#13441,.T.);
#13441 = EDGE_LOOP('',(#13442));
#13442 = ORIENTED_EDGE('',*,*,#13396,.F.);
#13443 = PLANE('',#13444);
#13444 = AXIS2_PLACEMENT_3D('',#13445,#13446,#13447);
#13445 = CARTESIAN_POINT('',(-11.91653928667,38.,178.58714384684));
#13446 = DIRECTION('',(0.,-1.,-0.));
#13447 = DIRECTION('',(0.788010753607,0.,-0.615661475326));
#13448 = ADVANCED_FACE('',(#13449),#13468,.T.);
#13449 = FACE_BOUND('',#13450,.T.);
#13450 = EDGE_LOOP('',(#13451,#13460,#13466,#13467));
#13451 = ORIENTED_EDGE('',*,*,#13452,.F.);
#13452 = EDGE_CURVE('',#13453,#13453,#13455,.T.);
#13453 = VERTEX_POINT('',#13454);
#13454 = CARTESIAN_POINT('',(-10.78180380148,19.,177.70059132237));
#13455 = CIRCLE('',#13456,1.44);
#13456 = AXIS2_PLACEMENT_3D('',#13457,#13458,#13459);
#13457 = CARTESIAN_POINT('',(-11.91653928667,19.,178.58714384684));
#13458 = DIRECTION('',(0.,-1.,0.));
#13459 = DIRECTION('',(0.788010753607,0.,-0.615661475326));
#13460 = ORIENTED_EDGE('',*,*,#13461,.F.);
#13461 = EDGE_CURVE('',#13416,#13453,#13462,.T.);
#13462 = LINE('',#13463,#13464);
#13463 = CARTESIAN_POINT('',(-10.78180380148,20.,177.70059132237));
#13464 = VECTOR('',#13465,1.);
#13465 = DIRECTION('',(0.,-1.,0.));
#13466 = ORIENTED_EDGE('',*,*,#13415,.T.);
#13467 = ORIENTED_EDGE('',*,*,#13461,.T.);
#13468 = CYLINDRICAL_SURFACE('',#13469,1.44);
#13469 = AXIS2_PLACEMENT_3D('',#13470,#13471,#13472);
#13470 = CARTESIAN_POINT('',(-11.91653928667,20.,178.58714384684));
#13471 = DIRECTION('',(0.,-1.,-0.));
#13472 = DIRECTION('',(0.788010753607,0.,-0.615661475326));
#13473 = ADVANCED_FACE('',(#13474),#13493,.T.);
#13474 = FACE_BOUND('',#13475,.T.);
#13475 = EDGE_LOOP('',(#13476,#13477,#13485,#13492));
#13476 = ORIENTED_EDGE('',*,*,#13432,.F.);
#13477 = ORIENTED_EDGE('',*,*,#13478,.F.);
#13478 = EDGE_CURVE('',#13479,#13433,#13481,.T.);
#13479 = VERTEX_POINT('',#13480);
#13480 = CARTESIAN_POINT('',(-9.158501649052,42.,176.4323286832));
#13481 = LINE('',#13482,#13483);
#13482 = CARTESIAN_POINT('',(-9.158501649052,42.,176.4323286832));
#13483 = VECTOR('',#13484,1.);
#13484 = DIRECTION('',(0.,-1.,0.));
#13485 = ORIENTED_EDGE('',*,*,#13486,.T.);
#13486 = EDGE_CURVE('',#13479,#13479,#13487,.T.);
#13487 = CIRCLE('',#13488,3.5);
#13488 = AXIS2_PLACEMENT_3D('',#13489,#13490,#13491);
#13489 = CARTESIAN_POINT('',(-11.91653928667,42.,178.58714384684));
#13490 = DIRECTION('',(0.,-1.,0.));
#13491 = DIRECTION('',(0.788010753607,0.,-0.615661475326));
#13492 = ORIENTED_EDGE('',*,*,#13478,.T.);
#13493 = CYLINDRICAL_SURFACE('',#13494,3.5);
#13494 = AXIS2_PLACEMENT_3D('',#13495,#13496,#13497);
#13495 = CARTESIAN_POINT('',(-11.91653928667,42.,178.58714384684));
#13496 = DIRECTION('',(0.,-1.,-0.));
#13497 = DIRECTION('',(0.788010753607,0.,-0.615661475326));
#13498 = ADVANCED_FACE('',(#13499),#13502,.T.);
#13499 = FACE_BOUND('',#13500,.T.);
#13500 = EDGE_LOOP('',(#13501));
#13501 = ORIENTED_EDGE('',*,*,#13452,.T.);
#13502 = PLANE('',#13503);
#13503 = AXIS2_PLACEMENT_3D('',#13504,#13505,#13506);
#13504 = CARTESIAN_POINT('',(-11.91653928667,19.,178.58714384684));
#13505 = DIRECTION('',(0.,-1.,-0.));
#13506 = DIRECTION('',(0.788010753607,0.,-0.615661475326));
#13507 = ADVANCED_FACE('',(#13508),#13511,.F.);
#13508 = FACE_BOUND('',#13509,.T.);
#13509 = EDGE_LOOP('',(#13510));
#13510 = ORIENTED_EDGE('',*,*,#13486,.F.);
#13511 = PLANE('',#13512);
#13512 = AXIS2_PLACEMENT_3D('',#13513,#13514,#13515);
#13513 = CARTESIAN_POINT('',(-11.91653928667,42.,178.58714384684));
#13514 = DIRECTION('',(0.,-1.,-0.));
#13515 = DIRECTION('',(0.788010753607,0.,-0.615661475326));
#13516 = MANIFOLD_SOLID_BREP('',#13517);
#13517 = CLOSED_SHELL('',(#13518,#13551,#13571,#13591,#13616,#13641,
    #13650));
#13518 = ADVANCED_FACE('',(#13519),#13546,.T.);
#13519 = FACE_BOUND('',#13520,.T.);
#13520 = EDGE_LOOP('',(#13521,#13530,#13538,#13545));
#13521 = ORIENTED_EDGE('',*,*,#13522,.F.);
#13522 = EDGE_CURVE('',#13523,#13523,#13525,.T.);
#13523 = VERTEX_POINT('',#13524);
#13524 = CARTESIAN_POINT('',(8.679065095058,20.,169.21664966883));
#13525 = CIRCLE('',#13526,1.9);
#13526 = AXIS2_PLACEMENT_3D('',#13527,#13528,#13529);
#13527 = CARTESIAN_POINT('',(7.181844663205,20.,170.38640647194));
#13528 = DIRECTION('',(0.,-1.,0.));
#13529 = DIRECTION('',(0.788010753607,0.,-0.615661475326));
#13530 = ORIENTED_EDGE('',*,*,#13531,.F.);
#13531 = EDGE_CURVE('',#13532,#13523,#13534,.T.);
#13532 = VERTEX_POINT('',#13533);
#13533 = CARTESIAN_POINT('',(8.679065095058,38.,169.21664966883));
#13534 = LINE('',#13535,#13536);
#13535 = CARTESIAN_POINT('',(8.679065095058,38.,169.21664966883));
#13536 = VECTOR('',#13537,1.);
#13537 = DIRECTION('',(0.,-1.,0.));
#13538 = ORIENTED_EDGE('',*,*,#13539,.T.);
#13539 = EDGE_CURVE('',#13532,#13532,#13540,.T.);
#13540 = CIRCLE('',#13541,1.9);
#13541 = AXIS2_PLACEMENT_3D('',#13542,#13543,#13544);
#13542 = CARTESIAN_POINT('',(7.181844663205,38.,170.38640647194));
#13543 = DIRECTION('',(0.,-1.,0.));
#13544 = DIRECTION('',(0.788010753607,0.,-0.615661475326));
#13545 = ORIENTED_EDGE('',*,*,#13531,.T.);
#13546 = CYLINDRICAL_SURFACE('',#13547,1.9);
#13547 = AXIS2_PLACEMENT_3D('',#13548,#13549,#13550);
#13548 = CARTESIAN_POINT('',(7.181844663205,38.,170.38640647194));
#13549 = DIRECTION('',(0.,-1.,-0.));
#13550 = DIRECTION('',(0.788010753607,0.,-0.615661475326));
#13551 = ADVANCED_FACE('',(#13552,#13555),#13566,.T.);
#13552 = FACE_BOUND('',#13553,.T.);
#13553 = EDGE_LOOP('',(#13554));
#13554 = ORIENTED_EDGE('',*,*,#13522,.T.);
#13555 = FACE_BOUND('',#13556,.T.);
#13556 = EDGE_LOOP('',(#13557));
#13557 = ORIENTED_EDGE('',*,*,#13558,.F.);
#13558 = EDGE_CURVE('',#13559,#13559,#13561,.T.);
#13559 = VERTEX_POINT('',#13560);
#13560 = CARTESIAN_POINT('',(8.316580148399,20.,169.49985394748));
#13561 = CIRCLE('',#13562,1.44);
#13562 = AXIS2_PLACEMENT_3D('',#13563,#13564,#13565);
#13563 = CARTESIAN_POINT('',(7.181844663205,20.,170.38640647194));
#13564 = DIRECTION('',(0.,-1.,0.));
#13565 = DIRECTION('',(0.788010753607,0.,-0.615661475326));
#13566 = PLANE('',#13567);
#13567 = AXIS2_PLACEMENT_3D('',#13568,#13569,#13570);
#13568 = CARTESIAN_POINT('',(7.181844663205,20.,170.38640647194));
#13569 = DIRECTION('',(0.,-1.,-0.));
#13570 = DIRECTION('',(0.788010753607,0.,-0.615661475326));
#13571 = ADVANCED_FACE('',(#13572,#13583),#13586,.T.);
#13572 = FACE_BOUND('',#13573,.T.);
#13573 = EDGE_LOOP('',(#13574));
#13574 = ORIENTED_EDGE('',*,*,#13575,.T.);
#13575 = EDGE_CURVE('',#13576,#13576,#13578,.T.);
#13576 = VERTEX_POINT('',#13577);
#13577 = CARTESIAN_POINT('',(9.939882300829,38.,168.2315913083));
#13578 = CIRCLE('',#13579,3.5);
#13579 = AXIS2_PLACEMENT_3D('',#13580,#13581,#13582);
#13580 = CARTESIAN_POINT('',(7.181844663205,38.,170.38640647194));
#13581 = DIRECTION('',(0.,-1.,0.));
#13582 = DIRECTION('',(0.788010753607,0.,-0.615661475326));
#13583 = FACE_BOUND('',#13584,.T.);
#13584 = EDGE_LOOP('',(#13585));
#13585 = ORIENTED_EDGE('',*,*,#13539,.F.);
#13586 = PLANE('',#13587);
#13587 = AXIS2_PLACEMENT_3D('',#13588,#13589,#13590);
#13588 = CARTESIAN_POINT('',(7.181844663205,38.,170.38640647194));
#13589 = DIRECTION('',(0.,-1.,-0.));
#13590 = DIRECTION('',(0.788010753607,0.,-0.615661475326));
#13591 = ADVANCED_FACE('',(#13592),#13611,.T.);
#13592 = FACE_BOUND('',#13593,.T.);
#13593 = EDGE_LOOP('',(#13594,#13603,#13609,#13610));
#13594 = ORIENTED_EDGE('',*,*,#13595,.F.);
#13595 = EDGE_CURVE('',#13596,#13596,#13598,.T.);
#13596 = VERTEX_POINT('',#13597);
#13597 = CARTESIAN_POINT('',(8.316580148399,19.,169.49985394748));
#13598 = CIRCLE('',#13599,1.44);
#13599 = AXIS2_PLACEMENT_3D('',#13600,#13601,#13602);
#13600 = CARTESIAN_POINT('',(7.181844663205,19.,170.38640647194));
#13601 = DIRECTION('',(0.,-1.,0.));
#13602 = DIRECTION('',(0.788010753607,0.,-0.615661475326));
#13603 = ORIENTED_EDGE('',*,*,#13604,.F.);
#13604 = EDGE_CURVE('',#13559,#13596,#13605,.T.);
#13605 = LINE('',#13606,#13607);
#13606 = CARTESIAN_POINT('',(8.316580148399,20.,169.49985394748));
#13607 = VECTOR('',#13608,1.);
#13608 = DIRECTION('',(0.,-1.,0.));
#13609 = ORIENTED_EDGE('',*,*,#13558,.T.);
#13610 = ORIENTED_EDGE('',*,*,#13604,.T.);
#13611 = CYLINDRICAL_SURFACE('',#13612,1.44);
#13612 = AXIS2_PLACEMENT_3D('',#13613,#13614,#13615);
#13613 = CARTESIAN_POINT('',(7.181844663205,20.,170.38640647194));
#13614 = DIRECTION('',(0.,-1.,-0.));
#13615 = DIRECTION('',(0.788010753607,0.,-0.615661475326));
#13616 = ADVANCED_FACE('',(#13617),#13636,.T.);
#13617 = FACE_BOUND('',#13618,.T.);
#13618 = EDGE_LOOP('',(#13619,#13620,#13628,#13635));
#13619 = ORIENTED_EDGE('',*,*,#13575,.F.);
#13620 = ORIENTED_EDGE('',*,*,#13621,.F.);
#13621 = EDGE_CURVE('',#13622,#13576,#13624,.T.);
#13622 = VERTEX_POINT('',#13623);
#13623 = CARTESIAN_POINT('',(9.939882300829,42.,168.2315913083));
#13624 = LINE('',#13625,#13626);
#13625 = CARTESIAN_POINT('',(9.939882300829,42.,168.2315913083));
#13626 = VECTOR('',#13627,1.);
#13627 = DIRECTION('',(0.,-1.,0.));
#13628 = ORIENTED_EDGE('',*,*,#13629,.T.);
#13629 = EDGE_CURVE('',#13622,#13622,#13630,.T.);
#13630 = CIRCLE('',#13631,3.5);
#13631 = AXIS2_PLACEMENT_3D('',#13632,#13633,#13634);
#13632 = CARTESIAN_POINT('',(7.181844663205,42.,170.38640647194));
#13633 = DIRECTION('',(0.,-1.,0.));
#13634 = DIRECTION('',(0.788010753607,0.,-0.615661475326));
#13635 = ORIENTED_EDGE('',*,*,#13621,.T.);
#13636 = CYLINDRICAL_SURFACE('',#13637,3.5);
#13637 = AXIS2_PLACEMENT_3D('',#13638,#13639,#13640);
#13638 = CARTESIAN_POINT('',(7.181844663205,42.,170.38640647194));
#13639 = DIRECTION('',(0.,-1.,-0.));
#13640 = DIRECTION('',(0.788010753607,0.,-0.615661475326));
#13641 = ADVANCED_FACE('',(#13642),#13645,.T.);
#13642 = FACE_BOUND('',#13643,.T.);
#13643 = EDGE_LOOP('',(#13644));
#13644 = ORIENTED_EDGE('',*,*,#13595,.T.);
#13645 = PLANE('',#13646);
#13646 = AXIS2_PLACEMENT_3D('',#13647,#13648,#13649);
#13647 = CARTESIAN_POINT('',(7.181844663205,19.,170.38640647194));
#13648 = DIRECTION('',(0.,-1.,-0.));
#13649 = DIRECTION('',(0.788010753607,0.,-0.615661475326));
#13650 = ADVANCED_FACE('',(#13651),#13654,.F.);
#13651 = FACE_BOUND('',#13652,.T.);
#13652 = EDGE_LOOP('',(#13653));
#13653 = ORIENTED_EDGE('',*,*,#13629,.F.);
#13654 = PLANE('',#13655);
#13655 = AXIS2_PLACEMENT_3D('',#13656,#13657,#13658);
#13656 = CARTESIAN_POINT('',(7.181844663205,42.,170.38640647194));
#13657 = DIRECTION('',(0.,-1.,-0.));
#13658 = DIRECTION('',(0.788010753607,0.,-0.615661475326));
#13659 = MANIFOLD_SOLID_BREP('',#13660);
#13660 = CLOSED_SHELL('',(#13661,#13694,#13703,#13723,#13748));
#13661 = ADVANCED_FACE('',(#13662),#13689,.T.);
#13662 = FACE_BOUND('',#13663,.T.);
#13663 = EDGE_LOOP('',(#13664,#13673,#13681,#13688));
#13664 = ORIENTED_EDGE('',*,*,#13665,.F.);
#13665 = EDGE_CURVE('',#13666,#13666,#13668,.T.);
#13666 = VERTEX_POINT('',#13667);
#13667 = CARTESIAN_POINT('',(-32.1,20.,130.5));
#13668 = CIRCLE('',#13669,1.9);
#13669 = AXIS2_PLACEMENT_3D('',#13670,#13671,#13672);
#13670 = CARTESIAN_POINT('',(-34.,20.,130.5));
#13671 = DIRECTION('',(0.,0.,1.));
#13672 = DIRECTION('',(1.,0.,0.));
#13673 = ORIENTED_EDGE('',*,*,#13674,.F.);
#13674 = EDGE_CURVE('',#13675,#13666,#13677,.T.);
#13675 = VERTEX_POINT('',#13676);
#13676 = CARTESIAN_POINT('',(-32.1,20.,114.));
#13677 = LINE('',#13678,#13679);
#13678 = CARTESIAN_POINT('',(-32.1,20.,114.));
#13679 = VECTOR('',#13680,1.);
#13680 = DIRECTION('',(0.,0.,1.));
#13681 = ORIENTED_EDGE('',*,*,#13682,.T.);
#13682 = EDGE_CURVE('',#13675,#13675,#13683,.T.);
#13683 = CIRCLE('',#13684,1.9);
#13684 = AXIS2_PLACEMENT_3D('',#13685,#13686,#13687);
#13685 = CARTESIAN_POINT('',(-34.,20.,114.));
#13686 = DIRECTION('',(0.,0.,1.));
#13687 = DIRECTION('',(1.,0.,0.));
#13688 = ORIENTED_EDGE('',*,*,#13674,.T.);
#13689 = CYLINDRICAL_SURFACE('',#13690,1.9);
#13690 = AXIS2_PLACEMENT_3D('',#13691,#13692,#13693);
#13691 = CARTESIAN_POINT('',(-34.,20.,114.));
#13692 = DIRECTION('',(0.,0.,1.));
#13693 = DIRECTION('',(1.,0.,0.));
#13694 = ADVANCED_FACE('',(#13695),#13698,.T.);
#13695 = FACE_BOUND('',#13696,.T.);
#13696 = EDGE_LOOP('',(#13697));
#13697 = ORIENTED_EDGE('',*,*,#13665,.T.);
#13698 = PLANE('',#13699);
#13699 = AXIS2_PLACEMENT_3D('',#13700,#13701,#13702);
#13700 = CARTESIAN_POINT('',(-34.,20.,130.5));
#13701 = DIRECTION('',(0.,0.,1.));
#13702 = DIRECTION('',(1.,0.,0.));
#13703 = ADVANCED_FACE('',(#13704,#13715),#13718,.T.);
#13704 = FACE_BOUND('',#13705,.T.);
#13705 = EDGE_LOOP('',(#13706));
#13706 = ORIENTED_EDGE('',*,*,#13707,.T.);
#13707 = EDGE_CURVE('',#13708,#13708,#13710,.T.);
#13708 = VERTEX_POINT('',#13709);
#13709 = CARTESIAN_POINT('',(-30.5,20.,114.));
#13710 = CIRCLE('',#13711,3.5);
#13711 = AXIS2_PLACEMENT_3D('',#13712,#13713,#13714);
#13712 = CARTESIAN_POINT('',(-34.,20.,114.));
#13713 = DIRECTION('',(0.,0.,1.));
#13714 = DIRECTION('',(1.,0.,0.));
#13715 = FACE_BOUND('',#13716,.T.);
#13716 = EDGE_LOOP('',(#13717));
#13717 = ORIENTED_EDGE('',*,*,#13682,.F.);
#13718 = PLANE('',#13719);
#13719 = AXIS2_PLACEMENT_3D('',#13720,#13721,#13722);
#13720 = CARTESIAN_POINT('',(-34.,20.,114.));
#13721 = DIRECTION('',(0.,0.,1.));
#13722 = DIRECTION('',(1.,0.,0.));
#13723 = ADVANCED_FACE('',(#13724),#13743,.T.);
#13724 = FACE_BOUND('',#13725,.T.);
#13725 = EDGE_LOOP('',(#13726,#13727,#13735,#13742));
#13726 = ORIENTED_EDGE('',*,*,#13707,.F.);
#13727 = ORIENTED_EDGE('',*,*,#13728,.F.);
#13728 = EDGE_CURVE('',#13729,#13708,#13731,.T.);
#13729 = VERTEX_POINT('',#13730);
#13730 = CARTESIAN_POINT('',(-30.5,20.,110.));
#13731 = LINE('',#13732,#13733);
#13732 = CARTESIAN_POINT('',(-30.5,20.,110.));
#13733 = VECTOR('',#13734,1.);
#13734 = DIRECTION('',(0.,0.,1.));
#13735 = ORIENTED_EDGE('',*,*,#13736,.T.);
#13736 = EDGE_CURVE('',#13729,#13729,#13737,.T.);
#13737 = CIRCLE('',#13738,3.5);
#13738 = AXIS2_PLACEMENT_3D('',#13739,#13740,#13741);
#13739 = CARTESIAN_POINT('',(-34.,20.,110.));
#13740 = DIRECTION('',(0.,0.,1.));
#13741 = DIRECTION('',(1.,0.,0.));
#13742 = ORIENTED_EDGE('',*,*,#13728,.T.);
#13743 = CYLINDRICAL_SURFACE('',#13744,3.5);
#13744 = AXIS2_PLACEMENT_3D('',#13745,#13746,#13747);
#13745 = CARTESIAN_POINT('',(-34.,20.,110.));
#13746 = DIRECTION('',(0.,0.,1.));
#13747 = DIRECTION('',(1.,0.,0.));
#13748 = ADVANCED_FACE('',(#13749),#13752,.F.);
#13749 = FACE_BOUND('',#13750,.T.);
#13750 = EDGE_LOOP('',(#13751));
#13751 = ORIENTED_EDGE('',*,*,#13736,.F.);
#13752 = PLANE('',#13753);
#13753 = AXIS2_PLACEMENT_3D('',#13754,#13755,#13756);
#13754 = CARTESIAN_POINT('',(-34.,20.,110.));
#13755 = DIRECTION('',(0.,0.,1.));
#13756 = DIRECTION('',(1.,0.,0.));
#13757 = MANIFOLD_SOLID_BREP('',#13758);
#13758 = CLOSED_SHELL('',(#13759,#13792,#13812,#13832));
#13759 = ADVANCED_FACE('',(#13760),#13787,.T.);
#13760 = FACE_BOUND('',#13761,.T.);
#13761 = EDGE_LOOP('',(#13762,#13771,#13779,#13786));
#13762 = ORIENTED_EDGE('',*,*,#13763,.F.);
#13763 = EDGE_CURVE('',#13764,#13764,#13766,.T.);
#13764 = VERTEX_POINT('',#13765);
#13765 = CARTESIAN_POINT('',(-29.5,20.,114.8));
#13766 = CIRCLE('',#13767,4.5);
#13767 = AXIS2_PLACEMENT_3D('',#13768,#13769,#13770);
#13768 = CARTESIAN_POINT('',(-34.,20.,114.8));
#13769 = DIRECTION('',(0.,0.,1.));
#13770 = DIRECTION('',(1.,0.,0.));
#13771 = ORIENTED_EDGE('',*,*,#13772,.F.);
#13772 = EDGE_CURVE('',#13773,#13764,#13775,.T.);
#13773 = VERTEX_POINT('',#13774);
#13774 = CARTESIAN_POINT('',(-29.5,20.,114.));
#13775 = LINE('',#13776,#13777);
#13776 = CARTESIAN_POINT('',(-29.5,20.,114.));
#13777 = VECTOR('',#13778,1.);
#13778 = DIRECTION('',(0.,0.,1.));
#13779 = ORIENTED_EDGE('',*,*,#13780,.T.);
#13780 = EDGE_CURVE('',#13773,#13773,#13781,.T.);
#13781 = CIRCLE('',#13782,4.5);
#13782 = AXIS2_PLACEMENT_3D('',#13783,#13784,#13785);
#13783 = CARTESIAN_POINT('',(-34.,20.,114.));
#13784 = DIRECTION('',(0.,0.,1.));
#13785 = DIRECTION('',(1.,0.,0.));
#13786 = ORIENTED_EDGE('',*,*,#13772,.T.);
#13787 = CYLINDRICAL_SURFACE('',#13788,4.5);
#13788 = AXIS2_PLACEMENT_3D('',#13789,#13790,#13791);
#13789 = CARTESIAN_POINT('',(-34.,20.,114.));
#13790 = DIRECTION('',(0.,0.,1.));
#13791 = DIRECTION('',(1.,0.,0.));
#13792 = ADVANCED_FACE('',(#13793,#13796),#13807,.T.);
#13793 = FACE_BOUND('',#13794,.T.);
#13794 = EDGE_LOOP('',(#13795));
#13795 = ORIENTED_EDGE('',*,*,#13763,.T.);
#13796 = FACE_BOUND('',#13797,.T.);
#13797 = EDGE_LOOP('',(#13798));
#13798 = ORIENTED_EDGE('',*,*,#13799,.F.);
#13799 = EDGE_CURVE('',#13800,#13800,#13802,.T.);
#13800 = VERTEX_POINT('',#13801);
#13801 = CARTESIAN_POINT('',(-31.8,20.,114.8));
#13802 = CIRCLE('',#13803,2.2);
#13803 = AXIS2_PLACEMENT_3D('',#13804,#13805,#13806);
#13804 = CARTESIAN_POINT('',(-34.,20.,114.8));
#13805 = DIRECTION('',(0.,0.,1.));
#13806 = DIRECTION('',(1.,0.,0.));
#13807 = PLANE('',#13808);
#13808 = AXIS2_PLACEMENT_3D('',#13809,#13810,#13811);
#13809 = CARTESIAN_POINT('',(-34.,20.,114.8));
#13810 = DIRECTION('',(0.,0.,1.));
#13811 = DIRECTION('',(1.,0.,0.));
#13812 = ADVANCED_FACE('',(#13813,#13816),#13827,.F.);
#13813 = FACE_BOUND('',#13814,.F.);
#13814 = EDGE_LOOP('',(#13815));
#13815 = ORIENTED_EDGE('',*,*,#13780,.T.);
#13816 = FACE_BOUND('',#13817,.F.);
#13817 = EDGE_LOOP('',(#13818));
#13818 = ORIENTED_EDGE('',*,*,#13819,.F.);
#13819 = EDGE_CURVE('',#13820,#13820,#13822,.T.);
#13820 = VERTEX_POINT('',#13821);
#13821 = CARTESIAN_POINT('',(-31.8,20.,114.));
#13822 = CIRCLE('',#13823,2.2);
#13823 = AXIS2_PLACEMENT_3D('',#13824,#13825,#13826);
#13824 = CARTESIAN_POINT('',(-34.,20.,114.));
#13825 = DIRECTION('',(0.,0.,1.));
#13826 = DIRECTION('',(1.,0.,0.));
#13827 = PLANE('',#13828);
#13828 = AXIS2_PLACEMENT_3D('',#13829,#13830,#13831);
#13829 = CARTESIAN_POINT('',(-34.,20.,114.));
#13830 = DIRECTION('',(0.,0.,1.));
#13831 = DIRECTION('',(1.,0.,0.));
#13832 = ADVANCED_FACE('',(#13833),#13844,.F.);
#13833 = FACE_BOUND('',#13834,.F.);
#13834 = EDGE_LOOP('',(#13835,#13836,#13842,#13843));
#13835 = ORIENTED_EDGE('',*,*,#13799,.F.);
#13836 = ORIENTED_EDGE('',*,*,#13837,.F.);
#13837 = EDGE_CURVE('',#13820,#13800,#13838,.T.);
#13838 = LINE('',#13839,#13840);
#13839 = CARTESIAN_POINT('',(-31.8,20.,114.));
#13840 = VECTOR('',#13841,1.);
#13841 = DIRECTION('',(0.,0.,1.));
#13842 = ORIENTED_EDGE('',*,*,#13819,.T.);
#13843 = ORIENTED_EDGE('',*,*,#13837,.T.);
#13844 = CYLINDRICAL_SURFACE('',#13845,2.2);
#13845 = AXIS2_PLACEMENT_3D('',#13846,#13847,#13848);
#13846 = CARTESIAN_POINT('',(-34.,20.,114.));
#13847 = DIRECTION('',(0.,0.,1.));
#13848 = DIRECTION('',(1.,0.,0.));
#13849 = MANIFOLD_SOLID_BREP('',#13850);
#13850 = CLOSED_SHELL('',(#13851,#13891,#13922,#13953,#13997,#14041,
    #14058,#14075,#14087));
#13851 = ADVANCED_FACE('',(#13852),#13886,.F.);
#13852 = FACE_BOUND('',#13853,.F.);
#13853 = EDGE_LOOP('',(#13854,#13864,#13872,#13880));
#13854 = ORIENTED_EDGE('',*,*,#13855,.T.);
#13855 = EDGE_CURVE('',#13856,#13858,#13860,.T.);
#13856 = VERTEX_POINT('',#13857);
#13857 = CARTESIAN_POINT('',(-30.5,22.020725942164,124.8));
#13858 = VERTEX_POINT('',#13859);
#13859 = CARTESIAN_POINT('',(-30.5,22.020725942164,129.8));
#13860 = LINE('',#13861,#13862);
#13861 = CARTESIAN_POINT('',(-30.5,22.020725942164,124.8));
#13862 = VECTOR('',#13863,1.);
#13863 = DIRECTION('',(0.,0.,1.));
#13864 = ORIENTED_EDGE('',*,*,#13865,.T.);
#13865 = EDGE_CURVE('',#13858,#13866,#13868,.T.);
#13866 = VERTEX_POINT('',#13867);
#13867 = CARTESIAN_POINT('',(-34.,24.041451884327,129.8));
#13868 = LINE('',#13869,#13870);
#13869 = CARTESIAN_POINT('',(-30.5,22.020725942164,129.8));
#13870 = VECTOR('',#13871,1.);
#13871 = DIRECTION('',(-0.866025403784,0.5,0.));
#13872 = ORIENTED_EDGE('',*,*,#13873,.F.);
#13873 = EDGE_CURVE('',#13874,#13866,#13876,.T.);
#13874 = VERTEX_POINT('',#13875);
#13875 = CARTESIAN_POINT('',(-34.,24.041451884327,124.8));
#13876 = LINE('',#13877,#13878);
#13877 = CARTESIAN_POINT('',(-34.,24.041451884327,124.8));
#13878 = VECTOR('',#13879,1.);
#13879 = DIRECTION('',(0.,0.,1.));
#13880 = ORIENTED_EDGE('',*,*,#13881,.F.);
#13881 = EDGE_CURVE('',#13856,#13874,#13882,.T.);
#13882 = LINE('',#13883,#13884);
#13883 = CARTESIAN_POINT('',(-30.5,22.020725942164,124.8));
#13884 = VECTOR('',#13885,1.);
#13885 = DIRECTION('',(-0.866025403784,0.5,0.));
#13886 = PLANE('',#13887);
#13887 = AXIS2_PLACEMENT_3D('',#13888,#13889,#13890);
#13888 = CARTESIAN_POINT('',(-30.5,22.020725942164,124.8));
#13889 = DIRECTION('',(-0.5,-0.866025403784,0.));
#13890 = DIRECTION('',(-0.866025403784,0.5,0.));
#13891 = ADVANCED_FACE('',(#13892),#13917,.F.);
#13892 = FACE_BOUND('',#13893,.F.);
#13893 = EDGE_LOOP('',(#13894,#13904,#13910,#13911));
#13894 = ORIENTED_EDGE('',*,*,#13895,.T.);
#13895 = EDGE_CURVE('',#13896,#13898,#13900,.T.);
#13896 = VERTEX_POINT('',#13897);
#13897 = CARTESIAN_POINT('',(-30.5,17.979274057836,124.8));
#13898 = VERTEX_POINT('',#13899);
#13899 = CARTESIAN_POINT('',(-30.5,17.979274057836,129.8));
#13900 = LINE('',#13901,#13902);
#13901 = CARTESIAN_POINT('',(-30.5,17.979274057836,124.8));
#13902 = VECTOR('',#13903,1.);
#13903 = DIRECTION('',(0.,0.,1.));
#13904 = ORIENTED_EDGE('',*,*,#13905,.T.);
#13905 = EDGE_CURVE('',#13898,#13858,#13906,.T.);
#13906 = LINE('',#13907,#13908);
#13907 = CARTESIAN_POINT('',(-30.5,17.979274057836,129.8));
#13908 = VECTOR('',#13909,1.);
#13909 = DIRECTION('',(3.296507462372E-16,1.,0.));
#13910 = ORIENTED_EDGE('',*,*,#13855,.F.);
#13911 = ORIENTED_EDGE('',*,*,#13912,.F.);
#13912 = EDGE_CURVE('',#13896,#13856,#13913,.T.);
#13913 = LINE('',#13914,#13915);
#13914 = CARTESIAN_POINT('',(-30.5,17.979274057836,124.8));
#13915 = VECTOR('',#13916,1.);
#13916 = DIRECTION('',(3.296507462372E-16,1.,0.));
#13917 = PLANE('',#13918);
#13918 = AXIS2_PLACEMENT_3D('',#13919,#13920,#13921);
#13919 = CARTESIAN_POINT('',(-30.5,17.979274057836,124.8));
#13920 = DIRECTION('',(-1.,3.296507462372E-16,0.));
#13921 = DIRECTION('',(3.296507462372E-16,1.,0.));
#13922 = ADVANCED_FACE('',(#13923),#13948,.F.);
#13923 = FACE_BOUND('',#13924,.F.);
#13924 = EDGE_LOOP('',(#13925,#13926,#13934,#13942));
#13925 = ORIENTED_EDGE('',*,*,#13873,.T.);
#13926 = ORIENTED_EDGE('',*,*,#13927,.T.);
#13927 = EDGE_CURVE('',#13866,#13928,#13930,.T.);
#13928 = VERTEX_POINT('',#13929);
#13929 = CARTESIAN_POINT('',(-37.5,22.020725942164,129.8));
#13930 = LINE('',#13931,#13932);
#13931 = CARTESIAN_POINT('',(-34.,24.041451884327,129.8));
#13932 = VECTOR('',#13933,1.);
#13933 = DIRECTION('',(-0.866025403784,-0.5,0.));
#13934 = ORIENTED_EDGE('',*,*,#13935,.F.);
#13935 = EDGE_CURVE('',#13936,#13928,#13938,.T.);
#13936 = VERTEX_POINT('',#13937);
#13937 = CARTESIAN_POINT('',(-37.5,22.020725942164,124.8));
#13938 = LINE('',#13939,#13940);
#13939 = CARTESIAN_POINT('',(-37.5,22.020725942164,124.8));
#13940 = VECTOR('',#13941,1.);
#13941 = DIRECTION('',(0.,0.,1.));
#13942 = ORIENTED_EDGE('',*,*,#13943,.F.);
#13943 = EDGE_CURVE('',#13874,#13936,#13944,.T.);
#13944 = LINE('',#13945,#13946);
#13945 = CARTESIAN_POINT('',(-34.,24.041451884327,124.8));
#13946 = VECTOR('',#13947,1.);
#13947 = DIRECTION('',(-0.866025403784,-0.5,0.));
#13948 = PLANE('',#13949);
#13949 = AXIS2_PLACEMENT_3D('',#13950,#13951,#13952);
#13950 = CARTESIAN_POINT('',(-34.,24.041451884327,124.8));
#13951 = DIRECTION('',(0.5,-0.866025403784,0.));
#13952 = DIRECTION('',(-0.866025403784,-0.5,0.));
#13953 = ADVANCED_FACE('',(#13954,#13981),#13992,.F.);
#13954 = FACE_BOUND('',#13955,.F.);
#13955 = EDGE_LOOP('',(#13956,#13957,#13958,#13966,#13974,#13980));
#13956 = ORIENTED_EDGE('',*,*,#13881,.T.);
#13957 = ORIENTED_EDGE('',*,*,#13943,.T.);
#13958 = ORIENTED_EDGE('',*,*,#13959,.T.);
#13959 = EDGE_CURVE('',#13936,#13960,#13962,.T.);
#13960 = VERTEX_POINT('',#13961);
#13961 = CARTESIAN_POINT('',(-37.5,17.979274057836,124.8));
#13962 = LINE('',#13963,#13964);
#13963 = CARTESIAN_POINT('',(-37.5,22.020725942164,124.8));
#13964 = VECTOR('',#13965,1.);
#13965 = DIRECTION('',(1.098835820791E-16,-1.,0.));
#13966 = ORIENTED_EDGE('',*,*,#13967,.T.);
#13967 = EDGE_CURVE('',#13960,#13968,#13970,.T.);
#13968 = VERTEX_POINT('',#13969);
#13969 = CARTESIAN_POINT('',(-34.,15.958548115673,124.8));
#13970 = LINE('',#13971,#13972);
#13971 = CARTESIAN_POINT('',(-37.5,17.979274057836,124.8));
#13972 = VECTOR('',#13973,1.);
#13973 = DIRECTION('',(0.866025403784,-0.5,0.));
#13974 = ORIENTED_EDGE('',*,*,#13975,.T.);
#13975 = EDGE_CURVE('',#13968,#13896,#13976,.T.);
#13976 = LINE('',#13977,#13978);
#13977 = CARTESIAN_POINT('',(-34.,15.958548115673,124.8));
#13978 = VECTOR('',#13979,1.);
#13979 = DIRECTION('',(0.866025403784,0.5,0.));
#13980 = ORIENTED_EDGE('',*,*,#13912,.T.);
#13981 = FACE_BOUND('',#13982,.F.);
#13982 = EDGE_LOOP('',(#13983));
#13983 = ORIENTED_EDGE('',*,*,#13984,.F.);
#13984 = EDGE_CURVE('',#13985,#13985,#13987,.T.);
#13985 = VERTEX_POINT('',#13986);
#13986 = CARTESIAN_POINT('',(-31.95,20.,124.8));
#13987 = CIRCLE('',#13988,2.05);
#13988 = AXIS2_PLACEMENT_3D('',#13989,#13990,#13991);
#13989 = CARTESIAN_POINT('',(-34.,20.,124.8));
#13990 = DIRECTION('',(0.,0.,1.));
#13991 = DIRECTION('',(1.,0.,0.));
#13992 = PLANE('',#13993);
#13993 = AXIS2_PLACEMENT_3D('',#13994,#13995,#13996);
#13994 = CARTESIAN_POINT('',(-34.,20.,124.8));
#13995 = DIRECTION('',(0.,0.,1.));
#13996 = DIRECTION('',(1.,0.,0.));
#13997 = ADVANCED_FACE('',(#13998,#14025),#14036,.T.);
#13998 = FACE_BOUND('',#13999,.T.);
#13999 = EDGE_LOOP('',(#14000,#14001,#14002,#14010,#14018,#14024));
#14000 = ORIENTED_EDGE('',*,*,#13865,.T.);
#14001 = ORIENTED_EDGE('',*,*,#13927,.T.);
#14002 = ORIENTED_EDGE('',*,*,#14003,.T.);
#14003 = EDGE_CURVE('',#13928,#14004,#14006,.T.);
#14004 = VERTEX_POINT('',#14005);
#14005 = CARTESIAN_POINT('',(-37.5,17.979274057836,129.8));
#14006 = LINE('',#14007,#14008);
#14007 = CARTESIAN_POINT('',(-37.5,22.020725942164,129.8));
#14008 = VECTOR('',#14009,1.);
#14009 = DIRECTION('',(1.098835820791E-16,-1.,0.));
#14010 = ORIENTED_EDGE('',*,*,#14011,.T.);
#14011 = EDGE_CURVE('',#14004,#14012,#14014,.T.);
#14012 = VERTEX_POINT('',#14013);
#14013 = CARTESIAN_POINT('',(-34.,15.958548115673,129.8));
#14014 = LINE('',#14015,#14016);
#14015 = CARTESIAN_POINT('',(-37.5,17.979274057836,129.8));
#14016 = VECTOR('',#14017,1.);
#14017 = DIRECTION('',(0.866025403784,-0.5,0.));
#14018 = ORIENTED_EDGE('',*,*,#14019,.T.);
#14019 = EDGE_CURVE('',#14012,#13898,#14020,.T.);
#14020 = LINE('',#14021,#14022);
#14021 = CARTESIAN_POINT('',(-34.,15.958548115673,129.8));
#14022 = VECTOR('',#14023,1.);
#14023 = DIRECTION('',(0.866025403784,0.5,0.));
#14024 = ORIENTED_EDGE('',*,*,#13905,.T.);
#14025 = FACE_BOUND('',#14026,.T.);
#14026 = EDGE_LOOP('',(#14027));
#14027 = ORIENTED_EDGE('',*,*,#14028,.F.);
#14028 = EDGE_CURVE('',#14029,#14029,#14031,.T.);
#14029 = VERTEX_POINT('',#14030);
#14030 = CARTESIAN_POINT('',(-31.95,20.,129.8));
#14031 = CIRCLE('',#14032,2.05);
#14032 = AXIS2_PLACEMENT_3D('',#14033,#14034,#14035);
#14033 = CARTESIAN_POINT('',(-34.,20.,129.8));
#14034 = DIRECTION('',(0.,0.,1.));
#14035 = DIRECTION('',(1.,0.,0.));
#14036 = PLANE('',#14037);
#14037 = AXIS2_PLACEMENT_3D('',#14038,#14039,#14040);
#14038 = CARTESIAN_POINT('',(-34.,20.,129.8));
#14039 = DIRECTION('',(0.,0.,1.));
#14040 = DIRECTION('',(1.,0.,0.));
#14041 = ADVANCED_FACE('',(#14042),#14053,.F.);
#14042 = FACE_BOUND('',#14043,.F.);
#14043 = EDGE_LOOP('',(#14044,#14050,#14051,#14052));
#14044 = ORIENTED_EDGE('',*,*,#14045,.T.);
#14045 = EDGE_CURVE('',#13968,#14012,#14046,.T.);
#14046 = LINE('',#14047,#14048);
#14047 = CARTESIAN_POINT('',(-34.,15.958548115673,124.8));
#14048 = VECTOR('',#14049,1.);
#14049 = DIRECTION('',(0.,0.,1.));
#14050 = ORIENTED_EDGE('',*,*,#14019,.T.);
#14051 = ORIENTED_EDGE('',*,*,#13895,.F.);
#14052 = ORIENTED_EDGE('',*,*,#13975,.F.);
#14053 = PLANE('',#14054);
#14054 = AXIS2_PLACEMENT_3D('',#14055,#14056,#14057);
#14055 = CARTESIAN_POINT('',(-34.,15.958548115673,124.8));
#14056 = DIRECTION('',(-0.5,0.866025403784,0.));
#14057 = DIRECTION('',(0.866025403784,0.5,0.));
#14058 = ADVANCED_FACE('',(#14059),#14070,.F.);
#14059 = FACE_BOUND('',#14060,.F.);
#14060 = EDGE_LOOP('',(#14061,#14062,#14063,#14069));
#14061 = ORIENTED_EDGE('',*,*,#13935,.T.);
#14062 = ORIENTED_EDGE('',*,*,#14003,.T.);
#14063 = ORIENTED_EDGE('',*,*,#14064,.F.);
#14064 = EDGE_CURVE('',#13960,#14004,#14065,.T.);
#14065 = LINE('',#14066,#14067);
#14066 = CARTESIAN_POINT('',(-37.5,17.979274057836,124.8));
#14067 = VECTOR('',#14068,1.);
#14068 = DIRECTION('',(0.,0.,1.));
#14069 = ORIENTED_EDGE('',*,*,#13959,.F.);
#14070 = PLANE('',#14071);
#14071 = AXIS2_PLACEMENT_3D('',#14072,#14073,#14074);
#14072 = CARTESIAN_POINT('',(-37.5,22.020725942164,124.8));
#14073 = DIRECTION('',(1.,1.098835820791E-16,0.));
#14074 = DIRECTION('',(1.098835820791E-16,-1.,0.));
#14075 = ADVANCED_FACE('',(#14076),#14082,.F.);
#14076 = FACE_BOUND('',#14077,.F.);
#14077 = EDGE_LOOP('',(#14078,#14079,#14080,#14081));
#14078 = ORIENTED_EDGE('',*,*,#14064,.T.);
#14079 = ORIENTED_EDGE('',*,*,#14011,.T.);
#14080 = ORIENTED_EDGE('',*,*,#14045,.F.);
#14081 = ORIENTED_EDGE('',*,*,#13967,.F.);
#14082 = PLANE('',#14083);
#14083 = AXIS2_PLACEMENT_3D('',#14084,#14085,#14086);
#14084 = CARTESIAN_POINT('',(-37.5,17.979274057836,124.8));
#14085 = DIRECTION('',(0.5,0.866025403784,0.));
#14086 = DIRECTION('',(0.866025403784,-0.5,0.));
#14087 = ADVANCED_FACE('',(#14088),#14099,.F.);
#14088 = FACE_BOUND('',#14089,.F.);
#14089 = EDGE_LOOP('',(#14090,#14091,#14097,#14098));
#14090 = ORIENTED_EDGE('',*,*,#14028,.F.);
#14091 = ORIENTED_EDGE('',*,*,#14092,.F.);
#14092 = EDGE_CURVE('',#13985,#14029,#14093,.T.);
#14093 = LINE('',#14094,#14095);
#14094 = CARTESIAN_POINT('',(-31.95,20.,124.8));
#14095 = VECTOR('',#14096,1.);
#14096 = DIRECTION('',(0.,0.,1.));
#14097 = ORIENTED_EDGE('',*,*,#13984,.T.);
#14098 = ORIENTED_EDGE('',*,*,#14092,.T.);
#14099 = CYLINDRICAL_SURFACE('',#14100,2.05);
#14100 = AXIS2_PLACEMENT_3D('',#14101,#14102,#14103);
#14101 = CARTESIAN_POINT('',(-34.,20.,124.8));
#14102 = DIRECTION('',(0.,0.,1.));
#14103 = DIRECTION('',(1.,0.,0.));
#14104 = MANIFOLD_SOLID_BREP('',#14105);
#14105 = CLOSED_SHELL('',(#14106,#14139,#14159,#14179));
#14106 = ADVANCED_FACE('',(#14107),#14134,.T.);
#14107 = FACE_BOUND('',#14108,.T.);
#14108 = EDGE_LOOP('',(#14109,#14118,#14126,#14133));
#14109 = ORIENTED_EDGE('',*,*,#14110,.F.);
#14110 = EDGE_CURVE('',#14111,#14111,#14113,.T.);
#14111 = VERTEX_POINT('',#14112);
#14112 = CARTESIAN_POINT('',(-29.5,20.,124.8));
#14113 = CIRCLE('',#14114,4.5);
#14114 = AXIS2_PLACEMENT_3D('',#14115,#14116,#14117);
#14115 = CARTESIAN_POINT('',(-34.,20.,124.8));
#14116 = DIRECTION('',(0.,0.,1.));
#14117 = DIRECTION('',(1.,0.,0.));
#14118 = ORIENTED_EDGE('',*,*,#14119,.F.);
#14119 = EDGE_CURVE('',#14120,#14111,#14122,.T.);
#14120 = VERTEX_POINT('',#14121);
#14121 = CARTESIAN_POINT('',(-29.5,20.,124.));
#14122 = LINE('',#14123,#14124);
#14123 = CARTESIAN_POINT('',(-29.5,20.,124.));
#14124 = VECTOR('',#14125,1.);
#14125 = DIRECTION('',(0.,0.,1.));
#14126 = ORIENTED_EDGE('',*,*,#14127,.T.);
#14127 = EDGE_CURVE('',#14120,#14120,#14128,.T.);
#14128 = CIRCLE('',#14129,4.5);
#14129 = AXIS2_PLACEMENT_3D('',#14130,#14131,#14132);
#14130 = CARTESIAN_POINT('',(-34.,20.,124.));
#14131 = DIRECTION('',(0.,0.,1.));
#14132 = DIRECTION('',(1.,0.,0.));
#14133 = ORIENTED_EDGE('',*,*,#14119,.T.);
#14134 = CYLINDRICAL_SURFACE('',#14135,4.5);
#14135 = AXIS2_PLACEMENT_3D('',#14136,#14137,#14138);
#14136 = CARTESIAN_POINT('',(-34.,20.,124.));
#14137 = DIRECTION('',(0.,0.,1.));
#14138 = DIRECTION('',(1.,0.,0.));
#14139 = ADVANCED_FACE('',(#14140,#14143),#14154,.T.);
#14140 = FACE_BOUND('',#14141,.T.);
#14141 = EDGE_LOOP('',(#14142));
#14142 = ORIENTED_EDGE('',*,*,#14110,.T.);
#14143 = FACE_BOUND('',#14144,.T.);
#14144 = EDGE_LOOP('',(#14145));
#14145 = ORIENTED_EDGE('',*,*,#14146,.F.);
#14146 = EDGE_CURVE('',#14147,#14147,#14149,.T.);
#14147 = VERTEX_POINT('',#14148);
#14148 = CARTESIAN_POINT('',(-31.8,20.,124.8));
#14149 = CIRCLE('',#14150,2.2);
#14150 = AXIS2_PLACEMENT_3D('',#14151,#14152,#14153);
#14151 = CARTESIAN_POINT('',(-34.,20.,124.8));
#14152 = DIRECTION('',(0.,0.,1.));
#14153 = DIRECTION('',(1.,0.,0.));
#14154 = PLANE('',#14155);
#14155 = AXIS2_PLACEMENT_3D('',#14156,#14157,#14158);
#14156 = CARTESIAN_POINT('',(-34.,20.,124.8));
#14157 = DIRECTION('',(0.,0.,1.));
#14158 = DIRECTION('',(1.,0.,0.));
#14159 = ADVANCED_FACE('',(#14160,#14163),#14174,.F.);
#14160 = FACE_BOUND('',#14161,.F.);
#14161 = EDGE_LOOP('',(#14162));
#14162 = ORIENTED_EDGE('',*,*,#14127,.T.);
#14163 = FACE_BOUND('',#14164,.F.);
#14164 = EDGE_LOOP('',(#14165));
#14165 = ORIENTED_EDGE('',*,*,#14166,.F.);
#14166 = EDGE_CURVE('',#14167,#14167,#14169,.T.);
#14167 = VERTEX_POINT('',#14168);
#14168 = CARTESIAN_POINT('',(-31.8,20.,124.));
#14169 = CIRCLE('',#14170,2.2);
#14170 = AXIS2_PLACEMENT_3D('',#14171,#14172,#14173);
#14171 = CARTESIAN_POINT('',(-34.,20.,124.));
#14172 = DIRECTION('',(0.,0.,1.));
#14173 = DIRECTION('',(1.,0.,0.));
#14174 = PLANE('',#14175);
#14175 = AXIS2_PLACEMENT_3D('',#14176,#14177,#14178);
#14176 = CARTESIAN_POINT('',(-34.,20.,124.));
#14177 = DIRECTION('',(0.,0.,1.));
#14178 = DIRECTION('',(1.,0.,0.));
#14179 = ADVANCED_FACE('',(#14180),#14191,.F.);
#14180 = FACE_BOUND('',#14181,.F.);
#14181 = EDGE_LOOP('',(#14182,#14183,#14189,#14190));
#14182 = ORIENTED_EDGE('',*,*,#14146,.F.);
#14183 = ORIENTED_EDGE('',*,*,#14184,.F.);
#14184 = EDGE_CURVE('',#14167,#14147,#14185,.T.);
#14185 = LINE('',#14186,#14187);
#14186 = CARTESIAN_POINT('',(-31.8,20.,124.));
#14187 = VECTOR('',#14188,1.);
#14188 = DIRECTION('',(0.,0.,1.));
#14189 = ORIENTED_EDGE('',*,*,#14166,.T.);
#14190 = ORIENTED_EDGE('',*,*,#14184,.T.);
#14191 = CYLINDRICAL_SURFACE('',#14192,2.2);
#14192 = AXIS2_PLACEMENT_3D('',#14193,#14194,#14195);
#14193 = CARTESIAN_POINT('',(-34.,20.,124.));
#14194 = DIRECTION('',(0.,0.,1.));
#14195 = DIRECTION('',(1.,0.,0.));
#14196 = MANIFOLD_SOLID_BREP('',#14197);
#14197 = CLOSED_SHELL('',(#14198,#14231,#14240,#14260,#14285));
#14198 = ADVANCED_FACE('',(#14199),#14226,.T.);
#14199 = FACE_BOUND('',#14200,.T.);
#14200 = EDGE_LOOP('',(#14201,#14210,#14218,#14225));
#14201 = ORIENTED_EDGE('',*,*,#14202,.F.);
#14202 = EDGE_CURVE('',#14203,#14203,#14205,.T.);
#14203 = VERTEX_POINT('',#14204);
#14204 = CARTESIAN_POINT('',(35.9,20.,130.5));
#14205 = CIRCLE('',#14206,1.9);
#14206 = AXIS2_PLACEMENT_3D('',#14207,#14208,#14209);
#14207 = CARTESIAN_POINT('',(34.,20.,130.5));
#14208 = DIRECTION('',(0.,0.,1.));
#14209 = DIRECTION('',(1.,0.,0.));
#14210 = ORIENTED_EDGE('',*,*,#14211,.F.);
#14211 = EDGE_CURVE('',#14212,#14203,#14214,.T.);
#14212 = VERTEX_POINT('',#14213);
#14213 = CARTESIAN_POINT('',(35.9,20.,114.));
#14214 = LINE('',#14215,#14216);
#14215 = CARTESIAN_POINT('',(35.9,20.,114.));
#14216 = VECTOR('',#14217,1.);
#14217 = DIRECTION('',(0.,0.,1.));
#14218 = ORIENTED_EDGE('',*,*,#14219,.T.);
#14219 = EDGE_CURVE('',#14212,#14212,#14220,.T.);
#14220 = CIRCLE('',#14221,1.9);
#14221 = AXIS2_PLACEMENT_3D('',#14222,#14223,#14224);
#14222 = CARTESIAN_POINT('',(34.,20.,114.));
#14223 = DIRECTION('',(0.,0.,1.));
#14224 = DIRECTION('',(1.,0.,0.));
#14225 = ORIENTED_EDGE('',*,*,#14211,.T.);
#14226 = CYLINDRICAL_SURFACE('',#14227,1.9);
#14227 = AXIS2_PLACEMENT_3D('',#14228,#14229,#14230);
#14228 = CARTESIAN_POINT('',(34.,20.,114.));
#14229 = DIRECTION('',(0.,0.,1.));
#14230 = DIRECTION('',(1.,0.,0.));
#14231 = ADVANCED_FACE('',(#14232),#14235,.T.);
#14232 = FACE_BOUND('',#14233,.T.);
#14233 = EDGE_LOOP('',(#14234));
#14234 = ORIENTED_EDGE('',*,*,#14202,.T.);
#14235 = PLANE('',#14236);
#14236 = AXIS2_PLACEMENT_3D('',#14237,#14238,#14239);
#14237 = CARTESIAN_POINT('',(34.,20.,130.5));
#14238 = DIRECTION('',(0.,0.,1.));
#14239 = DIRECTION('',(1.,0.,0.));
#14240 = ADVANCED_FACE('',(#14241,#14252),#14255,.T.);
#14241 = FACE_BOUND('',#14242,.T.);
#14242 = EDGE_LOOP('',(#14243));
#14243 = ORIENTED_EDGE('',*,*,#14244,.T.);
#14244 = EDGE_CURVE('',#14245,#14245,#14247,.T.);
#14245 = VERTEX_POINT('',#14246);
#14246 = CARTESIAN_POINT('',(37.5,20.,114.));
#14247 = CIRCLE('',#14248,3.5);
#14248 = AXIS2_PLACEMENT_3D('',#14249,#14250,#14251);
#14249 = CARTESIAN_POINT('',(34.,20.,114.));
#14250 = DIRECTION('',(0.,0.,1.));
#14251 = DIRECTION('',(1.,0.,0.));
#14252 = FACE_BOUND('',#14253,.T.);
#14253 = EDGE_LOOP('',(#14254));
#14254 = ORIENTED_EDGE('',*,*,#14219,.F.);
#14255 = PLANE('',#14256);
#14256 = AXIS2_PLACEMENT_3D('',#14257,#14258,#14259);
#14257 = CARTESIAN_POINT('',(34.,20.,114.));
#14258 = DIRECTION('',(0.,0.,1.));
#14259 = DIRECTION('',(1.,0.,0.));
#14260 = ADVANCED_FACE('',(#14261),#14280,.T.);
#14261 = FACE_BOUND('',#14262,.T.);
#14262 = EDGE_LOOP('',(#14263,#14264,#14272,#14279));
#14263 = ORIENTED_EDGE('',*,*,#14244,.F.);
#14264 = ORIENTED_EDGE('',*,*,#14265,.F.);
#14265 = EDGE_CURVE('',#14266,#14245,#14268,.T.);
#14266 = VERTEX_POINT('',#14267);
#14267 = CARTESIAN_POINT('',(37.5,20.,110.));
#14268 = LINE('',#14269,#14270);
#14269 = CARTESIAN_POINT('',(37.5,20.,110.));
#14270 = VECTOR('',#14271,1.);
#14271 = DIRECTION('',(0.,0.,1.));
#14272 = ORIENTED_EDGE('',*,*,#14273,.T.);
#14273 = EDGE_CURVE('',#14266,#14266,#14274,.T.);
#14274 = CIRCLE('',#14275,3.5);
#14275 = AXIS2_PLACEMENT_3D('',#14276,#14277,#14278);
#14276 = CARTESIAN_POINT('',(34.,20.,110.));
#14277 = DIRECTION('',(0.,0.,1.));
#14278 = DIRECTION('',(1.,0.,0.));
#14279 = ORIENTED_EDGE('',*,*,#14265,.T.);
#14280 = CYLINDRICAL_SURFACE('',#14281,3.5);
#14281 = AXIS2_PLACEMENT_3D('',#14282,#14283,#14284);
#14282 = CARTESIAN_POINT('',(34.,20.,110.));
#14283 = DIRECTION('',(0.,0.,1.));
#14284 = DIRECTION('',(1.,0.,0.));
#14285 = ADVANCED_FACE('',(#14286),#14289,.F.);
#14286 = FACE_BOUND('',#14287,.T.);
#14287 = EDGE_LOOP('',(#14288));
#14288 = ORIENTED_EDGE('',*,*,#14273,.F.);
#14289 = PLANE('',#14290);
#14290 = AXIS2_PLACEMENT_3D('',#14291,#14292,#14293);
#14291 = CARTESIAN_POINT('',(34.,20.,110.));
#14292 = DIRECTION('',(0.,0.,1.));
#14293 = DIRECTION('',(1.,0.,0.));
#14294 = MANIFOLD_SOLID_BREP('',#14295);
#14295 = CLOSED_SHELL('',(#14296,#14329,#14349,#14369));
#14296 = ADVANCED_FACE('',(#14297),#14324,.T.);
#14297 = FACE_BOUND('',#14298,.T.);
#14298 = EDGE_LOOP('',(#14299,#14308,#14316,#14323));
#14299 = ORIENTED_EDGE('',*,*,#14300,.F.);
#14300 = EDGE_CURVE('',#14301,#14301,#14303,.T.);
#14301 = VERTEX_POINT('',#14302);
#14302 = CARTESIAN_POINT('',(38.5,20.,114.8));
#14303 = CIRCLE('',#14304,4.5);
#14304 = AXIS2_PLACEMENT_3D('',#14305,#14306,#14307);
#14305 = CARTESIAN_POINT('',(34.,20.,114.8));
#14306 = DIRECTION('',(0.,0.,1.));
#14307 = DIRECTION('',(1.,0.,0.));
#14308 = ORIENTED_EDGE('',*,*,#14309,.F.);
#14309 = EDGE_CURVE('',#14310,#14301,#14312,.T.);
#14310 = VERTEX_POINT('',#14311);
#14311 = CARTESIAN_POINT('',(38.5,20.,114.));
#14312 = LINE('',#14313,#14314);
#14313 = CARTESIAN_POINT('',(38.5,20.,114.));
#14314 = VECTOR('',#14315,1.);
#14315 = DIRECTION('',(0.,0.,1.));
#14316 = ORIENTED_EDGE('',*,*,#14317,.T.);
#14317 = EDGE_CURVE('',#14310,#14310,#14318,.T.);
#14318 = CIRCLE('',#14319,4.5);
#14319 = AXIS2_PLACEMENT_3D('',#14320,#14321,#14322);
#14320 = CARTESIAN_POINT('',(34.,20.,114.));
#14321 = DIRECTION('',(0.,0.,1.));
#14322 = DIRECTION('',(1.,0.,0.));
#14323 = ORIENTED_EDGE('',*,*,#14309,.T.);
#14324 = CYLINDRICAL_SURFACE('',#14325,4.5);
#14325 = AXIS2_PLACEMENT_3D('',#14326,#14327,#14328);
#14326 = CARTESIAN_POINT('',(34.,20.,114.));
#14327 = DIRECTION('',(0.,0.,1.));
#14328 = DIRECTION('',(1.,0.,0.));
#14329 = ADVANCED_FACE('',(#14330,#14333),#14344,.T.);
#14330 = FACE_BOUND('',#14331,.T.);
#14331 = EDGE_LOOP('',(#14332));
#14332 = ORIENTED_EDGE('',*,*,#14300,.T.);
#14333 = FACE_BOUND('',#14334,.T.);
#14334 = EDGE_LOOP('',(#14335));
#14335 = ORIENTED_EDGE('',*,*,#14336,.F.);
#14336 = EDGE_CURVE('',#14337,#14337,#14339,.T.);
#14337 = VERTEX_POINT('',#14338);
#14338 = CARTESIAN_POINT('',(36.2,20.,114.8));
#14339 = CIRCLE('',#14340,2.2);
#14340 = AXIS2_PLACEMENT_3D('',#14341,#14342,#14343);
#14341 = CARTESIAN_POINT('',(34.,20.,114.8));
#14342 = DIRECTION('',(0.,0.,1.));
#14343 = DIRECTION('',(1.,0.,0.));
#14344 = PLANE('',#14345);
#14345 = AXIS2_PLACEMENT_3D('',#14346,#14347,#14348);
#14346 = CARTESIAN_POINT('',(34.,20.,114.8));
#14347 = DIRECTION('',(0.,0.,1.));
#14348 = DIRECTION('',(1.,0.,0.));
#14349 = ADVANCED_FACE('',(#14350,#14353),#14364,.F.);
#14350 = FACE_BOUND('',#14351,.F.);
#14351 = EDGE_LOOP('',(#14352));
#14352 = ORIENTED_EDGE('',*,*,#14317,.T.);
#14353 = FACE_BOUND('',#14354,.F.);
#14354 = EDGE_LOOP('',(#14355));
#14355 = ORIENTED_EDGE('',*,*,#14356,.F.);
#14356 = EDGE_CURVE('',#14357,#14357,#14359,.T.);
#14357 = VERTEX_POINT('',#14358);
#14358 = CARTESIAN_POINT('',(36.2,20.,114.));
#14359 = CIRCLE('',#14360,2.2);
#14360 = AXIS2_PLACEMENT_3D('',#14361,#14362,#14363);
#14361 = CARTESIAN_POINT('',(34.,20.,114.));
#14362 = DIRECTION('',(0.,0.,1.));
#14363 = DIRECTION('',(1.,0.,0.));
#14364 = PLANE('',#14365);
#14365 = AXIS2_PLACEMENT_3D('',#14366,#14367,#14368);
#14366 = CARTESIAN_POINT('',(34.,20.,114.));
#14367 = DIRECTION('',(0.,0.,1.));
#14368 = DIRECTION('',(1.,0.,0.));
#14369 = ADVANCED_FACE('',(#14370),#14381,.F.);
#14370 = FACE_BOUND('',#14371,.F.);
#14371 = EDGE_LOOP('',(#14372,#14373,#14379,#14380));
#14372 = ORIENTED_EDGE('',*,*,#14336,.F.);
#14373 = ORIENTED_EDGE('',*,*,#14374,.F.);
#14374 = EDGE_CURVE('',#14357,#14337,#14375,.T.);
#14375 = LINE('',#14376,#14377);
#14376 = CARTESIAN_POINT('',(36.2,20.,114.));
#14377 = VECTOR('',#14378,1.);
#14378 = DIRECTION('',(0.,0.,1.));
#14379 = ORIENTED_EDGE('',*,*,#14356,.T.);
#14380 = ORIENTED_EDGE('',*,*,#14374,.T.);
#14381 = CYLINDRICAL_SURFACE('',#14382,2.2);
#14382 = AXIS2_PLACEMENT_3D('',#14383,#14384,#14385);
#14383 = CARTESIAN_POINT('',(34.,20.,114.));
#14384 = DIRECTION('',(0.,0.,1.));
#14385 = DIRECTION('',(1.,0.,0.));
#14386 = MANIFOLD_SOLID_BREP('',#14387);
#14387 = CLOSED_SHELL('',(#14388,#14428,#14459,#14490,#14534,#14578,
    #14595,#14612,#14624));
#14388 = ADVANCED_FACE('',(#14389),#14423,.F.);
#14389 = FACE_BOUND('',#14390,.F.);
#14390 = EDGE_LOOP('',(#14391,#14401,#14409,#14417));
#14391 = ORIENTED_EDGE('',*,*,#14392,.T.);
#14392 = EDGE_CURVE('',#14393,#14395,#14397,.T.);
#14393 = VERTEX_POINT('',#14394);
#14394 = CARTESIAN_POINT('',(37.5,22.020725942164,124.8));
#14395 = VERTEX_POINT('',#14396);
#14396 = CARTESIAN_POINT('',(37.5,22.020725942164,129.8));
#14397 = LINE('',#14398,#14399);
#14398 = CARTESIAN_POINT('',(37.5,22.020725942164,124.8));
#14399 = VECTOR('',#14400,1.);
#14400 = DIRECTION('',(0.,0.,1.));
#14401 = ORIENTED_EDGE('',*,*,#14402,.T.);
#14402 = EDGE_CURVE('',#14395,#14403,#14405,.T.);
#14403 = VERTEX_POINT('',#14404);
#14404 = CARTESIAN_POINT('',(34.,24.041451884327,129.8));
#14405 = LINE('',#14406,#14407);
#14406 = CARTESIAN_POINT('',(37.5,22.020725942164,129.8));
#14407 = VECTOR('',#14408,1.);
#14408 = DIRECTION('',(-0.866025403784,0.5,0.));
#14409 = ORIENTED_EDGE('',*,*,#14410,.F.);
#14410 = EDGE_CURVE('',#14411,#14403,#14413,.T.);
#14411 = VERTEX_POINT('',#14412);
#14412 = CARTESIAN_POINT('',(34.,24.041451884327,124.8));
#14413 = LINE('',#14414,#14415);
#14414 = CARTESIAN_POINT('',(34.,24.041451884327,124.8));
#14415 = VECTOR('',#14416,1.);
#14416 = DIRECTION('',(0.,0.,1.));
#14417 = ORIENTED_EDGE('',*,*,#14418,.F.);
#14418 = EDGE_CURVE('',#14393,#14411,#14419,.T.);
#14419 = LINE('',#14420,#14421);
#14420 = CARTESIAN_POINT('',(37.5,22.020725942164,124.8));
#14421 = VECTOR('',#14422,1.);
#14422 = DIRECTION('',(-0.866025403784,0.5,0.));
#14423 = PLANE('',#14424);
#14424 = AXIS2_PLACEMENT_3D('',#14425,#14426,#14427);
#14425 = CARTESIAN_POINT('',(37.5,22.020725942164,124.8));
#14426 = DIRECTION('',(-0.5,-0.866025403784,0.));
#14427 = DIRECTION('',(-0.866025403784,0.5,0.));
#14428 = ADVANCED_FACE('',(#14429),#14454,.F.);
#14429 = FACE_BOUND('',#14430,.F.);
#14430 = EDGE_LOOP('',(#14431,#14441,#14447,#14448));
#14431 = ORIENTED_EDGE('',*,*,#14432,.T.);
#14432 = EDGE_CURVE('',#14433,#14435,#14437,.T.);
#14433 = VERTEX_POINT('',#14434);
#14434 = CARTESIAN_POINT('',(37.5,17.979274057836,124.8));
#14435 = VERTEX_POINT('',#14436);
#14436 = CARTESIAN_POINT('',(37.5,17.979274057836,129.8));
#14437 = LINE('',#14438,#14439);
#14438 = CARTESIAN_POINT('',(37.5,17.979274057836,124.8));
#14439 = VECTOR('',#14440,1.);
#14440 = DIRECTION('',(0.,0.,1.));
#14441 = ORIENTED_EDGE('',*,*,#14442,.T.);
#14442 = EDGE_CURVE('',#14435,#14395,#14443,.T.);
#14443 = LINE('',#14444,#14445);
#14444 = CARTESIAN_POINT('',(37.5,17.979274057836,129.8));
#14445 = VECTOR('',#14446,1.);
#14446 = DIRECTION('',(3.296507462372E-16,1.,0.));
#14447 = ORIENTED_EDGE('',*,*,#14392,.F.);
#14448 = ORIENTED_EDGE('',*,*,#14449,.F.);
#14449 = EDGE_CURVE('',#14433,#14393,#14450,.T.);
#14450 = LINE('',#14451,#14452);
#14451 = CARTESIAN_POINT('',(37.5,17.979274057836,124.8));
#14452 = VECTOR('',#14453,1.);
#14453 = DIRECTION('',(3.296507462372E-16,1.,0.));
#14454 = PLANE('',#14455);
#14455 = AXIS2_PLACEMENT_3D('',#14456,#14457,#14458);
#14456 = CARTESIAN_POINT('',(37.5,17.979274057836,124.8));
#14457 = DIRECTION('',(-1.,3.296507462372E-16,0.));
#14458 = DIRECTION('',(3.296507462372E-16,1.,0.));
#14459 = ADVANCED_FACE('',(#14460),#14485,.F.);
#14460 = FACE_BOUND('',#14461,.F.);
#14461 = EDGE_LOOP('',(#14462,#14463,#14471,#14479));
#14462 = ORIENTED_EDGE('',*,*,#14410,.T.);
#14463 = ORIENTED_EDGE('',*,*,#14464,.T.);
#14464 = EDGE_CURVE('',#14403,#14465,#14467,.T.);
#14465 = VERTEX_POINT('',#14466);
#14466 = CARTESIAN_POINT('',(30.5,22.020725942164,129.8));
#14467 = LINE('',#14468,#14469);
#14468 = CARTESIAN_POINT('',(34.,24.041451884327,129.8));
#14469 = VECTOR('',#14470,1.);
#14470 = DIRECTION('',(-0.866025403784,-0.5,0.));
#14471 = ORIENTED_EDGE('',*,*,#14472,.F.);
#14472 = EDGE_CURVE('',#14473,#14465,#14475,.T.);
#14473 = VERTEX_POINT('',#14474);
#14474 = CARTESIAN_POINT('',(30.5,22.020725942164,124.8));
#14475 = LINE('',#14476,#14477);
#14476 = CARTESIAN_POINT('',(30.5,22.020725942164,124.8));
#14477 = VECTOR('',#14478,1.);
#14478 = DIRECTION('',(0.,0.,1.));
#14479 = ORIENTED_EDGE('',*,*,#14480,.F.);
#14480 = EDGE_CURVE('',#14411,#14473,#14481,.T.);
#14481 = LINE('',#14482,#14483);
#14482 = CARTESIAN_POINT('',(34.,24.041451884327,124.8));
#14483 = VECTOR('',#14484,1.);
#14484 = DIRECTION('',(-0.866025403784,-0.5,0.));
#14485 = PLANE('',#14486);
#14486 = AXIS2_PLACEMENT_3D('',#14487,#14488,#14489);
#14487 = CARTESIAN_POINT('',(34.,24.041451884327,124.8));
#14488 = DIRECTION('',(0.5,-0.866025403784,0.));
#14489 = DIRECTION('',(-0.866025403784,-0.5,0.));
#14490 = ADVANCED_FACE('',(#14491,#14518),#14529,.F.);
#14491 = FACE_BOUND('',#14492,.F.);
#14492 = EDGE_LOOP('',(#14493,#14494,#14495,#14503,#14511,#14517));
#14493 = ORIENTED_EDGE('',*,*,#14418,.T.);
#14494 = ORIENTED_EDGE('',*,*,#14480,.T.);
#14495 = ORIENTED_EDGE('',*,*,#14496,.T.);
#14496 = EDGE_CURVE('',#14473,#14497,#14499,.T.);
#14497 = VERTEX_POINT('',#14498);
#14498 = CARTESIAN_POINT('',(30.5,17.979274057836,124.8));
#14499 = LINE('',#14500,#14501);
#14500 = CARTESIAN_POINT('',(30.5,22.020725942164,124.8));
#14501 = VECTOR('',#14502,1.);
#14502 = DIRECTION('',(1.098835820791E-16,-1.,0.));
#14503 = ORIENTED_EDGE('',*,*,#14504,.T.);
#14504 = EDGE_CURVE('',#14497,#14505,#14507,.T.);
#14505 = VERTEX_POINT('',#14506);
#14506 = CARTESIAN_POINT('',(34.,15.958548115673,124.8));
#14507 = LINE('',#14508,#14509);
#14508 = CARTESIAN_POINT('',(30.5,17.979274057836,124.8));
#14509 = VECTOR('',#14510,1.);
#14510 = DIRECTION('',(0.866025403784,-0.5,0.));
#14511 = ORIENTED_EDGE('',*,*,#14512,.T.);
#14512 = EDGE_CURVE('',#14505,#14433,#14513,.T.);
#14513 = LINE('',#14514,#14515);
#14514 = CARTESIAN_POINT('',(34.,15.958548115673,124.8));
#14515 = VECTOR('',#14516,1.);
#14516 = DIRECTION('',(0.866025403784,0.5,0.));
#14517 = ORIENTED_EDGE('',*,*,#14449,.T.);
#14518 = FACE_BOUND('',#14519,.F.);
#14519 = EDGE_LOOP('',(#14520));
#14520 = ORIENTED_EDGE('',*,*,#14521,.F.);
#14521 = EDGE_CURVE('',#14522,#14522,#14524,.T.);
#14522 = VERTEX_POINT('',#14523);
#14523 = CARTESIAN_POINT('',(36.05,20.,124.8));
#14524 = CIRCLE('',#14525,2.05);
#14525 = AXIS2_PLACEMENT_3D('',#14526,#14527,#14528);
#14526 = CARTESIAN_POINT('',(34.,20.,124.8));
#14527 = DIRECTION('',(0.,0.,1.));
#14528 = DIRECTION('',(1.,0.,0.));
#14529 = PLANE('',#14530);
#14530 = AXIS2_PLACEMENT_3D('',#14531,#14532,#14533);
#14531 = CARTESIAN_POINT('',(34.,20.,124.8));
#14532 = DIRECTION('',(0.,0.,1.));
#14533 = DIRECTION('',(1.,0.,0.));
#14534 = ADVANCED_FACE('',(#14535,#14562),#14573,.T.);
#14535 = FACE_BOUND('',#14536,.T.);
#14536 = EDGE_LOOP('',(#14537,#14538,#14539,#14547,#14555,#14561));
#14537 = ORIENTED_EDGE('',*,*,#14402,.T.);
#14538 = ORIENTED_EDGE('',*,*,#14464,.T.);
#14539 = ORIENTED_EDGE('',*,*,#14540,.T.);
#14540 = EDGE_CURVE('',#14465,#14541,#14543,.T.);
#14541 = VERTEX_POINT('',#14542);
#14542 = CARTESIAN_POINT('',(30.5,17.979274057836,129.8));
#14543 = LINE('',#14544,#14545);
#14544 = CARTESIAN_POINT('',(30.5,22.020725942164,129.8));
#14545 = VECTOR('',#14546,1.);
#14546 = DIRECTION('',(1.098835820791E-16,-1.,0.));
#14547 = ORIENTED_EDGE('',*,*,#14548,.T.);
#14548 = EDGE_CURVE('',#14541,#14549,#14551,.T.);
#14549 = VERTEX_POINT('',#14550);
#14550 = CARTESIAN_POINT('',(34.,15.958548115673,129.8));
#14551 = LINE('',#14552,#14553);
#14552 = CARTESIAN_POINT('',(30.5,17.979274057836,129.8));
#14553 = VECTOR('',#14554,1.);
#14554 = DIRECTION('',(0.866025403784,-0.5,0.));
#14555 = ORIENTED_EDGE('',*,*,#14556,.T.);
#14556 = EDGE_CURVE('',#14549,#14435,#14557,.T.);
#14557 = LINE('',#14558,#14559);
#14558 = CARTESIAN_POINT('',(34.,15.958548115673,129.8));
#14559 = VECTOR('',#14560,1.);
#14560 = DIRECTION('',(0.866025403784,0.5,0.));
#14561 = ORIENTED_EDGE('',*,*,#14442,.T.);
#14562 = FACE_BOUND('',#14563,.T.);
#14563 = EDGE_LOOP('',(#14564));
#14564 = ORIENTED_EDGE('',*,*,#14565,.F.);
#14565 = EDGE_CURVE('',#14566,#14566,#14568,.T.);
#14566 = VERTEX_POINT('',#14567);
#14567 = CARTESIAN_POINT('',(36.05,20.,129.8));
#14568 = CIRCLE('',#14569,2.05);
#14569 = AXIS2_PLACEMENT_3D('',#14570,#14571,#14572);
#14570 = CARTESIAN_POINT('',(34.,20.,129.8));
#14571 = DIRECTION('',(0.,0.,1.));
#14572 = DIRECTION('',(1.,0.,0.));
#14573 = PLANE('',#14574);
#14574 = AXIS2_PLACEMENT_3D('',#14575,#14576,#14577);
#14575 = CARTESIAN_POINT('',(34.,20.,129.8));
#14576 = DIRECTION('',(0.,0.,1.));
#14577 = DIRECTION('',(1.,0.,0.));
#14578 = ADVANCED_FACE('',(#14579),#14590,.F.);
#14579 = FACE_BOUND('',#14580,.F.);
#14580 = EDGE_LOOP('',(#14581,#14587,#14588,#14589));
#14581 = ORIENTED_EDGE('',*,*,#14582,.T.);
#14582 = EDGE_CURVE('',#14505,#14549,#14583,.T.);
#14583 = LINE('',#14584,#14585);
#14584 = CARTESIAN_POINT('',(34.,15.958548115673,124.8));
#14585 = VECTOR('',#14586,1.);
#14586 = DIRECTION('',(0.,0.,1.));
#14587 = ORIENTED_EDGE('',*,*,#14556,.T.);
#14588 = ORIENTED_EDGE('',*,*,#14432,.F.);
#14589 = ORIENTED_EDGE('',*,*,#14512,.F.);
#14590 = PLANE('',#14591);
#14591 = AXIS2_PLACEMENT_3D('',#14592,#14593,#14594);
#14592 = CARTESIAN_POINT('',(34.,15.958548115673,124.8));
#14593 = DIRECTION('',(-0.5,0.866025403784,0.));
#14594 = DIRECTION('',(0.866025403784,0.5,0.));
#14595 = ADVANCED_FACE('',(#14596),#14607,.F.);
#14596 = FACE_BOUND('',#14597,.F.);
#14597 = EDGE_LOOP('',(#14598,#14599,#14600,#14606));
#14598 = ORIENTED_EDGE('',*,*,#14472,.T.);
#14599 = ORIENTED_EDGE('',*,*,#14540,.T.);
#14600 = ORIENTED_EDGE('',*,*,#14601,.F.);
#14601 = EDGE_CURVE('',#14497,#14541,#14602,.T.);
#14602 = LINE('',#14603,#14604);
#14603 = CARTESIAN_POINT('',(30.5,17.979274057836,124.8));
#14604 = VECTOR('',#14605,1.);
#14605 = DIRECTION('',(0.,0.,1.));
#14606 = ORIENTED_EDGE('',*,*,#14496,.F.);
#14607 = PLANE('',#14608);
#14608 = AXIS2_PLACEMENT_3D('',#14609,#14610,#14611);
#14609 = CARTESIAN_POINT('',(30.5,22.020725942164,124.8));
#14610 = DIRECTION('',(1.,1.098835820791E-16,0.));
#14611 = DIRECTION('',(1.098835820791E-16,-1.,0.));
#14612 = ADVANCED_FACE('',(#14613),#14619,.F.);
#14613 = FACE_BOUND('',#14614,.F.);
#14614 = EDGE_LOOP('',(#14615,#14616,#14617,#14618));
#14615 = ORIENTED_EDGE('',*,*,#14601,.T.);
#14616 = ORIENTED_EDGE('',*,*,#14548,.T.);
#14617 = ORIENTED_EDGE('',*,*,#14582,.F.);
#14618 = ORIENTED_EDGE('',*,*,#14504,.F.);
#14619 = PLANE('',#14620);
#14620 = AXIS2_PLACEMENT_3D('',#14621,#14622,#14623);
#14621 = CARTESIAN_POINT('',(30.5,17.979274057836,124.8));
#14622 = DIRECTION('',(0.5,0.866025403784,0.));
#14623 = DIRECTION('',(0.866025403784,-0.5,0.));
#14624 = ADVANCED_FACE('',(#14625),#14636,.F.);
#14625 = FACE_BOUND('',#14626,.F.);
#14626 = EDGE_LOOP('',(#14627,#14628,#14634,#14635));
#14627 = ORIENTED_EDGE('',*,*,#14565,.F.);
#14628 = ORIENTED_EDGE('',*,*,#14629,.F.);
#14629 = EDGE_CURVE('',#14522,#14566,#14630,.T.);
#14630 = LINE('',#14631,#14632);
#14631 = CARTESIAN_POINT('',(36.05,20.,124.8));
#14632 = VECTOR('',#14633,1.);
#14633 = DIRECTION('',(0.,0.,1.));
#14634 = ORIENTED_EDGE('',*,*,#14521,.T.);
#14635 = ORIENTED_EDGE('',*,*,#14629,.T.);
#14636 = CYLINDRICAL_SURFACE('',#14637,2.05);
#14637 = AXIS2_PLACEMENT_3D('',#14638,#14639,#14640);
#14638 = CARTESIAN_POINT('',(34.,20.,124.8));
#14639 = DIRECTION('',(0.,0.,1.));
#14640 = DIRECTION('',(1.,0.,0.));
#14641 = MANIFOLD_SOLID_BREP('',#14642);
#14642 = CLOSED_SHELL('',(#14643,#14676,#14696,#14716));
#14643 = ADVANCED_FACE('',(#14644),#14671,.T.);
#14644 = FACE_BOUND('',#14645,.T.);
#14645 = EDGE_LOOP('',(#14646,#14655,#14663,#14670));
#14646 = ORIENTED_EDGE('',*,*,#14647,.F.);
#14647 = EDGE_CURVE('',#14648,#14648,#14650,.T.);
#14648 = VERTEX_POINT('',#14649);
#14649 = CARTESIAN_POINT('',(38.5,20.,124.8));
#14650 = CIRCLE('',#14651,4.5);
#14651 = AXIS2_PLACEMENT_3D('',#14652,#14653,#14654);
#14652 = CARTESIAN_POINT('',(34.,20.,124.8));
#14653 = DIRECTION('',(0.,0.,1.));
#14654 = DIRECTION('',(1.,0.,0.));
#14655 = ORIENTED_EDGE('',*,*,#14656,.F.);
#14656 = EDGE_CURVE('',#14657,#14648,#14659,.T.);
#14657 = VERTEX_POINT('',#14658);
#14658 = CARTESIAN_POINT('',(38.5,20.,124.));
#14659 = LINE('',#14660,#14661);
#14660 = CARTESIAN_POINT('',(38.5,20.,124.));
#14661 = VECTOR('',#14662,1.);
#14662 = DIRECTION('',(0.,0.,1.));
#14663 = ORIENTED_EDGE('',*,*,#14664,.T.);
#14664 = EDGE_CURVE('',#14657,#14657,#14665,.T.);
#14665 = CIRCLE('',#14666,4.5);
#14666 = AXIS2_PLACEMENT_3D('',#14667,#14668,#14669);
#14667 = CARTESIAN_POINT('',(34.,20.,124.));
#14668 = DIRECTION('',(0.,0.,1.));
#14669 = DIRECTION('',(1.,0.,0.));
#14670 = ORIENTED_EDGE('',*,*,#14656,.T.);
#14671 = CYLINDRICAL_SURFACE('',#14672,4.5);
#14672 = AXIS2_PLACEMENT_3D('',#14673,#14674,#14675);
#14673 = CARTESIAN_POINT('',(34.,20.,124.));
#14674 = DIRECTION('',(0.,0.,1.));
#14675 = DIRECTION('',(1.,0.,0.));
#14676 = ADVANCED_FACE('',(#14677,#14680),#14691,.T.);
#14677 = FACE_BOUND('',#14678,.T.);
#14678 = EDGE_LOOP('',(#14679));
#14679 = ORIENTED_EDGE('',*,*,#14647,.T.);
#14680 = FACE_BOUND('',#14681,.T.);
#14681 = EDGE_LOOP('',(#14682));
#14682 = ORIENTED_EDGE('',*,*,#14683,.F.);
#14683 = EDGE_CURVE('',#14684,#14684,#14686,.T.);
#14684 = VERTEX_POINT('',#14685);
#14685 = CARTESIAN_POINT('',(36.2,20.,124.8));
#14686 = CIRCLE('',#14687,2.2);
#14687 = AXIS2_PLACEMENT_3D('',#14688,#14689,#14690);
#14688 = CARTESIAN_POINT('',(34.,20.,124.8));
#14689 = DIRECTION('',(0.,0.,1.));
#14690 = DIRECTION('',(1.,0.,0.));
#14691 = PLANE('',#14692);
#14692 = AXIS2_PLACEMENT_3D('',#14693,#14694,#14695);
#14693 = CARTESIAN_POINT('',(34.,20.,124.8));
#14694 = DIRECTION('',(0.,0.,1.));
#14695 = DIRECTION('',(1.,0.,0.));
#14696 = ADVANCED_FACE('',(#14697,#14700),#14711,.F.);
#14697 = FACE_BOUND('',#14698,.F.);
#14698 = EDGE_LOOP('',(#14699));
#14699 = ORIENTED_EDGE('',*,*,#14664,.T.);
#14700 = FACE_BOUND('',#14701,.F.);
#14701 = EDGE_LOOP('',(#14702));
#14702 = ORIENTED_EDGE('',*,*,#14703,.F.);
#14703 = EDGE_CURVE('',#14704,#14704,#14706,.T.);
#14704 = VERTEX_POINT('',#14705);
#14705 = CARTESIAN_POINT('',(36.2,20.,124.));
#14706 = CIRCLE('',#14707,2.2);
#14707 = AXIS2_PLACEMENT_3D('',#14708,#14709,#14710);
#14708 = CARTESIAN_POINT('',(34.,20.,124.));
#14709 = DIRECTION('',(0.,0.,1.));
#14710 = DIRECTION('',(1.,0.,0.));
#14711 = PLANE('',#14712);
#14712 = AXIS2_PLACEMENT_3D('',#14713,#14714,#14715);
#14713 = CARTESIAN_POINT('',(34.,20.,124.));
#14714 = DIRECTION('',(0.,0.,1.));
#14715 = DIRECTION('',(1.,0.,0.));
#14716 = ADVANCED_FACE('',(#14717),#14728,.F.);
#14717 = FACE_BOUND('',#14718,.F.);
#14718 = EDGE_LOOP('',(#14719,#14720,#14726,#14727));
#14719 = ORIENTED_EDGE('',*,*,#14683,.F.);
#14720 = ORIENTED_EDGE('',*,*,#14721,.F.);
#14721 = EDGE_CURVE('',#14704,#14684,#14722,.T.);
#14722 = LINE('',#14723,#14724);
#14723 = CARTESIAN_POINT('',(36.2,20.,124.));
#14724 = VECTOR('',#14725,1.);
#14725 = DIRECTION('',(0.,0.,1.));
#14726 = ORIENTED_EDGE('',*,*,#14703,.T.);
#14727 = ORIENTED_EDGE('',*,*,#14721,.T.);
#14728 = CYLINDRICAL_SURFACE('',#14729,2.2);
#14729 = AXIS2_PLACEMENT_3D('',#14730,#14731,#14732);
#14730 = CARTESIAN_POINT('',(34.,20.,124.));
#14731 = DIRECTION('',(0.,0.,1.));
#14732 = DIRECTION('',(1.,0.,0.));
#14733 = MANIFOLD_SOLID_BREP('',#14734);
#14734 = CLOSED_SHELL('',(#14735,#14768,#14777,#14797,#14822));
#14735 = ADVANCED_FACE('',(#14736),#14763,.T.);
#14736 = FACE_BOUND('',#14737,.T.);
#14737 = EDGE_LOOP('',(#14738,#14747,#14755,#14762));
#14738 = ORIENTED_EDGE('',*,*,#14739,.F.);
#14739 = EDGE_CURVE('',#14740,#14740,#14742,.T.);
#14740 = VERTEX_POINT('',#14741);
#14741 = CARTESIAN_POINT('',(-16.1,-26.,130.5));
#14742 = CIRCLE('',#14743,1.9);
#14743 = AXIS2_PLACEMENT_3D('',#14744,#14745,#14746);
#14744 = CARTESIAN_POINT('',(-18.,-26.,130.5));
#14745 = DIRECTION('',(0.,0.,1.));
#14746 = DIRECTION('',(1.,0.,0.));
#14747 = ORIENTED_EDGE('',*,*,#14748,.F.);
#14748 = EDGE_CURVE('',#14749,#14740,#14751,.T.);
#14749 = VERTEX_POINT('',#14750);
#14750 = CARTESIAN_POINT('',(-16.1,-26.,114.));
#14751 = LINE('',#14752,#14753);
#14752 = CARTESIAN_POINT('',(-16.1,-26.,114.));
#14753 = VECTOR('',#14754,1.);
#14754 = DIRECTION('',(0.,0.,1.));
#14755 = ORIENTED_EDGE('',*,*,#14756,.T.);
#14756 = EDGE_CURVE('',#14749,#14749,#14757,.T.);
#14757 = CIRCLE('',#14758,1.9);
#14758 = AXIS2_PLACEMENT_3D('',#14759,#14760,#14761);
#14759 = CARTESIAN_POINT('',(-18.,-26.,114.));
#14760 = DIRECTION('',(0.,0.,1.));
#14761 = DIRECTION('',(1.,0.,0.));
#14762 = ORIENTED_EDGE('',*,*,#14748,.T.);
#14763 = CYLINDRICAL_SURFACE('',#14764,1.9);
#14764 = AXIS2_PLACEMENT_3D('',#14765,#14766,#14767);
#14765 = CARTESIAN_POINT('',(-18.,-26.,114.));
#14766 = DIRECTION('',(0.,0.,1.));
#14767 = DIRECTION('',(1.,0.,0.));
#14768 = ADVANCED_FACE('',(#14769),#14772,.T.);
#14769 = FACE_BOUND('',#14770,.T.);
#14770 = EDGE_LOOP('',(#14771));
#14771 = ORIENTED_EDGE('',*,*,#14739,.T.);
#14772 = PLANE('',#14773);
#14773 = AXIS2_PLACEMENT_3D('',#14774,#14775,#14776);
#14774 = CARTESIAN_POINT('',(-18.,-26.,130.5));
#14775 = DIRECTION('',(0.,0.,1.));
#14776 = DIRECTION('',(1.,0.,0.));
#14777 = ADVANCED_FACE('',(#14778,#14789),#14792,.T.);
#14778 = FACE_BOUND('',#14779,.T.);
#14779 = EDGE_LOOP('',(#14780));
#14780 = ORIENTED_EDGE('',*,*,#14781,.T.);
#14781 = EDGE_CURVE('',#14782,#14782,#14784,.T.);
#14782 = VERTEX_POINT('',#14783);
#14783 = CARTESIAN_POINT('',(-14.5,-26.,114.));
#14784 = CIRCLE('',#14785,3.5);
#14785 = AXIS2_PLACEMENT_3D('',#14786,#14787,#14788);
#14786 = CARTESIAN_POINT('',(-18.,-26.,114.));
#14787 = DIRECTION('',(0.,0.,1.));
#14788 = DIRECTION('',(1.,0.,0.));
#14789 = FACE_BOUND('',#14790,.T.);
#14790 = EDGE_LOOP('',(#14791));
#14791 = ORIENTED_EDGE('',*,*,#14756,.F.);
#14792 = PLANE('',#14793);
#14793 = AXIS2_PLACEMENT_3D('',#14794,#14795,#14796);
#14794 = CARTESIAN_POINT('',(-18.,-26.,114.));
#14795 = DIRECTION('',(0.,0.,1.));
#14796 = DIRECTION('',(1.,0.,0.));
#14797 = ADVANCED_FACE('',(#14798),#14817,.T.);
#14798 = FACE_BOUND('',#14799,.T.);
#14799 = EDGE_LOOP('',(#14800,#14801,#14809,#14816));
#14800 = ORIENTED_EDGE('',*,*,#14781,.F.);
#14801 = ORIENTED_EDGE('',*,*,#14802,.F.);
#14802 = EDGE_CURVE('',#14803,#14782,#14805,.T.);
#14803 = VERTEX_POINT('',#14804);
#14804 = CARTESIAN_POINT('',(-14.5,-26.,110.));
#14805 = LINE('',#14806,#14807);
#14806 = CARTESIAN_POINT('',(-14.5,-26.,110.));
#14807 = VECTOR('',#14808,1.);
#14808 = DIRECTION('',(0.,0.,1.));
#14809 = ORIENTED_EDGE('',*,*,#14810,.T.);
#14810 = EDGE_CURVE('',#14803,#14803,#14811,.T.);
#14811 = CIRCLE('',#14812,3.5);
#14812 = AXIS2_PLACEMENT_3D('',#14813,#14814,#14815);
#14813 = CARTESIAN_POINT('',(-18.,-26.,110.));
#14814 = DIRECTION('',(0.,0.,1.));
#14815 = DIRECTION('',(1.,0.,0.));
#14816 = ORIENTED_EDGE('',*,*,#14802,.T.);
#14817 = CYLINDRICAL_SURFACE('',#14818,3.5);
#14818 = AXIS2_PLACEMENT_3D('',#14819,#14820,#14821);
#14819 = CARTESIAN_POINT('',(-18.,-26.,110.));
#14820 = DIRECTION('',(0.,0.,1.));
#14821 = DIRECTION('',(1.,0.,0.));
#14822 = ADVANCED_FACE('',(#14823),#14826,.F.);
#14823 = FACE_BOUND('',#14824,.T.);
#14824 = EDGE_LOOP('',(#14825));
#14825 = ORIENTED_EDGE('',*,*,#14810,.F.);
#14826 = PLANE('',#14827);
#14827 = AXIS2_PLACEMENT_3D('',#14828,#14829,#14830);
#14828 = CARTESIAN_POINT('',(-18.,-26.,110.));
#14829 = DIRECTION('',(0.,0.,1.));
#14830 = DIRECTION('',(1.,0.,0.));
#14831 = MANIFOLD_SOLID_BREP('',#14832);
#14832 = CLOSED_SHELL('',(#14833,#14866,#14886,#14906));
#14833 = ADVANCED_FACE('',(#14834),#14861,.T.);
#14834 = FACE_BOUND('',#14835,.T.);
#14835 = EDGE_LOOP('',(#14836,#14845,#14853,#14860));
#14836 = ORIENTED_EDGE('',*,*,#14837,.F.);
#14837 = EDGE_CURVE('',#14838,#14838,#14840,.T.);
#14838 = VERTEX_POINT('',#14839);
#14839 = CARTESIAN_POINT('',(-13.5,-26.,114.8));
#14840 = CIRCLE('',#14841,4.5);
#14841 = AXIS2_PLACEMENT_3D('',#14842,#14843,#14844);
#14842 = CARTESIAN_POINT('',(-18.,-26.,114.8));
#14843 = DIRECTION('',(0.,0.,1.));
#14844 = DIRECTION('',(1.,0.,0.));
#14845 = ORIENTED_EDGE('',*,*,#14846,.F.);
#14846 = EDGE_CURVE('',#14847,#14838,#14849,.T.);
#14847 = VERTEX_POINT('',#14848);
#14848 = CARTESIAN_POINT('',(-13.5,-26.,114.));
#14849 = LINE('',#14850,#14851);
#14850 = CARTESIAN_POINT('',(-13.5,-26.,114.));
#14851 = VECTOR('',#14852,1.);
#14852 = DIRECTION('',(0.,0.,1.));
#14853 = ORIENTED_EDGE('',*,*,#14854,.T.);
#14854 = EDGE_CURVE('',#14847,#14847,#14855,.T.);
#14855 = CIRCLE('',#14856,4.5);
#14856 = AXIS2_PLACEMENT_3D('',#14857,#14858,#14859);
#14857 = CARTESIAN_POINT('',(-18.,-26.,114.));
#14858 = DIRECTION('',(0.,0.,1.));
#14859 = DIRECTION('',(1.,0.,0.));
#14860 = ORIENTED_EDGE('',*,*,#14846,.T.);
#14861 = CYLINDRICAL_SURFACE('',#14862,4.5);
#14862 = AXIS2_PLACEMENT_3D('',#14863,#14864,#14865);
#14863 = CARTESIAN_POINT('',(-18.,-26.,114.));
#14864 = DIRECTION('',(0.,0.,1.));
#14865 = DIRECTION('',(1.,0.,0.));
#14866 = ADVANCED_FACE('',(#14867,#14870),#14881,.T.);
#14867 = FACE_BOUND('',#14868,.T.);
#14868 = EDGE_LOOP('',(#14869));
#14869 = ORIENTED_EDGE('',*,*,#14837,.T.);
#14870 = FACE_BOUND('',#14871,.T.);
#14871 = EDGE_LOOP('',(#14872));
#14872 = ORIENTED_EDGE('',*,*,#14873,.F.);
#14873 = EDGE_CURVE('',#14874,#14874,#14876,.T.);
#14874 = VERTEX_POINT('',#14875);
#14875 = CARTESIAN_POINT('',(-15.8,-26.,114.8));
#14876 = CIRCLE('',#14877,2.2);
#14877 = AXIS2_PLACEMENT_3D('',#14878,#14879,#14880);
#14878 = CARTESIAN_POINT('',(-18.,-26.,114.8));
#14879 = DIRECTION('',(0.,0.,1.));
#14880 = DIRECTION('',(1.,0.,0.));
#14881 = PLANE('',#14882);
#14882 = AXIS2_PLACEMENT_3D('',#14883,#14884,#14885);
#14883 = CARTESIAN_POINT('',(-18.,-26.,114.8));
#14884 = DIRECTION('',(0.,0.,1.));
#14885 = DIRECTION('',(1.,0.,0.));
#14886 = ADVANCED_FACE('',(#14887,#14890),#14901,.F.);
#14887 = FACE_BOUND('',#14888,.F.);
#14888 = EDGE_LOOP('',(#14889));
#14889 = ORIENTED_EDGE('',*,*,#14854,.T.);
#14890 = FACE_BOUND('',#14891,.F.);
#14891 = EDGE_LOOP('',(#14892));
#14892 = ORIENTED_EDGE('',*,*,#14893,.F.);
#14893 = EDGE_CURVE('',#14894,#14894,#14896,.T.);
#14894 = VERTEX_POINT('',#14895);
#14895 = CARTESIAN_POINT('',(-15.8,-26.,114.));
#14896 = CIRCLE('',#14897,2.2);
#14897 = AXIS2_PLACEMENT_3D('',#14898,#14899,#14900);
#14898 = CARTESIAN_POINT('',(-18.,-26.,114.));
#14899 = DIRECTION('',(0.,0.,1.));
#14900 = DIRECTION('',(1.,0.,0.));
#14901 = PLANE('',#14902);
#14902 = AXIS2_PLACEMENT_3D('',#14903,#14904,#14905);
#14903 = CARTESIAN_POINT('',(-18.,-26.,114.));
#14904 = DIRECTION('',(0.,0.,1.));
#14905 = DIRECTION('',(1.,0.,0.));
#14906 = ADVANCED_FACE('',(#14907),#14918,.F.);
#14907 = FACE_BOUND('',#14908,.F.);
#14908 = EDGE_LOOP('',(#14909,#14910,#14916,#14917));
#14909 = ORIENTED_EDGE('',*,*,#14873,.F.);
#14910 = ORIENTED_EDGE('',*,*,#14911,.F.);
#14911 = EDGE_CURVE('',#14894,#14874,#14912,.T.);
#14912 = LINE('',#14913,#14914);
#14913 = CARTESIAN_POINT('',(-15.8,-26.,114.));
#14914 = VECTOR('',#14915,1.);
#14915 = DIRECTION('',(0.,0.,1.));
#14916 = ORIENTED_EDGE('',*,*,#14893,.T.);
#14917 = ORIENTED_EDGE('',*,*,#14911,.T.);
#14918 = CYLINDRICAL_SURFACE('',#14919,2.2);
#14919 = AXIS2_PLACEMENT_3D('',#14920,#14921,#14922);
#14920 = CARTESIAN_POINT('',(-18.,-26.,114.));
#14921 = DIRECTION('',(0.,0.,1.));
#14922 = DIRECTION('',(1.,0.,0.));
#14923 = MANIFOLD_SOLID_BREP('',#14924);
#14924 = CLOSED_SHELL('',(#14925,#14965,#14996,#15027,#15071,#15115,
    #15132,#15149,#15161));
#14925 = ADVANCED_FACE('',(#14926),#14960,.F.);
#14926 = FACE_BOUND('',#14927,.F.);
#14927 = EDGE_LOOP('',(#14928,#14938,#14946,#14954));
#14928 = ORIENTED_EDGE('',*,*,#14929,.T.);
#14929 = EDGE_CURVE('',#14930,#14932,#14934,.T.);
#14930 = VERTEX_POINT('',#14931);
#14931 = CARTESIAN_POINT('',(-14.5,-23.97927405783,124.8));
#14932 = VERTEX_POINT('',#14933);
#14933 = CARTESIAN_POINT('',(-14.5,-23.97927405783,129.8));
#14934 = LINE('',#14935,#14936);
#14935 = CARTESIAN_POINT('',(-14.5,-23.97927405783,124.8));
#14936 = VECTOR('',#14937,1.);
#14937 = DIRECTION('',(0.,0.,1.));
#14938 = ORIENTED_EDGE('',*,*,#14939,.T.);
#14939 = EDGE_CURVE('',#14932,#14940,#14942,.T.);
#14940 = VERTEX_POINT('',#14941);
#14941 = CARTESIAN_POINT('',(-18.,-21.95854811567,129.8));
#14942 = LINE('',#14943,#14944);
#14943 = CARTESIAN_POINT('',(-14.5,-23.97927405783,129.8));
#14944 = VECTOR('',#14945,1.);
#14945 = DIRECTION('',(-0.866025403784,0.5,0.));
#14946 = ORIENTED_EDGE('',*,*,#14947,.F.);
#14947 = EDGE_CURVE('',#14948,#14940,#14950,.T.);
#14948 = VERTEX_POINT('',#14949);
#14949 = CARTESIAN_POINT('',(-18.,-21.95854811567,124.8));
#14950 = LINE('',#14951,#14952);
#14951 = CARTESIAN_POINT('',(-18.,-21.95854811567,124.8));
#14952 = VECTOR('',#14953,1.);
#14953 = DIRECTION('',(0.,0.,1.));
#14954 = ORIENTED_EDGE('',*,*,#14955,.F.);
#14955 = EDGE_CURVE('',#14930,#14948,#14956,.T.);
#14956 = LINE('',#14957,#14958);
#14957 = CARTESIAN_POINT('',(-14.5,-23.97927405783,124.8));
#14958 = VECTOR('',#14959,1.);
#14959 = DIRECTION('',(-0.866025403784,0.5,0.));
#14960 = PLANE('',#14961);
#14961 = AXIS2_PLACEMENT_3D('',#14962,#14963,#14964);
#14962 = CARTESIAN_POINT('',(-14.5,-23.97927405783,124.8));
#14963 = DIRECTION('',(-0.5,-0.866025403784,0.));
#14964 = DIRECTION('',(-0.866025403784,0.5,0.));
#14965 = ADVANCED_FACE('',(#14966),#14991,.F.);
#14966 = FACE_BOUND('',#14967,.F.);
#14967 = EDGE_LOOP('',(#14968,#14978,#14984,#14985));
#14968 = ORIENTED_EDGE('',*,*,#14969,.T.);
#14969 = EDGE_CURVE('',#14970,#14972,#14974,.T.);
#14970 = VERTEX_POINT('',#14971);
#14971 = CARTESIAN_POINT('',(-14.5,-28.02072594216,124.8));
#14972 = VERTEX_POINT('',#14973);
#14973 = CARTESIAN_POINT('',(-14.5,-28.02072594216,129.8));
#14974 = LINE('',#14975,#14976);
#14975 = CARTESIAN_POINT('',(-14.5,-28.02072594216,124.8));
#14976 = VECTOR('',#14977,1.);
#14977 = DIRECTION('',(0.,0.,1.));
#14978 = ORIENTED_EDGE('',*,*,#14979,.T.);
#14979 = EDGE_CURVE('',#14972,#14932,#14980,.T.);
#14980 = LINE('',#14981,#14982);
#14981 = CARTESIAN_POINT('',(-14.5,-28.02072594216,129.8));
#14982 = VECTOR('',#14983,1.);
#14983 = DIRECTION('',(3.296507462372E-16,1.,0.));
#14984 = ORIENTED_EDGE('',*,*,#14929,.F.);
#14985 = ORIENTED_EDGE('',*,*,#14986,.F.);
#14986 = EDGE_CURVE('',#14970,#14930,#14987,.T.);
#14987 = LINE('',#14988,#14989);
#14988 = CARTESIAN_POINT('',(-14.5,-28.02072594216,124.8));
#14989 = VECTOR('',#14990,1.);
#14990 = DIRECTION('',(3.296507462372E-16,1.,0.));
#14991 = PLANE('',#14992);
#14992 = AXIS2_PLACEMENT_3D('',#14993,#14994,#14995);
#14993 = CARTESIAN_POINT('',(-14.5,-28.02072594216,124.8));
#14994 = DIRECTION('',(-1.,3.296507462372E-16,0.));
#14995 = DIRECTION('',(3.296507462372E-16,1.,0.));
#14996 = ADVANCED_FACE('',(#14997),#15022,.F.);
#14997 = FACE_BOUND('',#14998,.F.);
#14998 = EDGE_LOOP('',(#14999,#15000,#15008,#15016));
#14999 = ORIENTED_EDGE('',*,*,#14947,.T.);
#15000 = ORIENTED_EDGE('',*,*,#15001,.T.);
#15001 = EDGE_CURVE('',#14940,#15002,#15004,.T.);
#15002 = VERTEX_POINT('',#15003);
#15003 = CARTESIAN_POINT('',(-21.5,-23.97927405783,129.8));
#15004 = LINE('',#15005,#15006);
#15005 = CARTESIAN_POINT('',(-18.,-21.95854811567,129.8));
#15006 = VECTOR('',#15007,1.);
#15007 = DIRECTION('',(-0.866025403784,-0.5,0.));
#15008 = ORIENTED_EDGE('',*,*,#15009,.F.);
#15009 = EDGE_CURVE('',#15010,#15002,#15012,.T.);
#15010 = VERTEX_POINT('',#15011);
#15011 = CARTESIAN_POINT('',(-21.5,-23.97927405783,124.8));
#15012 = LINE('',#15013,#15014);
#15013 = CARTESIAN_POINT('',(-21.5,-23.97927405783,124.8));
#15014 = VECTOR('',#15015,1.);
#15015 = DIRECTION('',(0.,0.,1.));
#15016 = ORIENTED_EDGE('',*,*,#15017,.F.);
#15017 = EDGE_CURVE('',#14948,#15010,#15018,.T.);
#15018 = LINE('',#15019,#15020);
#15019 = CARTESIAN_POINT('',(-18.,-21.95854811567,124.8));
#15020 = VECTOR('',#15021,1.);
#15021 = DIRECTION('',(-0.866025403784,-0.5,0.));
#15022 = PLANE('',#15023);
#15023 = AXIS2_PLACEMENT_3D('',#15024,#15025,#15026);
#15024 = CARTESIAN_POINT('',(-18.,-21.95854811567,124.8));
#15025 = DIRECTION('',(0.5,-0.866025403784,0.));
#15026 = DIRECTION('',(-0.866025403784,-0.5,0.));
#15027 = ADVANCED_FACE('',(#15028,#15055),#15066,.F.);
#15028 = FACE_BOUND('',#15029,.F.);
#15029 = EDGE_LOOP('',(#15030,#15031,#15032,#15040,#15048,#15054));
#15030 = ORIENTED_EDGE('',*,*,#14955,.T.);
#15031 = ORIENTED_EDGE('',*,*,#15017,.T.);
#15032 = ORIENTED_EDGE('',*,*,#15033,.T.);
#15033 = EDGE_CURVE('',#15010,#15034,#15036,.T.);
#15034 = VERTEX_POINT('',#15035);
#15035 = CARTESIAN_POINT('',(-21.5,-28.02072594216,124.8));
#15036 = LINE('',#15037,#15038);
#15037 = CARTESIAN_POINT('',(-21.5,-23.97927405783,124.8));
#15038 = VECTOR('',#15039,1.);
#15039 = DIRECTION('',(1.098835820791E-16,-1.,0.));
#15040 = ORIENTED_EDGE('',*,*,#15041,.T.);
#15041 = EDGE_CURVE('',#15034,#15042,#15044,.T.);
#15042 = VERTEX_POINT('',#15043);
#15043 = CARTESIAN_POINT('',(-18.,-30.04145188432,124.8));
#15044 = LINE('',#15045,#15046);
#15045 = CARTESIAN_POINT('',(-21.5,-28.02072594216,124.8));
#15046 = VECTOR('',#15047,1.);
#15047 = DIRECTION('',(0.866025403784,-0.5,0.));
#15048 = ORIENTED_EDGE('',*,*,#15049,.T.);
#15049 = EDGE_CURVE('',#15042,#14970,#15050,.T.);
#15050 = LINE('',#15051,#15052);
#15051 = CARTESIAN_POINT('',(-18.,-30.04145188432,124.8));
#15052 = VECTOR('',#15053,1.);
#15053 = DIRECTION('',(0.866025403784,0.5,0.));
#15054 = ORIENTED_EDGE('',*,*,#14986,.T.);
#15055 = FACE_BOUND('',#15056,.F.);
#15056 = EDGE_LOOP('',(#15057));
#15057 = ORIENTED_EDGE('',*,*,#15058,.F.);
#15058 = EDGE_CURVE('',#15059,#15059,#15061,.T.);
#15059 = VERTEX_POINT('',#15060);
#15060 = CARTESIAN_POINT('',(-15.95,-26.,124.8));
#15061 = CIRCLE('',#15062,2.05);
#15062 = AXIS2_PLACEMENT_3D('',#15063,#15064,#15065);
#15063 = CARTESIAN_POINT('',(-18.,-26.,124.8));
#15064 = DIRECTION('',(0.,0.,1.));
#15065 = DIRECTION('',(1.,0.,0.));
#15066 = PLANE('',#15067);
#15067 = AXIS2_PLACEMENT_3D('',#15068,#15069,#15070);
#15068 = CARTESIAN_POINT('',(-18.,-26.,124.8));
#15069 = DIRECTION('',(0.,0.,1.));
#15070 = DIRECTION('',(1.,0.,0.));
#15071 = ADVANCED_FACE('',(#15072,#15099),#15110,.T.);
#15072 = FACE_BOUND('',#15073,.T.);
#15073 = EDGE_LOOP('',(#15074,#15075,#15076,#15084,#15092,#15098));
#15074 = ORIENTED_EDGE('',*,*,#14939,.T.);
#15075 = ORIENTED_EDGE('',*,*,#15001,.T.);
#15076 = ORIENTED_EDGE('',*,*,#15077,.T.);
#15077 = EDGE_CURVE('',#15002,#15078,#15080,.T.);
#15078 = VERTEX_POINT('',#15079);
#15079 = CARTESIAN_POINT('',(-21.5,-28.02072594216,129.8));
#15080 = LINE('',#15081,#15082);
#15081 = CARTESIAN_POINT('',(-21.5,-23.97927405783,129.8));
#15082 = VECTOR('',#15083,1.);
#15083 = DIRECTION('',(1.098835820791E-16,-1.,0.));
#15084 = ORIENTED_EDGE('',*,*,#15085,.T.);
#15085 = EDGE_CURVE('',#15078,#15086,#15088,.T.);
#15086 = VERTEX_POINT('',#15087);
#15087 = CARTESIAN_POINT('',(-18.,-30.04145188432,129.8));
#15088 = LINE('',#15089,#15090);
#15089 = CARTESIAN_POINT('',(-21.5,-28.02072594216,129.8));
#15090 = VECTOR('',#15091,1.);
#15091 = DIRECTION('',(0.866025403784,-0.5,0.));
#15092 = ORIENTED_EDGE('',*,*,#15093,.T.);
#15093 = EDGE_CURVE('',#15086,#14972,#15094,.T.);
#15094 = LINE('',#15095,#15096);
#15095 = CARTESIAN_POINT('',(-18.,-30.04145188432,129.8));
#15096 = VECTOR('',#15097,1.);
#15097 = DIRECTION('',(0.866025403784,0.5,0.));
#15098 = ORIENTED_EDGE('',*,*,#14979,.T.);
#15099 = FACE_BOUND('',#15100,.T.);
#15100 = EDGE_LOOP('',(#15101));
#15101 = ORIENTED_EDGE('',*,*,#15102,.F.);
#15102 = EDGE_CURVE('',#15103,#15103,#15105,.T.);
#15103 = VERTEX_POINT('',#15104);
#15104 = CARTESIAN_POINT('',(-15.95,-26.,129.8));
#15105 = CIRCLE('',#15106,2.05);
#15106 = AXIS2_PLACEMENT_3D('',#15107,#15108,#15109);
#15107 = CARTESIAN_POINT('',(-18.,-26.,129.8));
#15108 = DIRECTION('',(0.,0.,1.));
#15109 = DIRECTION('',(1.,0.,0.));
#15110 = PLANE('',#15111);
#15111 = AXIS2_PLACEMENT_3D('',#15112,#15113,#15114);
#15112 = CARTESIAN_POINT('',(-18.,-26.,129.8));
#15113 = DIRECTION('',(0.,0.,1.));
#15114 = DIRECTION('',(1.,0.,0.));
#15115 = ADVANCED_FACE('',(#15116),#15127,.F.);
#15116 = FACE_BOUND('',#15117,.F.);
#15117 = EDGE_LOOP('',(#15118,#15124,#15125,#15126));
#15118 = ORIENTED_EDGE('',*,*,#15119,.T.);
#15119 = EDGE_CURVE('',#15042,#15086,#15120,.T.);
#15120 = LINE('',#15121,#15122);
#15121 = CARTESIAN_POINT('',(-18.,-30.04145188432,124.8));
#15122 = VECTOR('',#15123,1.);
#15123 = DIRECTION('',(0.,0.,1.));
#15124 = ORIENTED_EDGE('',*,*,#15093,.T.);
#15125 = ORIENTED_EDGE('',*,*,#14969,.F.);
#15126 = ORIENTED_EDGE('',*,*,#15049,.F.);
#15127 = PLANE('',#15128);
#15128 = AXIS2_PLACEMENT_3D('',#15129,#15130,#15131);
#15129 = CARTESIAN_POINT('',(-18.,-30.04145188432,124.8));
#15130 = DIRECTION('',(-0.5,0.866025403784,0.));
#15131 = DIRECTION('',(0.866025403784,0.5,0.));
#15132 = ADVANCED_FACE('',(#15133),#15144,.F.);
#15133 = FACE_BOUND('',#15134,.F.);
#15134 = EDGE_LOOP('',(#15135,#15136,#15137,#15143));
#15135 = ORIENTED_EDGE('',*,*,#15009,.T.);
#15136 = ORIENTED_EDGE('',*,*,#15077,.T.);
#15137 = ORIENTED_EDGE('',*,*,#15138,.F.);
#15138 = EDGE_CURVE('',#15034,#15078,#15139,.T.);
#15139 = LINE('',#15140,#15141);
#15140 = CARTESIAN_POINT('',(-21.5,-28.02072594216,124.8));
#15141 = VECTOR('',#15142,1.);
#15142 = DIRECTION('',(0.,0.,1.));
#15143 = ORIENTED_EDGE('',*,*,#15033,.F.);
#15144 = PLANE('',#15145);
#15145 = AXIS2_PLACEMENT_3D('',#15146,#15147,#15148);
#15146 = CARTESIAN_POINT('',(-21.5,-23.97927405783,124.8));
#15147 = DIRECTION('',(1.,1.098835820791E-16,0.));
#15148 = DIRECTION('',(1.098835820791E-16,-1.,0.));
#15149 = ADVANCED_FACE('',(#15150),#15156,.F.);
#15150 = FACE_BOUND('',#15151,.F.);
#15151 = EDGE_LOOP('',(#15152,#15153,#15154,#15155));
#15152 = ORIENTED_EDGE('',*,*,#15138,.T.);
#15153 = ORIENTED_EDGE('',*,*,#15085,.T.);
#15154 = ORIENTED_EDGE('',*,*,#15119,.F.);
#15155 = ORIENTED_EDGE('',*,*,#15041,.F.);
#15156 = PLANE('',#15157);
#15157 = AXIS2_PLACEMENT_3D('',#15158,#15159,#15160);
#15158 = CARTESIAN_POINT('',(-21.5,-28.02072594216,124.8));
#15159 = DIRECTION('',(0.5,0.866025403784,0.));
#15160 = DIRECTION('',(0.866025403784,-0.5,0.));
#15161 = ADVANCED_FACE('',(#15162),#15173,.F.);
#15162 = FACE_BOUND('',#15163,.F.);
#15163 = EDGE_LOOP('',(#15164,#15165,#15171,#15172));
#15164 = ORIENTED_EDGE('',*,*,#15102,.F.);
#15165 = ORIENTED_EDGE('',*,*,#15166,.F.);
#15166 = EDGE_CURVE('',#15059,#15103,#15167,.T.);
#15167 = LINE('',#15168,#15169);
#15168 = CARTESIAN_POINT('',(-15.95,-26.,124.8));
#15169 = VECTOR('',#15170,1.);
#15170 = DIRECTION('',(0.,0.,1.));
#15171 = ORIENTED_EDGE('',*,*,#15058,.T.);
#15172 = ORIENTED_EDGE('',*,*,#15166,.T.);
#15173 = CYLINDRICAL_SURFACE('',#15174,2.05);
#15174 = AXIS2_PLACEMENT_3D('',#15175,#15176,#15177);
#15175 = CARTESIAN_POINT('',(-18.,-26.,124.8));
#15176 = DIRECTION('',(0.,0.,1.));
#15177 = DIRECTION('',(1.,0.,0.));
#15178 = MANIFOLD_SOLID_BREP('',#15179);
#15179 = CLOSED_SHELL('',(#15180,#15213,#15233,#15253));
#15180 = ADVANCED_FACE('',(#15181),#15208,.T.);
#15181 = FACE_BOUND('',#15182,.T.);
#15182 = EDGE_LOOP('',(#15183,#15192,#15200,#15207));
#15183 = ORIENTED_EDGE('',*,*,#15184,.F.);
#15184 = EDGE_CURVE('',#15185,#15185,#15187,.T.);
#15185 = VERTEX_POINT('',#15186);
#15186 = CARTESIAN_POINT('',(-13.5,-26.,124.8));
#15187 = CIRCLE('',#15188,4.5);
#15188 = AXIS2_PLACEMENT_3D('',#15189,#15190,#15191);
#15189 = CARTESIAN_POINT('',(-18.,-26.,124.8));
#15190 = DIRECTION('',(0.,0.,1.));
#15191 = DIRECTION('',(1.,0.,0.));
#15192 = ORIENTED_EDGE('',*,*,#15193,.F.);
#15193 = EDGE_CURVE('',#15194,#15185,#15196,.T.);
#15194 = VERTEX_POINT('',#15195);
#15195 = CARTESIAN_POINT('',(-13.5,-26.,124.));
#15196 = LINE('',#15197,#15198);
#15197 = CARTESIAN_POINT('',(-13.5,-26.,124.));
#15198 = VECTOR('',#15199,1.);
#15199 = DIRECTION('',(0.,0.,1.));
#15200 = ORIENTED_EDGE('',*,*,#15201,.T.);
#15201 = EDGE_CURVE('',#15194,#15194,#15202,.T.);
#15202 = CIRCLE('',#15203,4.5);
#15203 = AXIS2_PLACEMENT_3D('',#15204,#15205,#15206);
#15204 = CARTESIAN_POINT('',(-18.,-26.,124.));
#15205 = DIRECTION('',(0.,0.,1.));
#15206 = DIRECTION('',(1.,0.,0.));
#15207 = ORIENTED_EDGE('',*,*,#15193,.T.);
#15208 = CYLINDRICAL_SURFACE('',#15209,4.5);
#15209 = AXIS2_PLACEMENT_3D('',#15210,#15211,#15212);
#15210 = CARTESIAN_POINT('',(-18.,-26.,124.));
#15211 = DIRECTION('',(0.,0.,1.));
#15212 = DIRECTION('',(1.,0.,0.));
#15213 = ADVANCED_FACE('',(#15214,#15217),#15228,.T.);
#15214 = FACE_BOUND('',#15215,.T.);
#15215 = EDGE_LOOP('',(#15216));
#15216 = ORIENTED_EDGE('',*,*,#15184,.T.);
#15217 = FACE_BOUND('',#15218,.T.);
#15218 = EDGE_LOOP('',(#15219));
#15219 = ORIENTED_EDGE('',*,*,#15220,.F.);
#15220 = EDGE_CURVE('',#15221,#15221,#15223,.T.);
#15221 = VERTEX_POINT('',#15222);
#15222 = CARTESIAN_POINT('',(-15.8,-26.,124.8));
#15223 = CIRCLE('',#15224,2.2);
#15224 = AXIS2_PLACEMENT_3D('',#15225,#15226,#15227);
#15225 = CARTESIAN_POINT('',(-18.,-26.,124.8));
#15226 = DIRECTION('',(0.,0.,1.));
#15227 = DIRECTION('',(1.,0.,0.));
#15228 = PLANE('',#15229);
#15229 = AXIS2_PLACEMENT_3D('',#15230,#15231,#15232);
#15230 = CARTESIAN_POINT('',(-18.,-26.,124.8));
#15231 = DIRECTION('',(0.,0.,1.));
#15232 = DIRECTION('',(1.,0.,0.));
#15233 = ADVANCED_FACE('',(#15234,#15237),#15248,.F.);
#15234 = FACE_BOUND('',#15235,.F.);
#15235 = EDGE_LOOP('',(#15236));
#15236 = ORIENTED_EDGE('',*,*,#15201,.T.);
#15237 = FACE_BOUND('',#15238,.F.);
#15238 = EDGE_LOOP('',(#15239));
#15239 = ORIENTED_EDGE('',*,*,#15240,.F.);
#15240 = EDGE_CURVE('',#15241,#15241,#15243,.T.);
#15241 = VERTEX_POINT('',#15242);
#15242 = CARTESIAN_POINT('',(-15.8,-26.,124.));
#15243 = CIRCLE('',#15244,2.2);
#15244 = AXIS2_PLACEMENT_3D('',#15245,#15246,#15247);
#15245 = CARTESIAN_POINT('',(-18.,-26.,124.));
#15246 = DIRECTION('',(0.,0.,1.));
#15247 = DIRECTION('',(1.,0.,0.));
#15248 = PLANE('',#15249);
#15249 = AXIS2_PLACEMENT_3D('',#15250,#15251,#15252);
#15250 = CARTESIAN_POINT('',(-18.,-26.,124.));
#15251 = DIRECTION('',(0.,0.,1.));
#15252 = DIRECTION('',(1.,0.,0.));
#15253 = ADVANCED_FACE('',(#15254),#15265,.F.);
#15254 = FACE_BOUND('',#15255,.F.);
#15255 = EDGE_LOOP('',(#15256,#15257,#15263,#15264));
#15256 = ORIENTED_EDGE('',*,*,#15220,.F.);
#15257 = ORIENTED_EDGE('',*,*,#15258,.F.);
#15258 = EDGE_CURVE('',#15241,#15221,#15259,.T.);
#15259 = LINE('',#15260,#15261);
#15260 = CARTESIAN_POINT('',(-15.8,-26.,124.));
#15261 = VECTOR('',#15262,1.);
#15262 = DIRECTION('',(0.,0.,1.));
#15263 = ORIENTED_EDGE('',*,*,#15240,.T.);
#15264 = ORIENTED_EDGE('',*,*,#15258,.T.);
#15265 = CYLINDRICAL_SURFACE('',#15266,2.2);
#15266 = AXIS2_PLACEMENT_3D('',#15267,#15268,#15269);
#15267 = CARTESIAN_POINT('',(-18.,-26.,124.));
#15268 = DIRECTION('',(0.,0.,1.));
#15269 = DIRECTION('',(1.,0.,0.));
#15270 = MANIFOLD_SOLID_BREP('',#15271);
#15271 = CLOSED_SHELL('',(#15272,#15305,#15314,#15334,#15359));
#15272 = ADVANCED_FACE('',(#15273),#15300,.T.);
#15273 = FACE_BOUND('',#15274,.T.);
#15274 = EDGE_LOOP('',(#15275,#15284,#15292,#15299));
#15275 = ORIENTED_EDGE('',*,*,#15276,.F.);
#15276 = EDGE_CURVE('',#15277,#15277,#15279,.T.);
#15277 = VERTEX_POINT('',#15278);
#15278 = CARTESIAN_POINT('',(19.9,-26.,130.5));
#15279 = CIRCLE('',#15280,1.9);
#15280 = AXIS2_PLACEMENT_3D('',#15281,#15282,#15283);
#15281 = CARTESIAN_POINT('',(18.,-26.,130.5));
#15282 = DIRECTION('',(0.,0.,1.));
#15283 = DIRECTION('',(1.,0.,0.));
#15284 = ORIENTED_EDGE('',*,*,#15285,.F.);
#15285 = EDGE_CURVE('',#15286,#15277,#15288,.T.);
#15286 = VERTEX_POINT('',#15287);
#15287 = CARTESIAN_POINT('',(19.9,-26.,114.));
#15288 = LINE('',#15289,#15290);
#15289 = CARTESIAN_POINT('',(19.9,-26.,114.));
#15290 = VECTOR('',#15291,1.);
#15291 = DIRECTION('',(0.,0.,1.));
#15292 = ORIENTED_EDGE('',*,*,#15293,.T.);
#15293 = EDGE_CURVE('',#15286,#15286,#15294,.T.);
#15294 = CIRCLE('',#15295,1.9);
#15295 = AXIS2_PLACEMENT_3D('',#15296,#15297,#15298);
#15296 = CARTESIAN_POINT('',(18.,-26.,114.));
#15297 = DIRECTION('',(0.,0.,1.));
#15298 = DIRECTION('',(1.,0.,0.));
#15299 = ORIENTED_EDGE('',*,*,#15285,.T.);
#15300 = CYLINDRICAL_SURFACE('',#15301,1.9);
#15301 = AXIS2_PLACEMENT_3D('',#15302,#15303,#15304);
#15302 = CARTESIAN_POINT('',(18.,-26.,114.));
#15303 = DIRECTION('',(0.,0.,1.));
#15304 = DIRECTION('',(1.,0.,0.));
#15305 = ADVANCED_FACE('',(#15306),#15309,.T.);
#15306 = FACE_BOUND('',#15307,.T.);
#15307 = EDGE_LOOP('',(#15308));
#15308 = ORIENTED_EDGE('',*,*,#15276,.T.);
#15309 = PLANE('',#15310);
#15310 = AXIS2_PLACEMENT_3D('',#15311,#15312,#15313);
#15311 = CARTESIAN_POINT('',(18.,-26.,130.5));
#15312 = DIRECTION('',(0.,0.,1.));
#15313 = DIRECTION('',(1.,0.,0.));
#15314 = ADVANCED_FACE('',(#15315,#15326),#15329,.T.);
#15315 = FACE_BOUND('',#15316,.T.);
#15316 = EDGE_LOOP('',(#15317));
#15317 = ORIENTED_EDGE('',*,*,#15318,.T.);
#15318 = EDGE_CURVE('',#15319,#15319,#15321,.T.);
#15319 = VERTEX_POINT('',#15320);
#15320 = CARTESIAN_POINT('',(21.5,-26.,114.));
#15321 = CIRCLE('',#15322,3.5);
#15322 = AXIS2_PLACEMENT_3D('',#15323,#15324,#15325);
#15323 = CARTESIAN_POINT('',(18.,-26.,114.));
#15324 = DIRECTION('',(0.,0.,1.));
#15325 = DIRECTION('',(1.,0.,0.));
#15326 = FACE_BOUND('',#15327,.T.);
#15327 = EDGE_LOOP('',(#15328));
#15328 = ORIENTED_EDGE('',*,*,#15293,.F.);
#15329 = PLANE('',#15330);
#15330 = AXIS2_PLACEMENT_3D('',#15331,#15332,#15333);
#15331 = CARTESIAN_POINT('',(18.,-26.,114.));
#15332 = DIRECTION('',(0.,0.,1.));
#15333 = DIRECTION('',(1.,0.,0.));
#15334 = ADVANCED_FACE('',(#15335),#15354,.T.);
#15335 = FACE_BOUND('',#15336,.T.);
#15336 = EDGE_LOOP('',(#15337,#15338,#15346,#15353));
#15337 = ORIENTED_EDGE('',*,*,#15318,.F.);
#15338 = ORIENTED_EDGE('',*,*,#15339,.F.);
#15339 = EDGE_CURVE('',#15340,#15319,#15342,.T.);
#15340 = VERTEX_POINT('',#15341);
#15341 = CARTESIAN_POINT('',(21.5,-26.,110.));
#15342 = LINE('',#15343,#15344);
#15343 = CARTESIAN_POINT('',(21.5,-26.,110.));
#15344 = VECTOR('',#15345,1.);
#15345 = DIRECTION('',(0.,0.,1.));
#15346 = ORIENTED_EDGE('',*,*,#15347,.T.);
#15347 = EDGE_CURVE('',#15340,#15340,#15348,.T.);
#15348 = CIRCLE('',#15349,3.5);
#15349 = AXIS2_PLACEMENT_3D('',#15350,#15351,#15352);
#15350 = CARTESIAN_POINT('',(18.,-26.,110.));
#15351 = DIRECTION('',(0.,0.,1.));
#15352 = DIRECTION('',(1.,0.,0.));
#15353 = ORIENTED_EDGE('',*,*,#15339,.T.);
#15354 = CYLINDRICAL_SURFACE('',#15355,3.5);
#15355 = AXIS2_PLACEMENT_3D('',#15356,#15357,#15358);
#15356 = CARTESIAN_POINT('',(18.,-26.,110.));
#15357 = DIRECTION('',(0.,0.,1.));
#15358 = DIRECTION('',(1.,0.,0.));
#15359 = ADVANCED_FACE('',(#15360),#15363,.F.);
#15360 = FACE_BOUND('',#15361,.T.);
#15361 = EDGE_LOOP('',(#15362));
#15362 = ORIENTED_EDGE('',*,*,#15347,.F.);
#15363 = PLANE('',#15364);
#15364 = AXIS2_PLACEMENT_3D('',#15365,#15366,#15367);
#15365 = CARTESIAN_POINT('',(18.,-26.,110.));
#15366 = DIRECTION('',(0.,0.,1.));
#15367 = DIRECTION('',(1.,0.,0.));
#15368 = MANIFOLD_SOLID_BREP('',#15369);
#15369 = CLOSED_SHELL('',(#15370,#15403,#15423,#15443));
#15370 = ADVANCED_FACE('',(#15371),#15398,.T.);
#15371 = FACE_BOUND('',#15372,.T.);
#15372 = EDGE_LOOP('',(#15373,#15382,#15390,#15397));
#15373 = ORIENTED_EDGE('',*,*,#15374,.F.);
#15374 = EDGE_CURVE('',#15375,#15375,#15377,.T.);
#15375 = VERTEX_POINT('',#15376);
#15376 = CARTESIAN_POINT('',(22.5,-26.,114.8));
#15377 = CIRCLE('',#15378,4.5);
#15378 = AXIS2_PLACEMENT_3D('',#15379,#15380,#15381);
#15379 = CARTESIAN_POINT('',(18.,-26.,114.8));
#15380 = DIRECTION('',(0.,0.,1.));
#15381 = DIRECTION('',(1.,0.,0.));
#15382 = ORIENTED_EDGE('',*,*,#15383,.F.);
#15383 = EDGE_CURVE('',#15384,#15375,#15386,.T.);
#15384 = VERTEX_POINT('',#15385);
#15385 = CARTESIAN_POINT('',(22.5,-26.,114.));
#15386 = LINE('',#15387,#15388);
#15387 = CARTESIAN_POINT('',(22.5,-26.,114.));
#15388 = VECTOR('',#15389,1.);
#15389 = DIRECTION('',(0.,0.,1.));
#15390 = ORIENTED_EDGE('',*,*,#15391,.T.);
#15391 = EDGE_CURVE('',#15384,#15384,#15392,.T.);
#15392 = CIRCLE('',#15393,4.5);
#15393 = AXIS2_PLACEMENT_3D('',#15394,#15395,#15396);
#15394 = CARTESIAN_POINT('',(18.,-26.,114.));
#15395 = DIRECTION('',(0.,0.,1.));
#15396 = DIRECTION('',(1.,0.,0.));
#15397 = ORIENTED_EDGE('',*,*,#15383,.T.);
#15398 = CYLINDRICAL_SURFACE('',#15399,4.5);
#15399 = AXIS2_PLACEMENT_3D('',#15400,#15401,#15402);
#15400 = CARTESIAN_POINT('',(18.,-26.,114.));
#15401 = DIRECTION('',(0.,0.,1.));
#15402 = DIRECTION('',(1.,0.,0.));
#15403 = ADVANCED_FACE('',(#15404,#15407),#15418,.T.);
#15404 = FACE_BOUND('',#15405,.T.);
#15405 = EDGE_LOOP('',(#15406));
#15406 = ORIENTED_EDGE('',*,*,#15374,.T.);
#15407 = FACE_BOUND('',#15408,.T.);
#15408 = EDGE_LOOP('',(#15409));
#15409 = ORIENTED_EDGE('',*,*,#15410,.F.);
#15410 = EDGE_CURVE('',#15411,#15411,#15413,.T.);
#15411 = VERTEX_POINT('',#15412);
#15412 = CARTESIAN_POINT('',(20.2,-26.,114.8));
#15413 = CIRCLE('',#15414,2.2);
#15414 = AXIS2_PLACEMENT_3D('',#15415,#15416,#15417);
#15415 = CARTESIAN_POINT('',(18.,-26.,114.8));
#15416 = DIRECTION('',(0.,0.,1.));
#15417 = DIRECTION('',(1.,0.,0.));
#15418 = PLANE('',#15419);
#15419 = AXIS2_PLACEMENT_3D('',#15420,#15421,#15422);
#15420 = CARTESIAN_POINT('',(18.,-26.,114.8));
#15421 = DIRECTION('',(0.,0.,1.));
#15422 = DIRECTION('',(1.,0.,0.));
#15423 = ADVANCED_FACE('',(#15424,#15427),#15438,.F.);
#15424 = FACE_BOUND('',#15425,.F.);
#15425 = EDGE_LOOP('',(#15426));
#15426 = ORIENTED_EDGE('',*,*,#15391,.T.);
#15427 = FACE_BOUND('',#15428,.F.);
#15428 = EDGE_LOOP('',(#15429));
#15429 = ORIENTED_EDGE('',*,*,#15430,.F.);
#15430 = EDGE_CURVE('',#15431,#15431,#15433,.T.);
#15431 = VERTEX_POINT('',#15432);
#15432 = CARTESIAN_POINT('',(20.2,-26.,114.));
#15433 = CIRCLE('',#15434,2.2);
#15434 = AXIS2_PLACEMENT_3D('',#15435,#15436,#15437);
#15435 = CARTESIAN_POINT('',(18.,-26.,114.));
#15436 = DIRECTION('',(0.,0.,1.));
#15437 = DIRECTION('',(1.,0.,0.));
#15438 = PLANE('',#15439);
#15439 = AXIS2_PLACEMENT_3D('',#15440,#15441,#15442);
#15440 = CARTESIAN_POINT('',(18.,-26.,114.));
#15441 = DIRECTION('',(0.,0.,1.));
#15442 = DIRECTION('',(1.,0.,0.));
#15443 = ADVANCED_FACE('',(#15444),#15455,.F.);
#15444 = FACE_BOUND('',#15445,.F.);
#15445 = EDGE_LOOP('',(#15446,#15447,#15453,#15454));
#15446 = ORIENTED_EDGE('',*,*,#15410,.F.);
#15447 = ORIENTED_EDGE('',*,*,#15448,.F.);
#15448 = EDGE_CURVE('',#15431,#15411,#15449,.T.);
#15449 = LINE('',#15450,#15451);
#15450 = CARTESIAN_POINT('',(20.2,-26.,114.));
#15451 = VECTOR('',#15452,1.);
#15452 = DIRECTION('',(0.,0.,1.));
#15453 = ORIENTED_EDGE('',*,*,#15430,.T.);
#15454 = ORIENTED_EDGE('',*,*,#15448,.T.);
#15455 = CYLINDRICAL_SURFACE('',#15456,2.2);
#15456 = AXIS2_PLACEMENT_3D('',#15457,#15458,#15459);
#15457 = CARTESIAN_POINT('',(18.,-26.,114.));
#15458 = DIRECTION('',(0.,0.,1.));
#15459 = DIRECTION('',(1.,0.,0.));
#15460 = MANIFOLD_SOLID_BREP('',#15461);
#15461 = CLOSED_SHELL('',(#15462,#15502,#15533,#15564,#15608,#15652,
    #15669,#15686,#15698));
#15462 = ADVANCED_FACE('',(#15463),#15497,.F.);
#15463 = FACE_BOUND('',#15464,.F.);
#15464 = EDGE_LOOP('',(#15465,#15475,#15483,#15491));
#15465 = ORIENTED_EDGE('',*,*,#15466,.T.);
#15466 = EDGE_CURVE('',#15467,#15469,#15471,.T.);
#15467 = VERTEX_POINT('',#15468);
#15468 = CARTESIAN_POINT('',(21.5,-23.97927405783,124.8));
#15469 = VERTEX_POINT('',#15470);
#15470 = CARTESIAN_POINT('',(21.5,-23.97927405783,129.8));
#15471 = LINE('',#15472,#15473);
#15472 = CARTESIAN_POINT('',(21.5,-23.97927405783,124.8));
#15473 = VECTOR('',#15474,1.);
#15474 = DIRECTION('',(0.,0.,1.));
#15475 = ORIENTED_EDGE('',*,*,#15476,.T.);
#15476 = EDGE_CURVE('',#15469,#15477,#15479,.T.);
#15477 = VERTEX_POINT('',#15478);
#15478 = CARTESIAN_POINT('',(18.,-21.95854811567,129.8));
#15479 = LINE('',#15480,#15481);
#15480 = CARTESIAN_POINT('',(21.5,-23.97927405783,129.8));
#15481 = VECTOR('',#15482,1.);
#15482 = DIRECTION('',(-0.866025403784,0.5,0.));
#15483 = ORIENTED_EDGE('',*,*,#15484,.F.);
#15484 = EDGE_CURVE('',#15485,#15477,#15487,.T.);
#15485 = VERTEX_POINT('',#15486);
#15486 = CARTESIAN_POINT('',(18.,-21.95854811567,124.8));
#15487 = LINE('',#15488,#15489);
#15488 = CARTESIAN_POINT('',(18.,-21.95854811567,124.8));
#15489 = VECTOR('',#15490,1.);
#15490 = DIRECTION('',(0.,0.,1.));
#15491 = ORIENTED_EDGE('',*,*,#15492,.F.);
#15492 = EDGE_CURVE('',#15467,#15485,#15493,.T.);
#15493 = LINE('',#15494,#15495);
#15494 = CARTESIAN_POINT('',(21.5,-23.97927405783,124.8));
#15495 = VECTOR('',#15496,1.);
#15496 = DIRECTION('',(-0.866025403784,0.5,0.));
#15497 = PLANE('',#15498);
#15498 = AXIS2_PLACEMENT_3D('',#15499,#15500,#15501);
#15499 = CARTESIAN_POINT('',(21.5,-23.97927405783,124.8));
#15500 = DIRECTION('',(-0.5,-0.866025403784,0.));
#15501 = DIRECTION('',(-0.866025403784,0.5,0.));
#15502 = ADVANCED_FACE('',(#15503),#15528,.F.);
#15503 = FACE_BOUND('',#15504,.F.);
#15504 = EDGE_LOOP('',(#15505,#15515,#15521,#15522));
#15505 = ORIENTED_EDGE('',*,*,#15506,.T.);
#15506 = EDGE_CURVE('',#15507,#15509,#15511,.T.);
#15507 = VERTEX_POINT('',#15508);
#15508 = CARTESIAN_POINT('',(21.5,-28.02072594216,124.8));
#15509 = VERTEX_POINT('',#15510);
#15510 = CARTESIAN_POINT('',(21.5,-28.02072594216,129.8));
#15511 = LINE('',#15512,#15513);
#15512 = CARTESIAN_POINT('',(21.5,-28.02072594216,124.8));
#15513 = VECTOR('',#15514,1.);
#15514 = DIRECTION('',(0.,0.,1.));
#15515 = ORIENTED_EDGE('',*,*,#15516,.T.);
#15516 = EDGE_CURVE('',#15509,#15469,#15517,.T.);
#15517 = LINE('',#15518,#15519);
#15518 = CARTESIAN_POINT('',(21.5,-28.02072594216,129.8));
#15519 = VECTOR('',#15520,1.);
#15520 = DIRECTION('',(3.296507462372E-16,1.,0.));
#15521 = ORIENTED_EDGE('',*,*,#15466,.F.);
#15522 = ORIENTED_EDGE('',*,*,#15523,.F.);
#15523 = EDGE_CURVE('',#15507,#15467,#15524,.T.);
#15524 = LINE('',#15525,#15526);
#15525 = CARTESIAN_POINT('',(21.5,-28.02072594216,124.8));
#15526 = VECTOR('',#15527,1.);
#15527 = DIRECTION('',(3.296507462372E-16,1.,0.));
#15528 = PLANE('',#15529);
#15529 = AXIS2_PLACEMENT_3D('',#15530,#15531,#15532);
#15530 = CARTESIAN_POINT('',(21.5,-28.02072594216,124.8));
#15531 = DIRECTION('',(-1.,3.296507462372E-16,0.));
#15532 = DIRECTION('',(3.296507462372E-16,1.,0.));
#15533 = ADVANCED_FACE('',(#15534),#15559,.F.);
#15534 = FACE_BOUND('',#15535,.F.);
#15535 = EDGE_LOOP('',(#15536,#15537,#15545,#15553));
#15536 = ORIENTED_EDGE('',*,*,#15484,.T.);
#15537 = ORIENTED_EDGE('',*,*,#15538,.T.);
#15538 = EDGE_CURVE('',#15477,#15539,#15541,.T.);
#15539 = VERTEX_POINT('',#15540);
#15540 = CARTESIAN_POINT('',(14.5,-23.97927405783,129.8));
#15541 = LINE('',#15542,#15543);
#15542 = CARTESIAN_POINT('',(18.,-21.95854811567,129.8));
#15543 = VECTOR('',#15544,1.);
#15544 = DIRECTION('',(-0.866025403784,-0.5,0.));
#15545 = ORIENTED_EDGE('',*,*,#15546,.F.);
#15546 = EDGE_CURVE('',#15547,#15539,#15549,.T.);
#15547 = VERTEX_POINT('',#15548);
#15548 = CARTESIAN_POINT('',(14.5,-23.97927405783,124.8));
#15549 = LINE('',#15550,#15551);
#15550 = CARTESIAN_POINT('',(14.5,-23.97927405783,124.8));
#15551 = VECTOR('',#15552,1.);
#15552 = DIRECTION('',(0.,0.,1.));
#15553 = ORIENTED_EDGE('',*,*,#15554,.F.);
#15554 = EDGE_CURVE('',#15485,#15547,#15555,.T.);
#15555 = LINE('',#15556,#15557);
#15556 = CARTESIAN_POINT('',(18.,-21.95854811567,124.8));
#15557 = VECTOR('',#15558,1.);
#15558 = DIRECTION('',(-0.866025403784,-0.5,0.));
#15559 = PLANE('',#15560);
#15560 = AXIS2_PLACEMENT_3D('',#15561,#15562,#15563);
#15561 = CARTESIAN_POINT('',(18.,-21.95854811567,124.8));
#15562 = DIRECTION('',(0.5,-0.866025403784,0.));
#15563 = DIRECTION('',(-0.866025403784,-0.5,0.));
#15564 = ADVANCED_FACE('',(#15565,#15592),#15603,.F.);
#15565 = FACE_BOUND('',#15566,.F.);
#15566 = EDGE_LOOP('',(#15567,#15568,#15569,#15577,#15585,#15591));
#15567 = ORIENTED_EDGE('',*,*,#15492,.T.);
#15568 = ORIENTED_EDGE('',*,*,#15554,.T.);
#15569 = ORIENTED_EDGE('',*,*,#15570,.T.);
#15570 = EDGE_CURVE('',#15547,#15571,#15573,.T.);
#15571 = VERTEX_POINT('',#15572);
#15572 = CARTESIAN_POINT('',(14.5,-28.02072594216,124.8));
#15573 = LINE('',#15574,#15575);
#15574 = CARTESIAN_POINT('',(14.5,-23.97927405783,124.8));
#15575 = VECTOR('',#15576,1.);
#15576 = DIRECTION('',(1.098835820791E-16,-1.,0.));
#15577 = ORIENTED_EDGE('',*,*,#15578,.T.);
#15578 = EDGE_CURVE('',#15571,#15579,#15581,.T.);
#15579 = VERTEX_POINT('',#15580);
#15580 = CARTESIAN_POINT('',(18.,-30.04145188432,124.8));
#15581 = LINE('',#15582,#15583);
#15582 = CARTESIAN_POINT('',(14.5,-28.02072594216,124.8));
#15583 = VECTOR('',#15584,1.);
#15584 = DIRECTION('',(0.866025403784,-0.5,0.));
#15585 = ORIENTED_EDGE('',*,*,#15586,.T.);
#15586 = EDGE_CURVE('',#15579,#15507,#15587,.T.);
#15587 = LINE('',#15588,#15589);
#15588 = CARTESIAN_POINT('',(18.,-30.04145188432,124.8));
#15589 = VECTOR('',#15590,1.);
#15590 = DIRECTION('',(0.866025403784,0.5,0.));
#15591 = ORIENTED_EDGE('',*,*,#15523,.T.);
#15592 = FACE_BOUND('',#15593,.F.);
#15593 = EDGE_LOOP('',(#15594));
#15594 = ORIENTED_EDGE('',*,*,#15595,.F.);
#15595 = EDGE_CURVE('',#15596,#15596,#15598,.T.);
#15596 = VERTEX_POINT('',#15597);
#15597 = CARTESIAN_POINT('',(20.05,-26.,124.8));
#15598 = CIRCLE('',#15599,2.05);
#15599 = AXIS2_PLACEMENT_3D('',#15600,#15601,#15602);
#15600 = CARTESIAN_POINT('',(18.,-26.,124.8));
#15601 = DIRECTION('',(0.,0.,1.));
#15602 = DIRECTION('',(1.,0.,0.));
#15603 = PLANE('',#15604);
#15604 = AXIS2_PLACEMENT_3D('',#15605,#15606,#15607);
#15605 = CARTESIAN_POINT('',(18.,-26.,124.8));
#15606 = DIRECTION('',(0.,0.,1.));
#15607 = DIRECTION('',(1.,0.,0.));
#15608 = ADVANCED_FACE('',(#15609,#15636),#15647,.T.);
#15609 = FACE_BOUND('',#15610,.T.);
#15610 = EDGE_LOOP('',(#15611,#15612,#15613,#15621,#15629,#15635));
#15611 = ORIENTED_EDGE('',*,*,#15476,.T.);
#15612 = ORIENTED_EDGE('',*,*,#15538,.T.);
#15613 = ORIENTED_EDGE('',*,*,#15614,.T.);
#15614 = EDGE_CURVE('',#15539,#15615,#15617,.T.);
#15615 = VERTEX_POINT('',#15616);
#15616 = CARTESIAN_POINT('',(14.5,-28.02072594216,129.8));
#15617 = LINE('',#15618,#15619);
#15618 = CARTESIAN_POINT('',(14.5,-23.97927405783,129.8));
#15619 = VECTOR('',#15620,1.);
#15620 = DIRECTION('',(1.098835820791E-16,-1.,0.));
#15621 = ORIENTED_EDGE('',*,*,#15622,.T.);
#15622 = EDGE_CURVE('',#15615,#15623,#15625,.T.);
#15623 = VERTEX_POINT('',#15624);
#15624 = CARTESIAN_POINT('',(18.,-30.04145188432,129.8));
#15625 = LINE('',#15626,#15627);
#15626 = CARTESIAN_POINT('',(14.5,-28.02072594216,129.8));
#15627 = VECTOR('',#15628,1.);
#15628 = DIRECTION('',(0.866025403784,-0.5,0.));
#15629 = ORIENTED_EDGE('',*,*,#15630,.T.);
#15630 = EDGE_CURVE('',#15623,#15509,#15631,.T.);
#15631 = LINE('',#15632,#15633);
#15632 = CARTESIAN_POINT('',(18.,-30.04145188432,129.8));
#15633 = VECTOR('',#15634,1.);
#15634 = DIRECTION('',(0.866025403784,0.5,0.));
#15635 = ORIENTED_EDGE('',*,*,#15516,.T.);
#15636 = FACE_BOUND('',#15637,.T.);
#15637 = EDGE_LOOP('',(#15638));
#15638 = ORIENTED_EDGE('',*,*,#15639,.F.);
#15639 = EDGE_CURVE('',#15640,#15640,#15642,.T.);
#15640 = VERTEX_POINT('',#15641);
#15641 = CARTESIAN_POINT('',(20.05,-26.,129.8));
#15642 = CIRCLE('',#15643,2.05);
#15643 = AXIS2_PLACEMENT_3D('',#15644,#15645,#15646);
#15644 = CARTESIAN_POINT('',(18.,-26.,129.8));
#15645 = DIRECTION('',(0.,0.,1.));
#15646 = DIRECTION('',(1.,0.,0.));
#15647 = PLANE('',#15648);
#15648 = AXIS2_PLACEMENT_3D('',#15649,#15650,#15651);
#15649 = CARTESIAN_POINT('',(18.,-26.,129.8));
#15650 = DIRECTION('',(0.,0.,1.));
#15651 = DIRECTION('',(1.,0.,0.));
#15652 = ADVANCED_FACE('',(#15653),#15664,.F.);
#15653 = FACE_BOUND('',#15654,.F.);
#15654 = EDGE_LOOP('',(#15655,#15661,#15662,#15663));
#15655 = ORIENTED_EDGE('',*,*,#15656,.T.);
#15656 = EDGE_CURVE('',#15579,#15623,#15657,.T.);
#15657 = LINE('',#15658,#15659);
#15658 = CARTESIAN_POINT('',(18.,-30.04145188432,124.8));
#15659 = VECTOR('',#15660,1.);
#15660 = DIRECTION('',(0.,0.,1.));
#15661 = ORIENTED_EDGE('',*,*,#15630,.T.);
#15662 = ORIENTED_EDGE('',*,*,#15506,.F.);
#15663 = ORIENTED_EDGE('',*,*,#15586,.F.);
#15664 = PLANE('',#15665);
#15665 = AXIS2_PLACEMENT_3D('',#15666,#15667,#15668);
#15666 = CARTESIAN_POINT('',(18.,-30.04145188432,124.8));
#15667 = DIRECTION('',(-0.5,0.866025403784,0.));
#15668 = DIRECTION('',(0.866025403784,0.5,0.));
#15669 = ADVANCED_FACE('',(#15670),#15681,.F.);
#15670 = FACE_BOUND('',#15671,.F.);
#15671 = EDGE_LOOP('',(#15672,#15673,#15674,#15680));
#15672 = ORIENTED_EDGE('',*,*,#15546,.T.);
#15673 = ORIENTED_EDGE('',*,*,#15614,.T.);
#15674 = ORIENTED_EDGE('',*,*,#15675,.F.);
#15675 = EDGE_CURVE('',#15571,#15615,#15676,.T.);
#15676 = LINE('',#15677,#15678);
#15677 = CARTESIAN_POINT('',(14.5,-28.02072594216,124.8));
#15678 = VECTOR('',#15679,1.);
#15679 = DIRECTION('',(0.,0.,1.));
#15680 = ORIENTED_EDGE('',*,*,#15570,.F.);
#15681 = PLANE('',#15682);
#15682 = AXIS2_PLACEMENT_3D('',#15683,#15684,#15685);
#15683 = CARTESIAN_POINT('',(14.5,-23.97927405783,124.8));
#15684 = DIRECTION('',(1.,1.098835820791E-16,0.));
#15685 = DIRECTION('',(1.098835820791E-16,-1.,0.));
#15686 = ADVANCED_FACE('',(#15687),#15693,.F.);
#15687 = FACE_BOUND('',#15688,.F.);
#15688 = EDGE_LOOP('',(#15689,#15690,#15691,#15692));
#15689 = ORIENTED_EDGE('',*,*,#15675,.T.);
#15690 = ORIENTED_EDGE('',*,*,#15622,.T.);
#15691 = ORIENTED_EDGE('',*,*,#15656,.F.);
#15692 = ORIENTED_EDGE('',*,*,#15578,.F.);
#15693 = PLANE('',#15694);
#15694 = AXIS2_PLACEMENT_3D('',#15695,#15696,#15697);
#15695 = CARTESIAN_POINT('',(14.5,-28.02072594216,124.8));
#15696 = DIRECTION('',(0.5,0.866025403784,0.));
#15697 = DIRECTION('',(0.866025403784,-0.5,0.));
#15698 = ADVANCED_FACE('',(#15699),#15710,.F.);
#15699 = FACE_BOUND('',#15700,.F.);
#15700 = EDGE_LOOP('',(#15701,#15702,#15708,#15709));
#15701 = ORIENTED_EDGE('',*,*,#15639,.F.);
#15702 = ORIENTED_EDGE('',*,*,#15703,.F.);
#15703 = EDGE_CURVE('',#15596,#15640,#15704,.T.);
#15704 = LINE('',#15705,#15706);
#15705 = CARTESIAN_POINT('',(20.05,-26.,124.8));
#15706 = VECTOR('',#15707,1.);
#15707 = DIRECTION('',(0.,0.,1.));
#15708 = ORIENTED_EDGE('',*,*,#15595,.T.);
#15709 = ORIENTED_EDGE('',*,*,#15703,.T.);
#15710 = CYLINDRICAL_SURFACE('',#15711,2.05);
#15711 = AXIS2_PLACEMENT_3D('',#15712,#15713,#15714);
#15712 = CARTESIAN_POINT('',(18.,-26.,124.8));
#15713 = DIRECTION('',(0.,0.,1.));
#15714 = DIRECTION('',(1.,0.,0.));
#15715 = MANIFOLD_SOLID_BREP('',#15716);
#15716 = CLOSED_SHELL('',(#15717,#15750,#15770,#15790));
#15717 = ADVANCED_FACE('',(#15718),#15745,.T.);
#15718 = FACE_BOUND('',#15719,.T.);
#15719 = EDGE_LOOP('',(#15720,#15729,#15737,#15744));
#15720 = ORIENTED_EDGE('',*,*,#15721,.F.);
#15721 = EDGE_CURVE('',#15722,#15722,#15724,.T.);
#15722 = VERTEX_POINT('',#15723);
#15723 = CARTESIAN_POINT('',(22.5,-26.,124.8));
#15724 = CIRCLE('',#15725,4.5);
#15725 = AXIS2_PLACEMENT_3D('',#15726,#15727,#15728);
#15726 = CARTESIAN_POINT('',(18.,-26.,124.8));
#15727 = DIRECTION('',(0.,0.,1.));
#15728 = DIRECTION('',(1.,0.,0.));
#15729 = ORIENTED_EDGE('',*,*,#15730,.F.);
#15730 = EDGE_CURVE('',#15731,#15722,#15733,.T.);
#15731 = VERTEX_POINT('',#15732);
#15732 = CARTESIAN_POINT('',(22.5,-26.,124.));
#15733 = LINE('',#15734,#15735);
#15734 = CARTESIAN_POINT('',(22.5,-26.,124.));
#15735 = VECTOR('',#15736,1.);
#15736 = DIRECTION('',(0.,0.,1.));
#15737 = ORIENTED_EDGE('',*,*,#15738,.T.);
#15738 = EDGE_CURVE('',#15731,#15731,#15739,.T.);
#15739 = CIRCLE('',#15740,4.5);
#15740 = AXIS2_PLACEMENT_3D('',#15741,#15742,#15743);
#15741 = CARTESIAN_POINT('',(18.,-26.,124.));
#15742 = DIRECTION('',(0.,0.,1.));
#15743 = DIRECTION('',(1.,0.,0.));
#15744 = ORIENTED_EDGE('',*,*,#15730,.T.);
#15745 = CYLINDRICAL_SURFACE('',#15746,4.5);
#15746 = AXIS2_PLACEMENT_3D('',#15747,#15748,#15749);
#15747 = CARTESIAN_POINT('',(18.,-26.,124.));
#15748 = DIRECTION('',(0.,0.,1.));
#15749 = DIRECTION('',(1.,0.,0.));
#15750 = ADVANCED_FACE('',(#15751,#15754),#15765,.T.);
#15751 = FACE_BOUND('',#15752,.T.);
#15752 = EDGE_LOOP('',(#15753));
#15753 = ORIENTED_EDGE('',*,*,#15721,.T.);
#15754 = FACE_BOUND('',#15755,.T.);
#15755 = EDGE_LOOP('',(#15756));
#15756 = ORIENTED_EDGE('',*,*,#15757,.F.);
#15757 = EDGE_CURVE('',#15758,#15758,#15760,.T.);
#15758 = VERTEX_POINT('',#15759);
#15759 = CARTESIAN_POINT('',(20.2,-26.,124.8));
#15760 = CIRCLE('',#15761,2.2);
#15761 = AXIS2_PLACEMENT_3D('',#15762,#15763,#15764);
#15762 = CARTESIAN_POINT('',(18.,-26.,124.8));
#15763 = DIRECTION('',(0.,0.,1.));
#15764 = DIRECTION('',(1.,0.,0.));
#15765 = PLANE('',#15766);
#15766 = AXIS2_PLACEMENT_3D('',#15767,#15768,#15769);
#15767 = CARTESIAN_POINT('',(18.,-26.,124.8));
#15768 = DIRECTION('',(0.,0.,1.));
#15769 = DIRECTION('',(1.,0.,0.));
#15770 = ADVANCED_FACE('',(#15771,#15774),#15785,.F.);
#15771 = FACE_BOUND('',#15772,.F.);
#15772 = EDGE_LOOP('',(#15773));
#15773 = ORIENTED_EDGE('',*,*,#15738,.T.);
#15774 = FACE_BOUND('',#15775,.F.);
#15775 = EDGE_LOOP('',(#15776));
#15776 = ORIENTED_EDGE('',*,*,#15777,.F.);
#15777 = EDGE_CURVE('',#15778,#15778,#15780,.T.);
#15778 = VERTEX_POINT('',#15779);
#15779 = CARTESIAN_POINT('',(20.2,-26.,124.));
#15780 = CIRCLE('',#15781,2.2);
#15781 = AXIS2_PLACEMENT_3D('',#15782,#15783,#15784);
#15782 = CARTESIAN_POINT('',(18.,-26.,124.));
#15783 = DIRECTION('',(0.,0.,1.));
#15784 = DIRECTION('',(1.,0.,0.));
#15785 = PLANE('',#15786);
#15786 = AXIS2_PLACEMENT_3D('',#15787,#15788,#15789);
#15787 = CARTESIAN_POINT('',(18.,-26.,124.));
#15788 = DIRECTION('',(0.,0.,1.));
#15789 = DIRECTION('',(1.,0.,0.));
#15790 = ADVANCED_FACE('',(#15791),#15802,.F.);
#15791 = FACE_BOUND('',#15792,.F.);
#15792 = EDGE_LOOP('',(#15793,#15794,#15800,#15801));
#15793 = ORIENTED_EDGE('',*,*,#15757,.F.);
#15794 = ORIENTED_EDGE('',*,*,#15795,.F.);
#15795 = EDGE_CURVE('',#15778,#15758,#15796,.T.);
#15796 = LINE('',#15797,#15798);
#15797 = CARTESIAN_POINT('',(20.2,-26.,124.));
#15798 = VECTOR('',#15799,1.);
#15799 = DIRECTION('',(0.,0.,1.));
#15800 = ORIENTED_EDGE('',*,*,#15777,.T.);
#15801 = ORIENTED_EDGE('',*,*,#15795,.T.);
#15802 = CYLINDRICAL_SURFACE('',#15803,2.2);
#15803 = AXIS2_PLACEMENT_3D('',#15804,#15805,#15806);
#15804 = CARTESIAN_POINT('',(18.,-26.,124.));
#15805 = DIRECTION('',(0.,0.,1.));
#15806 = DIRECTION('',(1.,0.,0.));
#15807 = MANIFOLD_SOLID_BREP('',#15808);
#15808 = CLOSED_SHELL('',(#15809,#15842,#15851,#15871,#15896));
#15809 = ADVANCED_FACE('',(#15810),#15837,.T.);
#15810 = FACE_BOUND('',#15811,.T.);
#15811 = EDGE_LOOP('',(#15812,#15821,#15829,#15836));
#15812 = ORIENTED_EDGE('',*,*,#15813,.F.);
#15813 = EDGE_CURVE('',#15814,#15814,#15816,.T.);
#15814 = VERTEX_POINT('',#15815);
#15815 = CARTESIAN_POINT('',(69.734273241174,23.,247.97787239628));
#15816 = CIRCLE('',#15817,1.9);
#15817 = AXIS2_PLACEMENT_3D('',#15818,#15819,#15820);
#15818 = CARTESIAN_POINT('',(71.231493673027,23.,246.80811559316));
#15819 = DIRECTION('',(0.615661475326,0.,0.788010753607));
#15820 = DIRECTION('',(-0.788010753607,0.,0.615661475326));
#15821 = ORIENTED_EDGE('',*,*,#15822,.F.);
#15822 = EDGE_CURVE('',#15823,#15814,#15825,.T.);
#15823 = VERTEX_POINT('',#15824);
#15824 = CARTESIAN_POINT('',(56.620683816738,23.,231.19324334445));
#15825 = LINE('',#15826,#15827);
#15826 = CARTESIAN_POINT('',(56.620683816738,23.,231.19324334445));
#15827 = VECTOR('',#15828,1.);
#15828 = DIRECTION('',(0.615661475326,0.,0.788010753607));
#15829 = ORIENTED_EDGE('',*,*,#15830,.T.);
#15830 = EDGE_CURVE('',#15823,#15823,#15831,.T.);
#15831 = CIRCLE('',#15832,1.9);
#15832 = AXIS2_PLACEMENT_3D('',#15833,#15834,#15835);
#15833 = CARTESIAN_POINT('',(58.11790424859,23.,230.02348654134));
#15834 = DIRECTION('',(0.615661475326,0.,0.788010753607));
#15835 = DIRECTION('',(-0.788010753607,0.,0.615661475326));
#15836 = ORIENTED_EDGE('',*,*,#15822,.T.);
#15837 = CYLINDRICAL_SURFACE('',#15838,1.9);
#15838 = AXIS2_PLACEMENT_3D('',#15839,#15840,#15841);
#15839 = CARTESIAN_POINT('',(58.11790424859,23.,230.02348654134));
#15840 = DIRECTION('',(0.615661475326,0.,0.788010753607));
#15841 = DIRECTION('',(-0.788010753607,0.,0.615661475326));
#15842 = ADVANCED_FACE('',(#15843),#15846,.T.);
#15843 = FACE_BOUND('',#15844,.T.);
#15844 = EDGE_LOOP('',(#15845));
#15845 = ORIENTED_EDGE('',*,*,#15813,.T.);
#15846 = PLANE('',#15847);
#15847 = AXIS2_PLACEMENT_3D('',#15848,#15849,#15850);
#15848 = CARTESIAN_POINT('',(71.231493673027,23.,246.80811559316));
#15849 = DIRECTION('',(0.615661475326,0.,0.788010753607));
#15850 = DIRECTION('',(-0.788010753607,0.,0.615661475326));
#15851 = ADVANCED_FACE('',(#15852,#15863),#15866,.T.);
#15852 = FACE_BOUND('',#15853,.T.);
#15853 = EDGE_LOOP('',(#15854));
#15854 = ORIENTED_EDGE('',*,*,#15855,.T.);
#15855 = EDGE_CURVE('',#15856,#15856,#15858,.T.);
#15856 = VERTEX_POINT('',#15857);
#15857 = CARTESIAN_POINT('',(55.359866610967,23.,232.17830170498));
#15858 = CIRCLE('',#15859,3.5);
#15859 = AXIS2_PLACEMENT_3D('',#15860,#15861,#15862);
#15860 = CARTESIAN_POINT('',(58.11790424859,23.,230.02348654134));
#15861 = DIRECTION('',(0.615661475326,0.,0.788010753607));
#15862 = DIRECTION('',(-0.788010753607,0.,0.615661475326));
#15863 = FACE_BOUND('',#15864,.T.);
#15864 = EDGE_LOOP('',(#15865));
#15865 = ORIENTED_EDGE('',*,*,#15830,.F.);
#15866 = PLANE('',#15867);
#15867 = AXIS2_PLACEMENT_3D('',#15868,#15869,#15870);
#15868 = CARTESIAN_POINT('',(58.11790424859,23.,230.02348654134));
#15869 = DIRECTION('',(0.615661475326,0.,0.788010753607));
#15870 = DIRECTION('',(-0.788010753607,0.,0.615661475326));
#15871 = ADVANCED_FACE('',(#15872),#15891,.T.);
#15872 = FACE_BOUND('',#15873,.T.);
#15873 = EDGE_LOOP('',(#15874,#15875,#15883,#15890));
#15874 = ORIENTED_EDGE('',*,*,#15855,.F.);
#15875 = ORIENTED_EDGE('',*,*,#15876,.F.);
#15876 = EDGE_CURVE('',#15877,#15856,#15879,.T.);
#15877 = VERTEX_POINT('',#15878);
#15878 = CARTESIAN_POINT('',(52.897220709664,23.,229.02625869055));
#15879 = LINE('',#15880,#15881);
#15880 = CARTESIAN_POINT('',(52.897220709664,23.,229.02625869055));
#15881 = VECTOR('',#15882,1.);
#15882 = DIRECTION('',(0.615661475326,0.,0.788010753607));
#15883 = ORIENTED_EDGE('',*,*,#15884,.T.);
#15884 = EDGE_CURVE('',#15877,#15877,#15885,.T.);
#15885 = CIRCLE('',#15886,3.5);
#15886 = AXIS2_PLACEMENT_3D('',#15887,#15888,#15889);
#15887 = CARTESIAN_POINT('',(55.655258347288,23.,226.87144352691));
#15888 = DIRECTION('',(0.615661475326,0.,0.788010753607));
#15889 = DIRECTION('',(-0.788010753607,0.,0.615661475326));
#15890 = ORIENTED_EDGE('',*,*,#15876,.T.);
#15891 = CYLINDRICAL_SURFACE('',#15892,3.5);
#15892 = AXIS2_PLACEMENT_3D('',#15893,#15894,#15895);
#15893 = CARTESIAN_POINT('',(55.655258347288,23.,226.87144352691));
#15894 = DIRECTION('',(0.615661475326,0.,0.788010753607));
#15895 = DIRECTION('',(-0.788010753607,0.,0.615661475326));
#15896 = ADVANCED_FACE('',(#15897),#15900,.F.);
#15897 = FACE_BOUND('',#15898,.T.);
#15898 = EDGE_LOOP('',(#15899));
#15899 = ORIENTED_EDGE('',*,*,#15884,.F.);
#15900 = PLANE('',#15901);
#15901 = AXIS2_PLACEMENT_3D('',#15902,#15903,#15904);
#15902 = CARTESIAN_POINT('',(55.655258347288,23.,226.87144352691));
#15903 = DIRECTION('',(0.615661475326,0.,0.788010753607));
#15904 = DIRECTION('',(-0.788010753607,0.,0.615661475326));
#15905 = MANIFOLD_SOLID_BREP('',#15906);
#15906 = CLOSED_SHELL('',(#15907,#15940,#15960,#15980));
#15907 = ADVANCED_FACE('',(#15908),#15935,.T.);
#15908 = FACE_BOUND('',#15909,.T.);
#15909 = EDGE_LOOP('',(#15910,#15919,#15927,#15934));
#15910 = ORIENTED_EDGE('',*,*,#15911,.F.);
#15911 = EDGE_CURVE('',#15912,#15912,#15914,.T.);
#15912 = VERTEX_POINT('',#15913);
#15913 = CARTESIAN_POINT('',(55.064385037621,23.,233.42437178319));
#15914 = CIRCLE('',#15915,4.5);
#15915 = AXIS2_PLACEMENT_3D('',#15916,#15917,#15918);
#15916 = CARTESIAN_POINT('',(58.610433428851,23.,230.65389514422));
#15917 = DIRECTION('',(0.615661475326,0.,0.788010753607));
#15918 = DIRECTION('',(-0.788010753607,0.,0.615661475326));
#15919 = ORIENTED_EDGE('',*,*,#15920,.F.);
#15920 = EDGE_CURVE('',#15921,#15912,#15923,.T.);
#15921 = VERTEX_POINT('',#15922);
#15922 = CARTESIAN_POINT('',(54.57185585736,23.,232.7939631803));
#15923 = LINE('',#15924,#15925);
#15924 = CARTESIAN_POINT('',(54.57185585736,23.,232.7939631803));
#15925 = VECTOR('',#15926,1.);
#15926 = DIRECTION('',(0.615661475326,0.,0.788010753607));
#15927 = ORIENTED_EDGE('',*,*,#15928,.T.);
#15928 = EDGE_CURVE('',#15921,#15921,#15929,.T.);
#15929 = CIRCLE('',#15930,4.5);
#15930 = AXIS2_PLACEMENT_3D('',#15931,#15932,#15933);
#15931 = CARTESIAN_POINT('',(58.11790424859,23.,230.02348654134));
#15932 = DIRECTION('',(0.615661475326,0.,0.788010753607));
#15933 = DIRECTION('',(-0.788010753607,0.,0.615661475326));
#15934 = ORIENTED_EDGE('',*,*,#15920,.T.);
#15935 = CYLINDRICAL_SURFACE('',#15936,4.5);
#15936 = AXIS2_PLACEMENT_3D('',#15937,#15938,#15939);
#15937 = CARTESIAN_POINT('',(58.11790424859,23.,230.02348654134));
#15938 = DIRECTION('',(0.615661475326,0.,0.788010753607));
#15939 = DIRECTION('',(-0.788010753607,0.,0.615661475326));
#15940 = ADVANCED_FACE('',(#15941,#15944),#15955,.T.);
#15941 = FACE_BOUND('',#15942,.T.);
#15942 = EDGE_LOOP('',(#15943));
#15943 = ORIENTED_EDGE('',*,*,#15911,.T.);
#15944 = FACE_BOUND('',#15945,.T.);
#15945 = EDGE_LOOP('',(#15946));
#15946 = ORIENTED_EDGE('',*,*,#15947,.F.);
#15947 = EDGE_CURVE('',#15948,#15948,#15950,.T.);
#15948 = VERTEX_POINT('',#15949);
#15949 = CARTESIAN_POINT('',(56.876809770916,23.,232.00835038994));
#15950 = CIRCLE('',#15951,2.2);
#15951 = AXIS2_PLACEMENT_3D('',#15952,#15953,#15954);
#15952 = CARTESIAN_POINT('',(58.610433428851,23.,230.65389514422));
#15953 = DIRECTION('',(0.615661475326,0.,0.788010753607));
#15954 = DIRECTION('',(-0.788010753607,0.,0.615661475326));
#15955 = PLANE('',#15956);
#15956 = AXIS2_PLACEMENT_3D('',#15957,#15958,#15959);
#15957 = CARTESIAN_POINT('',(58.610433428851,23.,230.65389514422));
#15958 = DIRECTION('',(0.615661475326,0.,0.788010753607));
#15959 = DIRECTION('',(-0.788010753607,0.,0.615661475326));
#15960 = ADVANCED_FACE('',(#15961,#15964),#15975,.F.);
#15961 = FACE_BOUND('',#15962,.F.);
#15962 = EDGE_LOOP('',(#15963));
#15963 = ORIENTED_EDGE('',*,*,#15928,.T.);
#15964 = FACE_BOUND('',#15965,.F.);
#15965 = EDGE_LOOP('',(#15966));
#15966 = ORIENTED_EDGE('',*,*,#15967,.F.);
#15967 = EDGE_CURVE('',#15968,#15968,#15970,.T.);
#15968 = VERTEX_POINT('',#15969);
#15969 = CARTESIAN_POINT('',(56.384280590656,23.,231.37794178705));
#15970 = CIRCLE('',#15971,2.2);
#15971 = AXIS2_PLACEMENT_3D('',#15972,#15973,#15974);
#15972 = CARTESIAN_POINT('',(58.11790424859,23.,230.02348654134));
#15973 = DIRECTION('',(0.615661475326,0.,0.788010753607));
#15974 = DIRECTION('',(-0.788010753607,0.,0.615661475326));
#15975 = PLANE('',#15976);
#15976 = AXIS2_PLACEMENT_3D('',#15977,#15978,#15979);
#15977 = CARTESIAN_POINT('',(58.11790424859,23.,230.02348654134));
#15978 = DIRECTION('',(0.615661475326,0.,0.788010753607));
#15979 = DIRECTION('',(-0.788010753607,0.,0.615661475326));
#15980 = ADVANCED_FACE('',(#15981),#15992,.F.);
#15981 = FACE_BOUND('',#15982,.F.);
#15982 = EDGE_LOOP('',(#15983,#15984,#15990,#15991));
#15983 = ORIENTED_EDGE('',*,*,#15947,.F.);
#15984 = ORIENTED_EDGE('',*,*,#15985,.F.);
#15985 = EDGE_CURVE('',#15968,#15948,#15986,.T.);
#15986 = LINE('',#15987,#15988);
#15987 = CARTESIAN_POINT('',(56.384280590656,23.,231.37794178705));
#15988 = VECTOR('',#15989,1.);
#15989 = DIRECTION('',(0.615661475326,0.,0.788010753607));
#15990 = ORIENTED_EDGE('',*,*,#15967,.T.);
#15991 = ORIENTED_EDGE('',*,*,#15985,.T.);
#15992 = CYLINDRICAL_SURFACE('',#15993,2.2);
#15993 = AXIS2_PLACEMENT_3D('',#15994,#15995,#15996);
#15994 = CARTESIAN_POINT('',(58.11790424859,23.,230.02348654134));
#15995 = DIRECTION('',(0.615661475326,0.,0.788010753607));
#15996 = DIRECTION('',(-0.788010753607,0.,0.615661475326));
#15997 = MANIFOLD_SOLID_BREP('',#15998);
#15998 = CLOSED_SHELL('',(#15999,#16039,#16070,#16101,#16145,#16189,
    #16206,#16223,#16235));
#15999 = ADVANCED_FACE('',(#16000),#16034,.F.);
#16000 = FACE_BOUND('',#16001,.F.);
#16001 = EDGE_LOOP('',(#16002,#16012,#16020,#16028));
#16002 = ORIENTED_EDGE('',*,*,#16003,.T.);
#16003 = EDGE_CURVE('',#16004,#16006,#16008,.T.);
#16004 = VERTEX_POINT('',#16005);
#16005 = CARTESIAN_POINT('',(70.480260901294,25.020725942164,
    240.16163913396));
#16006 = VERTEX_POINT('',#16007);
#16007 = CARTESIAN_POINT('',(73.558568277922,25.020725942164,
    244.10169290199));
#16008 = LINE('',#16009,#16010);
#16009 = CARTESIAN_POINT('',(70.480260901294,25.020725942164,
    240.16163913396));
#16010 = VECTOR('',#16011,1.);
#16011 = DIRECTION('',(0.615661475326,0.,0.788010753607));
#16012 = ORIENTED_EDGE('',*,*,#16013,.T.);
#16013 = EDGE_CURVE('',#16006,#16014,#16016,.T.);
#16014 = VERTEX_POINT('',#16015);
#16015 = CARTESIAN_POINT('',(70.800530640299,27.041451884327,
    246.25650806563));
#16016 = LINE('',#16017,#16018);
#16017 = CARTESIAN_POINT('',(73.558568277922,25.020725942164,
    244.10169290199));
#16018 = VECTOR('',#16019,1.);
#16019 = DIRECTION('',(-0.682437331079,0.5,0.533178477763));
#16020 = ORIENTED_EDGE('',*,*,#16021,.F.);
#16021 = EDGE_CURVE('',#16022,#16014,#16024,.T.);
#16022 = VERTEX_POINT('',#16023);
#16023 = CARTESIAN_POINT('',(67.722223263671,27.041451884327,
    242.3164542976));
#16024 = LINE('',#16025,#16026);
#16025 = CARTESIAN_POINT('',(67.722223263671,27.041451884327,
    242.3164542976));
#16026 = VECTOR('',#16027,1.);
#16027 = DIRECTION('',(0.615661475326,0.,0.788010753607));
#16028 = ORIENTED_EDGE('',*,*,#16029,.F.);
#16029 = EDGE_CURVE('',#16004,#16022,#16030,.T.);
#16030 = LINE('',#16031,#16032);
#16031 = CARTESIAN_POINT('',(70.480260901294,25.020725942164,
    240.16163913396));
#16032 = VECTOR('',#16033,1.);
#16033 = DIRECTION('',(-0.682437331079,0.5,0.533178477763));
#16034 = PLANE('',#16035);
#16035 = AXIS2_PLACEMENT_3D('',#16036,#16037,#16038);
#16036 = CARTESIAN_POINT('',(70.480260901294,25.020725942164,
    240.16163913396));
#16037 = DIRECTION('',(-0.394005376803,-0.866025403784,0.307830737663));
#16038 = DIRECTION('',(-0.682437331079,0.5,0.533178477763));
#16039 = ADVANCED_FACE('',(#16040),#16065,.F.);
#16040 = FACE_BOUND('',#16041,.F.);
#16041 = EDGE_LOOP('',(#16042,#16052,#16058,#16059));
#16042 = ORIENTED_EDGE('',*,*,#16043,.T.);
#16043 = EDGE_CURVE('',#16044,#16046,#16048,.T.);
#16044 = VERTEX_POINT('',#16045);
#16045 = CARTESIAN_POINT('',(70.480260901294,20.979274057836,
    240.16163913396));
#16046 = VERTEX_POINT('',#16047);
#16047 = CARTESIAN_POINT('',(73.558568277922,20.979274057836,
    244.10169290199));
#16048 = LINE('',#16049,#16050);
#16049 = CARTESIAN_POINT('',(70.480260901294,20.979274057836,
    240.16163913396));
#16050 = VECTOR('',#16051,1.);
#16051 = DIRECTION('',(0.615661475326,0.,0.788010753607));
#16052 = ORIENTED_EDGE('',*,*,#16053,.T.);
#16053 = EDGE_CURVE('',#16046,#16006,#16054,.T.);
#16054 = LINE('',#16055,#16056);
#16055 = CARTESIAN_POINT('',(73.558568277922,20.979274057836,
    244.10169290199));
#16056 = VECTOR('',#16057,1.);
#16057 = DIRECTION('',(2.597683329694E-16,1.,-2.029532647706E-16));
#16058 = ORIENTED_EDGE('',*,*,#16003,.F.);
#16059 = ORIENTED_EDGE('',*,*,#16060,.F.);
#16060 = EDGE_CURVE('',#16044,#16004,#16061,.T.);
#16061 = LINE('',#16062,#16063);
#16062 = CARTESIAN_POINT('',(70.480260901294,20.979274057836,
    240.16163913396));
#16063 = VECTOR('',#16064,1.);
#16064 = DIRECTION('',(2.597683329694E-16,1.,-2.029532647706E-16));
#16065 = PLANE('',#16066);
#16066 = AXIS2_PLACEMENT_3D('',#16067,#16068,#16069);
#16067 = CARTESIAN_POINT('',(70.480260901294,20.979274057836,
    240.16163913396));
#16068 = DIRECTION('',(-0.788010753607,3.296507462372E-16,0.615661475326
    ));
#16069 = DIRECTION('',(2.597683329694E-16,1.,-2.029532647706E-16));
#16070 = ADVANCED_FACE('',(#16071),#16096,.F.);
#16071 = FACE_BOUND('',#16072,.F.);
#16072 = EDGE_LOOP('',(#16073,#16074,#16082,#16090));
#16073 = ORIENTED_EDGE('',*,*,#16021,.T.);
#16074 = ORIENTED_EDGE('',*,*,#16075,.T.);
#16075 = EDGE_CURVE('',#16014,#16076,#16078,.T.);
#16076 = VERTEX_POINT('',#16077);
#16077 = CARTESIAN_POINT('',(68.042493002675,25.020725942164,
    248.41132322927));
#16078 = LINE('',#16079,#16080);
#16079 = CARTESIAN_POINT('',(70.800530640299,27.041451884327,
    246.25650806563));
#16080 = VECTOR('',#16081,1.);
#16081 = DIRECTION('',(-0.682437331079,-0.5,0.533178477763));
#16082 = ORIENTED_EDGE('',*,*,#16083,.F.);
#16083 = EDGE_CURVE('',#16084,#16076,#16086,.T.);
#16084 = VERTEX_POINT('',#16085);
#16085 = CARTESIAN_POINT('',(64.964185626047,25.020725942164,
    244.47126946124));
#16086 = LINE('',#16087,#16088);
#16087 = CARTESIAN_POINT('',(64.964185626047,25.020725942164,
    244.47126946124));
#16088 = VECTOR('',#16089,1.);
#16089 = DIRECTION('',(0.615661475326,0.,0.788010753607));
#16090 = ORIENTED_EDGE('',*,*,#16091,.F.);
#16091 = EDGE_CURVE('',#16022,#16084,#16092,.T.);
#16092 = LINE('',#16093,#16094);
#16093 = CARTESIAN_POINT('',(67.722223263671,27.041451884327,
    242.3164542976));
#16094 = VECTOR('',#16095,1.);
#16095 = DIRECTION('',(-0.682437331079,-0.5,0.533178477763));
#16096 = PLANE('',#16097);
#16097 = AXIS2_PLACEMENT_3D('',#16098,#16099,#16100);
#16098 = CARTESIAN_POINT('',(67.722223263671,27.041451884327,
    242.3164542976));
#16099 = DIRECTION('',(0.394005376803,-0.866025403784,-0.307830737663));
#16100 = DIRECTION('',(-0.682437331079,-0.5,0.533178477763));
#16101 = ADVANCED_FACE('',(#16102,#16129),#16140,.F.);
#16102 = FACE_BOUND('',#16103,.F.);
#16103 = EDGE_LOOP('',(#16104,#16105,#16106,#16114,#16122,#16128));
#16104 = ORIENTED_EDGE('',*,*,#16029,.T.);
#16105 = ORIENTED_EDGE('',*,*,#16091,.T.);
#16106 = ORIENTED_EDGE('',*,*,#16107,.T.);
#16107 = EDGE_CURVE('',#16084,#16108,#16110,.T.);
#16108 = VERTEX_POINT('',#16109);
#16109 = CARTESIAN_POINT('',(64.964185626047,20.979274057836,
    244.47126946124));
#16110 = LINE('',#16111,#16112);
#16111 = CARTESIAN_POINT('',(64.964185626047,25.020725942164,
    244.47126946124));
#16112 = VECTOR('',#16113,1.);
#16113 = DIRECTION('',(8.658944432313E-17,-1.,-6.765108825686E-17));
#16114 = ORIENTED_EDGE('',*,*,#16115,.T.);
#16115 = EDGE_CURVE('',#16108,#16116,#16118,.T.);
#16116 = VERTEX_POINT('',#16117);
#16117 = CARTESIAN_POINT('',(67.722223263671,18.958548115673,
    242.3164542976));
#16118 = LINE('',#16119,#16120);
#16119 = CARTESIAN_POINT('',(64.964185626047,20.979274057836,
    244.47126946124));
#16120 = VECTOR('',#16121,1.);
#16121 = DIRECTION('',(0.682437331079,-0.5,-0.533178477763));
#16122 = ORIENTED_EDGE('',*,*,#16123,.T.);
#16123 = EDGE_CURVE('',#16116,#16044,#16124,.T.);
#16124 = LINE('',#16125,#16126);
#16125 = CARTESIAN_POINT('',(67.722223263671,18.958548115673,
    242.3164542976));
#16126 = VECTOR('',#16127,1.);
#16127 = DIRECTION('',(0.682437331079,0.5,-0.533178477763));
#16128 = ORIENTED_EDGE('',*,*,#16060,.T.);
#16129 = FACE_BOUND('',#16130,.F.);
#16130 = EDGE_LOOP('',(#16131));
#16131 = ORIENTED_EDGE('',*,*,#16132,.F.);
#16132 = EDGE_CURVE('',#16133,#16133,#16135,.T.);
#16133 = VERTEX_POINT('',#16134);
#16134 = CARTESIAN_POINT('',(66.106801218777,23.,243.57856032202));
#16135 = CIRCLE('',#16136,2.05);
#16136 = AXIS2_PLACEMENT_3D('',#16137,#16138,#16139);
#16137 = CARTESIAN_POINT('',(67.722223263671,23.,242.3164542976));
#16138 = DIRECTION('',(0.615661475326,0.,0.788010753607));
#16139 = DIRECTION('',(-0.788010753607,0.,0.615661475326));
#16140 = PLANE('',#16141);
#16141 = AXIS2_PLACEMENT_3D('',#16142,#16143,#16144);
#16142 = CARTESIAN_POINT('',(67.722223263671,23.,242.3164542976));
#16143 = DIRECTION('',(0.615661475326,0.,0.788010753607));
#16144 = DIRECTION('',(0.788010753607,0.,-0.615661475326));
#16145 = ADVANCED_FACE('',(#16146,#16173),#16184,.T.);
#16146 = FACE_BOUND('',#16147,.T.);
#16147 = EDGE_LOOP('',(#16148,#16149,#16150,#16158,#16166,#16172));
#16148 = ORIENTED_EDGE('',*,*,#16013,.T.);
#16149 = ORIENTED_EDGE('',*,*,#16075,.T.);
#16150 = ORIENTED_EDGE('',*,*,#16151,.T.);
#16151 = EDGE_CURVE('',#16076,#16152,#16154,.T.);
#16152 = VERTEX_POINT('',#16153);
#16153 = CARTESIAN_POINT('',(68.042493002675,20.979274057836,
    248.41132322927));
#16154 = LINE('',#16155,#16156);
#16155 = CARTESIAN_POINT('',(68.042493002675,25.020725942164,
    248.41132322927));
#16156 = VECTOR('',#16157,1.);
#16157 = DIRECTION('',(8.658944432313E-17,-1.,-6.765108825686E-17));
#16158 = ORIENTED_EDGE('',*,*,#16159,.T.);
#16159 = EDGE_CURVE('',#16152,#16160,#16162,.T.);
#16160 = VERTEX_POINT('',#16161);
#16161 = CARTESIAN_POINT('',(70.800530640299,18.958548115673,
    246.25650806563));
#16162 = LINE('',#16163,#16164);
#16163 = CARTESIAN_POINT('',(68.042493002675,20.979274057836,
    248.41132322927));
#16164 = VECTOR('',#16165,1.);
#16165 = DIRECTION('',(0.682437331079,-0.5,-0.533178477763));
#16166 = ORIENTED_EDGE('',*,*,#16167,.T.);
#16167 = EDGE_CURVE('',#16160,#16046,#16168,.T.);
#16168 = LINE('',#16169,#16170);
#16169 = CARTESIAN_POINT('',(70.800530640299,18.958548115673,
    246.25650806563));
#16170 = VECTOR('',#16171,1.);
#16171 = DIRECTION('',(0.682437331079,0.5,-0.533178477763));
#16172 = ORIENTED_EDGE('',*,*,#16053,.T.);
#16173 = FACE_BOUND('',#16174,.T.);
#16174 = EDGE_LOOP('',(#16175));
#16175 = ORIENTED_EDGE('',*,*,#16176,.F.);
#16176 = EDGE_CURVE('',#16177,#16177,#16179,.T.);
#16177 = VERTEX_POINT('',#16178);
#16178 = CARTESIAN_POINT('',(69.185108595405,23.,247.51861409005));
#16179 = CIRCLE('',#16180,2.05);
#16180 = AXIS2_PLACEMENT_3D('',#16181,#16182,#16183);
#16181 = CARTESIAN_POINT('',(70.800530640299,23.,246.25650806563));
#16182 = DIRECTION('',(0.615661475326,0.,0.788010753607));
#16183 = DIRECTION('',(-0.788010753607,0.,0.615661475326));
#16184 = PLANE('',#16185);
#16185 = AXIS2_PLACEMENT_3D('',#16186,#16187,#16188);
#16186 = CARTESIAN_POINT('',(70.800530640299,23.,246.25650806563));
#16187 = DIRECTION('',(0.615661475326,0.,0.788010753607));
#16188 = DIRECTION('',(0.788010753607,0.,-0.615661475326));
#16189 = ADVANCED_FACE('',(#16190),#16201,.F.);
#16190 = FACE_BOUND('',#16191,.F.);
#16191 = EDGE_LOOP('',(#16192,#16198,#16199,#16200));
#16192 = ORIENTED_EDGE('',*,*,#16193,.T.);
#16193 = EDGE_CURVE('',#16116,#16160,#16194,.T.);
#16194 = LINE('',#16195,#16196);
#16195 = CARTESIAN_POINT('',(67.722223263671,18.958548115673,
    242.3164542976));
#16196 = VECTOR('',#16197,1.);
#16197 = DIRECTION('',(0.615661475326,0.,0.788010753607));
#16198 = ORIENTED_EDGE('',*,*,#16167,.T.);
#16199 = ORIENTED_EDGE('',*,*,#16043,.F.);
#16200 = ORIENTED_EDGE('',*,*,#16123,.F.);
#16201 = PLANE('',#16202);
#16202 = AXIS2_PLACEMENT_3D('',#16203,#16204,#16205);
#16203 = CARTESIAN_POINT('',(67.722223263671,18.958548115673,
    242.3164542976));
#16204 = DIRECTION('',(-0.394005376803,0.866025403784,0.307830737663));
#16205 = DIRECTION('',(0.682437331079,0.5,-0.533178477763));
#16206 = ADVANCED_FACE('',(#16207),#16218,.F.);
#16207 = FACE_BOUND('',#16208,.F.);
#16208 = EDGE_LOOP('',(#16209,#16210,#16211,#16217));
#16209 = ORIENTED_EDGE('',*,*,#16083,.T.);
#16210 = ORIENTED_EDGE('',*,*,#16151,.T.);
#16211 = ORIENTED_EDGE('',*,*,#16212,.F.);
#16212 = EDGE_CURVE('',#16108,#16152,#16213,.T.);
#16213 = LINE('',#16214,#16215);
#16214 = CARTESIAN_POINT('',(64.964185626047,20.979274057836,
    244.47126946124));
#16215 = VECTOR('',#16216,1.);
#16216 = DIRECTION('',(0.615661475326,0.,0.788010753607));
#16217 = ORIENTED_EDGE('',*,*,#16107,.F.);
#16218 = PLANE('',#16219);
#16219 = AXIS2_PLACEMENT_3D('',#16220,#16221,#16222);
#16220 = CARTESIAN_POINT('',(64.964185626047,25.020725942164,
    244.47126946124));
#16221 = DIRECTION('',(0.788010753607,1.098835820791E-16,-0.615661475326
    ));
#16222 = DIRECTION('',(8.658944432313E-17,-1.,-6.765108825686E-17));
#16223 = ADVANCED_FACE('',(#16224),#16230,.F.);
#16224 = FACE_BOUND('',#16225,.F.);
#16225 = EDGE_LOOP('',(#16226,#16227,#16228,#16229));
#16226 = ORIENTED_EDGE('',*,*,#16212,.T.);
#16227 = ORIENTED_EDGE('',*,*,#16159,.T.);
#16228 = ORIENTED_EDGE('',*,*,#16193,.F.);
#16229 = ORIENTED_EDGE('',*,*,#16115,.F.);
#16230 = PLANE('',#16231);
#16231 = AXIS2_PLACEMENT_3D('',#16232,#16233,#16234);
#16232 = CARTESIAN_POINT('',(64.964185626047,20.979274057836,
    244.47126946124));
#16233 = DIRECTION('',(0.394005376803,0.866025403784,-0.307830737663));
#16234 = DIRECTION('',(0.682437331079,-0.5,-0.533178477763));
#16235 = ADVANCED_FACE('',(#16236),#16247,.F.);
#16236 = FACE_BOUND('',#16237,.F.);
#16237 = EDGE_LOOP('',(#16238,#16239,#16245,#16246));
#16238 = ORIENTED_EDGE('',*,*,#16176,.F.);
#16239 = ORIENTED_EDGE('',*,*,#16240,.F.);
#16240 = EDGE_CURVE('',#16133,#16177,#16241,.T.);
#16241 = LINE('',#16242,#16243);
#16242 = CARTESIAN_POINT('',(66.106801218777,23.,243.57856032202));
#16243 = VECTOR('',#16244,1.);
#16244 = DIRECTION('',(0.615661475326,0.,0.788010753607));
#16245 = ORIENTED_EDGE('',*,*,#16132,.T.);
#16246 = ORIENTED_EDGE('',*,*,#16240,.T.);
#16247 = CYLINDRICAL_SURFACE('',#16248,2.05);
#16248 = AXIS2_PLACEMENT_3D('',#16249,#16250,#16251);
#16249 = CARTESIAN_POINT('',(67.722223263671,23.,242.3164542976));
#16250 = DIRECTION('',(0.615661475326,0.,0.788010753607));
#16251 = DIRECTION('',(-0.788010753607,0.,0.615661475326));
#16252 = MANIFOLD_SOLID_BREP('',#16253);
#16253 = CLOSED_SHELL('',(#16254,#16287,#16307,#16327));
#16254 = ADVANCED_FACE('',(#16255),#16282,.T.);
#16255 = FACE_BOUND('',#16256,.T.);
#16256 = EDGE_LOOP('',(#16257,#16266,#16274,#16281));
#16257 = ORIENTED_EDGE('',*,*,#16258,.F.);
#16258 = EDGE_CURVE('',#16259,#16259,#16261,.T.);
#16259 = VERTEX_POINT('',#16260);
#16260 = CARTESIAN_POINT('',(64.17617487244,23.,245.08693093657));
#16261 = CIRCLE('',#16262,4.5);
#16262 = AXIS2_PLACEMENT_3D('',#16263,#16264,#16265);
#16263 = CARTESIAN_POINT('',(67.722223263671,23.,242.3164542976));
#16264 = DIRECTION('',(0.615661475326,0.,0.788010753607));
#16265 = DIRECTION('',(-0.788010753607,0.,0.615661475326));
#16266 = ORIENTED_EDGE('',*,*,#16267,.F.);
#16267 = EDGE_CURVE('',#16268,#16259,#16270,.T.);
#16268 = VERTEX_POINT('',#16269);
#16269 = CARTESIAN_POINT('',(63.68364569218,23.,244.45652233368));
#16270 = LINE('',#16271,#16272);
#16271 = CARTESIAN_POINT('',(63.68364569218,23.,244.45652233368));
#16272 = VECTOR('',#16273,1.);
#16273 = DIRECTION('',(0.615661475326,0.,0.788010753607));
#16274 = ORIENTED_EDGE('',*,*,#16275,.T.);
#16275 = EDGE_CURVE('',#16268,#16268,#16276,.T.);
#16276 = CIRCLE('',#16277,4.5);
#16277 = AXIS2_PLACEMENT_3D('',#16278,#16279,#16280);
#16278 = CARTESIAN_POINT('',(67.22969408341,23.,241.68604569472));
#16279 = DIRECTION('',(0.615661475326,0.,0.788010753607));
#16280 = DIRECTION('',(-0.788010753607,0.,0.615661475326));
#16281 = ORIENTED_EDGE('',*,*,#16267,.T.);
#16282 = CYLINDRICAL_SURFACE('',#16283,4.5);
#16283 = AXIS2_PLACEMENT_3D('',#16284,#16285,#16286);
#16284 = CARTESIAN_POINT('',(67.22969408341,23.,241.68604569472));
#16285 = DIRECTION('',(0.615661475326,0.,0.788010753607));
#16286 = DIRECTION('',(-0.788010753607,0.,0.615661475326));
#16287 = ADVANCED_FACE('',(#16288,#16291),#16302,.T.);
#16288 = FACE_BOUND('',#16289,.T.);
#16289 = EDGE_LOOP('',(#16290));
#16290 = ORIENTED_EDGE('',*,*,#16258,.T.);
#16291 = FACE_BOUND('',#16292,.T.);
#16292 = EDGE_LOOP('',(#16293));
#16293 = ORIENTED_EDGE('',*,*,#16294,.F.);
#16294 = EDGE_CURVE('',#16295,#16295,#16297,.T.);
#16295 = VERTEX_POINT('',#16296);
#16296 = CARTESIAN_POINT('',(65.988599605736,23.,243.67090954332));
#16297 = CIRCLE('',#16298,2.2);
#16298 = AXIS2_PLACEMENT_3D('',#16299,#16300,#16301);
#16299 = CARTESIAN_POINT('',(67.722223263671,23.,242.3164542976));
#16300 = DIRECTION('',(0.615661475326,0.,0.788010753607));
#16301 = DIRECTION('',(-0.788010753607,0.,0.615661475326));
#16302 = PLANE('',#16303);
#16303 = AXIS2_PLACEMENT_3D('',#16304,#16305,#16306);
#16304 = CARTESIAN_POINT('',(67.722223263671,23.,242.3164542976));
#16305 = DIRECTION('',(0.615661475326,0.,0.788010753607));
#16306 = DIRECTION('',(-0.788010753607,0.,0.615661475326));
#16307 = ADVANCED_FACE('',(#16308,#16311),#16322,.F.);
#16308 = FACE_BOUND('',#16309,.F.);
#16309 = EDGE_LOOP('',(#16310));
#16310 = ORIENTED_EDGE('',*,*,#16275,.T.);
#16311 = FACE_BOUND('',#16312,.F.);
#16312 = EDGE_LOOP('',(#16313));
#16313 = ORIENTED_EDGE('',*,*,#16314,.F.);
#16314 = EDGE_CURVE('',#16315,#16315,#16317,.T.);
#16315 = VERTEX_POINT('',#16316);
#16316 = CARTESIAN_POINT('',(65.496070425475,23.,243.04050094043));
#16317 = CIRCLE('',#16318,2.2);
#16318 = AXIS2_PLACEMENT_3D('',#16319,#16320,#16321);
#16319 = CARTESIAN_POINT('',(67.22969408341,23.,241.68604569472));
#16320 = DIRECTION('',(0.615661475326,0.,0.788010753607));
#16321 = DIRECTION('',(-0.788010753607,0.,0.615661475326));
#16322 = PLANE('',#16323);
#16323 = AXIS2_PLACEMENT_3D('',#16324,#16325,#16326);
#16324 = CARTESIAN_POINT('',(67.22969408341,23.,241.68604569472));
#16325 = DIRECTION('',(0.615661475326,0.,0.788010753607));
#16326 = DIRECTION('',(-0.788010753607,0.,0.615661475326));
#16327 = ADVANCED_FACE('',(#16328),#16339,.F.);
#16328 = FACE_BOUND('',#16329,.F.);
#16329 = EDGE_LOOP('',(#16330,#16331,#16337,#16338));
#16330 = ORIENTED_EDGE('',*,*,#16294,.F.);
#16331 = ORIENTED_EDGE('',*,*,#16332,.F.);
#16332 = EDGE_CURVE('',#16315,#16295,#16333,.T.);
#16333 = LINE('',#16334,#16335);
#16334 = CARTESIAN_POINT('',(65.496070425475,23.,243.04050094043));
#16335 = VECTOR('',#16336,1.);
#16336 = DIRECTION('',(0.615661475326,0.,0.788010753607));
#16337 = ORIENTED_EDGE('',*,*,#16314,.T.);
#16338 = ORIENTED_EDGE('',*,*,#16332,.T.);
#16339 = CYLINDRICAL_SURFACE('',#16340,2.2);
#16340 = AXIS2_PLACEMENT_3D('',#16341,#16342,#16343);
#16341 = CARTESIAN_POINT('',(67.22969408341,23.,241.68604569472));
#16342 = DIRECTION('',(0.615661475326,0.,0.788010753607));
#16343 = DIRECTION('',(-0.788010753607,0.,0.615661475326));
#16344 = MANIFOLD_SOLID_BREP('',#16345);
#16345 = CLOSED_SHELL('',(#16346,#16379,#16388,#16408,#16433));
#16346 = ADVANCED_FACE('',(#16347),#16374,.T.);
#16347 = FACE_BOUND('',#16348,.T.);
#16348 = EDGE_LOOP('',(#16349,#16358,#16366,#16373));
#16349 = ORIENTED_EDGE('',*,*,#16350,.F.);
#16350 = EDGE_CURVE('',#16351,#16351,#16353,.T.);
#16351 = VERTEX_POINT('',#16352);
#16352 = CARTESIAN_POINT('',(46.093950632972,23.,266.44771665605));
#16353 = CIRCLE('',#16354,1.9);
#16354 = AXIS2_PLACEMENT_3D('',#16355,#16356,#16357);
#16355 = CARTESIAN_POINT('',(47.591171064825,23.,265.27795985293));
#16356 = DIRECTION('',(0.615661475326,0.,0.788010753607));
#16357 = DIRECTION('',(-0.788010753607,0.,0.615661475326));
#16358 = ORIENTED_EDGE('',*,*,#16359,.F.);
#16359 = EDGE_CURVE('',#16360,#16351,#16362,.T.);
#16360 = VERTEX_POINT('',#16361);
#16361 = CARTESIAN_POINT('',(32.980361208536,23.,249.66308760422));
#16362 = LINE('',#16363,#16364);
#16363 = CARTESIAN_POINT('',(32.980361208536,23.,249.66308760422));
#16364 = VECTOR('',#16365,1.);
#16365 = DIRECTION('',(0.615661475326,0.,0.788010753607));
#16366 = ORIENTED_EDGE('',*,*,#16367,.T.);
#16367 = EDGE_CURVE('',#16360,#16360,#16368,.T.);
#16368 = CIRCLE('',#16369,1.9);
#16369 = AXIS2_PLACEMENT_3D('',#16370,#16371,#16372);
#16370 = CARTESIAN_POINT('',(34.477581640389,23.,248.49333080111));
#16371 = DIRECTION('',(0.615661475326,0.,0.788010753607));
#16372 = DIRECTION('',(-0.788010753607,0.,0.615661475326));
#16373 = ORIENTED_EDGE('',*,*,#16359,.T.);
#16374 = CYLINDRICAL_SURFACE('',#16375,1.9);
#16375 = AXIS2_PLACEMENT_3D('',#16376,#16377,#16378);
#16376 = CARTESIAN_POINT('',(34.477581640389,23.,248.49333080111));
#16377 = DIRECTION('',(0.615661475326,0.,0.788010753607));
#16378 = DIRECTION('',(-0.788010753607,0.,0.615661475326));
#16379 = ADVANCED_FACE('',(#16380),#16383,.T.);
#16380 = FACE_BOUND('',#16381,.T.);
#16381 = EDGE_LOOP('',(#16382));
#16382 = ORIENTED_EDGE('',*,*,#16350,.T.);
#16383 = PLANE('',#16384);
#16384 = AXIS2_PLACEMENT_3D('',#16385,#16386,#16387);
#16385 = CARTESIAN_POINT('',(47.591171064825,23.,265.27795985293));
#16386 = DIRECTION('',(0.615661475326,0.,0.788010753607));
#16387 = DIRECTION('',(-0.788010753607,0.,0.615661475326));
#16388 = ADVANCED_FACE('',(#16389,#16400),#16403,.T.);
#16389 = FACE_BOUND('',#16390,.T.);
#16390 = EDGE_LOOP('',(#16391));
#16391 = ORIENTED_EDGE('',*,*,#16392,.T.);
#16392 = EDGE_CURVE('',#16393,#16393,#16395,.T.);
#16393 = VERTEX_POINT('',#16394);
#16394 = CARTESIAN_POINT('',(31.719544002765,23.,250.64814596475));
#16395 = CIRCLE('',#16396,3.5);
#16396 = AXIS2_PLACEMENT_3D('',#16397,#16398,#16399);
#16397 = CARTESIAN_POINT('',(34.477581640389,23.,248.49333080111));
#16398 = DIRECTION('',(0.615661475326,0.,0.788010753607));
#16399 = DIRECTION('',(-0.788010753607,0.,0.615661475326));
#16400 = FACE_BOUND('',#16401,.T.);
#16401 = EDGE_LOOP('',(#16402));
#16402 = ORIENTED_EDGE('',*,*,#16367,.F.);
#16403 = PLANE('',#16404);
#16404 = AXIS2_PLACEMENT_3D('',#16405,#16406,#16407);
#16405 = CARTESIAN_POINT('',(34.477581640389,23.,248.49333080111));
#16406 = DIRECTION('',(0.615661475326,0.,0.788010753607));
#16407 = DIRECTION('',(-0.788010753607,0.,0.615661475326));
#16408 = ADVANCED_FACE('',(#16409),#16428,.T.);
#16409 = FACE_BOUND('',#16410,.T.);
#16410 = EDGE_LOOP('',(#16411,#16412,#16420,#16427));
#16411 = ORIENTED_EDGE('',*,*,#16392,.F.);
#16412 = ORIENTED_EDGE('',*,*,#16413,.F.);
#16413 = EDGE_CURVE('',#16414,#16393,#16416,.T.);
#16414 = VERTEX_POINT('',#16415);
#16415 = CARTESIAN_POINT('',(29.256898101463,23.,247.49610295032));
#16416 = LINE('',#16417,#16418);
#16417 = CARTESIAN_POINT('',(29.256898101463,23.,247.49610295032));
#16418 = VECTOR('',#16419,1.);
#16419 = DIRECTION('',(0.615661475326,0.,0.788010753607));
#16420 = ORIENTED_EDGE('',*,*,#16421,.T.);
#16421 = EDGE_CURVE('',#16414,#16414,#16422,.T.);
#16422 = CIRCLE('',#16423,3.5);
#16423 = AXIS2_PLACEMENT_3D('',#16424,#16425,#16426);
#16424 = CARTESIAN_POINT('',(32.014935739086,23.,245.34128778668));
#16425 = DIRECTION('',(0.615661475326,0.,0.788010753607));
#16426 = DIRECTION('',(-0.788010753607,0.,0.615661475326));
#16427 = ORIENTED_EDGE('',*,*,#16413,.T.);
#16428 = CYLINDRICAL_SURFACE('',#16429,3.5);
#16429 = AXIS2_PLACEMENT_3D('',#16430,#16431,#16432);
#16430 = CARTESIAN_POINT('',(32.014935739086,23.,245.34128778668));
#16431 = DIRECTION('',(0.615661475326,0.,0.788010753607));
#16432 = DIRECTION('',(-0.788010753607,0.,0.615661475326));
#16433 = ADVANCED_FACE('',(#16434),#16437,.F.);
#16434 = FACE_BOUND('',#16435,.T.);
#16435 = EDGE_LOOP('',(#16436));
#16436 = ORIENTED_EDGE('',*,*,#16421,.F.);
#16437 = PLANE('',#16438);
#16438 = AXIS2_PLACEMENT_3D('',#16439,#16440,#16441);
#16439 = CARTESIAN_POINT('',(32.014935739086,23.,245.34128778668));
#16440 = DIRECTION('',(0.615661475326,0.,0.788010753607));
#16441 = DIRECTION('',(-0.788010753607,0.,0.615661475326));
#16442 = MANIFOLD_SOLID_BREP('',#16443);
#16443 = CLOSED_SHELL('',(#16444,#16477,#16497,#16517));
#16444 = ADVANCED_FACE('',(#16445),#16472,.T.);
#16445 = FACE_BOUND('',#16446,.T.);
#16446 = EDGE_LOOP('',(#16447,#16456,#16464,#16471));
#16447 = ORIENTED_EDGE('',*,*,#16448,.F.);
#16448 = EDGE_CURVE('',#16449,#16449,#16451,.T.);
#16449 = VERTEX_POINT('',#16450);
#16450 = CARTESIAN_POINT('',(31.424062429419,23.,251.89421604296));
#16451 = CIRCLE('',#16452,4.5);
#16452 = AXIS2_PLACEMENT_3D('',#16453,#16454,#16455);
#16453 = CARTESIAN_POINT('',(34.970110820649,23.,249.12373940399));
#16454 = DIRECTION('',(0.615661475326,0.,0.788010753607));
#16455 = DIRECTION('',(-0.788010753607,0.,0.615661475326));
#16456 = ORIENTED_EDGE('',*,*,#16457,.F.);
#16457 = EDGE_CURVE('',#16458,#16449,#16460,.T.);
#16458 = VERTEX_POINT('',#16459);
#16459 = CARTESIAN_POINT('',(30.931533249158,23.,251.26380744007));
#16460 = LINE('',#16461,#16462);
#16461 = CARTESIAN_POINT('',(30.931533249158,23.,251.26380744007));
#16462 = VECTOR('',#16463,1.);
#16463 = DIRECTION('',(0.615661475326,0.,0.788010753607));
#16464 = ORIENTED_EDGE('',*,*,#16465,.T.);
#16465 = EDGE_CURVE('',#16458,#16458,#16466,.T.);
#16466 = CIRCLE('',#16467,4.5);
#16467 = AXIS2_PLACEMENT_3D('',#16468,#16469,#16470);
#16468 = CARTESIAN_POINT('',(34.477581640389,23.,248.49333080111));
#16469 = DIRECTION('',(0.615661475326,0.,0.788010753607));
#16470 = DIRECTION('',(-0.788010753607,0.,0.615661475326));
#16471 = ORIENTED_EDGE('',*,*,#16457,.T.);
#16472 = CYLINDRICAL_SURFACE('',#16473,4.5);
#16473 = AXIS2_PLACEMENT_3D('',#16474,#16475,#16476);
#16474 = CARTESIAN_POINT('',(34.477581640389,23.,248.49333080111));
#16475 = DIRECTION('',(0.615661475326,0.,0.788010753607));
#16476 = DIRECTION('',(-0.788010753607,0.,0.615661475326));
#16477 = ADVANCED_FACE('',(#16478,#16481),#16492,.T.);
#16478 = FACE_BOUND('',#16479,.T.);
#16479 = EDGE_LOOP('',(#16480));
#16480 = ORIENTED_EDGE('',*,*,#16448,.T.);
#16481 = FACE_BOUND('',#16482,.T.);
#16482 = EDGE_LOOP('',(#16483));
#16483 = ORIENTED_EDGE('',*,*,#16484,.F.);
#16484 = EDGE_CURVE('',#16485,#16485,#16487,.T.);
#16485 = VERTEX_POINT('',#16486);
#16486 = CARTESIAN_POINT('',(33.236487162714,23.,250.47819464971));
#16487 = CIRCLE('',#16488,2.2);
#16488 = AXIS2_PLACEMENT_3D('',#16489,#16490,#16491);
#16489 = CARTESIAN_POINT('',(34.970110820649,23.,249.12373940399));
#16490 = DIRECTION('',(0.615661475326,0.,0.788010753607));
#16491 = DIRECTION('',(-0.788010753607,0.,0.615661475326));
#16492 = PLANE('',#16493);
#16493 = AXIS2_PLACEMENT_3D('',#16494,#16495,#16496);
#16494 = CARTESIAN_POINT('',(34.970110820649,23.,249.12373940399));
#16495 = DIRECTION('',(0.615661475326,0.,0.788010753607));
#16496 = DIRECTION('',(-0.788010753607,0.,0.615661475326));
#16497 = ADVANCED_FACE('',(#16498,#16501),#16512,.F.);
#16498 = FACE_BOUND('',#16499,.F.);
#16499 = EDGE_LOOP('',(#16500));
#16500 = ORIENTED_EDGE('',*,*,#16465,.T.);
#16501 = FACE_BOUND('',#16502,.F.);
#16502 = EDGE_LOOP('',(#16503));
#16503 = ORIENTED_EDGE('',*,*,#16504,.F.);
#16504 = EDGE_CURVE('',#16505,#16505,#16507,.T.);
#16505 = VERTEX_POINT('',#16506);
#16506 = CARTESIAN_POINT('',(32.743957982454,23.,249.84778604682));
#16507 = CIRCLE('',#16508,2.2);
#16508 = AXIS2_PLACEMENT_3D('',#16509,#16510,#16511);
#16509 = CARTESIAN_POINT('',(34.477581640389,23.,248.49333080111));
#16510 = DIRECTION('',(0.615661475326,0.,0.788010753607));
#16511 = DIRECTION('',(-0.788010753607,0.,0.615661475326));
#16512 = PLANE('',#16513);
#16513 = AXIS2_PLACEMENT_3D('',#16514,#16515,#16516);
#16514 = CARTESIAN_POINT('',(34.477581640389,23.,248.49333080111));
#16515 = DIRECTION('',(0.615661475326,0.,0.788010753607));
#16516 = DIRECTION('',(-0.788010753607,0.,0.615661475326));
#16517 = ADVANCED_FACE('',(#16518),#16529,.F.);
#16518 = FACE_BOUND('',#16519,.F.);
#16519 = EDGE_LOOP('',(#16520,#16521,#16527,#16528));
#16520 = ORIENTED_EDGE('',*,*,#16484,.F.);
#16521 = ORIENTED_EDGE('',*,*,#16522,.F.);
#16522 = EDGE_CURVE('',#16505,#16485,#16523,.T.);
#16523 = LINE('',#16524,#16525);
#16524 = CARTESIAN_POINT('',(32.743957982454,23.,249.84778604682));
#16525 = VECTOR('',#16526,1.);
#16526 = DIRECTION('',(0.615661475326,0.,0.788010753607));
#16527 = ORIENTED_EDGE('',*,*,#16504,.T.);
#16528 = ORIENTED_EDGE('',*,*,#16522,.T.);
#16529 = CYLINDRICAL_SURFACE('',#16530,2.2);
#16530 = AXIS2_PLACEMENT_3D('',#16531,#16532,#16533);
#16531 = CARTESIAN_POINT('',(34.477581640389,23.,248.49333080111));
#16532 = DIRECTION('',(0.615661475326,0.,0.788010753607));
#16533 = DIRECTION('',(-0.788010753607,0.,0.615661475326));
#16534 = MANIFOLD_SOLID_BREP('',#16535);
#16535 = CLOSED_SHELL('',(#16536,#16576,#16607,#16638,#16682,#16726,
    #16743,#16760,#16772));
#16536 = ADVANCED_FACE('',(#16537),#16571,.F.);
#16537 = FACE_BOUND('',#16538,.F.);
#16538 = EDGE_LOOP('',(#16539,#16549,#16557,#16565));
#16539 = ORIENTED_EDGE('',*,*,#16540,.T.);
#16540 = EDGE_CURVE('',#16541,#16543,#16545,.T.);
#16541 = VERTEX_POINT('',#16542);
#16542 = CARTESIAN_POINT('',(46.839938293092,25.020725942164,
    258.63148339373));
#16543 = VERTEX_POINT('',#16544);
#16544 = CARTESIAN_POINT('',(49.918245669721,25.020725942164,
    262.57153716176));
#16545 = LINE('',#16546,#16547);
#16546 = CARTESIAN_POINT('',(46.839938293092,25.020725942164,
    258.63148339373));
#16547 = VECTOR('',#16548,1.);
#16548 = DIRECTION('',(0.615661475326,0.,0.788010753607));
#16549 = ORIENTED_EDGE('',*,*,#16550,.T.);
#16550 = EDGE_CURVE('',#16543,#16551,#16553,.T.);
#16551 = VERTEX_POINT('',#16552);
#16552 = CARTESIAN_POINT('',(47.160208032097,27.041451884327,
    264.7263523254));
#16553 = LINE('',#16554,#16555);
#16554 = CARTESIAN_POINT('',(49.918245669721,25.020725942164,
    262.57153716176));
#16555 = VECTOR('',#16556,1.);
#16556 = DIRECTION('',(-0.682437331079,0.5,0.533178477763));
#16557 = ORIENTED_EDGE('',*,*,#16558,.F.);
#16558 = EDGE_CURVE('',#16559,#16551,#16561,.T.);
#16559 = VERTEX_POINT('',#16560);
#16560 = CARTESIAN_POINT('',(44.081900655469,27.041451884327,
    260.78629855737));
#16561 = LINE('',#16562,#16563);
#16562 = CARTESIAN_POINT('',(44.081900655469,27.041451884327,
    260.78629855737));
#16563 = VECTOR('',#16564,1.);
#16564 = DIRECTION('',(0.615661475326,0.,0.788010753607));
#16565 = ORIENTED_EDGE('',*,*,#16566,.F.);
#16566 = EDGE_CURVE('',#16541,#16559,#16567,.T.);
#16567 = LINE('',#16568,#16569);
#16568 = CARTESIAN_POINT('',(46.839938293092,25.020725942164,
    258.63148339373));
#16569 = VECTOR('',#16570,1.);
#16570 = DIRECTION('',(-0.682437331079,0.5,0.533178477763));
#16571 = PLANE('',#16572);
#16572 = AXIS2_PLACEMENT_3D('',#16573,#16574,#16575);
#16573 = CARTESIAN_POINT('',(46.839938293092,25.020725942164,
    258.63148339373));
#16574 = DIRECTION('',(-0.394005376803,-0.866025403784,0.307830737663));
#16575 = DIRECTION('',(-0.682437331079,0.5,0.533178477763));
#16576 = ADVANCED_FACE('',(#16577),#16602,.F.);
#16577 = FACE_BOUND('',#16578,.F.);
#16578 = EDGE_LOOP('',(#16579,#16589,#16595,#16596));
#16579 = ORIENTED_EDGE('',*,*,#16580,.T.);
#16580 = EDGE_CURVE('',#16581,#16583,#16585,.T.);
#16581 = VERTEX_POINT('',#16582);
#16582 = CARTESIAN_POINT('',(46.839938293092,20.979274057836,
    258.63148339373));
#16583 = VERTEX_POINT('',#16584);
#16584 = CARTESIAN_POINT('',(49.918245669721,20.979274057836,
    262.57153716176));
#16585 = LINE('',#16586,#16587);
#16586 = CARTESIAN_POINT('',(46.839938293092,20.979274057836,
    258.63148339373));
#16587 = VECTOR('',#16588,1.);
#16588 = DIRECTION('',(0.615661475326,0.,0.788010753607));
#16589 = ORIENTED_EDGE('',*,*,#16590,.T.);
#16590 = EDGE_CURVE('',#16583,#16543,#16591,.T.);
#16591 = LINE('',#16592,#16593);
#16592 = CARTESIAN_POINT('',(49.918245669721,20.979274057836,
    262.57153716176));
#16593 = VECTOR('',#16594,1.);
#16594 = DIRECTION('',(2.597683329694E-16,1.,-2.029532647706E-16));
#16595 = ORIENTED_EDGE('',*,*,#16540,.F.);
#16596 = ORIENTED_EDGE('',*,*,#16597,.F.);
#16597 = EDGE_CURVE('',#16581,#16541,#16598,.T.);
#16598 = LINE('',#16599,#16600);
#16599 = CARTESIAN_POINT('',(46.839938293092,20.979274057836,
    258.63148339373));
#16600 = VECTOR('',#16601,1.);
#16601 = DIRECTION('',(2.597683329694E-16,1.,-2.029532647706E-16));
#16602 = PLANE('',#16603);
#16603 = AXIS2_PLACEMENT_3D('',#16604,#16605,#16606);
#16604 = CARTESIAN_POINT('',(46.839938293092,20.979274057836,
    258.63148339373));
#16605 = DIRECTION('',(-0.788010753607,3.296507462372E-16,0.615661475326
    ));
#16606 = DIRECTION('',(2.597683329694E-16,1.,-2.029532647706E-16));
#16607 = ADVANCED_FACE('',(#16608),#16633,.F.);
#16608 = FACE_BOUND('',#16609,.F.);
#16609 = EDGE_LOOP('',(#16610,#16611,#16619,#16627));
#16610 = ORIENTED_EDGE('',*,*,#16558,.T.);
#16611 = ORIENTED_EDGE('',*,*,#16612,.T.);
#16612 = EDGE_CURVE('',#16551,#16613,#16615,.T.);
#16613 = VERTEX_POINT('',#16614);
#16614 = CARTESIAN_POINT('',(44.402170394474,25.020725942164,
    266.88116748904));
#16615 = LINE('',#16616,#16617);
#16616 = CARTESIAN_POINT('',(47.160208032097,27.041451884327,
    264.7263523254));
#16617 = VECTOR('',#16618,1.);
#16618 = DIRECTION('',(-0.682437331079,-0.5,0.533178477763));
#16619 = ORIENTED_EDGE('',*,*,#16620,.F.);
#16620 = EDGE_CURVE('',#16621,#16613,#16623,.T.);
#16621 = VERTEX_POINT('',#16622);
#16622 = CARTESIAN_POINT('',(41.323863017845,25.020725942164,
    262.94111372101));
#16623 = LINE('',#16624,#16625);
#16624 = CARTESIAN_POINT('',(41.323863017845,25.020725942164,
    262.94111372101));
#16625 = VECTOR('',#16626,1.);
#16626 = DIRECTION('',(0.615661475326,0.,0.788010753607));
#16627 = ORIENTED_EDGE('',*,*,#16628,.F.);
#16628 = EDGE_CURVE('',#16559,#16621,#16629,.T.);
#16629 = LINE('',#16630,#16631);
#16630 = CARTESIAN_POINT('',(44.081900655469,27.041451884327,
    260.78629855737));
#16631 = VECTOR('',#16632,1.);
#16632 = DIRECTION('',(-0.682437331079,-0.5,0.533178477763));
#16633 = PLANE('',#16634);
#16634 = AXIS2_PLACEMENT_3D('',#16635,#16636,#16637);
#16635 = CARTESIAN_POINT('',(44.081900655469,27.041451884327,
    260.78629855737));
#16636 = DIRECTION('',(0.394005376803,-0.866025403784,-0.307830737663));
#16637 = DIRECTION('',(-0.682437331079,-0.5,0.533178477763));
#16638 = ADVANCED_FACE('',(#16639,#16666),#16677,.F.);
#16639 = FACE_BOUND('',#16640,.F.);
#16640 = EDGE_LOOP('',(#16641,#16642,#16643,#16651,#16659,#16665));
#16641 = ORIENTED_EDGE('',*,*,#16566,.T.);
#16642 = ORIENTED_EDGE('',*,*,#16628,.T.);
#16643 = ORIENTED_EDGE('',*,*,#16644,.T.);
#16644 = EDGE_CURVE('',#16621,#16645,#16647,.T.);
#16645 = VERTEX_POINT('',#16646);
#16646 = CARTESIAN_POINT('',(41.323863017845,20.979274057836,
    262.94111372101));
#16647 = LINE('',#16648,#16649);
#16648 = CARTESIAN_POINT('',(41.323863017845,25.020725942164,
    262.94111372101));
#16649 = VECTOR('',#16650,1.);
#16650 = DIRECTION('',(8.658944432313E-17,-1.,-6.765108825686E-17));
#16651 = ORIENTED_EDGE('',*,*,#16652,.T.);
#16652 = EDGE_CURVE('',#16645,#16653,#16655,.T.);
#16653 = VERTEX_POINT('',#16654);
#16654 = CARTESIAN_POINT('',(44.081900655469,18.958548115673,
    260.78629855737));
#16655 = LINE('',#16656,#16657);
#16656 = CARTESIAN_POINT('',(41.323863017845,20.979274057836,
    262.94111372101));
#16657 = VECTOR('',#16658,1.);
#16658 = DIRECTION('',(0.682437331079,-0.5,-0.533178477763));
#16659 = ORIENTED_EDGE('',*,*,#16660,.T.);
#16660 = EDGE_CURVE('',#16653,#16581,#16661,.T.);
#16661 = LINE('',#16662,#16663);
#16662 = CARTESIAN_POINT('',(44.081900655469,18.958548115673,
    260.78629855737));
#16663 = VECTOR('',#16664,1.);
#16664 = DIRECTION('',(0.682437331079,0.5,-0.533178477763));
#16665 = ORIENTED_EDGE('',*,*,#16597,.T.);
#16666 = FACE_BOUND('',#16667,.F.);
#16667 = EDGE_LOOP('',(#16668));
#16668 = ORIENTED_EDGE('',*,*,#16669,.F.);
#16669 = EDGE_CURVE('',#16670,#16670,#16672,.T.);
#16670 = VERTEX_POINT('',#16671);
#16671 = CARTESIAN_POINT('',(42.466478610575,23.,262.04840458179));
#16672 = CIRCLE('',#16673,2.05);
#16673 = AXIS2_PLACEMENT_3D('',#16674,#16675,#16676);
#16674 = CARTESIAN_POINT('',(44.081900655469,23.,260.78629855737));
#16675 = DIRECTION('',(0.615661475326,0.,0.788010753607));
#16676 = DIRECTION('',(-0.788010753607,0.,0.615661475326));
#16677 = PLANE('',#16678);
#16678 = AXIS2_PLACEMENT_3D('',#16679,#16680,#16681);
#16679 = CARTESIAN_POINT('',(44.081900655469,23.,260.78629855737));
#16680 = DIRECTION('',(0.615661475326,0.,0.788010753607));
#16681 = DIRECTION('',(0.788010753607,0.,-0.615661475326));
#16682 = ADVANCED_FACE('',(#16683,#16710),#16721,.T.);
#16683 = FACE_BOUND('',#16684,.T.);
#16684 = EDGE_LOOP('',(#16685,#16686,#16687,#16695,#16703,#16709));
#16685 = ORIENTED_EDGE('',*,*,#16550,.T.);
#16686 = ORIENTED_EDGE('',*,*,#16612,.T.);
#16687 = ORIENTED_EDGE('',*,*,#16688,.T.);
#16688 = EDGE_CURVE('',#16613,#16689,#16691,.T.);
#16689 = VERTEX_POINT('',#16690);
#16690 = CARTESIAN_POINT('',(44.402170394474,20.979274057836,
    266.88116748904));
#16691 = LINE('',#16692,#16693);
#16692 = CARTESIAN_POINT('',(44.402170394474,25.020725942164,
    266.88116748904));
#16693 = VECTOR('',#16694,1.);
#16694 = DIRECTION('',(8.658944432313E-17,-1.,-6.765108825686E-17));
#16695 = ORIENTED_EDGE('',*,*,#16696,.T.);
#16696 = EDGE_CURVE('',#16689,#16697,#16699,.T.);
#16697 = VERTEX_POINT('',#16698);
#16698 = CARTESIAN_POINT('',(47.160208032097,18.958548115673,
    264.7263523254));
#16699 = LINE('',#16700,#16701);
#16700 = CARTESIAN_POINT('',(44.402170394474,20.979274057836,
    266.88116748904));
#16701 = VECTOR('',#16702,1.);
#16702 = DIRECTION('',(0.682437331079,-0.5,-0.533178477763));
#16703 = ORIENTED_EDGE('',*,*,#16704,.T.);
#16704 = EDGE_CURVE('',#16697,#16583,#16705,.T.);
#16705 = LINE('',#16706,#16707);
#16706 = CARTESIAN_POINT('',(47.160208032097,18.958548115673,
    264.7263523254));
#16707 = VECTOR('',#16708,1.);
#16708 = DIRECTION('',(0.682437331079,0.5,-0.533178477763));
#16709 = ORIENTED_EDGE('',*,*,#16590,.T.);
#16710 = FACE_BOUND('',#16711,.T.);
#16711 = EDGE_LOOP('',(#16712));
#16712 = ORIENTED_EDGE('',*,*,#16713,.F.);
#16713 = EDGE_CURVE('',#16714,#16714,#16716,.T.);
#16714 = VERTEX_POINT('',#16715);
#16715 = CARTESIAN_POINT('',(45.544785987203,23.,265.98845834982));
#16716 = CIRCLE('',#16717,2.05);
#16717 = AXIS2_PLACEMENT_3D('',#16718,#16719,#16720);
#16718 = CARTESIAN_POINT('',(47.160208032097,23.,264.7263523254));
#16719 = DIRECTION('',(0.615661475326,0.,0.788010753607));
#16720 = DIRECTION('',(-0.788010753607,0.,0.615661475326));
#16721 = PLANE('',#16722);
#16722 = AXIS2_PLACEMENT_3D('',#16723,#16724,#16725);
#16723 = CARTESIAN_POINT('',(47.160208032097,23.,264.7263523254));
#16724 = DIRECTION('',(0.615661475326,0.,0.788010753607));
#16725 = DIRECTION('',(0.788010753607,0.,-0.615661475326));
#16726 = ADVANCED_FACE('',(#16727),#16738,.F.);
#16727 = FACE_BOUND('',#16728,.F.);
#16728 = EDGE_LOOP('',(#16729,#16735,#16736,#16737));
#16729 = ORIENTED_EDGE('',*,*,#16730,.T.);
#16730 = EDGE_CURVE('',#16653,#16697,#16731,.T.);
#16731 = LINE('',#16732,#16733);
#16732 = CARTESIAN_POINT('',(44.081900655469,18.958548115673,
    260.78629855737));
#16733 = VECTOR('',#16734,1.);
#16734 = DIRECTION('',(0.615661475326,0.,0.788010753607));
#16735 = ORIENTED_EDGE('',*,*,#16704,.T.);
#16736 = ORIENTED_EDGE('',*,*,#16580,.F.);
#16737 = ORIENTED_EDGE('',*,*,#16660,.F.);
#16738 = PLANE('',#16739);
#16739 = AXIS2_PLACEMENT_3D('',#16740,#16741,#16742);
#16740 = CARTESIAN_POINT('',(44.081900655469,18.958548115673,
    260.78629855737));
#16741 = DIRECTION('',(-0.394005376803,0.866025403784,0.307830737663));
#16742 = DIRECTION('',(0.682437331079,0.5,-0.533178477763));
#16743 = ADVANCED_FACE('',(#16744),#16755,.F.);
#16744 = FACE_BOUND('',#16745,.F.);
#16745 = EDGE_LOOP('',(#16746,#16747,#16748,#16754));
#16746 = ORIENTED_EDGE('',*,*,#16620,.T.);
#16747 = ORIENTED_EDGE('',*,*,#16688,.T.);
#16748 = ORIENTED_EDGE('',*,*,#16749,.F.);
#16749 = EDGE_CURVE('',#16645,#16689,#16750,.T.);
#16750 = LINE('',#16751,#16752);
#16751 = CARTESIAN_POINT('',(41.323863017845,20.979274057836,
    262.94111372101));
#16752 = VECTOR('',#16753,1.);
#16753 = DIRECTION('',(0.615661475326,0.,0.788010753607));
#16754 = ORIENTED_EDGE('',*,*,#16644,.F.);
#16755 = PLANE('',#16756);
#16756 = AXIS2_PLACEMENT_3D('',#16757,#16758,#16759);
#16757 = CARTESIAN_POINT('',(41.323863017845,25.020725942164,
    262.94111372101));
#16758 = DIRECTION('',(0.788010753607,1.098835820791E-16,-0.615661475326
    ));
#16759 = DIRECTION('',(8.658944432313E-17,-1.,-6.765108825686E-17));
#16760 = ADVANCED_FACE('',(#16761),#16767,.F.);
#16761 = FACE_BOUND('',#16762,.F.);
#16762 = EDGE_LOOP('',(#16763,#16764,#16765,#16766));
#16763 = ORIENTED_EDGE('',*,*,#16749,.T.);
#16764 = ORIENTED_EDGE('',*,*,#16696,.T.);
#16765 = ORIENTED_EDGE('',*,*,#16730,.F.);
#16766 = ORIENTED_EDGE('',*,*,#16652,.F.);
#16767 = PLANE('',#16768);
#16768 = AXIS2_PLACEMENT_3D('',#16769,#16770,#16771);
#16769 = CARTESIAN_POINT('',(41.323863017845,20.979274057836,
    262.94111372101));
#16770 = DIRECTION('',(0.394005376803,0.866025403784,-0.307830737663));
#16771 = DIRECTION('',(0.682437331079,-0.5,-0.533178477763));
#16772 = ADVANCED_FACE('',(#16773),#16784,.F.);
#16773 = FACE_BOUND('',#16774,.F.);
#16774 = EDGE_LOOP('',(#16775,#16776,#16782,#16783));
#16775 = ORIENTED_EDGE('',*,*,#16713,.F.);
#16776 = ORIENTED_EDGE('',*,*,#16777,.F.);
#16777 = EDGE_CURVE('',#16670,#16714,#16778,.T.);
#16778 = LINE('',#16779,#16780);
#16779 = CARTESIAN_POINT('',(42.466478610575,23.,262.04840458179));
#16780 = VECTOR('',#16781,1.);
#16781 = DIRECTION('',(0.615661475326,0.,0.788010753607));
#16782 = ORIENTED_EDGE('',*,*,#16669,.T.);
#16783 = ORIENTED_EDGE('',*,*,#16777,.T.);
#16784 = CYLINDRICAL_SURFACE('',#16785,2.05);
#16785 = AXIS2_PLACEMENT_3D('',#16786,#16787,#16788);
#16786 = CARTESIAN_POINT('',(44.081900655469,23.,260.78629855737));
#16787 = DIRECTION('',(0.615661475326,0.,0.788010753607));
#16788 = DIRECTION('',(-0.788010753607,0.,0.615661475326));
#16789 = MANIFOLD_SOLID_BREP('',#16790);
#16790 = CLOSED_SHELL('',(#16791,#16824,#16844,#16864));
#16791 = ADVANCED_FACE('',(#16792),#16819,.T.);
#16792 = FACE_BOUND('',#16793,.T.);
#16793 = EDGE_LOOP('',(#16794,#16803,#16811,#16818));
#16794 = ORIENTED_EDGE('',*,*,#16795,.F.);
#16795 = EDGE_CURVE('',#16796,#16796,#16798,.T.);
#16796 = VERTEX_POINT('',#16797);
#16797 = CARTESIAN_POINT('',(40.535852264239,23.,263.55677519634));
#16798 = CIRCLE('',#16799,4.5);
#16799 = AXIS2_PLACEMENT_3D('',#16800,#16801,#16802);
#16800 = CARTESIAN_POINT('',(44.081900655469,23.,260.78629855737));
#16801 = DIRECTION('',(0.615661475326,0.,0.788010753607));
#16802 = DIRECTION('',(-0.788010753607,0.,0.615661475326));
#16803 = ORIENTED_EDGE('',*,*,#16804,.F.);
#16804 = EDGE_CURVE('',#16805,#16796,#16807,.T.);
#16805 = VERTEX_POINT('',#16806);
#16806 = CARTESIAN_POINT('',(40.043323083978,23.,262.92636659345));
#16807 = LINE('',#16808,#16809);
#16808 = CARTESIAN_POINT('',(40.043323083978,23.,262.92636659345));
#16809 = VECTOR('',#16810,1.);
#16810 = DIRECTION('',(0.615661475326,0.,0.788010753607));
#16811 = ORIENTED_EDGE('',*,*,#16812,.T.);
#16812 = EDGE_CURVE('',#16805,#16805,#16813,.T.);
#16813 = CIRCLE('',#16814,4.5);
#16814 = AXIS2_PLACEMENT_3D('',#16815,#16816,#16817);
#16815 = CARTESIAN_POINT('',(43.589371475208,23.,260.15588995449));
#16816 = DIRECTION('',(0.615661475326,0.,0.788010753607));
#16817 = DIRECTION('',(-0.788010753607,0.,0.615661475326));
#16818 = ORIENTED_EDGE('',*,*,#16804,.T.);
#16819 = CYLINDRICAL_SURFACE('',#16820,4.5);
#16820 = AXIS2_PLACEMENT_3D('',#16821,#16822,#16823);
#16821 = CARTESIAN_POINT('',(43.589371475208,23.,260.15588995449));
#16822 = DIRECTION('',(0.615661475326,0.,0.788010753607));
#16823 = DIRECTION('',(-0.788010753607,0.,0.615661475326));
#16824 = ADVANCED_FACE('',(#16825,#16828),#16839,.T.);
#16825 = FACE_BOUND('',#16826,.T.);
#16826 = EDGE_LOOP('',(#16827));
#16827 = ORIENTED_EDGE('',*,*,#16795,.T.);
#16828 = FACE_BOUND('',#16829,.T.);
#16829 = EDGE_LOOP('',(#16830));
#16830 = ORIENTED_EDGE('',*,*,#16831,.F.);
#16831 = EDGE_CURVE('',#16832,#16832,#16834,.T.);
#16832 = VERTEX_POINT('',#16833);
#16833 = CARTESIAN_POINT('',(42.348276997534,23.,262.14075380309));
#16834 = CIRCLE('',#16835,2.2);
#16835 = AXIS2_PLACEMENT_3D('',#16836,#16837,#16838);
#16836 = CARTESIAN_POINT('',(44.081900655469,23.,260.78629855737));
#16837 = DIRECTION('',(0.615661475326,0.,0.788010753607));
#16838 = DIRECTION('',(-0.788010753607,0.,0.615661475326));
#16839 = PLANE('',#16840);
#16840 = AXIS2_PLACEMENT_3D('',#16841,#16842,#16843);
#16841 = CARTESIAN_POINT('',(44.081900655469,23.,260.78629855737));
#16842 = DIRECTION('',(0.615661475326,0.,0.788010753607));
#16843 = DIRECTION('',(-0.788010753607,0.,0.615661475326));
#16844 = ADVANCED_FACE('',(#16845,#16848),#16859,.F.);
#16845 = FACE_BOUND('',#16846,.F.);
#16846 = EDGE_LOOP('',(#16847));
#16847 = ORIENTED_EDGE('',*,*,#16812,.T.);
#16848 = FACE_BOUND('',#16849,.F.);
#16849 = EDGE_LOOP('',(#16850));
#16850 = ORIENTED_EDGE('',*,*,#16851,.F.);
#16851 = EDGE_CURVE('',#16852,#16852,#16854,.T.);
#16852 = VERTEX_POINT('',#16853);
#16853 = CARTESIAN_POINT('',(41.855747817274,23.,261.5103452002));
#16854 = CIRCLE('',#16855,2.2);
#16855 = AXIS2_PLACEMENT_3D('',#16856,#16857,#16858);
#16856 = CARTESIAN_POINT('',(43.589371475208,23.,260.15588995449));
#16857 = DIRECTION('',(0.615661475326,0.,0.788010753607));
#16858 = DIRECTION('',(-0.788010753607,0.,0.615661475326));
#16859 = PLANE('',#16860);
#16860 = AXIS2_PLACEMENT_3D('',#16861,#16862,#16863);
#16861 = CARTESIAN_POINT('',(43.589371475208,23.,260.15588995449));
#16862 = DIRECTION('',(0.615661475326,0.,0.788010753607));
#16863 = DIRECTION('',(-0.788010753607,0.,0.615661475326));
#16864 = ADVANCED_FACE('',(#16865),#16876,.F.);
#16865 = FACE_BOUND('',#16866,.F.);
#16866 = EDGE_LOOP('',(#16867,#16868,#16874,#16875));
#16867 = ORIENTED_EDGE('',*,*,#16831,.F.);
#16868 = ORIENTED_EDGE('',*,*,#16869,.F.);
#16869 = EDGE_CURVE('',#16852,#16832,#16870,.T.);
#16870 = LINE('',#16871,#16872);
#16871 = CARTESIAN_POINT('',(41.855747817274,23.,261.5103452002));
#16872 = VECTOR('',#16873,1.);
#16873 = DIRECTION('',(0.615661475326,0.,0.788010753607));
#16874 = ORIENTED_EDGE('',*,*,#16851,.T.);
#16875 = ORIENTED_EDGE('',*,*,#16869,.T.);
#16876 = CYLINDRICAL_SURFACE('',#16877,2.2);
#16877 = AXIS2_PLACEMENT_3D('',#16878,#16879,#16880);
#16878 = CARTESIAN_POINT('',(43.589371475208,23.,260.15588995449));
#16879 = DIRECTION('',(0.615661475326,0.,0.788010753607));
#16880 = DIRECTION('',(-0.788010753607,0.,0.615661475326));
#16881 = MANIFOLD_SOLID_BREP('',#16882);
#16882 = CLOSED_SHELL('',(#16883,#16916,#16925,#16945,#16970));
#16883 = ADVANCED_FACE('',(#16884),#16911,.T.);
#16884 = FACE_BOUND('',#16885,.T.);
#16885 = EDGE_LOOP('',(#16886,#16895,#16903,#16910));
#16886 = ORIENTED_EDGE('',*,*,#16887,.F.);
#16887 = EDGE_CURVE('',#16888,#16888,#16890,.T.);
#16888 = VERTEX_POINT('',#16889);
#16889 = CARTESIAN_POINT('',(69.734273241174,-23.,247.97787239628));
#16890 = CIRCLE('',#16891,1.9);
#16891 = AXIS2_PLACEMENT_3D('',#16892,#16893,#16894);
#16892 = CARTESIAN_POINT('',(71.231493673027,-23.,246.80811559316));
#16893 = DIRECTION('',(0.615661475326,0.,0.788010753607));
#16894 = DIRECTION('',(-0.788010753607,0.,0.615661475326));
#16895 = ORIENTED_EDGE('',*,*,#16896,.F.);
#16896 = EDGE_CURVE('',#16897,#16888,#16899,.T.);
#16897 = VERTEX_POINT('',#16898);
#16898 = CARTESIAN_POINT('',(56.620683816738,-23.,231.19324334445));
#16899 = LINE('',#16900,#16901);
#16900 = CARTESIAN_POINT('',(56.620683816738,-23.,231.19324334445));
#16901 = VECTOR('',#16902,1.);
#16902 = DIRECTION('',(0.615661475326,0.,0.788010753607));
#16903 = ORIENTED_EDGE('',*,*,#16904,.T.);
#16904 = EDGE_CURVE('',#16897,#16897,#16905,.T.);
#16905 = CIRCLE('',#16906,1.9);
#16906 = AXIS2_PLACEMENT_3D('',#16907,#16908,#16909);
#16907 = CARTESIAN_POINT('',(58.11790424859,-23.,230.02348654134));
#16908 = DIRECTION('',(0.615661475326,0.,0.788010753607));
#16909 = DIRECTION('',(-0.788010753607,0.,0.615661475326));
#16910 = ORIENTED_EDGE('',*,*,#16896,.T.);
#16911 = CYLINDRICAL_SURFACE('',#16912,1.9);
#16912 = AXIS2_PLACEMENT_3D('',#16913,#16914,#16915);
#16913 = CARTESIAN_POINT('',(58.11790424859,-23.,230.02348654134));
#16914 = DIRECTION('',(0.615661475326,0.,0.788010753607));
#16915 = DIRECTION('',(-0.788010753607,0.,0.615661475326));
#16916 = ADVANCED_FACE('',(#16917),#16920,.T.);
#16917 = FACE_BOUND('',#16918,.T.);
#16918 = EDGE_LOOP('',(#16919));
#16919 = ORIENTED_EDGE('',*,*,#16887,.T.);
#16920 = PLANE('',#16921);
#16921 = AXIS2_PLACEMENT_3D('',#16922,#16923,#16924);
#16922 = CARTESIAN_POINT('',(71.231493673027,-23.,246.80811559316));
#16923 = DIRECTION('',(0.615661475326,0.,0.788010753607));
#16924 = DIRECTION('',(-0.788010753607,0.,0.615661475326));
#16925 = ADVANCED_FACE('',(#16926,#16937),#16940,.T.);
#16926 = FACE_BOUND('',#16927,.T.);
#16927 = EDGE_LOOP('',(#16928));
#16928 = ORIENTED_EDGE('',*,*,#16929,.T.);
#16929 = EDGE_CURVE('',#16930,#16930,#16932,.T.);
#16930 = VERTEX_POINT('',#16931);
#16931 = CARTESIAN_POINT('',(55.359866610967,-23.,232.17830170498));
#16932 = CIRCLE('',#16933,3.5);
#16933 = AXIS2_PLACEMENT_3D('',#16934,#16935,#16936);
#16934 = CARTESIAN_POINT('',(58.11790424859,-23.,230.02348654134));
#16935 = DIRECTION('',(0.615661475326,0.,0.788010753607));
#16936 = DIRECTION('',(-0.788010753607,0.,0.615661475326));
#16937 = FACE_BOUND('',#16938,.T.);
#16938 = EDGE_LOOP('',(#16939));
#16939 = ORIENTED_EDGE('',*,*,#16904,.F.);
#16940 = PLANE('',#16941);
#16941 = AXIS2_PLACEMENT_3D('',#16942,#16943,#16944);
#16942 = CARTESIAN_POINT('',(58.11790424859,-23.,230.02348654134));
#16943 = DIRECTION('',(0.615661475326,0.,0.788010753607));
#16944 = DIRECTION('',(-0.788010753607,0.,0.615661475326));
#16945 = ADVANCED_FACE('',(#16946),#16965,.T.);
#16946 = FACE_BOUND('',#16947,.T.);
#16947 = EDGE_LOOP('',(#16948,#16949,#16957,#16964));
#16948 = ORIENTED_EDGE('',*,*,#16929,.F.);
#16949 = ORIENTED_EDGE('',*,*,#16950,.F.);
#16950 = EDGE_CURVE('',#16951,#16930,#16953,.T.);
#16951 = VERTEX_POINT('',#16952);
#16952 = CARTESIAN_POINT('',(52.897220709664,-23.,229.02625869055));
#16953 = LINE('',#16954,#16955);
#16954 = CARTESIAN_POINT('',(52.897220709664,-23.,229.02625869055));
#16955 = VECTOR('',#16956,1.);
#16956 = DIRECTION('',(0.615661475326,0.,0.788010753607));
#16957 = ORIENTED_EDGE('',*,*,#16958,.T.);
#16958 = EDGE_CURVE('',#16951,#16951,#16959,.T.);
#16959 = CIRCLE('',#16960,3.5);
#16960 = AXIS2_PLACEMENT_3D('',#16961,#16962,#16963);
#16961 = CARTESIAN_POINT('',(55.655258347288,-23.,226.87144352691));
#16962 = DIRECTION('',(0.615661475326,0.,0.788010753607));
#16963 = DIRECTION('',(-0.788010753607,0.,0.615661475326));
#16964 = ORIENTED_EDGE('',*,*,#16950,.T.);
#16965 = CYLINDRICAL_SURFACE('',#16966,3.5);
#16966 = AXIS2_PLACEMENT_3D('',#16967,#16968,#16969);
#16967 = CARTESIAN_POINT('',(55.655258347288,-23.,226.87144352691));
#16968 = DIRECTION('',(0.615661475326,0.,0.788010753607));
#16969 = DIRECTION('',(-0.788010753607,0.,0.615661475326));
#16970 = ADVANCED_FACE('',(#16971),#16974,.F.);
#16971 = FACE_BOUND('',#16972,.T.);
#16972 = EDGE_LOOP('',(#16973));
#16973 = ORIENTED_EDGE('',*,*,#16958,.F.);
#16974 = PLANE('',#16975);
#16975 = AXIS2_PLACEMENT_3D('',#16976,#16977,#16978);
#16976 = CARTESIAN_POINT('',(55.655258347288,-23.,226.87144352691));
#16977 = DIRECTION('',(0.615661475326,0.,0.788010753607));
#16978 = DIRECTION('',(-0.788010753607,0.,0.615661475326));
#16979 = MANIFOLD_SOLID_BREP('',#16980);
#16980 = CLOSED_SHELL('',(#16981,#17014,#17034,#17054));
#16981 = ADVANCED_FACE('',(#16982),#17009,.T.);
#16982 = FACE_BOUND('',#16983,.T.);
#16983 = EDGE_LOOP('',(#16984,#16993,#17001,#17008));
#16984 = ORIENTED_EDGE('',*,*,#16985,.F.);
#16985 = EDGE_CURVE('',#16986,#16986,#16988,.T.);
#16986 = VERTEX_POINT('',#16987);
#16987 = CARTESIAN_POINT('',(55.064385037621,-23.,233.42437178319));
#16988 = CIRCLE('',#16989,4.5);
#16989 = AXIS2_PLACEMENT_3D('',#16990,#16991,#16992);
#16990 = CARTESIAN_POINT('',(58.610433428851,-23.,230.65389514422));
#16991 = DIRECTION('',(0.615661475326,0.,0.788010753607));
#16992 = DIRECTION('',(-0.788010753607,0.,0.615661475326));
#16993 = ORIENTED_EDGE('',*,*,#16994,.F.);
#16994 = EDGE_CURVE('',#16995,#16986,#16997,.T.);
#16995 = VERTEX_POINT('',#16996);
#16996 = CARTESIAN_POINT('',(54.57185585736,-23.,232.7939631803));
#16997 = LINE('',#16998,#16999);
#16998 = CARTESIAN_POINT('',(54.57185585736,-23.,232.7939631803));
#16999 = VECTOR('',#17000,1.);
#17000 = DIRECTION('',(0.615661475326,0.,0.788010753607));
#17001 = ORIENTED_EDGE('',*,*,#17002,.T.);
#17002 = EDGE_CURVE('',#16995,#16995,#17003,.T.);
#17003 = CIRCLE('',#17004,4.5);
#17004 = AXIS2_PLACEMENT_3D('',#17005,#17006,#17007);
#17005 = CARTESIAN_POINT('',(58.11790424859,-23.,230.02348654134));
#17006 = DIRECTION('',(0.615661475326,0.,0.788010753607));
#17007 = DIRECTION('',(-0.788010753607,0.,0.615661475326));
#17008 = ORIENTED_EDGE('',*,*,#16994,.T.);
#17009 = CYLINDRICAL_SURFACE('',#17010,4.5);
#17010 = AXIS2_PLACEMENT_3D('',#17011,#17012,#17013);
#17011 = CARTESIAN_POINT('',(58.11790424859,-23.,230.02348654134));
#17012 = DIRECTION('',(0.615661475326,0.,0.788010753607));
#17013 = DIRECTION('',(-0.788010753607,0.,0.615661475326));
#17014 = ADVANCED_FACE('',(#17015,#17018),#17029,.T.);
#17015 = FACE_BOUND('',#17016,.T.);
#17016 = EDGE_LOOP('',(#17017));
#17017 = ORIENTED_EDGE('',*,*,#16985,.T.);
#17018 = FACE_BOUND('',#17019,.T.);
#17019 = EDGE_LOOP('',(#17020));
#17020 = ORIENTED_EDGE('',*,*,#17021,.F.);
#17021 = EDGE_CURVE('',#17022,#17022,#17024,.T.);
#17022 = VERTEX_POINT('',#17023);
#17023 = CARTESIAN_POINT('',(56.876809770916,-23.,232.00835038994));
#17024 = CIRCLE('',#17025,2.2);
#17025 = AXIS2_PLACEMENT_3D('',#17026,#17027,#17028);
#17026 = CARTESIAN_POINT('',(58.610433428851,-23.,230.65389514422));
#17027 = DIRECTION('',(0.615661475326,0.,0.788010753607));
#17028 = DIRECTION('',(-0.788010753607,0.,0.615661475326));
#17029 = PLANE('',#17030);
#17030 = AXIS2_PLACEMENT_3D('',#17031,#17032,#17033);
#17031 = CARTESIAN_POINT('',(58.610433428851,-23.,230.65389514422));
#17032 = DIRECTION('',(0.615661475326,0.,0.788010753607));
#17033 = DIRECTION('',(-0.788010753607,0.,0.615661475326));
#17034 = ADVANCED_FACE('',(#17035,#17038),#17049,.F.);
#17035 = FACE_BOUND('',#17036,.F.);
#17036 = EDGE_LOOP('',(#17037));
#17037 = ORIENTED_EDGE('',*,*,#17002,.T.);
#17038 = FACE_BOUND('',#17039,.F.);
#17039 = EDGE_LOOP('',(#17040));
#17040 = ORIENTED_EDGE('',*,*,#17041,.F.);
#17041 = EDGE_CURVE('',#17042,#17042,#17044,.T.);
#17042 = VERTEX_POINT('',#17043);
#17043 = CARTESIAN_POINT('',(56.384280590656,-23.,231.37794178705));
#17044 = CIRCLE('',#17045,2.2);
#17045 = AXIS2_PLACEMENT_3D('',#17046,#17047,#17048);
#17046 = CARTESIAN_POINT('',(58.11790424859,-23.,230.02348654134));
#17047 = DIRECTION('',(0.615661475326,0.,0.788010753607));
#17048 = DIRECTION('',(-0.788010753607,0.,0.615661475326));
#17049 = PLANE('',#17050);
#17050 = AXIS2_PLACEMENT_3D('',#17051,#17052,#17053);
#17051 = CARTESIAN_POINT('',(58.11790424859,-23.,230.02348654134));
#17052 = DIRECTION('',(0.615661475326,0.,0.788010753607));
#17053 = DIRECTION('',(-0.788010753607,0.,0.615661475326));
#17054 = ADVANCED_FACE('',(#17055),#17066,.F.);
#17055 = FACE_BOUND('',#17056,.F.);
#17056 = EDGE_LOOP('',(#17057,#17058,#17064,#17065));
#17057 = ORIENTED_EDGE('',*,*,#17021,.F.);
#17058 = ORIENTED_EDGE('',*,*,#17059,.F.);
#17059 = EDGE_CURVE('',#17042,#17022,#17060,.T.);
#17060 = LINE('',#17061,#17062);
#17061 = CARTESIAN_POINT('',(56.384280590656,-23.,231.37794178705));
#17062 = VECTOR('',#17063,1.);
#17063 = DIRECTION('',(0.615661475326,0.,0.788010753607));
#17064 = ORIENTED_EDGE('',*,*,#17041,.T.);
#17065 = ORIENTED_EDGE('',*,*,#17059,.T.);
#17066 = CYLINDRICAL_SURFACE('',#17067,2.2);
#17067 = AXIS2_PLACEMENT_3D('',#17068,#17069,#17070);
#17068 = CARTESIAN_POINT('',(58.11790424859,-23.,230.02348654134));
#17069 = DIRECTION('',(0.615661475326,0.,0.788010753607));
#17070 = DIRECTION('',(-0.788010753607,0.,0.615661475326));
#17071 = MANIFOLD_SOLID_BREP('',#17072);
#17072 = CLOSED_SHELL('',(#17073,#17113,#17144,#17175,#17219,#17263,
    #17280,#17297,#17309));
#17073 = ADVANCED_FACE('',(#17074),#17108,.F.);
#17074 = FACE_BOUND('',#17075,.F.);
#17075 = EDGE_LOOP('',(#17076,#17086,#17094,#17102));
#17076 = ORIENTED_EDGE('',*,*,#17077,.T.);
#17077 = EDGE_CURVE('',#17078,#17080,#17082,.T.);
#17078 = VERTEX_POINT('',#17079);
#17079 = CARTESIAN_POINT('',(70.480260901294,-20.97927405783,
    240.16163913396));
#17080 = VERTEX_POINT('',#17081);
#17081 = CARTESIAN_POINT('',(73.558568277922,-20.97927405783,
    244.10169290199));
#17082 = LINE('',#17083,#17084);
#17083 = CARTESIAN_POINT('',(70.480260901294,-20.97927405783,
    240.16163913396));
#17084 = VECTOR('',#17085,1.);
#17085 = DIRECTION('',(0.615661475326,0.,0.788010753607));
#17086 = ORIENTED_EDGE('',*,*,#17087,.T.);
#17087 = EDGE_CURVE('',#17080,#17088,#17090,.T.);
#17088 = VERTEX_POINT('',#17089);
#17089 = CARTESIAN_POINT('',(70.800530640299,-18.95854811567,
    246.25650806563));
#17090 = LINE('',#17091,#17092);
#17091 = CARTESIAN_POINT('',(73.558568277922,-20.97927405783,
    244.10169290199));
#17092 = VECTOR('',#17093,1.);
#17093 = DIRECTION('',(-0.682437331079,0.5,0.533178477763));
#17094 = ORIENTED_EDGE('',*,*,#17095,.F.);
#17095 = EDGE_CURVE('',#17096,#17088,#17098,.T.);
#17096 = VERTEX_POINT('',#17097);
#17097 = CARTESIAN_POINT('',(67.722223263671,-18.95854811567,
    242.3164542976));
#17098 = LINE('',#17099,#17100);
#17099 = CARTESIAN_POINT('',(67.722223263671,-18.95854811567,
    242.3164542976));
#17100 = VECTOR('',#17101,1.);
#17101 = DIRECTION('',(0.615661475326,0.,0.788010753607));
#17102 = ORIENTED_EDGE('',*,*,#17103,.F.);
#17103 = EDGE_CURVE('',#17078,#17096,#17104,.T.);
#17104 = LINE('',#17105,#17106);
#17105 = CARTESIAN_POINT('',(70.480260901294,-20.97927405783,
    240.16163913396));
#17106 = VECTOR('',#17107,1.);
#17107 = DIRECTION('',(-0.682437331079,0.5,0.533178477763));
#17108 = PLANE('',#17109);
#17109 = AXIS2_PLACEMENT_3D('',#17110,#17111,#17112);
#17110 = CARTESIAN_POINT('',(70.480260901294,-20.97927405783,
    240.16163913396));
#17111 = DIRECTION('',(-0.394005376803,-0.866025403784,0.307830737663));
#17112 = DIRECTION('',(-0.682437331079,0.5,0.533178477763));
#17113 = ADVANCED_FACE('',(#17114),#17139,.F.);
#17114 = FACE_BOUND('',#17115,.F.);
#17115 = EDGE_LOOP('',(#17116,#17126,#17132,#17133));
#17116 = ORIENTED_EDGE('',*,*,#17117,.T.);
#17117 = EDGE_CURVE('',#17118,#17120,#17122,.T.);
#17118 = VERTEX_POINT('',#17119);
#17119 = CARTESIAN_POINT('',(70.480260901294,-25.02072594216,
    240.16163913396));
#17120 = VERTEX_POINT('',#17121);
#17121 = CARTESIAN_POINT('',(73.558568277922,-25.02072594216,
    244.10169290199));
#17122 = LINE('',#17123,#17124);
#17123 = CARTESIAN_POINT('',(70.480260901294,-25.02072594216,
    240.16163913396));
#17124 = VECTOR('',#17125,1.);
#17125 = DIRECTION('',(0.615661475326,0.,0.788010753607));
#17126 = ORIENTED_EDGE('',*,*,#17127,.T.);
#17127 = EDGE_CURVE('',#17120,#17080,#17128,.T.);
#17128 = LINE('',#17129,#17130);
#17129 = CARTESIAN_POINT('',(73.558568277922,-25.02072594216,
    244.10169290199));
#17130 = VECTOR('',#17131,1.);
#17131 = DIRECTION('',(2.597683329694E-16,1.,-2.029532647706E-16));
#17132 = ORIENTED_EDGE('',*,*,#17077,.F.);
#17133 = ORIENTED_EDGE('',*,*,#17134,.F.);
#17134 = EDGE_CURVE('',#17118,#17078,#17135,.T.);
#17135 = LINE('',#17136,#17137);
#17136 = CARTESIAN_POINT('',(70.480260901294,-25.02072594216,
    240.16163913396));
#17137 = VECTOR('',#17138,1.);
#17138 = DIRECTION('',(2.597683329694E-16,1.,-2.029532647706E-16));
#17139 = PLANE('',#17140);
#17140 = AXIS2_PLACEMENT_3D('',#17141,#17142,#17143);
#17141 = CARTESIAN_POINT('',(70.480260901294,-25.02072594216,
    240.16163913396));
#17142 = DIRECTION('',(-0.788010753607,3.296507462372E-16,0.615661475326
    ));
#17143 = DIRECTION('',(2.597683329694E-16,1.,-2.029532647706E-16));
#17144 = ADVANCED_FACE('',(#17145),#17170,.F.);
#17145 = FACE_BOUND('',#17146,.F.);
#17146 = EDGE_LOOP('',(#17147,#17148,#17156,#17164));
#17147 = ORIENTED_EDGE('',*,*,#17095,.T.);
#17148 = ORIENTED_EDGE('',*,*,#17149,.T.);
#17149 = EDGE_CURVE('',#17088,#17150,#17152,.T.);
#17150 = VERTEX_POINT('',#17151);
#17151 = CARTESIAN_POINT('',(68.042493002675,-20.97927405783,
    248.41132322927));
#17152 = LINE('',#17153,#17154);
#17153 = CARTESIAN_POINT('',(70.800530640299,-18.95854811567,
    246.25650806563));
#17154 = VECTOR('',#17155,1.);
#17155 = DIRECTION('',(-0.682437331079,-0.5,0.533178477763));
#17156 = ORIENTED_EDGE('',*,*,#17157,.F.);
#17157 = EDGE_CURVE('',#17158,#17150,#17160,.T.);
#17158 = VERTEX_POINT('',#17159);
#17159 = CARTESIAN_POINT('',(64.964185626047,-20.97927405783,
    244.47126946124));
#17160 = LINE('',#17161,#17162);
#17161 = CARTESIAN_POINT('',(64.964185626047,-20.97927405783,
    244.47126946124));
#17162 = VECTOR('',#17163,1.);
#17163 = DIRECTION('',(0.615661475326,0.,0.788010753607));
#17164 = ORIENTED_EDGE('',*,*,#17165,.F.);
#17165 = EDGE_CURVE('',#17096,#17158,#17166,.T.);
#17166 = LINE('',#17167,#17168);
#17167 = CARTESIAN_POINT('',(67.722223263671,-18.95854811567,
    242.3164542976));
#17168 = VECTOR('',#17169,1.);
#17169 = DIRECTION('',(-0.682437331079,-0.5,0.533178477763));
#17170 = PLANE('',#17171);
#17171 = AXIS2_PLACEMENT_3D('',#17172,#17173,#17174);
#17172 = CARTESIAN_POINT('',(67.722223263671,-18.95854811567,
    242.3164542976));
#17173 = DIRECTION('',(0.394005376803,-0.866025403784,-0.307830737663));
#17174 = DIRECTION('',(-0.682437331079,-0.5,0.533178477763));
#17175 = ADVANCED_FACE('',(#17176,#17203),#17214,.F.);
#17176 = FACE_BOUND('',#17177,.F.);
#17177 = EDGE_LOOP('',(#17178,#17179,#17180,#17188,#17196,#17202));
#17178 = ORIENTED_EDGE('',*,*,#17103,.T.);
#17179 = ORIENTED_EDGE('',*,*,#17165,.T.);
#17180 = ORIENTED_EDGE('',*,*,#17181,.T.);
#17181 = EDGE_CURVE('',#17158,#17182,#17184,.T.);
#17182 = VERTEX_POINT('',#17183);
#17183 = CARTESIAN_POINT('',(64.964185626047,-25.02072594216,
    244.47126946124));
#17184 = LINE('',#17185,#17186);
#17185 = CARTESIAN_POINT('',(64.964185626047,-20.97927405783,
    244.47126946124));
#17186 = VECTOR('',#17187,1.);
#17187 = DIRECTION('',(8.658944432313E-17,-1.,-6.765108825686E-17));
#17188 = ORIENTED_EDGE('',*,*,#17189,.T.);
#17189 = EDGE_CURVE('',#17182,#17190,#17192,.T.);
#17190 = VERTEX_POINT('',#17191);
#17191 = CARTESIAN_POINT('',(67.722223263671,-27.04145188432,
    242.3164542976));
#17192 = LINE('',#17193,#17194);
#17193 = CARTESIAN_POINT('',(64.964185626047,-25.02072594216,
    244.47126946124));
#17194 = VECTOR('',#17195,1.);
#17195 = DIRECTION('',(0.682437331079,-0.5,-0.533178477763));
#17196 = ORIENTED_EDGE('',*,*,#17197,.T.);
#17197 = EDGE_CURVE('',#17190,#17118,#17198,.T.);
#17198 = LINE('',#17199,#17200);
#17199 = CARTESIAN_POINT('',(67.722223263671,-27.04145188432,
    242.3164542976));
#17200 = VECTOR('',#17201,1.);
#17201 = DIRECTION('',(0.682437331079,0.5,-0.533178477763));
#17202 = ORIENTED_EDGE('',*,*,#17134,.T.);
#17203 = FACE_BOUND('',#17204,.F.);
#17204 = EDGE_LOOP('',(#17205));
#17205 = ORIENTED_EDGE('',*,*,#17206,.F.);
#17206 = EDGE_CURVE('',#17207,#17207,#17209,.T.);
#17207 = VERTEX_POINT('',#17208);
#17208 = CARTESIAN_POINT('',(66.106801218777,-23.,243.57856032202));
#17209 = CIRCLE('',#17210,2.05);
#17210 = AXIS2_PLACEMENT_3D('',#17211,#17212,#17213);
#17211 = CARTESIAN_POINT('',(67.722223263671,-23.,242.3164542976));
#17212 = DIRECTION('',(0.615661475326,0.,0.788010753607));
#17213 = DIRECTION('',(-0.788010753607,0.,0.615661475326));
#17214 = PLANE('',#17215);
#17215 = AXIS2_PLACEMENT_3D('',#17216,#17217,#17218);
#17216 = CARTESIAN_POINT('',(67.722223263671,-23.,242.3164542976));
#17217 = DIRECTION('',(0.615661475326,0.,0.788010753607));
#17218 = DIRECTION('',(0.788010753607,0.,-0.615661475326));
#17219 = ADVANCED_FACE('',(#17220,#17247),#17258,.T.);
#17220 = FACE_BOUND('',#17221,.T.);
#17221 = EDGE_LOOP('',(#17222,#17223,#17224,#17232,#17240,#17246));
#17222 = ORIENTED_EDGE('',*,*,#17087,.T.);
#17223 = ORIENTED_EDGE('',*,*,#17149,.T.);
#17224 = ORIENTED_EDGE('',*,*,#17225,.T.);
#17225 = EDGE_CURVE('',#17150,#17226,#17228,.T.);
#17226 = VERTEX_POINT('',#17227);
#17227 = CARTESIAN_POINT('',(68.042493002675,-25.02072594216,
    248.41132322927));
#17228 = LINE('',#17229,#17230);
#17229 = CARTESIAN_POINT('',(68.042493002675,-20.97927405783,
    248.41132322927));
#17230 = VECTOR('',#17231,1.);
#17231 = DIRECTION('',(8.658944432313E-17,-1.,-6.765108825686E-17));
#17232 = ORIENTED_EDGE('',*,*,#17233,.T.);
#17233 = EDGE_CURVE('',#17226,#17234,#17236,.T.);
#17234 = VERTEX_POINT('',#17235);
#17235 = CARTESIAN_POINT('',(70.800530640299,-27.04145188432,
    246.25650806563));
#17236 = LINE('',#17237,#17238);
#17237 = CARTESIAN_POINT('',(68.042493002675,-25.02072594216,
    248.41132322927));
#17238 = VECTOR('',#17239,1.);
#17239 = DIRECTION('',(0.682437331079,-0.5,-0.533178477763));
#17240 = ORIENTED_EDGE('',*,*,#17241,.T.);
#17241 = EDGE_CURVE('',#17234,#17120,#17242,.T.);
#17242 = LINE('',#17243,#17244);
#17243 = CARTESIAN_POINT('',(70.800530640299,-27.04145188432,
    246.25650806563));
#17244 = VECTOR('',#17245,1.);
#17245 = DIRECTION('',(0.682437331079,0.5,-0.533178477763));
#17246 = ORIENTED_EDGE('',*,*,#17127,.T.);
#17247 = FACE_BOUND('',#17248,.T.);
#17248 = EDGE_LOOP('',(#17249));
#17249 = ORIENTED_EDGE('',*,*,#17250,.F.);
#17250 = EDGE_CURVE('',#17251,#17251,#17253,.T.);
#17251 = VERTEX_POINT('',#17252);
#17252 = CARTESIAN_POINT('',(69.185108595405,-23.,247.51861409005));
#17253 = CIRCLE('',#17254,2.05);
#17254 = AXIS2_PLACEMENT_3D('',#17255,#17256,#17257);
#17255 = CARTESIAN_POINT('',(70.800530640299,-23.,246.25650806563));
#17256 = DIRECTION('',(0.615661475326,0.,0.788010753607));
#17257 = DIRECTION('',(-0.788010753607,0.,0.615661475326));
#17258 = PLANE('',#17259);
#17259 = AXIS2_PLACEMENT_3D('',#17260,#17261,#17262);
#17260 = CARTESIAN_POINT('',(70.800530640299,-23.,246.25650806563));
#17261 = DIRECTION('',(0.615661475326,0.,0.788010753607));
#17262 = DIRECTION('',(0.788010753607,0.,-0.615661475326));
#17263 = ADVANCED_FACE('',(#17264),#17275,.F.);
#17264 = FACE_BOUND('',#17265,.F.);
#17265 = EDGE_LOOP('',(#17266,#17272,#17273,#17274));
#17266 = ORIENTED_EDGE('',*,*,#17267,.T.);
#17267 = EDGE_CURVE('',#17190,#17234,#17268,.T.);
#17268 = LINE('',#17269,#17270);
#17269 = CARTESIAN_POINT('',(67.722223263671,-27.04145188432,
    242.3164542976));
#17270 = VECTOR('',#17271,1.);
#17271 = DIRECTION('',(0.615661475326,0.,0.788010753607));
#17272 = ORIENTED_EDGE('',*,*,#17241,.T.);
#17273 = ORIENTED_EDGE('',*,*,#17117,.F.);
#17274 = ORIENTED_EDGE('',*,*,#17197,.F.);
#17275 = PLANE('',#17276);
#17276 = AXIS2_PLACEMENT_3D('',#17277,#17278,#17279);
#17277 = CARTESIAN_POINT('',(67.722223263671,-27.04145188432,
    242.3164542976));
#17278 = DIRECTION('',(-0.394005376803,0.866025403784,0.307830737663));
#17279 = DIRECTION('',(0.682437331079,0.5,-0.533178477763));
#17280 = ADVANCED_FACE('',(#17281),#17292,.F.);
#17281 = FACE_BOUND('',#17282,.F.);
#17282 = EDGE_LOOP('',(#17283,#17284,#17285,#17291));
#17283 = ORIENTED_EDGE('',*,*,#17157,.T.);
#17284 = ORIENTED_EDGE('',*,*,#17225,.T.);
#17285 = ORIENTED_EDGE('',*,*,#17286,.F.);
#17286 = EDGE_CURVE('',#17182,#17226,#17287,.T.);
#17287 = LINE('',#17288,#17289);
#17288 = CARTESIAN_POINT('',(64.964185626047,-25.02072594216,
    244.47126946124));
#17289 = VECTOR('',#17290,1.);
#17290 = DIRECTION('',(0.615661475326,0.,0.788010753607));
#17291 = ORIENTED_EDGE('',*,*,#17181,.F.);
#17292 = PLANE('',#17293);
#17293 = AXIS2_PLACEMENT_3D('',#17294,#17295,#17296);
#17294 = CARTESIAN_POINT('',(64.964185626047,-20.97927405783,
    244.47126946124));
#17295 = DIRECTION('',(0.788010753607,1.098835820791E-16,-0.615661475326
    ));
#17296 = DIRECTION('',(8.658944432313E-17,-1.,-6.765108825686E-17));
#17297 = ADVANCED_FACE('',(#17298),#17304,.F.);
#17298 = FACE_BOUND('',#17299,.F.);
#17299 = EDGE_LOOP('',(#17300,#17301,#17302,#17303));
#17300 = ORIENTED_EDGE('',*,*,#17286,.T.);
#17301 = ORIENTED_EDGE('',*,*,#17233,.T.);
#17302 = ORIENTED_EDGE('',*,*,#17267,.F.);
#17303 = ORIENTED_EDGE('',*,*,#17189,.F.);
#17304 = PLANE('',#17305);
#17305 = AXIS2_PLACEMENT_3D('',#17306,#17307,#17308);
#17306 = CARTESIAN_POINT('',(64.964185626047,-25.02072594216,
    244.47126946124));
#17307 = DIRECTION('',(0.394005376803,0.866025403784,-0.307830737663));
#17308 = DIRECTION('',(0.682437331079,-0.5,-0.533178477763));
#17309 = ADVANCED_FACE('',(#17310),#17321,.F.);
#17310 = FACE_BOUND('',#17311,.F.);
#17311 = EDGE_LOOP('',(#17312,#17313,#17319,#17320));
#17312 = ORIENTED_EDGE('',*,*,#17250,.F.);
#17313 = ORIENTED_EDGE('',*,*,#17314,.F.);
#17314 = EDGE_CURVE('',#17207,#17251,#17315,.T.);
#17315 = LINE('',#17316,#17317);
#17316 = CARTESIAN_POINT('',(66.106801218777,-23.,243.57856032202));
#17317 = VECTOR('',#17318,1.);
#17318 = DIRECTION('',(0.615661475326,0.,0.788010753607));
#17319 = ORIENTED_EDGE('',*,*,#17206,.T.);
#17320 = ORIENTED_EDGE('',*,*,#17314,.T.);
#17321 = CYLINDRICAL_SURFACE('',#17322,2.05);
#17322 = AXIS2_PLACEMENT_3D('',#17323,#17324,#17325);
#17323 = CARTESIAN_POINT('',(67.722223263671,-23.,242.3164542976));
#17324 = DIRECTION('',(0.615661475326,0.,0.788010753607));
#17325 = DIRECTION('',(-0.788010753607,0.,0.615661475326));
#17326 = MANIFOLD_SOLID_BREP('',#17327);
#17327 = CLOSED_SHELL('',(#17328,#17361,#17381,#17401));
#17328 = ADVANCED_FACE('',(#17329),#17356,.T.);
#17329 = FACE_BOUND('',#17330,.T.);
#17330 = EDGE_LOOP('',(#17331,#17340,#17348,#17355));
#17331 = ORIENTED_EDGE('',*,*,#17332,.F.);
#17332 = EDGE_CURVE('',#17333,#17333,#17335,.T.);
#17333 = VERTEX_POINT('',#17334);
#17334 = CARTESIAN_POINT('',(64.17617487244,-23.,245.08693093657));
#17335 = CIRCLE('',#17336,4.5);
#17336 = AXIS2_PLACEMENT_3D('',#17337,#17338,#17339);
#17337 = CARTESIAN_POINT('',(67.722223263671,-23.,242.3164542976));
#17338 = DIRECTION('',(0.615661475326,0.,0.788010753607));
#17339 = DIRECTION('',(-0.788010753607,0.,0.615661475326));
#17340 = ORIENTED_EDGE('',*,*,#17341,.F.);
#17341 = EDGE_CURVE('',#17342,#17333,#17344,.T.);
#17342 = VERTEX_POINT('',#17343);
#17343 = CARTESIAN_POINT('',(63.68364569218,-23.,244.45652233368));
#17344 = LINE('',#17345,#17346);
#17345 = CARTESIAN_POINT('',(63.68364569218,-23.,244.45652233368));
#17346 = VECTOR('',#17347,1.);
#17347 = DIRECTION('',(0.615661475326,0.,0.788010753607));
#17348 = ORIENTED_EDGE('',*,*,#17349,.T.);
#17349 = EDGE_CURVE('',#17342,#17342,#17350,.T.);
#17350 = CIRCLE('',#17351,4.5);
#17351 = AXIS2_PLACEMENT_3D('',#17352,#17353,#17354);
#17352 = CARTESIAN_POINT('',(67.22969408341,-23.,241.68604569472));
#17353 = DIRECTION('',(0.615661475326,0.,0.788010753607));
#17354 = DIRECTION('',(-0.788010753607,0.,0.615661475326));
#17355 = ORIENTED_EDGE('',*,*,#17341,.T.);
#17356 = CYLINDRICAL_SURFACE('',#17357,4.5);
#17357 = AXIS2_PLACEMENT_3D('',#17358,#17359,#17360);
#17358 = CARTESIAN_POINT('',(67.22969408341,-23.,241.68604569472));
#17359 = DIRECTION('',(0.615661475326,0.,0.788010753607));
#17360 = DIRECTION('',(-0.788010753607,0.,0.615661475326));
#17361 = ADVANCED_FACE('',(#17362,#17365),#17376,.T.);
#17362 = FACE_BOUND('',#17363,.T.);
#17363 = EDGE_LOOP('',(#17364));
#17364 = ORIENTED_EDGE('',*,*,#17332,.T.);
#17365 = FACE_BOUND('',#17366,.T.);
#17366 = EDGE_LOOP('',(#17367));
#17367 = ORIENTED_EDGE('',*,*,#17368,.F.);
#17368 = EDGE_CURVE('',#17369,#17369,#17371,.T.);
#17369 = VERTEX_POINT('',#17370);
#17370 = CARTESIAN_POINT('',(65.988599605736,-23.,243.67090954332));
#17371 = CIRCLE('',#17372,2.2);
#17372 = AXIS2_PLACEMENT_3D('',#17373,#17374,#17375);
#17373 = CARTESIAN_POINT('',(67.722223263671,-23.,242.3164542976));
#17374 = DIRECTION('',(0.615661475326,0.,0.788010753607));
#17375 = DIRECTION('',(-0.788010753607,0.,0.615661475326));
#17376 = PLANE('',#17377);
#17377 = AXIS2_PLACEMENT_3D('',#17378,#17379,#17380);
#17378 = CARTESIAN_POINT('',(67.722223263671,-23.,242.3164542976));
#17379 = DIRECTION('',(0.615661475326,0.,0.788010753607));
#17380 = DIRECTION('',(-0.788010753607,0.,0.615661475326));
#17381 = ADVANCED_FACE('',(#17382,#17385),#17396,.F.);
#17382 = FACE_BOUND('',#17383,.F.);
#17383 = EDGE_LOOP('',(#17384));
#17384 = ORIENTED_EDGE('',*,*,#17349,.T.);
#17385 = FACE_BOUND('',#17386,.F.);
#17386 = EDGE_LOOP('',(#17387));
#17387 = ORIENTED_EDGE('',*,*,#17388,.F.);
#17388 = EDGE_CURVE('',#17389,#17389,#17391,.T.);
#17389 = VERTEX_POINT('',#17390);
#17390 = CARTESIAN_POINT('',(65.496070425475,-23.,243.04050094043));
#17391 = CIRCLE('',#17392,2.2);
#17392 = AXIS2_PLACEMENT_3D('',#17393,#17394,#17395);
#17393 = CARTESIAN_POINT('',(67.22969408341,-23.,241.68604569472));
#17394 = DIRECTION('',(0.615661475326,0.,0.788010753607));
#17395 = DIRECTION('',(-0.788010753607,0.,0.615661475326));
#17396 = PLANE('',#17397);
#17397 = AXIS2_PLACEMENT_3D('',#17398,#17399,#17400);
#17398 = CARTESIAN_POINT('',(67.22969408341,-23.,241.68604569472));
#17399 = DIRECTION('',(0.615661475326,0.,0.788010753607));
#17400 = DIRECTION('',(-0.788010753607,0.,0.615661475326));
#17401 = ADVANCED_FACE('',(#17402),#17413,.F.);
#17402 = FACE_BOUND('',#17403,.F.);
#17403 = EDGE_LOOP('',(#17404,#17405,#17411,#17412));
#17404 = ORIENTED_EDGE('',*,*,#17368,.F.);
#17405 = ORIENTED_EDGE('',*,*,#17406,.F.);
#17406 = EDGE_CURVE('',#17389,#17369,#17407,.T.);
#17407 = LINE('',#17408,#17409);
#17408 = CARTESIAN_POINT('',(65.496070425475,-23.,243.04050094043));
#17409 = VECTOR('',#17410,1.);
#17410 = DIRECTION('',(0.615661475326,0.,0.788010753607));
#17411 = ORIENTED_EDGE('',*,*,#17388,.T.);
#17412 = ORIENTED_EDGE('',*,*,#17406,.T.);
#17413 = CYLINDRICAL_SURFACE('',#17414,2.2);
#17414 = AXIS2_PLACEMENT_3D('',#17415,#17416,#17417);
#17415 = CARTESIAN_POINT('',(67.22969408341,-23.,241.68604569472));
#17416 = DIRECTION('',(0.615661475326,0.,0.788010753607));
#17417 = DIRECTION('',(-0.788010753607,0.,0.615661475326));
#17418 = MANIFOLD_SOLID_BREP('',#17419);
#17419 = CLOSED_SHELL('',(#17420,#17453,#17462,#17482,#17507));
#17420 = ADVANCED_FACE('',(#17421),#17448,.T.);
#17421 = FACE_BOUND('',#17422,.T.);
#17422 = EDGE_LOOP('',(#17423,#17432,#17440,#17447));
#17423 = ORIENTED_EDGE('',*,*,#17424,.F.);
#17424 = EDGE_CURVE('',#17425,#17425,#17427,.T.);
#17425 = VERTEX_POINT('',#17426);
#17426 = CARTESIAN_POINT('',(46.093950632972,-23.,266.44771665605));
#17427 = CIRCLE('',#17428,1.9);
#17428 = AXIS2_PLACEMENT_3D('',#17429,#17430,#17431);
#17429 = CARTESIAN_POINT('',(47.591171064825,-23.,265.27795985293));
#17430 = DIRECTION('',(0.615661475326,0.,0.788010753607));
#17431 = DIRECTION('',(-0.788010753607,0.,0.615661475326));
#17432 = ORIENTED_EDGE('',*,*,#17433,.F.);
#17433 = EDGE_CURVE('',#17434,#17425,#17436,.T.);
#17434 = VERTEX_POINT('',#17435);
#17435 = CARTESIAN_POINT('',(32.980361208536,-23.,249.66308760422));
#17436 = LINE('',#17437,#17438);
#17437 = CARTESIAN_POINT('',(32.980361208536,-23.,249.66308760422));
#17438 = VECTOR('',#17439,1.);
#17439 = DIRECTION('',(0.615661475326,0.,0.788010753607));
#17440 = ORIENTED_EDGE('',*,*,#17441,.T.);
#17441 = EDGE_CURVE('',#17434,#17434,#17442,.T.);
#17442 = CIRCLE('',#17443,1.9);
#17443 = AXIS2_PLACEMENT_3D('',#17444,#17445,#17446);
#17444 = CARTESIAN_POINT('',(34.477581640389,-23.,248.49333080111));
#17445 = DIRECTION('',(0.615661475326,0.,0.788010753607));
#17446 = DIRECTION('',(-0.788010753607,0.,0.615661475326));
#17447 = ORIENTED_EDGE('',*,*,#17433,.T.);
#17448 = CYLINDRICAL_SURFACE('',#17449,1.9);
#17449 = AXIS2_PLACEMENT_3D('',#17450,#17451,#17452);
#17450 = CARTESIAN_POINT('',(34.477581640389,-23.,248.49333080111));
#17451 = DIRECTION('',(0.615661475326,0.,0.788010753607));
#17452 = DIRECTION('',(-0.788010753607,0.,0.615661475326));
#17453 = ADVANCED_FACE('',(#17454),#17457,.T.);
#17454 = FACE_BOUND('',#17455,.T.);
#17455 = EDGE_LOOP('',(#17456));
#17456 = ORIENTED_EDGE('',*,*,#17424,.T.);
#17457 = PLANE('',#17458);
#17458 = AXIS2_PLACEMENT_3D('',#17459,#17460,#17461);
#17459 = CARTESIAN_POINT('',(47.591171064825,-23.,265.27795985293));
#17460 = DIRECTION('',(0.615661475326,0.,0.788010753607));
#17461 = DIRECTION('',(-0.788010753607,0.,0.615661475326));
#17462 = ADVANCED_FACE('',(#17463,#17474),#17477,.T.);
#17463 = FACE_BOUND('',#17464,.T.);
#17464 = EDGE_LOOP('',(#17465));
#17465 = ORIENTED_EDGE('',*,*,#17466,.T.);
#17466 = EDGE_CURVE('',#17467,#17467,#17469,.T.);
#17467 = VERTEX_POINT('',#17468);
#17468 = CARTESIAN_POINT('',(31.719544002765,-23.,250.64814596475));
#17469 = CIRCLE('',#17470,3.5);
#17470 = AXIS2_PLACEMENT_3D('',#17471,#17472,#17473);
#17471 = CARTESIAN_POINT('',(34.477581640389,-23.,248.49333080111));
#17472 = DIRECTION('',(0.615661475326,0.,0.788010753607));
#17473 = DIRECTION('',(-0.788010753607,0.,0.615661475326));
#17474 = FACE_BOUND('',#17475,.T.);
#17475 = EDGE_LOOP('',(#17476));
#17476 = ORIENTED_EDGE('',*,*,#17441,.F.);
#17477 = PLANE('',#17478);
#17478 = AXIS2_PLACEMENT_3D('',#17479,#17480,#17481);
#17479 = CARTESIAN_POINT('',(34.477581640389,-23.,248.49333080111));
#17480 = DIRECTION('',(0.615661475326,0.,0.788010753607));
#17481 = DIRECTION('',(-0.788010753607,0.,0.615661475326));
#17482 = ADVANCED_FACE('',(#17483),#17502,.T.);
#17483 = FACE_BOUND('',#17484,.T.);
#17484 = EDGE_LOOP('',(#17485,#17486,#17494,#17501));
#17485 = ORIENTED_EDGE('',*,*,#17466,.F.);
#17486 = ORIENTED_EDGE('',*,*,#17487,.F.);
#17487 = EDGE_CURVE('',#17488,#17467,#17490,.T.);
#17488 = VERTEX_POINT('',#17489);
#17489 = CARTESIAN_POINT('',(29.256898101463,-23.,247.49610295032));
#17490 = LINE('',#17491,#17492);
#17491 = CARTESIAN_POINT('',(29.256898101463,-23.,247.49610295032));
#17492 = VECTOR('',#17493,1.);
#17493 = DIRECTION('',(0.615661475326,0.,0.788010753607));
#17494 = ORIENTED_EDGE('',*,*,#17495,.T.);
#17495 = EDGE_CURVE('',#17488,#17488,#17496,.T.);
#17496 = CIRCLE('',#17497,3.5);
#17497 = AXIS2_PLACEMENT_3D('',#17498,#17499,#17500);
#17498 = CARTESIAN_POINT('',(32.014935739086,-23.,245.34128778668));
#17499 = DIRECTION('',(0.615661475326,0.,0.788010753607));
#17500 = DIRECTION('',(-0.788010753607,0.,0.615661475326));
#17501 = ORIENTED_EDGE('',*,*,#17487,.T.);
#17502 = CYLINDRICAL_SURFACE('',#17503,3.5);
#17503 = AXIS2_PLACEMENT_3D('',#17504,#17505,#17506);
#17504 = CARTESIAN_POINT('',(32.014935739086,-23.,245.34128778668));
#17505 = DIRECTION('',(0.615661475326,0.,0.788010753607));
#17506 = DIRECTION('',(-0.788010753607,0.,0.615661475326));
#17507 = ADVANCED_FACE('',(#17508),#17511,.F.);
#17508 = FACE_BOUND('',#17509,.T.);
#17509 = EDGE_LOOP('',(#17510));
#17510 = ORIENTED_EDGE('',*,*,#17495,.F.);
#17511 = PLANE('',#17512);
#17512 = AXIS2_PLACEMENT_3D('',#17513,#17514,#17515);
#17513 = CARTESIAN_POINT('',(32.014935739086,-23.,245.34128778668));
#17514 = DIRECTION('',(0.615661475326,0.,0.788010753607));
#17515 = DIRECTION('',(-0.788010753607,0.,0.615661475326));
#17516 = MANIFOLD_SOLID_BREP('',#17517);
#17517 = CLOSED_SHELL('',(#17518,#17551,#17571,#17591));
#17518 = ADVANCED_FACE('',(#17519),#17546,.T.);
#17519 = FACE_BOUND('',#17520,.T.);
#17520 = EDGE_LOOP('',(#17521,#17530,#17538,#17545));
#17521 = ORIENTED_EDGE('',*,*,#17522,.F.);
#17522 = EDGE_CURVE('',#17523,#17523,#17525,.T.);
#17523 = VERTEX_POINT('',#17524);
#17524 = CARTESIAN_POINT('',(31.424062429419,-23.,251.89421604296));
#17525 = CIRCLE('',#17526,4.5);
#17526 = AXIS2_PLACEMENT_3D('',#17527,#17528,#17529);
#17527 = CARTESIAN_POINT('',(34.970110820649,-23.,249.12373940399));
#17528 = DIRECTION('',(0.615661475326,0.,0.788010753607));
#17529 = DIRECTION('',(-0.788010753607,0.,0.615661475326));
#17530 = ORIENTED_EDGE('',*,*,#17531,.F.);
#17531 = EDGE_CURVE('',#17532,#17523,#17534,.T.);
#17532 = VERTEX_POINT('',#17533);
#17533 = CARTESIAN_POINT('',(30.931533249158,-23.,251.26380744007));
#17534 = LINE('',#17535,#17536);
#17535 = CARTESIAN_POINT('',(30.931533249158,-23.,251.26380744007));
#17536 = VECTOR('',#17537,1.);
#17537 = DIRECTION('',(0.615661475326,0.,0.788010753607));
#17538 = ORIENTED_EDGE('',*,*,#17539,.T.);
#17539 = EDGE_CURVE('',#17532,#17532,#17540,.T.);
#17540 = CIRCLE('',#17541,4.5);
#17541 = AXIS2_PLACEMENT_3D('',#17542,#17543,#17544);
#17542 = CARTESIAN_POINT('',(34.477581640389,-23.,248.49333080111));
#17543 = DIRECTION('',(0.615661475326,0.,0.788010753607));
#17544 = DIRECTION('',(-0.788010753607,0.,0.615661475326));
#17545 = ORIENTED_EDGE('',*,*,#17531,.T.);
#17546 = CYLINDRICAL_SURFACE('',#17547,4.5);
#17547 = AXIS2_PLACEMENT_3D('',#17548,#17549,#17550);
#17548 = CARTESIAN_POINT('',(34.477581640389,-23.,248.49333080111));
#17549 = DIRECTION('',(0.615661475326,0.,0.788010753607));
#17550 = DIRECTION('',(-0.788010753607,0.,0.615661475326));
#17551 = ADVANCED_FACE('',(#17552,#17555),#17566,.T.);
#17552 = FACE_BOUND('',#17553,.T.);
#17553 = EDGE_LOOP('',(#17554));
#17554 = ORIENTED_EDGE('',*,*,#17522,.T.);
#17555 = FACE_BOUND('',#17556,.T.);
#17556 = EDGE_LOOP('',(#17557));
#17557 = ORIENTED_EDGE('',*,*,#17558,.F.);
#17558 = EDGE_CURVE('',#17559,#17559,#17561,.T.);
#17559 = VERTEX_POINT('',#17560);
#17560 = CARTESIAN_POINT('',(33.236487162714,-23.,250.47819464971));
#17561 = CIRCLE('',#17562,2.2);
#17562 = AXIS2_PLACEMENT_3D('',#17563,#17564,#17565);
#17563 = CARTESIAN_POINT('',(34.970110820649,-23.,249.12373940399));
#17564 = DIRECTION('',(0.615661475326,0.,0.788010753607));
#17565 = DIRECTION('',(-0.788010753607,0.,0.615661475326));
#17566 = PLANE('',#17567);
#17567 = AXIS2_PLACEMENT_3D('',#17568,#17569,#17570);
#17568 = CARTESIAN_POINT('',(34.970110820649,-23.,249.12373940399));
#17569 = DIRECTION('',(0.615661475326,0.,0.788010753607));
#17570 = DIRECTION('',(-0.788010753607,0.,0.615661475326));
#17571 = ADVANCED_FACE('',(#17572,#17575),#17586,.F.);
#17572 = FACE_BOUND('',#17573,.F.);
#17573 = EDGE_LOOP('',(#17574));
#17574 = ORIENTED_EDGE('',*,*,#17539,.T.);
#17575 = FACE_BOUND('',#17576,.F.);
#17576 = EDGE_LOOP('',(#17577));
#17577 = ORIENTED_EDGE('',*,*,#17578,.F.);
#17578 = EDGE_CURVE('',#17579,#17579,#17581,.T.);
#17579 = VERTEX_POINT('',#17580);
#17580 = CARTESIAN_POINT('',(32.743957982454,-23.,249.84778604682));
#17581 = CIRCLE('',#17582,2.2);
#17582 = AXIS2_PLACEMENT_3D('',#17583,#17584,#17585);
#17583 = CARTESIAN_POINT('',(34.477581640389,-23.,248.49333080111));
#17584 = DIRECTION('',(0.615661475326,0.,0.788010753607));
#17585 = DIRECTION('',(-0.788010753607,0.,0.615661475326));
#17586 = PLANE('',#17587);
#17587 = AXIS2_PLACEMENT_3D('',#17588,#17589,#17590);
#17588 = CARTESIAN_POINT('',(34.477581640389,-23.,248.49333080111));
#17589 = DIRECTION('',(0.615661475326,0.,0.788010753607));
#17590 = DIRECTION('',(-0.788010753607,0.,0.615661475326));
#17591 = ADVANCED_FACE('',(#17592),#17603,.F.);
#17592 = FACE_BOUND('',#17593,.F.);
#17593 = EDGE_LOOP('',(#17594,#17595,#17601,#17602));
#17594 = ORIENTED_EDGE('',*,*,#17558,.F.);
#17595 = ORIENTED_EDGE('',*,*,#17596,.F.);
#17596 = EDGE_CURVE('',#17579,#17559,#17597,.T.);
#17597 = LINE('',#17598,#17599);
#17598 = CARTESIAN_POINT('',(32.743957982454,-23.,249.84778604682));
#17599 = VECTOR('',#17600,1.);
#17600 = DIRECTION('',(0.615661475326,0.,0.788010753607));
#17601 = ORIENTED_EDGE('',*,*,#17578,.T.);
#17602 = ORIENTED_EDGE('',*,*,#17596,.T.);
#17603 = CYLINDRICAL_SURFACE('',#17604,2.2);
#17604 = AXIS2_PLACEMENT_3D('',#17605,#17606,#17607);
#17605 = CARTESIAN_POINT('',(34.477581640389,-23.,248.49333080111));
#17606 = DIRECTION('',(0.615661475326,0.,0.788010753607));
#17607 = DIRECTION('',(-0.788010753607,0.,0.615661475326));
#17608 = MANIFOLD_SOLID_BREP('',#17609);
#17609 = CLOSED_SHELL('',(#17610,#17650,#17681,#17712,#17756,#17800,
    #17817,#17834,#17846));
#17610 = ADVANCED_FACE('',(#17611),#17645,.F.);
#17611 = FACE_BOUND('',#17612,.F.);
#17612 = EDGE_LOOP('',(#17613,#17623,#17631,#17639));
#17613 = ORIENTED_EDGE('',*,*,#17614,.T.);
#17614 = EDGE_CURVE('',#17615,#17617,#17619,.T.);
#17615 = VERTEX_POINT('',#17616);
#17616 = CARTESIAN_POINT('',(46.839938293092,-20.97927405783,
    258.63148339373));
#17617 = VERTEX_POINT('',#17618);
#17618 = CARTESIAN_POINT('',(49.918245669721,-20.97927405783,
    262.57153716176));
#17619 = LINE('',#17620,#17621);
#17620 = CARTESIAN_POINT('',(46.839938293092,-20.97927405783,
    258.63148339373));
#17621 = VECTOR('',#17622,1.);
#17622 = DIRECTION('',(0.615661475326,0.,0.788010753607));
#17623 = ORIENTED_EDGE('',*,*,#17624,.T.);
#17624 = EDGE_CURVE('',#17617,#17625,#17627,.T.);
#17625 = VERTEX_POINT('',#17626);
#17626 = CARTESIAN_POINT('',(47.160208032097,-18.95854811567,
    264.7263523254));
#17627 = LINE('',#17628,#17629);
#17628 = CARTESIAN_POINT('',(49.918245669721,-20.97927405783,
    262.57153716176));
#17629 = VECTOR('',#17630,1.);
#17630 = DIRECTION('',(-0.682437331079,0.5,0.533178477763));
#17631 = ORIENTED_EDGE('',*,*,#17632,.F.);
#17632 = EDGE_CURVE('',#17633,#17625,#17635,.T.);
#17633 = VERTEX_POINT('',#17634);
#17634 = CARTESIAN_POINT('',(44.081900655469,-18.95854811567,
    260.78629855737));
#17635 = LINE('',#17636,#17637);
#17636 = CARTESIAN_POINT('',(44.081900655469,-18.95854811567,
    260.78629855737));
#17637 = VECTOR('',#17638,1.);
#17638 = DIRECTION('',(0.615661475326,0.,0.788010753607));
#17639 = ORIENTED_EDGE('',*,*,#17640,.F.);
#17640 = EDGE_CURVE('',#17615,#17633,#17641,.T.);
#17641 = LINE('',#17642,#17643);
#17642 = CARTESIAN_POINT('',(46.839938293092,-20.97927405783,
    258.63148339373));
#17643 = VECTOR('',#17644,1.);
#17644 = DIRECTION('',(-0.682437331079,0.5,0.533178477763));
#17645 = PLANE('',#17646);
#17646 = AXIS2_PLACEMENT_3D('',#17647,#17648,#17649);
#17647 = CARTESIAN_POINT('',(46.839938293092,-20.97927405783,
    258.63148339373));
#17648 = DIRECTION('',(-0.394005376803,-0.866025403784,0.307830737663));
#17649 = DIRECTION('',(-0.682437331079,0.5,0.533178477763));
#17650 = ADVANCED_FACE('',(#17651),#17676,.F.);
#17651 = FACE_BOUND('',#17652,.F.);
#17652 = EDGE_LOOP('',(#17653,#17663,#17669,#17670));
#17653 = ORIENTED_EDGE('',*,*,#17654,.T.);
#17654 = EDGE_CURVE('',#17655,#17657,#17659,.T.);
#17655 = VERTEX_POINT('',#17656);
#17656 = CARTESIAN_POINT('',(46.839938293092,-25.02072594216,
    258.63148339373));
#17657 = VERTEX_POINT('',#17658);
#17658 = CARTESIAN_POINT('',(49.918245669721,-25.02072594216,
    262.57153716176));
#17659 = LINE('',#17660,#17661);
#17660 = CARTESIAN_POINT('',(46.839938293092,-25.02072594216,
    258.63148339373));
#17661 = VECTOR('',#17662,1.);
#17662 = DIRECTION('',(0.615661475326,0.,0.788010753607));
#17663 = ORIENTED_EDGE('',*,*,#17664,.T.);
#17664 = EDGE_CURVE('',#17657,#17617,#17665,.T.);
#17665 = LINE('',#17666,#17667);
#17666 = CARTESIAN_POINT('',(49.918245669721,-25.02072594216,
    262.57153716176));
#17667 = VECTOR('',#17668,1.);
#17668 = DIRECTION('',(2.597683329694E-16,1.,-2.029532647706E-16));
#17669 = ORIENTED_EDGE('',*,*,#17614,.F.);
#17670 = ORIENTED_EDGE('',*,*,#17671,.F.);
#17671 = EDGE_CURVE('',#17655,#17615,#17672,.T.);
#17672 = LINE('',#17673,#17674);
#17673 = CARTESIAN_POINT('',(46.839938293092,-25.02072594216,
    258.63148339373));
#17674 = VECTOR('',#17675,1.);
#17675 = DIRECTION('',(2.597683329694E-16,1.,-2.029532647706E-16));
#17676 = PLANE('',#17677);
#17677 = AXIS2_PLACEMENT_3D('',#17678,#17679,#17680);
#17678 = CARTESIAN_POINT('',(46.839938293092,-25.02072594216,
    258.63148339373));
#17679 = DIRECTION('',(-0.788010753607,3.296507462372E-16,0.615661475326
    ));
#17680 = DIRECTION('',(2.597683329694E-16,1.,-2.029532647706E-16));
#17681 = ADVANCED_FACE('',(#17682),#17707,.F.);
#17682 = FACE_BOUND('',#17683,.F.);
#17683 = EDGE_LOOP('',(#17684,#17685,#17693,#17701));
#17684 = ORIENTED_EDGE('',*,*,#17632,.T.);
#17685 = ORIENTED_EDGE('',*,*,#17686,.T.);
#17686 = EDGE_CURVE('',#17625,#17687,#17689,.T.);
#17687 = VERTEX_POINT('',#17688);
#17688 = CARTESIAN_POINT('',(44.402170394474,-20.97927405783,
    266.88116748904));
#17689 = LINE('',#17690,#17691);
#17690 = CARTESIAN_POINT('',(47.160208032097,-18.95854811567,
    264.7263523254));
#17691 = VECTOR('',#17692,1.);
#17692 = DIRECTION('',(-0.682437331079,-0.5,0.533178477763));
#17693 = ORIENTED_EDGE('',*,*,#17694,.F.);
#17694 = EDGE_CURVE('',#17695,#17687,#17697,.T.);
#17695 = VERTEX_POINT('',#17696);
#17696 = CARTESIAN_POINT('',(41.323863017845,-20.97927405783,
    262.94111372101));
#17697 = LINE('',#17698,#17699);
#17698 = CARTESIAN_POINT('',(41.323863017845,-20.97927405783,
    262.94111372101));
#17699 = VECTOR('',#17700,1.);
#17700 = DIRECTION('',(0.615661475326,0.,0.788010753607));
#17701 = ORIENTED_EDGE('',*,*,#17702,.F.);
#17702 = EDGE_CURVE('',#17633,#17695,#17703,.T.);
#17703 = LINE('',#17704,#17705);
#17704 = CARTESIAN_POINT('',(44.081900655469,-18.95854811567,
    260.78629855737));
#17705 = VECTOR('',#17706,1.);
#17706 = DIRECTION('',(-0.682437331079,-0.5,0.533178477763));
#17707 = PLANE('',#17708);
#17708 = AXIS2_PLACEMENT_3D('',#17709,#17710,#17711);
#17709 = CARTESIAN_POINT('',(44.081900655469,-18.95854811567,
    260.78629855737));
#17710 = DIRECTION('',(0.394005376803,-0.866025403784,-0.307830737663));
#17711 = DIRECTION('',(-0.682437331079,-0.5,0.533178477763));
#17712 = ADVANCED_FACE('',(#17713,#17740),#17751,.F.);
#17713 = FACE_BOUND('',#17714,.F.);
#17714 = EDGE_LOOP('',(#17715,#17716,#17717,#17725,#17733,#17739));
#17715 = ORIENTED_EDGE('',*,*,#17640,.T.);
#17716 = ORIENTED_EDGE('',*,*,#17702,.T.);
#17717 = ORIENTED_EDGE('',*,*,#17718,.T.);
#17718 = EDGE_CURVE('',#17695,#17719,#17721,.T.);
#17719 = VERTEX_POINT('',#17720);
#17720 = CARTESIAN_POINT('',(41.323863017845,-25.02072594216,
    262.94111372101));
#17721 = LINE('',#17722,#17723);
#17722 = CARTESIAN_POINT('',(41.323863017845,-20.97927405783,
    262.94111372101));
#17723 = VECTOR('',#17724,1.);
#17724 = DIRECTION('',(8.658944432313E-17,-1.,-6.765108825686E-17));
#17725 = ORIENTED_EDGE('',*,*,#17726,.T.);
#17726 = EDGE_CURVE('',#17719,#17727,#17729,.T.);
#17727 = VERTEX_POINT('',#17728);
#17728 = CARTESIAN_POINT('',(44.081900655469,-27.04145188432,
    260.78629855737));
#17729 = LINE('',#17730,#17731);
#17730 = CARTESIAN_POINT('',(41.323863017845,-25.02072594216,
    262.94111372101));
#17731 = VECTOR('',#17732,1.);
#17732 = DIRECTION('',(0.682437331079,-0.5,-0.533178477763));
#17733 = ORIENTED_EDGE('',*,*,#17734,.T.);
#17734 = EDGE_CURVE('',#17727,#17655,#17735,.T.);
#17735 = LINE('',#17736,#17737);
#17736 = CARTESIAN_POINT('',(44.081900655469,-27.04145188432,
    260.78629855737));
#17737 = VECTOR('',#17738,1.);
#17738 = DIRECTION('',(0.682437331079,0.5,-0.533178477763));
#17739 = ORIENTED_EDGE('',*,*,#17671,.T.);
#17740 = FACE_BOUND('',#17741,.F.);
#17741 = EDGE_LOOP('',(#17742));
#17742 = ORIENTED_EDGE('',*,*,#17743,.F.);
#17743 = EDGE_CURVE('',#17744,#17744,#17746,.T.);
#17744 = VERTEX_POINT('',#17745);
#17745 = CARTESIAN_POINT('',(42.466478610575,-23.,262.04840458179));
#17746 = CIRCLE('',#17747,2.05);
#17747 = AXIS2_PLACEMENT_3D('',#17748,#17749,#17750);
#17748 = CARTESIAN_POINT('',(44.081900655469,-23.,260.78629855737));
#17749 = DIRECTION('',(0.615661475326,0.,0.788010753607));
#17750 = DIRECTION('',(-0.788010753607,0.,0.615661475326));
#17751 = PLANE('',#17752);
#17752 = AXIS2_PLACEMENT_3D('',#17753,#17754,#17755);
#17753 = CARTESIAN_POINT('',(44.081900655469,-23.,260.78629855737));
#17754 = DIRECTION('',(0.615661475326,0.,0.788010753607));
#17755 = DIRECTION('',(0.788010753607,0.,-0.615661475326));
#17756 = ADVANCED_FACE('',(#17757,#17784),#17795,.T.);
#17757 = FACE_BOUND('',#17758,.T.);
#17758 = EDGE_LOOP('',(#17759,#17760,#17761,#17769,#17777,#17783));
#17759 = ORIENTED_EDGE('',*,*,#17624,.T.);
#17760 = ORIENTED_EDGE('',*,*,#17686,.T.);
#17761 = ORIENTED_EDGE('',*,*,#17762,.T.);
#17762 = EDGE_CURVE('',#17687,#17763,#17765,.T.);
#17763 = VERTEX_POINT('',#17764);
#17764 = CARTESIAN_POINT('',(44.402170394474,-25.02072594216,
    266.88116748904));
#17765 = LINE('',#17766,#17767);
#17766 = CARTESIAN_POINT('',(44.402170394474,-20.97927405783,
    266.88116748904));
#17767 = VECTOR('',#17768,1.);
#17768 = DIRECTION('',(8.658944432313E-17,-1.,-6.765108825686E-17));
#17769 = ORIENTED_EDGE('',*,*,#17770,.T.);
#17770 = EDGE_CURVE('',#17763,#17771,#17773,.T.);
#17771 = VERTEX_POINT('',#17772);
#17772 = CARTESIAN_POINT('',(47.160208032097,-27.04145188432,
    264.7263523254));
#17773 = LINE('',#17774,#17775);
#17774 = CARTESIAN_POINT('',(44.402170394474,-25.02072594216,
    266.88116748904));
#17775 = VECTOR('',#17776,1.);
#17776 = DIRECTION('',(0.682437331079,-0.5,-0.533178477763));
#17777 = ORIENTED_EDGE('',*,*,#17778,.T.);
#17778 = EDGE_CURVE('',#17771,#17657,#17779,.T.);
#17779 = LINE('',#17780,#17781);
#17780 = CARTESIAN_POINT('',(47.160208032097,-27.04145188432,
    264.7263523254));
#17781 = VECTOR('',#17782,1.);
#17782 = DIRECTION('',(0.682437331079,0.5,-0.533178477763));
#17783 = ORIENTED_EDGE('',*,*,#17664,.T.);
#17784 = FACE_BOUND('',#17785,.T.);
#17785 = EDGE_LOOP('',(#17786));
#17786 = ORIENTED_EDGE('',*,*,#17787,.F.);
#17787 = EDGE_CURVE('',#17788,#17788,#17790,.T.);
#17788 = VERTEX_POINT('',#17789);
#17789 = CARTESIAN_POINT('',(45.544785987203,-23.,265.98845834982));
#17790 = CIRCLE('',#17791,2.05);
#17791 = AXIS2_PLACEMENT_3D('',#17792,#17793,#17794);
#17792 = CARTESIAN_POINT('',(47.160208032097,-23.,264.7263523254));
#17793 = DIRECTION('',(0.615661475326,0.,0.788010753607));
#17794 = DIRECTION('',(-0.788010753607,0.,0.615661475326));
#17795 = PLANE('',#17796);
#17796 = AXIS2_PLACEMENT_3D('',#17797,#17798,#17799);
#17797 = CARTESIAN_POINT('',(47.160208032097,-23.,264.7263523254));
#17798 = DIRECTION('',(0.615661475326,0.,0.788010753607));
#17799 = DIRECTION('',(0.788010753607,0.,-0.615661475326));
#17800 = ADVANCED_FACE('',(#17801),#17812,.F.);
#17801 = FACE_BOUND('',#17802,.F.);
#17802 = EDGE_LOOP('',(#17803,#17809,#17810,#17811));
#17803 = ORIENTED_EDGE('',*,*,#17804,.T.);
#17804 = EDGE_CURVE('',#17727,#17771,#17805,.T.);
#17805 = LINE('',#17806,#17807);
#17806 = CARTESIAN_POINT('',(44.081900655469,-27.04145188432,
    260.78629855737));
#17807 = VECTOR('',#17808,1.);
#17808 = DIRECTION('',(0.615661475326,0.,0.788010753607));
#17809 = ORIENTED_EDGE('',*,*,#17778,.T.);
#17810 = ORIENTED_EDGE('',*,*,#17654,.F.);
#17811 = ORIENTED_EDGE('',*,*,#17734,.F.);
#17812 = PLANE('',#17813);
#17813 = AXIS2_PLACEMENT_3D('',#17814,#17815,#17816);
#17814 = CARTESIAN_POINT('',(44.081900655469,-27.04145188432,
    260.78629855737));
#17815 = DIRECTION('',(-0.394005376803,0.866025403784,0.307830737663));
#17816 = DIRECTION('',(0.682437331079,0.5,-0.533178477763));
#17817 = ADVANCED_FACE('',(#17818),#17829,.F.);
#17818 = FACE_BOUND('',#17819,.F.);
#17819 = EDGE_LOOP('',(#17820,#17821,#17822,#17828));
#17820 = ORIENTED_EDGE('',*,*,#17694,.T.);
#17821 = ORIENTED_EDGE('',*,*,#17762,.T.);
#17822 = ORIENTED_EDGE('',*,*,#17823,.F.);
#17823 = EDGE_CURVE('',#17719,#17763,#17824,.T.);
#17824 = LINE('',#17825,#17826);
#17825 = CARTESIAN_POINT('',(41.323863017845,-25.02072594216,
    262.94111372101));
#17826 = VECTOR('',#17827,1.);
#17827 = DIRECTION('',(0.615661475326,0.,0.788010753607));
#17828 = ORIENTED_EDGE('',*,*,#17718,.F.);
#17829 = PLANE('',#17830);
#17830 = AXIS2_PLACEMENT_3D('',#17831,#17832,#17833);
#17831 = CARTESIAN_POINT('',(41.323863017845,-20.97927405783,
    262.94111372101));
#17832 = DIRECTION('',(0.788010753607,1.098835820791E-16,-0.615661475326
    ));
#17833 = DIRECTION('',(8.658944432313E-17,-1.,-6.765108825686E-17));
#17834 = ADVANCED_FACE('',(#17835),#17841,.F.);
#17835 = FACE_BOUND('',#17836,.F.);
#17836 = EDGE_LOOP('',(#17837,#17838,#17839,#17840));
#17837 = ORIENTED_EDGE('',*,*,#17823,.T.);
#17838 = ORIENTED_EDGE('',*,*,#17770,.T.);
#17839 = ORIENTED_EDGE('',*,*,#17804,.F.);
#17840 = ORIENTED_EDGE('',*,*,#17726,.F.);
#17841 = PLANE('',#17842);
#17842 = AXIS2_PLACEMENT_3D('',#17843,#17844,#17845);
#17843 = CARTESIAN_POINT('',(41.323863017845,-25.02072594216,
    262.94111372101));
#17844 = DIRECTION('',(0.394005376803,0.866025403784,-0.307830737663));
#17845 = DIRECTION('',(0.682437331079,-0.5,-0.533178477763));
#17846 = ADVANCED_FACE('',(#17847),#17858,.F.);
#17847 = FACE_BOUND('',#17848,.F.);
#17848 = EDGE_LOOP('',(#17849,#17850,#17856,#17857));
#17849 = ORIENTED_EDGE('',*,*,#17787,.F.);
#17850 = ORIENTED_EDGE('',*,*,#17851,.F.);
#17851 = EDGE_CURVE('',#17744,#17788,#17852,.T.);
#17852 = LINE('',#17853,#17854);
#17853 = CARTESIAN_POINT('',(42.466478610575,-23.,262.04840458179));
#17854 = VECTOR('',#17855,1.);
#17855 = DIRECTION('',(0.615661475326,0.,0.788010753607));
#17856 = ORIENTED_EDGE('',*,*,#17743,.T.);
#17857 = ORIENTED_EDGE('',*,*,#17851,.T.);
#17858 = CYLINDRICAL_SURFACE('',#17859,2.05);
#17859 = AXIS2_PLACEMENT_3D('',#17860,#17861,#17862);
#17860 = CARTESIAN_POINT('',(44.081900655469,-23.,260.78629855737));
#17861 = DIRECTION('',(0.615661475326,0.,0.788010753607));
#17862 = DIRECTION('',(-0.788010753607,0.,0.615661475326));
#17863 = MANIFOLD_SOLID_BREP('',#17864);
#17864 = CLOSED_SHELL('',(#17865,#17898,#17918,#17938));
#17865 = ADVANCED_FACE('',(#17866),#17893,.T.);
#17866 = FACE_BOUND('',#17867,.T.);
#17867 = EDGE_LOOP('',(#17868,#17877,#17885,#17892));
#17868 = ORIENTED_EDGE('',*,*,#17869,.F.);
#17869 = EDGE_CURVE('',#17870,#17870,#17872,.T.);
#17870 = VERTEX_POINT('',#17871);
#17871 = CARTESIAN_POINT('',(40.535852264239,-23.,263.55677519634));
#17872 = CIRCLE('',#17873,4.5);
#17873 = AXIS2_PLACEMENT_3D('',#17874,#17875,#17876);
#17874 = CARTESIAN_POINT('',(44.081900655469,-23.,260.78629855737));
#17875 = DIRECTION('',(0.615661475326,0.,0.788010753607));
#17876 = DIRECTION('',(-0.788010753607,0.,0.615661475326));
#17877 = ORIENTED_EDGE('',*,*,#17878,.F.);
#17878 = EDGE_CURVE('',#17879,#17870,#17881,.T.);
#17879 = VERTEX_POINT('',#17880);
#17880 = CARTESIAN_POINT('',(40.043323083978,-23.,262.92636659345));
#17881 = LINE('',#17882,#17883);
#17882 = CARTESIAN_POINT('',(40.043323083978,-23.,262.92636659345));
#17883 = VECTOR('',#17884,1.);
#17884 = DIRECTION('',(0.615661475326,0.,0.788010753607));
#17885 = ORIENTED_EDGE('',*,*,#17886,.T.);
#17886 = EDGE_CURVE('',#17879,#17879,#17887,.T.);
#17887 = CIRCLE('',#17888,4.5);
#17888 = AXIS2_PLACEMENT_3D('',#17889,#17890,#17891);
#17889 = CARTESIAN_POINT('',(43.589371475208,-23.,260.15588995449));
#17890 = DIRECTION('',(0.615661475326,0.,0.788010753607));
#17891 = DIRECTION('',(-0.788010753607,0.,0.615661475326));
#17892 = ORIENTED_EDGE('',*,*,#17878,.T.);
#17893 = CYLINDRICAL_SURFACE('',#17894,4.5);
#17894 = AXIS2_PLACEMENT_3D('',#17895,#17896,#17897);
#17895 = CARTESIAN_POINT('',(43.589371475208,-23.,260.15588995449));
#17896 = DIRECTION('',(0.615661475326,0.,0.788010753607));
#17897 = DIRECTION('',(-0.788010753607,0.,0.615661475326));
#17898 = ADVANCED_FACE('',(#17899,#17902),#17913,.T.);
#17899 = FACE_BOUND('',#17900,.T.);
#17900 = EDGE_LOOP('',(#17901));
#17901 = ORIENTED_EDGE('',*,*,#17869,.T.);
#17902 = FACE_BOUND('',#17903,.T.);
#17903 = EDGE_LOOP('',(#17904));
#17904 = ORIENTED_EDGE('',*,*,#17905,.F.);
#17905 = EDGE_CURVE('',#17906,#17906,#17908,.T.);
#17906 = VERTEX_POINT('',#17907);
#17907 = CARTESIAN_POINT('',(42.348276997534,-23.,262.14075380309));
#17908 = CIRCLE('',#17909,2.2);
#17909 = AXIS2_PLACEMENT_3D('',#17910,#17911,#17912);
#17910 = CARTESIAN_POINT('',(44.081900655469,-23.,260.78629855737));
#17911 = DIRECTION('',(0.615661475326,0.,0.788010753607));
#17912 = DIRECTION('',(-0.788010753607,0.,0.615661475326));
#17913 = PLANE('',#17914);
#17914 = AXIS2_PLACEMENT_3D('',#17915,#17916,#17917);
#17915 = CARTESIAN_POINT('',(44.081900655469,-23.,260.78629855737));
#17916 = DIRECTION('',(0.615661475326,0.,0.788010753607));
#17917 = DIRECTION('',(-0.788010753607,0.,0.615661475326));
#17918 = ADVANCED_FACE('',(#17919,#17922),#17933,.F.);
#17919 = FACE_BOUND('',#17920,.F.);
#17920 = EDGE_LOOP('',(#17921));
#17921 = ORIENTED_EDGE('',*,*,#17886,.T.);
#17922 = FACE_BOUND('',#17923,.F.);
#17923 = EDGE_LOOP('',(#17924));
#17924 = ORIENTED_EDGE('',*,*,#17925,.F.);
#17925 = EDGE_CURVE('',#17926,#17926,#17928,.T.);
#17926 = VERTEX_POINT('',#17927);
#17927 = CARTESIAN_POINT('',(41.855747817274,-23.,261.5103452002));
#17928 = CIRCLE('',#17929,2.2);
#17929 = AXIS2_PLACEMENT_3D('',#17930,#17931,#17932);
#17930 = CARTESIAN_POINT('',(43.589371475208,-23.,260.15588995449));
#17931 = DIRECTION('',(0.615661475326,0.,0.788010753607));
#17932 = DIRECTION('',(-0.788010753607,0.,0.615661475326));
#17933 = PLANE('',#17934);
#17934 = AXIS2_PLACEMENT_3D('',#17935,#17936,#17937);
#17935 = CARTESIAN_POINT('',(43.589371475208,-23.,260.15588995449));
#17936 = DIRECTION('',(0.615661475326,0.,0.788010753607));
#17937 = DIRECTION('',(-0.788010753607,0.,0.615661475326));
#17938 = ADVANCED_FACE('',(#17939),#17950,.F.);
#17939 = FACE_BOUND('',#17940,.F.);
#17940 = EDGE_LOOP('',(#17941,#17942,#17948,#17949));
#17941 = ORIENTED_EDGE('',*,*,#17905,.F.);
#17942 = ORIENTED_EDGE('',*,*,#17943,.F.);
#17943 = EDGE_CURVE('',#17926,#17906,#17944,.T.);
#17944 = LINE('',#17945,#17946);
#17945 = CARTESIAN_POINT('',(41.855747817274,-23.,261.5103452002));
#17946 = VECTOR('',#17947,1.);
#17947 = DIRECTION('',(0.615661475326,0.,0.788010753607));
#17948 = ORIENTED_EDGE('',*,*,#17925,.T.);
#17949 = ORIENTED_EDGE('',*,*,#17943,.T.);
#17950 = CYLINDRICAL_SURFACE('',#17951,2.2);
#17951 = AXIS2_PLACEMENT_3D('',#17952,#17953,#17954);
#17952 = CARTESIAN_POINT('',(43.589371475208,-23.,260.15588995449));
#17953 = DIRECTION('',(0.615661475326,0.,0.788010753607));
#17954 = DIRECTION('',(-0.788010753607,0.,0.615661475326));
#17955 = MANIFOLD_SOLID_BREP('',#17956);
#17956 = CLOSED_SHELL('',(#17957,#17990,#17999,#18019,#18044));
#17957 = ADVANCED_FACE('',(#17958),#17985,.T.);
#17958 = FACE_BOUND('',#17959,.T.);
#17959 = EDGE_LOOP('',(#17960,#17969,#17977,#17984));
#17960 = ORIENTED_EDGE('',*,*,#17961,.F.);
#17961 = EDGE_CURVE('',#17962,#17962,#17964,.T.);
#17962 = VERTEX_POINT('',#17963);
#17963 = CARTESIAN_POINT('',(-0.846694439433,-53.,195.0188123608));
#17964 = CIRCLE('',#17965,1.4);
#17965 = AXIS2_PLACEMENT_3D('',#17966,#17967,#17968);
#17966 = CARTESIAN_POINT('',(-1.949909494482,-53.,195.88073842626));
#17967 = DIRECTION('',(0.,-1.,0.));
#17968 = DIRECTION('',(0.788010753607,0.,-0.615661475326));
#17969 = ORIENTED_EDGE('',*,*,#17970,.F.);
#17970 = EDGE_CURVE('',#17971,#17962,#17973,.T.);
#17971 = VERTEX_POINT('',#17972);
#17972 = CARTESIAN_POINT('',(-0.846694439433,-42.1,195.0188123608));
#17973 = LINE('',#17974,#17975);
#17974 = CARTESIAN_POINT('',(-0.846694439433,-42.1,195.0188123608));
#17975 = VECTOR('',#17976,1.);
#17976 = DIRECTION('',(0.,-1.,0.));
#17977 = ORIENTED_EDGE('',*,*,#17978,.T.);
#17978 = EDGE_CURVE('',#17971,#17971,#17979,.T.);
#17979 = CIRCLE('',#17980,1.4);
#17980 = AXIS2_PLACEMENT_3D('',#17981,#17982,#17983);
#17981 = CARTESIAN_POINT('',(-1.949909494482,-42.1,195.88073842626));
#17982 = DIRECTION('',(0.,-1.,0.));
#17983 = DIRECTION('',(0.788010753607,0.,-0.615661475326));
#17984 = ORIENTED_EDGE('',*,*,#17970,.T.);
#17985 = CYLINDRICAL_SURFACE('',#17986,1.4);
#17986 = AXIS2_PLACEMENT_3D('',#17987,#17988,#17989);
#17987 = CARTESIAN_POINT('',(-1.949909494482,-42.1,195.88073842626));
#17988 = DIRECTION('',(0.,-1.,0.));
#17989 = DIRECTION('',(0.788010753607,0.,-0.615661475326));
#17990 = ADVANCED_FACE('',(#17991),#17994,.T.);
#17991 = FACE_BOUND('',#17992,.T.);
#17992 = EDGE_LOOP('',(#17993));
#17993 = ORIENTED_EDGE('',*,*,#17961,.T.);
#17994 = PLANE('',#17995);
#17995 = AXIS2_PLACEMENT_3D('',#17996,#17997,#17998);
#17996 = CARTESIAN_POINT('',(-1.949909494482,-53.,195.88073842626));
#17997 = DIRECTION('',(0.,-1.,0.));
#17998 = DIRECTION('',(0.788010753607,0.,-0.615661475326));
#17999 = ADVANCED_FACE('',(#18000,#18011),#18014,.T.);
#18000 = FACE_BOUND('',#18001,.T.);
#18001 = EDGE_LOOP('',(#18002));
#18002 = ORIENTED_EDGE('',*,*,#18003,.T.);
#18003 = EDGE_CURVE('',#18004,#18004,#18006,.T.);
#18004 = VERTEX_POINT('',#18005);
#18005 = CARTESIAN_POINT('',(0.217120077936,-42.1,194.18766936911));
#18006 = CIRCLE('',#18007,2.75);
#18007 = AXIS2_PLACEMENT_3D('',#18008,#18009,#18010);
#18008 = CARTESIAN_POINT('',(-1.949909494482,-42.1,195.88073842626));
#18009 = DIRECTION('',(0.,-1.,0.));
#18010 = DIRECTION('',(0.788010753607,0.,-0.615661475326));
#18011 = FACE_BOUND('',#18012,.T.);
#18012 = EDGE_LOOP('',(#18013));
#18013 = ORIENTED_EDGE('',*,*,#17978,.F.);
#18014 = PLANE('',#18015);
#18015 = AXIS2_PLACEMENT_3D('',#18016,#18017,#18018);
#18016 = CARTESIAN_POINT('',(-1.949909494482,-42.1,195.88073842626));
#18017 = DIRECTION('',(0.,-1.,0.));
#18018 = DIRECTION('',(0.788010753607,0.,-0.615661475326));
#18019 = ADVANCED_FACE('',(#18020),#18039,.T.);
#18020 = FACE_BOUND('',#18021,.T.);
#18021 = EDGE_LOOP('',(#18022,#18023,#18031,#18038));
#18022 = ORIENTED_EDGE('',*,*,#18003,.F.);
#18023 = ORIENTED_EDGE('',*,*,#18024,.F.);
#18024 = EDGE_CURVE('',#18025,#18004,#18027,.T.);
#18025 = VERTEX_POINT('',#18026);
#18026 = CARTESIAN_POINT('',(0.217120077936,-39.1,194.18766936911));
#18027 = LINE('',#18028,#18029);
#18028 = CARTESIAN_POINT('',(0.217120077936,-39.1,194.18766936911));
#18029 = VECTOR('',#18030,1.);
#18030 = DIRECTION('',(0.,-1.,0.));
#18031 = ORIENTED_EDGE('',*,*,#18032,.T.);
#18032 = EDGE_CURVE('',#18025,#18025,#18033,.T.);
#18033 = CIRCLE('',#18034,2.75);
#18034 = AXIS2_PLACEMENT_3D('',#18035,#18036,#18037);
#18035 = CARTESIAN_POINT('',(-1.949909494482,-39.1,195.88073842626));
#18036 = DIRECTION('',(0.,-1.,0.));
#18037 = DIRECTION('',(0.788010753607,0.,-0.615661475326));
#18038 = ORIENTED_EDGE('',*,*,#18024,.T.);
#18039 = CYLINDRICAL_SURFACE('',#18040,2.75);
#18040 = AXIS2_PLACEMENT_3D('',#18041,#18042,#18043);
#18041 = CARTESIAN_POINT('',(-1.949909494482,-39.1,195.88073842626));
#18042 = DIRECTION('',(0.,-1.,0.));
#18043 = DIRECTION('',(0.788010753607,0.,-0.615661475326));
#18044 = ADVANCED_FACE('',(#18045),#18048,.F.);
#18045 = FACE_BOUND('',#18046,.T.);
#18046 = EDGE_LOOP('',(#18047));
#18047 = ORIENTED_EDGE('',*,*,#18032,.F.);
#18048 = PLANE('',#18049);
#18049 = AXIS2_PLACEMENT_3D('',#18050,#18051,#18052);
#18050 = CARTESIAN_POINT('',(-1.949909494482,-39.1,195.88073842626));
#18051 = DIRECTION('',(0.,-1.,0.));
#18052 = DIRECTION('',(0.788010753607,0.,-0.615661475326));
#18053 = MANIFOLD_SOLID_BREP('',#18054);
#18054 = CLOSED_SHELL('',(#18055,#18088,#18108,#18128));
#18055 = ADVANCED_FACE('',(#18056),#18083,.T.);
#18056 = FACE_BOUND('',#18057,.T.);
#18057 = EDGE_LOOP('',(#18058,#18067,#18075,#18082));
#18058 = ORIENTED_EDGE('',*,*,#18059,.F.);
#18059 = EDGE_CURVE('',#18060,#18060,#18062,.T.);
#18060 = VERTEX_POINT('',#18061);
#18061 = CARTESIAN_POINT('',(0.808128143141,-42.6,193.72592326262));
#18062 = CIRCLE('',#18063,3.5);
#18063 = AXIS2_PLACEMENT_3D('',#18064,#18065,#18066);
#18064 = CARTESIAN_POINT('',(-1.949909494482,-42.6,195.88073842626));
#18065 = DIRECTION('',(0.,-1.,0.));
#18066 = DIRECTION('',(0.788010753607,0.,-0.615661475326));
#18067 = ORIENTED_EDGE('',*,*,#18068,.F.);
#18068 = EDGE_CURVE('',#18069,#18060,#18071,.T.);
#18069 = VERTEX_POINT('',#18070);
#18070 = CARTESIAN_POINT('',(0.808128143141,-42.1,193.72592326262));
#18071 = LINE('',#18072,#18073);
#18072 = CARTESIAN_POINT('',(0.808128143141,-42.1,193.72592326262));
#18073 = VECTOR('',#18074,1.);
#18074 = DIRECTION('',(0.,-1.,0.));
#18075 = ORIENTED_EDGE('',*,*,#18076,.T.);
#18076 = EDGE_CURVE('',#18069,#18069,#18077,.T.);
#18077 = CIRCLE('',#18078,3.5);
#18078 = AXIS2_PLACEMENT_3D('',#18079,#18080,#18081);
#18079 = CARTESIAN_POINT('',(-1.949909494482,-42.1,195.88073842626));
#18080 = DIRECTION('',(0.,-1.,0.));
#18081 = DIRECTION('',(0.788010753607,0.,-0.615661475326));
#18082 = ORIENTED_EDGE('',*,*,#18068,.T.);
#18083 = CYLINDRICAL_SURFACE('',#18084,3.5);
#18084 = AXIS2_PLACEMENT_3D('',#18085,#18086,#18087);
#18085 = CARTESIAN_POINT('',(-1.949909494482,-42.1,195.88073842626));
#18086 = DIRECTION('',(0.,-1.,0.));
#18087 = DIRECTION('',(0.788010753607,0.,-0.615661475326));
#18088 = ADVANCED_FACE('',(#18089,#18092),#18103,.T.);
#18089 = FACE_BOUND('',#18090,.T.);
#18090 = EDGE_LOOP('',(#18091));
#18091 = ORIENTED_EDGE('',*,*,#18059,.T.);
#18092 = FACE_BOUND('',#18093,.T.);
#18093 = EDGE_LOOP('',(#18094));
#18094 = ORIENTED_EDGE('',*,*,#18095,.F.);
#18095 = EDGE_CURVE('',#18096,#18096,#18098,.T.);
#18096 = VERTEX_POINT('',#18097);
#18097 = CARTESIAN_POINT('',(-0.610291213351,-42.6,194.8341139182));
#18098 = CIRCLE('',#18099,1.7);
#18099 = AXIS2_PLACEMENT_3D('',#18100,#18101,#18102);
#18100 = CARTESIAN_POINT('',(-1.949909494482,-42.6,195.88073842626));
#18101 = DIRECTION('',(0.,-1.,0.));
#18102 = DIRECTION('',(0.788010753607,0.,-0.615661475326));
#18103 = PLANE('',#18104);
#18104 = AXIS2_PLACEMENT_3D('',#18105,#18106,#18107);
#18105 = CARTESIAN_POINT('',(-1.949909494482,-42.6,195.88073842626));
#18106 = DIRECTION('',(0.,-1.,0.));
#18107 = DIRECTION('',(0.788010753607,0.,-0.615661475326));
#18108 = ADVANCED_FACE('',(#18109,#18112),#18123,.F.);
#18109 = FACE_BOUND('',#18110,.F.);
#18110 = EDGE_LOOP('',(#18111));
#18111 = ORIENTED_EDGE('',*,*,#18076,.T.);
#18112 = FACE_BOUND('',#18113,.F.);
#18113 = EDGE_LOOP('',(#18114));
#18114 = ORIENTED_EDGE('',*,*,#18115,.F.);
#18115 = EDGE_CURVE('',#18116,#18116,#18118,.T.);
#18116 = VERTEX_POINT('',#18117);
#18117 = CARTESIAN_POINT('',(-0.610291213351,-42.1,194.8341139182));
#18118 = CIRCLE('',#18119,1.7);
#18119 = AXIS2_PLACEMENT_3D('',#18120,#18121,#18122);
#18120 = CARTESIAN_POINT('',(-1.949909494482,-42.1,195.88073842626));
#18121 = DIRECTION('',(0.,-1.,0.));
#18122 = DIRECTION('',(0.788010753607,0.,-0.615661475326));
#18123 = PLANE('',#18124);
#18124 = AXIS2_PLACEMENT_3D('',#18125,#18126,#18127);
#18125 = CARTESIAN_POINT('',(-1.949909494482,-42.1,195.88073842626));
#18126 = DIRECTION('',(0.,-1.,0.));
#18127 = DIRECTION('',(0.788010753607,0.,-0.615661475326));
#18128 = ADVANCED_FACE('',(#18129),#18140,.F.);
#18129 = FACE_BOUND('',#18130,.F.);
#18130 = EDGE_LOOP('',(#18131,#18132,#18138,#18139));
#18131 = ORIENTED_EDGE('',*,*,#18095,.F.);
#18132 = ORIENTED_EDGE('',*,*,#18133,.F.);
#18133 = EDGE_CURVE('',#18116,#18096,#18134,.T.);
#18134 = LINE('',#18135,#18136);
#18135 = CARTESIAN_POINT('',(-0.610291213351,-42.1,194.8341139182));
#18136 = VECTOR('',#18137,1.);
#18137 = DIRECTION('',(0.,-1.,0.));
#18138 = ORIENTED_EDGE('',*,*,#18115,.T.);
#18139 = ORIENTED_EDGE('',*,*,#18133,.T.);
#18140 = CYLINDRICAL_SURFACE('',#18141,1.7);
#18141 = AXIS2_PLACEMENT_3D('',#18142,#18143,#18144);
#18142 = CARTESIAN_POINT('',(-1.949909494482,-42.1,195.88073842626));
#18143 = DIRECTION('',(0.,-1.,0.));
#18144 = DIRECTION('',(0.788010753607,0.,-0.615661475326));
#18145 = MANIFOLD_SOLID_BREP('',#18146);
#18146 = CLOSED_SHELL('',(#18147,#18187,#18218,#18249,#18293,#18337,
    #18354,#18371,#18383));
#18147 = ADVANCED_FACE('',(#18148),#18182,.F.);
#18148 = FACE_BOUND('',#18149,.F.);
#18149 = EDGE_LOOP('',(#18150,#18160,#18168,#18176));
#18150 = ORIENTED_EDGE('',*,*,#18151,.T.);
#18151 = EDGE_CURVE('',#18152,#18154,#18156,.T.);
#18152 = VERTEX_POINT('',#18153);
#18153 = CARTESIAN_POINT('',(-1.507975544314,-48.5,199.02526187457));
#18154 = VERTEX_POINT('',#18155);
#18155 = CARTESIAN_POINT('',(-1.507975544314,-52.5,199.02526187457));
#18156 = LINE('',#18157,#18158);
#18157 = CARTESIAN_POINT('',(-1.507975544314,-48.5,199.02526187457));
#18158 = VECTOR('',#18159,1.);
#18159 = DIRECTION('',(1.749735364613E-16,-1.,-1.367043090562E-16));
#18160 = ORIENTED_EDGE('',*,*,#18161,.T.);
#18161 = EDGE_CURVE('',#18154,#18162,#18164,.T.);
#18162 = VERTEX_POINT('',#18163);
#18163 = CARTESIAN_POINT('',(-4.452179708438,-52.5,197.83572617806));
#18164 = LINE('',#18165,#18166);
#18165 = CARTESIAN_POINT('',(-1.507975544314,-52.5,199.02526187457));
#18166 = VECTOR('',#18167,1.);
#18167 = DIRECTION('',(-0.927183854567,-1.110223024625E-16,
    -0.374606593416));
#18168 = ORIENTED_EDGE('',*,*,#18169,.F.);
#18169 = EDGE_CURVE('',#18170,#18162,#18172,.T.);
#18170 = VERTEX_POINT('',#18171);
#18171 = CARTESIAN_POINT('',(-4.452179708438,-48.5,197.83572617806));
#18172 = LINE('',#18173,#18174);
#18173 = CARTESIAN_POINT('',(-4.452179708438,-48.5,197.83572617806));
#18174 = VECTOR('',#18175,1.);
#18175 = DIRECTION('',(1.749735364613E-16,-1.,-1.367043090562E-16));
#18176 = ORIENTED_EDGE('',*,*,#18177,.F.);
#18177 = EDGE_CURVE('',#18152,#18170,#18178,.T.);
#18178 = LINE('',#18179,#18180);
#18179 = CARTESIAN_POINT('',(-1.507975544314,-48.5,199.02526187457));
#18180 = VECTOR('',#18181,1.);
#18181 = DIRECTION('',(-0.927183854567,-1.110223024625E-16,
    -0.374606593416));
#18182 = PLANE('',#18183);
#18183 = AXIS2_PLACEMENT_3D('',#18184,#18185,#18186);
#18184 = CARTESIAN_POINT('',(-1.507975544314,-48.5,199.02526187457));
#18185 = DIRECTION('',(0.374606593416,1.922962686384E-16,-0.927183854567
    ));
#18186 = DIRECTION('',(-0.927183854567,-1.110223024625E-16,
    -0.374606593416));
#18187 = ADVANCED_FACE('',(#18188),#18213,.F.);
#18188 = FACE_BOUND('',#18189,.F.);
#18189 = EDGE_LOOP('',(#18190,#18200,#18206,#18207));
#18190 = ORIENTED_EDGE('',*,*,#18191,.T.);
#18191 = EDGE_CURVE('',#18192,#18194,#18196,.T.);
#18192 = VERTEX_POINT('',#18193);
#18193 = CARTESIAN_POINT('',(0.994294669641,-48.5,197.07027412278));
#18194 = VERTEX_POINT('',#18195);
#18195 = CARTESIAN_POINT('',(0.994294669641,-52.5,197.07027412278));
#18196 = LINE('',#18197,#18198);
#18197 = CARTESIAN_POINT('',(0.994294669641,-48.5,197.07027412278));
#18198 = VECTOR('',#18199,1.);
#18199 = DIRECTION('',(1.749735364613E-16,-1.,-1.367043090562E-16));
#18200 = ORIENTED_EDGE('',*,*,#18201,.T.);
#18201 = EDGE_CURVE('',#18194,#18154,#18202,.T.);
#18202 = LINE('',#18203,#18204);
#18203 = CARTESIAN_POINT('',(0.994294669641,-52.5,197.07027412278));
#18204 = VECTOR('',#18205,1.);
#18205 = DIRECTION('',(-0.788010753607,-2.22044604925E-16,0.615661475326
    ));
#18206 = ORIENTED_EDGE('',*,*,#18151,.F.);
#18207 = ORIENTED_EDGE('',*,*,#18208,.F.);
#18208 = EDGE_CURVE('',#18192,#18152,#18209,.T.);
#18209 = LINE('',#18210,#18211);
#18210 = CARTESIAN_POINT('',(0.994294669641,-48.5,197.07027412278));
#18211 = VECTOR('',#18212,1.);
#18212 = DIRECTION('',(-0.788010753607,-2.22044604925E-16,0.615661475326
    ));
#18213 = PLANE('',#18214);
#18214 = AXIS2_PLACEMENT_3D('',#18215,#18216,#18217);
#18215 = CARTESIAN_POINT('',(0.994294669641,-48.5,197.07027412278));
#18216 = DIRECTION('',(-0.615661475326,-9.316003417824E-32,
    -0.788010753607));
#18217 = DIRECTION('',(-0.788010753607,-2.22044604925E-16,0.615661475326
    ));
#18218 = ADVANCED_FACE('',(#18219),#18244,.F.);
#18219 = FACE_BOUND('',#18220,.F.);
#18220 = EDGE_LOOP('',(#18221,#18222,#18230,#18238));
#18221 = ORIENTED_EDGE('',*,*,#18169,.T.);
#18222 = ORIENTED_EDGE('',*,*,#18223,.T.);
#18223 = EDGE_CURVE('',#18162,#18224,#18226,.T.);
#18224 = VERTEX_POINT('',#18225);
#18225 = CARTESIAN_POINT('',(-4.894113658606,-52.5,194.69120272974));
#18226 = LINE('',#18227,#18228);
#18227 = CARTESIAN_POINT('',(-4.452179708438,-52.5,197.83572617806));
#18228 = VECTOR('',#18229,1.);
#18229 = DIRECTION('',(-0.13917310096,1.110223024625E-16,-0.990268068742
    ));
#18230 = ORIENTED_EDGE('',*,*,#18231,.F.);
#18231 = EDGE_CURVE('',#18232,#18224,#18234,.T.);
#18232 = VERTEX_POINT('',#18233);
#18233 = CARTESIAN_POINT('',(-4.894113658606,-48.5,194.69120272974));
#18234 = LINE('',#18235,#18236);
#18235 = CARTESIAN_POINT('',(-4.894113658606,-48.5,194.69120272974));
#18236 = VECTOR('',#18237,1.);
#18237 = DIRECTION('',(1.749735364613E-16,-1.,-1.367043090562E-16));
#18238 = ORIENTED_EDGE('',*,*,#18239,.F.);
#18239 = EDGE_CURVE('',#18170,#18232,#18240,.T.);
#18240 = LINE('',#18241,#18242);
#18241 = CARTESIAN_POINT('',(-4.452179708438,-48.5,197.83572617806));
#18242 = VECTOR('',#18243,1.);
#18243 = DIRECTION('',(-0.13917310096,1.110223024625E-16,-0.990268068742
    ));
#18244 = PLANE('',#18245);
#18245 = AXIS2_PLACEMENT_3D('',#18246,#18247,#18248);
#18246 = CARTESIAN_POINT('',(-4.452179708438,-48.5,197.83572617806));
#18247 = DIRECTION('',(0.990268068742,1.922962686384E-16,-0.13917310096)
  );
#18248 = DIRECTION('',(-0.13917310096,1.110223024625E-16,-0.990268068742
    ));
#18249 = ADVANCED_FACE('',(#18250,#18277),#18288,.F.);
#18250 = FACE_BOUND('',#18251,.F.);
#18251 = EDGE_LOOP('',(#18252,#18253,#18254,#18262,#18270,#18276));
#18252 = ORIENTED_EDGE('',*,*,#18177,.T.);
#18253 = ORIENTED_EDGE('',*,*,#18239,.T.);
#18254 = ORIENTED_EDGE('',*,*,#18255,.T.);
#18255 = EDGE_CURVE('',#18232,#18256,#18258,.T.);
#18256 = VERTEX_POINT('',#18257);
#18257 = CARTESIAN_POINT('',(-2.39184344465,-48.5,192.73621497794));
#18258 = LINE('',#18259,#18260);
#18259 = CARTESIAN_POINT('',(-4.894113658606,-48.5,194.69120272974));
#18260 = VECTOR('',#18261,1.);
#18261 = DIRECTION('',(0.788010753607,2.22044604925E-16,-0.615661475326)
  );
#18262 = ORIENTED_EDGE('',*,*,#18263,.T.);
#18263 = EDGE_CURVE('',#18256,#18264,#18266,.T.);
#18264 = VERTEX_POINT('',#18265);
#18265 = CARTESIAN_POINT('',(0.552360719473,-48.5,193.92575067446));
#18266 = LINE('',#18267,#18268);
#18267 = CARTESIAN_POINT('',(-2.39184344465,-48.5,192.73621497794));
#18268 = VECTOR('',#18269,1.);
#18269 = DIRECTION('',(0.927183854567,1.110223024625E-16,0.374606593416)
  );
#18270 = ORIENTED_EDGE('',*,*,#18271,.T.);
#18271 = EDGE_CURVE('',#18264,#18192,#18272,.T.);
#18272 = LINE('',#18273,#18274);
#18273 = CARTESIAN_POINT('',(0.552360719473,-48.5,193.92575067446));
#18274 = VECTOR('',#18275,1.);
#18275 = DIRECTION('',(0.13917310096,-1.110223024625E-16,0.990268068742)
  );
#18276 = ORIENTED_EDGE('',*,*,#18208,.T.);
#18277 = FACE_BOUND('',#18278,.F.);
#18278 = EDGE_LOOP('',(#18279));
#18279 = ORIENTED_EDGE('',*,*,#18280,.F.);
#18280 = EDGE_CURVE('',#18281,#18281,#18283,.T.);
#18281 = VERTEX_POINT('',#18282);
#18282 = CARTESIAN_POINT('',(-0.728492826392,-48.5,194.9264631395));
#18283 = CIRCLE('',#18284,1.55);
#18284 = AXIS2_PLACEMENT_3D('',#18285,#18286,#18287);
#18285 = CARTESIAN_POINT('',(-1.949909494482,-48.5,195.88073842626));
#18286 = DIRECTION('',(0.,-1.,0.));
#18287 = DIRECTION('',(0.788010753607,0.,-0.615661475326));
#18288 = PLANE('',#18289);
#18289 = AXIS2_PLACEMENT_3D('',#18290,#18291,#18292);
#18290 = CARTESIAN_POINT('',(-1.949909494482,-48.5,195.88073842626));
#18291 = DIRECTION('',(1.749735364613E-16,-1.,-1.367043090562E-16));
#18292 = DIRECTION('',(0.615661475326,0.,0.788010753607));
#18293 = ADVANCED_FACE('',(#18294,#18321),#18332,.T.);
#18294 = FACE_BOUND('',#18295,.T.);
#18295 = EDGE_LOOP('',(#18296,#18297,#18298,#18306,#18314,#18320));
#18296 = ORIENTED_EDGE('',*,*,#18161,.T.);
#18297 = ORIENTED_EDGE('',*,*,#18223,.T.);
#18298 = ORIENTED_EDGE('',*,*,#18299,.T.);
#18299 = EDGE_CURVE('',#18224,#18300,#18302,.T.);
#18300 = VERTEX_POINT('',#18301);
#18301 = CARTESIAN_POINT('',(-2.39184344465,-52.5,192.73621497794));
#18302 = LINE('',#18303,#18304);
#18303 = CARTESIAN_POINT('',(-4.894113658606,-52.5,194.69120272974));
#18304 = VECTOR('',#18305,1.);
#18305 = DIRECTION('',(0.788010753607,2.22044604925E-16,-0.615661475326)
  );
#18306 = ORIENTED_EDGE('',*,*,#18307,.T.);
#18307 = EDGE_CURVE('',#18300,#18308,#18310,.T.);
#18308 = VERTEX_POINT('',#18309);
#18309 = CARTESIAN_POINT('',(0.552360719473,-52.5,193.92575067446));
#18310 = LINE('',#18311,#18312);
#18311 = CARTESIAN_POINT('',(-2.39184344465,-52.5,192.73621497794));
#18312 = VECTOR('',#18313,1.);
#18313 = DIRECTION('',(0.927183854567,1.110223024625E-16,0.374606593416)
  );
#18314 = ORIENTED_EDGE('',*,*,#18315,.T.);
#18315 = EDGE_CURVE('',#18308,#18194,#18316,.T.);
#18316 = LINE('',#18317,#18318);
#18317 = CARTESIAN_POINT('',(0.552360719473,-52.5,193.92575067446));
#18318 = VECTOR('',#18319,1.);
#18319 = DIRECTION('',(0.13917310096,-1.110223024625E-16,0.990268068742)
  );
#18320 = ORIENTED_EDGE('',*,*,#18201,.T.);
#18321 = FACE_BOUND('',#18322,.T.);
#18322 = EDGE_LOOP('',(#18323));
#18323 = ORIENTED_EDGE('',*,*,#18324,.F.);
#18324 = EDGE_CURVE('',#18325,#18325,#18327,.T.);
#18325 = VERTEX_POINT('',#18326);
#18326 = CARTESIAN_POINT('',(-0.728492826392,-52.5,194.9264631395));
#18327 = CIRCLE('',#18328,1.55);
#18328 = AXIS2_PLACEMENT_3D('',#18329,#18330,#18331);
#18329 = CARTESIAN_POINT('',(-1.949909494482,-52.5,195.88073842626));
#18330 = DIRECTION('',(0.,-1.,0.));
#18331 = DIRECTION('',(0.788010753607,0.,-0.615661475326));
#18332 = PLANE('',#18333);
#18333 = AXIS2_PLACEMENT_3D('',#18334,#18335,#18336);
#18334 = CARTESIAN_POINT('',(-1.949909494482,-52.5,195.88073842626));
#18335 = DIRECTION('',(1.749735364613E-16,-1.,-1.367043090562E-16));
#18336 = DIRECTION('',(0.615661475326,0.,0.788010753607));
#18337 = ADVANCED_FACE('',(#18338),#18349,.F.);
#18338 = FACE_BOUND('',#18339,.F.);
#18339 = EDGE_LOOP('',(#18340,#18346,#18347,#18348));
#18340 = ORIENTED_EDGE('',*,*,#18341,.T.);
#18341 = EDGE_CURVE('',#18264,#18308,#18342,.T.);
#18342 = LINE('',#18343,#18344);
#18343 = CARTESIAN_POINT('',(0.552360719473,-48.5,193.92575067446));
#18344 = VECTOR('',#18345,1.);
#18345 = DIRECTION('',(1.749735364613E-16,-1.,-1.367043090562E-16));
#18346 = ORIENTED_EDGE('',*,*,#18315,.T.);
#18347 = ORIENTED_EDGE('',*,*,#18191,.F.);
#18348 = ORIENTED_EDGE('',*,*,#18271,.F.);
#18349 = PLANE('',#18350);
#18350 = AXIS2_PLACEMENT_3D('',#18351,#18352,#18353);
#18351 = CARTESIAN_POINT('',(0.552360719473,-48.5,193.92575067446));
#18352 = DIRECTION('',(-0.990268068742,-1.922962686384E-16,0.13917310096
    ));
#18353 = DIRECTION('',(0.13917310096,-1.110223024625E-16,0.990268068742)
  );
#18354 = ADVANCED_FACE('',(#18355),#18366,.F.);
#18355 = FACE_BOUND('',#18356,.F.);
#18356 = EDGE_LOOP('',(#18357,#18358,#18359,#18365));
#18357 = ORIENTED_EDGE('',*,*,#18231,.T.);
#18358 = ORIENTED_EDGE('',*,*,#18299,.T.);
#18359 = ORIENTED_EDGE('',*,*,#18360,.F.);
#18360 = EDGE_CURVE('',#18256,#18300,#18361,.T.);
#18361 = LINE('',#18362,#18363);
#18362 = CARTESIAN_POINT('',(-2.39184344465,-48.5,192.73621497794));
#18363 = VECTOR('',#18364,1.);
#18364 = DIRECTION('',(1.749735364613E-16,-1.,-1.367043090562E-16));
#18365 = ORIENTED_EDGE('',*,*,#18255,.F.);
#18366 = PLANE('',#18367);
#18367 = AXIS2_PLACEMENT_3D('',#18368,#18369,#18370);
#18368 = CARTESIAN_POINT('',(-4.894113658606,-48.5,194.69120272974));
#18369 = DIRECTION('',(0.615661475326,-3.105334472608E-32,0.788010753607
    ));
#18370 = DIRECTION('',(0.788010753607,2.22044604925E-16,-0.615661475326)
  );
#18371 = ADVANCED_FACE('',(#18372),#18378,.F.);
#18372 = FACE_BOUND('',#18373,.F.);
#18373 = EDGE_LOOP('',(#18374,#18375,#18376,#18377));
#18374 = ORIENTED_EDGE('',*,*,#18360,.T.);
#18375 = ORIENTED_EDGE('',*,*,#18307,.T.);
#18376 = ORIENTED_EDGE('',*,*,#18341,.F.);
#18377 = ORIENTED_EDGE('',*,*,#18263,.F.);
#18378 = PLANE('',#18379);
#18379 = AXIS2_PLACEMENT_3D('',#18380,#18381,#18382);
#18380 = CARTESIAN_POINT('',(-2.39184344465,-48.5,192.73621497794));
#18381 = DIRECTION('',(-0.374606593416,-1.922962686384E-16,
    0.927183854567));
#18382 = DIRECTION('',(0.927183854567,1.110223024625E-16,0.374606593416)
  );
#18383 = ADVANCED_FACE('',(#18384),#18395,.F.);
#18384 = FACE_BOUND('',#18385,.F.);
#18385 = EDGE_LOOP('',(#18386,#18387,#18393,#18394));
#18386 = ORIENTED_EDGE('',*,*,#18324,.F.);
#18387 = ORIENTED_EDGE('',*,*,#18388,.F.);
#18388 = EDGE_CURVE('',#18281,#18325,#18389,.T.);
#18389 = LINE('',#18390,#18391);
#18390 = CARTESIAN_POINT('',(-0.728492826392,-48.5,194.9264631395));
#18391 = VECTOR('',#18392,1.);
#18392 = DIRECTION('',(0.,-1.,0.));
#18393 = ORIENTED_EDGE('',*,*,#18280,.T.);
#18394 = ORIENTED_EDGE('',*,*,#18388,.T.);
#18395 = CYLINDRICAL_SURFACE('',#18396,1.55);
#18396 = AXIS2_PLACEMENT_3D('',#18397,#18398,#18399);
#18397 = CARTESIAN_POINT('',(-1.949909494482,-48.5,195.88073842626));
#18398 = DIRECTION('',(0.,-1.,0.));
#18399 = DIRECTION('',(0.788010753607,0.,-0.615661475326));
#18400 = MANIFOLD_SOLID_BREP('',#18401);
#18401 = CLOSED_SHELL('',(#18402,#18435,#18455,#18475));
#18402 = ADVANCED_FACE('',(#18403),#18430,.T.);
#18403 = FACE_BOUND('',#18404,.T.);
#18404 = EDGE_LOOP('',(#18405,#18414,#18422,#18429));
#18405 = ORIENTED_EDGE('',*,*,#18406,.F.);
#18406 = EDGE_CURVE('',#18407,#18407,#18409,.T.);
#18407 = VERTEX_POINT('',#18408);
#18408 = CARTESIAN_POINT('',(0.808128143141,-48.5,193.72592326262));
#18409 = CIRCLE('',#18410,3.5);
#18410 = AXIS2_PLACEMENT_3D('',#18411,#18412,#18413);
#18411 = CARTESIAN_POINT('',(-1.949909494482,-48.5,195.88073842626));
#18412 = DIRECTION('',(0.,-1.,0.));
#18413 = DIRECTION('',(0.788010753607,0.,-0.615661475326));
#18414 = ORIENTED_EDGE('',*,*,#18415,.F.);
#18415 = EDGE_CURVE('',#18416,#18407,#18418,.T.);
#18416 = VERTEX_POINT('',#18417);
#18417 = CARTESIAN_POINT('',(0.808128143141,-48.,193.72592326262));
#18418 = LINE('',#18419,#18420);
#18419 = CARTESIAN_POINT('',(0.808128143141,-48.,193.72592326262));
#18420 = VECTOR('',#18421,1.);
#18421 = DIRECTION('',(0.,-1.,0.));
#18422 = ORIENTED_EDGE('',*,*,#18423,.T.);
#18423 = EDGE_CURVE('',#18416,#18416,#18424,.T.);
#18424 = CIRCLE('',#18425,3.5);
#18425 = AXIS2_PLACEMENT_3D('',#18426,#18427,#18428);
#18426 = CARTESIAN_POINT('',(-1.949909494482,-48.,195.88073842626));
#18427 = DIRECTION('',(0.,-1.,0.));
#18428 = DIRECTION('',(0.788010753607,0.,-0.615661475326));
#18429 = ORIENTED_EDGE('',*,*,#18415,.T.);
#18430 = CYLINDRICAL_SURFACE('',#18431,3.5);
#18431 = AXIS2_PLACEMENT_3D('',#18432,#18433,#18434);
#18432 = CARTESIAN_POINT('',(-1.949909494482,-48.,195.88073842626));
#18433 = DIRECTION('',(0.,-1.,0.));
#18434 = DIRECTION('',(0.788010753607,0.,-0.615661475326));
#18435 = ADVANCED_FACE('',(#18436,#18439),#18450,.T.);
#18436 = FACE_BOUND('',#18437,.T.);
#18437 = EDGE_LOOP('',(#18438));
#18438 = ORIENTED_EDGE('',*,*,#18406,.T.);
#18439 = FACE_BOUND('',#18440,.T.);
#18440 = EDGE_LOOP('',(#18441));
#18441 = ORIENTED_EDGE('',*,*,#18442,.F.);
#18442 = EDGE_CURVE('',#18443,#18443,#18445,.T.);
#18443 = VERTEX_POINT('',#18444);
#18444 = CARTESIAN_POINT('',(-0.610291213351,-48.5,194.8341139182));
#18445 = CIRCLE('',#18446,1.7);
#18446 = AXIS2_PLACEMENT_3D('',#18447,#18448,#18449);
#18447 = CARTESIAN_POINT('',(-1.949909494482,-48.5,195.88073842626));
#18448 = DIRECTION('',(0.,-1.,0.));
#18449 = DIRECTION('',(0.788010753607,0.,-0.615661475326));
#18450 = PLANE('',#18451);
#18451 = AXIS2_PLACEMENT_3D('',#18452,#18453,#18454);
#18452 = CARTESIAN_POINT('',(-1.949909494482,-48.5,195.88073842626));
#18453 = DIRECTION('',(0.,-1.,0.));
#18454 = DIRECTION('',(0.788010753607,0.,-0.615661475326));
#18455 = ADVANCED_FACE('',(#18456,#18459),#18470,.F.);
#18456 = FACE_BOUND('',#18457,.F.);
#18457 = EDGE_LOOP('',(#18458));
#18458 = ORIENTED_EDGE('',*,*,#18423,.T.);
#18459 = FACE_BOUND('',#18460,.F.);
#18460 = EDGE_LOOP('',(#18461));
#18461 = ORIENTED_EDGE('',*,*,#18462,.F.);
#18462 = EDGE_CURVE('',#18463,#18463,#18465,.T.);
#18463 = VERTEX_POINT('',#18464);
#18464 = CARTESIAN_POINT('',(-0.610291213351,-48.,194.8341139182));
#18465 = CIRCLE('',#18466,1.7);
#18466 = AXIS2_PLACEMENT_3D('',#18467,#18468,#18469);
#18467 = CARTESIAN_POINT('',(-1.949909494482,-48.,195.88073842626));
#18468 = DIRECTION('',(0.,-1.,0.));
#18469 = DIRECTION('',(0.788010753607,0.,-0.615661475326));
#18470 = PLANE('',#18471);
#18471 = AXIS2_PLACEMENT_3D('',#18472,#18473,#18474);
#18472 = CARTESIAN_POINT('',(-1.949909494482,-48.,195.88073842626));
#18473 = DIRECTION('',(0.,-1.,0.));
#18474 = DIRECTION('',(0.788010753607,0.,-0.615661475326));
#18475 = ADVANCED_FACE('',(#18476),#18487,.F.);
#18476 = FACE_BOUND('',#18477,.F.);
#18477 = EDGE_LOOP('',(#18478,#18479,#18485,#18486));
#18478 = ORIENTED_EDGE('',*,*,#18442,.F.);
#18479 = ORIENTED_EDGE('',*,*,#18480,.F.);
#18480 = EDGE_CURVE('',#18463,#18443,#18481,.T.);
#18481 = LINE('',#18482,#18483);
#18482 = CARTESIAN_POINT('',(-0.610291213351,-48.,194.8341139182));
#18483 = VECTOR('',#18484,1.);
#18484 = DIRECTION('',(0.,-1.,0.));
#18485 = ORIENTED_EDGE('',*,*,#18462,.T.);
#18486 = ORIENTED_EDGE('',*,*,#18480,.T.);
#18487 = CYLINDRICAL_SURFACE('',#18488,1.7);
#18488 = AXIS2_PLACEMENT_3D('',#18489,#18490,#18491);
#18489 = CARTESIAN_POINT('',(-1.949909494482,-48.,195.88073842626));
#18490 = DIRECTION('',(0.,-1.,0.));
#18491 = DIRECTION('',(0.788010753607,0.,-0.615661475326));
#18492 = MANIFOLD_SOLID_BREP('',#18493);
#18493 = CLOSED_SHELL('',(#18494,#18527,#18536,#18556,#18581));
#18494 = ADVANCED_FACE('',(#18495),#18522,.T.);
#18495 = FACE_BOUND('',#18496,.T.);
#18496 = EDGE_LOOP('',(#18497,#18506,#18514,#18521));
#18497 = ORIENTED_EDGE('',*,*,#18498,.F.);
#18498 = EDGE_CURVE('',#18499,#18499,#18501,.T.);
#18499 = VERTEX_POINT('',#18500);
#18500 = CARTESIAN_POINT('',(-14.77752337121,-53.,177.18816444006));
#18501 = CIRCLE('',#18502,1.4);
#18502 = AXIS2_PLACEMENT_3D('',#18503,#18504,#18505);
#18503 = CARTESIAN_POINT('',(-15.88073842626,-53.,178.05009050551));
#18504 = DIRECTION('',(0.,-1.,0.));
#18505 = DIRECTION('',(0.788010753607,0.,-0.615661475326));
#18506 = ORIENTED_EDGE('',*,*,#18507,.F.);
#18507 = EDGE_CURVE('',#18508,#18499,#18510,.T.);
#18508 = VERTEX_POINT('',#18509);
#18509 = CARTESIAN_POINT('',(-14.77752337121,-42.1,177.18816444006));
#18510 = LINE('',#18511,#18512);
#18511 = CARTESIAN_POINT('',(-14.77752337121,-42.1,177.18816444006));
#18512 = VECTOR('',#18513,1.);
#18513 = DIRECTION('',(0.,-1.,0.));
#18514 = ORIENTED_EDGE('',*,*,#18515,.T.);
#18515 = EDGE_CURVE('',#18508,#18508,#18516,.T.);
#18516 = CIRCLE('',#18517,1.4);
#18517 = AXIS2_PLACEMENT_3D('',#18518,#18519,#18520);
#18518 = CARTESIAN_POINT('',(-15.88073842626,-42.1,178.05009050551));
#18519 = DIRECTION('',(0.,-1.,0.));
#18520 = DIRECTION('',(0.788010753607,0.,-0.615661475326));
#18521 = ORIENTED_EDGE('',*,*,#18507,.T.);
#18522 = CYLINDRICAL_SURFACE('',#18523,1.4);
#18523 = AXIS2_PLACEMENT_3D('',#18524,#18525,#18526);
#18524 = CARTESIAN_POINT('',(-15.88073842626,-42.1,178.05009050551));
#18525 = DIRECTION('',(0.,-1.,0.));
#18526 = DIRECTION('',(0.788010753607,0.,-0.615661475326));
#18527 = ADVANCED_FACE('',(#18528),#18531,.T.);
#18528 = FACE_BOUND('',#18529,.T.);
#18529 = EDGE_LOOP('',(#18530));
#18530 = ORIENTED_EDGE('',*,*,#18498,.T.);
#18531 = PLANE('',#18532);
#18532 = AXIS2_PLACEMENT_3D('',#18533,#18534,#18535);
#18533 = CARTESIAN_POINT('',(-15.88073842626,-53.,178.05009050551));
#18534 = DIRECTION('',(0.,-1.,0.));
#18535 = DIRECTION('',(0.788010753607,0.,-0.615661475326));
#18536 = ADVANCED_FACE('',(#18537,#18548),#18551,.T.);
#18537 = FACE_BOUND('',#18538,.T.);
#18538 = EDGE_LOOP('',(#18539));
#18539 = ORIENTED_EDGE('',*,*,#18540,.T.);
#18540 = EDGE_CURVE('',#18541,#18541,#18543,.T.);
#18541 = VERTEX_POINT('',#18542);
#18542 = CARTESIAN_POINT('',(-13.71370885384,-42.1,176.35702144837));
#18543 = CIRCLE('',#18544,2.75);
#18544 = AXIS2_PLACEMENT_3D('',#18545,#18546,#18547);
#18545 = CARTESIAN_POINT('',(-15.88073842626,-42.1,178.05009050551));
#18546 = DIRECTION('',(0.,-1.,0.));
#18547 = DIRECTION('',(0.788010753607,0.,-0.615661475326));
#18548 = FACE_BOUND('',#18549,.T.);
#18549 = EDGE_LOOP('',(#18550));
#18550 = ORIENTED_EDGE('',*,*,#18515,.F.);
#18551 = PLANE('',#18552);
#18552 = AXIS2_PLACEMENT_3D('',#18553,#18554,#18555);
#18553 = CARTESIAN_POINT('',(-15.88073842626,-42.1,178.05009050551));
#18554 = DIRECTION('',(0.,-1.,0.));
#18555 = DIRECTION('',(0.788010753607,0.,-0.615661475326));
#18556 = ADVANCED_FACE('',(#18557),#18576,.T.);
#18557 = FACE_BOUND('',#18558,.T.);
#18558 = EDGE_LOOP('',(#18559,#18560,#18568,#18575));
#18559 = ORIENTED_EDGE('',*,*,#18540,.F.);
#18560 = ORIENTED_EDGE('',*,*,#18561,.F.);
#18561 = EDGE_CURVE('',#18562,#18541,#18564,.T.);
#18562 = VERTEX_POINT('',#18563);
#18563 = CARTESIAN_POINT('',(-13.71370885384,-39.1,176.35702144837));
#18564 = LINE('',#18565,#18566);
#18565 = CARTESIAN_POINT('',(-13.71370885384,-39.1,176.35702144837));
#18566 = VECTOR('',#18567,1.);
#18567 = DIRECTION('',(0.,-1.,0.));
#18568 = ORIENTED_EDGE('',*,*,#18569,.T.);
#18569 = EDGE_CURVE('',#18562,#18562,#18570,.T.);
#18570 = CIRCLE('',#18571,2.75);
#18571 = AXIS2_PLACEMENT_3D('',#18572,#18573,#18574);
#18572 = CARTESIAN_POINT('',(-15.88073842626,-39.1,178.05009050551));
#18573 = DIRECTION('',(0.,-1.,0.));
#18574 = DIRECTION('',(0.788010753607,0.,-0.615661475326));
#18575 = ORIENTED_EDGE('',*,*,#18561,.T.);
#18576 = CYLINDRICAL_SURFACE('',#18577,2.75);
#18577 = AXIS2_PLACEMENT_3D('',#18578,#18579,#18580);
#18578 = CARTESIAN_POINT('',(-15.88073842626,-39.1,178.05009050551));
#18579 = DIRECTION('',(0.,-1.,0.));
#18580 = DIRECTION('',(0.788010753607,0.,-0.615661475326));
#18581 = ADVANCED_FACE('',(#18582),#18585,.F.);
#18582 = FACE_BOUND('',#18583,.T.);
#18583 = EDGE_LOOP('',(#18584));
#18584 = ORIENTED_EDGE('',*,*,#18569,.F.);
#18585 = PLANE('',#18586);
#18586 = AXIS2_PLACEMENT_3D('',#18587,#18588,#18589);
#18587 = CARTESIAN_POINT('',(-15.88073842626,-39.1,178.05009050551));
#18588 = DIRECTION('',(0.,-1.,0.));
#18589 = DIRECTION('',(0.788010753607,0.,-0.615661475326));
#18590 = MANIFOLD_SOLID_BREP('',#18591);
#18591 = CLOSED_SHELL('',(#18592,#18625,#18645,#18665));
#18592 = ADVANCED_FACE('',(#18593),#18620,.T.);
#18593 = FACE_BOUND('',#18594,.T.);
#18594 = EDGE_LOOP('',(#18595,#18604,#18612,#18619));
#18595 = ORIENTED_EDGE('',*,*,#18596,.F.);
#18596 = EDGE_CURVE('',#18597,#18597,#18599,.T.);
#18597 = VERTEX_POINT('',#18598);
#18598 = CARTESIAN_POINT('',(-13.12270078863,-42.6,175.89527534187));
#18599 = CIRCLE('',#18600,3.5);
#18600 = AXIS2_PLACEMENT_3D('',#18601,#18602,#18603);
#18601 = CARTESIAN_POINT('',(-15.88073842626,-42.6,178.05009050551));
#18602 = DIRECTION('',(0.,-1.,0.));
#18603 = DIRECTION('',(0.788010753607,0.,-0.615661475326));
#18604 = ORIENTED_EDGE('',*,*,#18605,.F.);
#18605 = EDGE_CURVE('',#18606,#18597,#18608,.T.);
#18606 = VERTEX_POINT('',#18607);
#18607 = CARTESIAN_POINT('',(-13.12270078863,-42.1,175.89527534187));
#18608 = LINE('',#18609,#18610);
#18609 = CARTESIAN_POINT('',(-13.12270078863,-42.1,175.89527534187));
#18610 = VECTOR('',#18611,1.);
#18611 = DIRECTION('',(0.,-1.,0.));
#18612 = ORIENTED_EDGE('',*,*,#18613,.T.);
#18613 = EDGE_CURVE('',#18606,#18606,#18614,.T.);
#18614 = CIRCLE('',#18615,3.5);
#18615 = AXIS2_PLACEMENT_3D('',#18616,#18617,#18618);
#18616 = CARTESIAN_POINT('',(-15.88073842626,-42.1,178.05009050551));
#18617 = DIRECTION('',(0.,-1.,0.));
#18618 = DIRECTION('',(0.788010753607,0.,-0.615661475326));
#18619 = ORIENTED_EDGE('',*,*,#18605,.T.);
#18620 = CYLINDRICAL_SURFACE('',#18621,3.5);
#18621 = AXIS2_PLACEMENT_3D('',#18622,#18623,#18624);
#18622 = CARTESIAN_POINT('',(-15.88073842626,-42.1,178.05009050551));
#18623 = DIRECTION('',(0.,-1.,0.));
#18624 = DIRECTION('',(0.788010753607,0.,-0.615661475326));
#18625 = ADVANCED_FACE('',(#18626,#18629),#18640,.T.);
#18626 = FACE_BOUND('',#18627,.T.);
#18627 = EDGE_LOOP('',(#18628));
#18628 = ORIENTED_EDGE('',*,*,#18596,.T.);
#18629 = FACE_BOUND('',#18630,.T.);
#18630 = EDGE_LOOP('',(#18631));
#18631 = ORIENTED_EDGE('',*,*,#18632,.F.);
#18632 = EDGE_CURVE('',#18633,#18633,#18635,.T.);
#18633 = VERTEX_POINT('',#18634);
#18634 = CARTESIAN_POINT('',(-14.54112014513,-42.6,177.00346599746));
#18635 = CIRCLE('',#18636,1.7);
#18636 = AXIS2_PLACEMENT_3D('',#18637,#18638,#18639);
#18637 = CARTESIAN_POINT('',(-15.88073842626,-42.6,178.05009050551));
#18638 = DIRECTION('',(0.,-1.,0.));
#18639 = DIRECTION('',(0.788010753607,0.,-0.615661475326));
#18640 = PLANE('',#18641);
#18641 = AXIS2_PLACEMENT_3D('',#18642,#18643,#18644);
#18642 = CARTESIAN_POINT('',(-15.88073842626,-42.6,178.05009050551));
#18643 = DIRECTION('',(0.,-1.,0.));
#18644 = DIRECTION('',(0.788010753607,0.,-0.615661475326));
#18645 = ADVANCED_FACE('',(#18646,#18649),#18660,.F.);
#18646 = FACE_BOUND('',#18647,.F.);
#18647 = EDGE_LOOP('',(#18648));
#18648 = ORIENTED_EDGE('',*,*,#18613,.T.);
#18649 = FACE_BOUND('',#18650,.F.);
#18650 = EDGE_LOOP('',(#18651));
#18651 = ORIENTED_EDGE('',*,*,#18652,.F.);
#18652 = EDGE_CURVE('',#18653,#18653,#18655,.T.);
#18653 = VERTEX_POINT('',#18654);
#18654 = CARTESIAN_POINT('',(-14.54112014513,-42.1,177.00346599746));
#18655 = CIRCLE('',#18656,1.7);
#18656 = AXIS2_PLACEMENT_3D('',#18657,#18658,#18659);
#18657 = CARTESIAN_POINT('',(-15.88073842626,-42.1,178.05009050551));
#18658 = DIRECTION('',(0.,-1.,0.));
#18659 = DIRECTION('',(0.788010753607,0.,-0.615661475326));
#18660 = PLANE('',#18661);
#18661 = AXIS2_PLACEMENT_3D('',#18662,#18663,#18664);
#18662 = CARTESIAN_POINT('',(-15.88073842626,-42.1,178.05009050551));
#18663 = DIRECTION('',(0.,-1.,0.));
#18664 = DIRECTION('',(0.788010753607,0.,-0.615661475326));
#18665 = ADVANCED_FACE('',(#18666),#18677,.F.);
#18666 = FACE_BOUND('',#18667,.F.);
#18667 = EDGE_LOOP('',(#18668,#18669,#18675,#18676));
#18668 = ORIENTED_EDGE('',*,*,#18632,.F.);
#18669 = ORIENTED_EDGE('',*,*,#18670,.F.);
#18670 = EDGE_CURVE('',#18653,#18633,#18671,.T.);
#18671 = LINE('',#18672,#18673);
#18672 = CARTESIAN_POINT('',(-14.54112014513,-42.1,177.00346599746));
#18673 = VECTOR('',#18674,1.);
#18674 = DIRECTION('',(0.,-1.,0.));
#18675 = ORIENTED_EDGE('',*,*,#18652,.T.);
#18676 = ORIENTED_EDGE('',*,*,#18670,.T.);
#18677 = CYLINDRICAL_SURFACE('',#18678,1.7);
#18678 = AXIS2_PLACEMENT_3D('',#18679,#18680,#18681);
#18679 = CARTESIAN_POINT('',(-15.88073842626,-42.1,178.05009050551));
#18680 = DIRECTION('',(0.,-1.,0.));
#18681 = DIRECTION('',(0.788010753607,0.,-0.615661475326));
#18682 = MANIFOLD_SOLID_BREP('',#18683);
#18683 = CLOSED_SHELL('',(#18684,#18724,#18755,#18786,#18830,#18874,
    #18891,#18908,#18920));
#18684 = ADVANCED_FACE('',(#18685),#18719,.F.);
#18685 = FACE_BOUND('',#18686,.F.);
#18686 = EDGE_LOOP('',(#18687,#18697,#18705,#18713));
#18687 = ORIENTED_EDGE('',*,*,#18688,.T.);
#18688 = EDGE_CURVE('',#18689,#18691,#18693,.T.);
#18689 = VERTEX_POINT('',#18690);
#18690 = CARTESIAN_POINT('',(-15.43880447609,-48.5,181.19461395383));
#18691 = VERTEX_POINT('',#18692);
#18692 = CARTESIAN_POINT('',(-15.43880447609,-52.5,181.19461395383));
#18693 = LINE('',#18694,#18695);
#18694 = CARTESIAN_POINT('',(-15.43880447609,-48.5,181.19461395383));
#18695 = VECTOR('',#18696,1.);
#18696 = DIRECTION('',(1.749735364613E-16,-1.,-1.367043090562E-16));
#18697 = ORIENTED_EDGE('',*,*,#18698,.T.);
#18698 = EDGE_CURVE('',#18691,#18699,#18701,.T.);
#18699 = VERTEX_POINT('',#18700);
#18700 = CARTESIAN_POINT('',(-18.38300864021,-52.5,180.00507825731));
#18701 = LINE('',#18702,#18703);
#18702 = CARTESIAN_POINT('',(-15.43880447609,-52.5,181.19461395383));
#18703 = VECTOR('',#18704,1.);
#18704 = DIRECTION('',(-0.927183854567,-1.110223024625E-16,
    -0.374606593416));
#18705 = ORIENTED_EDGE('',*,*,#18706,.F.);
#18706 = EDGE_CURVE('',#18707,#18699,#18709,.T.);
#18707 = VERTEX_POINT('',#18708);
#18708 = CARTESIAN_POINT('',(-18.38300864021,-48.5,180.00507825731));
#18709 = LINE('',#18710,#18711);
#18710 = CARTESIAN_POINT('',(-18.38300864021,-48.5,180.00507825731));
#18711 = VECTOR('',#18712,1.);
#18712 = DIRECTION('',(1.749735364613E-16,-1.,-1.367043090562E-16));
#18713 = ORIENTED_EDGE('',*,*,#18714,.F.);
#18714 = EDGE_CURVE('',#18689,#18707,#18715,.T.);
#18715 = LINE('',#18716,#18717);
#18716 = CARTESIAN_POINT('',(-15.43880447609,-48.5,181.19461395383));
#18717 = VECTOR('',#18718,1.);
#18718 = DIRECTION('',(-0.927183854567,-1.110223024625E-16,
    -0.374606593416));
#18719 = PLANE('',#18720);
#18720 = AXIS2_PLACEMENT_3D('',#18721,#18722,#18723);
#18721 = CARTESIAN_POINT('',(-15.43880447609,-48.5,181.19461395383));
#18722 = DIRECTION('',(0.374606593416,1.922962686384E-16,-0.927183854567
    ));
#18723 = DIRECTION('',(-0.927183854567,-1.110223024625E-16,
    -0.374606593416));
#18724 = ADVANCED_FACE('',(#18725),#18750,.F.);
#18725 = FACE_BOUND('',#18726,.F.);
#18726 = EDGE_LOOP('',(#18727,#18737,#18743,#18744));
#18727 = ORIENTED_EDGE('',*,*,#18728,.T.);
#18728 = EDGE_CURVE('',#18729,#18731,#18733,.T.);
#18729 = VERTEX_POINT('',#18730);
#18730 = CARTESIAN_POINT('',(-12.93653426213,-48.5,179.23962620203));
#18731 = VERTEX_POINT('',#18732);
#18732 = CARTESIAN_POINT('',(-12.93653426213,-52.5,179.23962620203));
#18733 = LINE('',#18734,#18735);
#18734 = CARTESIAN_POINT('',(-12.93653426213,-48.5,179.23962620203));
#18735 = VECTOR('',#18736,1.);
#18736 = DIRECTION('',(1.749735364613E-16,-1.,-1.367043090562E-16));
#18737 = ORIENTED_EDGE('',*,*,#18738,.T.);
#18738 = EDGE_CURVE('',#18731,#18691,#18739,.T.);
#18739 = LINE('',#18740,#18741);
#18740 = CARTESIAN_POINT('',(-12.93653426213,-52.5,179.23962620203));
#18741 = VECTOR('',#18742,1.);
#18742 = DIRECTION('',(-0.788010753607,-2.22044604925E-16,0.615661475326
    ));
#18743 = ORIENTED_EDGE('',*,*,#18688,.F.);
#18744 = ORIENTED_EDGE('',*,*,#18745,.F.);
#18745 = EDGE_CURVE('',#18729,#18689,#18746,.T.);
#18746 = LINE('',#18747,#18748);
#18747 = CARTESIAN_POINT('',(-12.93653426213,-48.5,179.23962620203));
#18748 = VECTOR('',#18749,1.);
#18749 = DIRECTION('',(-0.788010753607,-2.22044604925E-16,0.615661475326
    ));
#18750 = PLANE('',#18751);
#18751 = AXIS2_PLACEMENT_3D('',#18752,#18753,#18754);
#18752 = CARTESIAN_POINT('',(-12.93653426213,-48.5,179.23962620203));
#18753 = DIRECTION('',(-0.615661475326,-9.316003417824E-32,
    -0.788010753607));
#18754 = DIRECTION('',(-0.788010753607,-2.22044604925E-16,0.615661475326
    ));
#18755 = ADVANCED_FACE('',(#18756),#18781,.F.);
#18756 = FACE_BOUND('',#18757,.F.);
#18757 = EDGE_LOOP('',(#18758,#18759,#18767,#18775));
#18758 = ORIENTED_EDGE('',*,*,#18706,.T.);
#18759 = ORIENTED_EDGE('',*,*,#18760,.T.);
#18760 = EDGE_CURVE('',#18699,#18761,#18763,.T.);
#18761 = VERTEX_POINT('',#18762);
#18762 = CARTESIAN_POINT('',(-18.82494259038,-52.5,176.86055480899));
#18763 = LINE('',#18764,#18765);
#18764 = CARTESIAN_POINT('',(-18.38300864021,-52.5,180.00507825731));
#18765 = VECTOR('',#18766,1.);
#18766 = DIRECTION('',(-0.13917310096,1.110223024625E-16,-0.990268068742
    ));
#18767 = ORIENTED_EDGE('',*,*,#18768,.F.);
#18768 = EDGE_CURVE('',#18769,#18761,#18771,.T.);
#18769 = VERTEX_POINT('',#18770);
#18770 = CARTESIAN_POINT('',(-18.82494259038,-48.5,176.86055480899));
#18771 = LINE('',#18772,#18773);
#18772 = CARTESIAN_POINT('',(-18.82494259038,-48.5,176.86055480899));
#18773 = VECTOR('',#18774,1.);
#18774 = DIRECTION('',(1.749735364613E-16,-1.,-1.367043090562E-16));
#18775 = ORIENTED_EDGE('',*,*,#18776,.F.);
#18776 = EDGE_CURVE('',#18707,#18769,#18777,.T.);
#18777 = LINE('',#18778,#18779);
#18778 = CARTESIAN_POINT('',(-18.38300864021,-48.5,180.00507825731));
#18779 = VECTOR('',#18780,1.);
#18780 = DIRECTION('',(-0.13917310096,1.110223024625E-16,-0.990268068742
    ));
#18781 = PLANE('',#18782);
#18782 = AXIS2_PLACEMENT_3D('',#18783,#18784,#18785);
#18783 = CARTESIAN_POINT('',(-18.38300864021,-48.5,180.00507825731));
#18784 = DIRECTION('',(0.990268068742,1.922962686384E-16,-0.13917310096)
  );
#18785 = DIRECTION('',(-0.13917310096,1.110223024625E-16,-0.990268068742
    ));
#18786 = ADVANCED_FACE('',(#18787,#18814),#18825,.F.);
#18787 = FACE_BOUND('',#18788,.F.);
#18788 = EDGE_LOOP('',(#18789,#18790,#18791,#18799,#18807,#18813));
#18789 = ORIENTED_EDGE('',*,*,#18714,.T.);
#18790 = ORIENTED_EDGE('',*,*,#18776,.T.);
#18791 = ORIENTED_EDGE('',*,*,#18792,.T.);
#18792 = EDGE_CURVE('',#18769,#18793,#18795,.T.);
#18793 = VERTEX_POINT('',#18794);
#18794 = CARTESIAN_POINT('',(-16.32267237642,-48.5,174.9055670572));
#18795 = LINE('',#18796,#18797);
#18796 = CARTESIAN_POINT('',(-18.82494259038,-48.5,176.86055480899));
#18797 = VECTOR('',#18798,1.);
#18798 = DIRECTION('',(0.788010753607,2.22044604925E-16,-0.615661475326)
  );
#18799 = ORIENTED_EDGE('',*,*,#18800,.T.);
#18800 = EDGE_CURVE('',#18793,#18801,#18803,.T.);
#18801 = VERTEX_POINT('',#18802);
#18802 = CARTESIAN_POINT('',(-13.3784682123,-48.5,176.09510275371));
#18803 = LINE('',#18804,#18805);
#18804 = CARTESIAN_POINT('',(-16.32267237642,-48.5,174.9055670572));
#18805 = VECTOR('',#18806,1.);
#18806 = DIRECTION('',(0.927183854567,1.110223024625E-16,0.374606593416)
  );
#18807 = ORIENTED_EDGE('',*,*,#18808,.T.);
#18808 = EDGE_CURVE('',#18801,#18729,#18809,.T.);
#18809 = LINE('',#18810,#18811);
#18810 = CARTESIAN_POINT('',(-13.3784682123,-48.5,176.09510275371));
#18811 = VECTOR('',#18812,1.);
#18812 = DIRECTION('',(0.13917310096,-1.110223024625E-16,0.990268068742)
  );
#18813 = ORIENTED_EDGE('',*,*,#18745,.T.);
#18814 = FACE_BOUND('',#18815,.F.);
#18815 = EDGE_LOOP('',(#18816));
#18816 = ORIENTED_EDGE('',*,*,#18817,.F.);
#18817 = EDGE_CURVE('',#18818,#18818,#18820,.T.);
#18818 = VERTEX_POINT('',#18819);
#18819 = CARTESIAN_POINT('',(-14.65932175817,-48.5,177.09581521876));
#18820 = CIRCLE('',#18821,1.55);
#18821 = AXIS2_PLACEMENT_3D('',#18822,#18823,#18824);
#18822 = CARTESIAN_POINT('',(-15.88073842626,-48.5,178.05009050551));
#18823 = DIRECTION('',(0.,-1.,0.));
#18824 = DIRECTION('',(0.788010753607,0.,-0.615661475326));
#18825 = PLANE('',#18826);
#18826 = AXIS2_PLACEMENT_3D('',#18827,#18828,#18829);
#18827 = CARTESIAN_POINT('',(-15.88073842626,-48.5,178.05009050551));
#18828 = DIRECTION('',(1.749735364613E-16,-1.,-1.367043090562E-16));
#18829 = DIRECTION('',(0.615661475326,0.,0.788010753607));
#18830 = ADVANCED_FACE('',(#18831,#18858),#18869,.T.);
#18831 = FACE_BOUND('',#18832,.T.);
#18832 = EDGE_LOOP('',(#18833,#18834,#18835,#18843,#18851,#18857));
#18833 = ORIENTED_EDGE('',*,*,#18698,.T.);
#18834 = ORIENTED_EDGE('',*,*,#18760,.T.);
#18835 = ORIENTED_EDGE('',*,*,#18836,.T.);
#18836 = EDGE_CURVE('',#18761,#18837,#18839,.T.);
#18837 = VERTEX_POINT('',#18838);
#18838 = CARTESIAN_POINT('',(-16.32267237642,-52.5,174.9055670572));
#18839 = LINE('',#18840,#18841);
#18840 = CARTESIAN_POINT('',(-18.82494259038,-52.5,176.86055480899));
#18841 = VECTOR('',#18842,1.);
#18842 = DIRECTION('',(0.788010753607,2.22044604925E-16,-0.615661475326)
  );
#18843 = ORIENTED_EDGE('',*,*,#18844,.T.);
#18844 = EDGE_CURVE('',#18837,#18845,#18847,.T.);
#18845 = VERTEX_POINT('',#18846);
#18846 = CARTESIAN_POINT('',(-13.3784682123,-52.5,176.09510275371));
#18847 = LINE('',#18848,#18849);
#18848 = CARTESIAN_POINT('',(-16.32267237642,-52.5,174.9055670572));
#18849 = VECTOR('',#18850,1.);
#18850 = DIRECTION('',(0.927183854567,1.110223024625E-16,0.374606593416)
  );
#18851 = ORIENTED_EDGE('',*,*,#18852,.T.);
#18852 = EDGE_CURVE('',#18845,#18731,#18853,.T.);
#18853 = LINE('',#18854,#18855);
#18854 = CARTESIAN_POINT('',(-13.3784682123,-52.5,176.09510275371));
#18855 = VECTOR('',#18856,1.);
#18856 = DIRECTION('',(0.13917310096,-1.110223024625E-16,0.990268068742)
  );
#18857 = ORIENTED_EDGE('',*,*,#18738,.T.);
#18858 = FACE_BOUND('',#18859,.T.);
#18859 = EDGE_LOOP('',(#18860));
#18860 = ORIENTED_EDGE('',*,*,#18861,.F.);
#18861 = EDGE_CURVE('',#18862,#18862,#18864,.T.);
#18862 = VERTEX_POINT('',#18863);
#18863 = CARTESIAN_POINT('',(-14.65932175817,-52.5,177.09581521876));
#18864 = CIRCLE('',#18865,1.55);
#18865 = AXIS2_PLACEMENT_3D('',#18866,#18867,#18868);
#18866 = CARTESIAN_POINT('',(-15.88073842626,-52.5,178.05009050551));
#18867 = DIRECTION('',(0.,-1.,0.));
#18868 = DIRECTION('',(0.788010753607,0.,-0.615661475326));
#18869 = PLANE('',#18870);
#18870 = AXIS2_PLACEMENT_3D('',#18871,#18872,#18873);
#18871 = CARTESIAN_POINT('',(-15.88073842626,-52.5,178.05009050551));
#18872 = DIRECTION('',(1.749735364613E-16,-1.,-1.367043090562E-16));
#18873 = DIRECTION('',(0.615661475326,0.,0.788010753607));
#18874 = ADVANCED_FACE('',(#18875),#18886,.F.);
#18875 = FACE_BOUND('',#18876,.F.);
#18876 = EDGE_LOOP('',(#18877,#18883,#18884,#18885));
#18877 = ORIENTED_EDGE('',*,*,#18878,.T.);
#18878 = EDGE_CURVE('',#18801,#18845,#18879,.T.);
#18879 = LINE('',#18880,#18881);
#18880 = CARTESIAN_POINT('',(-13.3784682123,-48.5,176.09510275371));
#18881 = VECTOR('',#18882,1.);
#18882 = DIRECTION('',(1.749735364613E-16,-1.,-1.367043090562E-16));
#18883 = ORIENTED_EDGE('',*,*,#18852,.T.);
#18884 = ORIENTED_EDGE('',*,*,#18728,.F.);
#18885 = ORIENTED_EDGE('',*,*,#18808,.F.);
#18886 = PLANE('',#18887);
#18887 = AXIS2_PLACEMENT_3D('',#18888,#18889,#18890);
#18888 = CARTESIAN_POINT('',(-13.3784682123,-48.5,176.09510275371));
#18889 = DIRECTION('',(-0.990268068742,-1.922962686384E-16,0.13917310096
    ));
#18890 = DIRECTION('',(0.13917310096,-1.110223024625E-16,0.990268068742)
  );
#18891 = ADVANCED_FACE('',(#18892),#18903,.F.);
#18892 = FACE_BOUND('',#18893,.F.);
#18893 = EDGE_LOOP('',(#18894,#18895,#18896,#18902));
#18894 = ORIENTED_EDGE('',*,*,#18768,.T.);
#18895 = ORIENTED_EDGE('',*,*,#18836,.T.);
#18896 = ORIENTED_EDGE('',*,*,#18897,.F.);
#18897 = EDGE_CURVE('',#18793,#18837,#18898,.T.);
#18898 = LINE('',#18899,#18900);
#18899 = CARTESIAN_POINT('',(-16.32267237642,-48.5,174.9055670572));
#18900 = VECTOR('',#18901,1.);
#18901 = DIRECTION('',(1.749735364613E-16,-1.,-1.367043090562E-16));
#18902 = ORIENTED_EDGE('',*,*,#18792,.F.);
#18903 = PLANE('',#18904);
#18904 = AXIS2_PLACEMENT_3D('',#18905,#18906,#18907);
#18905 = CARTESIAN_POINT('',(-18.82494259038,-48.5,176.86055480899));
#18906 = DIRECTION('',(0.615661475326,-3.105334472608E-32,0.788010753607
    ));
#18907 = DIRECTION('',(0.788010753607,2.22044604925E-16,-0.615661475326)
  );
#18908 = ADVANCED_FACE('',(#18909),#18915,.F.);
#18909 = FACE_BOUND('',#18910,.F.);
#18910 = EDGE_LOOP('',(#18911,#18912,#18913,#18914));
#18911 = ORIENTED_EDGE('',*,*,#18897,.T.);
#18912 = ORIENTED_EDGE('',*,*,#18844,.T.);
#18913 = ORIENTED_EDGE('',*,*,#18878,.F.);
#18914 = ORIENTED_EDGE('',*,*,#18800,.F.);
#18915 = PLANE('',#18916);
#18916 = AXIS2_PLACEMENT_3D('',#18917,#18918,#18919);
#18917 = CARTESIAN_POINT('',(-16.32267237642,-48.5,174.9055670572));
#18918 = DIRECTION('',(-0.374606593416,-1.922962686384E-16,
    0.927183854567));
#18919 = DIRECTION('',(0.927183854567,1.110223024625E-16,0.374606593416)
  );
#18920 = ADVANCED_FACE('',(#18921),#18932,.F.);
#18921 = FACE_BOUND('',#18922,.F.);
#18922 = EDGE_LOOP('',(#18923,#18924,#18930,#18931));
#18923 = ORIENTED_EDGE('',*,*,#18861,.F.);
#18924 = ORIENTED_EDGE('',*,*,#18925,.F.);
#18925 = EDGE_CURVE('',#18818,#18862,#18926,.T.);
#18926 = LINE('',#18927,#18928);
#18927 = CARTESIAN_POINT('',(-14.65932175817,-48.5,177.09581521876));
#18928 = VECTOR('',#18929,1.);
#18929 = DIRECTION('',(0.,-1.,0.));
#18930 = ORIENTED_EDGE('',*,*,#18817,.T.);
#18931 = ORIENTED_EDGE('',*,*,#18925,.T.);
#18932 = CYLINDRICAL_SURFACE('',#18933,1.55);
#18933 = AXIS2_PLACEMENT_3D('',#18934,#18935,#18936);
#18934 = CARTESIAN_POINT('',(-15.88073842626,-48.5,178.05009050551));
#18935 = DIRECTION('',(0.,-1.,0.));
#18936 = DIRECTION('',(0.788010753607,0.,-0.615661475326));
#18937 = MANIFOLD_SOLID_BREP('',#18938);
#18938 = CLOSED_SHELL('',(#18939,#18972,#18992,#19012));
#18939 = ADVANCED_FACE('',(#18940),#18967,.T.);
#18940 = FACE_BOUND('',#18941,.T.);
#18941 = EDGE_LOOP('',(#18942,#18951,#18959,#18966));
#18942 = ORIENTED_EDGE('',*,*,#18943,.F.);
#18943 = EDGE_CURVE('',#18944,#18944,#18946,.T.);
#18944 = VERTEX_POINT('',#18945);
#18945 = CARTESIAN_POINT('',(-13.12270078863,-48.5,175.89527534187));
#18946 = CIRCLE('',#18947,3.5);
#18947 = AXIS2_PLACEMENT_3D('',#18948,#18949,#18950);
#18948 = CARTESIAN_POINT('',(-15.88073842626,-48.5,178.05009050551));
#18949 = DIRECTION('',(0.,-1.,0.));
#18950 = DIRECTION('',(0.788010753607,0.,-0.615661475326));
#18951 = ORIENTED_EDGE('',*,*,#18952,.F.);
#18952 = EDGE_CURVE('',#18953,#18944,#18955,.T.);
#18953 = VERTEX_POINT('',#18954);
#18954 = CARTESIAN_POINT('',(-13.12270078863,-48.,175.89527534187));
#18955 = LINE('',#18956,#18957);
#18956 = CARTESIAN_POINT('',(-13.12270078863,-48.,175.89527534187));
#18957 = VECTOR('',#18958,1.);
#18958 = DIRECTION('',(0.,-1.,0.));
#18959 = ORIENTED_EDGE('',*,*,#18960,.T.);
#18960 = EDGE_CURVE('',#18953,#18953,#18961,.T.);
#18961 = CIRCLE('',#18962,3.5);
#18962 = AXIS2_PLACEMENT_3D('',#18963,#18964,#18965);
#18963 = CARTESIAN_POINT('',(-15.88073842626,-48.,178.05009050551));
#18964 = DIRECTION('',(0.,-1.,0.));
#18965 = DIRECTION('',(0.788010753607,0.,-0.615661475326));
#18966 = ORIENTED_EDGE('',*,*,#18952,.T.);
#18967 = CYLINDRICAL_SURFACE('',#18968,3.5);
#18968 = AXIS2_PLACEMENT_3D('',#18969,#18970,#18971);
#18969 = CARTESIAN_POINT('',(-15.88073842626,-48.,178.05009050551));
#18970 = DIRECTION('',(0.,-1.,0.));
#18971 = DIRECTION('',(0.788010753607,0.,-0.615661475326));
#18972 = ADVANCED_FACE('',(#18973,#18976),#18987,.T.);
#18973 = FACE_BOUND('',#18974,.T.);
#18974 = EDGE_LOOP('',(#18975));
#18975 = ORIENTED_EDGE('',*,*,#18943,.T.);
#18976 = FACE_BOUND('',#18977,.T.);
#18977 = EDGE_LOOP('',(#18978));
#18978 = ORIENTED_EDGE('',*,*,#18979,.F.);
#18979 = EDGE_CURVE('',#18980,#18980,#18982,.T.);
#18980 = VERTEX_POINT('',#18981);
#18981 = CARTESIAN_POINT('',(-14.54112014513,-48.5,177.00346599746));
#18982 = CIRCLE('',#18983,1.7);
#18983 = AXIS2_PLACEMENT_3D('',#18984,#18985,#18986);
#18984 = CARTESIAN_POINT('',(-15.88073842626,-48.5,178.05009050551));
#18985 = DIRECTION('',(0.,-1.,0.));
#18986 = DIRECTION('',(0.788010753607,0.,-0.615661475326));
#18987 = PLANE('',#18988);
#18988 = AXIS2_PLACEMENT_3D('',#18989,#18990,#18991);
#18989 = CARTESIAN_POINT('',(-15.88073842626,-48.5,178.05009050551));
#18990 = DIRECTION('',(0.,-1.,0.));
#18991 = DIRECTION('',(0.788010753607,0.,-0.615661475326));
#18992 = ADVANCED_FACE('',(#18993,#18996),#19007,.F.);
#18993 = FACE_BOUND('',#18994,.F.);
#18994 = EDGE_LOOP('',(#18995));
#18995 = ORIENTED_EDGE('',*,*,#18960,.T.);
#18996 = FACE_BOUND('',#18997,.F.);
#18997 = EDGE_LOOP('',(#18998));
#18998 = ORIENTED_EDGE('',*,*,#18999,.F.);
#18999 = EDGE_CURVE('',#19000,#19000,#19002,.T.);
#19000 = VERTEX_POINT('',#19001);
#19001 = CARTESIAN_POINT('',(-14.54112014513,-48.,177.00346599746));
#19002 = CIRCLE('',#19003,1.7);
#19003 = AXIS2_PLACEMENT_3D('',#19004,#19005,#19006);
#19004 = CARTESIAN_POINT('',(-15.88073842626,-48.,178.05009050551));
#19005 = DIRECTION('',(0.,-1.,0.));
#19006 = DIRECTION('',(0.788010753607,0.,-0.615661475326));
#19007 = PLANE('',#19008);
#19008 = AXIS2_PLACEMENT_3D('',#19009,#19010,#19011);
#19009 = CARTESIAN_POINT('',(-15.88073842626,-48.,178.05009050551));
#19010 = DIRECTION('',(0.,-1.,0.));
#19011 = DIRECTION('',(0.788010753607,0.,-0.615661475326));
#19012 = ADVANCED_FACE('',(#19013),#19024,.F.);
#19013 = FACE_BOUND('',#19014,.F.);
#19014 = EDGE_LOOP('',(#19015,#19016,#19022,#19023));
#19015 = ORIENTED_EDGE('',*,*,#18979,.F.);
#19016 = ORIENTED_EDGE('',*,*,#19017,.F.);
#19017 = EDGE_CURVE('',#19000,#18980,#19018,.T.);
#19018 = LINE('',#19019,#19020);
#19019 = CARTESIAN_POINT('',(-14.54112014513,-48.,177.00346599746));
#19020 = VECTOR('',#19021,1.);
#19021 = DIRECTION('',(0.,-1.,0.));
#19022 = ORIENTED_EDGE('',*,*,#18999,.T.);
#19023 = ORIENTED_EDGE('',*,*,#19017,.T.);
#19024 = CYLINDRICAL_SURFACE('',#19025,1.7);
#19025 = AXIS2_PLACEMENT_3D('',#19026,#19027,#19028);
#19026 = CARTESIAN_POINT('',(-15.88073842626,-48.,178.05009050551));
#19027 = DIRECTION('',(0.,-1.,0.));
#19028 = DIRECTION('',(0.788010753607,0.,-0.615661475326));
#19029 = MANIFOLD_SOLID_BREP('',#19030);
#19030 = CLOSED_SHELL('',(#19031,#19064,#19073,#19093,#19118));
#19031 = ADVANCED_FACE('',(#19032),#19059,.T.);
#19032 = FACE_BOUND('',#19033,.T.);
#19033 = EDGE_LOOP('',(#19034,#19043,#19051,#19058));
#19034 = ORIENTED_EDGE('',*,*,#19035,.F.);
#19035 = EDGE_CURVE('',#19036,#19036,#19038,.T.);
#19036 = VERTEX_POINT('',#19037);
#19037 = CARTESIAN_POINT('',(3.053124549532,-53.,163.25733550828));
#19038 = CIRCLE('',#19039,1.4);
#19039 = AXIS2_PLACEMENT_3D('',#19040,#19041,#19042);
#19040 = CARTESIAN_POINT('',(1.949909494482,-53.,164.11926157373));
#19041 = DIRECTION('',(0.,-1.,0.));
#19042 = DIRECTION('',(0.788010753607,0.,-0.615661475326));
#19043 = ORIENTED_EDGE('',*,*,#19044,.F.);
#19044 = EDGE_CURVE('',#19045,#19036,#19047,.T.);
#19045 = VERTEX_POINT('',#19046);
#19046 = CARTESIAN_POINT('',(3.053124549532,-42.1,163.25733550828));
#19047 = LINE('',#19048,#19049);
#19048 = CARTESIAN_POINT('',(3.053124549532,-42.1,163.25733550828));
#19049 = VECTOR('',#19050,1.);
#19050 = DIRECTION('',(0.,-1.,0.));
#19051 = ORIENTED_EDGE('',*,*,#19052,.T.);
#19052 = EDGE_CURVE('',#19045,#19045,#19053,.T.);
#19053 = CIRCLE('',#19054,1.4);
#19054 = AXIS2_PLACEMENT_3D('',#19055,#19056,#19057);
#19055 = CARTESIAN_POINT('',(1.949909494482,-42.1,164.11926157373));
#19056 = DIRECTION('',(0.,-1.,0.));
#19057 = DIRECTION('',(0.788010753607,0.,-0.615661475326));
#19058 = ORIENTED_EDGE('',*,*,#19044,.T.);
#19059 = CYLINDRICAL_SURFACE('',#19060,1.4);
#19060 = AXIS2_PLACEMENT_3D('',#19061,#19062,#19063);
#19061 = CARTESIAN_POINT('',(1.949909494482,-42.1,164.11926157373));
#19062 = DIRECTION('',(0.,-1.,0.));
#19063 = DIRECTION('',(0.788010753607,0.,-0.615661475326));
#19064 = ADVANCED_FACE('',(#19065),#19068,.T.);
#19065 = FACE_BOUND('',#19066,.T.);
#19066 = EDGE_LOOP('',(#19067));
#19067 = ORIENTED_EDGE('',*,*,#19035,.T.);
#19068 = PLANE('',#19069);
#19069 = AXIS2_PLACEMENT_3D('',#19070,#19071,#19072);
#19070 = CARTESIAN_POINT('',(1.949909494482,-53.,164.11926157373));
#19071 = DIRECTION('',(0.,-1.,0.));
#19072 = DIRECTION('',(0.788010753607,0.,-0.615661475326));
#19073 = ADVANCED_FACE('',(#19074,#19085),#19088,.T.);
#19074 = FACE_BOUND('',#19075,.T.);
#19075 = EDGE_LOOP('',(#19076));
#19076 = ORIENTED_EDGE('',*,*,#19077,.T.);
#19077 = EDGE_CURVE('',#19078,#19078,#19080,.T.);
#19078 = VERTEX_POINT('',#19079);
#19079 = CARTESIAN_POINT('',(4.116939066901,-42.1,162.42619251659));
#19080 = CIRCLE('',#19081,2.75);
#19081 = AXIS2_PLACEMENT_3D('',#19082,#19083,#19084);
#19082 = CARTESIAN_POINT('',(1.949909494482,-42.1,164.11926157373));
#19083 = DIRECTION('',(0.,-1.,0.));
#19084 = DIRECTION('',(0.788010753607,0.,-0.615661475326));
#19085 = FACE_BOUND('',#19086,.T.);
#19086 = EDGE_LOOP('',(#19087));
#19087 = ORIENTED_EDGE('',*,*,#19052,.F.);
#19088 = PLANE('',#19089);
#19089 = AXIS2_PLACEMENT_3D('',#19090,#19091,#19092);
#19090 = CARTESIAN_POINT('',(1.949909494482,-42.1,164.11926157373));
#19091 = DIRECTION('',(0.,-1.,0.));
#19092 = DIRECTION('',(0.788010753607,0.,-0.615661475326));
#19093 = ADVANCED_FACE('',(#19094),#19113,.T.);
#19094 = FACE_BOUND('',#19095,.T.);
#19095 = EDGE_LOOP('',(#19096,#19097,#19105,#19112));
#19096 = ORIENTED_EDGE('',*,*,#19077,.F.);
#19097 = ORIENTED_EDGE('',*,*,#19098,.F.);
#19098 = EDGE_CURVE('',#19099,#19078,#19101,.T.);
#19099 = VERTEX_POINT('',#19100);
#19100 = CARTESIAN_POINT('',(4.116939066901,-39.1,162.42619251659));
#19101 = LINE('',#19102,#19103);
#19102 = CARTESIAN_POINT('',(4.116939066901,-39.1,162.42619251659));
#19103 = VECTOR('',#19104,1.);
#19104 = DIRECTION('',(0.,-1.,0.));
#19105 = ORIENTED_EDGE('',*,*,#19106,.T.);
#19106 = EDGE_CURVE('',#19099,#19099,#19107,.T.);
#19107 = CIRCLE('',#19108,2.75);
#19108 = AXIS2_PLACEMENT_3D('',#19109,#19110,#19111);
#19109 = CARTESIAN_POINT('',(1.949909494482,-39.1,164.11926157373));
#19110 = DIRECTION('',(0.,-1.,0.));
#19111 = DIRECTION('',(0.788010753607,0.,-0.615661475326));
#19112 = ORIENTED_EDGE('',*,*,#19098,.T.);
#19113 = CYLINDRICAL_SURFACE('',#19114,2.75);
#19114 = AXIS2_PLACEMENT_3D('',#19115,#19116,#19117);
#19115 = CARTESIAN_POINT('',(1.949909494482,-39.1,164.11926157373));
#19116 = DIRECTION('',(0.,-1.,0.));
#19117 = DIRECTION('',(0.788010753607,0.,-0.615661475326));
#19118 = ADVANCED_FACE('',(#19119),#19122,.F.);
#19119 = FACE_BOUND('',#19120,.T.);
#19120 = EDGE_LOOP('',(#19121));
#19121 = ORIENTED_EDGE('',*,*,#19106,.F.);
#19122 = PLANE('',#19123);
#19123 = AXIS2_PLACEMENT_3D('',#19124,#19125,#19126);
#19124 = CARTESIAN_POINT('',(1.949909494482,-39.1,164.11926157373));
#19125 = DIRECTION('',(0.,-1.,0.));
#19126 = DIRECTION('',(0.788010753607,0.,-0.615661475326));
#19127 = MANIFOLD_SOLID_BREP('',#19128);
#19128 = CLOSED_SHELL('',(#19129,#19162,#19182,#19202));
#19129 = ADVANCED_FACE('',(#19130),#19157,.T.);
#19130 = FACE_BOUND('',#19131,.T.);
#19131 = EDGE_LOOP('',(#19132,#19141,#19149,#19156));
#19132 = ORIENTED_EDGE('',*,*,#19133,.F.);
#19133 = EDGE_CURVE('',#19134,#19134,#19136,.T.);
#19134 = VERTEX_POINT('',#19135);
#19135 = CARTESIAN_POINT('',(4.707947132106,-42.6,161.96444641009));
#19136 = CIRCLE('',#19137,3.5);
#19137 = AXIS2_PLACEMENT_3D('',#19138,#19139,#19140);
#19138 = CARTESIAN_POINT('',(1.949909494482,-42.6,164.11926157373));
#19139 = DIRECTION('',(0.,-1.,0.));
#19140 = DIRECTION('',(0.788010753607,0.,-0.615661475326));
#19141 = ORIENTED_EDGE('',*,*,#19142,.F.);
#19142 = EDGE_CURVE('',#19143,#19134,#19145,.T.);
#19143 = VERTEX_POINT('',#19144);
#19144 = CARTESIAN_POINT('',(4.707947132106,-42.1,161.96444641009));
#19145 = LINE('',#19146,#19147);
#19146 = CARTESIAN_POINT('',(4.707947132106,-42.1,161.96444641009));
#19147 = VECTOR('',#19148,1.);
#19148 = DIRECTION('',(0.,-1.,0.));
#19149 = ORIENTED_EDGE('',*,*,#19150,.T.);
#19150 = EDGE_CURVE('',#19143,#19143,#19151,.T.);
#19151 = CIRCLE('',#19152,3.5);
#19152 = AXIS2_PLACEMENT_3D('',#19153,#19154,#19155);
#19153 = CARTESIAN_POINT('',(1.949909494482,-42.1,164.11926157373));
#19154 = DIRECTION('',(0.,-1.,0.));
#19155 = DIRECTION('',(0.788010753607,0.,-0.615661475326));
#19156 = ORIENTED_EDGE('',*,*,#19142,.T.);
#19157 = CYLINDRICAL_SURFACE('',#19158,3.5);
#19158 = AXIS2_PLACEMENT_3D('',#19159,#19160,#19161);
#19159 = CARTESIAN_POINT('',(1.949909494482,-42.1,164.11926157373));
#19160 = DIRECTION('',(0.,-1.,0.));
#19161 = DIRECTION('',(0.788010753607,0.,-0.615661475326));
#19162 = ADVANCED_FACE('',(#19163,#19166),#19177,.T.);
#19163 = FACE_BOUND('',#19164,.T.);
#19164 = EDGE_LOOP('',(#19165));
#19165 = ORIENTED_EDGE('',*,*,#19133,.T.);
#19166 = FACE_BOUND('',#19167,.T.);
#19167 = EDGE_LOOP('',(#19168));
#19168 = ORIENTED_EDGE('',*,*,#19169,.F.);
#19169 = EDGE_CURVE('',#19170,#19170,#19172,.T.);
#19170 = VERTEX_POINT('',#19171);
#19171 = CARTESIAN_POINT('',(3.289527775614,-42.6,163.07263706568));
#19172 = CIRCLE('',#19173,1.7);
#19173 = AXIS2_PLACEMENT_3D('',#19174,#19175,#19176);
#19174 = CARTESIAN_POINT('',(1.949909494482,-42.6,164.11926157373));
#19175 = DIRECTION('',(0.,-1.,0.));
#19176 = DIRECTION('',(0.788010753607,0.,-0.615661475326));
#19177 = PLANE('',#19178);
#19178 = AXIS2_PLACEMENT_3D('',#19179,#19180,#19181);
#19179 = CARTESIAN_POINT('',(1.949909494482,-42.6,164.11926157373));
#19180 = DIRECTION('',(0.,-1.,0.));
#19181 = DIRECTION('',(0.788010753607,0.,-0.615661475326));
#19182 = ADVANCED_FACE('',(#19183,#19186),#19197,.F.);
#19183 = FACE_BOUND('',#19184,.F.);
#19184 = EDGE_LOOP('',(#19185));
#19185 = ORIENTED_EDGE('',*,*,#19150,.T.);
#19186 = FACE_BOUND('',#19187,.F.);
#19187 = EDGE_LOOP('',(#19188));
#19188 = ORIENTED_EDGE('',*,*,#19189,.F.);
#19189 = EDGE_CURVE('',#19190,#19190,#19192,.T.);
#19190 = VERTEX_POINT('',#19191);
#19191 = CARTESIAN_POINT('',(3.289527775614,-42.1,163.07263706568));
#19192 = CIRCLE('',#19193,1.7);
#19193 = AXIS2_PLACEMENT_3D('',#19194,#19195,#19196);
#19194 = CARTESIAN_POINT('',(1.949909494482,-42.1,164.11926157373));
#19195 = DIRECTION('',(0.,-1.,0.));
#19196 = DIRECTION('',(0.788010753607,0.,-0.615661475326));
#19197 = PLANE('',#19198);
#19198 = AXIS2_PLACEMENT_3D('',#19199,#19200,#19201);
#19199 = CARTESIAN_POINT('',(1.949909494482,-42.1,164.11926157373));
#19200 = DIRECTION('',(0.,-1.,0.));
#19201 = DIRECTION('',(0.788010753607,0.,-0.615661475326));
#19202 = ADVANCED_FACE('',(#19203),#19214,.F.);
#19203 = FACE_BOUND('',#19204,.F.);
#19204 = EDGE_LOOP('',(#19205,#19206,#19212,#19213));
#19205 = ORIENTED_EDGE('',*,*,#19169,.F.);
#19206 = ORIENTED_EDGE('',*,*,#19207,.F.);
#19207 = EDGE_CURVE('',#19190,#19170,#19208,.T.);
#19208 = LINE('',#19209,#19210);
#19209 = CARTESIAN_POINT('',(3.289527775614,-42.1,163.07263706568));
#19210 = VECTOR('',#19211,1.);
#19211 = DIRECTION('',(0.,-1.,0.));
#19212 = ORIENTED_EDGE('',*,*,#19189,.T.);
#19213 = ORIENTED_EDGE('',*,*,#19207,.T.);
#19214 = CYLINDRICAL_SURFACE('',#19215,1.7);
#19215 = AXIS2_PLACEMENT_3D('',#19216,#19217,#19218);
#19216 = CARTESIAN_POINT('',(1.949909494482,-42.1,164.11926157373));
#19217 = DIRECTION('',(0.,-1.,0.));
#19218 = DIRECTION('',(0.788010753607,0.,-0.615661475326));
#19219 = MANIFOLD_SOLID_BREP('',#19220);
#19220 = CLOSED_SHELL('',(#19221,#19261,#19292,#19323,#19367,#19411,
    #19428,#19445,#19457));
#19221 = ADVANCED_FACE('',(#19222),#19256,.F.);
#19222 = FACE_BOUND('',#19223,.F.);
#19223 = EDGE_LOOP('',(#19224,#19234,#19242,#19250));
#19224 = ORIENTED_EDGE('',*,*,#19225,.T.);
#19225 = EDGE_CURVE('',#19226,#19228,#19230,.T.);
#19226 = VERTEX_POINT('',#19227);
#19227 = CARTESIAN_POINT('',(2.39184344465,-48.5,167.26378502205));
#19228 = VERTEX_POINT('',#19229);
#19229 = CARTESIAN_POINT('',(2.39184344465,-52.5,167.26378502205));
#19230 = LINE('',#19231,#19232);
#19231 = CARTESIAN_POINT('',(2.39184344465,-48.5,167.26378502205));
#19232 = VECTOR('',#19233,1.);
#19233 = DIRECTION('',(1.749735364613E-16,-1.,-1.367043090562E-16));
#19234 = ORIENTED_EDGE('',*,*,#19235,.T.);
#19235 = EDGE_CURVE('',#19228,#19236,#19238,.T.);
#19236 = VERTEX_POINT('',#19237);
#19237 = CARTESIAN_POINT('',(-0.552360719473,-52.5,166.07424932553));
#19238 = LINE('',#19239,#19240);
#19239 = CARTESIAN_POINT('',(2.39184344465,-52.5,167.26378502205));
#19240 = VECTOR('',#19241,1.);
#19241 = DIRECTION('',(-0.927183854567,-1.110223024625E-16,
    -0.374606593416));
#19242 = ORIENTED_EDGE('',*,*,#19243,.F.);
#19243 = EDGE_CURVE('',#19244,#19236,#19246,.T.);
#19244 = VERTEX_POINT('',#19245);
#19245 = CARTESIAN_POINT('',(-0.552360719473,-48.5,166.07424932553));
#19246 = LINE('',#19247,#19248);
#19247 = CARTESIAN_POINT('',(-0.552360719473,-48.5,166.07424932553));
#19248 = VECTOR('',#19249,1.);
#19249 = DIRECTION('',(1.749735364613E-16,-1.,-1.367043090562E-16));
#19250 = ORIENTED_EDGE('',*,*,#19251,.F.);
#19251 = EDGE_CURVE('',#19226,#19244,#19252,.T.);
#19252 = LINE('',#19253,#19254);
#19253 = CARTESIAN_POINT('',(2.39184344465,-48.5,167.26378502205));
#19254 = VECTOR('',#19255,1.);
#19255 = DIRECTION('',(-0.927183854567,-1.110223024625E-16,
    -0.374606593416));
#19256 = PLANE('',#19257);
#19257 = AXIS2_PLACEMENT_3D('',#19258,#19259,#19260);
#19258 = CARTESIAN_POINT('',(2.39184344465,-48.5,167.26378502205));
#19259 = DIRECTION('',(0.374606593416,1.922962686384E-16,-0.927183854567
    ));
#19260 = DIRECTION('',(-0.927183854567,-1.110223024625E-16,
    -0.374606593416));
#19261 = ADVANCED_FACE('',(#19262),#19287,.F.);
#19262 = FACE_BOUND('',#19263,.F.);
#19263 = EDGE_LOOP('',(#19264,#19274,#19280,#19281));
#19264 = ORIENTED_EDGE('',*,*,#19265,.T.);
#19265 = EDGE_CURVE('',#19266,#19268,#19270,.T.);
#19266 = VERTEX_POINT('',#19267);
#19267 = CARTESIAN_POINT('',(4.894113658606,-48.5,165.30879727025));
#19268 = VERTEX_POINT('',#19269);
#19269 = CARTESIAN_POINT('',(4.894113658606,-52.5,165.30879727025));
#19270 = LINE('',#19271,#19272);
#19271 = CARTESIAN_POINT('',(4.894113658606,-48.5,165.30879727025));
#19272 = VECTOR('',#19273,1.);
#19273 = DIRECTION('',(1.749735364613E-16,-1.,-1.367043090562E-16));
#19274 = ORIENTED_EDGE('',*,*,#19275,.T.);
#19275 = EDGE_CURVE('',#19268,#19228,#19276,.T.);
#19276 = LINE('',#19277,#19278);
#19277 = CARTESIAN_POINT('',(4.894113658606,-52.5,165.30879727025));
#19278 = VECTOR('',#19279,1.);
#19279 = DIRECTION('',(-0.788010753607,-2.22044604925E-16,0.615661475326
    ));
#19280 = ORIENTED_EDGE('',*,*,#19225,.F.);
#19281 = ORIENTED_EDGE('',*,*,#19282,.F.);
#19282 = EDGE_CURVE('',#19266,#19226,#19283,.T.);
#19283 = LINE('',#19284,#19285);
#19284 = CARTESIAN_POINT('',(4.894113658606,-48.5,165.30879727025));
#19285 = VECTOR('',#19286,1.);
#19286 = DIRECTION('',(-0.788010753607,-2.22044604925E-16,0.615661475326
    ));
#19287 = PLANE('',#19288);
#19288 = AXIS2_PLACEMENT_3D('',#19289,#19290,#19291);
#19289 = CARTESIAN_POINT('',(4.894113658606,-48.5,165.30879727025));
#19290 = DIRECTION('',(-0.615661475326,-9.316003417824E-32,
    -0.788010753607));
#19291 = DIRECTION('',(-0.788010753607,-2.22044604925E-16,0.615661475326
    ));
#19292 = ADVANCED_FACE('',(#19293),#19318,.F.);
#19293 = FACE_BOUND('',#19294,.F.);
#19294 = EDGE_LOOP('',(#19295,#19296,#19304,#19312));
#19295 = ORIENTED_EDGE('',*,*,#19243,.T.);
#19296 = ORIENTED_EDGE('',*,*,#19297,.T.);
#19297 = EDGE_CURVE('',#19236,#19298,#19300,.T.);
#19298 = VERTEX_POINT('',#19299);
#19299 = CARTESIAN_POINT('',(-0.994294669641,-52.5,162.92972587722));
#19300 = LINE('',#19301,#19302);
#19301 = CARTESIAN_POINT('',(-0.552360719473,-52.5,166.07424932553));
#19302 = VECTOR('',#19303,1.);
#19303 = DIRECTION('',(-0.13917310096,1.110223024625E-16,-0.990268068742
    ));
#19304 = ORIENTED_EDGE('',*,*,#19305,.F.);
#19305 = EDGE_CURVE('',#19306,#19298,#19308,.T.);
#19306 = VERTEX_POINT('',#19307);
#19307 = CARTESIAN_POINT('',(-0.994294669641,-48.5,162.92972587722));
#19308 = LINE('',#19309,#19310);
#19309 = CARTESIAN_POINT('',(-0.994294669641,-48.5,162.92972587722));
#19310 = VECTOR('',#19311,1.);
#19311 = DIRECTION('',(1.749735364613E-16,-1.,-1.367043090562E-16));
#19312 = ORIENTED_EDGE('',*,*,#19313,.F.);
#19313 = EDGE_CURVE('',#19244,#19306,#19314,.T.);
#19314 = LINE('',#19315,#19316);
#19315 = CARTESIAN_POINT('',(-0.552360719473,-48.5,166.07424932553));
#19316 = VECTOR('',#19317,1.);
#19317 = DIRECTION('',(-0.13917310096,1.110223024625E-16,-0.990268068742
    ));
#19318 = PLANE('',#19319);
#19319 = AXIS2_PLACEMENT_3D('',#19320,#19321,#19322);
#19320 = CARTESIAN_POINT('',(-0.552360719473,-48.5,166.07424932553));
#19321 = DIRECTION('',(0.990268068742,1.922962686384E-16,-0.13917310096)
  );
#19322 = DIRECTION('',(-0.13917310096,1.110223024625E-16,-0.990268068742
    ));
#19323 = ADVANCED_FACE('',(#19324,#19351),#19362,.F.);
#19324 = FACE_BOUND('',#19325,.F.);
#19325 = EDGE_LOOP('',(#19326,#19327,#19328,#19336,#19344,#19350));
#19326 = ORIENTED_EDGE('',*,*,#19251,.T.);
#19327 = ORIENTED_EDGE('',*,*,#19313,.T.);
#19328 = ORIENTED_EDGE('',*,*,#19329,.T.);
#19329 = EDGE_CURVE('',#19306,#19330,#19332,.T.);
#19330 = VERTEX_POINT('',#19331);
#19331 = CARTESIAN_POINT('',(1.507975544314,-48.5,160.97473812542));
#19332 = LINE('',#19333,#19334);
#19333 = CARTESIAN_POINT('',(-0.994294669641,-48.5,162.92972587722));
#19334 = VECTOR('',#19335,1.);
#19335 = DIRECTION('',(0.788010753607,2.22044604925E-16,-0.615661475326)
  );
#19336 = ORIENTED_EDGE('',*,*,#19337,.T.);
#19337 = EDGE_CURVE('',#19330,#19338,#19340,.T.);
#19338 = VERTEX_POINT('',#19339);
#19339 = CARTESIAN_POINT('',(4.452179708438,-48.5,162.16427382194));
#19340 = LINE('',#19341,#19342);
#19341 = CARTESIAN_POINT('',(1.507975544314,-48.5,160.97473812542));
#19342 = VECTOR('',#19343,1.);
#19343 = DIRECTION('',(0.927183854567,1.110223024625E-16,0.374606593416)
  );
#19344 = ORIENTED_EDGE('',*,*,#19345,.T.);
#19345 = EDGE_CURVE('',#19338,#19266,#19346,.T.);
#19346 = LINE('',#19347,#19348);
#19347 = CARTESIAN_POINT('',(4.452179708438,-48.5,162.16427382194));
#19348 = VECTOR('',#19349,1.);
#19349 = DIRECTION('',(0.13917310096,-1.110223024625E-16,0.990268068742)
  );
#19350 = ORIENTED_EDGE('',*,*,#19282,.T.);
#19351 = FACE_BOUND('',#19352,.F.);
#19352 = EDGE_LOOP('',(#19353));
#19353 = ORIENTED_EDGE('',*,*,#19354,.F.);
#19354 = EDGE_CURVE('',#19355,#19355,#19357,.T.);
#19355 = VERTEX_POINT('',#19356);
#19356 = CARTESIAN_POINT('',(3.171326162573,-48.5,163.16498628698));
#19357 = CIRCLE('',#19358,1.55);
#19358 = AXIS2_PLACEMENT_3D('',#19359,#19360,#19361);
#19359 = CARTESIAN_POINT('',(1.949909494482,-48.5,164.11926157373));
#19360 = DIRECTION('',(0.,-1.,0.));
#19361 = DIRECTION('',(0.788010753607,0.,-0.615661475326));
#19362 = PLANE('',#19363);
#19363 = AXIS2_PLACEMENT_3D('',#19364,#19365,#19366);
#19364 = CARTESIAN_POINT('',(1.949909494482,-48.5,164.11926157373));
#19365 = DIRECTION('',(1.749735364613E-16,-1.,-1.367043090562E-16));
#19366 = DIRECTION('',(0.615661475326,0.,0.788010753607));
#19367 = ADVANCED_FACE('',(#19368,#19395),#19406,.T.);
#19368 = FACE_BOUND('',#19369,.T.);
#19369 = EDGE_LOOP('',(#19370,#19371,#19372,#19380,#19388,#19394));
#19370 = ORIENTED_EDGE('',*,*,#19235,.T.);
#19371 = ORIENTED_EDGE('',*,*,#19297,.T.);
#19372 = ORIENTED_EDGE('',*,*,#19373,.T.);
#19373 = EDGE_CURVE('',#19298,#19374,#19376,.T.);
#19374 = VERTEX_POINT('',#19375);
#19375 = CARTESIAN_POINT('',(1.507975544314,-52.5,160.97473812542));
#19376 = LINE('',#19377,#19378);
#19377 = CARTESIAN_POINT('',(-0.994294669641,-52.5,162.92972587722));
#19378 = VECTOR('',#19379,1.);
#19379 = DIRECTION('',(0.788010753607,2.22044604925E-16,-0.615661475326)
  );
#19380 = ORIENTED_EDGE('',*,*,#19381,.T.);
#19381 = EDGE_CURVE('',#19374,#19382,#19384,.T.);
#19382 = VERTEX_POINT('',#19383);
#19383 = CARTESIAN_POINT('',(4.452179708438,-52.5,162.16427382194));
#19384 = LINE('',#19385,#19386);
#19385 = CARTESIAN_POINT('',(1.507975544314,-52.5,160.97473812542));
#19386 = VECTOR('',#19387,1.);
#19387 = DIRECTION('',(0.927183854567,1.110223024625E-16,0.374606593416)
  );
#19388 = ORIENTED_EDGE('',*,*,#19389,.T.);
#19389 = EDGE_CURVE('',#19382,#19268,#19390,.T.);
#19390 = LINE('',#19391,#19392);
#19391 = CARTESIAN_POINT('',(4.452179708438,-52.5,162.16427382194));
#19392 = VECTOR('',#19393,1.);
#19393 = DIRECTION('',(0.13917310096,-1.110223024625E-16,0.990268068742)
  );
#19394 = ORIENTED_EDGE('',*,*,#19275,.T.);
#19395 = FACE_BOUND('',#19396,.T.);
#19396 = EDGE_LOOP('',(#19397));
#19397 = ORIENTED_EDGE('',*,*,#19398,.F.);
#19398 = EDGE_CURVE('',#19399,#19399,#19401,.T.);
#19399 = VERTEX_POINT('',#19400);
#19400 = CARTESIAN_POINT('',(3.171326162573,-52.5,163.16498628698));
#19401 = CIRCLE('',#19402,1.55);
#19402 = AXIS2_PLACEMENT_3D('',#19403,#19404,#19405);
#19403 = CARTESIAN_POINT('',(1.949909494482,-52.5,164.11926157373));
#19404 = DIRECTION('',(0.,-1.,0.));
#19405 = DIRECTION('',(0.788010753607,0.,-0.615661475326));
#19406 = PLANE('',#19407);
#19407 = AXIS2_PLACEMENT_3D('',#19408,#19409,#19410);
#19408 = CARTESIAN_POINT('',(1.949909494482,-52.5,164.11926157373));
#19409 = DIRECTION('',(1.749735364613E-16,-1.,-1.367043090562E-16));
#19410 = DIRECTION('',(0.615661475326,0.,0.788010753607));
#19411 = ADVANCED_FACE('',(#19412),#19423,.F.);
#19412 = FACE_BOUND('',#19413,.F.);
#19413 = EDGE_LOOP('',(#19414,#19420,#19421,#19422));
#19414 = ORIENTED_EDGE('',*,*,#19415,.T.);
#19415 = EDGE_CURVE('',#19338,#19382,#19416,.T.);
#19416 = LINE('',#19417,#19418);
#19417 = CARTESIAN_POINT('',(4.452179708438,-48.5,162.16427382194));
#19418 = VECTOR('',#19419,1.);
#19419 = DIRECTION('',(1.749735364613E-16,-1.,-1.367043090562E-16));
#19420 = ORIENTED_EDGE('',*,*,#19389,.T.);
#19421 = ORIENTED_EDGE('',*,*,#19265,.F.);
#19422 = ORIENTED_EDGE('',*,*,#19345,.F.);
#19423 = PLANE('',#19424);
#19424 = AXIS2_PLACEMENT_3D('',#19425,#19426,#19427);
#19425 = CARTESIAN_POINT('',(4.452179708438,-48.5,162.16427382194));
#19426 = DIRECTION('',(-0.990268068742,-1.922962686384E-16,0.13917310096
    ));
#19427 = DIRECTION('',(0.13917310096,-1.110223024625E-16,0.990268068742)
  );
#19428 = ADVANCED_FACE('',(#19429),#19440,.F.);
#19429 = FACE_BOUND('',#19430,.F.);
#19430 = EDGE_LOOP('',(#19431,#19432,#19433,#19439));
#19431 = ORIENTED_EDGE('',*,*,#19305,.T.);
#19432 = ORIENTED_EDGE('',*,*,#19373,.T.);
#19433 = ORIENTED_EDGE('',*,*,#19434,.F.);
#19434 = EDGE_CURVE('',#19330,#19374,#19435,.T.);
#19435 = LINE('',#19436,#19437);
#19436 = CARTESIAN_POINT('',(1.507975544314,-48.5,160.97473812542));
#19437 = VECTOR('',#19438,1.);
#19438 = DIRECTION('',(1.749735364613E-16,-1.,-1.367043090562E-16));
#19439 = ORIENTED_EDGE('',*,*,#19329,.F.);
#19440 = PLANE('',#19441);
#19441 = AXIS2_PLACEMENT_3D('',#19442,#19443,#19444);
#19442 = CARTESIAN_POINT('',(-0.994294669641,-48.5,162.92972587722));
#19443 = DIRECTION('',(0.615661475326,-3.105334472608E-32,0.788010753607
    ));
#19444 = DIRECTION('',(0.788010753607,2.22044604925E-16,-0.615661475326)
  );
#19445 = ADVANCED_FACE('',(#19446),#19452,.F.);
#19446 = FACE_BOUND('',#19447,.F.);
#19447 = EDGE_LOOP('',(#19448,#19449,#19450,#19451));
#19448 = ORIENTED_EDGE('',*,*,#19434,.T.);
#19449 = ORIENTED_EDGE('',*,*,#19381,.T.);
#19450 = ORIENTED_EDGE('',*,*,#19415,.F.);
#19451 = ORIENTED_EDGE('',*,*,#19337,.F.);
#19452 = PLANE('',#19453);
#19453 = AXIS2_PLACEMENT_3D('',#19454,#19455,#19456);
#19454 = CARTESIAN_POINT('',(1.507975544314,-48.5,160.97473812542));
#19455 = DIRECTION('',(-0.374606593416,-1.922962686384E-16,
    0.927183854567));
#19456 = DIRECTION('',(0.927183854567,1.110223024625E-16,0.374606593416)
  );
#19457 = ADVANCED_FACE('',(#19458),#19469,.F.);
#19458 = FACE_BOUND('',#19459,.F.);
#19459 = EDGE_LOOP('',(#19460,#19461,#19467,#19468));
#19460 = ORIENTED_EDGE('',*,*,#19398,.F.);
#19461 = ORIENTED_EDGE('',*,*,#19462,.F.);
#19462 = EDGE_CURVE('',#19355,#19399,#19463,.T.);
#19463 = LINE('',#19464,#19465);
#19464 = CARTESIAN_POINT('',(3.171326162573,-48.5,163.16498628698));
#19465 = VECTOR('',#19466,1.);
#19466 = DIRECTION('',(0.,-1.,0.));
#19467 = ORIENTED_EDGE('',*,*,#19354,.T.);
#19468 = ORIENTED_EDGE('',*,*,#19462,.T.);
#19469 = CYLINDRICAL_SURFACE('',#19470,1.55);
#19470 = AXIS2_PLACEMENT_3D('',#19471,#19472,#19473);
#19471 = CARTESIAN_POINT('',(1.949909494482,-48.5,164.11926157373));
#19472 = DIRECTION('',(0.,-1.,0.));
#19473 = DIRECTION('',(0.788010753607,0.,-0.615661475326));
#19474 = MANIFOLD_SOLID_BREP('',#19475);
#19475 = CLOSED_SHELL('',(#19476,#19509,#19529,#19549));
#19476 = ADVANCED_FACE('',(#19477),#19504,.T.);
#19477 = FACE_BOUND('',#19478,.T.);
#19478 = EDGE_LOOP('',(#19479,#19488,#19496,#19503));
#19479 = ORIENTED_EDGE('',*,*,#19480,.F.);
#19480 = EDGE_CURVE('',#19481,#19481,#19483,.T.);
#19481 = VERTEX_POINT('',#19482);
#19482 = CARTESIAN_POINT('',(4.707947132106,-48.5,161.96444641009));
#19483 = CIRCLE('',#19484,3.5);
#19484 = AXIS2_PLACEMENT_3D('',#19485,#19486,#19487);
#19485 = CARTESIAN_POINT('',(1.949909494482,-48.5,164.11926157373));
#19486 = DIRECTION('',(0.,-1.,0.));
#19487 = DIRECTION('',(0.788010753607,0.,-0.615661475326));
#19488 = ORIENTED_EDGE('',*,*,#19489,.F.);
#19489 = EDGE_CURVE('',#19490,#19481,#19492,.T.);
#19490 = VERTEX_POINT('',#19491);
#19491 = CARTESIAN_POINT('',(4.707947132106,-48.,161.96444641009));
#19492 = LINE('',#19493,#19494);
#19493 = CARTESIAN_POINT('',(4.707947132106,-48.,161.96444641009));
#19494 = VECTOR('',#19495,1.);
#19495 = DIRECTION('',(0.,-1.,0.));
#19496 = ORIENTED_EDGE('',*,*,#19497,.T.);
#19497 = EDGE_CURVE('',#19490,#19490,#19498,.T.);
#19498 = CIRCLE('',#19499,3.5);
#19499 = AXIS2_PLACEMENT_3D('',#19500,#19501,#19502);
#19500 = CARTESIAN_POINT('',(1.949909494482,-48.,164.11926157373));
#19501 = DIRECTION('',(0.,-1.,0.));
#19502 = DIRECTION('',(0.788010753607,0.,-0.615661475326));
#19503 = ORIENTED_EDGE('',*,*,#19489,.T.);
#19504 = CYLINDRICAL_SURFACE('',#19505,3.5);
#19505 = AXIS2_PLACEMENT_3D('',#19506,#19507,#19508);
#19506 = CARTESIAN_POINT('',(1.949909494482,-48.,164.11926157373));
#19507 = DIRECTION('',(0.,-1.,0.));
#19508 = DIRECTION('',(0.788010753607,0.,-0.615661475326));
#19509 = ADVANCED_FACE('',(#19510,#19513),#19524,.T.);
#19510 = FACE_BOUND('',#19511,.T.);
#19511 = EDGE_LOOP('',(#19512));
#19512 = ORIENTED_EDGE('',*,*,#19480,.T.);
#19513 = FACE_BOUND('',#19514,.T.);
#19514 = EDGE_LOOP('',(#19515));
#19515 = ORIENTED_EDGE('',*,*,#19516,.F.);
#19516 = EDGE_CURVE('',#19517,#19517,#19519,.T.);
#19517 = VERTEX_POINT('',#19518);
#19518 = CARTESIAN_POINT('',(3.289527775614,-48.5,163.07263706568));
#19519 = CIRCLE('',#19520,1.7);
#19520 = AXIS2_PLACEMENT_3D('',#19521,#19522,#19523);
#19521 = CARTESIAN_POINT('',(1.949909494482,-48.5,164.11926157373));
#19522 = DIRECTION('',(0.,-1.,0.));
#19523 = DIRECTION('',(0.788010753607,0.,-0.615661475326));
#19524 = PLANE('',#19525);
#19525 = AXIS2_PLACEMENT_3D('',#19526,#19527,#19528);
#19526 = CARTESIAN_POINT('',(1.949909494482,-48.5,164.11926157373));
#19527 = DIRECTION('',(0.,-1.,0.));
#19528 = DIRECTION('',(0.788010753607,0.,-0.615661475326));
#19529 = ADVANCED_FACE('',(#19530,#19533),#19544,.F.);
#19530 = FACE_BOUND('',#19531,.F.);
#19531 = EDGE_LOOP('',(#19532));
#19532 = ORIENTED_EDGE('',*,*,#19497,.T.);
#19533 = FACE_BOUND('',#19534,.F.);
#19534 = EDGE_LOOP('',(#19535));
#19535 = ORIENTED_EDGE('',*,*,#19536,.F.);
#19536 = EDGE_CURVE('',#19537,#19537,#19539,.T.);
#19537 = VERTEX_POINT('',#19538);
#19538 = CARTESIAN_POINT('',(3.289527775614,-48.,163.07263706568));
#19539 = CIRCLE('',#19540,1.7);
#19540 = AXIS2_PLACEMENT_3D('',#19541,#19542,#19543);
#19541 = CARTESIAN_POINT('',(1.949909494482,-48.,164.11926157373));
#19542 = DIRECTION('',(0.,-1.,0.));
#19543 = DIRECTION('',(0.788010753607,0.,-0.615661475326));
#19544 = PLANE('',#19545);
#19545 = AXIS2_PLACEMENT_3D('',#19546,#19547,#19548);
#19546 = CARTESIAN_POINT('',(1.949909494482,-48.,164.11926157373));
#19547 = DIRECTION('',(0.,-1.,0.));
#19548 = DIRECTION('',(0.788010753607,0.,-0.615661475326));
#19549 = ADVANCED_FACE('',(#19550),#19561,.F.);
#19550 = FACE_BOUND('',#19551,.F.);
#19551 = EDGE_LOOP('',(#19552,#19553,#19559,#19560));
#19552 = ORIENTED_EDGE('',*,*,#19516,.F.);
#19553 = ORIENTED_EDGE('',*,*,#19554,.F.);
#19554 = EDGE_CURVE('',#19537,#19517,#19555,.T.);
#19555 = LINE('',#19556,#19557);
#19556 = CARTESIAN_POINT('',(3.289527775614,-48.,163.07263706568));
#19557 = VECTOR('',#19558,1.);
#19558 = DIRECTION('',(0.,-1.,0.));
#19559 = ORIENTED_EDGE('',*,*,#19536,.T.);
#19560 = ORIENTED_EDGE('',*,*,#19554,.T.);
#19561 = CYLINDRICAL_SURFACE('',#19562,1.7);
#19562 = AXIS2_PLACEMENT_3D('',#19563,#19564,#19565);
#19563 = CARTESIAN_POINT('',(1.949909494482,-48.,164.11926157373));
#19564 = DIRECTION('',(0.,-1.,0.));
#19565 = DIRECTION('',(0.788010753607,0.,-0.615661475326));
#19566 = MANIFOLD_SOLID_BREP('',#19567);
#19567 = CLOSED_SHELL('',(#19568,#19601,#19610,#19630,#19655));
#19568 = ADVANCED_FACE('',(#19569),#19596,.T.);
#19569 = FACE_BOUND('',#19570,.T.);
#19570 = EDGE_LOOP('',(#19571,#19580,#19588,#19595));
#19571 = ORIENTED_EDGE('',*,*,#19572,.F.);
#19572 = EDGE_CURVE('',#19573,#19573,#19575,.T.);
#19573 = VERTEX_POINT('',#19574);
#19574 = CARTESIAN_POINT('',(16.983953481311,-53.,181.08798342902));
#19575 = CIRCLE('',#19576,1.4);
#19576 = AXIS2_PLACEMENT_3D('',#19577,#19578,#19579);
#19577 = CARTESIAN_POINT('',(15.880738426261,-53.,181.94990949448));
#19578 = DIRECTION('',(0.,-1.,0.));
#19579 = DIRECTION('',(0.788010753607,0.,-0.615661475326));
#19580 = ORIENTED_EDGE('',*,*,#19581,.F.);
#19581 = EDGE_CURVE('',#19582,#19573,#19584,.T.);
#19582 = VERTEX_POINT('',#19583);
#19583 = CARTESIAN_POINT('',(16.983953481311,-42.1,181.08798342902));
#19584 = LINE('',#19585,#19586);
#19585 = CARTESIAN_POINT('',(16.983953481311,-42.1,181.08798342902));
#19586 = VECTOR('',#19587,1.);
#19587 = DIRECTION('',(0.,-1.,0.));
#19588 = ORIENTED_EDGE('',*,*,#19589,.T.);
#19589 = EDGE_CURVE('',#19582,#19582,#19590,.T.);
#19590 = CIRCLE('',#19591,1.4);
#19591 = AXIS2_PLACEMENT_3D('',#19592,#19593,#19594);
#19592 = CARTESIAN_POINT('',(15.880738426261,-42.1,181.94990949448));
#19593 = DIRECTION('',(0.,-1.,0.));
#19594 = DIRECTION('',(0.788010753607,0.,-0.615661475326));
#19595 = ORIENTED_EDGE('',*,*,#19581,.T.);
#19596 = CYLINDRICAL_SURFACE('',#19597,1.4);
#19597 = AXIS2_PLACEMENT_3D('',#19598,#19599,#19600);
#19598 = CARTESIAN_POINT('',(15.880738426261,-42.1,181.94990949448));
#19599 = DIRECTION('',(0.,-1.,0.));
#19600 = DIRECTION('',(0.788010753607,0.,-0.615661475326));
#19601 = ADVANCED_FACE('',(#19602),#19605,.T.);
#19602 = FACE_BOUND('',#19603,.T.);
#19603 = EDGE_LOOP('',(#19604));
#19604 = ORIENTED_EDGE('',*,*,#19572,.T.);
#19605 = PLANE('',#19606);
#19606 = AXIS2_PLACEMENT_3D('',#19607,#19608,#19609);
#19607 = CARTESIAN_POINT('',(15.880738426261,-53.,181.94990949448));
#19608 = DIRECTION('',(0.,-1.,0.));
#19609 = DIRECTION('',(0.788010753607,0.,-0.615661475326));
#19610 = ADVANCED_FACE('',(#19611,#19622),#19625,.T.);
#19611 = FACE_BOUND('',#19612,.T.);
#19612 = EDGE_LOOP('',(#19613));
#19613 = ORIENTED_EDGE('',*,*,#19614,.T.);
#19614 = EDGE_CURVE('',#19615,#19615,#19617,.T.);
#19615 = VERTEX_POINT('',#19616);
#19616 = CARTESIAN_POINT('',(18.04776799868,-42.1,180.25684043733));
#19617 = CIRCLE('',#19618,2.75);
#19618 = AXIS2_PLACEMENT_3D('',#19619,#19620,#19621);
#19619 = CARTESIAN_POINT('',(15.880738426261,-42.1,181.94990949448));
#19620 = DIRECTION('',(0.,-1.,0.));
#19621 = DIRECTION('',(0.788010753607,0.,-0.615661475326));
#19622 = FACE_BOUND('',#19623,.T.);
#19623 = EDGE_LOOP('',(#19624));
#19624 = ORIENTED_EDGE('',*,*,#19589,.F.);
#19625 = PLANE('',#19626);
#19626 = AXIS2_PLACEMENT_3D('',#19627,#19628,#19629);
#19627 = CARTESIAN_POINT('',(15.880738426261,-42.1,181.94990949448));
#19628 = DIRECTION('',(0.,-1.,0.));
#19629 = DIRECTION('',(0.788010753607,0.,-0.615661475326));
#19630 = ADVANCED_FACE('',(#19631),#19650,.T.);
#19631 = FACE_BOUND('',#19632,.T.);
#19632 = EDGE_LOOP('',(#19633,#19634,#19642,#19649));
#19633 = ORIENTED_EDGE('',*,*,#19614,.F.);
#19634 = ORIENTED_EDGE('',*,*,#19635,.F.);
#19635 = EDGE_CURVE('',#19636,#19615,#19638,.T.);
#19636 = VERTEX_POINT('',#19637);
#19637 = CARTESIAN_POINT('',(18.04776799868,-39.1,180.25684043733));
#19638 = LINE('',#19639,#19640);
#19639 = CARTESIAN_POINT('',(18.04776799868,-39.1,180.25684043733));
#19640 = VECTOR('',#19641,1.);
#19641 = DIRECTION('',(0.,-1.,0.));
#19642 = ORIENTED_EDGE('',*,*,#19643,.T.);
#19643 = EDGE_CURVE('',#19636,#19636,#19644,.T.);
#19644 = CIRCLE('',#19645,2.75);
#19645 = AXIS2_PLACEMENT_3D('',#19646,#19647,#19648);
#19646 = CARTESIAN_POINT('',(15.880738426261,-39.1,181.94990949448));
#19647 = DIRECTION('',(0.,-1.,0.));
#19648 = DIRECTION('',(0.788010753607,0.,-0.615661475326));
#19649 = ORIENTED_EDGE('',*,*,#19635,.T.);
#19650 = CYLINDRICAL_SURFACE('',#19651,2.75);
#19651 = AXIS2_PLACEMENT_3D('',#19652,#19653,#19654);
#19652 = CARTESIAN_POINT('',(15.880738426261,-39.1,181.94990949448));
#19653 = DIRECTION('',(0.,-1.,0.));
#19654 = DIRECTION('',(0.788010753607,0.,-0.615661475326));
#19655 = ADVANCED_FACE('',(#19656),#19659,.F.);
#19656 = FACE_BOUND('',#19657,.T.);
#19657 = EDGE_LOOP('',(#19658));
#19658 = ORIENTED_EDGE('',*,*,#19643,.F.);
#19659 = PLANE('',#19660);
#19660 = AXIS2_PLACEMENT_3D('',#19661,#19662,#19663);
#19661 = CARTESIAN_POINT('',(15.880738426261,-39.1,181.94990949448));
#19662 = DIRECTION('',(0.,-1.,0.));
#19663 = DIRECTION('',(0.788010753607,0.,-0.615661475326));
#19664 = MANIFOLD_SOLID_BREP('',#19665);
#19665 = CLOSED_SHELL('',(#19666,#19699,#19719,#19739));
#19666 = ADVANCED_FACE('',(#19667),#19694,.T.);
#19667 = FACE_BOUND('',#19668,.T.);
#19668 = EDGE_LOOP('',(#19669,#19678,#19686,#19693));
#19669 = ORIENTED_EDGE('',*,*,#19670,.F.);
#19670 = EDGE_CURVE('',#19671,#19671,#19673,.T.);
#19671 = VERTEX_POINT('',#19672);
#19672 = CARTESIAN_POINT('',(18.638776063885,-42.6,179.79509433084));
#19673 = CIRCLE('',#19674,3.5);
#19674 = AXIS2_PLACEMENT_3D('',#19675,#19676,#19677);
#19675 = CARTESIAN_POINT('',(15.880738426261,-42.6,181.94990949448));
#19676 = DIRECTION('',(0.,-1.,0.));
#19677 = DIRECTION('',(0.788010753607,0.,-0.615661475326));
#19678 = ORIENTED_EDGE('',*,*,#19679,.F.);
#19679 = EDGE_CURVE('',#19680,#19671,#19682,.T.);
#19680 = VERTEX_POINT('',#19681);
#19681 = CARTESIAN_POINT('',(18.638776063885,-42.1,179.79509433084));
#19682 = LINE('',#19683,#19684);
#19683 = CARTESIAN_POINT('',(18.638776063885,-42.1,179.79509433084));
#19684 = VECTOR('',#19685,1.);
#19685 = DIRECTION('',(0.,-1.,0.));
#19686 = ORIENTED_EDGE('',*,*,#19687,.T.);
#19687 = EDGE_CURVE('',#19680,#19680,#19688,.T.);
#19688 = CIRCLE('',#19689,3.5);
#19689 = AXIS2_PLACEMENT_3D('',#19690,#19691,#19692);
#19690 = CARTESIAN_POINT('',(15.880738426261,-42.1,181.94990949448));
#19691 = DIRECTION('',(0.,-1.,0.));
#19692 = DIRECTION('',(0.788010753607,0.,-0.615661475326));
#19693 = ORIENTED_EDGE('',*,*,#19679,.T.);
#19694 = CYLINDRICAL_SURFACE('',#19695,3.5);
#19695 = AXIS2_PLACEMENT_3D('',#19696,#19697,#19698);
#19696 = CARTESIAN_POINT('',(15.880738426261,-42.1,181.94990949448));
#19697 = DIRECTION('',(0.,-1.,0.));
#19698 = DIRECTION('',(0.788010753607,0.,-0.615661475326));
#19699 = ADVANCED_FACE('',(#19700,#19703),#19714,.T.);
#19700 = FACE_BOUND('',#19701,.T.);
#19701 = EDGE_LOOP('',(#19702));
#19702 = ORIENTED_EDGE('',*,*,#19670,.T.);
#19703 = FACE_BOUND('',#19704,.T.);
#19704 = EDGE_LOOP('',(#19705));
#19705 = ORIENTED_EDGE('',*,*,#19706,.F.);
#19706 = EDGE_CURVE('',#19707,#19707,#19709,.T.);
#19707 = VERTEX_POINT('',#19708);
#19708 = CARTESIAN_POINT('',(17.220356707393,-42.6,180.90328498642));
#19709 = CIRCLE('',#19710,1.7);
#19710 = AXIS2_PLACEMENT_3D('',#19711,#19712,#19713);
#19711 = CARTESIAN_POINT('',(15.880738426261,-42.6,181.94990949448));
#19712 = DIRECTION('',(0.,-1.,0.));
#19713 = DIRECTION('',(0.788010753607,0.,-0.615661475326));
#19714 = PLANE('',#19715);
#19715 = AXIS2_PLACEMENT_3D('',#19716,#19717,#19718);
#19716 = CARTESIAN_POINT('',(15.880738426261,-42.6,181.94990949448));
#19717 = DIRECTION('',(0.,-1.,0.));
#19718 = DIRECTION('',(0.788010753607,0.,-0.615661475326));
#19719 = ADVANCED_FACE('',(#19720,#19723),#19734,.F.);
#19720 = FACE_BOUND('',#19721,.F.);
#19721 = EDGE_LOOP('',(#19722));
#19722 = ORIENTED_EDGE('',*,*,#19687,.T.);
#19723 = FACE_BOUND('',#19724,.F.);
#19724 = EDGE_LOOP('',(#19725));
#19725 = ORIENTED_EDGE('',*,*,#19726,.F.);
#19726 = EDGE_CURVE('',#19727,#19727,#19729,.T.);
#19727 = VERTEX_POINT('',#19728);
#19728 = CARTESIAN_POINT('',(17.220356707393,-42.1,180.90328498642));
#19729 = CIRCLE('',#19730,1.7);
#19730 = AXIS2_PLACEMENT_3D('',#19731,#19732,#19733);
#19731 = CARTESIAN_POINT('',(15.880738426261,-42.1,181.94990949448));
#19732 = DIRECTION('',(0.,-1.,0.));
#19733 = DIRECTION('',(0.788010753607,0.,-0.615661475326));
#19734 = PLANE('',#19735);
#19735 = AXIS2_PLACEMENT_3D('',#19736,#19737,#19738);
#19736 = CARTESIAN_POINT('',(15.880738426261,-42.1,181.94990949448));
#19737 = DIRECTION('',(0.,-1.,0.));
#19738 = DIRECTION('',(0.788010753607,0.,-0.615661475326));
#19739 = ADVANCED_FACE('',(#19740),#19751,.F.);
#19740 = FACE_BOUND('',#19741,.F.);
#19741 = EDGE_LOOP('',(#19742,#19743,#19749,#19750));
#19742 = ORIENTED_EDGE('',*,*,#19706,.F.);
#19743 = ORIENTED_EDGE('',*,*,#19744,.F.);
#19744 = EDGE_CURVE('',#19727,#19707,#19745,.T.);
#19745 = LINE('',#19746,#19747);
#19746 = CARTESIAN_POINT('',(17.220356707393,-42.1,180.90328498642));
#19747 = VECTOR('',#19748,1.);
#19748 = DIRECTION('',(0.,-1.,0.));
#19749 = ORIENTED_EDGE('',*,*,#19726,.T.);
#19750 = ORIENTED_EDGE('',*,*,#19744,.T.);
#19751 = CYLINDRICAL_SURFACE('',#19752,1.7);
#19752 = AXIS2_PLACEMENT_3D('',#19753,#19754,#19755);
#19753 = CARTESIAN_POINT('',(15.880738426261,-42.1,181.94990949448));
#19754 = DIRECTION('',(0.,-1.,0.));
#19755 = DIRECTION('',(0.788010753607,0.,-0.615661475326));
#19756 = MANIFOLD_SOLID_BREP('',#19757);
#19757 = CLOSED_SHELL('',(#19758,#19798,#19829,#19860,#19904,#19948,
    #19965,#19982,#19994));
#19758 = ADVANCED_FACE('',(#19759),#19793,.F.);
#19759 = FACE_BOUND('',#19760,.F.);
#19760 = EDGE_LOOP('',(#19761,#19771,#19779,#19787));
#19761 = ORIENTED_EDGE('',*,*,#19762,.T.);
#19762 = EDGE_CURVE('',#19763,#19765,#19767,.T.);
#19763 = VERTEX_POINT('',#19764);
#19764 = CARTESIAN_POINT('',(16.322672376429,-48.5,185.0944329428));
#19765 = VERTEX_POINT('',#19766);
#19766 = CARTESIAN_POINT('',(16.322672376429,-52.5,185.0944329428));
#19767 = LINE('',#19768,#19769);
#19768 = CARTESIAN_POINT('',(16.322672376429,-48.5,185.0944329428));
#19769 = VECTOR('',#19770,1.);
#19770 = DIRECTION('',(1.749735364613E-16,-1.,-1.367043090562E-16));
#19771 = ORIENTED_EDGE('',*,*,#19772,.T.);
#19772 = EDGE_CURVE('',#19765,#19773,#19775,.T.);
#19773 = VERTEX_POINT('',#19774);
#19774 = CARTESIAN_POINT('',(13.378468212306,-52.5,183.90489724628));
#19775 = LINE('',#19776,#19777);
#19776 = CARTESIAN_POINT('',(16.322672376429,-52.5,185.0944329428));
#19777 = VECTOR('',#19778,1.);
#19778 = DIRECTION('',(-0.927183854567,-1.110223024625E-16,
    -0.374606593416));
#19779 = ORIENTED_EDGE('',*,*,#19780,.F.);
#19780 = EDGE_CURVE('',#19781,#19773,#19783,.T.);
#19781 = VERTEX_POINT('',#19782);
#19782 = CARTESIAN_POINT('',(13.378468212306,-48.5,183.90489724628));
#19783 = LINE('',#19784,#19785);
#19784 = CARTESIAN_POINT('',(13.378468212306,-48.5,183.90489724628));
#19785 = VECTOR('',#19786,1.);
#19786 = DIRECTION('',(1.749735364613E-16,-1.,-1.367043090562E-16));
#19787 = ORIENTED_EDGE('',*,*,#19788,.F.);
#19788 = EDGE_CURVE('',#19763,#19781,#19789,.T.);
#19789 = LINE('',#19790,#19791);
#19790 = CARTESIAN_POINT('',(16.322672376429,-48.5,185.0944329428));
#19791 = VECTOR('',#19792,1.);
#19792 = DIRECTION('',(-0.927183854567,-1.110223024625E-16,
    -0.374606593416));
#19793 = PLANE('',#19794);
#19794 = AXIS2_PLACEMENT_3D('',#19795,#19796,#19797);
#19795 = CARTESIAN_POINT('',(16.322672376429,-48.5,185.0944329428));
#19796 = DIRECTION('',(0.374606593416,1.922962686384E-16,-0.927183854567
    ));
#19797 = DIRECTION('',(-0.927183854567,-1.110223024625E-16,
    -0.374606593416));
#19798 = ADVANCED_FACE('',(#19799),#19824,.F.);
#19799 = FACE_BOUND('',#19800,.F.);
#19800 = EDGE_LOOP('',(#19801,#19811,#19817,#19818));
#19801 = ORIENTED_EDGE('',*,*,#19802,.T.);
#19802 = EDGE_CURVE('',#19803,#19805,#19807,.T.);
#19803 = VERTEX_POINT('',#19804);
#19804 = CARTESIAN_POINT('',(18.824942590384,-48.5,183.139445191));
#19805 = VERTEX_POINT('',#19806);
#19806 = CARTESIAN_POINT('',(18.824942590384,-52.5,183.139445191));
#19807 = LINE('',#19808,#19809);
#19808 = CARTESIAN_POINT('',(18.824942590384,-48.5,183.139445191));
#19809 = VECTOR('',#19810,1.);
#19810 = DIRECTION('',(1.749735364613E-16,-1.,-1.367043090562E-16));
#19811 = ORIENTED_EDGE('',*,*,#19812,.T.);
#19812 = EDGE_CURVE('',#19805,#19765,#19813,.T.);
#19813 = LINE('',#19814,#19815);
#19814 = CARTESIAN_POINT('',(18.824942590384,-52.5,183.139445191));
#19815 = VECTOR('',#19816,1.);
#19816 = DIRECTION('',(-0.788010753607,-2.22044604925E-16,0.615661475326
    ));
#19817 = ORIENTED_EDGE('',*,*,#19762,.F.);
#19818 = ORIENTED_EDGE('',*,*,#19819,.F.);
#19819 = EDGE_CURVE('',#19803,#19763,#19820,.T.);
#19820 = LINE('',#19821,#19822);
#19821 = CARTESIAN_POINT('',(18.824942590384,-48.5,183.139445191));
#19822 = VECTOR('',#19823,1.);
#19823 = DIRECTION('',(-0.788010753607,-2.22044604925E-16,0.615661475326
    ));
#19824 = PLANE('',#19825);
#19825 = AXIS2_PLACEMENT_3D('',#19826,#19827,#19828);
#19826 = CARTESIAN_POINT('',(18.824942590384,-48.5,183.139445191));
#19827 = DIRECTION('',(-0.615661475326,-9.316003417824E-32,
    -0.788010753607));
#19828 = DIRECTION('',(-0.788010753607,-2.22044604925E-16,0.615661475326
    ));
#19829 = ADVANCED_FACE('',(#19830),#19855,.F.);
#19830 = FACE_BOUND('',#19831,.F.);
#19831 = EDGE_LOOP('',(#19832,#19833,#19841,#19849));
#19832 = ORIENTED_EDGE('',*,*,#19780,.T.);
#19833 = ORIENTED_EDGE('',*,*,#19834,.T.);
#19834 = EDGE_CURVE('',#19773,#19835,#19837,.T.);
#19835 = VERTEX_POINT('',#19836);
#19836 = CARTESIAN_POINT('',(12.936534262138,-52.5,180.76037379796));
#19837 = LINE('',#19838,#19839);
#19838 = CARTESIAN_POINT('',(13.378468212306,-52.5,183.90489724628));
#19839 = VECTOR('',#19840,1.);
#19840 = DIRECTION('',(-0.13917310096,1.110223024625E-16,-0.990268068742
    ));
#19841 = ORIENTED_EDGE('',*,*,#19842,.F.);
#19842 = EDGE_CURVE('',#19843,#19835,#19845,.T.);
#19843 = VERTEX_POINT('',#19844);
#19844 = CARTESIAN_POINT('',(12.936534262138,-48.5,180.76037379796));
#19845 = LINE('',#19846,#19847);
#19846 = CARTESIAN_POINT('',(12.936534262138,-48.5,180.76037379796));
#19847 = VECTOR('',#19848,1.);
#19848 = DIRECTION('',(1.749735364613E-16,-1.,-1.367043090562E-16));
#19849 = ORIENTED_EDGE('',*,*,#19850,.F.);
#19850 = EDGE_CURVE('',#19781,#19843,#19851,.T.);
#19851 = LINE('',#19852,#19853);
#19852 = CARTESIAN_POINT('',(13.378468212306,-48.5,183.90489724628));
#19853 = VECTOR('',#19854,1.);
#19854 = DIRECTION('',(-0.13917310096,1.110223024625E-16,-0.990268068742
    ));
#19855 = PLANE('',#19856);
#19856 = AXIS2_PLACEMENT_3D('',#19857,#19858,#19859);
#19857 = CARTESIAN_POINT('',(13.378468212306,-48.5,183.90489724628));
#19858 = DIRECTION('',(0.990268068742,1.922962686384E-16,-0.13917310096)
  );
#19859 = DIRECTION('',(-0.13917310096,1.110223024625E-16,-0.990268068742
    ));
#19860 = ADVANCED_FACE('',(#19861,#19888),#19899,.F.);
#19861 = FACE_BOUND('',#19862,.F.);
#19862 = EDGE_LOOP('',(#19863,#19864,#19865,#19873,#19881,#19887));
#19863 = ORIENTED_EDGE('',*,*,#19788,.T.);
#19864 = ORIENTED_EDGE('',*,*,#19850,.T.);
#19865 = ORIENTED_EDGE('',*,*,#19866,.T.);
#19866 = EDGE_CURVE('',#19843,#19867,#19869,.T.);
#19867 = VERTEX_POINT('',#19868);
#19868 = CARTESIAN_POINT('',(15.438804476093,-48.5,178.80538604616));
#19869 = LINE('',#19870,#19871);
#19870 = CARTESIAN_POINT('',(12.936534262138,-48.5,180.76037379796));
#19871 = VECTOR('',#19872,1.);
#19872 = DIRECTION('',(0.788010753607,2.22044604925E-16,-0.615661475326)
  );
#19873 = ORIENTED_EDGE('',*,*,#19874,.T.);
#19874 = EDGE_CURVE('',#19867,#19875,#19877,.T.);
#19875 = VERTEX_POINT('',#19876);
#19876 = CARTESIAN_POINT('',(18.383008640217,-48.5,179.99492174268));
#19877 = LINE('',#19878,#19879);
#19878 = CARTESIAN_POINT('',(15.438804476093,-48.5,178.80538604616));
#19879 = VECTOR('',#19880,1.);
#19880 = DIRECTION('',(0.927183854567,1.110223024625E-16,0.374606593416)
  );
#19881 = ORIENTED_EDGE('',*,*,#19882,.T.);
#19882 = EDGE_CURVE('',#19875,#19803,#19883,.T.);
#19883 = LINE('',#19884,#19885);
#19884 = CARTESIAN_POINT('',(18.383008640217,-48.5,179.99492174268));
#19885 = VECTOR('',#19886,1.);
#19886 = DIRECTION('',(0.13917310096,-1.110223024625E-16,0.990268068742)
  );
#19887 = ORIENTED_EDGE('',*,*,#19819,.T.);
#19888 = FACE_BOUND('',#19889,.F.);
#19889 = EDGE_LOOP('',(#19890));
#19890 = ORIENTED_EDGE('',*,*,#19891,.F.);
#19891 = EDGE_CURVE('',#19892,#19892,#19894,.T.);
#19892 = VERTEX_POINT('',#19893);
#19893 = CARTESIAN_POINT('',(17.102155094352,-48.5,180.99563420772));
#19894 = CIRCLE('',#19895,1.55);
#19895 = AXIS2_PLACEMENT_3D('',#19896,#19897,#19898);
#19896 = CARTESIAN_POINT('',(15.880738426261,-48.5,181.94990949448));
#19897 = DIRECTION('',(0.,-1.,0.));
#19898 = DIRECTION('',(0.788010753607,0.,-0.615661475326));
#19899 = PLANE('',#19900);
#19900 = AXIS2_PLACEMENT_3D('',#19901,#19902,#19903);
#19901 = CARTESIAN_POINT('',(15.880738426261,-48.5,181.94990949448));
#19902 = DIRECTION('',(1.749735364613E-16,-1.,-1.367043090562E-16));
#19903 = DIRECTION('',(0.615661475326,0.,0.788010753607));
#19904 = ADVANCED_FACE('',(#19905,#19932),#19943,.T.);
#19905 = FACE_BOUND('',#19906,.T.);
#19906 = EDGE_LOOP('',(#19907,#19908,#19909,#19917,#19925,#19931));
#19907 = ORIENTED_EDGE('',*,*,#19772,.T.);
#19908 = ORIENTED_EDGE('',*,*,#19834,.T.);
#19909 = ORIENTED_EDGE('',*,*,#19910,.T.);
#19910 = EDGE_CURVE('',#19835,#19911,#19913,.T.);
#19911 = VERTEX_POINT('',#19912);
#19912 = CARTESIAN_POINT('',(15.438804476093,-52.5,178.80538604616));
#19913 = LINE('',#19914,#19915);
#19914 = CARTESIAN_POINT('',(12.936534262138,-52.5,180.76037379796));
#19915 = VECTOR('',#19916,1.);
#19916 = DIRECTION('',(0.788010753607,2.22044604925E-16,-0.615661475326)
  );
#19917 = ORIENTED_EDGE('',*,*,#19918,.T.);
#19918 = EDGE_CURVE('',#19911,#19919,#19921,.T.);
#19919 = VERTEX_POINT('',#19920);
#19920 = CARTESIAN_POINT('',(18.383008640217,-52.5,179.99492174268));
#19921 = LINE('',#19922,#19923);
#19922 = CARTESIAN_POINT('',(15.438804476093,-52.5,178.80538604616));
#19923 = VECTOR('',#19924,1.);
#19924 = DIRECTION('',(0.927183854567,1.110223024625E-16,0.374606593416)
  );
#19925 = ORIENTED_EDGE('',*,*,#19926,.T.);
#19926 = EDGE_CURVE('',#19919,#19805,#19927,.T.);
#19927 = LINE('',#19928,#19929);
#19928 = CARTESIAN_POINT('',(18.383008640217,-52.5,179.99492174268));
#19929 = VECTOR('',#19930,1.);
#19930 = DIRECTION('',(0.13917310096,-1.110223024625E-16,0.990268068742)
  );
#19931 = ORIENTED_EDGE('',*,*,#19812,.T.);
#19932 = FACE_BOUND('',#19933,.T.);
#19933 = EDGE_LOOP('',(#19934));
#19934 = ORIENTED_EDGE('',*,*,#19935,.F.);
#19935 = EDGE_CURVE('',#19936,#19936,#19938,.T.);
#19936 = VERTEX_POINT('',#19937);
#19937 = CARTESIAN_POINT('',(17.102155094352,-52.5,180.99563420772));
#19938 = CIRCLE('',#19939,1.55);
#19939 = AXIS2_PLACEMENT_3D('',#19940,#19941,#19942);
#19940 = CARTESIAN_POINT('',(15.880738426261,-52.5,181.94990949448));
#19941 = DIRECTION('',(0.,-1.,0.));
#19942 = DIRECTION('',(0.788010753607,0.,-0.615661475326));
#19943 = PLANE('',#19944);
#19944 = AXIS2_PLACEMENT_3D('',#19945,#19946,#19947);
#19945 = CARTESIAN_POINT('',(15.880738426261,-52.5,181.94990949448));
#19946 = DIRECTION('',(1.749735364613E-16,-1.,-1.367043090562E-16));
#19947 = DIRECTION('',(0.615661475326,0.,0.788010753607));
#19948 = ADVANCED_FACE('',(#19949),#19960,.F.);
#19949 = FACE_BOUND('',#19950,.F.);
#19950 = EDGE_LOOP('',(#19951,#19957,#19958,#19959));
#19951 = ORIENTED_EDGE('',*,*,#19952,.T.);
#19952 = EDGE_CURVE('',#19875,#19919,#19953,.T.);
#19953 = LINE('',#19954,#19955);
#19954 = CARTESIAN_POINT('',(18.383008640217,-48.5,179.99492174268));
#19955 = VECTOR('',#19956,1.);
#19956 = DIRECTION('',(1.749735364613E-16,-1.,-1.367043090562E-16));
#19957 = ORIENTED_EDGE('',*,*,#19926,.T.);
#19958 = ORIENTED_EDGE('',*,*,#19802,.F.);
#19959 = ORIENTED_EDGE('',*,*,#19882,.F.);
#19960 = PLANE('',#19961);
#19961 = AXIS2_PLACEMENT_3D('',#19962,#19963,#19964);
#19962 = CARTESIAN_POINT('',(18.383008640217,-48.5,179.99492174268));
#19963 = DIRECTION('',(-0.990268068742,-1.922962686384E-16,0.13917310096
    ));
#19964 = DIRECTION('',(0.13917310096,-1.110223024625E-16,0.990268068742)
  );
#19965 = ADVANCED_FACE('',(#19966),#19977,.F.);
#19966 = FACE_BOUND('',#19967,.F.);
#19967 = EDGE_LOOP('',(#19968,#19969,#19970,#19976));
#19968 = ORIENTED_EDGE('',*,*,#19842,.T.);
#19969 = ORIENTED_EDGE('',*,*,#19910,.T.);
#19970 = ORIENTED_EDGE('',*,*,#19971,.F.);
#19971 = EDGE_CURVE('',#19867,#19911,#19972,.T.);
#19972 = LINE('',#19973,#19974);
#19973 = CARTESIAN_POINT('',(15.438804476093,-48.5,178.80538604616));
#19974 = VECTOR('',#19975,1.);
#19975 = DIRECTION('',(1.749735364613E-16,-1.,-1.367043090562E-16));
#19976 = ORIENTED_EDGE('',*,*,#19866,.F.);
#19977 = PLANE('',#19978);
#19978 = AXIS2_PLACEMENT_3D('',#19979,#19980,#19981);
#19979 = CARTESIAN_POINT('',(12.936534262138,-48.5,180.76037379796));
#19980 = DIRECTION('',(0.615661475326,-3.105334472608E-32,0.788010753607
    ));
#19981 = DIRECTION('',(0.788010753607,2.22044604925E-16,-0.615661475326)
  );
#19982 = ADVANCED_FACE('',(#19983),#19989,.F.);
#19983 = FACE_BOUND('',#19984,.F.);
#19984 = EDGE_LOOP('',(#19985,#19986,#19987,#19988));
#19985 = ORIENTED_EDGE('',*,*,#19971,.T.);
#19986 = ORIENTED_EDGE('',*,*,#19918,.T.);
#19987 = ORIENTED_EDGE('',*,*,#19952,.F.);
#19988 = ORIENTED_EDGE('',*,*,#19874,.F.);
#19989 = PLANE('',#19990);
#19990 = AXIS2_PLACEMENT_3D('',#19991,#19992,#19993);
#19991 = CARTESIAN_POINT('',(15.438804476093,-48.5,178.80538604616));
#19992 = DIRECTION('',(-0.374606593416,-1.922962686384E-16,
    0.927183854567));
#19993 = DIRECTION('',(0.927183854567,1.110223024625E-16,0.374606593416)
  );
#19994 = ADVANCED_FACE('',(#19995),#20006,.F.);
#19995 = FACE_BOUND('',#19996,.F.);
#19996 = EDGE_LOOP('',(#19997,#19998,#20004,#20005));
#19997 = ORIENTED_EDGE('',*,*,#19935,.F.);
#19998 = ORIENTED_EDGE('',*,*,#19999,.F.);
#19999 = EDGE_CURVE('',#19892,#19936,#20000,.T.);
#20000 = LINE('',#20001,#20002);
#20001 = CARTESIAN_POINT('',(17.102155094352,-48.5,180.99563420772));
#20002 = VECTOR('',#20003,1.);
#20003 = DIRECTION('',(0.,-1.,0.));
#20004 = ORIENTED_EDGE('',*,*,#19891,.T.);
#20005 = ORIENTED_EDGE('',*,*,#19999,.T.);
#20006 = CYLINDRICAL_SURFACE('',#20007,1.55);
#20007 = AXIS2_PLACEMENT_3D('',#20008,#20009,#20010);
#20008 = CARTESIAN_POINT('',(15.880738426261,-48.5,181.94990949448));
#20009 = DIRECTION('',(0.,-1.,0.));
#20010 = DIRECTION('',(0.788010753607,0.,-0.615661475326));
#20011 = MANIFOLD_SOLID_BREP('',#20012);
#20012 = CLOSED_SHELL('',(#20013,#20046,#20066,#20086));
#20013 = ADVANCED_FACE('',(#20014),#20041,.T.);
#20014 = FACE_BOUND('',#20015,.T.);
#20015 = EDGE_LOOP('',(#20016,#20025,#20033,#20040));
#20016 = ORIENTED_EDGE('',*,*,#20017,.F.);
#20017 = EDGE_CURVE('',#20018,#20018,#20020,.T.);
#20018 = VERTEX_POINT('',#20019);
#20019 = CARTESIAN_POINT('',(18.638776063885,-48.5,179.79509433084));
#20020 = CIRCLE('',#20021,3.5);
#20021 = AXIS2_PLACEMENT_3D('',#20022,#20023,#20024);
#20022 = CARTESIAN_POINT('',(15.880738426261,-48.5,181.94990949448));
#20023 = DIRECTION('',(0.,-1.,0.));
#20024 = DIRECTION('',(0.788010753607,0.,-0.615661475326));
#20025 = ORIENTED_EDGE('',*,*,#20026,.F.);
#20026 = EDGE_CURVE('',#20027,#20018,#20029,.T.);
#20027 = VERTEX_POINT('',#20028);
#20028 = CARTESIAN_POINT('',(18.638776063885,-48.,179.79509433084));
#20029 = LINE('',#20030,#20031);
#20030 = CARTESIAN_POINT('',(18.638776063885,-48.,179.79509433084));
#20031 = VECTOR('',#20032,1.);
#20032 = DIRECTION('',(0.,-1.,0.));
#20033 = ORIENTED_EDGE('',*,*,#20034,.T.);
#20034 = EDGE_CURVE('',#20027,#20027,#20035,.T.);
#20035 = CIRCLE('',#20036,3.5);
#20036 = AXIS2_PLACEMENT_3D('',#20037,#20038,#20039);
#20037 = CARTESIAN_POINT('',(15.880738426261,-48.,181.94990949448));
#20038 = DIRECTION('',(0.,-1.,0.));
#20039 = DIRECTION('',(0.788010753607,0.,-0.615661475326));
#20040 = ORIENTED_EDGE('',*,*,#20026,.T.);
#20041 = CYLINDRICAL_SURFACE('',#20042,3.5);
#20042 = AXIS2_PLACEMENT_3D('',#20043,#20044,#20045);
#20043 = CARTESIAN_POINT('',(15.880738426261,-48.,181.94990949448));
#20044 = DIRECTION('',(0.,-1.,0.));
#20045 = DIRECTION('',(0.788010753607,0.,-0.615661475326));
#20046 = ADVANCED_FACE('',(#20047,#20050),#20061,.T.);
#20047 = FACE_BOUND('',#20048,.T.);
#20048 = EDGE_LOOP('',(#20049));
#20049 = ORIENTED_EDGE('',*,*,#20017,.T.);
#20050 = FACE_BOUND('',#20051,.T.);
#20051 = EDGE_LOOP('',(#20052));
#20052 = ORIENTED_EDGE('',*,*,#20053,.F.);
#20053 = EDGE_CURVE('',#20054,#20054,#20056,.T.);
#20054 = VERTEX_POINT('',#20055);
#20055 = CARTESIAN_POINT('',(17.220356707393,-48.5,180.90328498642));
#20056 = CIRCLE('',#20057,1.7);
#20057 = AXIS2_PLACEMENT_3D('',#20058,#20059,#20060);
#20058 = CARTESIAN_POINT('',(15.880738426261,-48.5,181.94990949448));
#20059 = DIRECTION('',(0.,-1.,0.));
#20060 = DIRECTION('',(0.788010753607,0.,-0.615661475326));
#20061 = PLANE('',#20062);
#20062 = AXIS2_PLACEMENT_3D('',#20063,#20064,#20065);
#20063 = CARTESIAN_POINT('',(15.880738426261,-48.5,181.94990949448));
#20064 = DIRECTION('',(0.,-1.,0.));
#20065 = DIRECTION('',(0.788010753607,0.,-0.615661475326));
#20066 = ADVANCED_FACE('',(#20067,#20070),#20081,.F.);
#20067 = FACE_BOUND('',#20068,.F.);
#20068 = EDGE_LOOP('',(#20069));
#20069 = ORIENTED_EDGE('',*,*,#20034,.T.);
#20070 = FACE_BOUND('',#20071,.F.);
#20071 = EDGE_LOOP('',(#20072));
#20072 = ORIENTED_EDGE('',*,*,#20073,.F.);
#20073 = EDGE_CURVE('',#20074,#20074,#20076,.T.);
#20074 = VERTEX_POINT('',#20075);
#20075 = CARTESIAN_POINT('',(17.220356707393,-48.,180.90328498642));
#20076 = CIRCLE('',#20077,1.7);
#20077 = AXIS2_PLACEMENT_3D('',#20078,#20079,#20080);
#20078 = CARTESIAN_POINT('',(15.880738426261,-48.,181.94990949448));
#20079 = DIRECTION('',(0.,-1.,0.));
#20080 = DIRECTION('',(0.788010753607,0.,-0.615661475326));
#20081 = PLANE('',#20082);
#20082 = AXIS2_PLACEMENT_3D('',#20083,#20084,#20085);
#20083 = CARTESIAN_POINT('',(15.880738426261,-48.,181.94990949448));
#20084 = DIRECTION('',(0.,-1.,0.));
#20085 = DIRECTION('',(0.788010753607,0.,-0.615661475326));
#20086 = ADVANCED_FACE('',(#20087),#20098,.F.);
#20087 = FACE_BOUND('',#20088,.F.);
#20088 = EDGE_LOOP('',(#20089,#20090,#20096,#20097));
#20089 = ORIENTED_EDGE('',*,*,#20053,.F.);
#20090 = ORIENTED_EDGE('',*,*,#20091,.F.);
#20091 = EDGE_CURVE('',#20074,#20054,#20092,.T.);
#20092 = LINE('',#20093,#20094);
#20093 = CARTESIAN_POINT('',(17.220356707393,-48.,180.90328498642));
#20094 = VECTOR('',#20095,1.);
#20095 = DIRECTION('',(0.,-1.,0.));
#20096 = ORIENTED_EDGE('',*,*,#20073,.T.);
#20097 = ORIENTED_EDGE('',*,*,#20091,.T.);
#20098 = CYLINDRICAL_SURFACE('',#20099,1.7);
#20099 = AXIS2_PLACEMENT_3D('',#20100,#20101,#20102);
#20100 = CARTESIAN_POINT('',(15.880738426261,-48.,181.94990949448));
#20101 = DIRECTION('',(0.,-1.,0.));
#20102 = DIRECTION('',(0.788010753607,0.,-0.615661475326));
#20103 = MANIFOLD_SOLID_BREP('',#20104);
#20104 = CLOSED_SHELL('',(#20105,#20138,#20147,#20167,#20192));
#20105 = ADVANCED_FACE('',(#20106),#20133,.T.);
#20106 = FACE_BOUND('',#20107,.T.);
#20107 = EDGE_LOOP('',(#20108,#20117,#20125,#20132));
#20108 = ORIENTED_EDGE('',*,*,#20109,.F.);
#20109 = EDGE_CURVE('',#20110,#20110,#20112,.T.);
#20110 = VERTEX_POINT('',#20111);
#20111 = CARTESIAN_POINT('',(8.817456953861E-16,-20.5,201.4));
#20112 = CIRCLE('',#20113,1.4);
#20113 = AXIS2_PLACEMENT_3D('',#20114,#20115,#20116);
#20114 = CARTESIAN_POINT('',(1.224646799147E-15,-20.5,200.));
#20115 = DIRECTION('',(0.,1.,0.));
#20116 = DIRECTION('',(0.,0.,1.));
#20117 = ORIENTED_EDGE('',*,*,#20118,.F.);
#20118 = EDGE_CURVE('',#20119,#20110,#20121,.T.);
#20119 = VERTEX_POINT('',#20120);
#20120 = CARTESIAN_POINT('',(8.817456953861E-16,-35.,201.4));
#20121 = LINE('',#20122,#20123);
#20122 = CARTESIAN_POINT('',(8.817456953861E-16,-35.,201.4));
#20123 = VECTOR('',#20124,1.);
#20124 = DIRECTION('',(0.,1.,0.));
#20125 = ORIENTED_EDGE('',*,*,#20126,.T.);
#20126 = EDGE_CURVE('',#20119,#20119,#20127,.T.);
#20127 = CIRCLE('',#20128,1.4);
#20128 = AXIS2_PLACEMENT_3D('',#20129,#20130,#20131);
#20129 = CARTESIAN_POINT('',(1.224646799147E-15,-35.,200.));
#20130 = DIRECTION('',(0.,1.,0.));
#20131 = DIRECTION('',(0.,0.,1.));
#20132 = ORIENTED_EDGE('',*,*,#20118,.T.);
#20133 = CYLINDRICAL_SURFACE('',#20134,1.4);
#20134 = AXIS2_PLACEMENT_3D('',#20135,#20136,#20137);
#20135 = CARTESIAN_POINT('',(1.224646799147E-15,-35.,200.));
#20136 = DIRECTION('',(0.,1.,0.));
#20137 = DIRECTION('',(0.,0.,1.));
#20138 = ADVANCED_FACE('',(#20139),#20142,.T.);
#20139 = FACE_BOUND('',#20140,.T.);
#20140 = EDGE_LOOP('',(#20141));
#20141 = ORIENTED_EDGE('',*,*,#20109,.T.);
#20142 = PLANE('',#20143);
#20143 = AXIS2_PLACEMENT_3D('',#20144,#20145,#20146);
#20144 = CARTESIAN_POINT('',(1.224646799147E-15,-20.5,200.));
#20145 = DIRECTION('',(0.,1.,0.));
#20146 = DIRECTION('',(0.,0.,1.));
#20147 = ADVANCED_FACE('',(#20148,#20159),#20162,.T.);
#20148 = FACE_BOUND('',#20149,.T.);
#20149 = EDGE_LOOP('',(#20150));
#20150 = ORIENTED_EDGE('',*,*,#20151,.T.);
#20151 = EDGE_CURVE('',#20152,#20152,#20154,.T.);
#20152 = VERTEX_POINT('',#20153);
#20153 = CARTESIAN_POINT('',(5.510910596163E-16,-35.,202.75));
#20154 = CIRCLE('',#20155,2.75);
#20155 = AXIS2_PLACEMENT_3D('',#20156,#20157,#20158);
#20156 = CARTESIAN_POINT('',(1.224646799147E-15,-35.,200.));
#20157 = DIRECTION('',(0.,1.,0.));
#20158 = DIRECTION('',(0.,0.,1.));
#20159 = FACE_BOUND('',#20160,.T.);
#20160 = EDGE_LOOP('',(#20161));
#20161 = ORIENTED_EDGE('',*,*,#20126,.F.);
#20162 = PLANE('',#20163);
#20163 = AXIS2_PLACEMENT_3D('',#20164,#20165,#20166);
#20164 = CARTESIAN_POINT('',(1.224646799147E-15,-35.,200.));
#20165 = DIRECTION('',(0.,1.,0.));
#20166 = DIRECTION('',(0.,0.,1.));
#20167 = ADVANCED_FACE('',(#20168),#20187,.T.);
#20168 = FACE_BOUND('',#20169,.T.);
#20169 = EDGE_LOOP('',(#20170,#20171,#20179,#20186));
#20170 = ORIENTED_EDGE('',*,*,#20151,.F.);
#20171 = ORIENTED_EDGE('',*,*,#20172,.F.);
#20172 = EDGE_CURVE('',#20173,#20152,#20175,.T.);
#20173 = VERTEX_POINT('',#20174);
#20174 = CARTESIAN_POINT('',(5.510910596163E-16,-38.,202.75));
#20175 = LINE('',#20176,#20177);
#20176 = CARTESIAN_POINT('',(5.510910596163E-16,-38.,202.75));
#20177 = VECTOR('',#20178,1.);
#20178 = DIRECTION('',(0.,1.,0.));
#20179 = ORIENTED_EDGE('',*,*,#20180,.T.);
#20180 = EDGE_CURVE('',#20173,#20173,#20181,.T.);
#20181 = CIRCLE('',#20182,2.75);
#20182 = AXIS2_PLACEMENT_3D('',#20183,#20184,#20185);
#20183 = CARTESIAN_POINT('',(1.224646799147E-15,-38.,200.));
#20184 = DIRECTION('',(0.,1.,0.));
#20185 = DIRECTION('',(0.,0.,1.));
#20186 = ORIENTED_EDGE('',*,*,#20172,.T.);
#20187 = CYLINDRICAL_SURFACE('',#20188,2.75);
#20188 = AXIS2_PLACEMENT_3D('',#20189,#20190,#20191);
#20189 = CARTESIAN_POINT('',(1.224646799147E-15,-38.,200.));
#20190 = DIRECTION('',(0.,1.,0.));
#20191 = DIRECTION('',(0.,0.,1.));
#20192 = ADVANCED_FACE('',(#20193),#20196,.F.);
#20193 = FACE_BOUND('',#20194,.T.);
#20194 = EDGE_LOOP('',(#20195));
#20195 = ORIENTED_EDGE('',*,*,#20180,.F.);
#20196 = PLANE('',#20197);
#20197 = AXIS2_PLACEMENT_3D('',#20198,#20199,#20200);
#20198 = CARTESIAN_POINT('',(1.224646799147E-15,-38.,200.));
#20199 = DIRECTION('',(0.,1.,0.));
#20200 = DIRECTION('',(0.,0.,1.));
#20201 = MANIFOLD_SOLID_BREP('',#20202);
#20202 = CLOSED_SHELL('',(#20203,#20243,#20274,#20305,#20349,#20393,
    #20410,#20427,#20439));
#20203 = ADVANCED_FACE('',(#20204),#20238,.F.);
#20204 = FACE_BOUND('',#20205,.F.);
#20205 = EDGE_LOOP('',(#20206,#20216,#20224,#20232));
#20206 = ORIENTED_EDGE('',*,*,#20207,.T.);
#20207 = EDGE_CURVE('',#20208,#20210,#20212,.T.);
#20208 = VERTEX_POINT('',#20209);
#20209 = CARTESIAN_POINT('',(2.75,-25.,198.41228675972));
#20210 = VERTEX_POINT('',#20211);
#20211 = CARTESIAN_POINT('',(2.75,-21.,198.41228675972));
#20212 = LINE('',#20213,#20214);
#20213 = CARTESIAN_POINT('',(2.75,-25.,198.41228675972));
#20214 = VECTOR('',#20215,1.);
#20215 = DIRECTION('',(0.,1.,-2.22044604925E-16));
#20216 = ORIENTED_EDGE('',*,*,#20217,.T.);
#20217 = EDGE_CURVE('',#20210,#20218,#20220,.T.);
#20218 = VERTEX_POINT('',#20219);
#20219 = CARTESIAN_POINT('',(1.419085592914E-15,-21.,196.82457351945));
#20220 = LINE('',#20221,#20222);
#20221 = CARTESIAN_POINT('',(2.75,-21.,198.41228675972));
#20222 = VECTOR('',#20223,1.);
#20223 = DIRECTION('',(-0.866025403784,-1.110223024625E-16,-0.5));
#20224 = ORIENTED_EDGE('',*,*,#20225,.F.);
#20225 = EDGE_CURVE('',#20226,#20218,#20228,.T.);
#20226 = VERTEX_POINT('',#20227);
#20227 = CARTESIAN_POINT('',(1.419085592914E-15,-25.,196.82457351945));
#20228 = LINE('',#20229,#20230);
#20229 = CARTESIAN_POINT('',(1.419085592914E-15,-25.,196.82457351945));
#20230 = VECTOR('',#20231,1.);
#20231 = DIRECTION('',(0.,1.,-2.22044604925E-16));
#20232 = ORIENTED_EDGE('',*,*,#20233,.F.);
#20233 = EDGE_CURVE('',#20208,#20226,#20234,.T.);
#20234 = LINE('',#20235,#20236);
#20235 = CARTESIAN_POINT('',(2.75,-25.,198.41228675972));
#20236 = VECTOR('',#20237,1.);
#20237 = DIRECTION('',(-0.866025403784,-1.110223024625E-16,-0.5));
#20238 = PLANE('',#20239);
#20239 = AXIS2_PLACEMENT_3D('',#20240,#20241,#20242);
#20240 = CARTESIAN_POINT('',(2.75,-25.,198.41228675972));
#20241 = DIRECTION('',(-0.5,1.922962686384E-16,0.866025403784));
#20242 = DIRECTION('',(-0.866025403784,-1.110223024625E-16,-0.5));
#20243 = ADVANCED_FACE('',(#20244),#20269,.F.);
#20244 = FACE_BOUND('',#20245,.F.);
#20245 = EDGE_LOOP('',(#20246,#20256,#20262,#20263));
#20246 = ORIENTED_EDGE('',*,*,#20247,.T.);
#20247 = EDGE_CURVE('',#20248,#20250,#20252,.T.);
#20248 = VERTEX_POINT('',#20249);
#20249 = CARTESIAN_POINT('',(2.75,-25.,201.58771324027));
#20250 = VERTEX_POINT('',#20251);
#20251 = CARTESIAN_POINT('',(2.75,-21.,201.58771324027));
#20252 = LINE('',#20253,#20254);
#20253 = CARTESIAN_POINT('',(2.75,-25.,201.58771324027));
#20254 = VECTOR('',#20255,1.);
#20255 = DIRECTION('',(0.,1.,-2.22044604925E-16));
#20256 = ORIENTED_EDGE('',*,*,#20257,.T.);
#20257 = EDGE_CURVE('',#20250,#20210,#20258,.T.);
#20258 = LINE('',#20259,#20260);
#20259 = CARTESIAN_POINT('',(2.75,-21.,201.58771324027));
#20260 = VECTOR('',#20261,1.);
#20261 = DIRECTION('',(4.19555495211E-16,-2.22044604925E-16,-1.));
#20262 = ORIENTED_EDGE('',*,*,#20207,.F.);
#20263 = ORIENTED_EDGE('',*,*,#20264,.F.);
#20264 = EDGE_CURVE('',#20248,#20208,#20265,.T.);
#20265 = LINE('',#20266,#20267);
#20266 = CARTESIAN_POINT('',(2.75,-25.,201.58771324027));
#20267 = VECTOR('',#20268,1.);
#20268 = DIRECTION('',(4.19555495211E-16,-2.22044604925E-16,-1.));
#20269 = PLANE('',#20270);
#20270 = AXIS2_PLACEMENT_3D('',#20271,#20272,#20273);
#20271 = CARTESIAN_POINT('',(2.75,-25.,201.58771324027));
#20272 = DIRECTION('',(-1.,-9.316003417824E-32,-4.19555495211E-16));
#20273 = DIRECTION('',(4.19555495211E-16,-2.22044604925E-16,-1.));
#20274 = ADVANCED_FACE('',(#20275),#20300,.F.);
#20275 = FACE_BOUND('',#20276,.F.);
#20276 = EDGE_LOOP('',(#20277,#20278,#20286,#20294));
#20277 = ORIENTED_EDGE('',*,*,#20225,.T.);
#20278 = ORIENTED_EDGE('',*,*,#20279,.T.);
#20279 = EDGE_CURVE('',#20218,#20280,#20282,.T.);
#20280 = VERTEX_POINT('',#20281);
#20281 = CARTESIAN_POINT('',(-2.75,-21.,198.41228675972));
#20282 = LINE('',#20283,#20284);
#20283 = CARTESIAN_POINT('',(1.419085592914E-15,-21.,196.82457351945));
#20284 = VECTOR('',#20285,1.);
#20285 = DIRECTION('',(-0.866025403784,1.110223024625E-16,0.5));
#20286 = ORIENTED_EDGE('',*,*,#20287,.F.);
#20287 = EDGE_CURVE('',#20288,#20280,#20290,.T.);
#20288 = VERTEX_POINT('',#20289);
#20289 = CARTESIAN_POINT('',(-2.75,-25.,198.41228675972));
#20290 = LINE('',#20291,#20292);
#20291 = CARTESIAN_POINT('',(-2.75,-25.,198.41228675972));
#20292 = VECTOR('',#20293,1.);
#20293 = DIRECTION('',(0.,1.,-2.22044604925E-16));
#20294 = ORIENTED_EDGE('',*,*,#20295,.F.);
#20295 = EDGE_CURVE('',#20226,#20288,#20296,.T.);
#20296 = LINE('',#20297,#20298);
#20297 = CARTESIAN_POINT('',(1.419085592914E-15,-25.,196.82457351945));
#20298 = VECTOR('',#20299,1.);
#20299 = DIRECTION('',(-0.866025403784,1.110223024625E-16,0.5));
#20300 = PLANE('',#20301);
#20301 = AXIS2_PLACEMENT_3D('',#20302,#20303,#20304);
#20302 = CARTESIAN_POINT('',(1.419085592914E-15,-25.,196.82457351945));
#20303 = DIRECTION('',(0.5,1.922962686384E-16,0.866025403784));
#20304 = DIRECTION('',(-0.866025403784,1.110223024625E-16,0.5));
#20305 = ADVANCED_FACE('',(#20306,#20333),#20344,.F.);
#20306 = FACE_BOUND('',#20307,.F.);
#20307 = EDGE_LOOP('',(#20308,#20309,#20310,#20318,#20326,#20332));
#20308 = ORIENTED_EDGE('',*,*,#20233,.T.);
#20309 = ORIENTED_EDGE('',*,*,#20295,.T.);
#20310 = ORIENTED_EDGE('',*,*,#20311,.T.);
#20311 = EDGE_CURVE('',#20288,#20312,#20314,.T.);
#20312 = VERTEX_POINT('',#20313);
#20313 = CARTESIAN_POINT('',(-2.75,-25.,201.58771324027));
#20314 = LINE('',#20315,#20316);
#20315 = CARTESIAN_POINT('',(-2.75,-25.,198.41228675972));
#20316 = VECTOR('',#20317,1.);
#20317 = DIRECTION('',(1.39851831737E-16,2.22044604925E-16,1.));
#20318 = ORIENTED_EDGE('',*,*,#20319,.T.);
#20319 = EDGE_CURVE('',#20312,#20320,#20322,.T.);
#20320 = VERTEX_POINT('',#20321);
#20321 = CARTESIAN_POINT('',(6.413304178487E-16,-25.,203.17542648054));
#20322 = LINE('',#20323,#20324);
#20323 = CARTESIAN_POINT('',(-2.75,-25.,201.58771324027));
#20324 = VECTOR('',#20325,1.);
#20325 = DIRECTION('',(0.866025403784,1.110223024625E-16,0.5));
#20326 = ORIENTED_EDGE('',*,*,#20327,.T.);
#20327 = EDGE_CURVE('',#20320,#20248,#20328,.T.);
#20328 = LINE('',#20329,#20330);
#20329 = CARTESIAN_POINT('',(6.413304178487E-16,-25.,203.17542648054));
#20330 = VECTOR('',#20331,1.);
#20331 = DIRECTION('',(0.866025403784,-1.110223024625E-16,-0.5));
#20332 = ORIENTED_EDGE('',*,*,#20264,.T.);
#20333 = FACE_BOUND('',#20334,.F.);
#20334 = EDGE_LOOP('',(#20335));
#20335 = ORIENTED_EDGE('',*,*,#20336,.F.);
#20336 = EDGE_CURVE('',#20337,#20337,#20339,.T.);
#20337 = VERTEX_POINT('',#20338);
#20338 = CARTESIAN_POINT('',(8.450062914117E-16,-25.,201.55));
#20339 = CIRCLE('',#20340,1.55);
#20340 = AXIS2_PLACEMENT_3D('',#20341,#20342,#20343);
#20341 = CARTESIAN_POINT('',(1.224646799147E-15,-25.,200.));
#20342 = DIRECTION('',(0.,1.,0.));
#20343 = DIRECTION('',(0.,0.,1.));
#20344 = PLANE('',#20345);
#20345 = AXIS2_PLACEMENT_3D('',#20346,#20347,#20348);
#20346 = CARTESIAN_POINT('',(1.08479496741E-15,-25.,200.));
#20347 = DIRECTION('',(0.,1.,-2.22044604925E-16));
#20348 = DIRECTION('',(1.,0.,0.));
#20349 = ADVANCED_FACE('',(#20350,#20377),#20388,.T.);
#20350 = FACE_BOUND('',#20351,.T.);
#20351 = EDGE_LOOP('',(#20352,#20353,#20354,#20362,#20370,#20376));
#20352 = ORIENTED_EDGE('',*,*,#20217,.T.);
#20353 = ORIENTED_EDGE('',*,*,#20279,.T.);
#20354 = ORIENTED_EDGE('',*,*,#20355,.T.);
#20355 = EDGE_CURVE('',#20280,#20356,#20358,.T.);
#20356 = VERTEX_POINT('',#20357);
#20357 = CARTESIAN_POINT('',(-2.75,-21.,201.58771324027));
#20358 = LINE('',#20359,#20360);
#20359 = CARTESIAN_POINT('',(-2.75,-21.,198.41228675972));
#20360 = VECTOR('',#20361,1.);
#20361 = DIRECTION('',(1.39851831737E-16,2.22044604925E-16,1.));
#20362 = ORIENTED_EDGE('',*,*,#20363,.T.);
#20363 = EDGE_CURVE('',#20356,#20364,#20366,.T.);
#20364 = VERTEX_POINT('',#20365);
#20365 = CARTESIAN_POINT('',(6.413304178487E-16,-21.,203.17542648054));
#20366 = LINE('',#20367,#20368);
#20367 = CARTESIAN_POINT('',(-2.75,-21.,201.58771324027));
#20368 = VECTOR('',#20369,1.);
#20369 = DIRECTION('',(0.866025403784,1.110223024625E-16,0.5));
#20370 = ORIENTED_EDGE('',*,*,#20371,.T.);
#20371 = EDGE_CURVE('',#20364,#20250,#20372,.T.);
#20372 = LINE('',#20373,#20374);
#20373 = CARTESIAN_POINT('',(6.413304178487E-16,-21.,203.17542648054));
#20374 = VECTOR('',#20375,1.);
#20375 = DIRECTION('',(0.866025403784,-1.110223024625E-16,-0.5));
#20376 = ORIENTED_EDGE('',*,*,#20257,.T.);
#20377 = FACE_BOUND('',#20378,.T.);
#20378 = EDGE_LOOP('',(#20379));
#20379 = ORIENTED_EDGE('',*,*,#20380,.F.);
#20380 = EDGE_CURVE('',#20381,#20381,#20383,.T.);
#20381 = VERTEX_POINT('',#20382);
#20382 = CARTESIAN_POINT('',(8.450062914117E-16,-21.,201.55));
#20383 = CIRCLE('',#20384,1.55);
#20384 = AXIS2_PLACEMENT_3D('',#20385,#20386,#20387);
#20385 = CARTESIAN_POINT('',(1.224646799147E-15,-21.,200.));
#20386 = DIRECTION('',(0.,1.,0.));
#20387 = DIRECTION('',(0.,0.,1.));
#20388 = PLANE('',#20389);
#20389 = AXIS2_PLACEMENT_3D('',#20390,#20391,#20392);
#20390 = CARTESIAN_POINT('',(1.08479496741E-15,-21.,200.));
#20391 = DIRECTION('',(0.,1.,-2.22044604925E-16));
#20392 = DIRECTION('',(1.,0.,0.));
#20393 = ADVANCED_FACE('',(#20394),#20405,.F.);
#20394 = FACE_BOUND('',#20395,.F.);
#20395 = EDGE_LOOP('',(#20396,#20402,#20403,#20404));
#20396 = ORIENTED_EDGE('',*,*,#20397,.T.);
#20397 = EDGE_CURVE('',#20320,#20364,#20398,.T.);
#20398 = LINE('',#20399,#20400);
#20399 = CARTESIAN_POINT('',(6.413304178487E-16,-25.,203.17542648054));
#20400 = VECTOR('',#20401,1.);
#20401 = DIRECTION('',(0.,1.,-2.22044604925E-16));
#20402 = ORIENTED_EDGE('',*,*,#20371,.T.);
#20403 = ORIENTED_EDGE('',*,*,#20247,.F.);
#20404 = ORIENTED_EDGE('',*,*,#20327,.F.);
#20405 = PLANE('',#20406);
#20406 = AXIS2_PLACEMENT_3D('',#20407,#20408,#20409);
#20407 = CARTESIAN_POINT('',(6.413304178487E-16,-25.,203.17542648054));
#20408 = DIRECTION('',(-0.5,-1.922962686384E-16,-0.866025403784));
#20409 = DIRECTION('',(0.866025403784,-1.110223024625E-16,-0.5));
#20410 = ADVANCED_FACE('',(#20411),#20422,.F.);
#20411 = FACE_BOUND('',#20412,.F.);
#20412 = EDGE_LOOP('',(#20413,#20414,#20415,#20421));
#20413 = ORIENTED_EDGE('',*,*,#20287,.T.);
#20414 = ORIENTED_EDGE('',*,*,#20355,.T.);
#20415 = ORIENTED_EDGE('',*,*,#20416,.F.);
#20416 = EDGE_CURVE('',#20312,#20356,#20417,.T.);
#20417 = LINE('',#20418,#20419);
#20418 = CARTESIAN_POINT('',(-2.75,-25.,201.58771324027));
#20419 = VECTOR('',#20420,1.);
#20420 = DIRECTION('',(0.,1.,-2.22044604925E-16));
#20421 = ORIENTED_EDGE('',*,*,#20311,.F.);
#20422 = PLANE('',#20423);
#20423 = AXIS2_PLACEMENT_3D('',#20424,#20425,#20426);
#20424 = CARTESIAN_POINT('',(-2.75,-25.,198.41228675972));
#20425 = DIRECTION('',(1.,-3.105334472608E-32,-1.39851831737E-16));
#20426 = DIRECTION('',(1.39851831737E-16,2.22044604925E-16,1.));
#20427 = ADVANCED_FACE('',(#20428),#20434,.F.);
#20428 = FACE_BOUND('',#20429,.F.);
#20429 = EDGE_LOOP('',(#20430,#20431,#20432,#20433));
#20430 = ORIENTED_EDGE('',*,*,#20416,.T.);
#20431 = ORIENTED_EDGE('',*,*,#20363,.T.);
#20432 = ORIENTED_EDGE('',*,*,#20397,.F.);
#20433 = ORIENTED_EDGE('',*,*,#20319,.F.);
#20434 = PLANE('',#20435);
#20435 = AXIS2_PLACEMENT_3D('',#20436,#20437,#20438);
#20436 = CARTESIAN_POINT('',(-2.75,-25.,201.58771324027));
#20437 = DIRECTION('',(0.5,-1.922962686384E-16,-0.866025403784));
#20438 = DIRECTION('',(0.866025403784,1.110223024625E-16,0.5));
#20439 = ADVANCED_FACE('',(#20440),#20451,.F.);
#20440 = FACE_BOUND('',#20441,.F.);
#20441 = EDGE_LOOP('',(#20442,#20443,#20449,#20450));
#20442 = ORIENTED_EDGE('',*,*,#20380,.F.);
#20443 = ORIENTED_EDGE('',*,*,#20444,.F.);
#20444 = EDGE_CURVE('',#20337,#20381,#20445,.T.);
#20445 = LINE('',#20446,#20447);
#20446 = CARTESIAN_POINT('',(8.450062914117E-16,-25.,201.55));
#20447 = VECTOR('',#20448,1.);
#20448 = DIRECTION('',(0.,1.,0.));
#20449 = ORIENTED_EDGE('',*,*,#20336,.T.);
#20450 = ORIENTED_EDGE('',*,*,#20444,.T.);
#20451 = CYLINDRICAL_SURFACE('',#20452,1.55);
#20452 = AXIS2_PLACEMENT_3D('',#20453,#20454,#20455);
#20453 = CARTESIAN_POINT('',(1.224646799147E-15,-25.,200.));
#20454 = DIRECTION('',(0.,1.,0.));
#20455 = DIRECTION('',(0.,0.,1.));
#20456 = MANIFOLD_SOLID_BREP('',#20457);
#20457 = CLOSED_SHELL('',(#20458,#20491,#20500,#20520,#20545));
#20458 = ADVANCED_FACE('',(#20459),#20486,.T.);
#20459 = FACE_BOUND('',#20460,.T.);
#20460 = EDGE_LOOP('',(#20461,#20470,#20478,#20485));
#20461 = ORIENTED_EDGE('',*,*,#20462,.F.);
#20462 = EDGE_CURVE('',#20463,#20463,#20465,.T.);
#20463 = VERTEX_POINT('',#20464);
#20464 = CARTESIAN_POINT('',(-17.32050807568,-20.5,171.4));
#20465 = CIRCLE('',#20466,1.4);
#20466 = AXIS2_PLACEMENT_3D('',#20467,#20468,#20469);
#20467 = CARTESIAN_POINT('',(-17.32050807568,-20.5,170.));
#20468 = DIRECTION('',(0.,1.,0.));
#20469 = DIRECTION('',(0.,0.,1.));
#20470 = ORIENTED_EDGE('',*,*,#20471,.F.);
#20471 = EDGE_CURVE('',#20472,#20463,#20474,.T.);
#20472 = VERTEX_POINT('',#20473);
#20473 = CARTESIAN_POINT('',(-17.32050807568,-35.,171.4));
#20474 = LINE('',#20475,#20476);
#20475 = CARTESIAN_POINT('',(-17.32050807568,-35.,171.4));
#20476 = VECTOR('',#20477,1.);
#20477 = DIRECTION('',(0.,1.,0.));
#20478 = ORIENTED_EDGE('',*,*,#20479,.T.);
#20479 = EDGE_CURVE('',#20472,#20472,#20480,.T.);
#20480 = CIRCLE('',#20481,1.4);
#20481 = AXIS2_PLACEMENT_3D('',#20482,#20483,#20484);
#20482 = CARTESIAN_POINT('',(-17.32050807568,-35.,170.));
#20483 = DIRECTION('',(0.,1.,0.));
#20484 = DIRECTION('',(0.,0.,1.));
#20485 = ORIENTED_EDGE('',*,*,#20471,.T.);
#20486 = CYLINDRICAL_SURFACE('',#20487,1.4);
#20487 = AXIS2_PLACEMENT_3D('',#20488,#20489,#20490);
#20488 = CARTESIAN_POINT('',(-17.32050807568,-35.,170.));
#20489 = DIRECTION('',(0.,1.,0.));
#20490 = DIRECTION('',(0.,0.,1.));
#20491 = ADVANCED_FACE('',(#20492),#20495,.T.);
#20492 = FACE_BOUND('',#20493,.T.);
#20493 = EDGE_LOOP('',(#20494));
#20494 = ORIENTED_EDGE('',*,*,#20462,.T.);
#20495 = PLANE('',#20496);
#20496 = AXIS2_PLACEMENT_3D('',#20497,#20498,#20499);
#20497 = CARTESIAN_POINT('',(-17.32050807568,-20.5,170.));
#20498 = DIRECTION('',(0.,1.,0.));
#20499 = DIRECTION('',(0.,0.,1.));
#20500 = ADVANCED_FACE('',(#20501,#20512),#20515,.T.);
#20501 = FACE_BOUND('',#20502,.T.);
#20502 = EDGE_LOOP('',(#20503));
#20503 = ORIENTED_EDGE('',*,*,#20504,.T.);
#20504 = EDGE_CURVE('',#20505,#20505,#20507,.T.);
#20505 = VERTEX_POINT('',#20506);
#20506 = CARTESIAN_POINT('',(-17.32050807568,-35.,172.75));
#20507 = CIRCLE('',#20508,2.75);
#20508 = AXIS2_PLACEMENT_3D('',#20509,#20510,#20511);
#20509 = CARTESIAN_POINT('',(-17.32050807568,-35.,170.));
#20510 = DIRECTION('',(0.,1.,0.));
#20511 = DIRECTION('',(0.,0.,1.));
#20512 = FACE_BOUND('',#20513,.T.);
#20513 = EDGE_LOOP('',(#20514));
#20514 = ORIENTED_EDGE('',*,*,#20479,.F.);
#20515 = PLANE('',#20516);
#20516 = AXIS2_PLACEMENT_3D('',#20517,#20518,#20519);
#20517 = CARTESIAN_POINT('',(-17.32050807568,-35.,170.));
#20518 = DIRECTION('',(0.,1.,0.));
#20519 = DIRECTION('',(0.,0.,1.));
#20520 = ADVANCED_FACE('',(#20521),#20540,.T.);
#20521 = FACE_BOUND('',#20522,.T.);
#20522 = EDGE_LOOP('',(#20523,#20524,#20532,#20539));
#20523 = ORIENTED_EDGE('',*,*,#20504,.F.);
#20524 = ORIENTED_EDGE('',*,*,#20525,.F.);
#20525 = EDGE_CURVE('',#20526,#20505,#20528,.T.);
#20526 = VERTEX_POINT('',#20527);
#20527 = CARTESIAN_POINT('',(-17.32050807568,-38.,172.75));
#20528 = LINE('',#20529,#20530);
#20529 = CARTESIAN_POINT('',(-17.32050807568,-38.,172.75));
#20530 = VECTOR('',#20531,1.);
#20531 = DIRECTION('',(0.,1.,0.));
#20532 = ORIENTED_EDGE('',*,*,#20533,.T.);
#20533 = EDGE_CURVE('',#20526,#20526,#20534,.T.);
#20534 = CIRCLE('',#20535,2.75);
#20535 = AXIS2_PLACEMENT_3D('',#20536,#20537,#20538);
#20536 = CARTESIAN_POINT('',(-17.32050807568,-38.,170.));
#20537 = DIRECTION('',(0.,1.,0.));
#20538 = DIRECTION('',(0.,0.,1.));
#20539 = ORIENTED_EDGE('',*,*,#20525,.T.);
#20540 = CYLINDRICAL_SURFACE('',#20541,2.75);
#20541 = AXIS2_PLACEMENT_3D('',#20542,#20543,#20544);
#20542 = CARTESIAN_POINT('',(-17.32050807568,-38.,170.));
#20543 = DIRECTION('',(0.,1.,0.));
#20544 = DIRECTION('',(0.,0.,1.));
#20545 = ADVANCED_FACE('',(#20546),#20549,.F.);
#20546 = FACE_BOUND('',#20547,.T.);
#20547 = EDGE_LOOP('',(#20548));
#20548 = ORIENTED_EDGE('',*,*,#20533,.F.);
#20549 = PLANE('',#20550);
#20550 = AXIS2_PLACEMENT_3D('',#20551,#20552,#20553);
#20551 = CARTESIAN_POINT('',(-17.32050807568,-38.,170.));
#20552 = DIRECTION('',(0.,1.,0.));
#20553 = DIRECTION('',(0.,0.,1.));
#20554 = MANIFOLD_SOLID_BREP('',#20555);
#20555 = CLOSED_SHELL('',(#20556,#20596,#20627,#20658,#20702,#20746,
    #20763,#20780,#20792));
#20556 = ADVANCED_FACE('',(#20557),#20591,.F.);
#20557 = FACE_BOUND('',#20558,.F.);
#20558 = EDGE_LOOP('',(#20559,#20569,#20577,#20585));
#20559 = ORIENTED_EDGE('',*,*,#20560,.T.);
#20560 = EDGE_CURVE('',#20561,#20563,#20565,.T.);
#20561 = VERTEX_POINT('',#20562);
#20562 = CARTESIAN_POINT('',(-14.57050807568,-25.,168.41228675972));
#20563 = VERTEX_POINT('',#20564);
#20564 = CARTESIAN_POINT('',(-14.57050807568,-21.,168.41228675972));
#20565 = LINE('',#20566,#20567);
#20566 = CARTESIAN_POINT('',(-14.57050807568,-25.,168.41228675972));
#20567 = VECTOR('',#20568,1.);
#20568 = DIRECTION('',(0.,1.,-2.22044604925E-16));
#20569 = ORIENTED_EDGE('',*,*,#20570,.T.);
#20570 = EDGE_CURVE('',#20563,#20571,#20573,.T.);
#20571 = VERTEX_POINT('',#20572);
#20572 = CARTESIAN_POINT('',(-17.32050807568,-21.,166.82457351945));
#20573 = LINE('',#20574,#20575);
#20574 = CARTESIAN_POINT('',(-14.57050807568,-21.,168.41228675972));
#20575 = VECTOR('',#20576,1.);
#20576 = DIRECTION('',(-0.866025403784,-1.110223024625E-16,-0.5));
#20577 = ORIENTED_EDGE('',*,*,#20578,.F.);
#20578 = EDGE_CURVE('',#20579,#20571,#20581,.T.);
#20579 = VERTEX_POINT('',#20580);
#20580 = CARTESIAN_POINT('',(-17.32050807568,-25.,166.82457351945));
#20581 = LINE('',#20582,#20583);
#20582 = CARTESIAN_POINT('',(-17.32050807568,-25.,166.82457351945));
#20583 = VECTOR('',#20584,1.);
#20584 = DIRECTION('',(0.,1.,-2.22044604925E-16));
#20585 = ORIENTED_EDGE('',*,*,#20586,.F.);
#20586 = EDGE_CURVE('',#20561,#20579,#20587,.T.);
#20587 = LINE('',#20588,#20589);
#20588 = CARTESIAN_POINT('',(-14.57050807568,-25.,168.41228675972));
#20589 = VECTOR('',#20590,1.);
#20590 = DIRECTION('',(-0.866025403784,-1.110223024625E-16,-0.5));
#20591 = PLANE('',#20592);
#20592 = AXIS2_PLACEMENT_3D('',#20593,#20594,#20595);
#20593 = CARTESIAN_POINT('',(-14.57050807568,-25.,168.41228675972));
#20594 = DIRECTION('',(-0.5,1.922962686384E-16,0.866025403784));
#20595 = DIRECTION('',(-0.866025403784,-1.110223024625E-16,-0.5));
#20596 = ADVANCED_FACE('',(#20597),#20622,.F.);
#20597 = FACE_BOUND('',#20598,.F.);
#20598 = EDGE_LOOP('',(#20599,#20609,#20615,#20616));
#20599 = ORIENTED_EDGE('',*,*,#20600,.T.);
#20600 = EDGE_CURVE('',#20601,#20603,#20605,.T.);
#20601 = VERTEX_POINT('',#20602);
#20602 = CARTESIAN_POINT('',(-14.57050807568,-25.,171.58771324027));
#20603 = VERTEX_POINT('',#20604);
#20604 = CARTESIAN_POINT('',(-14.57050807568,-21.,171.58771324027));
#20605 = LINE('',#20606,#20607);
#20606 = CARTESIAN_POINT('',(-14.57050807568,-25.,171.58771324027));
#20607 = VECTOR('',#20608,1.);
#20608 = DIRECTION('',(0.,1.,-2.22044604925E-16));
#20609 = ORIENTED_EDGE('',*,*,#20610,.T.);
#20610 = EDGE_CURVE('',#20603,#20563,#20611,.T.);
#20611 = LINE('',#20612,#20613);
#20612 = CARTESIAN_POINT('',(-14.57050807568,-21.,171.58771324027));
#20613 = VECTOR('',#20614,1.);
#20614 = DIRECTION('',(4.19555495211E-16,-2.22044604925E-16,-1.));
#20615 = ORIENTED_EDGE('',*,*,#20560,.F.);
#20616 = ORIENTED_EDGE('',*,*,#20617,.F.);
#20617 = EDGE_CURVE('',#20601,#20561,#20618,.T.);
#20618 = LINE('',#20619,#20620);
#20619 = CARTESIAN_POINT('',(-14.57050807568,-25.,171.58771324027));
#20620 = VECTOR('',#20621,1.);
#20621 = DIRECTION('',(4.19555495211E-16,-2.22044604925E-16,-1.));
#20622 = PLANE('',#20623);
#20623 = AXIS2_PLACEMENT_3D('',#20624,#20625,#20626);
#20624 = CARTESIAN_POINT('',(-14.57050807568,-25.,171.58771324027));
#20625 = DIRECTION('',(-1.,-9.316003417824E-32,-4.19555495211E-16));
#20626 = DIRECTION('',(4.19555495211E-16,-2.22044604925E-16,-1.));
#20627 = ADVANCED_FACE('',(#20628),#20653,.F.);
#20628 = FACE_BOUND('',#20629,.F.);
#20629 = EDGE_LOOP('',(#20630,#20631,#20639,#20647));
#20630 = ORIENTED_EDGE('',*,*,#20578,.T.);
#20631 = ORIENTED_EDGE('',*,*,#20632,.T.);
#20632 = EDGE_CURVE('',#20571,#20633,#20635,.T.);
#20633 = VERTEX_POINT('',#20634);
#20634 = CARTESIAN_POINT('',(-20.07050807568,-21.,168.41228675972));
#20635 = LINE('',#20636,#20637);
#20636 = CARTESIAN_POINT('',(-17.32050807568,-21.,166.82457351945));
#20637 = VECTOR('',#20638,1.);
#20638 = DIRECTION('',(-0.866025403784,1.110223024625E-16,0.5));
#20639 = ORIENTED_EDGE('',*,*,#20640,.F.);
#20640 = EDGE_CURVE('',#20641,#20633,#20643,.T.);
#20641 = VERTEX_POINT('',#20642);
#20642 = CARTESIAN_POINT('',(-20.07050807568,-25.,168.41228675972));
#20643 = LINE('',#20644,#20645);
#20644 = CARTESIAN_POINT('',(-20.07050807568,-25.,168.41228675972));
#20645 = VECTOR('',#20646,1.);
#20646 = DIRECTION('',(0.,1.,-2.22044604925E-16));
#20647 = ORIENTED_EDGE('',*,*,#20648,.F.);
#20648 = EDGE_CURVE('',#20579,#20641,#20649,.T.);
#20649 = LINE('',#20650,#20651);
#20650 = CARTESIAN_POINT('',(-17.32050807568,-25.,166.82457351945));
#20651 = VECTOR('',#20652,1.);
#20652 = DIRECTION('',(-0.866025403784,1.110223024625E-16,0.5));
#20653 = PLANE('',#20654);
#20654 = AXIS2_PLACEMENT_3D('',#20655,#20656,#20657);
#20655 = CARTESIAN_POINT('',(-17.32050807568,-25.,166.82457351945));
#20656 = DIRECTION('',(0.5,1.922962686384E-16,0.866025403784));
#20657 = DIRECTION('',(-0.866025403784,1.110223024625E-16,0.5));
#20658 = ADVANCED_FACE('',(#20659,#20686),#20697,.F.);
#20659 = FACE_BOUND('',#20660,.F.);
#20660 = EDGE_LOOP('',(#20661,#20662,#20663,#20671,#20679,#20685));
#20661 = ORIENTED_EDGE('',*,*,#20586,.T.);
#20662 = ORIENTED_EDGE('',*,*,#20648,.T.);
#20663 = ORIENTED_EDGE('',*,*,#20664,.T.);
#20664 = EDGE_CURVE('',#20641,#20665,#20667,.T.);
#20665 = VERTEX_POINT('',#20666);
#20666 = CARTESIAN_POINT('',(-20.07050807568,-25.,171.58771324027));
#20667 = LINE('',#20668,#20669);
#20668 = CARTESIAN_POINT('',(-20.07050807568,-25.,168.41228675972));
#20669 = VECTOR('',#20670,1.);
#20670 = DIRECTION('',(1.39851831737E-16,2.22044604925E-16,1.));
#20671 = ORIENTED_EDGE('',*,*,#20672,.T.);
#20672 = EDGE_CURVE('',#20665,#20673,#20675,.T.);
#20673 = VERTEX_POINT('',#20674);
#20674 = CARTESIAN_POINT('',(-17.32050807568,-25.,173.17542648054));
#20675 = LINE('',#20676,#20677);
#20676 = CARTESIAN_POINT('',(-20.07050807568,-25.,171.58771324027));
#20677 = VECTOR('',#20678,1.);
#20678 = DIRECTION('',(0.866025403784,1.110223024625E-16,0.5));
#20679 = ORIENTED_EDGE('',*,*,#20680,.T.);
#20680 = EDGE_CURVE('',#20673,#20601,#20681,.T.);
#20681 = LINE('',#20682,#20683);
#20682 = CARTESIAN_POINT('',(-17.32050807568,-25.,173.17542648054));
#20683 = VECTOR('',#20684,1.);
#20684 = DIRECTION('',(0.866025403784,-1.110223024625E-16,-0.5));
#20685 = ORIENTED_EDGE('',*,*,#20617,.T.);
#20686 = FACE_BOUND('',#20687,.F.);
#20687 = EDGE_LOOP('',(#20688));
#20688 = ORIENTED_EDGE('',*,*,#20689,.F.);
#20689 = EDGE_CURVE('',#20690,#20690,#20692,.T.);
#20690 = VERTEX_POINT('',#20691);
#20691 = CARTESIAN_POINT('',(-17.32050807568,-25.,171.55));
#20692 = CIRCLE('',#20693,1.55);
#20693 = AXIS2_PLACEMENT_3D('',#20694,#20695,#20696);
#20694 = CARTESIAN_POINT('',(-17.32050807568,-25.,170.));
#20695 = DIRECTION('',(0.,1.,0.));
#20696 = DIRECTION('',(0.,0.,1.));
#20697 = PLANE('',#20698);
#20698 = AXIS2_PLACEMENT_3D('',#20699,#20700,#20701);
#20699 = CARTESIAN_POINT('',(-17.32050807568,-25.,170.));
#20700 = DIRECTION('',(0.,1.,-2.22044604925E-16));
#20701 = DIRECTION('',(1.,0.,0.));
#20702 = ADVANCED_FACE('',(#20703,#20730),#20741,.T.);
#20703 = FACE_BOUND('',#20704,.T.);
#20704 = EDGE_LOOP('',(#20705,#20706,#20707,#20715,#20723,#20729));
#20705 = ORIENTED_EDGE('',*,*,#20570,.T.);
#20706 = ORIENTED_EDGE('',*,*,#20632,.T.);
#20707 = ORIENTED_EDGE('',*,*,#20708,.T.);
#20708 = EDGE_CURVE('',#20633,#20709,#20711,.T.);
#20709 = VERTEX_POINT('',#20710);
#20710 = CARTESIAN_POINT('',(-20.07050807568,-21.,171.58771324027));
#20711 = LINE('',#20712,#20713);
#20712 = CARTESIAN_POINT('',(-20.07050807568,-21.,168.41228675972));
#20713 = VECTOR('',#20714,1.);
#20714 = DIRECTION('',(1.39851831737E-16,2.22044604925E-16,1.));
#20715 = ORIENTED_EDGE('',*,*,#20716,.T.);
#20716 = EDGE_CURVE('',#20709,#20717,#20719,.T.);
#20717 = VERTEX_POINT('',#20718);
#20718 = CARTESIAN_POINT('',(-17.32050807568,-21.,173.17542648054));
#20719 = LINE('',#20720,#20721);
#20720 = CARTESIAN_POINT('',(-20.07050807568,-21.,171.58771324027));
#20721 = VECTOR('',#20722,1.);
#20722 = DIRECTION('',(0.866025403784,1.110223024625E-16,0.5));
#20723 = ORIENTED_EDGE('',*,*,#20724,.T.);
#20724 = EDGE_CURVE('',#20717,#20603,#20725,.T.);
#20725 = LINE('',#20726,#20727);
#20726 = CARTESIAN_POINT('',(-17.32050807568,-21.,173.17542648054));
#20727 = VECTOR('',#20728,1.);
#20728 = DIRECTION('',(0.866025403784,-1.110223024625E-16,-0.5));
#20729 = ORIENTED_EDGE('',*,*,#20610,.T.);
#20730 = FACE_BOUND('',#20731,.T.);
#20731 = EDGE_LOOP('',(#20732));
#20732 = ORIENTED_EDGE('',*,*,#20733,.F.);
#20733 = EDGE_CURVE('',#20734,#20734,#20736,.T.);
#20734 = VERTEX_POINT('',#20735);
#20735 = CARTESIAN_POINT('',(-17.32050807568,-21.,171.55));
#20736 = CIRCLE('',#20737,1.55);
#20737 = AXIS2_PLACEMENT_3D('',#20738,#20739,#20740);
#20738 = CARTESIAN_POINT('',(-17.32050807568,-21.,170.));
#20739 = DIRECTION('',(0.,1.,0.));
#20740 = DIRECTION('',(0.,0.,1.));
#20741 = PLANE('',#20742);
#20742 = AXIS2_PLACEMENT_3D('',#20743,#20744,#20745);
#20743 = CARTESIAN_POINT('',(-17.32050807568,-21.,170.));
#20744 = DIRECTION('',(0.,1.,-2.22044604925E-16));
#20745 = DIRECTION('',(1.,0.,0.));
#20746 = ADVANCED_FACE('',(#20747),#20758,.F.);
#20747 = FACE_BOUND('',#20748,.F.);
#20748 = EDGE_LOOP('',(#20749,#20755,#20756,#20757));
#20749 = ORIENTED_EDGE('',*,*,#20750,.T.);
#20750 = EDGE_CURVE('',#20673,#20717,#20751,.T.);
#20751 = LINE('',#20752,#20753);
#20752 = CARTESIAN_POINT('',(-17.32050807568,-25.,173.17542648054));
#20753 = VECTOR('',#20754,1.);
#20754 = DIRECTION('',(0.,1.,-2.22044604925E-16));
#20755 = ORIENTED_EDGE('',*,*,#20724,.T.);
#20756 = ORIENTED_EDGE('',*,*,#20600,.F.);
#20757 = ORIENTED_EDGE('',*,*,#20680,.F.);
#20758 = PLANE('',#20759);
#20759 = AXIS2_PLACEMENT_3D('',#20760,#20761,#20762);
#20760 = CARTESIAN_POINT('',(-17.32050807568,-25.,173.17542648054));
#20761 = DIRECTION('',(-0.5,-1.922962686384E-16,-0.866025403784));
#20762 = DIRECTION('',(0.866025403784,-1.110223024625E-16,-0.5));
#20763 = ADVANCED_FACE('',(#20764),#20775,.F.);
#20764 = FACE_BOUND('',#20765,.F.);
#20765 = EDGE_LOOP('',(#20766,#20767,#20768,#20774));
#20766 = ORIENTED_EDGE('',*,*,#20640,.T.);
#20767 = ORIENTED_EDGE('',*,*,#20708,.T.);
#20768 = ORIENTED_EDGE('',*,*,#20769,.F.);
#20769 = EDGE_CURVE('',#20665,#20709,#20770,.T.);
#20770 = LINE('',#20771,#20772);
#20771 = CARTESIAN_POINT('',(-20.07050807568,-25.,171.58771324027));
#20772 = VECTOR('',#20773,1.);
#20773 = DIRECTION('',(0.,1.,-2.22044604925E-16));
#20774 = ORIENTED_EDGE('',*,*,#20664,.F.);
#20775 = PLANE('',#20776);
#20776 = AXIS2_PLACEMENT_3D('',#20777,#20778,#20779);
#20777 = CARTESIAN_POINT('',(-20.07050807568,-25.,168.41228675972));
#20778 = DIRECTION('',(1.,-3.105334472608E-32,-1.39851831737E-16));
#20779 = DIRECTION('',(1.39851831737E-16,2.22044604925E-16,1.));
#20780 = ADVANCED_FACE('',(#20781),#20787,.F.);
#20781 = FACE_BOUND('',#20782,.F.);
#20782 = EDGE_LOOP('',(#20783,#20784,#20785,#20786));
#20783 = ORIENTED_EDGE('',*,*,#20769,.T.);
#20784 = ORIENTED_EDGE('',*,*,#20716,.T.);
#20785 = ORIENTED_EDGE('',*,*,#20750,.F.);
#20786 = ORIENTED_EDGE('',*,*,#20672,.F.);
#20787 = PLANE('',#20788);
#20788 = AXIS2_PLACEMENT_3D('',#20789,#20790,#20791);
#20789 = CARTESIAN_POINT('',(-20.07050807568,-25.,171.58771324027));
#20790 = DIRECTION('',(0.5,-1.922962686384E-16,-0.866025403784));
#20791 = DIRECTION('',(0.866025403784,1.110223024625E-16,0.5));
#20792 = ADVANCED_FACE('',(#20793),#20804,.F.);
#20793 = FACE_BOUND('',#20794,.F.);
#20794 = EDGE_LOOP('',(#20795,#20796,#20802,#20803));
#20795 = ORIENTED_EDGE('',*,*,#20733,.F.);
#20796 = ORIENTED_EDGE('',*,*,#20797,.F.);
#20797 = EDGE_CURVE('',#20690,#20734,#20798,.T.);
#20798 = LINE('',#20799,#20800);
#20799 = CARTESIAN_POINT('',(-17.32050807568,-25.,171.55));
#20800 = VECTOR('',#20801,1.);
#20801 = DIRECTION('',(0.,1.,0.));
#20802 = ORIENTED_EDGE('',*,*,#20689,.T.);
#20803 = ORIENTED_EDGE('',*,*,#20797,.T.);
#20804 = CYLINDRICAL_SURFACE('',#20805,1.55);
#20805 = AXIS2_PLACEMENT_3D('',#20806,#20807,#20808);
#20806 = CARTESIAN_POINT('',(-17.32050807568,-25.,170.));
#20807 = DIRECTION('',(0.,1.,0.));
#20808 = DIRECTION('',(0.,0.,1.));
#20809 = MANIFOLD_SOLID_BREP('',#20810);
#20810 = CLOSED_SHELL('',(#20811,#20844,#20853,#20873,#20898));
#20811 = ADVANCED_FACE('',(#20812),#20839,.T.);
#20812 = FACE_BOUND('',#20813,.T.);
#20813 = EDGE_LOOP('',(#20814,#20823,#20831,#20838));
#20814 = ORIENTED_EDGE('',*,*,#20815,.F.);
#20815 = EDGE_CURVE('',#20816,#20816,#20818,.T.);
#20816 = VERTEX_POINT('',#20817);
#20817 = CARTESIAN_POINT('',(17.320508075689,-20.5,171.4));
#20818 = CIRCLE('',#20819,1.4);
#20819 = AXIS2_PLACEMENT_3D('',#20820,#20821,#20822);
#20820 = CARTESIAN_POINT('',(17.320508075689,-20.5,170.));
#20821 = DIRECTION('',(0.,1.,0.));
#20822 = DIRECTION('',(0.,0.,1.));
#20823 = ORIENTED_EDGE('',*,*,#20824,.F.);
#20824 = EDGE_CURVE('',#20825,#20816,#20827,.T.);
#20825 = VERTEX_POINT('',#20826);
#20826 = CARTESIAN_POINT('',(17.320508075689,-35.,171.4));
#20827 = LINE('',#20828,#20829);
#20828 = CARTESIAN_POINT('',(17.320508075689,-35.,171.4));
#20829 = VECTOR('',#20830,1.);
#20830 = DIRECTION('',(0.,1.,0.));
#20831 = ORIENTED_EDGE('',*,*,#20832,.T.);
#20832 = EDGE_CURVE('',#20825,#20825,#20833,.T.);
#20833 = CIRCLE('',#20834,1.4);
#20834 = AXIS2_PLACEMENT_3D('',#20835,#20836,#20837);
#20835 = CARTESIAN_POINT('',(17.320508075689,-35.,170.));
#20836 = DIRECTION('',(0.,1.,0.));
#20837 = DIRECTION('',(0.,0.,1.));
#20838 = ORIENTED_EDGE('',*,*,#20824,.T.);
#20839 = CYLINDRICAL_SURFACE('',#20840,1.4);
#20840 = AXIS2_PLACEMENT_3D('',#20841,#20842,#20843);
#20841 = CARTESIAN_POINT('',(17.320508075689,-35.,170.));
#20842 = DIRECTION('',(0.,1.,0.));
#20843 = DIRECTION('',(0.,0.,1.));
#20844 = ADVANCED_FACE('',(#20845),#20848,.T.);
#20845 = FACE_BOUND('',#20846,.T.);
#20846 = EDGE_LOOP('',(#20847));
#20847 = ORIENTED_EDGE('',*,*,#20815,.T.);
#20848 = PLANE('',#20849);
#20849 = AXIS2_PLACEMENT_3D('',#20850,#20851,#20852);
#20850 = CARTESIAN_POINT('',(17.320508075689,-20.5,170.));
#20851 = DIRECTION('',(0.,1.,0.));
#20852 = DIRECTION('',(0.,0.,1.));
#20853 = ADVANCED_FACE('',(#20854,#20865),#20868,.T.);
#20854 = FACE_BOUND('',#20855,.T.);
#20855 = EDGE_LOOP('',(#20856));
#20856 = ORIENTED_EDGE('',*,*,#20857,.T.);
#20857 = EDGE_CURVE('',#20858,#20858,#20860,.T.);
#20858 = VERTEX_POINT('',#20859);
#20859 = CARTESIAN_POINT('',(17.320508075689,-35.,172.75));
#20860 = CIRCLE('',#20861,2.75);
#20861 = AXIS2_PLACEMENT_3D('',#20862,#20863,#20864);
#20862 = CARTESIAN_POINT('',(17.320508075689,-35.,170.));
#20863 = DIRECTION('',(0.,1.,0.));
#20864 = DIRECTION('',(0.,0.,1.));
#20865 = FACE_BOUND('',#20866,.T.);
#20866 = EDGE_LOOP('',(#20867));
#20867 = ORIENTED_EDGE('',*,*,#20832,.F.);
#20868 = PLANE('',#20869);
#20869 = AXIS2_PLACEMENT_3D('',#20870,#20871,#20872);
#20870 = CARTESIAN_POINT('',(17.320508075689,-35.,170.));
#20871 = DIRECTION('',(0.,1.,0.));
#20872 = DIRECTION('',(0.,0.,1.));
#20873 = ADVANCED_FACE('',(#20874),#20893,.T.);
#20874 = FACE_BOUND('',#20875,.T.);
#20875 = EDGE_LOOP('',(#20876,#20877,#20885,#20892));
#20876 = ORIENTED_EDGE('',*,*,#20857,.F.);
#20877 = ORIENTED_EDGE('',*,*,#20878,.F.);
#20878 = EDGE_CURVE('',#20879,#20858,#20881,.T.);
#20879 = VERTEX_POINT('',#20880);
#20880 = CARTESIAN_POINT('',(17.320508075689,-38.,172.75));
#20881 = LINE('',#20882,#20883);
#20882 = CARTESIAN_POINT('',(17.320508075689,-38.,172.75));
#20883 = VECTOR('',#20884,1.);
#20884 = DIRECTION('',(0.,1.,0.));
#20885 = ORIENTED_EDGE('',*,*,#20886,.T.);
#20886 = EDGE_CURVE('',#20879,#20879,#20887,.T.);
#20887 = CIRCLE('',#20888,2.75);
#20888 = AXIS2_PLACEMENT_3D('',#20889,#20890,#20891);
#20889 = CARTESIAN_POINT('',(17.320508075689,-38.,170.));
#20890 = DIRECTION('',(0.,1.,0.));
#20891 = DIRECTION('',(0.,0.,1.));
#20892 = ORIENTED_EDGE('',*,*,#20878,.T.);
#20893 = CYLINDRICAL_SURFACE('',#20894,2.75);
#20894 = AXIS2_PLACEMENT_3D('',#20895,#20896,#20897);
#20895 = CARTESIAN_POINT('',(17.320508075689,-38.,170.));
#20896 = DIRECTION('',(0.,1.,0.));
#20897 = DIRECTION('',(0.,0.,1.));
#20898 = ADVANCED_FACE('',(#20899),#20902,.F.);
#20899 = FACE_BOUND('',#20900,.T.);
#20900 = EDGE_LOOP('',(#20901));
#20901 = ORIENTED_EDGE('',*,*,#20886,.F.);
#20902 = PLANE('',#20903);
#20903 = AXIS2_PLACEMENT_3D('',#20904,#20905,#20906);
#20904 = CARTESIAN_POINT('',(17.320508075689,-38.,170.));
#20905 = DIRECTION('',(0.,1.,0.));
#20906 = DIRECTION('',(0.,0.,1.));
#20907 = MANIFOLD_SOLID_BREP('',#20908);
#20908 = CLOSED_SHELL('',(#20909,#20949,#20980,#21011,#21055,#21099,
    #21116,#21133,#21145));
#20909 = ADVANCED_FACE('',(#20910),#20944,.F.);
#20910 = FACE_BOUND('',#20911,.F.);
#20911 = EDGE_LOOP('',(#20912,#20922,#20930,#20938));
#20912 = ORIENTED_EDGE('',*,*,#20913,.T.);
#20913 = EDGE_CURVE('',#20914,#20916,#20918,.T.);
#20914 = VERTEX_POINT('',#20915);
#20915 = CARTESIAN_POINT('',(20.070508075689,-25.,168.41228675972));
#20916 = VERTEX_POINT('',#20917);
#20917 = CARTESIAN_POINT('',(20.070508075689,-21.,168.41228675972));
#20918 = LINE('',#20919,#20920);
#20919 = CARTESIAN_POINT('',(20.070508075689,-25.,168.41228675972));
#20920 = VECTOR('',#20921,1.);
#20921 = DIRECTION('',(0.,1.,-2.22044604925E-16));
#20922 = ORIENTED_EDGE('',*,*,#20923,.T.);
#20923 = EDGE_CURVE('',#20916,#20924,#20926,.T.);
#20924 = VERTEX_POINT('',#20925);
#20925 = CARTESIAN_POINT('',(17.320508075689,-21.,166.82457351945));
#20926 = LINE('',#20927,#20928);
#20927 = CARTESIAN_POINT('',(20.070508075689,-21.,168.41228675972));
#20928 = VECTOR('',#20929,1.);
#20929 = DIRECTION('',(-0.866025403784,-1.110223024625E-16,-0.5));
#20930 = ORIENTED_EDGE('',*,*,#20931,.F.);
#20931 = EDGE_CURVE('',#20932,#20924,#20934,.T.);
#20932 = VERTEX_POINT('',#20933);
#20933 = CARTESIAN_POINT('',(17.320508075689,-25.,166.82457351945));
#20934 = LINE('',#20935,#20936);
#20935 = CARTESIAN_POINT('',(17.320508075689,-25.,166.82457351945));
#20936 = VECTOR('',#20937,1.);
#20937 = DIRECTION('',(0.,1.,-2.22044604925E-16));
#20938 = ORIENTED_EDGE('',*,*,#20939,.F.);
#20939 = EDGE_CURVE('',#20914,#20932,#20940,.T.);
#20940 = LINE('',#20941,#20942);
#20941 = CARTESIAN_POINT('',(20.070508075689,-25.,168.41228675972));
#20942 = VECTOR('',#20943,1.);
#20943 = DIRECTION('',(-0.866025403784,-1.110223024625E-16,-0.5));
#20944 = PLANE('',#20945);
#20945 = AXIS2_PLACEMENT_3D('',#20946,#20947,#20948);
#20946 = CARTESIAN_POINT('',(20.070508075689,-25.,168.41228675972));
#20947 = DIRECTION('',(-0.5,1.922962686384E-16,0.866025403784));
#20948 = DIRECTION('',(-0.866025403784,-1.110223024625E-16,-0.5));
#20949 = ADVANCED_FACE('',(#20950),#20975,.F.);
#20950 = FACE_BOUND('',#20951,.F.);
#20951 = EDGE_LOOP('',(#20952,#20962,#20968,#20969));
#20952 = ORIENTED_EDGE('',*,*,#20953,.T.);
#20953 = EDGE_CURVE('',#20954,#20956,#20958,.T.);
#20954 = VERTEX_POINT('',#20955);
#20955 = CARTESIAN_POINT('',(20.070508075689,-25.,171.58771324027));
#20956 = VERTEX_POINT('',#20957);
#20957 = CARTESIAN_POINT('',(20.070508075689,-21.,171.58771324027));
#20958 = LINE('',#20959,#20960);
#20959 = CARTESIAN_POINT('',(20.070508075689,-25.,171.58771324027));
#20960 = VECTOR('',#20961,1.);
#20961 = DIRECTION('',(0.,1.,-2.22044604925E-16));
#20962 = ORIENTED_EDGE('',*,*,#20963,.T.);
#20963 = EDGE_CURVE('',#20956,#20916,#20964,.T.);
#20964 = LINE('',#20965,#20966);
#20965 = CARTESIAN_POINT('',(20.070508075689,-21.,171.58771324027));
#20966 = VECTOR('',#20967,1.);
#20967 = DIRECTION('',(4.19555495211E-16,-2.22044604925E-16,-1.));
#20968 = ORIENTED_EDGE('',*,*,#20913,.F.);
#20969 = ORIENTED_EDGE('',*,*,#20970,.F.);
#20970 = EDGE_CURVE('',#20954,#20914,#20971,.T.);
#20971 = LINE('',#20972,#20973);
#20972 = CARTESIAN_POINT('',(20.070508075689,-25.,171.58771324027));
#20973 = VECTOR('',#20974,1.);
#20974 = DIRECTION('',(4.19555495211E-16,-2.22044604925E-16,-1.));
#20975 = PLANE('',#20976);
#20976 = AXIS2_PLACEMENT_3D('',#20977,#20978,#20979);
#20977 = CARTESIAN_POINT('',(20.070508075689,-25.,171.58771324027));
#20978 = DIRECTION('',(-1.,-9.316003417824E-32,-4.19555495211E-16));
#20979 = DIRECTION('',(4.19555495211E-16,-2.22044604925E-16,-1.));
#20980 = ADVANCED_FACE('',(#20981),#21006,.F.);
#20981 = FACE_BOUND('',#20982,.F.);
#20982 = EDGE_LOOP('',(#20983,#20984,#20992,#21000));
#20983 = ORIENTED_EDGE('',*,*,#20931,.T.);
#20984 = ORIENTED_EDGE('',*,*,#20985,.T.);
#20985 = EDGE_CURVE('',#20924,#20986,#20988,.T.);
#20986 = VERTEX_POINT('',#20987);
#20987 = CARTESIAN_POINT('',(14.570508075689,-21.,168.41228675972));
#20988 = LINE('',#20989,#20990);
#20989 = CARTESIAN_POINT('',(17.320508075689,-21.,166.82457351945));
#20990 = VECTOR('',#20991,1.);
#20991 = DIRECTION('',(-0.866025403784,1.110223024625E-16,0.5));
#20992 = ORIENTED_EDGE('',*,*,#20993,.F.);
#20993 = EDGE_CURVE('',#20994,#20986,#20996,.T.);
#20994 = VERTEX_POINT('',#20995);
#20995 = CARTESIAN_POINT('',(14.570508075689,-25.,168.41228675972));
#20996 = LINE('',#20997,#20998);
#20997 = CARTESIAN_POINT('',(14.570508075689,-25.,168.41228675972));
#20998 = VECTOR('',#20999,1.);
#20999 = DIRECTION('',(0.,1.,-2.22044604925E-16));
#21000 = ORIENTED_EDGE('',*,*,#21001,.F.);
#21001 = EDGE_CURVE('',#20932,#20994,#21002,.T.);
#21002 = LINE('',#21003,#21004);
#21003 = CARTESIAN_POINT('',(17.320508075689,-25.,166.82457351945));
#21004 = VECTOR('',#21005,1.);
#21005 = DIRECTION('',(-0.866025403784,1.110223024625E-16,0.5));
#21006 = PLANE('',#21007);
#21007 = AXIS2_PLACEMENT_3D('',#21008,#21009,#21010);
#21008 = CARTESIAN_POINT('',(17.320508075689,-25.,166.82457351945));
#21009 = DIRECTION('',(0.5,1.922962686384E-16,0.866025403784));
#21010 = DIRECTION('',(-0.866025403784,1.110223024625E-16,0.5));
#21011 = ADVANCED_FACE('',(#21012,#21039),#21050,.F.);
#21012 = FACE_BOUND('',#21013,.F.);
#21013 = EDGE_LOOP('',(#21014,#21015,#21016,#21024,#21032,#21038));
#21014 = ORIENTED_EDGE('',*,*,#20939,.T.);
#21015 = ORIENTED_EDGE('',*,*,#21001,.T.);
#21016 = ORIENTED_EDGE('',*,*,#21017,.T.);
#21017 = EDGE_CURVE('',#20994,#21018,#21020,.T.);
#21018 = VERTEX_POINT('',#21019);
#21019 = CARTESIAN_POINT('',(14.570508075689,-25.,171.58771324027));
#21020 = LINE('',#21021,#21022);
#21021 = CARTESIAN_POINT('',(14.570508075689,-25.,168.41228675972));
#21022 = VECTOR('',#21023,1.);
#21023 = DIRECTION('',(1.39851831737E-16,2.22044604925E-16,1.));
#21024 = ORIENTED_EDGE('',*,*,#21025,.T.);
#21025 = EDGE_CURVE('',#21018,#21026,#21028,.T.);
#21026 = VERTEX_POINT('',#21027);
#21027 = CARTESIAN_POINT('',(17.320508075689,-25.,173.17542648054));
#21028 = LINE('',#21029,#21030);
#21029 = CARTESIAN_POINT('',(14.570508075689,-25.,171.58771324027));
#21030 = VECTOR('',#21031,1.);
#21031 = DIRECTION('',(0.866025403784,1.110223024625E-16,0.5));
#21032 = ORIENTED_EDGE('',*,*,#21033,.T.);
#21033 = EDGE_CURVE('',#21026,#20954,#21034,.T.);
#21034 = LINE('',#21035,#21036);
#21035 = CARTESIAN_POINT('',(17.320508075689,-25.,173.17542648054));
#21036 = VECTOR('',#21037,1.);
#21037 = DIRECTION('',(0.866025403784,-1.110223024625E-16,-0.5));
#21038 = ORIENTED_EDGE('',*,*,#20970,.T.);
#21039 = FACE_BOUND('',#21040,.F.);
#21040 = EDGE_LOOP('',(#21041));
#21041 = ORIENTED_EDGE('',*,*,#21042,.F.);
#21042 = EDGE_CURVE('',#21043,#21043,#21045,.T.);
#21043 = VERTEX_POINT('',#21044);
#21044 = CARTESIAN_POINT('',(17.320508075689,-25.,171.55));
#21045 = CIRCLE('',#21046,1.55);
#21046 = AXIS2_PLACEMENT_3D('',#21047,#21048,#21049);
#21047 = CARTESIAN_POINT('',(17.320508075689,-25.,170.));
#21048 = DIRECTION('',(0.,1.,0.));
#21049 = DIRECTION('',(0.,0.,1.));
#21050 = PLANE('',#21051);
#21051 = AXIS2_PLACEMENT_3D('',#21052,#21053,#21054);
#21052 = CARTESIAN_POINT('',(17.320508075689,-25.,170.));
#21053 = DIRECTION('',(0.,1.,-2.22044604925E-16));
#21054 = DIRECTION('',(1.,0.,0.));
#21055 = ADVANCED_FACE('',(#21056,#21083),#21094,.T.);
#21056 = FACE_BOUND('',#21057,.T.);
#21057 = EDGE_LOOP('',(#21058,#21059,#21060,#21068,#21076,#21082));
#21058 = ORIENTED_EDGE('',*,*,#20923,.T.);
#21059 = ORIENTED_EDGE('',*,*,#20985,.T.);
#21060 = ORIENTED_EDGE('',*,*,#21061,.T.);
#21061 = EDGE_CURVE('',#20986,#21062,#21064,.T.);
#21062 = VERTEX_POINT('',#21063);
#21063 = CARTESIAN_POINT('',(14.570508075689,-21.,171.58771324027));
#21064 = LINE('',#21065,#21066);
#21065 = CARTESIAN_POINT('',(14.570508075689,-21.,168.41228675972));
#21066 = VECTOR('',#21067,1.);
#21067 = DIRECTION('',(1.39851831737E-16,2.22044604925E-16,1.));
#21068 = ORIENTED_EDGE('',*,*,#21069,.T.);
#21069 = EDGE_CURVE('',#21062,#21070,#21072,.T.);
#21070 = VERTEX_POINT('',#21071);
#21071 = CARTESIAN_POINT('',(17.320508075689,-21.,173.17542648054));
#21072 = LINE('',#21073,#21074);
#21073 = CARTESIAN_POINT('',(14.570508075689,-21.,171.58771324027));
#21074 = VECTOR('',#21075,1.);
#21075 = DIRECTION('',(0.866025403784,1.110223024625E-16,0.5));
#21076 = ORIENTED_EDGE('',*,*,#21077,.T.);
#21077 = EDGE_CURVE('',#21070,#20956,#21078,.T.);
#21078 = LINE('',#21079,#21080);
#21079 = CARTESIAN_POINT('',(17.320508075689,-21.,173.17542648054));
#21080 = VECTOR('',#21081,1.);
#21081 = DIRECTION('',(0.866025403784,-1.110223024625E-16,-0.5));
#21082 = ORIENTED_EDGE('',*,*,#20963,.T.);
#21083 = FACE_BOUND('',#21084,.T.);
#21084 = EDGE_LOOP('',(#21085));
#21085 = ORIENTED_EDGE('',*,*,#21086,.F.);
#21086 = EDGE_CURVE('',#21087,#21087,#21089,.T.);
#21087 = VERTEX_POINT('',#21088);
#21088 = CARTESIAN_POINT('',(17.320508075689,-21.,171.55));
#21089 = CIRCLE('',#21090,1.55);
#21090 = AXIS2_PLACEMENT_3D('',#21091,#21092,#21093);
#21091 = CARTESIAN_POINT('',(17.320508075689,-21.,170.));
#21092 = DIRECTION('',(0.,1.,0.));
#21093 = DIRECTION('',(0.,0.,1.));
#21094 = PLANE('',#21095);
#21095 = AXIS2_PLACEMENT_3D('',#21096,#21097,#21098);
#21096 = CARTESIAN_POINT('',(17.320508075689,-21.,170.));
#21097 = DIRECTION('',(0.,1.,-2.22044604925E-16));
#21098 = DIRECTION('',(1.,0.,0.));
#21099 = ADVANCED_FACE('',(#21100),#21111,.F.);
#21100 = FACE_BOUND('',#21101,.F.);
#21101 = EDGE_LOOP('',(#21102,#21108,#21109,#21110));
#21102 = ORIENTED_EDGE('',*,*,#21103,.T.);
#21103 = EDGE_CURVE('',#21026,#21070,#21104,.T.);
#21104 = LINE('',#21105,#21106);
#21105 = CARTESIAN_POINT('',(17.320508075689,-25.,173.17542648054));
#21106 = VECTOR('',#21107,1.);
#21107 = DIRECTION('',(0.,1.,-2.22044604925E-16));
#21108 = ORIENTED_EDGE('',*,*,#21077,.T.);
#21109 = ORIENTED_EDGE('',*,*,#20953,.F.);
#21110 = ORIENTED_EDGE('',*,*,#21033,.F.);
#21111 = PLANE('',#21112);
#21112 = AXIS2_PLACEMENT_3D('',#21113,#21114,#21115);
#21113 = CARTESIAN_POINT('',(17.320508075689,-25.,173.17542648054));
#21114 = DIRECTION('',(-0.5,-1.922962686384E-16,-0.866025403784));
#21115 = DIRECTION('',(0.866025403784,-1.110223024625E-16,-0.5));
#21116 = ADVANCED_FACE('',(#21117),#21128,.F.);
#21117 = FACE_BOUND('',#21118,.F.);
#21118 = EDGE_LOOP('',(#21119,#21120,#21121,#21127));
#21119 = ORIENTED_EDGE('',*,*,#20993,.T.);
#21120 = ORIENTED_EDGE('',*,*,#21061,.T.);
#21121 = ORIENTED_EDGE('',*,*,#21122,.F.);
#21122 = EDGE_CURVE('',#21018,#21062,#21123,.T.);
#21123 = LINE('',#21124,#21125);
#21124 = CARTESIAN_POINT('',(14.570508075689,-25.,171.58771324027));
#21125 = VECTOR('',#21126,1.);
#21126 = DIRECTION('',(0.,1.,-2.22044604925E-16));
#21127 = ORIENTED_EDGE('',*,*,#21017,.F.);
#21128 = PLANE('',#21129);
#21129 = AXIS2_PLACEMENT_3D('',#21130,#21131,#21132);
#21130 = CARTESIAN_POINT('',(14.570508075689,-25.,168.41228675972));
#21131 = DIRECTION('',(1.,-3.105334472608E-32,-1.39851831737E-16));
#21132 = DIRECTION('',(1.39851831737E-16,2.22044604925E-16,1.));
#21133 = ADVANCED_FACE('',(#21134),#21140,.F.);
#21134 = FACE_BOUND('',#21135,.F.);
#21135 = EDGE_LOOP('',(#21136,#21137,#21138,#21139));
#21136 = ORIENTED_EDGE('',*,*,#21122,.T.);
#21137 = ORIENTED_EDGE('',*,*,#21069,.T.);
#21138 = ORIENTED_EDGE('',*,*,#21103,.F.);
#21139 = ORIENTED_EDGE('',*,*,#21025,.F.);
#21140 = PLANE('',#21141);
#21141 = AXIS2_PLACEMENT_3D('',#21142,#21143,#21144);
#21142 = CARTESIAN_POINT('',(14.570508075689,-25.,171.58771324027));
#21143 = DIRECTION('',(0.5,-1.922962686384E-16,-0.866025403784));
#21144 = DIRECTION('',(0.866025403784,1.110223024625E-16,0.5));
#21145 = ADVANCED_FACE('',(#21146),#21157,.F.);
#21146 = FACE_BOUND('',#21147,.F.);
#21147 = EDGE_LOOP('',(#21148,#21149,#21155,#21156));
#21148 = ORIENTED_EDGE('',*,*,#21086,.F.);
#21149 = ORIENTED_EDGE('',*,*,#21150,.F.);
#21150 = EDGE_CURVE('',#21043,#21087,#21151,.T.);
#21151 = LINE('',#21152,#21153);
#21152 = CARTESIAN_POINT('',(17.320508075689,-25.,171.55));
#21153 = VECTOR('',#21154,1.);
#21154 = DIRECTION('',(0.,1.,0.));
#21155 = ORIENTED_EDGE('',*,*,#21042,.T.);
#21156 = ORIENTED_EDGE('',*,*,#21150,.T.);
#21157 = CYLINDRICAL_SURFACE('',#21158,1.55);
#21158 = AXIS2_PLACEMENT_3D('',#21159,#21160,#21161);
#21159 = CARTESIAN_POINT('',(17.320508075689,-25.,170.));
#21160 = DIRECTION('',(0.,1.,0.));
#21161 = DIRECTION('',(0.,0.,1.));
#21162 = ( GEOMETRIC_REPRESENTATION_CONTEXT(3) 
GLOBAL_UNCERTAINTY_ASSIGNED_CONTEXT((#21166)) 
GLOBAL_UNIT_ASSIGNED_CONTEXT((#21163,#21164,#21165)) 
REPRESENTATION_CONTEXT('Context #1',
  '3D Context with UNIT and UNCERTAINTY') );
#21163 = ( LENGTH_UNIT() NAMED_UNIT(*) SI_UNIT(.MILLI.,.METRE.) );
#21164 = ( NAMED_UNIT(*) PLANE_ANGLE_UNIT() SI_UNIT($,.RADIAN.) );
#21165 = ( NAMED_UNIT(*) SI_UNIT($,.STERADIAN.) SOLID_ANGLE_UNIT() );
#21166 = UNCERTAINTY_MEASURE_WITH_UNIT(LENGTH_MEASURE(5.E-07),#21163,
  'distance_accuracy_value','confusion accuracy');
#21167 = PRODUCT_RELATED_PRODUCT_CATEGORY('part',$,(#7));
ENDSEC;
END-ISO-10303-21;
