ISO-10303-21;
HEADER;
FILE_DESCRIPTION(('FreeCAD Model'),'2;1');
FILE_NAME('Open CASCADE Shape Model','2026-09-14T18:23:31',('FreeCAD'),(
    'FreeCAD'),'Open CASCADE STEP processor 7.8','FreeCAD','Unknown');
FILE_SCHEMA(('AUTOMOTIVE_DESIGN { 1 0 10303 214 1 1 1 1 }'));
ENDSEC;
DATA;
#1 = APPLICATION_PROTOCOL_DEFINITION('international standard',
  'automotive_design',2000,#2);
#2 = APPLICATION_CONTEXT(
  'core data for automotive mechanical design processes');
#3 = SHAPE_DEFINITION_REPRESENTATION(#4,#10);
#4 = PRODUCT_DEFINITION_SHAPE('','',#5);
#5 = PRODUCT_DEFINITION('design','',#6,#9);
#6 = PRODUCT_DEFINITION_FORMATION('','',#7);
#7 = PRODUCT('Open CASCADE STEP translator 7.8 1',
  'Open CASCADE STEP translator 7.8 1','',(#8));
#8 = PRODUCT_CONTEXT('',#2,'mechanical');
#9 = PRODUCT_DEFINITION_CONTEXT('part definition',#2,'design');
#10 = SHAPE_REPRESENTATION('',(#11,#15,#1483,#1845,#3313,#3675,#4687,
    #5165,#5257,#5466,#5836,#10649,#10741,#10950,#11320),#11971);
#11 = AXIS2_PLACEMENT_3D('',#12,#13,#14);
#12 = CARTESIAN_POINT('',(0.,0.,0.));
#13 = DIRECTION('',(0.,0.,1.));
#14 = DIRECTION('',(1.,0.,-0.));
#15 = MANIFOLD_SOLID_BREP('',#16);
#16 = CLOSED_SHELL('',(#17,#59,#275,#307,#332,#357,#382,#407,#432,#457,
    #482,#507,#532,#557,#589,#614,#623,#1000,#1025,#1045,#1070,#1079,
    #1106,#1115,#1142,#1151,#1178,#1187,#1214,#1223,#1250,#1259,#1286,
    #1295,#1322,#1331,#1358,#1367,#1394,#1403,#1427,#1441,#1455,#1469));
#17 = ADVANCED_FACE('',(#18),#54,.T.);
#18 = FACE_BOUND('',#19,.T.);
#19 = EDGE_LOOP('',(#20,#30,#39,#47));
#20 = ORIENTED_EDGE('',*,*,#21,.T.);
#21 = EDGE_CURVE('',#22,#24,#26,.T.);
#22 = VERTEX_POINT('',#23);
#23 = CARTESIAN_POINT('',(216.00805712359,-28.,49.830990640847));
#24 = VERTEX_POINT('',#25);
#25 = CARTESIAN_POINT('',(216.00805712359,-3.,49.830990640847));
#26 = LINE('',#27,#28);
#27 = CARTESIAN_POINT('',(216.00805712359,-28.,49.830990640846));
#28 = VECTOR('',#29,1.);
#29 = DIRECTION('',(-2.22044604925E-16,1.,-4.930380657631E-32));
#30 = ORIENTED_EDGE('',*,*,#31,.F.);
#31 = EDGE_CURVE('',#32,#24,#34,.T.);
#32 = VERTEX_POINT('',#33);
#33 = CARTESIAN_POINT('',(229.89391949368,-3.,64.135468261513));
#34 = CIRCLE('',#35,37.5);
#35 = AXIS2_PLACEMENT_3D('',#36,#37,#38);
#36 = CARTESIAN_POINT('',(197.01167210421,-3.,82.163441154151));
#37 = DIRECTION('',(-2.22044604925E-16,1.,-4.930380657631E-32));
#38 = DIRECTION('',(2.22044604925E-16,0.,-1.));
#39 = ORIENTED_EDGE('',*,*,#40,.F.);
#40 = EDGE_CURVE('',#41,#32,#43,.T.);
#41 = VERTEX_POINT('',#42);
#42 = CARTESIAN_POINT('',(229.89391949368,-28.,64.135468261513));
#43 = LINE('',#44,#45);
#44 = CARTESIAN_POINT('',(229.89391949368,-28.,64.135468261513));
#45 = VECTOR('',#46,1.);
#46 = DIRECTION('',(-2.22044604925E-16,1.,-4.930380657631E-32));
#47 = ORIENTED_EDGE('',*,*,#48,.T.);
#48 = EDGE_CURVE('',#41,#22,#49,.T.);
#49 = CIRCLE('',#50,37.5);
#50 = AXIS2_PLACEMENT_3D('',#51,#52,#53);
#51 = CARTESIAN_POINT('',(197.01167210421,-28.,82.163441154151));
#52 = DIRECTION('',(-2.22044604925E-16,1.,-4.930380657631E-32));
#53 = DIRECTION('',(2.22044604925E-16,0.,-1.));
#54 = CYLINDRICAL_SURFACE('',#55,37.5);
#55 = AXIS2_PLACEMENT_3D('',#56,#57,#58);
#56 = CARTESIAN_POINT('',(197.01167210421,-28.,82.163441154151));
#57 = DIRECTION('',(-2.22044604925E-16,1.,-4.930380657631E-32));
#58 = DIRECTION('',(2.22044604925E-16,0.,-1.));
#59 = ADVANCED_FACE('',(#60,#259),#270,.T.);
#60 = FACE_BOUND('',#61,.T.);
#61 = EDGE_LOOP('',(#62,#73,#82,#89,#90,#99,#108,#117,#126,#135,#144,
    #153,#162,#171,#180,#189,#198,#207,#216,#225,#234,#243,#252));
#62 = ORIENTED_EDGE('',*,*,#63,.F.);
#63 = EDGE_CURVE('',#64,#66,#68,.T.);
#64 = VERTEX_POINT('',#65);
#65 = CARTESIAN_POINT('',(210.61278143261,-28.,47.216913071425));
#66 = VERTEX_POINT('',#67);
#67 = CARTESIAN_POINT('',(197.01167210421,-28.,44.663441154151));
#68 = CIRCLE('',#69,37.5);
#69 = AXIS2_PLACEMENT_3D('',#70,#71,#72);
#70 = CARTESIAN_POINT('',(197.01167210421,-28.,82.163441154151));
#71 = DIRECTION('',(-2.22044604925E-16,1.,-4.930380657631E-32));
#72 = DIRECTION('',(2.22044604925E-16,0.,-1.));
#73 = ORIENTED_EDGE('',*,*,#74,.F.);
#74 = EDGE_CURVE('',#75,#64,#77,.T.);
#75 = VERTEX_POINT('',#76);
#76 = CARTESIAN_POINT('',(213.36274210421,-28.,45.415961154151));
#77 = CIRCLE('',#78,3.);
#78 = AXIS2_PLACEMENT_3D('',#79,#80,#81);
#79 = CARTESIAN_POINT('',(213.36274210421,-28.,48.415961154151));
#80 = DIRECTION('',(-2.22044604925E-16,1.,-4.930380657631E-32));
#81 = DIRECTION('',(2.22044604925E-16,0.,-1.));
#82 = ORIENTED_EDGE('',*,*,#83,.F.);
#83 = EDGE_CURVE('',#22,#75,#84,.T.);
#84 = CIRCLE('',#85,3.);
#85 = AXIS2_PLACEMENT_3D('',#86,#87,#88);
#86 = CARTESIAN_POINT('',(213.36274210421,-28.,48.415961154151));
#87 = DIRECTION('',(-2.22044604925E-16,1.,-4.930380657631E-32));
#88 = DIRECTION('',(2.22044604925E-16,0.,-1.));
#89 = ORIENTED_EDGE('',*,*,#48,.F.);
#90 = ORIENTED_EDGE('',*,*,#91,.F.);
#91 = EDGE_CURVE('',#92,#41,#94,.T.);
#92 = VERTEX_POINT('',#93);
#93 = CARTESIAN_POINT('',(231.22978210421,-28.,63.821631154151));
#94 = CIRCLE('',#95,3.);
#95 = AXIS2_PLACEMENT_3D('',#96,#97,#98);
#96 = CARTESIAN_POINT('',(231.22978210421,-28.,66.821631154151));
#97 = DIRECTION('',(-2.22044604925E-16,1.,-4.930380657631E-32));
#98 = DIRECTION('',(2.22044604925E-16,0.,-1.));
#99 = ORIENTED_EDGE('',*,*,#100,.F.);
#100 = EDGE_CURVE('',#101,#92,#103,.T.);
#101 = VERTEX_POINT('',#102);
#102 = CARTESIAN_POINT('',(232.34664431262,-28.,69.605983647534));
#103 = CIRCLE('',#104,3.);
#104 = AXIS2_PLACEMENT_3D('',#105,#106,#107);
#105 = CARTESIAN_POINT('',(231.22978210421,-28.,66.821631154151));
#106 = DIRECTION('',(-2.22044604925E-16,1.,-4.930380657631E-32));
#107 = DIRECTION('',(2.22044604925E-16,0.,-1.));
#108 = ORIENTED_EDGE('',*,*,#109,.F.);
#109 = EDGE_CURVE('',#110,#101,#112,.T.);
#110 = VERTEX_POINT('',#111);
#111 = CARTESIAN_POINT('',(233.78909244972,-28.,89.489514640642));
#112 = CIRCLE('',#113,37.5);
#113 = AXIS2_PLACEMENT_3D('',#114,#115,#116);
#114 = CARTESIAN_POINT('',(197.01167210421,-28.,82.163441154151));
#115 = DIRECTION('',(-2.22044604925E-16,1.,-4.930380657631E-32));
#116 = DIRECTION('',(2.22044604925E-16,0.,-1.));
#117 = ORIENTED_EDGE('',*,*,#118,.F.);
#118 = EDGE_CURVE('',#119,#110,#121,.T.);
#119 = VERTEX_POINT('',#120);
#120 = CARTESIAN_POINT('',(232.15160909481,-28.,95.256753504221));
#121 = CIRCLE('',#122,3.);
#122 = AXIS2_PLACEMENT_3D('',#123,#124,#125);
#123 = CARTESIAN_POINT('',(233.08579210421,-28.,92.405911154151));
#124 = DIRECTION('',(-2.22044604925E-16,1.,-4.930380657631E-32));
#125 = DIRECTION('',(2.22044604925E-16,0.,-1.));
#126 = ORIENTED_EDGE('',*,*,#127,.F.);
#127 = EDGE_CURVE('',#128,#119,#130,.T.);
#128 = VERTEX_POINT('',#129);
#129 = CARTESIAN_POINT('',(220.47569946468,-28.,111.4156106468));
#130 = CIRCLE('',#131,37.5);
#131 = AXIS2_PLACEMENT_3D('',#132,#133,#134);
#132 = CARTESIAN_POINT('',(197.01167210421,-28.,82.163441154151));
#133 = DIRECTION('',(-2.22044604925E-16,1.,-4.930380657631E-32));
#134 = DIRECTION('',(2.22044604925E-16,0.,-1.));
#135 = ORIENTED_EDGE('',*,*,#136,.F.);
#136 = EDGE_CURVE('',#137,#128,#139,.T.);
#137 = VERTEX_POINT('',#138);
#138 = CARTESIAN_POINT('',(215.51420402875,-28.,114.78101789401));
#139 = CIRCLE('',#140,3.);
#140 = AXIS2_PLACEMENT_3D('',#141,#142,#143);
#141 = CARTESIAN_POINT('',(218.06231210421,-28.,113.19762115415));
#142 = DIRECTION('',(-2.22044604925E-16,1.,-4.930380657631E-32));
#143 = DIRECTION('',(2.22044604925E-16,0.,-1.));
#144 = ORIENTED_EDGE('',*,*,#145,.F.);
#145 = EDGE_CURVE('',#146,#137,#148,.T.);
#146 = VERTEX_POINT('',#147);
#147 = CARTESIAN_POINT('',(196.18322824864,-28.,119.65428911439));
#148 = CIRCLE('',#149,37.5);
#149 = AXIS2_PLACEMENT_3D('',#150,#151,#152);
#150 = CARTESIAN_POINT('',(197.01167210421,-28.,82.163441154151));
#151 = DIRECTION('',(-2.22044604925E-16,1.,-4.930380657631E-32));
#152 = DIRECTION('',(2.22044604925E-16,0.,-1.));
#153 = ORIENTED_EDGE('',*,*,#154,.F.);
#154 = EDGE_CURVE('',#155,#146,#157,.T.);
#155 = VERTEX_POINT('',#156);
#156 = CARTESIAN_POINT('',(190.2192600144,-28.,119.04315289383));
#157 = CIRCLE('',#158,3.);
#158 = AXIS2_PLACEMENT_3D('',#159,#160,#161);
#159 = CARTESIAN_POINT('',(193.18901210421,-28.,119.46809115415));
#160 = DIRECTION('',(-2.22044604925E-16,1.,-4.930380657631E-32));
#161 = DIRECTION('',(2.22044604925E-16,0.,-1.));
#162 = ORIENTED_EDGE('',*,*,#163,.F.);
#163 = EDGE_CURVE('',#164,#155,#166,.T.);
#164 = VERTEX_POINT('',#165);
#165 = CARTESIAN_POINT('',(172.27839609814,-28.,110.35058464205));
#166 = CIRCLE('',#167,37.5);
#167 = AXIS2_PLACEMENT_3D('',#168,#169,#170);
#168 = CARTESIAN_POINT('',(197.01167210421,-28.,82.163441154151));
#169 = DIRECTION('',(-2.22044604925E-16,1.,-4.930380657631E-32));
#170 = DIRECTION('',(2.22044604925E-16,0.,-1.));
#171 = ORIENTED_EDGE('',*,*,#172,.F.);
#172 = EDGE_CURVE('',#173,#164,#175,.T.);
#173 = VERTEX_POINT('',#174);
#174 = CARTESIAN_POINT('',(168.10256247497,-28.,106.04886307726));
#175 = CIRCLE('',#176,3.);
#176 = AXIS2_PLACEMENT_3D('',#177,#178,#179);
#177 = CARTESIAN_POINT('',(170.10437210421,-28.,108.28331115415));
#178 = DIRECTION('',(-2.22044604925E-16,1.,-4.930380657631E-32));
#179 = DIRECTION('',(2.22044604925E-16,0.,-1.));
#180 = ORIENTED_EDGE('',*,*,#181,.F.);
#181 = EDGE_CURVE('',#182,#173,#184,.T.);
#182 = VERTEX_POINT('',#183);
#183 = CARTESIAN_POINT('',(159.94653664807,-28.,87.85780096174));
#184 = CIRCLE('',#185,37.5);
#185 = AXIS2_PLACEMENT_3D('',#186,#187,#188);
#186 = CARTESIAN_POINT('',(197.01167210421,-28.,82.163441154151));
#187 = DIRECTION('',(-2.22044604925E-16,1.,-4.930380657631E-32));
#188 = DIRECTION('',(2.22044604925E-16,0.,-1.));
#189 = ORIENTED_EDGE('',*,*,#190,.F.);
#190 = EDGE_CURVE('',#191,#182,#193,.T.);
#191 = VERTEX_POINT('',#192);
#192 = CARTESIAN_POINT('',(159.51275606819,-28.,81.878316403293));
#193 = CIRCLE('',#194,3.);
#194 = AXIS2_PLACEMENT_3D('',#195,#196,#197);
#195 = CARTESIAN_POINT('',(159.60996210421,-28.,84.876741154151));
#196 = DIRECTION('',(-2.22044604925E-16,1.,-4.930380657631E-32));
#197 = DIRECTION('',(2.22044604925E-16,0.,-1.));
#198 = ORIENTED_EDGE('',*,*,#199,.F.);
#199 = EDGE_CURVE('',#200,#191,#202,.T.);
#200 = VERTEX_POINT('',#201);
#201 = CARTESIAN_POINT('',(164.95786760677,-28.,62.700563226158));
#202 = CIRCLE('',#203,37.5);
#203 = AXIS2_PLACEMENT_3D('',#204,#205,#206);
#204 = CARTESIAN_POINT('',(197.01167210421,-28.,82.163441154151));
#205 = DIRECTION('',(-2.22044604925E-16,1.,-4.930380657631E-32));
#206 = DIRECTION('',(2.22044604925E-16,0.,-1.));
#207 = ORIENTED_EDGE('',*,*,#208,.F.);
#208 = EDGE_CURVE('',#209,#200,#211,.T.);
#209 = VERTEX_POINT('',#210);
#210 = CARTESIAN_POINT('',(166.61622210421,-28.,57.200591154151));
#211 = CIRCLE('',#212,3.);
#212 = AXIS2_PLACEMENT_3D('',#213,#214,#215);
#213 = CARTESIAN_POINT('',(166.61622210421,-28.,60.200591154151));
#214 = DIRECTION('',(-2.22044604925E-16,1.,-4.930380657631E-32));
#215 = DIRECTION('',(2.22044604925E-16,0.,-1.));
#216 = ORIENTED_EDGE('',*,*,#217,.F.);
#217 = EDGE_CURVE('',#218,#209,#220,.T.);
#218 = VERTEX_POINT('',#219);
#219 = CARTESIAN_POINT('',(168.46911093556,-28.,57.841183817836));
#220 = CIRCLE('',#221,3.);
#221 = AXIS2_PLACEMENT_3D('',#222,#223,#224);
#222 = CARTESIAN_POINT('',(166.61622210421,-28.,60.200591154151));
#223 = DIRECTION('',(-2.22044604925E-16,1.,-4.930380657631E-32));
#224 = DIRECTION('',(2.22044604925E-16,0.,-1.));
#225 = ORIENTED_EDGE('',*,*,#226,.F.);
#226 = EDGE_CURVE('',#227,#218,#229,.T.);
#227 = VERTEX_POINT('',#228);
#228 = CARTESIAN_POINT('',(184.96752588674,-28.,46.650224714459));
#229 = CIRCLE('',#230,37.5);
#230 = AXIS2_PLACEMENT_3D('',#231,#232,#233);
#231 = CARTESIAN_POINT('',(197.01167210421,-28.,82.163441154151));
#232 = DIRECTION('',(-2.22044604925E-16,1.,-4.930380657631E-32));
#233 = DIRECTION('',(2.22044604925E-16,0.,-1.));
#234 = ORIENTED_EDGE('',*,*,#235,.F.);
#235 = EDGE_CURVE('',#236,#227,#238,.T.);
#236 = VERTEX_POINT('',#237);
#237 = CARTESIAN_POINT('',(187.84485210421,-28.,42.801111154151));
#238 = CIRCLE('',#239,3.);
#239 = AXIS2_PLACEMENT_3D('',#240,#241,#242);
#240 = CARTESIAN_POINT('',(187.84485210421,-28.,45.801111154151));
#241 = DIRECTION('',(-2.22044604925E-16,1.,-4.930380657631E-32));
#242 = DIRECTION('',(2.22044604925E-16,0.,-1.));
#243 = ORIENTED_EDGE('',*,*,#244,.F.);
#244 = EDGE_CURVE('',#245,#236,#247,.T.);
#245 = VERTEX_POINT('',#246);
#246 = CARTESIAN_POINT('',(190.78084358579,-28.,45.184707049614));
#247 = CIRCLE('',#248,3.);
#248 = AXIS2_PLACEMENT_3D('',#249,#250,#251);
#249 = CARTESIAN_POINT('',(187.84485210421,-28.,45.801111154151));
#250 = DIRECTION('',(-2.22044604925E-16,1.,-4.930380657631E-32));
#251 = DIRECTION('',(2.22044604925E-16,0.,-1.));
#252 = ORIENTED_EDGE('',*,*,#253,.F.);
#253 = EDGE_CURVE('',#66,#245,#254,.T.);
#254 = CIRCLE('',#255,37.5);
#255 = AXIS2_PLACEMENT_3D('',#256,#257,#258);
#256 = CARTESIAN_POINT('',(197.01167210421,-28.,82.163441154151));
#257 = DIRECTION('',(-2.22044604925E-16,1.,-4.930380657631E-32));
#258 = DIRECTION('',(2.22044604925E-16,0.,-1.));
#259 = FACE_BOUND('',#260,.T.);
#260 = EDGE_LOOP('',(#261));
#261 = ORIENTED_EDGE('',*,*,#262,.T.);
#262 = EDGE_CURVE('',#263,#263,#265,.T.);
#263 = VERTEX_POINT('',#264);
#264 = CARTESIAN_POINT('',(197.01167210421,-28.,50.663441154151));
#265 = CIRCLE('',#266,31.5);
#266 = AXIS2_PLACEMENT_3D('',#267,#268,#269);
#267 = CARTESIAN_POINT('',(197.01167210421,-28.,82.163441154151));
#268 = DIRECTION('',(-2.22044604925E-16,1.,-4.930380657631E-32));
#269 = DIRECTION('',(2.22044604925E-16,0.,-1.));
#270 = PLANE('',#271);
#271 = AXIS2_PLACEMENT_3D('',#272,#273,#274);
#272 = CARTESIAN_POINT('',(197.01635123299,-28.,82.022683320893));
#273 = DIRECTION('',(2.22044604925E-16,-1.,4.930380657631E-32));
#274 = DIRECTION('',(-2.22044604925E-16,0.,1.));
#275 = ADVANCED_FACE('',(#276),#302,.T.);
#276 = FACE_BOUND('',#277,.T.);
#277 = EDGE_LOOP('',(#278,#286,#295,#301));
#278 = ORIENTED_EDGE('',*,*,#279,.T.);
#279 = EDGE_CURVE('',#101,#280,#282,.T.);
#280 = VERTEX_POINT('',#281);
#281 = CARTESIAN_POINT('',(232.34664431262,-3.,69.605983647534));
#282 = LINE('',#283,#284);
#283 = CARTESIAN_POINT('',(232.34664431262,-28.,69.605983647535));
#284 = VECTOR('',#285,1.);
#285 = DIRECTION('',(-2.22044604925E-16,1.,-4.930380657631E-32));
#286 = ORIENTED_EDGE('',*,*,#287,.F.);
#287 = EDGE_CURVE('',#288,#280,#290,.T.);
#288 = VERTEX_POINT('',#289);
#289 = CARTESIAN_POINT('',(233.78909244972,-3.,89.489514640642));
#290 = CIRCLE('',#291,37.5);
#291 = AXIS2_PLACEMENT_3D('',#292,#293,#294);
#292 = CARTESIAN_POINT('',(197.01167210421,-3.,82.163441154151));
#293 = DIRECTION('',(-2.22044604925E-16,1.,-4.930380657631E-32));
#294 = DIRECTION('',(2.22044604925E-16,0.,-1.));
#295 = ORIENTED_EDGE('',*,*,#296,.F.);
#296 = EDGE_CURVE('',#110,#288,#297,.T.);
#297 = LINE('',#298,#299);
#298 = CARTESIAN_POINT('',(233.78909244972,-28.,89.489514640643));
#299 = VECTOR('',#300,1.);
#300 = DIRECTION('',(-2.22044604925E-16,1.,-4.930380657631E-32));
#301 = ORIENTED_EDGE('',*,*,#109,.T.);
#302 = CYLINDRICAL_SURFACE('',#303,37.5);
#303 = AXIS2_PLACEMENT_3D('',#304,#305,#306);
#304 = CARTESIAN_POINT('',(197.01167210421,-28.,82.163441154151));
#305 = DIRECTION('',(-2.22044604925E-16,1.,-4.930380657631E-32));
#306 = DIRECTION('',(2.22044604925E-16,0.,-1.));
#307 = ADVANCED_FACE('',(#308),#327,.T.);
#308 = FACE_BOUND('',#309,.T.);
#309 = EDGE_LOOP('',(#310,#319,#325,#326));
#310 = ORIENTED_EDGE('',*,*,#311,.F.);
#311 = EDGE_CURVE('',#312,#288,#314,.T.);
#312 = VERTEX_POINT('',#313);
#313 = CARTESIAN_POINT('',(232.15160909481,-3.,95.256753504221));
#314 = CIRCLE('',#315,3.);
#315 = AXIS2_PLACEMENT_3D('',#316,#317,#318);
#316 = CARTESIAN_POINT('',(233.08579210421,-3.,92.405911154151));
#317 = DIRECTION('',(-2.22044604925E-16,1.,-4.930380657631E-32));
#318 = DIRECTION('',(2.22044604925E-16,0.,-1.));
#319 = ORIENTED_EDGE('',*,*,#320,.F.);
#320 = EDGE_CURVE('',#119,#312,#321,.T.);
#321 = LINE('',#322,#323);
#322 = CARTESIAN_POINT('',(232.15160909481,-28.,95.256753504221));
#323 = VECTOR('',#324,1.);
#324 = DIRECTION('',(-2.22044604925E-16,1.,-4.930380657631E-32));
#325 = ORIENTED_EDGE('',*,*,#118,.T.);
#326 = ORIENTED_EDGE('',*,*,#296,.T.);
#327 = CYLINDRICAL_SURFACE('',#328,3.);
#328 = AXIS2_PLACEMENT_3D('',#329,#330,#331);
#329 = CARTESIAN_POINT('',(233.08579210421,-28.,92.405911154151));
#330 = DIRECTION('',(-2.22044604925E-16,1.,-4.930380657631E-32));
#331 = DIRECTION('',(2.22044604925E-16,0.,-1.));
#332 = ADVANCED_FACE('',(#333),#352,.T.);
#333 = FACE_BOUND('',#334,.T.);
#334 = EDGE_LOOP('',(#335,#336,#345,#351));
#335 = ORIENTED_EDGE('',*,*,#320,.T.);
#336 = ORIENTED_EDGE('',*,*,#337,.F.);
#337 = EDGE_CURVE('',#338,#312,#340,.T.);
#338 = VERTEX_POINT('',#339);
#339 = CARTESIAN_POINT('',(220.47569946468,-3.,111.4156106468));
#340 = CIRCLE('',#341,37.5);
#341 = AXIS2_PLACEMENT_3D('',#342,#343,#344);
#342 = CARTESIAN_POINT('',(197.01167210421,-3.,82.163441154151));
#343 = DIRECTION('',(-2.22044604925E-16,1.,-4.930380657631E-32));
#344 = DIRECTION('',(2.22044604925E-16,0.,-1.));
#345 = ORIENTED_EDGE('',*,*,#346,.F.);
#346 = EDGE_CURVE('',#128,#338,#347,.T.);
#347 = LINE('',#348,#349);
#348 = CARTESIAN_POINT('',(220.47569946468,-28.,111.4156106468));
#349 = VECTOR('',#350,1.);
#350 = DIRECTION('',(-2.22044604925E-16,1.,-4.930380657631E-32));
#351 = ORIENTED_EDGE('',*,*,#127,.T.);
#352 = CYLINDRICAL_SURFACE('',#353,37.5);
#353 = AXIS2_PLACEMENT_3D('',#354,#355,#356);
#354 = CARTESIAN_POINT('',(197.01167210421,-28.,82.163441154151));
#355 = DIRECTION('',(-2.22044604925E-16,1.,-4.930380657631E-32));
#356 = DIRECTION('',(2.22044604925E-16,0.,-1.));
#357 = ADVANCED_FACE('',(#358),#377,.T.);
#358 = FACE_BOUND('',#359,.T.);
#359 = EDGE_LOOP('',(#360,#369,#375,#376));
#360 = ORIENTED_EDGE('',*,*,#361,.F.);
#361 = EDGE_CURVE('',#362,#338,#364,.T.);
#362 = VERTEX_POINT('',#363);
#363 = CARTESIAN_POINT('',(215.51420402875,-3.,114.78101789401));
#364 = CIRCLE('',#365,3.);
#365 = AXIS2_PLACEMENT_3D('',#366,#367,#368);
#366 = CARTESIAN_POINT('',(218.06231210421,-3.,113.19762115415));
#367 = DIRECTION('',(-2.22044604925E-16,1.,-4.930380657631E-32));
#368 = DIRECTION('',(2.22044604925E-16,0.,-1.));
#369 = ORIENTED_EDGE('',*,*,#370,.F.);
#370 = EDGE_CURVE('',#137,#362,#371,.T.);
#371 = LINE('',#372,#373);
#372 = CARTESIAN_POINT('',(215.51420402875,-28.,114.78101789401));
#373 = VECTOR('',#374,1.);
#374 = DIRECTION('',(-2.22044604925E-16,1.,-4.930380657631E-32));
#375 = ORIENTED_EDGE('',*,*,#136,.T.);
#376 = ORIENTED_EDGE('',*,*,#346,.T.);
#377 = CYLINDRICAL_SURFACE('',#378,3.);
#378 = AXIS2_PLACEMENT_3D('',#379,#380,#381);
#379 = CARTESIAN_POINT('',(218.06231210421,-28.,113.19762115415));
#380 = DIRECTION('',(-2.22044604925E-16,1.,-4.930380657631E-32));
#381 = DIRECTION('',(2.22044604925E-16,0.,-1.));
#382 = ADVANCED_FACE('',(#383),#402,.T.);
#383 = FACE_BOUND('',#384,.T.);
#384 = EDGE_LOOP('',(#385,#386,#395,#401));
#385 = ORIENTED_EDGE('',*,*,#370,.T.);
#386 = ORIENTED_EDGE('',*,*,#387,.F.);
#387 = EDGE_CURVE('',#388,#362,#390,.T.);
#388 = VERTEX_POINT('',#389);
#389 = CARTESIAN_POINT('',(196.18322824864,-3.,119.65428911439));
#390 = CIRCLE('',#391,37.5);
#391 = AXIS2_PLACEMENT_3D('',#392,#393,#394);
#392 = CARTESIAN_POINT('',(197.01167210421,-3.,82.163441154151));
#393 = DIRECTION('',(-2.22044604925E-16,1.,-4.930380657631E-32));
#394 = DIRECTION('',(2.22044604925E-16,0.,-1.));
#395 = ORIENTED_EDGE('',*,*,#396,.F.);
#396 = EDGE_CURVE('',#146,#388,#397,.T.);
#397 = LINE('',#398,#399);
#398 = CARTESIAN_POINT('',(196.18322824864,-28.,119.65428911439));
#399 = VECTOR('',#400,1.);
#400 = DIRECTION('',(-2.22044604925E-16,1.,-4.930380657631E-32));
#401 = ORIENTED_EDGE('',*,*,#145,.T.);
#402 = CYLINDRICAL_SURFACE('',#403,37.5);
#403 = AXIS2_PLACEMENT_3D('',#404,#405,#406);
#404 = CARTESIAN_POINT('',(197.01167210421,-28.,82.163441154151));
#405 = DIRECTION('',(-2.22044604925E-16,1.,-4.930380657631E-32));
#406 = DIRECTION('',(2.22044604925E-16,0.,-1.));
#407 = ADVANCED_FACE('',(#408),#427,.T.);
#408 = FACE_BOUND('',#409,.T.);
#409 = EDGE_LOOP('',(#410,#419,#425,#426));
#410 = ORIENTED_EDGE('',*,*,#411,.F.);
#411 = EDGE_CURVE('',#412,#388,#414,.T.);
#412 = VERTEX_POINT('',#413);
#413 = CARTESIAN_POINT('',(190.2192600144,-3.,119.04315289383));
#414 = CIRCLE('',#415,3.);
#415 = AXIS2_PLACEMENT_3D('',#416,#417,#418);
#416 = CARTESIAN_POINT('',(193.18901210421,-3.,119.46809115415));
#417 = DIRECTION('',(-2.22044604925E-16,1.,-4.930380657631E-32));
#418 = DIRECTION('',(2.22044604925E-16,0.,-1.));
#419 = ORIENTED_EDGE('',*,*,#420,.F.);
#420 = EDGE_CURVE('',#155,#412,#421,.T.);
#421 = LINE('',#422,#423);
#422 = CARTESIAN_POINT('',(190.2192600144,-28.,119.04315289383));
#423 = VECTOR('',#424,1.);
#424 = DIRECTION('',(-2.22044604925E-16,1.,-4.930380657631E-32));
#425 = ORIENTED_EDGE('',*,*,#154,.T.);
#426 = ORIENTED_EDGE('',*,*,#396,.T.);
#427 = CYLINDRICAL_SURFACE('',#428,3.);
#428 = AXIS2_PLACEMENT_3D('',#429,#430,#431);
#429 = CARTESIAN_POINT('',(193.18901210421,-28.,119.46809115415));
#430 = DIRECTION('',(-2.22044604925E-16,1.,-4.930380657631E-32));
#431 = DIRECTION('',(2.22044604925E-16,0.,-1.));
#432 = ADVANCED_FACE('',(#433),#452,.T.);
#433 = FACE_BOUND('',#434,.T.);
#434 = EDGE_LOOP('',(#435,#444,#450,#451));
#435 = ORIENTED_EDGE('',*,*,#436,.F.);
#436 = EDGE_CURVE('',#437,#412,#439,.T.);
#437 = VERTEX_POINT('',#438);
#438 = CARTESIAN_POINT('',(172.27839609814,-3.,110.35058464205));
#439 = CIRCLE('',#440,37.5);
#440 = AXIS2_PLACEMENT_3D('',#441,#442,#443);
#441 = CARTESIAN_POINT('',(197.01167210421,-3.,82.163441154151));
#442 = DIRECTION('',(-2.22044604925E-16,1.,-4.930380657631E-32));
#443 = DIRECTION('',(2.22044604925E-16,0.,-1.));
#444 = ORIENTED_EDGE('',*,*,#445,.F.);
#445 = EDGE_CURVE('',#164,#437,#446,.T.);
#446 = LINE('',#447,#448);
#447 = CARTESIAN_POINT('',(172.27839609814,-28.,110.35058464205));
#448 = VECTOR('',#449,1.);
#449 = DIRECTION('',(-2.22044604925E-16,1.,-4.930380657631E-32));
#450 = ORIENTED_EDGE('',*,*,#163,.T.);
#451 = ORIENTED_EDGE('',*,*,#420,.T.);
#452 = CYLINDRICAL_SURFACE('',#453,37.5);
#453 = AXIS2_PLACEMENT_3D('',#454,#455,#456);
#454 = CARTESIAN_POINT('',(197.01167210421,-28.,82.163441154151));
#455 = DIRECTION('',(-2.22044604925E-16,1.,-4.930380657631E-32));
#456 = DIRECTION('',(2.22044604925E-16,0.,-1.));
#457 = ADVANCED_FACE('',(#458),#477,.T.);
#458 = FACE_BOUND('',#459,.T.);
#459 = EDGE_LOOP('',(#460,#469,#475,#476));
#460 = ORIENTED_EDGE('',*,*,#461,.F.);
#461 = EDGE_CURVE('',#462,#437,#464,.T.);
#462 = VERTEX_POINT('',#463);
#463 = CARTESIAN_POINT('',(168.10256247497,-3.,106.04886307726));
#464 = CIRCLE('',#465,3.);
#465 = AXIS2_PLACEMENT_3D('',#466,#467,#468);
#466 = CARTESIAN_POINT('',(170.10437210421,-3.,108.28331115415));
#467 = DIRECTION('',(-2.22044604925E-16,1.,-4.930380657631E-32));
#468 = DIRECTION('',(2.22044604925E-16,0.,-1.));
#469 = ORIENTED_EDGE('',*,*,#470,.F.);
#470 = EDGE_CURVE('',#173,#462,#471,.T.);
#471 = LINE('',#472,#473);
#472 = CARTESIAN_POINT('',(168.10256247497,-28.,106.04886307726));
#473 = VECTOR('',#474,1.);
#474 = DIRECTION('',(-2.22044604925E-16,1.,-4.930380657631E-32));
#475 = ORIENTED_EDGE('',*,*,#172,.T.);
#476 = ORIENTED_EDGE('',*,*,#445,.T.);
#477 = CYLINDRICAL_SURFACE('',#478,3.);
#478 = AXIS2_PLACEMENT_3D('',#479,#480,#481);
#479 = CARTESIAN_POINT('',(170.10437210421,-28.,108.28331115415));
#480 = DIRECTION('',(-2.22044604925E-16,1.,-4.930380657631E-32));
#481 = DIRECTION('',(2.22044604925E-16,0.,-1.));
#482 = ADVANCED_FACE('',(#483),#502,.T.);
#483 = FACE_BOUND('',#484,.T.);
#484 = EDGE_LOOP('',(#485,#494,#500,#501));
#485 = ORIENTED_EDGE('',*,*,#486,.F.);
#486 = EDGE_CURVE('',#487,#462,#489,.T.);
#487 = VERTEX_POINT('',#488);
#488 = CARTESIAN_POINT('',(159.94653664807,-3.,87.85780096174));
#489 = CIRCLE('',#490,37.5);
#490 = AXIS2_PLACEMENT_3D('',#491,#492,#493);
#491 = CARTESIAN_POINT('',(197.01167210421,-3.,82.163441154151));
#492 = DIRECTION('',(-2.22044604925E-16,1.,-4.930380657631E-32));
#493 = DIRECTION('',(2.22044604925E-16,0.,-1.));
#494 = ORIENTED_EDGE('',*,*,#495,.F.);
#495 = EDGE_CURVE('',#182,#487,#496,.T.);
#496 = LINE('',#497,#498);
#497 = CARTESIAN_POINT('',(159.94653664807,-28.,87.85780096174));
#498 = VECTOR('',#499,1.);
#499 = DIRECTION('',(-2.22044604925E-16,1.,-4.930380657631E-32));
#500 = ORIENTED_EDGE('',*,*,#181,.T.);
#501 = ORIENTED_EDGE('',*,*,#470,.T.);
#502 = CYLINDRICAL_SURFACE('',#503,37.5);
#503 = AXIS2_PLACEMENT_3D('',#504,#505,#506);
#504 = CARTESIAN_POINT('',(197.01167210421,-28.,82.163441154151));
#505 = DIRECTION('',(-2.22044604925E-16,1.,-4.930380657631E-32));
#506 = DIRECTION('',(2.22044604925E-16,0.,-1.));
#507 = ADVANCED_FACE('',(#508),#527,.T.);
#508 = FACE_BOUND('',#509,.T.);
#509 = EDGE_LOOP('',(#510,#519,#525,#526));
#510 = ORIENTED_EDGE('',*,*,#511,.F.);
#511 = EDGE_CURVE('',#512,#487,#514,.T.);
#512 = VERTEX_POINT('',#513);
#513 = CARTESIAN_POINT('',(159.51275606819,-3.,81.878316403293));
#514 = CIRCLE('',#515,3.);
#515 = AXIS2_PLACEMENT_3D('',#516,#517,#518);
#516 = CARTESIAN_POINT('',(159.60996210421,-3.,84.876741154151));
#517 = DIRECTION('',(-2.22044604925E-16,1.,-4.930380657631E-32));
#518 = DIRECTION('',(2.22044604925E-16,0.,-1.));
#519 = ORIENTED_EDGE('',*,*,#520,.F.);
#520 = EDGE_CURVE('',#191,#512,#521,.T.);
#521 = LINE('',#522,#523);
#522 = CARTESIAN_POINT('',(159.51275606819,-28.,81.878316403292));
#523 = VECTOR('',#524,1.);
#524 = DIRECTION('',(-2.22044604925E-16,1.,-4.930380657631E-32));
#525 = ORIENTED_EDGE('',*,*,#190,.T.);
#526 = ORIENTED_EDGE('',*,*,#495,.T.);
#527 = CYLINDRICAL_SURFACE('',#528,3.);
#528 = AXIS2_PLACEMENT_3D('',#529,#530,#531);
#529 = CARTESIAN_POINT('',(159.60996210421,-28.,84.876741154151));
#530 = DIRECTION('',(-2.22044604925E-16,1.,-4.930380657631E-32));
#531 = DIRECTION('',(2.22044604925E-16,0.,-1.));
#532 = ADVANCED_FACE('',(#533),#552,.T.);
#533 = FACE_BOUND('',#534,.T.);
#534 = EDGE_LOOP('',(#535,#544,#550,#551));
#535 = ORIENTED_EDGE('',*,*,#536,.F.);
#536 = EDGE_CURVE('',#537,#512,#539,.T.);
#537 = VERTEX_POINT('',#538);
#538 = CARTESIAN_POINT('',(164.95786760677,-3.,62.700563226158));
#539 = CIRCLE('',#540,37.5);
#540 = AXIS2_PLACEMENT_3D('',#541,#542,#543);
#541 = CARTESIAN_POINT('',(197.01167210421,-3.,82.163441154151));
#542 = DIRECTION('',(-2.22044604925E-16,1.,-4.930380657631E-32));
#543 = DIRECTION('',(2.22044604925E-16,0.,-1.));
#544 = ORIENTED_EDGE('',*,*,#545,.F.);
#545 = EDGE_CURVE('',#200,#537,#546,.T.);
#546 = LINE('',#547,#548);
#547 = CARTESIAN_POINT('',(164.95786760677,-28.,62.700563226159));
#548 = VECTOR('',#549,1.);
#549 = DIRECTION('',(-2.22044604925E-16,1.,-4.930380657631E-32));
#550 = ORIENTED_EDGE('',*,*,#199,.T.);
#551 = ORIENTED_EDGE('',*,*,#520,.T.);
#552 = CYLINDRICAL_SURFACE('',#553,37.5);
#553 = AXIS2_PLACEMENT_3D('',#554,#555,#556);
#554 = CARTESIAN_POINT('',(197.01167210421,-28.,82.163441154151));
#555 = DIRECTION('',(-2.22044604925E-16,1.,-4.930380657631E-32));
#556 = DIRECTION('',(2.22044604925E-16,0.,-1.));
#557 = ADVANCED_FACE('',(#558),#584,.T.);
#558 = FACE_BOUND('',#559,.T.);
#559 = EDGE_LOOP('',(#560,#571,#577,#578));
#560 = ORIENTED_EDGE('',*,*,#561,.F.);
#561 = EDGE_CURVE('',#562,#564,#566,.T.);
#562 = VERTEX_POINT('',#563);
#563 = CARTESIAN_POINT('',(184.96752588674,-3.,46.650224714459));
#564 = VERTEX_POINT('',#565);
#565 = CARTESIAN_POINT('',(168.46911093556,-3.,57.841183817836));
#566 = CIRCLE('',#567,37.5);
#567 = AXIS2_PLACEMENT_3D('',#568,#569,#570);
#568 = CARTESIAN_POINT('',(197.01167210421,-3.,82.163441154151));
#569 = DIRECTION('',(-2.22044604925E-16,1.,-4.930380657631E-32));
#570 = DIRECTION('',(2.22044604925E-16,0.,-1.));
#571 = ORIENTED_EDGE('',*,*,#572,.F.);
#572 = EDGE_CURVE('',#227,#562,#573,.T.);
#573 = LINE('',#574,#575);
#574 = CARTESIAN_POINT('',(184.96752588674,-28.,46.65022471446));
#575 = VECTOR('',#576,1.);
#576 = DIRECTION('',(-2.22044604925E-16,1.,-4.930380657631E-32));
#577 = ORIENTED_EDGE('',*,*,#226,.T.);
#578 = ORIENTED_EDGE('',*,*,#579,.T.);
#579 = EDGE_CURVE('',#218,#564,#580,.T.);
#580 = LINE('',#581,#582);
#581 = CARTESIAN_POINT('',(168.46911093556,-28.,57.841183817836));
#582 = VECTOR('',#583,1.);
#583 = DIRECTION('',(-2.22044604925E-16,1.,-4.930380657631E-32));
#584 = CYLINDRICAL_SURFACE('',#585,37.5);
#585 = AXIS2_PLACEMENT_3D('',#586,#587,#588);
#586 = CARTESIAN_POINT('',(197.01167210421,-28.,82.163441154151));
#587 = DIRECTION('',(-2.22044604925E-16,1.,-4.930380657631E-32));
#588 = DIRECTION('',(2.22044604925E-16,0.,-1.));
#589 = ADVANCED_FACE('',(#590),#609,.T.);
#590 = FACE_BOUND('',#591,.T.);
#591 = EDGE_LOOP('',(#592,#593,#601,#608));
#592 = ORIENTED_EDGE('',*,*,#262,.F.);
#593 = ORIENTED_EDGE('',*,*,#594,.F.);
#594 = EDGE_CURVE('',#595,#263,#597,.T.);
#595 = VERTEX_POINT('',#596);
#596 = CARTESIAN_POINT('',(197.01167210421,-36.5,50.663441154151));
#597 = LINE('',#598,#599);
#598 = CARTESIAN_POINT('',(197.01167210421,-36.5,50.663441154151));
#599 = VECTOR('',#600,1.);
#600 = DIRECTION('',(-2.22044604925E-16,1.,-4.930380657631E-32));
#601 = ORIENTED_EDGE('',*,*,#602,.T.);
#602 = EDGE_CURVE('',#595,#595,#603,.T.);
#603 = CIRCLE('',#604,31.5);
#604 = AXIS2_PLACEMENT_3D('',#605,#606,#607);
#605 = CARTESIAN_POINT('',(197.01167210421,-36.5,82.163441154151));
#606 = DIRECTION('',(-2.22044604925E-16,1.,-4.930380657631E-32));
#607 = DIRECTION('',(2.22044604925E-16,0.,-1.));
#608 = ORIENTED_EDGE('',*,*,#594,.T.);
#609 = CYLINDRICAL_SURFACE('',#610,31.5);
#610 = AXIS2_PLACEMENT_3D('',#611,#612,#613);
#611 = CARTESIAN_POINT('',(197.01167210421,-36.5,82.163441154151));
#612 = DIRECTION('',(-2.22044604925E-16,1.,-4.930380657631E-32));
#613 = DIRECTION('',(2.22044604925E-16,0.,-1.));
#614 = ADVANCED_FACE('',(#615),#618,.F.);
#615 = FACE_BOUND('',#616,.T.);
#616 = EDGE_LOOP('',(#617));
#617 = ORIENTED_EDGE('',*,*,#602,.F.);
#618 = PLANE('',#619);
#619 = AXIS2_PLACEMENT_3D('',#620,#621,#622);
#620 = CARTESIAN_POINT('',(197.01167210421,-36.5,82.163441154151));
#621 = DIRECTION('',(-2.22044604925E-16,1.,-4.930380657631E-32));
#622 = DIRECTION('',(2.22044604925E-16,0.,-1.));
#623 = ADVANCED_FACE('',(#624,#723,#734,#763,#792,#821,#850,#879,#908,
    #937,#966),#995,.T.);
#624 = FACE_BOUND('',#625,.T.);
#625 = EDGE_LOOP('',(#626,#637,#646,#655,#662,#663,#672,#679,#680,#681,
    #682,#683,#684,#685,#686,#687,#688,#689,#690,#699,#706,#707,#716));
#626 = ORIENTED_EDGE('',*,*,#627,.T.);
#627 = EDGE_CURVE('',#628,#630,#632,.T.);
#628 = VERTEX_POINT('',#629);
#629 = CARTESIAN_POINT('',(210.61278143261,-3.,47.216913071425));
#630 = VERTEX_POINT('',#631);
#631 = CARTESIAN_POINT('',(197.01167210421,-3.,44.663441154151));
#632 = CIRCLE('',#633,37.5);
#633 = AXIS2_PLACEMENT_3D('',#634,#635,#636);
#634 = CARTESIAN_POINT('',(197.01167210421,-3.,82.163441154151));
#635 = DIRECTION('',(-2.22044604925E-16,1.,-4.930380657631E-32));
#636 = DIRECTION('',(2.22044604925E-16,0.,-1.));
#637 = ORIENTED_EDGE('',*,*,#638,.T.);
#638 = EDGE_CURVE('',#630,#639,#641,.T.);
#639 = VERTEX_POINT('',#640);
#640 = CARTESIAN_POINT('',(190.78084358579,-3.,45.184707049614));
#641 = CIRCLE('',#642,37.5);
#642 = AXIS2_PLACEMENT_3D('',#643,#644,#645);
#643 = CARTESIAN_POINT('',(197.01167210421,-3.,82.163441154151));
#644 = DIRECTION('',(-2.22044604925E-16,1.,-4.930380657631E-32));
#645 = DIRECTION('',(2.22044604925E-16,0.,-1.));
#646 = ORIENTED_EDGE('',*,*,#647,.T.);
#647 = EDGE_CURVE('',#639,#648,#650,.T.);
#648 = VERTEX_POINT('',#649);
#649 = CARTESIAN_POINT('',(187.84485210421,-3.,42.801111154151));
#650 = CIRCLE('',#651,3.);
#651 = AXIS2_PLACEMENT_3D('',#652,#653,#654);
#652 = CARTESIAN_POINT('',(187.84485210421,-3.,45.801111154151));
#653 = DIRECTION('',(-2.22044604925E-16,1.,-4.930380657631E-32));
#654 = DIRECTION('',(2.22044604925E-16,0.,-1.));
#655 = ORIENTED_EDGE('',*,*,#656,.T.);
#656 = EDGE_CURVE('',#648,#562,#657,.T.);
#657 = CIRCLE('',#658,3.);
#658 = AXIS2_PLACEMENT_3D('',#659,#660,#661);
#659 = CARTESIAN_POINT('',(187.84485210421,-3.,45.801111154151));
#660 = DIRECTION('',(-2.22044604925E-16,1.,-4.930380657631E-32));
#661 = DIRECTION('',(2.22044604925E-16,0.,-1.));
#662 = ORIENTED_EDGE('',*,*,#561,.T.);
#663 = ORIENTED_EDGE('',*,*,#664,.T.);
#664 = EDGE_CURVE('',#564,#665,#667,.T.);
#665 = VERTEX_POINT('',#666);
#666 = CARTESIAN_POINT('',(166.61622210421,-3.,57.200591154151));
#667 = CIRCLE('',#668,3.);
#668 = AXIS2_PLACEMENT_3D('',#669,#670,#671);
#669 = CARTESIAN_POINT('',(166.61622210421,-3.,60.200591154151));
#670 = DIRECTION('',(-2.22044604925E-16,1.,-4.930380657631E-32));
#671 = DIRECTION('',(2.22044604925E-16,0.,-1.));
#672 = ORIENTED_EDGE('',*,*,#673,.T.);
#673 = EDGE_CURVE('',#665,#537,#674,.T.);
#674 = CIRCLE('',#675,3.);
#675 = AXIS2_PLACEMENT_3D('',#676,#677,#678);
#676 = CARTESIAN_POINT('',(166.61622210421,-3.,60.200591154151));
#677 = DIRECTION('',(-2.22044604925E-16,1.,-4.930380657631E-32));
#678 = DIRECTION('',(2.22044604925E-16,0.,-1.));
#679 = ORIENTED_EDGE('',*,*,#536,.T.);
#680 = ORIENTED_EDGE('',*,*,#511,.T.);
#681 = ORIENTED_EDGE('',*,*,#486,.T.);
#682 = ORIENTED_EDGE('',*,*,#461,.T.);
#683 = ORIENTED_EDGE('',*,*,#436,.T.);
#684 = ORIENTED_EDGE('',*,*,#411,.T.);
#685 = ORIENTED_EDGE('',*,*,#387,.T.);
#686 = ORIENTED_EDGE('',*,*,#361,.T.);
#687 = ORIENTED_EDGE('',*,*,#337,.T.);
#688 = ORIENTED_EDGE('',*,*,#311,.T.);
#689 = ORIENTED_EDGE('',*,*,#287,.T.);
#690 = ORIENTED_EDGE('',*,*,#691,.T.);
#691 = EDGE_CURVE('',#280,#692,#694,.T.);
#692 = VERTEX_POINT('',#693);
#693 = CARTESIAN_POINT('',(231.22978210421,-3.,63.821631154151));
#694 = CIRCLE('',#695,3.);
#695 = AXIS2_PLACEMENT_3D('',#696,#697,#698);
#696 = CARTESIAN_POINT('',(231.22978210421,-3.,66.821631154151));
#697 = DIRECTION('',(-2.22044604925E-16,1.,-4.930380657631E-32));
#698 = DIRECTION('',(2.22044604925E-16,0.,-1.));
#699 = ORIENTED_EDGE('',*,*,#700,.T.);
#700 = EDGE_CURVE('',#692,#32,#701,.T.);
#701 = CIRCLE('',#702,3.);
#702 = AXIS2_PLACEMENT_3D('',#703,#704,#705);
#703 = CARTESIAN_POINT('',(231.22978210421,-3.,66.821631154151));
#704 = DIRECTION('',(-2.22044604925E-16,1.,-4.930380657631E-32));
#705 = DIRECTION('',(2.22044604925E-16,0.,-1.));
#706 = ORIENTED_EDGE('',*,*,#31,.T.);
#707 = ORIENTED_EDGE('',*,*,#708,.T.);
#708 = EDGE_CURVE('',#24,#709,#711,.T.);
#709 = VERTEX_POINT('',#710);
#710 = CARTESIAN_POINT('',(213.36274210421,-3.,45.415961154151));
#711 = CIRCLE('',#712,3.);
#712 = AXIS2_PLACEMENT_3D('',#713,#714,#715);
#713 = CARTESIAN_POINT('',(213.36274210421,-3.,48.415961154151));
#714 = DIRECTION('',(-2.22044604925E-16,1.,-4.930380657631E-32));
#715 = DIRECTION('',(2.22044604925E-16,0.,-1.));
#716 = ORIENTED_EDGE('',*,*,#717,.T.);
#717 = EDGE_CURVE('',#709,#628,#718,.T.);
#718 = CIRCLE('',#719,3.);
#719 = AXIS2_PLACEMENT_3D('',#720,#721,#722);
#720 = CARTESIAN_POINT('',(213.36274210421,-3.,48.415961154151));
#721 = DIRECTION('',(-2.22044604925E-16,1.,-4.930380657631E-32));
#722 = DIRECTION('',(2.22044604925E-16,0.,-1.));
#723 = FACE_BOUND('',#724,.T.);
#724 = EDGE_LOOP('',(#725));
#725 = ORIENTED_EDGE('',*,*,#726,.F.);
#726 = EDGE_CURVE('',#727,#727,#729,.T.);
#727 = VERTEX_POINT('',#728);
#728 = CARTESIAN_POINT('',(197.01167210421,-3.,60.663441154151));
#729 = CIRCLE('',#730,21.5);
#730 = AXIS2_PLACEMENT_3D('',#731,#732,#733);
#731 = CARTESIAN_POINT('',(197.01167210421,-3.,82.163441154151));
#732 = DIRECTION('',(-2.22044604925E-16,1.,-4.930380657631E-32));
#733 = DIRECTION('',(2.22044604925E-16,0.,-1.));
#734 = FACE_BOUND('',#735,.T.);
#735 = EDGE_LOOP('',(#736,#747,#756));
#736 = ORIENTED_EDGE('',*,*,#737,.F.);
#737 = EDGE_CURVE('',#738,#740,#742,.T.);
#738 = VERTEX_POINT('',#739);
#739 = CARTESIAN_POINT('',(230.58885576391,-3.,65.465455123424));
#740 = VERTEX_POINT('',#741);
#741 = CARTESIAN_POINT('',(231.81595494866,-3.,68.202356107366));
#742 = CIRCLE('',#743,1.5);
#743 = AXIS2_PLACEMENT_3D('',#744,#745,#746);
#744 = CARTESIAN_POINT('',(231.22978210421,-3.,66.821631154151));
#745 = DIRECTION('',(-2.22044604925E-16,1.,-4.930380657631E-32));
#746 = DIRECTION('',(2.22044604925E-16,0.,-1.));
#747 = ORIENTED_EDGE('',*,*,#748,.F.);
#748 = EDGE_CURVE('',#749,#738,#751,.T.);
#749 = VERTEX_POINT('',#750);
#750 = CARTESIAN_POINT('',(231.22978210421,-3.,65.321631154151));
#751 = CIRCLE('',#752,1.5);
#752 = AXIS2_PLACEMENT_3D('',#753,#754,#755);
#753 = CARTESIAN_POINT('',(231.22978210421,-3.,66.821631154151));
#754 = DIRECTION('',(-2.22044604925E-16,1.,-4.930380657631E-32));
#755 = DIRECTION('',(2.22044604925E-16,0.,-1.));
#756 = ORIENTED_EDGE('',*,*,#757,.F.);
#757 = EDGE_CURVE('',#740,#749,#758,.T.);
#758 = CIRCLE('',#759,1.5);
#759 = AXIS2_PLACEMENT_3D('',#760,#761,#762);
#760 = CARTESIAN_POINT('',(231.22978210421,-3.,66.821631154151));
#761 = DIRECTION('',(-2.22044604925E-16,1.,-4.930380657631E-32));
#762 = DIRECTION('',(2.22044604925E-16,0.,-1.));
#763 = FACE_BOUND('',#764,.T.);
#764 = EDGE_LOOP('',(#765,#776,#785));
#765 = ORIENTED_EDGE('',*,*,#766,.F.);
#766 = EDGE_CURVE('',#767,#769,#771,.T.);
#767 = VERTEX_POINT('',#768);
#768 = CARTESIAN_POINT('',(212.00003258134,-3.,47.789045883725));
#769 = VERTEX_POINT('',#770);
#770 = CARTESIAN_POINT('',(214.69929111664,-3.,49.096869912623));
#771 = CIRCLE('',#772,1.5);
#772 = AXIS2_PLACEMENT_3D('',#773,#774,#775);
#773 = CARTESIAN_POINT('',(213.36274210421,-3.,48.415961154151));
#774 = DIRECTION('',(-2.22044604925E-16,1.,-4.930380657631E-32));
#775 = DIRECTION('',(2.22044604925E-16,0.,-1.));
#776 = ORIENTED_EDGE('',*,*,#777,.F.);
#777 = EDGE_CURVE('',#778,#767,#780,.T.);
#778 = VERTEX_POINT('',#779);
#779 = CARTESIAN_POINT('',(213.36274210421,-3.,46.915961154151));
#780 = CIRCLE('',#781,1.5);
#781 = AXIS2_PLACEMENT_3D('',#782,#783,#784);
#782 = CARTESIAN_POINT('',(213.36274210421,-3.,48.415961154151));
#783 = DIRECTION('',(-2.22044604925E-16,1.,-4.930380657631E-32));
#784 = DIRECTION('',(2.22044604925E-16,0.,-1.));
#785 = ORIENTED_EDGE('',*,*,#786,.F.);
#786 = EDGE_CURVE('',#769,#778,#787,.T.);
#787 = CIRCLE('',#788,1.5);
#788 = AXIS2_PLACEMENT_3D('',#789,#790,#791);
#789 = CARTESIAN_POINT('',(213.36274210421,-3.,48.415961154151));
#790 = DIRECTION('',(-2.22044604925E-16,1.,-4.930380657631E-32));
#791 = DIRECTION('',(2.22044604925E-16,0.,-1.));
#792 = FACE_BOUND('',#793,.T.);
#793 = EDGE_LOOP('',(#794,#805,#814));
#794 = ORIENTED_EDGE('',*,*,#795,.F.);
#795 = EDGE_CURVE('',#796,#798,#800,.T.);
#796 = VERTEX_POINT('',#797);
#797 = CARTESIAN_POINT('',(186.39798180483,-3.,46.196795797252));
#798 = VERTEX_POINT('',#799);
#799 = CARTESIAN_POINT('',(189.30638692018,-3.,45.463596737139));
#800 = CIRCLE('',#801,1.5);
#801 = AXIS2_PLACEMENT_3D('',#802,#803,#804);
#802 = CARTESIAN_POINT('',(187.84485210421,-3.,45.801111154151));
#803 = DIRECTION('',(-2.22044604925E-16,1.,-4.930380657631E-32));
#804 = DIRECTION('',(2.22044604925E-16,0.,-1.));
#805 = ORIENTED_EDGE('',*,*,#806,.F.);
#806 = EDGE_CURVE('',#807,#796,#809,.T.);
#807 = VERTEX_POINT('',#808);
#808 = CARTESIAN_POINT('',(187.84485210421,-3.,44.301111154151));
#809 = CIRCLE('',#810,1.5);
#810 = AXIS2_PLACEMENT_3D('',#811,#812,#813);
#811 = CARTESIAN_POINT('',(187.84485210421,-3.,45.801111154151));
#812 = DIRECTION('',(-2.22044604925E-16,1.,-4.930380657631E-32));
#813 = DIRECTION('',(2.22044604925E-16,0.,-1.));
#814 = ORIENTED_EDGE('',*,*,#815,.F.);
#815 = EDGE_CURVE('',#798,#807,#816,.T.);
#816 = CIRCLE('',#817,1.5);
#817 = AXIS2_PLACEMENT_3D('',#818,#819,#820);
#818 = CARTESIAN_POINT('',(187.84485210421,-3.,45.801111154151));
#819 = DIRECTION('',(-2.22044604925E-16,1.,-4.930380657631E-32));
#820 = DIRECTION('',(2.22044604925E-16,0.,-1.));
#821 = FACE_BOUND('',#822,.T.);
#822 = EDGE_LOOP('',(#823,#834,#843));
#823 = ORIENTED_EDGE('',*,*,#824,.F.);
#824 = EDGE_CURVE('',#825,#827,#829,.T.);
#825 = VERTEX_POINT('',#826);
#826 = CARTESIAN_POINT('',(165.76220199521,-3.,61.433737395854));
#827 = VERTEX_POINT('',#828);
#828 = CARTESIAN_POINT('',(167.5188784038,-3.,59.002587980198));
#829 = CIRCLE('',#830,1.5);
#830 = AXIS2_PLACEMENT_3D('',#831,#832,#833);
#831 = CARTESIAN_POINT('',(166.61622210421,-3.,60.200591154151));
#832 = DIRECTION('',(-2.22044604925E-16,1.,-4.930380657631E-32));
#833 = DIRECTION('',(2.22044604925E-16,0.,-1.));
#834 = ORIENTED_EDGE('',*,*,#835,.F.);
#835 = EDGE_CURVE('',#836,#825,#838,.T.);
#836 = VERTEX_POINT('',#837);
#837 = CARTESIAN_POINT('',(166.61622210421,-3.,58.700591154151));
#838 = CIRCLE('',#839,1.5);
#839 = AXIS2_PLACEMENT_3D('',#840,#841,#842);
#840 = CARTESIAN_POINT('',(166.61622210421,-3.,60.200591154151));
#841 = DIRECTION('',(-2.22044604925E-16,1.,-4.930380657631E-32));
#842 = DIRECTION('',(2.22044604925E-16,0.,-1.));
#843 = ORIENTED_EDGE('',*,*,#844,.F.);
#844 = EDGE_CURVE('',#827,#836,#845,.T.);
#845 = CIRCLE('',#846,1.5);
#846 = AXIS2_PLACEMENT_3D('',#847,#848,#849);
#847 = CARTESIAN_POINT('',(166.61622210421,-3.,60.200591154151));
#848 = DIRECTION('',(-2.22044604925E-16,1.,-4.930380657631E-32));
#849 = DIRECTION('',(2.22044604925E-16,0.,-1.));
#850 = FACE_BOUND('',#851,.T.);
#851 = EDGE_LOOP('',(#852,#863,#872));
#852 = ORIENTED_EDGE('',*,*,#853,.F.);
#853 = EDGE_CURVE('',#854,#856,#858,.T.);
#854 = VERTEX_POINT('',#855);
#855 = CARTESIAN_POINT('',(233.46654542117,-3.,90.95504006697));
#856 = VERTEX_POINT('',#857);
#857 = CARTESIAN_POINT('',(233.08579210421,-3.,90.905911154151));
#858 = CIRCLE('',#859,1.5);
#859 = AXIS2_PLACEMENT_3D('',#860,#861,#862);
#860 = CARTESIAN_POINT('',(233.08579210421,-3.,92.405911154151));
#861 = DIRECTION('',(-2.22044604925E-16,1.,-4.930380657631E-32));
#862 = DIRECTION('',(2.22044604925E-16,0.,-1.));
#863 = ORIENTED_EDGE('',*,*,#864,.F.);
#864 = EDGE_CURVE('',#865,#854,#867,.T.);
#865 = VERTEX_POINT('',#866);
#866 = CARTESIAN_POINT('',(232.64731185928,-3.,93.840391922515));
#867 = CIRCLE('',#868,1.5);
#868 = AXIS2_PLACEMENT_3D('',#869,#870,#871);
#869 = CARTESIAN_POINT('',(233.08579210421,-3.,92.405911154151));
#870 = DIRECTION('',(-2.22044604925E-16,1.,-4.930380657631E-32));
#871 = DIRECTION('',(2.22044604925E-16,0.,-1.));
#872 = ORIENTED_EDGE('',*,*,#873,.F.);
#873 = EDGE_CURVE('',#856,#865,#874,.T.);
#874 = CIRCLE('',#875,1.5);
#875 = AXIS2_PLACEMENT_3D('',#876,#877,#878);
#876 = CARTESIAN_POINT('',(233.08579210421,-3.,92.405911154151));
#877 = DIRECTION('',(-2.22044604925E-16,1.,-4.930380657631E-32));
#878 = DIRECTION('',(2.22044604925E-16,0.,-1.));
#879 = FACE_BOUND('',#880,.T.);
#880 = EDGE_LOOP('',(#881,#892,#901));
#881 = ORIENTED_EDGE('',*,*,#882,.F.);
#882 = EDGE_CURVE('',#883,#885,#887,.T.);
#883 = VERTEX_POINT('',#884);
#884 = CARTESIAN_POINT('',(159.74839254501,-3.,86.370339832866));
#885 = VERTEX_POINT('',#886);
#886 = CARTESIAN_POINT('',(159.60996210421,-3.,83.376741154151));
#887 = CIRCLE('',#888,1.5);
#888 = AXIS2_PLACEMENT_3D('',#889,#890,#891);
#889 = CARTESIAN_POINT('',(159.60996210421,-3.,84.876741154151));
#890 = DIRECTION('',(-2.22044604925E-16,1.,-4.930380657631E-32));
#891 = DIRECTION('',(2.22044604925E-16,0.,-1.));
#892 = ORIENTED_EDGE('',*,*,#893,.F.);
#893 = EDGE_CURVE('',#894,#883,#896,.T.);
#894 = VERTEX_POINT('',#895);
#895 = CARTESIAN_POINT('',(159.53137195148,-3.,83.37880137302));
#896 = CIRCLE('',#897,1.5);
#897 = AXIS2_PLACEMENT_3D('',#898,#899,#900);
#898 = CARTESIAN_POINT('',(159.60996210421,-3.,84.876741154151));
#899 = DIRECTION('',(-2.22044604925E-16,1.,-4.930380657631E-32));
#900 = DIRECTION('',(2.22044604925E-16,0.,-1.));
#901 = ORIENTED_EDGE('',*,*,#902,.F.);
#902 = EDGE_CURVE('',#885,#894,#903,.T.);
#903 = CIRCLE('',#904,1.5);
#904 = AXIS2_PLACEMENT_3D('',#905,#906,#907);
#905 = CARTESIAN_POINT('',(159.60996210421,-3.,84.876741154151));
#906 = DIRECTION('',(-2.22044604925E-16,1.,-4.930380657631E-32));
#907 = DIRECTION('',(2.22044604925E-16,0.,-1.));
#908 = FACE_BOUND('',#909,.T.);
#909 = EDGE_LOOP('',(#910,#921,#930));
#910 = ORIENTED_EDGE('',*,*,#911,.F.);
#911 = EDGE_CURVE('',#912,#914,#916,.T.);
#912 = VERTEX_POINT('',#913);
#913 = CARTESIAN_POINT('',(219.28659234306,-3.,112.33093903436));
#914 = VERTEX_POINT('',#915);
#915 = CARTESIAN_POINT('',(218.06231210421,-3.,111.69762115415));
#916 = CIRCLE('',#917,1.5);
#917 = AXIS2_PLACEMENT_3D('',#918,#919,#920);
#918 = CARTESIAN_POINT('',(218.06231210421,-3.,113.19762115415));
#919 = DIRECTION('',(-2.22044604925E-16,1.,-4.930380657631E-32));
#920 = DIRECTION('',(2.22044604925E-16,0.,-1.));
#921 = ORIENTED_EDGE('',*,*,#922,.F.);
#922 = EDGE_CURVE('',#923,#912,#925,.T.);
#923 = VERTEX_POINT('',#924);
#924 = CARTESIAN_POINT('',(216.80435423871,-3.,114.01465359453));
#925 = CIRCLE('',#926,1.5);
#926 = AXIS2_PLACEMENT_3D('',#927,#928,#929);
#927 = CARTESIAN_POINT('',(218.06231210421,-3.,113.19762115415));
#928 = DIRECTION('',(-2.22044604925E-16,1.,-4.930380657631E-32));
#929 = DIRECTION('',(2.22044604925E-16,0.,-1.));
#930 = ORIENTED_EDGE('',*,*,#931,.F.);
#931 = EDGE_CURVE('',#914,#923,#932,.T.);
#932 = CIRCLE('',#933,1.5);
#933 = AXIS2_PLACEMENT_3D('',#934,#935,#936);
#934 = CARTESIAN_POINT('',(218.06231210421,-3.,113.19762115415));
#935 = DIRECTION('',(-2.22044604925E-16,1.,-4.930380657631E-32));
#936 = DIRECTION('',(2.22044604925E-16,0.,-1.));
#937 = FACE_BOUND('',#938,.T.);
#938 = EDGE_LOOP('',(#939,#950,#959));
#939 = ORIENTED_EDGE('',*,*,#940,.F.);
#940 = EDGE_CURVE('',#941,#943,#945,.T.);
#941 = VERTEX_POINT('',#942);
#942 = CARTESIAN_POINT('',(171.17048738117,-3.,109.33848801905));
#943 = VERTEX_POINT('',#944);
#944 = CARTESIAN_POINT('',(170.10437210421,-3.,106.78331115415));
#945 = CIRCLE('',#946,1.5);
#946 = AXIS2_PLACEMENT_3D('',#947,#948,#949);
#947 = CARTESIAN_POINT('',(170.10437210421,-3.,108.28331115415));
#948 = DIRECTION('',(-2.22044604925E-16,1.,-4.930380657631E-32));
#949 = DIRECTION('',(2.22044604925E-16,0.,-1.));
#950 = ORIENTED_EDGE('',*,*,#951,.F.);
#951 = EDGE_CURVE('',#952,#941,#954,.T.);
#952 = VERTEX_POINT('',#953);
#953 = CARTESIAN_POINT('',(169.08131618888,-3.,107.18633504041));
#954 = CIRCLE('',#955,1.5);
#955 = AXIS2_PLACEMENT_3D('',#956,#957,#958);
#956 = CARTESIAN_POINT('',(170.10437210421,-3.,108.28331115415));
#957 = DIRECTION('',(-2.22044604925E-16,1.,-4.930380657631E-32));
#958 = DIRECTION('',(2.22044604925E-16,0.,-1.));
#959 = ORIENTED_EDGE('',*,*,#960,.F.);
#960 = EDGE_CURVE('',#943,#952,#961,.T.);
#961 = CIRCLE('',#962,1.5);
#962 = AXIS2_PLACEMENT_3D('',#963,#964,#965);
#963 = CARTESIAN_POINT('',(170.10437210421,-3.,108.28331115415));
#964 = DIRECTION('',(-2.22044604925E-16,1.,-4.930380657631E-32));
#965 = DIRECTION('',(2.22044604925E-16,0.,-1.));
#966 = FACE_BOUND('',#967,.T.);
#967 = EDGE_LOOP('',(#968,#979,#988));
#968 = ORIENTED_EDGE('',*,*,#969,.F.);
#969 = EDGE_CURVE('',#970,#972,#974,.T.);
#970 = VERTEX_POINT('',#971);
#971 = CARTESIAN_POINT('',(194.68395756365,-3.,119.59112803188));
#972 = VERTEX_POINT('',#973);
#973 = CARTESIAN_POINT('',(193.18901210421,-3.,117.96809115415));
#974 = CIRCLE('',#975,1.5);
#975 = AXIS2_PLACEMENT_3D('',#976,#977,#978);
#976 = CARTESIAN_POINT('',(193.18901210421,-3.,119.46809115415));
#977 = DIRECTION('',(-2.22044604925E-16,1.,-4.930380657631E-32));
#978 = DIRECTION('',(2.22044604925E-16,0.,-1.));
#979 = ORIENTED_EDGE('',*,*,#980,.F.);
#980 = EDGE_CURVE('',#981,#970,#983,.T.);
#981 = VERTEX_POINT('',#982);
#982 = CARTESIAN_POINT('',(191.70018192671,-3.,119.28537634204));
#983 = CIRCLE('',#984,1.5);
#984 = AXIS2_PLACEMENT_3D('',#985,#986,#987);
#985 = CARTESIAN_POINT('',(193.18901210421,-3.,119.46809115415));
#986 = DIRECTION('',(-2.22044604925E-16,1.,-4.930380657631E-32));
#987 = DIRECTION('',(2.22044604925E-16,0.,-1.));
#988 = ORIENTED_EDGE('',*,*,#989,.F.);
#989 = EDGE_CURVE('',#972,#981,#990,.T.);
#990 = CIRCLE('',#991,1.5);
#991 = AXIS2_PLACEMENT_3D('',#992,#993,#994);
#992 = CARTESIAN_POINT('',(193.18901210421,-3.,119.46809115415));
#993 = DIRECTION('',(-2.22044604925E-16,1.,-4.930380657631E-32));
#994 = DIRECTION('',(2.22044604925E-16,0.,-1.));
#995 = PLANE('',#996);
#996 = AXIS2_PLACEMENT_3D('',#997,#998,#999);
#997 = CARTESIAN_POINT('',(197.01635123299,-3.,82.022683320893));
#998 = DIRECTION('',(-2.22044604925E-16,1.,-4.930380657631E-32));
#999 = DIRECTION('',(2.22044604925E-16,0.,-1.));
#1000 = ADVANCED_FACE('',(#1001),#1020,.T.);
#1001 = FACE_BOUND('',#1002,.T.);
#1002 = EDGE_LOOP('',(#1003,#1012,#1018,#1019));
#1003 = ORIENTED_EDGE('',*,*,#1004,.F.);
#1004 = EDGE_CURVE('',#1005,#1005,#1007,.T.);
#1005 = VERTEX_POINT('',#1006);
#1006 = CARTESIAN_POINT('',(197.01167210421,-1.,60.663441154151));
#1007 = CIRCLE('',#1008,21.5);
#1008 = AXIS2_PLACEMENT_3D('',#1009,#1010,#1011);
#1009 = CARTESIAN_POINT('',(197.01167210421,-1.,82.163441154151));
#1010 = DIRECTION('',(-2.22044604925E-16,1.,-4.930380657631E-32));
#1011 = DIRECTION('',(2.22044604925E-16,0.,-1.));
#1012 = ORIENTED_EDGE('',*,*,#1013,.F.);
#1013 = EDGE_CURVE('',#727,#1005,#1014,.T.);
#1014 = LINE('',#1015,#1016);
#1015 = CARTESIAN_POINT('',(197.01167210421,-3.,60.663441154151));
#1016 = VECTOR('',#1017,1.);
#1017 = DIRECTION('',(-2.22044604925E-16,1.,-4.930380657631E-32));
#1018 = ORIENTED_EDGE('',*,*,#726,.T.);
#1019 = ORIENTED_EDGE('',*,*,#1013,.T.);
#1020 = CYLINDRICAL_SURFACE('',#1021,21.5);
#1021 = AXIS2_PLACEMENT_3D('',#1022,#1023,#1024);
#1022 = CARTESIAN_POINT('',(197.01167210421,-3.,82.163441154151));
#1023 = DIRECTION('',(-2.22044604925E-16,1.,-4.930380657631E-32));
#1024 = DIRECTION('',(2.22044604925E-16,0.,-1.));
#1025 = ADVANCED_FACE('',(#1026,#1029),#1040,.T.);
#1026 = FACE_BOUND('',#1027,.T.);
#1027 = EDGE_LOOP('',(#1028));
#1028 = ORIENTED_EDGE('',*,*,#1004,.T.);
#1029 = FACE_BOUND('',#1030,.T.);
#1030 = EDGE_LOOP('',(#1031));
#1031 = ORIENTED_EDGE('',*,*,#1032,.F.);
#1032 = EDGE_CURVE('',#1033,#1033,#1035,.T.);
#1033 = VERTEX_POINT('',#1034);
#1034 = CARTESIAN_POINT('',(197.01167210421,-1.,65.913441154151));
#1035 = CIRCLE('',#1036,16.25);
#1036 = AXIS2_PLACEMENT_3D('',#1037,#1038,#1039);
#1037 = CARTESIAN_POINT('',(197.01167210421,-1.,82.163441154151));
#1038 = DIRECTION('',(-2.22044604925E-16,1.,-4.930380657631E-32));
#1039 = DIRECTION('',(2.22044604925E-16,0.,-1.));
#1040 = PLANE('',#1041);
#1041 = AXIS2_PLACEMENT_3D('',#1042,#1043,#1044);
#1042 = CARTESIAN_POINT('',(197.01167210421,-1.,82.163441154151));
#1043 = DIRECTION('',(-2.22044604925E-16,1.,-4.930380657631E-32));
#1044 = DIRECTION('',(2.22044604925E-16,0.,-1.));
#1045 = ADVANCED_FACE('',(#1046),#1065,.F.);
#1046 = FACE_BOUND('',#1047,.F.);
#1047 = EDGE_LOOP('',(#1048,#1049,#1057,#1064));
#1048 = ORIENTED_EDGE('',*,*,#1032,.F.);
#1049 = ORIENTED_EDGE('',*,*,#1050,.F.);
#1050 = EDGE_CURVE('',#1051,#1033,#1053,.T.);
#1051 = VERTEX_POINT('',#1052);
#1052 = CARTESIAN_POINT('',(197.01167210421,-8.,65.913441154151));
#1053 = LINE('',#1054,#1055);
#1054 = CARTESIAN_POINT('',(197.01167210421,-8.,65.913441154151));
#1055 = VECTOR('',#1056,1.);
#1056 = DIRECTION('',(-2.22044604925E-16,1.,-4.930380657631E-32));
#1057 = ORIENTED_EDGE('',*,*,#1058,.T.);
#1058 = EDGE_CURVE('',#1051,#1051,#1059,.T.);
#1059 = CIRCLE('',#1060,16.25);
#1060 = AXIS2_PLACEMENT_3D('',#1061,#1062,#1063);
#1061 = CARTESIAN_POINT('',(197.01167210421,-8.,82.163441154151));
#1062 = DIRECTION('',(-2.22044604925E-16,1.,-4.930380657631E-32));
#1063 = DIRECTION('',(2.22044604925E-16,0.,-1.));
#1064 = ORIENTED_EDGE('',*,*,#1050,.T.);
#1065 = CYLINDRICAL_SURFACE('',#1066,16.25);
#1066 = AXIS2_PLACEMENT_3D('',#1067,#1068,#1069);
#1067 = CARTESIAN_POINT('',(197.01167210421,-8.,82.163441154151));
#1068 = DIRECTION('',(-2.22044604925E-16,1.,-4.930380657631E-32));
#1069 = DIRECTION('',(2.22044604925E-16,0.,-1.));
#1070 = ADVANCED_FACE('',(#1071),#1074,.T.);
#1071 = FACE_BOUND('',#1072,.F.);
#1072 = EDGE_LOOP('',(#1073));
#1073 = ORIENTED_EDGE('',*,*,#1058,.F.);
#1074 = PLANE('',#1075);
#1075 = AXIS2_PLACEMENT_3D('',#1076,#1077,#1078);
#1076 = CARTESIAN_POINT('',(197.01167210421,-8.,82.163441154151));
#1077 = DIRECTION('',(-2.22044604925E-16,1.,-4.930380657631E-32));
#1078 = DIRECTION('',(2.22044604925E-16,0.,-1.));
#1079 = ADVANCED_FACE('',(#1080),#1101,.F.);
#1080 = FACE_BOUND('',#1081,.F.);
#1081 = EDGE_LOOP('',(#1082,#1090,#1091,#1092,#1093,#1094));
#1082 = ORIENTED_EDGE('',*,*,#1083,.T.);
#1083 = EDGE_CURVE('',#1084,#749,#1086,.T.);
#1084 = VERTEX_POINT('',#1085);
#1085 = CARTESIAN_POINT('',(231.22978210421,-11.,65.321631154151));
#1086 = LINE('',#1087,#1088);
#1087 = CARTESIAN_POINT('',(231.22978210421,-11.,65.321631154151));
#1088 = VECTOR('',#1089,1.);
#1089 = DIRECTION('',(-2.22044604925E-16,1.,-4.930380657631E-32));
#1090 = ORIENTED_EDGE('',*,*,#757,.F.);
#1091 = ORIENTED_EDGE('',*,*,#737,.F.);
#1092 = ORIENTED_EDGE('',*,*,#748,.F.);
#1093 = ORIENTED_EDGE('',*,*,#1083,.F.);
#1094 = ORIENTED_EDGE('',*,*,#1095,.T.);
#1095 = EDGE_CURVE('',#1084,#1084,#1096,.T.);
#1096 = CIRCLE('',#1097,1.5);
#1097 = AXIS2_PLACEMENT_3D('',#1098,#1099,#1100);
#1098 = CARTESIAN_POINT('',(231.22978210421,-11.,66.821631154151));
#1099 = DIRECTION('',(-2.22044604925E-16,1.,-4.930380657631E-32));
#1100 = DIRECTION('',(2.22044604925E-16,0.,-1.));
#1101 = CYLINDRICAL_SURFACE('',#1102,1.5);
#1102 = AXIS2_PLACEMENT_3D('',#1103,#1104,#1105);
#1103 = CARTESIAN_POINT('',(231.22978210421,-11.,66.821631154151));
#1104 = DIRECTION('',(-2.22044604925E-16,1.,-4.930380657631E-32));
#1105 = DIRECTION('',(2.22044604925E-16,0.,-1.));
#1106 = ADVANCED_FACE('',(#1107),#1110,.T.);
#1107 = FACE_BOUND('',#1108,.F.);
#1108 = EDGE_LOOP('',(#1109));
#1109 = ORIENTED_EDGE('',*,*,#1095,.F.);
#1110 = PLANE('',#1111);
#1111 = AXIS2_PLACEMENT_3D('',#1112,#1113,#1114);
#1112 = CARTESIAN_POINT('',(231.22978210421,-11.,66.821631154151));
#1113 = DIRECTION('',(-2.22044604925E-16,1.,-4.930380657631E-32));
#1114 = DIRECTION('',(2.22044604925E-16,0.,-1.));
#1115 = ADVANCED_FACE('',(#1116),#1137,.F.);
#1116 = FACE_BOUND('',#1117,.F.);
#1117 = EDGE_LOOP('',(#1118,#1126,#1127,#1128,#1129,#1130));
#1118 = ORIENTED_EDGE('',*,*,#1119,.T.);
#1119 = EDGE_CURVE('',#1120,#778,#1122,.T.);
#1120 = VERTEX_POINT('',#1121);
#1121 = CARTESIAN_POINT('',(213.36274210421,-11.,46.915961154151));
#1122 = LINE('',#1123,#1124);
#1123 = CARTESIAN_POINT('',(213.36274210421,-11.,46.915961154151));
#1124 = VECTOR('',#1125,1.);
#1125 = DIRECTION('',(-2.22044604925E-16,1.,-4.930380657631E-32));
#1126 = ORIENTED_EDGE('',*,*,#786,.F.);
#1127 = ORIENTED_EDGE('',*,*,#766,.F.);
#1128 = ORIENTED_EDGE('',*,*,#777,.F.);
#1129 = ORIENTED_EDGE('',*,*,#1119,.F.);
#1130 = ORIENTED_EDGE('',*,*,#1131,.T.);
#1131 = EDGE_CURVE('',#1120,#1120,#1132,.T.);
#1132 = CIRCLE('',#1133,1.5);
#1133 = AXIS2_PLACEMENT_3D('',#1134,#1135,#1136);
#1134 = CARTESIAN_POINT('',(213.36274210421,-11.,48.415961154151));
#1135 = DIRECTION('',(-2.22044604925E-16,1.,-4.930380657631E-32));
#1136 = DIRECTION('',(2.22044604925E-16,0.,-1.));
#1137 = CYLINDRICAL_SURFACE('',#1138,1.5);
#1138 = AXIS2_PLACEMENT_3D('',#1139,#1140,#1141);
#1139 = CARTESIAN_POINT('',(213.36274210421,-11.,48.415961154151));
#1140 = DIRECTION('',(-2.22044604925E-16,1.,-4.930380657631E-32));
#1141 = DIRECTION('',(2.22044604925E-16,0.,-1.));
#1142 = ADVANCED_FACE('',(#1143),#1146,.T.);
#1143 = FACE_BOUND('',#1144,.F.);
#1144 = EDGE_LOOP('',(#1145));
#1145 = ORIENTED_EDGE('',*,*,#1131,.F.);
#1146 = PLANE('',#1147);
#1147 = AXIS2_PLACEMENT_3D('',#1148,#1149,#1150);
#1148 = CARTESIAN_POINT('',(213.36274210421,-11.,48.415961154151));
#1149 = DIRECTION('',(-2.22044604925E-16,1.,-4.930380657631E-32));
#1150 = DIRECTION('',(2.22044604925E-16,0.,-1.));
#1151 = ADVANCED_FACE('',(#1152),#1173,.F.);
#1152 = FACE_BOUND('',#1153,.F.);
#1153 = EDGE_LOOP('',(#1154,#1162,#1163,#1164,#1165,#1166));
#1154 = ORIENTED_EDGE('',*,*,#1155,.T.);
#1155 = EDGE_CURVE('',#1156,#807,#1158,.T.);
#1156 = VERTEX_POINT('',#1157);
#1157 = CARTESIAN_POINT('',(187.84485210421,-11.,44.301111154151));
#1158 = LINE('',#1159,#1160);
#1159 = CARTESIAN_POINT('',(187.84485210421,-11.,44.301111154151));
#1160 = VECTOR('',#1161,1.);
#1161 = DIRECTION('',(-2.22044604925E-16,1.,-4.930380657631E-32));
#1162 = ORIENTED_EDGE('',*,*,#815,.F.);
#1163 = ORIENTED_EDGE('',*,*,#795,.F.);
#1164 = ORIENTED_EDGE('',*,*,#806,.F.);
#1165 = ORIENTED_EDGE('',*,*,#1155,.F.);
#1166 = ORIENTED_EDGE('',*,*,#1167,.T.);
#1167 = EDGE_CURVE('',#1156,#1156,#1168,.T.);
#1168 = CIRCLE('',#1169,1.5);
#1169 = AXIS2_PLACEMENT_3D('',#1170,#1171,#1172);
#1170 = CARTESIAN_POINT('',(187.84485210421,-11.,45.801111154151));
#1171 = DIRECTION('',(-2.22044604925E-16,1.,-4.930380657631E-32));
#1172 = DIRECTION('',(2.22044604925E-16,0.,-1.));
#1173 = CYLINDRICAL_SURFACE('',#1174,1.5);
#1174 = AXIS2_PLACEMENT_3D('',#1175,#1176,#1177);
#1175 = CARTESIAN_POINT('',(187.84485210421,-11.,45.801111154151));
#1176 = DIRECTION('',(-2.22044604925E-16,1.,-4.930380657631E-32));
#1177 = DIRECTION('',(2.22044604925E-16,0.,-1.));
#1178 = ADVANCED_FACE('',(#1179),#1182,.T.);
#1179 = FACE_BOUND('',#1180,.F.);
#1180 = EDGE_LOOP('',(#1181));
#1181 = ORIENTED_EDGE('',*,*,#1167,.F.);
#1182 = PLANE('',#1183);
#1183 = AXIS2_PLACEMENT_3D('',#1184,#1185,#1186);
#1184 = CARTESIAN_POINT('',(187.84485210421,-11.,45.801111154151));
#1185 = DIRECTION('',(-2.22044604925E-16,1.,-4.930380657631E-32));
#1186 = DIRECTION('',(2.22044604925E-16,0.,-1.));
#1187 = ADVANCED_FACE('',(#1188),#1209,.F.);
#1188 = FACE_BOUND('',#1189,.F.);
#1189 = EDGE_LOOP('',(#1190,#1198,#1199,#1200,#1201,#1202));
#1190 = ORIENTED_EDGE('',*,*,#1191,.T.);
#1191 = EDGE_CURVE('',#1192,#836,#1194,.T.);
#1192 = VERTEX_POINT('',#1193);
#1193 = CARTESIAN_POINT('',(166.61622210421,-11.,58.700591154151));
#1194 = LINE('',#1195,#1196);
#1195 = CARTESIAN_POINT('',(166.61622210421,-11.,58.700591154151));
#1196 = VECTOR('',#1197,1.);
#1197 = DIRECTION('',(-2.22044604925E-16,1.,-4.930380657631E-32));
#1198 = ORIENTED_EDGE('',*,*,#844,.F.);
#1199 = ORIENTED_EDGE('',*,*,#824,.F.);
#1200 = ORIENTED_EDGE('',*,*,#835,.F.);
#1201 = ORIENTED_EDGE('',*,*,#1191,.F.);
#1202 = ORIENTED_EDGE('',*,*,#1203,.T.);
#1203 = EDGE_CURVE('',#1192,#1192,#1204,.T.);
#1204 = CIRCLE('',#1205,1.5);
#1205 = AXIS2_PLACEMENT_3D('',#1206,#1207,#1208);
#1206 = CARTESIAN_POINT('',(166.61622210421,-11.,60.200591154151));
#1207 = DIRECTION('',(-2.22044604925E-16,1.,-4.930380657631E-32));
#1208 = DIRECTION('',(2.22044604925E-16,0.,-1.));
#1209 = CYLINDRICAL_SURFACE('',#1210,1.5);
#1210 = AXIS2_PLACEMENT_3D('',#1211,#1212,#1213);
#1211 = CARTESIAN_POINT('',(166.61622210421,-11.,60.200591154151));
#1212 = DIRECTION('',(-2.22044604925E-16,1.,-4.930380657631E-32));
#1213 = DIRECTION('',(2.22044604925E-16,0.,-1.));
#1214 = ADVANCED_FACE('',(#1215),#1218,.T.);
#1215 = FACE_BOUND('',#1216,.F.);
#1216 = EDGE_LOOP('',(#1217));
#1217 = ORIENTED_EDGE('',*,*,#1203,.F.);
#1218 = PLANE('',#1219);
#1219 = AXIS2_PLACEMENT_3D('',#1220,#1221,#1222);
#1220 = CARTESIAN_POINT('',(166.61622210421,-11.,60.200591154151));
#1221 = DIRECTION('',(-2.22044604925E-16,1.,-4.930380657631E-32));
#1222 = DIRECTION('',(2.22044604925E-16,0.,-1.));
#1223 = ADVANCED_FACE('',(#1224),#1245,.F.);
#1224 = FACE_BOUND('',#1225,.F.);
#1225 = EDGE_LOOP('',(#1226,#1234,#1235,#1236,#1237,#1238));
#1226 = ORIENTED_EDGE('',*,*,#1227,.T.);
#1227 = EDGE_CURVE('',#1228,#856,#1230,.T.);
#1228 = VERTEX_POINT('',#1229);
#1229 = CARTESIAN_POINT('',(233.08579210421,-11.,90.905911154151));
#1230 = LINE('',#1231,#1232);
#1231 = CARTESIAN_POINT('',(233.08579210421,-11.,90.905911154151));
#1232 = VECTOR('',#1233,1.);
#1233 = DIRECTION('',(-2.22044604925E-16,1.,-4.930380657631E-32));
#1234 = ORIENTED_EDGE('',*,*,#853,.F.);
#1235 = ORIENTED_EDGE('',*,*,#864,.F.);
#1236 = ORIENTED_EDGE('',*,*,#873,.F.);
#1237 = ORIENTED_EDGE('',*,*,#1227,.F.);
#1238 = ORIENTED_EDGE('',*,*,#1239,.T.);
#1239 = EDGE_CURVE('',#1228,#1228,#1240,.T.);
#1240 = CIRCLE('',#1241,1.5);
#1241 = AXIS2_PLACEMENT_3D('',#1242,#1243,#1244);
#1242 = CARTESIAN_POINT('',(233.08579210421,-11.,92.405911154151));
#1243 = DIRECTION('',(-2.22044604925E-16,1.,-4.930380657631E-32));
#1244 = DIRECTION('',(2.22044604925E-16,0.,-1.));
#1245 = CYLINDRICAL_SURFACE('',#1246,1.5);
#1246 = AXIS2_PLACEMENT_3D('',#1247,#1248,#1249);
#1247 = CARTESIAN_POINT('',(233.08579210421,-11.,92.405911154151));
#1248 = DIRECTION('',(-2.22044604925E-16,1.,-4.930380657631E-32));
#1249 = DIRECTION('',(2.22044604925E-16,0.,-1.));
#1250 = ADVANCED_FACE('',(#1251),#1254,.T.);
#1251 = FACE_BOUND('',#1252,.F.);
#1252 = EDGE_LOOP('',(#1253));
#1253 = ORIENTED_EDGE('',*,*,#1239,.F.);
#1254 = PLANE('',#1255);
#1255 = AXIS2_PLACEMENT_3D('',#1256,#1257,#1258);
#1256 = CARTESIAN_POINT('',(233.08579210421,-11.,92.405911154151));
#1257 = DIRECTION('',(-2.22044604925E-16,1.,-4.930380657631E-32));
#1258 = DIRECTION('',(2.22044604925E-16,0.,-1.));
#1259 = ADVANCED_FACE('',(#1260),#1281,.F.);
#1260 = FACE_BOUND('',#1261,.F.);
#1261 = EDGE_LOOP('',(#1262,#1270,#1271,#1272,#1273,#1274));
#1262 = ORIENTED_EDGE('',*,*,#1263,.T.);
#1263 = EDGE_CURVE('',#1264,#885,#1266,.T.);
#1264 = VERTEX_POINT('',#1265);
#1265 = CARTESIAN_POINT('',(159.60996210421,-11.,83.376741154151));
#1266 = LINE('',#1267,#1268);
#1267 = CARTESIAN_POINT('',(159.60996210421,-11.,83.376741154151));
#1268 = VECTOR('',#1269,1.);
#1269 = DIRECTION('',(-2.22044604925E-16,1.,-4.930380657631E-32));
#1270 = ORIENTED_EDGE('',*,*,#882,.F.);
#1271 = ORIENTED_EDGE('',*,*,#893,.F.);
#1272 = ORIENTED_EDGE('',*,*,#902,.F.);
#1273 = ORIENTED_EDGE('',*,*,#1263,.F.);
#1274 = ORIENTED_EDGE('',*,*,#1275,.T.);
#1275 = EDGE_CURVE('',#1264,#1264,#1276,.T.);
#1276 = CIRCLE('',#1277,1.5);
#1277 = AXIS2_PLACEMENT_3D('',#1278,#1279,#1280);
#1278 = CARTESIAN_POINT('',(159.60996210421,-11.,84.876741154151));
#1279 = DIRECTION('',(-2.22044604925E-16,1.,-4.930380657631E-32));
#1280 = DIRECTION('',(2.22044604925E-16,0.,-1.));
#1281 = CYLINDRICAL_SURFACE('',#1282,1.5);
#1282 = AXIS2_PLACEMENT_3D('',#1283,#1284,#1285);
#1283 = CARTESIAN_POINT('',(159.60996210421,-11.,84.876741154151));
#1284 = DIRECTION('',(-2.22044604925E-16,1.,-4.930380657631E-32));
#1285 = DIRECTION('',(2.22044604925E-16,0.,-1.));
#1286 = ADVANCED_FACE('',(#1287),#1290,.T.);
#1287 = FACE_BOUND('',#1288,.F.);
#1288 = EDGE_LOOP('',(#1289));
#1289 = ORIENTED_EDGE('',*,*,#1275,.F.);
#1290 = PLANE('',#1291);
#1291 = AXIS2_PLACEMENT_3D('',#1292,#1293,#1294);
#1292 = CARTESIAN_POINT('',(159.60996210421,-11.,84.876741154151));
#1293 = DIRECTION('',(-2.22044604925E-16,1.,-4.930380657631E-32));
#1294 = DIRECTION('',(2.22044604925E-16,0.,-1.));
#1295 = ADVANCED_FACE('',(#1296),#1317,.F.);
#1296 = FACE_BOUND('',#1297,.F.);
#1297 = EDGE_LOOP('',(#1298,#1306,#1307,#1308,#1309,#1310));
#1298 = ORIENTED_EDGE('',*,*,#1299,.T.);
#1299 = EDGE_CURVE('',#1300,#914,#1302,.T.);
#1300 = VERTEX_POINT('',#1301);
#1301 = CARTESIAN_POINT('',(218.06231210421,-11.,111.69762115415));
#1302 = LINE('',#1303,#1304);
#1303 = CARTESIAN_POINT('',(218.06231210421,-11.,111.69762115415));
#1304 = VECTOR('',#1305,1.);
#1305 = DIRECTION('',(-2.22044604925E-16,1.,-4.930380657631E-32));
#1306 = ORIENTED_EDGE('',*,*,#911,.F.);
#1307 = ORIENTED_EDGE('',*,*,#922,.F.);
#1308 = ORIENTED_EDGE('',*,*,#931,.F.);
#1309 = ORIENTED_EDGE('',*,*,#1299,.F.);
#1310 = ORIENTED_EDGE('',*,*,#1311,.T.);
#1311 = EDGE_CURVE('',#1300,#1300,#1312,.T.);
#1312 = CIRCLE('',#1313,1.5);
#1313 = AXIS2_PLACEMENT_3D('',#1314,#1315,#1316);
#1314 = CARTESIAN_POINT('',(218.06231210421,-11.,113.19762115415));
#1315 = DIRECTION('',(-2.22044604925E-16,1.,-4.930380657631E-32));
#1316 = DIRECTION('',(2.22044604925E-16,0.,-1.));
#1317 = CYLINDRICAL_SURFACE('',#1318,1.5);
#1318 = AXIS2_PLACEMENT_3D('',#1319,#1320,#1321);
#1319 = CARTESIAN_POINT('',(218.06231210421,-11.,113.19762115415));
#1320 = DIRECTION('',(-2.22044604925E-16,1.,-4.930380657631E-32));
#1321 = DIRECTION('',(2.22044604925E-16,0.,-1.));
#1322 = ADVANCED_FACE('',(#1323),#1326,.T.);
#1323 = FACE_BOUND('',#1324,.F.);
#1324 = EDGE_LOOP('',(#1325));
#1325 = ORIENTED_EDGE('',*,*,#1311,.F.);
#1326 = PLANE('',#1327);
#1327 = AXIS2_PLACEMENT_3D('',#1328,#1329,#1330);
#1328 = CARTESIAN_POINT('',(218.06231210421,-11.,113.19762115415));
#1329 = DIRECTION('',(-2.22044604925E-16,1.,-4.930380657631E-32));
#1330 = DIRECTION('',(2.22044604925E-16,0.,-1.));
#1331 = ADVANCED_FACE('',(#1332),#1353,.F.);
#1332 = FACE_BOUND('',#1333,.F.);
#1333 = EDGE_LOOP('',(#1334,#1342,#1343,#1344,#1345,#1346));
#1334 = ORIENTED_EDGE('',*,*,#1335,.T.);
#1335 = EDGE_CURVE('',#1336,#943,#1338,.T.);
#1336 = VERTEX_POINT('',#1337);
#1337 = CARTESIAN_POINT('',(170.10437210421,-11.,106.78331115415));
#1338 = LINE('',#1339,#1340);
#1339 = CARTESIAN_POINT('',(170.10437210421,-11.,106.78331115415));
#1340 = VECTOR('',#1341,1.);
#1341 = DIRECTION('',(-2.22044604925E-16,1.,-4.930380657631E-32));
#1342 = ORIENTED_EDGE('',*,*,#940,.F.);
#1343 = ORIENTED_EDGE('',*,*,#951,.F.);
#1344 = ORIENTED_EDGE('',*,*,#960,.F.);
#1345 = ORIENTED_EDGE('',*,*,#1335,.F.);
#1346 = ORIENTED_EDGE('',*,*,#1347,.T.);
#1347 = EDGE_CURVE('',#1336,#1336,#1348,.T.);
#1348 = CIRCLE('',#1349,1.5);
#1349 = AXIS2_PLACEMENT_3D('',#1350,#1351,#1352);
#1350 = CARTESIAN_POINT('',(170.10437210421,-11.,108.28331115415));
#1351 = DIRECTION('',(-2.22044604925E-16,1.,-4.930380657631E-32));
#1352 = DIRECTION('',(2.22044604925E-16,0.,-1.));
#1353 = CYLINDRICAL_SURFACE('',#1354,1.5);
#1354 = AXIS2_PLACEMENT_3D('',#1355,#1356,#1357);
#1355 = CARTESIAN_POINT('',(170.10437210421,-11.,108.28331115415));
#1356 = DIRECTION('',(-2.22044604925E-16,1.,-4.930380657631E-32));
#1357 = DIRECTION('',(2.22044604925E-16,0.,-1.));
#1358 = ADVANCED_FACE('',(#1359),#1362,.T.);
#1359 = FACE_BOUND('',#1360,.F.);
#1360 = EDGE_LOOP('',(#1361));
#1361 = ORIENTED_EDGE('',*,*,#1347,.F.);
#1362 = PLANE('',#1363);
#1363 = AXIS2_PLACEMENT_3D('',#1364,#1365,#1366);
#1364 = CARTESIAN_POINT('',(170.10437210421,-11.,108.28331115415));
#1365 = DIRECTION('',(-2.22044604925E-16,1.,-4.930380657631E-32));
#1366 = DIRECTION('',(2.22044604925E-16,0.,-1.));
#1367 = ADVANCED_FACE('',(#1368),#1389,.F.);
#1368 = FACE_BOUND('',#1369,.F.);
#1369 = EDGE_LOOP('',(#1370,#1378,#1379,#1380,#1381,#1382));
#1370 = ORIENTED_EDGE('',*,*,#1371,.T.);
#1371 = EDGE_CURVE('',#1372,#972,#1374,.T.);
#1372 = VERTEX_POINT('',#1373);
#1373 = CARTESIAN_POINT('',(193.18901210421,-11.,117.96809115415));
#1374 = LINE('',#1375,#1376);
#1375 = CARTESIAN_POINT('',(193.18901210421,-11.,117.96809115415));
#1376 = VECTOR('',#1377,1.);
#1377 = DIRECTION('',(-2.22044604925E-16,1.,-4.930380657631E-32));
#1378 = ORIENTED_EDGE('',*,*,#969,.F.);
#1379 = ORIENTED_EDGE('',*,*,#980,.F.);
#1380 = ORIENTED_EDGE('',*,*,#989,.F.);
#1381 = ORIENTED_EDGE('',*,*,#1371,.F.);
#1382 = ORIENTED_EDGE('',*,*,#1383,.T.);
#1383 = EDGE_CURVE('',#1372,#1372,#1384,.T.);
#1384 = CIRCLE('',#1385,1.5);
#1385 = AXIS2_PLACEMENT_3D('',#1386,#1387,#1388);
#1386 = CARTESIAN_POINT('',(193.18901210421,-11.,119.46809115415));
#1387 = DIRECTION('',(-2.22044604925E-16,1.,-4.930380657631E-32));
#1388 = DIRECTION('',(2.22044604925E-16,0.,-1.));
#1389 = CYLINDRICAL_SURFACE('',#1390,1.5);
#1390 = AXIS2_PLACEMENT_3D('',#1391,#1392,#1393);
#1391 = CARTESIAN_POINT('',(193.18901210421,-11.,119.46809115415));
#1392 = DIRECTION('',(-2.22044604925E-16,1.,-4.930380657631E-32));
#1393 = DIRECTION('',(2.22044604925E-16,0.,-1.));
#1394 = ADVANCED_FACE('',(#1395),#1398,.T.);
#1395 = FACE_BOUND('',#1396,.F.);
#1396 = EDGE_LOOP('',(#1397));
#1397 = ORIENTED_EDGE('',*,*,#1383,.F.);
#1398 = PLANE('',#1399);
#1399 = AXIS2_PLACEMENT_3D('',#1400,#1401,#1402);
#1400 = CARTESIAN_POINT('',(193.18901210421,-11.,119.46809115415));
#1401 = DIRECTION('',(-2.22044604925E-16,1.,-4.930380657631E-32));
#1402 = DIRECTION('',(2.22044604925E-16,0.,-1.));
#1403 = ADVANCED_FACE('',(#1404),#1422,.T.);
#1404 = FACE_BOUND('',#1405,.T.);
#1405 = EDGE_LOOP('',(#1406,#1407,#1413,#1414,#1415,#1421));
#1406 = ORIENTED_EDGE('',*,*,#253,.T.);
#1407 = ORIENTED_EDGE('',*,*,#1408,.T.);
#1408 = EDGE_CURVE('',#245,#639,#1409,.T.);
#1409 = LINE('',#1410,#1411);
#1410 = CARTESIAN_POINT('',(190.78084358579,-28.,45.184707049614));
#1411 = VECTOR('',#1412,1.);
#1412 = DIRECTION('',(-2.22044604925E-16,1.,-4.930380657631E-32));
#1413 = ORIENTED_EDGE('',*,*,#638,.F.);
#1414 = ORIENTED_EDGE('',*,*,#627,.F.);
#1415 = ORIENTED_EDGE('',*,*,#1416,.F.);
#1416 = EDGE_CURVE('',#64,#628,#1417,.T.);
#1417 = LINE('',#1418,#1419);
#1418 = CARTESIAN_POINT('',(210.61278143261,-28.,47.216913071425));
#1419 = VECTOR('',#1420,1.);
#1420 = DIRECTION('',(-2.22044604925E-16,1.,-4.930380657631E-32));
#1421 = ORIENTED_EDGE('',*,*,#63,.T.);
#1422 = CYLINDRICAL_SURFACE('',#1423,37.5);
#1423 = AXIS2_PLACEMENT_3D('',#1424,#1425,#1426);
#1424 = CARTESIAN_POINT('',(197.01167210421,-28.,82.163441154151));
#1425 = DIRECTION('',(-2.22044604925E-16,1.,-4.930380657631E-32));
#1426 = DIRECTION('',(2.22044604925E-16,0.,-1.));
#1427 = ADVANCED_FACE('',(#1428),#1436,.T.);
#1428 = FACE_BOUND('',#1429,.T.);
#1429 = EDGE_LOOP('',(#1430,#1431,#1432,#1433,#1434,#1435));
#1430 = ORIENTED_EDGE('',*,*,#708,.F.);
#1431 = ORIENTED_EDGE('',*,*,#21,.F.);
#1432 = ORIENTED_EDGE('',*,*,#83,.T.);
#1433 = ORIENTED_EDGE('',*,*,#74,.T.);
#1434 = ORIENTED_EDGE('',*,*,#1416,.T.);
#1435 = ORIENTED_EDGE('',*,*,#717,.F.);
#1436 = CYLINDRICAL_SURFACE('',#1437,3.);
#1437 = AXIS2_PLACEMENT_3D('',#1438,#1439,#1440);
#1438 = CARTESIAN_POINT('',(213.36274210421,-28.,48.415961154151));
#1439 = DIRECTION('',(-2.22044604925E-16,1.,-4.930380657631E-32));
#1440 = DIRECTION('',(2.22044604925E-16,0.,-1.));
#1441 = ADVANCED_FACE('',(#1442),#1450,.T.);
#1442 = FACE_BOUND('',#1443,.T.);
#1443 = EDGE_LOOP('',(#1444,#1445,#1446,#1447,#1448,#1449));
#1444 = ORIENTED_EDGE('',*,*,#235,.T.);
#1445 = ORIENTED_EDGE('',*,*,#572,.T.);
#1446 = ORIENTED_EDGE('',*,*,#656,.F.);
#1447 = ORIENTED_EDGE('',*,*,#647,.F.);
#1448 = ORIENTED_EDGE('',*,*,#1408,.F.);
#1449 = ORIENTED_EDGE('',*,*,#244,.T.);
#1450 = CYLINDRICAL_SURFACE('',#1451,3.);
#1451 = AXIS2_PLACEMENT_3D('',#1452,#1453,#1454);
#1452 = CARTESIAN_POINT('',(187.84485210421,-28.,45.801111154151));
#1453 = DIRECTION('',(-2.22044604925E-16,1.,-4.930380657631E-32));
#1454 = DIRECTION('',(2.22044604925E-16,0.,-1.));
#1455 = ADVANCED_FACE('',(#1456),#1464,.T.);
#1456 = FACE_BOUND('',#1457,.T.);
#1457 = EDGE_LOOP('',(#1458,#1459,#1460,#1461,#1462,#1463));
#1458 = ORIENTED_EDGE('',*,*,#691,.F.);
#1459 = ORIENTED_EDGE('',*,*,#279,.F.);
#1460 = ORIENTED_EDGE('',*,*,#100,.T.);
#1461 = ORIENTED_EDGE('',*,*,#91,.T.);
#1462 = ORIENTED_EDGE('',*,*,#40,.T.);
#1463 = ORIENTED_EDGE('',*,*,#700,.F.);
#1464 = CYLINDRICAL_SURFACE('',#1465,3.);
#1465 = AXIS2_PLACEMENT_3D('',#1466,#1467,#1468);
#1466 = CARTESIAN_POINT('',(231.22978210421,-28.,66.821631154151));
#1467 = DIRECTION('',(-2.22044604925E-16,1.,-4.930380657631E-32));
#1468 = DIRECTION('',(2.22044604925E-16,0.,-1.));
#1469 = ADVANCED_FACE('',(#1470),#1478,.T.);
#1470 = FACE_BOUND('',#1471,.T.);
#1471 = EDGE_LOOP('',(#1472,#1473,#1474,#1475,#1476,#1477));
#1472 = ORIENTED_EDGE('',*,*,#664,.F.);
#1473 = ORIENTED_EDGE('',*,*,#579,.F.);
#1474 = ORIENTED_EDGE('',*,*,#217,.T.);
#1475 = ORIENTED_EDGE('',*,*,#208,.T.);
#1476 = ORIENTED_EDGE('',*,*,#545,.T.);
#1477 = ORIENTED_EDGE('',*,*,#673,.F.);
#1478 = CYLINDRICAL_SURFACE('',#1479,3.);
#1479 = AXIS2_PLACEMENT_3D('',#1480,#1481,#1482);
#1480 = CARTESIAN_POINT('',(166.61622210421,-28.,60.200591154151));
#1481 = DIRECTION('',(-2.22044604925E-16,1.,-4.930380657631E-32));
#1482 = DIRECTION('',(2.22044604925E-16,0.,-1.));
#1483 = MANIFOLD_SOLID_BREP('',#1484);
#1484 = CLOSED_SHELL('',(#1485,#1518,#1604,#1624,#1649,#1674,#1699,#1724
    ,#1749,#1766,#1791,#1800,#1809,#1818,#1827,#1836));
#1485 = ADVANCED_FACE('',(#1486),#1513,.T.);
#1486 = FACE_BOUND('',#1487,.T.);
#1487 = EDGE_LOOP('',(#1488,#1497,#1505,#1512));
#1488 = ORIENTED_EDGE('',*,*,#1489,.F.);
#1489 = EDGE_CURVE('',#1490,#1490,#1492,.T.);
#1490 = VERTEX_POINT('',#1491);
#1491 = CARTESIAN_POINT('',(213.01167210421,8.70163887006E-31,
    82.163441154151));
#1492 = CIRCLE('',#1493,16.);
#1493 = AXIS2_PLACEMENT_3D('',#1494,#1495,#1496);
#1494 = CARTESIAN_POINT('',(197.01167210421,0.,82.163441154151));
#1495 = DIRECTION('',(-4.930380657631E-32,1.,-2.22044604925E-16));
#1496 = DIRECTION('',(1.,0.,-2.22044604925E-16));
#1497 = ORIENTED_EDGE('',*,*,#1498,.F.);
#1498 = EDGE_CURVE('',#1499,#1490,#1501,.T.);
#1499 = VERTEX_POINT('',#1500);
#1500 = CARTESIAN_POINT('',(213.01167210421,-8.,82.163441154151));
#1501 = LINE('',#1502,#1503);
#1502 = CARTESIAN_POINT('',(213.01167210421,-8.,82.163441154151));
#1503 = VECTOR('',#1504,1.);
#1504 = DIRECTION('',(-4.930380657631E-32,1.,-2.22044604925E-16));
#1505 = ORIENTED_EDGE('',*,*,#1506,.T.);
#1506 = EDGE_CURVE('',#1499,#1499,#1507,.T.);
#1507 = CIRCLE('',#1508,16.);
#1508 = AXIS2_PLACEMENT_3D('',#1509,#1510,#1511);
#1509 = CARTESIAN_POINT('',(197.01167210421,-8.,82.163441154151));
#1510 = DIRECTION('',(-4.930380657631E-32,1.,-2.22044604925E-16));
#1511 = DIRECTION('',(1.,0.,-2.22044604925E-16));
#1512 = ORIENTED_EDGE('',*,*,#1498,.T.);
#1513 = CYLINDRICAL_SURFACE('',#1514,16.);
#1514 = AXIS2_PLACEMENT_3D('',#1515,#1516,#1517);
#1515 = CARTESIAN_POINT('',(197.01167210421,-8.,82.163441154151));
#1516 = DIRECTION('',(-4.930380657631E-32,1.,-2.22044604925E-16));
#1517 = DIRECTION('',(1.,0.,-2.22044604925E-16));
#1518 = ADVANCED_FACE('',(#1519,#1522,#1533,#1544,#1555,#1566,#1577,
    #1588),#1599,.T.);
#1519 = FACE_BOUND('',#1520,.T.);
#1520 = EDGE_LOOP('',(#1521));
#1521 = ORIENTED_EDGE('',*,*,#1489,.T.);
#1522 = FACE_BOUND('',#1523,.T.);
#1523 = EDGE_LOOP('',(#1524));
#1524 = ORIENTED_EDGE('',*,*,#1525,.F.);
#1525 = EDGE_CURVE('',#1526,#1526,#1528,.T.);
#1526 = VERTEX_POINT('',#1527);
#1527 = CARTESIAN_POINT('',(190.56177210421,1.891935497156E-15,
    90.683961154151));
#1528 = CIRCLE('',#1529,2.);
#1529 = AXIS2_PLACEMENT_3D('',#1530,#1531,#1532);
#1530 = CARTESIAN_POINT('',(188.56177210421,1.891935497156E-15,
    90.683961154151));
#1531 = DIRECTION('',(-4.930380657631E-32,1.,-2.22044604925E-16));
#1532 = DIRECTION('',(1.,0.,-2.22044604925E-16));
#1533 = FACE_BOUND('',#1534,.T.);
#1534 = EDGE_LOOP('',(#1535));
#1535 = ORIENTED_EDGE('',*,*,#1536,.F.);
#1536 = EDGE_CURVE('',#1537,#1537,#1539,.T.);
#1537 = VERTEX_POINT('',#1538);
#1538 = CARTESIAN_POINT('',(202.16570210421,2.570852419836E-15,
    93.741531154151));
#1539 = CIRCLE('',#1540,2.);
#1540 = AXIS2_PLACEMENT_3D('',#1541,#1542,#1543);
#1541 = CARTESIAN_POINT('',(200.16570210421,2.570852419836E-15,
    93.741531154151));
#1542 = DIRECTION('',(-4.930380657631E-32,1.,-2.22044604925E-16));
#1543 = DIRECTION('',(1.,0.,-2.22044604925E-16));
#1544 = FACE_BOUND('',#1545,.T.);
#1545 = EDGE_LOOP('',(#1546));
#1546 = ORIENTED_EDGE('',*,*,#1547,.F.);
#1547 = EDGE_CURVE('',#1548,#1548,#1550,.T.);
#1548 = VERTEX_POINT('',#1549);
#1549 = CARTESIAN_POINT('',(210.61560210421,6.789169226806E-16,
    85.221011154151));
#1550 = CIRCLE('',#1551,2.);
#1551 = AXIS2_PLACEMENT_3D('',#1552,#1553,#1554);
#1552 = CARTESIAN_POINT('',(208.61560210421,6.789169226806E-16,
    85.221011154151));
#1553 = DIRECTION('',(-4.930380657631E-32,1.,-2.22044604925E-16));
#1554 = DIRECTION('',(1.,0.,-2.22044604925E-16));
#1555 = FACE_BOUND('',#1556,.T.);
#1556 = EDGE_LOOP('',(#1557));
#1557 = ORIENTED_EDGE('',*,*,#1558,.F.);
#1558 = EDGE_CURVE('',#1559,#1559,#1561,.T.);
#1559 = VERTEX_POINT('',#1560);
#1560 = CARTESIAN_POINT('',(187.40774210421,-6.789169226806E-16,
    79.105871154151));
#1561 = CIRCLE('',#1562,2.);
#1562 = AXIS2_PLACEMENT_3D('',#1563,#1564,#1565);
#1563 = CARTESIAN_POINT('',(185.40774210421,-6.789169226806E-16,
    79.105871154151));
#1564 = DIRECTION('',(-4.930380657631E-32,1.,-2.22044604925E-16));
#1565 = DIRECTION('',(1.,0.,-2.22044604925E-16));
#1566 = FACE_BOUND('',#1567,.T.);
#1567 = EDGE_LOOP('',(#1568));
#1568 = ORIENTED_EDGE('',*,*,#1569,.F.);
#1569 = EDGE_CURVE('',#1570,#1570,#1572,.T.);
#1570 = VERTEX_POINT('',#1571);
#1571 = CARTESIAN_POINT('',(195.85764210421,-2.570852419836E-15,
    70.585351154151));
#1572 = CIRCLE('',#1573,2.);
#1573 = AXIS2_PLACEMENT_3D('',#1574,#1575,#1576);
#1574 = CARTESIAN_POINT('',(193.85764210421,-2.570852419836E-15,
    70.585351154151));
#1575 = DIRECTION('',(-4.930380657631E-32,1.,-2.22044604925E-16));
#1576 = DIRECTION('',(1.,0.,-2.22044604925E-16));
#1577 = FACE_BOUND('',#1578,.T.);
#1578 = EDGE_LOOP('',(#1579));
#1579 = ORIENTED_EDGE('',*,*,#1580,.F.);
#1580 = EDGE_CURVE('',#1581,#1581,#1583,.T.);
#1581 = VERTEX_POINT('',#1582);
#1582 = CARTESIAN_POINT('',(202.01167210421,2.719262146894E-31,
    82.163441154151));
#1583 = CIRCLE('',#1584,5.);
#1584 = AXIS2_PLACEMENT_3D('',#1585,#1586,#1587);
#1585 = CARTESIAN_POINT('',(197.01167210421,0.,82.163441154151));
#1586 = DIRECTION('',(-4.930380657631E-32,1.,-2.22044604925E-16));
#1587 = DIRECTION('',(1.,0.,-2.22044604925E-16));
#1588 = FACE_BOUND('',#1589,.T.);
#1589 = EDGE_LOOP('',(#1590));
#1590 = ORIENTED_EDGE('',*,*,#1591,.F.);
#1591 = EDGE_CURVE('',#1592,#1592,#1594,.T.);
#1592 = VERTEX_POINT('',#1593);
#1593 = CARTESIAN_POINT('',(207.46157210421,-1.89193327671E-15,
    73.642931154151));
#1594 = CIRCLE('',#1595,2.);
#1595 = AXIS2_PLACEMENT_3D('',#1596,#1597,#1598);
#1596 = CARTESIAN_POINT('',(205.46157210421,-1.89193327671E-15,
    73.642931154151));
#1597 = DIRECTION('',(-4.930380657631E-32,1.,-2.22044604925E-16));
#1598 = DIRECTION('',(1.,0.,-2.22044604925E-16));
#1599 = PLANE('',#1600);
#1600 = AXIS2_PLACEMENT_3D('',#1601,#1602,#1603);
#1601 = CARTESIAN_POINT('',(197.01167210421,0.,82.163441154151));
#1602 = DIRECTION('',(-4.930380657631E-32,1.,-2.22044604925E-16));
#1603 = DIRECTION('',(1.,0.,-2.22044604925E-16));
#1604 = ADVANCED_FACE('',(#1605,#1608),#1619,.F.);
#1605 = FACE_BOUND('',#1606,.F.);
#1606 = EDGE_LOOP('',(#1607));
#1607 = ORIENTED_EDGE('',*,*,#1506,.T.);
#1608 = FACE_BOUND('',#1609,.F.);
#1609 = EDGE_LOOP('',(#1610));
#1610 = ORIENTED_EDGE('',*,*,#1611,.F.);
#1611 = EDGE_CURVE('',#1612,#1612,#1614,.T.);
#1612 = VERTEX_POINT('',#1613);
#1613 = CARTESIAN_POINT('',(202.01167210421,-8.,82.163441154151));
#1614 = CIRCLE('',#1615,5.);
#1615 = AXIS2_PLACEMENT_3D('',#1616,#1617,#1618);
#1616 = CARTESIAN_POINT('',(197.01167210421,-8.,82.163441154151));
#1617 = DIRECTION('',(-4.930380657631E-32,1.,-2.22044604925E-16));
#1618 = DIRECTION('',(1.,0.,-2.22044604925E-16));
#1619 = PLANE('',#1620);
#1620 = AXIS2_PLACEMENT_3D('',#1621,#1622,#1623);
#1621 = CARTESIAN_POINT('',(197.01167210421,-8.,82.163441154151));
#1622 = DIRECTION('',(-4.930380657631E-32,1.,-2.22044604925E-16));
#1623 = DIRECTION('',(1.,0.,-2.22044604925E-16));
#1624 = ADVANCED_FACE('',(#1625),#1644,.F.);
#1625 = FACE_BOUND('',#1626,.F.);
#1626 = EDGE_LOOP('',(#1627,#1628,#1636,#1643));
#1627 = ORIENTED_EDGE('',*,*,#1525,.F.);
#1628 = ORIENTED_EDGE('',*,*,#1629,.F.);
#1629 = EDGE_CURVE('',#1630,#1526,#1632,.T.);
#1630 = VERTEX_POINT('',#1631);
#1631 = CARTESIAN_POINT('',(190.56177210421,-6.,90.683961154151));
#1632 = LINE('',#1633,#1634);
#1633 = CARTESIAN_POINT('',(190.56177210421,-6.,90.683961154151));
#1634 = VECTOR('',#1635,1.);
#1635 = DIRECTION('',(-4.930380657631E-32,1.,-2.22044604925E-16));
#1636 = ORIENTED_EDGE('',*,*,#1637,.T.);
#1637 = EDGE_CURVE('',#1630,#1630,#1638,.T.);
#1638 = CIRCLE('',#1639,2.);
#1639 = AXIS2_PLACEMENT_3D('',#1640,#1641,#1642);
#1640 = CARTESIAN_POINT('',(188.56177210421,-6.,90.683961154151));
#1641 = DIRECTION('',(-4.930380657631E-32,1.,-2.22044604925E-16));
#1642 = DIRECTION('',(1.,0.,-2.22044604925E-16));
#1643 = ORIENTED_EDGE('',*,*,#1629,.T.);
#1644 = CYLINDRICAL_SURFACE('',#1645,2.);
#1645 = AXIS2_PLACEMENT_3D('',#1646,#1647,#1648);
#1646 = CARTESIAN_POINT('',(188.56177210421,-6.,90.683961154151));
#1647 = DIRECTION('',(-4.930380657631E-32,1.,-2.22044604925E-16));
#1648 = DIRECTION('',(1.,0.,-2.22044604925E-16));
#1649 = ADVANCED_FACE('',(#1650),#1669,.F.);
#1650 = FACE_BOUND('',#1651,.F.);
#1651 = EDGE_LOOP('',(#1652,#1653,#1661,#1668));
#1652 = ORIENTED_EDGE('',*,*,#1536,.F.);
#1653 = ORIENTED_EDGE('',*,*,#1654,.F.);
#1654 = EDGE_CURVE('',#1655,#1537,#1657,.T.);
#1655 = VERTEX_POINT('',#1656);
#1656 = CARTESIAN_POINT('',(202.16570210421,-6.,93.741531154151));
#1657 = LINE('',#1658,#1659);
#1658 = CARTESIAN_POINT('',(202.16570210421,-6.,93.741531154151));
#1659 = VECTOR('',#1660,1.);
#1660 = DIRECTION('',(-4.930380657631E-32,1.,-2.22044604925E-16));
#1661 = ORIENTED_EDGE('',*,*,#1662,.T.);
#1662 = EDGE_CURVE('',#1655,#1655,#1663,.T.);
#1663 = CIRCLE('',#1664,2.);
#1664 = AXIS2_PLACEMENT_3D('',#1665,#1666,#1667);
#1665 = CARTESIAN_POINT('',(200.16570210421,-6.,93.741531154151));
#1666 = DIRECTION('',(-4.930380657631E-32,1.,-2.22044604925E-16));
#1667 = DIRECTION('',(1.,0.,-2.22044604925E-16));
#1668 = ORIENTED_EDGE('',*,*,#1654,.T.);
#1669 = CYLINDRICAL_SURFACE('',#1670,2.);
#1670 = AXIS2_PLACEMENT_3D('',#1671,#1672,#1673);
#1671 = CARTESIAN_POINT('',(200.16570210421,-6.,93.741531154151));
#1672 = DIRECTION('',(-4.930380657631E-32,1.,-2.22044604925E-16));
#1673 = DIRECTION('',(1.,0.,-2.22044604925E-16));
#1674 = ADVANCED_FACE('',(#1675),#1694,.F.);
#1675 = FACE_BOUND('',#1676,.F.);
#1676 = EDGE_LOOP('',(#1677,#1678,#1686,#1693));
#1677 = ORIENTED_EDGE('',*,*,#1547,.F.);
#1678 = ORIENTED_EDGE('',*,*,#1679,.F.);
#1679 = EDGE_CURVE('',#1680,#1548,#1682,.T.);
#1680 = VERTEX_POINT('',#1681);
#1681 = CARTESIAN_POINT('',(210.61560210421,-6.,85.221011154151));
#1682 = LINE('',#1683,#1684);
#1683 = CARTESIAN_POINT('',(210.61560210421,-6.,85.221011154151));
#1684 = VECTOR('',#1685,1.);
#1685 = DIRECTION('',(-4.930380657631E-32,1.,-2.22044604925E-16));
#1686 = ORIENTED_EDGE('',*,*,#1687,.T.);
#1687 = EDGE_CURVE('',#1680,#1680,#1688,.T.);
#1688 = CIRCLE('',#1689,2.);
#1689 = AXIS2_PLACEMENT_3D('',#1690,#1691,#1692);
#1690 = CARTESIAN_POINT('',(208.61560210421,-6.,85.221011154151));
#1691 = DIRECTION('',(-4.930380657631E-32,1.,-2.22044604925E-16));
#1692 = DIRECTION('',(1.,0.,-2.22044604925E-16));
#1693 = ORIENTED_EDGE('',*,*,#1679,.T.);
#1694 = CYLINDRICAL_SURFACE('',#1695,2.);
#1695 = AXIS2_PLACEMENT_3D('',#1696,#1697,#1698);
#1696 = CARTESIAN_POINT('',(208.61560210421,-6.,85.221011154151));
#1697 = DIRECTION('',(-4.930380657631E-32,1.,-2.22044604925E-16));
#1698 = DIRECTION('',(1.,0.,-2.22044604925E-16));
#1699 = ADVANCED_FACE('',(#1700),#1719,.F.);
#1700 = FACE_BOUND('',#1701,.F.);
#1701 = EDGE_LOOP('',(#1702,#1703,#1711,#1718));
#1702 = ORIENTED_EDGE('',*,*,#1558,.F.);
#1703 = ORIENTED_EDGE('',*,*,#1704,.F.);
#1704 = EDGE_CURVE('',#1705,#1559,#1707,.T.);
#1705 = VERTEX_POINT('',#1706);
#1706 = CARTESIAN_POINT('',(187.40774210421,-6.,79.105871154151));
#1707 = LINE('',#1708,#1709);
#1708 = CARTESIAN_POINT('',(187.40774210421,-6.,79.105871154151));
#1709 = VECTOR('',#1710,1.);
#1710 = DIRECTION('',(-4.930380657631E-32,1.,-2.22044604925E-16));
#1711 = ORIENTED_EDGE('',*,*,#1712,.T.);
#1712 = EDGE_CURVE('',#1705,#1705,#1713,.T.);
#1713 = CIRCLE('',#1714,2.);
#1714 = AXIS2_PLACEMENT_3D('',#1715,#1716,#1717);
#1715 = CARTESIAN_POINT('',(185.40774210421,-6.,79.105871154151));
#1716 = DIRECTION('',(-4.930380657631E-32,1.,-2.22044604925E-16));
#1717 = DIRECTION('',(1.,0.,-2.22044604925E-16));
#1718 = ORIENTED_EDGE('',*,*,#1704,.T.);
#1719 = CYLINDRICAL_SURFACE('',#1720,2.);
#1720 = AXIS2_PLACEMENT_3D('',#1721,#1722,#1723);
#1721 = CARTESIAN_POINT('',(185.40774210421,-6.,79.105871154151));
#1722 = DIRECTION('',(-4.930380657631E-32,1.,-2.22044604925E-16));
#1723 = DIRECTION('',(1.,0.,-2.22044604925E-16));
#1724 = ADVANCED_FACE('',(#1725),#1744,.F.);
#1725 = FACE_BOUND('',#1726,.F.);
#1726 = EDGE_LOOP('',(#1727,#1728,#1736,#1743));
#1727 = ORIENTED_EDGE('',*,*,#1569,.F.);
#1728 = ORIENTED_EDGE('',*,*,#1729,.F.);
#1729 = EDGE_CURVE('',#1730,#1570,#1732,.T.);
#1730 = VERTEX_POINT('',#1731);
#1731 = CARTESIAN_POINT('',(195.85764210421,-6.,70.585351154151));
#1732 = LINE('',#1733,#1734);
#1733 = CARTESIAN_POINT('',(195.85764210421,-6.,70.585351154151));
#1734 = VECTOR('',#1735,1.);
#1735 = DIRECTION('',(-4.930380657631E-32,1.,-2.22044604925E-16));
#1736 = ORIENTED_EDGE('',*,*,#1737,.T.);
#1737 = EDGE_CURVE('',#1730,#1730,#1738,.T.);
#1738 = CIRCLE('',#1739,2.);
#1739 = AXIS2_PLACEMENT_3D('',#1740,#1741,#1742);
#1740 = CARTESIAN_POINT('',(193.85764210421,-6.,70.585351154151));
#1741 = DIRECTION('',(-4.930380657631E-32,1.,-2.22044604925E-16));
#1742 = DIRECTION('',(1.,0.,-2.22044604925E-16));
#1743 = ORIENTED_EDGE('',*,*,#1729,.T.);
#1744 = CYLINDRICAL_SURFACE('',#1745,2.);
#1745 = AXIS2_PLACEMENT_3D('',#1746,#1747,#1748);
#1746 = CARTESIAN_POINT('',(193.85764210421,-6.,70.585351154151));
#1747 = DIRECTION('',(-4.930380657631E-32,1.,-2.22044604925E-16));
#1748 = DIRECTION('',(1.,0.,-2.22044604925E-16));
#1749 = ADVANCED_FACE('',(#1750),#1761,.F.);
#1750 = FACE_BOUND('',#1751,.F.);
#1751 = EDGE_LOOP('',(#1752,#1753,#1759,#1760));
#1752 = ORIENTED_EDGE('',*,*,#1580,.F.);
#1753 = ORIENTED_EDGE('',*,*,#1754,.F.);
#1754 = EDGE_CURVE('',#1612,#1581,#1755,.T.);
#1755 = LINE('',#1756,#1757);
#1756 = CARTESIAN_POINT('',(202.01167210421,-8.,82.163441154151));
#1757 = VECTOR('',#1758,1.);
#1758 = DIRECTION('',(-4.930380657631E-32,1.,-2.22044604925E-16));
#1759 = ORIENTED_EDGE('',*,*,#1611,.T.);
#1760 = ORIENTED_EDGE('',*,*,#1754,.T.);
#1761 = CYLINDRICAL_SURFACE('',#1762,5.);
#1762 = AXIS2_PLACEMENT_3D('',#1763,#1764,#1765);
#1763 = CARTESIAN_POINT('',(197.01167210421,-8.,82.163441154151));
#1764 = DIRECTION('',(-4.930380657631E-32,1.,-2.22044604925E-16));
#1765 = DIRECTION('',(1.,0.,-2.22044604925E-16));
#1766 = ADVANCED_FACE('',(#1767),#1786,.F.);
#1767 = FACE_BOUND('',#1768,.F.);
#1768 = EDGE_LOOP('',(#1769,#1770,#1778,#1785));
#1769 = ORIENTED_EDGE('',*,*,#1591,.F.);
#1770 = ORIENTED_EDGE('',*,*,#1771,.F.);
#1771 = EDGE_CURVE('',#1772,#1592,#1774,.T.);
#1772 = VERTEX_POINT('',#1773);
#1773 = CARTESIAN_POINT('',(207.46157210421,-6.,73.642931154151));
#1774 = LINE('',#1775,#1776);
#1775 = CARTESIAN_POINT('',(207.46157210421,-6.,73.642931154151));
#1776 = VECTOR('',#1777,1.);
#1777 = DIRECTION('',(-4.930380657631E-32,1.,-2.22044604925E-16));
#1778 = ORIENTED_EDGE('',*,*,#1779,.T.);
#1779 = EDGE_CURVE('',#1772,#1772,#1780,.T.);
#1780 = CIRCLE('',#1781,2.);
#1781 = AXIS2_PLACEMENT_3D('',#1782,#1783,#1784);
#1782 = CARTESIAN_POINT('',(205.46157210421,-6.,73.642931154151));
#1783 = DIRECTION('',(-4.930380657631E-32,1.,-2.22044604925E-16));
#1784 = DIRECTION('',(1.,0.,-2.22044604925E-16));
#1785 = ORIENTED_EDGE('',*,*,#1771,.T.);
#1786 = CYLINDRICAL_SURFACE('',#1787,2.);
#1787 = AXIS2_PLACEMENT_3D('',#1788,#1789,#1790);
#1788 = CARTESIAN_POINT('',(205.46157210421,-6.,73.642931154151));
#1789 = DIRECTION('',(-4.930380657631E-32,1.,-2.22044604925E-16));
#1790 = DIRECTION('',(1.,0.,-2.22044604925E-16));
#1791 = ADVANCED_FACE('',(#1792),#1795,.T.);
#1792 = FACE_BOUND('',#1793,.F.);
#1793 = EDGE_LOOP('',(#1794));
#1794 = ORIENTED_EDGE('',*,*,#1637,.F.);
#1795 = PLANE('',#1796);
#1796 = AXIS2_PLACEMENT_3D('',#1797,#1798,#1799);
#1797 = CARTESIAN_POINT('',(188.56177210421,-6.,90.683961154151));
#1798 = DIRECTION('',(-4.930380657631E-32,1.,-2.22044604925E-16));
#1799 = DIRECTION('',(1.,0.,-2.22044604925E-16));
#1800 = ADVANCED_FACE('',(#1801),#1804,.T.);
#1801 = FACE_BOUND('',#1802,.F.);
#1802 = EDGE_LOOP('',(#1803));
#1803 = ORIENTED_EDGE('',*,*,#1662,.F.);
#1804 = PLANE('',#1805);
#1805 = AXIS2_PLACEMENT_3D('',#1806,#1807,#1808);
#1806 = CARTESIAN_POINT('',(200.16570210421,-6.,93.741531154151));
#1807 = DIRECTION('',(-4.930380657631E-32,1.,-2.22044604925E-16));
#1808 = DIRECTION('',(1.,0.,-2.22044604925E-16));
#1809 = ADVANCED_FACE('',(#1810),#1813,.T.);
#1810 = FACE_BOUND('',#1811,.F.);
#1811 = EDGE_LOOP('',(#1812));
#1812 = ORIENTED_EDGE('',*,*,#1687,.F.);
#1813 = PLANE('',#1814);
#1814 = AXIS2_PLACEMENT_3D('',#1815,#1816,#1817);
#1815 = CARTESIAN_POINT('',(208.61560210421,-6.,85.221011154151));
#1816 = DIRECTION('',(-4.930380657631E-32,1.,-2.22044604925E-16));
#1817 = DIRECTION('',(1.,0.,-2.22044604925E-16));
#1818 = ADVANCED_FACE('',(#1819),#1822,.T.);
#1819 = FACE_BOUND('',#1820,.F.);
#1820 = EDGE_LOOP('',(#1821));
#1821 = ORIENTED_EDGE('',*,*,#1712,.F.);
#1822 = PLANE('',#1823);
#1823 = AXIS2_PLACEMENT_3D('',#1824,#1825,#1826);
#1824 = CARTESIAN_POINT('',(185.40774210421,-6.,79.105871154151));
#1825 = DIRECTION('',(-4.930380657631E-32,1.,-2.22044604925E-16));
#1826 = DIRECTION('',(1.,0.,-2.22044604925E-16));
#1827 = ADVANCED_FACE('',(#1828),#1831,.T.);
#1828 = FACE_BOUND('',#1829,.F.);
#1829 = EDGE_LOOP('',(#1830));
#1830 = ORIENTED_EDGE('',*,*,#1737,.F.);
#1831 = PLANE('',#1832);
#1832 = AXIS2_PLACEMENT_3D('',#1833,#1834,#1835);
#1833 = CARTESIAN_POINT('',(193.85764210421,-6.,70.585351154151));
#1834 = DIRECTION('',(-4.930380657631E-32,1.,-2.22044604925E-16));
#1835 = DIRECTION('',(1.,0.,-2.22044604925E-16));
#1836 = ADVANCED_FACE('',(#1837),#1840,.T.);
#1837 = FACE_BOUND('',#1838,.F.);
#1838 = EDGE_LOOP('',(#1839));
#1839 = ORIENTED_EDGE('',*,*,#1779,.F.);
#1840 = PLANE('',#1841);
#1841 = AXIS2_PLACEMENT_3D('',#1842,#1843,#1844);
#1842 = CARTESIAN_POINT('',(205.46157210421,-6.,73.642931154151));
#1843 = DIRECTION('',(-4.930380657631E-32,1.,-2.22044604925E-16));
#1844 = DIRECTION('',(1.,0.,-2.22044604925E-16));
#1845 = MANIFOLD_SOLID_BREP('',#1846);
#1846 = CLOSED_SHELL('',(#1847,#1889,#2105,#2137,#2162,#2187,#2212,#2237
    ,#2262,#2287,#2312,#2337,#2362,#2387,#2419,#2444,#2453,#2830,#2855,
    #2875,#2900,#2909,#2936,#2945,#2972,#2981,#3008,#3017,#3044,#3053,
    #3080,#3089,#3116,#3125,#3152,#3161,#3188,#3197,#3224,#3233,#3257,
    #3271,#3285,#3299));
#1847 = ADVANCED_FACE('',(#1848),#1884,.T.);
#1848 = FACE_BOUND('',#1849,.T.);
#1849 = EDGE_LOOP('',(#1850,#1860,#1869,#1877));
#1850 = ORIENTED_EDGE('',*,*,#1851,.T.);
#1851 = EDGE_CURVE('',#1852,#1854,#1856,.T.);
#1852 = VERTEX_POINT('',#1853);
#1853 = CARTESIAN_POINT('',(255.01167210421,-18.99638501938,
    49.830990640847));
#1854 = VERTEX_POINT('',#1855);
#1855 = CARTESIAN_POINT('',(280.01167210421,-18.99638501938,
    49.830990640847));
#1856 = LINE('',#1857,#1858);
#1857 = CARTESIAN_POINT('',(255.01167210421,-18.99638501938,
    49.830990640846));
#1858 = VECTOR('',#1859,1.);
#1859 = DIRECTION('',(1.,0.,-4.440892098501E-16));
#1860 = ORIENTED_EDGE('',*,*,#1861,.F.);
#1861 = EDGE_CURVE('',#1862,#1854,#1864,.T.);
#1862 = VERTEX_POINT('',#1863);
#1863 = CARTESIAN_POINT('',(280.01167210421,-32.88224738947,
    64.135468261513));
#1864 = CIRCLE('',#1865,37.5);
#1865 = AXIS2_PLACEMENT_3D('',#1866,#1867,#1868);
#1866 = CARTESIAN_POINT('',(280.01167210421,0.,82.163441154151));
#1867 = DIRECTION('',(1.,0.,-4.440892098501E-16));
#1868 = DIRECTION('',(-4.440892098501E-16,0.,-1.));
#1869 = ORIENTED_EDGE('',*,*,#1870,.F.);
#1870 = EDGE_CURVE('',#1871,#1862,#1873,.T.);
#1871 = VERTEX_POINT('',#1872);
#1872 = CARTESIAN_POINT('',(255.01167210421,-32.88224738947,
    64.135468261513));
#1873 = LINE('',#1874,#1875);
#1874 = CARTESIAN_POINT('',(255.01167210421,-32.88224738947,
    64.135468261513));
#1875 = VECTOR('',#1876,1.);
#1876 = DIRECTION('',(1.,0.,-4.440892098501E-16));
#1877 = ORIENTED_EDGE('',*,*,#1878,.T.);
#1878 = EDGE_CURVE('',#1871,#1852,#1879,.T.);
#1879 = CIRCLE('',#1880,37.5);
#1880 = AXIS2_PLACEMENT_3D('',#1881,#1882,#1883);
#1881 = CARTESIAN_POINT('',(255.01167210421,0.,82.163441154151));
#1882 = DIRECTION('',(1.,0.,-4.440892098501E-16));
#1883 = DIRECTION('',(-4.440892098501E-16,0.,-1.));
#1884 = CYLINDRICAL_SURFACE('',#1885,37.5);
#1885 = AXIS2_PLACEMENT_3D('',#1886,#1887,#1888);
#1886 = CARTESIAN_POINT('',(255.01167210421,0.,82.163441154151));
#1887 = DIRECTION('',(1.,0.,-4.440892098501E-16));
#1888 = DIRECTION('',(-4.440892098501E-16,0.,-1.));
#1889 = ADVANCED_FACE('',(#1890,#2089),#2100,.T.);
#1890 = FACE_BOUND('',#1891,.T.);
#1891 = EDGE_LOOP('',(#1892,#1903,#1912,#1919,#1920,#1929,#1938,#1947,
    #1956,#1965,#1974,#1983,#1992,#2001,#2010,#2019,#2028,#2037,#2046,
    #2055,#2064,#2073,#2082));
#1892 = ORIENTED_EDGE('',*,*,#1893,.F.);
#1893 = EDGE_CURVE('',#1894,#1896,#1898,.T.);
#1894 = VERTEX_POINT('',#1895);
#1895 = CARTESIAN_POINT('',(255.01167210421,-13.6011093284,
    47.216913071425));
#1896 = VERTEX_POINT('',#1897);
#1897 = CARTESIAN_POINT('',(255.01167210421,-9.184850993605E-15,
    44.663441154151));
#1898 = CIRCLE('',#1899,37.5);
#1899 = AXIS2_PLACEMENT_3D('',#1900,#1901,#1902);
#1900 = CARTESIAN_POINT('',(255.01167210421,0.,82.163441154151));
#1901 = DIRECTION('',(1.,0.,-4.440892098501E-16));
#1902 = DIRECTION('',(-4.440892098501E-16,0.,-1.));
#1903 = ORIENTED_EDGE('',*,*,#1904,.F.);
#1904 = EDGE_CURVE('',#1905,#1894,#1907,.T.);
#1905 = VERTEX_POINT('',#1906);
#1906 = CARTESIAN_POINT('',(255.01167210421,-16.35107,45.415961154151));
#1907 = CIRCLE('',#1908,3.);
#1908 = AXIS2_PLACEMENT_3D('',#1909,#1910,#1911);
#1909 = CARTESIAN_POINT('',(255.01167210421,-16.35107,48.415961154151));
#1910 = DIRECTION('',(1.,0.,-4.440892098501E-16));
#1911 = DIRECTION('',(-4.440892098501E-16,0.,-1.));
#1912 = ORIENTED_EDGE('',*,*,#1913,.F.);
#1913 = EDGE_CURVE('',#1852,#1905,#1914,.T.);
#1914 = CIRCLE('',#1915,3.);
#1915 = AXIS2_PLACEMENT_3D('',#1916,#1917,#1918);
#1916 = CARTESIAN_POINT('',(255.01167210421,-16.35107,48.415961154151));
#1917 = DIRECTION('',(1.,0.,-4.440892098501E-16));
#1918 = DIRECTION('',(-4.440892098501E-16,0.,-1.));
#1919 = ORIENTED_EDGE('',*,*,#1878,.F.);
#1920 = ORIENTED_EDGE('',*,*,#1921,.F.);
#1921 = EDGE_CURVE('',#1922,#1871,#1924,.T.);
#1922 = VERTEX_POINT('',#1923);
#1923 = CARTESIAN_POINT('',(255.01167210421,-34.21811,63.821631154151));
#1924 = CIRCLE('',#1925,3.);
#1925 = AXIS2_PLACEMENT_3D('',#1926,#1927,#1928);
#1926 = CARTESIAN_POINT('',(255.01167210421,-34.21811,66.821631154151));
#1927 = DIRECTION('',(1.,0.,-4.440892098501E-16));
#1928 = DIRECTION('',(-4.440892098501E-16,0.,-1.));
#1929 = ORIENTED_EDGE('',*,*,#1930,.F.);
#1930 = EDGE_CURVE('',#1931,#1922,#1933,.T.);
#1931 = VERTEX_POINT('',#1932);
#1932 = CARTESIAN_POINT('',(255.01167210421,-35.33497220841,
    69.605983647534));
#1933 = CIRCLE('',#1934,3.);
#1934 = AXIS2_PLACEMENT_3D('',#1935,#1936,#1937);
#1935 = CARTESIAN_POINT('',(255.01167210421,-34.21811,66.821631154151));
#1936 = DIRECTION('',(1.,0.,-4.440892098501E-16));
#1937 = DIRECTION('',(-4.440892098501E-16,0.,-1.));
#1938 = ORIENTED_EDGE('',*,*,#1939,.F.);
#1939 = EDGE_CURVE('',#1940,#1931,#1942,.T.);
#1940 = VERTEX_POINT('',#1941);
#1941 = CARTESIAN_POINT('',(255.01167210421,-36.77742034551,
    89.489514640642));
#1942 = CIRCLE('',#1943,37.5);
#1943 = AXIS2_PLACEMENT_3D('',#1944,#1945,#1946);
#1944 = CARTESIAN_POINT('',(255.01167210421,0.,82.163441154151));
#1945 = DIRECTION('',(1.,0.,-4.440892098501E-16));
#1946 = DIRECTION('',(-4.440892098501E-16,0.,-1.));
#1947 = ORIENTED_EDGE('',*,*,#1948,.F.);
#1948 = EDGE_CURVE('',#1949,#1940,#1951,.T.);
#1949 = VERTEX_POINT('',#1950);
#1950 = CARTESIAN_POINT('',(255.01167210421,-35.1399369906,
    95.256753504221));
#1951 = CIRCLE('',#1952,3.);
#1952 = AXIS2_PLACEMENT_3D('',#1953,#1954,#1955);
#1953 = CARTESIAN_POINT('',(255.01167210421,-36.07412,92.405911154151));
#1954 = DIRECTION('',(1.,0.,-4.440892098501E-16));
#1955 = DIRECTION('',(-4.440892098501E-16,0.,-1.));
#1956 = ORIENTED_EDGE('',*,*,#1957,.F.);
#1957 = EDGE_CURVE('',#1958,#1949,#1960,.T.);
#1958 = VERTEX_POINT('',#1959);
#1959 = CARTESIAN_POINT('',(255.01167210421,-23.46402736047,
    111.4156106468));
#1960 = CIRCLE('',#1961,37.5);
#1961 = AXIS2_PLACEMENT_3D('',#1962,#1963,#1964);
#1962 = CARTESIAN_POINT('',(255.01167210421,0.,82.163441154151));
#1963 = DIRECTION('',(1.,0.,-4.440892098501E-16));
#1964 = DIRECTION('',(-4.440892098501E-16,0.,-1.));
#1965 = ORIENTED_EDGE('',*,*,#1966,.F.);
#1966 = EDGE_CURVE('',#1967,#1958,#1969,.T.);
#1967 = VERTEX_POINT('',#1968);
#1968 = CARTESIAN_POINT('',(255.01167210421,-18.50253192454,
    114.78101789401));
#1969 = CIRCLE('',#1970,3.);
#1970 = AXIS2_PLACEMENT_3D('',#1971,#1972,#1973);
#1971 = CARTESIAN_POINT('',(255.01167210421,-21.05064,113.19762115415));
#1972 = DIRECTION('',(1.,0.,-4.440892098501E-16));
#1973 = DIRECTION('',(-4.440892098501E-16,0.,-1.));
#1974 = ORIENTED_EDGE('',*,*,#1975,.F.);
#1975 = EDGE_CURVE('',#1976,#1967,#1978,.T.);
#1976 = VERTEX_POINT('',#1977);
#1977 = CARTESIAN_POINT('',(255.01167210421,0.828443855563,
    119.65428911439));
#1978 = CIRCLE('',#1979,37.5);
#1979 = AXIS2_PLACEMENT_3D('',#1980,#1981,#1982);
#1980 = CARTESIAN_POINT('',(255.01167210421,0.,82.163441154151));
#1981 = DIRECTION('',(1.,0.,-4.440892098501E-16));
#1982 = DIRECTION('',(-4.440892098501E-16,0.,-1.));
#1983 = ORIENTED_EDGE('',*,*,#1984,.F.);
#1984 = EDGE_CURVE('',#1985,#1976,#1987,.T.);
#1985 = VERTEX_POINT('',#1986);
#1986 = CARTESIAN_POINT('',(255.01167210421,6.792412089808,
    119.04315289383));
#1987 = CIRCLE('',#1988,3.);
#1988 = AXIS2_PLACEMENT_3D('',#1989,#1990,#1991);
#1989 = CARTESIAN_POINT('',(255.01167210421,3.82266,119.46809115415));
#1990 = DIRECTION('',(1.,0.,-4.440892098501E-16));
#1991 = DIRECTION('',(-4.440892098501E-16,0.,-1.));
#1992 = ORIENTED_EDGE('',*,*,#1993,.F.);
#1993 = EDGE_CURVE('',#1994,#1985,#1996,.T.);
#1994 = VERTEX_POINT('',#1995);
#1995 = CARTESIAN_POINT('',(255.01167210421,24.733276006066,
    110.35058464205));
#1996 = CIRCLE('',#1997,37.5);
#1997 = AXIS2_PLACEMENT_3D('',#1998,#1999,#2000);
#1998 = CARTESIAN_POINT('',(255.01167210421,0.,82.163441154151));
#1999 = DIRECTION('',(1.,0.,-4.440892098501E-16));
#2000 = DIRECTION('',(-4.440892098501E-16,0.,-1.));
#2001 = ORIENTED_EDGE('',*,*,#2002,.F.);
#2002 = EDGE_CURVE('',#2003,#1994,#2005,.T.);
#2003 = VERTEX_POINT('',#2004);
#2004 = CARTESIAN_POINT('',(255.01167210421,28.909109629232,
    106.04886307726));
#2005 = CIRCLE('',#2006,3.);
#2006 = AXIS2_PLACEMENT_3D('',#2007,#2008,#2009);
#2007 = CARTESIAN_POINT('',(255.01167210421,26.9073,108.28331115415));
#2008 = DIRECTION('',(1.,0.,-4.440892098501E-16));
#2009 = DIRECTION('',(-4.440892098501E-16,0.,-1.));
#2010 = ORIENTED_EDGE('',*,*,#2011,.F.);
#2011 = EDGE_CURVE('',#2012,#2003,#2014,.T.);
#2012 = VERTEX_POINT('',#2013);
#2013 = CARTESIAN_POINT('',(255.01167210421,37.065135456136,
    87.85780096174));
#2014 = CIRCLE('',#2015,37.5);
#2015 = AXIS2_PLACEMENT_3D('',#2016,#2017,#2018);
#2016 = CARTESIAN_POINT('',(255.01167210421,0.,82.163441154151));
#2017 = DIRECTION('',(1.,0.,-4.440892098501E-16));
#2018 = DIRECTION('',(-4.440892098501E-16,0.,-1.));
#2019 = ORIENTED_EDGE('',*,*,#2020,.F.);
#2020 = EDGE_CURVE('',#2021,#2012,#2023,.T.);
#2021 = VERTEX_POINT('',#2022);
#2022 = CARTESIAN_POINT('',(255.01167210421,37.49891603602,
    81.878316403293));
#2023 = CIRCLE('',#2024,3.);
#2024 = AXIS2_PLACEMENT_3D('',#2025,#2026,#2027);
#2025 = CARTESIAN_POINT('',(255.01167210421,37.40171,84.876741154151));
#2026 = DIRECTION('',(1.,0.,-4.440892098501E-16));
#2027 = DIRECTION('',(-4.440892098501E-16,0.,-1.));
#2028 = ORIENTED_EDGE('',*,*,#2029,.F.);
#2029 = EDGE_CURVE('',#2030,#2021,#2032,.T.);
#2030 = VERTEX_POINT('',#2031);
#2031 = CARTESIAN_POINT('',(255.01167210421,32.053804497439,
    62.700563226158));
#2032 = CIRCLE('',#2033,37.5);
#2033 = AXIS2_PLACEMENT_3D('',#2034,#2035,#2036);
#2034 = CARTESIAN_POINT('',(255.01167210421,0.,82.163441154151));
#2035 = DIRECTION('',(1.,0.,-4.440892098501E-16));
#2036 = DIRECTION('',(-4.440892098501E-16,0.,-1.));
#2037 = ORIENTED_EDGE('',*,*,#2038,.F.);
#2038 = EDGE_CURVE('',#2039,#2030,#2041,.T.);
#2039 = VERTEX_POINT('',#2040);
#2040 = CARTESIAN_POINT('',(255.01167210421,30.39545,57.200591154151));
#2041 = CIRCLE('',#2042,3.);
#2042 = AXIS2_PLACEMENT_3D('',#2043,#2044,#2045);
#2043 = CARTESIAN_POINT('',(255.01167210421,30.39545,60.200591154151));
#2044 = DIRECTION('',(1.,0.,-4.440892098501E-16));
#2045 = DIRECTION('',(-4.440892098501E-16,0.,-1.));
#2046 = ORIENTED_EDGE('',*,*,#2047,.F.);
#2047 = EDGE_CURVE('',#2048,#2039,#2050,.T.);
#2048 = VERTEX_POINT('',#2049);
#2049 = CARTESIAN_POINT('',(255.01167210421,28.542561168649,
    57.841183817836));
#2050 = CIRCLE('',#2051,3.);
#2051 = AXIS2_PLACEMENT_3D('',#2052,#2053,#2054);
#2052 = CARTESIAN_POINT('',(255.01167210421,30.39545,60.200591154151));
#2053 = DIRECTION('',(1.,0.,-4.440892098501E-16));
#2054 = DIRECTION('',(-4.440892098501E-16,0.,-1.));
#2055 = ORIENTED_EDGE('',*,*,#2056,.F.);
#2056 = EDGE_CURVE('',#2057,#2048,#2059,.T.);
#2057 = VERTEX_POINT('',#2058);
#2058 = CARTESIAN_POINT('',(255.01167210421,12.044146217463,
    46.650224714459));
#2059 = CIRCLE('',#2060,37.5);
#2060 = AXIS2_PLACEMENT_3D('',#2061,#2062,#2063);
#2061 = CARTESIAN_POINT('',(255.01167210421,0.,82.163441154151));
#2062 = DIRECTION('',(1.,0.,-4.440892098501E-16));
#2063 = DIRECTION('',(-4.440892098501E-16,0.,-1.));
#2064 = ORIENTED_EDGE('',*,*,#2065,.F.);
#2065 = EDGE_CURVE('',#2066,#2057,#2068,.T.);
#2066 = VERTEX_POINT('',#2067);
#2067 = CARTESIAN_POINT('',(255.01167210421,9.16682,42.801111154151));
#2068 = CIRCLE('',#2069,3.);
#2069 = AXIS2_PLACEMENT_3D('',#2070,#2071,#2072);
#2070 = CARTESIAN_POINT('',(255.01167210421,9.16682,45.801111154151));
#2071 = DIRECTION('',(1.,0.,-4.440892098501E-16));
#2072 = DIRECTION('',(-4.440892098501E-16,0.,-1.));
#2073 = ORIENTED_EDGE('',*,*,#2074,.F.);
#2074 = EDGE_CURVE('',#2075,#2066,#2077,.T.);
#2075 = VERTEX_POINT('',#2076);
#2076 = CARTESIAN_POINT('',(255.01167210421,6.230828518421,
    45.184707049614));
#2077 = CIRCLE('',#2078,3.);
#2078 = AXIS2_PLACEMENT_3D('',#2079,#2080,#2081);
#2079 = CARTESIAN_POINT('',(255.01167210421,9.16682,45.801111154151));
#2080 = DIRECTION('',(1.,0.,-4.440892098501E-16));
#2081 = DIRECTION('',(-4.440892098501E-16,0.,-1.));
#2082 = ORIENTED_EDGE('',*,*,#2083,.F.);
#2083 = EDGE_CURVE('',#1896,#2075,#2084,.T.);
#2084 = CIRCLE('',#2085,37.5);
#2085 = AXIS2_PLACEMENT_3D('',#2086,#2087,#2088);
#2086 = CARTESIAN_POINT('',(255.01167210421,0.,82.163441154151));
#2087 = DIRECTION('',(1.,0.,-4.440892098501E-16));
#2088 = DIRECTION('',(-4.440892098501E-16,0.,-1.));
#2089 = FACE_BOUND('',#2090,.T.);
#2090 = EDGE_LOOP('',(#2091));
#2091 = ORIENTED_EDGE('',*,*,#2092,.T.);
#2092 = EDGE_CURVE('',#2093,#2093,#2095,.T.);
#2093 = VERTEX_POINT('',#2094);
#2094 = CARTESIAN_POINT('',(255.01167210421,-7.715274834628E-15,
    50.663441154151));
#2095 = CIRCLE('',#2096,31.5);
#2096 = AXIS2_PLACEMENT_3D('',#2097,#2098,#2099);
#2097 = CARTESIAN_POINT('',(255.01167210421,0.,82.163441154151));
#2098 = DIRECTION('',(1.,0.,-4.440892098501E-16));
#2099 = DIRECTION('',(-4.440892098501E-16,0.,-1.));
#2100 = PLANE('',#2101);
#2101 = AXIS2_PLACEMENT_3D('',#2102,#2103,#2104);
#2102 = CARTESIAN_POINT('',(255.01167210421,-4.679128781734E-03,
    82.022683320893));
#2103 = DIRECTION('',(-1.,-0.,4.440892098501E-16));
#2104 = DIRECTION('',(4.440892098501E-16,0.,1.));
#2105 = ADVANCED_FACE('',(#2106),#2132,.T.);
#2106 = FACE_BOUND('',#2107,.T.);
#2107 = EDGE_LOOP('',(#2108,#2116,#2125,#2131));
#2108 = ORIENTED_EDGE('',*,*,#2109,.T.);
#2109 = EDGE_CURVE('',#1931,#2110,#2112,.T.);
#2110 = VERTEX_POINT('',#2111);
#2111 = CARTESIAN_POINT('',(280.01167210421,-35.33497220841,
    69.605983647534));
#2112 = LINE('',#2113,#2114);
#2113 = CARTESIAN_POINT('',(255.01167210421,-35.33497220841,
    69.605983647535));
#2114 = VECTOR('',#2115,1.);
#2115 = DIRECTION('',(1.,0.,-4.440892098501E-16));
#2116 = ORIENTED_EDGE('',*,*,#2117,.F.);
#2117 = EDGE_CURVE('',#2118,#2110,#2120,.T.);
#2118 = VERTEX_POINT('',#2119);
#2119 = CARTESIAN_POINT('',(280.01167210421,-36.77742034551,
    89.489514640642));
#2120 = CIRCLE('',#2121,37.5);
#2121 = AXIS2_PLACEMENT_3D('',#2122,#2123,#2124);
#2122 = CARTESIAN_POINT('',(280.01167210421,0.,82.163441154151));
#2123 = DIRECTION('',(1.,0.,-4.440892098501E-16));
#2124 = DIRECTION('',(-4.440892098501E-16,0.,-1.));
#2125 = ORIENTED_EDGE('',*,*,#2126,.F.);
#2126 = EDGE_CURVE('',#1940,#2118,#2127,.T.);
#2127 = LINE('',#2128,#2129);
#2128 = CARTESIAN_POINT('',(255.01167210421,-36.77742034551,
    89.489514640643));
#2129 = VECTOR('',#2130,1.);
#2130 = DIRECTION('',(1.,0.,-4.440892098501E-16));
#2131 = ORIENTED_EDGE('',*,*,#1939,.T.);
#2132 = CYLINDRICAL_SURFACE('',#2133,37.5);
#2133 = AXIS2_PLACEMENT_3D('',#2134,#2135,#2136);
#2134 = CARTESIAN_POINT('',(255.01167210421,0.,82.163441154151));
#2135 = DIRECTION('',(1.,0.,-4.440892098501E-16));
#2136 = DIRECTION('',(-4.440892098501E-16,0.,-1.));
#2137 = ADVANCED_FACE('',(#2138),#2157,.T.);
#2138 = FACE_BOUND('',#2139,.T.);
#2139 = EDGE_LOOP('',(#2140,#2149,#2155,#2156));
#2140 = ORIENTED_EDGE('',*,*,#2141,.F.);
#2141 = EDGE_CURVE('',#2142,#2118,#2144,.T.);
#2142 = VERTEX_POINT('',#2143);
#2143 = CARTESIAN_POINT('',(280.01167210421,-35.1399369906,
    95.256753504221));
#2144 = CIRCLE('',#2145,3.);
#2145 = AXIS2_PLACEMENT_3D('',#2146,#2147,#2148);
#2146 = CARTESIAN_POINT('',(280.01167210421,-36.07412,92.405911154151));
#2147 = DIRECTION('',(1.,0.,-4.440892098501E-16));
#2148 = DIRECTION('',(-4.440892098501E-16,0.,-1.));
#2149 = ORIENTED_EDGE('',*,*,#2150,.F.);
#2150 = EDGE_CURVE('',#1949,#2142,#2151,.T.);
#2151 = LINE('',#2152,#2153);
#2152 = CARTESIAN_POINT('',(255.01167210421,-35.1399369906,
    95.256753504221));
#2153 = VECTOR('',#2154,1.);
#2154 = DIRECTION('',(1.,0.,-4.440892098501E-16));
#2155 = ORIENTED_EDGE('',*,*,#1948,.T.);
#2156 = ORIENTED_EDGE('',*,*,#2126,.T.);
#2157 = CYLINDRICAL_SURFACE('',#2158,3.);
#2158 = AXIS2_PLACEMENT_3D('',#2159,#2160,#2161);
#2159 = CARTESIAN_POINT('',(255.01167210421,-36.07412,92.405911154151));
#2160 = DIRECTION('',(1.,0.,-4.440892098501E-16));
#2161 = DIRECTION('',(-4.440892098501E-16,0.,-1.));
#2162 = ADVANCED_FACE('',(#2163),#2182,.T.);
#2163 = FACE_BOUND('',#2164,.T.);
#2164 = EDGE_LOOP('',(#2165,#2166,#2175,#2181));
#2165 = ORIENTED_EDGE('',*,*,#2150,.T.);
#2166 = ORIENTED_EDGE('',*,*,#2167,.F.);
#2167 = EDGE_CURVE('',#2168,#2142,#2170,.T.);
#2168 = VERTEX_POINT('',#2169);
#2169 = CARTESIAN_POINT('',(280.01167210421,-23.46402736047,
    111.4156106468));
#2170 = CIRCLE('',#2171,37.5);
#2171 = AXIS2_PLACEMENT_3D('',#2172,#2173,#2174);
#2172 = CARTESIAN_POINT('',(280.01167210421,0.,82.163441154151));
#2173 = DIRECTION('',(1.,0.,-4.440892098501E-16));
#2174 = DIRECTION('',(-4.440892098501E-16,0.,-1.));
#2175 = ORIENTED_EDGE('',*,*,#2176,.F.);
#2176 = EDGE_CURVE('',#1958,#2168,#2177,.T.);
#2177 = LINE('',#2178,#2179);
#2178 = CARTESIAN_POINT('',(255.01167210421,-23.46402736047,
    111.4156106468));
#2179 = VECTOR('',#2180,1.);
#2180 = DIRECTION('',(1.,0.,-4.440892098501E-16));
#2181 = ORIENTED_EDGE('',*,*,#1957,.T.);
#2182 = CYLINDRICAL_SURFACE('',#2183,37.5);
#2183 = AXIS2_PLACEMENT_3D('',#2184,#2185,#2186);
#2184 = CARTESIAN_POINT('',(255.01167210421,0.,82.163441154151));
#2185 = DIRECTION('',(1.,0.,-4.440892098501E-16));
#2186 = DIRECTION('',(-4.440892098501E-16,0.,-1.));
#2187 = ADVANCED_FACE('',(#2188),#2207,.T.);
#2188 = FACE_BOUND('',#2189,.T.);
#2189 = EDGE_LOOP('',(#2190,#2199,#2205,#2206));
#2190 = ORIENTED_EDGE('',*,*,#2191,.F.);
#2191 = EDGE_CURVE('',#2192,#2168,#2194,.T.);
#2192 = VERTEX_POINT('',#2193);
#2193 = CARTESIAN_POINT('',(280.01167210421,-18.50253192454,
    114.78101789401));
#2194 = CIRCLE('',#2195,3.);
#2195 = AXIS2_PLACEMENT_3D('',#2196,#2197,#2198);
#2196 = CARTESIAN_POINT('',(280.01167210421,-21.05064,113.19762115415));
#2197 = DIRECTION('',(1.,0.,-4.440892098501E-16));
#2198 = DIRECTION('',(-4.440892098501E-16,0.,-1.));
#2199 = ORIENTED_EDGE('',*,*,#2200,.F.);
#2200 = EDGE_CURVE('',#1967,#2192,#2201,.T.);
#2201 = LINE('',#2202,#2203);
#2202 = CARTESIAN_POINT('',(255.01167210421,-18.50253192454,
    114.78101789401));
#2203 = VECTOR('',#2204,1.);
#2204 = DIRECTION('',(1.,0.,-4.440892098501E-16));
#2205 = ORIENTED_EDGE('',*,*,#1966,.T.);
#2206 = ORIENTED_EDGE('',*,*,#2176,.T.);
#2207 = CYLINDRICAL_SURFACE('',#2208,3.);
#2208 = AXIS2_PLACEMENT_3D('',#2209,#2210,#2211);
#2209 = CARTESIAN_POINT('',(255.01167210421,-21.05064,113.19762115415));
#2210 = DIRECTION('',(1.,0.,-4.440892098501E-16));
#2211 = DIRECTION('',(-4.440892098501E-16,0.,-1.));
#2212 = ADVANCED_FACE('',(#2213),#2232,.T.);
#2213 = FACE_BOUND('',#2214,.T.);
#2214 = EDGE_LOOP('',(#2215,#2216,#2225,#2231));
#2215 = ORIENTED_EDGE('',*,*,#2200,.T.);
#2216 = ORIENTED_EDGE('',*,*,#2217,.F.);
#2217 = EDGE_CURVE('',#2218,#2192,#2220,.T.);
#2218 = VERTEX_POINT('',#2219);
#2219 = CARTESIAN_POINT('',(280.01167210421,0.828443855563,
    119.65428911439));
#2220 = CIRCLE('',#2221,37.5);
#2221 = AXIS2_PLACEMENT_3D('',#2222,#2223,#2224);
#2222 = CARTESIAN_POINT('',(280.01167210421,0.,82.163441154151));
#2223 = DIRECTION('',(1.,0.,-4.440892098501E-16));
#2224 = DIRECTION('',(-4.440892098501E-16,0.,-1.));
#2225 = ORIENTED_EDGE('',*,*,#2226,.F.);
#2226 = EDGE_CURVE('',#1976,#2218,#2227,.T.);
#2227 = LINE('',#2228,#2229);
#2228 = CARTESIAN_POINT('',(255.01167210421,0.828443855564,
    119.65428911439));
#2229 = VECTOR('',#2230,1.);
#2230 = DIRECTION('',(1.,0.,-4.440892098501E-16));
#2231 = ORIENTED_EDGE('',*,*,#1975,.T.);
#2232 = CYLINDRICAL_SURFACE('',#2233,37.5);
#2233 = AXIS2_PLACEMENT_3D('',#2234,#2235,#2236);
#2234 = CARTESIAN_POINT('',(255.01167210421,0.,82.163441154151));
#2235 = DIRECTION('',(1.,0.,-4.440892098501E-16));
#2236 = DIRECTION('',(-4.440892098501E-16,0.,-1.));
#2237 = ADVANCED_FACE('',(#2238),#2257,.T.);
#2238 = FACE_BOUND('',#2239,.T.);
#2239 = EDGE_LOOP('',(#2240,#2249,#2255,#2256));
#2240 = ORIENTED_EDGE('',*,*,#2241,.F.);
#2241 = EDGE_CURVE('',#2242,#2218,#2244,.T.);
#2242 = VERTEX_POINT('',#2243);
#2243 = CARTESIAN_POINT('',(280.01167210421,6.792412089808,
    119.04315289383));
#2244 = CIRCLE('',#2245,3.);
#2245 = AXIS2_PLACEMENT_3D('',#2246,#2247,#2248);
#2246 = CARTESIAN_POINT('',(280.01167210421,3.82266,119.46809115415));
#2247 = DIRECTION('',(1.,0.,-4.440892098501E-16));
#2248 = DIRECTION('',(-4.440892098501E-16,0.,-1.));
#2249 = ORIENTED_EDGE('',*,*,#2250,.F.);
#2250 = EDGE_CURVE('',#1985,#2242,#2251,.T.);
#2251 = LINE('',#2252,#2253);
#2252 = CARTESIAN_POINT('',(255.01167210421,6.792412089808,
    119.04315289383));
#2253 = VECTOR('',#2254,1.);
#2254 = DIRECTION('',(1.,0.,-4.440892098501E-16));
#2255 = ORIENTED_EDGE('',*,*,#1984,.T.);
#2256 = ORIENTED_EDGE('',*,*,#2226,.T.);
#2257 = CYLINDRICAL_SURFACE('',#2258,3.);
#2258 = AXIS2_PLACEMENT_3D('',#2259,#2260,#2261);
#2259 = CARTESIAN_POINT('',(255.01167210421,3.82266,119.46809115415));
#2260 = DIRECTION('',(1.,0.,-4.440892098501E-16));
#2261 = DIRECTION('',(-4.440892098501E-16,0.,-1.));
#2262 = ADVANCED_FACE('',(#2263),#2282,.T.);
#2263 = FACE_BOUND('',#2264,.T.);
#2264 = EDGE_LOOP('',(#2265,#2274,#2280,#2281));
#2265 = ORIENTED_EDGE('',*,*,#2266,.F.);
#2266 = EDGE_CURVE('',#2267,#2242,#2269,.T.);
#2267 = VERTEX_POINT('',#2268);
#2268 = CARTESIAN_POINT('',(280.01167210421,24.733276006066,
    110.35058464205));
#2269 = CIRCLE('',#2270,37.5);
#2270 = AXIS2_PLACEMENT_3D('',#2271,#2272,#2273);
#2271 = CARTESIAN_POINT('',(280.01167210421,0.,82.163441154151));
#2272 = DIRECTION('',(1.,0.,-4.440892098501E-16));
#2273 = DIRECTION('',(-4.440892098501E-16,0.,-1.));
#2274 = ORIENTED_EDGE('',*,*,#2275,.F.);
#2275 = EDGE_CURVE('',#1994,#2267,#2276,.T.);
#2276 = LINE('',#2277,#2278);
#2277 = CARTESIAN_POINT('',(255.01167210421,24.733276006066,
    110.35058464205));
#2278 = VECTOR('',#2279,1.);
#2279 = DIRECTION('',(1.,0.,-4.440892098501E-16));
#2280 = ORIENTED_EDGE('',*,*,#1993,.T.);
#2281 = ORIENTED_EDGE('',*,*,#2250,.T.);
#2282 = CYLINDRICAL_SURFACE('',#2283,37.5);
#2283 = AXIS2_PLACEMENT_3D('',#2284,#2285,#2286);
#2284 = CARTESIAN_POINT('',(255.01167210421,0.,82.163441154151));
#2285 = DIRECTION('',(1.,0.,-4.440892098501E-16));
#2286 = DIRECTION('',(-4.440892098501E-16,0.,-1.));
#2287 = ADVANCED_FACE('',(#2288),#2307,.T.);
#2288 = FACE_BOUND('',#2289,.T.);
#2289 = EDGE_LOOP('',(#2290,#2299,#2305,#2306));
#2290 = ORIENTED_EDGE('',*,*,#2291,.F.);
#2291 = EDGE_CURVE('',#2292,#2267,#2294,.T.);
#2292 = VERTEX_POINT('',#2293);
#2293 = CARTESIAN_POINT('',(280.01167210421,28.909109629232,
    106.04886307726));
#2294 = CIRCLE('',#2295,3.);
#2295 = AXIS2_PLACEMENT_3D('',#2296,#2297,#2298);
#2296 = CARTESIAN_POINT('',(280.01167210421,26.9073,108.28331115415));
#2297 = DIRECTION('',(1.,0.,-4.440892098501E-16));
#2298 = DIRECTION('',(-4.440892098501E-16,0.,-1.));
#2299 = ORIENTED_EDGE('',*,*,#2300,.F.);
#2300 = EDGE_CURVE('',#2003,#2292,#2301,.T.);
#2301 = LINE('',#2302,#2303);
#2302 = CARTESIAN_POINT('',(255.01167210421,28.909109629232,
    106.04886307726));
#2303 = VECTOR('',#2304,1.);
#2304 = DIRECTION('',(1.,0.,-4.440892098501E-16));
#2305 = ORIENTED_EDGE('',*,*,#2002,.T.);
#2306 = ORIENTED_EDGE('',*,*,#2275,.T.);
#2307 = CYLINDRICAL_SURFACE('',#2308,3.);
#2308 = AXIS2_PLACEMENT_3D('',#2309,#2310,#2311);
#2309 = CARTESIAN_POINT('',(255.01167210421,26.9073,108.28331115415));
#2310 = DIRECTION('',(1.,0.,-4.440892098501E-16));
#2311 = DIRECTION('',(-4.440892098501E-16,0.,-1.));
#2312 = ADVANCED_FACE('',(#2313),#2332,.T.);
#2313 = FACE_BOUND('',#2314,.T.);
#2314 = EDGE_LOOP('',(#2315,#2324,#2330,#2331));
#2315 = ORIENTED_EDGE('',*,*,#2316,.F.);
#2316 = EDGE_CURVE('',#2317,#2292,#2319,.T.);
#2317 = VERTEX_POINT('',#2318);
#2318 = CARTESIAN_POINT('',(280.01167210421,37.065135456136,
    87.85780096174));
#2319 = CIRCLE('',#2320,37.5);
#2320 = AXIS2_PLACEMENT_3D('',#2321,#2322,#2323);
#2321 = CARTESIAN_POINT('',(280.01167210421,0.,82.163441154151));
#2322 = DIRECTION('',(1.,0.,-4.440892098501E-16));
#2323 = DIRECTION('',(-4.440892098501E-16,0.,-1.));
#2324 = ORIENTED_EDGE('',*,*,#2325,.F.);
#2325 = EDGE_CURVE('',#2012,#2317,#2326,.T.);
#2326 = LINE('',#2327,#2328);
#2327 = CARTESIAN_POINT('',(255.01167210421,37.065135456136,
    87.85780096174));
#2328 = VECTOR('',#2329,1.);
#2329 = DIRECTION('',(1.,0.,-4.440892098501E-16));
#2330 = ORIENTED_EDGE('',*,*,#2011,.T.);
#2331 = ORIENTED_EDGE('',*,*,#2300,.T.);
#2332 = CYLINDRICAL_SURFACE('',#2333,37.5);
#2333 = AXIS2_PLACEMENT_3D('',#2334,#2335,#2336);
#2334 = CARTESIAN_POINT('',(255.01167210421,0.,82.163441154151));
#2335 = DIRECTION('',(1.,0.,-4.440892098501E-16));
#2336 = DIRECTION('',(-4.440892098501E-16,0.,-1.));
#2337 = ADVANCED_FACE('',(#2338),#2357,.T.);
#2338 = FACE_BOUND('',#2339,.T.);
#2339 = EDGE_LOOP('',(#2340,#2349,#2355,#2356));
#2340 = ORIENTED_EDGE('',*,*,#2341,.F.);
#2341 = EDGE_CURVE('',#2342,#2317,#2344,.T.);
#2342 = VERTEX_POINT('',#2343);
#2343 = CARTESIAN_POINT('',(280.01167210421,37.49891603602,
    81.878316403293));
#2344 = CIRCLE('',#2345,3.);
#2345 = AXIS2_PLACEMENT_3D('',#2346,#2347,#2348);
#2346 = CARTESIAN_POINT('',(280.01167210421,37.40171,84.876741154151));
#2347 = DIRECTION('',(1.,0.,-4.440892098501E-16));
#2348 = DIRECTION('',(-4.440892098501E-16,0.,-1.));
#2349 = ORIENTED_EDGE('',*,*,#2350,.F.);
#2350 = EDGE_CURVE('',#2021,#2342,#2351,.T.);
#2351 = LINE('',#2352,#2353);
#2352 = CARTESIAN_POINT('',(255.01167210421,37.49891603602,
    81.878316403292));
#2353 = VECTOR('',#2354,1.);
#2354 = DIRECTION('',(1.,0.,-4.440892098501E-16));
#2355 = ORIENTED_EDGE('',*,*,#2020,.T.);
#2356 = ORIENTED_EDGE('',*,*,#2325,.T.);
#2357 = CYLINDRICAL_SURFACE('',#2358,3.);
#2358 = AXIS2_PLACEMENT_3D('',#2359,#2360,#2361);
#2359 = CARTESIAN_POINT('',(255.01167210421,37.40171,84.876741154151));
#2360 = DIRECTION('',(1.,0.,-4.440892098501E-16));
#2361 = DIRECTION('',(-4.440892098501E-16,0.,-1.));
#2362 = ADVANCED_FACE('',(#2363),#2382,.T.);
#2363 = FACE_BOUND('',#2364,.T.);
#2364 = EDGE_LOOP('',(#2365,#2374,#2380,#2381));
#2365 = ORIENTED_EDGE('',*,*,#2366,.F.);
#2366 = EDGE_CURVE('',#2367,#2342,#2369,.T.);
#2367 = VERTEX_POINT('',#2368);
#2368 = CARTESIAN_POINT('',(280.01167210421,32.053804497439,
    62.700563226158));
#2369 = CIRCLE('',#2370,37.5);
#2370 = AXIS2_PLACEMENT_3D('',#2371,#2372,#2373);
#2371 = CARTESIAN_POINT('',(280.01167210421,0.,82.163441154151));
#2372 = DIRECTION('',(1.,0.,-4.440892098501E-16));
#2373 = DIRECTION('',(-4.440892098501E-16,0.,-1.));
#2374 = ORIENTED_EDGE('',*,*,#2375,.F.);
#2375 = EDGE_CURVE('',#2030,#2367,#2376,.T.);
#2376 = LINE('',#2377,#2378);
#2377 = CARTESIAN_POINT('',(255.01167210421,32.05380449744,
    62.700563226159));
#2378 = VECTOR('',#2379,1.);
#2379 = DIRECTION('',(1.,0.,-4.440892098501E-16));
#2380 = ORIENTED_EDGE('',*,*,#2029,.T.);
#2381 = ORIENTED_EDGE('',*,*,#2350,.T.);
#2382 = CYLINDRICAL_SURFACE('',#2383,37.5);
#2383 = AXIS2_PLACEMENT_3D('',#2384,#2385,#2386);
#2384 = CARTESIAN_POINT('',(255.01167210421,0.,82.163441154151));
#2385 = DIRECTION('',(1.,0.,-4.440892098501E-16));
#2386 = DIRECTION('',(-4.440892098501E-16,0.,-1.));
#2387 = ADVANCED_FACE('',(#2388),#2414,.T.);
#2388 = FACE_BOUND('',#2389,.T.);
#2389 = EDGE_LOOP('',(#2390,#2401,#2407,#2408));
#2390 = ORIENTED_EDGE('',*,*,#2391,.F.);
#2391 = EDGE_CURVE('',#2392,#2394,#2396,.T.);
#2392 = VERTEX_POINT('',#2393);
#2393 = CARTESIAN_POINT('',(280.01167210421,12.044146217463,
    46.650224714459));
#2394 = VERTEX_POINT('',#2395);
#2395 = CARTESIAN_POINT('',(280.01167210421,28.542561168649,
    57.841183817836));
#2396 = CIRCLE('',#2397,37.5);
#2397 = AXIS2_PLACEMENT_3D('',#2398,#2399,#2400);
#2398 = CARTESIAN_POINT('',(280.01167210421,0.,82.163441154151));
#2399 = DIRECTION('',(1.,0.,-4.440892098501E-16));
#2400 = DIRECTION('',(-4.440892098501E-16,0.,-1.));
#2401 = ORIENTED_EDGE('',*,*,#2402,.F.);
#2402 = EDGE_CURVE('',#2057,#2392,#2403,.T.);
#2403 = LINE('',#2404,#2405);
#2404 = CARTESIAN_POINT('',(255.01167210421,12.044146217463,
    46.65022471446));
#2405 = VECTOR('',#2406,1.);
#2406 = DIRECTION('',(1.,0.,-4.440892098501E-16));
#2407 = ORIENTED_EDGE('',*,*,#2056,.T.);
#2408 = ORIENTED_EDGE('',*,*,#2409,.T.);
#2409 = EDGE_CURVE('',#2048,#2394,#2410,.T.);
#2410 = LINE('',#2411,#2412);
#2411 = CARTESIAN_POINT('',(255.01167210421,28.542561168649,
    57.841183817836));
#2412 = VECTOR('',#2413,1.);
#2413 = DIRECTION('',(1.,0.,-4.440892098501E-16));
#2414 = CYLINDRICAL_SURFACE('',#2415,37.5);
#2415 = AXIS2_PLACEMENT_3D('',#2416,#2417,#2418);
#2416 = CARTESIAN_POINT('',(255.01167210421,0.,82.163441154151));
#2417 = DIRECTION('',(1.,0.,-4.440892098501E-16));
#2418 = DIRECTION('',(-4.440892098501E-16,0.,-1.));
#2419 = ADVANCED_FACE('',(#2420),#2439,.T.);
#2420 = FACE_BOUND('',#2421,.T.);
#2421 = EDGE_LOOP('',(#2422,#2423,#2431,#2438));
#2422 = ORIENTED_EDGE('',*,*,#2092,.F.);
#2423 = ORIENTED_EDGE('',*,*,#2424,.F.);
#2424 = EDGE_CURVE('',#2425,#2093,#2427,.T.);
#2425 = VERTEX_POINT('',#2426);
#2426 = CARTESIAN_POINT('',(246.51167210421,-7.715274834628E-15,
    50.663441154151));
#2427 = LINE('',#2428,#2429);
#2428 = CARTESIAN_POINT('',(246.51167210421,-7.715274834628E-15,
    50.663441154151));
#2429 = VECTOR('',#2430,1.);
#2430 = DIRECTION('',(1.,0.,-4.440892098501E-16));
#2431 = ORIENTED_EDGE('',*,*,#2432,.T.);
#2432 = EDGE_CURVE('',#2425,#2425,#2433,.T.);
#2433 = CIRCLE('',#2434,31.5);
#2434 = AXIS2_PLACEMENT_3D('',#2435,#2436,#2437);
#2435 = CARTESIAN_POINT('',(246.51167210421,0.,82.163441154151));
#2436 = DIRECTION('',(1.,0.,-4.440892098501E-16));
#2437 = DIRECTION('',(-4.440892098501E-16,0.,-1.));
#2438 = ORIENTED_EDGE('',*,*,#2424,.T.);
#2439 = CYLINDRICAL_SURFACE('',#2440,31.5);
#2440 = AXIS2_PLACEMENT_3D('',#2441,#2442,#2443);
#2441 = CARTESIAN_POINT('',(246.51167210421,0.,82.163441154151));
#2442 = DIRECTION('',(1.,0.,-4.440892098501E-16));
#2443 = DIRECTION('',(-4.440892098501E-16,0.,-1.));
#2444 = ADVANCED_FACE('',(#2445),#2448,.F.);
#2445 = FACE_BOUND('',#2446,.T.);
#2446 = EDGE_LOOP('',(#2447));
#2447 = ORIENTED_EDGE('',*,*,#2432,.F.);
#2448 = PLANE('',#2449);
#2449 = AXIS2_PLACEMENT_3D('',#2450,#2451,#2452);
#2450 = CARTESIAN_POINT('',(246.51167210421,0.,82.163441154151));
#2451 = DIRECTION('',(1.,0.,-4.440892098501E-16));
#2452 = DIRECTION('',(-4.440892098501E-16,0.,-1.));
#2453 = ADVANCED_FACE('',(#2454,#2553,#2564,#2593,#2622,#2651,#2680,
    #2709,#2738,#2767,#2796),#2825,.T.);
#2454 = FACE_BOUND('',#2455,.T.);
#2455 = EDGE_LOOP('',(#2456,#2467,#2476,#2485,#2492,#2493,#2502,#2509,
    #2510,#2511,#2512,#2513,#2514,#2515,#2516,#2517,#2518,#2519,#2520,
    #2529,#2536,#2537,#2546));
#2456 = ORIENTED_EDGE('',*,*,#2457,.T.);
#2457 = EDGE_CURVE('',#2458,#2460,#2462,.T.);
#2458 = VERTEX_POINT('',#2459);
#2459 = CARTESIAN_POINT('',(280.01167210421,-13.6011093284,
    47.216913071425));
#2460 = VERTEX_POINT('',#2461);
#2461 = CARTESIAN_POINT('',(280.01167210421,-9.184850993605E-15,
    44.663441154151));
#2462 = CIRCLE('',#2463,37.5);
#2463 = AXIS2_PLACEMENT_3D('',#2464,#2465,#2466);
#2464 = CARTESIAN_POINT('',(280.01167210421,0.,82.163441154151));
#2465 = DIRECTION('',(1.,0.,-4.440892098501E-16));
#2466 = DIRECTION('',(-4.440892098501E-16,0.,-1.));
#2467 = ORIENTED_EDGE('',*,*,#2468,.T.);
#2468 = EDGE_CURVE('',#2460,#2469,#2471,.T.);
#2469 = VERTEX_POINT('',#2470);
#2470 = CARTESIAN_POINT('',(280.01167210421,6.230828518421,
    45.184707049614));
#2471 = CIRCLE('',#2472,37.5);
#2472 = AXIS2_PLACEMENT_3D('',#2473,#2474,#2475);
#2473 = CARTESIAN_POINT('',(280.01167210421,0.,82.163441154151));
#2474 = DIRECTION('',(1.,0.,-4.440892098501E-16));
#2475 = DIRECTION('',(-4.440892098501E-16,0.,-1.));
#2476 = ORIENTED_EDGE('',*,*,#2477,.T.);
#2477 = EDGE_CURVE('',#2469,#2478,#2480,.T.);
#2478 = VERTEX_POINT('',#2479);
#2479 = CARTESIAN_POINT('',(280.01167210421,9.16682,42.801111154151));
#2480 = CIRCLE('',#2481,3.);
#2481 = AXIS2_PLACEMENT_3D('',#2482,#2483,#2484);
#2482 = CARTESIAN_POINT('',(280.01167210421,9.16682,45.801111154151));
#2483 = DIRECTION('',(1.,0.,-4.440892098501E-16));
#2484 = DIRECTION('',(-4.440892098501E-16,0.,-1.));
#2485 = ORIENTED_EDGE('',*,*,#2486,.T.);
#2486 = EDGE_CURVE('',#2478,#2392,#2487,.T.);
#2487 = CIRCLE('',#2488,3.);
#2488 = AXIS2_PLACEMENT_3D('',#2489,#2490,#2491);
#2489 = CARTESIAN_POINT('',(280.01167210421,9.16682,45.801111154151));
#2490 = DIRECTION('',(1.,0.,-4.440892098501E-16));
#2491 = DIRECTION('',(-4.440892098501E-16,0.,-1.));
#2492 = ORIENTED_EDGE('',*,*,#2391,.T.);
#2493 = ORIENTED_EDGE('',*,*,#2494,.T.);
#2494 = EDGE_CURVE('',#2394,#2495,#2497,.T.);
#2495 = VERTEX_POINT('',#2496);
#2496 = CARTESIAN_POINT('',(280.01167210421,30.39545,57.200591154151));
#2497 = CIRCLE('',#2498,3.);
#2498 = AXIS2_PLACEMENT_3D('',#2499,#2500,#2501);
#2499 = CARTESIAN_POINT('',(280.01167210421,30.39545,60.200591154151));
#2500 = DIRECTION('',(1.,0.,-4.440892098501E-16));
#2501 = DIRECTION('',(-4.440892098501E-16,0.,-1.));
#2502 = ORIENTED_EDGE('',*,*,#2503,.T.);
#2503 = EDGE_CURVE('',#2495,#2367,#2504,.T.);
#2504 = CIRCLE('',#2505,3.);
#2505 = AXIS2_PLACEMENT_3D('',#2506,#2507,#2508);
#2506 = CARTESIAN_POINT('',(280.01167210421,30.39545,60.200591154151));
#2507 = DIRECTION('',(1.,0.,-4.440892098501E-16));
#2508 = DIRECTION('',(-4.440892098501E-16,0.,-1.));
#2509 = ORIENTED_EDGE('',*,*,#2366,.T.);
#2510 = ORIENTED_EDGE('',*,*,#2341,.T.);
#2511 = ORIENTED_EDGE('',*,*,#2316,.T.);
#2512 = ORIENTED_EDGE('',*,*,#2291,.T.);
#2513 = ORIENTED_EDGE('',*,*,#2266,.T.);
#2514 = ORIENTED_EDGE('',*,*,#2241,.T.);
#2515 = ORIENTED_EDGE('',*,*,#2217,.T.);
#2516 = ORIENTED_EDGE('',*,*,#2191,.T.);
#2517 = ORIENTED_EDGE('',*,*,#2167,.T.);
#2518 = ORIENTED_EDGE('',*,*,#2141,.T.);
#2519 = ORIENTED_EDGE('',*,*,#2117,.T.);
#2520 = ORIENTED_EDGE('',*,*,#2521,.T.);
#2521 = EDGE_CURVE('',#2110,#2522,#2524,.T.);
#2522 = VERTEX_POINT('',#2523);
#2523 = CARTESIAN_POINT('',(280.01167210421,-34.21811,63.821631154151));
#2524 = CIRCLE('',#2525,3.);
#2525 = AXIS2_PLACEMENT_3D('',#2526,#2527,#2528);
#2526 = CARTESIAN_POINT('',(280.01167210421,-34.21811,66.821631154151));
#2527 = DIRECTION('',(1.,0.,-4.440892098501E-16));
#2528 = DIRECTION('',(-4.440892098501E-16,0.,-1.));
#2529 = ORIENTED_EDGE('',*,*,#2530,.T.);
#2530 = EDGE_CURVE('',#2522,#1862,#2531,.T.);
#2531 = CIRCLE('',#2532,3.);
#2532 = AXIS2_PLACEMENT_3D('',#2533,#2534,#2535);
#2533 = CARTESIAN_POINT('',(280.01167210421,-34.21811,66.821631154151));
#2534 = DIRECTION('',(1.,0.,-4.440892098501E-16));
#2535 = DIRECTION('',(-4.440892098501E-16,0.,-1.));
#2536 = ORIENTED_EDGE('',*,*,#1861,.T.);
#2537 = ORIENTED_EDGE('',*,*,#2538,.T.);
#2538 = EDGE_CURVE('',#1854,#2539,#2541,.T.);
#2539 = VERTEX_POINT('',#2540);
#2540 = CARTESIAN_POINT('',(280.01167210421,-16.35107,45.415961154151));
#2541 = CIRCLE('',#2542,3.);
#2542 = AXIS2_PLACEMENT_3D('',#2543,#2544,#2545);
#2543 = CARTESIAN_POINT('',(280.01167210421,-16.35107,48.415961154151));
#2544 = DIRECTION('',(1.,0.,-4.440892098501E-16));
#2545 = DIRECTION('',(-4.440892098501E-16,0.,-1.));
#2546 = ORIENTED_EDGE('',*,*,#2547,.T.);
#2547 = EDGE_CURVE('',#2539,#2458,#2548,.T.);
#2548 = CIRCLE('',#2549,3.);
#2549 = AXIS2_PLACEMENT_3D('',#2550,#2551,#2552);
#2550 = CARTESIAN_POINT('',(280.01167210421,-16.35107,48.415961154151));
#2551 = DIRECTION('',(1.,0.,-4.440892098501E-16));
#2552 = DIRECTION('',(-4.440892098501E-16,0.,-1.));
#2553 = FACE_BOUND('',#2554,.T.);
#2554 = EDGE_LOOP('',(#2555));
#2555 = ORIENTED_EDGE('',*,*,#2556,.F.);
#2556 = EDGE_CURVE('',#2557,#2557,#2559,.T.);
#2557 = VERTEX_POINT('',#2558);
#2558 = CARTESIAN_POINT('',(280.01167210421,-5.265981236334E-15,
    60.663441154151));
#2559 = CIRCLE('',#2560,21.5);
#2560 = AXIS2_PLACEMENT_3D('',#2561,#2562,#2563);
#2561 = CARTESIAN_POINT('',(280.01167210421,0.,82.163441154151));
#2562 = DIRECTION('',(1.,0.,-4.440892098501E-16));
#2563 = DIRECTION('',(-4.440892098501E-16,0.,-1.));
#2564 = FACE_BOUND('',#2565,.T.);
#2565 = EDGE_LOOP('',(#2566,#2577,#2586));
#2566 = ORIENTED_EDGE('',*,*,#2567,.F.);
#2567 = EDGE_CURVE('',#2568,#2570,#2572,.T.);
#2568 = VERTEX_POINT('',#2569);
#2569 = CARTESIAN_POINT('',(280.01167210421,-33.5771836597,
    65.465455123424));
#2570 = VERTEX_POINT('',#2571);
#2571 = CARTESIAN_POINT('',(280.01167210421,-34.80428284444,
    68.202356107366));
#2572 = CIRCLE('',#2573,1.5);
#2573 = AXIS2_PLACEMENT_3D('',#2574,#2575,#2576);
#2574 = CARTESIAN_POINT('',(280.01167210421,-34.21811,66.821631154151));
#2575 = DIRECTION('',(1.,0.,-4.440892098501E-16));
#2576 = DIRECTION('',(-4.440892098501E-16,0.,-1.));
#2577 = ORIENTED_EDGE('',*,*,#2578,.F.);
#2578 = EDGE_CURVE('',#2579,#2568,#2581,.T.);
#2579 = VERTEX_POINT('',#2580);
#2580 = CARTESIAN_POINT('',(280.01167210421,-34.21811,65.321631154151));
#2581 = CIRCLE('',#2582,1.5);
#2582 = AXIS2_PLACEMENT_3D('',#2583,#2584,#2585);
#2583 = CARTESIAN_POINT('',(280.01167210421,-34.21811,66.821631154151));
#2584 = DIRECTION('',(1.,0.,-4.440892098501E-16));
#2585 = DIRECTION('',(-4.440892098501E-16,0.,-1.));
#2586 = ORIENTED_EDGE('',*,*,#2587,.F.);
#2587 = EDGE_CURVE('',#2570,#2579,#2588,.T.);
#2588 = CIRCLE('',#2589,1.5);
#2589 = AXIS2_PLACEMENT_3D('',#2590,#2591,#2592);
#2590 = CARTESIAN_POINT('',(280.01167210421,-34.21811,66.821631154151));
#2591 = DIRECTION('',(1.,0.,-4.440892098501E-16));
#2592 = DIRECTION('',(-4.440892098501E-16,0.,-1.));
#2593 = FACE_BOUND('',#2594,.T.);
#2594 = EDGE_LOOP('',(#2595,#2606,#2615));
#2595 = ORIENTED_EDGE('',*,*,#2596,.F.);
#2596 = EDGE_CURVE('',#2597,#2599,#2601,.T.);
#2597 = VERTEX_POINT('',#2598);
#2598 = CARTESIAN_POINT('',(280.01167210421,-14.98836047713,
    47.789045883725));
#2599 = VERTEX_POINT('',#2600);
#2600 = CARTESIAN_POINT('',(280.01167210421,-17.68761901243,
    49.096869912623));
#2601 = CIRCLE('',#2602,1.5);
#2602 = AXIS2_PLACEMENT_3D('',#2603,#2604,#2605);
#2603 = CARTESIAN_POINT('',(280.01167210421,-16.35107,48.415961154151));
#2604 = DIRECTION('',(1.,0.,-4.440892098501E-16));
#2605 = DIRECTION('',(-4.440892098501E-16,0.,-1.));
#2606 = ORIENTED_EDGE('',*,*,#2607,.F.);
#2607 = EDGE_CURVE('',#2608,#2597,#2610,.T.);
#2608 = VERTEX_POINT('',#2609);
#2609 = CARTESIAN_POINT('',(280.01167210421,-16.35107,46.915961154151));
#2610 = CIRCLE('',#2611,1.5);
#2611 = AXIS2_PLACEMENT_3D('',#2612,#2613,#2614);
#2612 = CARTESIAN_POINT('',(280.01167210421,-16.35107,48.415961154151));
#2613 = DIRECTION('',(1.,0.,-4.440892098501E-16));
#2614 = DIRECTION('',(-4.440892098501E-16,0.,-1.));
#2615 = ORIENTED_EDGE('',*,*,#2616,.F.);
#2616 = EDGE_CURVE('',#2599,#2608,#2617,.T.);
#2617 = CIRCLE('',#2618,1.5);
#2618 = AXIS2_PLACEMENT_3D('',#2619,#2620,#2621);
#2619 = CARTESIAN_POINT('',(280.01167210421,-16.35107,48.415961154151));
#2620 = DIRECTION('',(1.,0.,-4.440892098501E-16));
#2621 = DIRECTION('',(-4.440892098501E-16,0.,-1.));
#2622 = FACE_BOUND('',#2623,.T.);
#2623 = EDGE_LOOP('',(#2624,#2635,#2644));
#2624 = ORIENTED_EDGE('',*,*,#2625,.F.);
#2625 = EDGE_CURVE('',#2626,#2628,#2630,.T.);
#2626 = VERTEX_POINT('',#2627);
#2627 = CARTESIAN_POINT('',(280.01167210421,10.613690299375,
    46.196795797252));
#2628 = VERTEX_POINT('',#2629);
#2629 = CARTESIAN_POINT('',(280.01167210421,7.705285184024,
    45.463596737139));
#2630 = CIRCLE('',#2631,1.5);
#2631 = AXIS2_PLACEMENT_3D('',#2632,#2633,#2634);
#2632 = CARTESIAN_POINT('',(280.01167210421,9.16682,45.801111154151));
#2633 = DIRECTION('',(1.,0.,-4.440892098501E-16));
#2634 = DIRECTION('',(-4.440892098501E-16,0.,-1.));
#2635 = ORIENTED_EDGE('',*,*,#2636,.F.);
#2636 = EDGE_CURVE('',#2637,#2626,#2639,.T.);
#2637 = VERTEX_POINT('',#2638);
#2638 = CARTESIAN_POINT('',(280.01167210421,9.16682,44.301111154151));
#2639 = CIRCLE('',#2640,1.5);
#2640 = AXIS2_PLACEMENT_3D('',#2641,#2642,#2643);
#2641 = CARTESIAN_POINT('',(280.01167210421,9.16682,45.801111154151));
#2642 = DIRECTION('',(1.,0.,-4.440892098501E-16));
#2643 = DIRECTION('',(-4.440892098501E-16,0.,-1.));
#2644 = ORIENTED_EDGE('',*,*,#2645,.F.);
#2645 = EDGE_CURVE('',#2628,#2637,#2646,.T.);
#2646 = CIRCLE('',#2647,1.5);
#2647 = AXIS2_PLACEMENT_3D('',#2648,#2649,#2650);
#2648 = CARTESIAN_POINT('',(280.01167210421,9.16682,45.801111154151));
#2649 = DIRECTION('',(1.,0.,-4.440892098501E-16));
#2650 = DIRECTION('',(-4.440892098501E-16,0.,-1.));
#2651 = FACE_BOUND('',#2652,.T.);
#2652 = EDGE_LOOP('',(#2653,#2664,#2673));
#2653 = ORIENTED_EDGE('',*,*,#2654,.F.);
#2654 = EDGE_CURVE('',#2655,#2657,#2659,.T.);
#2655 = VERTEX_POINT('',#2656);
#2656 = CARTESIAN_POINT('',(280.01167210421,31.249470108999,
    61.433737395854));
#2657 = VERTEX_POINT('',#2658);
#2658 = CARTESIAN_POINT('',(280.01167210421,29.492793700404,
    59.002587980198));
#2659 = CIRCLE('',#2660,1.5);
#2660 = AXIS2_PLACEMENT_3D('',#2661,#2662,#2663);
#2661 = CARTESIAN_POINT('',(280.01167210421,30.39545,60.200591154151));
#2662 = DIRECTION('',(1.,0.,-4.440892098501E-16));
#2663 = DIRECTION('',(-4.440892098501E-16,0.,-1.));
#2664 = ORIENTED_EDGE('',*,*,#2665,.F.);
#2665 = EDGE_CURVE('',#2666,#2655,#2668,.T.);
#2666 = VERTEX_POINT('',#2667);
#2667 = CARTESIAN_POINT('',(280.01167210421,30.39545,58.700591154151));
#2668 = CIRCLE('',#2669,1.5);
#2669 = AXIS2_PLACEMENT_3D('',#2670,#2671,#2672);
#2670 = CARTESIAN_POINT('',(280.01167210421,30.39545,60.200591154151));
#2671 = DIRECTION('',(1.,0.,-4.440892098501E-16));
#2672 = DIRECTION('',(-4.440892098501E-16,0.,-1.));
#2673 = ORIENTED_EDGE('',*,*,#2674,.F.);
#2674 = EDGE_CURVE('',#2657,#2666,#2675,.T.);
#2675 = CIRCLE('',#2676,1.5);
#2676 = AXIS2_PLACEMENT_3D('',#2677,#2678,#2679);
#2677 = CARTESIAN_POINT('',(280.01167210421,30.39545,60.200591154151));
#2678 = DIRECTION('',(1.,0.,-4.440892098501E-16));
#2679 = DIRECTION('',(-4.440892098501E-16,0.,-1.));
#2680 = FACE_BOUND('',#2681,.T.);
#2681 = EDGE_LOOP('',(#2682,#2693,#2702));
#2682 = ORIENTED_EDGE('',*,*,#2683,.F.);
#2683 = EDGE_CURVE('',#2684,#2686,#2688,.T.);
#2684 = VERTEX_POINT('',#2685);
#2685 = CARTESIAN_POINT('',(280.01167210421,-36.45487331696,
    90.95504006697));
#2686 = VERTEX_POINT('',#2687);
#2687 = CARTESIAN_POINT('',(280.01167210421,-36.07412,90.905911154151));
#2688 = CIRCLE('',#2689,1.5);
#2689 = AXIS2_PLACEMENT_3D('',#2690,#2691,#2692);
#2690 = CARTESIAN_POINT('',(280.01167210421,-36.07412,92.405911154151));
#2691 = DIRECTION('',(1.,0.,-4.440892098501E-16));
#2692 = DIRECTION('',(-4.440892098501E-16,0.,-1.));
#2693 = ORIENTED_EDGE('',*,*,#2694,.F.);
#2694 = EDGE_CURVE('',#2695,#2684,#2697,.T.);
#2695 = VERTEX_POINT('',#2696);
#2696 = CARTESIAN_POINT('',(280.01167210421,-35.63563975507,
    93.840391922515));
#2697 = CIRCLE('',#2698,1.5);
#2698 = AXIS2_PLACEMENT_3D('',#2699,#2700,#2701);
#2699 = CARTESIAN_POINT('',(280.01167210421,-36.07412,92.405911154151));
#2700 = DIRECTION('',(1.,0.,-4.440892098501E-16));
#2701 = DIRECTION('',(-4.440892098501E-16,0.,-1.));
#2702 = ORIENTED_EDGE('',*,*,#2703,.F.);
#2703 = EDGE_CURVE('',#2686,#2695,#2704,.T.);
#2704 = CIRCLE('',#2705,1.5);
#2705 = AXIS2_PLACEMENT_3D('',#2706,#2707,#2708);
#2706 = CARTESIAN_POINT('',(280.01167210421,-36.07412,92.405911154151));
#2707 = DIRECTION('',(1.,0.,-4.440892098501E-16));
#2708 = DIRECTION('',(-4.440892098501E-16,0.,-1.));
#2709 = FACE_BOUND('',#2710,.T.);
#2710 = EDGE_LOOP('',(#2711,#2722,#2731));
#2711 = ORIENTED_EDGE('',*,*,#2712,.F.);
#2712 = EDGE_CURVE('',#2713,#2715,#2717,.T.);
#2713 = VERTEX_POINT('',#2714);
#2714 = CARTESIAN_POINT('',(280.01167210421,37.263279559199,
    86.370339832866));
#2715 = VERTEX_POINT('',#2716);
#2716 = CARTESIAN_POINT('',(280.01167210421,37.40171,83.376741154151));
#2717 = CIRCLE('',#2718,1.5);
#2718 = AXIS2_PLACEMENT_3D('',#2719,#2720,#2721);
#2719 = CARTESIAN_POINT('',(280.01167210421,37.40171,84.876741154151));
#2720 = DIRECTION('',(1.,0.,-4.440892098501E-16));
#2721 = DIRECTION('',(-4.440892098501E-16,0.,-1.));
#2722 = ORIENTED_EDGE('',*,*,#2723,.F.);
#2723 = EDGE_CURVE('',#2724,#2713,#2726,.T.);
#2724 = VERTEX_POINT('',#2725);
#2725 = CARTESIAN_POINT('',(280.01167210421,37.480300152725,
    83.37880137302));
#2726 = CIRCLE('',#2727,1.5);
#2727 = AXIS2_PLACEMENT_3D('',#2728,#2729,#2730);
#2728 = CARTESIAN_POINT('',(280.01167210421,37.40171,84.876741154151));
#2729 = DIRECTION('',(1.,0.,-4.440892098501E-16));
#2730 = DIRECTION('',(-4.440892098501E-16,0.,-1.));
#2731 = ORIENTED_EDGE('',*,*,#2732,.F.);
#2732 = EDGE_CURVE('',#2715,#2724,#2733,.T.);
#2733 = CIRCLE('',#2734,1.5);
#2734 = AXIS2_PLACEMENT_3D('',#2735,#2736,#2737);
#2735 = CARTESIAN_POINT('',(280.01167210421,37.40171,84.876741154151));
#2736 = DIRECTION('',(1.,0.,-4.440892098501E-16));
#2737 = DIRECTION('',(-4.440892098501E-16,0.,-1.));
#2738 = FACE_BOUND('',#2739,.T.);
#2739 = EDGE_LOOP('',(#2740,#2751,#2760));
#2740 = ORIENTED_EDGE('',*,*,#2741,.F.);
#2741 = EDGE_CURVE('',#2742,#2744,#2746,.T.);
#2742 = VERTEX_POINT('',#2743);
#2743 = CARTESIAN_POINT('',(280.01167210421,-22.27492023885,
    112.33093903436));
#2744 = VERTEX_POINT('',#2745);
#2745 = CARTESIAN_POINT('',(280.01167210421,-21.05064,111.69762115415));
#2746 = CIRCLE('',#2747,1.5);
#2747 = AXIS2_PLACEMENT_3D('',#2748,#2749,#2750);
#2748 = CARTESIAN_POINT('',(280.01167210421,-21.05064,113.19762115415));
#2749 = DIRECTION('',(1.,0.,-4.440892098501E-16));
#2750 = DIRECTION('',(-4.440892098501E-16,0.,-1.));
#2751 = ORIENTED_EDGE('',*,*,#2752,.F.);
#2752 = EDGE_CURVE('',#2753,#2742,#2755,.T.);
#2753 = VERTEX_POINT('',#2754);
#2754 = CARTESIAN_POINT('',(280.01167210421,-19.7926821345,
    114.01465359453));
#2755 = CIRCLE('',#2756,1.5);
#2756 = AXIS2_PLACEMENT_3D('',#2757,#2758,#2759);
#2757 = CARTESIAN_POINT('',(280.01167210421,-21.05064,113.19762115415));
#2758 = DIRECTION('',(1.,0.,-4.440892098501E-16));
#2759 = DIRECTION('',(-4.440892098501E-16,0.,-1.));
#2760 = ORIENTED_EDGE('',*,*,#2761,.F.);
#2761 = EDGE_CURVE('',#2744,#2753,#2762,.T.);
#2762 = CIRCLE('',#2763,1.5);
#2763 = AXIS2_PLACEMENT_3D('',#2764,#2765,#2766);
#2764 = CARTESIAN_POINT('',(280.01167210421,-21.05064,113.19762115415));
#2765 = DIRECTION('',(1.,0.,-4.440892098501E-16));
#2766 = DIRECTION('',(-4.440892098501E-16,0.,-1.));
#2767 = FACE_BOUND('',#2768,.T.);
#2768 = EDGE_LOOP('',(#2769,#2780,#2789));
#2769 = ORIENTED_EDGE('',*,*,#2770,.F.);
#2770 = EDGE_CURVE('',#2771,#2773,#2775,.T.);
#2771 = VERTEX_POINT('',#2772);
#2772 = CARTESIAN_POINT('',(280.01167210421,25.841184723039,
    109.33848801905));
#2773 = VERTEX_POINT('',#2774);
#2774 = CARTESIAN_POINT('',(280.01167210421,26.9073,106.78331115415));
#2775 = CIRCLE('',#2776,1.5);
#2776 = AXIS2_PLACEMENT_3D('',#2777,#2778,#2779);
#2777 = CARTESIAN_POINT('',(280.01167210421,26.9073,108.28331115415));
#2778 = DIRECTION('',(1.,0.,-4.440892098501E-16));
#2779 = DIRECTION('',(-4.440892098501E-16,0.,-1.));
#2780 = ORIENTED_EDGE('',*,*,#2781,.F.);
#2781 = EDGE_CURVE('',#2782,#2771,#2784,.T.);
#2782 = VERTEX_POINT('',#2783);
#2783 = CARTESIAN_POINT('',(280.01167210421,27.930355915328,
    107.18633504041));
#2784 = CIRCLE('',#2785,1.5);
#2785 = AXIS2_PLACEMENT_3D('',#2786,#2787,#2788);
#2786 = CARTESIAN_POINT('',(280.01167210421,26.9073,108.28331115415));
#2787 = DIRECTION('',(1.,0.,-4.440892098501E-16));
#2788 = DIRECTION('',(-4.440892098501E-16,0.,-1.));
#2789 = ORIENTED_EDGE('',*,*,#2790,.F.);
#2790 = EDGE_CURVE('',#2773,#2782,#2791,.T.);
#2791 = CIRCLE('',#2792,1.5);
#2792 = AXIS2_PLACEMENT_3D('',#2793,#2794,#2795);
#2793 = CARTESIAN_POINT('',(280.01167210421,26.9073,108.28331115415));
#2794 = DIRECTION('',(1.,0.,-4.440892098501E-16));
#2795 = DIRECTION('',(-4.440892098501E-16,0.,-1.));
#2796 = FACE_BOUND('',#2797,.T.);
#2797 = EDGE_LOOP('',(#2798,#2809,#2818));
#2798 = ORIENTED_EDGE('',*,*,#2799,.F.);
#2799 = EDGE_CURVE('',#2800,#2802,#2804,.T.);
#2800 = VERTEX_POINT('',#2801);
#2801 = CARTESIAN_POINT('',(280.01167210421,2.327714540554,
    119.59112803188));
#2802 = VERTEX_POINT('',#2803);
#2803 = CARTESIAN_POINT('',(280.01167210421,3.82266,117.96809115415));
#2804 = CIRCLE('',#2805,1.5);
#2805 = AXIS2_PLACEMENT_3D('',#2806,#2807,#2808);
#2806 = CARTESIAN_POINT('',(280.01167210421,3.82266,119.46809115415));
#2807 = DIRECTION('',(1.,0.,-4.440892098501E-16));
#2808 = DIRECTION('',(-4.440892098501E-16,0.,-1.));
#2809 = ORIENTED_EDGE('',*,*,#2810,.F.);
#2810 = EDGE_CURVE('',#2811,#2800,#2813,.T.);
#2811 = VERTEX_POINT('',#2812);
#2812 = CARTESIAN_POINT('',(280.01167210421,5.311490177501,
    119.28537634204));
#2813 = CIRCLE('',#2814,1.5);
#2814 = AXIS2_PLACEMENT_3D('',#2815,#2816,#2817);
#2815 = CARTESIAN_POINT('',(280.01167210421,3.82266,119.46809115415));
#2816 = DIRECTION('',(1.,0.,-4.440892098501E-16));
#2817 = DIRECTION('',(-4.440892098501E-16,0.,-1.));
#2818 = ORIENTED_EDGE('',*,*,#2819,.F.);
#2819 = EDGE_CURVE('',#2802,#2811,#2820,.T.);
#2820 = CIRCLE('',#2821,1.5);
#2821 = AXIS2_PLACEMENT_3D('',#2822,#2823,#2824);
#2822 = CARTESIAN_POINT('',(280.01167210421,3.82266,119.46809115415));
#2823 = DIRECTION('',(1.,0.,-4.440892098501E-16));
#2824 = DIRECTION('',(-4.440892098501E-16,0.,-1.));
#2825 = PLANE('',#2826);
#2826 = AXIS2_PLACEMENT_3D('',#2827,#2828,#2829);
#2827 = CARTESIAN_POINT('',(280.01167210421,-4.679128781735E-03,
    82.022683320893));
#2828 = DIRECTION('',(1.,0.,-4.440892098501E-16));
#2829 = DIRECTION('',(-4.440892098501E-16,0.,-1.));
#2830 = ADVANCED_FACE('',(#2831),#2850,.T.);
#2831 = FACE_BOUND('',#2832,.T.);
#2832 = EDGE_LOOP('',(#2833,#2842,#2848,#2849));
#2833 = ORIENTED_EDGE('',*,*,#2834,.F.);
#2834 = EDGE_CURVE('',#2835,#2835,#2837,.T.);
#2835 = VERTEX_POINT('',#2836);
#2836 = CARTESIAN_POINT('',(282.01167210421,-5.265981236334E-15,
    60.663441154151));
#2837 = CIRCLE('',#2838,21.5);
#2838 = AXIS2_PLACEMENT_3D('',#2839,#2840,#2841);
#2839 = CARTESIAN_POINT('',(282.01167210421,0.,82.163441154151));
#2840 = DIRECTION('',(1.,0.,-4.440892098501E-16));
#2841 = DIRECTION('',(-4.440892098501E-16,0.,-1.));
#2842 = ORIENTED_EDGE('',*,*,#2843,.F.);
#2843 = EDGE_CURVE('',#2557,#2835,#2844,.T.);
#2844 = LINE('',#2845,#2846);
#2845 = CARTESIAN_POINT('',(280.01167210421,-5.265981236334E-15,
    60.663441154151));
#2846 = VECTOR('',#2847,1.);
#2847 = DIRECTION('',(1.,0.,-4.440892098501E-16));
#2848 = ORIENTED_EDGE('',*,*,#2556,.T.);
#2849 = ORIENTED_EDGE('',*,*,#2843,.T.);
#2850 = CYLINDRICAL_SURFACE('',#2851,21.5);
#2851 = AXIS2_PLACEMENT_3D('',#2852,#2853,#2854);
#2852 = CARTESIAN_POINT('',(280.01167210421,0.,82.163441154151));
#2853 = DIRECTION('',(1.,0.,-4.440892098501E-16));
#2854 = DIRECTION('',(-4.440892098501E-16,0.,-1.));
#2855 = ADVANCED_FACE('',(#2856,#2859),#2870,.T.);
#2856 = FACE_BOUND('',#2857,.T.);
#2857 = EDGE_LOOP('',(#2858));
#2858 = ORIENTED_EDGE('',*,*,#2834,.T.);
#2859 = FACE_BOUND('',#2860,.T.);
#2860 = EDGE_LOOP('',(#2861));
#2861 = ORIENTED_EDGE('',*,*,#2862,.F.);
#2862 = EDGE_CURVE('',#2863,#2863,#2865,.T.);
#2863 = VERTEX_POINT('',#2864);
#2864 = CARTESIAN_POINT('',(282.01167210421,-3.980102097229E-15,
    65.913441154151));
#2865 = CIRCLE('',#2866,16.25);
#2866 = AXIS2_PLACEMENT_3D('',#2867,#2868,#2869);
#2867 = CARTESIAN_POINT('',(282.01167210421,0.,82.163441154151));
#2868 = DIRECTION('',(1.,0.,-4.440892098501E-16));
#2869 = DIRECTION('',(-4.440892098501E-16,0.,-1.));
#2870 = PLANE('',#2871);
#2871 = AXIS2_PLACEMENT_3D('',#2872,#2873,#2874);
#2872 = CARTESIAN_POINT('',(282.01167210421,0.,82.163441154151));
#2873 = DIRECTION('',(1.,0.,-4.440892098501E-16));
#2874 = DIRECTION('',(-4.440892098501E-16,0.,-1.));
#2875 = ADVANCED_FACE('',(#2876),#2895,.F.);
#2876 = FACE_BOUND('',#2877,.F.);
#2877 = EDGE_LOOP('',(#2878,#2879,#2887,#2894));
#2878 = ORIENTED_EDGE('',*,*,#2862,.F.);
#2879 = ORIENTED_EDGE('',*,*,#2880,.F.);
#2880 = EDGE_CURVE('',#2881,#2863,#2883,.T.);
#2881 = VERTEX_POINT('',#2882);
#2882 = CARTESIAN_POINT('',(275.01167210421,-3.980102097229E-15,
    65.913441154151));
#2883 = LINE('',#2884,#2885);
#2884 = CARTESIAN_POINT('',(275.01167210421,-3.980102097229E-15,
    65.913441154151));
#2885 = VECTOR('',#2886,1.);
#2886 = DIRECTION('',(1.,0.,-4.440892098501E-16));
#2887 = ORIENTED_EDGE('',*,*,#2888,.T.);
#2888 = EDGE_CURVE('',#2881,#2881,#2889,.T.);
#2889 = CIRCLE('',#2890,16.25);
#2890 = AXIS2_PLACEMENT_3D('',#2891,#2892,#2893);
#2891 = CARTESIAN_POINT('',(275.01167210421,0.,82.163441154151));
#2892 = DIRECTION('',(1.,0.,-4.440892098501E-16));
#2893 = DIRECTION('',(-4.440892098501E-16,0.,-1.));
#2894 = ORIENTED_EDGE('',*,*,#2880,.T.);
#2895 = CYLINDRICAL_SURFACE('',#2896,16.25);
#2896 = AXIS2_PLACEMENT_3D('',#2897,#2898,#2899);
#2897 = CARTESIAN_POINT('',(275.01167210421,0.,82.163441154151));
#2898 = DIRECTION('',(1.,0.,-4.440892098501E-16));
#2899 = DIRECTION('',(-4.440892098501E-16,0.,-1.));
#2900 = ADVANCED_FACE('',(#2901),#2904,.T.);
#2901 = FACE_BOUND('',#2902,.F.);
#2902 = EDGE_LOOP('',(#2903));
#2903 = ORIENTED_EDGE('',*,*,#2888,.F.);
#2904 = PLANE('',#2905);
#2905 = AXIS2_PLACEMENT_3D('',#2906,#2907,#2908);
#2906 = CARTESIAN_POINT('',(275.01167210421,0.,82.163441154151));
#2907 = DIRECTION('',(1.,0.,-4.440892098501E-16));
#2908 = DIRECTION('',(-4.440892098501E-16,0.,-1.));
#2909 = ADVANCED_FACE('',(#2910),#2931,.F.);
#2910 = FACE_BOUND('',#2911,.F.);
#2911 = EDGE_LOOP('',(#2912,#2920,#2921,#2922,#2923,#2924));
#2912 = ORIENTED_EDGE('',*,*,#2913,.T.);
#2913 = EDGE_CURVE('',#2914,#2579,#2916,.T.);
#2914 = VERTEX_POINT('',#2915);
#2915 = CARTESIAN_POINT('',(272.01167210421,-34.21811,65.321631154151));
#2916 = LINE('',#2917,#2918);
#2917 = CARTESIAN_POINT('',(272.01167210421,-34.21811,65.321631154151));
#2918 = VECTOR('',#2919,1.);
#2919 = DIRECTION('',(1.,0.,-4.440892098501E-16));
#2920 = ORIENTED_EDGE('',*,*,#2587,.F.);
#2921 = ORIENTED_EDGE('',*,*,#2567,.F.);
#2922 = ORIENTED_EDGE('',*,*,#2578,.F.);
#2923 = ORIENTED_EDGE('',*,*,#2913,.F.);
#2924 = ORIENTED_EDGE('',*,*,#2925,.T.);
#2925 = EDGE_CURVE('',#2914,#2914,#2926,.T.);
#2926 = CIRCLE('',#2927,1.5);
#2927 = AXIS2_PLACEMENT_3D('',#2928,#2929,#2930);
#2928 = CARTESIAN_POINT('',(272.01167210421,-34.21811,66.821631154151));
#2929 = DIRECTION('',(1.,0.,-4.440892098501E-16));
#2930 = DIRECTION('',(-4.440892098501E-16,0.,-1.));
#2931 = CYLINDRICAL_SURFACE('',#2932,1.5);
#2932 = AXIS2_PLACEMENT_3D('',#2933,#2934,#2935);
#2933 = CARTESIAN_POINT('',(272.01167210421,-34.21811,66.821631154151));
#2934 = DIRECTION('',(1.,0.,-4.440892098501E-16));
#2935 = DIRECTION('',(-4.440892098501E-16,0.,-1.));
#2936 = ADVANCED_FACE('',(#2937),#2940,.T.);
#2937 = FACE_BOUND('',#2938,.F.);
#2938 = EDGE_LOOP('',(#2939));
#2939 = ORIENTED_EDGE('',*,*,#2925,.F.);
#2940 = PLANE('',#2941);
#2941 = AXIS2_PLACEMENT_3D('',#2942,#2943,#2944);
#2942 = CARTESIAN_POINT('',(272.01167210421,-34.21811,66.821631154151));
#2943 = DIRECTION('',(1.,0.,-4.440892098501E-16));
#2944 = DIRECTION('',(-4.440892098501E-16,0.,-1.));
#2945 = ADVANCED_FACE('',(#2946),#2967,.F.);
#2946 = FACE_BOUND('',#2947,.F.);
#2947 = EDGE_LOOP('',(#2948,#2956,#2957,#2958,#2959,#2960));
#2948 = ORIENTED_EDGE('',*,*,#2949,.T.);
#2949 = EDGE_CURVE('',#2950,#2608,#2952,.T.);
#2950 = VERTEX_POINT('',#2951);
#2951 = CARTESIAN_POINT('',(272.01167210421,-16.35107,46.915961154151));
#2952 = LINE('',#2953,#2954);
#2953 = CARTESIAN_POINT('',(272.01167210421,-16.35107,46.915961154151));
#2954 = VECTOR('',#2955,1.);
#2955 = DIRECTION('',(1.,0.,-4.440892098501E-16));
#2956 = ORIENTED_EDGE('',*,*,#2616,.F.);
#2957 = ORIENTED_EDGE('',*,*,#2596,.F.);
#2958 = ORIENTED_EDGE('',*,*,#2607,.F.);
#2959 = ORIENTED_EDGE('',*,*,#2949,.F.);
#2960 = ORIENTED_EDGE('',*,*,#2961,.T.);
#2961 = EDGE_CURVE('',#2950,#2950,#2962,.T.);
#2962 = CIRCLE('',#2963,1.5);
#2963 = AXIS2_PLACEMENT_3D('',#2964,#2965,#2966);
#2964 = CARTESIAN_POINT('',(272.01167210421,-16.35107,48.415961154151));
#2965 = DIRECTION('',(1.,0.,-4.440892098501E-16));
#2966 = DIRECTION('',(-4.440892098501E-16,0.,-1.));
#2967 = CYLINDRICAL_SURFACE('',#2968,1.5);
#2968 = AXIS2_PLACEMENT_3D('',#2969,#2970,#2971);
#2969 = CARTESIAN_POINT('',(272.01167210421,-16.35107,48.415961154151));
#2970 = DIRECTION('',(1.,0.,-4.440892098501E-16));
#2971 = DIRECTION('',(-4.440892098501E-16,0.,-1.));
#2972 = ADVANCED_FACE('',(#2973),#2976,.T.);
#2973 = FACE_BOUND('',#2974,.F.);
#2974 = EDGE_LOOP('',(#2975));
#2975 = ORIENTED_EDGE('',*,*,#2961,.F.);
#2976 = PLANE('',#2977);
#2977 = AXIS2_PLACEMENT_3D('',#2978,#2979,#2980);
#2978 = CARTESIAN_POINT('',(272.01167210421,-16.35107,48.415961154151));
#2979 = DIRECTION('',(1.,0.,-4.440892098501E-16));
#2980 = DIRECTION('',(-4.440892098501E-16,0.,-1.));
#2981 = ADVANCED_FACE('',(#2982),#3003,.F.);
#2982 = FACE_BOUND('',#2983,.F.);
#2983 = EDGE_LOOP('',(#2984,#2992,#2993,#2994,#2995,#2996));
#2984 = ORIENTED_EDGE('',*,*,#2985,.T.);
#2985 = EDGE_CURVE('',#2986,#2637,#2988,.T.);
#2986 = VERTEX_POINT('',#2987);
#2987 = CARTESIAN_POINT('',(272.01167210421,9.16682,44.301111154151));
#2988 = LINE('',#2989,#2990);
#2989 = CARTESIAN_POINT('',(272.01167210421,9.16682,44.301111154151));
#2990 = VECTOR('',#2991,1.);
#2991 = DIRECTION('',(1.,0.,-4.440892098501E-16));
#2992 = ORIENTED_EDGE('',*,*,#2645,.F.);
#2993 = ORIENTED_EDGE('',*,*,#2625,.F.);
#2994 = ORIENTED_EDGE('',*,*,#2636,.F.);
#2995 = ORIENTED_EDGE('',*,*,#2985,.F.);
#2996 = ORIENTED_EDGE('',*,*,#2997,.T.);
#2997 = EDGE_CURVE('',#2986,#2986,#2998,.T.);
#2998 = CIRCLE('',#2999,1.5);
#2999 = AXIS2_PLACEMENT_3D('',#3000,#3001,#3002);
#3000 = CARTESIAN_POINT('',(272.01167210421,9.16682,45.801111154151));
#3001 = DIRECTION('',(1.,0.,-4.440892098501E-16));
#3002 = DIRECTION('',(-4.440892098501E-16,0.,-1.));
#3003 = CYLINDRICAL_SURFACE('',#3004,1.5);
#3004 = AXIS2_PLACEMENT_3D('',#3005,#3006,#3007);
#3005 = CARTESIAN_POINT('',(272.01167210421,9.16682,45.801111154151));
#3006 = DIRECTION('',(1.,0.,-4.440892098501E-16));
#3007 = DIRECTION('',(-4.440892098501E-16,0.,-1.));
#3008 = ADVANCED_FACE('',(#3009),#3012,.T.);
#3009 = FACE_BOUND('',#3010,.F.);
#3010 = EDGE_LOOP('',(#3011));
#3011 = ORIENTED_EDGE('',*,*,#2997,.F.);
#3012 = PLANE('',#3013);
#3013 = AXIS2_PLACEMENT_3D('',#3014,#3015,#3016);
#3014 = CARTESIAN_POINT('',(272.01167210421,9.16682,45.801111154151));
#3015 = DIRECTION('',(1.,0.,-4.440892098501E-16));
#3016 = DIRECTION('',(-4.440892098501E-16,0.,-1.));
#3017 = ADVANCED_FACE('',(#3018),#3039,.F.);
#3018 = FACE_BOUND('',#3019,.F.);
#3019 = EDGE_LOOP('',(#3020,#3028,#3029,#3030,#3031,#3032));
#3020 = ORIENTED_EDGE('',*,*,#3021,.T.);
#3021 = EDGE_CURVE('',#3022,#2666,#3024,.T.);
#3022 = VERTEX_POINT('',#3023);
#3023 = CARTESIAN_POINT('',(272.01167210421,30.39545,58.700591154151));
#3024 = LINE('',#3025,#3026);
#3025 = CARTESIAN_POINT('',(272.01167210421,30.39545,58.700591154151));
#3026 = VECTOR('',#3027,1.);
#3027 = DIRECTION('',(1.,0.,-4.440892098501E-16));
#3028 = ORIENTED_EDGE('',*,*,#2674,.F.);
#3029 = ORIENTED_EDGE('',*,*,#2654,.F.);
#3030 = ORIENTED_EDGE('',*,*,#2665,.F.);
#3031 = ORIENTED_EDGE('',*,*,#3021,.F.);
#3032 = ORIENTED_EDGE('',*,*,#3033,.T.);
#3033 = EDGE_CURVE('',#3022,#3022,#3034,.T.);
#3034 = CIRCLE('',#3035,1.5);
#3035 = AXIS2_PLACEMENT_3D('',#3036,#3037,#3038);
#3036 = CARTESIAN_POINT('',(272.01167210421,30.39545,60.200591154151));
#3037 = DIRECTION('',(1.,0.,-4.440892098501E-16));
#3038 = DIRECTION('',(-4.440892098501E-16,0.,-1.));
#3039 = CYLINDRICAL_SURFACE('',#3040,1.5);
#3040 = AXIS2_PLACEMENT_3D('',#3041,#3042,#3043);
#3041 = CARTESIAN_POINT('',(272.01167210421,30.39545,60.200591154151));
#3042 = DIRECTION('',(1.,0.,-4.440892098501E-16));
#3043 = DIRECTION('',(-4.440892098501E-16,0.,-1.));
#3044 = ADVANCED_FACE('',(#3045),#3048,.T.);
#3045 = FACE_BOUND('',#3046,.F.);
#3046 = EDGE_LOOP('',(#3047));
#3047 = ORIENTED_EDGE('',*,*,#3033,.F.);
#3048 = PLANE('',#3049);
#3049 = AXIS2_PLACEMENT_3D('',#3050,#3051,#3052);
#3050 = CARTESIAN_POINT('',(272.01167210421,30.39545,60.200591154151));
#3051 = DIRECTION('',(1.,0.,-4.440892098501E-16));
#3052 = DIRECTION('',(-4.440892098501E-16,0.,-1.));
#3053 = ADVANCED_FACE('',(#3054),#3075,.F.);
#3054 = FACE_BOUND('',#3055,.F.);
#3055 = EDGE_LOOP('',(#3056,#3064,#3065,#3066,#3067,#3068));
#3056 = ORIENTED_EDGE('',*,*,#3057,.T.);
#3057 = EDGE_CURVE('',#3058,#2686,#3060,.T.);
#3058 = VERTEX_POINT('',#3059);
#3059 = CARTESIAN_POINT('',(272.01167210421,-36.07412,90.905911154151));
#3060 = LINE('',#3061,#3062);
#3061 = CARTESIAN_POINT('',(272.01167210421,-36.07412,90.905911154151));
#3062 = VECTOR('',#3063,1.);
#3063 = DIRECTION('',(1.,0.,-4.440892098501E-16));
#3064 = ORIENTED_EDGE('',*,*,#2683,.F.);
#3065 = ORIENTED_EDGE('',*,*,#2694,.F.);
#3066 = ORIENTED_EDGE('',*,*,#2703,.F.);
#3067 = ORIENTED_EDGE('',*,*,#3057,.F.);
#3068 = ORIENTED_EDGE('',*,*,#3069,.T.);
#3069 = EDGE_CURVE('',#3058,#3058,#3070,.T.);
#3070 = CIRCLE('',#3071,1.5);
#3071 = AXIS2_PLACEMENT_3D('',#3072,#3073,#3074);
#3072 = CARTESIAN_POINT('',(272.01167210421,-36.07412,92.405911154151));
#3073 = DIRECTION('',(1.,0.,-4.440892098501E-16));
#3074 = DIRECTION('',(-4.440892098501E-16,0.,-1.));
#3075 = CYLINDRICAL_SURFACE('',#3076,1.5);
#3076 = AXIS2_PLACEMENT_3D('',#3077,#3078,#3079);
#3077 = CARTESIAN_POINT('',(272.01167210421,-36.07412,92.405911154151));
#3078 = DIRECTION('',(1.,0.,-4.440892098501E-16));
#3079 = DIRECTION('',(-4.440892098501E-16,0.,-1.));
#3080 = ADVANCED_FACE('',(#3081),#3084,.T.);
#3081 = FACE_BOUND('',#3082,.F.);
#3082 = EDGE_LOOP('',(#3083));
#3083 = ORIENTED_EDGE('',*,*,#3069,.F.);
#3084 = PLANE('',#3085);
#3085 = AXIS2_PLACEMENT_3D('',#3086,#3087,#3088);
#3086 = CARTESIAN_POINT('',(272.01167210421,-36.07412,92.405911154151));
#3087 = DIRECTION('',(1.,0.,-4.440892098501E-16));
#3088 = DIRECTION('',(-4.440892098501E-16,0.,-1.));
#3089 = ADVANCED_FACE('',(#3090),#3111,.F.);
#3090 = FACE_BOUND('',#3091,.F.);
#3091 = EDGE_LOOP('',(#3092,#3100,#3101,#3102,#3103,#3104));
#3092 = ORIENTED_EDGE('',*,*,#3093,.T.);
#3093 = EDGE_CURVE('',#3094,#2715,#3096,.T.);
#3094 = VERTEX_POINT('',#3095);
#3095 = CARTESIAN_POINT('',(272.01167210421,37.40171,83.376741154151));
#3096 = LINE('',#3097,#3098);
#3097 = CARTESIAN_POINT('',(272.01167210421,37.40171,83.376741154151));
#3098 = VECTOR('',#3099,1.);
#3099 = DIRECTION('',(1.,0.,-4.440892098501E-16));
#3100 = ORIENTED_EDGE('',*,*,#2712,.F.);
#3101 = ORIENTED_EDGE('',*,*,#2723,.F.);
#3102 = ORIENTED_EDGE('',*,*,#2732,.F.);
#3103 = ORIENTED_EDGE('',*,*,#3093,.F.);
#3104 = ORIENTED_EDGE('',*,*,#3105,.T.);
#3105 = EDGE_CURVE('',#3094,#3094,#3106,.T.);
#3106 = CIRCLE('',#3107,1.5);
#3107 = AXIS2_PLACEMENT_3D('',#3108,#3109,#3110);
#3108 = CARTESIAN_POINT('',(272.01167210421,37.40171,84.876741154151));
#3109 = DIRECTION('',(1.,0.,-4.440892098501E-16));
#3110 = DIRECTION('',(-4.440892098501E-16,0.,-1.));
#3111 = CYLINDRICAL_SURFACE('',#3112,1.5);
#3112 = AXIS2_PLACEMENT_3D('',#3113,#3114,#3115);
#3113 = CARTESIAN_POINT('',(272.01167210421,37.40171,84.876741154151));
#3114 = DIRECTION('',(1.,0.,-4.440892098501E-16));
#3115 = DIRECTION('',(-4.440892098501E-16,0.,-1.));
#3116 = ADVANCED_FACE('',(#3117),#3120,.T.);
#3117 = FACE_BOUND('',#3118,.F.);
#3118 = EDGE_LOOP('',(#3119));
#3119 = ORIENTED_EDGE('',*,*,#3105,.F.);
#3120 = PLANE('',#3121);
#3121 = AXIS2_PLACEMENT_3D('',#3122,#3123,#3124);
#3122 = CARTESIAN_POINT('',(272.01167210421,37.40171,84.876741154151));
#3123 = DIRECTION('',(1.,0.,-4.440892098501E-16));
#3124 = DIRECTION('',(-4.440892098501E-16,0.,-1.));
#3125 = ADVANCED_FACE('',(#3126),#3147,.F.);
#3126 = FACE_BOUND('',#3127,.F.);
#3127 = EDGE_LOOP('',(#3128,#3136,#3137,#3138,#3139,#3140));
#3128 = ORIENTED_EDGE('',*,*,#3129,.T.);
#3129 = EDGE_CURVE('',#3130,#2744,#3132,.T.);
#3130 = VERTEX_POINT('',#3131);
#3131 = CARTESIAN_POINT('',(272.01167210421,-21.05064,111.69762115415));
#3132 = LINE('',#3133,#3134);
#3133 = CARTESIAN_POINT('',(272.01167210421,-21.05064,111.69762115415));
#3134 = VECTOR('',#3135,1.);
#3135 = DIRECTION('',(1.,0.,-4.440892098501E-16));
#3136 = ORIENTED_EDGE('',*,*,#2741,.F.);
#3137 = ORIENTED_EDGE('',*,*,#2752,.F.);
#3138 = ORIENTED_EDGE('',*,*,#2761,.F.);
#3139 = ORIENTED_EDGE('',*,*,#3129,.F.);
#3140 = ORIENTED_EDGE('',*,*,#3141,.T.);
#3141 = EDGE_CURVE('',#3130,#3130,#3142,.T.);
#3142 = CIRCLE('',#3143,1.5);
#3143 = AXIS2_PLACEMENT_3D('',#3144,#3145,#3146);
#3144 = CARTESIAN_POINT('',(272.01167210421,-21.05064,113.19762115415));
#3145 = DIRECTION('',(1.,0.,-4.440892098501E-16));
#3146 = DIRECTION('',(-4.440892098501E-16,0.,-1.));
#3147 = CYLINDRICAL_SURFACE('',#3148,1.5);
#3148 = AXIS2_PLACEMENT_3D('',#3149,#3150,#3151);
#3149 = CARTESIAN_POINT('',(272.01167210421,-21.05064,113.19762115415));
#3150 = DIRECTION('',(1.,0.,-4.440892098501E-16));
#3151 = DIRECTION('',(-4.440892098501E-16,0.,-1.));
#3152 = ADVANCED_FACE('',(#3153),#3156,.T.);
#3153 = FACE_BOUND('',#3154,.F.);
#3154 = EDGE_LOOP('',(#3155));
#3155 = ORIENTED_EDGE('',*,*,#3141,.F.);
#3156 = PLANE('',#3157);
#3157 = AXIS2_PLACEMENT_3D('',#3158,#3159,#3160);
#3158 = CARTESIAN_POINT('',(272.01167210421,-21.05064,113.19762115415));
#3159 = DIRECTION('',(1.,0.,-4.440892098501E-16));
#3160 = DIRECTION('',(-4.440892098501E-16,0.,-1.));
#3161 = ADVANCED_FACE('',(#3162),#3183,.F.);
#3162 = FACE_BOUND('',#3163,.F.);
#3163 = EDGE_LOOP('',(#3164,#3172,#3173,#3174,#3175,#3176));
#3164 = ORIENTED_EDGE('',*,*,#3165,.T.);
#3165 = EDGE_CURVE('',#3166,#2773,#3168,.T.);
#3166 = VERTEX_POINT('',#3167);
#3167 = CARTESIAN_POINT('',(272.01167210421,26.9073,106.78331115415));
#3168 = LINE('',#3169,#3170);
#3169 = CARTESIAN_POINT('',(272.01167210421,26.9073,106.78331115415));
#3170 = VECTOR('',#3171,1.);
#3171 = DIRECTION('',(1.,0.,-4.440892098501E-16));
#3172 = ORIENTED_EDGE('',*,*,#2770,.F.);
#3173 = ORIENTED_EDGE('',*,*,#2781,.F.);
#3174 = ORIENTED_EDGE('',*,*,#2790,.F.);
#3175 = ORIENTED_EDGE('',*,*,#3165,.F.);
#3176 = ORIENTED_EDGE('',*,*,#3177,.T.);
#3177 = EDGE_CURVE('',#3166,#3166,#3178,.T.);
#3178 = CIRCLE('',#3179,1.5);
#3179 = AXIS2_PLACEMENT_3D('',#3180,#3181,#3182);
#3180 = CARTESIAN_POINT('',(272.01167210421,26.9073,108.28331115415));
#3181 = DIRECTION('',(1.,0.,-4.440892098501E-16));
#3182 = DIRECTION('',(-4.440892098501E-16,0.,-1.));
#3183 = CYLINDRICAL_SURFACE('',#3184,1.5);
#3184 = AXIS2_PLACEMENT_3D('',#3185,#3186,#3187);
#3185 = CARTESIAN_POINT('',(272.01167210421,26.9073,108.28331115415));
#3186 = DIRECTION('',(1.,0.,-4.440892098501E-16));
#3187 = DIRECTION('',(-4.440892098501E-16,0.,-1.));
#3188 = ADVANCED_FACE('',(#3189),#3192,.T.);
#3189 = FACE_BOUND('',#3190,.F.);
#3190 = EDGE_LOOP('',(#3191));
#3191 = ORIENTED_EDGE('',*,*,#3177,.F.);
#3192 = PLANE('',#3193);
#3193 = AXIS2_PLACEMENT_3D('',#3194,#3195,#3196);
#3194 = CARTESIAN_POINT('',(272.01167210421,26.9073,108.28331115415));
#3195 = DIRECTION('',(1.,0.,-4.440892098501E-16));
#3196 = DIRECTION('',(-4.440892098501E-16,0.,-1.));
#3197 = ADVANCED_FACE('',(#3198),#3219,.F.);
#3198 = FACE_BOUND('',#3199,.F.);
#3199 = EDGE_LOOP('',(#3200,#3208,#3209,#3210,#3211,#3212));
#3200 = ORIENTED_EDGE('',*,*,#3201,.T.);
#3201 = EDGE_CURVE('',#3202,#2802,#3204,.T.);
#3202 = VERTEX_POINT('',#3203);
#3203 = CARTESIAN_POINT('',(272.01167210421,3.82266,117.96809115415));
#3204 = LINE('',#3205,#3206);
#3205 = CARTESIAN_POINT('',(272.01167210421,3.82266,117.96809115415));
#3206 = VECTOR('',#3207,1.);
#3207 = DIRECTION('',(1.,0.,-4.440892098501E-16));
#3208 = ORIENTED_EDGE('',*,*,#2799,.F.);
#3209 = ORIENTED_EDGE('',*,*,#2810,.F.);
#3210 = ORIENTED_EDGE('',*,*,#2819,.F.);
#3211 = ORIENTED_EDGE('',*,*,#3201,.F.);
#3212 = ORIENTED_EDGE('',*,*,#3213,.T.);
#3213 = EDGE_CURVE('',#3202,#3202,#3214,.T.);
#3214 = CIRCLE('',#3215,1.5);
#3215 = AXIS2_PLACEMENT_3D('',#3216,#3217,#3218);
#3216 = CARTESIAN_POINT('',(272.01167210421,3.82266,119.46809115415));
#3217 = DIRECTION('',(1.,0.,-4.440892098501E-16));
#3218 = DIRECTION('',(-4.440892098501E-16,0.,-1.));
#3219 = CYLINDRICAL_SURFACE('',#3220,1.5);
#3220 = AXIS2_PLACEMENT_3D('',#3221,#3222,#3223);
#3221 = CARTESIAN_POINT('',(272.01167210421,3.82266,119.46809115415));
#3222 = DIRECTION('',(1.,0.,-4.440892098501E-16));
#3223 = DIRECTION('',(-4.440892098501E-16,0.,-1.));
#3224 = ADVANCED_FACE('',(#3225),#3228,.T.);
#3225 = FACE_BOUND('',#3226,.F.);
#3226 = EDGE_LOOP('',(#3227));
#3227 = ORIENTED_EDGE('',*,*,#3213,.F.);
#3228 = PLANE('',#3229);
#3229 = AXIS2_PLACEMENT_3D('',#3230,#3231,#3232);
#3230 = CARTESIAN_POINT('',(272.01167210421,3.82266,119.46809115415));
#3231 = DIRECTION('',(1.,0.,-4.440892098501E-16));
#3232 = DIRECTION('',(-4.440892098501E-16,0.,-1.));
#3233 = ADVANCED_FACE('',(#3234),#3252,.T.);
#3234 = FACE_BOUND('',#3235,.T.);
#3235 = EDGE_LOOP('',(#3236,#3237,#3243,#3244,#3245,#3251));
#3236 = ORIENTED_EDGE('',*,*,#2083,.T.);
#3237 = ORIENTED_EDGE('',*,*,#3238,.T.);
#3238 = EDGE_CURVE('',#2075,#2469,#3239,.T.);
#3239 = LINE('',#3240,#3241);
#3240 = CARTESIAN_POINT('',(255.01167210421,6.23082851842,
    45.184707049614));
#3241 = VECTOR('',#3242,1.);
#3242 = DIRECTION('',(1.,0.,-4.440892098501E-16));
#3243 = ORIENTED_EDGE('',*,*,#2468,.F.);
#3244 = ORIENTED_EDGE('',*,*,#2457,.F.);
#3245 = ORIENTED_EDGE('',*,*,#3246,.F.);
#3246 = EDGE_CURVE('',#1894,#2458,#3247,.T.);
#3247 = LINE('',#3248,#3249);
#3248 = CARTESIAN_POINT('',(255.01167210421,-13.6011093284,
    47.216913071425));
#3249 = VECTOR('',#3250,1.);
#3250 = DIRECTION('',(1.,0.,-4.440892098501E-16));
#3251 = ORIENTED_EDGE('',*,*,#1893,.T.);
#3252 = CYLINDRICAL_SURFACE('',#3253,37.5);
#3253 = AXIS2_PLACEMENT_3D('',#3254,#3255,#3256);
#3254 = CARTESIAN_POINT('',(255.01167210421,0.,82.163441154151));
#3255 = DIRECTION('',(1.,0.,-4.440892098501E-16));
#3256 = DIRECTION('',(-4.440892098501E-16,0.,-1.));
#3257 = ADVANCED_FACE('',(#3258),#3266,.T.);
#3258 = FACE_BOUND('',#3259,.T.);
#3259 = EDGE_LOOP('',(#3260,#3261,#3262,#3263,#3264,#3265));
#3260 = ORIENTED_EDGE('',*,*,#2538,.F.);
#3261 = ORIENTED_EDGE('',*,*,#1851,.F.);
#3262 = ORIENTED_EDGE('',*,*,#1913,.T.);
#3263 = ORIENTED_EDGE('',*,*,#1904,.T.);
#3264 = ORIENTED_EDGE('',*,*,#3246,.T.);
#3265 = ORIENTED_EDGE('',*,*,#2547,.F.);
#3266 = CYLINDRICAL_SURFACE('',#3267,3.);
#3267 = AXIS2_PLACEMENT_3D('',#3268,#3269,#3270);
#3268 = CARTESIAN_POINT('',(255.01167210421,-16.35107,48.415961154151));
#3269 = DIRECTION('',(1.,0.,-4.440892098501E-16));
#3270 = DIRECTION('',(-4.440892098501E-16,0.,-1.));
#3271 = ADVANCED_FACE('',(#3272),#3280,.T.);
#3272 = FACE_BOUND('',#3273,.T.);
#3273 = EDGE_LOOP('',(#3274,#3275,#3276,#3277,#3278,#3279));
#3274 = ORIENTED_EDGE('',*,*,#2065,.T.);
#3275 = ORIENTED_EDGE('',*,*,#2402,.T.);
#3276 = ORIENTED_EDGE('',*,*,#2486,.F.);
#3277 = ORIENTED_EDGE('',*,*,#2477,.F.);
#3278 = ORIENTED_EDGE('',*,*,#3238,.F.);
#3279 = ORIENTED_EDGE('',*,*,#2074,.T.);
#3280 = CYLINDRICAL_SURFACE('',#3281,3.);
#3281 = AXIS2_PLACEMENT_3D('',#3282,#3283,#3284);
#3282 = CARTESIAN_POINT('',(255.01167210421,9.16682,45.801111154151));
#3283 = DIRECTION('',(1.,0.,-4.440892098501E-16));
#3284 = DIRECTION('',(-4.440892098501E-16,0.,-1.));
#3285 = ADVANCED_FACE('',(#3286),#3294,.T.);
#3286 = FACE_BOUND('',#3287,.T.);
#3287 = EDGE_LOOP('',(#3288,#3289,#3290,#3291,#3292,#3293));
#3288 = ORIENTED_EDGE('',*,*,#2521,.F.);
#3289 = ORIENTED_EDGE('',*,*,#2109,.F.);
#3290 = ORIENTED_EDGE('',*,*,#1930,.T.);
#3291 = ORIENTED_EDGE('',*,*,#1921,.T.);
#3292 = ORIENTED_EDGE('',*,*,#1870,.T.);
#3293 = ORIENTED_EDGE('',*,*,#2530,.F.);
#3294 = CYLINDRICAL_SURFACE('',#3295,3.);
#3295 = AXIS2_PLACEMENT_3D('',#3296,#3297,#3298);
#3296 = CARTESIAN_POINT('',(255.01167210421,-34.21811,66.821631154151));
#3297 = DIRECTION('',(1.,0.,-4.440892098501E-16));
#3298 = DIRECTION('',(-4.440892098501E-16,0.,-1.));
#3299 = ADVANCED_FACE('',(#3300),#3308,.T.);
#3300 = FACE_BOUND('',#3301,.T.);
#3301 = EDGE_LOOP('',(#3302,#3303,#3304,#3305,#3306,#3307));
#3302 = ORIENTED_EDGE('',*,*,#2494,.F.);
#3303 = ORIENTED_EDGE('',*,*,#2409,.F.);
#3304 = ORIENTED_EDGE('',*,*,#2047,.T.);
#3305 = ORIENTED_EDGE('',*,*,#2038,.T.);
#3306 = ORIENTED_EDGE('',*,*,#2375,.T.);
#3307 = ORIENTED_EDGE('',*,*,#2503,.F.);
#3308 = CYLINDRICAL_SURFACE('',#3309,3.);
#3309 = AXIS2_PLACEMENT_3D('',#3310,#3311,#3312);
#3310 = CARTESIAN_POINT('',(255.01167210421,30.39545,60.200591154151));
#3311 = DIRECTION('',(1.,0.,-4.440892098501E-16));
#3312 = DIRECTION('',(-4.440892098501E-16,0.,-1.));
#3313 = MANIFOLD_SOLID_BREP('',#3314);
#3314 = CLOSED_SHELL('',(#3315,#3348,#3434,#3454,#3479,#3504,#3529,#3554
    ,#3579,#3596,#3621,#3630,#3639,#3648,#3657,#3666));
#3315 = ADVANCED_FACE('',(#3316),#3343,.T.);
#3316 = FACE_BOUND('',#3317,.T.);
#3317 = EDGE_LOOP('',(#3318,#3327,#3335,#3342));
#3318 = ORIENTED_EDGE('',*,*,#3319,.F.);
#3319 = EDGE_CURVE('',#3320,#3320,#3322,.T.);
#3320 = VERTEX_POINT('',#3321);
#3321 = CARTESIAN_POINT('',(283.01167210421,-3.918869757272E-15,
    66.163441154151));
#3322 = CIRCLE('',#3323,16.);
#3323 = AXIS2_PLACEMENT_3D('',#3324,#3325,#3326);
#3324 = CARTESIAN_POINT('',(283.01167210421,0.,82.163441154151));
#3325 = DIRECTION('',(1.,0.,-4.440892098501E-16));
#3326 = DIRECTION('',(-4.440892098501E-16,0.,-1.));
#3327 = ORIENTED_EDGE('',*,*,#3328,.F.);
#3328 = EDGE_CURVE('',#3329,#3320,#3331,.T.);
#3329 = VERTEX_POINT('',#3330);
#3330 = CARTESIAN_POINT('',(275.01167210421,-3.918869757272E-15,
    66.163441154151));
#3331 = LINE('',#3332,#3333);
#3332 = CARTESIAN_POINT('',(275.01167210421,-3.918869757272E-15,
    66.163441154151));
#3333 = VECTOR('',#3334,1.);
#3334 = DIRECTION('',(1.,0.,-4.440892098501E-16));
#3335 = ORIENTED_EDGE('',*,*,#3336,.T.);
#3336 = EDGE_CURVE('',#3329,#3329,#3337,.T.);
#3337 = CIRCLE('',#3338,16.);
#3338 = AXIS2_PLACEMENT_3D('',#3339,#3340,#3341);
#3339 = CARTESIAN_POINT('',(275.01167210421,0.,82.163441154151));
#3340 = DIRECTION('',(1.,0.,-4.440892098501E-16));
#3341 = DIRECTION('',(-4.440892098501E-16,0.,-1.));
#3342 = ORIENTED_EDGE('',*,*,#3328,.T.);
#3343 = CYLINDRICAL_SURFACE('',#3344,16.);
#3344 = AXIS2_PLACEMENT_3D('',#3345,#3346,#3347);
#3345 = CARTESIAN_POINT('',(275.01167210421,0.,82.163441154151));
#3346 = DIRECTION('',(1.,0.,-4.440892098501E-16));
#3347 = DIRECTION('',(-4.440892098501E-16,0.,-1.));
#3348 = ADVANCED_FACE('',(#3349,#3352,#3363,#3374,#3385,#3396,#3407,
    #3418),#3429,.T.);
#3349 = FACE_BOUND('',#3350,.T.);
#3350 = EDGE_LOOP('',(#3351));
#3351 = ORIENTED_EDGE('',*,*,#3319,.T.);
#3352 = FACE_BOUND('',#3353,.T.);
#3353 = EDGE_LOOP('',(#3354));
#3354 = ORIENTED_EDGE('',*,*,#3355,.F.);
#3355 = EDGE_CURVE('',#3356,#3356,#3358,.T.);
#3356 = VERTEX_POINT('',#3357);
#3357 = CARTESIAN_POINT('',(283.01167210421,-8.52052,88.613341154151));
#3358 = CIRCLE('',#3359,2.);
#3359 = AXIS2_PLACEMENT_3D('',#3360,#3361,#3362);
#3360 = CARTESIAN_POINT('',(283.01167210421,-8.52052,90.613341154151));
#3361 = DIRECTION('',(1.,0.,-4.440892098501E-16));
#3362 = DIRECTION('',(-4.440892098501E-16,0.,-1.));
#3363 = FACE_BOUND('',#3364,.T.);
#3364 = EDGE_LOOP('',(#3365));
#3365 = ORIENTED_EDGE('',*,*,#3366,.F.);
#3366 = EDGE_CURVE('',#3367,#3367,#3369,.T.);
#3367 = VERTEX_POINT('',#3368);
#3368 = CARTESIAN_POINT('',(283.01167210421,-11.57809,77.009411154151));
#3369 = CIRCLE('',#3370,2.);
#3370 = AXIS2_PLACEMENT_3D('',#3371,#3372,#3373);
#3371 = CARTESIAN_POINT('',(283.01167210421,-11.57809,79.009411154151));
#3372 = DIRECTION('',(1.,0.,-4.440892098501E-16));
#3373 = DIRECTION('',(-4.440892098501E-16,0.,-1.));
#3374 = FACE_BOUND('',#3375,.T.);
#3375 = EDGE_LOOP('',(#3376));
#3376 = ORIENTED_EDGE('',*,*,#3377,.F.);
#3377 = EDGE_CURVE('',#3378,#3378,#3380,.T.);
#3378 = VERTEX_POINT('',#3379);
#3379 = CARTESIAN_POINT('',(283.01167210421,-3.05757,68.559511154151));
#3380 = CIRCLE('',#3381,2.);
#3381 = AXIS2_PLACEMENT_3D('',#3382,#3383,#3384);
#3382 = CARTESIAN_POINT('',(283.01167210421,-3.05757,70.559511154151));
#3383 = DIRECTION('',(1.,0.,-4.440892098501E-16));
#3384 = DIRECTION('',(-4.440892098501E-16,0.,-1.));
#3385 = FACE_BOUND('',#3386,.T.);
#3386 = EDGE_LOOP('',(#3387));
#3387 = ORIENTED_EDGE('',*,*,#3388,.F.);
#3388 = EDGE_CURVE('',#3389,#3389,#3391,.T.);
#3389 = VERTEX_POINT('',#3390);
#3390 = CARTESIAN_POINT('',(283.01167210421,3.05757,91.767371154151));
#3391 = CIRCLE('',#3392,2.);
#3392 = AXIS2_PLACEMENT_3D('',#3393,#3394,#3395);
#3393 = CARTESIAN_POINT('',(283.01167210421,3.05757,93.767371154151));
#3394 = DIRECTION('',(1.,0.,-4.440892098501E-16));
#3395 = DIRECTION('',(-4.440892098501E-16,0.,-1.));
#3396 = FACE_BOUND('',#3397,.T.);
#3397 = EDGE_LOOP('',(#3398));
#3398 = ORIENTED_EDGE('',*,*,#3399,.F.);
#3399 = EDGE_CURVE('',#3400,#3400,#3402,.T.);
#3400 = VERTEX_POINT('',#3401);
#3401 = CARTESIAN_POINT('',(283.01167210421,11.57809,83.317471154151));
#3402 = CIRCLE('',#3403,2.);
#3403 = AXIS2_PLACEMENT_3D('',#3404,#3405,#3406);
#3404 = CARTESIAN_POINT('',(283.01167210421,11.57809,85.317471154151));
#3405 = DIRECTION('',(1.,0.,-4.440892098501E-16));
#3406 = DIRECTION('',(-4.440892098501E-16,0.,-1.));
#3407 = FACE_BOUND('',#3408,.T.);
#3408 = EDGE_LOOP('',(#3409));
#3409 = ORIENTED_EDGE('',*,*,#3410,.F.);
#3410 = EDGE_CURVE('',#3411,#3411,#3413,.T.);
#3411 = VERTEX_POINT('',#3412);
#3412 = CARTESIAN_POINT('',(283.01167210421,-1.224646799147E-15,
    77.163441154151));
#3413 = CIRCLE('',#3414,5.);
#3414 = AXIS2_PLACEMENT_3D('',#3415,#3416,#3417);
#3415 = CARTESIAN_POINT('',(283.01167210421,0.,82.163441154151));
#3416 = DIRECTION('',(1.,0.,-4.440892098501E-16));
#3417 = DIRECTION('',(-4.440892098501E-16,0.,-1.));
#3418 = FACE_BOUND('',#3419,.T.);
#3419 = EDGE_LOOP('',(#3420));
#3420 = ORIENTED_EDGE('',*,*,#3421,.F.);
#3421 = EDGE_CURVE('',#3422,#3422,#3424,.T.);
#3422 = VERTEX_POINT('',#3423);
#3423 = CARTESIAN_POINT('',(283.01167210421,8.52051,71.713541154151));
#3424 = CIRCLE('',#3425,2.);
#3425 = AXIS2_PLACEMENT_3D('',#3426,#3427,#3428);
#3426 = CARTESIAN_POINT('',(283.01167210421,8.52051,73.713541154151));
#3427 = DIRECTION('',(1.,0.,-4.440892098501E-16));
#3428 = DIRECTION('',(-4.440892098501E-16,0.,-1.));
#3429 = PLANE('',#3430);
#3430 = AXIS2_PLACEMENT_3D('',#3431,#3432,#3433);
#3431 = CARTESIAN_POINT('',(283.01167210421,0.,82.163441154151));
#3432 = DIRECTION('',(1.,0.,-4.440892098501E-16));
#3433 = DIRECTION('',(-4.440892098501E-16,0.,-1.));
#3434 = ADVANCED_FACE('',(#3435,#3438),#3449,.F.);
#3435 = FACE_BOUND('',#3436,.F.);
#3436 = EDGE_LOOP('',(#3437));
#3437 = ORIENTED_EDGE('',*,*,#3336,.T.);
#3438 = FACE_BOUND('',#3439,.F.);
#3439 = EDGE_LOOP('',(#3440));
#3440 = ORIENTED_EDGE('',*,*,#3441,.F.);
#3441 = EDGE_CURVE('',#3442,#3442,#3444,.T.);
#3442 = VERTEX_POINT('',#3443);
#3443 = CARTESIAN_POINT('',(275.01167210421,-1.224646799147E-15,
    77.163441154151));
#3444 = CIRCLE('',#3445,5.);
#3445 = AXIS2_PLACEMENT_3D('',#3446,#3447,#3448);
#3446 = CARTESIAN_POINT('',(275.01167210421,0.,82.163441154151));
#3447 = DIRECTION('',(1.,0.,-4.440892098501E-16));
#3448 = DIRECTION('',(-4.440892098501E-16,0.,-1.));
#3449 = PLANE('',#3450);
#3450 = AXIS2_PLACEMENT_3D('',#3451,#3452,#3453);
#3451 = CARTESIAN_POINT('',(275.01167210421,0.,82.163441154151));
#3452 = DIRECTION('',(1.,0.,-4.440892098501E-16));
#3453 = DIRECTION('',(-4.440892098501E-16,0.,-1.));
#3454 = ADVANCED_FACE('',(#3455),#3474,.F.);
#3455 = FACE_BOUND('',#3456,.F.);
#3456 = EDGE_LOOP('',(#3457,#3458,#3466,#3473));
#3457 = ORIENTED_EDGE('',*,*,#3355,.F.);
#3458 = ORIENTED_EDGE('',*,*,#3459,.F.);
#3459 = EDGE_CURVE('',#3460,#3356,#3462,.T.);
#3460 = VERTEX_POINT('',#3461);
#3461 = CARTESIAN_POINT('',(277.01167210421,-8.52052,88.613341154151));
#3462 = LINE('',#3463,#3464);
#3463 = CARTESIAN_POINT('',(277.01167210421,-8.52052,88.613341154151));
#3464 = VECTOR('',#3465,1.);
#3465 = DIRECTION('',(1.,0.,-4.440892098501E-16));
#3466 = ORIENTED_EDGE('',*,*,#3467,.T.);
#3467 = EDGE_CURVE('',#3460,#3460,#3468,.T.);
#3468 = CIRCLE('',#3469,2.);
#3469 = AXIS2_PLACEMENT_3D('',#3470,#3471,#3472);
#3470 = CARTESIAN_POINT('',(277.01167210421,-8.52052,90.613341154151));
#3471 = DIRECTION('',(1.,0.,-4.440892098501E-16));
#3472 = DIRECTION('',(-4.440892098501E-16,0.,-1.));
#3473 = ORIENTED_EDGE('',*,*,#3459,.T.);
#3474 = CYLINDRICAL_SURFACE('',#3475,2.);
#3475 = AXIS2_PLACEMENT_3D('',#3476,#3477,#3478);
#3476 = CARTESIAN_POINT('',(277.01167210421,-8.52052,90.613341154151));
#3477 = DIRECTION('',(1.,0.,-4.440892098501E-16));
#3478 = DIRECTION('',(-4.440892098501E-16,0.,-1.));
#3479 = ADVANCED_FACE('',(#3480),#3499,.F.);
#3480 = FACE_BOUND('',#3481,.F.);
#3481 = EDGE_LOOP('',(#3482,#3483,#3491,#3498));
#3482 = ORIENTED_EDGE('',*,*,#3366,.F.);
#3483 = ORIENTED_EDGE('',*,*,#3484,.F.);
#3484 = EDGE_CURVE('',#3485,#3367,#3487,.T.);
#3485 = VERTEX_POINT('',#3486);
#3486 = CARTESIAN_POINT('',(277.01167210421,-11.57809,77.009411154151));
#3487 = LINE('',#3488,#3489);
#3488 = CARTESIAN_POINT('',(277.01167210421,-11.57809,77.009411154151));
#3489 = VECTOR('',#3490,1.);
#3490 = DIRECTION('',(1.,0.,-4.440892098501E-16));
#3491 = ORIENTED_EDGE('',*,*,#3492,.T.);
#3492 = EDGE_CURVE('',#3485,#3485,#3493,.T.);
#3493 = CIRCLE('',#3494,2.);
#3494 = AXIS2_PLACEMENT_3D('',#3495,#3496,#3497);
#3495 = CARTESIAN_POINT('',(277.01167210421,-11.57809,79.009411154151));
#3496 = DIRECTION('',(1.,0.,-4.440892098501E-16));
#3497 = DIRECTION('',(-4.440892098501E-16,0.,-1.));
#3498 = ORIENTED_EDGE('',*,*,#3484,.T.);
#3499 = CYLINDRICAL_SURFACE('',#3500,2.);
#3500 = AXIS2_PLACEMENT_3D('',#3501,#3502,#3503);
#3501 = CARTESIAN_POINT('',(277.01167210421,-11.57809,79.009411154151));
#3502 = DIRECTION('',(1.,0.,-4.440892098501E-16));
#3503 = DIRECTION('',(-4.440892098501E-16,0.,-1.));
#3504 = ADVANCED_FACE('',(#3505),#3524,.F.);
#3505 = FACE_BOUND('',#3506,.F.);
#3506 = EDGE_LOOP('',(#3507,#3508,#3516,#3523));
#3507 = ORIENTED_EDGE('',*,*,#3377,.F.);
#3508 = ORIENTED_EDGE('',*,*,#3509,.F.);
#3509 = EDGE_CURVE('',#3510,#3378,#3512,.T.);
#3510 = VERTEX_POINT('',#3511);
#3511 = CARTESIAN_POINT('',(277.01167210421,-3.05757,68.559511154151));
#3512 = LINE('',#3513,#3514);
#3513 = CARTESIAN_POINT('',(277.01167210421,-3.05757,68.559511154151));
#3514 = VECTOR('',#3515,1.);
#3515 = DIRECTION('',(1.,0.,-4.440892098501E-16));
#3516 = ORIENTED_EDGE('',*,*,#3517,.T.);
#3517 = EDGE_CURVE('',#3510,#3510,#3518,.T.);
#3518 = CIRCLE('',#3519,2.);
#3519 = AXIS2_PLACEMENT_3D('',#3520,#3521,#3522);
#3520 = CARTESIAN_POINT('',(277.01167210421,-3.05757,70.559511154151));
#3521 = DIRECTION('',(1.,0.,-4.440892098501E-16));
#3522 = DIRECTION('',(-4.440892098501E-16,0.,-1.));
#3523 = ORIENTED_EDGE('',*,*,#3509,.T.);
#3524 = CYLINDRICAL_SURFACE('',#3525,2.);
#3525 = AXIS2_PLACEMENT_3D('',#3526,#3527,#3528);
#3526 = CARTESIAN_POINT('',(277.01167210421,-3.05757,70.559511154151));
#3527 = DIRECTION('',(1.,0.,-4.440892098501E-16));
#3528 = DIRECTION('',(-4.440892098501E-16,0.,-1.));
#3529 = ADVANCED_FACE('',(#3530),#3549,.F.);
#3530 = FACE_BOUND('',#3531,.F.);
#3531 = EDGE_LOOP('',(#3532,#3533,#3541,#3548));
#3532 = ORIENTED_EDGE('',*,*,#3388,.F.);
#3533 = ORIENTED_EDGE('',*,*,#3534,.F.);
#3534 = EDGE_CURVE('',#3535,#3389,#3537,.T.);
#3535 = VERTEX_POINT('',#3536);
#3536 = CARTESIAN_POINT('',(277.01167210421,3.05757,91.767371154151));
#3537 = LINE('',#3538,#3539);
#3538 = CARTESIAN_POINT('',(277.01167210421,3.05757,91.767371154151));
#3539 = VECTOR('',#3540,1.);
#3540 = DIRECTION('',(1.,0.,-4.440892098501E-16));
#3541 = ORIENTED_EDGE('',*,*,#3542,.T.);
#3542 = EDGE_CURVE('',#3535,#3535,#3543,.T.);
#3543 = CIRCLE('',#3544,2.);
#3544 = AXIS2_PLACEMENT_3D('',#3545,#3546,#3547);
#3545 = CARTESIAN_POINT('',(277.01167210421,3.05757,93.767371154151));
#3546 = DIRECTION('',(1.,0.,-4.440892098501E-16));
#3547 = DIRECTION('',(-4.440892098501E-16,0.,-1.));
#3548 = ORIENTED_EDGE('',*,*,#3534,.T.);
#3549 = CYLINDRICAL_SURFACE('',#3550,2.);
#3550 = AXIS2_PLACEMENT_3D('',#3551,#3552,#3553);
#3551 = CARTESIAN_POINT('',(277.01167210421,3.05757,93.767371154151));
#3552 = DIRECTION('',(1.,0.,-4.440892098501E-16));
#3553 = DIRECTION('',(-4.440892098501E-16,0.,-1.));
#3554 = ADVANCED_FACE('',(#3555),#3574,.F.);
#3555 = FACE_BOUND('',#3556,.F.);
#3556 = EDGE_LOOP('',(#3557,#3558,#3566,#3573));
#3557 = ORIENTED_EDGE('',*,*,#3399,.F.);
#3558 = ORIENTED_EDGE('',*,*,#3559,.F.);
#3559 = EDGE_CURVE('',#3560,#3400,#3562,.T.);
#3560 = VERTEX_POINT('',#3561);
#3561 = CARTESIAN_POINT('',(277.01167210421,11.57809,83.317471154151));
#3562 = LINE('',#3563,#3564);
#3563 = CARTESIAN_POINT('',(277.01167210421,11.57809,83.317471154151));
#3564 = VECTOR('',#3565,1.);
#3565 = DIRECTION('',(1.,0.,-4.440892098501E-16));
#3566 = ORIENTED_EDGE('',*,*,#3567,.T.);
#3567 = EDGE_CURVE('',#3560,#3560,#3568,.T.);
#3568 = CIRCLE('',#3569,2.);
#3569 = AXIS2_PLACEMENT_3D('',#3570,#3571,#3572);
#3570 = CARTESIAN_POINT('',(277.01167210421,11.57809,85.317471154151));
#3571 = DIRECTION('',(1.,0.,-4.440892098501E-16));
#3572 = DIRECTION('',(-4.440892098501E-16,0.,-1.));
#3573 = ORIENTED_EDGE('',*,*,#3559,.T.);
#3574 = CYLINDRICAL_SURFACE('',#3575,2.);
#3575 = AXIS2_PLACEMENT_3D('',#3576,#3577,#3578);
#3576 = CARTESIAN_POINT('',(277.01167210421,11.57809,85.317471154151));
#3577 = DIRECTION('',(1.,0.,-4.440892098501E-16));
#3578 = DIRECTION('',(-4.440892098501E-16,0.,-1.));
#3579 = ADVANCED_FACE('',(#3580),#3591,.F.);
#3580 = FACE_BOUND('',#3581,.F.);
#3581 = EDGE_LOOP('',(#3582,#3583,#3589,#3590));
#3582 = ORIENTED_EDGE('',*,*,#3410,.F.);
#3583 = ORIENTED_EDGE('',*,*,#3584,.F.);
#3584 = EDGE_CURVE('',#3442,#3411,#3585,.T.);
#3585 = LINE('',#3586,#3587);
#3586 = CARTESIAN_POINT('',(275.01167210421,-1.224646799147E-15,
    77.163441154151));
#3587 = VECTOR('',#3588,1.);
#3588 = DIRECTION('',(1.,0.,-4.440892098501E-16));
#3589 = ORIENTED_EDGE('',*,*,#3441,.T.);
#3590 = ORIENTED_EDGE('',*,*,#3584,.T.);
#3591 = CYLINDRICAL_SURFACE('',#3592,5.);
#3592 = AXIS2_PLACEMENT_3D('',#3593,#3594,#3595);
#3593 = CARTESIAN_POINT('',(275.01167210421,0.,82.163441154151));
#3594 = DIRECTION('',(1.,0.,-4.440892098501E-16));
#3595 = DIRECTION('',(-4.440892098501E-16,0.,-1.));
#3596 = ADVANCED_FACE('',(#3597),#3616,.F.);
#3597 = FACE_BOUND('',#3598,.F.);
#3598 = EDGE_LOOP('',(#3599,#3600,#3608,#3615));
#3599 = ORIENTED_EDGE('',*,*,#3421,.F.);
#3600 = ORIENTED_EDGE('',*,*,#3601,.F.);
#3601 = EDGE_CURVE('',#3602,#3422,#3604,.T.);
#3602 = VERTEX_POINT('',#3603);
#3603 = CARTESIAN_POINT('',(277.01167210421,8.52051,71.713541154151));
#3604 = LINE('',#3605,#3606);
#3605 = CARTESIAN_POINT('',(277.01167210421,8.52051,71.713541154151));
#3606 = VECTOR('',#3607,1.);
#3607 = DIRECTION('',(1.,0.,-4.440892098501E-16));
#3608 = ORIENTED_EDGE('',*,*,#3609,.T.);
#3609 = EDGE_CURVE('',#3602,#3602,#3610,.T.);
#3610 = CIRCLE('',#3611,2.);
#3611 = AXIS2_PLACEMENT_3D('',#3612,#3613,#3614);
#3612 = CARTESIAN_POINT('',(277.01167210421,8.52051,73.713541154151));
#3613 = DIRECTION('',(1.,0.,-4.440892098501E-16));
#3614 = DIRECTION('',(-4.440892098501E-16,0.,-1.));
#3615 = ORIENTED_EDGE('',*,*,#3601,.T.);
#3616 = CYLINDRICAL_SURFACE('',#3617,2.);
#3617 = AXIS2_PLACEMENT_3D('',#3618,#3619,#3620);
#3618 = CARTESIAN_POINT('',(277.01167210421,8.52051,73.713541154151));
#3619 = DIRECTION('',(1.,0.,-4.440892098501E-16));
#3620 = DIRECTION('',(-4.440892098501E-16,0.,-1.));
#3621 = ADVANCED_FACE('',(#3622),#3625,.T.);
#3622 = FACE_BOUND('',#3623,.F.);
#3623 = EDGE_LOOP('',(#3624));
#3624 = ORIENTED_EDGE('',*,*,#3467,.F.);
#3625 = PLANE('',#3626);
#3626 = AXIS2_PLACEMENT_3D('',#3627,#3628,#3629);
#3627 = CARTESIAN_POINT('',(277.01167210421,-8.52052,90.613341154151));
#3628 = DIRECTION('',(1.,0.,-4.440892098501E-16));
#3629 = DIRECTION('',(-4.440892098501E-16,0.,-1.));
#3630 = ADVANCED_FACE('',(#3631),#3634,.T.);
#3631 = FACE_BOUND('',#3632,.F.);
#3632 = EDGE_LOOP('',(#3633));
#3633 = ORIENTED_EDGE('',*,*,#3492,.F.);
#3634 = PLANE('',#3635);
#3635 = AXIS2_PLACEMENT_3D('',#3636,#3637,#3638);
#3636 = CARTESIAN_POINT('',(277.01167210421,-11.57809,79.009411154151));
#3637 = DIRECTION('',(1.,0.,-4.440892098501E-16));
#3638 = DIRECTION('',(-4.440892098501E-16,0.,-1.));
#3639 = ADVANCED_FACE('',(#3640),#3643,.T.);
#3640 = FACE_BOUND('',#3641,.F.);
#3641 = EDGE_LOOP('',(#3642));
#3642 = ORIENTED_EDGE('',*,*,#3517,.F.);
#3643 = PLANE('',#3644);
#3644 = AXIS2_PLACEMENT_3D('',#3645,#3646,#3647);
#3645 = CARTESIAN_POINT('',(277.01167210421,-3.05757,70.559511154151));
#3646 = DIRECTION('',(1.,0.,-4.440892098501E-16));
#3647 = DIRECTION('',(-4.440892098501E-16,0.,-1.));
#3648 = ADVANCED_FACE('',(#3649),#3652,.T.);
#3649 = FACE_BOUND('',#3650,.F.);
#3650 = EDGE_LOOP('',(#3651));
#3651 = ORIENTED_EDGE('',*,*,#3542,.F.);
#3652 = PLANE('',#3653);
#3653 = AXIS2_PLACEMENT_3D('',#3654,#3655,#3656);
#3654 = CARTESIAN_POINT('',(277.01167210421,3.05757,93.767371154151));
#3655 = DIRECTION('',(1.,0.,-4.440892098501E-16));
#3656 = DIRECTION('',(-4.440892098501E-16,0.,-1.));
#3657 = ADVANCED_FACE('',(#3658),#3661,.T.);
#3658 = FACE_BOUND('',#3659,.F.);
#3659 = EDGE_LOOP('',(#3660));
#3660 = ORIENTED_EDGE('',*,*,#3567,.F.);
#3661 = PLANE('',#3662);
#3662 = AXIS2_PLACEMENT_3D('',#3663,#3664,#3665);
#3663 = CARTESIAN_POINT('',(277.01167210421,11.57809,85.317471154151));
#3664 = DIRECTION('',(1.,0.,-4.440892098501E-16));
#3665 = DIRECTION('',(-4.440892098501E-16,0.,-1.));
#3666 = ADVANCED_FACE('',(#3667),#3670,.T.);
#3667 = FACE_BOUND('',#3668,.F.);
#3668 = EDGE_LOOP('',(#3669));
#3669 = ORIENTED_EDGE('',*,*,#3609,.F.);
#3670 = PLANE('',#3671);
#3671 = AXIS2_PLACEMENT_3D('',#3672,#3673,#3674);
#3672 = CARTESIAN_POINT('',(277.01167210421,8.52051,73.713541154151));
#3673 = DIRECTION('',(1.,0.,-4.440892098501E-16));
#3674 = DIRECTION('',(-4.440892098501E-16,0.,-1.));
#3675 = MANIFOLD_SOLID_BREP('',#3676);
#3676 = CLOSED_SHELL('',(#3677,#3717,#3826,#3857,#3882,#3907,#3956,#3981
    ,#4006,#4029,#4050,#4205,#4230,#4255,#4280,#4305,#4330,#4355,#4380,
    #4405,#4547,#4572,#4581,#4606,#4615,#4642,#4651,#4665));
#3677 = ADVANCED_FACE('',(#3678),#3712,.T.);
#3678 = FACE_BOUND('',#3679,.T.);
#3679 = EDGE_LOOP('',(#3680,#3690,#3698,#3706));
#3680 = ORIENTED_EDGE('',*,*,#3681,.F.);
#3681 = EDGE_CURVE('',#3682,#3684,#3686,.T.);
#3682 = VERTEX_POINT('',#3683);
#3683 = CARTESIAN_POINT('',(211.01167210421,-3.,132.16344115415));
#3684 = VERTEX_POINT('',#3685);
#3685 = CARTESIAN_POINT('',(211.01167210421,3.,132.16344115415));
#3686 = LINE('',#3687,#3688);
#3687 = CARTESIAN_POINT('',(211.01167210421,-3.,132.16344115415));
#3688 = VECTOR('',#3689,1.);
#3689 = DIRECTION('',(0.,1.,0.));
#3690 = ORIENTED_EDGE('',*,*,#3691,.T.);
#3691 = EDGE_CURVE('',#3682,#3692,#3694,.T.);
#3692 = VERTEX_POINT('',#3693);
#3693 = CARTESIAN_POINT('',(211.01167210421,-3.,123.87674838338));
#3694 = LINE('',#3695,#3696);
#3695 = CARTESIAN_POINT('',(211.01167210421,-3.,132.16344115415));
#3696 = VECTOR('',#3697,1.);
#3697 = DIRECTION('',(2.22044604925E-16,0.,-1.));
#3698 = ORIENTED_EDGE('',*,*,#3699,.T.);
#3699 = EDGE_CURVE('',#3692,#3700,#3702,.T.);
#3700 = VERTEX_POINT('',#3701);
#3701 = CARTESIAN_POINT('',(211.01167210421,3.,123.87674838338));
#3702 = LINE('',#3703,#3704);
#3703 = CARTESIAN_POINT('',(211.01167210421,-3.,123.87674838337));
#3704 = VECTOR('',#3705,1.);
#3705 = DIRECTION('',(-2.22044604925E-16,1.,-4.930380657631E-32));
#3706 = ORIENTED_EDGE('',*,*,#3707,.F.);
#3707 = EDGE_CURVE('',#3684,#3700,#3708,.T.);
#3708 = LINE('',#3709,#3710);
#3709 = CARTESIAN_POINT('',(211.01167210421,3.,132.16344115415));
#3710 = VECTOR('',#3711,1.);
#3711 = DIRECTION('',(2.22044604925E-16,0.,-1.));
#3712 = PLANE('',#3713);
#3713 = AXIS2_PLACEMENT_3D('',#3714,#3715,#3716);
#3714 = CARTESIAN_POINT('',(211.01167210421,-3.,132.16344115415));
#3715 = DIRECTION('',(1.,0.,2.22044604925E-16));
#3716 = DIRECTION('',(2.22044604925E-16,0.,-1.));
#3717 = ADVANCED_FACE('',(#3718,#3729,#3740,#3799,#3810),#3821,.T.);
#3718 = FACE_BOUND('',#3719,.T.);
#3719 = EDGE_LOOP('',(#3720));
#3720 = ORIENTED_EDGE('',*,*,#3721,.T.);
#3721 = EDGE_CURVE('',#3722,#3722,#3724,.T.);
#3722 = VERTEX_POINT('',#3723);
#3723 = CARTESIAN_POINT('',(222.01167210421,6.123233995737E-15,
    132.16344115415));
#3724 = CIRCLE('',#3725,25.);
#3725 = AXIS2_PLACEMENT_3D('',#3726,#3727,#3728);
#3726 = CARTESIAN_POINT('',(197.01167210421,0.,132.16344115415));
#3727 = DIRECTION('',(2.22044604925E-16,0.,-1.));
#3728 = DIRECTION('',(1.,0.,2.22044604925E-16));
#3729 = FACE_BOUND('',#3730,.T.);
#3730 = EDGE_LOOP('',(#3731));
#3731 = ORIENTED_EDGE('',*,*,#3732,.F.);
#3732 = EDGE_CURVE('',#3733,#3733,#3735,.T.);
#3733 = VERTEX_POINT('',#3734);
#3734 = CARTESIAN_POINT('',(189.26167210421,17.320508075689,
    132.16344115415));
#3735 = CIRCLE('',#3736,2.25);
#3736 = AXIS2_PLACEMENT_3D('',#3737,#3738,#3739);
#3737 = CARTESIAN_POINT('',(187.01167210421,17.320508075689,
    132.16344115415));
#3738 = DIRECTION('',(2.22044604925E-16,0.,-1.));
#3739 = DIRECTION('',(1.,0.,2.22044604925E-16));
#3740 = FACE_BOUND('',#3741,.T.);
#3741 = EDGE_LOOP('',(#3742,#3753,#3759,#3760,#3768,#3777,#3785,#3793));
#3742 = ORIENTED_EDGE('',*,*,#3743,.F.);
#3743 = EDGE_CURVE('',#3744,#3746,#3748,.T.);
#3744 = VERTEX_POINT('',#3745);
#3745 = CARTESIAN_POINT('',(204.64318571554,-3.,132.16344115415));
#3746 = VERTEX_POINT('',#3747);
#3747 = CARTESIAN_POINT('',(189.38015849287,-3.,132.16344115415));
#3748 = CIRCLE('',#3749,8.2);
#3749 = AXIS2_PLACEMENT_3D('',#3750,#3751,#3752);
#3750 = CARTESIAN_POINT('',(197.01167210421,0.,132.16344115415));
#3751 = DIRECTION('',(2.22044604925E-16,0.,-1.));
#3752 = DIRECTION('',(1.,0.,2.22044604925E-16));
#3753 = ORIENTED_EDGE('',*,*,#3754,.T.);
#3754 = EDGE_CURVE('',#3744,#3682,#3755,.T.);
#3755 = LINE('',#3756,#3757);
#3756 = CARTESIAN_POINT('',(183.01167210421,-3.,132.16344115415));
#3757 = VECTOR('',#3758,1.);
#3758 = DIRECTION('',(1.,0.,2.22044604925E-16));
#3759 = ORIENTED_EDGE('',*,*,#3681,.T.);
#3760 = ORIENTED_EDGE('',*,*,#3761,.F.);
#3761 = EDGE_CURVE('',#3762,#3684,#3764,.T.);
#3762 = VERTEX_POINT('',#3763);
#3763 = CARTESIAN_POINT('',(204.64318571554,3.,132.16344115415));
#3764 = LINE('',#3765,#3766);
#3765 = CARTESIAN_POINT('',(183.01167210421,3.,132.16344115415));
#3766 = VECTOR('',#3767,1.);
#3767 = DIRECTION('',(1.,0.,2.22044604925E-16));
#3768 = ORIENTED_EDGE('',*,*,#3769,.F.);
#3769 = EDGE_CURVE('',#3770,#3762,#3772,.T.);
#3770 = VERTEX_POINT('',#3771);
#3771 = CARTESIAN_POINT('',(189.38015849287,3.,132.16344115415));
#3772 = CIRCLE('',#3773,8.2);
#3773 = AXIS2_PLACEMENT_3D('',#3774,#3775,#3776);
#3774 = CARTESIAN_POINT('',(197.01167210421,0.,132.16344115415));
#3775 = DIRECTION('',(2.22044604925E-16,0.,-1.));
#3776 = DIRECTION('',(1.,0.,2.22044604925E-16));
#3777 = ORIENTED_EDGE('',*,*,#3778,.F.);
#3778 = EDGE_CURVE('',#3779,#3770,#3781,.T.);
#3779 = VERTEX_POINT('',#3780);
#3780 = CARTESIAN_POINT('',(183.01167210421,3.,132.16344115415));
#3781 = LINE('',#3782,#3783);
#3782 = CARTESIAN_POINT('',(183.01167210421,3.,132.16344115415));
#3783 = VECTOR('',#3784,1.);
#3784 = DIRECTION('',(1.,0.,2.22044604925E-16));
#3785 = ORIENTED_EDGE('',*,*,#3786,.F.);
#3786 = EDGE_CURVE('',#3787,#3779,#3789,.T.);
#3787 = VERTEX_POINT('',#3788);
#3788 = CARTESIAN_POINT('',(183.01167210421,-3.,132.16344115415));
#3789 = LINE('',#3790,#3791);
#3790 = CARTESIAN_POINT('',(183.01167210421,-3.,132.16344115415));
#3791 = VECTOR('',#3792,1.);
#3792 = DIRECTION('',(0.,1.,0.));
#3793 = ORIENTED_EDGE('',*,*,#3794,.T.);
#3794 = EDGE_CURVE('',#3787,#3746,#3795,.T.);
#3795 = LINE('',#3796,#3797);
#3796 = CARTESIAN_POINT('',(183.01167210421,-3.,132.16344115415));
#3797 = VECTOR('',#3798,1.);
#3798 = DIRECTION('',(1.,0.,2.22044604925E-16));
#3799 = FACE_BOUND('',#3800,.T.);
#3800 = EDGE_LOOP('',(#3801));
#3801 = ORIENTED_EDGE('',*,*,#3802,.F.);
#3802 = EDGE_CURVE('',#3803,#3803,#3805,.T.);
#3803 = VERTEX_POINT('',#3804);
#3804 = CARTESIAN_POINT('',(219.26167210421,1.775737858764E-15,
    132.16344115415));
#3805 = CIRCLE('',#3806,2.25);
#3806 = AXIS2_PLACEMENT_3D('',#3807,#3808,#3809);
#3807 = CARTESIAN_POINT('',(217.01167210421,1.224646799147E-15,
    132.16344115415));
#3808 = DIRECTION('',(2.22044604925E-16,0.,-1.));
#3809 = DIRECTION('',(1.,0.,2.22044604925E-16));
#3810 = FACE_BOUND('',#3811,.T.);
#3811 = EDGE_LOOP('',(#3812));
#3812 = ORIENTED_EDGE('',*,*,#3813,.F.);
#3813 = EDGE_CURVE('',#3814,#3814,#3816,.T.);
#3814 = VERTEX_POINT('',#3815);
#3815 = CARTESIAN_POINT('',(189.26167210421,-17.32050807568,
    132.16344115415));
#3816 = CIRCLE('',#3817,2.25);
#3817 = AXIS2_PLACEMENT_3D('',#3818,#3819,#3820);
#3818 = CARTESIAN_POINT('',(187.01167210421,-17.32050807568,
    132.16344115415));
#3819 = DIRECTION('',(2.22044604925E-16,0.,-1.));
#3820 = DIRECTION('',(1.,0.,2.22044604925E-16));
#3821 = PLANE('',#3822);
#3822 = AXIS2_PLACEMENT_3D('',#3823,#3824,#3825);
#3823 = CARTESIAN_POINT('',(197.01167210421,0.,132.16344115415));
#3824 = DIRECTION('',(2.22044604925E-16,0.,-1.));
#3825 = DIRECTION('',(1.,0.,2.22044604925E-16));
#3826 = ADVANCED_FACE('',(#3827),#3852,.F.);
#3827 = FACE_BOUND('',#3828,.F.);
#3828 = EDGE_LOOP('',(#3829,#3830,#3838,#3846));
#3829 = ORIENTED_EDGE('',*,*,#3786,.F.);
#3830 = ORIENTED_EDGE('',*,*,#3831,.T.);
#3831 = EDGE_CURVE('',#3787,#3832,#3834,.T.);
#3832 = VERTEX_POINT('',#3833);
#3833 = CARTESIAN_POINT('',(183.01167210421,-3.,123.87674838338));
#3834 = LINE('',#3835,#3836);
#3835 = CARTESIAN_POINT('',(183.01167210421,-3.,132.16344115415));
#3836 = VECTOR('',#3837,1.);
#3837 = DIRECTION('',(2.22044604925E-16,0.,-1.));
#3838 = ORIENTED_EDGE('',*,*,#3839,.T.);
#3839 = EDGE_CURVE('',#3832,#3840,#3842,.T.);
#3840 = VERTEX_POINT('',#3841);
#3841 = CARTESIAN_POINT('',(183.01167210421,3.,123.87674838338));
#3842 = LINE('',#3843,#3844);
#3843 = CARTESIAN_POINT('',(183.01167210421,-3.,123.87674838337));
#3844 = VECTOR('',#3845,1.);
#3845 = DIRECTION('',(-2.22044604925E-16,1.,-4.930380657631E-32));
#3846 = ORIENTED_EDGE('',*,*,#3847,.F.);
#3847 = EDGE_CURVE('',#3779,#3840,#3848,.T.);
#3848 = LINE('',#3849,#3850);
#3849 = CARTESIAN_POINT('',(183.01167210421,3.,132.16344115415));
#3850 = VECTOR('',#3851,1.);
#3851 = DIRECTION('',(2.22044604925E-16,0.,-1.));
#3852 = PLANE('',#3853);
#3853 = AXIS2_PLACEMENT_3D('',#3854,#3855,#3856);
#3854 = CARTESIAN_POINT('',(183.01167210421,-3.,132.16344115415));
#3855 = DIRECTION('',(1.,0.,2.22044604925E-16));
#3856 = DIRECTION('',(2.22044604925E-16,0.,-1.));
#3857 = ADVANCED_FACE('',(#3858),#3877,.T.);
#3858 = FACE_BOUND('',#3859,.T.);
#3859 = EDGE_LOOP('',(#3860,#3861,#3869,#3876));
#3860 = ORIENTED_EDGE('',*,*,#3721,.F.);
#3861 = ORIENTED_EDGE('',*,*,#3862,.F.);
#3862 = EDGE_CURVE('',#3863,#3722,#3865,.T.);
#3863 = VERTEX_POINT('',#3864);
#3864 = CARTESIAN_POINT('',(222.01167210421,6.123233995737E-15,
    138.16344115415));
#3865 = LINE('',#3866,#3867);
#3866 = CARTESIAN_POINT('',(222.01167210421,6.123233995737E-15,
    138.16344115415));
#3867 = VECTOR('',#3868,1.);
#3868 = DIRECTION('',(2.22044604925E-16,0.,-1.));
#3869 = ORIENTED_EDGE('',*,*,#3870,.T.);
#3870 = EDGE_CURVE('',#3863,#3863,#3871,.T.);
#3871 = CIRCLE('',#3872,25.);
#3872 = AXIS2_PLACEMENT_3D('',#3873,#3874,#3875);
#3873 = CARTESIAN_POINT('',(197.01167210421,0.,138.16344115415));
#3874 = DIRECTION('',(2.22044604925E-16,0.,-1.));
#3875 = DIRECTION('',(1.,0.,2.22044604925E-16));
#3876 = ORIENTED_EDGE('',*,*,#3862,.T.);
#3877 = CYLINDRICAL_SURFACE('',#3878,25.);
#3878 = AXIS2_PLACEMENT_3D('',#3879,#3880,#3881);
#3879 = CARTESIAN_POINT('',(197.01167210421,0.,138.16344115415));
#3880 = DIRECTION('',(2.22044604925E-16,0.,-1.));
#3881 = DIRECTION('',(1.,0.,2.22044604925E-16));
#3882 = ADVANCED_FACE('',(#3883),#3902,.F.);
#3883 = FACE_BOUND('',#3884,.F.);
#3884 = EDGE_LOOP('',(#3885,#3886,#3894,#3901));
#3885 = ORIENTED_EDGE('',*,*,#3732,.F.);
#3886 = ORIENTED_EDGE('',*,*,#3887,.F.);
#3887 = EDGE_CURVE('',#3888,#3733,#3890,.T.);
#3888 = VERTEX_POINT('',#3889);
#3889 = CARTESIAN_POINT('',(189.26167210421,17.320508075689,
    138.16344115415));
#3890 = LINE('',#3891,#3892);
#3891 = CARTESIAN_POINT('',(189.26167210421,17.320508075689,
    138.16344115415));
#3892 = VECTOR('',#3893,1.);
#3893 = DIRECTION('',(2.22044604925E-16,0.,-1.));
#3894 = ORIENTED_EDGE('',*,*,#3895,.T.);
#3895 = EDGE_CURVE('',#3888,#3888,#3896,.T.);
#3896 = CIRCLE('',#3897,2.25);
#3897 = AXIS2_PLACEMENT_3D('',#3898,#3899,#3900);
#3898 = CARTESIAN_POINT('',(187.01167210421,17.320508075689,
    138.16344115415));
#3899 = DIRECTION('',(2.22044604925E-16,0.,-1.));
#3900 = DIRECTION('',(1.,0.,2.22044604925E-16));
#3901 = ORIENTED_EDGE('',*,*,#3887,.T.);
#3902 = CYLINDRICAL_SURFACE('',#3903,2.25);
#3903 = AXIS2_PLACEMENT_3D('',#3904,#3905,#3906);
#3904 = CARTESIAN_POINT('',(187.01167210421,17.320508075689,
    138.16344115415));
#3905 = DIRECTION('',(2.22044604925E-16,0.,-1.));
#3906 = DIRECTION('',(1.,0.,2.22044604925E-16));
#3907 = ADVANCED_FACE('',(#3908),#3951,.F.);
#3908 = FACE_BOUND('',#3909,.F.);
#3909 = EDGE_LOOP('',(#3910,#3920,#3927,#3928,#3935,#3936,#3943,#3944));
#3910 = ORIENTED_EDGE('',*,*,#3911,.T.);
#3911 = EDGE_CURVE('',#3912,#3914,#3916,.T.);
#3912 = VERTEX_POINT('',#3913);
#3913 = CARTESIAN_POINT('',(205.21167210421,2.008420750602E-15,
    138.16344115415));
#3914 = VERTEX_POINT('',#3915);
#3915 = CARTESIAN_POINT('',(205.21167210421,2.008420750602E-15,
    132.16344115415));
#3916 = LINE('',#3917,#3918);
#3917 = CARTESIAN_POINT('',(205.21167210421,2.008420750602E-15,
    138.16344115415));
#3918 = VECTOR('',#3919,1.);
#3919 = DIRECTION('',(2.22044604925E-16,0.,-1.));
#3920 = ORIENTED_EDGE('',*,*,#3921,.F.);
#3921 = EDGE_CURVE('',#3762,#3914,#3922,.T.);
#3922 = CIRCLE('',#3923,8.2);
#3923 = AXIS2_PLACEMENT_3D('',#3924,#3925,#3926);
#3924 = CARTESIAN_POINT('',(197.01167210421,0.,132.16344115415));
#3925 = DIRECTION('',(2.22044604925E-16,0.,-1.));
#3926 = DIRECTION('',(1.,0.,2.22044604925E-16));
#3927 = ORIENTED_EDGE('',*,*,#3769,.F.);
#3928 = ORIENTED_EDGE('',*,*,#3929,.F.);
#3929 = EDGE_CURVE('',#3746,#3770,#3930,.T.);
#3930 = CIRCLE('',#3931,8.2);
#3931 = AXIS2_PLACEMENT_3D('',#3932,#3933,#3934);
#3932 = CARTESIAN_POINT('',(197.01167210421,0.,132.16344115415));
#3933 = DIRECTION('',(2.22044604925E-16,0.,-1.));
#3934 = DIRECTION('',(1.,0.,2.22044604925E-16));
#3935 = ORIENTED_EDGE('',*,*,#3743,.F.);
#3936 = ORIENTED_EDGE('',*,*,#3937,.F.);
#3937 = EDGE_CURVE('',#3914,#3744,#3938,.T.);
#3938 = CIRCLE('',#3939,8.2);
#3939 = AXIS2_PLACEMENT_3D('',#3940,#3941,#3942);
#3940 = CARTESIAN_POINT('',(197.01167210421,0.,132.16344115415));
#3941 = DIRECTION('',(2.22044604925E-16,0.,-1.));
#3942 = DIRECTION('',(1.,0.,2.22044604925E-16));
#3943 = ORIENTED_EDGE('',*,*,#3911,.F.);
#3944 = ORIENTED_EDGE('',*,*,#3945,.T.);
#3945 = EDGE_CURVE('',#3912,#3912,#3946,.T.);
#3946 = CIRCLE('',#3947,8.2);
#3947 = AXIS2_PLACEMENT_3D('',#3948,#3949,#3950);
#3948 = CARTESIAN_POINT('',(197.01167210421,0.,138.16344115415));
#3949 = DIRECTION('',(2.22044604925E-16,0.,-1.));
#3950 = DIRECTION('',(1.,0.,2.22044604925E-16));
#3951 = CYLINDRICAL_SURFACE('',#3952,8.2);
#3952 = AXIS2_PLACEMENT_3D('',#3953,#3954,#3955);
#3953 = CARTESIAN_POINT('',(197.01167210421,0.,138.16344115415));
#3954 = DIRECTION('',(2.22044604925E-16,0.,-1.));
#3955 = DIRECTION('',(1.,0.,2.22044604925E-16));
#3956 = ADVANCED_FACE('',(#3957),#3976,.F.);
#3957 = FACE_BOUND('',#3958,.F.);
#3958 = EDGE_LOOP('',(#3959,#3960,#3968,#3975));
#3959 = ORIENTED_EDGE('',*,*,#3802,.F.);
#3960 = ORIENTED_EDGE('',*,*,#3961,.F.);
#3961 = EDGE_CURVE('',#3962,#3803,#3964,.T.);
#3962 = VERTEX_POINT('',#3963);
#3963 = CARTESIAN_POINT('',(219.26167210421,1.775737858764E-15,
    138.16344115415));
#3964 = LINE('',#3965,#3966);
#3965 = CARTESIAN_POINT('',(219.26167210421,1.775737858764E-15,
    138.16344115415));
#3966 = VECTOR('',#3967,1.);
#3967 = DIRECTION('',(2.22044604925E-16,0.,-1.));
#3968 = ORIENTED_EDGE('',*,*,#3969,.T.);
#3969 = EDGE_CURVE('',#3962,#3962,#3970,.T.);
#3970 = CIRCLE('',#3971,2.25);
#3971 = AXIS2_PLACEMENT_3D('',#3972,#3973,#3974);
#3972 = CARTESIAN_POINT('',(217.01167210421,1.224646799147E-15,
    138.16344115415));
#3973 = DIRECTION('',(2.22044604925E-16,0.,-1.));
#3974 = DIRECTION('',(1.,0.,2.22044604925E-16));
#3975 = ORIENTED_EDGE('',*,*,#3961,.T.);
#3976 = CYLINDRICAL_SURFACE('',#3977,2.25);
#3977 = AXIS2_PLACEMENT_3D('',#3978,#3979,#3980);
#3978 = CARTESIAN_POINT('',(217.01167210421,1.224646799147E-15,
    138.16344115415));
#3979 = DIRECTION('',(2.22044604925E-16,0.,-1.));
#3980 = DIRECTION('',(1.,0.,2.22044604925E-16));
#3981 = ADVANCED_FACE('',(#3982),#4001,.F.);
#3982 = FACE_BOUND('',#3983,.F.);
#3983 = EDGE_LOOP('',(#3984,#3985,#3993,#4000));
#3984 = ORIENTED_EDGE('',*,*,#3813,.F.);
#3985 = ORIENTED_EDGE('',*,*,#3986,.F.);
#3986 = EDGE_CURVE('',#3987,#3814,#3989,.T.);
#3987 = VERTEX_POINT('',#3988);
#3988 = CARTESIAN_POINT('',(189.26167210421,-17.32050807568,
    138.16344115415));
#3989 = LINE('',#3990,#3991);
#3990 = CARTESIAN_POINT('',(189.26167210421,-17.32050807568,
    138.16344115415));
#3991 = VECTOR('',#3992,1.);
#3992 = DIRECTION('',(2.22044604925E-16,0.,-1.));
#3993 = ORIENTED_EDGE('',*,*,#3994,.T.);
#3994 = EDGE_CURVE('',#3987,#3987,#3995,.T.);
#3995 = CIRCLE('',#3996,2.25);
#3996 = AXIS2_PLACEMENT_3D('',#3997,#3998,#3999);
#3997 = CARTESIAN_POINT('',(187.01167210421,-17.32050807568,
    138.16344115415));
#3998 = DIRECTION('',(2.22044604925E-16,0.,-1.));
#3999 = DIRECTION('',(1.,0.,2.22044604925E-16));
#4000 = ORIENTED_EDGE('',*,*,#3986,.T.);
#4001 = CYLINDRICAL_SURFACE('',#4002,2.25);
#4002 = AXIS2_PLACEMENT_3D('',#4003,#4004,#4005);
#4003 = CARTESIAN_POINT('',(187.01167210421,-17.32050807568,
    138.16344115415));
#4004 = DIRECTION('',(2.22044604925E-16,0.,-1.));
#4005 = DIRECTION('',(1.,0.,2.22044604925E-16));
#4006 = ADVANCED_FACE('',(#4007),#4024,.F.);
#4007 = FACE_BOUND('',#4008,.F.);
#4008 = EDGE_LOOP('',(#4009,#4015,#4016,#4022,#4023));
#4009 = ORIENTED_EDGE('',*,*,#4010,.F.);
#4010 = EDGE_CURVE('',#3746,#3744,#4011,.T.);
#4011 = LINE('',#4012,#4013);
#4012 = CARTESIAN_POINT('',(183.01167210421,-3.,132.16344115415));
#4013 = VECTOR('',#4014,1.);
#4014 = DIRECTION('',(1.,0.,2.22044604925E-16));
#4015 = ORIENTED_EDGE('',*,*,#3929,.T.);
#4016 = ORIENTED_EDGE('',*,*,#4017,.T.);
#4017 = EDGE_CURVE('',#3770,#3762,#4018,.T.);
#4018 = LINE('',#4019,#4020);
#4019 = CARTESIAN_POINT('',(183.01167210421,3.,132.16344115415));
#4020 = VECTOR('',#4021,1.);
#4021 = DIRECTION('',(1.,0.,2.22044604925E-16));
#4022 = ORIENTED_EDGE('',*,*,#3921,.T.);
#4023 = ORIENTED_EDGE('',*,*,#3937,.T.);
#4024 = PLANE('',#4025);
#4025 = AXIS2_PLACEMENT_3D('',#4026,#4027,#4028);
#4026 = CARTESIAN_POINT('',(183.01167210421,-3.,132.16344115415));
#4027 = DIRECTION('',(2.22044604925E-16,0.,-1.));
#4028 = DIRECTION('',(1.,0.,2.22044604925E-16));
#4029 = ADVANCED_FACE('',(#4030,#4033,#4036,#4039,#4042),#4045,.F.);
#4030 = FACE_BOUND('',#4031,.F.);
#4031 = EDGE_LOOP('',(#4032));
#4032 = ORIENTED_EDGE('',*,*,#3870,.T.);
#4033 = FACE_BOUND('',#4034,.F.);
#4034 = EDGE_LOOP('',(#4035));
#4035 = ORIENTED_EDGE('',*,*,#3895,.F.);
#4036 = FACE_BOUND('',#4037,.F.);
#4037 = EDGE_LOOP('',(#4038));
#4038 = ORIENTED_EDGE('',*,*,#3945,.F.);
#4039 = FACE_BOUND('',#4040,.F.);
#4040 = EDGE_LOOP('',(#4041));
#4041 = ORIENTED_EDGE('',*,*,#3969,.F.);
#4042 = FACE_BOUND('',#4043,.F.);
#4043 = EDGE_LOOP('',(#4044));
#4044 = ORIENTED_EDGE('',*,*,#3994,.F.);
#4045 = PLANE('',#4046);
#4046 = AXIS2_PLACEMENT_3D('',#4047,#4048,#4049);
#4047 = CARTESIAN_POINT('',(197.01167210421,0.,138.16344115415));
#4048 = DIRECTION('',(2.22044604925E-16,0.,-1.));
#4049 = DIRECTION('',(1.,0.,2.22044604925E-16));
#4050 = ADVANCED_FACE('',(#4051,#4074,#4112,#4123,#4134,#4145,#4156,
    #4167,#4178,#4189),#4200,.T.);
#4051 = FACE_BOUND('',#4052,.T.);
#4052 = EDGE_LOOP('',(#4053,#4062,#4063,#4064,#4065,#4066,#4067));
#4053 = ORIENTED_EDGE('',*,*,#4054,.F.);
#4054 = EDGE_CURVE('',#3692,#4055,#4057,.T.);
#4055 = VERTEX_POINT('',#4056);
#4056 = CARTESIAN_POINT('',(197.01167210421,-3.,38.163441154151));
#4057 = CIRCLE('',#4058,44.);
#4058 = AXIS2_PLACEMENT_3D('',#4059,#4060,#4061);
#4059 = CARTESIAN_POINT('',(197.01167210421,-3.,82.163441154151));
#4060 = DIRECTION('',(-2.22044604925E-16,1.,-4.930380657631E-32));
#4061 = DIRECTION('',(2.22044604925E-16,0.,-1.));
#4062 = ORIENTED_EDGE('',*,*,#3691,.F.);
#4063 = ORIENTED_EDGE('',*,*,#3754,.F.);
#4064 = ORIENTED_EDGE('',*,*,#4010,.F.);
#4065 = ORIENTED_EDGE('',*,*,#3794,.F.);
#4066 = ORIENTED_EDGE('',*,*,#3831,.T.);
#4067 = ORIENTED_EDGE('',*,*,#4068,.F.);
#4068 = EDGE_CURVE('',#4055,#3832,#4069,.T.);
#4069 = CIRCLE('',#4070,44.);
#4070 = AXIS2_PLACEMENT_3D('',#4071,#4072,#4073);
#4071 = CARTESIAN_POINT('',(197.01167210421,-3.,82.163441154151));
#4072 = DIRECTION('',(-2.22044604925E-16,1.,-4.930380657631E-32));
#4073 = DIRECTION('',(2.22044604925E-16,0.,-1.));
#4074 = FACE_BOUND('',#4075,.T.);
#4075 = EDGE_LOOP('',(#4076,#4087,#4096,#4105));
#4076 = ORIENTED_EDGE('',*,*,#4077,.T.);
#4077 = EDGE_CURVE('',#4078,#4080,#4082,.T.);
#4078 = VERTEX_POINT('',#4079);
#4079 = CARTESIAN_POINT('',(211.01167210421,-3.,99.134003902628));
#4080 = VERTEX_POINT('',#4081);
#4081 = CARTESIAN_POINT('',(219.01167210421,-3.,82.163441154151));
#4082 = CIRCLE('',#4083,22.);
#4083 = AXIS2_PLACEMENT_3D('',#4084,#4085,#4086);
#4084 = CARTESIAN_POINT('',(197.01167210421,-3.,82.163441154151));
#4085 = DIRECTION('',(-2.22044604925E-16,1.,-4.930380657631E-32));
#4086 = DIRECTION('',(2.22044604925E-16,0.,-1.));
#4087 = ORIENTED_EDGE('',*,*,#4088,.T.);
#4088 = EDGE_CURVE('',#4080,#4089,#4091,.T.);
#4089 = VERTEX_POINT('',#4090);
#4090 = CARTESIAN_POINT('',(197.01167210421,-3.,60.163441154151));
#4091 = CIRCLE('',#4092,22.);
#4092 = AXIS2_PLACEMENT_3D('',#4093,#4094,#4095);
#4093 = CARTESIAN_POINT('',(197.01167210421,-3.,82.163441154151));
#4094 = DIRECTION('',(-2.22044604925E-16,1.,-4.930380657631E-32));
#4095 = DIRECTION('',(2.22044604925E-16,0.,-1.));
#4096 = ORIENTED_EDGE('',*,*,#4097,.T.);
#4097 = EDGE_CURVE('',#4089,#4098,#4100,.T.);
#4098 = VERTEX_POINT('',#4099);
#4099 = CARTESIAN_POINT('',(183.01167210421,-3.,99.134003902628));
#4100 = CIRCLE('',#4101,22.);
#4101 = AXIS2_PLACEMENT_3D('',#4102,#4103,#4104);
#4102 = CARTESIAN_POINT('',(197.01167210421,-3.,82.163441154151));
#4103 = DIRECTION('',(-2.22044604925E-16,1.,-4.930380657631E-32));
#4104 = DIRECTION('',(2.22044604925E-16,0.,-1.));
#4105 = ORIENTED_EDGE('',*,*,#4106,.T.);
#4106 = EDGE_CURVE('',#4098,#4078,#4107,.T.);
#4107 = CIRCLE('',#4108,22.);
#4108 = AXIS2_PLACEMENT_3D('',#4109,#4110,#4111);
#4109 = CARTESIAN_POINT('',(197.01167210421,-3.,82.163441154151));
#4110 = DIRECTION('',(-2.22044604925E-16,1.,-4.930380657631E-32));
#4111 = DIRECTION('',(2.22044604925E-16,0.,-1.));
#4112 = FACE_BOUND('',#4113,.T.);
#4113 = EDGE_LOOP('',(#4114));
#4114 = ORIENTED_EDGE('',*,*,#4115,.T.);
#4115 = EDGE_CURVE('',#4116,#4116,#4118,.T.);
#4116 = VERTEX_POINT('',#4117);
#4117 = CARTESIAN_POINT('',(233.08579210421,-3.,90.705911154151));
#4118 = CIRCLE('',#4119,1.7);
#4119 = AXIS2_PLACEMENT_3D('',#4120,#4121,#4122);
#4120 = CARTESIAN_POINT('',(233.08579210421,-3.,92.405911154151));
#4121 = DIRECTION('',(-2.22044604925E-16,1.,-4.930380657631E-32));
#4122 = DIRECTION('',(2.22044604925E-16,0.,-1.));
#4123 = FACE_BOUND('',#4124,.T.);
#4124 = EDGE_LOOP('',(#4125));
#4125 = ORIENTED_EDGE('',*,*,#4126,.T.);
#4126 = EDGE_CURVE('',#4127,#4127,#4129,.T.);
#4127 = VERTEX_POINT('',#4128);
#4128 = CARTESIAN_POINT('',(231.22978210421,-3.,65.121631154151));
#4129 = CIRCLE('',#4130,1.7);
#4130 = AXIS2_PLACEMENT_3D('',#4131,#4132,#4133);
#4131 = CARTESIAN_POINT('',(231.22978210421,-3.,66.821631154151));
#4132 = DIRECTION('',(-2.22044604925E-16,1.,-4.930380657631E-32));
#4133 = DIRECTION('',(2.22044604925E-16,0.,-1.));
#4134 = FACE_BOUND('',#4135,.T.);
#4135 = EDGE_LOOP('',(#4136));
#4136 = ORIENTED_EDGE('',*,*,#4137,.T.);
#4137 = EDGE_CURVE('',#4138,#4138,#4140,.T.);
#4138 = VERTEX_POINT('',#4139);
#4139 = CARTESIAN_POINT('',(159.60996210421,-3.,83.176741154151));
#4140 = CIRCLE('',#4141,1.7);
#4141 = AXIS2_PLACEMENT_3D('',#4142,#4143,#4144);
#4142 = CARTESIAN_POINT('',(159.60996210421,-3.,84.876741154151));
#4143 = DIRECTION('',(-2.22044604925E-16,1.,-4.930380657631E-32));
#4144 = DIRECTION('',(2.22044604925E-16,0.,-1.));
#4145 = FACE_BOUND('',#4146,.T.);
#4146 = EDGE_LOOP('',(#4147));
#4147 = ORIENTED_EDGE('',*,*,#4148,.T.);
#4148 = EDGE_CURVE('',#4149,#4149,#4151,.T.);
#4149 = VERTEX_POINT('',#4150);
#4150 = CARTESIAN_POINT('',(187.84485210421,-3.,44.101111154151));
#4151 = CIRCLE('',#4152,1.7);
#4152 = AXIS2_PLACEMENT_3D('',#4153,#4154,#4155);
#4153 = CARTESIAN_POINT('',(187.84485210421,-3.,45.801111154151));
#4154 = DIRECTION('',(-2.22044604925E-16,1.,-4.930380657631E-32));
#4155 = DIRECTION('',(2.22044604925E-16,0.,-1.));
#4156 = FACE_BOUND('',#4157,.T.);
#4157 = EDGE_LOOP('',(#4158));
#4158 = ORIENTED_EDGE('',*,*,#4159,.T.);
#4159 = EDGE_CURVE('',#4160,#4160,#4162,.T.);
#4160 = VERTEX_POINT('',#4161);
#4161 = CARTESIAN_POINT('',(213.36274210421,-3.,46.715961154151));
#4162 = CIRCLE('',#4163,1.7);
#4163 = AXIS2_PLACEMENT_3D('',#4164,#4165,#4166);
#4164 = CARTESIAN_POINT('',(213.36274210421,-3.,48.415961154151));
#4165 = DIRECTION('',(-2.22044604925E-16,1.,-4.930380657631E-32));
#4166 = DIRECTION('',(2.22044604925E-16,0.,-1.));
#4167 = FACE_BOUND('',#4168,.T.);
#4168 = EDGE_LOOP('',(#4169));
#4169 = ORIENTED_EDGE('',*,*,#4170,.T.);
#4170 = EDGE_CURVE('',#4171,#4171,#4173,.T.);
#4171 = VERTEX_POINT('',#4172);
#4172 = CARTESIAN_POINT('',(170.10437210421,-3.,106.58331115415));
#4173 = CIRCLE('',#4174,1.7);
#4174 = AXIS2_PLACEMENT_3D('',#4175,#4176,#4177);
#4175 = CARTESIAN_POINT('',(170.10437210421,-3.,108.28331115415));
#4176 = DIRECTION('',(-2.22044604925E-16,1.,-4.930380657631E-32));
#4177 = DIRECTION('',(2.22044604925E-16,0.,-1.));
#4178 = FACE_BOUND('',#4179,.T.);
#4179 = EDGE_LOOP('',(#4180));
#4180 = ORIENTED_EDGE('',*,*,#4181,.T.);
#4181 = EDGE_CURVE('',#4182,#4182,#4184,.T.);
#4182 = VERTEX_POINT('',#4183);
#4183 = CARTESIAN_POINT('',(166.61622210421,-3.,58.500591154151));
#4184 = CIRCLE('',#4185,1.7);
#4185 = AXIS2_PLACEMENT_3D('',#4186,#4187,#4188);
#4186 = CARTESIAN_POINT('',(166.61622210421,-3.,60.200591154151));
#4187 = DIRECTION('',(-2.22044604925E-16,1.,-4.930380657631E-32));
#4188 = DIRECTION('',(2.22044604925E-16,0.,-1.));
#4189 = FACE_BOUND('',#4190,.T.);
#4190 = EDGE_LOOP('',(#4191));
#4191 = ORIENTED_EDGE('',*,*,#4192,.T.);
#4192 = EDGE_CURVE('',#4193,#4193,#4195,.T.);
#4193 = VERTEX_POINT('',#4194);
#4194 = CARTESIAN_POINT('',(218.06231210421,-3.,111.49762115415));
#4195 = CIRCLE('',#4196,1.7);
#4196 = AXIS2_PLACEMENT_3D('',#4197,#4198,#4199);
#4197 = CARTESIAN_POINT('',(218.06231210421,-3.,113.19762115415));
#4198 = DIRECTION('',(-2.22044604925E-16,1.,-4.930380657631E-32));
#4199 = DIRECTION('',(2.22044604925E-16,0.,-1.));
#4200 = PLANE('',#4201);
#4201 = AXIS2_PLACEMENT_3D('',#4202,#4203,#4204);
#4202 = CARTESIAN_POINT('',(197.01167210421,-3.,85.906984379378));
#4203 = DIRECTION('',(2.242903651438E-16,-1.,4.980246551685E-32));
#4204 = DIRECTION('',(-1.,-2.242903651438E-16,-2.22044604925E-16));
#4205 = ADVANCED_FACE('',(#4206),#4225,.F.);
#4206 = FACE_BOUND('',#4207,.F.);
#4207 = EDGE_LOOP('',(#4208,#4217,#4223,#4224));
#4208 = ORIENTED_EDGE('',*,*,#4209,.F.);
#4209 = EDGE_CURVE('',#4210,#4210,#4212,.T.);
#4210 = VERTEX_POINT('',#4211);
#4211 = CARTESIAN_POINT('',(233.08579210421,3.,90.705911154151));
#4212 = CIRCLE('',#4213,1.7);
#4213 = AXIS2_PLACEMENT_3D('',#4214,#4215,#4216);
#4214 = CARTESIAN_POINT('',(233.08579210421,3.,92.405911154151));
#4215 = DIRECTION('',(-2.22044604925E-16,1.,-4.930380657631E-32));
#4216 = DIRECTION('',(2.22044604925E-16,0.,-1.));
#4217 = ORIENTED_EDGE('',*,*,#4218,.F.);
#4218 = EDGE_CURVE('',#4116,#4210,#4219,.T.);
#4219 = LINE('',#4220,#4221);
#4220 = CARTESIAN_POINT('',(233.08579210421,-3.,90.705911154151));
#4221 = VECTOR('',#4222,1.);
#4222 = DIRECTION('',(-2.22044604925E-16,1.,-4.930380657631E-32));
#4223 = ORIENTED_EDGE('',*,*,#4115,.T.);
#4224 = ORIENTED_EDGE('',*,*,#4218,.T.);
#4225 = CYLINDRICAL_SURFACE('',#4226,1.7);
#4226 = AXIS2_PLACEMENT_3D('',#4227,#4228,#4229);
#4227 = CARTESIAN_POINT('',(233.08579210421,-3.,92.405911154151));
#4228 = DIRECTION('',(-2.22044604925E-16,1.,-4.930380657631E-32));
#4229 = DIRECTION('',(2.22044604925E-16,0.,-1.));
#4230 = ADVANCED_FACE('',(#4231),#4250,.F.);
#4231 = FACE_BOUND('',#4232,.F.);
#4232 = EDGE_LOOP('',(#4233,#4242,#4248,#4249));
#4233 = ORIENTED_EDGE('',*,*,#4234,.F.);
#4234 = EDGE_CURVE('',#4235,#4235,#4237,.T.);
#4235 = VERTEX_POINT('',#4236);
#4236 = CARTESIAN_POINT('',(231.22978210421,3.,65.121631154151));
#4237 = CIRCLE('',#4238,1.7);
#4238 = AXIS2_PLACEMENT_3D('',#4239,#4240,#4241);
#4239 = CARTESIAN_POINT('',(231.22978210421,3.,66.821631154151));
#4240 = DIRECTION('',(-2.22044604925E-16,1.,-4.930380657631E-32));
#4241 = DIRECTION('',(2.22044604925E-16,0.,-1.));
#4242 = ORIENTED_EDGE('',*,*,#4243,.F.);
#4243 = EDGE_CURVE('',#4127,#4235,#4244,.T.);
#4244 = LINE('',#4245,#4246);
#4245 = CARTESIAN_POINT('',(231.22978210421,-3.,65.121631154151));
#4246 = VECTOR('',#4247,1.);
#4247 = DIRECTION('',(-2.22044604925E-16,1.,-4.930380657631E-32));
#4248 = ORIENTED_EDGE('',*,*,#4126,.T.);
#4249 = ORIENTED_EDGE('',*,*,#4243,.T.);
#4250 = CYLINDRICAL_SURFACE('',#4251,1.7);
#4251 = AXIS2_PLACEMENT_3D('',#4252,#4253,#4254);
#4252 = CARTESIAN_POINT('',(231.22978210421,-3.,66.821631154151));
#4253 = DIRECTION('',(-2.22044604925E-16,1.,-4.930380657631E-32));
#4254 = DIRECTION('',(2.22044604925E-16,0.,-1.));
#4255 = ADVANCED_FACE('',(#4256),#4275,.F.);
#4256 = FACE_BOUND('',#4257,.F.);
#4257 = EDGE_LOOP('',(#4258,#4267,#4273,#4274));
#4258 = ORIENTED_EDGE('',*,*,#4259,.F.);
#4259 = EDGE_CURVE('',#4260,#4260,#4262,.T.);
#4260 = VERTEX_POINT('',#4261);
#4261 = CARTESIAN_POINT('',(159.60996210421,3.,83.176741154151));
#4262 = CIRCLE('',#4263,1.7);
#4263 = AXIS2_PLACEMENT_3D('',#4264,#4265,#4266);
#4264 = CARTESIAN_POINT('',(159.60996210421,3.,84.876741154151));
#4265 = DIRECTION('',(-2.22044604925E-16,1.,-4.930380657631E-32));
#4266 = DIRECTION('',(2.22044604925E-16,0.,-1.));
#4267 = ORIENTED_EDGE('',*,*,#4268,.F.);
#4268 = EDGE_CURVE('',#4138,#4260,#4269,.T.);
#4269 = LINE('',#4270,#4271);
#4270 = CARTESIAN_POINT('',(159.60996210421,-3.,83.176741154151));
#4271 = VECTOR('',#4272,1.);
#4272 = DIRECTION('',(-2.22044604925E-16,1.,-4.930380657631E-32));
#4273 = ORIENTED_EDGE('',*,*,#4137,.T.);
#4274 = ORIENTED_EDGE('',*,*,#4268,.T.);
#4275 = CYLINDRICAL_SURFACE('',#4276,1.7);
#4276 = AXIS2_PLACEMENT_3D('',#4277,#4278,#4279);
#4277 = CARTESIAN_POINT('',(159.60996210421,-3.,84.876741154151));
#4278 = DIRECTION('',(-2.22044604925E-16,1.,-4.930380657631E-32));
#4279 = DIRECTION('',(2.22044604925E-16,0.,-1.));
#4280 = ADVANCED_FACE('',(#4281),#4300,.F.);
#4281 = FACE_BOUND('',#4282,.F.);
#4282 = EDGE_LOOP('',(#4283,#4292,#4298,#4299));
#4283 = ORIENTED_EDGE('',*,*,#4284,.F.);
#4284 = EDGE_CURVE('',#4285,#4285,#4287,.T.);
#4285 = VERTEX_POINT('',#4286);
#4286 = CARTESIAN_POINT('',(187.84485210421,3.,44.101111154151));
#4287 = CIRCLE('',#4288,1.7);
#4288 = AXIS2_PLACEMENT_3D('',#4289,#4290,#4291);
#4289 = CARTESIAN_POINT('',(187.84485210421,3.,45.801111154151));
#4290 = DIRECTION('',(-2.22044604925E-16,1.,-4.930380657631E-32));
#4291 = DIRECTION('',(2.22044604925E-16,0.,-1.));
#4292 = ORIENTED_EDGE('',*,*,#4293,.F.);
#4293 = EDGE_CURVE('',#4149,#4285,#4294,.T.);
#4294 = LINE('',#4295,#4296);
#4295 = CARTESIAN_POINT('',(187.84485210421,-3.,44.101111154151));
#4296 = VECTOR('',#4297,1.);
#4297 = DIRECTION('',(-2.22044604925E-16,1.,-4.930380657631E-32));
#4298 = ORIENTED_EDGE('',*,*,#4148,.T.);
#4299 = ORIENTED_EDGE('',*,*,#4293,.T.);
#4300 = CYLINDRICAL_SURFACE('',#4301,1.7);
#4301 = AXIS2_PLACEMENT_3D('',#4302,#4303,#4304);
#4302 = CARTESIAN_POINT('',(187.84485210421,-3.,45.801111154151));
#4303 = DIRECTION('',(-2.22044604925E-16,1.,-4.930380657631E-32));
#4304 = DIRECTION('',(2.22044604925E-16,0.,-1.));
#4305 = ADVANCED_FACE('',(#4306),#4325,.F.);
#4306 = FACE_BOUND('',#4307,.F.);
#4307 = EDGE_LOOP('',(#4308,#4317,#4323,#4324));
#4308 = ORIENTED_EDGE('',*,*,#4309,.F.);
#4309 = EDGE_CURVE('',#4310,#4310,#4312,.T.);
#4310 = VERTEX_POINT('',#4311);
#4311 = CARTESIAN_POINT('',(213.36274210421,3.,46.715961154151));
#4312 = CIRCLE('',#4313,1.7);
#4313 = AXIS2_PLACEMENT_3D('',#4314,#4315,#4316);
#4314 = CARTESIAN_POINT('',(213.36274210421,3.,48.415961154151));
#4315 = DIRECTION('',(-2.22044604925E-16,1.,-4.930380657631E-32));
#4316 = DIRECTION('',(2.22044604925E-16,0.,-1.));
#4317 = ORIENTED_EDGE('',*,*,#4318,.F.);
#4318 = EDGE_CURVE('',#4160,#4310,#4319,.T.);
#4319 = LINE('',#4320,#4321);
#4320 = CARTESIAN_POINT('',(213.36274210421,-3.,46.715961154151));
#4321 = VECTOR('',#4322,1.);
#4322 = DIRECTION('',(-2.22044604925E-16,1.,-4.930380657631E-32));
#4323 = ORIENTED_EDGE('',*,*,#4159,.T.);
#4324 = ORIENTED_EDGE('',*,*,#4318,.T.);
#4325 = CYLINDRICAL_SURFACE('',#4326,1.7);
#4326 = AXIS2_PLACEMENT_3D('',#4327,#4328,#4329);
#4327 = CARTESIAN_POINT('',(213.36274210421,-3.,48.415961154151));
#4328 = DIRECTION('',(-2.22044604925E-16,1.,-4.930380657631E-32));
#4329 = DIRECTION('',(2.22044604925E-16,0.,-1.));
#4330 = ADVANCED_FACE('',(#4331),#4350,.F.);
#4331 = FACE_BOUND('',#4332,.F.);
#4332 = EDGE_LOOP('',(#4333,#4342,#4348,#4349));
#4333 = ORIENTED_EDGE('',*,*,#4334,.F.);
#4334 = EDGE_CURVE('',#4335,#4335,#4337,.T.);
#4335 = VERTEX_POINT('',#4336);
#4336 = CARTESIAN_POINT('',(170.10437210421,3.,106.58331115415));
#4337 = CIRCLE('',#4338,1.7);
#4338 = AXIS2_PLACEMENT_3D('',#4339,#4340,#4341);
#4339 = CARTESIAN_POINT('',(170.10437210421,3.,108.28331115415));
#4340 = DIRECTION('',(-2.22044604925E-16,1.,-4.930380657631E-32));
#4341 = DIRECTION('',(2.22044604925E-16,0.,-1.));
#4342 = ORIENTED_EDGE('',*,*,#4343,.F.);
#4343 = EDGE_CURVE('',#4171,#4335,#4344,.T.);
#4344 = LINE('',#4345,#4346);
#4345 = CARTESIAN_POINT('',(170.10437210421,-3.,106.58331115415));
#4346 = VECTOR('',#4347,1.);
#4347 = DIRECTION('',(-2.22044604925E-16,1.,-4.930380657631E-32));
#4348 = ORIENTED_EDGE('',*,*,#4170,.T.);
#4349 = ORIENTED_EDGE('',*,*,#4343,.T.);
#4350 = CYLINDRICAL_SURFACE('',#4351,1.7);
#4351 = AXIS2_PLACEMENT_3D('',#4352,#4353,#4354);
#4352 = CARTESIAN_POINT('',(170.10437210421,-3.,108.28331115415));
#4353 = DIRECTION('',(-2.22044604925E-16,1.,-4.930380657631E-32));
#4354 = DIRECTION('',(2.22044604925E-16,0.,-1.));
#4355 = ADVANCED_FACE('',(#4356),#4375,.F.);
#4356 = FACE_BOUND('',#4357,.F.);
#4357 = EDGE_LOOP('',(#4358,#4367,#4373,#4374));
#4358 = ORIENTED_EDGE('',*,*,#4359,.F.);
#4359 = EDGE_CURVE('',#4360,#4360,#4362,.T.);
#4360 = VERTEX_POINT('',#4361);
#4361 = CARTESIAN_POINT('',(166.61622210421,3.,58.500591154151));
#4362 = CIRCLE('',#4363,1.7);
#4363 = AXIS2_PLACEMENT_3D('',#4364,#4365,#4366);
#4364 = CARTESIAN_POINT('',(166.61622210421,3.,60.200591154151));
#4365 = DIRECTION('',(-2.22044604925E-16,1.,-4.930380657631E-32));
#4366 = DIRECTION('',(2.22044604925E-16,0.,-1.));
#4367 = ORIENTED_EDGE('',*,*,#4368,.F.);
#4368 = EDGE_CURVE('',#4182,#4360,#4369,.T.);
#4369 = LINE('',#4370,#4371);
#4370 = CARTESIAN_POINT('',(166.61622210421,-3.,58.500591154151));
#4371 = VECTOR('',#4372,1.);
#4372 = DIRECTION('',(-2.22044604925E-16,1.,-4.930380657631E-32));
#4373 = ORIENTED_EDGE('',*,*,#4181,.T.);
#4374 = ORIENTED_EDGE('',*,*,#4368,.T.);
#4375 = CYLINDRICAL_SURFACE('',#4376,1.7);
#4376 = AXIS2_PLACEMENT_3D('',#4377,#4378,#4379);
#4377 = CARTESIAN_POINT('',(166.61622210421,-3.,60.200591154151));
#4378 = DIRECTION('',(-2.22044604925E-16,1.,-4.930380657631E-32));
#4379 = DIRECTION('',(2.22044604925E-16,0.,-1.));
#4380 = ADVANCED_FACE('',(#4381),#4400,.F.);
#4381 = FACE_BOUND('',#4382,.F.);
#4382 = EDGE_LOOP('',(#4383,#4392,#4398,#4399));
#4383 = ORIENTED_EDGE('',*,*,#4384,.F.);
#4384 = EDGE_CURVE('',#4385,#4385,#4387,.T.);
#4385 = VERTEX_POINT('',#4386);
#4386 = CARTESIAN_POINT('',(218.06231210421,3.,111.49762115415));
#4387 = CIRCLE('',#4388,1.7);
#4388 = AXIS2_PLACEMENT_3D('',#4389,#4390,#4391);
#4389 = CARTESIAN_POINT('',(218.06231210421,3.,113.19762115415));
#4390 = DIRECTION('',(-2.22044604925E-16,1.,-4.930380657631E-32));
#4391 = DIRECTION('',(2.22044604925E-16,0.,-1.));
#4392 = ORIENTED_EDGE('',*,*,#4393,.F.);
#4393 = EDGE_CURVE('',#4193,#4385,#4394,.T.);
#4394 = LINE('',#4395,#4396);
#4395 = CARTESIAN_POINT('',(218.06231210421,-3.,111.49762115415));
#4396 = VECTOR('',#4397,1.);
#4397 = DIRECTION('',(-2.22044604925E-16,1.,-4.930380657631E-32));
#4398 = ORIENTED_EDGE('',*,*,#4192,.T.);
#4399 = ORIENTED_EDGE('',*,*,#4393,.T.);
#4400 = CYLINDRICAL_SURFACE('',#4401,1.7);
#4401 = AXIS2_PLACEMENT_3D('',#4402,#4403,#4404);
#4402 = CARTESIAN_POINT('',(218.06231210421,-3.,113.19762115415));
#4403 = DIRECTION('',(-2.22044604925E-16,1.,-4.930380657631E-32));
#4404 = DIRECTION('',(2.22044604925E-16,0.,-1.));
#4405 = ADVANCED_FACE('',(#4406,#4429,#4467,#4470,#4473,#4476,#4479,
    #4482,#4485,#4488,#4491,#4502,#4513),#4542,.T.);
#4406 = FACE_BOUND('',#4407,.T.);
#4407 = EDGE_LOOP('',(#4408,#4417,#4418,#4419,#4420,#4421,#4422));
#4408 = ORIENTED_EDGE('',*,*,#4409,.T.);
#4409 = EDGE_CURVE('',#4410,#3840,#4412,.T.);
#4410 = VERTEX_POINT('',#4411);
#4411 = CARTESIAN_POINT('',(197.01167210421,3.,38.163441154151));
#4412 = CIRCLE('',#4413,44.);
#4413 = AXIS2_PLACEMENT_3D('',#4414,#4415,#4416);
#4414 = CARTESIAN_POINT('',(197.01167210421,3.,82.163441154151));
#4415 = DIRECTION('',(-2.22044604925E-16,1.,-4.930380657631E-32));
#4416 = DIRECTION('',(2.22044604925E-16,0.,-1.));
#4417 = ORIENTED_EDGE('',*,*,#3847,.F.);
#4418 = ORIENTED_EDGE('',*,*,#3778,.T.);
#4419 = ORIENTED_EDGE('',*,*,#4017,.T.);
#4420 = ORIENTED_EDGE('',*,*,#3761,.T.);
#4421 = ORIENTED_EDGE('',*,*,#3707,.T.);
#4422 = ORIENTED_EDGE('',*,*,#4423,.T.);
#4423 = EDGE_CURVE('',#3700,#4410,#4424,.T.);
#4424 = CIRCLE('',#4425,44.);
#4425 = AXIS2_PLACEMENT_3D('',#4426,#4427,#4428);
#4426 = CARTESIAN_POINT('',(197.01167210421,3.,82.163441154151));
#4427 = DIRECTION('',(-2.22044604925E-16,1.,-4.930380657631E-32));
#4428 = DIRECTION('',(2.22044604925E-16,0.,-1.));
#4429 = FACE_BOUND('',#4430,.T.);
#4430 = EDGE_LOOP('',(#4431,#4442,#4451,#4460));
#4431 = ORIENTED_EDGE('',*,*,#4432,.F.);
#4432 = EDGE_CURVE('',#4433,#4435,#4437,.T.);
#4433 = VERTEX_POINT('',#4434);
#4434 = CARTESIAN_POINT('',(211.01167210421,3.,99.134003902628));
#4435 = VERTEX_POINT('',#4436);
#4436 = CARTESIAN_POINT('',(219.01167210421,3.,82.163441154151));
#4437 = CIRCLE('',#4438,22.);
#4438 = AXIS2_PLACEMENT_3D('',#4439,#4440,#4441);
#4439 = CARTESIAN_POINT('',(197.01167210421,3.,82.163441154151));
#4440 = DIRECTION('',(-2.22044604925E-16,1.,-4.930380657631E-32));
#4441 = DIRECTION('',(2.22044604925E-16,0.,-1.));
#4442 = ORIENTED_EDGE('',*,*,#4443,.F.);
#4443 = EDGE_CURVE('',#4444,#4433,#4446,.T.);
#4444 = VERTEX_POINT('',#4445);
#4445 = CARTESIAN_POINT('',(183.01167210421,3.,99.134003902628));
#4446 = CIRCLE('',#4447,22.);
#4447 = AXIS2_PLACEMENT_3D('',#4448,#4449,#4450);
#4448 = CARTESIAN_POINT('',(197.01167210421,3.,82.163441154151));
#4449 = DIRECTION('',(-2.22044604925E-16,1.,-4.930380657631E-32));
#4450 = DIRECTION('',(2.22044604925E-16,0.,-1.));
#4451 = ORIENTED_EDGE('',*,*,#4452,.F.);
#4452 = EDGE_CURVE('',#4453,#4444,#4455,.T.);
#4453 = VERTEX_POINT('',#4454);
#4454 = CARTESIAN_POINT('',(197.01167210421,3.,60.163441154151));
#4455 = CIRCLE('',#4456,22.);
#4456 = AXIS2_PLACEMENT_3D('',#4457,#4458,#4459);
#4457 = CARTESIAN_POINT('',(197.01167210421,3.,82.163441154151));
#4458 = DIRECTION('',(-2.22044604925E-16,1.,-4.930380657631E-32));
#4459 = DIRECTION('',(2.22044604925E-16,0.,-1.));
#4460 = ORIENTED_EDGE('',*,*,#4461,.F.);
#4461 = EDGE_CURVE('',#4435,#4453,#4462,.T.);
#4462 = CIRCLE('',#4463,22.);
#4463 = AXIS2_PLACEMENT_3D('',#4464,#4465,#4466);
#4464 = CARTESIAN_POINT('',(197.01167210421,3.,82.163441154151));
#4465 = DIRECTION('',(-2.22044604925E-16,1.,-4.930380657631E-32));
#4466 = DIRECTION('',(2.22044604925E-16,0.,-1.));
#4467 = FACE_BOUND('',#4468,.T.);
#4468 = EDGE_LOOP('',(#4469));
#4469 = ORIENTED_EDGE('',*,*,#4209,.F.);
#4470 = FACE_BOUND('',#4471,.T.);
#4471 = EDGE_LOOP('',(#4472));
#4472 = ORIENTED_EDGE('',*,*,#4234,.F.);
#4473 = FACE_BOUND('',#4474,.T.);
#4474 = EDGE_LOOP('',(#4475));
#4475 = ORIENTED_EDGE('',*,*,#4259,.F.);
#4476 = FACE_BOUND('',#4477,.T.);
#4477 = EDGE_LOOP('',(#4478));
#4478 = ORIENTED_EDGE('',*,*,#4284,.F.);
#4479 = FACE_BOUND('',#4480,.T.);
#4480 = EDGE_LOOP('',(#4481));
#4481 = ORIENTED_EDGE('',*,*,#4309,.F.);
#4482 = FACE_BOUND('',#4483,.T.);
#4483 = EDGE_LOOP('',(#4484));
#4484 = ORIENTED_EDGE('',*,*,#4334,.F.);
#4485 = FACE_BOUND('',#4486,.T.);
#4486 = EDGE_LOOP('',(#4487));
#4487 = ORIENTED_EDGE('',*,*,#4359,.F.);
#4488 = FACE_BOUND('',#4489,.T.);
#4489 = EDGE_LOOP('',(#4490));
#4490 = ORIENTED_EDGE('',*,*,#4384,.F.);
#4491 = FACE_BOUND('',#4492,.T.);
#4492 = EDGE_LOOP('',(#4493));
#4493 = ORIENTED_EDGE('',*,*,#4494,.F.);
#4494 = EDGE_CURVE('',#4495,#4495,#4497,.T.);
#4495 = VERTEX_POINT('',#4496);
#4496 = CARTESIAN_POINT('',(225.41167210421,3.,82.163441154151));
#4497 = CIRCLE('',#4498,1.4);
#4498 = AXIS2_PLACEMENT_3D('',#4499,#4500,#4501);
#4499 = CARTESIAN_POINT('',(224.01167210421,3.,82.163441154151));
#4500 = DIRECTION('',(-0.,1.,0.));
#4501 = DIRECTION('',(1.,0.,2.22044604925E-16));
#4502 = FACE_BOUND('',#4503,.T.);
#4503 = EDGE_LOOP('',(#4504));
#4504 = ORIENTED_EDGE('',*,*,#4505,.F.);
#4505 = EDGE_CURVE('',#4506,#4506,#4508,.T.);
#4506 = VERTEX_POINT('',#4507);
#4507 = CARTESIAN_POINT('',(184.91167210421,3.,58.780755251971));
#4508 = CIRCLE('',#4509,1.4);
#4509 = AXIS2_PLACEMENT_3D('',#4510,#4511,#4512);
#4510 = CARTESIAN_POINT('',(183.51167210421,3.,58.780755251971));
#4511 = DIRECTION('',(-0.,1.,0.));
#4512 = DIRECTION('',(1.,0.,2.22044604925E-16));
#4513 = FACE_BOUND('',#4514,.T.);
#4514 = EDGE_LOOP('',(#4515,#4526,#4535));
#4515 = ORIENTED_EDGE('',*,*,#4516,.F.);
#4516 = EDGE_CURVE('',#4517,#4519,#4521,.T.);
#4517 = VERTEX_POINT('',#4518);
#4518 = CARTESIAN_POINT('',(183.01167210421,3.,104.23845737326));
#4519 = VERTEX_POINT('',#4520);
#4520 = CARTESIAN_POINT('',(183.01167210421,3.,106.85379673939));
#4521 = CIRCLE('',#4522,1.4);
#4522 = AXIS2_PLACEMENT_3D('',#4523,#4524,#4525);
#4523 = CARTESIAN_POINT('',(183.51167210421,3.,105.54612705633));
#4524 = DIRECTION('',(-0.,1.,0.));
#4525 = DIRECTION('',(1.,0.,2.22044604925E-16));
#4526 = ORIENTED_EDGE('',*,*,#4527,.F.);
#4527 = EDGE_CURVE('',#4528,#4517,#4530,.T.);
#4528 = VERTEX_POINT('',#4529);
#4529 = CARTESIAN_POINT('',(184.91167210421,3.,105.54612705633));
#4530 = CIRCLE('',#4531,1.4);
#4531 = AXIS2_PLACEMENT_3D('',#4532,#4533,#4534);
#4532 = CARTESIAN_POINT('',(183.51167210421,3.,105.54612705633));
#4533 = DIRECTION('',(-0.,1.,0.));
#4534 = DIRECTION('',(1.,0.,2.22044604925E-16));
#4535 = ORIENTED_EDGE('',*,*,#4536,.F.);
#4536 = EDGE_CURVE('',#4519,#4528,#4537,.T.);
#4537 = CIRCLE('',#4538,1.4);
#4538 = AXIS2_PLACEMENT_3D('',#4539,#4540,#4541);
#4539 = CARTESIAN_POINT('',(183.51167210421,3.,105.54612705633));
#4540 = DIRECTION('',(-0.,1.,0.));
#4541 = DIRECTION('',(1.,0.,2.22044604925E-16));
#4542 = PLANE('',#4543);
#4543 = AXIS2_PLACEMENT_3D('',#4544,#4545,#4546);
#4544 = CARTESIAN_POINT('',(197.01167210421,3.,85.906984379378));
#4545 = DIRECTION('',(-2.242903651438E-16,1.,-4.980246551685E-32));
#4546 = DIRECTION('',(1.,2.242903651438E-16,2.22044604925E-16));
#4547 = ADVANCED_FACE('',(#4548),#4567,.F.);
#4548 = FACE_BOUND('',#4549,.F.);
#4549 = EDGE_LOOP('',(#4550,#4551,#4559,#4566));
#4550 = ORIENTED_EDGE('',*,*,#4494,.F.);
#4551 = ORIENTED_EDGE('',*,*,#4552,.F.);
#4552 = EDGE_CURVE('',#4553,#4495,#4555,.T.);
#4553 = VERTEX_POINT('',#4554);
#4554 = CARTESIAN_POINT('',(225.41167210421,-1.,82.163441154151));
#4555 = LINE('',#4556,#4557);
#4556 = CARTESIAN_POINT('',(225.41167210421,-1.,82.163441154151));
#4557 = VECTOR('',#4558,1.);
#4558 = DIRECTION('',(0.,1.,0.));
#4559 = ORIENTED_EDGE('',*,*,#4560,.T.);
#4560 = EDGE_CURVE('',#4553,#4553,#4561,.T.);
#4561 = CIRCLE('',#4562,1.4);
#4562 = AXIS2_PLACEMENT_3D('',#4563,#4564,#4565);
#4563 = CARTESIAN_POINT('',(224.01167210421,-1.,82.163441154151));
#4564 = DIRECTION('',(-0.,1.,0.));
#4565 = DIRECTION('',(1.,0.,2.22044604925E-16));
#4566 = ORIENTED_EDGE('',*,*,#4552,.T.);
#4567 = CYLINDRICAL_SURFACE('',#4568,1.4);
#4568 = AXIS2_PLACEMENT_3D('',#4569,#4570,#4571);
#4569 = CARTESIAN_POINT('',(224.01167210421,-1.,82.163441154151));
#4570 = DIRECTION('',(0.,1.,0.));
#4571 = DIRECTION('',(1.,0.,2.22044604925E-16));
#4572 = ADVANCED_FACE('',(#4573),#4576,.T.);
#4573 = FACE_BOUND('',#4574,.F.);
#4574 = EDGE_LOOP('',(#4575));
#4575 = ORIENTED_EDGE('',*,*,#4560,.F.);
#4576 = PLANE('',#4577);
#4577 = AXIS2_PLACEMENT_3D('',#4578,#4579,#4580);
#4578 = CARTESIAN_POINT('',(224.01167210421,-1.,82.163441154151));
#4579 = DIRECTION('',(0.,1.,0.));
#4580 = DIRECTION('',(1.,0.,2.22044604925E-16));
#4581 = ADVANCED_FACE('',(#4582),#4601,.F.);
#4582 = FACE_BOUND('',#4583,.F.);
#4583 = EDGE_LOOP('',(#4584,#4585,#4593,#4600));
#4584 = ORIENTED_EDGE('',*,*,#4505,.F.);
#4585 = ORIENTED_EDGE('',*,*,#4586,.F.);
#4586 = EDGE_CURVE('',#4587,#4506,#4589,.T.);
#4587 = VERTEX_POINT('',#4588);
#4588 = CARTESIAN_POINT('',(184.91167210421,-1.,58.780755251971));
#4589 = LINE('',#4590,#4591);
#4590 = CARTESIAN_POINT('',(184.91167210421,-1.,58.780755251971));
#4591 = VECTOR('',#4592,1.);
#4592 = DIRECTION('',(0.,1.,0.));
#4593 = ORIENTED_EDGE('',*,*,#4594,.T.);
#4594 = EDGE_CURVE('',#4587,#4587,#4595,.T.);
#4595 = CIRCLE('',#4596,1.4);
#4596 = AXIS2_PLACEMENT_3D('',#4597,#4598,#4599);
#4597 = CARTESIAN_POINT('',(183.51167210421,-1.,58.780755251971));
#4598 = DIRECTION('',(-0.,1.,0.));
#4599 = DIRECTION('',(1.,0.,2.22044604925E-16));
#4600 = ORIENTED_EDGE('',*,*,#4586,.T.);
#4601 = CYLINDRICAL_SURFACE('',#4602,1.4);
#4602 = AXIS2_PLACEMENT_3D('',#4603,#4604,#4605);
#4603 = CARTESIAN_POINT('',(183.51167210421,-1.,58.780755251971));
#4604 = DIRECTION('',(0.,1.,0.));
#4605 = DIRECTION('',(1.,0.,2.22044604925E-16));
#4606 = ADVANCED_FACE('',(#4607),#4610,.T.);
#4607 = FACE_BOUND('',#4608,.F.);
#4608 = EDGE_LOOP('',(#4609));
#4609 = ORIENTED_EDGE('',*,*,#4594,.F.);
#4610 = PLANE('',#4611);
#4611 = AXIS2_PLACEMENT_3D('',#4612,#4613,#4614);
#4612 = CARTESIAN_POINT('',(183.51167210421,-1.,58.780755251971));
#4613 = DIRECTION('',(0.,1.,0.));
#4614 = DIRECTION('',(1.,0.,2.22044604925E-16));
#4615 = ADVANCED_FACE('',(#4616),#4637,.F.);
#4616 = FACE_BOUND('',#4617,.F.);
#4617 = EDGE_LOOP('',(#4618,#4626,#4627,#4628,#4629,#4630));
#4618 = ORIENTED_EDGE('',*,*,#4619,.T.);
#4619 = EDGE_CURVE('',#4620,#4528,#4622,.T.);
#4620 = VERTEX_POINT('',#4621);
#4621 = CARTESIAN_POINT('',(184.91167210421,-1.,105.54612705633));
#4622 = LINE('',#4623,#4624);
#4623 = CARTESIAN_POINT('',(184.91167210421,-1.,105.54612705633));
#4624 = VECTOR('',#4625,1.);
#4625 = DIRECTION('',(0.,1.,0.));
#4626 = ORIENTED_EDGE('',*,*,#4536,.F.);
#4627 = ORIENTED_EDGE('',*,*,#4516,.F.);
#4628 = ORIENTED_EDGE('',*,*,#4527,.F.);
#4629 = ORIENTED_EDGE('',*,*,#4619,.F.);
#4630 = ORIENTED_EDGE('',*,*,#4631,.T.);
#4631 = EDGE_CURVE('',#4620,#4620,#4632,.T.);
#4632 = CIRCLE('',#4633,1.4);
#4633 = AXIS2_PLACEMENT_3D('',#4634,#4635,#4636);
#4634 = CARTESIAN_POINT('',(183.51167210421,-1.,105.54612705633));
#4635 = DIRECTION('',(-0.,1.,0.));
#4636 = DIRECTION('',(1.,0.,2.22044604925E-16));
#4637 = CYLINDRICAL_SURFACE('',#4638,1.4);
#4638 = AXIS2_PLACEMENT_3D('',#4639,#4640,#4641);
#4639 = CARTESIAN_POINT('',(183.51167210421,-1.,105.54612705633));
#4640 = DIRECTION('',(0.,1.,0.));
#4641 = DIRECTION('',(1.,0.,2.22044604925E-16));
#4642 = ADVANCED_FACE('',(#4643),#4646,.T.);
#4643 = FACE_BOUND('',#4644,.F.);
#4644 = EDGE_LOOP('',(#4645));
#4645 = ORIENTED_EDGE('',*,*,#4631,.F.);
#4646 = PLANE('',#4647);
#4647 = AXIS2_PLACEMENT_3D('',#4648,#4649,#4650);
#4648 = CARTESIAN_POINT('',(183.51167210421,-1.,105.54612705633));
#4649 = DIRECTION('',(0.,1.,0.));
#4650 = DIRECTION('',(1.,0.,2.22044604925E-16));
#4651 = ADVANCED_FACE('',(#4652),#4660,.T.);
#4652 = FACE_BOUND('',#4653,.T.);
#4653 = EDGE_LOOP('',(#4654,#4655,#4656,#4657,#4658,#4659));
#4654 = ORIENTED_EDGE('',*,*,#4068,.T.);
#4655 = ORIENTED_EDGE('',*,*,#3839,.T.);
#4656 = ORIENTED_EDGE('',*,*,#4409,.F.);
#4657 = ORIENTED_EDGE('',*,*,#4423,.F.);
#4658 = ORIENTED_EDGE('',*,*,#3699,.F.);
#4659 = ORIENTED_EDGE('',*,*,#4054,.T.);
#4660 = CYLINDRICAL_SURFACE('',#4661,44.);
#4661 = AXIS2_PLACEMENT_3D('',#4662,#4663,#4664);
#4662 = CARTESIAN_POINT('',(197.01167210421,-3.,82.163441154151));
#4663 = DIRECTION('',(-2.22044604925E-16,1.,-4.930380657631E-32));
#4664 = DIRECTION('',(2.22044604925E-16,0.,-1.));
#4665 = ADVANCED_FACE('',(#4666),#4682,.F.);
#4666 = FACE_BOUND('',#4667,.F.);
#4667 = EDGE_LOOP('',(#4668,#4669,#4670,#4671,#4676,#4677,#4678,#4679,
    #4680,#4681));
#4668 = ORIENTED_EDGE('',*,*,#4432,.F.);
#4669 = ORIENTED_EDGE('',*,*,#4443,.F.);
#4670 = ORIENTED_EDGE('',*,*,#4452,.F.);
#4671 = ORIENTED_EDGE('',*,*,#4672,.F.);
#4672 = EDGE_CURVE('',#4089,#4453,#4673,.T.);
#4673 = B_SPLINE_CURVE_WITH_KNOTS('',1,(#4674,#4675),.UNSPECIFIED.,.F.,
  .F.,(2,2),(0.,6.),.PIECEWISE_BEZIER_KNOTS.);
#4674 = CARTESIAN_POINT('',(197.01167210421,-3.,60.163441154151));
#4675 = CARTESIAN_POINT('',(197.01167210421,3.,60.163441154151));
#4676 = ORIENTED_EDGE('',*,*,#4097,.T.);
#4677 = ORIENTED_EDGE('',*,*,#4106,.T.);
#4678 = ORIENTED_EDGE('',*,*,#4077,.T.);
#4679 = ORIENTED_EDGE('',*,*,#4088,.T.);
#4680 = ORIENTED_EDGE('',*,*,#4672,.T.);
#4681 = ORIENTED_EDGE('',*,*,#4461,.F.);
#4682 = CYLINDRICAL_SURFACE('',#4683,22.);
#4683 = AXIS2_PLACEMENT_3D('',#4684,#4685,#4686);
#4684 = CARTESIAN_POINT('',(197.01167210421,-3.,82.163441154151));
#4685 = DIRECTION('',(-2.22044604925E-16,1.,-4.930380657631E-32));
#4686 = DIRECTION('',(2.22044604925E-16,0.,-1.));
#4687 = MANIFOLD_SOLID_BREP('',#4688);
#4688 = CLOSED_SHELL('',(#4689,#4750,#4774,#4799,#4824,#4849,#4874,#4927
    ,#4936,#4956,#4965,#4974,#4999,#5024,#5049,#5074,#5099,#5128,#5148)
  );
#4689 = ADVANCED_FACE('',(#4690,#4701,#4712,#4723,#4734),#4745,.T.);
#4690 = FACE_BOUND('',#4691,.T.);
#4691 = EDGE_LOOP('',(#4692));
#4692 = ORIENTED_EDGE('',*,*,#4693,.T.);
#4693 = EDGE_CURVE('',#4694,#4694,#4696,.T.);
#4694 = VERTEX_POINT('',#4695);
#4695 = CARTESIAN_POINT('',(220.01167210421,18.,82.163441154151));
#4696 = CIRCLE('',#4697,23.);
#4697 = AXIS2_PLACEMENT_3D('',#4698,#4699,#4700);
#4698 = CARTESIAN_POINT('',(197.01167210421,18.,82.163441154151));
#4699 = DIRECTION('',(-0.,1.,0.));
#4700 = DIRECTION('',(1.,0.,2.22044604925E-16));
#4701 = FACE_BOUND('',#4702,.T.);
#4702 = EDGE_LOOP('',(#4703));
#4703 = ORIENTED_EDGE('',*,*,#4704,.F.);
#4704 = EDGE_CURVE('',#4705,#4705,#4707,.T.);
#4705 = VERTEX_POINT('',#4706);
#4706 = CARTESIAN_POINT('',(188.16167210421,18.,99.48394922984));
#4707 = CIRCLE('',#4708,1.15);
#4708 = AXIS2_PLACEMENT_3D('',#4709,#4710,#4711);
#4709 = CARTESIAN_POINT('',(187.01167210421,18.,99.48394922984));
#4710 = DIRECTION('',(-0.,1.,0.));
#4711 = DIRECTION('',(1.,0.,2.22044604925E-16));
#4712 = FACE_BOUND('',#4713,.T.);
#4713 = EDGE_LOOP('',(#4714));
#4714 = ORIENTED_EDGE('',*,*,#4715,.F.);
#4715 = EDGE_CURVE('',#4716,#4716,#4718,.T.);
#4716 = VERTEX_POINT('',#4717);
#4717 = CARTESIAN_POINT('',(213.16167210421,18.,82.163441154151));
#4718 = CIRCLE('',#4719,16.15);
#4719 = AXIS2_PLACEMENT_3D('',#4720,#4721,#4722);
#4720 = CARTESIAN_POINT('',(197.01167210421,18.,82.163441154151));
#4721 = DIRECTION('',(-0.,1.,0.));
#4722 = DIRECTION('',(1.,0.,2.22044604925E-16));
#4723 = FACE_BOUND('',#4724,.T.);
#4724 = EDGE_LOOP('',(#4725));
#4725 = ORIENTED_EDGE('',*,*,#4726,.F.);
#4726 = EDGE_CURVE('',#4727,#4727,#4729,.T.);
#4727 = VERTEX_POINT('',#4728);
#4728 = CARTESIAN_POINT('',(188.16167210421,18.,64.842933078462));
#4729 = CIRCLE('',#4730,1.15);
#4730 = AXIS2_PLACEMENT_3D('',#4731,#4732,#4733);
#4731 = CARTESIAN_POINT('',(187.01167210421,18.,64.842933078462));
#4732 = DIRECTION('',(-0.,1.,0.));
#4733 = DIRECTION('',(1.,0.,2.22044604925E-16));
#4734 = FACE_BOUND('',#4735,.T.);
#4735 = EDGE_LOOP('',(#4736));
#4736 = ORIENTED_EDGE('',*,*,#4737,.F.);
#4737 = EDGE_CURVE('',#4738,#4738,#4740,.T.);
#4738 = VERTEX_POINT('',#4739);
#4739 = CARTESIAN_POINT('',(218.16167210421,18.,82.163441154151));
#4740 = CIRCLE('',#4741,1.15);
#4741 = AXIS2_PLACEMENT_3D('',#4742,#4743,#4744);
#4742 = CARTESIAN_POINT('',(217.01167210421,18.,82.163441154151));
#4743 = DIRECTION('',(-0.,1.,0.));
#4744 = DIRECTION('',(1.,0.,2.22044604925E-16));
#4745 = PLANE('',#4746);
#4746 = AXIS2_PLACEMENT_3D('',#4747,#4748,#4749);
#4747 = CARTESIAN_POINT('',(197.01167210421,18.,82.163441154151));
#4748 = DIRECTION('',(0.,1.,0.));
#4749 = DIRECTION('',(1.,0.,2.22044604925E-16));
#4750 = ADVANCED_FACE('',(#4751),#4769,.T.);
#4751 = FACE_BOUND('',#4752,.T.);
#4752 = EDGE_LOOP('',(#4753,#4754,#4761,#4768));
#4753 = ORIENTED_EDGE('',*,*,#4693,.F.);
#4754 = ORIENTED_EDGE('',*,*,#4755,.F.);
#4755 = EDGE_CURVE('',#4756,#4694,#4758,.T.);
#4756 = VERTEX_POINT('',#4757);
#4757 = CARTESIAN_POINT('',(220.01167210421,7.,82.163441154151));
#4758 = B_SPLINE_CURVE_WITH_KNOTS('',1,(#4759,#4760),.UNSPECIFIED.,.F.,
  .F.,(2,2),(0.,11.),.PIECEWISE_BEZIER_KNOTS.);
#4759 = CARTESIAN_POINT('',(220.01167210421,7.,82.163441154151));
#4760 = CARTESIAN_POINT('',(220.01167210421,18.,82.163441154151));
#4761 = ORIENTED_EDGE('',*,*,#4762,.T.);
#4762 = EDGE_CURVE('',#4756,#4756,#4763,.T.);
#4763 = CIRCLE('',#4764,23.);
#4764 = AXIS2_PLACEMENT_3D('',#4765,#4766,#4767);
#4765 = CARTESIAN_POINT('',(197.01167210421,7.,82.163441154151));
#4766 = DIRECTION('',(-0.,1.,0.));
#4767 = DIRECTION('',(1.,0.,2.22044604925E-16));
#4768 = ORIENTED_EDGE('',*,*,#4755,.T.);
#4769 = CYLINDRICAL_SURFACE('',#4770,23.);
#4770 = AXIS2_PLACEMENT_3D('',#4771,#4772,#4773);
#4771 = CARTESIAN_POINT('',(197.01167210421,7.,82.163441154151));
#4772 = DIRECTION('',(0.,1.,0.));
#4773 = DIRECTION('',(1.,0.,2.22044604925E-16));
#4774 = ADVANCED_FACE('',(#4775),#4794,.F.);
#4775 = FACE_BOUND('',#4776,.F.);
#4776 = EDGE_LOOP('',(#4777,#4778,#4786,#4793));
#4777 = ORIENTED_EDGE('',*,*,#4704,.F.);
#4778 = ORIENTED_EDGE('',*,*,#4779,.F.);
#4779 = EDGE_CURVE('',#4780,#4705,#4782,.T.);
#4780 = VERTEX_POINT('',#4781);
#4781 = CARTESIAN_POINT('',(188.16167210421,13.,99.48394922984));
#4782 = LINE('',#4783,#4784);
#4783 = CARTESIAN_POINT('',(188.16167210421,13.,99.48394922984));
#4784 = VECTOR('',#4785,1.);
#4785 = DIRECTION('',(0.,1.,0.));
#4786 = ORIENTED_EDGE('',*,*,#4787,.T.);
#4787 = EDGE_CURVE('',#4780,#4780,#4788,.T.);
#4788 = CIRCLE('',#4789,1.15);
#4789 = AXIS2_PLACEMENT_3D('',#4790,#4791,#4792);
#4790 = CARTESIAN_POINT('',(187.01167210421,13.,99.48394922984));
#4791 = DIRECTION('',(-0.,1.,0.));
#4792 = DIRECTION('',(1.,0.,2.22044604925E-16));
#4793 = ORIENTED_EDGE('',*,*,#4779,.T.);
#4794 = CYLINDRICAL_SURFACE('',#4795,1.15);
#4795 = AXIS2_PLACEMENT_3D('',#4796,#4797,#4798);
#4796 = CARTESIAN_POINT('',(187.01167210421,13.,99.48394922984));
#4797 = DIRECTION('',(0.,1.,0.));
#4798 = DIRECTION('',(1.,0.,2.22044604925E-16));
#4799 = ADVANCED_FACE('',(#4800),#4819,.F.);
#4800 = FACE_BOUND('',#4801,.F.);
#4801 = EDGE_LOOP('',(#4802,#4803,#4811,#4818));
#4802 = ORIENTED_EDGE('',*,*,#4715,.F.);
#4803 = ORIENTED_EDGE('',*,*,#4804,.F.);
#4804 = EDGE_CURVE('',#4805,#4716,#4807,.T.);
#4805 = VERTEX_POINT('',#4806);
#4806 = CARTESIAN_POINT('',(213.16167210421,9.,82.163441154151));
#4807 = LINE('',#4808,#4809);
#4808 = CARTESIAN_POINT('',(213.16167210421,9.,82.163441154151));
#4809 = VECTOR('',#4810,1.);
#4810 = DIRECTION('',(0.,1.,0.));
#4811 = ORIENTED_EDGE('',*,*,#4812,.T.);
#4812 = EDGE_CURVE('',#4805,#4805,#4813,.T.);
#4813 = CIRCLE('',#4814,16.15);
#4814 = AXIS2_PLACEMENT_3D('',#4815,#4816,#4817);
#4815 = CARTESIAN_POINT('',(197.01167210421,9.,82.163441154151));
#4816 = DIRECTION('',(-0.,1.,0.));
#4817 = DIRECTION('',(1.,0.,2.22044604925E-16));
#4818 = ORIENTED_EDGE('',*,*,#4804,.T.);
#4819 = CYLINDRICAL_SURFACE('',#4820,16.15);
#4820 = AXIS2_PLACEMENT_3D('',#4821,#4822,#4823);
#4821 = CARTESIAN_POINT('',(197.01167210421,9.,82.163441154151));
#4822 = DIRECTION('',(0.,1.,0.));
#4823 = DIRECTION('',(1.,0.,2.22044604925E-16));
#4824 = ADVANCED_FACE('',(#4825),#4844,.F.);
#4825 = FACE_BOUND('',#4826,.F.);
#4826 = EDGE_LOOP('',(#4827,#4828,#4836,#4843));
#4827 = ORIENTED_EDGE('',*,*,#4726,.F.);
#4828 = ORIENTED_EDGE('',*,*,#4829,.F.);
#4829 = EDGE_CURVE('',#4830,#4727,#4832,.T.);
#4830 = VERTEX_POINT('',#4831);
#4831 = CARTESIAN_POINT('',(188.16167210421,13.,64.842933078462));
#4832 = LINE('',#4833,#4834);
#4833 = CARTESIAN_POINT('',(188.16167210421,13.,64.842933078462));
#4834 = VECTOR('',#4835,1.);
#4835 = DIRECTION('',(0.,1.,0.));
#4836 = ORIENTED_EDGE('',*,*,#4837,.T.);
#4837 = EDGE_CURVE('',#4830,#4830,#4838,.T.);
#4838 = CIRCLE('',#4839,1.15);
#4839 = AXIS2_PLACEMENT_3D('',#4840,#4841,#4842);
#4840 = CARTESIAN_POINT('',(187.01167210421,13.,64.842933078462));
#4841 = DIRECTION('',(-0.,1.,0.));
#4842 = DIRECTION('',(1.,0.,2.22044604925E-16));
#4843 = ORIENTED_EDGE('',*,*,#4829,.T.);
#4844 = CYLINDRICAL_SURFACE('',#4845,1.15);
#4845 = AXIS2_PLACEMENT_3D('',#4846,#4847,#4848);
#4846 = CARTESIAN_POINT('',(187.01167210421,13.,64.842933078462));
#4847 = DIRECTION('',(0.,1.,0.));
#4848 = DIRECTION('',(1.,0.,2.22044604925E-16));
#4849 = ADVANCED_FACE('',(#4850),#4869,.F.);
#4850 = FACE_BOUND('',#4851,.F.);
#4851 = EDGE_LOOP('',(#4852,#4853,#4861,#4868));
#4852 = ORIENTED_EDGE('',*,*,#4737,.F.);
#4853 = ORIENTED_EDGE('',*,*,#4854,.F.);
#4854 = EDGE_CURVE('',#4855,#4738,#4857,.T.);
#4855 = VERTEX_POINT('',#4856);
#4856 = CARTESIAN_POINT('',(218.16167210421,13.,82.163441154151));
#4857 = LINE('',#4858,#4859);
#4858 = CARTESIAN_POINT('',(218.16167210421,13.,82.163441154151));
#4859 = VECTOR('',#4860,1.);
#4860 = DIRECTION('',(0.,1.,0.));
#4861 = ORIENTED_EDGE('',*,*,#4862,.T.);
#4862 = EDGE_CURVE('',#4855,#4855,#4863,.T.);
#4863 = CIRCLE('',#4864,1.15);
#4864 = AXIS2_PLACEMENT_3D('',#4865,#4866,#4867);
#4865 = CARTESIAN_POINT('',(217.01167210421,13.,82.163441154151));
#4866 = DIRECTION('',(-0.,1.,0.));
#4867 = DIRECTION('',(1.,0.,2.22044604925E-16));
#4868 = ORIENTED_EDGE('',*,*,#4854,.T.);
#4869 = CYLINDRICAL_SURFACE('',#4870,1.15);
#4870 = AXIS2_PLACEMENT_3D('',#4871,#4872,#4873);
#4871 = CARTESIAN_POINT('',(217.01167210421,13.,82.163441154151));
#4872 = DIRECTION('',(0.,1.,0.));
#4873 = DIRECTION('',(1.,0.,2.22044604925E-16));
#4874 = ADVANCED_FACE('',(#4875,#4886,#4897,#4900,#4911),#4922,.T.);
#4875 = FACE_BOUND('',#4876,.T.);
#4876 = EDGE_LOOP('',(#4877));
#4877 = ORIENTED_EDGE('',*,*,#4878,.T.);
#4878 = EDGE_CURVE('',#4879,#4879,#4881,.T.);
#4879 = VERTEX_POINT('',#4880);
#4880 = CARTESIAN_POINT('',(228.01167210421,7.,82.163441154151));
#4881 = CIRCLE('',#4882,31.);
#4882 = AXIS2_PLACEMENT_3D('',#4883,#4884,#4885);
#4883 = CARTESIAN_POINT('',(197.01167210421,7.,82.163441154151));
#4884 = DIRECTION('',(-0.,1.,0.));
#4885 = DIRECTION('',(1.,0.,2.22044604925E-16));
#4886 = FACE_BOUND('',#4887,.T.);
#4887 = EDGE_LOOP('',(#4888));
#4888 = ORIENTED_EDGE('',*,*,#4889,.F.);
#4889 = EDGE_CURVE('',#4890,#4890,#4892,.T.);
#4890 = VERTEX_POINT('',#4891);
#4891 = CARTESIAN_POINT('',(185.21167210421,7.,105.54612705633));
#4892 = CIRCLE('',#4893,1.7);
#4893 = AXIS2_PLACEMENT_3D('',#4894,#4895,#4896);
#4894 = CARTESIAN_POINT('',(183.51167210421,7.,105.54612705633));
#4895 = DIRECTION('',(-0.,1.,0.));
#4896 = DIRECTION('',(1.,0.,2.22044604925E-16));
#4897 = FACE_BOUND('',#4898,.T.);
#4898 = EDGE_LOOP('',(#4899));
#4899 = ORIENTED_EDGE('',*,*,#4762,.F.);
#4900 = FACE_BOUND('',#4901,.T.);
#4901 = EDGE_LOOP('',(#4902));
#4902 = ORIENTED_EDGE('',*,*,#4903,.F.);
#4903 = EDGE_CURVE('',#4904,#4904,#4906,.T.);
#4904 = VERTEX_POINT('',#4905);
#4905 = CARTESIAN_POINT('',(225.71167210421,7.,82.163441154151));
#4906 = CIRCLE('',#4907,1.7);
#4907 = AXIS2_PLACEMENT_3D('',#4908,#4909,#4910);
#4908 = CARTESIAN_POINT('',(224.01167210421,7.,82.163441154151));
#4909 = DIRECTION('',(-0.,1.,0.));
#4910 = DIRECTION('',(1.,0.,2.22044604925E-16));
#4911 = FACE_BOUND('',#4912,.T.);
#4912 = EDGE_LOOP('',(#4913));
#4913 = ORIENTED_EDGE('',*,*,#4914,.F.);
#4914 = EDGE_CURVE('',#4915,#4915,#4917,.T.);
#4915 = VERTEX_POINT('',#4916);
#4916 = CARTESIAN_POINT('',(185.21167210421,7.,58.780755251971));
#4917 = CIRCLE('',#4918,1.7);
#4918 = AXIS2_PLACEMENT_3D('',#4919,#4920,#4921);
#4919 = CARTESIAN_POINT('',(183.51167210421,7.,58.780755251971));
#4920 = DIRECTION('',(-0.,1.,0.));
#4921 = DIRECTION('',(1.,0.,2.22044604925E-16));
#4922 = PLANE('',#4923);
#4923 = AXIS2_PLACEMENT_3D('',#4924,#4925,#4926);
#4924 = CARTESIAN_POINT('',(197.01167210421,7.,82.163441154151));
#4925 = DIRECTION('',(0.,1.,0.));
#4926 = DIRECTION('',(1.,0.,2.22044604925E-16));
#4927 = ADVANCED_FACE('',(#4928),#4931,.T.);
#4928 = FACE_BOUND('',#4929,.F.);
#4929 = EDGE_LOOP('',(#4930));
#4930 = ORIENTED_EDGE('',*,*,#4787,.F.);
#4931 = PLANE('',#4932);
#4932 = AXIS2_PLACEMENT_3D('',#4933,#4934,#4935);
#4933 = CARTESIAN_POINT('',(187.01167210421,13.,99.48394922984));
#4934 = DIRECTION('',(0.,1.,0.));
#4935 = DIRECTION('',(1.,0.,2.22044604925E-16));
#4936 = ADVANCED_FACE('',(#4937,#4940),#4951,.T.);
#4937 = FACE_BOUND('',#4938,.T.);
#4938 = EDGE_LOOP('',(#4939));
#4939 = ORIENTED_EDGE('',*,*,#4812,.T.);
#4940 = FACE_BOUND('',#4941,.T.);
#4941 = EDGE_LOOP('',(#4942));
#4942 = ORIENTED_EDGE('',*,*,#4943,.F.);
#4943 = EDGE_CURVE('',#4944,#4944,#4946,.T.);
#4944 = VERTEX_POINT('',#4945);
#4945 = CARTESIAN_POINT('',(205.51167210421,9.,82.163441154151));
#4946 = CIRCLE('',#4947,8.5);
#4947 = AXIS2_PLACEMENT_3D('',#4948,#4949,#4950);
#4948 = CARTESIAN_POINT('',(197.01167210421,9.,82.163441154151));
#4949 = DIRECTION('',(-0.,1.,0.));
#4950 = DIRECTION('',(1.,0.,2.22044604925E-16));
#4951 = PLANE('',#4952);
#4952 = AXIS2_PLACEMENT_3D('',#4953,#4954,#4955);
#4953 = CARTESIAN_POINT('',(197.01167210421,9.,82.163441154151));
#4954 = DIRECTION('',(0.,1.,0.));
#4955 = DIRECTION('',(1.,0.,2.22044604925E-16));
#4956 = ADVANCED_FACE('',(#4957),#4960,.T.);
#4957 = FACE_BOUND('',#4958,.F.);
#4958 = EDGE_LOOP('',(#4959));
#4959 = ORIENTED_EDGE('',*,*,#4837,.F.);
#4960 = PLANE('',#4961);
#4961 = AXIS2_PLACEMENT_3D('',#4962,#4963,#4964);
#4962 = CARTESIAN_POINT('',(187.01167210421,13.,64.842933078462));
#4963 = DIRECTION('',(0.,1.,0.));
#4964 = DIRECTION('',(1.,0.,2.22044604925E-16));
#4965 = ADVANCED_FACE('',(#4966),#4969,.T.);
#4966 = FACE_BOUND('',#4967,.F.);
#4967 = EDGE_LOOP('',(#4968));
#4968 = ORIENTED_EDGE('',*,*,#4862,.F.);
#4969 = PLANE('',#4970);
#4970 = AXIS2_PLACEMENT_3D('',#4971,#4972,#4973);
#4971 = CARTESIAN_POINT('',(217.01167210421,13.,82.163441154151));
#4972 = DIRECTION('',(0.,1.,0.));
#4973 = DIRECTION('',(1.,0.,2.22044604925E-16));
#4974 = ADVANCED_FACE('',(#4975),#4994,.T.);
#4975 = FACE_BOUND('',#4976,.T.);
#4976 = EDGE_LOOP('',(#4977,#4978,#4986,#4993));
#4977 = ORIENTED_EDGE('',*,*,#4878,.F.);
#4978 = ORIENTED_EDGE('',*,*,#4979,.F.);
#4979 = EDGE_CURVE('',#4980,#4879,#4982,.T.);
#4980 = VERTEX_POINT('',#4981);
#4981 = CARTESIAN_POINT('',(228.01167210421,3.,82.163441154151));
#4982 = LINE('',#4983,#4984);
#4983 = CARTESIAN_POINT('',(228.01167210421,3.,82.163441154151));
#4984 = VECTOR('',#4985,1.);
#4985 = DIRECTION('',(0.,1.,0.));
#4986 = ORIENTED_EDGE('',*,*,#4987,.T.);
#4987 = EDGE_CURVE('',#4980,#4980,#4988,.T.);
#4988 = CIRCLE('',#4989,31.);
#4989 = AXIS2_PLACEMENT_3D('',#4990,#4991,#4992);
#4990 = CARTESIAN_POINT('',(197.01167210421,3.,82.163441154151));
#4991 = DIRECTION('',(-0.,1.,0.));
#4992 = DIRECTION('',(1.,0.,2.22044604925E-16));
#4993 = ORIENTED_EDGE('',*,*,#4979,.T.);
#4994 = CYLINDRICAL_SURFACE('',#4995,31.);
#4995 = AXIS2_PLACEMENT_3D('',#4996,#4997,#4998);
#4996 = CARTESIAN_POINT('',(197.01167210421,3.,82.163441154151));
#4997 = DIRECTION('',(0.,1.,0.));
#4998 = DIRECTION('',(1.,0.,2.22044604925E-16));
#4999 = ADVANCED_FACE('',(#5000),#5019,.F.);
#5000 = FACE_BOUND('',#5001,.F.);
#5001 = EDGE_LOOP('',(#5002,#5003,#5011,#5018));
#5002 = ORIENTED_EDGE('',*,*,#4889,.F.);
#5003 = ORIENTED_EDGE('',*,*,#5004,.F.);
#5004 = EDGE_CURVE('',#5005,#4890,#5007,.T.);
#5005 = VERTEX_POINT('',#5006);
#5006 = CARTESIAN_POINT('',(185.21167210421,3.,105.54612705633));
#5007 = LINE('',#5008,#5009);
#5008 = CARTESIAN_POINT('',(185.21167210421,3.,105.54612705633));
#5009 = VECTOR('',#5010,1.);
#5010 = DIRECTION('',(0.,1.,0.));
#5011 = ORIENTED_EDGE('',*,*,#5012,.T.);
#5012 = EDGE_CURVE('',#5005,#5005,#5013,.T.);
#5013 = CIRCLE('',#5014,1.7);
#5014 = AXIS2_PLACEMENT_3D('',#5015,#5016,#5017);
#5015 = CARTESIAN_POINT('',(183.51167210421,3.,105.54612705633));
#5016 = DIRECTION('',(-0.,1.,0.));
#5017 = DIRECTION('',(1.,0.,2.22044604925E-16));
#5018 = ORIENTED_EDGE('',*,*,#5004,.T.);
#5019 = CYLINDRICAL_SURFACE('',#5020,1.7);
#5020 = AXIS2_PLACEMENT_3D('',#5021,#5022,#5023);
#5021 = CARTESIAN_POINT('',(183.51167210421,3.,105.54612705633));
#5022 = DIRECTION('',(0.,1.,0.));
#5023 = DIRECTION('',(1.,0.,2.22044604925E-16));
#5024 = ADVANCED_FACE('',(#5025),#5044,.F.);
#5025 = FACE_BOUND('',#5026,.F.);
#5026 = EDGE_LOOP('',(#5027,#5028,#5036,#5043));
#5027 = ORIENTED_EDGE('',*,*,#4903,.F.);
#5028 = ORIENTED_EDGE('',*,*,#5029,.F.);
#5029 = EDGE_CURVE('',#5030,#4904,#5032,.T.);
#5030 = VERTEX_POINT('',#5031);
#5031 = CARTESIAN_POINT('',(225.71167210421,3.,82.163441154151));
#5032 = LINE('',#5033,#5034);
#5033 = CARTESIAN_POINT('',(225.71167210421,3.,82.163441154151));
#5034 = VECTOR('',#5035,1.);
#5035 = DIRECTION('',(0.,1.,0.));
#5036 = ORIENTED_EDGE('',*,*,#5037,.T.);
#5037 = EDGE_CURVE('',#5030,#5030,#5038,.T.);
#5038 = CIRCLE('',#5039,1.7);
#5039 = AXIS2_PLACEMENT_3D('',#5040,#5041,#5042);
#5040 = CARTESIAN_POINT('',(224.01167210421,3.,82.163441154151));
#5041 = DIRECTION('',(-0.,1.,0.));
#5042 = DIRECTION('',(1.,0.,2.22044604925E-16));
#5043 = ORIENTED_EDGE('',*,*,#5029,.T.);
#5044 = CYLINDRICAL_SURFACE('',#5045,1.7);
#5045 = AXIS2_PLACEMENT_3D('',#5046,#5047,#5048);
#5046 = CARTESIAN_POINT('',(224.01167210421,3.,82.163441154151));
#5047 = DIRECTION('',(0.,1.,0.));
#5048 = DIRECTION('',(1.,0.,2.22044604925E-16));
#5049 = ADVANCED_FACE('',(#5050),#5069,.F.);
#5050 = FACE_BOUND('',#5051,.F.);
#5051 = EDGE_LOOP('',(#5052,#5053,#5061,#5068));
#5052 = ORIENTED_EDGE('',*,*,#4914,.F.);
#5053 = ORIENTED_EDGE('',*,*,#5054,.F.);
#5054 = EDGE_CURVE('',#5055,#4915,#5057,.T.);
#5055 = VERTEX_POINT('',#5056);
#5056 = CARTESIAN_POINT('',(185.21167210421,3.,58.780755251971));
#5057 = LINE('',#5058,#5059);
#5058 = CARTESIAN_POINT('',(185.21167210421,3.,58.780755251971));
#5059 = VECTOR('',#5060,1.);
#5060 = DIRECTION('',(0.,1.,0.));
#5061 = ORIENTED_EDGE('',*,*,#5062,.T.);
#5062 = EDGE_CURVE('',#5055,#5055,#5063,.T.);
#5063 = CIRCLE('',#5064,1.7);
#5064 = AXIS2_PLACEMENT_3D('',#5065,#5066,#5067);
#5065 = CARTESIAN_POINT('',(183.51167210421,3.,58.780755251971));
#5066 = DIRECTION('',(-0.,1.,0.));
#5067 = DIRECTION('',(1.,0.,2.22044604925E-16));
#5068 = ORIENTED_EDGE('',*,*,#5054,.T.);
#5069 = CYLINDRICAL_SURFACE('',#5070,1.7);
#5070 = AXIS2_PLACEMENT_3D('',#5071,#5072,#5073);
#5071 = CARTESIAN_POINT('',(183.51167210421,3.,58.780755251971));
#5072 = DIRECTION('',(0.,1.,0.));
#5073 = DIRECTION('',(1.,0.,2.22044604925E-16));
#5074 = ADVANCED_FACE('',(#5075),#5094,.F.);
#5075 = FACE_BOUND('',#5076,.F.);
#5076 = EDGE_LOOP('',(#5077,#5078,#5086,#5093));
#5077 = ORIENTED_EDGE('',*,*,#4943,.F.);
#5078 = ORIENTED_EDGE('',*,*,#5079,.F.);
#5079 = EDGE_CURVE('',#5080,#4944,#5082,.T.);
#5080 = VERTEX_POINT('',#5081);
#5081 = CARTESIAN_POINT('',(205.51167210421,7.,82.163441154151));
#5082 = LINE('',#5083,#5084);
#5083 = CARTESIAN_POINT('',(205.51167210421,7.,82.163441154151));
#5084 = VECTOR('',#5085,1.);
#5085 = DIRECTION('',(0.,1.,0.));
#5086 = ORIENTED_EDGE('',*,*,#5087,.T.);
#5087 = EDGE_CURVE('',#5080,#5080,#5088,.T.);
#5088 = CIRCLE('',#5089,8.5);
#5089 = AXIS2_PLACEMENT_3D('',#5090,#5091,#5092);
#5090 = CARTESIAN_POINT('',(197.01167210421,7.,82.163441154151));
#5091 = DIRECTION('',(-0.,1.,0.));
#5092 = DIRECTION('',(1.,0.,2.22044604925E-16));
#5093 = ORIENTED_EDGE('',*,*,#5079,.T.);
#5094 = CYLINDRICAL_SURFACE('',#5095,8.5);
#5095 = AXIS2_PLACEMENT_3D('',#5096,#5097,#5098);
#5096 = CARTESIAN_POINT('',(197.01167210421,7.,82.163441154151));
#5097 = DIRECTION('',(0.,1.,0.));
#5098 = DIRECTION('',(1.,0.,2.22044604925E-16));
#5099 = ADVANCED_FACE('',(#5100,#5103,#5106,#5117,#5120),#5123,.F.);
#5100 = FACE_BOUND('',#5101,.F.);
#5101 = EDGE_LOOP('',(#5102));
#5102 = ORIENTED_EDGE('',*,*,#4987,.T.);
#5103 = FACE_BOUND('',#5104,.F.);
#5104 = EDGE_LOOP('',(#5105));
#5105 = ORIENTED_EDGE('',*,*,#5012,.F.);
#5106 = FACE_BOUND('',#5107,.F.);
#5107 = EDGE_LOOP('',(#5108));
#5108 = ORIENTED_EDGE('',*,*,#5109,.F.);
#5109 = EDGE_CURVE('',#5110,#5110,#5112,.T.);
#5110 = VERTEX_POINT('',#5111);
#5111 = CARTESIAN_POINT('',(217.31167210421,3.,82.163441154151));
#5112 = CIRCLE('',#5113,20.3);
#5113 = AXIS2_PLACEMENT_3D('',#5114,#5115,#5116);
#5114 = CARTESIAN_POINT('',(197.01167210421,3.,82.163441154151));
#5115 = DIRECTION('',(-0.,1.,0.));
#5116 = DIRECTION('',(1.,0.,2.22044604925E-16));
#5117 = FACE_BOUND('',#5118,.F.);
#5118 = EDGE_LOOP('',(#5119));
#5119 = ORIENTED_EDGE('',*,*,#5037,.F.);
#5120 = FACE_BOUND('',#5121,.F.);
#5121 = EDGE_LOOP('',(#5122));
#5122 = ORIENTED_EDGE('',*,*,#5062,.F.);
#5123 = PLANE('',#5124);
#5124 = AXIS2_PLACEMENT_3D('',#5125,#5126,#5127);
#5125 = CARTESIAN_POINT('',(197.01167210421,3.,82.163441154151));
#5126 = DIRECTION('',(0.,1.,0.));
#5127 = DIRECTION('',(1.,0.,2.22044604925E-16));
#5128 = ADVANCED_FACE('',(#5129,#5140),#5143,.F.);
#5129 = FACE_BOUND('',#5130,.F.);
#5130 = EDGE_LOOP('',(#5131));
#5131 = ORIENTED_EDGE('',*,*,#5132,.T.);
#5132 = EDGE_CURVE('',#5133,#5133,#5135,.T.);
#5133 = VERTEX_POINT('',#5134);
#5134 = CARTESIAN_POINT('',(217.31167210421,7.,82.163441154151));
#5135 = CIRCLE('',#5136,20.3);
#5136 = AXIS2_PLACEMENT_3D('',#5137,#5138,#5139);
#5137 = CARTESIAN_POINT('',(197.01167210421,7.,82.163441154151));
#5138 = DIRECTION('',(-0.,1.,0.));
#5139 = DIRECTION('',(1.,0.,2.22044604925E-16));
#5140 = FACE_BOUND('',#5141,.F.);
#5141 = EDGE_LOOP('',(#5142));
#5142 = ORIENTED_EDGE('',*,*,#5087,.F.);
#5143 = PLANE('',#5144);
#5144 = AXIS2_PLACEMENT_3D('',#5145,#5146,#5147);
#5145 = CARTESIAN_POINT('',(197.01167210421,7.,82.163441154151));
#5146 = DIRECTION('',(0.,1.,0.));
#5147 = DIRECTION('',(1.,0.,2.22044604925E-16));
#5148 = ADVANCED_FACE('',(#5149),#5160,.F.);
#5149 = FACE_BOUND('',#5150,.F.);
#5150 = EDGE_LOOP('',(#5151,#5152,#5158,#5159));
#5151 = ORIENTED_EDGE('',*,*,#5132,.F.);
#5152 = ORIENTED_EDGE('',*,*,#5153,.F.);
#5153 = EDGE_CURVE('',#5110,#5133,#5154,.T.);
#5154 = LINE('',#5155,#5156);
#5155 = CARTESIAN_POINT('',(217.31167210421,3.,82.163441154151));
#5156 = VECTOR('',#5157,1.);
#5157 = DIRECTION('',(0.,1.,0.));
#5158 = ORIENTED_EDGE('',*,*,#5109,.T.);
#5159 = ORIENTED_EDGE('',*,*,#5153,.T.);
#5160 = CYLINDRICAL_SURFACE('',#5161,20.3);
#5161 = AXIS2_PLACEMENT_3D('',#5162,#5163,#5164);
#5162 = CARTESIAN_POINT('',(197.01167210421,3.,82.163441154151));
#5163 = DIRECTION('',(0.,1.,0.));
#5164 = DIRECTION('',(1.,0.,2.22044604925E-16));
#5165 = MANIFOLD_SOLID_BREP('',#5166);
#5166 = CLOSED_SHELL('',(#5167,#5200,#5220,#5240));
#5167 = ADVANCED_FACE('',(#5168),#5195,.T.);
#5168 = FACE_BOUND('',#5169,.T.);
#5169 = EDGE_LOOP('',(#5170,#5179,#5187,#5194));
#5170 = ORIENTED_EDGE('',*,*,#5171,.F.);
#5171 = EDGE_CURVE('',#5172,#5172,#5174,.T.);
#5172 = VERTEX_POINT('',#5173);
#5173 = CARTESIAN_POINT('',(213.01167210421,18.,82.163441154151));
#5174 = CIRCLE('',#5175,16.);
#5175 = AXIS2_PLACEMENT_3D('',#5176,#5177,#5178);
#5176 = CARTESIAN_POINT('',(197.01167210421,18.,82.163441154151));
#5177 = DIRECTION('',(-0.,1.,0.));
#5178 = DIRECTION('',(1.,0.,2.22044604925E-16));
#5179 = ORIENTED_EDGE('',*,*,#5180,.F.);
#5180 = EDGE_CURVE('',#5181,#5172,#5183,.T.);
#5181 = VERTEX_POINT('',#5182);
#5182 = CARTESIAN_POINT('',(213.01167210421,9.,82.163441154151));
#5183 = LINE('',#5184,#5185);
#5184 = CARTESIAN_POINT('',(213.01167210421,9.,82.163441154151));
#5185 = VECTOR('',#5186,1.);
#5186 = DIRECTION('',(0.,1.,0.));
#5187 = ORIENTED_EDGE('',*,*,#5188,.T.);
#5188 = EDGE_CURVE('',#5181,#5181,#5189,.T.);
#5189 = CIRCLE('',#5190,16.);
#5190 = AXIS2_PLACEMENT_3D('',#5191,#5192,#5193);
#5191 = CARTESIAN_POINT('',(197.01167210421,9.,82.163441154151));
#5192 = DIRECTION('',(-0.,1.,0.));
#5193 = DIRECTION('',(1.,0.,2.22044604925E-16));
#5194 = ORIENTED_EDGE('',*,*,#5180,.T.);
#5195 = CYLINDRICAL_SURFACE('',#5196,16.);
#5196 = AXIS2_PLACEMENT_3D('',#5197,#5198,#5199);
#5197 = CARTESIAN_POINT('',(197.01167210421,9.,82.163441154151));
#5198 = DIRECTION('',(0.,1.,0.));
#5199 = DIRECTION('',(1.,0.,2.22044604925E-16));
#5200 = ADVANCED_FACE('',(#5201,#5204),#5215,.T.);
#5201 = FACE_BOUND('',#5202,.T.);
#5202 = EDGE_LOOP('',(#5203));
#5203 = ORIENTED_EDGE('',*,*,#5171,.T.);
#5204 = FACE_BOUND('',#5205,.T.);
#5205 = EDGE_LOOP('',(#5206));
#5206 = ORIENTED_EDGE('',*,*,#5207,.F.);
#5207 = EDGE_CURVE('',#5208,#5208,#5210,.T.);
#5208 = VERTEX_POINT('',#5209);
#5209 = CARTESIAN_POINT('',(204.51167210421,18.,82.163441154151));
#5210 = CIRCLE('',#5211,7.5);
#5211 = AXIS2_PLACEMENT_3D('',#5212,#5213,#5214);
#5212 = CARTESIAN_POINT('',(197.01167210421,18.,82.163441154151));
#5213 = DIRECTION('',(-0.,1.,0.));
#5214 = DIRECTION('',(1.,0.,2.22044604925E-16));
#5215 = PLANE('',#5216);
#5216 = AXIS2_PLACEMENT_3D('',#5217,#5218,#5219);
#5217 = CARTESIAN_POINT('',(197.01167210421,18.,82.163441154151));
#5218 = DIRECTION('',(0.,1.,0.));
#5219 = DIRECTION('',(1.,0.,2.22044604925E-16));
#5220 = ADVANCED_FACE('',(#5221,#5224),#5235,.F.);
#5221 = FACE_BOUND('',#5222,.F.);
#5222 = EDGE_LOOP('',(#5223));
#5223 = ORIENTED_EDGE('',*,*,#5188,.T.);
#5224 = FACE_BOUND('',#5225,.F.);
#5225 = EDGE_LOOP('',(#5226));
#5226 = ORIENTED_EDGE('',*,*,#5227,.F.);
#5227 = EDGE_CURVE('',#5228,#5228,#5230,.T.);
#5228 = VERTEX_POINT('',#5229);
#5229 = CARTESIAN_POINT('',(204.51167210421,9.,82.163441154151));
#5230 = CIRCLE('',#5231,7.5);
#5231 = AXIS2_PLACEMENT_3D('',#5232,#5233,#5234);
#5232 = CARTESIAN_POINT('',(197.01167210421,9.,82.163441154151));
#5233 = DIRECTION('',(-0.,1.,0.));
#5234 = DIRECTION('',(1.,0.,2.22044604925E-16));
#5235 = PLANE('',#5236);
#5236 = AXIS2_PLACEMENT_3D('',#5237,#5238,#5239);
#5237 = CARTESIAN_POINT('',(197.01167210421,9.,82.163441154151));
#5238 = DIRECTION('',(0.,1.,0.));
#5239 = DIRECTION('',(1.,0.,2.22044604925E-16));
#5240 = ADVANCED_FACE('',(#5241),#5252,.F.);
#5241 = FACE_BOUND('',#5242,.F.);
#5242 = EDGE_LOOP('',(#5243,#5244,#5250,#5251));
#5243 = ORIENTED_EDGE('',*,*,#5207,.F.);
#5244 = ORIENTED_EDGE('',*,*,#5245,.F.);
#5245 = EDGE_CURVE('',#5228,#5208,#5246,.T.);
#5246 = LINE('',#5247,#5248);
#5247 = CARTESIAN_POINT('',(204.51167210421,9.,82.163441154151));
#5248 = VECTOR('',#5249,1.);
#5249 = DIRECTION('',(0.,1.,0.));
#5250 = ORIENTED_EDGE('',*,*,#5227,.T.);
#5251 = ORIENTED_EDGE('',*,*,#5245,.T.);
#5252 = CYLINDRICAL_SURFACE('',#5253,7.5);
#5253 = AXIS2_PLACEMENT_3D('',#5254,#5255,#5256);
#5254 = CARTESIAN_POINT('',(197.01167210421,9.,82.163441154151));
#5255 = DIRECTION('',(0.,1.,0.));
#5256 = DIRECTION('',(1.,0.,2.22044604925E-16));
#5257 = MANIFOLD_SOLID_BREP('',#5258);
#5258 = CLOSED_SHELL('',(#5259,#5292,#5345,#5398,#5415,#5432,#5449));
#5259 = ADVANCED_FACE('',(#5260),#5287,.T.);
#5260 = FACE_BOUND('',#5261,.T.);
#5261 = EDGE_LOOP('',(#5262,#5271,#5279,#5286));
#5262 = ORIENTED_EDGE('',*,*,#5263,.F.);
#5263 = EDGE_CURVE('',#5264,#5264,#5266,.T.);
#5264 = VERTEX_POINT('',#5265);
#5265 = CARTESIAN_POINT('',(220.01167210421,21.,82.163441154151));
#5266 = CIRCLE('',#5267,23.);
#5267 = AXIS2_PLACEMENT_3D('',#5268,#5269,#5270);
#5268 = CARTESIAN_POINT('',(197.01167210421,21.,82.163441154151));
#5269 = DIRECTION('',(-0.,1.,0.));
#5270 = DIRECTION('',(1.,0.,2.22044604925E-16));
#5271 = ORIENTED_EDGE('',*,*,#5272,.F.);
#5272 = EDGE_CURVE('',#5273,#5264,#5275,.T.);
#5273 = VERTEX_POINT('',#5274);
#5274 = CARTESIAN_POINT('',(220.01167210421,18.,82.163441154151));
#5275 = LINE('',#5276,#5277);
#5276 = CARTESIAN_POINT('',(220.01167210421,18.,82.163441154151));
#5277 = VECTOR('',#5278,1.);
#5278 = DIRECTION('',(0.,1.,0.));
#5279 = ORIENTED_EDGE('',*,*,#5280,.T.);
#5280 = EDGE_CURVE('',#5273,#5273,#5281,.T.);
#5281 = CIRCLE('',#5282,23.);
#5282 = AXIS2_PLACEMENT_3D('',#5283,#5284,#5285);
#5283 = CARTESIAN_POINT('',(197.01167210421,18.,82.163441154151));
#5284 = DIRECTION('',(-0.,1.,0.));
#5285 = DIRECTION('',(1.,0.,2.22044604925E-16));
#5286 = ORIENTED_EDGE('',*,*,#5272,.T.);
#5287 = CYLINDRICAL_SURFACE('',#5288,23.);
#5288 = AXIS2_PLACEMENT_3D('',#5289,#5290,#5291);
#5289 = CARTESIAN_POINT('',(197.01167210421,18.,82.163441154151));
#5290 = DIRECTION('',(0.,1.,0.));
#5291 = DIRECTION('',(1.,0.,2.22044604925E-16));
#5292 = ADVANCED_FACE('',(#5293,#5296,#5307,#5318,#5329),#5340,.T.);
#5293 = FACE_BOUND('',#5294,.T.);
#5294 = EDGE_LOOP('',(#5295));
#5295 = ORIENTED_EDGE('',*,*,#5263,.T.);
#5296 = FACE_BOUND('',#5297,.T.);
#5297 = EDGE_LOOP('',(#5298));
#5298 = ORIENTED_EDGE('',*,*,#5299,.F.);
#5299 = EDGE_CURVE('',#5300,#5300,#5302,.T.);
#5300 = VERTEX_POINT('',#5301);
#5301 = CARTESIAN_POINT('',(188.71167210421,21.,99.48394922984));
#5302 = CIRCLE('',#5303,1.7);
#5303 = AXIS2_PLACEMENT_3D('',#5304,#5305,#5306);
#5304 = CARTESIAN_POINT('',(187.01167210421,21.,99.48394922984));
#5305 = DIRECTION('',(-0.,1.,0.));
#5306 = DIRECTION('',(1.,0.,2.22044604925E-16));
#5307 = FACE_BOUND('',#5308,.T.);
#5308 = EDGE_LOOP('',(#5309));
#5309 = ORIENTED_EDGE('',*,*,#5310,.F.);
#5310 = EDGE_CURVE('',#5311,#5311,#5313,.T.);
#5311 = VERTEX_POINT('',#5312);
#5312 = CARTESIAN_POINT('',(205.51167210421,21.,82.163441154151));
#5313 = CIRCLE('',#5314,8.5);
#5314 = AXIS2_PLACEMENT_3D('',#5315,#5316,#5317);
#5315 = CARTESIAN_POINT('',(197.01167210421,21.,82.163441154151));
#5316 = DIRECTION('',(-0.,1.,0.));
#5317 = DIRECTION('',(1.,0.,2.22044604925E-16));
#5318 = FACE_BOUND('',#5319,.T.);
#5319 = EDGE_LOOP('',(#5320));
#5320 = ORIENTED_EDGE('',*,*,#5321,.F.);
#5321 = EDGE_CURVE('',#5322,#5322,#5324,.T.);
#5322 = VERTEX_POINT('',#5323);
#5323 = CARTESIAN_POINT('',(188.71167210421,21.,64.842933078462));
#5324 = CIRCLE('',#5325,1.7);
#5325 = AXIS2_PLACEMENT_3D('',#5326,#5327,#5328);
#5326 = CARTESIAN_POINT('',(187.01167210421,21.,64.842933078462));
#5327 = DIRECTION('',(-0.,1.,0.));
#5328 = DIRECTION('',(1.,0.,2.22044604925E-16));
#5329 = FACE_BOUND('',#5330,.T.);
#5330 = EDGE_LOOP('',(#5331));
#5331 = ORIENTED_EDGE('',*,*,#5332,.F.);
#5332 = EDGE_CURVE('',#5333,#5333,#5335,.T.);
#5333 = VERTEX_POINT('',#5334);
#5334 = CARTESIAN_POINT('',(218.71167210421,21.,82.163441154151));
#5335 = CIRCLE('',#5336,1.7);
#5336 = AXIS2_PLACEMENT_3D('',#5337,#5338,#5339);
#5337 = CARTESIAN_POINT('',(217.01167210421,21.,82.163441154151));
#5338 = DIRECTION('',(-0.,1.,0.));
#5339 = DIRECTION('',(1.,0.,2.22044604925E-16));
#5340 = PLANE('',#5341);
#5341 = AXIS2_PLACEMENT_3D('',#5342,#5343,#5344);
#5342 = CARTESIAN_POINT('',(197.01167210421,21.,82.163441154151));
#5343 = DIRECTION('',(0.,1.,0.));
#5344 = DIRECTION('',(1.,0.,2.22044604925E-16));
#5345 = ADVANCED_FACE('',(#5346,#5349,#5360,#5371,#5382),#5393,.F.);
#5346 = FACE_BOUND('',#5347,.F.);
#5347 = EDGE_LOOP('',(#5348));
#5348 = ORIENTED_EDGE('',*,*,#5280,.T.);
#5349 = FACE_BOUND('',#5350,.F.);
#5350 = EDGE_LOOP('',(#5351));
#5351 = ORIENTED_EDGE('',*,*,#5352,.F.);
#5352 = EDGE_CURVE('',#5353,#5353,#5355,.T.);
#5353 = VERTEX_POINT('',#5354);
#5354 = CARTESIAN_POINT('',(188.71167210421,18.,99.48394922984));
#5355 = CIRCLE('',#5356,1.7);
#5356 = AXIS2_PLACEMENT_3D('',#5357,#5358,#5359);
#5357 = CARTESIAN_POINT('',(187.01167210421,18.,99.48394922984));
#5358 = DIRECTION('',(-0.,1.,0.));
#5359 = DIRECTION('',(1.,0.,2.22044604925E-16));
#5360 = FACE_BOUND('',#5361,.F.);
#5361 = EDGE_LOOP('',(#5362));
#5362 = ORIENTED_EDGE('',*,*,#5363,.F.);
#5363 = EDGE_CURVE('',#5364,#5364,#5366,.T.);
#5364 = VERTEX_POINT('',#5365);
#5365 = CARTESIAN_POINT('',(205.51167210421,18.,82.163441154151));
#5366 = CIRCLE('',#5367,8.5);
#5367 = AXIS2_PLACEMENT_3D('',#5368,#5369,#5370);
#5368 = CARTESIAN_POINT('',(197.01167210421,18.,82.163441154151));
#5369 = DIRECTION('',(-0.,1.,0.));
#5370 = DIRECTION('',(1.,0.,2.22044604925E-16));
#5371 = FACE_BOUND('',#5372,.F.);
#5372 = EDGE_LOOP('',(#5373));
#5373 = ORIENTED_EDGE('',*,*,#5374,.F.);
#5374 = EDGE_CURVE('',#5375,#5375,#5377,.T.);
#5375 = VERTEX_POINT('',#5376);
#5376 = CARTESIAN_POINT('',(188.71167210421,18.,64.842933078462));
#5377 = CIRCLE('',#5378,1.7);
#5378 = AXIS2_PLACEMENT_3D('',#5379,#5380,#5381);
#5379 = CARTESIAN_POINT('',(187.01167210421,18.,64.842933078462));
#5380 = DIRECTION('',(-0.,1.,0.));
#5381 = DIRECTION('',(1.,0.,2.22044604925E-16));
#5382 = FACE_BOUND('',#5383,.F.);
#5383 = EDGE_LOOP('',(#5384));
#5384 = ORIENTED_EDGE('',*,*,#5385,.F.);
#5385 = EDGE_CURVE('',#5386,#5386,#5388,.T.);
#5386 = VERTEX_POINT('',#5387);
#5387 = CARTESIAN_POINT('',(218.71167210421,18.,82.163441154151));
#5388 = CIRCLE('',#5389,1.7);
#5389 = AXIS2_PLACEMENT_3D('',#5390,#5391,#5392);
#5390 = CARTESIAN_POINT('',(217.01167210421,18.,82.163441154151));
#5391 = DIRECTION('',(-0.,1.,0.));
#5392 = DIRECTION('',(1.,0.,2.22044604925E-16));
#5393 = PLANE('',#5394);
#5394 = AXIS2_PLACEMENT_3D('',#5395,#5396,#5397);
#5395 = CARTESIAN_POINT('',(197.01167210421,18.,82.163441154151));
#5396 = DIRECTION('',(0.,1.,0.));
#5397 = DIRECTION('',(1.,0.,2.22044604925E-16));
#5398 = ADVANCED_FACE('',(#5399),#5410,.F.);
#5399 = FACE_BOUND('',#5400,.F.);
#5400 = EDGE_LOOP('',(#5401,#5402,#5408,#5409));
#5401 = ORIENTED_EDGE('',*,*,#5299,.F.);
#5402 = ORIENTED_EDGE('',*,*,#5403,.F.);
#5403 = EDGE_CURVE('',#5353,#5300,#5404,.T.);
#5404 = LINE('',#5405,#5406);
#5405 = CARTESIAN_POINT('',(188.71167210421,18.,99.48394922984));
#5406 = VECTOR('',#5407,1.);
#5407 = DIRECTION('',(0.,1.,0.));
#5408 = ORIENTED_EDGE('',*,*,#5352,.T.);
#5409 = ORIENTED_EDGE('',*,*,#5403,.T.);
#5410 = CYLINDRICAL_SURFACE('',#5411,1.7);
#5411 = AXIS2_PLACEMENT_3D('',#5412,#5413,#5414);
#5412 = CARTESIAN_POINT('',(187.01167210421,18.,99.48394922984));
#5413 = DIRECTION('',(0.,1.,0.));
#5414 = DIRECTION('',(1.,0.,2.22044604925E-16));
#5415 = ADVANCED_FACE('',(#5416),#5427,.F.);
#5416 = FACE_BOUND('',#5417,.F.);
#5417 = EDGE_LOOP('',(#5418,#5419,#5425,#5426));
#5418 = ORIENTED_EDGE('',*,*,#5310,.F.);
#5419 = ORIENTED_EDGE('',*,*,#5420,.F.);
#5420 = EDGE_CURVE('',#5364,#5311,#5421,.T.);
#5421 = LINE('',#5422,#5423);
#5422 = CARTESIAN_POINT('',(205.51167210421,18.,82.163441154151));
#5423 = VECTOR('',#5424,1.);
#5424 = DIRECTION('',(0.,1.,0.));
#5425 = ORIENTED_EDGE('',*,*,#5363,.T.);
#5426 = ORIENTED_EDGE('',*,*,#5420,.T.);
#5427 = CYLINDRICAL_SURFACE('',#5428,8.5);
#5428 = AXIS2_PLACEMENT_3D('',#5429,#5430,#5431);
#5429 = CARTESIAN_POINT('',(197.01167210421,18.,82.163441154151));
#5430 = DIRECTION('',(0.,1.,0.));
#5431 = DIRECTION('',(1.,0.,2.22044604925E-16));
#5432 = ADVANCED_FACE('',(#5433),#5444,.F.);
#5433 = FACE_BOUND('',#5434,.F.);
#5434 = EDGE_LOOP('',(#5435,#5436,#5442,#5443));
#5435 = ORIENTED_EDGE('',*,*,#5321,.F.);
#5436 = ORIENTED_EDGE('',*,*,#5437,.F.);
#5437 = EDGE_CURVE('',#5375,#5322,#5438,.T.);
#5438 = LINE('',#5439,#5440);
#5439 = CARTESIAN_POINT('',(188.71167210421,18.,64.842933078462));
#5440 = VECTOR('',#5441,1.);
#5441 = DIRECTION('',(0.,1.,0.));
#5442 = ORIENTED_EDGE('',*,*,#5374,.T.);
#5443 = ORIENTED_EDGE('',*,*,#5437,.T.);
#5444 = CYLINDRICAL_SURFACE('',#5445,1.7);
#5445 = AXIS2_PLACEMENT_3D('',#5446,#5447,#5448);
#5446 = CARTESIAN_POINT('',(187.01167210421,18.,64.842933078462));
#5447 = DIRECTION('',(0.,1.,0.));
#5448 = DIRECTION('',(1.,0.,2.22044604925E-16));
#5449 = ADVANCED_FACE('',(#5450),#5461,.F.);
#5450 = FACE_BOUND('',#5451,.F.);
#5451 = EDGE_LOOP('',(#5452,#5453,#5459,#5460));
#5452 = ORIENTED_EDGE('',*,*,#5332,.F.);
#5453 = ORIENTED_EDGE('',*,*,#5454,.F.);
#5454 = EDGE_CURVE('',#5386,#5333,#5455,.T.);
#5455 = LINE('',#5456,#5457);
#5456 = CARTESIAN_POINT('',(218.71167210421,18.,82.163441154151));
#5457 = VECTOR('',#5458,1.);
#5458 = DIRECTION('',(0.,1.,0.));
#5459 = ORIENTED_EDGE('',*,*,#5385,.T.);
#5460 = ORIENTED_EDGE('',*,*,#5454,.T.);
#5461 = CYLINDRICAL_SURFACE('',#5462,1.7);
#5462 = AXIS2_PLACEMENT_3D('',#5463,#5464,#5465);
#5463 = CARTESIAN_POINT('',(217.01167210421,18.,82.163441154151));
#5464 = DIRECTION('',(0.,1.,0.));
#5465 = DIRECTION('',(1.,0.,2.22044604925E-16));
#5466 = MANIFOLD_SOLID_BREP('',#5467);
#5467 = CLOSED_SHELL('',(#5468,#5501,#5587,#5673,#5690,#5707,#5724,#5741
    ,#5766,#5783,#5800,#5820));
#5468 = ADVANCED_FACE('',(#5469),#5496,.T.);
#5469 = FACE_BOUND('',#5470,.T.);
#5470 = EDGE_LOOP('',(#5471,#5480,#5488,#5495));
#5471 = ORIENTED_EDGE('',*,*,#5472,.F.);
#5472 = EDGE_CURVE('',#5473,#5473,#5475,.T.);
#5473 = VERTEX_POINT('',#5474);
#5474 = CARTESIAN_POINT('',(197.01167210421,4.,101.16344115415));
#5475 = CIRCLE('',#5476,19.);
#5476 = AXIS2_PLACEMENT_3D('',#5477,#5478,#5479);
#5477 = CARTESIAN_POINT('',(197.01167210421,4.,82.163441154151));
#5478 = DIRECTION('',(-0.,1.,0.));
#5479 = DIRECTION('',(2.22044604925E-16,0.,1.));
#5480 = ORIENTED_EDGE('',*,*,#5481,.F.);
#5481 = EDGE_CURVE('',#5482,#5473,#5484,.T.);
#5482 = VERTEX_POINT('',#5483);
#5483 = CARTESIAN_POINT('',(197.01167210421,0.,101.16344115415));
#5484 = LINE('',#5485,#5486);
#5485 = CARTESIAN_POINT('',(197.01167210421,0.,101.16344115415));
#5486 = VECTOR('',#5487,1.);
#5487 = DIRECTION('',(0.,1.,0.));
#5488 = ORIENTED_EDGE('',*,*,#5489,.T.);
#5489 = EDGE_CURVE('',#5482,#5482,#5490,.T.);
#5490 = CIRCLE('',#5491,19.);
#5491 = AXIS2_PLACEMENT_3D('',#5492,#5493,#5494);
#5492 = CARTESIAN_POINT('',(197.01167210421,0.,82.163441154151));
#5493 = DIRECTION('',(-0.,1.,0.));
#5494 = DIRECTION('',(2.22044604925E-16,0.,1.));
#5495 = ORIENTED_EDGE('',*,*,#5481,.T.);
#5496 = CYLINDRICAL_SURFACE('',#5497,19.);
#5497 = AXIS2_PLACEMENT_3D('',#5498,#5499,#5500);
#5498 = CARTESIAN_POINT('',(197.01167210421,0.,82.163441154151));
#5499 = DIRECTION('',(0.,1.,0.));
#5500 = DIRECTION('',(2.22044604925E-16,0.,1.));
#5501 = ADVANCED_FACE('',(#5502,#5505,#5516,#5527,#5538,#5549,#5560,
    #5571),#5582,.T.);
#5502 = FACE_BOUND('',#5503,.T.);
#5503 = EDGE_LOOP('',(#5504));
#5504 = ORIENTED_EDGE('',*,*,#5472,.T.);
#5505 = FACE_BOUND('',#5506,.T.);
#5506 = EDGE_LOOP('',(#5507));
#5507 = ORIENTED_EDGE('',*,*,#5508,.F.);
#5508 = EDGE_CURVE('',#5509,#5509,#5511,.T.);
#5509 = VERTEX_POINT('',#5510);
#5510 = CARTESIAN_POINT('',(185.40774210421,4.,81.355871154151));
#5511 = CIRCLE('',#5512,2.25);
#5512 = AXIS2_PLACEMENT_3D('',#5513,#5514,#5515);
#5513 = CARTESIAN_POINT('',(185.40774210421,4.,79.105871154151));
#5514 = DIRECTION('',(-0.,1.,0.));
#5515 = DIRECTION('',(2.22044604925E-16,0.,1.));
#5516 = FACE_BOUND('',#5517,.T.);
#5517 = EDGE_LOOP('',(#5518));
#5518 = ORIENTED_EDGE('',*,*,#5519,.F.);
#5519 = EDGE_CURVE('',#5520,#5520,#5522,.T.);
#5520 = VERTEX_POINT('',#5521);
#5521 = CARTESIAN_POINT('',(193.85764210421,4.,72.835351154151));
#5522 = CIRCLE('',#5523,2.25);
#5523 = AXIS2_PLACEMENT_3D('',#5524,#5525,#5526);
#5524 = CARTESIAN_POINT('',(193.85764210421,4.,70.585351154151));
#5525 = DIRECTION('',(-0.,1.,0.));
#5526 = DIRECTION('',(2.22044604925E-16,0.,1.));
#5527 = FACE_BOUND('',#5528,.T.);
#5528 = EDGE_LOOP('',(#5529));
#5529 = ORIENTED_EDGE('',*,*,#5530,.F.);
#5530 = EDGE_CURVE('',#5531,#5531,#5533,.T.);
#5531 = VERTEX_POINT('',#5532);
#5532 = CARTESIAN_POINT('',(188.56177210421,4.,92.933961154151));
#5533 = CIRCLE('',#5534,2.25);
#5534 = AXIS2_PLACEMENT_3D('',#5535,#5536,#5537);
#5535 = CARTESIAN_POINT('',(188.56177210421,4.,90.683961154151));
#5536 = DIRECTION('',(-0.,1.,0.));
#5537 = DIRECTION('',(2.22044604925E-16,0.,1.));
#5538 = FACE_BOUND('',#5539,.T.);
#5539 = EDGE_LOOP('',(#5540));
#5540 = ORIENTED_EDGE('',*,*,#5541,.F.);
#5541 = EDGE_CURVE('',#5542,#5542,#5544,.T.);
#5542 = VERTEX_POINT('',#5543);
#5543 = CARTESIAN_POINT('',(205.46157210421,4.,75.892931154151));
#5544 = CIRCLE('',#5545,2.25);
#5545 = AXIS2_PLACEMENT_3D('',#5546,#5547,#5548);
#5546 = CARTESIAN_POINT('',(205.46157210421,4.,73.642931154151));
#5547 = DIRECTION('',(-0.,1.,0.));
#5548 = DIRECTION('',(2.22044604925E-16,0.,1.));
#5549 = FACE_BOUND('',#5550,.T.);
#5550 = EDGE_LOOP('',(#5551));
#5551 = ORIENTED_EDGE('',*,*,#5552,.F.);
#5552 = EDGE_CURVE('',#5553,#5553,#5555,.T.);
#5553 = VERTEX_POINT('',#5554);
#5554 = CARTESIAN_POINT('',(197.01167210421,4.,89.563441154151));
#5555 = CIRCLE('',#5556,7.4);
#5556 = AXIS2_PLACEMENT_3D('',#5557,#5558,#5559);
#5557 = CARTESIAN_POINT('',(197.01167210421,4.,82.163441154151));
#5558 = DIRECTION('',(-0.,1.,0.));
#5559 = DIRECTION('',(2.22044604925E-16,0.,1.));
#5560 = FACE_BOUND('',#5561,.T.);
#5561 = EDGE_LOOP('',(#5562));
#5562 = ORIENTED_EDGE('',*,*,#5563,.F.);
#5563 = EDGE_CURVE('',#5564,#5564,#5566,.T.);
#5564 = VERTEX_POINT('',#5565);
#5565 = CARTESIAN_POINT('',(200.16570210421,4.,95.991531154151));
#5566 = CIRCLE('',#5567,2.25);
#5567 = AXIS2_PLACEMENT_3D('',#5568,#5569,#5570);
#5568 = CARTESIAN_POINT('',(200.16570210421,4.,93.741531154151));
#5569 = DIRECTION('',(-0.,1.,0.));
#5570 = DIRECTION('',(2.22044604925E-16,0.,1.));
#5571 = FACE_BOUND('',#5572,.T.);
#5572 = EDGE_LOOP('',(#5573));
#5573 = ORIENTED_EDGE('',*,*,#5574,.F.);
#5574 = EDGE_CURVE('',#5575,#5575,#5577,.T.);
#5575 = VERTEX_POINT('',#5576);
#5576 = CARTESIAN_POINT('',(208.61560210421,4.,87.471011154151));
#5577 = CIRCLE('',#5578,2.25);
#5578 = AXIS2_PLACEMENT_3D('',#5579,#5580,#5581);
#5579 = CARTESIAN_POINT('',(208.61560210421,4.,85.221011154151));
#5580 = DIRECTION('',(-0.,1.,0.));
#5581 = DIRECTION('',(2.22044604925E-16,0.,1.));
#5582 = PLANE('',#5583);
#5583 = AXIS2_PLACEMENT_3D('',#5584,#5585,#5586);
#5584 = CARTESIAN_POINT('',(197.01167210421,4.,82.163441154151));
#5585 = DIRECTION('',(0.,1.,0.));
#5586 = DIRECTION('',(2.22044604925E-16,0.,1.));
#5587 = ADVANCED_FACE('',(#5588,#5591,#5602,#5613,#5624,#5635,#5646,
    #5657),#5668,.F.);
#5588 = FACE_BOUND('',#5589,.F.);
#5589 = EDGE_LOOP('',(#5590));
#5590 = ORIENTED_EDGE('',*,*,#5489,.T.);
#5591 = FACE_BOUND('',#5592,.F.);
#5592 = EDGE_LOOP('',(#5593));
#5593 = ORIENTED_EDGE('',*,*,#5594,.F.);
#5594 = EDGE_CURVE('',#5595,#5595,#5597,.T.);
#5595 = VERTEX_POINT('',#5596);
#5596 = CARTESIAN_POINT('',(185.40774210421,0.,81.355871154151));
#5597 = CIRCLE('',#5598,2.25);
#5598 = AXIS2_PLACEMENT_3D('',#5599,#5600,#5601);
#5599 = CARTESIAN_POINT('',(185.40774210421,0.,79.105871154151));
#5600 = DIRECTION('',(-0.,1.,0.));
#5601 = DIRECTION('',(2.22044604925E-16,0.,1.));
#5602 = FACE_BOUND('',#5603,.F.);
#5603 = EDGE_LOOP('',(#5604));
#5604 = ORIENTED_EDGE('',*,*,#5605,.F.);
#5605 = EDGE_CURVE('',#5606,#5606,#5608,.T.);
#5606 = VERTEX_POINT('',#5607);
#5607 = CARTESIAN_POINT('',(193.85764210421,0.,72.835351154151));
#5608 = CIRCLE('',#5609,2.25);
#5609 = AXIS2_PLACEMENT_3D('',#5610,#5611,#5612);
#5610 = CARTESIAN_POINT('',(193.85764210421,0.,70.585351154151));
#5611 = DIRECTION('',(-0.,1.,0.));
#5612 = DIRECTION('',(2.22044604925E-16,0.,1.));
#5613 = FACE_BOUND('',#5614,.F.);
#5614 = EDGE_LOOP('',(#5615));
#5615 = ORIENTED_EDGE('',*,*,#5616,.F.);
#5616 = EDGE_CURVE('',#5617,#5617,#5619,.T.);
#5617 = VERTEX_POINT('',#5618);
#5618 = CARTESIAN_POINT('',(188.56177210421,0.,92.933961154151));
#5619 = CIRCLE('',#5620,2.25);
#5620 = AXIS2_PLACEMENT_3D('',#5621,#5622,#5623);
#5621 = CARTESIAN_POINT('',(188.56177210421,0.,90.683961154151));
#5622 = DIRECTION('',(-0.,1.,0.));
#5623 = DIRECTION('',(2.22044604925E-16,0.,1.));
#5624 = FACE_BOUND('',#5625,.F.);
#5625 = EDGE_LOOP('',(#5626));
#5626 = ORIENTED_EDGE('',*,*,#5627,.F.);
#5627 = EDGE_CURVE('',#5628,#5628,#5630,.T.);
#5628 = VERTEX_POINT('',#5629);
#5629 = CARTESIAN_POINT('',(205.46157210421,0.,75.892931154151));
#5630 = CIRCLE('',#5631,2.25);
#5631 = AXIS2_PLACEMENT_3D('',#5632,#5633,#5634);
#5632 = CARTESIAN_POINT('',(205.46157210421,0.,73.642931154151));
#5633 = DIRECTION('',(-0.,1.,0.));
#5634 = DIRECTION('',(2.22044604925E-16,0.,1.));
#5635 = FACE_BOUND('',#5636,.F.);
#5636 = EDGE_LOOP('',(#5637));
#5637 = ORIENTED_EDGE('',*,*,#5638,.F.);
#5638 = EDGE_CURVE('',#5639,#5639,#5641,.T.);
#5639 = VERTEX_POINT('',#5640);
#5640 = CARTESIAN_POINT('',(197.01167210421,0.,87.163441154151));
#5641 = CIRCLE('',#5642,5.);
#5642 = AXIS2_PLACEMENT_3D('',#5643,#5644,#5645);
#5643 = CARTESIAN_POINT('',(197.01167210421,0.,82.163441154151));
#5644 = DIRECTION('',(-0.,1.,0.));
#5645 = DIRECTION('',(2.22044604925E-16,0.,1.));
#5646 = FACE_BOUND('',#5647,.F.);
#5647 = EDGE_LOOP('',(#5648));
#5648 = ORIENTED_EDGE('',*,*,#5649,.F.);
#5649 = EDGE_CURVE('',#5650,#5650,#5652,.T.);
#5650 = VERTEX_POINT('',#5651);
#5651 = CARTESIAN_POINT('',(200.16570210421,0.,95.991531154151));
#5652 = CIRCLE('',#5653,2.25);
#5653 = AXIS2_PLACEMENT_3D('',#5654,#5655,#5656);
#5654 = CARTESIAN_POINT('',(200.16570210421,0.,93.741531154151));
#5655 = DIRECTION('',(-0.,1.,0.));
#5656 = DIRECTION('',(2.22044604925E-16,0.,1.));
#5657 = FACE_BOUND('',#5658,.F.);
#5658 = EDGE_LOOP('',(#5659));
#5659 = ORIENTED_EDGE('',*,*,#5660,.F.);
#5660 = EDGE_CURVE('',#5661,#5661,#5663,.T.);
#5661 = VERTEX_POINT('',#5662);
#5662 = CARTESIAN_POINT('',(208.61560210421,0.,87.471011154151));
#5663 = CIRCLE('',#5664,2.25);
#5664 = AXIS2_PLACEMENT_3D('',#5665,#5666,#5667);
#5665 = CARTESIAN_POINT('',(208.61560210421,0.,85.221011154151));
#5666 = DIRECTION('',(-0.,1.,0.));
#5667 = DIRECTION('',(2.22044604925E-16,0.,1.));
#5668 = PLANE('',#5669);
#5669 = AXIS2_PLACEMENT_3D('',#5670,#5671,#5672);
#5670 = CARTESIAN_POINT('',(197.01167210421,0.,82.163441154151));
#5671 = DIRECTION('',(0.,1.,0.));
#5672 = DIRECTION('',(2.22044604925E-16,0.,1.));
#5673 = ADVANCED_FACE('',(#5674),#5685,.F.);
#5674 = FACE_BOUND('',#5675,.F.);
#5675 = EDGE_LOOP('',(#5676,#5677,#5683,#5684));
#5676 = ORIENTED_EDGE('',*,*,#5508,.F.);
#5677 = ORIENTED_EDGE('',*,*,#5678,.F.);
#5678 = EDGE_CURVE('',#5595,#5509,#5679,.T.);
#5679 = LINE('',#5680,#5681);
#5680 = CARTESIAN_POINT('',(185.40774210421,0.,81.355871154151));
#5681 = VECTOR('',#5682,1.);
#5682 = DIRECTION('',(0.,1.,0.));
#5683 = ORIENTED_EDGE('',*,*,#5594,.T.);
#5684 = ORIENTED_EDGE('',*,*,#5678,.T.);
#5685 = CYLINDRICAL_SURFACE('',#5686,2.25);
#5686 = AXIS2_PLACEMENT_3D('',#5687,#5688,#5689);
#5687 = CARTESIAN_POINT('',(185.40774210421,0.,79.105871154151));
#5688 = DIRECTION('',(0.,1.,0.));
#5689 = DIRECTION('',(2.22044604925E-16,0.,1.));
#5690 = ADVANCED_FACE('',(#5691),#5702,.F.);
#5691 = FACE_BOUND('',#5692,.F.);
#5692 = EDGE_LOOP('',(#5693,#5694,#5700,#5701));
#5693 = ORIENTED_EDGE('',*,*,#5519,.F.);
#5694 = ORIENTED_EDGE('',*,*,#5695,.F.);
#5695 = EDGE_CURVE('',#5606,#5520,#5696,.T.);
#5696 = LINE('',#5697,#5698);
#5697 = CARTESIAN_POINT('',(193.85764210421,0.,72.835351154151));
#5698 = VECTOR('',#5699,1.);
#5699 = DIRECTION('',(0.,1.,0.));
#5700 = ORIENTED_EDGE('',*,*,#5605,.T.);
#5701 = ORIENTED_EDGE('',*,*,#5695,.T.);
#5702 = CYLINDRICAL_SURFACE('',#5703,2.25);
#5703 = AXIS2_PLACEMENT_3D('',#5704,#5705,#5706);
#5704 = CARTESIAN_POINT('',(193.85764210421,0.,70.585351154151));
#5705 = DIRECTION('',(0.,1.,0.));
#5706 = DIRECTION('',(2.22044604925E-16,0.,1.));
#5707 = ADVANCED_FACE('',(#5708),#5719,.F.);
#5708 = FACE_BOUND('',#5709,.F.);
#5709 = EDGE_LOOP('',(#5710,#5711,#5717,#5718));
#5710 = ORIENTED_EDGE('',*,*,#5530,.F.);
#5711 = ORIENTED_EDGE('',*,*,#5712,.F.);
#5712 = EDGE_CURVE('',#5617,#5531,#5713,.T.);
#5713 = LINE('',#5714,#5715);
#5714 = CARTESIAN_POINT('',(188.56177210421,0.,92.933961154151));
#5715 = VECTOR('',#5716,1.);
#5716 = DIRECTION('',(0.,1.,0.));
#5717 = ORIENTED_EDGE('',*,*,#5616,.T.);
#5718 = ORIENTED_EDGE('',*,*,#5712,.T.);
#5719 = CYLINDRICAL_SURFACE('',#5720,2.25);
#5720 = AXIS2_PLACEMENT_3D('',#5721,#5722,#5723);
#5721 = CARTESIAN_POINT('',(188.56177210421,0.,90.683961154151));
#5722 = DIRECTION('',(0.,1.,0.));
#5723 = DIRECTION('',(2.22044604925E-16,0.,1.));
#5724 = ADVANCED_FACE('',(#5725),#5736,.F.);
#5725 = FACE_BOUND('',#5726,.F.);
#5726 = EDGE_LOOP('',(#5727,#5728,#5734,#5735));
#5727 = ORIENTED_EDGE('',*,*,#5541,.F.);
#5728 = ORIENTED_EDGE('',*,*,#5729,.F.);
#5729 = EDGE_CURVE('',#5628,#5542,#5730,.T.);
#5730 = LINE('',#5731,#5732);
#5731 = CARTESIAN_POINT('',(205.46157210421,0.,75.892931154151));
#5732 = VECTOR('',#5733,1.);
#5733 = DIRECTION('',(0.,1.,0.));
#5734 = ORIENTED_EDGE('',*,*,#5627,.T.);
#5735 = ORIENTED_EDGE('',*,*,#5729,.T.);
#5736 = CYLINDRICAL_SURFACE('',#5737,2.25);
#5737 = AXIS2_PLACEMENT_3D('',#5738,#5739,#5740);
#5738 = CARTESIAN_POINT('',(205.46157210421,0.,73.642931154151));
#5739 = DIRECTION('',(0.,1.,0.));
#5740 = DIRECTION('',(2.22044604925E-16,0.,1.));
#5741 = ADVANCED_FACE('',(#5742),#5761,.T.);
#5742 = FACE_BOUND('',#5743,.T.);
#5743 = EDGE_LOOP('',(#5744,#5753,#5759,#5760));
#5744 = ORIENTED_EDGE('',*,*,#5745,.F.);
#5745 = EDGE_CURVE('',#5746,#5746,#5748,.T.);
#5746 = VERTEX_POINT('',#5747);
#5747 = CARTESIAN_POINT('',(197.01167210421,34.,89.563441154151));
#5748 = CIRCLE('',#5749,7.4);
#5749 = AXIS2_PLACEMENT_3D('',#5750,#5751,#5752);
#5750 = CARTESIAN_POINT('',(197.01167210421,34.,82.163441154151));
#5751 = DIRECTION('',(-0.,1.,0.));
#5752 = DIRECTION('',(2.22044604925E-16,0.,1.));
#5753 = ORIENTED_EDGE('',*,*,#5754,.F.);
#5754 = EDGE_CURVE('',#5553,#5746,#5755,.T.);
#5755 = LINE('',#5756,#5757);
#5756 = CARTESIAN_POINT('',(197.01167210421,4.,89.563441154151));
#5757 = VECTOR('',#5758,1.);
#5758 = DIRECTION('',(0.,1.,0.));
#5759 = ORIENTED_EDGE('',*,*,#5552,.T.);
#5760 = ORIENTED_EDGE('',*,*,#5754,.T.);
#5761 = CYLINDRICAL_SURFACE('',#5762,7.4);
#5762 = AXIS2_PLACEMENT_3D('',#5763,#5764,#5765);
#5763 = CARTESIAN_POINT('',(197.01167210421,4.,82.163441154151));
#5764 = DIRECTION('',(0.,1.,0.));
#5765 = DIRECTION('',(2.22044604925E-16,0.,1.));
#5766 = ADVANCED_FACE('',(#5767),#5778,.F.);
#5767 = FACE_BOUND('',#5768,.F.);
#5768 = EDGE_LOOP('',(#5769,#5770,#5776,#5777));
#5769 = ORIENTED_EDGE('',*,*,#5563,.F.);
#5770 = ORIENTED_EDGE('',*,*,#5771,.F.);
#5771 = EDGE_CURVE('',#5650,#5564,#5772,.T.);
#5772 = LINE('',#5773,#5774);
#5773 = CARTESIAN_POINT('',(200.16570210421,0.,95.991531154151));
#5774 = VECTOR('',#5775,1.);
#5775 = DIRECTION('',(0.,1.,0.));
#5776 = ORIENTED_EDGE('',*,*,#5649,.T.);
#5777 = ORIENTED_EDGE('',*,*,#5771,.T.);
#5778 = CYLINDRICAL_SURFACE('',#5779,2.25);
#5779 = AXIS2_PLACEMENT_3D('',#5780,#5781,#5782);
#5780 = CARTESIAN_POINT('',(200.16570210421,0.,93.741531154151));
#5781 = DIRECTION('',(0.,1.,0.));
#5782 = DIRECTION('',(2.22044604925E-16,0.,1.));
#5783 = ADVANCED_FACE('',(#5784),#5795,.F.);
#5784 = FACE_BOUND('',#5785,.F.);
#5785 = EDGE_LOOP('',(#5786,#5787,#5793,#5794));
#5786 = ORIENTED_EDGE('',*,*,#5574,.F.);
#5787 = ORIENTED_EDGE('',*,*,#5788,.F.);
#5788 = EDGE_CURVE('',#5661,#5575,#5789,.T.);
#5789 = LINE('',#5790,#5791);
#5790 = CARTESIAN_POINT('',(208.61560210421,0.,87.471011154151));
#5791 = VECTOR('',#5792,1.);
#5792 = DIRECTION('',(0.,1.,0.));
#5793 = ORIENTED_EDGE('',*,*,#5660,.T.);
#5794 = ORIENTED_EDGE('',*,*,#5788,.T.);
#5795 = CYLINDRICAL_SURFACE('',#5796,2.25);
#5796 = AXIS2_PLACEMENT_3D('',#5797,#5798,#5799);
#5797 = CARTESIAN_POINT('',(208.61560210421,0.,85.221011154151));
#5798 = DIRECTION('',(0.,1.,0.));
#5799 = DIRECTION('',(2.22044604925E-16,0.,1.));
#5800 = ADVANCED_FACE('',(#5801,#5804),#5815,.T.);
#5801 = FACE_BOUND('',#5802,.T.);
#5802 = EDGE_LOOP('',(#5803));
#5803 = ORIENTED_EDGE('',*,*,#5745,.T.);
#5804 = FACE_BOUND('',#5805,.T.);
#5805 = EDGE_LOOP('',(#5806));
#5806 = ORIENTED_EDGE('',*,*,#5807,.F.);
#5807 = EDGE_CURVE('',#5808,#5808,#5810,.T.);
#5808 = VERTEX_POINT('',#5809);
#5809 = CARTESIAN_POINT('',(197.01167210421,34.,87.163441154151));
#5810 = CIRCLE('',#5811,5.);
#5811 = AXIS2_PLACEMENT_3D('',#5812,#5813,#5814);
#5812 = CARTESIAN_POINT('',(197.01167210421,34.,82.163441154151));
#5813 = DIRECTION('',(-0.,1.,0.));
#5814 = DIRECTION('',(2.22044604925E-16,0.,1.));
#5815 = PLANE('',#5816);
#5816 = AXIS2_PLACEMENT_3D('',#5817,#5818,#5819);
#5817 = CARTESIAN_POINT('',(197.01167210421,34.,82.163441154151));
#5818 = DIRECTION('',(0.,1.,0.));
#5819 = DIRECTION('',(2.22044604925E-16,0.,1.));
#5820 = ADVANCED_FACE('',(#5821),#5831,.F.);
#5821 = FACE_BOUND('',#5822,.F.);
#5822 = EDGE_LOOP('',(#5823,#5824,#5829,#5830));
#5823 = ORIENTED_EDGE('',*,*,#5807,.F.);
#5824 = ORIENTED_EDGE('',*,*,#5825,.F.);
#5825 = EDGE_CURVE('',#5639,#5808,#5826,.T.);
#5826 = B_SPLINE_CURVE_WITH_KNOTS('',1,(#5827,#5828),.UNSPECIFIED.,.F.,
  .F.,(2,2),(0.,34.),.PIECEWISE_BEZIER_KNOTS.);
#5827 = CARTESIAN_POINT('',(197.01167210421,0.,87.163441154151));
#5828 = CARTESIAN_POINT('',(197.01167210421,34.,87.163441154151));
#5829 = ORIENTED_EDGE('',*,*,#5638,.T.);
#5830 = ORIENTED_EDGE('',*,*,#5825,.T.);
#5831 = CYLINDRICAL_SURFACE('',#5832,5.);
#5832 = AXIS2_PLACEMENT_3D('',#5833,#5834,#5835);
#5833 = CARTESIAN_POINT('',(197.01167210421,0.,82.163441154151));
#5834 = DIRECTION('',(0.,1.,0.));
#5835 = DIRECTION('',(2.22044604925E-16,0.,1.));
#5836 = MANIFOLD_SOLID_BREP('',#5837);
#5837 = CLOSED_SHELL('',(#5838,#5910,#5941,#6004,#6035,#6082,#6116,#6140
    ,#6180,#6220,#6236,#6365,#6425,#6458,#6566,#6599,#6707,#6739,#6756,
    #6787,#6808,#6962,#6987,#7030,#7073,#7116,#7159,#7202,#7245,#7288,
    #7331,#7362,#7418,#7479,#7504,#7529,#7554,#7579,#7599,#9257,#9375,
    #9486,#9604,#9702,#9801,#9917,#10031,#10149,#10267,#10376,#10396,
    #10413,#10422,#10431,#10440,#10552,#10566,#10588,#10603,#10617,
    #10633));
#5838 = ADVANCED_FACE('',(#5839),#5905,.F.);
#5839 = FACE_BOUND('',#5840,.F.);
#5840 = EDGE_LOOP('',(#5841,#5851,#5859,#5867,#5875,#5883,#5891,#5899));
#5841 = ORIENTED_EDGE('',*,*,#5842,.F.);
#5842 = EDGE_CURVE('',#5843,#5845,#5847,.T.);
#5843 = VERTEX_POINT('',#5844);
#5844 = CARTESIAN_POINT('',(217.57863590541,34.,63.163441154151));
#5845 = VERTEX_POINT('',#5846);
#5846 = CARTESIAN_POINT('',(217.57863590541,40.,63.163441154151));
#5847 = LINE('',#5848,#5849);
#5848 = CARTESIAN_POINT('',(217.57863590541,34.,63.163441154151));
#5849 = VECTOR('',#5850,1.);
#5850 = DIRECTION('',(0.,1.,0.));
#5851 = ORIENTED_EDGE('',*,*,#5852,.T.);
#5852 = EDGE_CURVE('',#5843,#5853,#5855,.T.);
#5853 = VERTEX_POINT('',#5854);
#5854 = CARTESIAN_POINT('',(224.01167210421,34.,63.163441154151));
#5855 = LINE('',#5856,#5857);
#5856 = CARTESIAN_POINT('',(197.01167210421,34.,63.163441154151));
#5857 = VECTOR('',#5858,1.);
#5858 = DIRECTION('',(1.,0.,-2.22044604925E-16));
#5859 = ORIENTED_EDGE('',*,*,#5860,.T.);
#5860 = EDGE_CURVE('',#5853,#5861,#5863,.T.);
#5861 = VERTEX_POINT('',#5862);
#5862 = CARTESIAN_POINT('',(250.01167210421,43.,63.163441154151));
#5863 = LINE('',#5864,#5865);
#5864 = CARTESIAN_POINT('',(224.01167210421,34.,63.163441154151));
#5865 = VECTOR('',#5866,1.);
#5866 = DIRECTION('',(0.94498607344,0.327110563883,-2.098290593367E-16)
  );
#5867 = ORIENTED_EDGE('',*,*,#5868,.T.);
#5868 = EDGE_CURVE('',#5861,#5869,#5871,.T.);
#5869 = VERTEX_POINT('',#5870);
#5870 = CARTESIAN_POINT('',(283.01167210421,43.,63.163441154151));
#5871 = LINE('',#5872,#5873);
#5872 = CARTESIAN_POINT('',(250.01167210421,43.,63.163441154151));
#5873 = VECTOR('',#5874,1.);
#5874 = DIRECTION('',(1.,0.,-2.22044604925E-16));
#5875 = ORIENTED_EDGE('',*,*,#5876,.T.);
#5876 = EDGE_CURVE('',#5869,#5877,#5879,.T.);
#5877 = VERTEX_POINT('',#5878);
#5878 = CARTESIAN_POINT('',(283.01167210421,49.,63.163441154151));
#5879 = LINE('',#5880,#5881);
#5880 = CARTESIAN_POINT('',(283.01167210421,43.,63.163441154151));
#5881 = VECTOR('',#5882,1.);
#5882 = DIRECTION('',(0.,1.,0.));
#5883 = ORIENTED_EDGE('',*,*,#5884,.T.);
#5884 = EDGE_CURVE('',#5877,#5885,#5887,.T.);
#5885 = VERTEX_POINT('',#5886);
#5886 = CARTESIAN_POINT('',(248.01167210421,49.,63.163441154151));
#5887 = LINE('',#5888,#5889);
#5888 = CARTESIAN_POINT('',(283.01167210421,49.,63.163441154151));
#5889 = VECTOR('',#5890,1.);
#5890 = DIRECTION('',(-1.,0.,2.22044604925E-16));
#5891 = ORIENTED_EDGE('',*,*,#5892,.T.);
#5892 = EDGE_CURVE('',#5885,#5893,#5895,.T.);
#5893 = VERTEX_POINT('',#5894);
#5894 = CARTESIAN_POINT('',(222.01167210421,40.,63.163441154151));
#5895 = LINE('',#5896,#5897);
#5896 = CARTESIAN_POINT('',(248.01167210421,49.,63.163441154151));
#5897 = VECTOR('',#5898,1.);
#5898 = DIRECTION('',(-0.94498607344,-0.327110563883,2.098290593367E-16)
  );
#5899 = ORIENTED_EDGE('',*,*,#5900,.T.);
#5900 = EDGE_CURVE('',#5893,#5845,#5901,.T.);
#5901 = LINE('',#5902,#5903);
#5902 = CARTESIAN_POINT('',(222.01167210421,40.,63.163441154151));
#5903 = VECTOR('',#5904,1.);
#5904 = DIRECTION('',(-1.,0.,2.22044604925E-16));
#5905 = PLANE('',#5906);
#5906 = AXIS2_PLACEMENT_3D('',#5907,#5908,#5909);
#5907 = CARTESIAN_POINT('',(239.94692719221,41.884970606436,
    63.163441154151));
#5908 = DIRECTION('',(2.22044604925E-16,0.,1.));
#5909 = DIRECTION('',(1.,0.,-2.22044604925E-16));
#5910 = ADVANCED_FACE('',(#5911),#5936,.F.);
#5911 = FACE_BOUND('',#5912,.F.);
#5912 = EDGE_LOOP('',(#5913,#5921,#5929,#5935));
#5913 = ORIENTED_EDGE('',*,*,#5914,.T.);
#5914 = EDGE_CURVE('',#5885,#5915,#5917,.T.);
#5915 = VERTEX_POINT('',#5916);
#5916 = CARTESIAN_POINT('',(248.01167210421,49.,101.16344115415));
#5917 = LINE('',#5918,#5919);
#5918 = CARTESIAN_POINT('',(248.01167210421,49.,63.163441154151));
#5919 = VECTOR('',#5920,1.);
#5920 = DIRECTION('',(2.22044604925E-16,0.,1.));
#5921 = ORIENTED_EDGE('',*,*,#5922,.T.);
#5922 = EDGE_CURVE('',#5915,#5923,#5925,.T.);
#5923 = VERTEX_POINT('',#5924);
#5924 = CARTESIAN_POINT('',(222.01167210421,40.,101.16344115415));
#5925 = LINE('',#5926,#5927);
#5926 = CARTESIAN_POINT('',(248.01167210421,49.,101.16344115415));
#5927 = VECTOR('',#5928,1.);
#5928 = DIRECTION('',(-0.94498607344,-0.327110563883,2.098290593367E-16)
  );
#5929 = ORIENTED_EDGE('',*,*,#5930,.F.);
#5930 = EDGE_CURVE('',#5893,#5923,#5931,.T.);
#5931 = LINE('',#5932,#5933);
#5932 = CARTESIAN_POINT('',(222.01167210421,40.,63.163441154151));
#5933 = VECTOR('',#5934,1.);
#5934 = DIRECTION('',(2.22044604925E-16,0.,1.));
#5935 = ORIENTED_EDGE('',*,*,#5892,.F.);
#5936 = PLANE('',#5937);
#5937 = AXIS2_PLACEMENT_3D('',#5938,#5939,#5940);
#5938 = CARTESIAN_POINT('',(248.01167210421,49.,63.163441154151));
#5939 = DIRECTION('',(0.327110563883,-0.94498607344,-7.263313592424E-17)
  );
#5940 = DIRECTION('',(-0.94498607344,-0.327110563883,2.098290593367E-16)
  );
#5941 = ADVANCED_FACE('',(#5942),#5999,.T.);
#5942 = FACE_BOUND('',#5943,.T.);
#5943 = EDGE_LOOP('',(#5944,#5954,#5962,#5970,#5978,#5986,#5992,#5993));
#5944 = ORIENTED_EDGE('',*,*,#5945,.F.);
#5945 = EDGE_CURVE('',#5946,#5948,#5950,.T.);
#5946 = VERTEX_POINT('',#5947);
#5947 = CARTESIAN_POINT('',(217.57863590541,34.,101.16344115415));
#5948 = VERTEX_POINT('',#5949);
#5949 = CARTESIAN_POINT('',(217.57863590541,40.,101.16344115415));
#5950 = LINE('',#5951,#5952);
#5951 = CARTESIAN_POINT('',(217.57863590541,34.,101.16344115415));
#5952 = VECTOR('',#5953,1.);
#5953 = DIRECTION('',(0.,1.,0.));
#5954 = ORIENTED_EDGE('',*,*,#5955,.T.);
#5955 = EDGE_CURVE('',#5946,#5956,#5958,.T.);
#5956 = VERTEX_POINT('',#5957);
#5957 = CARTESIAN_POINT('',(224.01167210421,34.,101.16344115415));
#5958 = LINE('',#5959,#5960);
#5959 = CARTESIAN_POINT('',(197.01167210421,34.,101.16344115415));
#5960 = VECTOR('',#5961,1.);
#5961 = DIRECTION('',(1.,0.,-2.22044604925E-16));
#5962 = ORIENTED_EDGE('',*,*,#5963,.T.);
#5963 = EDGE_CURVE('',#5956,#5964,#5966,.T.);
#5964 = VERTEX_POINT('',#5965);
#5965 = CARTESIAN_POINT('',(250.01167210421,43.,101.16344115415));
#5966 = LINE('',#5967,#5968);
#5967 = CARTESIAN_POINT('',(224.01167210421,34.,101.16344115415));
#5968 = VECTOR('',#5969,1.);
#5969 = DIRECTION('',(0.94498607344,0.327110563883,-2.098290593367E-16)
  );
#5970 = ORIENTED_EDGE('',*,*,#5971,.T.);
#5971 = EDGE_CURVE('',#5964,#5972,#5974,.T.);
#5972 = VERTEX_POINT('',#5973);
#5973 = CARTESIAN_POINT('',(283.01167210421,43.,101.16344115415));
#5974 = LINE('',#5975,#5976);
#5975 = CARTESIAN_POINT('',(250.01167210421,43.,101.16344115415));
#5976 = VECTOR('',#5977,1.);
#5977 = DIRECTION('',(1.,0.,-2.22044604925E-16));
#5978 = ORIENTED_EDGE('',*,*,#5979,.T.);
#5979 = EDGE_CURVE('',#5972,#5980,#5982,.T.);
#5980 = VERTEX_POINT('',#5981);
#5981 = CARTESIAN_POINT('',(283.01167210421,49.,101.16344115415));
#5982 = LINE('',#5983,#5984);
#5983 = CARTESIAN_POINT('',(283.01167210421,43.,101.16344115415));
#5984 = VECTOR('',#5985,1.);
#5985 = DIRECTION('',(0.,1.,0.));
#5986 = ORIENTED_EDGE('',*,*,#5987,.T.);
#5987 = EDGE_CURVE('',#5980,#5915,#5988,.T.);
#5988 = LINE('',#5989,#5990);
#5989 = CARTESIAN_POINT('',(283.01167210421,49.,101.16344115415));
#5990 = VECTOR('',#5991,1.);
#5991 = DIRECTION('',(-1.,0.,2.22044604925E-16));
#5992 = ORIENTED_EDGE('',*,*,#5922,.T.);
#5993 = ORIENTED_EDGE('',*,*,#5994,.T.);
#5994 = EDGE_CURVE('',#5923,#5948,#5995,.T.);
#5995 = LINE('',#5996,#5997);
#5996 = CARTESIAN_POINT('',(222.01167210421,40.,101.16344115415));
#5997 = VECTOR('',#5998,1.);
#5998 = DIRECTION('',(-1.,0.,2.22044604925E-16));
#5999 = PLANE('',#6000);
#6000 = AXIS2_PLACEMENT_3D('',#6001,#6002,#6003);
#6001 = CARTESIAN_POINT('',(239.94692719221,41.884970606436,
    101.16344115415));
#6002 = DIRECTION('',(2.22044604925E-16,0.,1.));
#6003 = DIRECTION('',(1.,0.,-2.22044604925E-16));
#6004 = ADVANCED_FACE('',(#6005),#6030,.F.);
#6005 = FACE_BOUND('',#6006,.F.);
#6006 = EDGE_LOOP('',(#6007,#6008,#6016,#6024));
#6007 = ORIENTED_EDGE('',*,*,#5876,.F.);
#6008 = ORIENTED_EDGE('',*,*,#6009,.T.);
#6009 = EDGE_CURVE('',#5869,#6010,#6012,.T.);
#6010 = VERTEX_POINT('',#6011);
#6011 = CARTESIAN_POINT('',(283.01167210421,43.,67.163441154151));
#6012 = LINE('',#6013,#6014);
#6013 = CARTESIAN_POINT('',(283.01167210421,43.,63.163441154151));
#6014 = VECTOR('',#6015,1.);
#6015 = DIRECTION('',(2.22044604925E-16,0.,1.));
#6016 = ORIENTED_EDGE('',*,*,#6017,.T.);
#6017 = EDGE_CURVE('',#6010,#6018,#6020,.T.);
#6018 = VERTEX_POINT('',#6019);
#6019 = CARTESIAN_POINT('',(283.01167210421,49.,67.163441154151));
#6020 = LINE('',#6021,#6022);
#6021 = CARTESIAN_POINT('',(283.01167210421,40.5,67.163441154151));
#6022 = VECTOR('',#6023,1.);
#6023 = DIRECTION('',(0.,1.,0.));
#6024 = ORIENTED_EDGE('',*,*,#6025,.F.);
#6025 = EDGE_CURVE('',#5877,#6018,#6026,.T.);
#6026 = LINE('',#6027,#6028);
#6027 = CARTESIAN_POINT('',(283.01167210421,49.,63.163441154151));
#6028 = VECTOR('',#6029,1.);
#6029 = DIRECTION('',(2.22044604925E-16,0.,1.));
#6030 = PLANE('',#6031);
#6031 = AXIS2_PLACEMENT_3D('',#6032,#6033,#6034);
#6032 = CARTESIAN_POINT('',(283.01167210421,43.,63.163441154151));
#6033 = DIRECTION('',(-1.,0.,2.22044604925E-16));
#6034 = DIRECTION('',(0.,1.,0.));
#6035 = ADVANCED_FACE('',(#6036),#6077,.F.);
#6036 = FACE_BOUND('',#6037,.F.);
#6037 = EDGE_LOOP('',(#6038,#6039,#6045,#6046,#6054,#6062,#6070,#6076));
#6038 = ORIENTED_EDGE('',*,*,#5868,.F.);
#6039 = ORIENTED_EDGE('',*,*,#6040,.T.);
#6040 = EDGE_CURVE('',#5861,#5964,#6041,.T.);
#6041 = LINE('',#6042,#6043);
#6042 = CARTESIAN_POINT('',(250.01167210421,43.,63.163441154151));
#6043 = VECTOR('',#6044,1.);
#6044 = DIRECTION('',(2.22044604925E-16,0.,1.));
#6045 = ORIENTED_EDGE('',*,*,#5971,.T.);
#6046 = ORIENTED_EDGE('',*,*,#6047,.F.);
#6047 = EDGE_CURVE('',#6048,#5972,#6050,.T.);
#6048 = VERTEX_POINT('',#6049);
#6049 = CARTESIAN_POINT('',(283.01167210421,43.,97.163441154151));
#6050 = LINE('',#6051,#6052);
#6051 = CARTESIAN_POINT('',(283.01167210421,43.,63.163441154151));
#6052 = VECTOR('',#6053,1.);
#6053 = DIRECTION('',(2.22044604925E-16,0.,1.));
#6054 = ORIENTED_EDGE('',*,*,#6055,.F.);
#6055 = EDGE_CURVE('',#6056,#6048,#6058,.T.);
#6056 = VERTEX_POINT('',#6057);
#6057 = CARTESIAN_POINT('',(280.01167210421,43.,97.163441154151));
#6058 = LINE('',#6059,#6060);
#6059 = CARTESIAN_POINT('',(265.01167210421,43.,97.163441154151));
#6060 = VECTOR('',#6061,1.);
#6061 = DIRECTION('',(1.,0.,-2.22044604925E-16));
#6062 = ORIENTED_EDGE('',*,*,#6063,.T.);
#6063 = EDGE_CURVE('',#6056,#6064,#6066,.T.);
#6064 = VERTEX_POINT('',#6065);
#6065 = CARTESIAN_POINT('',(280.01167210421,43.,67.163441154151));
#6066 = LINE('',#6067,#6068);
#6067 = CARTESIAN_POINT('',(280.01167210421,43.,65.163441154151));
#6068 = VECTOR('',#6069,1.);
#6069 = DIRECTION('',(-2.22044604925E-16,0.,-1.));
#6070 = ORIENTED_EDGE('',*,*,#6071,.T.);
#6071 = EDGE_CURVE('',#6064,#6010,#6072,.T.);
#6072 = LINE('',#6073,#6074);
#6073 = CARTESIAN_POINT('',(265.01167210421,43.,67.163441154151));
#6074 = VECTOR('',#6075,1.);
#6075 = DIRECTION('',(1.,0.,-2.22044604925E-16));
#6076 = ORIENTED_EDGE('',*,*,#6009,.F.);
#6077 = PLANE('',#6078);
#6078 = AXIS2_PLACEMENT_3D('',#6079,#6080,#6081);
#6079 = CARTESIAN_POINT('',(250.01167210421,43.,63.163441154151));
#6080 = DIRECTION('',(0.,1.,0.));
#6081 = DIRECTION('',(1.,0.,-2.22044604925E-16));
#6082 = ADVANCED_FACE('',(#6083),#6111,.F.);
#6083 = FACE_BOUND('',#6084,.F.);
#6084 = EDGE_LOOP('',(#6085,#6086,#6094,#6103,#6109,#6110));
#6085 = ORIENTED_EDGE('',*,*,#5860,.F.);
#6086 = ORIENTED_EDGE('',*,*,#6087,.T.);
#6087 = EDGE_CURVE('',#5853,#6088,#6090,.T.);
#6088 = VERTEX_POINT('',#6089);
#6089 = CARTESIAN_POINT('',(224.01167210421,34.,74.747242667057));
#6090 = LINE('',#6091,#6092);
#6091 = CARTESIAN_POINT('',(224.01167210421,34.,63.163441154151));
#6092 = VECTOR('',#6093,1.);
#6093 = DIRECTION('',(2.22044604925E-16,0.,1.));
#6094 = ORIENTED_EDGE('',*,*,#6095,.F.);
#6095 = EDGE_CURVE('',#6096,#6088,#6098,.T.);
#6096 = VERTEX_POINT('',#6097);
#6097 = CARTESIAN_POINT('',(224.01167210421,34.,89.579639641246));
#6098 = ELLIPSE('',#6099,29.630066290887,28.);
#6099 = AXIS2_PLACEMENT_3D('',#6100,#6101,#6102);
#6100 = CARTESIAN_POINT('',(197.01167210421,24.653846153846,
    82.163441154151));
#6101 = DIRECTION('',(-0.327110563883,0.94498607344,7.263313592424E-17)
  );
#6102 = DIRECTION('',(0.94498607344,0.327110563883,-2.098290593367E-16)
  );
#6103 = ORIENTED_EDGE('',*,*,#6104,.T.);
#6104 = EDGE_CURVE('',#6096,#5956,#6105,.T.);
#6105 = LINE('',#6106,#6107);
#6106 = CARTESIAN_POINT('',(224.01167210421,34.,63.163441154151));
#6107 = VECTOR('',#6108,1.);
#6108 = DIRECTION('',(2.22044604925E-16,0.,1.));
#6109 = ORIENTED_EDGE('',*,*,#5963,.T.);
#6110 = ORIENTED_EDGE('',*,*,#6040,.F.);
#6111 = PLANE('',#6112);
#6112 = AXIS2_PLACEMENT_3D('',#6113,#6114,#6115);
#6113 = CARTESIAN_POINT('',(224.01167210421,34.,63.163441154151));
#6114 = DIRECTION('',(-0.327110563883,0.94498607344,7.263313592424E-17)
  );
#6115 = DIRECTION('',(0.94498607344,0.327110563883,-2.098290593367E-16)
  );
#6116 = ADVANCED_FACE('',(#6117),#6135,.F.);
#6117 = FACE_BOUND('',#6118,.F.);
#6118 = EDGE_LOOP('',(#6119,#6127,#6133,#6134));
#6119 = ORIENTED_EDGE('',*,*,#6120,.F.);
#6120 = EDGE_CURVE('',#6121,#5980,#6123,.T.);
#6121 = VERTEX_POINT('',#6122);
#6122 = CARTESIAN_POINT('',(283.01167210421,49.,97.163441154151));
#6123 = LINE('',#6124,#6125);
#6124 = CARTESIAN_POINT('',(283.01167210421,49.,63.163441154151));
#6125 = VECTOR('',#6126,1.);
#6126 = DIRECTION('',(2.22044604925E-16,0.,1.));
#6127 = ORIENTED_EDGE('',*,*,#6128,.F.);
#6128 = EDGE_CURVE('',#6048,#6121,#6129,.T.);
#6129 = LINE('',#6130,#6131);
#6130 = CARTESIAN_POINT('',(283.01167210421,40.5,97.163441154151));
#6131 = VECTOR('',#6132,1.);
#6132 = DIRECTION('',(0.,1.,0.));
#6133 = ORIENTED_EDGE('',*,*,#6047,.T.);
#6134 = ORIENTED_EDGE('',*,*,#5979,.T.);
#6135 = PLANE('',#6136);
#6136 = AXIS2_PLACEMENT_3D('',#6137,#6138,#6139);
#6137 = CARTESIAN_POINT('',(283.01167210421,43.,63.163441154151));
#6138 = DIRECTION('',(-1.,0.,2.22044604925E-16));
#6139 = DIRECTION('',(0.,1.,0.));
#6140 = ADVANCED_FACE('',(#6141),#6175,.F.);
#6141 = FACE_BOUND('',#6142,.F.);
#6142 = EDGE_LOOP('',(#6143,#6151,#6159,#6167,#6173,#6174));
#6143 = ORIENTED_EDGE('',*,*,#6144,.F.);
#6144 = EDGE_CURVE('',#6145,#6064,#6147,.T.);
#6145 = VERTEX_POINT('',#6146);
#6146 = CARTESIAN_POINT('',(280.01167210421,41.364235759893,
    67.163441154152));
#6147 = LINE('',#6148,#6149);
#6148 = CARTESIAN_POINT('',(280.01167210421,38.,67.163441154151));
#6149 = VECTOR('',#6150,1.);
#6150 = DIRECTION('',(0.,1.,0.));
#6151 = ORIENTED_EDGE('',*,*,#6152,.T.);
#6152 = EDGE_CURVE('',#6145,#6153,#6155,.T.);
#6153 = VERTEX_POINT('',#6154);
#6154 = CARTESIAN_POINT('',(286.01167210421,41.364235759892,
    67.16344115415));
#6155 = LINE('',#6156,#6157);
#6156 = CARTESIAN_POINT('',(280.01167210421,41.364235759893,
    67.163441154151));
#6157 = VECTOR('',#6158,1.);
#6158 = DIRECTION('',(1.,0.,-4.440892098501E-16));
#6159 = ORIENTED_EDGE('',*,*,#6160,.T.);
#6160 = EDGE_CURVE('',#6153,#6161,#6163,.T.);
#6161 = VERTEX_POINT('',#6162);
#6162 = CARTESIAN_POINT('',(286.01167210421,49.,67.163441154151));
#6163 = LINE('',#6164,#6165);
#6164 = CARTESIAN_POINT('',(286.01167210421,38.,67.163441154151));
#6165 = VECTOR('',#6166,1.);
#6166 = DIRECTION('',(0.,1.,0.));
#6167 = ORIENTED_EDGE('',*,*,#6168,.F.);
#6168 = EDGE_CURVE('',#6018,#6161,#6169,.T.);
#6169 = LINE('',#6170,#6171);
#6170 = CARTESIAN_POINT('',(280.01167210421,49.,67.163441154151));
#6171 = VECTOR('',#6172,1.);
#6172 = DIRECTION('',(1.,0.,-2.22044604925E-16));
#6173 = ORIENTED_EDGE('',*,*,#6017,.F.);
#6174 = ORIENTED_EDGE('',*,*,#6071,.F.);
#6175 = PLANE('',#6176);
#6176 = AXIS2_PLACEMENT_3D('',#6177,#6178,#6179);
#6177 = CARTESIAN_POINT('',(280.01167210421,38.,67.163441154151));
#6178 = DIRECTION('',(2.22044604925E-16,0.,1.));
#6179 = DIRECTION('',(1.,0.,-2.22044604925E-16));
#6180 = ADVANCED_FACE('',(#6181),#6215,.T.);
#6181 = FACE_BOUND('',#6182,.T.);
#6182 = EDGE_LOOP('',(#6183,#6191,#6199,#6207,#6213,#6214));
#6183 = ORIENTED_EDGE('',*,*,#6184,.F.);
#6184 = EDGE_CURVE('',#6185,#6056,#6187,.T.);
#6185 = VERTEX_POINT('',#6186);
#6186 = CARTESIAN_POINT('',(280.01167210421,41.364235759893,
    97.163441154151));
#6187 = LINE('',#6188,#6189);
#6188 = CARTESIAN_POINT('',(280.01167210421,38.,97.163441154151));
#6189 = VECTOR('',#6190,1.);
#6190 = DIRECTION('',(0.,1.,0.));
#6191 = ORIENTED_EDGE('',*,*,#6192,.T.);
#6192 = EDGE_CURVE('',#6185,#6193,#6195,.T.);
#6193 = VERTEX_POINT('',#6194);
#6194 = CARTESIAN_POINT('',(286.01167210421,41.364235759894,
    97.16344115415));
#6195 = LINE('',#6196,#6197);
#6196 = CARTESIAN_POINT('',(280.01167210421,41.364235759893,
    97.163441154151));
#6197 = VECTOR('',#6198,1.);
#6198 = DIRECTION('',(1.,0.,-4.440892098501E-16));
#6199 = ORIENTED_EDGE('',*,*,#6200,.T.);
#6200 = EDGE_CURVE('',#6193,#6201,#6203,.T.);
#6201 = VERTEX_POINT('',#6202);
#6202 = CARTESIAN_POINT('',(286.01167210421,49.,97.163441154151));
#6203 = LINE('',#6204,#6205);
#6204 = CARTESIAN_POINT('',(286.01167210421,38.,97.163441154151));
#6205 = VECTOR('',#6206,1.);
#6206 = DIRECTION('',(0.,1.,0.));
#6207 = ORIENTED_EDGE('',*,*,#6208,.F.);
#6208 = EDGE_CURVE('',#6121,#6201,#6209,.T.);
#6209 = LINE('',#6210,#6211);
#6210 = CARTESIAN_POINT('',(280.01167210421,49.,97.163441154151));
#6211 = VECTOR('',#6212,1.);
#6212 = DIRECTION('',(1.,0.,-2.22044604925E-16));
#6213 = ORIENTED_EDGE('',*,*,#6128,.F.);
#6214 = ORIENTED_EDGE('',*,*,#6055,.F.);
#6215 = PLANE('',#6216);
#6216 = AXIS2_PLACEMENT_3D('',#6217,#6218,#6219);
#6217 = CARTESIAN_POINT('',(280.01167210421,38.,97.163441154151));
#6218 = DIRECTION('',(2.22044604925E-16,0.,1.));
#6219 = DIRECTION('',(1.,0.,-2.22044604925E-16));
#6220 = ADVANCED_FACE('',(#6221),#6231,.T.);
#6221 = FACE_BOUND('',#6222,.T.);
#6222 = EDGE_LOOP('',(#6223,#6224));
#6223 = ORIENTED_EDGE('',*,*,#6095,.F.);
#6224 = ORIENTED_EDGE('',*,*,#6225,.T.);
#6225 = EDGE_CURVE('',#6096,#6088,#6226,.T.);
#6226 = CIRCLE('',#6227,28.);
#6227 = AXIS2_PLACEMENT_3D('',#6228,#6229,#6230);
#6228 = CARTESIAN_POINT('',(197.01167210421,34.,82.163441154151));
#6229 = DIRECTION('',(-0.,1.,0.));
#6230 = DIRECTION('',(2.22044604925E-16,0.,1.));
#6231 = CYLINDRICAL_SURFACE('',#6232,28.);
#6232 = AXIS2_PLACEMENT_3D('',#6233,#6234,#6235);
#6233 = CARTESIAN_POINT('',(197.01167210421,34.,82.163441154151));
#6234 = DIRECTION('',(0.,1.,0.));
#6235 = DIRECTION('',(2.22044604925E-16,0.,1.));
#6236 = ADVANCED_FACE('',(#6237,#6260,#6341),#6360,.T.);
#6237 = FACE_BOUND('',#6238,.T.);
#6238 = EDGE_LOOP('',(#6239,#6248,#6249,#6250,#6251,#6252,#6253));
#6239 = ORIENTED_EDGE('',*,*,#6240,.F.);
#6240 = EDGE_CURVE('',#5843,#6241,#6243,.T.);
#6241 = VERTEX_POINT('',#6242);
#6242 = CARTESIAN_POINT('',(197.01167210421,34.,110.16344115415));
#6243 = CIRCLE('',#6244,28.);
#6244 = AXIS2_PLACEMENT_3D('',#6245,#6246,#6247);
#6245 = CARTESIAN_POINT('',(197.01167210421,34.,82.163441154151));
#6246 = DIRECTION('',(-0.,1.,0.));
#6247 = DIRECTION('',(2.22044604925E-16,0.,1.));
#6248 = ORIENTED_EDGE('',*,*,#5852,.T.);
#6249 = ORIENTED_EDGE('',*,*,#6087,.T.);
#6250 = ORIENTED_EDGE('',*,*,#6225,.F.);
#6251 = ORIENTED_EDGE('',*,*,#6104,.T.);
#6252 = ORIENTED_EDGE('',*,*,#5955,.F.);
#6253 = ORIENTED_EDGE('',*,*,#6254,.F.);
#6254 = EDGE_CURVE('',#6241,#5946,#6255,.T.);
#6255 = CIRCLE('',#6256,28.);
#6256 = AXIS2_PLACEMENT_3D('',#6257,#6258,#6259);
#6257 = CARTESIAN_POINT('',(197.01167210421,34.,82.163441154151));
#6258 = DIRECTION('',(-0.,1.,0.));
#6259 = DIRECTION('',(2.22044604925E-16,0.,1.));
#6260 = FACE_BOUND('',#6261,.T.);
#6261 = EDGE_LOOP('',(#6262,#6273,#6282,#6291,#6299,#6308,#6317,#6326,
    #6334));
#6262 = ORIENTED_EDGE('',*,*,#6263,.T.);
#6263 = EDGE_CURVE('',#6264,#6266,#6268,.T.);
#6264 = VERTEX_POINT('',#6265);
#6265 = CARTESIAN_POINT('',(209.97315350102,34.,63.163441154151));
#6266 = VERTEX_POINT('',#6267);
#6267 = CARTESIAN_POINT('',(197.01167210421,34.,105.16344115415));
#6268 = CIRCLE('',#6269,23.);
#6269 = AXIS2_PLACEMENT_3D('',#6270,#6271,#6272);
#6270 = CARTESIAN_POINT('',(197.01167210421,34.,82.163441154151));
#6271 = DIRECTION('',(-0.,1.,0.));
#6272 = DIRECTION('',(2.22044604925E-16,0.,1.));
#6273 = ORIENTED_EDGE('',*,*,#6274,.T.);
#6274 = EDGE_CURVE('',#6266,#6275,#6277,.T.);
#6275 = VERTEX_POINT('',#6276);
#6276 = CARTESIAN_POINT('',(209.97315350102,34.,101.16344115415));
#6277 = CIRCLE('',#6278,23.);
#6278 = AXIS2_PLACEMENT_3D('',#6279,#6280,#6281);
#6279 = CARTESIAN_POINT('',(197.01167210421,34.,82.163441154151));
#6280 = DIRECTION('',(-0.,1.,0.));
#6281 = DIRECTION('',(2.22044604925E-16,0.,1.));
#6282 = ORIENTED_EDGE('',*,*,#6283,.T.);
#6283 = EDGE_CURVE('',#6275,#6284,#6286,.T.);
#6284 = VERTEX_POINT('',#6285);
#6285 = CARTESIAN_POINT('',(220.00623667934,34.,82.663441154151));
#6286 = CIRCLE('',#6287,23.);
#6287 = AXIS2_PLACEMENT_3D('',#6288,#6289,#6290);
#6288 = CARTESIAN_POINT('',(197.01167210421,34.,82.163441154151));
#6289 = DIRECTION('',(-0.,1.,0.));
#6290 = DIRECTION('',(2.22044604925E-16,0.,1.));
#6291 = ORIENTED_EDGE('',*,*,#6292,.F.);
#6292 = EDGE_CURVE('',#6293,#6284,#6295,.T.);
#6293 = VERTEX_POINT('',#6294);
#6294 = CARTESIAN_POINT('',(204.54509761987,34.,82.663441154151));
#6295 = LINE('',#6296,#6297);
#6296 = CARTESIAN_POINT('',(197.01167210421,34.,82.663441154151));
#6297 = VECTOR('',#6298,1.);
#6298 = DIRECTION('',(1.,0.,-2.22044604925E-16));
#6299 = ORIENTED_EDGE('',*,*,#6300,.F.);
#6300 = EDGE_CURVE('',#6301,#6293,#6303,.T.);
#6301 = VERTEX_POINT('',#6302);
#6302 = CARTESIAN_POINT('',(197.01167210421,34.,89.713441154151));
#6303 = CIRCLE('',#6304,7.55);
#6304 = AXIS2_PLACEMENT_3D('',#6305,#6306,#6307);
#6305 = CARTESIAN_POINT('',(197.01167210421,34.,82.163441154151));
#6306 = DIRECTION('',(-0.,1.,0.));
#6307 = DIRECTION('',(2.22044604925E-16,0.,1.));
#6308 = ORIENTED_EDGE('',*,*,#6309,.F.);
#6309 = EDGE_CURVE('',#6310,#6301,#6312,.T.);
#6310 = VERTEX_POINT('',#6311);
#6311 = CARTESIAN_POINT('',(197.01167210421,34.,74.613441154151));
#6312 = CIRCLE('',#6313,7.55);
#6313 = AXIS2_PLACEMENT_3D('',#6314,#6315,#6316);
#6314 = CARTESIAN_POINT('',(197.01167210421,34.,82.163441154151));
#6315 = DIRECTION('',(-0.,1.,0.));
#6316 = DIRECTION('',(2.22044604925E-16,0.,1.));
#6317 = ORIENTED_EDGE('',*,*,#6318,.F.);
#6318 = EDGE_CURVE('',#6319,#6310,#6321,.T.);
#6319 = VERTEX_POINT('',#6320);
#6320 = CARTESIAN_POINT('',(204.54509761987,34.,81.663441154151));
#6321 = CIRCLE('',#6322,7.55);
#6322 = AXIS2_PLACEMENT_3D('',#6323,#6324,#6325);
#6323 = CARTESIAN_POINT('',(197.01167210421,34.,82.163441154151));
#6324 = DIRECTION('',(-0.,1.,0.));
#6325 = DIRECTION('',(2.22044604925E-16,0.,1.));
#6326 = ORIENTED_EDGE('',*,*,#6327,.T.);
#6327 = EDGE_CURVE('',#6319,#6328,#6330,.T.);
#6328 = VERTEX_POINT('',#6329);
#6329 = CARTESIAN_POINT('',(220.00623667934,34.,81.663441154151));
#6330 = LINE('',#6331,#6332);
#6331 = CARTESIAN_POINT('',(197.01167210421,34.,81.663441154151));
#6332 = VECTOR('',#6333,1.);
#6333 = DIRECTION('',(1.,0.,-2.22044604925E-16));
#6334 = ORIENTED_EDGE('',*,*,#6335,.T.);
#6335 = EDGE_CURVE('',#6328,#6264,#6336,.T.);
#6336 = CIRCLE('',#6337,23.);
#6337 = AXIS2_PLACEMENT_3D('',#6338,#6339,#6340);
#6338 = CARTESIAN_POINT('',(197.01167210421,34.,82.163441154151));
#6339 = DIRECTION('',(-0.,1.,0.));
#6340 = DIRECTION('',(2.22044604925E-16,0.,1.));
#6341 = FACE_BOUND('',#6342,.T.);
#6342 = EDGE_LOOP('',(#6343,#6354));
#6343 = ORIENTED_EDGE('',*,*,#6344,.T.);
#6344 = EDGE_CURVE('',#6345,#6347,#6349,.T.);
#6345 = VERTEX_POINT('',#6346);
#6346 = CARTESIAN_POINT('',(197.01167210421,34.,77.163441154151));
#6347 = VERTEX_POINT('',#6348);
#6348 = CARTESIAN_POINT('',(197.01167210421,34.,87.163441154151));
#6349 = CIRCLE('',#6350,5.);
#6350 = AXIS2_PLACEMENT_3D('',#6351,#6352,#6353);
#6351 = CARTESIAN_POINT('',(197.01167210421,34.,82.163441154151));
#6352 = DIRECTION('',(-0.,1.,0.));
#6353 = DIRECTION('',(2.22044604925E-16,0.,1.));
#6354 = ORIENTED_EDGE('',*,*,#6355,.F.);
#6355 = EDGE_CURVE('',#6345,#6347,#6356,.T.);
#6356 = LINE('',#6357,#6358);
#6357 = CARTESIAN_POINT('',(197.01167210421,34.,63.163441154151));
#6358 = VECTOR('',#6359,1.);
#6359 = DIRECTION('',(2.22044604925E-16,0.,1.));
#6360 = PLANE('',#6361);
#6361 = AXIS2_PLACEMENT_3D('',#6362,#6363,#6364);
#6362 = CARTESIAN_POINT('',(200.14964639511,34.,82.817446166427));
#6363 = DIRECTION('',(-0.,-1.,0.));
#6364 = DIRECTION('',(-2.22044604925E-16,0.,-1.));
#6365 = ADVANCED_FACE('',(#6366),#6420,.F.);
#6366 = FACE_BOUND('',#6367,.F.);
#6367 = EDGE_LOOP('',(#6368,#6379,#6388,#6396,#6405,#6414));
#6368 = ORIENTED_EDGE('',*,*,#6369,.T.);
#6369 = EDGE_CURVE('',#6370,#6372,#6374,.T.);
#6370 = VERTEX_POINT('',#6371);
#6371 = CARTESIAN_POINT('',(220.00623667934,22.,81.663441154151));
#6372 = VERTEX_POINT('',#6373);
#6373 = CARTESIAN_POINT('',(197.01167210421,22.,105.16344115415));
#6374 = CIRCLE('',#6375,23.);
#6375 = AXIS2_PLACEMENT_3D('',#6376,#6377,#6378);
#6376 = CARTESIAN_POINT('',(197.01167210421,22.,82.163441154151));
#6377 = DIRECTION('',(-0.,1.,0.));
#6378 = DIRECTION('',(2.22044604925E-16,0.,1.));
#6379 = ORIENTED_EDGE('',*,*,#6380,.T.);
#6380 = EDGE_CURVE('',#6372,#6381,#6383,.T.);
#6381 = VERTEX_POINT('',#6382);
#6382 = CARTESIAN_POINT('',(220.00623667934,22.,82.663441154151));
#6383 = CIRCLE('',#6384,23.);
#6384 = AXIS2_PLACEMENT_3D('',#6385,#6386,#6387);
#6385 = CARTESIAN_POINT('',(197.01167210421,22.,82.163441154151));
#6386 = DIRECTION('',(-0.,1.,0.));
#6387 = DIRECTION('',(2.22044604925E-16,0.,1.));
#6388 = ORIENTED_EDGE('',*,*,#6389,.F.);
#6389 = EDGE_CURVE('',#6390,#6381,#6392,.T.);
#6390 = VERTEX_POINT('',#6391);
#6391 = CARTESIAN_POINT('',(204.54509761987,22.,82.663441154151));
#6392 = LINE('',#6393,#6394);
#6393 = CARTESIAN_POINT('',(197.01167210421,22.,82.663441154151));
#6394 = VECTOR('',#6395,1.);
#6395 = DIRECTION('',(1.,0.,-2.22044604925E-16));
#6396 = ORIENTED_EDGE('',*,*,#6397,.F.);
#6397 = EDGE_CURVE('',#6398,#6390,#6400,.T.);
#6398 = VERTEX_POINT('',#6399);
#6399 = CARTESIAN_POINT('',(197.01167210421,22.,89.713441154151));
#6400 = CIRCLE('',#6401,7.55);
#6401 = AXIS2_PLACEMENT_3D('',#6402,#6403,#6404);
#6402 = CARTESIAN_POINT('',(197.01167210421,22.,82.163441154151));
#6403 = DIRECTION('',(-0.,1.,0.));
#6404 = DIRECTION('',(2.22044604925E-16,0.,1.));
#6405 = ORIENTED_EDGE('',*,*,#6406,.F.);
#6406 = EDGE_CURVE('',#6407,#6398,#6409,.T.);
#6407 = VERTEX_POINT('',#6408);
#6408 = CARTESIAN_POINT('',(204.54509761987,22.,81.663441154151));
#6409 = CIRCLE('',#6410,7.55);
#6410 = AXIS2_PLACEMENT_3D('',#6411,#6412,#6413);
#6411 = CARTESIAN_POINT('',(197.01167210421,22.,82.163441154151));
#6412 = DIRECTION('',(-0.,1.,0.));
#6413 = DIRECTION('',(2.22044604925E-16,0.,1.));
#6414 = ORIENTED_EDGE('',*,*,#6415,.T.);
#6415 = EDGE_CURVE('',#6407,#6370,#6416,.T.);
#6416 = LINE('',#6417,#6418);
#6417 = CARTESIAN_POINT('',(197.01167210421,22.,81.663441154151));
#6418 = VECTOR('',#6419,1.);
#6419 = DIRECTION('',(1.,0.,-2.22044604925E-16));
#6420 = PLANE('',#6421);
#6421 = AXIS2_PLACEMENT_3D('',#6422,#6423,#6424);
#6422 = CARTESIAN_POINT('',(197.01167210421,22.,82.163441154151));
#6423 = DIRECTION('',(0.,1.,0.));
#6424 = DIRECTION('',(2.22044604925E-16,0.,1.));
#6425 = ADVANCED_FACE('',(#6426,#6442),#6453,.T.);
#6426 = FACE_BOUND('',#6427,.T.);
#6427 = EDGE_LOOP('',(#6428,#6434,#6435,#6441));
#6428 = ORIENTED_EDGE('',*,*,#6429,.F.);
#6429 = EDGE_CURVE('',#6407,#6319,#6430,.T.);
#6430 = LINE('',#6431,#6432);
#6431 = CARTESIAN_POINT('',(204.54509761987,22.,81.663441154151));
#6432 = VECTOR('',#6433,1.);
#6433 = DIRECTION('',(0.,1.,0.));
#6434 = ORIENTED_EDGE('',*,*,#6415,.T.);
#6435 = ORIENTED_EDGE('',*,*,#6436,.T.);
#6436 = EDGE_CURVE('',#6370,#6328,#6437,.T.);
#6437 = LINE('',#6438,#6439);
#6438 = CARTESIAN_POINT('',(220.00623667934,22.,81.663441154151));
#6439 = VECTOR('',#6440,1.);
#6440 = DIRECTION('',(0.,1.,0.));
#6441 = ORIENTED_EDGE('',*,*,#6327,.F.);
#6442 = FACE_BOUND('',#6443,.T.);
#6443 = EDGE_LOOP('',(#6444));
#6444 = ORIENTED_EDGE('',*,*,#6445,.F.);
#6445 = EDGE_CURVE('',#6446,#6446,#6448,.T.);
#6446 = VERTEX_POINT('',#6447);
#6447 = CARTESIAN_POINT('',(213.71167210421,28.,81.663441154151));
#6448 = CIRCLE('',#6449,1.7);
#6449 = AXIS2_PLACEMENT_3D('',#6450,#6451,#6452);
#6450 = CARTESIAN_POINT('',(212.01167210421,28.,81.663441154151));
#6451 = DIRECTION('',(2.22044604925E-16,-0.,1.));
#6452 = DIRECTION('',(1.,0.,-2.22044604925E-16));
#6453 = PLANE('',#6454);
#6454 = AXIS2_PLACEMENT_3D('',#6455,#6456,#6457);
#6455 = CARTESIAN_POINT('',(197.01167210421,22.,81.663441154151));
#6456 = DIRECTION('',(2.22044604925E-16,0.,1.));
#6457 = DIRECTION('',(1.,0.,-2.22044604925E-16));
#6458 = ADVANCED_FACE('',(#6459),#6561,.F.);
#6459 = FACE_BOUND('',#6460,.F.);
#6460 = EDGE_LOOP('',(#6461,#6462,#6470,#6560));
#6461 = ORIENTED_EDGE('',*,*,#6445,.F.);
#6462 = ORIENTED_EDGE('',*,*,#6463,.F.);
#6463 = EDGE_CURVE('',#6464,#6446,#6466,.T.);
#6464 = VERTEX_POINT('',#6465);
#6465 = CARTESIAN_POINT('',(213.71167210421,28.,66.348574730434));
#6466 = LINE('',#6467,#6468);
#6467 = CARTESIAN_POINT('',(213.71167210421,28.,63.163441154151));
#6468 = VECTOR('',#6469,1.);
#6469 = DIRECTION('',(2.22044604925E-16,0.,1.));
#6470 = ORIENTED_EDGE('',*,*,#6471,.T.);
#6471 = EDGE_CURVE('',#6464,#6464,#6472,.T.);
#6472 = B_SPLINE_CURVE_WITH_KNOTS('',6,(#6473,#6474,#6475,#6476,#6477,
    #6478,#6479,#6480,#6481,#6482,#6483,#6484,#6485,#6486,#6487,#6488,
    #6489,#6490,#6491,#6492,#6493,#6494,#6495,#6496,#6497,#6498,#6499,
    #6500,#6501,#6502,#6503,#6504,#6505,#6506,#6507,#6508,#6509,#6510,
    #6511,#6512,#6513,#6514,#6515,#6516,#6517,#6518,#6519,#6520,#6521,
    #6522,#6523,#6524,#6525,#6526,#6527,#6528,#6529,#6530,#6531,#6532,
    #6533,#6534,#6535,#6536,#6537,#6538,#6539,#6540,#6541,#6542,#6543,
    #6544,#6545,#6546,#6547,#6548,#6549,#6550,#6551,#6552,#6553,#6554,
    #6555,#6556,#6557,#6558,#6559),.UNSPECIFIED.,.T.,.F.,(7,5,5,5,5,5,5,
    5,5,5,5,5,5,5,5,5,5,7),(0.,7.868708947372E-02,0.133337231454,
    0.18993473073,0.258612209111,0.327224050836,0.362714461912,
    0.400705482686,0.447688772104,0.499896838471,0.534955359343,
    0.598978229214,0.650974272261,0.707689189653,0.809392291596,
    0.865935907557,0.921308197943,1.),.UNSPECIFIED.);
#6473 = CARTESIAN_POINT('',(213.71167210421,28.,66.348574730434));
#6474 = CARTESIAN_POINT('',(213.71167210421,28.148105216453,
    66.348574730434));
#6475 = CARTESIAN_POINT('',(213.69618862876,28.295549987308,
    66.332224916834));
#6476 = CARTESIAN_POINT('',(213.66547953137,28.439909503947,
    66.299795896947));
#6477 = CARTESIAN_POINT('',(213.62043738013,28.578803010072,
    66.252476256656));
#6478 = CARTESIAN_POINT('',(213.56258925461,28.710043966689,
    66.192318994981));
#6479 = CARTESIAN_POINT('',(213.44678317549,28.916441724543,
    66.073327558498));
#6480 = CARTESIAN_POINT('',(213.39409410021,28.996774717296,
    66.019535552364));
#6481 = CARTESIAN_POINT('',(213.33664356956,29.072628158765,
    65.961336360256));
#6482 = CARTESIAN_POINT('',(213.27486958129,29.143812396263,
    65.899315635484));
#6483 = CARTESIAN_POINT('',(213.20919240998,29.210164171292,
    65.834027528672));
#6484 = CARTESIAN_POINT('',(213.06838632845,29.335113326859,
    65.695532223742));
#6485 = CARTESIAN_POINT('',(212.99296482634,29.3933852484,
    65.622087256283));
#6486 = CARTESIAN_POINT('',(212.91413141534,29.446258160069,
    65.546157686351));
#6487 = CARTESIAN_POINT('',(212.83223352232,29.493620001981,
    65.468196958461));
#6488 = CARTESIAN_POINT('',(212.74759547073,29.535347319237,
    65.388613806588));
#6489 = CARTESIAN_POINT('',(212.55486412345,29.614933321218,
    65.209681460834));
#6490 = CARTESIAN_POINT('',(212.44557520026,29.650083403543,
    65.109697113489));
#6491 = CARTESIAN_POINT('',(212.33328288703,29.676455353361,
    65.008556146404));
#6492 = CARTESIAN_POINT('',(212.2186245438,29.693744050044,
    64.906944018461));
#6493 = CARTESIAN_POINT('',(212.10227424377,29.701633042801,
    64.805514750513));
#6494 = CARTESIAN_POINT('',(211.86777719648,29.697949268812,
    64.604398531367));
#6495 = CARTESIAN_POINT('',(211.74956813016,29.686393788459,
    64.504654654659));
#6496 = CARTESIAN_POINT('',(211.63136932117,29.66477859227,
    64.406570066071));
#6497 = CARTESIAN_POINT('',(211.51426038904,29.632897345583,
    64.310982885107));
#6498 = CARTESIAN_POINT('',(211.39936585985,29.590682636129,
    64.218678711383));
#6499 = CARTESIAN_POINT('',(211.23016281664,29.511061727723,
    64.084726187946));
#6500 = CARTESIAN_POINT('',(211.17340918574,29.481184784505,
    64.0401563886));
#6501 = CARTESIAN_POINT('',(211.1177772714,29.448605157556,
    63.996808941433));
#6502 = CARTESIAN_POINT('',(211.06345435279,29.413371721968,
    63.954799584556));
#6503 = CARTESIAN_POINT('',(211.01062271704,29.375552104947,
    63.914235083535));
#6504 = CARTESIAN_POINT('',(210.90468878578,29.292072152431,
    63.833443009761));
#6505 = CARTESIAN_POINT('',(210.85183391347,29.246050418152,
    63.793443777118));
#6506 = CARTESIAN_POINT('',(210.801117503,29.197281229203,
    63.755342778133));
#6507 = CARTESIAN_POINT('',(210.75274996668,29.145903454234,
    63.719251582917));
#6508 = CARTESIAN_POINT('',(210.70692570039,29.092080535681,
    63.685267603847));
#6509 = CARTESIAN_POINT('',(210.61051260199,28.966645653392,
    63.614157482641));
#6510 = CARTESIAN_POINT('',(210.5613701628,28.893847290541,
    63.578196641597));
#6511 = CARTESIAN_POINT('',(210.51670790969,28.817942661439,
    63.545738412181));
#6512 = CARTESIAN_POINT('',(210.47679680561,28.739307933983,
    63.516898810932));
#6513 = CARTESIAN_POINT('',(210.44185847565,28.658355947283,
    63.491766394597));
#6514 = CARTESIAN_POINT('',(210.37894694545,28.483502679755,
    63.446667307497));
#6515 = CARTESIAN_POINT('',(210.35217674817,28.389152278061,
    63.427583345414));
#6516 = CARTESIAN_POINT('',(210.33195832544,28.293041993301,
    63.413225144271));
#6517 = CARTESIAN_POINT('',(210.31843319183,28.19574909523,
    63.403639073331));
#6518 = CARTESIAN_POINT('',(210.31167210421,28.097866508952,
    63.398846833996));
#6519 = CARTESIAN_POINT('',(210.31167210421,27.934281131528,
    63.398846833996));
#6520 = CARTESIAN_POINT('',(210.31472086346,27.868559957084,
    63.401007685551));
#6521 = CARTESIAN_POINT('',(210.32081850568,27.803016776693,
    63.40532961843));
#6522 = CARTESIAN_POINT('',(210.32995104724,27.737829823452,
    63.411808267005));
#6523 = CARTESIAN_POINT('',(210.34209039714,27.673175263536,
    63.420434670252));
#6524 = CARTESIAN_POINT('',(210.38477677743,27.492447061374,
    63.450845974991));
#6525 = CARTESIAN_POINT('',(210.42225922291,27.377966103742,
    63.477623579294));
#6526 = CARTESIAN_POINT('',(210.46938054467,27.266945188677,
    63.511439806243));
#6527 = CARTESIAN_POINT('',(210.52567317679,27.160473197248,
    63.552119657557));
#6528 = CARTESIAN_POINT('',(210.59049957203,27.059530567404,
    63.599401193162));
#6529 = CARTESIAN_POINT('',(210.72204169889,26.888141723026,
    63.696412932363));
#6530 = CARTESIAN_POINT('',(210.78609357928,26.81555725747,
    63.74399876106));
#6531 = CARTESIAN_POINT('',(210.85479202762,26.74768189359,
    63.795475763941));
#6532 = CARTESIAN_POINT('',(210.92762197249,26.684911766358,
    63.85058239521));
#6533 = CARTESIAN_POINT('',(211.00401784054,26.627554650605,
    63.909008101161));
#6534 = CARTESIAN_POINT('',(211.1699360071,26.519406758455,
    64.037340128578));
#6535 = CARTESIAN_POINT('',(211.25998680491,26.469706107152,
    64.107781099408));
#6536 = CARTESIAN_POINT('',(211.35282067511,26.426942669323,
    64.181297511829));
#6537 = CARTESIAN_POINT('',(211.44771855142,26.391233277766,
    64.257435571682));
#6538 = CARTESIAN_POINT('',(211.54395921146,26.362594377046,
    64.335698990221));
#6539 = CARTESIAN_POINT('',(211.81453803614,26.30211284402,
    64.55873050732));
#6540 = CARTESIAN_POINT('',(211.98999524981,26.285809102113,
    64.706782037283));
#6541 = CARTESIAN_POINT('',(212.16428502849,26.291136853535,
    64.857551462107));
#6542 = CARTESIAN_POINT('',(212.33488431884,26.317129781702,
    65.008856660659));
#6543 = CARTESIAN_POINT('',(212.49951568265,26.362743028022,
    65.158374774428));
#6544 = CARTESIAN_POINT('',(212.74302726446,26.462482382133,
    65.384330510548));
#6545 = CARTESIAN_POINT('',(212.82762167255,26.503874556195,
    65.463828856419));
#6546 = CARTESIAN_POINT('',(212.90949779957,26.550883966018,
    65.541725152361));
#6547 = CARTESIAN_POINT('',(212.98833383269,26.603387510512,
    65.617614275166));
#6548 = CARTESIAN_POINT('',(213.06378535746,26.661273692338,
    65.691047035194));
#6549 = CARTESIAN_POINT('',(213.20569290804,26.786298891314,
    65.830548462748));
#6550 = CARTESIAN_POINT('',(213.27234124836,26.85325549148,
    65.896775802464));
#6551 = CARTESIAN_POINT('',(213.33500317368,26.925167922715,
    65.959672487332));
#6552 = CARTESIAN_POINT('',(213.39324384335,27.00186783367,
    66.018665111063));
#6553 = CARTESIAN_POINT('',(213.44660961194,27.083159376921,
    66.073146937526));
#6554 = CARTESIAN_POINT('',(213.56285065288,27.290550039216,
    66.192590849809));
#6555 = CARTESIAN_POINT('',(213.62060015964,27.42169922628,
    66.252647255745));
#6556 = CARTESIAN_POINT('',(213.66556308458,27.560482528851,
    66.299884132277));
#6557 = CARTESIAN_POINT('',(213.69621694093,27.704718014838,
    66.332254811992));
#6558 = CARTESIAN_POINT('',(213.71167210421,27.852030258153,
    66.348574730434));
#6559 = CARTESIAN_POINT('',(213.71167210421,28.,66.348574730434));
#6560 = ORIENTED_EDGE('',*,*,#6463,.T.);
#6561 = CYLINDRICAL_SURFACE('',#6562,1.7);
#6562 = AXIS2_PLACEMENT_3D('',#6563,#6564,#6565);
#6563 = CARTESIAN_POINT('',(212.01167210421,28.,63.163441154151));
#6564 = DIRECTION('',(2.22044604925E-16,0.,1.));
#6565 = DIRECTION('',(1.,0.,-2.22044604925E-16));
#6566 = ADVANCED_FACE('',(#6567,#6583),#6594,.F.);
#6567 = FACE_BOUND('',#6568,.F.);
#6568 = EDGE_LOOP('',(#6569,#6575,#6576,#6582));
#6569 = ORIENTED_EDGE('',*,*,#6570,.F.);
#6570 = EDGE_CURVE('',#6390,#6293,#6571,.T.);
#6571 = LINE('',#6572,#6573);
#6572 = CARTESIAN_POINT('',(204.54509761987,22.,82.663441154151));
#6573 = VECTOR('',#6574,1.);
#6574 = DIRECTION('',(0.,1.,0.));
#6575 = ORIENTED_EDGE('',*,*,#6389,.T.);
#6576 = ORIENTED_EDGE('',*,*,#6577,.T.);
#6577 = EDGE_CURVE('',#6381,#6284,#6578,.T.);
#6578 = LINE('',#6579,#6580);
#6579 = CARTESIAN_POINT('',(220.00623667934,22.,82.663441154151));
#6580 = VECTOR('',#6581,1.);
#6581 = DIRECTION('',(0.,1.,0.));
#6582 = ORIENTED_EDGE('',*,*,#6292,.F.);
#6583 = FACE_BOUND('',#6584,.F.);
#6584 = EDGE_LOOP('',(#6585));
#6585 = ORIENTED_EDGE('',*,*,#6586,.F.);
#6586 = EDGE_CURVE('',#6587,#6587,#6589,.T.);
#6587 = VERTEX_POINT('',#6588);
#6588 = CARTESIAN_POINT('',(213.71167210421,28.,82.663441154151));
#6589 = CIRCLE('',#6590,1.7);
#6590 = AXIS2_PLACEMENT_3D('',#6591,#6592,#6593);
#6591 = CARTESIAN_POINT('',(212.01167210421,28.,82.663441154151));
#6592 = DIRECTION('',(2.22044604925E-16,-0.,1.));
#6593 = DIRECTION('',(1.,0.,-2.22044604925E-16));
#6594 = PLANE('',#6595);
#6595 = AXIS2_PLACEMENT_3D('',#6596,#6597,#6598);
#6596 = CARTESIAN_POINT('',(197.01167210421,22.,82.663441154151));
#6597 = DIRECTION('',(2.22044604925E-16,0.,1.));
#6598 = DIRECTION('',(1.,0.,-2.22044604925E-16));
#6599 = ADVANCED_FACE('',(#6600),#6702,.F.);
#6600 = FACE_BOUND('',#6601,.F.);
#6601 = EDGE_LOOP('',(#6602,#6694,#6700,#6701));
#6602 = ORIENTED_EDGE('',*,*,#6603,.F.);
#6603 = EDGE_CURVE('',#6604,#6604,#6606,.T.);
#6604 = VERTEX_POINT('',#6605);
#6605 = CARTESIAN_POINT('',(213.71167210421,28.,97.978307577868));
#6606 = B_SPLINE_CURVE_WITH_KNOTS('',6,(#6607,#6608,#6609,#6610,#6611,
    #6612,#6613,#6614,#6615,#6616,#6617,#6618,#6619,#6620,#6621,#6622,
    #6623,#6624,#6625,#6626,#6627,#6628,#6629,#6630,#6631,#6632,#6633,
    #6634,#6635,#6636,#6637,#6638,#6639,#6640,#6641,#6642,#6643,#6644,
    #6645,#6646,#6647,#6648,#6649,#6650,#6651,#6652,#6653,#6654,#6655,
    #6656,#6657,#6658,#6659,#6660,#6661,#6662,#6663,#6664,#6665,#6666,
    #6667,#6668,#6669,#6670,#6671,#6672,#6673,#6674,#6675,#6676,#6677,
    #6678,#6679,#6680,#6681,#6682,#6683,#6684,#6685,#6686,#6687,#6688,
    #6689,#6690,#6691,#6692,#6693),.UNSPECIFIED.,.T.,.F.,(7,5,5,5,5,5,5,
    5,5,5,5,5,5,5,5,5,5,7),(0.,7.868708930851E-02,0.133337231174,
    0.189934730331,0.258612210263,0.327224051846,0.362714462848,
    0.400705483543,0.447688772864,0.499896839123,0.534955359922,
    0.598978231072,0.650974273943,0.707689191144,0.809392292631,
    0.865935908273,0.921308198357,1.),.UNSPECIFIED.);
#6607 = CARTESIAN_POINT('',(213.71167210421,28.,97.978307577868));
#6608 = CARTESIAN_POINT('',(213.71167210421,28.148105216453,
    97.978307577868));
#6609 = CARTESIAN_POINT('',(213.69618862876,28.295549987308,
    97.994657391468));
#6610 = CARTESIAN_POINT('',(213.66547953137,28.439909503947,
    98.027086411355));
#6611 = CARTESIAN_POINT('',(213.62043738013,28.578803010072,
    98.074406051646));
#6612 = CARTESIAN_POINT('',(213.56258925461,28.710043966689,
    98.134563313321));
#6613 = CARTESIAN_POINT('',(213.44678317549,28.916441724543,
    98.253554749804));
#6614 = CARTESIAN_POINT('',(213.39409410021,28.996774717296,
    98.307346755938));
#6615 = CARTESIAN_POINT('',(213.33664356956,29.072628158765,
    98.365545948046));
#6616 = CARTESIAN_POINT('',(213.27486958129,29.143812396263,
    98.427566672818));
#6617 = CARTESIAN_POINT('',(213.20919240998,29.210164171292,
    98.49285477963));
#6618 = CARTESIAN_POINT('',(213.06838632845,29.335113326859,
    98.63135008456));
#6619 = CARTESIAN_POINT('',(212.99296482634,29.3933852484,
    98.704795052019));
#6620 = CARTESIAN_POINT('',(212.91413141534,29.446258160069,
    98.780724621951));
#6621 = CARTESIAN_POINT('',(212.83223352232,29.493620001981,
    98.85868534984));
#6622 = CARTESIAN_POINT('',(212.74759547073,29.535347319237,
    98.938268501714));
#6623 = CARTESIAN_POINT('',(212.55486412085,29.614933322295,
    99.117200849889));
#6624 = CARTESIAN_POINT('',(212.44557520462,29.650083402602,
    99.217185190908));
#6625 = CARTESIAN_POINT('',(212.33328288689,29.676455352843,
    99.31832616193));
#6626 = CARTESIAN_POINT('',(212.21862453937,29.693744050744,
    99.419938293766));
#6627 = CARTESIAN_POINT('',(212.10227424666,29.701633042846,
    99.52136755531));
#6628 = CARTESIAN_POINT('',(211.86777719648,29.697949268812,
    99.722483776935));
#6629 = CARTESIAN_POINT('',(211.74956813016,29.686393788459,
    99.822227653643));
#6630 = CARTESIAN_POINT('',(211.63136932117,29.66477859227,
    99.920312242231));
#6631 = CARTESIAN_POINT('',(211.51426038904,29.632897345583,
    100.01589942319));
#6632 = CARTESIAN_POINT('',(211.39936585985,29.590682636129,
    100.10820359691));
#6633 = CARTESIAN_POINT('',(211.23016281664,29.511061727723,
    100.24215612035));
#6634 = CARTESIAN_POINT('',(211.17340918574,29.481184784505,
    100.2867259197));
#6635 = CARTESIAN_POINT('',(211.1177772714,29.448605157556,
    100.33007336686));
#6636 = CARTESIAN_POINT('',(211.06345435279,29.413371721968,
    100.37208272374));
#6637 = CARTESIAN_POINT('',(211.01062271704,29.375552104947,
    100.41264722476));
#6638 = CARTESIAN_POINT('',(210.90468878578,29.292072152431,
    100.49343929854));
#6639 = CARTESIAN_POINT('',(210.85183391347,29.246050418152,
    100.53343853118));
#6640 = CARTESIAN_POINT('',(210.801117503,29.197281229203,
    100.57153953016));
#6641 = CARTESIAN_POINT('',(210.75274996668,29.145903454234,
    100.60763072538));
#6642 = CARTESIAN_POINT('',(210.70692570039,29.092080535681,
    100.64161470445));
#6643 = CARTESIAN_POINT('',(210.61051260199,28.966645653392,
    100.71272482566));
#6644 = CARTESIAN_POINT('',(210.5613701628,28.893847290541,
    100.7486856667));
#6645 = CARTESIAN_POINT('',(210.51670790969,28.817942661439,
    100.78114389612));
#6646 = CARTESIAN_POINT('',(210.47679680561,28.739307933983,
    100.80998349737));
#6647 = CARTESIAN_POINT('',(210.44185847565,28.658355947283,
    100.8351159137));
#6648 = CARTESIAN_POINT('',(210.37894694545,28.483502679755,
    100.8802150008));
#6649 = CARTESIAN_POINT('',(210.35217674817,28.389152278061,
    100.89929896288));
#6650 = CARTESIAN_POINT('',(210.33195832544,28.293041993301,
    100.91365716403));
#6651 = CARTESIAN_POINT('',(210.31843319183,28.195749095231,
    100.92324323497));
#6652 = CARTESIAN_POINT('',(210.31167210421,28.097866508952,
    100.9280354743));
#6653 = CARTESIAN_POINT('',(210.31167210421,27.934281131528,
    100.9280354743));
#6654 = CARTESIAN_POINT('',(210.31472086346,27.868559957084,
    100.92587462275));
#6655 = CARTESIAN_POINT('',(210.32081850568,27.803016776693,
    100.92155268987));
#6656 = CARTESIAN_POINT('',(210.32995104724,27.737829823452,
    100.91507404129));
#6657 = CARTESIAN_POINT('',(210.34209039714,27.673175263536,
    100.90644763804));
#6658 = CARTESIAN_POINT('',(210.38477677804,27.4924470588,
    100.87603633287));
#6659 = CARTESIAN_POINT('',(210.42225922119,27.37796610766,
    100.84925873025));
#6660 = CARTESIAN_POINT('',(210.46938054518,27.266945188841,
    100.81544250167));
#6661 = CARTESIAN_POINT('',(210.52567317875,27.160473193403,
    100.77476264931));
#6662 = CARTESIAN_POINT('',(210.59049957033,27.059530569613,
    100.72748111639));
#6663 = CARTESIAN_POINT('',(210.72204169889,26.888141723026,
    100.63046937593));
#6664 = CARTESIAN_POINT('',(210.78609357928,26.81555725747,
    100.58288354724));
#6665 = CARTESIAN_POINT('',(210.85479202762,26.74768189359,
    100.53140654436));
#6666 = CARTESIAN_POINT('',(210.92762197249,26.684911766358,
    100.47629991309));
#6667 = CARTESIAN_POINT('',(211.00401784054,26.627554650605,
    100.41787420714));
#6668 = CARTESIAN_POINT('',(211.1699360071,26.519406758455,
    100.28954217972));
#6669 = CARTESIAN_POINT('',(211.25998680491,26.469706107152,
    100.21910120889));
#6670 = CARTESIAN_POINT('',(211.35282067511,26.426942669323,
    100.14558479647));
#6671 = CARTESIAN_POINT('',(211.44771855142,26.391233277766,
    100.06944673662));
#6672 = CARTESIAN_POINT('',(211.54395921146,26.362594377046,
    99.991183318081));
#6673 = CARTESIAN_POINT('',(211.81453803595,26.302112844062,
    99.768151801139));
#6674 = CARTESIAN_POINT('',(211.98999524986,26.285809102054,
    99.620100270987));
#6675 = CARTESIAN_POINT('',(212.16428502869,26.291136853551,
    99.469330846026));
#6676 = CARTESIAN_POINT('',(212.33488431889,26.31712978177,
    99.318025647592));
#6677 = CARTESIAN_POINT('',(212.49951568247,26.362743027948,
    99.168507534043));
#6678 = CARTESIAN_POINT('',(212.74302726446,26.462482382133,
    98.942551797754));
#6679 = CARTESIAN_POINT('',(212.82762167255,26.503874556195,
    98.863053451882));
#6680 = CARTESIAN_POINT('',(212.90949779957,26.550883966018,
    98.785157155941));
#6681 = CARTESIAN_POINT('',(212.98833383269,26.603387510512,
    98.709268033136));
#6682 = CARTESIAN_POINT('',(213.06378535746,26.661273692338,
    98.635835273108));
#6683 = CARTESIAN_POINT('',(213.20569290805,26.786298891326,
    98.49633384554));
#6684 = CARTESIAN_POINT('',(213.27234124836,26.853255491478,
    98.430106505843));
#6685 = CARTESIAN_POINT('',(213.33500317367,26.925167922701,
    98.367209820982));
#6686 = CARTESIAN_POINT('',(213.39324384334,27.001867833663,
    98.308217197241));
#6687 = CARTESIAN_POINT('',(213.44660961195,27.083159376937,
    98.253735370767));
#6688 = CARTESIAN_POINT('',(213.56285065288,27.290550039216,
    98.134291458493));
#6689 = CARTESIAN_POINT('',(213.62060015964,27.421699226279,
    98.074235052558));
#6690 = CARTESIAN_POINT('',(213.66556308458,27.560482528852,
    98.026998176025));
#6691 = CARTESIAN_POINT('',(213.69621694093,27.704718014838,
    97.99462749631));
#6692 = CARTESIAN_POINT('',(213.71167210421,27.852030258153,
    97.978307577868));
#6693 = CARTESIAN_POINT('',(213.71167210421,28.,97.978307577868));
#6694 = ORIENTED_EDGE('',*,*,#6695,.F.);
#6695 = EDGE_CURVE('',#6587,#6604,#6696,.T.);
#6696 = LINE('',#6697,#6698);
#6697 = CARTESIAN_POINT('',(213.71167210421,28.,63.163441154151));
#6698 = VECTOR('',#6699,1.);
#6699 = DIRECTION('',(2.22044604925E-16,0.,1.));
#6700 = ORIENTED_EDGE('',*,*,#6586,.T.);
#6701 = ORIENTED_EDGE('',*,*,#6695,.T.);
#6702 = CYLINDRICAL_SURFACE('',#6703,1.7);
#6703 = AXIS2_PLACEMENT_3D('',#6704,#6705,#6706);
#6704 = CARTESIAN_POINT('',(212.01167210421,28.,63.163441154151));
#6705 = DIRECTION('',(2.22044604925E-16,0.,1.));
#6706 = DIRECTION('',(1.,0.,-2.22044604925E-16));
#6707 = ADVANCED_FACE('',(#6708),#6734,.F.);
#6708 = FACE_BOUND('',#6709,.F.);
#6709 = EDGE_LOOP('',(#6710,#6718,#6727,#6733));
#6710 = ORIENTED_EDGE('',*,*,#6711,.T.);
#6711 = EDGE_CURVE('',#6347,#6712,#6714,.T.);
#6712 = VERTEX_POINT('',#6713);
#6713 = CARTESIAN_POINT('',(197.01167210421,40.,87.163441154151));
#6714 = LINE('',#6715,#6716);
#6715 = CARTESIAN_POINT('',(197.01167210421,34.,87.163441154151));
#6716 = VECTOR('',#6717,1.);
#6717 = DIRECTION('',(0.,1.,0.));
#6718 = ORIENTED_EDGE('',*,*,#6719,.F.);
#6719 = EDGE_CURVE('',#6720,#6712,#6722,.T.);
#6720 = VERTEX_POINT('',#6721);
#6721 = CARTESIAN_POINT('',(197.01167210421,40.,77.163441154151));
#6722 = CIRCLE('',#6723,5.);
#6723 = AXIS2_PLACEMENT_3D('',#6724,#6725,#6726);
#6724 = CARTESIAN_POINT('',(197.01167210421,40.,82.163441154151));
#6725 = DIRECTION('',(-0.,1.,0.));
#6726 = DIRECTION('',(2.22044604925E-16,0.,1.));
#6727 = ORIENTED_EDGE('',*,*,#6728,.F.);
#6728 = EDGE_CURVE('',#6345,#6720,#6729,.T.);
#6729 = LINE('',#6730,#6731);
#6730 = CARTESIAN_POINT('',(197.01167210421,34.,77.163441154151));
#6731 = VECTOR('',#6732,1.);
#6732 = DIRECTION('',(0.,1.,0.));
#6733 = ORIENTED_EDGE('',*,*,#6344,.T.);
#6734 = CYLINDRICAL_SURFACE('',#6735,5.);
#6735 = AXIS2_PLACEMENT_3D('',#6736,#6737,#6738);
#6736 = CARTESIAN_POINT('',(197.01167210421,34.,82.163441154151));
#6737 = DIRECTION('',(0.,1.,0.));
#6738 = DIRECTION('',(2.22044604925E-16,0.,1.));
#6739 = ADVANCED_FACE('',(#6740),#6751,.F.);
#6740 = FACE_BOUND('',#6741,.F.);
#6741 = EDGE_LOOP('',(#6742,#6748,#6749,#6750));
#6742 = ORIENTED_EDGE('',*,*,#6743,.T.);
#6743 = EDGE_CURVE('',#6720,#6712,#6744,.T.);
#6744 = LINE('',#6745,#6746);
#6745 = CARTESIAN_POINT('',(197.01167210421,40.,63.163441154151));
#6746 = VECTOR('',#6747,1.);
#6747 = DIRECTION('',(2.22044604925E-16,0.,1.));
#6748 = ORIENTED_EDGE('',*,*,#6711,.F.);
#6749 = ORIENTED_EDGE('',*,*,#6355,.F.);
#6750 = ORIENTED_EDGE('',*,*,#6728,.T.);
#6751 = PLANE('',#6752);
#6752 = AXIS2_PLACEMENT_3D('',#6753,#6754,#6755);
#6753 = CARTESIAN_POINT('',(197.01167210421,40.,63.163441154151));
#6754 = DIRECTION('',(1.,0.,-2.22044604925E-16));
#6755 = DIRECTION('',(0.,-1.,0.));
#6756 = ADVANCED_FACE('',(#6757,#6778),#6782,.T.);
#6757 = FACE_BOUND('',#6758,.T.);
#6758 = EDGE_LOOP('',(#6759,#6768,#6775,#6776,#6777));
#6759 = ORIENTED_EDGE('',*,*,#6760,.T.);
#6760 = EDGE_CURVE('',#5845,#6761,#6763,.T.);
#6761 = VERTEX_POINT('',#6762);
#6762 = CARTESIAN_POINT('',(197.01167210421,40.,110.16344115415));
#6763 = CIRCLE('',#6764,28.);
#6764 = AXIS2_PLACEMENT_3D('',#6765,#6766,#6767);
#6765 = CARTESIAN_POINT('',(197.01167210421,40.,82.163441154151));
#6766 = DIRECTION('',(-0.,1.,0.));
#6767 = DIRECTION('',(2.22044604925E-16,0.,1.));
#6768 = ORIENTED_EDGE('',*,*,#6769,.T.);
#6769 = EDGE_CURVE('',#6761,#5948,#6770,.T.);
#6770 = CIRCLE('',#6771,28.);
#6771 = AXIS2_PLACEMENT_3D('',#6772,#6773,#6774);
#6772 = CARTESIAN_POINT('',(197.01167210421,40.,82.163441154151));
#6773 = DIRECTION('',(-0.,1.,0.));
#6774 = DIRECTION('',(2.22044604925E-16,0.,1.));
#6775 = ORIENTED_EDGE('',*,*,#5994,.F.);
#6776 = ORIENTED_EDGE('',*,*,#5930,.F.);
#6777 = ORIENTED_EDGE('',*,*,#5900,.T.);
#6778 = FACE_BOUND('',#6779,.T.);
#6779 = EDGE_LOOP('',(#6780,#6781));
#6780 = ORIENTED_EDGE('',*,*,#6719,.F.);
#6781 = ORIENTED_EDGE('',*,*,#6743,.T.);
#6782 = PLANE('',#6783);
#6783 = AXIS2_PLACEMENT_3D('',#6784,#6785,#6786);
#6784 = CARTESIAN_POINT('',(199.10871746178,40.,82.833165596899));
#6785 = DIRECTION('',(0.,1.,0.));
#6786 = DIRECTION('',(2.22044604925E-16,0.,1.));
#6787 = ADVANCED_FACE('',(#6788),#6803,.T.);
#6788 = FACE_BOUND('',#6789,.T.);
#6789 = EDGE_LOOP('',(#6790,#6791,#6792,#6793,#6794,#6795,#6801,#6802));
#6790 = ORIENTED_EDGE('',*,*,#5884,.T.);
#6791 = ORIENTED_EDGE('',*,*,#5914,.T.);
#6792 = ORIENTED_EDGE('',*,*,#5987,.F.);
#6793 = ORIENTED_EDGE('',*,*,#6120,.F.);
#6794 = ORIENTED_EDGE('',*,*,#6208,.T.);
#6795 = ORIENTED_EDGE('',*,*,#6796,.F.);
#6796 = EDGE_CURVE('',#6161,#6201,#6797,.T.);
#6797 = LINE('',#6798,#6799);
#6798 = CARTESIAN_POINT('',(286.01167210421,49.,67.163441154151));
#6799 = VECTOR('',#6800,1.);
#6800 = DIRECTION('',(2.22044604925E-16,0.,1.));
#6801 = ORIENTED_EDGE('',*,*,#6168,.F.);
#6802 = ORIENTED_EDGE('',*,*,#6025,.F.);
#6803 = PLANE('',#6804);
#6804 = AXIS2_PLACEMENT_3D('',#6805,#6806,#6807);
#6805 = CARTESIAN_POINT('',(266.85377736736,49.,82.163441154151));
#6806 = DIRECTION('',(0.,1.,0.));
#6807 = DIRECTION('',(2.22044604925E-16,0.,1.));
#6808 = ADVANCED_FACE('',(#6809,#6830,#6841,#6852,#6863,#6874,#6885,
    #6896,#6907,#6918,#6929),#6957,.T.);
#6809 = FACE_BOUND('',#6810,.T.);
#6810 = EDGE_LOOP('',(#6811,#6812,#6813,#6822,#6829));
#6811 = ORIENTED_EDGE('',*,*,#6063,.T.);
#6812 = ORIENTED_EDGE('',*,*,#6144,.F.);
#6813 = ORIENTED_EDGE('',*,*,#6814,.F.);
#6814 = EDGE_CURVE('',#6815,#6145,#6817,.T.);
#6815 = VERTEX_POINT('',#6816);
#6816 = CARTESIAN_POINT('',(280.01167210421,-1.07768918325E-14,
    38.163441154151));
#6817 = CIRCLE('',#6818,44.);
#6818 = AXIS2_PLACEMENT_3D('',#6819,#6820,#6821);
#6819 = CARTESIAN_POINT('',(280.01167210421,0.,82.163441154151));
#6820 = DIRECTION('',(1.,0.,-4.440892098501E-16));
#6821 = DIRECTION('',(-4.440892098501E-16,0.,-1.));
#6822 = ORIENTED_EDGE('',*,*,#6823,.F.);
#6823 = EDGE_CURVE('',#6185,#6815,#6824,.T.);
#6824 = CIRCLE('',#6825,44.);
#6825 = AXIS2_PLACEMENT_3D('',#6826,#6827,#6828);
#6826 = CARTESIAN_POINT('',(280.01167210421,0.,82.163441154151));
#6827 = DIRECTION('',(1.,0.,-4.440892098501E-16));
#6828 = DIRECTION('',(-4.440892098501E-16,0.,-1.));
#6829 = ORIENTED_EDGE('',*,*,#6184,.T.);
#6830 = FACE_BOUND('',#6831,.T.);
#6831 = EDGE_LOOP('',(#6832));
#6832 = ORIENTED_EDGE('',*,*,#6833,.T.);
#6833 = EDGE_CURVE('',#6834,#6834,#6836,.T.);
#6834 = VERTEX_POINT('',#6835);
#6835 = CARTESIAN_POINT('',(280.01167210421,-5.388445916248E-15,
    60.163441154151));
#6836 = CIRCLE('',#6837,22.);
#6837 = AXIS2_PLACEMENT_3D('',#6838,#6839,#6840);
#6838 = CARTESIAN_POINT('',(280.01167210421,0.,82.163441154151));
#6839 = DIRECTION('',(1.,0.,-4.440892098501E-16));
#6840 = DIRECTION('',(-4.440892098501E-16,0.,-1.));
#6841 = FACE_BOUND('',#6842,.T.);
#6842 = EDGE_LOOP('',(#6843));
#6843 = ORIENTED_EDGE('',*,*,#6844,.T.);
#6844 = EDGE_CURVE('',#6845,#6845,#6847,.T.);
#6845 = VERTEX_POINT('',#6846);
#6846 = CARTESIAN_POINT('',(280.01167210421,-36.07412,90.705911154151));
#6847 = CIRCLE('',#6848,1.7);
#6848 = AXIS2_PLACEMENT_3D('',#6849,#6850,#6851);
#6849 = CARTESIAN_POINT('',(280.01167210421,-36.07412,92.405911154151));
#6850 = DIRECTION('',(1.,0.,-4.440892098501E-16));
#6851 = DIRECTION('',(-4.440892098501E-16,0.,-1.));
#6852 = FACE_BOUND('',#6853,.T.);
#6853 = EDGE_LOOP('',(#6854));
#6854 = ORIENTED_EDGE('',*,*,#6855,.T.);
#6855 = EDGE_CURVE('',#6856,#6856,#6858,.T.);
#6856 = VERTEX_POINT('',#6857);
#6857 = CARTESIAN_POINT('',(280.01167210421,-34.21811,65.121631154151));
#6858 = CIRCLE('',#6859,1.7);
#6859 = AXIS2_PLACEMENT_3D('',#6860,#6861,#6862);
#6860 = CARTESIAN_POINT('',(280.01167210421,-34.21811,66.821631154151));
#6861 = DIRECTION('',(1.,0.,-4.440892098501E-16));
#6862 = DIRECTION('',(-4.440892098501E-16,0.,-1.));
#6863 = FACE_BOUND('',#6864,.T.);
#6864 = EDGE_LOOP('',(#6865));
#6865 = ORIENTED_EDGE('',*,*,#6866,.T.);
#6866 = EDGE_CURVE('',#6867,#6867,#6869,.T.);
#6867 = VERTEX_POINT('',#6868);
#6868 = CARTESIAN_POINT('',(280.01167210421,9.16682,44.101111154151));
#6869 = CIRCLE('',#6870,1.7);
#6870 = AXIS2_PLACEMENT_3D('',#6871,#6872,#6873);
#6871 = CARTESIAN_POINT('',(280.01167210421,9.16682,45.801111154151));
#6872 = DIRECTION('',(1.,0.,-4.440892098501E-16));
#6873 = DIRECTION('',(-4.440892098501E-16,0.,-1.));
#6874 = FACE_BOUND('',#6875,.T.);
#6875 = EDGE_LOOP('',(#6876));
#6876 = ORIENTED_EDGE('',*,*,#6877,.T.);
#6877 = EDGE_CURVE('',#6878,#6878,#6880,.T.);
#6878 = VERTEX_POINT('',#6879);
#6879 = CARTESIAN_POINT('',(280.01167210421,-16.35107,46.715961154151));
#6880 = CIRCLE('',#6881,1.7);
#6881 = AXIS2_PLACEMENT_3D('',#6882,#6883,#6884);
#6882 = CARTESIAN_POINT('',(280.01167210421,-16.35107,48.415961154151));
#6883 = DIRECTION('',(1.,0.,-4.440892098501E-16));
#6884 = DIRECTION('',(-4.440892098501E-16,0.,-1.));
#6885 = FACE_BOUND('',#6886,.T.);
#6886 = EDGE_LOOP('',(#6887));
#6887 = ORIENTED_EDGE('',*,*,#6888,.T.);
#6888 = EDGE_CURVE('',#6889,#6889,#6891,.T.);
#6889 = VERTEX_POINT('',#6890);
#6890 = CARTESIAN_POINT('',(280.01167210421,3.82266,117.76809115415));
#6891 = CIRCLE('',#6892,1.7);
#6892 = AXIS2_PLACEMENT_3D('',#6893,#6894,#6895);
#6893 = CARTESIAN_POINT('',(280.01167210421,3.82266,119.46809115415));
#6894 = DIRECTION('',(1.,0.,-4.440892098501E-16));
#6895 = DIRECTION('',(-4.440892098501E-16,0.,-1.));
#6896 = FACE_BOUND('',#6897,.T.);
#6897 = EDGE_LOOP('',(#6898));
#6898 = ORIENTED_EDGE('',*,*,#6899,.T.);
#6899 = EDGE_CURVE('',#6900,#6900,#6902,.T.);
#6900 = VERTEX_POINT('',#6901);
#6901 = CARTESIAN_POINT('',(280.01167210421,-21.05064,111.49762115415));
#6902 = CIRCLE('',#6903,1.7);
#6903 = AXIS2_PLACEMENT_3D('',#6904,#6905,#6906);
#6904 = CARTESIAN_POINT('',(280.01167210421,-21.05064,113.19762115415));
#6905 = DIRECTION('',(1.,0.,-4.440892098501E-16));
#6906 = DIRECTION('',(-4.440892098501E-16,0.,-1.));
#6907 = FACE_BOUND('',#6908,.T.);
#6908 = EDGE_LOOP('',(#6909));
#6909 = ORIENTED_EDGE('',*,*,#6910,.T.);
#6910 = EDGE_CURVE('',#6911,#6911,#6913,.T.);
#6911 = VERTEX_POINT('',#6912);
#6912 = CARTESIAN_POINT('',(280.01167210421,26.9073,106.58331115415));
#6913 = CIRCLE('',#6914,1.7);
#6914 = AXIS2_PLACEMENT_3D('',#6915,#6916,#6917);
#6915 = CARTESIAN_POINT('',(280.01167210421,26.9073,108.28331115415));
#6916 = DIRECTION('',(1.,0.,-4.440892098501E-16));
#6917 = DIRECTION('',(-4.440892098501E-16,0.,-1.));
#6918 = FACE_BOUND('',#6919,.T.);
#6919 = EDGE_LOOP('',(#6920));
#6920 = ORIENTED_EDGE('',*,*,#6921,.T.);
#6921 = EDGE_CURVE('',#6922,#6922,#6924,.T.);
#6922 = VERTEX_POINT('',#6923);
#6923 = CARTESIAN_POINT('',(280.01167210421,30.39545,58.500591154151));
#6924 = CIRCLE('',#6925,1.7);
#6925 = AXIS2_PLACEMENT_3D('',#6926,#6927,#6928);
#6926 = CARTESIAN_POINT('',(280.01167210421,30.39545,60.200591154151));
#6927 = DIRECTION('',(1.,0.,-4.440892098501E-16));
#6928 = DIRECTION('',(-4.440892098501E-16,0.,-1.));
#6929 = FACE_BOUND('',#6930,.T.);
#6930 = EDGE_LOOP('',(#6931,#6942,#6951));
#6931 = ORIENTED_EDGE('',*,*,#6932,.T.);
#6932 = EDGE_CURVE('',#6933,#6935,#6937,.T.);
#6933 = VERTEX_POINT('',#6934);
#6934 = CARTESIAN_POINT('',(280.01167210421,38.,86.467982517333));
#6935 = VERTEX_POINT('',#6936);
#6936 = CARTESIAN_POINT('',(280.01167210421,37.40171,83.176741154151));
#6937 = CIRCLE('',#6938,1.7);
#6938 = AXIS2_PLACEMENT_3D('',#6939,#6940,#6941);
#6939 = CARTESIAN_POINT('',(280.01167210421,37.40171,84.876741154151));
#6940 = DIRECTION('',(1.,0.,-4.440892098501E-16));
#6941 = DIRECTION('',(-4.440892098501E-16,0.,-1.));
#6942 = ORIENTED_EDGE('',*,*,#6943,.T.);
#6943 = EDGE_CURVE('',#6935,#6944,#6946,.T.);
#6944 = VERTEX_POINT('',#6945);
#6945 = CARTESIAN_POINT('',(280.01167210421,38.,83.285499790969));
#6946 = CIRCLE('',#6947,1.7);
#6947 = AXIS2_PLACEMENT_3D('',#6948,#6949,#6950);
#6948 = CARTESIAN_POINT('',(280.01167210421,37.40171,84.876741154151));
#6949 = DIRECTION('',(1.,0.,-4.440892098501E-16));
#6950 = DIRECTION('',(-4.440892098501E-16,0.,-1.));
#6951 = ORIENTED_EDGE('',*,*,#6952,.T.);
#6952 = EDGE_CURVE('',#6944,#6933,#6953,.T.);
#6953 = LINE('',#6954,#6955);
#6954 = CARTESIAN_POINT('',(280.01167210421,38.,67.163441154151));
#6955 = VECTOR('',#6956,1.);
#6956 = DIRECTION('',(2.22044604925E-16,0.,1.));
#6957 = PLANE('',#6958);
#6958 = AXIS2_PLACEMENT_3D('',#6959,#6960,#6961);
#6959 = CARTESIAN_POINT('',(280.01167210421,2.81655928419,
    80.550546318824));
#6960 = DIRECTION('',(-1.,0.,5.377437413147E-16));
#6961 = DIRECTION('',(-5.377437413147E-16,0.,-1.));
#6962 = ADVANCED_FACE('',(#6963),#6982,.F.);
#6963 = FACE_BOUND('',#6964,.F.);
#6964 = EDGE_LOOP('',(#6965,#6974,#6980,#6981));
#6965 = ORIENTED_EDGE('',*,*,#6966,.F.);
#6966 = EDGE_CURVE('',#6967,#6967,#6969,.T.);
#6967 = VERTEX_POINT('',#6968);
#6968 = CARTESIAN_POINT('',(286.01167210421,-5.388445916248E-15,
    60.163441154151));
#6969 = CIRCLE('',#6970,22.);
#6970 = AXIS2_PLACEMENT_3D('',#6971,#6972,#6973);
#6971 = CARTESIAN_POINT('',(286.01167210421,0.,82.163441154151));
#6972 = DIRECTION('',(1.,0.,-4.440892098501E-16));
#6973 = DIRECTION('',(-4.440892098501E-16,0.,-1.));
#6974 = ORIENTED_EDGE('',*,*,#6975,.F.);
#6975 = EDGE_CURVE('',#6834,#6967,#6976,.T.);
#6976 = LINE('',#6977,#6978);
#6977 = CARTESIAN_POINT('',(280.01167210421,-5.388445916248E-15,
    60.163441154151));
#6978 = VECTOR('',#6979,1.);
#6979 = DIRECTION('',(1.,0.,-4.440892098501E-16));
#6980 = ORIENTED_EDGE('',*,*,#6833,.T.);
#6981 = ORIENTED_EDGE('',*,*,#6975,.T.);
#6982 = CYLINDRICAL_SURFACE('',#6983,22.);
#6983 = AXIS2_PLACEMENT_3D('',#6984,#6985,#6986);
#6984 = CARTESIAN_POINT('',(280.01167210421,0.,82.163441154151));
#6985 = DIRECTION('',(1.,0.,-4.440892098501E-16));
#6986 = DIRECTION('',(-4.440892098501E-16,0.,-1.));
#6987 = ADVANCED_FACE('',(#6988),#7025,.F.);
#6988 = FACE_BOUND('',#6989,.F.);
#6989 = EDGE_LOOP('',(#6990,#6991,#6999,#7008,#7017,#7024));
#6990 = ORIENTED_EDGE('',*,*,#6844,.T.);
#6991 = ORIENTED_EDGE('',*,*,#6992,.T.);
#6992 = EDGE_CURVE('',#6845,#6993,#6995,.T.);
#6993 = VERTEX_POINT('',#6994);
#6994 = CARTESIAN_POINT('',(286.01167210421,-36.07412,90.705911154151));
#6995 = LINE('',#6996,#6997);
#6996 = CARTESIAN_POINT('',(280.01167210421,-36.07412,90.705911154151));
#6997 = VECTOR('',#6998,1.);
#6998 = DIRECTION('',(1.,0.,-4.440892098501E-16));
#6999 = ORIENTED_EDGE('',*,*,#7000,.F.);
#7000 = EDGE_CURVE('',#7001,#6993,#7003,.T.);
#7001 = VERTEX_POINT('',#7002);
#7002 = CARTESIAN_POINT('',(286.01167210421,-35.11855207416,
    93.811930335779));
#7003 = CIRCLE('',#7004,1.7);
#7004 = AXIS2_PLACEMENT_3D('',#7005,#7006,#7007);
#7005 = CARTESIAN_POINT('',(286.01167210421,-36.07412,92.405911154151));
#7006 = DIRECTION('',(1.,0.,-4.440892098501E-16));
#7007 = DIRECTION('',(-4.440892098501E-16,0.,-1.));
#7008 = ORIENTED_EDGE('',*,*,#7009,.F.);
#7009 = EDGE_CURVE('',#7010,#7001,#7012,.T.);
#7010 = VERTEX_POINT('',#7011);
#7011 = CARTESIAN_POINT('',(286.01167210421,-35.99998013356,
    90.7075286059));
#7012 = CIRCLE('',#7013,1.7);
#7013 = AXIS2_PLACEMENT_3D('',#7014,#7015,#7016);
#7014 = CARTESIAN_POINT('',(286.01167210421,-36.07412,92.405911154151));
#7015 = DIRECTION('',(1.,0.,-4.440892098501E-16));
#7016 = DIRECTION('',(-4.440892098501E-16,0.,-1.));
#7017 = ORIENTED_EDGE('',*,*,#7018,.F.);
#7018 = EDGE_CURVE('',#6993,#7010,#7019,.T.);
#7019 = CIRCLE('',#7020,1.7);
#7020 = AXIS2_PLACEMENT_3D('',#7021,#7022,#7023);
#7021 = CARTESIAN_POINT('',(286.01167210421,-36.07412,92.405911154151));
#7022 = DIRECTION('',(1.,0.,-4.440892098501E-16));
#7023 = DIRECTION('',(-4.440892098501E-16,0.,-1.));
#7024 = ORIENTED_EDGE('',*,*,#6992,.F.);
#7025 = CYLINDRICAL_SURFACE('',#7026,1.7);
#7026 = AXIS2_PLACEMENT_3D('',#7027,#7028,#7029);
#7027 = CARTESIAN_POINT('',(280.01167210421,-36.07412,92.405911154151));
#7028 = DIRECTION('',(1.,0.,-4.440892098501E-16));
#7029 = DIRECTION('',(-4.440892098501E-16,0.,-1.));
#7030 = ADVANCED_FACE('',(#7031),#7068,.F.);
#7031 = FACE_BOUND('',#7032,.F.);
#7032 = EDGE_LOOP('',(#7033,#7034,#7042,#7051,#7060,#7067));
#7033 = ORIENTED_EDGE('',*,*,#6855,.T.);
#7034 = ORIENTED_EDGE('',*,*,#7035,.T.);
#7035 = EDGE_CURVE('',#6856,#7036,#7038,.T.);
#7036 = VERTEX_POINT('',#7037);
#7037 = CARTESIAN_POINT('',(286.01167210421,-34.21811,65.121631154151));
#7038 = LINE('',#7039,#7040);
#7039 = CARTESIAN_POINT('',(280.01167210421,-34.21811,65.121631154151));
#7040 = VECTOR('',#7041,1.);
#7041 = DIRECTION('',(1.,0.,-4.440892098501E-16));
#7042 = ORIENTED_EDGE('',*,*,#7043,.F.);
#7043 = EDGE_CURVE('',#7044,#7036,#7046,.T.);
#7044 = VERTEX_POINT('',#7045);
#7045 = CARTESIAN_POINT('',(286.01167210421,-34.38987616083,
    68.512931359908));
#7046 = CIRCLE('',#7047,1.7);
#7047 = AXIS2_PLACEMENT_3D('',#7048,#7049,#7050);
#7048 = CARTESIAN_POINT('',(286.01167210421,-34.21811,66.821631154151));
#7049 = DIRECTION('',(1.,0.,-4.440892098501E-16));
#7050 = DIRECTION('',(-4.440892098501E-16,0.,-1.));
#7051 = ORIENTED_EDGE('',*,*,#7052,.F.);
#7052 = EDGE_CURVE('',#7053,#7044,#7055,.T.);
#7053 = VERTEX_POINT('',#7054);
#7054 = CARTESIAN_POINT('',(286.01167210421,-33.06961770946,
    65.568249544833));
#7055 = CIRCLE('',#7056,1.7);
#7056 = AXIS2_PLACEMENT_3D('',#7057,#7058,#7059);
#7057 = CARTESIAN_POINT('',(286.01167210421,-34.21811,66.821631154151));
#7058 = DIRECTION('',(1.,0.,-4.440892098501E-16));
#7059 = DIRECTION('',(-4.440892098501E-16,0.,-1.));
#7060 = ORIENTED_EDGE('',*,*,#7061,.F.);
#7061 = EDGE_CURVE('',#7036,#7053,#7062,.T.);
#7062 = CIRCLE('',#7063,1.7);
#7063 = AXIS2_PLACEMENT_3D('',#7064,#7065,#7066);
#7064 = CARTESIAN_POINT('',(286.01167210421,-34.21811,66.821631154151));
#7065 = DIRECTION('',(1.,0.,-4.440892098501E-16));
#7066 = DIRECTION('',(-4.440892098501E-16,0.,-1.));
#7067 = ORIENTED_EDGE('',*,*,#7035,.F.);
#7068 = CYLINDRICAL_SURFACE('',#7069,1.7);
#7069 = AXIS2_PLACEMENT_3D('',#7070,#7071,#7072);
#7070 = CARTESIAN_POINT('',(280.01167210421,-34.21811,66.821631154151));
#7071 = DIRECTION('',(1.,0.,-4.440892098501E-16));
#7072 = DIRECTION('',(-4.440892098501E-16,0.,-1.));
#7073 = ADVANCED_FACE('',(#7074),#7111,.F.);
#7074 = FACE_BOUND('',#7075,.F.);
#7075 = EDGE_LOOP('',(#7076,#7077,#7085,#7094,#7103,#7110));
#7076 = ORIENTED_EDGE('',*,*,#6866,.T.);
#7077 = ORIENTED_EDGE('',*,*,#7078,.T.);
#7078 = EDGE_CURVE('',#6867,#7079,#7081,.T.);
#7079 = VERTEX_POINT('',#7080);
#7080 = CARTESIAN_POINT('',(286.01167210421,9.16682,44.101111154151));
#7081 = LINE('',#7082,#7083);
#7082 = CARTESIAN_POINT('',(280.01167210421,9.16682,44.101111154151));
#7083 = VECTOR('',#7084,1.);
#7084 = DIRECTION('',(1.,0.,-4.440892098501E-16));
#7085 = ORIENTED_EDGE('',*,*,#7086,.F.);
#7086 = EDGE_CURVE('',#7087,#7079,#7089,.T.);
#7087 = VERTEX_POINT('',#7088);
#7088 = CARTESIAN_POINT('',(286.01167210421,7.471386999028,
    45.925638015567));
#7089 = CIRCLE('',#7090,1.7);
#7090 = AXIS2_PLACEMENT_3D('',#7091,#7092,#7093);
#7091 = CARTESIAN_POINT('',(286.01167210421,9.16682,45.801111154151));
#7092 = DIRECTION('',(1.,0.,-4.440892098501E-16));
#7093 = DIRECTION('',(-4.440892098501E-16,0.,-1.));
#7094 = ORIENTED_EDGE('',*,*,#7095,.F.);
#7095 = EDGE_CURVE('',#7096,#7087,#7098,.T.);
#7096 = VERTEX_POINT('',#7097);
#7097 = CARTESIAN_POINT('',(286.01167210421,10.600597621647,
    46.714501394774));
#7098 = CIRCLE('',#7099,1.7);
#7099 = AXIS2_PLACEMENT_3D('',#7100,#7101,#7102);
#7100 = CARTESIAN_POINT('',(286.01167210421,9.16682,45.801111154151));
#7101 = DIRECTION('',(1.,0.,-4.440892098501E-16));
#7102 = DIRECTION('',(-4.440892098501E-16,0.,-1.));
#7103 = ORIENTED_EDGE('',*,*,#7104,.F.);
#7104 = EDGE_CURVE('',#7079,#7096,#7105,.T.);
#7105 = CIRCLE('',#7106,1.7);
#7106 = AXIS2_PLACEMENT_3D('',#7107,#7108,#7109);
#7107 = CARTESIAN_POINT('',(286.01167210421,9.16682,45.801111154151));
#7108 = DIRECTION('',(1.,0.,-4.440892098501E-16));
#7109 = DIRECTION('',(-4.440892098501E-16,0.,-1.));
#7110 = ORIENTED_EDGE('',*,*,#7078,.F.);
#7111 = CYLINDRICAL_SURFACE('',#7112,1.7);
#7112 = AXIS2_PLACEMENT_3D('',#7113,#7114,#7115);
#7113 = CARTESIAN_POINT('',(280.01167210421,9.16682,45.801111154151));
#7114 = DIRECTION('',(1.,0.,-4.440892098501E-16));
#7115 = DIRECTION('',(-4.440892098501E-16,0.,-1.));
#7116 = ADVANCED_FACE('',(#7117),#7154,.F.);
#7117 = FACE_BOUND('',#7118,.F.);
#7118 = EDGE_LOOP('',(#7119,#7120,#7128,#7137,#7146,#7153));
#7119 = ORIENTED_EDGE('',*,*,#6877,.T.);
#7120 = ORIENTED_EDGE('',*,*,#7121,.T.);
#7121 = EDGE_CURVE('',#6878,#7122,#7124,.T.);
#7122 = VERTEX_POINT('',#7123);
#7123 = CARTESIAN_POINT('',(286.01167210421,-16.35107,46.715961154151));
#7124 = LINE('',#7125,#7126);
#7125 = CARTESIAN_POINT('',(280.01167210421,-16.35107,46.715961154151));
#7126 = VECTOR('',#7127,1.);
#7127 = DIRECTION('',(1.,0.,-4.440892098501E-16));
#7128 = ORIENTED_EDGE('',*,*,#7129,.F.);
#7129 = EDGE_CURVE('',#7130,#7122,#7132,.T.);
#7130 = VERTEX_POINT('',#7131);
#7131 = CARTESIAN_POINT('',(286.01167210421,-17.5697999829,
    49.601160390043));
#7132 = CIRCLE('',#7133,1.7);
#7133 = AXIS2_PLACEMENT_3D('',#7134,#7135,#7136);
#7134 = CARTESIAN_POINT('',(286.01167210421,-16.35107,48.415961154151));
#7135 = DIRECTION('',(1.,0.,-4.440892098501E-16));
#7136 = DIRECTION('',(-4.440892098501E-16,0.,-1.));
#7137 = ORIENTED_EDGE('',*,*,#7138,.F.);
#7138 = EDGE_CURVE('',#7139,#7130,#7141,.T.);
#7139 = VERTEX_POINT('',#7140);
#7140 = CARTESIAN_POINT('',(286.01167210421,-14.66561624415,
    48.194047574353));
#7141 = CIRCLE('',#7142,1.7);
#7142 = AXIS2_PLACEMENT_3D('',#7143,#7144,#7145);
#7143 = CARTESIAN_POINT('',(286.01167210421,-16.35107,48.415961154151));
#7144 = DIRECTION('',(1.,0.,-4.440892098501E-16));
#7145 = DIRECTION('',(-4.440892098501E-16,0.,-1.));
#7146 = ORIENTED_EDGE('',*,*,#7147,.F.);
#7147 = EDGE_CURVE('',#7122,#7139,#7148,.T.);
#7148 = CIRCLE('',#7149,1.7);
#7149 = AXIS2_PLACEMENT_3D('',#7150,#7151,#7152);
#7150 = CARTESIAN_POINT('',(286.01167210421,-16.35107,48.415961154151));
#7151 = DIRECTION('',(1.,0.,-4.440892098501E-16));
#7152 = DIRECTION('',(-4.440892098501E-16,0.,-1.));
#7153 = ORIENTED_EDGE('',*,*,#7121,.F.);
#7154 = CYLINDRICAL_SURFACE('',#7155,1.7);
#7155 = AXIS2_PLACEMENT_3D('',#7156,#7157,#7158);
#7156 = CARTESIAN_POINT('',(280.01167210421,-16.35107,48.415961154151));
#7157 = DIRECTION('',(1.,0.,-4.440892098501E-16));
#7158 = DIRECTION('',(-4.440892098501E-16,0.,-1.));
#7159 = ADVANCED_FACE('',(#7160),#7197,.F.);
#7160 = FACE_BOUND('',#7161,.F.);
#7161 = EDGE_LOOP('',(#7162,#7163,#7171,#7180,#7189,#7196));
#7162 = ORIENTED_EDGE('',*,*,#6888,.T.);
#7163 = ORIENTED_EDGE('',*,*,#7164,.T.);
#7164 = EDGE_CURVE('',#6889,#7165,#7167,.T.);
#7165 = VERTEX_POINT('',#7166);
#7166 = CARTESIAN_POINT('',(286.01167210421,3.82266,117.76809115415));
#7167 = LINE('',#7168,#7169);
#7168 = CARTESIAN_POINT('',(280.01167210421,3.82266,117.76809115415));
#7169 = VECTOR('',#7170,1.);
#7170 = DIRECTION('',(1.,0.,-4.440892098501E-16));
#7171 = ORIENTED_EDGE('',*,*,#7172,.F.);
#7172 = EDGE_CURVE('',#7173,#7165,#7175,.T.);
#7173 = VERTEX_POINT('',#7174);
#7174 = CARTESIAN_POINT('',(286.01167210421,2.162951878248,
    119.10016595714));
#7175 = CIRCLE('',#7176,1.7);
#7176 = AXIS2_PLACEMENT_3D('',#7177,#7178,#7179);
#7177 = CARTESIAN_POINT('',(286.01167210421,3.82266,119.46809115415));
#7178 = DIRECTION('',(1.,0.,-4.440892098501E-16));
#7179 = DIRECTION('',(-4.440892098501E-16,0.,-1.));
#7180 = ORIENTED_EDGE('',*,*,#7181,.F.);
#7181 = EDGE_CURVE('',#7182,#7173,#7184,.T.);
#7182 = VERTEX_POINT('',#7183);
#7183 = CARTESIAN_POINT('',(286.01167210421,5.373255062481,
    118.77120167065));
#7184 = CIRCLE('',#7185,1.7);
#7185 = AXIS2_PLACEMENT_3D('',#7186,#7187,#7188);
#7186 = CARTESIAN_POINT('',(286.01167210421,3.82266,119.46809115415));
#7187 = DIRECTION('',(1.,0.,-4.440892098501E-16));
#7188 = DIRECTION('',(-4.440892098501E-16,0.,-1.));
#7189 = ORIENTED_EDGE('',*,*,#7190,.F.);
#7190 = EDGE_CURVE('',#7165,#7182,#7191,.T.);
#7191 = CIRCLE('',#7192,1.7);
#7192 = AXIS2_PLACEMENT_3D('',#7193,#7194,#7195);
#7193 = CARTESIAN_POINT('',(286.01167210421,3.82266,119.46809115415));
#7194 = DIRECTION('',(1.,0.,-4.440892098501E-16));
#7195 = DIRECTION('',(-4.440892098501E-16,0.,-1.));
#7196 = ORIENTED_EDGE('',*,*,#7164,.F.);
#7197 = CYLINDRICAL_SURFACE('',#7198,1.7);
#7198 = AXIS2_PLACEMENT_3D('',#7199,#7200,#7201);
#7199 = CARTESIAN_POINT('',(280.01167210421,3.82266,119.46809115415));
#7200 = DIRECTION('',(1.,0.,-4.440892098501E-16));
#7201 = DIRECTION('',(-4.440892098501E-16,0.,-1.));
#7202 = ADVANCED_FACE('',(#7203),#7240,.F.);
#7203 = FACE_BOUND('',#7204,.F.);
#7204 = EDGE_LOOP('',(#7205,#7206,#7214,#7223,#7232,#7239));
#7205 = ORIENTED_EDGE('',*,*,#6899,.T.);
#7206 = ORIENTED_EDGE('',*,*,#7207,.T.);
#7207 = EDGE_CURVE('',#6900,#7208,#7210,.T.);
#7208 = VERTEX_POINT('',#7209);
#7209 = CARTESIAN_POINT('',(286.01167210421,-21.05064,111.49762115415));
#7210 = LINE('',#7211,#7212);
#7211 = CARTESIAN_POINT('',(280.01167210421,-21.05064,111.49762115415));
#7212 = VECTOR('',#7213,1.);
#7213 = DIRECTION('',(1.,0.,-4.440892098501E-16));
#7214 = ORIENTED_EDGE('',*,*,#7215,.F.);
#7215 = EDGE_CURVE('',#7216,#7208,#7218,.T.);
#7216 = VERTEX_POINT('',#7217);
#7217 = CARTESIAN_POINT('',(286.01167210421,-22.08555099509,
    111.84893318718));
#7218 = CIRCLE('',#7219,1.7);
#7219 = AXIS2_PLACEMENT_3D('',#7220,#7221,#7222);
#7220 = CARTESIAN_POINT('',(286.01167210421,-21.05064,113.19762115415));
#7221 = DIRECTION('',(1.,0.,-4.440892098501E-16));
#7222 = DIRECTION('',(-4.440892098501E-16,0.,-1.));
#7223 = ORIENTED_EDGE('',*,*,#7224,.F.);
#7224 = EDGE_CURVE('',#7225,#7216,#7227,.T.);
#7225 = VERTEX_POINT('',#7226);
#7226 = CARTESIAN_POINT('',(286.01167210421,-19.41486284242,
    113.66047436062));
#7227 = CIRCLE('',#7228,1.7);
#7228 = AXIS2_PLACEMENT_3D('',#7229,#7230,#7231);
#7229 = CARTESIAN_POINT('',(286.01167210421,-21.05064,113.19762115415));
#7230 = DIRECTION('',(1.,0.,-4.440892098501E-16));
#7231 = DIRECTION('',(-4.440892098501E-16,0.,-1.));
#7232 = ORIENTED_EDGE('',*,*,#7233,.F.);
#7233 = EDGE_CURVE('',#7208,#7225,#7234,.T.);
#7234 = CIRCLE('',#7235,1.7);
#7235 = AXIS2_PLACEMENT_3D('',#7236,#7237,#7238);
#7236 = CARTESIAN_POINT('',(286.01167210421,-21.05064,113.19762115415));
#7237 = DIRECTION('',(1.,0.,-4.440892098501E-16));
#7238 = DIRECTION('',(-4.440892098501E-16,0.,-1.));
#7239 = ORIENTED_EDGE('',*,*,#7207,.F.);
#7240 = CYLINDRICAL_SURFACE('',#7241,1.7);
#7241 = AXIS2_PLACEMENT_3D('',#7242,#7243,#7244);
#7242 = CARTESIAN_POINT('',(280.01167210421,-21.05064,113.19762115415));
#7243 = DIRECTION('',(1.,0.,-4.440892098501E-16));
#7244 = DIRECTION('',(-4.440892098501E-16,0.,-1.));
#7245 = ADVANCED_FACE('',(#7246),#7283,.F.);
#7246 = FACE_BOUND('',#7247,.F.);
#7247 = EDGE_LOOP('',(#7248,#7249,#7257,#7266,#7275,#7282));
#7248 = ORIENTED_EDGE('',*,*,#6910,.T.);
#7249 = ORIENTED_EDGE('',*,*,#7250,.T.);
#7250 = EDGE_CURVE('',#6911,#7251,#7253,.T.);
#7251 = VERTEX_POINT('',#7252);
#7252 = CARTESIAN_POINT('',(286.01167210421,26.9073,106.58331115415));
#7253 = LINE('',#7254,#7255);
#7254 = CARTESIAN_POINT('',(280.01167210421,26.9073,106.58331115415));
#7255 = VECTOR('',#7256,1.);
#7256 = DIRECTION('',(1.,0.,-4.440892098501E-16));
#7257 = ORIENTED_EDGE('',*,*,#7258,.F.);
#7258 = EDGE_CURVE('',#7259,#7251,#7261,.T.);
#7259 = VERTEX_POINT('',#7260);
#7260 = CARTESIAN_POINT('',(286.01167210421,25.399387146152,
    109.06829448212));
#7261 = CIRCLE('',#7262,1.7);
#7262 = AXIS2_PLACEMENT_3D('',#7263,#7264,#7265);
#7263 = CARTESIAN_POINT('',(286.01167210421,26.9073,108.28331115415));
#7264 = DIRECTION('',(1.,0.,-4.440892098501E-16));
#7265 = DIRECTION('',(-4.440892098501E-16,0.,-1.));
#7266 = ORIENTED_EDGE('',*,*,#7267,.F.);
#7267 = EDGE_CURVE('',#7268,#7259,#7270,.T.);
#7268 = VERTEX_POINT('',#7269);
#7269 = CARTESIAN_POINT('',(286.01167210421,27.647163408321,
    106.7527550013));
#7270 = CIRCLE('',#7271,1.7);
#7271 = AXIS2_PLACEMENT_3D('',#7272,#7273,#7274);
#7272 = CARTESIAN_POINT('',(286.01167210421,26.9073,108.28331115415));
#7273 = DIRECTION('',(1.,0.,-4.440892098501E-16));
#7274 = DIRECTION('',(-4.440892098501E-16,0.,-1.));
#7275 = ORIENTED_EDGE('',*,*,#7276,.F.);
#7276 = EDGE_CURVE('',#7251,#7268,#7277,.T.);
#7277 = CIRCLE('',#7278,1.7);
#7278 = AXIS2_PLACEMENT_3D('',#7279,#7280,#7281);
#7279 = CARTESIAN_POINT('',(286.01167210421,26.9073,108.28331115415));
#7280 = DIRECTION('',(1.,0.,-4.440892098501E-16));
#7281 = DIRECTION('',(-4.440892098501E-16,0.,-1.));
#7282 = ORIENTED_EDGE('',*,*,#7250,.F.);
#7283 = CYLINDRICAL_SURFACE('',#7284,1.7);
#7284 = AXIS2_PLACEMENT_3D('',#7285,#7286,#7287);
#7285 = CARTESIAN_POINT('',(280.01167210421,26.9073,108.28331115415));
#7286 = DIRECTION('',(1.,0.,-4.440892098501E-16));
#7287 = DIRECTION('',(-4.440892098501E-16,0.,-1.));
#7288 = ADVANCED_FACE('',(#7289),#7326,.F.);
#7289 = FACE_BOUND('',#7290,.F.);
#7290 = EDGE_LOOP('',(#7291,#7292,#7300,#7309,#7318,#7325));
#7291 = ORIENTED_EDGE('',*,*,#6921,.T.);
#7292 = ORIENTED_EDGE('',*,*,#7293,.T.);
#7293 = EDGE_CURVE('',#6922,#7294,#7296,.T.);
#7294 = VERTEX_POINT('',#7295);
#7295 = CARTESIAN_POINT('',(286.01167210421,30.39545,58.500591154151));
#7296 = LINE('',#7297,#7298);
#7297 = CARTESIAN_POINT('',(280.01167210421,30.39545,58.500591154151));
#7298 = VECTOR('',#7299,1.);
#7299 = DIRECTION('',(1.,0.,-4.440892098501E-16));
#7300 = ORIENTED_EDGE('',*,*,#7301,.F.);
#7301 = EDGE_CURVE('',#7302,#7294,#7304,.T.);
#7302 = VERTEX_POINT('',#7303);
#7303 = CARTESIAN_POINT('',(286.01167210421,29.016624253839,
    59.206187030203));
#7304 = CIRCLE('',#7305,1.7);
#7305 = AXIS2_PLACEMENT_3D('',#7306,#7307,#7308);
#7306 = CARTESIAN_POINT('',(286.01167210421,30.39545,60.200591154151));
#7307 = DIRECTION('',(1.,0.,-4.440892098501E-16));
#7308 = DIRECTION('',(-4.440892098501E-16,0.,-1.));
#7309 = ORIENTED_EDGE('',*,*,#7310,.F.);
#7310 = EDGE_CURVE('',#7311,#7302,#7313,.T.);
#7311 = VERTEX_POINT('',#7312);
#7312 = CARTESIAN_POINT('',(286.01167210421,30.906664644426,
    61.821905308571));
#7313 = CIRCLE('',#7314,1.7);
#7314 = AXIS2_PLACEMENT_3D('',#7315,#7316,#7317);
#7315 = CARTESIAN_POINT('',(286.01167210421,30.39545,60.200591154151));
#7316 = DIRECTION('',(1.,0.,-4.440892098501E-16));
#7317 = DIRECTION('',(-4.440892098501E-16,0.,-1.));
#7318 = ORIENTED_EDGE('',*,*,#7319,.F.);
#7319 = EDGE_CURVE('',#7294,#7311,#7320,.T.);
#7320 = CIRCLE('',#7321,1.7);
#7321 = AXIS2_PLACEMENT_3D('',#7322,#7323,#7324);
#7322 = CARTESIAN_POINT('',(286.01167210421,30.39545,60.200591154151));
#7323 = DIRECTION('',(1.,0.,-4.440892098501E-16));
#7324 = DIRECTION('',(-4.440892098501E-16,0.,-1.));
#7325 = ORIENTED_EDGE('',*,*,#7293,.F.);
#7326 = CYLINDRICAL_SURFACE('',#7327,1.7);
#7327 = AXIS2_PLACEMENT_3D('',#7328,#7329,#7330);
#7328 = CARTESIAN_POINT('',(280.01167210421,30.39545,60.200591154151));
#7329 = DIRECTION('',(1.,0.,-4.440892098501E-16));
#7330 = DIRECTION('',(-4.440892098501E-16,0.,-1.));
#7331 = ADVANCED_FACE('',(#7332),#7357,.F.);
#7332 = FACE_BOUND('',#7333,.F.);
#7333 = EDGE_LOOP('',(#7334,#7342,#7343,#7351));
#7334 = ORIENTED_EDGE('',*,*,#7335,.F.);
#7335 = EDGE_CURVE('',#6944,#7336,#7338,.T.);
#7336 = VERTEX_POINT('',#7337);
#7337 = CARTESIAN_POINT('',(286.01167210421,38.,83.285499790969));
#7338 = LINE('',#7339,#7340);
#7339 = CARTESIAN_POINT('',(280.01167210421,38.,83.285499790969));
#7340 = VECTOR('',#7341,1.);
#7341 = DIRECTION('',(1.,0.,-4.440892098501E-16));
#7342 = ORIENTED_EDGE('',*,*,#6952,.T.);
#7343 = ORIENTED_EDGE('',*,*,#7344,.T.);
#7344 = EDGE_CURVE('',#6933,#7345,#7347,.T.);
#7345 = VERTEX_POINT('',#7346);
#7346 = CARTESIAN_POINT('',(286.01167210421,38.,86.467982517333));
#7347 = LINE('',#7348,#7349);
#7348 = CARTESIAN_POINT('',(280.01167210421,38.,86.467982517333));
#7349 = VECTOR('',#7350,1.);
#7350 = DIRECTION('',(1.,0.,-4.440892098501E-16));
#7351 = ORIENTED_EDGE('',*,*,#7352,.F.);
#7352 = EDGE_CURVE('',#7336,#7345,#7353,.T.);
#7353 = LINE('',#7354,#7355);
#7354 = CARTESIAN_POINT('',(286.01167210421,38.,67.163441154151));
#7355 = VECTOR('',#7356,1.);
#7356 = DIRECTION('',(2.22044604925E-16,0.,1.));
#7357 = PLANE('',#7358);
#7358 = AXIS2_PLACEMENT_3D('',#7359,#7360,#7361);
#7359 = CARTESIAN_POINT('',(280.01167210421,38.,67.163441154151));
#7360 = DIRECTION('',(0.,1.,0.));
#7361 = DIRECTION('',(2.22044604925E-16,0.,1.));
#7362 = ADVANCED_FACE('',(#7363,#7384),#7413,.T.);
#7363 = FACE_BOUND('',#7364,.T.);
#7364 = EDGE_LOOP('',(#7365,#7366,#7375,#7382,#7383));
#7365 = ORIENTED_EDGE('',*,*,#6200,.F.);
#7366 = ORIENTED_EDGE('',*,*,#7367,.T.);
#7367 = EDGE_CURVE('',#6193,#7368,#7370,.T.);
#7368 = VERTEX_POINT('',#7369);
#7369 = CARTESIAN_POINT('',(286.01167210421,-1.07768918325E-14,
    38.163441154151));
#7370 = CIRCLE('',#7371,44.);
#7371 = AXIS2_PLACEMENT_3D('',#7372,#7373,#7374);
#7372 = CARTESIAN_POINT('',(286.01167210421,0.,82.163441154151));
#7373 = DIRECTION('',(1.,0.,-4.440892098501E-16));
#7374 = DIRECTION('',(-4.440892098501E-16,0.,-1.));
#7375 = ORIENTED_EDGE('',*,*,#7376,.T.);
#7376 = EDGE_CURVE('',#7368,#6153,#7377,.T.);
#7377 = CIRCLE('',#7378,44.);
#7378 = AXIS2_PLACEMENT_3D('',#7379,#7380,#7381);
#7379 = CARTESIAN_POINT('',(286.01167210421,0.,82.163441154151));
#7380 = DIRECTION('',(1.,0.,-4.440892098501E-16));
#7381 = DIRECTION('',(-4.440892098501E-16,0.,-1.));
#7382 = ORIENTED_EDGE('',*,*,#6160,.T.);
#7383 = ORIENTED_EDGE('',*,*,#6796,.T.);
#7384 = FACE_BOUND('',#7385,.T.);
#7385 = EDGE_LOOP('',(#7386,#7397,#7406));
#7386 = ORIENTED_EDGE('',*,*,#7387,.F.);
#7387 = EDGE_CURVE('',#7388,#7390,#7392,.T.);
#7388 = VERTEX_POINT('',#7389);
#7389 = CARTESIAN_POINT('',(286.01167210421,40.29888335922,
    67.163441154151));
#7390 = VERTEX_POINT('',#7391);
#7391 = CARTESIAN_POINT('',(286.01167210421,40.29888335922,
    97.163441154151));
#7392 = CIRCLE('',#7393,43.);
#7393 = AXIS2_PLACEMENT_3D('',#7394,#7395,#7396);
#7394 = CARTESIAN_POINT('',(286.01167210421,0.,82.163441154151));
#7395 = DIRECTION('',(1.,0.,-2.22044604925E-16));
#7396 = DIRECTION('',(2.22044604925E-16,0.,1.));
#7397 = ORIENTED_EDGE('',*,*,#7398,.F.);
#7398 = EDGE_CURVE('',#7399,#7388,#7401,.T.);
#7399 = VERTEX_POINT('',#7400);
#7400 = CARTESIAN_POINT('',(286.01167210421,1.053196247267E-14,
    125.16344115415));
#7401 = CIRCLE('',#7402,43.);
#7402 = AXIS2_PLACEMENT_3D('',#7403,#7404,#7405);
#7403 = CARTESIAN_POINT('',(286.01167210421,0.,82.163441154151));
#7404 = DIRECTION('',(1.,0.,-2.22044604925E-16));
#7405 = DIRECTION('',(2.22044604925E-16,0.,1.));
#7406 = ORIENTED_EDGE('',*,*,#7407,.F.);
#7407 = EDGE_CURVE('',#7390,#7399,#7408,.T.);
#7408 = CIRCLE('',#7409,43.);
#7409 = AXIS2_PLACEMENT_3D('',#7410,#7411,#7412);
#7410 = CARTESIAN_POINT('',(286.01167210421,0.,82.163441154151));
#7411 = DIRECTION('',(1.,0.,-2.22044604925E-16));
#7412 = DIRECTION('',(2.22044604925E-16,0.,1.));
#7413 = PLANE('',#7414);
#7414 = AXIS2_PLACEMENT_3D('',#7415,#7416,#7417);
#7415 = CARTESIAN_POINT('',(286.01167210421,5.362389718108,
    80.621118920031));
#7416 = DIRECTION('',(1.,0.,-5.035139978327E-16));
#7417 = DIRECTION('',(5.035139978327E-16,0.,1.));
#7418 = ADVANCED_FACE('',(#7419,#7430,#7441,#7452,#7463),#7474,.T.);
#7419 = FACE_BOUND('',#7420,.T.);
#7420 = EDGE_LOOP('',(#7421));
#7421 = ORIENTED_EDGE('',*,*,#7422,.T.);
#7422 = EDGE_CURVE('',#7423,#7423,#7425,.T.);
#7423 = VERTEX_POINT('',#7424);
#7424 = CARTESIAN_POINT('',(308.01167210421,5.633375276078E-15,
    105.16344115415));
#7425 = CIRCLE('',#7426,23.);
#7426 = AXIS2_PLACEMENT_3D('',#7427,#7428,#7429);
#7427 = CARTESIAN_POINT('',(308.01167210421,0.,82.163441154151));
#7428 = DIRECTION('',(1.,0.,-2.22044604925E-16));
#7429 = DIRECTION('',(2.22044604925E-16,0.,1.));
#7430 = FACE_BOUND('',#7431,.T.);
#7431 = EDGE_LOOP('',(#7432));
#7432 = ORIENTED_EDGE('',*,*,#7433,.F.);
#7433 = EDGE_CURVE('',#7434,#7434,#7436,.T.);
#7434 = VERTEX_POINT('',#7435);
#7435 = CARTESIAN_POINT('',(308.01167210421,17.320508075689,
    73.313441154151));
#7436 = CIRCLE('',#7437,1.15);
#7437 = AXIS2_PLACEMENT_3D('',#7438,#7439,#7440);
#7438 = CARTESIAN_POINT('',(308.01167210421,17.320508075689,
    72.163441154151));
#7439 = DIRECTION('',(1.,0.,-2.22044604925E-16));
#7440 = DIRECTION('',(2.22044604925E-16,0.,1.));
#7441 = FACE_BOUND('',#7442,.T.);
#7442 = EDGE_LOOP('',(#7443));
#7443 = ORIENTED_EDGE('',*,*,#7444,.F.);
#7444 = EDGE_CURVE('',#7445,#7445,#7447,.T.);
#7445 = VERTEX_POINT('',#7446);
#7446 = CARTESIAN_POINT('',(308.01167210421,3.955609161246E-15,
    98.313441154151));
#7447 = CIRCLE('',#7448,16.15);
#7448 = AXIS2_PLACEMENT_3D('',#7449,#7450,#7451);
#7449 = CARTESIAN_POINT('',(308.01167210421,0.,82.163441154151));
#7450 = DIRECTION('',(1.,0.,-2.22044604925E-16));
#7451 = DIRECTION('',(2.22044604925E-16,0.,1.));
#7452 = FACE_BOUND('',#7453,.T.);
#7453 = EDGE_LOOP('',(#7454));
#7454 = ORIENTED_EDGE('',*,*,#7455,.F.);
#7455 = EDGE_CURVE('',#7456,#7456,#7458,.T.);
#7456 = VERTEX_POINT('',#7457);
#7457 = CARTESIAN_POINT('',(308.01167210421,-17.32050807568,
    73.313441154151));
#7458 = CIRCLE('',#7459,1.15);
#7459 = AXIS2_PLACEMENT_3D('',#7460,#7461,#7462);
#7460 = CARTESIAN_POINT('',(308.01167210421,-17.32050807568,
    72.163441154151));
#7461 = DIRECTION('',(1.,0.,-2.22044604925E-16));
#7462 = DIRECTION('',(2.22044604925E-16,0.,1.));
#7463 = FACE_BOUND('',#7464,.T.);
#7464 = EDGE_LOOP('',(#7465));
#7465 = ORIENTED_EDGE('',*,*,#7466,.F.);
#7466 = EDGE_CURVE('',#7467,#7467,#7469,.T.);
#7467 = VERTEX_POINT('',#7468);
#7468 = CARTESIAN_POINT('',(308.01167210421,1.506315562951E-15,
    103.31344115415));
#7469 = CIRCLE('',#7470,1.15);
#7470 = AXIS2_PLACEMENT_3D('',#7471,#7472,#7473);
#7471 = CARTESIAN_POINT('',(308.01167210421,1.224646799147E-15,
    102.16344115415));
#7472 = DIRECTION('',(1.,0.,-2.22044604925E-16));
#7473 = DIRECTION('',(2.22044604925E-16,0.,1.));
#7474 = PLANE('',#7475);
#7475 = AXIS2_PLACEMENT_3D('',#7476,#7477,#7478);
#7476 = CARTESIAN_POINT('',(308.01167210421,0.,82.163441154151));
#7477 = DIRECTION('',(1.,0.,-2.22044604925E-16));
#7478 = DIRECTION('',(2.22044604925E-16,0.,1.));
#7479 = ADVANCED_FACE('',(#7480),#7499,.F.);
#7480 = FACE_BOUND('',#7481,.F.);
#7481 = EDGE_LOOP('',(#7482,#7483,#7491,#7498));
#7482 = ORIENTED_EDGE('',*,*,#7433,.F.);
#7483 = ORIENTED_EDGE('',*,*,#7484,.F.);
#7484 = EDGE_CURVE('',#7485,#7434,#7487,.T.);
#7485 = VERTEX_POINT('',#7486);
#7486 = CARTESIAN_POINT('',(303.01167210421,17.320508075689,
    73.313441154151));
#7487 = LINE('',#7488,#7489);
#7488 = CARTESIAN_POINT('',(303.01167210421,17.320508075689,
    73.313441154151));
#7489 = VECTOR('',#7490,1.);
#7490 = DIRECTION('',(1.,0.,-2.22044604925E-16));
#7491 = ORIENTED_EDGE('',*,*,#7492,.T.);
#7492 = EDGE_CURVE('',#7485,#7485,#7493,.T.);
#7493 = CIRCLE('',#7494,1.15);
#7494 = AXIS2_PLACEMENT_3D('',#7495,#7496,#7497);
#7495 = CARTESIAN_POINT('',(303.01167210421,17.320508075689,
    72.163441154151));
#7496 = DIRECTION('',(1.,0.,-2.22044604925E-16));
#7497 = DIRECTION('',(2.22044604925E-16,0.,1.));
#7498 = ORIENTED_EDGE('',*,*,#7484,.T.);
#7499 = CYLINDRICAL_SURFACE('',#7500,1.15);
#7500 = AXIS2_PLACEMENT_3D('',#7501,#7502,#7503);
#7501 = CARTESIAN_POINT('',(303.01167210421,17.320508075689,
    72.163441154151));
#7502 = DIRECTION('',(1.,0.,-2.22044604925E-16));
#7503 = DIRECTION('',(2.22044604925E-16,0.,1.));
#7504 = ADVANCED_FACE('',(#7505),#7524,.F.);
#7505 = FACE_BOUND('',#7506,.F.);
#7506 = EDGE_LOOP('',(#7507,#7508,#7516,#7523));
#7507 = ORIENTED_EDGE('',*,*,#7444,.F.);
#7508 = ORIENTED_EDGE('',*,*,#7509,.F.);
#7509 = EDGE_CURVE('',#7510,#7445,#7512,.T.);
#7510 = VERTEX_POINT('',#7511);
#7511 = CARTESIAN_POINT('',(296.01167210421,3.955609161246E-15,
    98.313441154151));
#7512 = LINE('',#7513,#7514);
#7513 = CARTESIAN_POINT('',(296.01167210421,3.955609161246E-15,
    98.313441154151));
#7514 = VECTOR('',#7515,1.);
#7515 = DIRECTION('',(1.,0.,-2.22044604925E-16));
#7516 = ORIENTED_EDGE('',*,*,#7517,.T.);
#7517 = EDGE_CURVE('',#7510,#7510,#7518,.T.);
#7518 = CIRCLE('',#7519,16.15);
#7519 = AXIS2_PLACEMENT_3D('',#7520,#7521,#7522);
#7520 = CARTESIAN_POINT('',(296.01167210421,0.,82.163441154151));
#7521 = DIRECTION('',(1.,0.,-2.22044604925E-16));
#7522 = DIRECTION('',(2.22044604925E-16,0.,1.));
#7523 = ORIENTED_EDGE('',*,*,#7509,.T.);
#7524 = CYLINDRICAL_SURFACE('',#7525,16.15);
#7525 = AXIS2_PLACEMENT_3D('',#7526,#7527,#7528);
#7526 = CARTESIAN_POINT('',(296.01167210421,0.,82.163441154151));
#7527 = DIRECTION('',(1.,0.,-2.22044604925E-16));
#7528 = DIRECTION('',(2.22044604925E-16,0.,1.));
#7529 = ADVANCED_FACE('',(#7530),#7549,.F.);
#7530 = FACE_BOUND('',#7531,.F.);
#7531 = EDGE_LOOP('',(#7532,#7533,#7541,#7548));
#7532 = ORIENTED_EDGE('',*,*,#7455,.F.);
#7533 = ORIENTED_EDGE('',*,*,#7534,.F.);
#7534 = EDGE_CURVE('',#7535,#7456,#7537,.T.);
#7535 = VERTEX_POINT('',#7536);
#7536 = CARTESIAN_POINT('',(303.01167210421,-17.32050807568,
    73.313441154151));
#7537 = LINE('',#7538,#7539);
#7538 = CARTESIAN_POINT('',(303.01167210421,-17.32050807568,
    73.313441154151));
#7539 = VECTOR('',#7540,1.);
#7540 = DIRECTION('',(1.,0.,-2.22044604925E-16));
#7541 = ORIENTED_EDGE('',*,*,#7542,.T.);
#7542 = EDGE_CURVE('',#7535,#7535,#7543,.T.);
#7543 = CIRCLE('',#7544,1.15);
#7544 = AXIS2_PLACEMENT_3D('',#7545,#7546,#7547);
#7545 = CARTESIAN_POINT('',(303.01167210421,-17.32050807568,
    72.163441154151));
#7546 = DIRECTION('',(1.,0.,-2.22044604925E-16));
#7547 = DIRECTION('',(2.22044604925E-16,0.,1.));
#7548 = ORIENTED_EDGE('',*,*,#7534,.T.);
#7549 = CYLINDRICAL_SURFACE('',#7550,1.15);
#7550 = AXIS2_PLACEMENT_3D('',#7551,#7552,#7553);
#7551 = CARTESIAN_POINT('',(303.01167210421,-17.32050807568,
    72.163441154151));
#7552 = DIRECTION('',(1.,0.,-2.22044604925E-16));
#7553 = DIRECTION('',(2.22044604925E-16,0.,1.));
#7554 = ADVANCED_FACE('',(#7555),#7574,.F.);
#7555 = FACE_BOUND('',#7556,.F.);
#7556 = EDGE_LOOP('',(#7557,#7558,#7566,#7573));
#7557 = ORIENTED_EDGE('',*,*,#7466,.F.);
#7558 = ORIENTED_EDGE('',*,*,#7559,.F.);
#7559 = EDGE_CURVE('',#7560,#7467,#7562,.T.);
#7560 = VERTEX_POINT('',#7561);
#7561 = CARTESIAN_POINT('',(303.01167210421,1.506315562951E-15,
    103.31344115415));
#7562 = LINE('',#7563,#7564);
#7563 = CARTESIAN_POINT('',(303.01167210421,1.506315562951E-15,
    103.31344115415));
#7564 = VECTOR('',#7565,1.);
#7565 = DIRECTION('',(1.,0.,-2.22044604925E-16));
#7566 = ORIENTED_EDGE('',*,*,#7567,.T.);
#7567 = EDGE_CURVE('',#7560,#7560,#7568,.T.);
#7568 = CIRCLE('',#7569,1.15);
#7569 = AXIS2_PLACEMENT_3D('',#7570,#7571,#7572);
#7570 = CARTESIAN_POINT('',(303.01167210421,1.224646799147E-15,
    102.16344115415));
#7571 = DIRECTION('',(1.,0.,-2.22044604925E-16));
#7572 = DIRECTION('',(2.22044604925E-16,0.,1.));
#7573 = ORIENTED_EDGE('',*,*,#7559,.T.);
#7574 = CYLINDRICAL_SURFACE('',#7575,1.15);
#7575 = AXIS2_PLACEMENT_3D('',#7576,#7577,#7578);
#7576 = CARTESIAN_POINT('',(303.01167210421,1.224646799147E-15,
    102.16344115415));
#7577 = DIRECTION('',(1.,0.,-2.22044604925E-16));
#7578 = DIRECTION('',(2.22044604925E-16,0.,1.));
#7579 = ADVANCED_FACE('',(#7580,#7583),#7594,.T.);
#7580 = FACE_BOUND('',#7581,.T.);
#7581 = EDGE_LOOP('',(#7582));
#7582 = ORIENTED_EDGE('',*,*,#7517,.T.);
#7583 = FACE_BOUND('',#7584,.T.);
#7584 = EDGE_LOOP('',(#7585));
#7585 = ORIENTED_EDGE('',*,*,#7586,.F.);
#7586 = EDGE_CURVE('',#7587,#7587,#7589,.T.);
#7587 = VERTEX_POINT('',#7588);
#7588 = CARTESIAN_POINT('',(296.01167210421,2.081899558551E-15,
    90.663441154151));
#7589 = CIRCLE('',#7590,8.5);
#7590 = AXIS2_PLACEMENT_3D('',#7591,#7592,#7593);
#7591 = CARTESIAN_POINT('',(296.01167210421,0.,82.163441154151));
#7592 = DIRECTION('',(1.,0.,-2.22044604925E-16));
#7593 = DIRECTION('',(2.22044604925E-16,0.,1.));
#7594 = PLANE('',#7595);
#7595 = AXIS2_PLACEMENT_3D('',#7596,#7597,#7598);
#7596 = CARTESIAN_POINT('',(296.01167210421,0.,82.163441154151));
#7597 = DIRECTION('',(1.,0.,-2.22044604925E-16));
#7598 = DIRECTION('',(2.22044604925E-16,0.,1.));
#7599 = ADVANCED_FACE('',(#7600,#7621,#7826,#7985,#8168,#8339,#8522,
    #8699,#8870,#9075),#9252,.T.);
#7600 = FACE_BOUND('',#7601,.T.);
#7601 = EDGE_LOOP('',(#7602,#7603,#7604,#7612,#7619,#7620));
#7602 = ORIENTED_EDGE('',*,*,#7387,.T.);
#7603 = ORIENTED_EDGE('',*,*,#7407,.T.);
#7604 = ORIENTED_EDGE('',*,*,#7605,.T.);
#7605 = EDGE_CURVE('',#7399,#7606,#7608,.T.);
#7606 = VERTEX_POINT('',#7607);
#7607 = CARTESIAN_POINT('',(294.01167210421,5.633375276078E-15,
    105.16344115415));
#7608 = LINE('',#7609,#7610);
#7609 = CARTESIAN_POINT('',(286.01167210421,1.053196247267E-14,
    125.16344115415));
#7610 = VECTOR('',#7611,1.);
#7611 = DIRECTION('',(0.371390676354,-2.274112015151E-16,-0.928476690885
    ));
#7612 = ORIENTED_EDGE('',*,*,#7613,.F.);
#7613 = EDGE_CURVE('',#7606,#7606,#7614,.T.);
#7614 = CIRCLE('',#7615,23.);
#7615 = AXIS2_PLACEMENT_3D('',#7616,#7617,#7618);
#7616 = CARTESIAN_POINT('',(294.01167210421,0.,82.163441154151));
#7617 = DIRECTION('',(1.,0.,-2.22044604925E-16));
#7618 = DIRECTION('',(2.22044604925E-16,0.,1.));
#7619 = ORIENTED_EDGE('',*,*,#7605,.F.);
#7620 = ORIENTED_EDGE('',*,*,#7398,.T.);
#7621 = FACE_BOUND('',#7622,.T.);
#7622 = EDGE_LOOP('',(#7623));
#7623 = ORIENTED_EDGE('',*,*,#7624,.F.);
#7624 = EDGE_CURVE('',#7625,#7625,#7627,.T.);
#7625 = VERTEX_POINT('',#7626);
#7626 = CARTESIAN_POINT('',(287.81275196817,-36.07412,95.605911154151));
#7627 = B_SPLINE_CURVE_WITH_KNOTS('',8,(#7628,#7629,#7630,#7631,#7632,
    #7633,#7634,#7635,#7636,#7637,#7638,#7639,#7640,#7641,#7642,#7643,
    #7644,#7645,#7646,#7647,#7648,#7649,#7650,#7651,#7652,#7653,#7654,
    #7655,#7656,#7657,#7658,#7659,#7660,#7661,#7662,#7663,#7664,#7665,
    #7666,#7667,#7668,#7669,#7670,#7671,#7672,#7673,#7674,#7675,#7676,
    #7677,#7678,#7679,#7680,#7681,#7682,#7683,#7684,#7685,#7686,#7687,
    #7688,#7689,#7690,#7691,#7692,#7693,#7694,#7695,#7696,#7697,#7698,
    #7699,#7700,#7701,#7702,#7703,#7704,#7705,#7706,#7707,#7708,#7709,
    #7710,#7711,#7712,#7713,#7714,#7715,#7716,#7717,#7718,#7719,#7720,
    #7721,#7722,#7723,#7724,#7725,#7726,#7727,#7728,#7729,#7730,#7731,
    #7732,#7733,#7734,#7735,#7736,#7737,#7738,#7739,#7740,#7741,#7742,
    #7743,#7744,#7745,#7746,#7747,#7748,#7749,#7750,#7751,#7752,#7753,
    #7754,#7755,#7756,#7757,#7758,#7759,#7760,#7761,#7762,#7763,#7764,
    #7765,#7766,#7767,#7768,#7769,#7770,#7771,#7772,#7773,#7774,#7775,
    #7776,#7777,#7778,#7779,#7780,#7781,#7782,#7783,#7784,#7785,#7786,
    #7787,#7788,#7789,#7790,#7791,#7792,#7793,#7794,#7795,#7796,#7797,
    #7798,#7799,#7800,#7801,#7802,#7803,#7804,#7805,#7806,#7807,#7808,
    #7809,#7810,#7811,#7812,#7813,#7814,#7815,#7816,#7817,#7818,#7819,
    #7820,#7821,#7822,#7823,#7824,#7825),.UNSPECIFIED.,.T.,.F.,(9,7,7,7,
    7,7,7,7,7,7,7,7,7,7,7,7,7,7,7,7,7,7,7,7,7,7,7,7,9),(0.,
    8.372967912816E-02,0.121353800093,0.150038057169,0.164840297373,
    0.194587084401,0.215103510077,0.224742681715,0.240400083251,
    0.271016749424,0.313558611869,0.34961446473,0.378818058091,
    0.456934597298,0.536725003999,0.563521625648,0.595109877786,
    0.631141094518,0.656421466058,0.669182210291,0.694574853893,
    0.711937628105,0.719971232713,0.7327349463,0.758023026399,
    0.794065710526,0.825662258138,0.931679072603,1.),.UNSPECIFIED.);
#7628 = CARTESIAN_POINT('',(287.81275196817,-36.07412,95.605911154151));
#7629 = CARTESIAN_POINT('',(287.74440964289,-36.25645258513,
    95.605911154151));
#7630 = CARTESIAN_POINT('',(287.67684646915,-36.44100232898,
    95.594038240712));
#7631 = CARTESIAN_POINT('',(287.61019331021,-36.6275272399,
    95.569784955488));
#7632 = CARTESIAN_POINT('',(287.54465455129,-36.81562528946,
    95.532484286294));
#7633 = CARTESIAN_POINT('',(287.48050754283,-37.00472061396,
    95.481333095032));
#7634 = CARTESIAN_POINT('',(287.41809832349,-37.19405762125,
    95.415429915908));
#7635 = CARTESIAN_POINT('',(287.35784429578,-37.38269429037,
    95.333755465696));
#7636 = CARTESIAN_POINT('',(287.27437643407,-37.65342120796,
    95.190659093395));
#7637 = CARTESIAN_POINT('',(287.24904565641,-37.73695358085,
    95.142865834447));
#7638 = CARTESIAN_POINT('',(287.22431088037,-37.81996958082,
    95.091537238661));
#7639 = CARTESIAN_POINT('',(287.20022947442,-37.90233033039,
    95.036566689877));
#7640 = CARTESIAN_POINT('',(287.17686692585,-37.98387215103,
    94.977851356985));
#7641 = CARTESIAN_POINT('',(287.15429627749,-38.06440715002,
    94.915295402848));
#7642 = CARTESIAN_POINT('',(287.13259756434,-38.14372380725,
    94.848813193244));
#7643 = CARTESIAN_POINT('',(287.0960450402,-38.28095011738,
    94.724598727945));
#7644 = CARTESIAN_POINT('',(287.08079118073,-38.33946341344,
    94.668545023817));
#7645 = CARTESIAN_POINT('',(287.06613446383,-38.39702124893,
    94.610142968044));
#7646 = CARTESIAN_POINT('',(287.0521172632,-38.45350432325,
    94.549373428791));
#7647 = CARTESIAN_POINT('',(287.03878464954,-38.50878195103,
    94.486229631102));
#7648 = CARTESIAN_POINT('',(287.02618350608,-38.56271377653,
    94.42072022025));
#7649 = CARTESIAN_POINT('',(287.01436164392,-38.61515148807,
    94.352872325084));
#7650 = CARTESIAN_POINT('',(286.99769319267,-38.69214973968,
    94.24654072119));
#7651 = CARTESIAN_POINT('',(286.99223980858,-38.71791953333,
    94.209737636679));
#7652 = CARTESIAN_POINT('',(286.98701337675,-38.74322841873,
    94.172332633201));
#7653 = CARTESIAN_POINT('',(286.98202048745,-38.76805449947,
    94.134334615767));
#7654 = CARTESIAN_POINT('',(286.97726764615,-38.79237562155,
    94.095754281939));
#7655 = CARTESIAN_POINT('',(286.97276120987,-38.81616951739,
    94.056604274723));
#7656 = CARTESIAN_POINT('',(286.96850732363,-38.83941394995,
    94.016899335463));
#7657 = CARTESIAN_POINT('',(286.95648251141,-38.90765064446,
    93.895783809999));
#7658 = CARTESIAN_POINT('',(286.9494955554,-38.95091368694,
    93.812725121504));
#7659 = CARTESIAN_POINT('',(286.94360044811,-38.99168751978,
    93.727633140294));
#7660 = CARTESIAN_POINT('',(286.93883986963,-39.02979677645,
    93.640684268592));
#7661 = CARTESIAN_POINT('',(286.93524813651,-39.06508338165,
    93.552080318084));
#7662 = CARTESIAN_POINT('',(286.93284961753,-39.09741074454,
    93.462050266217));
#7663 = CARTESIAN_POINT('',(286.93165714935,-39.12666795199,
    93.370852012487));
#7664 = CARTESIAN_POINT('',(286.93167962723,-39.17077933543,
    93.215267816095));
#7665 = CARTESIAN_POINT('',(286.93226233634,-39.18728797833,
    93.151335455107));
#7666 = CARTESIAN_POINT('',(286.93341858196,-39.20227384325,
    93.087068737522));
#7667 = CARTESIAN_POINT('',(286.93514546771,-39.21571973477,
    93.022558170485));
#7668 = CARTESIAN_POINT('',(286.93743739231,-39.22761677324,
    92.957892950419));
#7669 = CARTESIAN_POINT('',(286.94028624353,-39.23796385874,
    92.893160830904));
#7670 = CARTESIAN_POINT('',(286.94368159208,-39.24676713495,
    92.828447990561));
#7671 = CARTESIAN_POINT('',(286.9494569739,-39.25745618481,
    92.733483803307));
#7672 = CARTESIAN_POINT('',(286.9514209656,-39.260535024,92.70315102056)
  );
#7673 = CARTESIAN_POINT('',(286.95350156653,-39.2632773737,
    92.672848993199));
#7674 = CARTESIAN_POINT('',(286.95569741134,-39.26568492118,
    92.642585898691));
#7675 = CARTESIAN_POINT('',(286.9580070634,-39.26775963792,
    92.612369651458));
#7676 = CARTESIAN_POINT('',(286.96042901485,-39.26950377961,
    92.582207902885));
#7677 = CARTESIAN_POINT('',(286.96296168659,-39.27091988615,
    92.552108041312));
#7678 = CARTESIAN_POINT('',(286.96989454486,-39.27378277933,
    92.473296541266));
#7679 = CARTESIAN_POINT('',(286.97447348219,-39.27469663779,
    92.424697820766));
#7680 = CARTESIAN_POINT('',(286.97933323301,-39.27476427704,
    92.376311530942));
#7681 = CARTESIAN_POINT('',(286.9844664603,-39.27399924238,92.3281658785
    ));
#7682 = CARTESIAN_POINT('',(286.98986557998,-39.2724164394,
    92.280286850836));
#7683 = CARTESIAN_POINT('',(286.9955228437,-39.27003186885,
    92.232698290424));
#7684 = CARTESIAN_POINT('',(287.00143042157,-39.2668623616,
    92.185421969203));
#7685 = CARTESIAN_POINT('',(287.01960639088,-39.25522676375,
    92.046682217234));
#7686 = CARTESIAN_POINT('',(287.03255902128,-39.24459355353,
    91.956160192809));
#7687 = CARTESIAN_POINT('',(287.04638024599,-39.23115655429,
    91.867052882145));
#7688 = CARTESIAN_POINT('',(287.06101232745,-39.21505310479,
    91.779474701337));
#7689 = CARTESIAN_POINT('',(287.07639902979,-39.1964231328,
    91.69351545978));
#7690 = CARTESIAN_POINT('',(287.0924867278,-39.17540527683,
    91.609242629825));
#7691 = CARTESIAN_POINT('',(287.10922551598,-39.15213300779,
    91.526703616439));
#7692 = CARTESIAN_POINT('',(287.15067092221,-39.09143431049,
    91.333690332492));
#7693 = CARTESIAN_POINT('',(287.17593763565,-39.05203144488,
    91.224874788305));
#7694 = CARTESIAN_POINT('',(287.20225143726,-39.00885538843,
    91.119545226386));
#7695 = CARTESIAN_POINT('',(287.22950358365,-38.96221729234,
    91.017734587212));
#7696 = CARTESIAN_POINT('',(287.25759629389,-38.91240352816,
    90.919448345921));
#7697 = CARTESIAN_POINT('',(287.2864434346,-38.85967299148,
    90.824667938583));
#7698 = CARTESIAN_POINT('',(287.31597120512,-38.8042544056,
    90.733354188473));
#7699 = CARTESIAN_POINT('',(287.3716700797,-38.69726202757,
    90.57094919672));
#7700 = CARTESIAN_POINT('',(287.39766366057,-38.64639589487,
    90.498905856134));
#7701 = CARTESIAN_POINT('',(287.42406091467,-38.59386791506,
    90.429290428963));
#7702 = CARTESIAN_POINT('',(287.45082650066,-38.5397908762,
    90.362072172584));
#7703 = CARTESIAN_POINT('',(287.47792835541,-38.48426786422,
    90.297219839869));
#7704 = CARTESIAN_POINT('',(287.50533766304,-38.42739246053,
    90.234701635673));
#7705 = CARTESIAN_POINT('',(287.53302882391,-38.36924893971,
    90.174485173325));
#7706 = CARTESIAN_POINT('',(287.58361813231,-38.26185263561,
    90.06960240767));
#7707 = CARTESIAN_POINT('',(287.60642639217,-38.21301160913,
    90.02415702116));
#7708 = CARTESIAN_POINT('',(287.62939197845,-38.16342987881,
    89.980184622621));
#7709 = CARTESIAN_POINT('',(287.65250340987,-38.11314545579,
    89.937669365533));
#7710 = CARTESIAN_POINT('',(287.67574994859,-38.06219387118,
    89.896596205826));
#7711 = CARTESIAN_POINT('',(287.69912160025,-38.01060817613,
    89.856950901884));
#7712 = CARTESIAN_POINT('',(287.72260911392,-37.95841894177,
    89.818720014539));
#7713 = CARTESIAN_POINT('',(287.80931777187,-37.76451428592,
    89.683376920055));
#7714 = CARTESIAN_POINT('',(287.87318861625,-37.61928209554,
    89.594909278221));
#7715 = CARTESIAN_POINT('',(287.93766440914,-37.47047395399,
    89.51622173338));
#7716 = CARTESIAN_POINT('',(288.00260549721,-37.3185384964,
    89.447133225257));
#7717 = CARTESIAN_POINT('',(288.06788332949,-37.1638686912,
    89.387521246465));
#7718 = CARTESIAN_POINT('',(288.13337964001,-37.00680802013,
    89.337310966437));
#7719 = CARTESIAN_POINT('',(288.19898616349,-36.84765087438,
    89.296480114324));
#7720 = CARTESIAN_POINT('',(288.3316296712,-36.52217328544,
    89.233006283118));
#7721 = CARTESIAN_POINT('',(288.39864271613,-36.3558325368,
    89.210783240462));
#7722 = CARTESIAN_POINT('',(288.46554333339,-36.18786376224,
    89.198450444686));
#7723 = CARTESIAN_POINT('',(288.53221311183,-36.01852779008,
    89.196141071534));
#7724 = CARTESIAN_POINT('',(288.59851502363,-35.84810025076,
    89.204072137889));
#7725 = CARTESIAN_POINT('',(288.66429282603,-35.67687228368,
    89.222540562062));
#7726 = CARTESIAN_POINT('',(288.72936880532,-35.50514787528,
    89.251945690853));
#7727 = CARTESIAN_POINT('',(288.81508831457,-35.27550228077,
    89.30659965266));
#7728 = CARTESIAN_POINT('',(288.83653482825,-35.21775121423,
    89.321636966205));
#7729 = CARTESIAN_POINT('',(288.85786910118,-35.15999671067,
    89.337992291892));
#7730 = CARTESIAN_POINT('',(288.87908196777,-35.10225350067,
    89.355688255793));
#7731 = CARTESIAN_POINT('',(288.90016341929,-35.04453770188,
    89.37474925843));
#7732 = CARTESIAN_POINT('',(288.92110257323,-34.98686681785,
    89.395201657301));
#7733 = CARTESIAN_POINT('',(288.94188764287,-34.92925973674,
    89.417073949411));
#7734 = CARTESIAN_POINT('',(288.98681101951,-34.80392776311,
    89.467890454773));
#7735 = CARTESIAN_POINT('',(289.01088345241,-34.73623811352,
    89.497398805664));
#7736 = CARTESIAN_POINT('',(289.03470290613,-34.66869943091,
    89.528973261657));
#7737 = CARTESIAN_POINT('',(289.0582460477,-34.60134945082,
    89.562668230762));
#7738 = CARTESIAN_POINT('',(289.08148640459,-34.53423204813,
    89.59854168577));
#7739 = CARTESIAN_POINT('',(289.10439425896,-34.4673972904,
    89.636655576212));
#7740 = CARTESIAN_POINT('',(289.1269365419,-34.40090149122,
    89.677076240312));
#7741 = CARTESIAN_POINT('',(289.17433098451,-34.25941672175,
    89.768693117618));
#7742 = CARTESIAN_POINT('',(289.19905868359,-34.18455872001,
    89.820598859151));
#7743 = CARTESIAN_POINT('',(289.22320790353,-34.11031976812,
    89.875700871486));
#7744 = CARTESIAN_POINT('',(289.24671552388,-34.03681209281,
    89.934108586005));
#7745 = CARTESIAN_POINT('',(289.26950765245,-33.96417315625,
    89.995929625103));
#7746 = CARTESIAN_POINT('',(289.29150005247,-33.89256517441,
    90.061267391761));
#7747 = CARTESIAN_POINT('',(289.31259856988,-33.82217463565,
    90.130218659116));
#7748 = CARTESIAN_POINT('',(289.34680290089,-33.70482584202,
    90.253845908682));
#7749 = CARTESIAN_POINT('',(289.36041362669,-33.65714795597,
    90.306637367224));
#7750 = CARTESIAN_POINT('',(289.37349552893,-33.61025290598,
    90.361272147498));
#7751 = CARTESIAN_POINT('',(289.38600853572,-33.56422644291,
    90.417769347557));
#7752 = CARTESIAN_POINT('',(289.39790959702,-33.51916400491,
    90.476138031038));
#7753 = CARTESIAN_POINT('',(289.4091535693,-33.47516939895,
    90.536374706523));
#7754 = CARTESIAN_POINT('',(289.41969410021,-33.43235348229,
    90.598460806907));
#7755 = CARTESIAN_POINT('',(289.43442640899,-33.36987451895,
    90.694614576572));
#7756 = CARTESIAN_POINT('',(289.43917709845,-33.34924660439,
    90.72733033942));
#7757 = CARTESIAN_POINT('',(289.44373054798,-33.32896433505,
    90.760502240055));
#7758 = CARTESIAN_POINT('',(289.44808071907,-33.30904332814,
    90.794123758056));
#7759 = CARTESIAN_POINT('',(289.4522216315,-33.2894994754,
    90.828186945376));
#7760 = CARTESIAN_POINT('',(289.45614742622,-33.27034883514,
    90.862682301896));
#7761 = CARTESIAN_POINT('',(289.4598524284,-33.25160752417,
    90.897598650973));
#7762 = CARTESIAN_POINT('',(289.47025364906,-33.19684471664,
    91.003215073953));
#7763 = CARTESIAN_POINT('',(289.47628135856,-33.1620766813,
    91.075133802654));
#7764 = CARTESIAN_POINT('',(289.48137001661,-33.12912125808,
    91.148564642751));
#7765 = CARTESIAN_POINT('',(289.48548110644,-33.09810400027,
    91.22337505852));
#7766 = CARTESIAN_POINT('',(289.48858348152,-33.06913914207,
    91.299413030039));
#7767 = CARTESIAN_POINT('',(289.49065493046,-33.04232648034,
    91.376505546362));
#7768 = CARTESIAN_POINT('',(289.49168374178,-33.01774825646,
    91.454457098695));
#7769 = CARTESIAN_POINT('',(289.49166105638,-32.98023008501,
    91.586786536134));
#7770 = CARTESIAN_POINT('',(289.4911645509,-32.96606585243,
    91.640829913841));
#7771 = CARTESIAN_POINT('',(289.49018074539,-32.95299259559,
    91.695110527782));
#7772 = CARTESIAN_POINT('',(289.48871219611,-32.94102339789,
    91.749561745135));
#7773 = CARTESIAN_POINT('',(289.48676383967,-32.93016556395,
    91.804118156272));
#7774 = CARTESIAN_POINT('',(289.48434281004,-32.92042101282,
    91.858715651869));
#7775 = CARTESIAN_POINT('',(289.48145825565,-32.91178667109,
    91.913291499998));
#7776 = CARTESIAN_POINT('',(289.4765771096,-32.90076996531,
    91.992997824849));
#7777 = CARTESIAN_POINT('',(289.4749361474,-32.89752105181,
    92.018193913824));
#7778 = CARTESIAN_POINT('',(289.47319935222,-32.89450731047,
    92.04336686011));
#7779 = CARTESIAN_POINT('',(289.4713678641,-32.89172773979,
    92.068511028155));
#7780 = CARTESIAN_POINT('',(289.46944288066,-32.88918115183,
    92.093620976911));
#7781 = CARTESIAN_POINT('',(289.46742565713,-32.88686617221,
    92.118691459836));
#7782 = CARTESIAN_POINT('',(289.46531750637,-32.88478124009,
    92.143717424888));
#7783 = CARTESIAN_POINT('',(289.45962810222,-32.87997480933,
    92.208376579472));
#7784 = CARTESIAN_POINT('',(289.45591031389,-32.87760133535,
    92.247934602174));
#7785 = CARTESIAN_POINT('',(289.45197187571,-32.87579729246,
    92.287348636831));
#7786 = CARTESIAN_POINT('',(289.44781847468,-32.87455480268,
    92.326600745645));
#7787 = CARTESIAN_POINT('',(289.44345597989,-32.87386516102,
    92.365674449449));
#7788 = CARTESIAN_POINT('',(289.43889037973,-32.87371899278,
    92.404554678317));
#7789 = CARTESIAN_POINT('',(289.4341277189,-32.87410641069,
    92.443227722186));
#7790 = CARTESIAN_POINT('',(289.41935956098,-32.87682161642,
    92.557867014994));
#7791 = CARTESIAN_POINT('',(289.40879558394,-32.8806804149,
    92.633187930954));
#7792 = CARTESIAN_POINT('',(289.39752882243,-32.88651318868,
    92.707552230802));
#7793 = CARTESIAN_POINT('',(289.38560564928,-32.89423524458,
    92.780886169989));
#7794 = CARTESIAN_POINT('',(289.373071211,-32.9037600134,92.853132507313
    ));
#7795 = CARTESIAN_POINT('',(289.35996854659,-32.91500148794,
    92.924249054271));
#7796 = CARTESIAN_POINT('',(289.34633770642,-32.92787666125,
    92.994207224409));
#7797 = CARTESIAN_POINT('',(289.3120858265,-32.96287666378,
    93.161026370494));
#7798 = CARTESIAN_POINT('',(289.2909604931,-32.98660311678,
    93.256660794482));
#7799 = CARTESIAN_POINT('',(289.2689424422,-33.01326233687,
    93.349858514615));
#7800 = CARTESIAN_POINT('',(289.24612574443,-33.04264488243,
    93.440604272946));
#7801 = CARTESIAN_POINT('',(289.22259454832,-33.07455851639,
    93.528901109817));
#7802 = CARTESIAN_POINT('',(289.19842265892,-33.10882986568,
    93.61476858007));
#7803 = CARTESIAN_POINT('',(289.17367311635,-33.1453060806,
    93.698240969262));
#7804 = CARTESIAN_POINT('',(289.12624033625,-33.21765142404,
    93.850482727482));
#7805 = CARTESIAN_POINT('',(289.10368142807,-33.25303639779,
    93.919787359136));
#7806 = CARTESIAN_POINT('',(289.08075752381,-33.28992086106,
    93.987307088358));
#7807 = CARTESIAN_POINT('',(289.05750164531,-33.32822213585,
    94.053068806479));
#7808 = CARTESIAN_POINT('',(289.03394346824,-33.36786515782,
    94.11709893669));
#7809 = CARTESIAN_POINT('',(289.01010942798,-33.40878221368,
    94.179423758096));
#7810 = CARTESIAN_POINT('',(288.98602282557,-33.45091267839,
    94.24006972976));
#7811 = CARTESIAN_POINT('',(288.88010604874,-33.63945519647,
    94.497008382614));
#7812 = CARTESIAN_POINT('',(288.79596663482,-33.79763194796,
    94.676176254028));
#7813 = CARTESIAN_POINT('',(288.70997268061,-33.96681896387,
    94.837841130318));
#7814 = CARTESIAN_POINT('',(288.62265751385,-34.14562747315,
    94.982566639713));
#7815 = CARTESIAN_POINT('',(288.53446286258,-34.33289657081,
    95.110758375716));
#7816 = CARTESIAN_POINT('',(288.4457367234,-34.52772316788,
    95.222612588176));
#7817 = CARTESIAN_POINT('',(288.35674779087,-34.72941810995,
    95.318188206555));
#7818 = CARTESIAN_POINT('',(288.21028300792,-35.07170676123,
    95.448238950442));
#7819 = CARTESIAN_POINT('',(288.15288872664,-35.20844229555,
    95.492324105402));
#7820 = CARTESIAN_POINT('',(288.09556612921,-35.34761424951,
    95.529471501217));
#7821 = CARTESIAN_POINT('',(288.03838812817,-35.48905997502,
    95.559573325148));
#7822 = CARTESIAN_POINT('',(287.98143240926,-35.6326113991,
    95.582480419897));
#7823 = CARTESIAN_POINT('',(287.92478159102,-35.7780936491,
    95.598004141871));
#7824 = CARTESIAN_POINT('',(287.86852355808,-35.92532526521,
    95.605911154151));
#7825 = CARTESIAN_POINT('',(287.81275196817,-36.07412,95.605911154151));
#7826 = FACE_BOUND('',#7827,.T.);
#7827 = EDGE_LOOP('',(#7828));
#7828 = ORIENTED_EDGE('',*,*,#7829,.F.);
#7829 = EDGE_CURVE('',#7830,#7830,#7832,.T.);
#7830 = VERTEX_POINT('',#7831);
#7831 = CARTESIAN_POINT('',(287.29359397847,26.9073,111.48331115415));
#7832 = B_SPLINE_CURVE_WITH_KNOTS('',6,(#7833,#7834,#7835,#7836,#7837,
    #7838,#7839,#7840,#7841,#7842,#7843,#7844,#7845,#7846,#7847,#7848,
    #7849,#7850,#7851,#7852,#7853,#7854,#7855,#7856,#7857,#7858,#7859,
    #7860,#7861,#7862,#7863,#7864,#7865,#7866,#7867,#7868,#7869,#7870,
    #7871,#7872,#7873,#7874,#7875,#7876,#7877,#7878,#7879,#7880,#7881,
    #7882,#7883,#7884,#7885,#7886,#7887,#7888,#7889,#7890,#7891,#7892,
    #7893,#7894,#7895,#7896,#7897,#7898,#7899,#7900,#7901,#7902,#7903,
    #7904,#7905,#7906,#7907,#7908,#7909,#7910,#7911,#7912,#7913,#7914,
    #7915,#7916,#7917,#7918,#7919,#7920,#7921,#7922,#7923,#7924,#7925,
    #7926,#7927,#7928,#7929,#7930,#7931,#7932,#7933,#7934,#7935,#7936,
    #7937,#7938,#7939,#7940,#7941,#7942,#7943,#7944,#7945,#7946,#7947,
    #7948,#7949,#7950,#7951,#7952,#7953,#7954,#7955,#7956,#7957,#7958,
    #7959,#7960,#7961,#7962,#7963,#7964,#7965,#7966,#7967,#7968,#7969,
    #7970,#7971,#7972,#7973,#7974,#7975,#7976,#7977,#7978,#7979,#7980,
    #7981,#7982,#7983,#7984),.UNSPECIFIED.,.T.,.F.,(7,5,5,5,5,5,5,5,5,5,
    5,5,5,5,5,5,5,5,5,5,5,5,5,5,5,5,5,5,5,5,7),(0.,4.019439186916E-02,
    7.029867786921E-02,0.152999780207,0.232209226981,0.259022504219,
    0.290636442875,0.326702573466,0.352425591611,0.365181676678,
    0.373211807731,0.390571650968,0.41556718368,0.428741320803,
    0.45404256034,0.490104650581,0.521715747349,0.548527342124,
    0.62773586622,0.706439770617,0.735630273644,0.771664923979,
    0.814177110936,0.844353719265,0.860017819206,0.869660072289,
    0.890572146864,0.915490243767,0.927259750245,0.948338232265,1.),
  .UNSPECIFIED.);
#7833 = CARTESIAN_POINT('',(287.29359397847,26.9073,111.48331115415));
#7834 = CARTESIAN_POINT('',(287.33028063539,26.771653476786,
    111.48331115415));
#7835 = CARTESIAN_POINT('',(287.36814646337,26.638719849313,
    111.47641155986));
#7836 = CARTESIAN_POINT('',(287.4070205207,26.508676073151,
    111.46312790821));
#7837 = CARTESIAN_POINT('',(287.4467583427,26.381652487897,
    111.44391294889));
#7838 = CARTESIAN_POINT('',(287.48724127089,26.257734286834,
    111.41915989821));
#7839 = CARTESIAN_POINT('',(287.55918418682,26.046509229409,
    111.36677097197));
#7840 = CARTESIAN_POINT('',(287.59035667976,25.957824909913,
    111.34141975991));
#7841 = CARTESIAN_POINT('',(287.62185300934,25.870930954886,
    111.31329341675));
#7842 = CARTESIAN_POINT('',(287.65363724166,25.785844535542,
    111.28251917543));
#7843 = CARTESIAN_POINT('',(287.68567776051,25.702579067543,
    111.24921014178));
#7844 = CARTESIAN_POINT('',(287.80659656451,25.397430139012,
    111.11526870316));
#7845 = CARTESIAN_POINT('',(287.89694601099,25.187600861529,
    110.99872220177));
#7846 = CARTESIAN_POINT('',(287.9884705918,24.991732758092,
    110.86585578302));
#7847 = CARTESIAN_POINT('',(288.08072513477,24.810141103471,
    110.7180735655));
#7848 = CARTESIAN_POINT('',(288.17332520876,24.643153291952,
    110.55647250443));
#7849 = CARTESIAN_POINT('',(288.35466734178,24.345875486417,
    110.21419047564));
#7850 = CARTESIAN_POINT('',(288.44335853121,24.214413870711,
    110.0346947257));
#7851 = CARTESIAN_POINT('',(288.53174955744,24.097356692639,
    109.84369144523));
#7852 = CARTESIAN_POINT('',(288.61948073784,23.995556562738,
    109.64153892593));
#7853 = CARTESIAN_POINT('',(288.70611402048,23.910118981316,
    109.42854388673));
#7854 = CARTESIAN_POINT('',(288.81985578057,23.820023685958,
    109.128880506));
#7855 = CARTESIAN_POINT('',(288.84842840684,23.799318100851,
    109.05185582806));
#7856 = CARTESIAN_POINT('',(288.87678491913,23.780761565519,
    108.9735946528));
#7857 = CARTESIAN_POINT('',(288.90489823843,23.764433150393,
    108.89410177343));
#7858 = CARTESIAN_POINT('',(288.93273723236,23.750423039301,
    108.81338297097));
#7859 = CARTESIAN_POINT('',(288.99272447109,23.725170045846,
    108.63483496926));
#7860 = CARTESIAN_POINT('',(289.02475020695,23.714872314753,
    108.53653478374));
#7861 = CARTESIAN_POINT('',(289.05628700874,23.70810892305,
    108.43654844488));
#7862 = CARTESIAN_POINT('',(289.0872641582,23.705074900594,
    108.33489785114));
#7863 = CARTESIAN_POINT('',(289.11759585794,23.705995804471,
    108.23162043273));
#7864 = CARTESIAN_POINT('',(289.18093099228,23.716990105355,
    108.00714841347));
#7865 = CARTESIAN_POINT('',(289.21370278335,23.728333215204,
    107.88550106523));
#7866 = CARTESIAN_POINT('',(289.2453507614,23.7455451892,107.76188185234
    ));
#7867 = CARTESIAN_POINT('',(289.27567797777,23.769073177352,
    107.63644885109));
#7868 = CARTESIAN_POINT('',(289.30443922395,23.799405785292,
    107.50946919686));
#7869 = CARTESIAN_POINT('',(289.35053446111,23.863901796936,
    107.28993251335));
#7870 = CARTESIAN_POINT('',(289.3687771118,23.894468141608,
    107.19796098484));
#7871 = CARTESIAN_POINT('',(289.38596660946,23.928929346,107.10556135241
    ));
#7872 = CARTESIAN_POINT('',(289.40197729091,23.967459373998,
    107.0129495095));
#7873 = CARTESIAN_POINT('',(289.41667300304,24.010198947106,
    106.92040883791));
#7874 = CARTESIAN_POINT('',(289.43648332081,24.080547906747,
    106.78261023469));
#7875 = CARTESIAN_POINT('',(289.44269318008,24.1049228843,
    106.73703444643));
#7876 = CARTESIAN_POINT('',(289.44852876593,24.130360195588,
    106.69160840536));
#7877 = CARTESIAN_POINT('',(289.45397319116,24.156863961513,
    106.64638104033));
#7878 = CARTESIAN_POINT('',(289.4590101471,24.184432399025,
    106.60140555472));
#7879 = CARTESIAN_POINT('',(289.46652928561,24.231075459369,
    106.52862100289));
#7880 = CARTESIAN_POINT('',(289.46926662423,24.249512889051,
    106.50062527579));
#7881 = CARTESIAN_POINT('',(289.47183269284,24.268366365686,
    106.47276627321));
#7882 = CARTESIAN_POINT('',(289.47422394899,24.287632455772,
    106.44505869501));
#7883 = CARTESIAN_POINT('',(289.47643712281,24.307306527858,
    106.41751761753));
#7884 = CARTESIAN_POINT('',(289.48286227563,24.370784299957,
    106.33101249701));
#7885 = CARTESIAN_POINT('',(289.48640933738,24.416067524911,
    106.27271367515));
#7886 = CARTESIAN_POINT('',(289.48907997326,24.463168931267,
    106.21542339854));
#7887 = CARTESIAN_POINT('',(289.49085238676,24.512002959771,
    106.15929851501));
#7888 = CARTESIAN_POINT('',(289.49171508163,24.562459184381,
    106.10448901259));
#7889 = CARTESIAN_POINT('',(289.49160150175,24.689185671973,
    105.97431500551));
#7890 = CARTESIAN_POINT('',(289.4896493647,24.76706515642,
    105.90049650995));
#7891 = CARTESIAN_POINT('',(289.48581256545,24.847614065098,
    105.83011528917));
#7892 = CARTESIAN_POINT('',(289.48014422233,24.93037909617,
    105.76347097826));
#7893 = CARTESIAN_POINT('',(289.47273657316,25.0148950966,
    105.70075208729));
#7894 = CARTESIAN_POINT('',(289.45894852248,25.145928298457,
    105.61112627896));
#7895 = CARTESIAN_POINT('',(289.45373868695,25.191517620344,
    105.58130753363));
#7896 = CARTESIAN_POINT('',(289.44809458505,25.237407884236,
    105.55261616602));
#7897 = CARTESIAN_POINT('',(289.44203421335,25.28354067274,
    105.52505567232));
#7898 = CARTESIAN_POINT('',(289.43557620848,25.329862242893,
    105.49862273417));
#7899 = CARTESIAN_POINT('',(289.41560844509,25.465554663104,
    105.42469330769));
#7900 = CARTESIAN_POINT('',(289.40108026572,25.555297468107,
    105.38020845237));
#7901 = CARTESIAN_POINT('',(289.38528559199,25.645218218326,
    105.33978658694));
#7902 = CARTESIAN_POINT('',(289.36835364722,25.735045307392,
    105.30330097024));
#7903 = CARTESIAN_POINT('',(289.35040372915,25.824569250991,
    105.27059231962));
#7904 = CARTESIAN_POINT('',(289.3046461544,26.040598934051,
    105.20002277799));
#7905 = CARTESIAN_POINT('',(289.2758987615,26.166612403618,
    105.16589546276));
#7906 = CARTESIAN_POINT('',(289.24558456665,26.291283819491,
    105.13861622379));
#7907 = CARTESIAN_POINT('',(289.21394887884,26.414331277374,
    105.11770467639));
#7908 = CARTESIAN_POINT('',(289.18118874491,26.535583228907,
    105.10271852607));
#7909 = CARTESIAN_POINT('',(289.11787378327,26.759624840075,
    105.08499709536));
#7910 = CARTESIAN_POINT('',(289.08755069568,26.862829030888,
    105.0809792947));
#7911 = CARTESIAN_POINT('',(289.05658175379,26.964525180628,
    105.08096350102));
#7912 = CARTESIAN_POINT('',(289.02505280347,27.064669099092,
    105.0847252989));
#7913 = CARTESIAN_POINT('',(288.99303460221,27.163233057981,
    105.09207032383));
#7914 = CARTESIAN_POINT('',(288.93306000984,27.34245778482,
    105.1119571601));
#7915 = CARTESIAN_POINT('',(288.90522619224,27.423561066027,
    105.1235402984));
#7916 = CARTESIAN_POINT('',(288.87711784763,27.503508069011,
    105.13747742959));
#7917 = CARTESIAN_POINT('',(288.84876612612,27.582290328482,
    105.15367853672));
#7918 = CARTESIAN_POINT('',(288.82019812109,27.659900703196,
    105.17206468595));
#7919 = CARTESIAN_POINT('',(288.70646966572,27.962138890322,
    105.25313440303));
#7920 = CARTESIAN_POINT('',(288.61984368578,28.1776047054,
    105.33214845737));
#7921 = CARTESIAN_POINT('',(288.53211862521,28.382719981774,
    105.42784207648));
#7922 = CARTESIAN_POINT('',(288.44373272394,28.577145550507,
    105.53911858132));
#7923 = CARTESIAN_POINT('',(288.35504574599,28.760498412509,
    105.66513573638));
#7924 = CARTESIAN_POINT('',(288.17818600081,29.102864955606,
    105.94492353031));
#7925 = CARTESIAN_POINT('',(288.09005806743,29.261940461856,
    106.09844146497));
#7926 = CARTESIAN_POINT('',(288.00222964269,29.408923393706,
    106.26557467396));
#7927 = CARTESIAN_POINT('',(287.91503025147,29.542883327349,
    106.44605398436));
#7928 = CARTESIAN_POINT('',(287.82883631836,29.662633426537,
    106.63964425783));
#7929 = CARTESIAN_POINT('',(287.71265071017,29.80502921196,
    106.92297101948));
#7930 = CARTESIAN_POINT('',(287.68141835434,29.841365844958,
    107.00141688516));
#7931 = CARTESIAN_POINT('',(287.65041117471,29.875428118966,
    107.08164929705));
#7932 = CARTESIAN_POINT('',(287.61965652653,29.907117803475,
    107.16365989502));
#7933 = CARTESIAN_POINT('',(287.58918525035,29.936324683777,
    107.24743808653));
#7934 = CARTESIAN_POINT('',(287.52180813921,29.995765643669,
    107.43855848061));
#7935 = CARTESIAN_POINT('',(287.48507059407,30.024633168157,
    107.54681483494));
#7936 = CARTESIAN_POINT('',(287.44888194766,30.049299572085,
    107.65772154064));
#7937 = CARTESIAN_POINT('',(287.4133200268,30.069499243998,
    107.77123708955));
#7938 = CARTESIAN_POINT('',(287.3784778593,30.08492874514,
    107.88729649359));
#7939 = CARTESIAN_POINT('',(287.30433576928,30.107415758066,
    108.14562894469));
#7940 = CARTESIAN_POINT('',(287.26536798574,30.112467325881,
    108.28883740045));
#7941 = CARTESIAN_POINT('',(287.22773122906,30.109841632242,
    108.43531378827));
#7942 = CARTESIAN_POINT('',(287.19165698775,30.098883742843,
    108.58479176222));
#7943 = CARTESIAN_POINT('',(287.15743110974,30.07887974375,
    108.73684465191));
#7944 = CARTESIAN_POINT('',(287.10264149429,30.027952072489,109.00020104
    ));
#7945 = CARTESIAN_POINT('',(287.08099882784,30.001884078496,
    109.11050925777));
#7946 = CARTESIAN_POINT('',(287.06058061788,29.970634651256,
    109.22156374236));
#7947 = CARTESIAN_POINT('',(287.04152933904,29.933950493092,
    109.33304638696));
#7948 = CARTESIAN_POINT('',(287.02399896828,29.891620047634,
    109.44454965037));
#7949 = CARTESIAN_POINT('',(286.99991601903,29.818540911769,
    109.61320637365));
#7950 = CARTESIAN_POINT('',(286.99213870092,29.792013456858,
    109.6707072329));
#7951 = CARTESIAN_POINT('',(286.98483532601,29.763913311737,
    109.72800606318));
#7952 = CARTESIAN_POINT('',(286.97802786163,29.734230275001,
    109.7850242092));
#7953 = CARTESIAN_POINT('',(286.97173752652,29.702963355395,
    109.84167658806));
#7954 = CARTESIAN_POINT('',(286.96244236837,29.64990812021,
    109.93246425773));
#7955 = CARTESIAN_POINT('',(286.95910410501,29.629096849199,
    109.96688332913));
#7956 = CARTESIAN_POINT('',(286.9559738672,29.607691876936,
    110.00110816419));
#7957 = CARTESIAN_POINT('',(286.95305596332,29.585697360048,
    110.0351170063));
#7958 = CARTESIAN_POINT('',(286.95035437203,29.563119203196,
    110.06888763724));
#7959 = CARTESIAN_POINT('',(286.94249059511,29.489748456767,
    110.17507314843));
#7960 = CARTESIAN_POINT('',(286.93814268974,29.436819625063,
    110.24652635993));
#7961 = CARTESIAN_POINT('',(286.93486650603,29.38126293884,
    110.31651819566));
#7962 = CARTESIAN_POINT('',(286.93268885575,29.32319650101,
    110.38481827665));
#7963 = CARTESIAN_POINT('',(286.93162389972,29.262776320701,
    110.45120845796));
#7964 = CARTESIAN_POINT('',(286.93172748422,29.125637321112,
    110.59207824331));
#7965 = CARTESIAN_POINT('',(286.933363009,29.048001619159,
    110.66568325038));
#7966 = CARTESIAN_POINT('',(286.9365773637,28.967631952214,
    110.73595429549));
#7967 = CARTESIAN_POINT('',(286.94134041564,28.884897219902,
    110.80263359469));
#7968 = CARTESIAN_POINT('',(286.94759782066,28.800186248402,
    110.86554098433));
#7969 = CARTESIAN_POINT('',(286.95890345391,28.673140766384,
    110.95243921973));
#7970 = CARTESIAN_POINT('',(286.96284766346,28.632029806381,
    110.97945091439));
#7971 = CARTESIAN_POINT('',(286.96710158791,28.590604653884,
    111.00558655916));
#7972 = CARTESIAN_POINT('',(286.97165710635,28.548904004849,
    111.0308392332));
#7973 = CARTESIAN_POINT('',(286.9765055865,28.506965101329,
    111.05520559338));
#7974 = CARTESIAN_POINT('',(286.99082952376,28.389351059081,
    111.12073765269));
#7975 = CARTESIAN_POINT('',(287.00093164206,28.313228877358,
    111.15994688643));
#7976 = CARTESIAN_POINT('',(287.01189247599,28.236660466564,
    111.19631423222));
#7977 = CARTESIAN_POINT('',(287.02365789386,28.159827793573,
    111.22987199761));
#7978 = CARTESIAN_POINT('',(287.03617409149,28.082890195783,
    111.26067455251));
#7979 = CARTESIAN_POINT('',(287.08178218675,27.817489494947,
    111.35769449262));
#7980 = CARTESIAN_POINT('',(287.11836181735,27.629278776504,
    111.41041476304));
#7981 = CARTESIAN_POINT('',(287.15840566085,27.443145071785,
    111.44804559527));
#7982 = CARTESIAN_POINT('',(287.20127076396,27.260340217706,
    111.47191612134));
#7983 = CARTESIAN_POINT('',(287.24644776284,27.081620059897,
    111.48331115415));
#7984 = CARTESIAN_POINT('',(287.29359397847,26.9073,111.48331115415));
#7985 = FACE_BOUND('',#7986,.T.);
#7986 = EDGE_LOOP('',(#7987));
#7987 = ORIENTED_EDGE('',*,*,#7988,.F.);
#7988 = EDGE_CURVE('',#7989,#7989,#7991,.T.);
#7989 = VERTEX_POINT('',#7990);
#7990 = CARTESIAN_POINT('',(287.13630697774,-21.05064,116.39762115415));
#7991 = B_SPLINE_CURVE_WITH_KNOTS('',7,(#7992,#7993,#7994,#7995,#7996,
    #7997,#7998,#7999,#8000,#8001,#8002,#8003,#8004,#8005,#8006,#8007,
    #8008,#8009,#8010,#8011,#8012,#8013,#8014,#8015,#8016,#8017,#8018,
    #8019,#8020,#8021,#8022,#8023,#8024,#8025,#8026,#8027,#8028,#8029,
    #8030,#8031,#8032,#8033,#8034,#8035,#8036,#8037,#8038,#8039,#8040,
    #8041,#8042,#8043,#8044,#8045,#8046,#8047,#8048,#8049,#8050,#8051,
    #8052,#8053,#8054,#8055,#8056,#8057,#8058,#8059,#8060,#8061,#8062,
    #8063,#8064,#8065,#8066,#8067,#8068,#8069,#8070,#8071,#8072,#8073,
    #8074,#8075,#8076,#8077,#8078,#8079,#8080,#8081,#8082,#8083,#8084,
    #8085,#8086,#8087,#8088,#8089,#8090,#8091,#8092,#8093,#8094,#8095,
    #8096,#8097,#8098,#8099,#8100,#8101,#8102,#8103,#8104,#8105,#8106,
    #8107,#8108,#8109,#8110,#8111,#8112,#8113,#8114,#8115,#8116,#8117,
    #8118,#8119,#8120,#8121,#8122,#8123,#8124,#8125,#8126,#8127,#8128,
    #8129,#8130,#8131,#8132,#8133,#8134,#8135,#8136,#8137,#8138,#8139,
    #8140,#8141,#8142,#8143,#8144,#8145,#8146,#8147,#8148,#8149,#8150,
    #8151,#8152,#8153,#8154,#8155,#8156,#8157,#8158,#8159,#8160,#8161,
    #8162,#8163,#8164,#8165,#8166,#8167),.UNSPECIFIED.,.T.,.F.,(8,6,6,6,
    6,6,6,6,6,6,6,6,6,6,6,6,6,6,6,6,6,6,6,6,6,6,6,6,6,8),(0.,
    3.289279017026E-02,4.813969144811E-02,5.778301897359E-02,
    7.869558702809E-02,0.108851139329,0.124510438025,0.155131728678,
    0.197680290527,0.233741050631,0.262947824151,0.341068826301,
    0.420857134947,0.447651432109,0.47923593723,0.515261949634,
    0.540538829448,0.553298241129,0.578689936753,0.596053680267,
    0.604088143997,0.616853631099,0.642146071875,0.678195190651,
    0.70979655942,0.736601614476,0.815800339797,0.921523739261,
    0.957207491602,1.),.UNSPECIFIED.);
#7992 = CARTESIAN_POINT('',(287.13630697774,-21.05064,116.39762115415));
#7993 = CARTESIAN_POINT('',(287.11465274105,-21.15399189373,
    116.39762115415));
#7994 = CARTESIAN_POINT('',(287.09390340308,-21.25892851002,
    116.39372685386));
#7995 = CARTESIAN_POINT('',(287.07414492882,-21.36533232887,
    116.38572308569));
#7996 = CARTESIAN_POINT('',(287.05547622399,-21.47303292748,
    116.37338709467));
#7997 = CARTESIAN_POINT('',(287.03800629869,-21.58180376685,
    116.35649976153));
#7998 = CARTESIAN_POINT('',(287.02185001534,-21.69135878674,
    116.33486227136));
#7999 = CARTESIAN_POINT('',(287.00029569131,-21.85233283921,
    116.29601418158));
#8000 = CARTESIAN_POINT('',(286.99377611223,-21.90340900638,
    116.28265621857));
#8001 = CARTESIAN_POINT('',(286.98757524893,-21.95454138915,
    116.2682291894));
#8002 = CARTESIAN_POINT('',(286.98170466412,-22.00569097353,
    116.25272005579));
#8003 = CARTESIAN_POINT('',(286.97617572467,-22.05681568142,
    116.23611853312));
#8004 = CARTESIAN_POINT('',(286.97099940835,-22.1078703992,
    116.21841773303));
#8005 = CARTESIAN_POINT('',(286.9631418063,-22.19102328267,
    116.18772237101));
#8006 = CARTESIAN_POINT('',(286.96024270083,-22.22319239584,
    116.17538906041));
#8007 = CARTESIAN_POINT('',(286.95749144952,-22.25530213359,
    116.16261409235));
#8008 = CARTESIAN_POINT('',(286.95489056703,-22.28733995676,
    116.14939738754));
#8009 = CARTESIAN_POINT('',(286.95244242738,-22.31929299925,
    116.13573956941));
#8010 = CARTESIAN_POINT('',(286.9501492639,-22.35114806798,116.121641964
    ));
#8011 = CARTESIAN_POINT('',(286.94338082378,-22.45173091744,
    116.07558513748));
#8012 = CARTESIAN_POINT('',(286.9394868729,-22.52004944532,
    116.04200344539));
#8013 = CARTESIAN_POINT('',(286.93635280526,-22.58770452557,
    116.00638502027));
#8014 = CARTESIAN_POINT('',(286.93399555176,-22.65455444182,
    115.96876821803));
#8015 = CARTESIAN_POINT('',(286.93242691458,-22.72045932659,
    115.92920763081));
#8016 = CARTESIAN_POINT('',(286.93165299634,-22.78528202549,
    115.8877754639));
#8017 = CARTESIAN_POINT('',(286.93170338122,-22.94060903542,
    115.78225117973));
#8018 = CARTESIAN_POINT('',(286.9333853792,-23.02982053553,
    115.71622394769));
#8019 = CARTESIAN_POINT('',(286.93671959477,-23.11610947919,
    115.64676197233));
#8020 = CARTESIAN_POINT('',(286.94167830698,-23.19914392615,
    115.57418505287));
#8021 = CARTESIAN_POINT('',(286.94821068949,-23.2786652671,
    115.49884214861));
#8022 = CARTESIAN_POINT('',(286.95624739779,-23.3544795121,
    115.4211014958));
#8023 = CARTESIAN_POINT('',(286.97061642012,-23.46382097075,
    115.29992222444));
#8024 = CARTESIAN_POINT('',(286.97591136368,-23.50016048822,
    115.25795467537));
#8025 = CARTESIAN_POINT('',(286.98157876397,-23.53545042855,
    115.21548772208));
#8026 = CARTESIAN_POINT('',(286.98760674025,-23.5696795252,
    115.1725695793));
#8027 = CARTESIAN_POINT('',(286.99398297494,-23.60284127864,
    115.12924672968));
#8028 = CARTESIAN_POINT('',(287.00069493422,-23.63493328714,
    115.08556362173));
#8029 = CARTESIAN_POINT('',(287.02148712295,-23.72662169467,
    114.95551923073));
#8030 = CARTESIAN_POINT('',(287.03647940712,-23.7831969565,
    114.86826367377));
#8031 = CARTESIAN_POINT('',(287.05261389981,-23.83569778338,
    114.78010336254));
#8032 = CARTESIAN_POINT('',(287.06979836492,-23.88418398644,
    114.69131307814));
#8033 = CARTESIAN_POINT('',(287.08794432474,-23.92874796462,
    114.60213271375));
#8034 = CARTESIAN_POINT('',(287.10697001321,-23.96950290163,
    114.51276527122));
#8035 = CARTESIAN_POINT('',(287.15436190183,-24.05807737152,
    114.29916606502));
#8036 = CARTESIAN_POINT('',(287.18347454768,-24.10245650746,
    114.17493590885));
#8037 = CARTESIAN_POINT('',(287.21395088275,-24.14005143015,
    114.05110499405));
#8038 = CARTESIAN_POINT('',(287.2456210868,-24.17121096148,
    113.92801825415));
#8039 = CARTESIAN_POINT('',(287.27833772393,-24.19627833478,
    113.80594733055));
#8040 = CARTESIAN_POINT('',(287.31197756331,-24.21557984367,
    113.68509295178));
#8041 = CARTESIAN_POINT('',(287.37565388831,-24.24113778445,
    113.46430388533));
#8042 = CARTESIAN_POINT('',(287.40545378195,-24.24893305923,
    113.36400278438));
#8043 = CARTESIAN_POINT('',(287.43578127239,-24.25298081048,
    113.26477297801));
#8044 = CARTESIAN_POINT('',(287.46658116597,-24.25344795079,
    113.16669001843));
#8045 = CARTESIAN_POINT('',(287.49780480103,-24.25048729065,
    113.06981629107));
#8046 = CARTESIAN_POINT('',(287.52940996503,-24.24423801925,
    112.97420126372));
#8047 = CARTESIAN_POINT('',(287.58723883354,-24.22720323698,
    112.80348930541));
#8048 = CARTESIAN_POINT('',(287.61334275707,-24.21750600955,
    112.72794924399));
#8049 = CARTESIAN_POINT('',(287.63965303332,-24.20580122746,
    112.65328276913));
#8050 = CARTESIAN_POINT('',(287.66615159898,-24.19215078491,
    112.57950914369));
#8051 = CARTESIAN_POINT('',(287.69282187636,-24.17661174574,
    112.50664567558));
#8052 = CARTESIAN_POINT('',(287.71964877334,-24.15923634343,
    112.43470771775));
#8053 = CARTESIAN_POINT('',(287.81875662101,-24.08881198169,
    112.17380351133));
#8054 = CARTESIAN_POINT('',(287.89190296084,-24.02476472156,
    111.99065401323));
#8055 = CARTESIAN_POINT('',(287.96581447212,-23.94883618903,
    111.8144647058));
#8056 = CARTESIAN_POINT('',(288.04027277963,-23.86171935345,
    111.64548378216));
#8057 = CARTESIAN_POINT('',(288.11508076933,-23.76396421151,
    111.48396920121));
#8058 = CARTESIAN_POINT('',(288.1900611202,-23.65598961186,
    111.3301882129));
#8059 = CARTESIAN_POINT('',(288.34165341199,-23.41756668415,
    111.03560196784));
#8060 = CARTESIAN_POINT('',(288.41823339235,-23.28673949471,
    110.89520691399));
#8061 = CARTESIAN_POINT('',(288.4946358336,-23.14581868242,
    110.76357023616));
#8062 = CARTESIAN_POINT('',(288.57066415504,-22.99496626203,
    110.64115537444));
#8063 = CARTESIAN_POINT('',(288.64608388598,-22.83426466916,
    110.52856979763));
#8064 = CARTESIAN_POINT('',(288.7206214611,-22.66371815195,
    110.42656189979));
#8065 = CARTESIAN_POINT('',(288.81857306523,-22.42246899189,
    110.30579036772));
#8066 = CARTESIAN_POINT('',(288.84305892417,-22.36069171252,
    110.27673959298));
#8067 = CARTESIAN_POINT('',(288.86739276035,-22.29778061525,
    110.24903888762));
#8068 = CARTESIAN_POINT('',(288.89155957463,-22.23373049616,
    110.22273200461));
#8069 = CARTESIAN_POINT('',(288.91554265946,-22.16853591938,
    110.19786729396));
#8070 = CARTESIAN_POINT('',(288.93932351738,-22.10219090176,
    110.17449807371));
#8071 = CARTESIAN_POINT('',(288.9906517204,-21.95511842401,
    110.12696789143));
#8072 = CARTESIAN_POINT('',(289.018111179,-21.8739436401,110.10341333673
    ));
#8073 = CARTESIAN_POINT('',(289.04522765677,-21.79115032916,
    110.08211475598));
#8074 = CARTESIAN_POINT('',(289.07196258264,-21.70672985875,
    110.06318022751));
#8075 = CARTESIAN_POINT('',(289.09827103114,-21.620678285,
    110.04673142012));
#8076 = CARTESIAN_POINT('',(289.12410144057,-21.53299575693,
    110.03290452435));
#8077 = CARTESIAN_POINT('',(289.17824612411,-21.34181706934,
    110.0092434897));
#8078 = CARTESIAN_POINT('',(289.20639436931,-21.2378468511,
    110.00024629675));
#8079 = CARTESIAN_POINT('',(289.23375694217,-21.13176947211,
    109.99508203123));
#8080 = CARTESIAN_POINT('',(289.26022830824,-21.0236178187,
    109.99400709718));
#8081 = CARTESIAN_POINT('',(289.28568166981,-20.91346661535,
    109.99730610166));
#8082 = CARTESIAN_POINT('',(289.3099701124,-20.80143558262,
    110.00528607987));
#8083 = CARTESIAN_POINT('',(289.34903548699,-20.60788726445,
    110.02738111509));
#8084 = CARTESIAN_POINT('',(289.3644860188,-20.52724909447,
    110.03895428632));
#8085 = CARTESIAN_POINT('',(289.3792213913,-20.44584247354,
    110.05309968233));
#8086 = CARTESIAN_POINT('',(289.3931759297,-20.36375832659,
    110.06992936075));
#8087 = CARTESIAN_POINT('',(289.40627860354,-20.28111574027,
    110.08955056929));
#8088 = CARTESIAN_POINT('',(289.41845539027,-20.19806358812,
    110.11205832651));
#8089 = CARTESIAN_POINT('',(289.4352732511,-20.0727428659,
    110.15038473526));
#8090 = CARTESIAN_POINT('',(289.44065980798,-20.03064609996,
    110.16399585783));
#8091 = CARTESIAN_POINT('',(289.44578165868,-19.98851592296,
    110.17837061753));
#8092 = CARTESIAN_POINT('',(289.45062914474,-19.9463786594,
    110.19351675329));
#8093 = CARTESIAN_POINT('',(289.45519276796,-19.90426288572,
    110.20944005659));
#8094 = CARTESIAN_POINT('',(289.45946335839,-19.86219942271,
    110.22614393215));
#8095 = CARTESIAN_POINT('',(289.47133046648,-19.73668338484,
    110.27842480035));
#8096 = CARTESIAN_POINT('',(289.47803524268,-19.65346832584,
    110.31632069526));
#8097 = CARTESIAN_POINT('',(289.48347572418,-19.57085812062,
    110.35731346706));
#8098 = CARTESIAN_POINT('',(289.48759271532,-19.489145176,
    110.40136182144));
#8099 = CARTESIAN_POINT('',(289.49034283293,-19.40862855058,
    110.44837795219));
#8100 = CARTESIAN_POINT('',(289.49170266773,-19.32961016935,
    110.49821914743));
#8101 = CARTESIAN_POINT('',(289.49165262072,-19.19958585351,
    110.58655357723));
#8102 = CARTESIAN_POINT('',(289.49098252194,-19.14761509511,
    110.62365714582));
#8103 = CARTESIAN_POINT('',(289.48966268837,-19.09657201659,
    110.66192673424));
#8104 = CARTESIAN_POINT('',(289.48769828499,-19.04653891959,
    110.70129281357));
#8105 = CARTESIAN_POINT('',(289.48509911269,-18.99758782926,
    110.74168052748));
#8106 = CARTESIAN_POINT('',(289.48187911827,-18.94978116945,
    110.78301052654));
#8107 = CARTESIAN_POINT('',(289.47628684608,-18.88160588096,
    110.84472141127));
#8108 = CARTESIAN_POINT('',(289.4743885912,-18.86029538139,
    110.86442740445));
#8109 = CARTESIAN_POINT('',(289.47236287526,-18.83924592535,
    110.88430979562));
#8110 = CARTESIAN_POINT('',(289.47021154875,-18.81846196324,
    110.90436065751));
#8111 = CARTESIAN_POINT('',(289.46793657702,-18.79794740975,
    110.92457212204));
#8112 = CARTESIAN_POINT('',(289.46554004036,-18.7777056438,
    110.94493638027));
#8113 = CARTESIAN_POINT('',(289.45902675805,-18.72601649007,
    110.998031707));
#8114 = CARTESIAN_POINT('',(289.45472800644,-18.69498923635,
    111.03098400977));
#8115 = CARTESIAN_POINT('',(289.45013659667,-18.66466925382,
    111.06427166809));
#8116 = CARTESIAN_POINT('',(289.44526173451,-18.63506460439,
    111.09786480822));
#8117 = CARTESIAN_POINT('',(289.44011294626,-18.60618031141,
    111.13173477364));
#8118 = CARTESIAN_POINT('',(289.43469991101,-18.57801876563,
    111.16585429345));
#8119 = CARTESIAN_POINT('',(289.4178029609,-18.49621557533,
    111.26824263166));
#8120 = CARTESIAN_POINT('',(289.40557467427,-18.4446914884,
    111.33716330992));
#8121 = CARTESIAN_POINT('',(289.39242221269,-18.39600339245,
    111.40676472819));
#8122 = CARTESIAN_POINT('',(289.37841964576,-18.35011717575,
    111.4768739028));
#8123 = CARTESIAN_POINT('',(289.36363798782,-18.3069765513,
    111.54734103394));
#8124 = CARTESIAN_POINT('',(289.34814285256,-18.2665105153,
    111.61804071595));
#8125 = CARTESIAN_POINT('',(289.30897257702,-18.17466540357,
    111.78983006062));
#8126 = CARTESIAN_POINT('',(289.284625429,-18.12597352572,111.8910385805
    ));
#8127 = CARTESIAN_POINT('',(289.25911632334,-18.08232552366,
    111.99222430711));
#8128 = CARTESIAN_POINT('',(289.23259190862,-18.04347985368,
    112.09316354556));
#8129 = CARTESIAN_POINT('',(289.20517870571,-18.00919949707,
    112.19368250655));
#8130 = CARTESIAN_POINT('',(289.17698199124,-17.97925838033,
    112.29365650658));
#8131 = CARTESIAN_POINT('',(289.1227527287,-17.93082172741,
    112.48010367175));
#8132 = CARTESIAN_POINT('',(289.09688587177,-17.91137282384,
    112.56670885537));
#8133 = CARTESIAN_POINT('',(289.07054242998,-17.8949616509,
    112.65276560091));
#8134 = CARTESIAN_POINT('',(289.04377382331,-17.88146186717,
    112.73822368585));
#8135 = CARTESIAN_POINT('',(289.01662485457,-17.87075912954,
    112.82304199582));
#8136 = CARTESIAN_POINT('',(288.98913399207,-17.86274999897,
    112.90718873717));
#8137 = CARTESIAN_POINT('',(288.93775272299,-17.85275267062,
    113.06142845369));
#8138 = CARTESIAN_POINT('',(288.91394997747,-17.85003535797,
    113.13171347945));
#8139 = CARTESIAN_POINT('',(288.88994572481,-17.84913200401,
    113.20148146564));
#8140 = CARTESIAN_POINT('',(288.86575841028,-17.84999097739,
    113.27071830817));
#8141 = CARTESIAN_POINT('',(288.84140469647,-17.85256545911,
    113.33941121594));
#8142 = CARTESIAN_POINT('',(288.81689954455,-17.85681298173,
    113.40754886693));
#8143 = CARTESIAN_POINT('',(288.71944488331,-17.88007399935,
    113.67477314062));
#8144 = CARTESIAN_POINT('',(288.64544624474,-17.91171659293,
    113.86944293304));
#8145 = CARTESIAN_POINT('',(288.57058052356,-17.95662805285,
    114.05894903246));
#8146 = CARTESIAN_POINT('',(288.49511576275,-18.01412127091,
    114.2430212983));
#8147 = CARTESIAN_POINT('',(288.41928014494,-18.08368550067,
    114.42136062612));
#8148 = CARTESIAN_POINT('',(288.34326729495,-18.1649478666,
    114.59365552043));
#8149 = CARTESIAN_POINT('',(288.16573767892,-18.38158048336,
    114.98101862454));
#8150 = CARTESIAN_POINT('',(288.06430783188,-18.52583060338,
    115.19086416466));
#8151 = CARTESIAN_POINT('',(287.96327637254,-18.69002665613,
    115.38839582832));
#8152 = CARTESIAN_POINT('',(287.86307763113,-18.87406493864,
    115.57232404662));
#8153 = CARTESIAN_POINT('',(287.76425519016,-19.07798970484,
    115.74085665201));
#8154 = CARTESIAN_POINT('',(287.66745078725,-19.30187824861,
    115.89179120057));
#8155 = CARTESIAN_POINT('',(287.54172811114,-19.62886265656,
    116.06594629143));
#8156 = CARTESIAN_POINT('',(287.51033094212,-19.71369819658,
    116.10752046193));
#8157 = CARTESIAN_POINT('',(287.47929630744,-19.8008677224,
    116.14659740098));
#8158 = CARTESIAN_POINT('',(287.44866395389,-19.89037736518,
    116.18303754903));
#8159 = CARTESIAN_POINT('',(287.41847956818,-19.98222722436,
    116.21668501368));
#8160 = CARTESIAN_POINT('',(287.38879486058,-20.07641137408,
    116.24736700992));
#8161 = CARTESIAN_POINT('',(287.32473784473,-20.28864995351,
    116.30790325411));
#8162 = CARTESIAN_POINT('',(287.29061516869,-20.40770396016,
    116.33636980189));
#8163 = CARTESIAN_POINT('',(287.25739490271,-20.53007252286,
    116.35997022285));
#8164 = CARTESIAN_POINT('',(287.22519794186,-20.6556974609,
    116.37832995612));
#8165 = CARTESIAN_POINT('',(287.19416921998,-20.78446375527,
    116.39103114051));
#8166 = CARTESIAN_POINT('',(287.16447613555,-20.91619352443,
    116.39762115415));
#8167 = CARTESIAN_POINT('',(287.13630697774,-21.05064,116.39762115415));
#8168 = FACE_BOUND('',#8169,.T.);
#8169 = EDGE_LOOP('',(#8170));
#8170 = ORIENTED_EDGE('',*,*,#8171,.F.);
#8171 = EDGE_CURVE('',#8172,#8172,#8174,.T.);
#8172 = VERTEX_POINT('',#8173);
#8173 = CARTESIAN_POINT('',(288.68829727851,-34.21811,70.021631154151));
#8174 = B_SPLINE_CURVE_WITH_KNOTS('',7,(#8175,#8176,#8177,#8178,#8179,
    #8180,#8181,#8182,#8183,#8184,#8185,#8186,#8187,#8188,#8189,#8190,
    #8191,#8192,#8193,#8194,#8195,#8196,#8197,#8198,#8199,#8200,#8201,
    #8202,#8203,#8204,#8205,#8206,#8207,#8208,#8209,#8210,#8211,#8212,
    #8213,#8214,#8215,#8216,#8217,#8218,#8219,#8220,#8221,#8222,#8223,
    #8224,#8225,#8226,#8227,#8228,#8229,#8230,#8231,#8232,#8233,#8234,
    #8235,#8236,#8237,#8238,#8239,#8240,#8241,#8242,#8243,#8244,#8245,
    #8246,#8247,#8248,#8249,#8250,#8251,#8252,#8253,#8254,#8255,#8256,
    #8257,#8258,#8259,#8260,#8261,#8262,#8263,#8264,#8265,#8266,#8267,
    #8268,#8269,#8270,#8271,#8272,#8273,#8274,#8275,#8276,#8277,#8278,
    #8279,#8280,#8281,#8282,#8283,#8284,#8285,#8286,#8287,#8288,#8289,
    #8290,#8291,#8292,#8293,#8294,#8295,#8296,#8297,#8298,#8299,#8300,
    #8301,#8302,#8303,#8304,#8305,#8306,#8307,#8308,#8309,#8310,#8311,
    #8312,#8313,#8314,#8315,#8316,#8317,#8318,#8319,#8320,#8321,#8322,
    #8323,#8324,#8325,#8326,#8327,#8328,#8329,#8330,#8331,#8332,#8333,
    #8334,#8335,#8336,#8337,#8338),.UNSPECIFIED.,.T.,.F.,(8,6,6,6,6,6,6,
    6,6,6,6,6,6,6,6,6,6,6,6,6,6,6,6,6,6,6,6,8),(0.,6.305203193344E-02,
    0.170990386398,0.207042040569,0.24957790528,0.280190483497,
    0.295846333149,0.32599897986,0.346514503892,0.356152833464,
    0.371808426615,0.402420640744,0.44495604113,0.48100718649,
    0.510207760836,0.588921822946,0.668113153011,0.694912240642,
    0.726504407039,0.762541020309,0.787825020256,0.800587166847,
    0.825980898797,0.850565573859,0.862882476174,0.887158285726,
    0.939921388412,1.),.UNSPECIFIED.);
#8175 = CARTESIAN_POINT('',(288.68829727851,-34.21811,70.021631154151));
#8176 = CARTESIAN_POINT('',(288.62932639562,-34.37454328854,
    70.021631154151));
#8177 = CARTESIAN_POINT('',(288.56980209625,-34.52918560245,
    70.012709437618));
#8178 = CARTESIAN_POINT('',(288.50985922296,-34.68186878014,
    69.995232924855));
#8179 = CARTESIAN_POINT('',(288.44961797446,-34.83240772231,
    69.969465949915));
#8180 = CARTESIAN_POINT('',(288.389186426,-34.98061011251,
    69.935603953742));
#8181 = CARTESIAN_POINT('',(288.32866182491,-35.12627938803,
    69.893784884252));
#8182 = CARTESIAN_POINT('',(288.16450776436,-35.51389457101,
    69.758985937827));
#8183 = CARTESIAN_POINT('',(288.06095755769,-35.75033870322,
    69.650855438305));
#8184 = CARTESIAN_POINT('',(287.95782631818,-35.97774706987,
    69.520032008841));
#8185 = CARTESIAN_POINT('',(287.85557537808,-36.19474570896,
    69.366373773697));
#8186 = CARTESIAN_POINT('',(287.75478867862,-36.39944081907,
    69.189488469574));
#8187 = CARTESIAN_POINT('',(287.65615868517,-36.58950759067,
    68.988889275867));
#8188 = CARTESIAN_POINT('',(287.52860999807,-36.81921538809,
    68.687973825203));
#8189 = CARTESIAN_POINT('',(287.49702104734,-36.87471747395,
    68.609868537551));
#8190 = CARTESIAN_POINT('',(287.46581416861,-36.92808161704,
    68.52896507633));
#8191 = CARTESIAN_POINT('',(287.4350316195,-36.97916327465,
    68.445232425505));
#8192 = CARTESIAN_POINT('',(287.40472211547,-37.02779951523,
    68.358643433922));
#8193 = CARTESIAN_POINT('',(287.37494091213,-37.07380848179,
    68.269174778833));
#8194 = CARTESIAN_POINT('',(287.31130859799,-37.16793560305,
    68.067825901056));
#8195 = CARTESIAN_POINT('',(287.27769430627,-37.21493664637,
    67.954826152611));
#8196 = CARTESIAN_POINT('',(287.24500431969,-37.25766877409,
    67.837763812618));
#8197 = CARTESIAN_POINT('',(287.21336199241,-37.29574868263,
    67.716638579098));
#8198 = CARTESIAN_POINT('',(287.18291489135,-37.32874143999,
    67.591501739016));
#8199 = CARTESIAN_POINT('',(287.15383296188,-37.35616894958,
    67.462464187734));
#8200 = CARTESIAN_POINT('',(287.10649635127,-37.39288338111,
    67.23415877353));
#8201 = CARTESIAN_POINT('',(287.08749447603,-37.40509788718,
    67.136697726585));
#8202 = CARTESIAN_POINT('',(287.06937321537,-37.41397179373,
    67.037397128546));
#8203 = CARTESIAN_POINT('',(287.05221436582,-37.41930223451,
    66.93637066009));
#8204 = CARTESIAN_POINT('',(287.03610641071,-37.42088473771,
    66.833774356242));
#8205 = CARTESIAN_POINT('',(287.02114155788,-37.41852434794,
    66.729811100971));
#8206 = CARTESIAN_POINT('',(287.00039162026,-37.40873398178,
    66.570997284989));
#8207 = CARTESIAN_POINT('',(286.99369391375,-37.40434451304,
    66.516969771507));
#8208 = CARTESIAN_POINT('',(286.98733217954,-37.39885539934,
    66.462687951807));
#8209 = CARTESIAN_POINT('',(286.98131893957,-37.39224539815,
    66.408190981585));
#8210 = CARTESIAN_POINT('',(286.97566649528,-37.38449569538,
    66.353521895503));
#8211 = CARTESIAN_POINT('',(286.97038670685,-37.37559063339,
    66.298727700921));
#8212 = CARTESIAN_POINT('',(286.95606136502,-37.3461197274,
    66.138185083441));
#8213 = CARTESIAN_POINT('',(286.94805400811,-37.32238747261,
    66.032214633371));
#8214 = CARTESIAN_POINT('',(286.94155182793,-37.29424144892,
    65.926342581672));
#8215 = CARTESIAN_POINT('',(286.93662393831,-37.26165407233,
    65.820984522544));
#8216 = CARTESIAN_POINT('',(286.93332087626,-37.22466293136,
    65.716573346009));
#8217 = CARTESIAN_POINT('',(286.93167003755,-37.1833833178,
    65.613555399785));
#8218 = CARTESIAN_POINT('',(286.93167184364,-37.10715657803,
    65.443552564601));
#8219 = CARTESIAN_POINT('',(286.93243723739,-37.07439799258,
    65.375564612795));
#8220 = CARTESIAN_POINT('',(286.93396734582,-37.03980724211,
    65.308562007516));
#8221 = CARTESIAN_POINT('',(286.93625642297,-37.00345862837,
    65.242670802506));
#8222 = CARTESIAN_POINT('',(286.93929343981,-36.96543719655,
    65.17800453829));
#8223 = CARTESIAN_POINT('',(286.94306259936,-36.92583741802,
    65.114664886997));
#8224 = CARTESIAN_POINT('',(286.94964917411,-36.86546430886,
    65.023650652837));
#8225 = CARTESIAN_POINT('',(286.95191172381,-36.84584056143,
    64.994871139498));
#8226 = CARTESIAN_POINT('',(286.95432943418,-36.82590102483,
    64.966412671669));
#8227 = CARTESIAN_POINT('',(286.95690009563,-36.80565619154,
    64.938283395698));
#8228 = CARTESIAN_POINT('',(286.95962135572,-36.78511665241,
    64.910490689773));
#8229 = CARTESIAN_POINT('',(286.96249071923,-36.7642930966,
    64.883041163926));
#8230 = CARTESIAN_POINT('',(286.9704025517,-36.70892868471,
    64.811921158499));
#8231 = CARTESIAN_POINT('',(286.9756833971,-36.67393997521,
    64.768822396343));
#8232 = CARTESIAN_POINT('',(286.98133688448,-36.63827614969,
    64.726669552238));
#8233 = CARTESIAN_POINT('',(286.98735115223,-36.60198272195,
    64.685482199603));
#8234 = CARTESIAN_POINT('',(286.99371389779,-36.56510433876,
    64.645274912605));
#8235 = CARTESIAN_POINT('',(287.00041259837,-36.52768436545,
    64.606057872185));
#8236 = CARTESIAN_POINT('',(287.02116548284,-36.41561768605,
    64.49310309047));
#8237 = CARTESIAN_POINT('',(287.03613224894,-36.33956298796,
    64.422183148737));
#8238 = CARTESIAN_POINT('',(287.05224205501,-36.26190614581,
    64.355116571711));
#8239 = CARTESIAN_POINT('',(287.06940269123,-36.18292831858,
    64.291892728493));
#8240 = CARTESIAN_POINT('',(287.08752567465,-36.10288201409,
    64.23246272514));
#8241 = CARTESIAN_POINT('',(287.10652921086,-36.02198704724,
    64.176750697369));
#8242 = CARTESIAN_POINT('',(287.15386967726,-35.82709883799,
    64.052292631606));
#8243 = CARTESIAN_POINT('',(287.18295374939,-35.71250721719,
    63.986934416922));
#8244 = CARTESIAN_POINT('',(287.21340288971,-35.59712601868,
    63.928326307305));
#8245 = CARTESIAN_POINT('',(287.24504716157,-35.48135605218,
    63.876185088217));
#8246 = CARTESIAN_POINT('',(287.27773900719,-35.36552491226,
    63.830220132401));
#8247 = CARTESIAN_POINT('',(287.31135508101,-35.24988733627,
    63.790145049777));
#8248 = CARTESIAN_POINT('',(287.37499046536,-35.03693472295,
    63.726486182191));
#8249 = CARTESIAN_POINT('',(287.40477297265,-34.93952691823,
    63.701323555561));
#8250 = CARTESIAN_POINT('',(287.43508373154,-34.84252147866,
    63.680038156573));
#8251 = CARTESIAN_POINT('',(287.46586749072,-34.74602195887,
    63.6624786941));
#8252 = CARTESIAN_POINT('',(287.49707553849,-34.65011646731,
    63.648505461548));
#8253 = CARTESIAN_POINT('',(287.52866562038,-34.55487799585,
    63.637989911626));
#8254 = CARTESIAN_POINT('',(287.58646945206,-34.38381125718,
    63.625002099754));
#8255 = CARTESIAN_POINT('',(287.61256328236,-34.30773611381,
    63.621381244503));
#8256 = CARTESIAN_POINT('',(287.63886377725,-34.23217184922,
    63.61988959252));
#8257 = CARTESIAN_POINT('',(287.66535285467,-34.15714822146,
    63.620469488732));
#8258 = CARTESIAN_POINT('',(287.69201392077,-34.0826922167,
    63.623067695838));
#8259 = CARTESIAN_POINT('',(287.71883186998,-34.00882804924,
    63.627635394302));
#8260 = CARTESIAN_POINT('',(287.81847065362,-33.7381195754,
    63.651630362836));
#8261 = CARTESIAN_POINT('',(287.89217397527,-33.54515959606,
    63.683116279601));
#8262 = CARTESIAN_POINT('',(287.96665419765,-33.35706376668,
    63.727708024217));
#8263 = CARTESIAN_POINT('',(288.04168801322,-33.17420526265,
    63.784752242081));
#8264 = CARTESIAN_POINT('',(288.11707391575,-32.99694171576,
    63.8537420325));
#8265 = CARTESIAN_POINT('',(288.19263067035,-32.8256168985,
    63.934304853885));
#8266 = CARTESIAN_POINT('',(288.34422351174,-32.49455500626,
    64.118765545343));
#8267 = CARTESIAN_POINT('',(288.42022750378,-32.33496501069,
    64.222763084809));
#8268 = CARTESIAN_POINT('',(288.49605259835,-32.18215422287,
    64.338047384667));
#8269 = CARTESIAN_POINT('',(288.5715050959,-32.03660409431,
    64.464550361888));
#8270 = CARTESIAN_POINT('',(288.64635661803,-31.89890711073,
    64.602286773831));
#8271 = CARTESIAN_POINT('',(288.72033878782,-31.76979089865,
    64.751388634528));
#8272 = CARTESIAN_POINT('',(288.81776449209,-31.60972786729,
    64.966653253235));
#8273 = CARTESIAN_POINT('',(288.84225965583,-31.57035102866,
    65.022420964658));
#8274 = CARTESIAN_POINT('',(288.86660307868,-31.53210636259,
    65.079539973035));
#8275 = CARTESIAN_POINT('',(288.89077977983,-31.49503600366,
    65.138022982168));
#8276 = CARTESIAN_POINT('',(288.91477307341,-31.45918656727,
    65.197883727462));
#8277 = CARTESIAN_POINT('',(288.93856448713,-31.42460946,65.259137350855
    ));
#8278 = CARTESIAN_POINT('',(288.98991827946,-31.35216638958,
    65.395671699058));
#8279 = CARTESIAN_POINT('',(289.01739288024,-31.31481989096,
    65.471498596528));
#8280 = CARTESIAN_POINT('',(289.04452502433,-31.27941315254,
    65.549311736997));
#8281 = CARTESIAN_POINT('',(289.07127619023,-31.24605100357,
    65.629138407716));
#8282 = CARTESIAN_POINT('',(289.0976015116,-31.21485246038,
    65.711003666274));
#8283 = CARTESIAN_POINT('',(289.12344949509,-31.18595154276,
    65.794931092515));
#8284 = CARTESIAN_POINT('',(289.17763495619,-31.1293231154,
    65.979056385366));
#8285 = CARTESIAN_POINT('',(289.20580656777,-31.10233743769,
    66.079866981939));
#8286 = CARTESIAN_POINT('',(289.23319354888,-31.078758936,
    66.183419835665));
#8287 = CARTESIAN_POINT('',(289.25969048937,-31.05884565821,
    66.2897273653));
#8288 = CARTESIAN_POINT('',(289.2851707249,-31.04289072935,
    66.398765818369));
#8289 = CARTESIAN_POINT('',(289.30948746901,-31.03121725948,
    66.510471186671));
#8290 = CARTESIAN_POINT('',(289.34860341279,-31.01923103657,
    66.7049049565));
#8291 = CARTESIAN_POINT('',(289.36407544516,-31.01656858186,
    66.786324355959));
#8292 = CARTESIAN_POINT('',(289.37883312903,-31.01630488504,
    66.868949214807));
#8293 = CARTESIAN_POINT('',(289.39281081895,-31.0185661705,
    66.952709786827));
#8294 = CARTESIAN_POINT('',(289.40593749204,-31.02347888585,
    67.037507795652));
#8295 = CARTESIAN_POINT('',(289.41813910281,-31.03116269807,
    67.123213545468));
#8296 = CARTESIAN_POINT('',(289.43499508532,-31.04705406935,
    67.253298572718));
#8297 = CARTESIAN_POINT('',(289.44039440499,-31.05311746666,
    67.297122604507));
#8298 = CARTESIAN_POINT('',(289.44552923968,-31.05992701021,
    67.341113094883));
#8299 = CARTESIAN_POINT('',(289.45038992093,-31.06749494282,
    67.385245522079));
#8300 = CARTESIAN_POINT('',(289.45496693697,-31.07583198778,
    67.429492805328));
#8301 = CARTESIAN_POINT('',(289.45925110054,-31.08494691493,
    67.473825235441));
#8302 = CARTESIAN_POINT('',(289.47115820556,-31.11454321823,
    67.606526669379));
#8303 = CARTESIAN_POINT('',(289.4778901979,-31.13734912495,
    67.695067797692));
#8304 = CARTESIAN_POINT('',(289.48335870961,-31.16331023093,
    67.783556084702));
#8305 = CARTESIAN_POINT('',(289.48750432721,-31.19243731533,
    67.871696722531));
#8306 = CARTESIAN_POINT('',(289.49028339219,-31.22469655076,
    67.959180064316));
#8307 = CARTESIAN_POINT('',(289.49167218541,-31.26000052165,
    68.045683887502));
#8308 = CARTESIAN_POINT('',(289.49167007174,-31.33518093328,
    68.213353174763));
#8309 = CARTESIAN_POINT('',(289.49036632732,-31.37488526185,
    68.294621950589));
#8310 = CARTESIAN_POINT('',(289.48775954468,-31.41717787375,
    68.374380682624));
#8311 = CARTESIAN_POINT('',(289.48387053359,-31.46189439492,
    68.452374402111));
#8312 = CARTESIAN_POINT('',(289.47873774972,-31.50884686469,
    68.528390183707));
#8313 = CARTESIAN_POINT('',(289.47241379726,-31.55783016859,
    68.602252855671));
#8314 = CARTESIAN_POINT('',(289.46122855295,-31.63407837973,
    68.70967614718));
#8315 = CARTESIAN_POINT('',(289.45721177626,-31.65998589582,
    68.744958519498));
#8316 = CARTESIAN_POINT('',(289.4529192935,-31.68632539691,
    68.779651943591));
#8317 = CARTESIAN_POINT('',(289.44835925913,-31.71307156478,
    68.813743683517));
#8318 = CARTESIAN_POINT('',(289.44354014638,-31.74019959125,
    68.847223840238));
#8319 = CARTESIAN_POINT('',(289.43847060341,-31.76768538388,
    68.88008504107));
#8320 = CARTESIAN_POINT('',(289.42269109665,-31.85033793791,
    68.975859322999));
#8321 = CARTESIAN_POINT('',(289.41128409749,-31.90646798494,
    69.036969703184));
#8322 = CARTESIAN_POINT('',(289.39900448997,-31.96372162089,
    69.095619049045));
#8323 = CARTESIAN_POINT('',(289.38591837653,-32.02193827053,
    69.151803313936));
#8324 = CARTESIAN_POINT('',(289.37208967326,-32.0809733864,
    69.205542385938));
#8325 = CARTESIAN_POINT('',(289.35757799906,-32.14070075993,
    69.256873848613));
#8326 = CARTESIAN_POINT('',(289.30952688736,-32.33210655178,
    69.412288579799));
#8327 = CARTESIAN_POINT('',(289.2736636259,-32.4658853631,
    69.507520929197));
#8328 = CARTESIAN_POINT('',(289.23537234759,-32.60137671866,
    69.592173046809));
#8329 = CARTESIAN_POINT('',(289.19509454721,-32.73780730134,
    69.666876050073));
#8330 = CARTESIAN_POINT('',(289.15318774398,-32.87459975533,
    69.732257585743));
#8331 = CARTESIAN_POINT('',(289.10992239654,-33.01137242427,
    69.788916946651));
#8332 = CARTESIAN_POINT('',(289.01486641221,-33.3034511856,
    69.892563729377));
#8333 = CARTESIAN_POINT('',(288.96276329185,-33.45858175103,
    69.937080476861));
#8334 = CARTESIAN_POINT('',(288.90945996104,-33.61298138254,
    69.971703558399));
#8335 = CARTESIAN_POINT('',(288.85519267604,-33.76634659725,
    69.997024888391));
#8336 = CARTESIAN_POINT('',(288.80015138385,-33.91843343681,
    70.013531334263));
#8337 = CARTESIAN_POINT('',(288.74448449069,-34.06906101269,
    70.021631154151));
#8338 = CARTESIAN_POINT('',(288.68829727851,-34.21811,70.021631154151));
#8339 = FACE_BOUND('',#8340,.T.);
#8340 = EDGE_LOOP('',(#8341));
#8341 = ORIENTED_EDGE('',*,*,#8342,.F.);
#8342 = EDGE_CURVE('',#8343,#8343,#8345,.T.);
#8343 = VERTEX_POINT('',#8344);
#8344 = CARTESIAN_POINT('',(289.3523444178,-16.35107,51.615961154151));
#8345 = B_SPLINE_CURVE_WITH_KNOTS('',7,(#8346,#8347,#8348,#8349,#8350,
    #8351,#8352,#8353,#8354,#8355,#8356,#8357,#8358,#8359,#8360,#8361,
    #8362,#8363,#8364,#8365,#8366,#8367,#8368,#8369,#8370,#8371,#8372,
    #8373,#8374,#8375,#8376,#8377,#8378,#8379,#8380,#8381,#8382,#8383,
    #8384,#8385,#8386,#8387,#8388,#8389,#8390,#8391,#8392,#8393,#8394,
    #8395,#8396,#8397,#8398,#8399,#8400,#8401,#8402,#8403,#8404,#8405,
    #8406,#8407,#8408,#8409,#8410,#8411,#8412,#8413,#8414,#8415,#8416,
    #8417,#8418,#8419,#8420,#8421,#8422,#8423,#8424,#8425,#8426,#8427,
    #8428,#8429,#8430,#8431,#8432,#8433,#8434,#8435,#8436,#8437,#8438,
    #8439,#8440,#8441,#8442,#8443,#8444,#8445,#8446,#8447,#8448,#8449,
    #8450,#8451,#8452,#8453,#8454,#8455,#8456,#8457,#8458,#8459,#8460,
    #8461,#8462,#8463,#8464,#8465,#8466,#8467,#8468,#8469,#8470,#8471,
    #8472,#8473,#8474,#8475,#8476,#8477,#8478,#8479,#8480,#8481,#8482,
    #8483,#8484,#8485,#8486,#8487,#8488,#8489,#8490,#8491,#8492,#8493,
    #8494,#8495,#8496,#8497,#8498,#8499,#8500,#8501,#8502,#8503,#8504,
    #8505,#8506,#8507,#8508,#8509,#8510,#8511,#8512,#8513,#8514,#8515,
    #8516,#8517,#8518,#8519,#8520,#8521),.UNSPECIFIED.,.T.,.F.,(8,6,6,6,
    6,6,6,6,6,6,6,6,6,6,6,6,6,6,6,6,6,6,6,6,6,6,6,6,6,8),(0.,
    3.953130078296E-02,7.158868365148E-02,9.836183495087E-02,
    0.178726624072,0.25684613197,0.286050607915,0.322107403037,
    0.364650240683,0.395267638481,0.410925484565,0.441080238289,
    0.46199415785,0.471638595543,0.486887736035,0.517496584489,
    0.560027030181,0.596074744056,0.625273332114,0.703986134736,
    0.78318280196,0.809985306455,0.841582508285,0.877625798261,
    0.9029143267,0.91567833088,0.941074058828,0.964850273848,
    0.976723713753,1.),.UNSPECIFIED.);
#8346 = CARTESIAN_POINT('',(289.3523444178,-16.35107,51.615961154151));
#8347 = CARTESIAN_POINT('',(289.32828061783,-16.47854945894,
    51.615961154151));
#8348 = CARTESIAN_POINT('',(289.30248596994,-16.60322777943,
    51.610036340834));
#8349 = CARTESIAN_POINT('',(289.27519288909,-16.72490858134,
    51.598655266053));
#8350 = CARTESIAN_POINT('',(289.24660679827,-16.84346762974,
    51.582256938245));
#8351 = CARTESIAN_POINT('',(289.21690396153,-16.95884569736,
    51.561241317869));
#8352 = CARTESIAN_POINT('',(289.18622931713,-17.07104142704,
    51.535959812838));
#8353 = CARTESIAN_POINT('',(289.12912141645,-17.26854719537,
    51.482982600019));
#8354 = CARTESIAN_POINT('',(289.10298653592,-17.35491697255,
    51.456650587293));
#8355 = CARTESIAN_POINT('',(289.0763518664,-17.43923187961,
    51.427869349449));
#8356 = CARTESIAN_POINT('',(289.04927214827,-17.52151180813,
    51.396781574771));
#8357 = CARTESIAN_POINT('',(289.02179496862,-17.60177894674,
    51.363513914238));
#8358 = CARTESIAN_POINT('',(288.99396106491,-17.68005854024,
    51.328177869615));
#8359 = CARTESIAN_POINT('',(288.94228940494,-17.82012024182,
    51.25971308531));
#8360 = CARTESIAN_POINT('',(288.91855010679,-17.88249231855,
    51.227181769306));
#8361 = CARTESIAN_POINT('',(288.8946072166,-17.94351112551,
    51.19333406013));
#8362 = CARTESIAN_POINT('',(288.87047933105,-18.00319030491,
    51.158222100488));
#8363 = CARTESIAN_POINT('',(288.84618324312,-18.06154226042,
    51.12189317174));
#8364 = CARTESIAN_POINT('',(288.82173402411,-18.11857852287,
    51.084390016452));
#8365 = CARTESIAN_POINT('',(288.72333671364,-18.34159926563,
    50.929769166954));
#8366 = CARTESIAN_POINT('',(288.64828930936,-18.49708840682,
    50.803585253149));
#8367 = CARTESIAN_POINT('',(288.572340295,-18.64114403554,
    50.668206586539));
#8368 = CARTESIAN_POINT('',(288.49577015443,-18.77387330274,
    50.524393161049));
#8369 = CARTESIAN_POINT('',(288.41881893387,-18.89528372712,
    50.372773046816));
#8370 = CARTESIAN_POINT('',(288.34168742261,-19.00528067491,
    50.213838899372));
#8371 = CARTESIAN_POINT('',(288.18954728249,-19.19925662506,
    49.886669187092));
#8372 = CARTESIAN_POINT('',(288.1145712924,-19.28383589808,
    49.718885668746));
#8373 = CARTESIAN_POINT('',(288.03976849977,-19.35718593492,
    49.544926715052));
#8374 = CARTESIAN_POINT('',(287.96531622933,-19.41893035928,
    49.365117068372));
#8375 = CARTESIAN_POINT('',(287.89141164773,-19.46856165651,
    49.179791334045));
#8376 = CARTESIAN_POINT('',(287.81827323257,-19.50542936995,
    48.989295209981));
#8377 = CARTESIAN_POINT('',(287.71917946465,-19.53735264401,
    48.720938012389));
#8378 = CARTESIAN_POINT('',(287.6923577131,-19.54413354077,
    48.647243497785));
#8379 = CARTESIAN_POINT('',(287.66569273271,-19.54896353016,
    48.57289862073));
#8380 = CARTESIAN_POINT('',(287.63919962332,-19.55179311485,
    48.497926125492));
#8381 = CARTESIAN_POINT('',(287.61289497193,-19.55256829961,
    48.422351392489));
#8382 = CARTESIAN_POINT('',(287.58679685263,-19.55123059127,
    48.346202438282));
#8383 = CARTESIAN_POINT('',(287.52898238249,-19.54337900327,
    48.174822834616));
#8384 = CARTESIAN_POINT('',(287.4973858923,-19.53572432924,
    48.079311080813));
#8385 = CARTESIAN_POINT('',(287.46617122159,-19.52463351771,
    47.983029303556));
#8386 = CARTESIAN_POINT('',(287.43538060702,-19.50997593865,
    47.886046601514));
#8387 = CARTESIAN_POINT('',(287.40506273903,-19.49160935411,
    47.788446839084));
#8388 = CARTESIAN_POINT('',(287.37527284442,-19.46937948129,
    47.69032896284));
#8389 = CARTESIAN_POINT('',(287.31162006562,-19.41213588798,
    47.475563200091));
#8390 = CARTESIAN_POINT('',(287.27799389489,-19.3755466814,
    47.35877533787));
#8391 = CARTESIAN_POINT('',(287.24529151645,-19.33307613752,
    47.241617727793));
#8392 = CARTESIAN_POINT('',(287.21363622712,-19.28443039529,
    47.124336320991));
#8393 = CARTESIAN_POINT('',(287.18317553291,-19.2293091402,
    47.007249732198));
#8394 = CARTESIAN_POINT('',(287.15407932105,-19.16741721367,
    46.890749948704));
#8395 = CARTESIAN_POINT('',(287.10671700814,-19.04886049669,
    46.692217750578));
#8396 = CARTESIAN_POINT('',(287.08770406088,-18.99560002043,
    46.609688902271));
#8397 = CARTESIAN_POINT('',(287.06957131628,-18.9385977439,
    46.527896665158));
#8398 = CARTESIAN_POINT('',(287.05240055673,-18.87777116409,
    46.447058397059));
#8399 = CARTESIAN_POINT('',(287.03628026298,-18.81306372495,
    46.367424946144));
#8400 = CARTESIAN_POINT('',(287.02130265608,-18.74445621766,
    46.289276954222));
#8401 = CARTESIAN_POINT('',(287.00053307422,-18.63491265527,
    46.173872535424));
#8402 = CARTESIAN_POINT('',(286.99382874103,-18.59683584438,
    46.135293574337));
#8403 = CARTESIAN_POINT('',(286.98746026499,-18.55775286297,
    46.097226108764));
#8404 = CARTESIAN_POINT('',(286.98144017358,-18.51767255864,
    46.059713782136));
#8405 = CARTESIAN_POINT('',(286.97578077576,-18.47660813023,
    46.022801653461));
#8406 = CARTESIAN_POINT('',(286.97049394127,-18.43457774608,
    45.986535801477));
#8407 = CARTESIAN_POINT('',(286.95614829064,-18.30884616277,
    45.882454705541));
#8408 = CARTESIAN_POINT('',(286.94812728701,-18.22257560709,
    45.816502997094));
#8409 = CARTESIAN_POINT('',(286.94161106472,-18.13298514757,
    45.753461548065));
#8410 = CARTESIAN_POINT('',(286.93666884491,-18.0403203732,
    45.693666586876));
#8411 = CARTESIAN_POINT('',(286.9333512992,-17.9448879705,
    45.637425811309));
#8412 = CARTESIAN_POINT('',(286.93168597454,-17.84706288433,
    45.58500737405));
#8413 = CARTESIAN_POINT('',(286.93166352437,-17.67810149632,
    45.503075810956));
#8414 = CARTESIAN_POINT('',(286.93244894271,-17.60796305333,
    45.471460932557));
#8415 = CARTESIAN_POINT('',(286.93402908225,-17.53702557455,
    45.44185505022));
#8416 = CARTESIAN_POINT('',(286.93639778214,-17.46543524874,
    45.414309658701));
#8417 = CARTESIAN_POINT('',(286.93954318513,-17.39333837131,
    45.388858425067));
#8418 = CARTESIAN_POINT('',(286.94344831102,-17.32088068716,
    45.365518683423));
#8419 = CARTESIAN_POINT('',(286.95023289297,-17.21469319644,
    45.334504689852));
#8420 = CARTESIAN_POINT('',(286.95253119786,-17.18113286593,
    45.325165799114));
#8421 = CARTESIAN_POINT('',(286.9549844477,-17.1475394096,
    45.316276298218));
#8422 = CARTESIAN_POINT('',(286.95759040519,-17.11392606903,
    45.307835580429));
#8423 = CARTESIAN_POINT('',(286.96034669272,-17.08030565978,
    45.299842391496));
#8424 = CARTESIAN_POINT('',(286.96325079236,-17.04669057138,
    45.292294829653));
#8425 = CARTESIAN_POINT('',(286.97112132185,-16.9599701643,
    45.273957210138));
#8426 = CARTESIAN_POINT('',(286.97630552705,-16.90689056651,
    45.263831807835));
#8427 = CARTESIAN_POINT('',(286.98184225381,-16.85390115153,
    45.254804321794));
#8428 = CARTESIAN_POINT('',(286.98772051431,-16.80104553511,
    45.246861377687));
#8429 = CARTESIAN_POINT('',(286.99392893375,-16.74836383607,
    45.239986683768));
#8430 = CARTESIAN_POINT('',(287.00045594352,-16.69589274118,
    45.234161670879));
#8431 = CARTESIAN_POINT('',(287.02100758769,-16.53883254273,
    45.219740284415));
#8432 = CARTESIAN_POINT('',(287.0359615981,-16.43498753663,
    45.214262989429));
#8433 = CARTESIAN_POINT('',(287.05205906378,-16.33239006252,
    45.212767752579));
#8434 = CARTESIAN_POINT('',(287.06920778818,-16.23124890969,
    45.215065864673));
#8435 = CARTESIAN_POINT('',(287.08731928588,-16.13172630681,
    45.220957663558));
#8436 = CARTESIAN_POINT('',(287.10631174834,-16.03394208261,
    45.230243795453));
#8437 = CARTESIAN_POINT('',(287.15362650739,-15.80463721494,
    45.260094832098));
#8438 = CARTESIAN_POINT('',(287.18269629372,-15.67483467395,
    45.283640182032));
#8439 = CARTESIAN_POINT('',(287.2131318376,-15.54876424872,
    45.312865307853));
#8440 = CARTESIAN_POINT('',(287.24476314426,-15.42655127143,
    45.347295602131));
#8441 = CARTESIAN_POINT('',(287.27744259505,-15.30826013725,
    45.38649778927));
#8442 = CARTESIAN_POINT('',(287.31104678704,-15.19390208018,
    45.430088646566));
#8443 = CARTESIAN_POINT('',(287.3746617007,-14.98982062517,
    45.518134946492));
#8444 = CARTESIAN_POINT('',(287.40443551349,-14.89901171374,
    45.561440374271));
#8445 = CARTESIAN_POINT('',(287.43473790528,-14.81100273142,
    45.607458140647));
#8446 = CARTESIAN_POINT('',(287.46551359594,-14.72577581055,
    45.656005719947));
#8447 = CARTESIAN_POINT('',(287.49671384877,-14.64330868019,
    45.706919392757));
#8448 = CARTESIAN_POINT('',(287.52829638832,-14.56357464723,
    45.760053709909));
#8449 = CARTESIAN_POINT('',(287.586087698,-14.42414672957,
    45.860014933969));
#8450 = CARTESIAN_POINT('',(287.61217647941,-14.36352566738,
    45.906120521828));
#8451 = CARTESIAN_POINT('',(287.63847208135,-14.30466441407,
    45.953529226541));
#8452 = CARTESIAN_POINT('',(287.66495641236,-14.24754870618,
    46.002177723145));
#8453 = CARTESIAN_POINT('',(287.69161287055,-14.19216499368,
    46.05200785521));
#8454 = CARTESIAN_POINT('',(287.71842634357,-14.13850043993,
    46.102966634842));
#8455 = CARTESIAN_POINT('',(287.81805283206,-13.94647718058,
    46.295293278891));
#8456 = CARTESIAN_POINT('',(287.89174922872,-13.81884533031,
    46.443404701193));
#8457 = CARTESIAN_POINT('',(287.96622340376,-13.7033636225,
    46.598431793945));
#8458 = CARTESIAN_POINT('',(288.04125195864,-13.5998977077,46.759633744)
  );
#8459 = CARTESIAN_POINT('',(288.11663334065,-13.50839541486,
    46.926392026606));
#8460 = CARTESIAN_POINT('',(288.19218631217,-13.42888024276,
    47.098200037432));
#8461 = CARTESIAN_POINT('',(288.3437794774,-13.29371671727,
    47.452260813421));
#8462 = CARTESIAN_POINT('',(288.41978759298,-13.23824714885,
    47.634496218151));
#8463 = CARTESIAN_POINT('',(288.49561758534,-13.19522568891,
    47.821022138396));
#8464 = CARTESIAN_POINT('',(288.57107578973,-13.16497690556,
    48.011476750825));
#8465 = CARTESIAN_POINT('',(288.64593391883,-13.14796363095,
    48.205490447742));
#8466 = CARTESIAN_POINT('',(288.71992375109,-13.14482749943,
    48.402696694411));
#8467 = CARTESIAN_POINT('',(288.81736292602,-13.16048712424,
    48.670483093146));
#8468 = CARTESIAN_POINT('',(288.84186273529,-13.16614573531,
    48.738517274348));
#8469 = CARTESIAN_POINT('',(288.86621094447,-13.17354013192,
    48.806859125899));
#8470 = CARTESIAN_POINT('',(288.89039258189,-13.18271073169,
    48.8754913048));
#8471 = CARTESIAN_POINT('',(288.91439097249,-13.19370204714,
    48.944394381885));
#8472 = CARTESIAN_POINT('',(288.93818765657,-13.20656316424,
    49.013546929687));
#8473 = CARTESIAN_POINT('',(288.98955422736,-13.23877817496,
    49.164715436109));
#8474 = CARTESIAN_POINT('',(289.01703639054,-13.25888116447,
    49.246816030465));
#8475 = CARTESIAN_POINT('',(289.0441763588,-13.28174666919,
    49.329191820233));
#8476 = CARTESIAN_POINT('',(289.0709356354,-13.30747249734,49.4117963674
    ));
#8477 = CARTESIAN_POINT('',(289.09726938354,-13.33616589649,
    49.494572420806));
#8478 = CARTESIAN_POINT('',(289.12312614399,-13.36794466448,
    49.577451967893));
#8479 = CARTESIAN_POINT('',(289.17733197344,-13.44285585575,
    49.75492619203));
#8480 = CARTESIAN_POINT('',(289.20551525776,-13.48695055363,
    49.849513638999));
#8481 = CARTESIAN_POINT('',(289.23291443196,-13.53541786031,
    49.944012789948));
#8482 = CARTESIAN_POINT('',(289.25942414795,-13.58846345895,
    50.038267450797));
#8483 = CARTESIAN_POINT('',(289.28491780809,-13.64629671014,
    50.132071210833));
#8484 = CARTESIAN_POINT('',(289.30924868999,-13.70912415258,
    50.225167582757));
#8485 = CARTESIAN_POINT('',(289.34838989719,-13.82486607937,
    50.381856687745));
#8486 = CARTESIAN_POINT('',(289.36387267169,-13.87513893437,
    50.445956026391));
#8487 = CARTESIAN_POINT('',(289.37864150278,-13.92802448346,
    50.509437986506));
#8488 = CARTESIAN_POINT('',(289.39263075972,-13.98357472736,
    50.572168107847));
#8489 = CARTESIAN_POINT('',(289.40576942357,-14.0418235381,
    50.633989923945));
#8490 = CARTESIAN_POINT('',(289.41798343755,-14.10277944446,
    50.694727243968));
#8491 = CARTESIAN_POINT('',(289.43485846806,-14.19853923111,
    50.784197566275));
#8492 = CARTESIAN_POINT('',(289.44026416483,-14.23134281064,
    50.81388242657));
#8493 = CARTESIAN_POINT('',(289.44540548723,-14.26482524014,
    50.843215580176));
#8494 = CARTESIAN_POINT('',(289.45027276184,-14.29898017401,
    50.872170379268));
#8495 = CARTESIAN_POINT('',(289.45485647014,-14.33379845954,
    50.900719188945));
#8496 = CARTESIAN_POINT('',(289.45914741624,-14.36926775971,
    50.928833612688));
#8497 = CARTESIAN_POINT('',(289.4710745064,-14.47720683853,
    51.01150036445));
#8498 = CARTESIAN_POINT('',(289.47782009749,-14.55156887922,
    51.06469177767));
#8499 = CARTESIAN_POINT('',(289.48330261549,-14.62831572834,
    51.115816416444));
#8500 = CARTESIAN_POINT('',(289.48746253832,-14.70726650638,
    51.164641426914));
#8501 = CARTESIAN_POINT('',(289.49025607008,-14.78819657398,
    51.210951165377));
#8502 = CARTESIAN_POINT('',(289.49165933687,-14.87083208197,
    51.254554721255));
#8503 = CARTESIAN_POINT('',(289.49168498364,-15.03349939692,
    51.33343420689));
#8504 = CARTESIAN_POINT('',(289.4904790178,-15.11337989091,
    51.369072993747));
#8505 = CARTESIAN_POINT('',(289.48805426466,-15.19421874254,
    51.402079339354));
#8506 = CARTESIAN_POINT('',(289.48442876108,-15.27575395976,
    51.432370299766));
#8507 = CARTESIAN_POINT('',(289.47963610704,-15.35773067115,
    51.459904333306));
#8508 = CARTESIAN_POINT('',(289.47372257138,-15.43990297793,
    51.48467518549));
#8509 = CARTESIAN_POINT('',(289.46325931575,-15.56305155183,
    51.517707477476));
#8510 = CARTESIAN_POINT('',(289.45950858373,-15.60406033047,
    51.528026454249));
#8511 = CARTESIAN_POINT('',(289.45549890585,-15.64503499386,
    51.537666388405));
#8512 = CARTESIAN_POINT('',(289.45123743789,-15.68595024617,
    51.546632471428));
#8513 = CARTESIAN_POINT('',(289.44673158716,-15.7267826436,
    51.554931402167));
#8514 = CARTESIAN_POINT('',(289.44198901248,-15.76751059439,
    51.562571386836));
#8515 = CARTESIAN_POINT('',(289.42727188429,-15.88771259246,
    51.583266570926));
#8516 = CARTESIAN_POINT('',(289.41664676837,-15.96683149826,
    51.59447491907));
#8517 = CARTESIAN_POINT('',(289.40520053663,-16.04532697595,
    51.603259275912));
#8518 = CARTESIAN_POINT('',(289.39299185365,-16.12308110022,
    51.609705384972));
#8519 = CARTESIAN_POINT('',(289.38007791262,-16.20000027676,
    51.613907151667));
#8520 = CARTESIAN_POINT('',(289.36651255961,-16.27601339818,
    51.615961154151));
#8521 = CARTESIAN_POINT('',(289.3523444178,-16.35107,51.615961154151));
#8522 = FACE_BOUND('',#8523,.T.);
#8523 = EDGE_LOOP('',(#8524));
#8524 = ORIENTED_EDGE('',*,*,#8525,.F.);
#8525 = EDGE_CURVE('',#8526,#8526,#8528,.T.);
#8526 = VERTEX_POINT('',#8527);
#8527 = CARTESIAN_POINT('',(289.44928440473,9.16682,49.001111154151));
#8528 = B_SPLINE_CURVE_WITH_KNOTS('',7,(#8529,#8530,#8531,#8532,#8533,
    #8534,#8535,#8536,#8537,#8538,#8539,#8540,#8541,#8542,#8543,#8544,
    #8545,#8546,#8547,#8548,#8549,#8550,#8551,#8552,#8553,#8554,#8555,
    #8556,#8557,#8558,#8559,#8560,#8561,#8562,#8563,#8564,#8565,#8566,
    #8567,#8568,#8569,#8570,#8571,#8572,#8573,#8574,#8575,#8576,#8577,
    #8578,#8579,#8580,#8581,#8582,#8583,#8584,#8585,#8586,#8587,#8588,
    #8589,#8590,#8591,#8592,#8593,#8594,#8595,#8596,#8597,#8598,#8599,
    #8600,#8601,#8602,#8603,#8604,#8605,#8606,#8607,#8608,#8609,#8610,
    #8611,#8612,#8613,#8614,#8615,#8616,#8617,#8618,#8619,#8620,#8621,
    #8622,#8623,#8624,#8625,#8626,#8627,#8628,#8629,#8630,#8631,#8632,
    #8633,#8634,#8635,#8636,#8637,#8638,#8639,#8640,#8641,#8642,#8643,
    #8644,#8645,#8646,#8647,#8648,#8649,#8650,#8651,#8652,#8653,#8654,
    #8655,#8656,#8657,#8658,#8659,#8660,#8661,#8662,#8663,#8664,#8665,
    #8666,#8667,#8668,#8669,#8670,#8671,#8672,#8673,#8674,#8675,#8676,
    #8677,#8678,#8679,#8680,#8681,#8682,#8683,#8684,#8685,#8686,#8687,
    #8688,#8689,#8690,#8691,#8692,#8693,#8694,#8695,#8696,#8697,#8698),
  .UNSPECIFIED.,.T.,.F.,(8,6,6,6,6,6,6,6,6,6,6,6,6,6,6,6,6,6,6,6,6,6,6,6
    ,6,6,6,6,8),(0.,1.174866601706E-02,3.110898906766E-02,
    5.650098126234E-02,6.926067054346E-02,9.453822828639E-02,
    0.130565241288,0.162150501293,0.188945310641,0.268734420323,
    0.346855228288,0.376061702237,0.412121945189,0.454669760256,
    0.485290542945,0.500949652057,0.531105100032,0.552017844363,
    0.561661316729,0.576908510184,0.607512544232,0.650036019811,
    0.686078593292,0.715273810926,0.793981624528,0.891200722855,
    0.921848969246,0.956546286885,1.),.UNSPECIFIED.);
#8529 = CARTESIAN_POINT('',(289.44928440473,9.16682,49.001111154151));
#8530 = CARTESIAN_POINT('',(289.45368318365,9.125544985251,
    49.001111154151));
#8531 = CARTESIAN_POINT('',(289.45784315587,9.084062339388,
    49.000490035077));
#8532 = CARTESIAN_POINT('',(289.46175749136,9.042388596881,
    48.99923656626));
#8533 = CARTESIAN_POINT('',(289.46541929528,9.00054342736,
    48.997340130431));
#8534 = CARTESIAN_POINT('',(289.46882181027,8.958549699871,
    48.994791205943));
#8535 = CARTESIAN_POINT('',(289.47195861875,8.916433547144,
    48.991581848994));
#8536 = CARTESIAN_POINT('',(289.47954537761,8.804669116485,
    48.98131955426));
#8537 = CARTESIAN_POINT('',(289.48352990546,8.734854269832,
    48.973122883148));
#8538 = CARTESIAN_POINT('',(289.48675096188,8.664911232715,
    48.963089316933));
#8539 = CARTESIAN_POINT('',(289.48918732054,8.594977121228,
    48.951205353983));
#8540 = CARTESIAN_POINT('',(289.49082390958,8.525194551123,
    48.937472824312));
#8541 = CARTESIAN_POINT('',(289.49165272566,8.45571136421,
    48.921910877265));
#8542 = CARTESIAN_POINT('',(289.4917013199,8.296142875144,48.88179879806
    ));
#8543 = CARTESIAN_POINT('',(289.49033931152,8.206364323723,
    48.855954000184));
#8544 = CARTESIAN_POINT('',(289.48758702103,8.117698747482,
    48.827111316101));
#8545 = CARTESIAN_POINT('',(289.48346788098,8.030453527303,
    48.795401276205));
#8546 = CARTESIAN_POINT('',(289.47802529523,7.944893129877,
    48.760988787466));
#8547 = CARTESIAN_POINT('',(289.47131847582,7.861242859624,
    48.724064720131));
#8548 = CARTESIAN_POINT('',(289.45944836502,7.738712925752,
    48.665125484143));
#8549 = CARTESIAN_POINT('',(289.45517675565,7.698259749126,
    48.644830120483));
#8550 = CARTESIAN_POINT('',(289.45061212702,7.65835463406,
    48.623976471865));
#8551 = CARTESIAN_POINT('',(289.44576365036,7.619015535969,
    48.602589816116));
#8552 = CARTESIAN_POINT('',(289.44064082491,7.580257135329,
    48.580695342576));
#8553 = CARTESIAN_POINT('',(289.43525330987,7.542091160639,
    48.55831785421));
#8554 = CARTESIAN_POINT('',(289.41843258707,7.430109731952,
    48.490241494437));
#8555 = CARTESIAN_POINT('',(289.40625393663,7.358056917856,
    48.443202463047));
#8556 = CARTESIAN_POINT('',(289.39314946097,7.288431888066,
    48.394549120242));
#8557 = CARTESIAN_POINT('',(289.37919318437,7.221262702153,
    48.344455824032));
#8558 = CARTESIAN_POINT('',(289.36445613674,7.156548479891,
    48.293082824783));
#8559 = CARTESIAN_POINT('',(289.34900399068,7.094266020837,
    48.240572544248));
#8560 = CARTESIAN_POINT('',(289.30993481916,6.949018364077,
    48.110756572111));
#8561 = CARTESIAN_POINT('',(289.28564425145,6.868535889152,
    48.03241639632));
#8562 = CARTESIAN_POINT('',(289.26018887196,6.79279895604,
    47.952365968648));
#8563 = CARTESIAN_POINT('',(289.23371558554,6.721657938252,
    47.870898900311));
#8564 = CARTESIAN_POINT('',(289.20635117991,6.654950034474,
    47.788260289789));
#8565 = CARTESIAN_POINT('',(289.17820118019,6.592505677126,
    47.704645240278));
#8566 = CARTESIAN_POINT('',(289.12405343452,6.482998238737,
    47.546161050188));
#8567 = CARTESIAN_POINT('',(289.09822170527,6.434994880951,
    47.471494716117));
#8568 = CARTESIAN_POINT('',(289.07191198961,6.390034072548,
    47.396301965206));
#8569 = CARTESIAN_POINT('',(289.0451758441,6.348014231354,
    47.320673498372));
#8570 = CARTESIAN_POINT('',(289.01805818977,6.308841896093,
    47.244687302018));
#8571 = CARTESIAN_POINT('',(288.99059759398,6.272430634448,
    47.168408822886));
#8572 = CARTESIAN_POINT('',(288.93926746904,6.210085108983,
    47.026978691753));
#8573 = CARTESIAN_POINT('',(288.91548581823,6.183400489028,
    46.961896451991));
#8574 = CARTESIAN_POINT('',(288.89150196656,6.158597746052,
    46.896678330047));
#8575 = CARTESIAN_POINT('',(288.86733440962,6.135633094848,
    46.831355325322));
#8576 = CARTESIAN_POINT('',(288.84299985333,6.114466823502,
    46.765955541477));
#8577 = CARTESIAN_POINT('',(288.81851329544,6.095062806681,
    46.70050419773));
#8578 = CARTESIAN_POINT('',(288.72055965625,6.02475634833,46.44003679311
    ));
#8579 = CARTESIAN_POINT('',(288.64602092295,5.987471781556,
    46.244841389298));
#8580 = CARTESIAN_POINT('',(288.57060019468,5.964633867519,
    46.04995991694));
#8581 = CARTESIAN_POINT('',(288.49457101316,5.955686754584,
    45.855893390773));
#8582 = CARTESIAN_POINT('',(288.41816783473,5.960231818473,
    45.663107471769));
#8583 = CARTESIAN_POINT('',(288.34158723521,5.978030901712,
    45.472031442191));
#8584 = CARTESIAN_POINT('',(288.18999489896,6.039383932972,
    45.098049552043));
#8585 = CARTESIAN_POINT('',(288.11501511657,6.082379251869,
    44.915133644462));
#8586 = CARTESIAN_POINT('',(288.0402078045,6.137946999036,
    44.734703292591));
#8587 = CARTESIAN_POINT('',(287.96575028424,6.206166341327,
    44.557249030058));
#8588 = CARTESIAN_POINT('',(287.8918396767,6.287210620235,44.38335314212
    ));
#8589 = CARTESIAN_POINT('',(287.81869437045,6.381355576686,
    44.213698180567));
#8590 = CARTESIAN_POINT('',(287.71958835941,6.529314686192,
    43.987558332819));
#8591 = CARTESIAN_POINT('',(287.69276213373,6.571469206934,
    43.92673106836));
#8592 = CARTESIAN_POINT('',(287.66609254744,6.615536357859,
    43.866659232457));
#8593 = CARTESIAN_POINT('',(287.63959469364,6.661539426024,
    43.807392040799));
#8594 = CARTESIAN_POINT('',(287.61328515126,6.709503451918,
    43.748983616542));
#8595 = CARTESIAN_POINT('',(287.587181985,6.75945522947,43.691492990298)
  );
#8596 = CARTESIAN_POINT('',(287.52935499513,6.875586527878,
    43.565214489768));
#8597 = CARTESIAN_POINT('',(287.49775096289,6.942820848185,
    43.496944384937));
#8598 = CARTESIAN_POINT('',(287.4665284975,7.013182646294,
    43.430292384548));
#8599 = CARTESIAN_POINT('',(287.43572981464,7.086727582942,
    43.365395327702));
#8600 = CARTESIAN_POINT('',(287.40540357975,7.163510733764,
    43.302408818142));
#8601 = CARTESIAN_POINT('',(287.37560499079,7.243586722789,
    43.241507748704));
#8602 = CARTESIAN_POINT('',(287.31193173823,7.425441584351,
    43.113719455156));
#8603 = CARTESIAN_POINT('',(287.27829368245,7.528517689051,
    43.047737445614));
#8604 = CARTESIAN_POINT('',(287.24557890593,7.636337701749,
    42.985251251918));
#8605 = CARTESIAN_POINT('',(287.21391064807,7.748968797407,
    42.926638045544));
#8606 = CARTESIAN_POINT('',(287.18343635394,7.866436463687,
    42.872334818916));
#8607 = CARTESIAN_POINT('',(287.15432585253,7.988715170401,
    42.822831489678));
#8608 = CARTESIAN_POINT('',(287.10693782325,8.207121096955,
    42.746877579497));
#8609 = CARTESIAN_POINT('',(287.08791379741,8.300958545027,
    42.717859273921));
#8610 = CARTESIAN_POINT('',(287.06976956207,8.397190100417,
    42.691809474094));
#8611 = CARTESIAN_POINT('',(287.05258688543,8.495739461393,
    42.668947730416));
#8612 = CARTESIAN_POINT('',(287.03645424559,8.596488951016,
    42.649502610771));
#8613 = CARTESIAN_POINT('',(287.02146387671,8.699273160905,
    42.63370155349));
#8614 = CARTESIAN_POINT('',(287.00067463804,8.857363518735,
    42.615654318268));
#8615 = CARTESIAN_POINT('',(286.99396367392,8.911327790081,
    42.610557522668));
#8616 = CARTESIAN_POINT('',(286.98758845169,8.965734643843,
    42.60649911221));
#8617 = CARTESIAN_POINT('',(286.98156150434,9.020549289925,
    42.603506859098));
#8618 = CARTESIAN_POINT('',(286.97589514834,9.075732693671,
    42.601606828441));
#8619 = CARTESIAN_POINT('',(286.97060126297,9.131241356217,
    42.600822677648));
#8620 = CARTESIAN_POINT('',(286.95623529048,9.294456190986,
    42.601853353711));
#8621 = CARTESIAN_POINT('',(286.94820063151,9.40293463436,
    42.606746631406));
#8622 = CARTESIAN_POINT('',(286.9416703578,9.51208856835,42.616002869136
    ));
#8623 = CARTESIAN_POINT('',(286.93671379778,9.621513972955,
    42.629722143345));
#8624 = CARTESIAN_POINT('',(286.93338175759,9.730778249815,
    42.647943452721));
#8625 = CARTESIAN_POINT('',(286.93170193549,9.839421807241,
    42.670631644221));
#8626 = CARTESIAN_POINT('',(286.93165519606,10.021536926078,
    42.716411460235));
#8627 = CARTESIAN_POINT('',(286.932430615,10.09559347954,42.737250657323
    ));
#8628 = CARTESIAN_POINT('',(286.93400075319,10.168972358934,
    42.760142845176));
#8629 = CARTESIAN_POINT('',(286.93635950043,10.24152842078,
    42.785033636055));
#8630 = CARTESIAN_POINT('',(286.93949504732,10.313127871223,
    42.811854901693));
#8631 = CARTESIAN_POINT('',(286.94339045656,10.383647812433,
    42.840526335333));
#8632 = CARTESIAN_POINT('',(286.95016100319,10.484944927807,
    42.884989481334));
#8633 = CARTESIAN_POINT('',(286.95245483761,10.516661356281,
    42.899396390107));
#8634 = CARTESIAN_POINT('',(286.95490364413,10.548114567187,
    42.914168994135));
#8635 = CARTESIAN_POINT('',(286.9575051889,10.579294795475,
    42.929298324284));
#8636 = CARTESIAN_POINT('',(286.96025709744,10.610193018287,
    42.944775188233));
#8637 = CARTESIAN_POINT('',(286.96315685465,10.640800954954,
    42.960590170478));
#8638 = CARTESIAN_POINT('',(286.9710161437,10.719034068631,
    43.00225789129));
#8639 = CARTESIAN_POINT('',(286.97619348951,10.766212683468,
    43.028603466106));
#8640 = CARTESIAN_POINT('',(286.9817234452,10.812617033925,
    43.055732530491));
#8641 = CARTESIAN_POINT('',(286.98759503168,10.858222258207,
    43.083606817151));
#8642 = CARTESIAN_POINT('',(286.99379688106,10.903008049494,
    43.112188066574));
#8643 = CARTESIAN_POINT('',(287.00031742985,10.94695819514,
    43.141438475826));
#8644 = CARTESIAN_POINT('',(287.02084957668,11.076573916132,
    43.23130138562));
#8645 = CARTESIAN_POINT('',(287.03579082025,11.159665889787,
    43.293826102579));
#8646 = CARTESIAN_POINT('',(287.05187593454,11.239243914448,
    43.358600956926));
#8647 = CARTESIAN_POINT('',(287.06901273643,11.315269059231,
    43.42534714885));
#8648 = CARTESIAN_POINT('',(287.08711273802,11.387745152181,
    43.493807383159));
#8649 = CARTESIAN_POINT('',(287.10609411677,11.456708347694,
    43.563751832431));
#8650 = CARTESIAN_POINT('',(287.15338314412,11.613238765039,
    43.733959404898));
#8651 = CARTESIAN_POINT('',(287.18243863049,11.697574563609,
    43.835402508234));
#8652 = CARTESIAN_POINT('',(287.21286056437,11.775401098683,
    43.938799892613));
#8653 = CARTESIAN_POINT('',(287.24447889294,11.846927181243,
    44.043707193437));
#8654 = CARTESIAN_POINT('',(287.27714593661,11.912381834389,
    44.149750893577));
#8655 = CARTESIAN_POINT('',(287.31073823507,11.97200270348,
    44.256630017902));
#8656 = CARTESIAN_POINT('',(287.37433265655,12.071812900301,
    44.455223675436));
#8657 = CARTESIAN_POINT('',(287.40409776492,12.113572797386,
    44.546754597863));
#8658 = CARTESIAN_POINT('',(287.43439178006,12.151444232954,
    44.638564523594));
#8659 = CARTESIAN_POINT('',(287.46515939298,12.185558221645,
    44.730525030046));
#8660 = CARTESIAN_POINT('',(287.49635184193,12.216037073831,
    44.822524945088));
#8661 = CARTESIAN_POINT('',(287.52792683046,12.242994752106,
    44.914469948592));
#8662 = CARTESIAN_POINT('',(287.5857056028,12.285607111954,
    45.080651944004));
#8663 = CARTESIAN_POINT('',(287.61178932858,12.302435608475,
    45.154932093058));
#8664 = CARTESIAN_POINT('',(287.63808003099,12.317078235704,
    45.229079751367));
#8665 = CARTESIAN_POINT('',(287.66455960919,12.329586643781,
    45.303055553798));
#8666 = CARTESIAN_POINT('',(287.69121145318,12.34000861463,
    45.376823639856));
#8667 = CARTESIAN_POINT('',(287.71802044387,12.34838806196,
    45.450351653675));
#8668 = CARTESIAN_POINT('',(287.81763461603,12.371956795956,
    45.721110995626));
#8669 = CARTESIAN_POINT('',(287.89132407367,12.374592189962,
    45.916615227327));
#8670 = CARTESIAN_POINT('',(287.96579218824,12.363473242339,
    46.109609407259));
#8671 = CARTESIAN_POINT('',(288.04081546998,12.339179532354,
    46.299612219714));
#8672 = CARTESIAN_POINT('',(288.11619231958,12.302149053534,
    46.486183320324));
#8673 = CARTESIAN_POINT('',(288.1917414966,12.252689895627,
    46.668919577617));
#8674 = CARTESIAN_POINT('',(288.36063539198,12.114628581749,
    47.067945064494));
#8675 = CARTESIAN_POINT('',(288.45390636635,12.019622794522,
    47.281828644195));
#8676 = CARTESIAN_POINT('',(288.54686095934,11.906148190475,
    47.48850107393));
#8677 = CARTESIAN_POINT('',(288.63914487239,11.774106734283,
    47.68705992248));
#8678 = CARTESIAN_POINT('',(288.73029298825,11.623130813109,
    47.876298771829));
#8679 = CARTESIAN_POINT('',(288.81973536454,11.452671147248,
    48.054760466409));
#8680 = CARTESIAN_POINT('',(288.93414906385,11.201013675266,
    48.272633272669));
#8681 = CARTESIAN_POINT('',(288.96132304804,11.138632389861,
    48.323570417946));
#8682 = CARTESIAN_POINT('',(288.98822170409,11.074151876796,
    48.373155520923));
#8683 = CARTESIAN_POINT('',(289.01481496352,11.007534167898,
    48.421310808268));
#8684 = CARTESIAN_POINT('',(289.04106820272,10.938739624385,
    48.467947863155));
#8685 = CARTESIAN_POINT('',(289.06694201527,10.867726058796,
    48.512967027695));
#8686 = CARTESIAN_POINT('',(289.12120425803,10.711488557561,
    48.60526578119));
#8687 = CARTESIAN_POINT('',(289.14947014996,10.625635822058,
    48.65205290768));
#8688 = CARTESIAN_POINT('',(289.17712759778,10.536816927313,
    48.696460510628));
#8689 = CARTESIAN_POINT('',(289.20409941722,10.444971110968,
    48.73829925286));
#8690 = CARTESIAN_POINT('',(289.23029331734,10.350050746533,
    48.777348863213));
#8691 = CARTESIAN_POINT('',(289.2556019157,10.252022518509,
    48.813358865504));
#8692 = CARTESIAN_POINT('',(289.31033627721,10.024186947112,
    48.886989679401));
#8693 = CARTESIAN_POINT('',(289.33918214743,9.892632816311,
    48.922714167025));
#8694 = CARTESIAN_POINT('',(289.36620372364,9.75615758485,
    48.952678796748));
#8695 = CARTESIAN_POINT('',(289.39109625307,9.614883272844,
    48.976225198001));
#8696 = CARTESIAN_POINT('',(289.41349708339,9.46913039315,
    48.992614763237));
#8697 = CARTESIAN_POINT('',(289.43301581668,9.319472866585,
    49.001111154151));
#8698 = CARTESIAN_POINT('',(289.44928440473,9.16682,49.001111154151));
#8699 = FACE_BOUND('',#8700,.T.);
#8700 = EDGE_LOOP('',(#8701));
#8701 = ORIENTED_EDGE('',*,*,#8702,.F.);
#8702 = EDGE_CURVE('',#8703,#8703,#8705,.T.);
#8703 = VERTEX_POINT('',#8704);
#8704 = CARTESIAN_POINT('',(288.92361879621,30.39545,63.400591154151));
#8705 = B_SPLINE_CURVE_WITH_KNOTS('',7,(#8706,#8707,#8708,#8709,#8710,
    #8711,#8712,#8713,#8714,#8715,#8716,#8717,#8718,#8719,#8720,#8721,
    #8722,#8723,#8724,#8725,#8726,#8727,#8728,#8729,#8730,#8731,#8732,
    #8733,#8734,#8735,#8736,#8737,#8738,#8739,#8740,#8741,#8742,#8743,
    #8744,#8745,#8746,#8747,#8748,#8749,#8750,#8751,#8752,#8753,#8754,
    #8755,#8756,#8757,#8758,#8759,#8760,#8761,#8762,#8763,#8764,#8765,
    #8766,#8767,#8768,#8769,#8770,#8771,#8772,#8773,#8774,#8775,#8776,
    #8777,#8778,#8779,#8780,#8781,#8782,#8783,#8784,#8785,#8786,#8787,
    #8788,#8789,#8790,#8791,#8792,#8793,#8794,#8795,#8796,#8797,#8798,
    #8799,#8800,#8801,#8802,#8803,#8804,#8805,#8806,#8807,#8808,#8809,
    #8810,#8811,#8812,#8813,#8814,#8815,#8816,#8817,#8818,#8819,#8820,
    #8821,#8822,#8823,#8824,#8825,#8826,#8827,#8828,#8829,#8830,#8831,
    #8832,#8833,#8834,#8835,#8836,#8837,#8838,#8839,#8840,#8841,#8842,
    #8843,#8844,#8845,#8846,#8847,#8848,#8849,#8850,#8851,#8852,#8853,
    #8854,#8855,#8856,#8857,#8858,#8859,#8860,#8861,#8862,#8863,#8864,
    #8865,#8866,#8867,#8868,#8869),.UNSPECIFIED.,.T.,.F.,(8,6,6,6,6,6,6,
    6,6,6,6,6,6,6,6,6,6,6,6,6,6,6,6,6,6,6,6,8),(0.,8.049784479161E-02,
    0.10238637711,0.11383664127,0.137212750994,0.162601683793,
    0.175358979461,0.201085445182,0.237156661959,0.268774110434,
    0.29558937892,0.374799229736,0.452918090519,0.482125347775,
    0.518187538686,0.560738562198,0.591361458379,0.607021181339,
    0.637176075738,0.65808678091,0.667728889759,0.682973506642,
    0.713571462215,0.756086209382,0.79212215028,0.821312787604,
    0.900012345638,1.),.UNSPECIFIED.);
#8706 = CARTESIAN_POINT('',(288.92361879621,30.39545,63.400591154151));
#8707 = CARTESIAN_POINT('',(288.99529344509,30.184873416169,
    63.400591154151));
#8708 = CARTESIAN_POINT('',(289.06502152497,29.969567345269,
    63.384425535362));
#8709 = CARTESIAN_POINT('',(289.13254049325,29.749233513607,
    63.350780690643));
#8710 = CARTESIAN_POINT('',(289.19717116479,29.524292976203,
    63.297675461304));
#8711 = CARTESIAN_POINT('',(289.25782254407,29.295952400272,
    63.222665711242));
#8712 = CARTESIAN_POINT('',(289.3130497865,29.06621710667,
    63.123164705803));
#8713 = CARTESIAN_POINT('',(289.37395670928,28.775850676291,
    62.961378665854));
#8714 = CARTESIAN_POINT('',(289.38642517941,28.713927598559,
    62.924768825866));
#8715 = CARTESIAN_POINT('',(289.39829952139,28.652236030891,
    62.886089879979));
#8716 = CARTESIAN_POINT('',(289.40953415278,28.59087044737,
    62.845302114101));
#8717 = CARTESIAN_POINT('',(289.42008107897,28.529939981084,
    62.802376989906));
#8718 = CARTESIAN_POINT('',(289.42989136863,28.469567604609,
    62.757301560355));
#8719 = CARTESIAN_POINT('',(289.4436378969,28.378670578142,
    62.685381991818));
#8720 = CARTESIAN_POINT('',(289.44814435793,28.347642008004,
    62.660094964991));
#8721 = CARTESIAN_POINT('',(289.45242893914,28.316823544032,
    62.634222917988));
#8722 = CARTESIAN_POINT('',(289.45648479747,28.286235904883,
    62.607768894484));
#8723 = CARTESIAN_POINT('',(289.46030532011,28.255900583928,
    62.580737868587));
#8724 = CARTESIAN_POINT('',(289.46388412444,28.225839849252,
    62.553136744835));
#8725 = CARTESIAN_POINT('',(289.47401527415,28.135314335682,
    62.467479873276));
#8726 = CARTESIAN_POINT('',(289.47978347776,28.075784197618,
    62.40763891833));
#8727 = CARTESIAN_POINT('',(289.4844667463,28.017693314947,
    62.345539437319));
#8728 = CARTESIAN_POINT('',(289.48802137457,27.961244526416,
    62.281298301282));
#8729 = CARTESIAN_POINT('',(289.49041553591,27.906632360003,
    62.215065453184));
#8730 = CARTESIAN_POINT('',(289.49163194317,27.854038868895,
    62.147028052762));
#8731 = CARTESIAN_POINT('',(289.49171239726,27.748879514613,
    62.001807056555));
#8732 = CARTESIAN_POINT('',(289.4903648607,27.696692329227,
    61.92432142462));
#8733 = CARTESIAN_POINT('',(289.4876270377,27.647283001344,
    61.845252290593));
#8734 = CARTESIAN_POINT('',(289.48352220586,27.600803426557,
    61.764897105015));
#8735 = CARTESIAN_POINT('',(289.47809363125,27.557350558964,
    61.683552173244));
#8736 = CARTESIAN_POINT('',(289.47140041678,27.516974664097,
    61.601508624744));
#8737 = CARTESIAN_POINT('',(289.45955029963,27.460951752446,
    61.477614199193));
#8738 = CARTESIAN_POINT('',(289.45528547475,27.442994038328,
    61.436071019484));
#8739 = CARTESIAN_POINT('',(289.45072754065,27.425814866888,
    61.394451916976));
#8740 = CARTESIAN_POINT('',(289.44588565988,27.409411781582,
    61.352787816007));
#8741 = CARTESIAN_POINT('',(289.44076932485,27.393779870785,
    61.311107470623));
#8742 = CARTESIAN_POINT('',(289.43538818976,27.378912206635,
    61.269437443657));
#8743 = CARTESIAN_POINT('',(289.41838572021,27.336342066179,
    61.143839886121));
#8744 = CARTESIAN_POINT('',(289.40598238402,27.310958797756,
    61.060022744052));
#8745 = CARTESIAN_POINT('',(289.39262060668,27.288576685992,
    60.9765430222));
#8746 = CARTESIAN_POINT('',(289.37837842199,27.26909994892,
    60.893560123747));
#8747 = CARTESIAN_POINT('',(289.36333062969,27.252418894762,
    60.811202023058));
#8748 = CARTESIAN_POINT('',(289.3475462402,27.238418001484,
    60.729566796279));
#8749 = CARTESIAN_POINT('',(289.30800681439,27.210952315885,
    60.535374242916));
#8750 = CARTESIAN_POINT('',(289.28360316209,27.199969297029,
    60.423602687005));
#8751 = CARTESIAN_POINT('',(289.25804040324,27.193715435395,
    60.313583907764));
#8752 = CARTESIAN_POINT('',(289.23146492909,27.19188711755,
    60.205444352394));
#8753 = CARTESIAN_POINT('',(289.20400299345,27.194202278511,
    60.099265402727));
#8754 = CARTESIAN_POINT('',(289.17575962468,27.200406059246,
    59.995086286229));
#8755 = CARTESIAN_POINT('',(289.12144897455,27.218928155124,
    59.803343922093));
#8756 = CARTESIAN_POINT('',(289.09554705953,27.230395684028,
    59.715329457914));
#8757 = CARTESIAN_POINT('',(289.06916995847,27.244528023414,
    59.628871187293));
#8758 = CARTESIAN_POINT('',(289.04236895501,27.261189493494,
    59.543972891867));
#8759 = CARTESIAN_POINT('',(289.01518873401,27.280258800162,
    59.460633962275));
#8760 = CARTESIAN_POINT('',(288.98766766498,27.301628072984,
    59.378848818365));
#8761 = CARTESIAN_POINT('',(288.93623536977,27.345195249179,
    59.230551379067));
#8762 = CARTESIAN_POINT('',(288.91241158757,27.366773658197,
    59.163608549468));
#8763 = CARTESIAN_POINT('',(288.88838699059,27.389878575002,
    59.097772699533));
#8764 = CARTESIAN_POINT('',(288.86417997393,27.41445678402,
    59.033039416582));
#8765 = CARTESIAN_POINT('',(288.839807157,27.440460030348,
    58.969404712047));
#8766 = CARTESIAN_POINT('',(288.81528346454,27.467844640745,
    58.906864717199));
#8767 = CARTESIAN_POINT('',(288.71777510958,27.58142661003,
    58.663899653096));
#8768 = CARTESIAN_POINT('',(288.64374596055,27.677969183692,
    58.49194551871));
#8769 = CARTESIAN_POINT('',(288.5688539456,27.785205154253,
    58.32938477072));
#8770 = CARTESIAN_POINT('',(288.49336648862,27.902398713864,
    58.176237266126));
#8771 = CARTESIAN_POINT('',(288.41751140975,28.028969328311,
    58.032610629772));
#8772 = CARTESIAN_POINT('',(288.34148219619,28.164461392204,
    57.898671654216));
#8773 = CARTESIAN_POINT('',(288.19043798687,28.450725856103,
    57.652414791938));
#8774 = CARTESIAN_POINT('',(288.11545442319,28.601203168806,
    57.53987471748));
#8775 = CARTESIAN_POINT('',(288.04064260306,28.75971563844,
    57.437319250764));
#8776 = CARTESIAN_POINT('',(287.96617984487,28.926008389492,
    57.345174658988));
#8777 = CARTESIAN_POINT('',(287.89226322389,29.099839817897,
    57.26399799085));
#8778 = CARTESIAN_POINT('',(287.81911103984,29.280982406817,
    57.194488857884));
#8779 = CARTESIAN_POINT('',(287.71999280564,29.539651841224,
    57.116273114121));
#8780 = CARTESIAN_POINT('',(287.6931621116,29.6110368897,57.096747945383
    ));
#8781 = CARTESIAN_POINT('',(287.66648792528,29.683401843985,
    57.079030655806));
#8782 = CARTESIAN_POINT('',(287.63998533308,29.756732915039,
    57.063173890624));
#8783 = CARTESIAN_POINT('',(287.61367090586,29.831014506371,
    57.049235180572));
#8784 = CARTESIAN_POINT('',(287.58756269894,29.90622921404,
    57.037276941877));
#8785 = CARTESIAN_POINT('',(287.52972320364,30.076353799568,
    57.015130027647));
#8786 = CARTESIAN_POINT('',(287.49811163741,30.171739161805,
    57.006015995004));
#8787 = CARTESIAN_POINT('',(287.46688138564,30.268480898962,
    57.00015142837));
#8788 = CARTESIAN_POINT('',(287.43607464309,30.366533736463,
    56.997676889165));
#8789 = CARTESIAN_POINT('',(287.40574005018,30.465839905628,
    56.998746940079));
#8790 = CARTESIAN_POINT('',(287.37593277609,30.566328909755,
    57.003530634941));
#8791 = CARTESIAN_POINT('',(287.31223906975,30.787784925929,
    57.022455460964));
#8792 = CARTESIAN_POINT('',(287.2785891398,30.909164262121,
    57.038123906446));
#8793 = CARTESIAN_POINT('',(287.24586197659,31.031932138236,
    57.059519122269));
#8794 = CARTESIAN_POINT('',(287.21418076221,31.155897775891,
    57.086973221329));
#8795 = CARTESIAN_POINT('',(287.18369288078,31.280800062755,
    57.120837401975));
#8796 = CARTESIAN_POINT('',(287.15456810306,31.406304836445,
    57.161470697787));
#8797 = CARTESIAN_POINT('',(287.10715438016,31.622463361363,
    57.243598974193));
#8798 = CARTESIAN_POINT('',(287.08811928508,31.713012243821,
    57.281655099723));
#8799 = CARTESIAN_POINT('',(287.06996356871,31.803488536759,
    57.323524179033));
#8800 = CARTESIAN_POINT('',(287.05276898503,31.893692819676,
    57.369325497556));
#8801 = CARTESIAN_POINT('',(287.03662400942,31.983388176182,
    57.419158702531));
#8802 = CARTESIAN_POINT('',(287.02162088904,32.072301839574,
    57.473091954461));
#8803 = CARTESIAN_POINT('',(287.00081200935,32.205038173464,
    57.560839436948));
#8804 = CARTESIAN_POINT('',(286.99409441967,32.249663714252,
    57.591606647872));
#8805 = CARTESIAN_POINT('',(286.98771245664,32.293961413213,
    57.6234540248));
#8806 = CARTESIAN_POINT('',(286.98167865876,32.337886782354,
    57.656380526477));
#8807 = CARTESIAN_POINT('',(286.97600535,32.381393174914,57.690381078827
    ));
#8808 = CARTESIAN_POINT('',(286.97070441916,32.42443206703,
    57.725445896849));
#8809 = CARTESIAN_POINT('',(286.95631814125,32.548833745701,
    57.831101977507));
#8810 = CARTESIAN_POINT('',(286.94826983817,32.628811199111,
    57.904548589795));
#8811 = CARTESIAN_POINT('',(286.94172552421,32.706504200709,
    57.981773207753));
#8812 = CARTESIAN_POINT('',(286.93675463484,32.781538867133,
    58.062593231602));
#8813 = CARTESIAN_POINT('',(286.93340811056,32.853558562839,
    58.14676086924));
#8814 = CARTESIAN_POINT('',(286.93171380073,32.922233532356,
    58.233954108087));
#8815 = CARTESIAN_POINT('',(286.93164278885,33.032369995264,
    58.38604829858));
#8816 = CARTESIAN_POINT('',(286.93240821595,33.075726866255,
    58.449598047787));
#8817 = CARTESIAN_POINT('',(286.93396836006,33.117245930425,
    58.514286204196));
#8818 = CARTESIAN_POINT('',(286.93631716159,33.156850832611,
    58.579977874102));
#8819 = CARTESIAN_POINT('',(286.93944285899,33.194482732393,
    58.646534903714));
#8820 = CARTESIAN_POINT('',(286.94332855784,33.230098958928,
    58.71381678242));
#8821 = CARTESIAN_POINT('',(286.9500850783,33.279152334225,
    58.812974581482));
#8822 = CARTESIAN_POINT('',(286.95237444536,33.294198852625,
    58.844392304689));
#8823 = CARTESIAN_POINT('',(286.9548188116,33.308808780057,
    58.875921261173));
#8824 = CARTESIAN_POINT('',(286.95741594662,33.322980387962,
    58.907548301514));
#8825 = CARTESIAN_POINT('',(286.96016347907,33.33671266014,
    58.939260581371));
#8826 = CARTESIAN_POINT('',(286.96305889669,33.350005292751,
    58.971045561483));
#8827 = CARTESIAN_POINT('',(286.97090695288,33.383180512458,
    59.053240120516));
#8828 = CARTESIAN_POINT('',(286.97607744392,33.402404372896,
    59.103740592943));
#8829 = CARTESIAN_POINT('',(286.98160063299,33.420531653596,
    59.154344227469));
#8830 = CARTESIAN_POINT('',(286.98746554978,33.437567862209,
    59.205005709095));
#8831 = CARTESIAN_POINT('',(286.9936608333,33.453521994667,
    59.255682653298));
#8832 = CARTESIAN_POINT('',(287.00017492519,33.468405893792,
    59.306335654019));
#8833 = CARTESIAN_POINT('',(287.02068758707,33.509987652805,
    59.45847450462));
#8834 = CARTESIAN_POINT('',(287.03561607169,33.533485133139,
    59.559772652259));
#8835 = CARTESIAN_POINT('',(287.05168884206,33.552844404984,
    59.660537867239));
#8836 = CARTESIAN_POINT('',(287.06881372853,33.568214654285,
    59.760531341393));
#8837 = CARTESIAN_POINT('',(287.08690224086,33.579764059919,
    59.85955823195));
#8838 = CARTESIAN_POINT('',(287.10587254249,33.587667956761,
    59.957465527771));
#8839 = CARTESIAN_POINT('',(287.15313585243,33.598250991656,
    60.188465463756));
#8840 = CARTESIAN_POINT('',(287.18217704616,33.597695860714,
    60.320386153422));
#8841 = CARTESIAN_POINT('',(287.21258537701,33.590897147537,60.449621963
    ));
#8842 = CARTESIAN_POINT('',(287.24419073415,33.578300399457,
    60.575966371346));
#8843 = CARTESIAN_POINT('',(287.27684537716,33.560321173216,
    60.699280197645));
#8844 = CARTESIAN_POINT('',(287.31042578833,33.537335038657,
    60.819485441306));
#8845 = CARTESIAN_POINT('',(287.37399972714,33.486216359353,
    61.035791988417));
#8846 = CARTESIAN_POINT('',(287.40375613438,33.459405071243,
    61.132761744771));
#8847 = CARTESIAN_POINT('',(287.43404177603,33.429434969362,
    61.22744644935));
#8848 = CARTESIAN_POINT('',(287.46480131424,33.396489021202,
    61.319831875463));
#8849 = CARTESIAN_POINT('',(287.49598596224,33.360732437727,
    61.4099114336));
#8850 = CARTESIAN_POINT('',(287.52755340254,33.322313200648,
    61.497686093727));
#8851 = CARTESIAN_POINT('',(287.58531964128,33.248190861619,
    61.652405278639));
#8852 = CARTESIAN_POINT('',(287.61139831239,33.213359303639,
    61.720137115535));
#8853 = CARTESIAN_POINT('',(287.63768411619,33.176938033458,
    61.78636265542));
#8854 = CARTESIAN_POINT('',(287.66415894239,33.138991950755,
    61.851084937022));
#8855 = CARTESIAN_POINT('',(287.69080617295,33.099580737189,
    61.914307200663));
#8856 = CARTESIAN_POINT('',(287.71761068198,33.058758856399,
    61.976032888259));
#8857 = CARTESIAN_POINT('',(287.81721253547,32.902847058846,
    62.198656452048));
#8858 = CARTESIAN_POINT('',(287.89089505068,32.779247580941,
    62.35016217643));
#8859 = CARTESIAN_POINT('',(287.9653571009,32.646722543827,
    62.490904701129));
#8860 = CARTESIAN_POINT('',(288.04037510513,32.506025793686,
    62.620888032274));
#8861 = CARTESIAN_POINT('',(288.11574741738,32.357776283769,
    62.740056623402));
#8862 = CARTESIAN_POINT('',(288.1912927943,32.202469463274,
    62.848300025865));
#8863 = CARTESIAN_POINT('',(288.36284778782,31.834589496159,
    63.068774124155));
#8864 = CARTESIAN_POINT('',(288.45877334685,31.618087711325,
    63.174046171334));
#8865 = CARTESIAN_POINT('',(288.55435835709,31.391538548502,
    63.260913723822));
#8866 = CARTESIAN_POINT('',(288.64921831798,31.155481060055,
    63.328546357134));
#8867 = CARTESIAN_POINT('',(288.74283922427,30.910449847035,
    63.375647998813));
#8868 = CARTESIAN_POINT('',(288.83458716152,30.657020552213,
    63.400591154151));
#8869 = CARTESIAN_POINT('',(288.92361879621,30.39545,63.400591154151));
#8870 = FACE_BOUND('',#8871,.T.);
#8871 = EDGE_LOOP('',(#8872));
#8872 = ORIENTED_EDGE('',*,*,#8873,.F.);
#8873 = EDGE_CURVE('',#8874,#8874,#8876,.T.);
#8874 = VERTEX_POINT('',#8875);
#8875 = CARTESIAN_POINT('',(288.06516080786,37.40171,88.076741154151));
#8876 = B_SPLINE_CURVE_WITH_KNOTS('',8,(#8877,#8878,#8879,#8880,#8881,
    #8882,#8883,#8884,#8885,#8886,#8887,#8888,#8889,#8890,#8891,#8892,
    #8893,#8894,#8895,#8896,#8897,#8898,#8899,#8900,#8901,#8902,#8903,
    #8904,#8905,#8906,#8907,#8908,#8909,#8910,#8911,#8912,#8913,#8914,
    #8915,#8916,#8917,#8918,#8919,#8920,#8921,#8922,#8923,#8924,#8925,
    #8926,#8927,#8928,#8929,#8930,#8931,#8932,#8933,#8934,#8935,#8936,
    #8937,#8938,#8939,#8940,#8941,#8942,#8943,#8944,#8945,#8946,#8947,
    #8948,#8949,#8950,#8951,#8952,#8953,#8954,#8955,#8956,#8957,#8958,
    #8959,#8960,#8961,#8962,#8963,#8964,#8965,#8966,#8967,#8968,#8969,
    #8970,#8971,#8972,#8973,#8974,#8975,#8976,#8977,#8978,#8979,#8980,
    #8981,#8982,#8983,#8984,#8985,#8986,#8987,#8988,#8989,#8990,#8991,
    #8992,#8993,#8994,#8995,#8996,#8997,#8998,#8999,#9000,#9001,#9002,
    #9003,#9004,#9005,#9006,#9007,#9008,#9009,#9010,#9011,#9012,#9013,
    #9014,#9015,#9016,#9017,#9018,#9019,#9020,#9021,#9022,#9023,#9024,
    #9025,#9026,#9027,#9028,#9029,#9030,#9031,#9032,#9033,#9034,#9035,
    #9036,#9037,#9038,#9039,#9040,#9041,#9042,#9043,#9044,#9045,#9046,
    #9047,#9048,#9049,#9050,#9051,#9052,#9053,#9054,#9055,#9056,#9057,
    #9058,#9059,#9060,#9061,#9062,#9063,#9064,#9065,#9066,#9067,#9068,
    #9069,#9070,#9071,#9072,#9073,#9074),.UNSPECIFIED.,.T.,.F.,(9,7,7,7,
    7,7,7,7,7,7,7,7,7,7,7,7,7,7,7,7,7,7,7,7,7,7,7,7,9),(0.,
    2.999824239434E-02,0.101745925461,0.167627101457,0.203687086237,
    0.228986870976,0.242160317629,0.267154791654,0.284514140271,
    0.292544104368,0.305299985932,0.331022725263,0.36708849813,
    0.398701999479,0.42551477714,0.504722032656,0.582844826266,
    0.612055066126,0.648121921389,0.690679360311,0.721306679557,
    0.736968197949,0.767124814534,0.788035058242,0.797676530762,
    0.812919720324,0.843057852387,0.884495407553,1.),.UNSPECIFIED.);
#8877 = CARTESIAN_POINT('',(288.06516080786,37.40171,88.076741154151));
#8878 = CARTESIAN_POINT('',(288.09022788884,37.338263899332,
    88.076741154151));
#8879 = CARTESIAN_POINT('',(288.11533266708,37.274946674348,
    88.07530356035));
#8880 = CARTESIAN_POINT('',(288.14046895189,37.211773897578,
    88.072438476146));
#8881 = CARTESIAN_POINT('',(288.16563051064,37.148761188507,
    88.068154482124));
#8882 = CARTESIAN_POINT('',(288.19081106872,37.085924213582,
    88.062458636056));
#8883 = CARTESIAN_POINT('',(288.21600430953,37.023278686205,
    88.055356472899));
#8884 = CARTESIAN_POINT('',(288.2412038745,36.960840366739,
    88.046852004797));
#8885 = CARTESIAN_POINT('',(288.32667372493,36.749822880315,
    88.01325935295));
#8886 = CARTESIAN_POINT('',(288.38693619855,36.602314811607,
    87.981566405338));
#8887 = CARTESIAN_POINT('',(288.44711461278,36.456288290227,
    87.941903294941));
#8888 = CARTESIAN_POINT('',(288.50712204102,36.311956734655,
    87.89424821229));
#8889 = CARTESIAN_POINT('',(288.56686096938,36.169557344502,
    87.838534080738));
#8890 = CARTESIAN_POINT('',(288.62622264436,36.029351826405,
    87.774646519257));
#8891 = CARTESIAN_POINT('',(288.68508560038,35.891630049335,
    87.702408809004));
#8892 = CARTESIAN_POINT('',(288.79678009306,35.632834513717,
    87.54731008807));
#8893 = CARTESIAN_POINT('',(288.84968618955,35.511378364328,
    87.465835339701));
#8894 = CARTESIAN_POINT('',(288.9019420581,35.392560571262,
    87.376911651315));
#8895 = CARTESIAN_POINT('',(288.95341879441,35.276686401992,
    87.280284744973));
#8896 = CARTESIAN_POINT('',(289.00394683465,35.16415371131,
    87.175666262374));
#8897 = CARTESIAN_POINT('',(289.05331574249,35.055450134821,
    87.062739105507));
#8898 = CARTESIAN_POINT('',(289.10127044481,34.951160851822,
    86.941138964071));
#8899 = CARTESIAN_POINT('',(289.17280249409,34.797724428698,
    86.73881713461));
#8900 = CARTESIAN_POINT('',(289.1975809677,34.745001820277,
    86.664528610882));
#8901 = CARTESIAN_POINT('',(289.22178288167,34.693950361076,
    86.587446687165));
#8902 = CARTESIAN_POINT('',(289.24534530223,34.644712549547,
    86.507506626324));
#8903 = CARTESIAN_POINT('',(289.26819453991,34.597453954615,
    86.424653862522));
#8904 = CARTESIAN_POINT('',(289.29024656324,34.552361970683,
    86.338846061862));
#8905 = CARTESIAN_POINT('',(289.31140741254,34.50964457263,
    86.250055183037));
#8906 = CARTESIAN_POINT('',(289.34572227587,34.441383924151,
    86.093872476349));
#8907 = CARTESIAN_POINT('',(289.35937976327,34.41452268863,
    86.028008051428));
#8908 = CARTESIAN_POINT('',(289.37250993302,34.389024588293,
    85.960676366243));
#8909 = CARTESIAN_POINT('',(289.38507276347,34.364976660023,
    85.8918882813));
#8910 = CARTESIAN_POINT('',(289.3970252306,34.342471670681,
    85.821667325957));
#8911 = CARTESIAN_POINT('',(289.40832218441,34.321606034228,
    85.750051609801));
#8912 = CARTESIAN_POINT('',(289.41891722542,34.302477728859,
    85.67709573403));
#8913 = CARTESIAN_POINT('',(289.43389051965,34.276179584398,
    85.564225214242));
#8914 = CARTESIAN_POINT('',(289.43881438489,34.267672556663,
    85.525234954737));
#8915 = CARTESIAN_POINT('',(289.44352853836,34.259676927891,
    85.485912916919));
#8916 = CARTESIAN_POINT('',(289.44802633147,34.252206408115,
    85.446271625384));
#8917 = CARTESIAN_POINT('',(289.45230117919,34.245274451779,
    85.406325230355));
#8918 = CARTESIAN_POINT('',(289.45634663381,34.23889408908,
    85.366089601327));
#8919 = CARTESIAN_POINT('',(289.46015645867,34.233077757321,
    85.325582420707));
#8920 = CARTESIAN_POINT('',(289.47049486337,34.217893897904,
    85.207489427464));
#8921 = CARTESIAN_POINT('',(289.47639631216,34.210021791568,
    85.129237174687));
#8922 = CARTESIAN_POINT('',(289.48138698115,34.204302834587,
    85.050213229762));
#8923 = CARTESIAN_POINT('',(289.48543028481,34.200805969601,
    84.970577582592));
#8924 = CARTESIAN_POINT('',(289.48849657062,34.199583864181,
    84.890503831839));
#8925 = CARTESIAN_POINT('',(289.49056457039,34.200669714473,
    84.810179514408));
#8926 = CARTESIAN_POINT('',(289.4916228517,34.204074048833,
    84.729806434936));
#8927 = CARTESIAN_POINT('',(289.49170489665,34.213745534898,
    84.593896114808));
#8928 = CARTESIAN_POINT('',(289.4912514216,34.218820882786,
    84.538266035163));
#8929 = CARTESIAN_POINT('',(289.49031068039,34.225002833013,
    84.482781030432));
#8930 = CARTESIAN_POINT('',(289.48888507378,34.232281227756,
    84.42750825665));
#8931 = CARTESIAN_POINT('',(289.48697938826,34.240640880546,
    84.372511809621));
#8932 = CARTESIAN_POINT('',(289.48460061723,34.25006196332,
    84.317852782746));
#8933 = CARTESIAN_POINT('',(289.4817577822,34.260520393481,
    84.26358932485));
#8934 = CARTESIAN_POINT('',(289.47693710065,34.277292927075,
    84.184884435567));
#8935 = CARTESIAN_POINT('',(289.47531544303,34.282813723199,
    84.160088207425));
#8936 = CARTESIAN_POINT('',(289.47359785194,34.288547873124,
    84.135393238647));
#8937 = CARTESIAN_POINT('',(289.47178545657,34.294492530158,
    84.110804508938));
#8938 = CARTESIAN_POINT('',(289.4698794445,34.300644737125,
    84.086326752643));
#8939 = CARTESIAN_POINT('',(289.4678810617,34.307001426361,
    84.061964458748));
#8940 = CARTESIAN_POINT('',(289.46579161253,34.313559419718,
    84.037721870876));
#8941 = CARTESIAN_POINT('',(289.46015079855,34.331047587206,
    83.9752892889));
#8942 = CARTESIAN_POINT('',(289.45646274752,34.34227949437,
    83.937287672162));
#8943 = CARTESIAN_POINT('',(289.4525537154,34.353998085225,
    83.899614171558));
#8944 = CARTESIAN_POINT('',(289.44842936086,34.366189875163,
    83.862283068327));
#8945 = CARTESIAN_POINT('',(289.44409552947,34.378841090965,
    83.825306990125));
#8946 = CARTESIAN_POINT('',(289.43955819058,34.391937801967,
    83.788697010703));
#8947 = CARTESIAN_POINT('',(289.43482337439,34.405466051231,
    83.75246274957));
#8948 = CARTESIAN_POINT('',(289.4199630995,34.447534516803,
    83.644318969322));
#8949 = CARTESIAN_POINT('',(289.40925092933,34.477354483506,
    83.573589996897));
#8950 = CARTESIAN_POINT('',(289.39780977298,34.508759307689,
    83.504488194714));
#8951 = CARTESIAN_POINT('',(289.38568847631,34.541638559428,
    83.437056488556));
#8952 = CARTESIAN_POINT('',(289.37293459625,34.57588591377,
    83.371320478796));
#8953 = CARTESIAN_POINT('',(289.35959344088,34.611401106501,
    83.30729082955));
#8954 = CARTESIAN_POINT('',(289.34570710935,34.648091889906,
    83.244965657813));
#8955 = CARTESIAN_POINT('',(289.31113234174,34.738852955795,
    83.099319953034));
#8956 = CARTESIAN_POINT('',(289.28995716545,34.793970895207,
    83.017646882509));
#8957 = CARTESIAN_POINT('',(289.26789143788,34.851006669477,
    82.939269083365));
#8958 = CARTESIAN_POINT('',(289.24502907383,34.909758641378,
    82.864128602209));
#8959 = CARTESIAN_POINT('',(289.22145405744,34.970047602398,
    82.792156368625));
#8960 = CARTESIAN_POINT('',(289.19724003154,35.03171770139,
    82.723274403859));
#8961 = CARTESIAN_POINT('',(289.17244988699,35.094637373218,
    82.657398029512));
#8962 = CARTESIAN_POINT('',(289.12494586255,35.214854682813,
    82.539250445146));
#8963 = CARTESIAN_POINT('',(289.10235606826,35.271880921337,
    82.486310004683));
#8964 = CARTESIAN_POINT('',(289.07940234681,35.32970357085,
    82.435559726489));
#8965 = CARTESIAN_POINT('',(289.05611763257,35.388254328044,
    82.386946048209));
#8966 = CARTESIAN_POINT('',(289.03253152284,35.447471861946,
    82.340418475855));
#8967 = CARTESIAN_POINT('',(289.00867038404,35.507301677432,
    82.295929186179));
#8968 = CARTESIAN_POINT('',(288.98455745791,35.567695978742,
    82.253432629036));
#8969 = CARTESIAN_POINT('',(288.93956535281,35.680280345213,
    82.178495042093));
#8970 = CARTESIAN_POINT('',(288.91875179751,35.732321968306,
    82.145508107526));
#8971 = CARTESIAN_POINT('',(288.89778496813,35.784712414396,
    82.113898329035));
#8972 = CARTESIAN_POINT('',(288.87667660174,35.837427508751,
    82.083641704461));
#8973 = CARTESIAN_POINT('',(288.85543753658,35.890444854203,
    82.054716047718));
#8974 = CARTESIAN_POINT('',(288.83407774243,35.943743795582,
    82.027100809991));
#8975 = CARTESIAN_POINT('',(288.81260635101,35.997305384136,
    82.000776900941));
#8976 = CARTESIAN_POINT('',(288.72729826802,36.21006273161,
    81.901725496358));
#8977 = CARTESIAN_POINT('',(288.66267734172,36.371120197117,
    81.838853413283));
#8978 = CARTESIAN_POINT('',(288.59736854776,36.533876269109,
    81.786630061981));
#8979 = CARTESIAN_POINT('',(288.53154560341,36.697960906671,
    81.744730245997));
#8980 = CARTESIAN_POINT('',(288.46536086972,36.863037178022,
    81.712930176499));
#8981 = CARTESIAN_POINT('',(288.39894819352,37.028798270052,
    81.691079240958));
#8982 = CARTESIAN_POINT('',(288.33242402448,37.194966826691,
    81.679097135126));
#8983 = CARTESIAN_POINT('',(288.20026058094,37.525349110121,
    81.674924344201));
#8984 = CARTESIAN_POINT('',(288.13464490253,37.689500380458,
    81.682465387191));
#8985 = CARTESIAN_POINT('',(288.06913786742,37.853505128937,
    81.699617399184));
#8986 = CARTESIAN_POINT('',(288.00384775236,38.017079717638,
    81.726461098986));
#8987 = CARTESIAN_POINT('',(287.93889277233,38.179903251723,
    81.763138689848));
#8988 = CARTESIAN_POINT('',(287.87440136623,38.341616205716,
    81.809849132056));
#8989 = CARTESIAN_POINT('',(287.81051301126,38.501816593254,
    81.866860010577));
#8990 = CARTESIAN_POINT('',(287.72377386817,38.719218785073,
    81.95984015969));
#8991 = CARTESIAN_POINT('',(287.70027525484,38.778105508491,
    81.986633787022));
#8992 = CARTESIAN_POINT('',(287.67689222401,38.836688938201,
    82.014934922512));
#8993 = CARTESIAN_POINT('',(287.65363401506,38.894941901119,
    82.044762900115));
#8994 = CARTESIAN_POINT('',(287.63051060894,38.952834963452,
    82.076138345001));
#8995 = CARTESIAN_POINT('',(287.60753272822,39.010336430694,
    82.109083173553));
#8996 = CARTESIAN_POINT('',(287.58471183701,39.067412347626,
    82.143620593371));
#8997 = CARTESIAN_POINT('',(287.53409133815,39.193929874279,
    82.224416279846));
#8998 = CARTESIAN_POINT('',(287.5063814702,39.263126751002,
    82.271521322746));
#8999 = CARTESIAN_POINT('',(287.47895292186,39.331550311961,
    82.321137789515));
#9000 = CARTESIAN_POINT('',(287.45183125698,39.399124707773,
    82.373314477481));
#9001 = CARTESIAN_POINT('',(287.4250452498,39.465764870625,
    82.428101508982));
#9002 = CARTESIAN_POINT('',(287.39862691622,39.531376328698,
    82.485550416582));
#9003 = CARTESIAN_POINT('',(287.37261154499,39.595855020597,
    82.545714228303));
#9004 = CARTESIAN_POINT('',(287.31686165449,39.733698432354,
    82.682906345177));
#9005 = CARTESIAN_POINT('',(287.28730443281,39.806563982163,
    82.761011156821));
#9006 = CARTESIAN_POINT('',(287.25842676216,39.87750363705,
    82.84305704254));
#9007 = CARTESIAN_POINT('',(287.23030234456,39.94630163812,
    82.929128971619));
#9008 = CARTESIAN_POINT('',(287.20301720738,40.012708513854,
    83.019297949649));
#9009 = CARTESIAN_POINT('',(287.1766690249,40.076443004224,
    83.11361714034));
#9010 = CARTESIAN_POINT('',(287.15136643991,40.137193984816,
    83.212117987311));
#9011 = CARTESIAN_POINT('',(287.10985694733,40.235951901675,
    83.388708077035));
#9012 = CARTESIAN_POINT('',(287.09309068855,40.275555691293,
    83.46477038392));
#9013 = CARTESIAN_POINT('',(287.07697464723,40.313305999818,
    83.542989818001));
#9014 = CARTESIAN_POINT('',(287.0615587009,40.349062567468,
    83.623347393411));
#9015 = CARTESIAN_POINT('',(287.04689646169,40.382675958749,
    83.705805571034));
#9016 = CARTESIAN_POINT('',(287.03304417184,40.413990886531,
    83.790305252582));
#9017 = CARTESIAN_POINT('',(287.02005959915,40.442849536129,
    83.876762774674));
#9018 = CARTESIAN_POINT('',(287.00183463933,40.482515655316,
    84.010221907086));
#9019 = CARTESIAN_POINT('',(286.99591057765,40.495252833518,
    84.055858773367));
#9020 = CARTESIAN_POINT('',(286.99023658247,40.507285354701,
    84.101961745221));
#9021 = CARTESIAN_POINT('',(286.98482049279,40.518592290317,
    84.14851299685));
#9022 = CARTESIAN_POINT('',(286.97967006888,40.529153096865,
    84.195492506124));
#9023 = CARTESIAN_POINT('',(286.97479290961,40.538947860196,
    84.242877927513));
#9024 = CARTESIAN_POINT('',(286.97019636974,40.547957539823,
    84.290644465024));
#9025 = CARTESIAN_POINT('',(286.95759060481,40.571966353037,
    84.431421459571));
#9026 = CARTESIAN_POINT('',(286.95035887441,40.58479375596,
    84.525405860808));
#9027 = CARTESIAN_POINT('',(286.94424441295,40.594514423689,
    84.620504390824));
#9028 = CARTESIAN_POINT('',(286.939292417,40.601017275028,
    84.716484383086));
#9029 = CARTESIAN_POINT('',(286.93553942521,40.60421710084,
    84.813093785177));
#9030 = CARTESIAN_POINT('',(286.93301159075,40.604059518992,
    84.910060881416));
#9031 = CARTESIAN_POINT('',(286.93172295377,40.600525929313,
    85.00709401548));
#9032 = CARTESIAN_POINT('',(286.93163957143,40.58886278413,
    85.170992488242));
#9033 = CARTESIAN_POINT('',(286.93220126784,40.582474104486,
    85.237993961046));
#9034 = CARTESIAN_POINT('',(286.93335896724,40.574479271996,
    85.304784889559));
#9035 = CARTESIAN_POINT('',(286.93510969797,40.564893692867,
    85.371268882169));
#9036 = CARTESIAN_POINT('',(286.9374475652,40.553740735227,
    85.437353933791));
#9037 = CARTESIAN_POINT('',(286.94036396344,40.541051127228,
    85.502952362129));
#9038 = CARTESIAN_POINT('',(286.94384778915,40.526862355151,
    85.567980743926));
#9039 = CARTESIAN_POINT('',(286.94974746595,40.504004657917,
    85.662044316059));
#9040 = CARTESIAN_POINT('',(286.95172711254,40.496481641908,
    85.691591343728));
#9041 = CARTESIAN_POINT('',(286.95382328951,40.48865324382,
    85.720993506032));
#9042 = CARTESIAN_POINT('',(286.95603462267,40.480523869246,
    85.750243720283));
#9043 = CARTESIAN_POINT('',(286.95835966721,40.472098099043,
    85.77933524931));
#9044 = CARTESIAN_POINT('',(286.9607969077,40.463380689329,
    85.808261701464));
#9045 = CARTESIAN_POINT('',(286.96334475808,40.454376571482,
    85.837017030615));
#9046 = CARTESIAN_POINT('',(286.97020197404,40.430410109155,
    85.910778217162));
#9047 = CARTESIAN_POINT('',(286.97467475781,40.415025376402,
    85.955519033814));
#9048 = CARTESIAN_POINT('',(286.97941342815,40.398956659609,
    85.999795436614));
#9049 = CARTESIAN_POINT('',(286.98441120731,40.382224622556,
    86.043587307183));
#9050 = CARTESIAN_POINT('',(286.98966109715,40.364850391181,
    86.08687681756));
#9051 = CARTESIAN_POINT('',(286.99515595159,40.346855357688,
    86.129648289526));
#9052 = CARTESIAN_POINT('',(287.00088854916,40.328260984655,
    86.171888053912));
#9053 = CARTESIAN_POINT('',(287.01864166416,40.271181871649,
    86.296024226109));
#9054 = CARTESIAN_POINT('',(287.03133238038,40.231016982998,
    86.376336146043));
#9055 = CARTESIAN_POINT('',(287.04486833616,40.188757521509,
    86.454434730267));
#9056 = CARTESIAN_POINT('',(287.05919436717,40.144564278496,
    86.530260722392));
#9057 = CARTESIAN_POINT('',(287.07425666944,40.09859254799,
    86.603777709035));
#9058 = CARTESIAN_POINT('',(287.09000384628,40.050989416452,
    86.674968879762));
#9059 = CARTESIAN_POINT('',(287.10638795503,40.001891052504,
    86.743833787031));
#9060 = CARTESIAN_POINT('',(287.1467084138,39.882026274525,
    86.901887922254));
#9061 = CARTESIAN_POINT('',(287.17116972753,39.810047899123,
    86.989004169785));
#9062 = CARTESIAN_POINT('',(287.1966382785,39.735798147425,
    87.071779869576));
#9063 = CARTESIAN_POINT('',(287.2230121616,39.659561849669,
    87.15028178767));
#9064 = CARTESIAN_POINT('',(287.25019944476,39.581594042476,
    87.224593547896));
#9065 = CARTESIAN_POINT('',(287.27811883036,39.502118621971,
    87.294811744459));
#9066 = CARTESIAN_POINT('',(287.30670031667,39.421326996917,
    87.361042054532));
#9067 = CARTESIAN_POINT('',(287.41723873335,39.110945533086,
    87.597201263162));
#9068 = CARTESIAN_POINT('',(287.50313033234,38.873946678729,
    87.740553320099));
#9069 = CARTESIAN_POINT('',(287.59242504829,38.631428326543,
    87.856363562892));
#9070 = CARTESIAN_POINT('',(287.68425228559,38.38573955785,
    87.946398009367));
#9071 = CARTESIAN_POINT('',(287.77789468668,38.138761640589,
    88.012321579091));
#9072 = CARTESIAN_POINT('',(287.8728148552,37.891873580067,
    88.055423359873));
#9073 = CARTESIAN_POINT('',(287.96863499437,37.646021911891,
    88.076741154151));
#9074 = CARTESIAN_POINT('',(288.06516080786,37.40171,88.076741154151));
#9075 = FACE_BOUND('',#9076,.T.);
#9076 = EDGE_LOOP('',(#9077));
#9077 = ORIENTED_EDGE('',*,*,#9078,.F.);
#9078 = EDGE_CURVE('',#9079,#9079,#9081,.T.);
#9079 = VERTEX_POINT('',#9080);
#9080 = CARTESIAN_POINT('',(286.9378187137,3.82266,122.66809115415));
#9081 = B_SPLINE_CURVE_WITH_KNOTS('',7,(#9082,#9083,#9084,#9085,#9086,
    #9087,#9088,#9089,#9090,#9091,#9092,#9093,#9094,#9095,#9096,#9097,
    #9098,#9099,#9100,#9101,#9102,#9103,#9104,#9105,#9106,#9107,#9108,
    #9109,#9110,#9111,#9112,#9113,#9114,#9115,#9116,#9117,#9118,#9119,
    #9120,#9121,#9122,#9123,#9124,#9125,#9126,#9127,#9128,#9129,#9130,
    #9131,#9132,#9133,#9134,#9135,#9136,#9137,#9138,#9139,#9140,#9141,
    #9142,#9143,#9144,#9145,#9146,#9147,#9148,#9149,#9150,#9151,#9152,
    #9153,#9154,#9155,#9156,#9157,#9158,#9159,#9160,#9161,#9162,#9163,
    #9164,#9165,#9166,#9167,#9168,#9169,#9170,#9171,#9172,#9173,#9174,
    #9175,#9176,#9177,#9178,#9179,#9180,#9181,#9182,#9183,#9184,#9185,
    #9186,#9187,#9188,#9189,#9190,#9191,#9192,#9193,#9194,#9195,#9196,
    #9197,#9198,#9199,#9200,#9201,#9202,#9203,#9204,#9205,#9206,#9207,
    #9208,#9209,#9210,#9211,#9212,#9213,#9214,#9215,#9216,#9217,#9218,
    #9219,#9220,#9221,#9222,#9223,#9224,#9225,#9226,#9227,#9228,#9229,
    #9230,#9231,#9232,#9233,#9234,#9235,#9236,#9237,#9238,#9239,#9240,
    #9241,#9242,#9243,#9244,#9245,#9246,#9247,#9248,#9249,#9250,#9251),
  .UNSPECIFIED.,.T.,.F.,(8,6,6,6,6,6,6,6,6,6,6,6,6,6,6,6,6,6,6,6,6,6,6,6
    ,6,6,6,6,8),(0.,3.618015134746E-02,6.614764062655E-02,0.10845899286,
    0.144127791664,0.249833094037,0.32904762109,0.355864230162,
    0.387483107314,0.42355581239,0.449283362938,0.462041261734,
    0.487431651363,0.504796119134,0.512831328314,0.52559840784,
    0.550894848784,0.586949885661,0.618555621521,0.645363525157,
    0.724565905239,0.803270266845,0.832462457397,0.868500168603,
    0.911016868567,0.941616260363,0.956861660877,0.987414189437,1.),
  .UNSPECIFIED.);
#9082 = CARTESIAN_POINT('',(286.9378187137,3.82266,122.66809115415));
#9083 = CARTESIAN_POINT('',(286.94278991345,3.690388597413,
    122.66809115415));
#9084 = CARTESIAN_POINT('',(286.95007495318,3.558848232894,
    122.66171237166));
#9085 = CARTESIAN_POINT('',(286.95960015417,3.428832005013,
    122.64908245735));
#9086 = CARTESIAN_POINT('',(286.97124576189,3.300989050188,
    122.63047486926));
#9087 = CARTESIAN_POINT('',(286.98486649377,3.175845090112,
    122.60624871337));
#9088 = CARTESIAN_POINT('',(287.00030537115,3.053817678139,
    122.57680747838));
#9089 = CARTESIAN_POINT('',(287.03156075777,2.836998514925,
    122.51422378258));
#9090 = CARTESIAN_POINT('',(287.04685989479,2.741110122831,
    122.48257947003));
#9091 = CARTESIAN_POINT('',(287.06321154141,2.647712681379,
    122.44787486813));
#9092 = CARTESIAN_POINT('',(287.08053076814,2.556911012885,
    122.41034083726));
#9093 = CARTESIAN_POINT('',(287.09873677872,2.468769633372,
    122.37020065351));
#9094 = CARTESIAN_POINT('',(287.11775526781,2.383319336995,
    122.32766270545));
#9095 = CARTESIAN_POINT('',(287.1654278712,2.183720508446,
    122.21973097179));
#9096 = CARTESIAN_POINT('',(287.19481900282,2.072269691786,
    122.15215174151));
#9097 = CARTESIAN_POINT('',(287.22551270535,1.966200595342,
    122.0806947132));
#9098 = CARTESIAN_POINT('',(287.25734750359,1.865456630823,
    122.00582573287));
#9099 = CARTESIAN_POINT('',(287.2901834003,1.769944177661,
    121.92795288255));
#9100 = CARTESIAN_POINT('',(287.32390336099,1.679541403875,
    121.84742208351));
#9101 = CARTESIAN_POINT('',(287.38750820918,1.522085293711,
    121.69461944424));
#9102 = CARTESIAN_POINT('',(287.41716043991,1.453603444059,
    121.6230446329));
#9103 = CARTESIAN_POINT('',(287.4473135556,1.388582012825,
    121.54996175504));
#9104 = CARTESIAN_POINT('',(287.47791574132,1.326944389794,
    121.47552604915));
#9105 = CARTESIAN_POINT('',(287.50892121978,1.268616616425,
    121.39987498976));
#9106 = CARTESIAN_POINT('',(287.54029016833,1.213527122573,
    121.32312877469));
#9107 = CARTESIAN_POINT('',(287.66592777136,1.007738399811,
    121.01501257939));
#9108 = CARTESIAN_POINT('',(287.76268342081,0.88182720168,
    120.77611444002));
#9109 = CARTESIAN_POINT('',(287.86146401352,0.781841493886,
    120.53116477636));
#9110 = CARTESIAN_POINT('',(287.96162658288,0.706666442865,
    120.28207018659));
#9111 = CARTESIAN_POINT('',(288.06262685471,0.655409809735,
    120.0303902958));
#9112 = CARTESIAN_POINT('',(288.16403044499,0.62754775615,
    119.77731068049));
#9113 = CARTESIAN_POINT('',(288.34155201487,0.619841225774,
    119.33357356671));
#9114 = CARTESIAN_POINT('',(288.41758061591,0.629716594741,
    119.14331085205));
#9115 = CARTESIAN_POINT('',(288.49343496582,0.652759873387,
    118.95326463595));
#9116 = CARTESIAN_POINT('',(288.56892157226,0.6891497008,118.76388603819
    ));
#9117 = CARTESIAN_POINT('',(288.64381260149,0.739192000195,
    118.57568011179));
#9118 = CARTESIAN_POINT('',(288.71784060638,0.803361527044,
    118.38920947378));
#9119 = CARTESIAN_POINT('',(288.81534694671,0.909217301326,
    118.14277879343));
#9120 = CARTESIAN_POINT('',(288.83986994305,0.937696558793,
    118.08072973878));
#9121 = CARTESIAN_POINT('',(288.86424204271,0.967912103068,
    118.01898382581));
#9122 = CARTESIAN_POINT('',(288.8884483196,0.999895879362,
    117.95757109074));
#9123 = CARTESIAN_POINT('',(288.91247215268,1.033682970228,
    117.89652491137));
#9124 = CARTESIAN_POINT('',(288.93629514498,1.069312074885,
    117.83588208774));
#9125 = CARTESIAN_POINT('',(288.98772552377,1.151057823525,
    117.70470340383));
#9126 = CARTESIAN_POINT('',(289.01524545815,1.197908011525,
    117.63434367421));
#9127 = CARTESIAN_POINT('',(289.0424245052,1.247448337645,
    117.56466756906));
#9128 = CARTESIAN_POINT('',(289.06922429171,1.299754731902,
    117.49575192216));
#9129 = CARTESIAN_POINT('',(289.09560012839,1.35490834175,
    117.42768689823));
#9130 = CARTESIAN_POINT('',(289.12150072649,1.412996604622,
    117.36057632552));
#9131 = CARTESIAN_POINT('',(289.17580831873,1.543841064013,
    117.21919759126));
#9132 = CARTESIAN_POINT('',(289.20404993435,1.617500101433,
    117.1452644977));
#9133 = CARTESIAN_POINT('',(289.23151003875,1.695239122108,
    117.07290450052));
#9134 = CARTESIAN_POINT('',(289.25808359423,1.777198371456,
    117.00233400046));
#9135 = CARTESIAN_POINT('',(289.28364433695,1.863504710296,
    116.93381775665));
#9136 = CARTESIAN_POINT('',(289.30804586596,1.954265674227,
    116.8676665972));
#9137 = CARTESIAN_POINT('',(289.34758147127,2.117531279615,
    116.75899493272));
#9138 = CARTESIAN_POINT('',(289.36336421937,2.187798330675,
    116.71514409413));
#9139 = CARTESIAN_POINT('',(289.37841030725,2.260387973557,
    116.67281356914));
#9140 = CARTESIAN_POINT('',(289.3926507221,2.335303807435,
    116.63215486209));
#9141 = CARTESIAN_POINT('',(289.40601066354,2.412523224763,
    116.59333501083));
#9142 = CARTESIAN_POINT('',(289.41841209956,2.491990892756,
    116.55653157116));
#9143 = CARTESIAN_POINT('',(289.43541166675,2.614087009987,
    116.50476802185));
#9144 = CARTESIAN_POINT('',(289.44079184185,2.655090373667,
    116.48814967285));
#9145 = CARTESIAN_POINT('',(289.44590720026,2.696609797692,
    116.47209510326));
#9146 = CARTESIAN_POINT('',(289.45074808855,2.738630052735,
    116.45662715542));
#9147 = CARTESIAN_POINT('',(289.45530501532,2.781132932093,
    116.44176862341));
#9148 = CARTESIAN_POINT('',(289.45956881934,2.824096975401,
    116.42754191149));
#9149 = CARTESIAN_POINT('',(289.47141592796,2.953871009557,
    116.38695567686));
#9150 = CARTESIAN_POINT('',(289.4781070952,3.041988254198,
    116.36252621547));
#9151 = CARTESIAN_POINT('',(289.48353356147,3.131630511024,
    116.34085900792));
#9152 = CARTESIAN_POINT('',(289.4876362403,3.222546931211,
    116.32211016735));
#9153 = CARTESIAN_POINT('',(289.49037188638,3.314451754132,
    116.30640438078));
#9154 = CARTESIAN_POINT('',(289.4917172454,3.407021829127,
    116.29382606935));
#9155 = CARTESIAN_POINT('',(289.49164308405,3.563409436769,
    116.27797128134));
#9156 = CARTESIAN_POINT('',(289.49096314099,3.627074418193,
    116.27301038967));
#9157 = CARTESIAN_POINT('',(289.48963346397,3.69077689453,
    116.26953916462));
#9158 = CARTESIAN_POINT('',(289.48765926761,3.754409135626,
    116.26755713599));
#9159 = CARTESIAN_POINT('',(289.48505039963,3.81786788579,116.2670531504
    ));
#9160 = CARTESIAN_POINT('',(289.48182084865,3.881054381403,
    116.2680064494));
#9161 = CARTESIAN_POINT('',(289.47621476163,3.972943600225,
    116.27148966601));
#9162 = CARTESIAN_POINT('',(289.47431209861,4.001934940627,
    116.27289739773));
#9163 = CARTESIAN_POINT('',(289.47228200219,4.030839443269,
    116.27460802091));
#9164 = CARTESIAN_POINT('',(289.47012632624,4.059648610713,
    116.27661831537));
#9165 = CARTESIAN_POINT('',(289.46784703919,4.088354394539,
    116.27892476255));
#9166 = CARTESIAN_POINT('',(289.46544622406,4.116949195341,
    116.28152354544));
#9167 = CARTESIAN_POINT('',(289.45892183929,4.190672211518,
    116.28899768492));
#9168 = CARTESIAN_POINT('',(289.45461630438,4.235620436052,
    116.29431252605));
#9169 = CARTESIAN_POINT('',(289.45001820185,4.280241879345,
    116.30033875345));
#9170 = CARTESIAN_POINT('',(289.44513674606,4.324511198163,
    116.30705864212));
#9171 = CARTESIAN_POINT('',(289.43998147,4.368406159938,116.31445345048)
  );
#9172 = CARTESIAN_POINT('',(289.43456205769,4.411907439695,
    116.3225038101));
#9173 = CARTESIAN_POINT('',(289.41764605972,4.540378034104,
    116.34840099056));
#9174 = CARTESIAN_POINT('',(289.40540537069,4.624142926806,
    116.36810787716));
#9175 = CARTESIAN_POINT('',(289.39224091963,4.706171479889,
    116.3901584568));
#9176 = CARTESIAN_POINT('',(289.37822678719,4.786378867534,
    116.41439824194));
#9177 = CARTESIAN_POINT('',(289.3634339836,4.864712120816,
    116.44067628752));
#9178 = CARTESIAN_POINT('',(289.34792810769,4.941145195221,
    116.4688509025));
#9179 = CARTESIAN_POINT('',(289.30873257523,5.121900055784,
    116.54147522192));
#9180 = CARTESIAN_POINT('',(289.2843712947,5.224239000008,
    116.58774255024));
#9181 = CARTESIAN_POINT('',(289.25884876957,5.322698446218,
    116.63723318385));
#9182 = CARTESIAN_POINT('',(289.23231158417,5.417319903866,
    116.68962061622));
#9183 = CARTESIAN_POINT('',(289.20488619261,5.508173404905,
    116.74461949336));
#9184 = CARTESIAN_POINT('',(289.17667780946,5.595352092195,
    116.80198911048));
#9185 = CARTESIAN_POINT('',(289.12242818887,5.75226321386,
    116.91373632767));
#9186 = CARTESIAN_POINT('',(289.0965525613,5.822811073802,
    116.96760236885));
#9187 = CARTESIAN_POINT('',(289.07020069881,5.890679231544,
    117.02300019952));
#9188 = CARTESIAN_POINT('',(289.04342398729,5.955932204028,
    117.07981020895));
#9189 = CARTESIAN_POINT('',(289.01626720002,6.018631158191,
    117.13792746706));
#9190 = CARTESIAN_POINT('',(288.98876878059,6.078834887829,
    117.19726118328));
#9191 = CARTESIAN_POINT('',(288.93737474449,6.185597680058,
    117.30902719261));
#9192 = CARTESIAN_POINT('',(288.9135667346,6.23283887942,117.36113801803
    ));
#9193 = CARTESIAN_POINT('',(288.88955739077,6.278358157344,
    117.41401840557));
#9194 = CARTESIAN_POINT('',(288.86536514573,6.322185985667,
    117.46762439106));
#9195 = CARTESIAN_POINT('',(288.84100665125,6.364349992451,
    117.52191610568));
#9196 = CARTESIAN_POINT('',(288.81649685939,6.404875415189,
    117.5768575995));
#9197 = CARTESIAN_POINT('',(288.71902875375,6.558743278591,
    117.79656266763));
#9198 = CARTESIAN_POINT('',(288.64502247236,6.65957340531,
    117.96605793288));
#9199 = CARTESIAN_POINT('',(288.57015016319,6.746920355353,
    118.14012429549));
#9200 = CARTESIAN_POINT('',(288.4946797142,6.82113634,118.31811351362));
#9201 = CARTESIAN_POINT('',(288.41883921719,6.882419870067,
    118.49946837371));
#9202 = CARTESIAN_POINT('',(288.34282226241,6.930855844955,
    118.68371066125));
#9203 = CARTESIAN_POINT('',(288.19122846192,7.001635367729,
    119.05602709293));
#9204 = CARTESIAN_POINT('',(288.11568365774,7.024126590545,
    119.24399171937));
#9205 = CARTESIAN_POINT('',(288.04031202922,7.033765993406,
    119.43395489337));
#9206 = CARTESIAN_POINT('',(287.96529482012,7.030306373499,
    119.62547322465));
#9207 = CARTESIAN_POINT('',(287.89083368348,7.013377378911,
    119.81804761869));
#9208 = CARTESIAN_POINT('',(287.81715221403,6.982474455376,
    120.01111786657));
#9209 = CARTESIAN_POINT('',(287.71755221581,6.919965271856,
    120.27562285446));
#9210 = CARTESIAN_POINT('',(287.6907483816,6.901032619023,
    120.34716323778));
#9211 = CARTESIAN_POINT('',(287.6641018457,6.880044140091,
    120.41864592561));
#9212 = CARTESIAN_POINT('',(287.63762773501,6.856961030641,
    120.49003254119));
#9213 = CARTESIAN_POINT('',(287.61134266881,6.831741165652,
    120.56128067718));
#9214 = CARTESIAN_POINT('',(287.58526475877,6.804339099489,
    120.6323438957));
#9215 = CARTESIAN_POINT('',(287.52750040708,6.738124134723,
    120.79060857117));
#9216 = CARTESIAN_POINT('',(287.49593410316,6.69814363834,
    120.87768303856));
#9217 = CARTESIAN_POINT('',(287.4647506296,6.654670929525,
    120.96430272972));
#9218 = CARTESIAN_POINT('',(287.43399230702,6.607606837293,
    121.0503577947));
#9219 = CARTESIAN_POINT('',(287.40370792599,6.556846374529,
    121.13572048901));
#9220 = CARTESIAN_POINT('',(287.37395282868,6.502278445605,
    121.22024472835));
#9221 = CARTESIAN_POINT('',(287.31038197325,6.374776600896,
    121.40230224743));
#9222 = CARTESIAN_POINT('',(287.27680335147,6.300315352287,
    121.49942673246));
#9223 = CARTESIAN_POINT('',(287.24415057511,6.220202377869,
    121.5948806996));
#9224 = CARTESIAN_POINT('',(287.21254717054,6.134246082639,
    121.68833182446));
#9225 = CARTESIAN_POINT('',(287.1821408873,6.042273960029,
    121.77937722486));
#9226 = CARTESIAN_POINT('',(287.15310184497,5.944143845046,
    121.86754682869));
#9227 = CARTESIAN_POINT('',(287.10584240597,5.764626334524,
    122.01330869603));
#9228 = CARTESIAN_POINT('',(287.08687377157,5.686265436353,
    122.07253625886));
#9229 = CARTESIAN_POINT('',(287.0687869885,5.604643572798,
    122.12978662319));
#9230 = CARTESIAN_POINT('',(287.05166389541,5.519758374379,
    122.18482708068));
#9231 = CARTESIAN_POINT('',(287.03559298289,5.431643470611,
    122.23740244166));
#9232 = CARTESIAN_POINT('',(287.02066641855,5.340377958375,
    122.2872424551));
#9233 = CARTESIAN_POINT('',(287.00015668915,5.199122119843,
    122.35739952617));
#9234 = CARTESIAN_POINT('',(286.99364356902,5.151400767505,
    122.3799813281));
#9235 = CARTESIAN_POINT('',(286.98744927364,5.102949635887,
    122.40177994491));
#9236 = CARTESIAN_POINT('',(286.98158536062,5.053790274539,
    122.42276032114));
#9237 = CARTESIAN_POINT('',(286.97606318988,5.003948350755,
    122.44288754623));
#9238 = CARTESIAN_POINT('',(286.97089373043,4.953454040382,
    122.46212736531));
#9239 = CARTESIAN_POINT('',(286.95645517968,4.799912227816,
    122.51715951327));
#9240 = CARTESIAN_POINT('',(286.94827914778,4.694980531451,
    122.55018347177));
#9241 = CARTESIAN_POINT('',(286.94164690717,4.587859219041,
    122.57923822833));
#9242 = CARTESIAN_POINT('',(286.93663002789,4.478907429525,
    122.6040835231));
#9243 = CARTESIAN_POINT('',(286.93328133216,4.368533807389,
    122.62452743501));
#9244 = CARTESIAN_POINT('',(286.93163003461,4.257200066654,
    122.64043993908));
#9245 = CARTESIAN_POINT('',(286.93169310607,4.099381590037,
    122.65643979054));
#9246 = CARTESIAN_POINT('',(286.93199931935,4.053259221045,
    122.66033080353));
#9247 = CARTESIAN_POINT('',(286.9325932786,4.007093014974,
    122.66344147523));
#9248 = CARTESIAN_POINT('',(286.93347415952,3.960916802351,
    122.66577067861));
#9249 = CARTESIAN_POINT('',(286.93464037943,3.914763985007,122.667319483
    ));
#9250 = CARTESIAN_POINT('',(286.9360895973,3.868667536076,
    122.66809115415));
#9251 = CARTESIAN_POINT('',(286.9378187137,3.82266,122.66809115415));
#9252 = CONICAL_SURFACE('',#9253,43.,1.190289949683);
#9253 = AXIS2_PLACEMENT_3D('',#9254,#9255,#9256);
#9254 = CARTESIAN_POINT('',(286.01167210421,0.,82.163441154151));
#9255 = DIRECTION('',(-1.,0.,2.22044604925E-16));
#9256 = DIRECTION('',(2.22044604925E-16,0.,1.));
#9257 = ADVANCED_FACE('',(#9258),#9370,.F.);
#9258 = FACE_BOUND('',#9259,.F.);
#9259 = EDGE_LOOP('',(#9260,#9261,#9269,#9278,#9362,#9369));
#9260 = ORIENTED_EDGE('',*,*,#7624,.F.);
#9261 = ORIENTED_EDGE('',*,*,#9262,.F.);
#9262 = EDGE_CURVE('',#9263,#7625,#9265,.T.);
#9263 = VERTEX_POINT('',#9264);
#9264 = CARTESIAN_POINT('',(286.01167210421,-36.07412,95.605911154151));
#9265 = LINE('',#9266,#9267);
#9266 = CARTESIAN_POINT('',(286.01167210421,-36.07412,95.605911154151));
#9267 = VECTOR('',#9268,1.);
#9268 = DIRECTION('',(1.,0.,-2.22044604925E-16));
#9269 = ORIENTED_EDGE('',*,*,#9270,.T.);
#9270 = EDGE_CURVE('',#9263,#9271,#9273,.T.);
#9271 = VERTEX_POINT('',#9272);
#9272 = CARTESIAN_POINT('',(286.01167210421,-36.32173434768,
    89.215505672896));
#9273 = CIRCLE('',#9274,3.2);
#9274 = AXIS2_PLACEMENT_3D('',#9275,#9276,#9277);
#9275 = CARTESIAN_POINT('',(286.01167210421,-36.07412,92.405911154151));
#9276 = DIRECTION('',(1.,0.,-2.22044604925E-16));
#9277 = DIRECTION('',(2.22044604925E-16,0.,1.));
#9278 = ORIENTED_EDGE('',*,*,#9279,.T.);
#9279 = EDGE_CURVE('',#9271,#9280,#9282,.T.);
#9280 = VERTEX_POINT('',#9281);
#9281 = CARTESIAN_POINT('',(286.01167210421,-34.60825050314,
    95.25041930464));
#9282 = B_SPLINE_CURVE_WITH_KNOTS('',8,(#9283,#9284,#9285,#9286,#9287,
    #9288,#9289,#9290,#9291,#9292,#9293,#9294,#9295,#9296,#9297,#9298,
    #9299,#9300,#9301,#9302,#9303,#9304,#9305,#9306,#9307,#9308,#9309,
    #9310,#9311,#9312,#9313,#9314,#9315,#9316,#9317,#9318,#9319,#9320,
    #9321,#9322,#9323,#9324,#9325,#9326,#9327,#9328,#9329,#9330,#9331,
    #9332,#9333,#9334,#9335,#9336,#9337,#9338,#9339,#9340,#9341,#9342,
    #9343,#9344,#9345,#9346,#9347,#9348,#9349,#9350,#9351,#9352,#9353,
    #9354,#9355,#9356,#9357,#9358,#9359,#9360,#9361),.UNSPECIFIED.,.F.,
  .F.,(9,7,7,7,7,7,7,7,7,7,7,9),(0.,0.270133791773,0.353369707558,
    0.411831886964,0.441636344498,0.50004289182,0.540335033134,
    0.558453475479,0.588259795907,0.64672709948,0.729970707926,1.),
  .UNSPECIFIED.);
#9283 = CARTESIAN_POINT('',(286.01167210421,-36.32173434768,
    89.215505672896));
#9284 = CARTESIAN_POINT('',(286.10934328549,-36.07668920288,
    89.196487183228));
#9285 = CARTESIAN_POINT('',(286.20638276087,-35.82906513926,
    89.198909225616));
#9286 = CARTESIAN_POINT('',(286.30264613513,-35.5791073692,
    89.223062720255));
#9287 = CARTESIAN_POINT('',(286.39774370593,-35.32745768154,
    89.269997925766));
#9288 = CARTESIAN_POINT('',(286.49107762926,-35.07515104993,
    89.341078488452));
#9289 = CARTESIAN_POINT('',(286.58176996217,-34.82365295073,
    89.438338549506));
#9290 = CARTESIAN_POINT('',(286.66872443405,-34.57482718125,
    89.563966101401));
#9291 = CARTESIAN_POINT('',(286.77550046176,-34.25587860518,
    89.77113908879));
#9292 = CARTESIAN_POINT('',(286.80012615742,-34.1812833425,
    89.823010253737));
#9293 = CARTESIAN_POINT('',(286.82417487438,-34.10730708144,
    89.878061112863));
#9294 = CARTESIAN_POINT('',(286.84758383845,-34.03406153802,
    89.936400129783));
#9295 = CARTESIAN_POINT('',(286.87027960864,-33.9616834438,
    89.998133883833));
#9296 = CARTESIAN_POINT('',(286.8921785072,-33.89033406037,
    90.063364661665));
#9297 = CARTESIAN_POINT('',(286.91318704962,-33.82019869381,
    90.132188048847));
#9298 = CARTESIAN_POINT('',(286.94726048298,-33.70322481186,
    90.255613882145));
#9299 = CARTESIAN_POINT('',(286.96082708105,-33.65567054655,
    90.308346939683));
#9300 = CARTESIAN_POINT('',(286.97386612064,-33.60889788416,
    90.362915988915));
#9301 = CARTESIAN_POINT('',(286.98633772747,-33.5629922114,
    90.419339829934));
#9302 = CARTESIAN_POINT('',(286.99819908068,-33.51804851915,
    90.477627265948));
#9303 = CARTESIAN_POINT('',(287.00940529228,-33.4741700909,
    90.537774601127));
#9304 = CARTESIAN_POINT('',(287.01991028669,-33.43146719113,
    90.599763138461));
#9305 = CARTESIAN_POINT('',(287.03464207256,-33.36894389236,
    90.696079102324));
#9306 = CARTESIAN_POINT('',(287.03942207832,-33.34816807148,
    90.729070003596));
#9307 = CARTESIAN_POINT('',(287.04400152021,-33.32774389805,
    90.762524005462));
#9308 = CARTESIAN_POINT('',(287.04837421724,-33.30768737129,
    90.796434386444));
#9309 = CARTESIAN_POINT('',(287.05253405034,-33.28801477005,
    90.830792950231));
#9310 = CARTESIAN_POINT('',(287.056475028,-33.26874254017,
    90.865589896359));
#9311 = CARTESIAN_POINT('',(287.0601913518,-33.24988718184,
    90.900813690884));
#9312 = CARTESIAN_POINT('',(287.07050910582,-33.19536422701,
    91.006287756059));
#9313 = CARTESIAN_POINT('',(287.07645772408,-33.16092196473,
    91.077723011054));
#9314 = CARTESIAN_POINT('',(287.08148015833,-33.12826896241,
    91.150644006919));
#9315 = CARTESIAN_POINT('',(287.08553891332,-33.09752776315,
    91.224920597082));
#9316 = CARTESIAN_POINT('',(287.08860368077,-33.0688098435,
    91.300403739173));
#9317 = CARTESIAN_POINT('',(287.09065284304,-33.04221261604,
    91.376924050662));
#9318 = CARTESIAN_POINT('',(287.09167497674,-33.017816432,
    91.454290364493));
#9319 = CARTESIAN_POINT('',(287.09166716912,-32.98041171308,
    91.586095663653));
#9320 = CARTESIAN_POINT('',(287.0911753679,-32.96621626897,
    91.640209584724));
#9321 = CARTESIAN_POINT('',(287.09019492349,-32.95311463459,
    91.694561998251));
#9322 = CARTESIAN_POINT('',(287.08872838445,-32.94111998781,
    91.749086000508));
#9323 = CARTESIAN_POINT('',(287.08678069343,-32.93023969626,
    91.803715911448));
#9324 = CARTESIAN_POINT('',(287.08435900334,-32.92047571227,
    91.858387352432));
#9325 = CARTESIAN_POINT('',(287.08147249349,-32.91182496781,
    91.913037323959));
#9326 = CARTESIAN_POINT('',(287.07663012685,-32.90088686861,
    91.99214178069));
#9327 = CARTESIAN_POINT('',(287.07503627486,-32.89771747309,
    92.016662910255));
#9328 = CARTESIAN_POINT('',(287.07335162647,-32.89477083405,
    92.041162298613));
#9329 = CARTESIAN_POINT('',(287.07157723037,-32.89204603461,
    92.065634746266));
#9330 = CARTESIAN_POINT('',(287.06971418732,-32.88954198987,
    92.090075227706));
#9331 = CARTESIAN_POINT('',(287.06776365014,-32.88725744695,
    92.114478891402));
#9332 = CARTESIAN_POINT('',(287.06572682375,-32.88519098492,
    92.138841059811));
#9333 = CARTESIAN_POINT('',(287.06011433396,-32.88029766271,
    92.203159318275));
#9334 = CARTESIAN_POINT('',(287.05639355414,-32.87784023603,
    92.243037013604));
#9335 = CARTESIAN_POINT('',(287.05244817034,-32.87596177059,
    92.282770291008));
#9336 = CARTESIAN_POINT('',(287.04828398526,-32.87465427517,
    92.322340680999));
#9337 = CARTESIAN_POINT('',(287.04390699405,-32.87390889538,
    92.361731218022));
#9338 = CARTESIAN_POINT('',(287.03932331868,-32.87371607739,
    92.400926389537));
#9339 = CARTESIAN_POINT('',(287.03453914235,-32.87406573172,
    92.439912085096));
#9340 = CARTESIAN_POINT('',(287.01979495064,-32.87667684888,
    92.554712941832));
#9341 = CARTESIAN_POINT('',(287.00928186793,-32.88045341216,
    92.629892317124));
#9342 = CARTESIAN_POINT('',(286.9980677939,-32.88619740853,
    92.704122065005));
#9343 = CARTESIAN_POINT('',(286.98619881132,-32.89382480446,
    92.777328440354));
#9344 = CARTESIAN_POINT('',(286.97371980928,-32.90324963917,
    92.849454119976));
#9345 = CARTESIAN_POINT('',(286.96067360497,-32.91438645265,
    92.920456763366));
#9346 = CARTESIAN_POINT('',(286.94710006533,-32.9271527136,
    92.990307573465));
#9347 = CARTESIAN_POINT('',(286.91301022909,-32.96185745206,
    93.15677718135));
#9348 = CARTESIAN_POINT('',(286.89199243729,-32.9853869182,
    93.252181159739));
#9349 = CARTESIAN_POINT('',(286.87008468994,-33.01183650793,
    93.345165786924));
#9350 = CARTESIAN_POINT('',(286.84738044307,-33.04099835921,
    93.435715149528));
#9351 = CARTESIAN_POINT('',(286.8239633443,-33.07268155864,
    93.523831637313));
#9352 = CARTESIAN_POINT('',(286.79990680472,-33.10671381439,
    93.609534154023));
#9353 = CARTESIAN_POINT('',(286.77527357099,-33.142943129,
    93.692856328236));
#9354 = CARTESIAN_POINT('',(286.66850577814,-33.30546684111,
    94.036558458486));
#9355 = CARTESIAN_POINT('',(286.58157444815,-33.45113542124,
    94.274064035737));
#9356 = CARTESIAN_POINT('',(286.4909100263,-33.61396703327,
    94.488856779084));
#9357 = CARTESIAN_POINT('',(286.3976071061,-33.79123007969,
    94.681818333834));
#9358 = CARTESIAN_POINT('',(286.30254227377,-33.98061239026,
    94.853907730605));
#9359 = CARTESIAN_POINT('',(286.20631263957,-34.18051880607,
    95.005740459719));
#9360 = CARTESIAN_POINT('',(286.10930753582,-34.3898525852,
    95.137871736416));
#9361 = CARTESIAN_POINT('',(286.01167150421,-34.60825184527,
    95.25041999628));
#9362 = ORIENTED_EDGE('',*,*,#9363,.T.);
#9363 = EDGE_CURVE('',#9280,#9263,#9364,.T.);
#9364 = CIRCLE('',#9365,3.2);
#9365 = AXIS2_PLACEMENT_3D('',#9366,#9367,#9368);
#9366 = CARTESIAN_POINT('',(286.01167210421,-36.07412,92.405911154151));
#9367 = DIRECTION('',(1.,0.,-2.22044604925E-16));
#9368 = DIRECTION('',(2.22044604925E-16,0.,1.));
#9369 = ORIENTED_EDGE('',*,*,#9262,.T.);
#9370 = CYLINDRICAL_SURFACE('',#9371,3.2);
#9371 = AXIS2_PLACEMENT_3D('',#9372,#9373,#9374);
#9372 = CARTESIAN_POINT('',(286.01167210421,-36.07412,92.405911154151));
#9373 = DIRECTION('',(1.,0.,-2.22044604925E-16));
#9374 = DIRECTION('',(2.22044604925E-16,0.,1.));
#9375 = ADVANCED_FACE('',(#9376),#9481,.F.);
#9376 = FACE_BOUND('',#9377,.F.);
#9377 = EDGE_LOOP('',(#9378,#9379,#9387,#9396,#9473,#9480));
#9378 = ORIENTED_EDGE('',*,*,#7829,.F.);
#9379 = ORIENTED_EDGE('',*,*,#9380,.F.);
#9380 = EDGE_CURVE('',#9381,#7830,#9383,.T.);
#9381 = VERTEX_POINT('',#9382);
#9382 = CARTESIAN_POINT('',(286.01167210421,26.9073,111.48331115415));
#9383 = LINE('',#9384,#9385);
#9384 = CARTESIAN_POINT('',(286.01167210421,26.9073,111.48331115415));
#9385 = VECTOR('',#9386,1.);
#9386 = DIRECTION('',(1.,0.,-2.22044604925E-16));
#9387 = ORIENTED_EDGE('',*,*,#9388,.T.);
#9388 = EDGE_CURVE('',#9381,#9389,#9391,.T.);
#9389 = VERTEX_POINT('',#9390);
#9390 = CARTESIAN_POINT('',(286.01167210421,24.268134402602,
    110.09295337003));
#9391 = CIRCLE('',#9392,3.2);
#9392 = AXIS2_PLACEMENT_3D('',#9393,#9394,#9395);
#9393 = CARTESIAN_POINT('',(286.01167210421,26.9073,108.28331115415));
#9394 = DIRECTION('',(1.,0.,-2.22044604925E-16));
#9395 = DIRECTION('',(2.22044604925E-16,0.,1.));
#9396 = ORIENTED_EDGE('',*,*,#9397,.T.);
#9397 = EDGE_CURVE('',#9389,#9398,#9400,.T.);
#9398 = VERTEX_POINT('',#9399);
#9399 = CARTESIAN_POINT('',(286.01167210421,28.637780704084,
    105.59157629856));
#9400 = B_SPLINE_CURVE_WITH_KNOTS('',8,(#9401,#9402,#9403,#9404,#9405,
    #9406,#9407,#9408,#9409,#9410,#9411,#9412,#9413,#9414,#9415,#9416,
    #9417,#9418,#9419,#9420,#9421,#9422,#9423,#9424,#9425,#9426,#9427,
    #9428,#9429,#9430,#9431,#9432,#9433,#9434,#9435,#9436,#9437,#9438,
    #9439,#9440,#9441,#9442,#9443,#9444,#9445,#9446,#9447,#9448,#9449,
    #9450,#9451,#9452,#9453,#9454,#9455,#9456,#9457,#9458,#9459,#9460,
    #9461,#9462,#9463,#9464,#9465,#9466,#9467,#9468,#9469,#9470,#9471,
    #9472),.UNSPECIFIED.,.F.,.F.,(9,7,7,7,7,7,7,7,7,7,9),(0.,
    0.27037349078,0.353181541051,0.412101419952,0.441931433172,
    0.500233446179,0.557756930072,0.587576161113,0.646468729775,
    0.729236760614,1.),.UNSPECIFIED.);
#9401 = CARTESIAN_POINT('',(286.01167210421,24.268134402602,
    110.09295337003));
#9402 = CARTESIAN_POINT('',(286.10943141328,24.129015982249,
    109.89006434272));
#9403 = CARTESIAN_POINT('',(286.20655706554,24.007208503511,
    109.67419992717));
#9404 = CARTESIAN_POINT('',(286.30290503618,23.903085932703,
    109.44542608206));
#9405 = CARTESIAN_POINT('',(286.39808469521,23.817882647659,
    109.20377250271));
#9406 = CARTESIAN_POINT('',(286.49149635784,23.753302444993,
    108.94945421737));
#9407 = CARTESIAN_POINT('',(286.58225867371,23.711849404748,
    108.68272421454));
#9408 = CARTESIAN_POINT('',(286.66927116167,23.696359451709,
    108.40410617628));
#9409 = CARTESIAN_POINT('',(286.77594648285,23.716545247735,
    108.02440556808));
#9410 = CARTESIAN_POINT('',(286.80043706055,23.724177120245,
    107.93431674246));
#9411 = CARTESIAN_POINT('',(286.82435575494,23.734842719216,
    107.84318553408));
#9412 = CARTESIAN_POINT('',(286.84764066466,23.748689638779,
    107.75105398685));
#9413 = CARTESIAN_POINT('',(286.8702194376,23.765876117192,
    107.65798630353));
#9414 = CARTESIAN_POINT('',(286.89200969053,23.786568765749,
    107.56406960976));
#9415 = CARTESIAN_POINT('',(286.91291942861,23.810940297688,
    107.46941471815));
#9416 = CARTESIAN_POINT('',(286.94702673242,23.859251403811,
    107.30637870462));
#9417 = CARTESIAN_POINT('',(286.96070744982,23.881285456115,
    107.23830244449));
#9418 = CARTESIAN_POINT('',(286.97385277192,23.905330861144,
    107.16998047577));
#9419 = CARTESIAN_POINT('',(286.98642189462,23.931448036372,
    107.10147878074));
#9420 = CARTESIAN_POINT('',(286.99837097038,23.959693433734,
    107.03287707807));
#9421 = CARTESIAN_POINT('',(287.00965402352,23.990116603735,
    106.96426894099));
#9422 = CARTESIAN_POINT('',(287.02022386556,24.022757259566,
    106.89576191534));
#9423 = CARTESIAN_POINT('',(287.03499919392,24.075303994055,
    106.79290660758));
#9424 = CARTESIAN_POINT('',(287.03977031082,24.093540557011,
    106.75839334878));
#9425 = CARTESIAN_POINT('',(287.04434016742,24.112355138493,
    106.72395415806));
#9426 = CARTESIAN_POINT('',(287.04870256849,24.131749869372,
    106.68960634621));
#9427 = CARTESIAN_POINT('',(287.05285138344,24.151725733754,
    106.65536820455));
#9428 = CARTESIAN_POINT('',(287.05678061241,24.172282399767,
    106.62125897156));
#9429 = CARTESIAN_POINT('',(287.06048445238,24.193418050341,
    106.58729879942));
#9430 = CARTESIAN_POINT('',(287.07074508037,24.257563139053,
    106.48746685876));
#9431 = CARTESIAN_POINT('',(287.07665164227,24.30220203246,
    106.4220648031));
#9432 = CARTESIAN_POINT('',(287.08163420923,24.349013157163,
    106.35747140597));
#9433 = CARTESIAN_POINT('',(287.08565563856,24.397944729897,
    106.29385711006));
#9434 = CARTESIAN_POINT('',(287.08868596636,24.448923217887,
    106.23139209587));
#9435 = CARTESIAN_POINT('',(287.09070388913,24.501850635545,
    106.17024442903));
#9436 = CARTESIAN_POINT('',(287.09169824552,24.556601841177,
    106.11057820782));
#9437 = CARTESIAN_POINT('',(287.09164113443,24.668688428416,
    105.99530006316));
#9438 = CARTESIAN_POINT('',(287.09061680443,24.725991818308,
    105.93963200284));
#9439 = CARTESIAN_POINT('',(287.08859650096,24.784784063919,
    105.8856998921));
#9440 = CARTESIAN_POINT('',(287.08559119866,24.844910970098,
    105.83362797866));
#9441 = CARTESIAN_POINT('',(287.08162146258,24.906213896117,
    105.78351488507));
#9442 = CARTESIAN_POINT('',(287.07671605706,24.968531565804,
    105.73543609843));
#9443 = CARTESIAN_POINT('',(287.0709105545,25.031701877678,
    105.68944646007));
#9444 = CARTESIAN_POINT('',(287.06079111947,25.128668644682,
    105.6228443779));
#9445 = CARTESIAN_POINT('',(287.05710518699,25.161961849743,
    105.60067564286));
#9446 = CARTESIAN_POINT('',(287.05319366624,25.195422394044,
    105.579080626));
#9447 = CARTESIAN_POINT('',(287.04906234261,25.229030166799,
    105.55806181945));
#9448 = CARTESIAN_POINT('',(287.04471720124,25.262765921451,
    105.53762019958));
#9449 = CARTESIAN_POINT('',(287.04016436086,25.29661131445,
    105.51775539501));
#9450 = CARTESIAN_POINT('',(287.03541000759,25.330548944047,
    105.49846585466));
#9451 = CARTESIAN_POINT('',(287.02068478177,25.431738472311,
    105.44278351792));
#9452 = CARTESIAN_POINT('',(287.01014767869,25.499207704511,
    105.40805344441));
#9453 = CARTESIAN_POINT('',(286.99889644504,25.566847427098,
    105.37553595075));
#9454 = CARTESIAN_POINT('',(286.98697823904,25.634548681841,
    105.34519491707));
#9455 = CARTESIAN_POINT('',(286.97443903125,25.702216184639,
    105.31698389708));
#9456 = CARTESIAN_POINT('',(286.96132268423,25.769768299304,
    105.29084906697));
#9457 = CARTESIAN_POINT('',(286.94767003208,25.837137011345,
    105.26673217431));
#9458 = CARTESIAN_POINT('',(286.91362853853,25.998614128006,
    105.21343151171));
#9459 = CARTESIAN_POINT('',(286.89275572719,26.092476588292,
    105.18616163565));
#9460 = CARTESIAN_POINT('',(286.8710008106,26.185714214438,
    105.16259173855));
#9461 = CARTESIAN_POINT('',(286.84845589584,26.27821058491,
    105.14255266383));
#9462 = CARTESIAN_POINT('',(286.82520348517,26.369873223798,
    105.1258805405));
#9463 = CARTESIAN_POINT('',(286.80131604858,26.460632899784,
    105.11241910507));
#9464 = CARTESIAN_POINT('',(286.77685559639,26.550442925125,
    105.10202202352));
#9465 = CARTESIAN_POINT('',(286.67014724608,26.92989060881,
    105.07012865932));
#9466 = CARTESIAN_POINT('',(286.58304181061,27.209344450058,
    105.07712108852));
#9467 = CARTESIAN_POINT('',(286.49216729907,27.47765946658,
    105.11051531289));
#9468 = CARTESIAN_POINT('',(286.39863096979,27.734221774548,
    105.16747765438));
#9469 = CARTESIAN_POINT('',(286.30331966128,27.978702196513,
    105.24549703989));
#9470 = CARTESIAN_POINT('',(286.20683601756,28.210834085939,
    105.3428682279));
#9471 = CARTESIAN_POINT('',(286.1095721584,28.430552506245,
    105.45835189537));
#9472 = CARTESIAN_POINT('',(286.01167150421,28.637781974124,
    105.59157711505));
#9473 = ORIENTED_EDGE('',*,*,#9474,.T.);
#9474 = EDGE_CURVE('',#9398,#9381,#9475,.T.);
#9475 = CIRCLE('',#9476,3.2);
#9476 = AXIS2_PLACEMENT_3D('',#9477,#9478,#9479);
#9477 = CARTESIAN_POINT('',(286.01167210421,26.9073,108.28331115415));
#9478 = DIRECTION('',(1.,0.,-2.22044604925E-16));
#9479 = DIRECTION('',(2.22044604925E-16,0.,1.));
#9480 = ORIENTED_EDGE('',*,*,#9380,.T.);
#9481 = CYLINDRICAL_SURFACE('',#9482,3.2);
#9482 = AXIS2_PLACEMENT_3D('',#9483,#9484,#9485);
#9483 = CARTESIAN_POINT('',(286.01167210421,26.9073,108.28331115415));
#9484 = DIRECTION('',(1.,0.,-2.22044604925E-16));
#9485 = DIRECTION('',(2.22044604925E-16,0.,1.));
#9486 = ADVANCED_FACE('',(#9487),#9599,.F.);
#9487 = FACE_BOUND('',#9488,.F.);
#9488 = EDGE_LOOP('',(#9489,#9490,#9498,#9507,#9591,#9598));
#9489 = ORIENTED_EDGE('',*,*,#7988,.F.);
#9490 = ORIENTED_EDGE('',*,*,#9491,.F.);
#9491 = EDGE_CURVE('',#9492,#7989,#9494,.T.);
#9492 = VERTEX_POINT('',#9493);
#9493 = CARTESIAN_POINT('',(286.01167210421,-21.05064,116.39762115415));
#9494 = LINE('',#9495,#9496);
#9495 = CARTESIAN_POINT('',(286.01167210421,-21.05064,116.39762115415));
#9496 = VECTOR('',#9497,1.);
#9497 = DIRECTION('',(1.,0.,-2.22044604925E-16));
#9498 = ORIENTED_EDGE('',*,*,#9499,.T.);
#9499 = EDGE_CURVE('',#9492,#9500,#9502,.T.);
#9500 = VERTEX_POINT('',#9501);
#9501 = CARTESIAN_POINT('',(286.01167210421,-23.29108214992,
    110.91279753451));
#9502 = CIRCLE('',#9503,3.2);
#9503 = AXIS2_PLACEMENT_3D('',#9504,#9505,#9506);
#9504 = CARTESIAN_POINT('',(286.01167210421,-21.05064,113.19762115415));
#9505 = DIRECTION('',(1.,0.,-2.22044604925E-16));
#9506 = DIRECTION('',(2.22044604925E-16,0.,1.));
#9507 = ORIENTED_EDGE('',*,*,#9508,.T.);
#9508 = EDGE_CURVE('',#9500,#9509,#9511,.T.);
#9509 = VERTEX_POINT('',#9510);
#9510 = CARTESIAN_POINT('',(286.01167210421,-18.0993069914,
    114.43440467294));
#9511 = B_SPLINE_CURVE_WITH_KNOTS('',8,(#9512,#9513,#9514,#9515,#9516,
    #9517,#9518,#9519,#9520,#9521,#9522,#9523,#9524,#9525,#9526,#9527,
    #9528,#9529,#9530,#9531,#9532,#9533,#9534,#9535,#9536,#9537,#9538,
    #9539,#9540,#9541,#9542,#9543,#9544,#9545,#9546,#9547,#9548,#9549,
    #9550,#9551,#9552,#9553,#9554,#9555,#9556,#9557,#9558,#9559,#9560,
    #9561,#9562,#9563,#9564,#9565,#9566,#9567,#9568,#9569,#9570,#9571,
    #9572,#9573,#9574,#9575,#9576,#9577,#9578,#9579,#9580,#9581,#9582,
    #9583,#9584,#9585,#9586,#9587,#9588,#9589,#9590),.UNSPECIFIED.,.F.,
  .F.,(9,7,7,7,7,7,7,7,7,7,7,9),(0.,0.270135342815,0.353384621661,
    0.411929905287,0.441655977293,0.500118407961,0.540024237184,
    0.558589620758,0.588322896503,0.646886781244,0.730163697315,1.),
  .UNSPECIFIED.);
#9512 = CARTESIAN_POINT('',(286.01167210421,-23.29108214992,
    110.91279753451));
#9513 = CARTESIAN_POINT('',(286.10934396051,-23.11559077228,
    110.74071498248));
#9514 = CARTESIAN_POINT('',(286.20638410725,-22.92434190396,
    110.58339932053));
#9515 = CARTESIAN_POINT('',(286.30264815057,-22.71733639138,
    110.44123101937));
#9516 = CARTESIAN_POINT('',(286.39774638241,-22.49439077453,
    110.31542717807));
#9517 = CARTESIAN_POINT('',(286.49108094818,-22.25542135409,
    110.20769770838));
#9518 = CARTESIAN_POINT('',(286.58177388556,-22.00024322387,
    110.12054289926));
#9519 = CARTESIAN_POINT('',(286.66872890027,-21.72887772954,
    110.05683693191));
#9520 = CARTESIAN_POINT('',(286.77550939746,-21.35136392959,
    110.01052320559));
#9521 = CARTESIAN_POINT('',(286.800138948,-21.26086352264,
    110.00230920742));
#9522 = CARTESIAN_POINT('',(286.82419132159,-21.16879292316,
    109.99692982938));
#9523 = CARTESIAN_POINT('',(286.84760371198,-21.07516800041,
    109.9945400477));
#9524 = CARTESIAN_POINT('',(286.87030263852,-20.9800250135,
    109.99530948442));
#9525 = CARTESIAN_POINT('',(286.89220437682,-20.88342178879,
    109.99942024796));
#9526 = CARTESIAN_POINT('',(286.91321538922,-20.78543889734,
    110.00706477355));
#9527 = CARTESIAN_POINT('',(286.94731002308,-20.61637732582,
    110.02644589959));
#9528 = CARTESIAN_POINT('',(286.96089432655,-20.54595055692,
    110.03629432142));
#9529 = CARTESIAN_POINT('',(286.97394946167,-20.47494085194,
    110.04805723106));
#9530 = CARTESIAN_POINT('',(286.98643537466,-20.40340179717,
    110.06180421377));
#9531 = CARTESIAN_POINT('',(286.99830904903,-20.33140084626,
    110.0776033561));
#9532 = CARTESIAN_POINT('',(287.00952539243,-20.25901992777,
    110.09551846369));
#9533 = CARTESIAN_POINT('',(287.02003812359,-20.18635605267,
    110.1156062791));
#9534 = CARTESIAN_POINT('',(287.03475753731,-20.07654075987,
    110.14924017962));
#9535 = CARTESIAN_POINT('',(287.03952092904,-20.03951641787,
    110.16113863364));
#9536 = CARTESIAN_POINT('',(287.04408470566,-20.00246420535,
    110.1736149158));
#9537 = CARTESIAN_POINT('',(287.04844273555,-19.96540058485,
    110.18667410783));
#9538 = CARTESIAN_POINT('',(287.05258894903,-19.92834316877,
    110.20032034977));
#9539 = CARTESIAN_POINT('',(287.05651740312,-19.89131071622,
    110.21455667061));
#9540 = CARTESIAN_POINT('',(287.0602223464,-19.85432312976,
    110.22938481902));
#9541 = CARTESIAN_POINT('',(287.07053442902,-19.74478738444,
    110.27513223462));
#9542 = CARTESIAN_POINT('',(287.07648579758,-19.6724171998,
    110.30775441949));
#9543 = CARTESIAN_POINT('',(287.08150908886,-19.60046394907,
    110.34266922164));
#9544 = CARTESIAN_POINT('',(287.08556671438,-19.52910571519,
    110.37985558472));
#9545 = CARTESIAN_POINT('',(287.08862830662,-19.45852423921,
    110.41927078056));
#9546 = CARTESIAN_POINT('',(287.09067222793,-19.38890354615,
    110.46084736665));
#9547 = CARTESIAN_POINT('',(287.0916870794,-19.32042857089,
    110.50449014358));
#9548 = CARTESIAN_POINT('',(287.09166374241,-19.20745147136,
    110.58118755905));
#9549 = CARTESIAN_POINT('',(287.09117498463,-19.16223388487,
    110.61320935583));
#9550 = CARTESIAN_POINT('',(287.09020693146,-19.11768787668,
    110.64609994716));
#9551 = CARTESIAN_POINT('',(287.08876205635,-19.07386503003,
    110.67981778035));
#9552 = CARTESIAN_POINT('',(287.08684513669,-19.03081189857,
    110.71431860334));
#9553 = CARTESIAN_POINT('',(287.08446307936,-18.98857024569,
    110.74955576248));
#9554 = CARTESIAN_POINT('',(287.08162474626,-18.94717728379,
    110.7854805002));
#9555 = CARTESIAN_POINT('',(287.07681298066,-18.88781881431,
    110.83905187193));
#9556 = CARTESIAN_POINT('',(287.07518869697,-18.86916221503,
    110.85619966395));
#9557 = CARTESIAN_POINT('',(287.07346899567,-18.85069923689,
    110.87348068151));
#9558 = CARTESIAN_POINT('',(287.07165500116,-18.83243273588,
    110.89089000473));
#9559 = CARTESIAN_POINT('',(287.06974789537,-18.81436530285,
    110.90842274117));
#9560 = CARTESIAN_POINT('',(287.06774891783,-18.79649926356,
    110.9260740258));
#9561 = CARTESIAN_POINT('',(287.06565936561,-18.77883667863,
    110.94383902099));
#9562 = CARTESIAN_POINT('',(287.05999119399,-18.73342065612,
    110.9903387439));
#9563 = CARTESIAN_POINT('',(287.05627292248,-18.70598838867,
    111.0192439923));
#9564 = CARTESIAN_POINT('',(287.05233128898,-18.67908998308,
    111.04840900139));
#9565 = CARTESIAN_POINT('',(287.04817205783,-18.65273111494,
    111.07781463866));
#9566 = CARTESIAN_POINT('',(287.0438011827,-18.62691584981,
    111.10744236469));
#9567 = CARTESIAN_POINT('',(287.03922474193,-18.60164679949,
    111.1372742985));
#9568 = CARTESIAN_POINT('',(287.03444887374,-18.57692527824,
    111.16729328287));
#9569 = CARTESIAN_POINT('',(287.01969224484,-18.50513770898,
    111.256945761));
#9570 = CARTESIAN_POINT('',(287.0091552186,-18.45965069582,
    111.31706851116));
#9571 = CARTESIAN_POINT('',(286.99791525961,-18.41628814571,
    111.37772928603));
#9572 = CARTESIAN_POINT('',(286.98601867076,-18.37503289914,
    111.43881712335));
#9573 = CARTESIAN_POINT('',(286.97351054775,-18.33585571343,
    111.50023247235));
#9574 = CARTESIAN_POINT('',(286.96043389589,-18.2987180652,
    111.56188765344));
#9575 = CARTESIAN_POINT('',(286.94682874687,-18.26357495288,
    111.62370731786));
#9576 = CARTESIAN_POINT('',(286.91268489465,-18.18317173035,
    111.77368042642));
#9577 = CARTESIAN_POINT('',(286.89164614367,-18.13990719484,
    111.86192466076));
#9578 = CARTESIAN_POINT('',(286.86971786845,-18.10043601906,
    111.95019076837));
#9579 = CARTESIAN_POINT('',(286.84699352115,-18.06460898915,
    112.03833310251));
#9580 = CARTESIAN_POINT('',(286.82355673562,-18.03227817007,
    112.12623091607));
#9581 = CARTESIAN_POINT('',(286.79948090288,-18.00329932487,
    112.21378806586));
#9582 = CARTESIAN_POINT('',(286.77482874654,-17.97753433396,
    112.30093271692));
#9583 = CARTESIAN_POINT('',(286.66807313707,-17.88136288197,
    112.66849415156));
#9584 = CARTESIAN_POINT('',(286.58118770515,-17.84043458601,
    112.94384405466));
#9585 = CARTESIAN_POINT('',(286.49057864923,-17.82720403888,
    113.21283188667));
#9586 = CARTESIAN_POINT('',(286.39733723555,-17.83901853629,
    113.47438142471));
#9587 = CARTESIAN_POINT('',(286.30233735962,-17.8734977691,
    113.72774336397));
#9588 = CARTESIAN_POINT('',(286.20617467519,-17.92902821068,
    113.97236512403));
#9589 = CARTESIAN_POINT('',(286.10923777987,-18.00441602432,
    114.20796692663));
#9590 = CARTESIAN_POINT('',(286.01167150421,-18.09930757495,
    114.43440606546));
#9591 = ORIENTED_EDGE('',*,*,#9592,.T.);
#9592 = EDGE_CURVE('',#9509,#9492,#9593,.T.);
#9593 = CIRCLE('',#9594,3.2);
#9594 = AXIS2_PLACEMENT_3D('',#9595,#9596,#9597);
#9595 = CARTESIAN_POINT('',(286.01167210421,-21.05064,113.19762115415));
#9596 = DIRECTION('',(1.,0.,-2.22044604925E-16));
#9597 = DIRECTION('',(2.22044604925E-16,0.,1.));
#9598 = ORIENTED_EDGE('',*,*,#9491,.T.);
#9599 = CYLINDRICAL_SURFACE('',#9600,3.2);
#9600 = AXIS2_PLACEMENT_3D('',#9601,#9602,#9603);
#9601 = CARTESIAN_POINT('',(286.01167210421,-21.05064,113.19762115415));
#9602 = DIRECTION('',(1.,0.,-2.22044604925E-16));
#9603 = DIRECTION('',(2.22044604925E-16,0.,1.));
#9604 = ADVANCED_FACE('',(#9605),#9697,.F.);
#9605 = FACE_BOUND('',#9606,.F.);
#9606 = EDGE_LOOP('',(#9607,#9608,#9616,#9627,#9636,#9696));
#9607 = ORIENTED_EDGE('',*,*,#8171,.F.);
#9608 = ORIENTED_EDGE('',*,*,#9609,.F.);
#9609 = EDGE_CURVE('',#9610,#8172,#9612,.T.);
#9610 = VERTEX_POINT('',#9611);
#9611 = CARTESIAN_POINT('',(286.28829727851,-34.21811,70.021631154151));
#9612 = LINE('',#9613,#9614);
#9613 = CARTESIAN_POINT('',(286.01167210421,-34.21811,70.021631154151));
#9614 = VECTOR('',#9615,1.);
#9615 = DIRECTION('',(1.,0.,-2.22044604925E-16));
#9616 = ORIENTED_EDGE('',*,*,#9617,.T.);
#9617 = EDGE_CURVE('',#9610,#9618,#9620,.T.);
#9618 = VERTEX_POINT('',#9619);
#9619 = CARTESIAN_POINT('',(286.01167210421,-34.9236052877,
    69.942893142358));
#9620 = B_SPLINE_CURVE_WITH_KNOTS('',5,(#9621,#9622,#9623,#9624,#9625,
    #9626),.UNSPECIFIED.,.F.,.F.,(6,6),(0.,1.),
  .PIECEWISE_BEZIER_KNOTS.);
#9621 = CARTESIAN_POINT('',(286.28829727851,-34.21811,70.021631154151));
#9622 = CARTESIAN_POINT('',(286.23373398796,-34.3628511766,
    70.021631154151));
#9623 = CARTESIAN_POINT('',(286.17866097898,-34.50595524586,
    70.013447930883));
#9624 = CARTESIAN_POINT('',(286.12321769437,-34.64724261442,
    69.997449309529));
#9625 = CARTESIAN_POINT('',(286.06752130153,-34.78652315944,
    69.973877727465));
#9626 = CARTESIAN_POINT('',(286.01167150421,-34.9236067604,
    69.942892809484));
#9627 = ORIENTED_EDGE('',*,*,#9628,.T.);
#9628 = EDGE_CURVE('',#9618,#9629,#9631,.T.);
#9629 = VERTEX_POINT('',#9630);
#9630 = CARTESIAN_POINT('',(286.01167210421,-32.35704195131,
    64.218474278707));
#9631 = CIRCLE('',#9632,3.2);
#9632 = AXIS2_PLACEMENT_3D('',#9633,#9634,#9635);
#9633 = CARTESIAN_POINT('',(286.01167210421,-34.21811,66.821631154151));
#9634 = DIRECTION('',(1.,0.,-2.22044604925E-16));
#9635 = DIRECTION('',(2.22044604925E-16,0.,1.));
#9636 = ORIENTED_EDGE('',*,*,#9637,.T.);
#9637 = EDGE_CURVE('',#9629,#9610,#9638,.T.);
#9638 = B_SPLINE_CURVE_WITH_KNOTS('',6,(#9639,#9640,#9641,#9642,#9643,
    #9644,#9645,#9646,#9647,#9648,#9649,#9650,#9651,#9652,#9653,#9654,
    #9655,#9656,#9657,#9658,#9659,#9660,#9661,#9662,#9663,#9664,#9665,
    #9666,#9667,#9668,#9669,#9670,#9671,#9672,#9673,#9674,#9675,#9676,
    #9677,#9678,#9679,#9680,#9681,#9682,#9683,#9684,#9685,#9686,#9687,
    #9688,#9689,#9690,#9691,#9692,#9693,#9694,#9695),.UNSPECIFIED.,.F.,
  .F.,(7,5,5,5,5,5,5,5,5,5,5,7),(0.,0.155796980264,0.298991319489,
    0.390945192426,0.455993135763,0.489032861869,0.553559502866,
    0.616843127971,0.648986282717,0.711078266421,0.846476179122,1.),
  .UNSPECIFIED.);
#9639 = CARTESIAN_POINT('',(286.01167210421,-32.35704195131,
    64.218474278707));
#9640 = CARTESIAN_POINT('',(286.07948450444,-32.21822477473,
    64.31771847501));
#9641 = CARTESIAN_POINT('',(286.14707284641,-32.08518719341,
    64.426254445809));
#9642 = CARTESIAN_POINT('',(286.2142952636,-31.95827998883,
    64.54403701821));
#9643 = CARTESIAN_POINT('',(286.28097048687,-31.83798776928,
    64.671113370406));
#9644 = CARTESIAN_POINT('',(286.34687827295,-31.72490777622,
    64.807593063572));
#9645 = CARTESIAN_POINT('',(286.47136683296,-31.52325049526,
    65.088106363016));
#9646 = CARTESIAN_POINT('',(286.53008527033,-31.43346989163,
    65.230583034382));
#9647 = CARTESIAN_POINT('',(286.58771193339,-31.35105576704,
    65.381445968946));
#9648 = CARTESIAN_POINT('',(286.64394676539,-31.27685203624,
    65.540950336315));
#9649 = CARTESIAN_POINT('',(286.69838585071,-31.21192165189,
    65.709300777147));
#9650 = CARTESIAN_POINT('',(286.7839396719,-31.1228838601,
    66.000790001231));
#9651 = CARTESIAN_POINT('',(286.81641868075,-31.09249440682,
    66.118512254842));
#9652 = CARTESIAN_POINT('',(286.84777734465,-31.06691024261,
    66.240046573453));
#9653 = CARTESIAN_POINT('',(286.87782053649,-31.04660003774,
    66.365394668996));
#9654 = CARTESIAN_POINT('',(286.9063057965,-31.03210661746,
    66.494470204781));
#9655 = CARTESIAN_POINT('',(286.95179341803,-31.01831538592,
    66.720895819338));
#9656 = CARTESIAN_POINT('',(286.9697140167,-31.01581329947,
    66.816464049854));
#9657 = CARTESIAN_POINT('',(286.98660677895,-31.01673302332,
    66.913710969205));
#9658 = CARTESIAN_POINT('',(287.00235115797,-31.02130153206,
    67.012497527801));
#9659 = CARTESIAN_POINT('',(287.01681677979,-31.02973778077,
    67.112613761351));
#9660 = CARTESIAN_POINT('',(287.03650290452,-31.04857171534,
    67.265147956228));
#9661 = CARTESIAN_POINT('',(287.04276988829,-31.05596129638,
    67.316793897585));
#9662 = CARTESIAN_POINT('',(287.04865544829,-31.06442030133,
    67.368666495063));
#9663 = CARTESIAN_POINT('',(287.05414221478,-31.07396991145,
    67.420719873818));
#9664 = CARTESIAN_POINT('',(287.05921342364,-31.08462705566,
    67.472901896167));
#9665 = CARTESIAN_POINT('',(287.07291567564,-31.11940090289,
    67.627202190325));
#9666 = CARTESIAN_POINT('',(287.08033535242,-31.14667070683,
    67.729538968824));
#9667 = CARTESIAN_POINT('',(287.08599267166,-31.17828821453,
    67.831689874719));
#9668 = CARTESIAN_POINT('',(287.08979416917,-31.21424871523,
    67.933142953267));
#9669 = CARTESIAN_POINT('',(287.0916866509,-31.25443713352,
    68.033356253975));
#9670 = CARTESIAN_POINT('',(287.09165572045,-31.34190888184,
    68.228278862196));
#9671 = CARTESIAN_POINT('',(287.08980511688,-31.38905380223,
    68.323086421608));
#9672 = CARTESIAN_POINT('',(287.08611885658,-31.43979527405,
    68.415655897794));
#9673 = CARTESIAN_POINT('',(287.0806465216,-31.49382469033,
    68.505564906232));
#9674 = CARTESIAN_POINT('',(287.0734751598,-31.55078562636,
    68.592485515969));
#9675 = CARTESIAN_POINT('',(287.06026823619,-31.64052381567,
    68.718673531206));
#9676 = CARTESIAN_POINT('',(287.05540982323,-31.67141174909,
    68.760347289244));
#9677 = CARTESIAN_POINT('',(287.05015575601,-31.70291342528,
    68.801161134127));
#9678 = CARTESIAN_POINT('',(287.04452136929,-31.73498247465,
    68.841093877605));
#9679 = CARTESIAN_POINT('',(287.03852259361,-31.76757409205,
    68.880130992767));
#9680 = CARTESIAN_POINT('',(287.01991434924,-31.86453154132,
    68.991925113095));
#9681 = CARTESIAN_POINT('',(287.00635361365,-31.93020622258,
    69.062207629194));
#9682 = CARTESIAN_POINT('',(286.9916079076,-31.99736921164,
    69.129054877139));
#9683 = CARTESIAN_POINT('',(286.97579148819,-32.06575168539,
    69.192479309365));
#9684 = CARTESIAN_POINT('',(286.9590110028,-32.13512444271,
    69.252540654355));
#9685 = CARTESIAN_POINT('',(286.90286486144,-32.35834311119,
    69.43314791087));
#9686 = CARTESIAN_POINT('',(286.86025403386,-32.51510715503,
    69.541293411556));
#9687 = CARTESIAN_POINT('',(286.81444220456,-32.67390291573,
    69.634867644478));
#9688 = CARTESIAN_POINT('',(286.76614952634,-32.83350241326,
    69.714975641889));
#9689 = CARTESIAN_POINT('',(286.71590125643,-32.99312586627,
    69.78270649882));
#9690 = CARTESIAN_POINT('',(286.60516341101,-33.33312040336,
    69.902784088609));
#9691 = CARTESIAN_POINT('',(286.54425552329,-33.51324852513,
    69.951801940066));
#9692 = CARTESIAN_POINT('',(286.48178785184,-33.69223272783,
    69.98736314702));
#9693 = CARTESIAN_POINT('',(286.41813470711,-33.86957946685,
    70.010385315124));
#9694 = CARTESIAN_POINT('',(286.35357706684,-34.04494094667,
    70.021631154151));
#9695 = CARTESIAN_POINT('',(286.28829727851,-34.21811,70.021631154151));
#9696 = ORIENTED_EDGE('',*,*,#9609,.T.);
#9697 = CYLINDRICAL_SURFACE('',#9698,3.2);
#9698 = AXIS2_PLACEMENT_3D('',#9699,#9700,#9701);
#9699 = CARTESIAN_POINT('',(286.01167210421,-34.21811,66.821631154151));
#9700 = DIRECTION('',(1.,0.,-2.22044604925E-16));
#9701 = DIRECTION('',(2.22044604925E-16,0.,1.));
#9702 = ADVANCED_FACE('',(#9703),#9796,.F.);
#9703 = FACE_BOUND('',#9704,.F.);
#9704 = EDGE_LOOP('',(#9705,#9706,#9714,#9736,#9745,#9795));
#9705 = ORIENTED_EDGE('',*,*,#8342,.F.);
#9706 = ORIENTED_EDGE('',*,*,#9707,.F.);
#9707 = EDGE_CURVE('',#9708,#8343,#9710,.T.);
#9708 = VERTEX_POINT('',#9709);
#9709 = CARTESIAN_POINT('',(286.9523444178,-16.35107,51.615961154151));
#9710 = LINE('',#9711,#9712);
#9711 = CARTESIAN_POINT('',(286.01167210421,-16.35107,51.615961154151));
#9712 = VECTOR('',#9713,1.);
#9713 = DIRECTION('',(1.,0.,-2.22044604925E-16));
#9714 = ORIENTED_EDGE('',*,*,#9715,.T.);
#9715 = EDGE_CURVE('',#9708,#9716,#9718,.T.);
#9716 = VERTEX_POINT('',#9717);
#9717 = CARTESIAN_POINT('',(286.01167210421,-18.8978213898,
    50.353500149506));
#9718 = B_SPLINE_CURVE_WITH_KNOTS('',6,(#9719,#9720,#9721,#9722,#9723,
    #9724,#9725,#9726,#9727,#9728,#9729,#9730,#9731,#9732,#9733,#9734,
    #9735),.UNSPECIFIED.,.F.,.F.,(7,5,5,7),(0.,0.248875436647,
    0.609159878782,1.),.UNSPECIFIED.);
#9719 = CARTESIAN_POINT('',(286.9523444178,-16.35107,51.615961154151));
#9720 = CARTESIAN_POINT('',(286.92462870257,-16.49789570446,
    51.615961154151));
#9721 = CARTESIAN_POINT('',(286.89455111202,-16.64090052356,
    51.607877018203));
#9722 = CARTESIAN_POINT('',(286.86250321375,-16.77975217063,
    51.592497509212));
#9723 = CARTESIAN_POINT('',(286.82881667717,-16.91427961234,
    51.570546345843));
#9724 = CARTESIAN_POINT('',(286.79375597923,-17.04444930389,
    51.542650407509));
#9725 = CARTESIAN_POINT('',(286.70504123788,-17.35258910977,
    51.46103972654));
#9726 = CARTESIAN_POINT('',(286.65011894141,-17.52577188584,
    51.401384402092));
#9727 = CARTESIAN_POINT('',(286.59332250145,-17.69015839259,
    51.331870025517));
#9728 = CARTESIAN_POINT('',(286.53507852209,-17.84592411282,
    51.253621447118));
#9729 = CARTESIAN_POINT('',(286.47570256134,-17.99331025627,
    51.167533406808));
#9730 = CARTESIAN_POINT('',(286.34996533295,-18.28363705044,
    50.972962613529));
#9731 = CARTESIAN_POINT('',(286.28346889882,-18.42507178831,
    50.863246912859));
#9732 = CARTESIAN_POINT('',(286.21618429021,-18.55714573087,
    50.745884724356));
#9733 = CARTESIAN_POINT('',(286.14833891306,-18.67995409349,
    50.62149582195));
#9734 = CARTESIAN_POINT('',(286.0801194852,-18.79353186652,
    50.490581131644));
#9735 = CARTESIAN_POINT('',(286.01167150421,-18.89782230399,
    50.353498947874));
#9736 = ORIENTED_EDGE('',*,*,#9737,.T.);
#9737 = EDGE_CURVE('',#9716,#9738,#9740,.T.);
#9738 = VERTEX_POINT('',#9739);
#9739 = CARTESIAN_POINT('',(286.01167210421,-13.25213323843,
    47.618094656672));
#9740 = CIRCLE('',#9741,3.2);
#9741 = AXIS2_PLACEMENT_3D('',#9742,#9743,#9744);
#9742 = CARTESIAN_POINT('',(286.01167210421,-16.35107,48.415961154151));
#9743 = DIRECTION('',(1.,0.,-2.22044604925E-16));
#9744 = DIRECTION('',(2.22044604925E-16,0.,1.));
#9745 = ORIENTED_EDGE('',*,*,#9746,.T.);
#9746 = EDGE_CURVE('',#9738,#9708,#9747,.T.);
#9747 = B_SPLINE_CURVE_WITH_KNOTS('',6,(#9748,#9749,#9750,#9751,#9752,
    #9753,#9754,#9755,#9756,#9757,#9758,#9759,#9760,#9761,#9762,#9763,
    #9764,#9765,#9766,#9767,#9768,#9769,#9770,#9771,#9772,#9773,#9774,
    #9775,#9776,#9777,#9778,#9779,#9780,#9781,#9782,#9783,#9784,#9785,
    #9786,#9787,#9788,#9789,#9790,#9791,#9792,#9793,#9794),
  .UNSPECIFIED.,.F.,.F.,(7,5,5,5,5,5,5,5,5,7),(0.,0.221240208934,
    0.424568888698,0.554947906929,0.64703123409,0.693985656084,
    0.785361236148,0.872882120015,0.916608543895,1.),.UNSPECIFIED.);
#9748 = CARTESIAN_POINT('',(286.01167210421,-13.25213323843,
    47.618094656672));
#9749 = CARTESIAN_POINT('',(286.07951869009,-13.20956438863,
    47.78343331164));
#9750 = CARTESIAN_POINT('',(286.14714097963,-13.17740609575,
    47.952178228416));
#9751 = CARTESIAN_POINT('',(286.21439691233,-13.15589837474,
    48.124068976099));
#9752 = CARTESIAN_POINT('',(286.28110492927,-13.14544348528,
    48.298829787933));
#9753 = CARTESIAN_POINT('',(286.34704440687,-13.14657029264,
    48.476160193028));
#9754 = CARTESIAN_POINT('',(286.47158625645,-13.17247372047,
    48.820840887302));
#9755 = CARTESIAN_POINT('',(286.53032660207,-13.1953240163,
    48.987771227389));
#9756 = CARTESIAN_POINT('',(286.5879735914,-13.22921927065,
    49.156391510964));
#9757 = CARTESIAN_POINT('',(286.64422658669,-13.27497150779,
    49.326354063375));
#9758 = CARTESIAN_POINT('',(286.69868082391,-13.33352822413,
    49.497131154972));
#9759 = CARTESIAN_POINT('',(286.78420365161,-13.45278249428,
    49.777618020562));
#9760 = CARTESIAN_POINT('',(286.81664185534,-13.50515908589,
    49.887218155257));
#9761 = CARTESIAN_POINT('',(286.8479610794,-13.56365622455,
    49.99664863462));
#9762 = CARTESIAN_POINT('',(286.87796664403,-13.62863298725,
    50.105610097081));
#9763 = CARTESIAN_POINT('',(286.90641670932,-13.70044855446,
    50.213688433808));
#9764 = CARTESIAN_POINT('',(286.95181984867,-13.83522898009,
    50.395691423443));
#9765 = CARTESIAN_POINT('',(286.96969249705,-13.89458966741,
    50.470312217107));
#9766 = CARTESIAN_POINT('',(286.9865426328,-13.95763125565,
    50.544024093164));
#9767 = CARTESIAN_POINT('',(287.00225067987,-14.02443755575,
    50.616576669245));
#9768 = CARTESIAN_POINT('',(287.01668732583,-14.09504123207,
    50.687670897686));
#9769 = CARTESIAN_POINT('',(287.03636826525,-14.20731405063,
    50.792302162603));
#9770 = CARTESIAN_POINT('',(287.04264998259,-14.24620455801,
    50.827168753619));
#9771 = CARTESIAN_POINT('',(287.04854954503,-14.28606261696,
    50.861520923002));
#9772 = CARTESIAN_POINT('',(287.05404951212,-14.32687498671,
    50.895309751634));
#9773 = CARTESIAN_POINT('',(287.05913304793,-14.36862111309,
    50.928484238695));
#9774 = CARTESIAN_POINT('',(287.07283657316,-14.49427192753,
    51.024254086939));
#9775 = CARTESIAN_POINT('',(287.08025423275,-14.5807150363,
    51.085004663065));
#9776 = CARTESIAN_POINT('',(287.08591840597,-14.67035670881,
    51.142834676448));
#9777 = CARTESIAN_POINT('',(287.08973606236,-14.7628672841,
    51.197357499202));
#9778 = CARTESIAN_POINT('',(287.09165399284,-14.85781403181,
    51.248233736698));
#9779 = CARTESIAN_POINT('',(287.09169031937,-15.04738797489,
    51.340176951835));
#9780 = CARTESIAN_POINT('',(287.08996560836,-15.14188637712,
    51.381580189501));
#9781 = CARTESIAN_POINT('',(287.08649759989,-15.23765520331,
    51.419169519363));
#9782 = CARTESIAN_POINT('',(287.0813304622,-15.33422430302,
    51.452824844496));
#9783 = CARTESIAN_POINT('',(287.07454260042,-15.43114358755,
    51.482519333436));
#9784 = CARTESIAN_POINT('',(287.06208579451,-15.57637534281,
    51.521175350248));
#9785 = CARTESIAN_POINT('',(287.05755620305,-15.62474694128,
    51.533077443597));
#9786 = CARTESIAN_POINT('',(287.05265944098,-15.67305563227,
    51.544009232013));
#9787 = CARTESIAN_POINT('',(287.04740884398,-15.72125710989,
    51.553981761173));
#9788 = CARTESIAN_POINT('',(287.04181832912,-15.76931166177,
    51.56300971119));
#9789 = CARTESIAN_POINT('',(287.02461870212,-15.90848235679,
    51.586558924308));
#9790 = CARTESIAN_POINT('',(287.01215052634,-15.99911528582,
    51.59863387169));
#9791 = CARTESIAN_POINT('',(286.99859453999,-16.08884575266,
    51.607456782556));
#9792 = CARTESIAN_POINT('',(286.98404849467,-16.17749362156,
    51.613178443058));
#9793 = CARTESIAN_POINT('',(286.96860477759,-16.26492974483,
    51.615961154151));
#9794 = CARTESIAN_POINT('',(286.9523444178,-16.35107,51.615961154151));
#9795 = ORIENTED_EDGE('',*,*,#9707,.T.);
#9796 = CYLINDRICAL_SURFACE('',#9797,3.2);
#9797 = AXIS2_PLACEMENT_3D('',#9798,#9799,#9800);
#9798 = CARTESIAN_POINT('',(286.01167210421,-16.35107,48.415961154151));
#9799 = DIRECTION('',(1.,0.,-2.22044604925E-16));
#9800 = DIRECTION('',(2.22044604925E-16,0.,1.));
#9801 = ADVANCED_FACE('',(#9802),#9912,.F.);
#9802 = FACE_BOUND('',#9803,.F.);
#9803 = EDGE_LOOP('',(#9804,#9805,#9813,#9869,#9878,#9911));
#9804 = ORIENTED_EDGE('',*,*,#8525,.F.);
#9805 = ORIENTED_EDGE('',*,*,#9806,.F.);
#9806 = EDGE_CURVE('',#9807,#8526,#9809,.T.);
#9807 = VERTEX_POINT('',#9808);
#9808 = CARTESIAN_POINT('',(287.04928440473,9.16682,49.001111154151));
#9809 = LINE('',#9810,#9811);
#9810 = CARTESIAN_POINT('',(286.01167210421,9.16682,49.001111154151));
#9811 = VECTOR('',#9812,1.);
#9812 = DIRECTION('',(1.,0.,-2.22044604925E-16));
#9813 = ORIENTED_EDGE('',*,*,#9814,.T.);
#9814 = EDGE_CURVE('',#9807,#9815,#9817,.T.);
#9815 = VERTEX_POINT('',#9816);
#9816 = CARTESIAN_POINT('',(286.01167210421,5.970469380977,
    45.648327908115));
#9817 = B_SPLINE_CURVE_WITH_KNOTS('',8,(#9818,#9819,#9820,#9821,#9822,
    #9823,#9824,#9825,#9826,#9827,#9828,#9829,#9830,#9831,#9832,#9833,
    #9834,#9835,#9836,#9837,#9838,#9839,#9840,#9841,#9842,#9843,#9844,
    #9845,#9846,#9847,#9848,#9849,#9850,#9851,#9852,#9853,#9854,#9855,
    #9856,#9857,#9858,#9859,#9860,#9861,#9862,#9863,#9864,#9865,#9866,
    #9867,#9868),.UNSPECIFIED.,.F.,.F.,(9,7,7,7,7,7,7,9),(0.,
    4.757453568244E-02,0.125971383329,0.228792608901,0.280461138087,
    0.382818977782,0.5287051927,1.),.UNSPECIFIED.);
#9818 = CARTESIAN_POINT('',(287.04928440473,9.16682,49.001111154151));
#9819 = CARTESIAN_POINT('',(287.05313333629,9.130704362094,
    49.001111154151));
#9820 = CARTESIAN_POINT('',(287.05680316282,9.094433000854,
    49.000645314846));
#9821 = CARTESIAN_POINT('',(287.06028961555,9.058016250321,
    48.999706617067));
#9822 = CARTESIAN_POINT('',(287.06358839332,9.021466012121,
    48.998288348346));
#9823 = CARTESIAN_POINT('',(287.0666952384,8.984795779551,
    48.996384283748));
#9824 = CARTESIAN_POINT('',(287.06960601239,8.948020661689,
    48.993988866705));
#9825 = CARTESIAN_POINT('',(287.07231677204,8.911157407482,
    48.991097389851));
#9826 = CARTESIAN_POINT('',(287.07895518605,8.813363530656,
    48.982117881959));
#9827 = CARTESIAN_POINT('',(287.0825337735,8.752307981495,
    48.975172050926));
#9828 = CARTESIAN_POINT('',(287.08554306573,8.691139871634,
    48.966851904264));
#9829 = CARTESIAN_POINT('',(287.08796914121,8.629944176972,
    48.957147335458));
#9830 = CARTESIAN_POINT('',(287.08980104143,8.568808657438,
    48.946055655356));
#9831 = CARTESIAN_POINT('',(287.0910311136,8.507823754394,48.93358233755
    ));
#9832 = CARTESIAN_POINT('',(287.09165535346,8.447082488028,
    48.919741763759));
#9833 = CARTESIAN_POINT('',(287.09169787342,8.307460060095,
    48.884643694454));
#9834 = CARTESIAN_POINT('',(287.09067981362,8.228808961578,
    48.862415199653));
#9835 = CARTESIAN_POINT('',(287.08861912997,8.150948338572,
    48.837927322632));
#9836 = CARTESIAN_POINT('',(287.08552745101,8.074076137392,
    48.811256296153));
#9837 = CARTESIAN_POINT('',(287.08142691132,7.998368378268,
    48.782496592928));
#9838 = CARTESIAN_POINT('',(287.07634859038,7.923980562314,
    48.751757770632));
#9839 = CARTESIAN_POINT('',(287.07033095132,7.851049078498,
    48.719161316919));
#9840 = CARTESIAN_POINT('',(287.05994460438,7.743835386359,
    48.667589485429));
#9841 = CARTESIAN_POINT('',(287.056244658,7.708373043283,48.649903961398
    ));
#9842 = CARTESIAN_POINT('',(287.05232386276,7.67331905221,
    48.631796590097));
#9843 = CARTESIAN_POINT('',(287.04818788869,7.638685085015,
    48.61328314399));
#9844 = CARTESIAN_POINT('',(287.04384259082,7.604481135729,
    48.594379388538));
#9845 = CARTESIAN_POINT('',(287.03929394615,7.570715641656,
    48.575100970484));
#9846 = CARTESIAN_POINT('',(287.0345479907,7.537395604483,
    48.555463306149));
#9847 = CARTESIAN_POINT('',(287.01982985825,7.439411854382,
    48.495896491347));
#9848 = CARTESIAN_POINT('',(287.00929859924,7.37607012138,
    48.454962220895));
#9849 = CARTESIAN_POINT('',(286.99806363934,7.314541274237,
    48.412794123794));
#9850 = CARTESIAN_POINT('',(286.98617132267,7.254847295109,
    48.369502472137));
#9851 = CARTESIAN_POINT('',(286.97366679151,7.196994868805,
    48.325190949314));
#9852 = CARTESIAN_POINT('',(286.96059310023,7.140977865127,
    48.279955254649));
#9853 = CARTESIAN_POINT('',(286.94699032916,7.086779821223,
    48.233881708044));
#9854 = CARTESIAN_POINT('',(286.91280480408,6.959688121558,
    48.120292732423));
#9855 = CARTESIAN_POINT('',(286.89171689338,6.888656507883,
    48.052001440268));
#9856 = CARTESIAN_POINT('',(286.86973463927,6.821200305957,
    47.982384879025));
#9857 = CARTESIAN_POINT('',(286.84695222875,6.757228447146,
    47.911632434479));
#9858 = CARTESIAN_POINT('',(286.82345393343,6.696642474335,
    47.839909421365));
#9859 = CARTESIAN_POINT('',(286.79931367998,6.639338945137,
    47.767356527411));
#9860 = CARTESIAN_POINT('',(286.77459462059,6.5852118351,47.694089257387
    ));
#9861 = CARTESIAN_POINT('',(286.66779014298,6.369212357974,
    47.381484901957));
#9862 = CARTESIAN_POINT('',(286.58093477394,6.236718165325,
    47.136843237437));
#9863 = CARTESIAN_POINT('',(286.4903619499,6.132395925562,
    46.888714859496));
#9864 = CARTESIAN_POINT('',(286.39716076941,6.05412406139,
    46.639014317806));
#9865 = CARTESIAN_POINT('',(286.30220337513,5.999926092886,
    46.389256809942));
#9866 = CARTESIAN_POINT('',(286.20608447104,5.968476999925,
    46.14051176157));
#9867 = CARTESIAN_POINT('',(286.10919217505,5.958752618227,
    45.893449754378));
#9868 = CARTESIAN_POINT('',(286.01167150421,5.970469453065,
    45.648326399983));
#9869 = ORIENTED_EDGE('',*,*,#9870,.T.);
#9870 = EDGE_CURVE('',#9815,#9871,#9873,.T.);
#9871 = VERTEX_POINT('',#9872);
#9872 = CARTESIAN_POINT('',(286.01167210421,12.053603314624,
    47.181865330102));
#9873 = CIRCLE('',#9874,3.2);
#9874 = AXIS2_PLACEMENT_3D('',#9875,#9876,#9877);
#9875 = CARTESIAN_POINT('',(286.01167210421,9.16682,45.801111154151));
#9876 = DIRECTION('',(1.,0.,-2.22044604925E-16));
#9877 = DIRECTION('',(2.22044604925E-16,0.,1.));
#9878 = ORIENTED_EDGE('',*,*,#9879,.T.);
#9879 = EDGE_CURVE('',#9871,#9807,#9880,.T.);
#9880 = B_SPLINE_CURVE_WITH_KNOTS('',5,(#9881,#9882,#9883,#9884,#9885,
    #9886,#9887,#9888,#9889,#9890,#9891,#9892,#9893,#9894,#9895,#9896,
    #9897,#9898,#9899,#9900,#9901,#9902,#9903,#9904,#9905,#9906,#9907,
    #9908,#9909,#9910),.UNSPECIFIED.,.F.,.F.,(6,4,4,4,4,4,4,6),(0.,
    0.152377530546,0.300718602763,0.443783684268,0.580019010483,
    0.766341575138,0.886984424275,1.),.UNSPECIFIED.);
#9881 = CARTESIAN_POINT('',(286.01167210421,12.053603314624,
    47.181865330102));
#9882 = CARTESIAN_POINT('',(286.04934894772,12.012693782863,
    47.267396089853));
#9883 = CARTESIAN_POINT('',(286.08695610548,11.968516368464,
    47.351620793418));
#9884 = CARTESIAN_POINT('',(286.12446284911,11.921070265968,
    47.434463218728));
#9885 = CARTESIAN_POINT('',(286.16183474329,11.870338037133,
    47.51583577403));
#9886 = CARTESIAN_POINT('',(286.23524715475,11.763665025542,
    47.673329232861));
#9887 = CARTESIAN_POINT('',(286.27129619867,11.70789795495,
    47.749530957817));
#9888 = CARTESIAN_POINT('',(286.30714590622,11.648952880834,
    47.824154080287));
#9889 = CARTESIAN_POINT('',(286.34275461118,11.586782344999,
    47.897089506868));
#9890 = CARTESIAN_POINT('',(286.41213690756,11.45819172328,
    48.036800276649));
#9891 = CARTESIAN_POINT('',(286.44593008302,11.39200224637,
    48.103701110519));
#9892 = CARTESIAN_POINT('',(286.47941007656,11.322695515392,
    48.16879774234));
#9893 = CARTESIAN_POINT('',(286.51252348103,11.250203079949,
    48.231950734789));
#9894 = CARTESIAN_POINT('',(286.57632690545,11.102291840628,
    48.351117555932));
#9895 = CARTESIAN_POINT('',(286.60705628662,11.027179957832,
    48.407326665948));
#9896 = CARTESIAN_POINT('',(286.6373377561,10.949027756518,
    48.461473369529));
#9897 = CARTESIAN_POINT('',(286.6671006491,10.867757643708,
    48.513378056768));
#9898 = CARTESIAN_POINT('',(286.73613393596,10.667751685168,
    48.630444002176));
#9899 = CARTESIAN_POINT('',(286.77487104419,10.546243483004,
    48.693453570606));
#9900 = CARTESIAN_POINT('',(286.81225469411,10.418511533226,
    48.751307573439));
#9901 = CARTESIAN_POINT('',(286.84796757953,10.284391964618,
    48.803247350391));
#9902 = CARTESIAN_POINT('',(286.9033604842,10.052816491092,
    48.877496235807));
#9903 = CARTESIAN_POINT('',(286.92425177356,9.95911313565,
    48.903792530715));
#9904 = CARTESIAN_POINT('',(286.94414878775,9.862713154105,
    48.926942949781));
#9905 = CARTESIAN_POINT('',(286.96290665486,9.76367593618,
    48.946635317842));
#9906 = CARTESIAN_POINT('',(286.99671516459,9.567054659345,
    48.977442141431));
#9907 = CARTESIAN_POINT('',(287.01192452478,9.469778305476,
    48.989019511131));
#9908 = CARTESIAN_POINT('',(287.02585655277,9.370462711194,
    48.997004675987));
#9909 = CARTESIAN_POINT('',(287.03835767699,9.269348646451,
    49.001111154151));
#9910 = CARTESIAN_POINT('',(287.04928440473,9.16682,49.001111154151));
#9911 = ORIENTED_EDGE('',*,*,#9806,.T.);
#9912 = CYLINDRICAL_SURFACE('',#9913,3.2);
#9913 = AXIS2_PLACEMENT_3D('',#9914,#9915,#9916);
#9914 = CARTESIAN_POINT('',(286.01167210421,9.16682,45.801111154151));
#9915 = DIRECTION('',(1.,0.,-2.22044604925E-16));
#9916 = DIRECTION('',(2.22044604925E-16,0.,1.));
#9917 = ADVANCED_FACE('',(#9918),#10026,.F.);
#9918 = FACE_BOUND('',#9919,.F.);
#9919 = EDGE_LOOP('',(#9920,#9921,#9929,#9999,#10008,#10025));
#9920 = ORIENTED_EDGE('',*,*,#8702,.F.);
#9921 = ORIENTED_EDGE('',*,*,#9922,.F.);
#9922 = EDGE_CURVE('',#9923,#8703,#9925,.T.);
#9923 = VERTEX_POINT('',#9924);
#9924 = CARTESIAN_POINT('',(286.52361879621,30.39545,63.400591154151));
#9925 = LINE('',#9926,#9927);
#9926 = CARTESIAN_POINT('',(286.01167210421,30.39545,63.400591154151));
#9927 = VECTOR('',#9928,1.);
#9928 = DIRECTION('',(1.,0.,-2.22044604925E-16));
#9929 = ORIENTED_EDGE('',*,*,#9930,.T.);
#9930 = EDGE_CURVE('',#9923,#9931,#9933,.T.);
#9931 = VERTEX_POINT('',#9932);
#9932 = CARTESIAN_POINT('',(286.01167210421,28.045105508522,
    58.028983277167));
#9933 = B_SPLINE_CURVE_WITH_KNOTS('',8,(#9934,#9935,#9936,#9937,#9938,
    #9939,#9940,#9941,#9942,#9943,#9944,#9945,#9946,#9947,#9948,#9949,
    #9950,#9951,#9952,#9953,#9954,#9955,#9956,#9957,#9958,#9959,#9960,
    #9961,#9962,#9963,#9964,#9965,#9966,#9967,#9968,#9969,#9970,#9971,
    #9972,#9973,#9974,#9975,#9976,#9977,#9978,#9979,#9980,#9981,#9982,
    #9983,#9984,#9985,#9986,#9987,#9988,#9989,#9990,#9991,#9992,#9993,
    #9994,#9995,#9996,#9997,#9998),.UNSPECIFIED.,.F.,.F.,(9,7,7,7,7,7,7,
    7,7,9),(0.,0.227983875909,0.289976000652,0.322405137236,
    0.388610339529,0.460516206321,0.496647083118,0.568221671529,
    0.670233194641,1.),.UNSPECIFIED.);
#9934 = CARTESIAN_POINT('',(286.52361879621,30.39545,63.400591154151));
#9935 = CARTESIAN_POINT('',(286.58633411398,30.211195489149,
    63.400591154151));
#9936 = CARTESIAN_POINT('',(286.64758950501,30.023393862992,
    63.388466940059));
#9937 = CARTESIAN_POINT('',(286.70722088015,29.831858700482,
    63.363397507412));
#9938 = CARTESIAN_POINT('',(286.76485582902,29.636763244906,
    63.324228075973));
#9939 = CARTESIAN_POINT('',(286.81991543202,29.438665260227,
    63.269546805031));
#9940 = CARTESIAN_POINT('',(286.87162935467,29.238518576872,
    63.197790459882));
#9941 = CARTESIAN_POINT('',(286.91903553889,29.037680751901,
    63.107264851861));
#9942 = CARTESIAN_POINT('',(286.97232909633,28.78361012532,
    62.965702066906));
#9943 = CARTESIAN_POINT('',(286.98330806188,28.729408367992,
    62.933921285863));
#9944 = CARTESIAN_POINT('',(286.99384664315,28.675370368767,
    62.900594484686));
#9945 = CARTESIAN_POINT('',(287.00391683708,28.621553239131,
    62.86569599704));
#9946 = CARTESIAN_POINT('',(287.0134892501,28.568021522513,
    62.829205192528));
#9947 = CARTESIAN_POINT('',(287.02253365138,28.514846886965,
    62.791108132518));
#9948 = CARTESIAN_POINT('',(287.03101952622,28.462107817846,
    62.751399225964));
#9949 = CARTESIAN_POINT('',(287.04304773844,28.382572919687,
    62.688469603494));
#9950 = CARTESIAN_POINT('',(287.04701774267,28.355399150538,
    62.666416721698));
#9951 = CARTESIAN_POINT('',(287.05082222119,28.328380468021,
    62.643924935614));
#9952 = CARTESIAN_POINT('',(287.05445686831,28.301529724457,
    62.620995906236));
#9953 = CARTESIAN_POINT('',(287.05791749346,28.274860159525,
    62.597632259773));
#9954 = CARTESIAN_POINT('',(287.06120002119,28.248385400259,
    62.573837587649));
#9955 = CARTESIAN_POINT('',(287.06430049115,28.222119461052,
    62.549616446505));
#9956 = CARTESIAN_POINT('',(287.07316524714,28.142909636678,
    62.474666683892));
#9957 = CARTESIAN_POINT('',(287.07834142686,28.090666732134,
    62.422599157067));
#9958 = CARTESIAN_POINT('',(287.0827105206,28.039477395948,
    62.368826742698));
#9959 = CARTESIAN_POINT('',(287.08624406044,27.989468920682,
    62.313418869301));
#9960 = CARTESIAN_POINT('',(287.08891918508,27.940764964011,
    62.256460983246));
#9961 = CARTESIAN_POINT('',(287.09071963773,27.893483987226,
    62.198056103079));
#9962 = CARTESIAN_POINT('',(287.091636764,27.847737693716,
    62.138326373839));
#9963 = CARTESIAN_POINT('',(287.09170716133,27.755723258719,
    62.011258002158));
#9964 = CARTESIAN_POINT('',(287.09070174484,27.709739125574,
    61.943692832603));
#9965 = CARTESIAN_POINT('',(287.08865372132,27.6658114993,
    61.874903215853));
#9966 = CARTESIAN_POINT('',(287.08557462178,27.62404321395,
    61.805074697804));
#9967 = CARTESIAN_POINT('',(287.08148649038,27.58450860121,
    61.734392755601));
#9968 = CARTESIAN_POINT('',(287.07642032764,27.547256585247,
    61.663041286119));
#9969 = CARTESIAN_POINT('',(287.07041453351,27.512313777568,
    61.591201094449));
#9970 = CARTESIAN_POINT('',(287.060045681,27.463293729874,
    61.482793472092));
#9971 = CARTESIAN_POINT('',(287.05635168097,27.447483466858,
    61.446456814412));
#9972 = CARTESIAN_POINT('',(287.05243676594,27.432257056178,
    61.410059080417));
#9973 = CARTESIAN_POINT('',(287.04830660027,27.417613324235,
    61.373619866492));
#9974 = CARTESIAN_POINT('',(287.04396703425,27.403549815033,
    61.337157686488));
#9975 = CARTESIAN_POINT('',(287.03942404108,27.390062954748,
    61.300689963882));
#9976 = CARTESIAN_POINT('',(287.03468365386,27.37714821629,
    61.264233023926));
#9977 = CARTESIAN_POINT('',(287.01998219589,27.340339261635,
    61.155633081562));
#9978 = CARTESIAN_POINT('',(287.00946184295,27.318103610228,
    61.083568866415));
#9979 = CARTESIAN_POINT('',(286.99823748404,27.29804970571,
    61.011723567064));
#9980 = CARTESIAN_POINT('',(286.98635545356,27.280123613265,
    60.940195899667));
#9981 = CARTESIAN_POINT('',(286.97386089228,27.264263889451,
    60.869069695689));
#9982 = CARTESIAN_POINT('',(286.96079685956,27.25040438445,
    60.798414427753));
#9983 = CARTESIAN_POINT('',(286.94720344567,27.238477044318,
    60.728285735484));
#9984 = CARTESIAN_POINT('',(286.91304004331,27.214073398224,
    60.559586023573));
#9985 = CARTESIAN_POINT('',(286.8919646107,27.203522407079,
    60.46161680664));
#9986 = CARTESIAN_POINT('',(286.86999429266,27.196562701935,
    60.364929378306));
#9987 = CARTESIAN_POINT('',(286.84722331488,27.193002817474,
    60.269610468779));
#9988 = CARTESIAN_POINT('',(286.82373598992,27.192661068916,
    60.175723582987));
#9989 = CARTESIAN_POINT('',(286.79960628499,27.195367760005,
    60.083310122849));
#9990 = CARTESIAN_POINT('',(286.77489738961,27.200967390999,
    59.992390509533));
#9991 = CARTESIAN_POINT('',(286.66808196903,27.236324668744,
    59.613885573565));
#9992 = CARTESIAN_POINT('',(286.58119564169,27.292038104962,
    59.341137232082));
#9993 = CARTESIAN_POINT('',(286.4905854752,27.371603943996,
    59.083840925819));
#9994 = CARTESIAN_POINT('',(286.39734281052,27.472161198901,
    58.842100734264));
#9995 = CARTESIAN_POINT('',(286.30234160294,27.591216660029,
    58.615806647729));
#9996 = CARTESIAN_POINT('',(286.20617753869,27.727065018749,
    58.40492605724));
#9997 = CARTESIAN_POINT('',(286.10923923123,27.878488678613,
    58.20931352086));
#9998 = CARTESIAN_POINT('',(286.01167150421,28.04510653315,
    58.028982168206));
#9999 = ORIENTED_EDGE('',*,*,#10000,.T.);
#10000 = EDGE_CURVE('',#9931,#10001,#10003,.T.);
#10001 = VERTEX_POINT('',#10002);
#10002 = CARTESIAN_POINT('',(286.01167210421,31.719316522579,
    63.113901544479));
#10003 = CIRCLE('',#10004,3.2);
#10004 = AXIS2_PLACEMENT_3D('',#10005,#10006,#10007);
#10005 = CARTESIAN_POINT('',(286.01167210421,30.39545,60.200591154151));
#10006 = DIRECTION('',(1.,0.,-2.22044604925E-16));
#10007 = DIRECTION('',(2.22044604925E-16,0.,1.));
#10008 = ORIENTED_EDGE('',*,*,#10009,.T.);
#10009 = EDGE_CURVE('',#10001,#9923,#10010,.T.);
#10010 = B_SPLINE_CURVE_WITH_KNOTS('',4,(#10011,#10012,#10013,#10014,
    #10015,#10016,#10017,#10018,#10019,#10020,#10021,#10022,#10023,
    #10024),.UNSPECIFIED.,.F.,.F.,(5,3,3,3,5),(0.,0.257110191389,
    0.510433032828,0.758211696242,1.),.UNSPECIFIED.);
#10011 = CARTESIAN_POINT('',(286.01167210421,31.719316522579,
    63.113901544479));
#10012 = CARTESIAN_POINT('',(286.04544116331,31.641952425351,
    63.14905733794));
#10013 = CARTESIAN_POINT('',(286.07915063746,31.563162423794,
    63.181556133205));
#10014 = CARTESIAN_POINT('',(286.11277189977,31.482991533896,
    63.211343024722));
#10015 = CARTESIAN_POINT('',(286.17927864242,31.32116285429,
    63.264936679373));
#10016 = CARTESIAN_POINT('',(286.21216752048,31.239544602896,
    63.288824825182));
#10017 = CARTESIAN_POINT('',(286.24490722566,31.156657381484,
    63.309927407098));
#10018 = CARTESIAN_POINT('',(286.30929893154,30.990249526226,
    63.345953040594));
#10019 = CARTESIAN_POINT('',(286.34095886876,30.906782779352,
    63.361000945435));
#10020 = CARTESIAN_POINT('',(286.37240324683,30.822162052394,
    63.37318523161));
#10021 = CARTESIAN_POINT('',(286.43401466416,30.652748243111,
    63.39134008663));
#10022 = CARTESIAN_POINT('',(286.46419395926,30.568009256971,
    63.397453454644));
#10023 = CARTESIAN_POINT('',(286.49408106816,30.482230388386,
    63.400591154151));
#10024 = CARTESIAN_POINT('',(286.52361879621,30.39545,63.400591154151));
#10025 = ORIENTED_EDGE('',*,*,#9922,.T.);
#10026 = CYLINDRICAL_SURFACE('',#10027,3.2);
#10027 = AXIS2_PLACEMENT_3D('',#10028,#10029,#10030);
#10028 = CARTESIAN_POINT('',(286.01167210421,30.39545,60.200591154151));
#10029 = DIRECTION('',(1.,0.,-2.22044604925E-16));
#10030 = DIRECTION('',(2.22044604925E-16,0.,1.));
#10031 = ADVANCED_FACE('',(#10032),#10144,.F.);
#10032 = FACE_BOUND('',#10033,.F.);
#10033 = EDGE_LOOP('',(#10034,#10035,#10043,#10052,#10136,#10143));
#10034 = ORIENTED_EDGE('',*,*,#8873,.F.);
#10035 = ORIENTED_EDGE('',*,*,#10036,.F.);
#10036 = EDGE_CURVE('',#10037,#8874,#10039,.T.);
#10037 = VERTEX_POINT('',#10038);
#10038 = CARTESIAN_POINT('',(286.01167210421,37.40171,88.076741154151));
#10039 = LINE('',#10040,#10041);
#10040 = CARTESIAN_POINT('',(286.01167210421,37.40171,88.076741154151));
#10041 = VECTOR('',#10042,1.);
#10042 = DIRECTION('',(1.,0.,-2.22044604925E-16));
#10043 = ORIENTED_EDGE('',*,*,#10044,.T.);
#10044 = EDGE_CURVE('',#10037,#10045,#10047,.T.);
#10045 = VERTEX_POINT('',#10046);
#10046 = CARTESIAN_POINT('',(286.01167210421,36.543213965183,
    87.959432276888));
#10047 = CIRCLE('',#10048,3.2);
#10048 = AXIS2_PLACEMENT_3D('',#10049,#10050,#10051);
#10049 = CARTESIAN_POINT('',(286.01167210421,37.40171,84.876741154151));
#10050 = DIRECTION('',(1.,0.,-2.22044604925E-16));
#10051 = DIRECTION('',(2.22044604925E-16,0.,1.));
#10052 = ORIENTED_EDGE('',*,*,#10053,.T.);
#10053 = EDGE_CURVE('',#10045,#10054,#10056,.T.);
#10054 = VERTEX_POINT('',#10055);
#10055 = CARTESIAN_POINT('',(286.01167210421,36.997127722691,
    81.702420253409));
#10056 = B_SPLINE_CURVE_WITH_KNOTS('',8,(#10057,#10058,#10059,#10060,
    #10061,#10062,#10063,#10064,#10065,#10066,#10067,#10068,#10069,
    #10070,#10071,#10072,#10073,#10074,#10075,#10076,#10077,#10078,
    #10079,#10080,#10081,#10082,#10083,#10084,#10085,#10086,#10087,
    #10088,#10089,#10090,#10091,#10092,#10093,#10094,#10095,#10096,
    #10097,#10098,#10099,#10100,#10101,#10102,#10103,#10104,#10105,
    #10106,#10107,#10108,#10109,#10110,#10111,#10112,#10113,#10114,
    #10115,#10116,#10117,#10118,#10119,#10120,#10121,#10122,#10123,
    #10124,#10125,#10126,#10127,#10128,#10129,#10130,#10131,#10132,
    #10133,#10134,#10135),.UNSPECIFIED.,.F.,.F.,(9,7,7,7,7,7,7,7,7,7,7,9
    ),(0.,0.269752636976,0.352844136193,0.411801279797,0.441907181716,
    0.459712476137,0.499959657286,0.558008326088,0.588112505729,
    0.647064882235,0.730149300002,1.),.UNSPECIFIED.);
#10057 = CARTESIAN_POINT('',(286.01167210421,36.543213965183,
    87.959432276888));
#10058 = CARTESIAN_POINT('',(286.10920779533,36.306770525929,
    87.893585344135));
#10059 = CARTESIAN_POINT('',(286.20611477339,36.075220166156,
    87.806766350271));
#10060 = CARTESIAN_POINT('',(286.30224808388,35.848894402425,
    87.698786324701));
#10061 = CARTESIAN_POINT('',(286.39721945019,35.628751869046,
    87.568882871475));
#10062 = CARTESIAN_POINT('',(286.49043385387,35.416224687992,
    87.416133215776));
#10063 = CARTESIAN_POINT('',(286.5810185711,35.213373360113,
    87.239135600278));
#10064 = CARTESIAN_POINT('',(286.66788378487,35.022683321623,
    87.036476291456));
#10065 = CARTESIAN_POINT('',(286.77457330192,34.793955834051,
    86.733515102438));
#10066 = CARTESIAN_POINT('',(286.79917568256,34.741635193912,
    86.659477141882));
#10067 = CARTESIAN_POINT('',(286.82320478743,34.690974120615,
    86.582674219297));
#10068 = CARTESIAN_POINT('',(286.84659837185,34.642113511585,
    86.503042880053));
#10069 = CARTESIAN_POINT('',(286.86928363336,34.595216899583,
    86.420529792133));
#10070 = CARTESIAN_POINT('',(286.89117762713,34.550469210136,
    86.335093790938));
#10071 = CARTESIAN_POINT('',(286.91218768146,34.508075518963,
    86.246707924098));
#10072 = CARTESIAN_POINT('',(286.94641983237,34.440008778572,
    86.090547110762));
#10073 = CARTESIAN_POINT('',(286.96012992198,34.413058778683,
    86.024249026871));
#10074 = CARTESIAN_POINT('',(286.97330525248,34.387490522854,
    85.956467597075));
#10075 = CARTESIAN_POINT('',(286.98590502255,34.363392720096,
    85.887214238336));
#10076 = CARTESIAN_POINT('',(286.99788537076,34.340859910317,
    85.816513408257));
#10077 = CARTESIAN_POINT('',(287.00920028715,34.319990299319,
    85.744404581241));
#10078 = CARTESIAN_POINT('',(287.01980252483,34.300883593799,
    85.670944224643));
#10079 = CARTESIAN_POINT('',(287.03467022797,34.274832965768,
    85.558044321145));
#10080 = CARTESIAN_POINT('',(287.03949761976,34.266512750978,
    85.519548899934));
#10081 = CARTESIAN_POINT('',(287.04412031947,34.258691414089,
    85.480732218576));
#10082 = CARTESIAN_POINT('',(287.04853195568,34.251382082218,
    85.441606439277));
#10083 = CARTESIAN_POINT('',(287.05272622206,34.244597629504,
    85.402185266306));
#10084 = CARTESIAN_POINT('',(287.05669694647,34.238350519126,
    85.362484033136));
#10085 = CARTESIAN_POINT('',(287.06043816,34.232652645315,
    85.322519789576));
#10086 = CARTESIAN_POINT('',(287.06601769547,34.224476762338,
    85.258531253909));
#10087 = CARTESIAN_POINT('',(287.06800896305,34.221634349317,
    85.234665687957));
#10088 = CARTESIAN_POINT('',(287.06991678002,34.218990269321,
    85.210718590571));
#10089 = CARTESIAN_POINT('',(287.07174000643,34.216546734219,
    85.186694051681));
#10090 = CARTESIAN_POINT('',(287.07347755115,34.214305834739,
    85.162596351632));
#10091 = CARTESIAN_POINT('',(287.07512837189,34.212269540469,
    85.138429961184));
#10092 = CARTESIAN_POINT('',(287.07669147522,34.210439699855,
    85.114199541511));
#10093 = CARTESIAN_POINT('',(287.08149875154,34.205152432192,
    85.0350056107));
#10094 = CARTESIAN_POINT('',(287.08437872444,34.202550320306,
    84.97979685408));
#10095 = CARTESIAN_POINT('',(287.08679486025,34.201031629084,
    84.924342203212));
#10096 = CARTESIAN_POINT('',(287.08873801966,34.200612065366,
    84.868702538544));
#10097 = CARTESIAN_POINT('',(287.09020108176,34.201302718412,
    84.81294109594));
#10098 = CARTESIAN_POINT('',(287.09117912662,34.203109660039,
    84.757123470522));
#10099 = CARTESIAN_POINT('',(287.09166961791,34.206033544742,
    84.701317620509));
#10100 = CARTESIAN_POINT('',(287.09167686577,34.215889865557,
    84.565223286488));
#10101 = CARTESIAN_POINT('',(287.09066693825,34.224024322963,
    84.485010773006));
#10102 = CARTESIAN_POINT('',(287.08864253732,34.234457311637,
    84.405174297997));
#10103 = CARTESIAN_POINT('',(287.08561480612,34.247149804461,
    84.325913682911));
#10104 = CARTESIAN_POINT('',(287.08160484318,34.262042138065,
    84.247411377778));
#10105 = CARTESIAN_POINT('',(287.07664224916,34.279057133289,
    84.169833235729));
#10106 = CARTESIAN_POINT('',(287.07076367349,34.29810321564,
    84.093329287508));
#10107 = CARTESIAN_POINT('',(287.06050959542,34.32995486876,
    83.978986465893));
#10108 = CARTESIAN_POINT('',(287.05677258014,34.341351609309,
    83.940260601233));
#10109 = CARTESIAN_POINT('',(287.05280600676,34.353253995465,
    83.901873983512));
#10110 = CARTESIAN_POINT('',(287.04861583997,34.365647804666,
    83.863841784805));
#10111 = CARTESIAN_POINT('',(287.04420824844,34.378518497528,
    83.826177396708));
#10112 = CARTESIAN_POINT('',(287.03958953569,34.391851361647,
    83.788892539293));
#10113 = CARTESIAN_POINT('',(287.03476607099,34.4056316554,
    83.751997370051));
#10114 = CARTESIAN_POINT('',(287.01991003655,34.44767795686,
    83.644029728101));
#10115 = CARTESIAN_POINT('',(287.00931540155,34.477169914978,
    83.57408950903));
#10116 = CARTESIAN_POINT('',(286.99800787374,34.508211753648,
    83.505740412494));
#10117 = CARTESIAN_POINT('',(286.98603469319,34.540696666941,
    83.439024033733));
#10118 = CARTESIAN_POINT('',(286.97344186884,34.574521775015,
    83.373965355555));
#10119 = CARTESIAN_POINT('',(286.96027326575,34.609589983662,
    83.310575017518));
#10120 = CARTESIAN_POINT('',(286.94656969229,34.645811843873,
    83.248851585128));
#10121 = CARTESIAN_POINT('',(286.91235284212,34.735669847315,
    83.104127429083));
#10122 = CARTESIAN_POINT('',(286.89135137982,34.790356836527,
    83.022772106641));
#10123 = CARTESIAN_POINT('',(286.86946560676,34.846948222075,
    82.94467509262));
#10124 = CARTESIAN_POINT('',(286.84678822108,34.905244898847,
    82.869780231154));
#10125 = CARTESIAN_POINT('',(286.82340219557,34.965069751517,
    82.798020178274));
#10126 = CARTESIAN_POINT('',(286.79938036037,35.026268592492,
    82.729318610597));
#10127 = CARTESIAN_POINT('',(286.77478498561,35.088711099859,
    82.663592434013));
#10128 = CARTESIAN_POINT('',(286.66808759395,35.358795993411,
    82.396660397943));
#10129 = CARTESIAN_POINT('',(286.58120063815,35.576795836321,
    82.223532264682));
#10130 = CARTESIAN_POINT('',(286.49058973699,35.803135534657,
    82.077573654216));
#10131 = CARTESIAN_POINT('',(286.39734626921,36.035556465935,
    81.957025244848));
#10132 = CARTESIAN_POINT('',(286.30234422178,36.272219366631,
    81.860200101369));
#10133 = CARTESIAN_POINT('',(286.20617929725,36.511838820029,
    81.785977058959));
#10134 = CARTESIAN_POINT('',(286.10924011802,36.753575562663,
    81.733462016332));
#10135 = CARTESIAN_POINT('',(286.01167150421,36.997129220428,
    81.702420062516));
#10136 = ORIENTED_EDGE('',*,*,#10137,.T.);
#10137 = EDGE_CURVE('',#10054,#10037,#10138,.T.);
#10138 = CIRCLE('',#10139,3.2);
#10139 = AXIS2_PLACEMENT_3D('',#10140,#10141,#10142);
#10140 = CARTESIAN_POINT('',(286.01167210421,37.40171,84.876741154151));
#10141 = DIRECTION('',(1.,0.,-2.22044604925E-16));
#10142 = DIRECTION('',(2.22044604925E-16,0.,1.));
#10143 = ORIENTED_EDGE('',*,*,#10036,.T.);
#10144 = CYLINDRICAL_SURFACE('',#10145,3.2);
#10145 = AXIS2_PLACEMENT_3D('',#10146,#10147,#10148);
#10146 = CARTESIAN_POINT('',(286.01167210421,37.40171,84.876741154151));
#10147 = DIRECTION('',(1.,0.,-2.22044604925E-16));
#10148 = DIRECTION('',(2.22044604925E-16,0.,1.));
#10149 = ADVANCED_FACE('',(#10150),#10262,.F.);
#10150 = FACE_BOUND('',#10151,.F.);
#10151 = EDGE_LOOP('',(#10152,#10153,#10161,#10170,#10254,#10261));
#10152 = ORIENTED_EDGE('',*,*,#9078,.F.);
#10153 = ORIENTED_EDGE('',*,*,#10154,.F.);
#10154 = EDGE_CURVE('',#10155,#9079,#10157,.T.);
#10155 = VERTEX_POINT('',#10156);
#10156 = CARTESIAN_POINT('',(286.01167210421,3.82266,122.66809115415));
#10157 = LINE('',#10158,#10159);
#10158 = CARTESIAN_POINT('',(286.01167210421,3.82266,122.66809115415));
#10159 = VECTOR('',#10160,1.);
#10160 = DIRECTION('',(1.,0.,-2.22044604925E-16));
#10161 = ORIENTED_EDGE('',*,*,#10162,.T.);
#10162 = EDGE_CURVE('',#10155,#10163,#10165,.T.);
#10163 = VERTEX_POINT('',#10164);
#10164 = CARTESIAN_POINT('',(286.01167210421,0.63772526073,
    119.1579448877));
#10165 = CIRCLE('',#10166,3.2);
#10166 = AXIS2_PLACEMENT_3D('',#10167,#10168,#10169);
#10167 = CARTESIAN_POINT('',(286.01167210421,3.82266,119.46809115415));
#10168 = DIRECTION('',(1.,0.,-2.22044604925E-16));
#10169 = DIRECTION('',(2.22044604925E-16,0.,1.));
#10170 = ORIENTED_EDGE('',*,*,#10171,.T.);
#10171 = EDGE_CURVE('',#10163,#10172,#10174,.T.);
#10172 = VERTEX_POINT('',#10173);
#10173 = CARTESIAN_POINT('',(286.01167210421,6.878501905299,
    118.51844371966));
#10174 = B_SPLINE_CURVE_WITH_KNOTS('',8,(#10175,#10176,#10177,#10178,
    #10179,#10180,#10181,#10182,#10183,#10184,#10185,#10186,#10187,
    #10188,#10189,#10190,#10191,#10192,#10193,#10194,#10195,#10196,
    #10197,#10198,#10199,#10200,#10201,#10202,#10203,#10204,#10205,
    #10206,#10207,#10208,#10209,#10210,#10211,#10212,#10213,#10214,
    #10215,#10216,#10217,#10218,#10219,#10220,#10221,#10222,#10223,
    #10224,#10225,#10226,#10227,#10228,#10229,#10230,#10231,#10232,
    #10233,#10234,#10235,#10236,#10237,#10238,#10239,#10240,#10241,
    #10242,#10243,#10244,#10245,#10246,#10247,#10248,#10249,#10250,
    #10251,#10252,#10253),.UNSPECIFIED.,.F.,.F.,(9,7,7,7,7,7,7,7,7,7,7,9
    ),(0.,0.270324593256,0.352898052462,0.411529146143,0.441656758331,
    0.499737469467,0.540036672631,0.558492254973,0.587910711187,
    0.646492086925,0.729854350327,1.),.UNSPECIFIED.);
#10175 = CARTESIAN_POINT('',(286.01167210421,0.63772526073,
    119.1579448877));
#10176 = CARTESIAN_POINT('',(286.10941284846,0.661563591034,
    118.91314578958));
#10177 = CARTESIAN_POINT('',(286.20652036254,0.706995111311,
    118.66953331127));
#10178 = CARTESIAN_POINT('',(286.3028505411,0.774263855813,
    118.42739860027));
#10179 = CARTESIAN_POINT('',(286.39801295139,0.864295541969,
    118.18755747118));
#10180 = CARTESIAN_POINT('',(286.49140830125,0.978256330801,
    117.95126900301));
#10181 = CARTESIAN_POINT('',(286.58215596803,1.117900377006,
    117.72033510285));
#10182 = CARTESIAN_POINT('',(286.66915636998,1.285062503976,
    117.49697798634));
#10183 = CARTESIAN_POINT('',(286.77575491974,1.544326906182,
    117.21929142249));
#10184 = CARTESIAN_POINT('',(286.80017989798,1.607878697667,
    117.15535916135));
#10185 = CARTESIAN_POINT('',(286.82403660957,1.674406933347,
    117.09257113925));
#10186 = CARTESIAN_POINT('',(286.84726372725,1.743996899157,
    117.03105325241));
#10187 = CARTESIAN_POINT('',(286.86978960545,1.816727901559,
    116.97095490797));
#10188 = CARTESIAN_POINT('',(286.89153268972,1.892671082954,
    116.91244816937));
#10189 = CARTESIAN_POINT('',(286.91240192624,1.971887237108,
    116.85572690188));
#10190 = CARTESIAN_POINT('',(286.94642374399,2.113030105588,
    116.76215140993));
#10191 = CARTESIAN_POINT('',(286.96005773974,2.173304040854,
    116.72430953934));
#10192 = CARTESIAN_POINT('',(286.97316292085,2.235259833321,
    116.68755858078));
#10193 = CARTESIAN_POINT('',(286.98569917284,2.298901583178,
    116.65198637303));
#10194 = CARTESIAN_POINT('',(286.99762338853,2.364221831971,
    116.6176885841));
#10195 = CARTESIAN_POINT('',(287.00889035222,2.431199306726,
    116.58476697637));
#10196 = CARTESIAN_POINT('',(287.01945362389,2.49979666407,
    116.55332767168));
#10197 = CARTESIAN_POINT('',(287.03430873441,2.606010786811,
    116.50814187778));
#10198 = CARTESIAN_POINT('',(287.03915280373,2.642475629121,
    116.4932247187));
#10199 = CARTESIAN_POINT('',(287.04379225094,2.679344568091,
    116.47874284224));
#10200 = CARTESIAN_POINT('',(287.04822068927,2.716607960101,
    116.46471131616));
#10201 = CARTESIAN_POINT('',(287.05243179466,2.754254597354,
    116.45114523233));
#10202 = CARTESIAN_POINT('',(287.05641937485,2.792271594131,
    116.43805956624));
#10203 = CARTESIAN_POINT('',(287.0601774386,2.830644273034,
    116.42546903638));
#10204 = CARTESIAN_POINT('',(287.07049165097,2.943985517179,
    116.39009779116));
#10205 = CARTESIAN_POINT('',(287.07640974433,3.019886360212,
    116.3686976652));
#10206 = CARTESIAN_POINT('',(287.08141211498,3.096927264277,
    116.34929474933));
#10207 = CARTESIAN_POINT('',(287.08546187714,3.174961420582,
    116.33198550886));
#10208 = CARTESIAN_POINT('',(287.08852915781,3.253825640116,
    116.31685258346));
#10209 = CARTESIAN_POINT('',(287.09059256544,3.333339466156,
    116.30396165953));
#10210 = CARTESIAN_POINT('',(287.09164065856,3.413304286768,
    116.29335834271));
#10211 = CARTESIAN_POINT('',(287.0916961421,3.54914780535,116.2793107294
    ));
#10212 = CARTESIAN_POINT('',(287.09123008353,3.604911599452,
    116.27466783894));
#10213 = CARTESIAN_POINT('',(287.09027511423,3.660723422308,
    116.27114384371));
#10214 = CARTESIAN_POINT('',(287.08883369144,3.716515033347,
    116.26874031199));
#10215 = CARTESIAN_POINT('',(287.08691067251,3.772220368292,
    116.26745329299));
#10216 = CARTESIAN_POINT('',(287.08451313336,3.827775548698,
    116.26727371427));
#10217 = CARTESIAN_POINT('',(287.08165018679,3.883118891493,
    116.26818777919));
#10218 = CARTESIAN_POINT('',(287.07681355774,3.96341192165,
    116.27108852266));
#10219 = CARTESIAN_POINT('',(287.07519897221,3.988576458914,
    116.27222527932));
#10220 = CARTESIAN_POINT('',(287.07349009242,4.013679058419,
    116.2735858819));
#10221 = CARTESIAN_POINT('',(287.07168802274,4.03871446377,
    116.27516843192));
#10222 = CARTESIAN_POINT('',(287.06979392383,4.063677634063,
    116.27697088483));
#10223 = CARTESIAN_POINT('',(287.06780901264,4.088563743888,
    116.27899105001));
#10224 = CARTESIAN_POINT('',(287.06573456235,4.113368183326,
    116.28122659081));
#10225 = CARTESIAN_POINT('',(287.06012459239,4.177487992599,
    116.2875778621));
#10226 = CARTESIAN_POINT('',(287.05645312542,4.216670833734,
    116.29202168611));
#10227 = CARTESIAN_POINT('',(287.0525628341,4.255617294519,
    116.29699655478));
#10228 = CARTESIAN_POINT('',(287.04845929576,4.294311209708,
    116.30249182311));
#10229 = CARTESIAN_POINT('',(287.04414827091,4.332737962057,
    116.30849628581));
#10230 = CARTESIAN_POINT('',(287.03963564174,4.370884408745,
    116.3149983204));
#10231 = CARTESIAN_POINT('',(287.03492735055,4.40873880779,
    116.32198603021));
#10232 = CARTESIAN_POINT('',(287.0202758589,4.521068431524,
    116.3443052904));
#10233 = CARTESIAN_POINT('',(287.00977039291,4.594643837932,
    116.36104090799));
#10234 = CARTESIAN_POINT('',(286.99855961671,4.666939497938,
    116.37955936177));
#10235 = CARTESIAN_POINT('',(286.9866899189,4.737896517414,
    116.39976450267));
#10236 = CARTESIAN_POINT('',(286.97420650717,4.807472710758,
    116.42156108678));
#10237 = CARTESIAN_POINT('',(286.96115251543,4.875640737785,
    116.44485695129));
#10238 = CARTESIAN_POINT('',(286.9475681109,4.942386240626,
    116.46956519036));
#10239 = CARTESIAN_POINT('',(286.91345564978,5.100657047445,
    116.53266330343));
#10240 = CARTESIAN_POINT('',(286.89242428334,5.19070705609,
    116.57241349296));
#10241 = CARTESIAN_POINT('',(286.87049893762,5.277858896005,
    116.61462962429));
#10242 = CARTESIAN_POINT('',(286.84777361465,5.362132791968,
    116.65910304933));
#10243 = CARTESIAN_POINT('',(286.82433244724,5.443564223285,
    116.70564510462));
#10244 = CARTESIAN_POINT('',(286.80024926351,5.522201842994,
    116.75408846886));
#10245 = CARTESIAN_POINT('',(286.7755871513,5.598105397056,
    116.80428852036));
#10246 = CARTESIAN_POINT('',(286.66876955906,5.908681173461,
    117.02410618142));
#10247 = CARTESIAN_POINT('',(286.58181013309,6.117439123923,
    117.20885088652));
#10248 = CARTESIAN_POINT('',(286.4911118989,6.300824119748,
    117.40657083637));
#10249 = CARTESIAN_POINT('',(286.39777146328,6.460180129077,
    117.61472452512));
#10250 = CARTESIAN_POINT('',(286.3026670413,6.596855654174,
    117.83119752256));
#10251 = CARTESIAN_POINT('',(286.20639662439,6.711735214521,
    118.05452361012));
#10252 = CARTESIAN_POINT('',(286.10934998971,6.805557565217,
    118.28371793175));
#10253 = CARTESIAN_POINT('',(286.01167150421,6.87850235337,
    118.5184451615));
#10254 = ORIENTED_EDGE('',*,*,#10255,.T.);
#10255 = EDGE_CURVE('',#10172,#10155,#10256,.T.);
#10256 = CIRCLE('',#10257,3.2);
#10257 = AXIS2_PLACEMENT_3D('',#10258,#10259,#10260);
#10258 = CARTESIAN_POINT('',(286.01167210421,3.82266,119.46809115415));
#10259 = DIRECTION('',(1.,0.,-2.22044604925E-16));
#10260 = DIRECTION('',(2.22044604925E-16,0.,1.));
#10261 = ORIENTED_EDGE('',*,*,#10154,.T.);
#10262 = CYLINDRICAL_SURFACE('',#10263,3.2);
#10263 = AXIS2_PLACEMENT_3D('',#10264,#10265,#10266);
#10264 = CARTESIAN_POINT('',(286.01167210421,3.82266,119.46809115415));
#10265 = DIRECTION('',(1.,0.,-2.22044604925E-16));
#10266 = DIRECTION('',(2.22044604925E-16,0.,1.));
#10267 = ADVANCED_FACE('',(#10268),#10371,.F.);
#10268 = FACE_BOUND('',#10269,.F.);
#10269 = EDGE_LOOP('',(#10270,#10271,#10278,#10279,#10288,#10296,#10303,
    #10304,#10311,#10312,#10319,#10320,#10327,#10328,#10329,#10336,
    #10337,#10338,#10345,#10346,#10347,#10354,#10355,#10356,#10363,
    #10364));
#10270 = ORIENTED_EDGE('',*,*,#9397,.F.);
#10271 = ORIENTED_EDGE('',*,*,#10272,.T.);
#10272 = EDGE_CURVE('',#9389,#10172,#10273,.T.);
#10273 = CIRCLE('',#10274,37.);
#10274 = AXIS2_PLACEMENT_3D('',#10275,#10276,#10277);
#10275 = CARTESIAN_POINT('',(286.01167210421,0.,82.163441154151));
#10276 = DIRECTION('',(1.,0.,-2.22044604925E-16));
#10277 = DIRECTION('',(2.22044604925E-16,0.,1.));
#10278 = ORIENTED_EDGE('',*,*,#10171,.F.);
#10279 = ORIENTED_EDGE('',*,*,#10280,.T.);
#10280 = EDGE_CURVE('',#10163,#10281,#10283,.T.);
#10281 = VERTEX_POINT('',#10282);
#10282 = CARTESIAN_POINT('',(286.01167210421,9.06238631369E-15,
    119.16344115415));
#10283 = CIRCLE('',#10284,37.);
#10284 = AXIS2_PLACEMENT_3D('',#10285,#10286,#10287);
#10285 = CARTESIAN_POINT('',(286.01167210421,0.,82.163441154151));
#10286 = DIRECTION('',(1.,0.,-2.22044604925E-16));
#10287 = DIRECTION('',(2.22044604925E-16,0.,1.));
#10288 = ORIENTED_EDGE('',*,*,#10289,.T.);
#10289 = EDGE_CURVE('',#10281,#10290,#10292,.T.);
#10290 = VERTEX_POINT('',#10291);
#10291 = CARTESIAN_POINT('',(294.01167210421,4.163799117101E-15,
    99.163441154151));
#10292 = LINE('',#10293,#10294);
#10293 = CARTESIAN_POINT('',(286.01167210421,9.06238631369E-15,
    119.16344115415));
#10294 = VECTOR('',#10295,1.);
#10295 = DIRECTION('',(0.371390676354,-2.274112015151E-16,
    -0.928476690885));
#10296 = ORIENTED_EDGE('',*,*,#10297,.F.);
#10297 = EDGE_CURVE('',#10290,#10290,#10298,.T.);
#10298 = CIRCLE('',#10299,17.);
#10299 = AXIS2_PLACEMENT_3D('',#10300,#10301,#10302);
#10300 = CARTESIAN_POINT('',(294.01167210421,0.,82.163441154151));
#10301 = DIRECTION('',(1.,0.,-2.22044604925E-16));
#10302 = DIRECTION('',(2.22044604925E-16,0.,1.));
#10303 = ORIENTED_EDGE('',*,*,#10289,.F.);
#10304 = ORIENTED_EDGE('',*,*,#10305,.T.);
#10305 = EDGE_CURVE('',#10281,#9509,#10306,.T.);
#10306 = CIRCLE('',#10307,37.);
#10307 = AXIS2_PLACEMENT_3D('',#10308,#10309,#10310);
#10308 = CARTESIAN_POINT('',(286.01167210421,0.,82.163441154151));
#10309 = DIRECTION('',(1.,0.,-2.22044604925E-16));
#10310 = DIRECTION('',(2.22044604925E-16,0.,1.));
#10311 = ORIENTED_EDGE('',*,*,#9508,.F.);
#10312 = ORIENTED_EDGE('',*,*,#10313,.T.);
#10313 = EDGE_CURVE('',#9500,#9280,#10314,.T.);
#10314 = CIRCLE('',#10315,37.);
#10315 = AXIS2_PLACEMENT_3D('',#10316,#10317,#10318);
#10316 = CARTESIAN_POINT('',(286.01167210421,0.,82.163441154151));
#10317 = DIRECTION('',(1.,0.,-2.22044604925E-16));
#10318 = DIRECTION('',(2.22044604925E-16,0.,1.));
#10319 = ORIENTED_EDGE('',*,*,#9279,.F.);
#10320 = ORIENTED_EDGE('',*,*,#10321,.T.);
#10321 = EDGE_CURVE('',#9271,#9618,#10322,.T.);
#10322 = CIRCLE('',#10323,37.);
#10323 = AXIS2_PLACEMENT_3D('',#10324,#10325,#10326);
#10324 = CARTESIAN_POINT('',(286.01167210421,0.,82.163441154151));
#10325 = DIRECTION('',(1.,0.,-2.22044604925E-16));
#10326 = DIRECTION('',(2.22044604925E-16,0.,1.));
#10327 = ORIENTED_EDGE('',*,*,#9617,.F.);
#10328 = ORIENTED_EDGE('',*,*,#9637,.F.);
#10329 = ORIENTED_EDGE('',*,*,#10330,.T.);
#10330 = EDGE_CURVE('',#9629,#9716,#10331,.T.);
#10331 = CIRCLE('',#10332,37.);
#10332 = AXIS2_PLACEMENT_3D('',#10333,#10334,#10335);
#10333 = CARTESIAN_POINT('',(286.01167210421,0.,82.163441154151));
#10334 = DIRECTION('',(1.,0.,-2.22044604925E-16));
#10335 = DIRECTION('',(2.22044604925E-16,0.,1.));
#10336 = ORIENTED_EDGE('',*,*,#9715,.F.);
#10337 = ORIENTED_EDGE('',*,*,#9746,.F.);
#10338 = ORIENTED_EDGE('',*,*,#10339,.T.);
#10339 = EDGE_CURVE('',#9738,#9815,#10340,.T.);
#10340 = CIRCLE('',#10341,37.);
#10341 = AXIS2_PLACEMENT_3D('',#10342,#10343,#10344);
#10342 = CARTESIAN_POINT('',(286.01167210421,0.,82.163441154151));
#10343 = DIRECTION('',(1.,0.,-2.22044604925E-16));
#10344 = DIRECTION('',(2.22044604925E-16,0.,1.));
#10345 = ORIENTED_EDGE('',*,*,#9814,.F.);
#10346 = ORIENTED_EDGE('',*,*,#9879,.F.);
#10347 = ORIENTED_EDGE('',*,*,#10348,.T.);
#10348 = EDGE_CURVE('',#9871,#9931,#10349,.T.);
#10349 = CIRCLE('',#10350,37.);
#10350 = AXIS2_PLACEMENT_3D('',#10351,#10352,#10353);
#10351 = CARTESIAN_POINT('',(286.01167210421,0.,82.163441154151));
#10352 = DIRECTION('',(1.,0.,-2.22044604925E-16));
#10353 = DIRECTION('',(2.22044604925E-16,0.,1.));
#10354 = ORIENTED_EDGE('',*,*,#9930,.F.);
#10355 = ORIENTED_EDGE('',*,*,#10009,.F.);
#10356 = ORIENTED_EDGE('',*,*,#10357,.T.);
#10357 = EDGE_CURVE('',#10001,#10054,#10358,.T.);
#10358 = CIRCLE('',#10359,37.);
#10359 = AXIS2_PLACEMENT_3D('',#10360,#10361,#10362);
#10360 = CARTESIAN_POINT('',(286.01167210421,0.,82.163441154151));
#10361 = DIRECTION('',(1.,0.,-2.22044604925E-16));
#10362 = DIRECTION('',(2.22044604925E-16,0.,1.));
#10363 = ORIENTED_EDGE('',*,*,#10053,.F.);
#10364 = ORIENTED_EDGE('',*,*,#10365,.T.);
#10365 = EDGE_CURVE('',#10045,#9398,#10366,.T.);
#10366 = CIRCLE('',#10367,37.);
#10367 = AXIS2_PLACEMENT_3D('',#10368,#10369,#10370);
#10368 = CARTESIAN_POINT('',(286.01167210421,0.,82.163441154151));
#10369 = DIRECTION('',(1.,0.,-2.22044604925E-16));
#10370 = DIRECTION('',(2.22044604925E-16,0.,1.));
#10371 = CONICAL_SURFACE('',#10372,37.,1.190289949683);
#10372 = AXIS2_PLACEMENT_3D('',#10373,#10374,#10375);
#10373 = CARTESIAN_POINT('',(286.01167210421,0.,82.163441154151));
#10374 = DIRECTION('',(-1.,0.,2.22044604925E-16));
#10375 = DIRECTION('',(2.22044604925E-16,0.,1.));
#10376 = ADVANCED_FACE('',(#10377,#10380),#10391,.F.);
#10377 = FACE_BOUND('',#10378,.F.);
#10378 = EDGE_LOOP('',(#10379));
#10379 = ORIENTED_EDGE('',*,*,#10297,.T.);
#10380 = FACE_BOUND('',#10381,.F.);
#10381 = EDGE_LOOP('',(#10382));
#10382 = ORIENTED_EDGE('',*,*,#10383,.F.);
#10383 = EDGE_CURVE('',#10384,#10384,#10386,.T.);
#10384 = VERTEX_POINT('',#10385);
#10385 = CARTESIAN_POINT('',(294.01167210421,2.081899558551E-15,
    90.663441154151));
#10386 = CIRCLE('',#10387,8.5);
#10387 = AXIS2_PLACEMENT_3D('',#10388,#10389,#10390);
#10388 = CARTESIAN_POINT('',(294.01167210421,0.,82.163441154151));
#10389 = DIRECTION('',(1.,0.,-2.22044604925E-16));
#10390 = DIRECTION('',(2.22044604925E-16,0.,1.));
#10391 = PLANE('',#10392);
#10392 = AXIS2_PLACEMENT_3D('',#10393,#10394,#10395);
#10393 = CARTESIAN_POINT('',(294.01167210421,0.,82.163441154151));
#10394 = DIRECTION('',(1.,0.,-2.22044604925E-16));
#10395 = DIRECTION('',(2.22044604925E-16,0.,1.));
#10396 = ADVANCED_FACE('',(#10397),#10408,.F.);
#10397 = FACE_BOUND('',#10398,.F.);
#10398 = EDGE_LOOP('',(#10399,#10400,#10406,#10407));
#10399 = ORIENTED_EDGE('',*,*,#7586,.F.);
#10400 = ORIENTED_EDGE('',*,*,#10401,.F.);
#10401 = EDGE_CURVE('',#10384,#7587,#10402,.T.);
#10402 = LINE('',#10403,#10404);
#10403 = CARTESIAN_POINT('',(294.01167210421,2.081899558551E-15,
    90.663441154151));
#10404 = VECTOR('',#10405,1.);
#10405 = DIRECTION('',(1.,0.,-2.22044604925E-16));
#10406 = ORIENTED_EDGE('',*,*,#10383,.T.);
#10407 = ORIENTED_EDGE('',*,*,#10401,.T.);
#10408 = CYLINDRICAL_SURFACE('',#10409,8.5);
#10409 = AXIS2_PLACEMENT_3D('',#10410,#10411,#10412);
#10410 = CARTESIAN_POINT('',(294.01167210421,0.,82.163441154151));
#10411 = DIRECTION('',(1.,0.,-2.22044604925E-16));
#10412 = DIRECTION('',(2.22044604925E-16,0.,1.));
#10413 = ADVANCED_FACE('',(#10414),#10417,.T.);
#10414 = FACE_BOUND('',#10415,.F.);
#10415 = EDGE_LOOP('',(#10416));
#10416 = ORIENTED_EDGE('',*,*,#7492,.F.);
#10417 = PLANE('',#10418);
#10418 = AXIS2_PLACEMENT_3D('',#10419,#10420,#10421);
#10419 = CARTESIAN_POINT('',(303.01167210421,17.320508075689,
    72.163441154151));
#10420 = DIRECTION('',(1.,0.,-2.22044604925E-16));
#10421 = DIRECTION('',(2.22044604925E-16,0.,1.));
#10422 = ADVANCED_FACE('',(#10423),#10426,.T.);
#10423 = FACE_BOUND('',#10424,.F.);
#10424 = EDGE_LOOP('',(#10425));
#10425 = ORIENTED_EDGE('',*,*,#7542,.F.);
#10426 = PLANE('',#10427);
#10427 = AXIS2_PLACEMENT_3D('',#10428,#10429,#10430);
#10428 = CARTESIAN_POINT('',(303.01167210421,-17.32050807568,
    72.163441154151));
#10429 = DIRECTION('',(1.,0.,-2.22044604925E-16));
#10430 = DIRECTION('',(2.22044604925E-16,0.,1.));
#10431 = ADVANCED_FACE('',(#10432),#10435,.T.);
#10432 = FACE_BOUND('',#10433,.F.);
#10433 = EDGE_LOOP('',(#10434));
#10434 = ORIENTED_EDGE('',*,*,#7567,.F.);
#10435 = PLANE('',#10436);
#10436 = AXIS2_PLACEMENT_3D('',#10437,#10438,#10439);
#10437 = CARTESIAN_POINT('',(303.01167210421,1.224646799147E-15,
    102.16344115415));
#10438 = DIRECTION('',(1.,0.,-2.22044604925E-16));
#10439 = DIRECTION('',(2.22044604925E-16,0.,1.));
#10440 = ADVANCED_FACE('',(#10441,#10467,#10470,#10475,#10480,#10485,
    #10490,#10495,#10500,#10505,#10510),#10547,.T.);
#10441 = FACE_BOUND('',#10442,.T.);
#10442 = EDGE_LOOP('',(#10443,#10444,#10445,#10446,#10447,#10448,#10449,
    #10450,#10451,#10452,#10453,#10454,#10455,#10456,#10457,#10458,
    #10459,#10460,#10461,#10462,#10463,#10464,#10465,#10466));
#10443 = ORIENTED_EDGE('',*,*,#10137,.T.);
#10444 = ORIENTED_EDGE('',*,*,#10044,.T.);
#10445 = ORIENTED_EDGE('',*,*,#10365,.T.);
#10446 = ORIENTED_EDGE('',*,*,#9474,.T.);
#10447 = ORIENTED_EDGE('',*,*,#9388,.T.);
#10448 = ORIENTED_EDGE('',*,*,#10272,.T.);
#10449 = ORIENTED_EDGE('',*,*,#10255,.T.);
#10450 = ORIENTED_EDGE('',*,*,#10162,.T.);
#10451 = ORIENTED_EDGE('',*,*,#10280,.T.);
#10452 = ORIENTED_EDGE('',*,*,#10305,.T.);
#10453 = ORIENTED_EDGE('',*,*,#9592,.T.);
#10454 = ORIENTED_EDGE('',*,*,#9499,.T.);
#10455 = ORIENTED_EDGE('',*,*,#10313,.T.);
#10456 = ORIENTED_EDGE('',*,*,#9363,.T.);
#10457 = ORIENTED_EDGE('',*,*,#9270,.T.);
#10458 = ORIENTED_EDGE('',*,*,#10321,.T.);
#10459 = ORIENTED_EDGE('',*,*,#9628,.T.);
#10460 = ORIENTED_EDGE('',*,*,#10330,.T.);
#10461 = ORIENTED_EDGE('',*,*,#9737,.T.);
#10462 = ORIENTED_EDGE('',*,*,#10339,.T.);
#10463 = ORIENTED_EDGE('',*,*,#9870,.T.);
#10464 = ORIENTED_EDGE('',*,*,#10348,.T.);
#10465 = ORIENTED_EDGE('',*,*,#10000,.T.);
#10466 = ORIENTED_EDGE('',*,*,#10357,.T.);
#10467 = FACE_BOUND('',#10468,.T.);
#10468 = EDGE_LOOP('',(#10469));
#10469 = ORIENTED_EDGE('',*,*,#6966,.F.);
#10470 = FACE_BOUND('',#10471,.T.);
#10471 = EDGE_LOOP('',(#10472,#10473,#10474));
#10472 = ORIENTED_EDGE('',*,*,#7095,.F.);
#10473 = ORIENTED_EDGE('',*,*,#7104,.F.);
#10474 = ORIENTED_EDGE('',*,*,#7086,.F.);
#10475 = FACE_BOUND('',#10476,.T.);
#10476 = EDGE_LOOP('',(#10477,#10478,#10479));
#10477 = ORIENTED_EDGE('',*,*,#7172,.F.);
#10478 = ORIENTED_EDGE('',*,*,#7181,.F.);
#10479 = ORIENTED_EDGE('',*,*,#7190,.F.);
#10480 = FACE_BOUND('',#10481,.T.);
#10481 = EDGE_LOOP('',(#10482,#10483,#10484));
#10482 = ORIENTED_EDGE('',*,*,#7215,.F.);
#10483 = ORIENTED_EDGE('',*,*,#7224,.F.);
#10484 = ORIENTED_EDGE('',*,*,#7233,.F.);
#10485 = FACE_BOUND('',#10486,.T.);
#10486 = EDGE_LOOP('',(#10487,#10488,#10489));
#10487 = ORIENTED_EDGE('',*,*,#7052,.F.);
#10488 = ORIENTED_EDGE('',*,*,#7061,.F.);
#10489 = ORIENTED_EDGE('',*,*,#7043,.F.);
#10490 = FACE_BOUND('',#10491,.T.);
#10491 = EDGE_LOOP('',(#10492,#10493,#10494));
#10492 = ORIENTED_EDGE('',*,*,#7009,.F.);
#10493 = ORIENTED_EDGE('',*,*,#7018,.F.);
#10494 = ORIENTED_EDGE('',*,*,#7000,.F.);
#10495 = FACE_BOUND('',#10496,.T.);
#10496 = EDGE_LOOP('',(#10497,#10498,#10499));
#10497 = ORIENTED_EDGE('',*,*,#7138,.F.);
#10498 = ORIENTED_EDGE('',*,*,#7147,.F.);
#10499 = ORIENTED_EDGE('',*,*,#7129,.F.);
#10500 = FACE_BOUND('',#10501,.T.);
#10501 = EDGE_LOOP('',(#10502,#10503,#10504));
#10502 = ORIENTED_EDGE('',*,*,#7310,.F.);
#10503 = ORIENTED_EDGE('',*,*,#7319,.F.);
#10504 = ORIENTED_EDGE('',*,*,#7301,.F.);
#10505 = FACE_BOUND('',#10506,.T.);
#10506 = EDGE_LOOP('',(#10507,#10508,#10509));
#10507 = ORIENTED_EDGE('',*,*,#7258,.F.);
#10508 = ORIENTED_EDGE('',*,*,#7267,.F.);
#10509 = ORIENTED_EDGE('',*,*,#7276,.F.);
#10510 = FACE_BOUND('',#10511,.T.);
#10511 = EDGE_LOOP('',(#10512,#10523,#10532,#10539,#10540));
#10512 = ORIENTED_EDGE('',*,*,#10513,.F.);
#10513 = EDGE_CURVE('',#10514,#10516,#10518,.T.);
#10514 = VERTEX_POINT('',#10515);
#10515 = CARTESIAN_POINT('',(286.01167210421,36.984662280286,
    83.228690426933));
#10516 = VERTEX_POINT('',#10517);
#10517 = CARTESIAN_POINT('',(286.01167210421,37.40171,83.176741154151));
#10518 = CIRCLE('',#10519,1.7);
#10519 = AXIS2_PLACEMENT_3D('',#10520,#10521,#10522);
#10520 = CARTESIAN_POINT('',(286.01167210421,37.40171,84.876741154151));
#10521 = DIRECTION('',(1.,0.,-4.440892098501E-16));
#10522 = DIRECTION('',(-4.440892098501E-16,0.,-1.));
#10523 = ORIENTED_EDGE('',*,*,#10524,.F.);
#10524 = EDGE_CURVE('',#10525,#10514,#10527,.T.);
#10525 = VERTEX_POINT('',#10526);
#10526 = CARTESIAN_POINT('',(286.01167210421,36.751165691336,
    86.447343618961));
#10527 = CIRCLE('',#10528,1.7);
#10528 = AXIS2_PLACEMENT_3D('',#10529,#10530,#10531);
#10529 = CARTESIAN_POINT('',(286.01167210421,37.40171,84.876741154151));
#10530 = DIRECTION('',(1.,0.,-4.440892098501E-16));
#10531 = DIRECTION('',(-4.440892098501E-16,0.,-1.));
#10532 = ORIENTED_EDGE('',*,*,#10533,.F.);
#10533 = EDGE_CURVE('',#7345,#10525,#10534,.T.);
#10534 = CIRCLE('',#10535,1.7);
#10535 = AXIS2_PLACEMENT_3D('',#10536,#10537,#10538);
#10536 = CARTESIAN_POINT('',(286.01167210421,37.40171,84.876741154151));
#10537 = DIRECTION('',(1.,0.,-4.440892098501E-16));
#10538 = DIRECTION('',(-4.440892098501E-16,0.,-1.));
#10539 = ORIENTED_EDGE('',*,*,#7352,.F.);
#10540 = ORIENTED_EDGE('',*,*,#10541,.F.);
#10541 = EDGE_CURVE('',#10516,#7336,#10542,.T.);
#10542 = CIRCLE('',#10543,1.7);
#10543 = AXIS2_PLACEMENT_3D('',#10544,#10545,#10546);
#10544 = CARTESIAN_POINT('',(286.01167210421,37.40171,84.876741154151));
#10545 = DIRECTION('',(1.,0.,-4.440892098501E-16));
#10546 = DIRECTION('',(-4.440892098501E-16,0.,-1.));
#10547 = PLANE('',#10548);
#10548 = AXIS2_PLACEMENT_3D('',#10549,#10550,#10551);
#10549 = CARTESIAN_POINT('',(286.01167210421,5.498967934785E-04,
    82.352457694579));
#10550 = DIRECTION('',(1.,0.,-2.22044604925E-16));
#10551 = DIRECTION('',(2.22044604925E-16,0.,1.));
#10552 = ADVANCED_FACE('',(#10553),#10561,.T.);
#10553 = FACE_BOUND('',#10554,.T.);
#10554 = EDGE_LOOP('',(#10555,#10556,#10557,#10558,#10559,#10560));
#10555 = ORIENTED_EDGE('',*,*,#6254,.T.);
#10556 = ORIENTED_EDGE('',*,*,#5945,.T.);
#10557 = ORIENTED_EDGE('',*,*,#6769,.F.);
#10558 = ORIENTED_EDGE('',*,*,#6760,.F.);
#10559 = ORIENTED_EDGE('',*,*,#5842,.F.);
#10560 = ORIENTED_EDGE('',*,*,#6240,.T.);
#10561 = CYLINDRICAL_SURFACE('',#10562,28.);
#10562 = AXIS2_PLACEMENT_3D('',#10563,#10564,#10565);
#10563 = CARTESIAN_POINT('',(197.01167210421,34.,82.163441154151));
#10564 = DIRECTION('',(0.,1.,0.));
#10565 = DIRECTION('',(2.22044604925E-16,0.,1.));
#10566 = ADVANCED_FACE('',(#10567,#10577,#10580),#10583,.T.);
#10567 = FACE_BOUND('',#10568,.T.);
#10568 = EDGE_LOOP('',(#10569,#10570,#10571,#10572,#10573,#10574,#10575,
    #10576));
#10569 = ORIENTED_EDGE('',*,*,#6283,.F.);
#10570 = ORIENTED_EDGE('',*,*,#6274,.F.);
#10571 = ORIENTED_EDGE('',*,*,#6263,.F.);
#10572 = ORIENTED_EDGE('',*,*,#6335,.F.);
#10573 = ORIENTED_EDGE('',*,*,#6436,.F.);
#10574 = ORIENTED_EDGE('',*,*,#6369,.T.);
#10575 = ORIENTED_EDGE('',*,*,#6380,.T.);
#10576 = ORIENTED_EDGE('',*,*,#6577,.T.);
#10577 = FACE_BOUND('',#10578,.T.);
#10578 = EDGE_LOOP('',(#10579));
#10579 = ORIENTED_EDGE('',*,*,#6603,.F.);
#10580 = FACE_BOUND('',#10581,.T.);
#10581 = EDGE_LOOP('',(#10582));
#10582 = ORIENTED_EDGE('',*,*,#6471,.T.);
#10583 = CYLINDRICAL_SURFACE('',#10584,23.);
#10584 = AXIS2_PLACEMENT_3D('',#10585,#10586,#10587);
#10585 = CARTESIAN_POINT('',(197.01167210421,22.,82.163441154151));
#10586 = DIRECTION('',(0.,1.,0.));
#10587 = DIRECTION('',(2.22044604925E-16,0.,1.));
#10588 = ADVANCED_FACE('',(#10589),#10598,.F.);
#10589 = FACE_BOUND('',#10590,.F.);
#10590 = EDGE_LOOP('',(#10591,#10592,#10593,#10594,#10595,#10596,#10597)
  );
#10591 = ORIENTED_EDGE('',*,*,#6570,.T.);
#10592 = ORIENTED_EDGE('',*,*,#6300,.F.);
#10593 = ORIENTED_EDGE('',*,*,#6309,.F.);
#10594 = ORIENTED_EDGE('',*,*,#6318,.F.);
#10595 = ORIENTED_EDGE('',*,*,#6429,.F.);
#10596 = ORIENTED_EDGE('',*,*,#6406,.T.);
#10597 = ORIENTED_EDGE('',*,*,#6397,.T.);
#10598 = CYLINDRICAL_SURFACE('',#10599,7.55);
#10599 = AXIS2_PLACEMENT_3D('',#10600,#10601,#10602);
#10600 = CARTESIAN_POINT('',(197.01167210421,22.,82.163441154151));
#10601 = DIRECTION('',(0.,1.,0.));
#10602 = DIRECTION('',(2.22044604925E-16,0.,1.));
#10603 = ADVANCED_FACE('',(#10604),#10612,.T.);
#10604 = FACE_BOUND('',#10605,.T.);
#10605 = EDGE_LOOP('',(#10606,#10607,#10608,#10609,#10610,#10611));
#10606 = ORIENTED_EDGE('',*,*,#7367,.F.);
#10607 = ORIENTED_EDGE('',*,*,#6192,.F.);
#10608 = ORIENTED_EDGE('',*,*,#6823,.T.);
#10609 = ORIENTED_EDGE('',*,*,#6814,.T.);
#10610 = ORIENTED_EDGE('',*,*,#6152,.T.);
#10611 = ORIENTED_EDGE('',*,*,#7376,.F.);
#10612 = CYLINDRICAL_SURFACE('',#10613,44.);
#10613 = AXIS2_PLACEMENT_3D('',#10614,#10615,#10616);
#10614 = CARTESIAN_POINT('',(280.01167210421,0.,82.163441154151));
#10615 = DIRECTION('',(1.,0.,-4.440892098501E-16));
#10616 = DIRECTION('',(-4.440892098501E-16,0.,-1.));
#10617 = ADVANCED_FACE('',(#10618),#10628,.F.);
#10618 = FACE_BOUND('',#10619,.F.);
#10619 = EDGE_LOOP('',(#10620,#10621,#10622,#10623,#10624,#10625,#10626,
    #10627));
#10620 = ORIENTED_EDGE('',*,*,#7335,.T.);
#10621 = ORIENTED_EDGE('',*,*,#10541,.F.);
#10622 = ORIENTED_EDGE('',*,*,#10513,.F.);
#10623 = ORIENTED_EDGE('',*,*,#10524,.F.);
#10624 = ORIENTED_EDGE('',*,*,#10533,.F.);
#10625 = ORIENTED_EDGE('',*,*,#7344,.F.);
#10626 = ORIENTED_EDGE('',*,*,#6932,.T.);
#10627 = ORIENTED_EDGE('',*,*,#6943,.T.);
#10628 = CYLINDRICAL_SURFACE('',#10629,1.7);
#10629 = AXIS2_PLACEMENT_3D('',#10630,#10631,#10632);
#10630 = CARTESIAN_POINT('',(280.01167210421,37.40171,84.876741154151));
#10631 = DIRECTION('',(1.,0.,-4.440892098501E-16));
#10632 = DIRECTION('',(-4.440892098501E-16,0.,-1.));
#10633 = ADVANCED_FACE('',(#10634),#10644,.T.);
#10634 = FACE_BOUND('',#10635,.T.);
#10635 = EDGE_LOOP('',(#10636,#10637,#10642,#10643));
#10636 = ORIENTED_EDGE('',*,*,#7613,.T.);
#10637 = ORIENTED_EDGE('',*,*,#10638,.T.);
#10638 = EDGE_CURVE('',#7606,#7423,#10639,.T.);
#10639 = B_SPLINE_CURVE_WITH_KNOTS('',1,(#10640,#10641),.UNSPECIFIED.,
  .F.,.F.,(2,2),(0.,14.),.PIECEWISE_BEZIER_KNOTS.);
#10640 = CARTESIAN_POINT('',(294.01167210421,0.,105.16344115415));
#10641 = CARTESIAN_POINT('',(308.01167210421,0.,105.16344115415));
#10642 = ORIENTED_EDGE('',*,*,#7422,.F.);
#10643 = ORIENTED_EDGE('',*,*,#10638,.F.);
#10644 = CYLINDRICAL_SURFACE('',#10645,23.);
#10645 = AXIS2_PLACEMENT_3D('',#10646,#10647,#10648);
#10646 = CARTESIAN_POINT('',(294.01167210421,0.,82.163441154151));
#10647 = DIRECTION('',(1.,0.,-2.22044604925E-16));
#10648 = DIRECTION('',(2.22044604925E-16,0.,1.));
#10649 = MANIFOLD_SOLID_BREP('',#10650);
#10650 = CLOSED_SHELL('',(#10651,#10684,#10704,#10724));
#10651 = ADVANCED_FACE('',(#10652),#10679,.T.);
#10652 = FACE_BOUND('',#10653,.T.);
#10653 = EDGE_LOOP('',(#10654,#10663,#10671,#10678));
#10654 = ORIENTED_EDGE('',*,*,#10655,.F.);
#10655 = EDGE_CURVE('',#10656,#10656,#10658,.T.);
#10656 = VERTEX_POINT('',#10657);
#10657 = CARTESIAN_POINT('',(306.01167210421,3.918869757272E-15,
    98.163441154151));
#10658 = CIRCLE('',#10659,16.);
#10659 = AXIS2_PLACEMENT_3D('',#10660,#10661,#10662);
#10660 = CARTESIAN_POINT('',(306.01167210421,0.,82.163441154151));
#10661 = DIRECTION('',(1.,0.,-2.22044604925E-16));
#10662 = DIRECTION('',(2.22044604925E-16,0.,1.));
#10663 = ORIENTED_EDGE('',*,*,#10664,.F.);
#10664 = EDGE_CURVE('',#10665,#10656,#10667,.T.);
#10665 = VERTEX_POINT('',#10666);
#10666 = CARTESIAN_POINT('',(297.01167210421,3.918869757272E-15,
    98.163441154151));
#10667 = LINE('',#10668,#10669);
#10668 = CARTESIAN_POINT('',(297.01167210421,3.918869757272E-15,
    98.163441154151));
#10669 = VECTOR('',#10670,1.);
#10670 = DIRECTION('',(1.,0.,-2.22044604925E-16));
#10671 = ORIENTED_EDGE('',*,*,#10672,.T.);
#10672 = EDGE_CURVE('',#10665,#10665,#10673,.T.);
#10673 = CIRCLE('',#10674,16.);
#10674 = AXIS2_PLACEMENT_3D('',#10675,#10676,#10677);
#10675 = CARTESIAN_POINT('',(297.01167210421,0.,82.163441154151));
#10676 = DIRECTION('',(1.,0.,-2.22044604925E-16));
#10677 = DIRECTION('',(2.22044604925E-16,0.,1.));
#10678 = ORIENTED_EDGE('',*,*,#10664,.T.);
#10679 = CYLINDRICAL_SURFACE('',#10680,16.);
#10680 = AXIS2_PLACEMENT_3D('',#10681,#10682,#10683);
#10681 = CARTESIAN_POINT('',(297.01167210421,0.,82.163441154151));
#10682 = DIRECTION('',(1.,0.,-2.22044604925E-16));
#10683 = DIRECTION('',(2.22044604925E-16,0.,1.));
#10684 = ADVANCED_FACE('',(#10685,#10688),#10699,.T.);
#10685 = FACE_BOUND('',#10686,.T.);
#10686 = EDGE_LOOP('',(#10687));
#10687 = ORIENTED_EDGE('',*,*,#10655,.T.);
#10688 = FACE_BOUND('',#10689,.T.);
#10689 = EDGE_LOOP('',(#10690));
#10690 = ORIENTED_EDGE('',*,*,#10691,.F.);
#10691 = EDGE_CURVE('',#10692,#10692,#10694,.T.);
#10692 = VERTEX_POINT('',#10693);
#10693 = CARTESIAN_POINT('',(306.01167210421,1.836970198721E-15,
    89.663441154151));
#10694 = CIRCLE('',#10695,7.5);
#10695 = AXIS2_PLACEMENT_3D('',#10696,#10697,#10698);
#10696 = CARTESIAN_POINT('',(306.01167210421,0.,82.163441154151));
#10697 = DIRECTION('',(1.,0.,-2.22044604925E-16));
#10698 = DIRECTION('',(2.22044604925E-16,0.,1.));
#10699 = PLANE('',#10700);
#10700 = AXIS2_PLACEMENT_3D('',#10701,#10702,#10703);
#10701 = CARTESIAN_POINT('',(306.01167210421,0.,82.163441154151));
#10702 = DIRECTION('',(1.,0.,-2.22044604925E-16));
#10703 = DIRECTION('',(2.22044604925E-16,0.,1.));
#10704 = ADVANCED_FACE('',(#10705,#10708),#10719,.F.);
#10705 = FACE_BOUND('',#10706,.F.);
#10706 = EDGE_LOOP('',(#10707));
#10707 = ORIENTED_EDGE('',*,*,#10672,.T.);
#10708 = FACE_BOUND('',#10709,.F.);
#10709 = EDGE_LOOP('',(#10710));
#10710 = ORIENTED_EDGE('',*,*,#10711,.F.);
#10711 = EDGE_CURVE('',#10712,#10712,#10714,.T.);
#10712 = VERTEX_POINT('',#10713);
#10713 = CARTESIAN_POINT('',(297.01167210421,1.836970198721E-15,
    89.663441154151));
#10714 = CIRCLE('',#10715,7.5);
#10715 = AXIS2_PLACEMENT_3D('',#10716,#10717,#10718);
#10716 = CARTESIAN_POINT('',(297.01167210421,0.,82.163441154151));
#10717 = DIRECTION('',(1.,0.,-2.22044604925E-16));
#10718 = DIRECTION('',(2.22044604925E-16,0.,1.));
#10719 = PLANE('',#10720);
#10720 = AXIS2_PLACEMENT_3D('',#10721,#10722,#10723);
#10721 = CARTESIAN_POINT('',(297.01167210421,0.,82.163441154151));
#10722 = DIRECTION('',(1.,0.,-2.22044604925E-16));
#10723 = DIRECTION('',(2.22044604925E-16,0.,1.));
#10724 = ADVANCED_FACE('',(#10725),#10736,.F.);
#10725 = FACE_BOUND('',#10726,.F.);
#10726 = EDGE_LOOP('',(#10727,#10728,#10734,#10735));
#10727 = ORIENTED_EDGE('',*,*,#10691,.F.);
#10728 = ORIENTED_EDGE('',*,*,#10729,.F.);
#10729 = EDGE_CURVE('',#10712,#10692,#10730,.T.);
#10730 = LINE('',#10731,#10732);
#10731 = CARTESIAN_POINT('',(297.01167210421,1.836970198721E-15,
    89.663441154151));
#10732 = VECTOR('',#10733,1.);
#10733 = DIRECTION('',(1.,0.,-2.22044604925E-16));
#10734 = ORIENTED_EDGE('',*,*,#10711,.T.);
#10735 = ORIENTED_EDGE('',*,*,#10729,.T.);
#10736 = CYLINDRICAL_SURFACE('',#10737,7.5);
#10737 = AXIS2_PLACEMENT_3D('',#10738,#10739,#10740);
#10738 = CARTESIAN_POINT('',(297.01167210421,0.,82.163441154151));
#10739 = DIRECTION('',(1.,0.,-2.22044604925E-16));
#10740 = DIRECTION('',(2.22044604925E-16,0.,1.));
#10741 = MANIFOLD_SOLID_BREP('',#10742);
#10742 = CLOSED_SHELL('',(#10743,#10776,#10829,#10882,#10899,#10916,
    #10933));
#10743 = ADVANCED_FACE('',(#10744),#10771,.T.);
#10744 = FACE_BOUND('',#10745,.T.);
#10745 = EDGE_LOOP('',(#10746,#10755,#10763,#10770));
#10746 = ORIENTED_EDGE('',*,*,#10747,.F.);
#10747 = EDGE_CURVE('',#10748,#10748,#10750,.T.);
#10748 = VERTEX_POINT('',#10749);
#10749 = CARTESIAN_POINT('',(311.01167210421,5.633375276078E-15,
    105.16344115415));
#10750 = CIRCLE('',#10751,23.);
#10751 = AXIS2_PLACEMENT_3D('',#10752,#10753,#10754);
#10752 = CARTESIAN_POINT('',(311.01167210421,0.,82.163441154151));
#10753 = DIRECTION('',(1.,0.,-2.22044604925E-16));
#10754 = DIRECTION('',(2.22044604925E-16,0.,1.));
#10755 = ORIENTED_EDGE('',*,*,#10756,.F.);
#10756 = EDGE_CURVE('',#10757,#10748,#10759,.T.);
#10757 = VERTEX_POINT('',#10758);
#10758 = CARTESIAN_POINT('',(308.01167210421,5.633375276078E-15,
    105.16344115415));
#10759 = LINE('',#10760,#10761);
#10760 = CARTESIAN_POINT('',(308.01167210421,5.633375276078E-15,
    105.16344115415));
#10761 = VECTOR('',#10762,1.);
#10762 = DIRECTION('',(1.,0.,-2.22044604925E-16));
#10763 = ORIENTED_EDGE('',*,*,#10764,.T.);
#10764 = EDGE_CURVE('',#10757,#10757,#10765,.T.);
#10765 = CIRCLE('',#10766,23.);
#10766 = AXIS2_PLACEMENT_3D('',#10767,#10768,#10769);
#10767 = CARTESIAN_POINT('',(308.01167210421,0.,82.163441154151));
#10768 = DIRECTION('',(1.,0.,-2.22044604925E-16));
#10769 = DIRECTION('',(2.22044604925E-16,0.,1.));
#10770 = ORIENTED_EDGE('',*,*,#10756,.T.);
#10771 = CYLINDRICAL_SURFACE('',#10772,23.);
#10772 = AXIS2_PLACEMENT_3D('',#10773,#10774,#10775);
#10773 = CARTESIAN_POINT('',(308.01167210421,0.,82.163441154151));
#10774 = DIRECTION('',(1.,0.,-2.22044604925E-16));
#10775 = DIRECTION('',(2.22044604925E-16,0.,1.));
#10776 = ADVANCED_FACE('',(#10777,#10780,#10791,#10802,#10813),#10824,
  .T.);
#10777 = FACE_BOUND('',#10778,.T.);
#10778 = EDGE_LOOP('',(#10779));
#10779 = ORIENTED_EDGE('',*,*,#10747,.T.);
#10780 = FACE_BOUND('',#10781,.T.);
#10781 = EDGE_LOOP('',(#10782));
#10782 = ORIENTED_EDGE('',*,*,#10783,.F.);
#10783 = EDGE_CURVE('',#10784,#10784,#10786,.T.);
#10784 = VERTEX_POINT('',#10785);
#10785 = CARTESIAN_POINT('',(311.01167210421,17.320508075689,
    73.863441154151));
#10786 = CIRCLE('',#10787,1.7);
#10787 = AXIS2_PLACEMENT_3D('',#10788,#10789,#10790);
#10788 = CARTESIAN_POINT('',(311.01167210421,17.320508075689,
    72.163441154151));
#10789 = DIRECTION('',(1.,0.,-2.22044604925E-16));
#10790 = DIRECTION('',(2.22044604925E-16,0.,1.));
#10791 = FACE_BOUND('',#10792,.T.);
#10792 = EDGE_LOOP('',(#10793));
#10793 = ORIENTED_EDGE('',*,*,#10794,.F.);
#10794 = EDGE_CURVE('',#10795,#10795,#10797,.T.);
#10795 = VERTEX_POINT('',#10796);
#10796 = CARTESIAN_POINT('',(311.01167210421,2.081899558551E-15,
    90.663441154151));
#10797 = CIRCLE('',#10798,8.5);
#10798 = AXIS2_PLACEMENT_3D('',#10799,#10800,#10801);
#10799 = CARTESIAN_POINT('',(311.01167210421,0.,82.163441154151));
#10800 = DIRECTION('',(1.,0.,-2.22044604925E-16));
#10801 = DIRECTION('',(2.22044604925E-16,0.,1.));
#10802 = FACE_BOUND('',#10803,.T.);
#10803 = EDGE_LOOP('',(#10804));
#10804 = ORIENTED_EDGE('',*,*,#10805,.F.);
#10805 = EDGE_CURVE('',#10806,#10806,#10808,.T.);
#10806 = VERTEX_POINT('',#10807);
#10807 = CARTESIAN_POINT('',(311.01167210421,-17.32050807568,
    73.863441154151));
#10808 = CIRCLE('',#10809,1.7);
#10809 = AXIS2_PLACEMENT_3D('',#10810,#10811,#10812);
#10810 = CARTESIAN_POINT('',(311.01167210421,-17.32050807568,
    72.163441154151));
#10811 = DIRECTION('',(1.,0.,-2.22044604925E-16));
#10812 = DIRECTION('',(2.22044604925E-16,0.,1.));
#10813 = FACE_BOUND('',#10814,.T.);
#10814 = EDGE_LOOP('',(#10815));
#10815 = ORIENTED_EDGE('',*,*,#10816,.F.);
#10816 = EDGE_CURVE('',#10817,#10817,#10819,.T.);
#10817 = VERTEX_POINT('',#10818);
#10818 = CARTESIAN_POINT('',(311.01167210421,1.641026710857E-15,
    103.86344115415));
#10819 = CIRCLE('',#10820,1.7);
#10820 = AXIS2_PLACEMENT_3D('',#10821,#10822,#10823);
#10821 = CARTESIAN_POINT('',(311.01167210421,1.224646799147E-15,
    102.16344115415));
#10822 = DIRECTION('',(1.,0.,-2.22044604925E-16));
#10823 = DIRECTION('',(2.22044604925E-16,0.,1.));
#10824 = PLANE('',#10825);
#10825 = AXIS2_PLACEMENT_3D('',#10826,#10827,#10828);
#10826 = CARTESIAN_POINT('',(311.01167210421,0.,82.163441154151));
#10827 = DIRECTION('',(1.,0.,-2.22044604925E-16));
#10828 = DIRECTION('',(2.22044604925E-16,0.,1.));
#10829 = ADVANCED_FACE('',(#10830,#10833,#10844,#10855,#10866),#10877,
  .F.);
#10830 = FACE_BOUND('',#10831,.F.);
#10831 = EDGE_LOOP('',(#10832));
#10832 = ORIENTED_EDGE('',*,*,#10764,.T.);
#10833 = FACE_BOUND('',#10834,.F.);
#10834 = EDGE_LOOP('',(#10835));
#10835 = ORIENTED_EDGE('',*,*,#10836,.F.);
#10836 = EDGE_CURVE('',#10837,#10837,#10839,.T.);
#10837 = VERTEX_POINT('',#10838);
#10838 = CARTESIAN_POINT('',(308.01167210421,17.320508075689,
    73.863441154151));
#10839 = CIRCLE('',#10840,1.7);
#10840 = AXIS2_PLACEMENT_3D('',#10841,#10842,#10843);
#10841 = CARTESIAN_POINT('',(308.01167210421,17.320508075689,
    72.163441154151));
#10842 = DIRECTION('',(1.,0.,-2.22044604925E-16));
#10843 = DIRECTION('',(2.22044604925E-16,0.,1.));
#10844 = FACE_BOUND('',#10845,.F.);
#10845 = EDGE_LOOP('',(#10846));
#10846 = ORIENTED_EDGE('',*,*,#10847,.F.);
#10847 = EDGE_CURVE('',#10848,#10848,#10850,.T.);
#10848 = VERTEX_POINT('',#10849);
#10849 = CARTESIAN_POINT('',(308.01167210421,2.081899558551E-15,
    90.663441154151));
#10850 = CIRCLE('',#10851,8.5);
#10851 = AXIS2_PLACEMENT_3D('',#10852,#10853,#10854);
#10852 = CARTESIAN_POINT('',(308.01167210421,0.,82.163441154151));
#10853 = DIRECTION('',(1.,0.,-2.22044604925E-16));
#10854 = DIRECTION('',(2.22044604925E-16,0.,1.));
#10855 = FACE_BOUND('',#10856,.F.);
#10856 = EDGE_LOOP('',(#10857));
#10857 = ORIENTED_EDGE('',*,*,#10858,.F.);
#10858 = EDGE_CURVE('',#10859,#10859,#10861,.T.);
#10859 = VERTEX_POINT('',#10860);
#10860 = CARTESIAN_POINT('',(308.01167210421,-17.32050807568,
    73.863441154151));
#10861 = CIRCLE('',#10862,1.7);
#10862 = AXIS2_PLACEMENT_3D('',#10863,#10864,#10865);
#10863 = CARTESIAN_POINT('',(308.01167210421,-17.32050807568,
    72.163441154151));
#10864 = DIRECTION('',(1.,0.,-2.22044604925E-16));
#10865 = DIRECTION('',(2.22044604925E-16,0.,1.));
#10866 = FACE_BOUND('',#10867,.F.);
#10867 = EDGE_LOOP('',(#10868));
#10868 = ORIENTED_EDGE('',*,*,#10869,.F.);
#10869 = EDGE_CURVE('',#10870,#10870,#10872,.T.);
#10870 = VERTEX_POINT('',#10871);
#10871 = CARTESIAN_POINT('',(308.01167210421,1.641026710857E-15,
    103.86344115415));
#10872 = CIRCLE('',#10873,1.7);
#10873 = AXIS2_PLACEMENT_3D('',#10874,#10875,#10876);
#10874 = CARTESIAN_POINT('',(308.01167210421,1.224646799147E-15,
    102.16344115415));
#10875 = DIRECTION('',(1.,0.,-2.22044604925E-16));
#10876 = DIRECTION('',(2.22044604925E-16,0.,1.));
#10877 = PLANE('',#10878);
#10878 = AXIS2_PLACEMENT_3D('',#10879,#10880,#10881);
#10879 = CARTESIAN_POINT('',(308.01167210421,0.,82.163441154151));
#10880 = DIRECTION('',(1.,0.,-2.22044604925E-16));
#10881 = DIRECTION('',(2.22044604925E-16,0.,1.));
#10882 = ADVANCED_FACE('',(#10883),#10894,.F.);
#10883 = FACE_BOUND('',#10884,.F.);
#10884 = EDGE_LOOP('',(#10885,#10886,#10892,#10893));
#10885 = ORIENTED_EDGE('',*,*,#10783,.F.);
#10886 = ORIENTED_EDGE('',*,*,#10887,.F.);
#10887 = EDGE_CURVE('',#10837,#10784,#10888,.T.);
#10888 = LINE('',#10889,#10890);
#10889 = CARTESIAN_POINT('',(308.01167210421,17.320508075689,
    73.863441154151));
#10890 = VECTOR('',#10891,1.);
#10891 = DIRECTION('',(1.,0.,-2.22044604925E-16));
#10892 = ORIENTED_EDGE('',*,*,#10836,.T.);
#10893 = ORIENTED_EDGE('',*,*,#10887,.T.);
#10894 = CYLINDRICAL_SURFACE('',#10895,1.7);
#10895 = AXIS2_PLACEMENT_3D('',#10896,#10897,#10898);
#10896 = CARTESIAN_POINT('',(308.01167210421,17.320508075689,
    72.163441154151));
#10897 = DIRECTION('',(1.,0.,-2.22044604925E-16));
#10898 = DIRECTION('',(2.22044604925E-16,0.,1.));
#10899 = ADVANCED_FACE('',(#10900),#10911,.F.);
#10900 = FACE_BOUND('',#10901,.F.);
#10901 = EDGE_LOOP('',(#10902,#10903,#10909,#10910));
#10902 = ORIENTED_EDGE('',*,*,#10794,.F.);
#10903 = ORIENTED_EDGE('',*,*,#10904,.F.);
#10904 = EDGE_CURVE('',#10848,#10795,#10905,.T.);
#10905 = LINE('',#10906,#10907);
#10906 = CARTESIAN_POINT('',(308.01167210421,2.081899558551E-15,
    90.663441154151));
#10907 = VECTOR('',#10908,1.);
#10908 = DIRECTION('',(1.,0.,-2.22044604925E-16));
#10909 = ORIENTED_EDGE('',*,*,#10847,.T.);
#10910 = ORIENTED_EDGE('',*,*,#10904,.T.);
#10911 = CYLINDRICAL_SURFACE('',#10912,8.5);
#10912 = AXIS2_PLACEMENT_3D('',#10913,#10914,#10915);
#10913 = CARTESIAN_POINT('',(308.01167210421,0.,82.163441154151));
#10914 = DIRECTION('',(1.,0.,-2.22044604925E-16));
#10915 = DIRECTION('',(2.22044604925E-16,0.,1.));
#10916 = ADVANCED_FACE('',(#10917),#10928,.F.);
#10917 = FACE_BOUND('',#10918,.F.);
#10918 = EDGE_LOOP('',(#10919,#10920,#10926,#10927));
#10919 = ORIENTED_EDGE('',*,*,#10805,.F.);
#10920 = ORIENTED_EDGE('',*,*,#10921,.F.);
#10921 = EDGE_CURVE('',#10859,#10806,#10922,.T.);
#10922 = LINE('',#10923,#10924);
#10923 = CARTESIAN_POINT('',(308.01167210421,-17.32050807568,
    73.863441154151));
#10924 = VECTOR('',#10925,1.);
#10925 = DIRECTION('',(1.,0.,-2.22044604925E-16));
#10926 = ORIENTED_EDGE('',*,*,#10858,.T.);
#10927 = ORIENTED_EDGE('',*,*,#10921,.T.);
#10928 = CYLINDRICAL_SURFACE('',#10929,1.7);
#10929 = AXIS2_PLACEMENT_3D('',#10930,#10931,#10932);
#10930 = CARTESIAN_POINT('',(308.01167210421,-17.32050807568,
    72.163441154151));
#10931 = DIRECTION('',(1.,0.,-2.22044604925E-16));
#10932 = DIRECTION('',(2.22044604925E-16,0.,1.));
#10933 = ADVANCED_FACE('',(#10934),#10945,.F.);
#10934 = FACE_BOUND('',#10935,.F.);
#10935 = EDGE_LOOP('',(#10936,#10937,#10943,#10944));
#10936 = ORIENTED_EDGE('',*,*,#10816,.F.);
#10937 = ORIENTED_EDGE('',*,*,#10938,.F.);
#10938 = EDGE_CURVE('',#10870,#10817,#10939,.T.);
#10939 = LINE('',#10940,#10941);
#10940 = CARTESIAN_POINT('',(308.01167210421,1.641026710857E-15,
    103.86344115415));
#10941 = VECTOR('',#10942,1.);
#10942 = DIRECTION('',(1.,0.,-2.22044604925E-16));
#10943 = ORIENTED_EDGE('',*,*,#10869,.T.);
#10944 = ORIENTED_EDGE('',*,*,#10938,.T.);
#10945 = CYLINDRICAL_SURFACE('',#10946,1.7);
#10946 = AXIS2_PLACEMENT_3D('',#10947,#10948,#10949);
#10947 = CARTESIAN_POINT('',(308.01167210421,1.224646799147E-15,
    102.16344115415));
#10948 = DIRECTION('',(1.,0.,-2.22044604925E-16));
#10949 = DIRECTION('',(2.22044604925E-16,0.,1.));
#10950 = MANIFOLD_SOLID_BREP('',#10951);
#10951 = CLOSED_SHELL('',(#10952,#10985,#11071,#11157,#11174,#11191,
    #11208,#11225,#11242,#11267,#11284,#11304));
#10952 = ADVANCED_FACE('',(#10953),#10980,.T.);
#10953 = FACE_BOUND('',#10954,.T.);
#10954 = EDGE_LOOP('',(#10955,#10964,#10972,#10979));
#10955 = ORIENTED_EDGE('',*,*,#10956,.F.);
#10956 = EDGE_CURVE('',#10957,#10957,#10959,.T.);
#10957 = VERTEX_POINT('',#10958);
#10958 = CARTESIAN_POINT('',(291.01167210421,-4.65365783676E-15,
    63.163441154151));
#10959 = CIRCLE('',#10960,19.);
#10960 = AXIS2_PLACEMENT_3D('',#10961,#10962,#10963);
#10961 = CARTESIAN_POINT('',(291.01167210421,0.,82.163441154151));
#10962 = DIRECTION('',(1.,0.,-4.440892098501E-16));
#10963 = DIRECTION('',(-4.440892098501E-16,0.,-1.));
#10964 = ORIENTED_EDGE('',*,*,#10965,.F.);
#10965 = EDGE_CURVE('',#10966,#10957,#10968,.T.);
#10966 = VERTEX_POINT('',#10967);
#10967 = CARTESIAN_POINT('',(283.01167210421,-4.65365783676E-15,
    63.163441154151));
#10968 = LINE('',#10969,#10970);
#10969 = CARTESIAN_POINT('',(283.01167210421,-4.65365783676E-15,
    63.163441154151));
#10970 = VECTOR('',#10971,1.);
#10971 = DIRECTION('',(1.,0.,-4.440892098501E-16));
#10972 = ORIENTED_EDGE('',*,*,#10973,.T.);
#10973 = EDGE_CURVE('',#10966,#10966,#10974,.T.);
#10974 = CIRCLE('',#10975,19.);
#10975 = AXIS2_PLACEMENT_3D('',#10976,#10977,#10978);
#10976 = CARTESIAN_POINT('',(283.01167210421,0.,82.163441154151));
#10977 = DIRECTION('',(1.,0.,-4.440892098501E-16));
#10978 = DIRECTION('',(-4.440892098501E-16,0.,-1.));
#10979 = ORIENTED_EDGE('',*,*,#10965,.T.);
#10980 = CYLINDRICAL_SURFACE('',#10981,19.);
#10981 = AXIS2_PLACEMENT_3D('',#10982,#10983,#10984);
#10982 = CARTESIAN_POINT('',(283.01167210421,0.,82.163441154151));
#10983 = DIRECTION('',(1.,0.,-4.440892098501E-16));
#10984 = DIRECTION('',(-4.440892098501E-16,0.,-1.));
#10985 = ADVANCED_FACE('',(#10986,#10989,#11000,#11011,#11022,#11033,
    #11044,#11055),#11066,.T.);
#10986 = FACE_BOUND('',#10987,.T.);
#10987 = EDGE_LOOP('',(#10988));
#10988 = ORIENTED_EDGE('',*,*,#10956,.T.);
#10989 = FACE_BOUND('',#10990,.T.);
#10990 = EDGE_LOOP('',(#10991));
#10991 = ORIENTED_EDGE('',*,*,#10992,.F.);
#10992 = EDGE_CURVE('',#10993,#10993,#10995,.T.);
#10993 = VERTEX_POINT('',#10994);
#10994 = CARTESIAN_POINT('',(291.01167210421,-8.52052,88.363341154151));
#10995 = CIRCLE('',#10996,2.25);
#10996 = AXIS2_PLACEMENT_3D('',#10997,#10998,#10999);
#10997 = CARTESIAN_POINT('',(291.01167210421,-8.52052,90.613341154151));
#10998 = DIRECTION('',(1.,0.,-4.440892098501E-16));
#10999 = DIRECTION('',(-4.440892098501E-16,0.,-1.));
#11000 = FACE_BOUND('',#11001,.T.);
#11001 = EDGE_LOOP('',(#11002));
#11002 = ORIENTED_EDGE('',*,*,#11003,.F.);
#11003 = EDGE_CURVE('',#11004,#11004,#11006,.T.);
#11004 = VERTEX_POINT('',#11005);
#11005 = CARTESIAN_POINT('',(291.01167210421,-11.57809,76.759411154151)
  );
#11006 = CIRCLE('',#11007,2.25);
#11007 = AXIS2_PLACEMENT_3D('',#11008,#11009,#11010);
#11008 = CARTESIAN_POINT('',(291.01167210421,-11.57809,79.009411154151)
  );
#11009 = DIRECTION('',(1.,0.,-4.440892098501E-16));
#11010 = DIRECTION('',(-4.440892098501E-16,0.,-1.));
#11011 = FACE_BOUND('',#11012,.T.);
#11012 = EDGE_LOOP('',(#11013));
#11013 = ORIENTED_EDGE('',*,*,#11014,.F.);
#11014 = EDGE_CURVE('',#11015,#11015,#11017,.T.);
#11015 = VERTEX_POINT('',#11016);
#11016 = CARTESIAN_POINT('',(291.01167210421,-3.05757,68.309511154151));
#11017 = CIRCLE('',#11018,2.25);
#11018 = AXIS2_PLACEMENT_3D('',#11019,#11020,#11021);
#11019 = CARTESIAN_POINT('',(291.01167210421,-3.05757,70.559511154151));
#11020 = DIRECTION('',(1.,0.,-4.440892098501E-16));
#11021 = DIRECTION('',(-4.440892098501E-16,0.,-1.));
#11022 = FACE_BOUND('',#11023,.T.);
#11023 = EDGE_LOOP('',(#11024));
#11024 = ORIENTED_EDGE('',*,*,#11025,.F.);
#11025 = EDGE_CURVE('',#11026,#11026,#11028,.T.);
#11026 = VERTEX_POINT('',#11027);
#11027 = CARTESIAN_POINT('',(291.01167210421,3.05757,91.517371154151));
#11028 = CIRCLE('',#11029,2.25);
#11029 = AXIS2_PLACEMENT_3D('',#11030,#11031,#11032);
#11030 = CARTESIAN_POINT('',(291.01167210421,3.05757,93.767371154151));
#11031 = DIRECTION('',(1.,0.,-4.440892098501E-16));
#11032 = DIRECTION('',(-4.440892098501E-16,0.,-1.));
#11033 = FACE_BOUND('',#11034,.T.);
#11034 = EDGE_LOOP('',(#11035));
#11035 = ORIENTED_EDGE('',*,*,#11036,.F.);
#11036 = EDGE_CURVE('',#11037,#11037,#11039,.T.);
#11037 = VERTEX_POINT('',#11038);
#11038 = CARTESIAN_POINT('',(291.01167210421,11.57809,83.067471154151));
#11039 = CIRCLE('',#11040,2.25);
#11040 = AXIS2_PLACEMENT_3D('',#11041,#11042,#11043);
#11041 = CARTESIAN_POINT('',(291.01167210421,11.57809,85.317471154151));
#11042 = DIRECTION('',(1.,0.,-4.440892098501E-16));
#11043 = DIRECTION('',(-4.440892098501E-16,0.,-1.));
#11044 = FACE_BOUND('',#11045,.T.);
#11045 = EDGE_LOOP('',(#11046));
#11046 = ORIENTED_EDGE('',*,*,#11047,.F.);
#11047 = EDGE_CURVE('',#11048,#11048,#11050,.T.);
#11048 = VERTEX_POINT('',#11049);
#11049 = CARTESIAN_POINT('',(291.01167210421,-1.812477262738E-15,
    74.763441154151));
#11050 = CIRCLE('',#11051,7.4);
#11051 = AXIS2_PLACEMENT_3D('',#11052,#11053,#11054);
#11052 = CARTESIAN_POINT('',(291.01167210421,0.,82.163441154151));
#11053 = DIRECTION('',(1.,0.,-4.440892098501E-16));
#11054 = DIRECTION('',(-4.440892098501E-16,0.,-1.));
#11055 = FACE_BOUND('',#11056,.T.);
#11056 = EDGE_LOOP('',(#11057));
#11057 = ORIENTED_EDGE('',*,*,#11058,.F.);
#11058 = EDGE_CURVE('',#11059,#11059,#11061,.T.);
#11059 = VERTEX_POINT('',#11060);
#11060 = CARTESIAN_POINT('',(291.01167210421,8.52051,71.463541154151));
#11061 = CIRCLE('',#11062,2.25);
#11062 = AXIS2_PLACEMENT_3D('',#11063,#11064,#11065);
#11063 = CARTESIAN_POINT('',(291.01167210421,8.52051,73.713541154151));
#11064 = DIRECTION('',(1.,0.,-4.440892098501E-16));
#11065 = DIRECTION('',(-4.440892098501E-16,0.,-1.));
#11066 = PLANE('',#11067);
#11067 = AXIS2_PLACEMENT_3D('',#11068,#11069,#11070);
#11068 = CARTESIAN_POINT('',(291.01167210421,0.,82.163441154151));
#11069 = DIRECTION('',(1.,0.,-4.440892098501E-16));
#11070 = DIRECTION('',(-4.440892098501E-16,0.,-1.));
#11071 = ADVANCED_FACE('',(#11072,#11075,#11086,#11097,#11108,#11119,
    #11130,#11141),#11152,.F.);
#11072 = FACE_BOUND('',#11073,.F.);
#11073 = EDGE_LOOP('',(#11074));
#11074 = ORIENTED_EDGE('',*,*,#10973,.T.);
#11075 = FACE_BOUND('',#11076,.F.);
#11076 = EDGE_LOOP('',(#11077));
#11077 = ORIENTED_EDGE('',*,*,#11078,.F.);
#11078 = EDGE_CURVE('',#11079,#11079,#11081,.T.);
#11079 = VERTEX_POINT('',#11080);
#11080 = CARTESIAN_POINT('',(283.01167210421,-8.52052,88.363341154151));
#11081 = CIRCLE('',#11082,2.25);
#11082 = AXIS2_PLACEMENT_3D('',#11083,#11084,#11085);
#11083 = CARTESIAN_POINT('',(283.01167210421,-8.52052,90.613341154151));
#11084 = DIRECTION('',(1.,0.,-4.440892098501E-16));
#11085 = DIRECTION('',(-4.440892098501E-16,0.,-1.));
#11086 = FACE_BOUND('',#11087,.F.);
#11087 = EDGE_LOOP('',(#11088));
#11088 = ORIENTED_EDGE('',*,*,#11089,.F.);
#11089 = EDGE_CURVE('',#11090,#11090,#11092,.T.);
#11090 = VERTEX_POINT('',#11091);
#11091 = CARTESIAN_POINT('',(283.01167210421,-11.57809,76.759411154151)
  );
#11092 = CIRCLE('',#11093,2.25);
#11093 = AXIS2_PLACEMENT_3D('',#11094,#11095,#11096);
#11094 = CARTESIAN_POINT('',(283.01167210421,-11.57809,79.009411154151)
  );
#11095 = DIRECTION('',(1.,0.,-4.440892098501E-16));
#11096 = DIRECTION('',(-4.440892098501E-16,0.,-1.));
#11097 = FACE_BOUND('',#11098,.F.);
#11098 = EDGE_LOOP('',(#11099));
#11099 = ORIENTED_EDGE('',*,*,#11100,.F.);
#11100 = EDGE_CURVE('',#11101,#11101,#11103,.T.);
#11101 = VERTEX_POINT('',#11102);
#11102 = CARTESIAN_POINT('',(283.01167210421,-3.05757,68.309511154151));
#11103 = CIRCLE('',#11104,2.25);
#11104 = AXIS2_PLACEMENT_3D('',#11105,#11106,#11107);
#11105 = CARTESIAN_POINT('',(283.01167210421,-3.05757,70.559511154151));
#11106 = DIRECTION('',(1.,0.,-4.440892098501E-16));
#11107 = DIRECTION('',(-4.440892098501E-16,0.,-1.));
#11108 = FACE_BOUND('',#11109,.F.);
#11109 = EDGE_LOOP('',(#11110));
#11110 = ORIENTED_EDGE('',*,*,#11111,.F.);
#11111 = EDGE_CURVE('',#11112,#11112,#11114,.T.);
#11112 = VERTEX_POINT('',#11113);
#11113 = CARTESIAN_POINT('',(283.01167210421,3.05757,91.517371154151));
#11114 = CIRCLE('',#11115,2.25);
#11115 = AXIS2_PLACEMENT_3D('',#11116,#11117,#11118);
#11116 = CARTESIAN_POINT('',(283.01167210421,3.05757,93.767371154151));
#11117 = DIRECTION('',(1.,0.,-4.440892098501E-16));
#11118 = DIRECTION('',(-4.440892098501E-16,0.,-1.));
#11119 = FACE_BOUND('',#11120,.F.);
#11120 = EDGE_LOOP('',(#11121));
#11121 = ORIENTED_EDGE('',*,*,#11122,.F.);
#11122 = EDGE_CURVE('',#11123,#11123,#11125,.T.);
#11123 = VERTEX_POINT('',#11124);
#11124 = CARTESIAN_POINT('',(283.01167210421,11.57809,83.067471154151));
#11125 = CIRCLE('',#11126,2.25);
#11126 = AXIS2_PLACEMENT_3D('',#11127,#11128,#11129);
#11127 = CARTESIAN_POINT('',(283.01167210421,11.57809,85.317471154151));
#11128 = DIRECTION('',(1.,0.,-4.440892098501E-16));
#11129 = DIRECTION('',(-4.440892098501E-16,0.,-1.));
#11130 = FACE_BOUND('',#11131,.F.);
#11131 = EDGE_LOOP('',(#11132));
#11132 = ORIENTED_EDGE('',*,*,#11133,.F.);
#11133 = EDGE_CURVE('',#11134,#11134,#11136,.T.);
#11134 = VERTEX_POINT('',#11135);
#11135 = CARTESIAN_POINT('',(283.01167210421,-1.224646799147E-15,
    77.163441154151));
#11136 = CIRCLE('',#11137,5.);
#11137 = AXIS2_PLACEMENT_3D('',#11138,#11139,#11140);
#11138 = CARTESIAN_POINT('',(283.01167210421,0.,82.163441154151));
#11139 = DIRECTION('',(1.,0.,-4.440892098501E-16));
#11140 = DIRECTION('',(-4.440892098501E-16,0.,-1.));
#11141 = FACE_BOUND('',#11142,.F.);
#11142 = EDGE_LOOP('',(#11143));
#11143 = ORIENTED_EDGE('',*,*,#11144,.F.);
#11144 = EDGE_CURVE('',#11145,#11145,#11147,.T.);
#11145 = VERTEX_POINT('',#11146);
#11146 = CARTESIAN_POINT('',(283.01167210421,8.52051,71.463541154151));
#11147 = CIRCLE('',#11148,2.25);
#11148 = AXIS2_PLACEMENT_3D('',#11149,#11150,#11151);
#11149 = CARTESIAN_POINT('',(283.01167210421,8.52051,73.713541154151));
#11150 = DIRECTION('',(1.,0.,-4.440892098501E-16));
#11151 = DIRECTION('',(-4.440892098501E-16,0.,-1.));
#11152 = PLANE('',#11153);
#11153 = AXIS2_PLACEMENT_3D('',#11154,#11155,#11156);
#11154 = CARTESIAN_POINT('',(283.01167210421,0.,82.163441154151));
#11155 = DIRECTION('',(1.,0.,-4.440892098501E-16));
#11156 = DIRECTION('',(-4.440892098501E-16,0.,-1.));
#11157 = ADVANCED_FACE('',(#11158),#11169,.F.);
#11158 = FACE_BOUND('',#11159,.F.);
#11159 = EDGE_LOOP('',(#11160,#11161,#11167,#11168));
#11160 = ORIENTED_EDGE('',*,*,#10992,.F.);
#11161 = ORIENTED_EDGE('',*,*,#11162,.F.);
#11162 = EDGE_CURVE('',#11079,#10993,#11163,.T.);
#11163 = LINE('',#11164,#11165);
#11164 = CARTESIAN_POINT('',(283.01167210421,-8.52052,88.363341154151));
#11165 = VECTOR('',#11166,1.);
#11166 = DIRECTION('',(1.,0.,-4.440892098501E-16));
#11167 = ORIENTED_EDGE('',*,*,#11078,.T.);
#11168 = ORIENTED_EDGE('',*,*,#11162,.T.);
#11169 = CYLINDRICAL_SURFACE('',#11170,2.25);
#11170 = AXIS2_PLACEMENT_3D('',#11171,#11172,#11173);
#11171 = CARTESIAN_POINT('',(283.01167210421,-8.52052,90.613341154151));
#11172 = DIRECTION('',(1.,0.,-4.440892098501E-16));
#11173 = DIRECTION('',(-4.440892098501E-16,0.,-1.));
#11174 = ADVANCED_FACE('',(#11175),#11186,.F.);
#11175 = FACE_BOUND('',#11176,.F.);
#11176 = EDGE_LOOP('',(#11177,#11178,#11184,#11185));
#11177 = ORIENTED_EDGE('',*,*,#11003,.F.);
#11178 = ORIENTED_EDGE('',*,*,#11179,.F.);
#11179 = EDGE_CURVE('',#11090,#11004,#11180,.T.);
#11180 = LINE('',#11181,#11182);
#11181 = CARTESIAN_POINT('',(283.01167210421,-11.57809,76.759411154151)
  );
#11182 = VECTOR('',#11183,1.);
#11183 = DIRECTION('',(1.,0.,-4.440892098501E-16));
#11184 = ORIENTED_EDGE('',*,*,#11089,.T.);
#11185 = ORIENTED_EDGE('',*,*,#11179,.T.);
#11186 = CYLINDRICAL_SURFACE('',#11187,2.25);
#11187 = AXIS2_PLACEMENT_3D('',#11188,#11189,#11190);
#11188 = CARTESIAN_POINT('',(283.01167210421,-11.57809,79.009411154151)
  );
#11189 = DIRECTION('',(1.,0.,-4.440892098501E-16));
#11190 = DIRECTION('',(-4.440892098501E-16,0.,-1.));
#11191 = ADVANCED_FACE('',(#11192),#11203,.F.);
#11192 = FACE_BOUND('',#11193,.F.);
#11193 = EDGE_LOOP('',(#11194,#11195,#11201,#11202));
#11194 = ORIENTED_EDGE('',*,*,#11014,.F.);
#11195 = ORIENTED_EDGE('',*,*,#11196,.F.);
#11196 = EDGE_CURVE('',#11101,#11015,#11197,.T.);
#11197 = LINE('',#11198,#11199);
#11198 = CARTESIAN_POINT('',(283.01167210421,-3.05757,68.309511154151));
#11199 = VECTOR('',#11200,1.);
#11200 = DIRECTION('',(1.,0.,-4.440892098501E-16));
#11201 = ORIENTED_EDGE('',*,*,#11100,.T.);
#11202 = ORIENTED_EDGE('',*,*,#11196,.T.);
#11203 = CYLINDRICAL_SURFACE('',#11204,2.25);
#11204 = AXIS2_PLACEMENT_3D('',#11205,#11206,#11207);
#11205 = CARTESIAN_POINT('',(283.01167210421,-3.05757,70.559511154151));
#11206 = DIRECTION('',(1.,0.,-4.440892098501E-16));
#11207 = DIRECTION('',(-4.440892098501E-16,0.,-1.));
#11208 = ADVANCED_FACE('',(#11209),#11220,.F.);
#11209 = FACE_BOUND('',#11210,.F.);
#11210 = EDGE_LOOP('',(#11211,#11212,#11218,#11219));
#11211 = ORIENTED_EDGE('',*,*,#11025,.F.);
#11212 = ORIENTED_EDGE('',*,*,#11213,.F.);
#11213 = EDGE_CURVE('',#11112,#11026,#11214,.T.);
#11214 = LINE('',#11215,#11216);
#11215 = CARTESIAN_POINT('',(283.01167210421,3.05757,91.517371154151));
#11216 = VECTOR('',#11217,1.);
#11217 = DIRECTION('',(1.,0.,-4.440892098501E-16));
#11218 = ORIENTED_EDGE('',*,*,#11111,.T.);
#11219 = ORIENTED_EDGE('',*,*,#11213,.T.);
#11220 = CYLINDRICAL_SURFACE('',#11221,2.25);
#11221 = AXIS2_PLACEMENT_3D('',#11222,#11223,#11224);
#11222 = CARTESIAN_POINT('',(283.01167210421,3.05757,93.767371154151));
#11223 = DIRECTION('',(1.,0.,-4.440892098501E-16));
#11224 = DIRECTION('',(-4.440892098501E-16,0.,-1.));
#11225 = ADVANCED_FACE('',(#11226),#11237,.F.);
#11226 = FACE_BOUND('',#11227,.F.);
#11227 = EDGE_LOOP('',(#11228,#11229,#11235,#11236));
#11228 = ORIENTED_EDGE('',*,*,#11036,.F.);
#11229 = ORIENTED_EDGE('',*,*,#11230,.F.);
#11230 = EDGE_CURVE('',#11123,#11037,#11231,.T.);
#11231 = LINE('',#11232,#11233);
#11232 = CARTESIAN_POINT('',(283.01167210421,11.57809,83.067471154151));
#11233 = VECTOR('',#11234,1.);
#11234 = DIRECTION('',(1.,0.,-4.440892098501E-16));
#11235 = ORIENTED_EDGE('',*,*,#11122,.T.);
#11236 = ORIENTED_EDGE('',*,*,#11230,.T.);
#11237 = CYLINDRICAL_SURFACE('',#11238,2.25);
#11238 = AXIS2_PLACEMENT_3D('',#11239,#11240,#11241);
#11239 = CARTESIAN_POINT('',(283.01167210421,11.57809,85.317471154151));
#11240 = DIRECTION('',(1.,0.,-4.440892098501E-16));
#11241 = DIRECTION('',(-4.440892098501E-16,0.,-1.));
#11242 = ADVANCED_FACE('',(#11243),#11262,.T.);
#11243 = FACE_BOUND('',#11244,.T.);
#11244 = EDGE_LOOP('',(#11245,#11254,#11260,#11261));
#11245 = ORIENTED_EDGE('',*,*,#11246,.F.);
#11246 = EDGE_CURVE('',#11247,#11247,#11249,.T.);
#11247 = VERTEX_POINT('',#11248);
#11248 = CARTESIAN_POINT('',(325.01167210421,-1.812477262738E-15,
    74.763441154151));
#11249 = CIRCLE('',#11250,7.4);
#11250 = AXIS2_PLACEMENT_3D('',#11251,#11252,#11253);
#11251 = CARTESIAN_POINT('',(325.01167210421,0.,82.163441154151));
#11252 = DIRECTION('',(1.,0.,-4.440892098501E-16));
#11253 = DIRECTION('',(-4.440892098501E-16,0.,-1.));
#11254 = ORIENTED_EDGE('',*,*,#11255,.F.);
#11255 = EDGE_CURVE('',#11048,#11247,#11256,.T.);
#11256 = LINE('',#11257,#11258);
#11257 = CARTESIAN_POINT('',(291.01167210421,-1.812477262738E-15,
    74.763441154151));
#11258 = VECTOR('',#11259,1.);
#11259 = DIRECTION('',(1.,0.,-4.440892098501E-16));
#11260 = ORIENTED_EDGE('',*,*,#11047,.T.);
#11261 = ORIENTED_EDGE('',*,*,#11255,.T.);
#11262 = CYLINDRICAL_SURFACE('',#11263,7.4);
#11263 = AXIS2_PLACEMENT_3D('',#11264,#11265,#11266);
#11264 = CARTESIAN_POINT('',(291.01167210421,0.,82.163441154151));
#11265 = DIRECTION('',(1.,0.,-4.440892098501E-16));
#11266 = DIRECTION('',(-4.440892098501E-16,0.,-1.));
#11267 = ADVANCED_FACE('',(#11268),#11279,.F.);
#11268 = FACE_BOUND('',#11269,.F.);
#11269 = EDGE_LOOP('',(#11270,#11271,#11277,#11278));
#11270 = ORIENTED_EDGE('',*,*,#11058,.F.);
#11271 = ORIENTED_EDGE('',*,*,#11272,.F.);
#11272 = EDGE_CURVE('',#11145,#11059,#11273,.T.);
#11273 = LINE('',#11274,#11275);
#11274 = CARTESIAN_POINT('',(283.01167210421,8.52051,71.463541154151));
#11275 = VECTOR('',#11276,1.);
#11276 = DIRECTION('',(1.,0.,-4.440892098501E-16));
#11277 = ORIENTED_EDGE('',*,*,#11144,.T.);
#11278 = ORIENTED_EDGE('',*,*,#11272,.T.);
#11279 = CYLINDRICAL_SURFACE('',#11280,2.25);
#11280 = AXIS2_PLACEMENT_3D('',#11281,#11282,#11283);
#11281 = CARTESIAN_POINT('',(283.01167210421,8.52051,73.713541154151));
#11282 = DIRECTION('',(1.,0.,-4.440892098501E-16));
#11283 = DIRECTION('',(-4.440892098501E-16,0.,-1.));
#11284 = ADVANCED_FACE('',(#11285,#11288),#11299,.T.);
#11285 = FACE_BOUND('',#11286,.T.);
#11286 = EDGE_LOOP('',(#11287));
#11287 = ORIENTED_EDGE('',*,*,#11246,.T.);
#11288 = FACE_BOUND('',#11289,.T.);
#11289 = EDGE_LOOP('',(#11290));
#11290 = ORIENTED_EDGE('',*,*,#11291,.F.);
#11291 = EDGE_CURVE('',#11292,#11292,#11294,.T.);
#11292 = VERTEX_POINT('',#11293);
#11293 = CARTESIAN_POINT('',(325.01167210421,-1.224646799147E-15,
    77.163441154151));
#11294 = CIRCLE('',#11295,5.);
#11295 = AXIS2_PLACEMENT_3D('',#11296,#11297,#11298);
#11296 = CARTESIAN_POINT('',(325.01167210421,0.,82.163441154151));
#11297 = DIRECTION('',(1.,0.,-4.440892098501E-16));
#11298 = DIRECTION('',(-4.440892098501E-16,0.,-1.));
#11299 = PLANE('',#11300);
#11300 = AXIS2_PLACEMENT_3D('',#11301,#11302,#11303);
#11301 = CARTESIAN_POINT('',(325.01167210421,0.,82.163441154151));
#11302 = DIRECTION('',(1.,0.,-4.440892098501E-16));
#11303 = DIRECTION('',(-4.440892098501E-16,0.,-1.));
#11304 = ADVANCED_FACE('',(#11305),#11315,.F.);
#11305 = FACE_BOUND('',#11306,.F.);
#11306 = EDGE_LOOP('',(#11307,#11308,#11313,#11314));
#11307 = ORIENTED_EDGE('',*,*,#11291,.F.);
#11308 = ORIENTED_EDGE('',*,*,#11309,.F.);
#11309 = EDGE_CURVE('',#11134,#11292,#11310,.T.);
#11310 = B_SPLINE_CURVE_WITH_KNOTS('',1,(#11311,#11312),.UNSPECIFIED.,
  .F.,.F.,(2,2),(0.,42.),.PIECEWISE_BEZIER_KNOTS.);
#11311 = CARTESIAN_POINT('',(283.01167210421,-1.224646799147E-15,
    77.163441154151));
#11312 = CARTESIAN_POINT('',(325.01167210421,-1.224646799147E-15,
    77.163441154151));
#11313 = ORIENTED_EDGE('',*,*,#11133,.T.);
#11314 = ORIENTED_EDGE('',*,*,#11309,.T.);
#11315 = CYLINDRICAL_SURFACE('',#11316,5.);
#11316 = AXIS2_PLACEMENT_3D('',#11317,#11318,#11319);
#11317 = CARTESIAN_POINT('',(283.01167210421,0.,82.163441154151));
#11318 = DIRECTION('',(1.,0.,-4.440892098501E-16));
#11319 = DIRECTION('',(-4.440892098501E-16,0.,-1.));
#11320 = MANIFOLD_SOLID_BREP('',#11321);
#11321 = CLOSED_SHELL('',(#11322,#11382,#11424,#11557,#11599,#11732,
    #11794,#11822,#11847,#11867,#11892,#11919,#11931,#11957));
#11322 = ADVANCED_FACE('',(#11323),#11377,.F.);
#11323 = FACE_BOUND('',#11324,.F.);
#11324 = EDGE_LOOP('',(#11325,#11336,#11345,#11353,#11362,#11371));
#11325 = ORIENTED_EDGE('',*,*,#11326,.T.);
#11326 = EDGE_CURVE('',#11327,#11329,#11331,.T.);
#11327 = VERTEX_POINT('',#11328);
#11328 = CARTESIAN_POINT('',(312.01167210421,19.993749023132,
    82.663441154151));
#11329 = VERTEX_POINT('',#11330);
#11330 = CARTESIAN_POINT('',(312.01167210421,4.898587196589E-15,
    102.16344115415));
#11331 = CIRCLE('',#11332,20.);
#11332 = AXIS2_PLACEMENT_3D('',#11333,#11334,#11335);
#11333 = CARTESIAN_POINT('',(312.01167210421,0.,82.163441154151));
#11334 = DIRECTION('',(1.,0.,-2.22044604925E-16));
#11335 = DIRECTION('',(2.22044604925E-16,0.,1.));
#11336 = ORIENTED_EDGE('',*,*,#11337,.T.);
#11337 = EDGE_CURVE('',#11329,#11338,#11340,.T.);
#11338 = VERTEX_POINT('',#11339);
#11339 = CARTESIAN_POINT('',(312.01167210421,19.993749023132,
    81.663441154151));
#11340 = CIRCLE('',#11341,20.);
#11341 = AXIS2_PLACEMENT_3D('',#11342,#11343,#11344);
#11342 = CARTESIAN_POINT('',(312.01167210421,0.,82.163441154151));
#11343 = DIRECTION('',(1.,0.,-2.22044604925E-16));
#11344 = DIRECTION('',(2.22044604925E-16,0.,1.));
#11345 = ORIENTED_EDGE('',*,*,#11346,.F.);
#11346 = EDGE_CURVE('',#11347,#11338,#11349,.T.);
#11347 = VERTEX_POINT('',#11348);
#11348 = CARTESIAN_POINT('',(312.01167210421,7.53342551566,
    81.663441154151));
#11349 = LINE('',#11350,#11351);
#11350 = CARTESIAN_POINT('',(312.01167210421,0.,81.663441154151));
#11351 = VECTOR('',#11352,1.);
#11352 = DIRECTION('',(0.,1.,0.));
#11353 = ORIENTED_EDGE('',*,*,#11354,.F.);
#11354 = EDGE_CURVE('',#11355,#11347,#11357,.T.);
#11355 = VERTEX_POINT('',#11356);
#11356 = CARTESIAN_POINT('',(312.01167210421,1.849216666713E-15,
    89.713441154151));
#11357 = CIRCLE('',#11358,7.55);
#11358 = AXIS2_PLACEMENT_3D('',#11359,#11360,#11361);
#11359 = CARTESIAN_POINT('',(312.01167210421,0.,82.163441154151));
#11360 = DIRECTION('',(1.,0.,-2.22044604925E-16));
#11361 = DIRECTION('',(2.22044604925E-16,0.,1.));
#11362 = ORIENTED_EDGE('',*,*,#11363,.F.);
#11363 = EDGE_CURVE('',#11364,#11355,#11366,.T.);
#11364 = VERTEX_POINT('',#11365);
#11365 = CARTESIAN_POINT('',(312.01167210421,7.53342551566,
    82.663441154151));
#11366 = CIRCLE('',#11367,7.55);
#11367 = AXIS2_PLACEMENT_3D('',#11368,#11369,#11370);
#11368 = CARTESIAN_POINT('',(312.01167210421,0.,82.163441154151));
#11369 = DIRECTION('',(1.,0.,-2.22044604925E-16));
#11370 = DIRECTION('',(2.22044604925E-16,0.,1.));
#11371 = ORIENTED_EDGE('',*,*,#11372,.T.);
#11372 = EDGE_CURVE('',#11364,#11327,#11373,.T.);
#11373 = LINE('',#11374,#11375);
#11374 = CARTESIAN_POINT('',(312.01167210421,0.,82.663441154151));
#11375 = VECTOR('',#11376,1.);
#11376 = DIRECTION('',(0.,1.,0.));
#11377 = PLANE('',#11378);
#11378 = AXIS2_PLACEMENT_3D('',#11379,#11380,#11381);
#11379 = CARTESIAN_POINT('',(312.01167210421,0.,82.163441154151));
#11380 = DIRECTION('',(1.,0.,-2.22044604925E-16));
#11381 = DIRECTION('',(2.22044604925E-16,0.,1.));
#11382 = ADVANCED_FACE('',(#11383,#11408),#11419,.F.);
#11383 = FACE_BOUND('',#11384,.F.);
#11384 = EDGE_LOOP('',(#11385,#11386,#11394,#11402));
#11385 = ORIENTED_EDGE('',*,*,#11372,.F.);
#11386 = ORIENTED_EDGE('',*,*,#11387,.T.);
#11387 = EDGE_CURVE('',#11364,#11388,#11390,.T.);
#11388 = VERTEX_POINT('',#11389);
#11389 = CARTESIAN_POINT('',(325.01167210421,7.53342551566,
    82.663441154151));
#11390 = LINE('',#11391,#11392);
#11391 = CARTESIAN_POINT('',(312.01167210421,7.53342551566,
    82.663441154151));
#11392 = VECTOR('',#11393,1.);
#11393 = DIRECTION('',(1.,0.,-2.22044604925E-16));
#11394 = ORIENTED_EDGE('',*,*,#11395,.T.);
#11395 = EDGE_CURVE('',#11388,#11396,#11398,.T.);
#11396 = VERTEX_POINT('',#11397);
#11397 = CARTESIAN_POINT('',(325.01167210421,19.993749023132,
    82.663441154151));
#11398 = LINE('',#11399,#11400);
#11399 = CARTESIAN_POINT('',(325.01167210421,0.,82.663441154151));
#11400 = VECTOR('',#11401,1.);
#11401 = DIRECTION('',(0.,1.,0.));
#11402 = ORIENTED_EDGE('',*,*,#11403,.F.);
#11403 = EDGE_CURVE('',#11327,#11396,#11404,.T.);
#11404 = LINE('',#11405,#11406);
#11405 = CARTESIAN_POINT('',(312.01167210421,19.993749023132,
    82.663441154151));
#11406 = VECTOR('',#11407,1.);
#11407 = DIRECTION('',(1.,0.,-2.22044604925E-16));
#11408 = FACE_BOUND('',#11409,.F.);
#11409 = EDGE_LOOP('',(#11410));
#11410 = ORIENTED_EDGE('',*,*,#11411,.F.);
#11411 = EDGE_CURVE('',#11412,#11412,#11414,.T.);
#11412 = VERTEX_POINT('',#11413);
#11413 = CARTESIAN_POINT('',(319.71167210421,13.,82.663441154151));
#11414 = CIRCLE('',#11415,1.7);
#11415 = AXIS2_PLACEMENT_3D('',#11416,#11417,#11418);
#11416 = CARTESIAN_POINT('',(318.01167210421,13.,82.663441154151));
#11417 = DIRECTION('',(2.22044604925E-16,-0.,1.));
#11418 = DIRECTION('',(1.,0.,-2.22044604925E-16));
#11419 = PLANE('',#11420);
#11420 = AXIS2_PLACEMENT_3D('',#11421,#11422,#11423);
#11421 = CARTESIAN_POINT('',(312.01167210421,0.,82.663441154151));
#11422 = DIRECTION('',(2.22044604925E-16,0.,1.));
#11423 = DIRECTION('',(1.,0.,-2.22044604925E-16));
#11424 = ADVANCED_FACE('',(#11425),#11552,.F.);
#11425 = FACE_BOUND('',#11426,.F.);
#11426 = EDGE_LOOP('',(#11427,#11544,#11550,#11551));
#11427 = ORIENTED_EDGE('',*,*,#11428,.F.);
#11428 = EDGE_CURVE('',#11429,#11429,#11431,.T.);
#11429 = VERTEX_POINT('',#11430);
#11430 = CARTESIAN_POINT('',(319.71167210421,13.,97.362125307722));
#11431 = B_SPLINE_CURVE_WITH_KNOTS('',6,(#11432,#11433,#11434,#11435,
    #11436,#11437,#11438,#11439,#11440,#11441,#11442,#11443,#11444,
    #11445,#11446,#11447,#11448,#11449,#11450,#11451,#11452,#11453,
    #11454,#11455,#11456,#11457,#11458,#11459,#11460,#11461,#11462,
    #11463,#11464,#11465,#11466,#11467,#11468,#11469,#11470,#11471,
    #11472,#11473,#11474,#11475,#11476,#11477,#11478,#11479,#11480,
    #11481,#11482,#11483,#11484,#11485,#11486,#11487,#11488,#11489,
    #11490,#11491,#11492,#11493,#11494,#11495,#11496,#11497,#11498,
    #11499,#11500,#11501,#11502,#11503,#11504,#11505,#11506,#11507,
    #11508,#11509,#11510,#11511,#11512,#11513,#11514,#11515,#11516,
    #11517,#11518,#11519,#11520,#11521,#11522,#11523,#11524,#11525,
    #11526,#11527,#11528,#11529,#11530,#11531,#11532,#11533,#11534,
    #11535,#11536,#11537,#11538,#11539,#11540,#11541,#11542,#11543),
  .UNSPECIFIED.,.T.,.F.,(7,5,5,5,5,5,5,5,5,5,5,5,5,5,5,5,5,5,5,5,5,5,7),
  (0.,6.78755207062E-02,0.127302781873,0.149131248635,0.180602983344,
    0.208131782182,0.224142379585,0.256789099419,0.290458412994,
    0.333987298739,0.388298362781,0.443464515561,0.511201058673,
    0.576654485821,0.610986099174,0.643751195715,0.698129276853,
    0.756845491314,0.796599563428,0.815726873722,0.869679879161,
    0.909469332318,1.),.UNSPECIFIED.);
#11432 = CARTESIAN_POINT('',(319.71167210421,13.,97.362125307722));
#11433 = CARTESIAN_POINT('',(319.71167210421,13.116166060228,
    97.262764154631));
#11434 = CARTESIAN_POINT('',(319.70214656361,13.231120412125,
    97.162594444319));
#11435 = CARTESIAN_POINT('',(319.68346788417,13.344166713047,
    97.062229860763));
#11436 = CARTESIAN_POINT('',(319.65598331957,13.454677403502,
    96.962298320456));
#11437 = CARTESIAN_POINT('',(319.62001964659,13.562065196581,
    96.863460024419));
#11438 = CARTESIAN_POINT('',(319.53724897783,13.756538037718,
    96.681468586765));
#11439 = CARTESIAN_POINT('',(319.49233229142,13.844525217738,
    96.597858131669));
#11440 = CARTESIAN_POINT('',(319.44131161051,13.92938400953,
    96.516018354818));
#11441 = CARTESIAN_POINT('',(319.38432805586,14.010769943701,
    96.436416415073));
#11442 = CARTESIAN_POINT('',(319.3215024431,14.088306548479,
    96.359580840858));
#11443 = CARTESIAN_POINT('',(319.22776656795,14.188474839861,
    96.259136735191));
#11444 = CARTESIAN_POINT('',(319.20181336679,14.214805973571,
    96.232609702357));
#11445 = CARTESIAN_POINT('',(319.17509411572,14.240537364258,
    96.206569554894));
#11446 = CARTESIAN_POINT('',(319.14761574604,14.26564578901,
    96.18104896957));
#11447 = CARTESIAN_POINT('',(319.11938609148,14.290106557689,
    96.156082597274));
#11448 = CARTESIAN_POINT('',(319.04864249392,14.348188947091,
    96.0965630304));
#11449 = CARTESIAN_POINT('',(319.00531951297,14.381090327261,
    96.062640193919));
#11450 = CARTESIAN_POINT('',(318.96048092517,14.412510245294,
    96.030057943921));
#11451 = CARTESIAN_POINT('',(318.91416642715,14.442360271717,
    95.998938048394));
#11452 = CARTESIAN_POINT('',(318.86641943242,14.470550955726,
    95.969404652959));
#11453 = CARTESIAN_POINT('',(318.77431025752,14.52012005067,
    95.917249383735));
#11454 = CARTESIAN_POINT('',(318.73027085034,14.541910597024,
    95.894223578205));
#11455 = CARTESIAN_POINT('',(318.68522376552,14.562290106805,
    95.872605199749));
#11456 = CARTESIAN_POINT('',(318.63922726793,14.581189660119,
    95.852487311633));
#11457 = CARTESIAN_POINT('',(318.59234297164,14.598544774633,
    95.833957704917));
#11458 = CARTESIAN_POINT('',(318.51688963549,14.623455885552,
    95.807293909715));
#11459 = CARTESIAN_POINT('',(318.48886920852,14.632072308533,
    95.798055416689));
#11460 = CARTESIAN_POINT('',(318.46059052776,14.640131901427,
    95.789400610447));
#11461 = CARTESIAN_POINT('',(318.43207122521,14.647622693431,
    95.781345573938));
#11462 = CARTESIAN_POINT('',(318.40333059604,14.654533516027,
    95.77390528199));
#11463 = CARTESIAN_POINT('',(318.31537689544,14.673741914751,
    95.753204111446));
#11464 = CARTESIAN_POINT('',(318.25551086334,14.684179938932,
    95.741923184681));
#11465 = CARTESIAN_POINT('',(318.19499665838,14.692072684235,
    95.733376279067));
#11466 = CARTESIAN_POINT('',(318.13404355806,14.69735680575,
    95.727648348773));
#11467 = CARTESIAN_POINT('',(318.07286391396,14.7,95.724783270623));
#11468 = CARTESIAN_POINT('',(317.94856358239,14.7,95.724783270623));
#11469 = CARTESIAN_POINT('',(317.88546920507,14.697188618698,
    95.727830648153));
#11470 = CARTESIAN_POINT('',(317.8226234152,14.691568572979,
    95.73392273419));
#11471 = CARTESIAN_POINT('',(317.76025830227,14.683176291996,
    95.743009987769));
#11472 = CARTESIAN_POINT('',(317.6986023801,14.672083118649,
    95.75499668305));
#11473 = CARTESIAN_POINT('',(317.55937449137,14.640701978135,
    95.788804344624));
#11474 = CARTESIAN_POINT('',(317.48247248437,14.618682520699,
    95.81246672765));
#11475 = CARTESIAN_POINT('',(317.40748239671,14.592542285777,
    95.840454745393));
#11476 = CARTESIAN_POINT('',(317.33469389065,14.562517301892,
    95.872442526375));
#11477 = CARTESIAN_POINT('',(317.26437537469,14.528882342712,
    95.908056408471));
#11478 = CARTESIAN_POINT('',(317.11242347144,14.445886964955,
    95.995318057055));
#11479 = CARTESIAN_POINT('',(317.03226034004,14.394672862307,
    96.048775855508));
#11480 = CARTESIAN_POINT('',(316.95647679567,14.338770536322,
    96.106616435013));
#11481 = CARTESIAN_POINT('',(316.88524246411,14.278604350876,
    96.168240488952));
#11482 = CARTESIAN_POINT('',(316.81870433411,14.21457554811,
    96.233088001177));
#11483 = CARTESIAN_POINT('',(316.69430108303,14.078501255389,
    96.369257296298));
#11484 = CARTESIAN_POINT('',(316.63655365553,14.006307076305,
    96.440703226268));
#11485 = CARTESIAN_POINT('',(316.58383228251,13.930818315253,
    96.514506060193));
#11486 = CARTESIAN_POINT('',(316.53623595939,13.852338612479,
    96.59024180783));
#11487 = CARTESIAN_POINT('',(316.49387875344,13.771147160298,
    96.6675325243));
#11488 = CARTESIAN_POINT('',(316.41147706996,13.584796326108,
    96.842444878482));
#11489 = CARTESIAN_POINT('',(316.37414018619,13.478347467929,
    96.940726953));
#11490 = CARTESIAN_POINT('',(316.34518182754,13.368719904926,
    97.040185408375));
#11491 = CARTESIAN_POINT('',(316.32492032915,13.256486198604,
    97.140167970624));
#11492 = CARTESIAN_POINT('',(316.31369708161,13.142255505545,
    97.240055867996));
#11493 = CARTESIAN_POINT('',(316.31012776095,12.915044184561,
    97.435090957522));
#11494 = CARTESIAN_POINT('',(316.31715749018,12.802093998964,
    97.530333878058));
#11495 = CARTESIAN_POINT('',(316.33332488174,12.688728331684,
    97.6241944979));
#11496 = CARTESIAN_POINT('',(316.35887213648,12.57587575327,
    97.715942658202));
#11497 = CARTESIAN_POINT('',(316.3939297238,12.464511947564,
    97.80489587618));
#11498 = CARTESIAN_POINT('',(316.46190286053,12.298556932199,
    97.935275853354));
#11499 = CARTESIAN_POINT('',(316.48790006249,12.242175490099,
    97.979168769696));
#11500 = CARTESIAN_POINT('',(316.51649235815,12.186688914134,
    98.021980416525));
#11501 = CARTESIAN_POINT('',(316.54764659851,12.132273487448,
    98.06360360668));
#11502 = CARTESIAN_POINT('',(316.58131213012,12.079101920954,
    98.103939691677));
#11503 = CARTESIAN_POINT('',(316.65188201942,11.977943900103,
    98.18007883221));
#11504 = CARTESIAN_POINT('',(316.68856619145,11.929834872828,
    98.216002245994));
#11505 = CARTESIAN_POINT('',(316.72740849132,11.883167661682,
    98.250584471033));
#11506 = CARTESIAN_POINT('',(316.76832853708,11.83808805352,
    98.283750705214));
#11507 = CARTESIAN_POINT('',(316.81123063384,11.794733505891,
    98.315434607857));
#11508 = CARTESIAN_POINT('',(316.93031126016,11.684353980593,
    98.395604252652));
#11509 = CARTESIAN_POINT('',(317.00974970107,11.620601170956,
    98.441371000697));
#11510 = CARTESIAN_POINT('',(317.09383707578,11.562519998219,
    98.482638779828));
#11511 = CARTESIAN_POINT('',(317.18201133521,11.510582713742,
    98.519225142165));
#11512 = CARTESIAN_POINT('',(317.27363448082,11.46517270842,
    98.550998234316));
#11513 = CARTESIAN_POINT('',(317.46988641217,11.384887858007,
    98.606886894347));
#11514 = CARTESIAN_POINT('',(317.57498539221,11.351135390456,
    98.630194220557));
#11515 = CARTESIAN_POINT('',(317.68253045397,11.325615402955,
    98.647718875038));
#11516 = CARTESIAN_POINT('',(317.79171470778,11.308535617454,
    98.659414071812));
#11517 = CARTESIAN_POINT('',(317.90170708804,11.3,98.665259235805));
#11518 = CARTESIAN_POINT('',(318.08612440367,11.3,98.665259235805));
#11519 = CARTESIAN_POINT('',(318.16058131445,11.303912848102,
    98.662579803765));
#11520 = CARTESIAN_POINT('',(318.23478683398,11.311739260551,
    98.657220541562));
#11521 = CARTESIAN_POINT('',(318.30848770833,11.323458378306,
    98.649185329421));
#11522 = CARTESIAN_POINT('',(318.38143390711,11.339028278427,
    98.638482606284));
#11523 = CARTESIAN_POINT('',(318.48799487319,11.367700510732,
    98.618699072223));
#11524 = CARTESIAN_POINT('',(318.52237775717,11.377891170138,
    98.611658300766));
#11525 = CARTESIAN_POINT('',(318.55649954991,11.388951229731,
    98.604004988972));
#11526 = CARTESIAN_POINT('',(318.5903321177,11.400872034874,
    98.59574132958));
#11527 = CARTESIAN_POINT('',(318.62384739368,11.413643510243,
    98.586870054908));
#11528 = CARTESIAN_POINT('',(318.75058099491,11.465646146954,
    98.550666263143));
#11529 = CARTESIAN_POINT('',(318.84144135687,11.510733308864,
    98.51911687347));
#11530 = CARTESIAN_POINT('',(318.92890610142,11.562241365826,
    98.482831946324));
#11531 = CARTESIAN_POINT('',(319.01235260776,11.619796140218,
    98.441940224385));
#11532 = CARTESIAN_POINT('',(319.09123173898,11.682937392562,
    98.396619414774));
#11533 = CARTESIAN_POINT('',(319.21952725468,11.801425542662,
    98.310583877095));
#11534 = CARTESIAN_POINT('',(319.27122968709,11.854455516614,
    98.271791804499));
#11535 = CARTESIAN_POINT('',(319.3199801305,11.909994439767,
    98.230830146303));
#11536 = CARTESIAN_POINT('',(319.36561282458,11.967793415189,
    98.187819968195));
#11537 = CARTESIAN_POINT('',(319.40799544984,12.027586505309,
    98.142900598281));
#11538 = CARTESIAN_POINT('',(319.53584169647,12.22903995485,
    97.990046654498));
#11539 = CARTESIAN_POINT('',(319.60708971786,12.377499451396,
    97.875077879897));
#11540 = CARTESIAN_POINT('',(319.66011927523,12.53162647962,
    97.752884853943));
#11541 = CARTESIAN_POINT('',(319.69482994967,12.688554716301,
    97.625254131568));
#11542 = CARTESIAN_POINT('',(319.71167210421,12.84553603137,
    97.494244086683));
#11543 = CARTESIAN_POINT('',(319.71167210421,13.,97.362125307722));
#11544 = ORIENTED_EDGE('',*,*,#11545,.F.);
#11545 = EDGE_CURVE('',#11412,#11429,#11546,.T.);
#11546 = LINE('',#11547,#11548);
#11547 = CARTESIAN_POINT('',(319.71167210421,13.,64.163441154151));
#11548 = VECTOR('',#11549,1.);
#11549 = DIRECTION('',(2.22044604925E-16,0.,1.));
#11550 = ORIENTED_EDGE('',*,*,#11411,.T.);
#11551 = ORIENTED_EDGE('',*,*,#11545,.T.);
#11552 = CYLINDRICAL_SURFACE('',#11553,1.7);
#11553 = AXIS2_PLACEMENT_3D('',#11554,#11555,#11556);
#11554 = CARTESIAN_POINT('',(318.01167210421,13.,64.163441154151));
#11555 = DIRECTION('',(2.22044604925E-16,0.,1.));
#11556 = DIRECTION('',(1.,0.,-2.22044604925E-16));
#11557 = ADVANCED_FACE('',(#11558,#11583),#11594,.T.);
#11558 = FACE_BOUND('',#11559,.T.);
#11559 = EDGE_LOOP('',(#11560,#11561,#11569,#11577));
#11560 = ORIENTED_EDGE('',*,*,#11346,.F.);
#11561 = ORIENTED_EDGE('',*,*,#11562,.T.);
#11562 = EDGE_CURVE('',#11347,#11563,#11565,.T.);
#11563 = VERTEX_POINT('',#11564);
#11564 = CARTESIAN_POINT('',(325.01167210421,7.53342551566,
    81.663441154151));
#11565 = LINE('',#11566,#11567);
#11566 = CARTESIAN_POINT('',(312.01167210421,7.53342551566,
    81.663441154151));
#11567 = VECTOR('',#11568,1.);
#11568 = DIRECTION('',(1.,0.,-2.22044604925E-16));
#11569 = ORIENTED_EDGE('',*,*,#11570,.T.);
#11570 = EDGE_CURVE('',#11563,#11571,#11573,.T.);
#11571 = VERTEX_POINT('',#11572);
#11572 = CARTESIAN_POINT('',(325.01167210421,19.993749023132,
    81.663441154151));
#11573 = LINE('',#11574,#11575);
#11574 = CARTESIAN_POINT('',(325.01167210421,0.,81.663441154151));
#11575 = VECTOR('',#11576,1.);
#11576 = DIRECTION('',(0.,1.,0.));
#11577 = ORIENTED_EDGE('',*,*,#11578,.F.);
#11578 = EDGE_CURVE('',#11338,#11571,#11579,.T.);
#11579 = LINE('',#11580,#11581);
#11580 = CARTESIAN_POINT('',(312.01167210421,19.993749023132,
    81.663441154151));
#11581 = VECTOR('',#11582,1.);
#11582 = DIRECTION('',(1.,0.,-2.22044604925E-16));
#11583 = FACE_BOUND('',#11584,.T.);
#11584 = EDGE_LOOP('',(#11585));
#11585 = ORIENTED_EDGE('',*,*,#11586,.F.);
#11586 = EDGE_CURVE('',#11587,#11587,#11589,.T.);
#11587 = VERTEX_POINT('',#11588);
#11588 = CARTESIAN_POINT('',(319.71167210421,13.,81.663441154151));
#11589 = CIRCLE('',#11590,1.7);
#11590 = AXIS2_PLACEMENT_3D('',#11591,#11592,#11593);
#11591 = CARTESIAN_POINT('',(318.01167210421,13.,81.663441154151));
#11592 = DIRECTION('',(2.22044604925E-16,-0.,1.));
#11593 = DIRECTION('',(1.,0.,-2.22044604925E-16));
#11594 = PLANE('',#11595);
#11595 = AXIS2_PLACEMENT_3D('',#11596,#11597,#11598);
#11596 = CARTESIAN_POINT('',(312.01167210421,0.,81.663441154151));
#11597 = DIRECTION('',(2.22044604925E-16,0.,1.));
#11598 = DIRECTION('',(1.,0.,-2.22044604925E-16));
#11599 = ADVANCED_FACE('',(#11600),#11727,.F.);
#11600 = FACE_BOUND('',#11601,.F.);
#11601 = EDGE_LOOP('',(#11602,#11603,#11611,#11726));
#11602 = ORIENTED_EDGE('',*,*,#11586,.F.);
#11603 = ORIENTED_EDGE('',*,*,#11604,.F.);
#11604 = EDGE_CURVE('',#11605,#11587,#11607,.T.);
#11605 = VERTEX_POINT('',#11606);
#11606 = CARTESIAN_POINT('',(319.71167210421,13.,66.96475700058));
#11607 = LINE('',#11608,#11609);
#11608 = CARTESIAN_POINT('',(319.71167210421,13.,64.163441154151));
#11609 = VECTOR('',#11610,1.);
#11610 = DIRECTION('',(2.22044604925E-16,0.,1.));
#11611 = ORIENTED_EDGE('',*,*,#11612,.T.);
#11612 = EDGE_CURVE('',#11605,#11605,#11613,.T.);
#11613 = B_SPLINE_CURVE_WITH_KNOTS('',6,(#11614,#11615,#11616,#11617,
    #11618,#11619,#11620,#11621,#11622,#11623,#11624,#11625,#11626,
    #11627,#11628,#11629,#11630,#11631,#11632,#11633,#11634,#11635,
    #11636,#11637,#11638,#11639,#11640,#11641,#11642,#11643,#11644,
    #11645,#11646,#11647,#11648,#11649,#11650,#11651,#11652,#11653,
    #11654,#11655,#11656,#11657,#11658,#11659,#11660,#11661,#11662,
    #11663,#11664,#11665,#11666,#11667,#11668,#11669,#11670,#11671,
    #11672,#11673,#11674,#11675,#11676,#11677,#11678,#11679,#11680,
    #11681,#11682,#11683,#11684,#11685,#11686,#11687,#11688,#11689,
    #11690,#11691,#11692,#11693,#11694,#11695,#11696,#11697,#11698,
    #11699,#11700,#11701,#11702,#11703,#11704,#11705,#11706,#11707,
    #11708,#11709,#11710,#11711,#11712,#11713,#11714,#11715,#11716,
    #11717,#11718,#11719,#11720,#11721,#11722,#11723,#11724,#11725),
  .UNSPECIFIED.,.T.,.F.,(7,5,5,5,5,5,5,5,5,5,5,5,5,5,5,5,5,5,5,5,5,5,7),
  (0.,6.787549861043E-02,0.12730274196,0.149131202177,0.180602933191,
    0.208131733714,0.224142332097,0.256789053928,0.290458369563,
    0.333987257973,0.388298325338,0.443464481494,0.511201028751,
    0.576654459905,0.610986075359,0.643751173905,0.69812925837,
    0.756845476433,0.79659955098,0.815726862445,0.869679871185,
    0.909469326778,1.),.UNSPECIFIED.);
#11614 = CARTESIAN_POINT('',(319.71167210421,13.,66.96475700058));
#11615 = CARTESIAN_POINT('',(319.71167210421,13.116166057139,
    67.064118151029));
#11616 = CARTESIAN_POINT('',(319.70214656281,13.231120416842,
    67.164287868171));
#11617 = CARTESIAN_POINT('',(319.68346788469,13.344166713242,
    67.264652447605));
#11618 = CARTESIAN_POINT('',(319.65598332063,13.454677398875,
    67.364583983688));
#11619 = CARTESIAN_POINT('',(319.62001964546,13.562065199247,
    67.463422286378));
#11620 = CARTESIAN_POINT('',(319.53724897783,13.756538037718,
    67.645413721537));
#11621 = CARTESIAN_POINT('',(319.49233229142,13.844525217738,
    67.729024176633));
#11622 = CARTESIAN_POINT('',(319.44131161051,13.92938400953,
    67.810863953484));
#11623 = CARTESIAN_POINT('',(319.38432805586,14.010769943701,
    67.890465893229));
#11624 = CARTESIAN_POINT('',(319.3215024431,14.088306548479,
    67.967301467444));
#11625 = CARTESIAN_POINT('',(319.22776656795,14.188474839861,
    68.067745573111));
#11626 = CARTESIAN_POINT('',(319.20181336679,14.214805973571,
    68.094272605945));
#11627 = CARTESIAN_POINT('',(319.17509411572,14.240537364258,
    68.120312753408));
#11628 = CARTESIAN_POINT('',(319.14761574604,14.26564578901,
    68.145833338732));
#11629 = CARTESIAN_POINT('',(319.11938609148,14.290106557689,
    68.170799711028));
#11630 = CARTESIAN_POINT('',(319.0486424863,14.348188953347,
    68.230319284312));
#11631 = CARTESIAN_POINT('',(319.00531951564,14.381090326412,
    68.264242113441));
#11632 = CARTESIAN_POINT('',(318.9604809334,14.412510239807,
    68.296824358689));
#11633 = CARTESIAN_POINT('',(318.9141664289,14.442360269641,
    68.327944257812));
#11634 = CARTESIAN_POINT('',(318.86641942365,14.470550960449,
    68.357477660312));
#11635 = CARTESIAN_POINT('',(318.77431025752,14.52012005067,
    68.409632924567));
#11636 = CARTESIAN_POINT('',(318.73027085034,14.541910597024,
    68.432658730097));
#11637 = CARTESIAN_POINT('',(318.68522376552,14.562290106805,
    68.454277108552));
#11638 = CARTESIAN_POINT('',(318.63922726793,14.581189660119,
    68.474394996669));
#11639 = CARTESIAN_POINT('',(318.59234297164,14.598544774633,
    68.492924603385));
#11640 = CARTESIAN_POINT('',(318.51688963549,14.623455885552,
    68.519588398587));
#11641 = CARTESIAN_POINT('',(318.48886920852,14.632072308533,
    68.528826891613));
#11642 = CARTESIAN_POINT('',(318.46059052776,14.640131901427,
    68.537481697854));
#11643 = CARTESIAN_POINT('',(318.43207122521,14.647622693431,
    68.545536734364));
#11644 = CARTESIAN_POINT('',(318.40333059604,14.654533516027,
    68.552977026312));
#11645 = CARTESIAN_POINT('',(318.31537689544,14.673741914751,
    68.573678196856));
#11646 = CARTESIAN_POINT('',(318.25551086334,14.684179938932,
    68.584959123621));
#11647 = CARTESIAN_POINT('',(318.19499665838,14.692072684235,
    68.593506029235));
#11648 = CARTESIAN_POINT('',(318.13404355806,14.69735680575,
    68.599233959529));
#11649 = CARTESIAN_POINT('',(318.07286391396,14.7,68.602099037679));
#11650 = CARTESIAN_POINT('',(317.94856358239,14.7,68.602099037679));
#11651 = CARTESIAN_POINT('',(317.88546920507,14.697188618698,
    68.599051660149));
#11652 = CARTESIAN_POINT('',(317.8226234152,14.691568572979,
    68.592959574112));
#11653 = CARTESIAN_POINT('',(317.76025830227,14.683176291996,
    68.583872320532));
#11654 = CARTESIAN_POINT('',(317.6986023801,14.672083118649,
    68.571885625251));
#11655 = CARTESIAN_POINT('',(317.55937449137,14.640701978135,
    68.538077963678));
#11656 = CARTESIAN_POINT('',(317.48247248437,14.618682520699,
    68.514415580652));
#11657 = CARTESIAN_POINT('',(317.40748239671,14.592542285777,
    68.486427562909));
#11658 = CARTESIAN_POINT('',(317.33469389065,14.562517301892,
    68.454439781927));
#11659 = CARTESIAN_POINT('',(317.26437537469,14.528882342712,
    68.41882589983));
#11660 = CARTESIAN_POINT('',(317.11242347144,14.445886964955,
    68.331564251247));
#11661 = CARTESIAN_POINT('',(317.03226034004,14.394672862307,
    68.278106452794));
#11662 = CARTESIAN_POINT('',(316.95647679567,14.338770536322,
    68.220265873289));
#11663 = CARTESIAN_POINT('',(316.88524246411,14.278604350876,
    68.158641819349));
#11664 = CARTESIAN_POINT('',(316.81870433411,14.21457554811,
    68.093794307125));
#11665 = CARTESIAN_POINT('',(316.69430108303,14.078501255389,
    67.957625012004));
#11666 = CARTESIAN_POINT('',(316.63655365553,14.006307076305,
    67.886179082034));
#11667 = CARTESIAN_POINT('',(316.58383228251,13.930818315253,
    67.812376248109));
#11668 = CARTESIAN_POINT('',(316.53623595939,13.852338612479,
    67.736640500472));
#11669 = CARTESIAN_POINT('',(316.49387875344,13.771147160298,
    67.659349784001));
#11670 = CARTESIAN_POINT('',(316.41147706996,13.584796326108,
    67.48443742982));
#11671 = CARTESIAN_POINT('',(316.37414018619,13.478347467929,
    67.386155355302));
#11672 = CARTESIAN_POINT('',(316.34518182754,13.368719904926,
    67.286696899927));
#11673 = CARTESIAN_POINT('',(316.32492032915,13.256486198604,
    67.186714337678));
#11674 = CARTESIAN_POINT('',(316.31369708161,13.142255505545,
    67.086826440306));
#11675 = CARTESIAN_POINT('',(316.31012776095,12.915044184561,
    66.89179135078));
#11676 = CARTESIAN_POINT('',(316.31715749018,12.802093998964,
    66.796548430244));
#11677 = CARTESIAN_POINT('',(316.33332488174,12.688728331684,
    66.702687810402));
#11678 = CARTESIAN_POINT('',(316.35887213648,12.57587575327,
    66.6109396501));
#11679 = CARTESIAN_POINT('',(316.3939297238,12.464511947563,
    66.521986432122));
#11680 = CARTESIAN_POINT('',(316.46190286053,12.298556932199,
    66.391606454948));
#11681 = CARTESIAN_POINT('',(316.48790006249,12.242175490099,
    66.347713538606));
#11682 = CARTESIAN_POINT('',(316.51649235815,12.186688914134,
    66.304901891777));
#11683 = CARTESIAN_POINT('',(316.54764659851,12.132273487448,
    66.263278701622));
#11684 = CARTESIAN_POINT('',(316.58131213012,12.079101920954,
    66.222942616625));
#11685 = CARTESIAN_POINT('',(316.65188201942,11.977943900103,
    66.146803476092));
#11686 = CARTESIAN_POINT('',(316.68856619145,11.929834872828,
    66.110880062307));
#11687 = CARTESIAN_POINT('',(316.72740849132,11.883167661682,
    66.076297837268));
#11688 = CARTESIAN_POINT('',(316.76832853708,11.83808805352,
    66.043131603088));
#11689 = CARTESIAN_POINT('',(316.81123063384,11.794733505891,
    66.011447700445));
#11690 = CARTESIAN_POINT('',(316.93031126016,11.684353980593,
    65.93127805565));
#11691 = CARTESIAN_POINT('',(317.00974970107,11.620601170956,
    65.885511307605));
#11692 = CARTESIAN_POINT('',(317.09383707578,11.562519998219,
    65.844243528474));
#11693 = CARTESIAN_POINT('',(317.18201133521,11.510582713742,
    65.807657166137));
#11694 = CARTESIAN_POINT('',(317.27363448082,11.46517270842,
    65.775884073986));
#11695 = CARTESIAN_POINT('',(317.46988641219,11.384887858001,
    65.71999541395));
#11696 = CARTESIAN_POINT('',(317.57498539218,11.351135390461,
    65.696688087748));
#11697 = CARTESIAN_POINT('',(317.68253045397,11.325615402957,
    65.679163433266));
#11698 = CARTESIAN_POINT('',(317.79171470781,11.30853561745,
    65.667468236487));
#11699 = CARTESIAN_POINT('',(317.90170708803,11.3,65.661623072497));
#11700 = CARTESIAN_POINT('',(318.08612440367,11.3,65.661623072497));
#11701 = CARTESIAN_POINT('',(318.16058131445,11.303912848102,
    65.664302504537));
#11702 = CARTESIAN_POINT('',(318.23478683398,11.311739260551,
    65.66966176674));
#11703 = CARTESIAN_POINT('',(318.30848770833,11.323458378306,
    65.677696978881));
#11704 = CARTESIAN_POINT('',(318.38143390711,11.339028278427,
    65.688399702018));
#11705 = CARTESIAN_POINT('',(318.48799487319,11.367700510732,
    65.708183236079));
#11706 = CARTESIAN_POINT('',(318.52237775717,11.377891170138,
    65.715224007536));
#11707 = CARTESIAN_POINT('',(318.55649954991,11.38895122973,
    65.72287731933));
#11708 = CARTESIAN_POINT('',(318.5903321177,11.400872034874,
    65.731140978722));
#11709 = CARTESIAN_POINT('',(318.62384739368,11.413643510243,
    65.740012253394));
#11710 = CARTESIAN_POINT('',(318.75058099491,11.465646146954,
    65.776216045159));
#11711 = CARTESIAN_POINT('',(318.84144135687,11.510733308864,
    65.807765434832));
#11712 = CARTESIAN_POINT('',(318.92890610142,11.562241365826,
    65.844050361978));
#11713 = CARTESIAN_POINT('',(319.01235260776,11.619796140218,
    65.884942083917));
#11714 = CARTESIAN_POINT('',(319.09123173898,11.682937392562,
    65.930262893528));
#11715 = CARTESIAN_POINT('',(319.21952725468,11.801425542662,
    66.016298431207));
#11716 = CARTESIAN_POINT('',(319.27122968709,11.854455516614,
    66.055090503803));
#11717 = CARTESIAN_POINT('',(319.3199801305,11.909994439767,
    66.096052161998));
#11718 = CARTESIAN_POINT('',(319.36561282458,11.967793415189,
    66.139062340107));
#11719 = CARTESIAN_POINT('',(319.40799544984,12.027586505309,
    66.183981710021));
#11720 = CARTESIAN_POINT('',(319.53584169647,12.22903995485,
    66.336835653804));
#11721 = CARTESIAN_POINT('',(319.60708971786,12.377499451396,
    66.451804428405));
#11722 = CARTESIAN_POINT('',(319.66011927523,12.53162647962,
    66.573997454358));
#11723 = CARTESIAN_POINT('',(319.69482994967,12.688554716301,
    66.701628176734));
#11724 = CARTESIAN_POINT('',(319.71167210421,12.84553603137,
    66.832638221619));
#11725 = CARTESIAN_POINT('',(319.71167210421,13.,66.96475700058));
#11726 = ORIENTED_EDGE('',*,*,#11604,.T.);
#11727 = CYLINDRICAL_SURFACE('',#11728,1.7);
#11728 = AXIS2_PLACEMENT_3D('',#11729,#11730,#11731);
#11729 = CARTESIAN_POINT('',(318.01167210421,13.,64.163441154151));
#11730 = DIRECTION('',(2.22044604925E-16,0.,1.));
#11731 = DIRECTION('',(1.,0.,-2.22044604925E-16));
#11732 = ADVANCED_FACE('',(#11733,#11760),#11789,.T.);
#11733 = FACE_BOUND('',#11734,.T.);
#11734 = EDGE_LOOP('',(#11735,#11736,#11743,#11744,#11753));
#11735 = ORIENTED_EDGE('',*,*,#11395,.T.);
#11736 = ORIENTED_EDGE('',*,*,#11737,.F.);
#11737 = EDGE_CURVE('',#11571,#11396,#11738,.T.);
#11738 = CIRCLE('',#11739,20.);
#11739 = AXIS2_PLACEMENT_3D('',#11740,#11741,#11742);
#11740 = CARTESIAN_POINT('',(325.01167210421,0.,82.163441154151));
#11741 = DIRECTION('',(1.,0.,-2.22044604925E-16));
#11742 = DIRECTION('',(2.22044604925E-16,0.,1.));
#11743 = ORIENTED_EDGE('',*,*,#11570,.F.);
#11744 = ORIENTED_EDGE('',*,*,#11745,.F.);
#11745 = EDGE_CURVE('',#11746,#11563,#11748,.T.);
#11746 = VERTEX_POINT('',#11747);
#11747 = CARTESIAN_POINT('',(325.01167210421,1.849216666713E-15,
    89.713441154151));
#11748 = CIRCLE('',#11749,7.55);
#11749 = AXIS2_PLACEMENT_3D('',#11750,#11751,#11752);
#11750 = CARTESIAN_POINT('',(325.01167210421,0.,82.163441154151));
#11751 = DIRECTION('',(1.,0.,-2.22044604925E-16));
#11752 = DIRECTION('',(2.22044604925E-16,0.,1.));
#11753 = ORIENTED_EDGE('',*,*,#11754,.F.);
#11754 = EDGE_CURVE('',#11388,#11746,#11755,.T.);
#11755 = CIRCLE('',#11756,7.55);
#11756 = AXIS2_PLACEMENT_3D('',#11757,#11758,#11759);
#11757 = CARTESIAN_POINT('',(325.01167210421,0.,82.163441154151));
#11758 = DIRECTION('',(1.,0.,-2.22044604925E-16));
#11759 = DIRECTION('',(2.22044604925E-16,0.,1.));
#11760 = FACE_BOUND('',#11761,.T.);
#11761 = EDGE_LOOP('',(#11762,#11773,#11782));
#11762 = ORIENTED_EDGE('',*,*,#11763,.T.);
#11763 = EDGE_CURVE('',#11764,#11766,#11768,.T.);
#11764 = VERTEX_POINT('',#11765);
#11765 = CARTESIAN_POINT('',(325.01167210421,4.974937185533,
    81.663441154151));
#11766 = VERTEX_POINT('',#11767);
#11767 = CARTESIAN_POINT('',(325.01167210421,4.974937185533,
    82.663441154151));
#11768 = CIRCLE('',#11769,5.);
#11769 = AXIS2_PLACEMENT_3D('',#11770,#11771,#11772);
#11770 = CARTESIAN_POINT('',(325.01167210421,0.,82.163441154151));
#11771 = DIRECTION('',(1.,0.,-2.22044604925E-16));
#11772 = DIRECTION('',(2.22044604925E-16,0.,1.));
#11773 = ORIENTED_EDGE('',*,*,#11774,.T.);
#11774 = EDGE_CURVE('',#11766,#11775,#11777,.T.);
#11775 = VERTEX_POINT('',#11776);
#11776 = CARTESIAN_POINT('',(325.01167210421,1.224646799147E-15,
    87.163441154151));
#11777 = CIRCLE('',#11778,5.);
#11778 = AXIS2_PLACEMENT_3D('',#11779,#11780,#11781);
#11779 = CARTESIAN_POINT('',(325.01167210421,0.,82.163441154151));
#11780 = DIRECTION('',(1.,0.,-2.22044604925E-16));
#11781 = DIRECTION('',(2.22044604925E-16,0.,1.));
#11782 = ORIENTED_EDGE('',*,*,#11783,.T.);
#11783 = EDGE_CURVE('',#11775,#11764,#11784,.T.);
#11784 = CIRCLE('',#11785,5.);
#11785 = AXIS2_PLACEMENT_3D('',#11786,#11787,#11788);
#11786 = CARTESIAN_POINT('',(325.01167210421,0.,82.163441154151));
#11787 = DIRECTION('',(1.,0.,-2.22044604925E-16));
#11788 = DIRECTION('',(2.22044604925E-16,0.,1.));
#11789 = PLANE('',#11790);
#11790 = AXIS2_PLACEMENT_3D('',#11791,#11792,#11793);
#11791 = CARTESIAN_POINT('',(325.01167210421,5.391130546589,
    82.373187863102));
#11792 = DIRECTION('',(-1.,0.,2.22044604925E-16));
#11793 = DIRECTION('',(-2.22044604925E-16,0.,-1.));
#11794 = ADVANCED_FACE('',(#11795,#11806),#11817,.T.);
#11795 = FACE_BOUND('',#11796,.T.);
#11796 = EDGE_LOOP('',(#11797));
#11797 = ORIENTED_EDGE('',*,*,#11798,.T.);
#11798 = EDGE_CURVE('',#11799,#11799,#11801,.T.);
#11799 = VERTEX_POINT('',#11800);
#11800 = CARTESIAN_POINT('',(330.01167210421,4.898587196589E-15,
    102.16344115415));
#11801 = CIRCLE('',#11802,20.);
#11802 = AXIS2_PLACEMENT_3D('',#11803,#11804,#11805);
#11803 = CARTESIAN_POINT('',(330.01167210421,0.,82.163441154151));
#11804 = DIRECTION('',(1.,0.,-2.22044604925E-16));
#11805 = DIRECTION('',(2.22044604925E-16,0.,1.));
#11806 = FACE_BOUND('',#11807,.T.);
#11807 = EDGE_LOOP('',(#11808));
#11808 = ORIENTED_EDGE('',*,*,#11809,.F.);
#11809 = EDGE_CURVE('',#11810,#11810,#11812,.T.);
#11810 = VERTEX_POINT('',#11811);
#11811 = CARTESIAN_POINT('',(330.01167210421,2.939152317954E-15,
    94.163441154151));
#11812 = CIRCLE('',#11813,12.);
#11813 = AXIS2_PLACEMENT_3D('',#11814,#11815,#11816);
#11814 = CARTESIAN_POINT('',(330.01167210421,0.,82.163441154151));
#11815 = DIRECTION('',(1.,0.,-2.22044604925E-16));
#11816 = DIRECTION('',(2.22044604925E-16,0.,1.));
#11817 = PLANE('',#11818);
#11818 = AXIS2_PLACEMENT_3D('',#11819,#11820,#11821);
#11819 = CARTESIAN_POINT('',(330.01167210421,0.,82.163441154151));
#11820 = DIRECTION('',(1.,0.,-2.22044604925E-16));
#11821 = DIRECTION('',(2.22044604925E-16,0.,1.));
#11822 = ADVANCED_FACE('',(#11823),#11842,.T.);
#11823 = FACE_BOUND('',#11824,.T.);
#11824 = EDGE_LOOP('',(#11825,#11834,#11840,#11841));
#11825 = ORIENTED_EDGE('',*,*,#11826,.F.);
#11826 = EDGE_CURVE('',#11827,#11827,#11829,.T.);
#11827 = VERTEX_POINT('',#11828);
#11828 = CARTESIAN_POINT('',(373.01167210421,2.939152317954E-15,
    94.163441154151));
#11829 = CIRCLE('',#11830,12.);
#11830 = AXIS2_PLACEMENT_3D('',#11831,#11832,#11833);
#11831 = CARTESIAN_POINT('',(373.01167210421,0.,82.163441154151));
#11832 = DIRECTION('',(1.,0.,-2.22044604925E-16));
#11833 = DIRECTION('',(2.22044604925E-16,0.,1.));
#11834 = ORIENTED_EDGE('',*,*,#11835,.F.);
#11835 = EDGE_CURVE('',#11810,#11827,#11836,.T.);
#11836 = LINE('',#11837,#11838);
#11837 = CARTESIAN_POINT('',(330.01167210421,2.939152317954E-15,
    94.163441154151));
#11838 = VECTOR('',#11839,1.);
#11839 = DIRECTION('',(1.,0.,-2.22044604925E-16));
#11840 = ORIENTED_EDGE('',*,*,#11809,.T.);
#11841 = ORIENTED_EDGE('',*,*,#11835,.T.);
#11842 = CYLINDRICAL_SURFACE('',#11843,12.);
#11843 = AXIS2_PLACEMENT_3D('',#11844,#11845,#11846);
#11844 = CARTESIAN_POINT('',(330.01167210421,0.,82.163441154151));
#11845 = DIRECTION('',(1.,0.,-2.22044604925E-16));
#11846 = DIRECTION('',(2.22044604925E-16,0.,1.));
#11847 = ADVANCED_FACE('',(#11848,#11851),#11862,.T.);
#11848 = FACE_BOUND('',#11849,.T.);
#11849 = EDGE_LOOP('',(#11850));
#11850 = ORIENTED_EDGE('',*,*,#11826,.T.);
#11851 = FACE_BOUND('',#11852,.T.);
#11852 = EDGE_LOOP('',(#11853));
#11853 = ORIENTED_EDGE('',*,*,#11854,.F.);
#11854 = EDGE_CURVE('',#11855,#11855,#11857,.T.);
#11855 = VERTEX_POINT('',#11856);
#11856 = CARTESIAN_POINT('',(373.01167210421,1.469576158977E-15,
    88.163441154151));
#11857 = CIRCLE('',#11858,6.);
#11858 = AXIS2_PLACEMENT_3D('',#11859,#11860,#11861);
#11859 = CARTESIAN_POINT('',(373.01167210421,0.,82.163441154151));
#11860 = DIRECTION('',(1.,0.,-2.22044604925E-16));
#11861 = DIRECTION('',(2.22044604925E-16,0.,1.));
#11862 = PLANE('',#11863);
#11863 = AXIS2_PLACEMENT_3D('',#11864,#11865,#11866);
#11864 = CARTESIAN_POINT('',(373.01167210421,0.,82.163441154151));
#11865 = DIRECTION('',(1.,0.,-2.22044604925E-16));
#11866 = DIRECTION('',(2.22044604925E-16,0.,1.));
#11867 = ADVANCED_FACE('',(#11868),#11887,.F.);
#11868 = FACE_BOUND('',#11869,.F.);
#11869 = EDGE_LOOP('',(#11870,#11871,#11879,#11886));
#11870 = ORIENTED_EDGE('',*,*,#11854,.F.);
#11871 = ORIENTED_EDGE('',*,*,#11872,.F.);
#11872 = EDGE_CURVE('',#11873,#11855,#11875,.T.);
#11873 = VERTEX_POINT('',#11874);
#11874 = CARTESIAN_POINT('',(330.01167210421,1.469576158977E-15,
    88.163441154151));
#11875 = LINE('',#11876,#11877);
#11876 = CARTESIAN_POINT('',(330.01167210421,1.469576158977E-15,
    88.163441154151));
#11877 = VECTOR('',#11878,1.);
#11878 = DIRECTION('',(1.,0.,-2.22044604925E-16));
#11879 = ORIENTED_EDGE('',*,*,#11880,.T.);
#11880 = EDGE_CURVE('',#11873,#11873,#11881,.T.);
#11881 = CIRCLE('',#11882,6.);
#11882 = AXIS2_PLACEMENT_3D('',#11883,#11884,#11885);
#11883 = CARTESIAN_POINT('',(330.01167210421,0.,82.163441154151));
#11884 = DIRECTION('',(1.,0.,-2.22044604925E-16));
#11885 = DIRECTION('',(2.22044604925E-16,0.,1.));
#11886 = ORIENTED_EDGE('',*,*,#11872,.T.);
#11887 = CYLINDRICAL_SURFACE('',#11888,6.);
#11888 = AXIS2_PLACEMENT_3D('',#11889,#11890,#11891);
#11889 = CARTESIAN_POINT('',(330.01167210421,0.,82.163441154151));
#11890 = DIRECTION('',(1.,0.,-2.22044604925E-16));
#11891 = DIRECTION('',(2.22044604925E-16,0.,1.));
#11892 = ADVANCED_FACE('',(#11893),#11914,.F.);
#11893 = FACE_BOUND('',#11894,.F.);
#11894 = EDGE_LOOP('',(#11895,#11903,#11910,#11911,#11912,#11913));
#11895 = ORIENTED_EDGE('',*,*,#11896,.T.);
#11896 = EDGE_CURVE('',#11775,#11897,#11899,.T.);
#11897 = VERTEX_POINT('',#11898);
#11898 = CARTESIAN_POINT('',(330.01167210421,1.224646799147E-15,
    87.163441154151));
#11899 = LINE('',#11900,#11901);
#11900 = CARTESIAN_POINT('',(325.01167210421,1.224646799147E-15,
    87.163441154151));
#11901 = VECTOR('',#11902,1.);
#11902 = DIRECTION('',(1.,0.,-2.22044604925E-16));
#11903 = ORIENTED_EDGE('',*,*,#11904,.F.);
#11904 = EDGE_CURVE('',#11897,#11897,#11905,.T.);
#11905 = CIRCLE('',#11906,5.);
#11906 = AXIS2_PLACEMENT_3D('',#11907,#11908,#11909);
#11907 = CARTESIAN_POINT('',(330.01167210421,0.,82.163441154151));
#11908 = DIRECTION('',(1.,0.,-2.22044604925E-16));
#11909 = DIRECTION('',(2.22044604925E-16,0.,1.));
#11910 = ORIENTED_EDGE('',*,*,#11896,.F.);
#11911 = ORIENTED_EDGE('',*,*,#11783,.T.);
#11912 = ORIENTED_EDGE('',*,*,#11763,.T.);
#11913 = ORIENTED_EDGE('',*,*,#11774,.T.);
#11914 = CYLINDRICAL_SURFACE('',#11915,5.);
#11915 = AXIS2_PLACEMENT_3D('',#11916,#11917,#11918);
#11916 = CARTESIAN_POINT('',(325.01167210421,0.,82.163441154151));
#11917 = DIRECTION('',(1.,0.,-2.22044604925E-16));
#11918 = DIRECTION('',(2.22044604925E-16,0.,1.));
#11919 = ADVANCED_FACE('',(#11920,#11923),#11926,.T.);
#11920 = FACE_BOUND('',#11921,.T.);
#11921 = EDGE_LOOP('',(#11922));
#11922 = ORIENTED_EDGE('',*,*,#11880,.T.);
#11923 = FACE_BOUND('',#11924,.T.);
#11924 = EDGE_LOOP('',(#11925));
#11925 = ORIENTED_EDGE('',*,*,#11904,.F.);
#11926 = PLANE('',#11927);
#11927 = AXIS2_PLACEMENT_3D('',#11928,#11929,#11930);
#11928 = CARTESIAN_POINT('',(330.01167210421,0.,82.163441154151));
#11929 = DIRECTION('',(1.,0.,-2.22044604925E-16));
#11930 = DIRECTION('',(2.22044604925E-16,0.,1.));
#11931 = ADVANCED_FACE('',(#11932,#11946,#11949),#11952,.T.);
#11932 = FACE_BOUND('',#11933,.T.);
#11933 = EDGE_LOOP('',(#11934,#11935,#11936,#11937,#11942,#11943,#11944,
    #11945));
#11934 = ORIENTED_EDGE('',*,*,#11737,.T.);
#11935 = ORIENTED_EDGE('',*,*,#11403,.F.);
#11936 = ORIENTED_EDGE('',*,*,#11326,.T.);
#11937 = ORIENTED_EDGE('',*,*,#11938,.T.);
#11938 = EDGE_CURVE('',#11329,#11799,#11939,.T.);
#11939 = B_SPLINE_CURVE_WITH_KNOTS('',1,(#11940,#11941),.UNSPECIFIED.,
  .F.,.F.,(2,2),(0.,18.),.PIECEWISE_BEZIER_KNOTS.);
#11940 = CARTESIAN_POINT('',(312.01167210421,0.,102.16344115415));
#11941 = CARTESIAN_POINT('',(330.01167210421,0.,102.16344115415));
#11942 = ORIENTED_EDGE('',*,*,#11798,.F.);
#11943 = ORIENTED_EDGE('',*,*,#11938,.F.);
#11944 = ORIENTED_EDGE('',*,*,#11337,.T.);
#11945 = ORIENTED_EDGE('',*,*,#11578,.T.);
#11946 = FACE_BOUND('',#11947,.T.);
#11947 = EDGE_LOOP('',(#11948));
#11948 = ORIENTED_EDGE('',*,*,#11428,.F.);
#11949 = FACE_BOUND('',#11950,.T.);
#11950 = EDGE_LOOP('',(#11951));
#11951 = ORIENTED_EDGE('',*,*,#11612,.T.);
#11952 = CYLINDRICAL_SURFACE('',#11953,20.);
#11953 = AXIS2_PLACEMENT_3D('',#11954,#11955,#11956);
#11954 = CARTESIAN_POINT('',(312.01167210421,0.,82.163441154151));
#11955 = DIRECTION('',(1.,0.,-2.22044604925E-16));
#11956 = DIRECTION('',(2.22044604925E-16,0.,1.));
#11957 = ADVANCED_FACE('',(#11958),#11966,.F.);
#11958 = FACE_BOUND('',#11959,.F.);
#11959 = EDGE_LOOP('',(#11960,#11961,#11962,#11963,#11964,#11965));
#11960 = ORIENTED_EDGE('',*,*,#11562,.T.);
#11961 = ORIENTED_EDGE('',*,*,#11745,.F.);
#11962 = ORIENTED_EDGE('',*,*,#11754,.F.);
#11963 = ORIENTED_EDGE('',*,*,#11387,.F.);
#11964 = ORIENTED_EDGE('',*,*,#11363,.T.);
#11965 = ORIENTED_EDGE('',*,*,#11354,.T.);
#11966 = CYLINDRICAL_SURFACE('',#11967,7.55);
#11967 = AXIS2_PLACEMENT_3D('',#11968,#11969,#11970);
#11968 = CARTESIAN_POINT('',(312.01167210421,0.,82.163441154151));
#11969 = DIRECTION('',(1.,0.,-2.22044604925E-16));
#11970 = DIRECTION('',(2.22044604925E-16,0.,1.));
#11971 = ( GEOMETRIC_REPRESENTATION_CONTEXT(3) 
GLOBAL_UNCERTAINTY_ASSIGNED_CONTEXT((#11975)) 
GLOBAL_UNIT_ASSIGNED_CONTEXT((#11972,#11973,#11974)) 
REPRESENTATION_CONTEXT('Context #1',
  '3D Context with UNIT and UNCERTAINTY') );
#11972 = ( LENGTH_UNIT() NAMED_UNIT(*) SI_UNIT(.MILLI.,.METRE.) );
#11973 = ( NAMED_UNIT(*) PLANE_ANGLE_UNIT() SI_UNIT($,.RADIAN.) );
#11974 = ( NAMED_UNIT(*) SI_UNIT($,.STERADIAN.) SOLID_ANGLE_UNIT() );
#11975 = UNCERTAINTY_MEASURE_WITH_UNIT(LENGTH_MEASURE(2.E-07),#11972,
  'distance_accuracy_value','confusion accuracy');
#11976 = PRODUCT_RELATED_PRODUCT_CATEGORY('part',$,(#7));
ENDSEC;
END-ISO-10303-21;
