ISO-10303-21;
HEADER;
FILE_DESCRIPTION(('FreeCAD Model'),'2;1');
FILE_NAME('Open CASCADE Shape Model','2026-09-14T13:46:05',('FreeCAD'),(
    'FreeCAD'),'Open CASCADE STEP processor 7.8','FreeCAD','Unknown');
FILE_SCHEMA(('AUTOMOTIVE_DESIGN { 1 0 10303 214 1 1 1 1 }'));
ENDSEC;
DATA;
#1 = APPLICATION_PROTOCOL_DEFINITION('international standard',
  'automotive_design',2000,#2);
#2 = APPLICATION_CONTEXT(
  'core data for automotive mechanical design processes');
#3 = SHAPE_DEFINITION_REPRESENTATION(#4,#10);
#4 = PRODUCT_DEFINITION_SHAPE('','',#5);
#5 = PRODUCT_DEFINITION('design','',#6,#9);
#6 = PRODUCT_DEFINITION_FORMATION('','',#7);
#7 = PRODUCT('Open CASCADE STEP translator 7.8 4',
  'Open CASCADE STEP translator 7.8 4','',(#8));
#8 = PRODUCT_CONTEXT('',#2,'mechanical');
#9 = PRODUCT_DEFINITION_CONTEXT('part definition',#2,'design');
#10 = SHAPE_REPRESENTATION('',(#11,#15,#1483,#1845,#2628,#3227,#3826,
    #3918,#4127,#4245,#5227,#8080),#10875);
#11 = AXIS2_PLACEMENT_3D('',#12,#13,#14);
#12 = CARTESIAN_POINT('',(0.,0.,0.));
#13 = DIRECTION('',(0.,0.,1.));
#14 = DIRECTION('',(1.,0.,-0.));
#15 = MANIFOLD_SOLID_BREP('',#16);
#16 = CLOSED_SHELL('',(#17,#59,#275,#307,#332,#357,#382,#407,#432,#457,
    #482,#507,#532,#557,#589,#614,#623,#1000,#1025,#1045,#1070,#1079,
    #1106,#1115,#1142,#1151,#1178,#1187,#1214,#1223,#1250,#1259,#1286,
    #1295,#1322,#1331,#1358,#1367,#1394,#1403,#1427,#1441,#1455,#1469));
#17 = ADVANCED_FACE('',(#18),#54,.T.);
#18 = FACE_BOUND('',#19,.T.);
#19 = EDGE_LOOP('',(#20,#30,#39,#47));
#20 = ORIENTED_EDGE('',*,*,#21,.T.);
#21 = EDGE_CURVE('',#22,#24,#26,.T.);
#22 = VERTEX_POINT('',#23);
#23 = CARTESIAN_POINT('',(235.70419232479,-28.,442.56913765526));
#24 = VERTEX_POINT('',#25);
#25 = CARTESIAN_POINT('',(235.70419232479,-3.,442.56913765526));
#26 = LINE('',#27,#28);
#27 = CARTESIAN_POINT('',(235.70419232479,-28.,442.56913765526));
#28 = VECTOR('',#29,1.);
#29 = DIRECTION('',(0.,1.,0.));
#30 = ORIENTED_EDGE('',*,*,#31,.F.);
#31 = EDGE_CURVE('',#32,#24,#34,.T.);
#32 = VERTEX_POINT('',#33);
#33 = CARTESIAN_POINT('',(215.77061175337,-3.,442.27313197287));
#34 = CIRCLE('',#35,37.5);
#35 = AXIS2_PLACEMENT_3D('',#36,#37,#38);
#36 = CARTESIAN_POINT('',(226.27416997969,-3.,406.27416997969));
#37 = DIRECTION('',(-0.,1.,0.));
#38 = DIRECTION('',(0.707106781187,0.,0.707106781187));
#39 = ORIENTED_EDGE('',*,*,#40,.F.);
#40 = EDGE_CURVE('',#41,#32,#43,.T.);
#41 = VERTEX_POINT('',#42);
#42 = CARTESIAN_POINT('',(215.77061175337,-28.,442.27313197287));
#43 = LINE('',#44,#45);
#44 = CARTESIAN_POINT('',(215.77061175337,-28.,442.27313197287));
#45 = VECTOR('',#46,1.);
#46 = DIRECTION('',(0.,1.,0.));
#47 = ORIENTED_EDGE('',*,*,#48,.T.);
#48 = EDGE_CURVE('',#41,#22,#49,.T.);
#49 = CIRCLE('',#50,37.5);
#50 = AXIS2_PLACEMENT_3D('',#51,#52,#53);
#51 = CARTESIAN_POINT('',(226.27416997969,-28.,406.27416997969));
#52 = DIRECTION('',(-0.,1.,0.));
#53 = DIRECTION('',(0.707106781187,0.,0.707106781187));
#54 = CYLINDRICAL_SURFACE('',#55,37.5);
#55 = AXIS2_PLACEMENT_3D('',#56,#57,#58);
#56 = CARTESIAN_POINT('',(226.27416997969,-28.,406.27416997969));
#57 = DIRECTION('',(0.,1.,0.));
#58 = DIRECTION('',(0.707106781187,0.,0.707106781187));
#59 = ADVANCED_FACE('',(#60,#259),#270,.T.);
#60 = FACE_BOUND('',#61,.T.);
#61 = EDGE_LOOP('',(#62,#73,#82,#89,#90,#99,#108,#117,#126,#135,#144,
    #153,#162,#171,#180,#189,#198,#207,#216,#225,#234,#243,#252));
#62 = ORIENTED_EDGE('',*,*,#63,.F.);
#63 = EDGE_CURVE('',#64,#66,#68,.T.);
#64 = VERTEX_POINT('',#65);
#65 = CARTESIAN_POINT('',(241.36766032814,-28.,440.60253360369));
#66 = VERTEX_POINT('',#67);
#67 = CARTESIAN_POINT('',(252.79067427419,-28.,432.79067427419));
#68 = CIRCLE('',#69,37.5);
#69 = AXIS2_PLACEMENT_3D('',#70,#71,#72);
#70 = CARTESIAN_POINT('',(226.27416997969,-28.,406.27416997969));
#71 = DIRECTION('',(-0.,1.,0.));
#72 = DIRECTION('',(0.707106781187,0.,0.707106781187));
#73 = ORIENTED_EDGE('',*,*,#74,.F.);
#74 = EDGE_CURVE('',#75,#64,#77,.T.);
#75 = VERTEX_POINT('',#76);
#76 = CARTESIAN_POINT('',(240.69660980255,-28.,443.82051475586));
#77 = CIRCLE('',#78,3.);
#78 = AXIS2_PLACEMENT_3D('',#79,#80,#81);
#79 = CARTESIAN_POINT('',(238.57528945899,-28.,441.6991944123));
#80 = DIRECTION('',(-0.,1.,0.));
#81 = DIRECTION('',(0.707106781187,0.,0.707106781187));
#82 = ORIENTED_EDGE('',*,*,#83,.F.);
#83 = EDGE_CURVE('',#22,#75,#84,.T.);
#84 = CIRCLE('',#85,3.);
#85 = AXIS2_PLACEMENT_3D('',#86,#87,#88);
#86 = CARTESIAN_POINT('',(238.57528945899,-28.,441.6991944123));
#87 = DIRECTION('',(-0.,1.,0.));
#88 = DIRECTION('',(0.707106781187,0.,0.707106781187));
#89 = ORIENTED_EDGE('',*,*,#48,.F.);
#90 = ORIENTED_EDGE('',*,*,#91,.F.);
#91 = EDGE_CURVE('',#92,#41,#94,.T.);
#92 = VERTEX_POINT('',#93);
#93 = CARTESIAN_POINT('',(215.04793058954,-28.,443.43964583031));
#94 = CIRCLE('',#95,3.);
#95 = AXIS2_PLACEMENT_3D('',#96,#97,#98);
#96 = CARTESIAN_POINT('',(212.92661024598,-28.,441.31832548675));
#97 = DIRECTION('',(-0.,1.,0.));
#98 = DIRECTION('',(0.707106781187,0.,0.707106781187));
#99 = ORIENTED_EDGE('',*,*,#100,.F.);
#100 = EDGE_CURVE('',#101,#92,#103,.T.);
#101 = VERTEX_POINT('',#102);
#102 = CARTESIAN_POINT('',(210.16803487547,-28.,440.13923179869));
#103 = CIRCLE('',#104,3.);
#104 = AXIS2_PLACEMENT_3D('',#105,#106,#107);
#105 = CARTESIAN_POINT('',(212.92661024598,-28.,441.31832548675));
#106 = DIRECTION('',(-0.,1.,0.));
#107 = DIRECTION('',(0.707106781187,0.,0.707106781187));
#108 = ORIENTED_EDGE('',*,*,#109,.F.);
#109 = EDGE_CURVE('',#110,#101,#112,.T.);
#110 = VERTEX_POINT('',#111);
#111 = CARTESIAN_POINT('',(195.08829041706,-28.,427.09941705878));
#112 = CIRCLE('',#113,37.5);
#113 = AXIS2_PLACEMENT_3D('',#114,#115,#116);
#114 = CARTESIAN_POINT('',(226.27416997969,-28.,406.27416997969));
#115 = DIRECTION('',(-0.,1.,0.));
#116 = DIRECTION('',(0.707106781187,0.,0.707106781187));
#117 = ORIENTED_EDGE('',*,*,#118,.F.);
#118 = EDGE_CURVE('',#119,#110,#121,.T.);
#119 = VERTEX_POINT('',#120);
#120 = CARTESIAN_POINT('',(192.16811229224,-28.,421.86348776529));
#121 = CIRCLE('',#122,3.);
#122 = AXIS2_PLACEMENT_3D('',#123,#124,#125);
#123 = CARTESIAN_POINT('',(193.52339510925,-28.,424.53990486393));
#124 = DIRECTION('',(-0.,1.,0.));
#125 = DIRECTION('',(0.707106781187,0.,0.707106781187));
#126 = ORIENTED_EDGE('',*,*,#127,.F.);
#127 = EDGE_CURVE('',#128,#119,#130,.T.);
#128 = VERTEX_POINT('',#129);
#129 = CARTESIAN_POINT('',(188.99818970648,-28.,402.18133542756));
#130 = CIRCLE('',#131,37.5);
#131 = AXIS2_PLACEMENT_3D('',#132,#133,#134);
#132 = CARTESIAN_POINT('',(226.27416997969,-28.,406.27416997969));
#133 = DIRECTION('',(-0.,1.,0.));
#134 = DIRECTION('',(0.707106781187,0.,0.707106781187));
#135 = ORIENTED_EDGE('',*,*,#136,.F.);
#136 = EDGE_CURVE('',#137,#128,#139,.T.);
#137 = VERTEX_POINT('',#138);
#138 = CARTESIAN_POINT('',(190.12679448809,-28.,396.29332607403));
#139 = CIRCLE('',#140,3.);
#140 = AXIS2_PLACEMENT_3D('',#141,#142,#143);
#141 = CARTESIAN_POINT('',(189.44464056081,-28.,399.21474114544));
#142 = DIRECTION('',(-0.,1.,0.));
#143 = DIRECTION('',(0.707106781187,0.,0.707106781187));
#144 = ORIENTED_EDGE('',*,*,#145,.F.);
#145 = EDGE_CURVE('',#146,#137,#148,.T.);
#146 = VERTEX_POINT('',#147);
#147 = CARTESIAN_POINT('',(200.34993542267,-28.,379.17833888647));
#148 = CIRCLE('',#149,37.5);
#149 = AXIS2_PLACEMENT_3D('',#150,#151,#152);
#150 = CARTESIAN_POINT('',(226.27416997969,-28.,406.27416997969));
#151 = DIRECTION('',(-0.,1.,0.));
#152 = DIRECTION('',(0.707106781187,0.,0.707106781187));
#153 = ORIENTED_EDGE('',*,*,#154,.F.);
#154 = EDGE_CURVE('',#155,#146,#157,.T.);
#155 = VERTEX_POINT('',#156);
#156 = CARTESIAN_POINT('',(204.99923636967,-28.,375.39331507104));
#157 = CIRCLE('',#158,3.);
#158 = AXIS2_PLACEMENT_3D('',#159,#160,#161);
#159 = CARTESIAN_POINT('',(202.59882780307,-28.,377.19277018673));
#160 = DIRECTION('',(-0.,1.,0.));
#161 = DIRECTION('',(0.707106781187,0.,0.707106781187));
#162 = ORIENTED_EDGE('',*,*,#163,.F.);
#163 = EDGE_CURVE('',#164,#155,#166,.T.);
#164 = VERTEX_POINT('',#165);
#165 = CARTESIAN_POINT('',(223.83191686196,-28.,368.85378249227));
#166 = CIRCLE('',#167,37.5);
#167 = AXIS2_PLACEMENT_3D('',#168,#169,#170);
#168 = CARTESIAN_POINT('',(226.27416997969,-28.,406.27416997969));
#169 = DIRECTION('',(-0.,1.,0.));
#170 = DIRECTION('',(0.707106781187,0.,0.707106781187));
#171 = ORIENTED_EDGE('',*,*,#172,.F.);
#172 = EDGE_CURVE('',#173,#164,#175,.T.);
#173 = VERTEX_POINT('',#174);
#174 = CARTESIAN_POINT('',(229.82645362325,-28.,368.94279870946));
#175 = CIRCLE('',#176,3.);
#176 = AXIS2_PLACEMENT_3D('',#177,#178,#179);
#177 = CARTESIAN_POINT('',(226.8309670724,-28.,368.77829848556));
#178 = DIRECTION('',(-0.,1.,0.));
#179 = DIRECTION('',(0.707106781187,0.,0.707106781187));
#180 = ORIENTED_EDGE('',*,*,#181,.F.);
#181 = EDGE_CURVE('',#182,#173,#184,.T.);
#182 = VERTEX_POINT('',#183);
#183 = CARTESIAN_POINT('',(248.45665817186,-28.,376.0386409186));
#184 = CIRCLE('',#185,37.5);
#185 = AXIS2_PLACEMENT_3D('',#186,#187,#188);
#186 = CARTESIAN_POINT('',(226.27416997969,-28.,406.27416997969));
#187 = DIRECTION('',(-0.,1.,0.));
#188 = DIRECTION('',(0.707106781187,0.,0.707106781187));
#189 = ORIENTED_EDGE('',*,*,#190,.F.);
#190 = EDGE_CURVE('',#191,#182,#193,.T.);
#191 = VERTEX_POINT('',#192);
#192 = CARTESIAN_POINT('',(252.99152144072,-28.,379.96004580829));
#193 = CIRCLE('',#194,3.);
#194 = AXIS2_PLACEMENT_3D('',#195,#196,#197);
#195 = CARTESIAN_POINT('',(250.80257991927,-28.,377.90857438132));
#196 = DIRECTION('',(-0.,1.,0.));
#197 = DIRECTION('',(0.707106781187,0.,0.707106781187));
#198 = ORIENTED_EDGE('',*,*,#199,.F.);
#199 = EDGE_CURVE('',#200,#191,#202,.T.);
#200 = VERTEX_POINT('',#201);
#201 = CARTESIAN_POINT('',(262.70196546695,-28.,397.37104042101));
#202 = CIRCLE('',#203,37.5);
#203 = AXIS2_PLACEMENT_3D('',#204,#205,#206);
#204 = CARTESIAN_POINT('',(226.27416997969,-28.,406.27416997969));
#205 = DIRECTION('',(-0.,1.,0.));
#206 = DIRECTION('',(0.707106781187,0.,0.707106781187));
#207 = ORIENTED_EDGE('',*,*,#208,.F.);
#208 = EDGE_CURVE('',#209,#200,#211,.T.);
#209 = VERTEX_POINT('',#210);
#210 = CARTESIAN_POINT('',(265.41839930465,-28.,402.43274168022));
#211 = CIRCLE('',#212,3.);
#212 = AXIS2_PLACEMENT_3D('',#213,#214,#215);
#213 = CARTESIAN_POINT('',(263.29707896109,-28.,400.31142133666));
#214 = DIRECTION('',(-0.,1.,0.));
#215 = DIRECTION('',(0.707106781187,0.,0.707106781187));
#216 = ORIENTED_EDGE('',*,*,#217,.F.);
#217 = EDGE_CURVE('',#218,#209,#220,.T.);
#218 = VERTEX_POINT('',#219);
#219 = CARTESIAN_POINT('',(263.65524163075,-28.,403.28996452118));
#220 = CIRCLE('',#221,3.);
#221 = AXIS2_PLACEMENT_3D('',#222,#223,#224);
#222 = CARTESIAN_POINT('',(263.29707896109,-28.,400.31142133666));
#223 = DIRECTION('',(-0.,1.,0.));
#224 = DIRECTION('',(0.707106781187,0.,0.707106781187));
#225 = ORIENTED_EDGE('',*,*,#226,.F.);
#226 = EDGE_CURVE('',#227,#218,#229,.T.);
#227 = VERTEX_POINT('',#228);
#228 = CARTESIAN_POINT('',(259.90230360991,-28.,422.86930868197));
#229 = CIRCLE('',#230,37.5);
#230 = AXIS2_PLACEMENT_3D('',#231,#232,#233);
#231 = CARTESIAN_POINT('',(226.27416997969,-28.,406.27416997969));
#232 = DIRECTION('',(-0.,1.,0.));
#233 = DIRECTION('',(0.707106781187,0.,0.707106781187));
#234 = ORIENTED_EDGE('',*,*,#235,.F.);
#235 = EDGE_CURVE('',#236,#227,#238,.T.);
#236 = VERTEX_POINT('',#237);
#237 = CARTESIAN_POINT('',(260.58946102991,-28.,427.62561986208));
#238 = CIRCLE('',#239,3.);
#239 = AXIS2_PLACEMENT_3D('',#240,#241,#242);
#240 = CARTESIAN_POINT('',(258.46814068635,-28.,425.50429951852));
#241 = DIRECTION('',(-0.,1.,0.));
#242 = DIRECTION('',(0.707106781187,0.,0.707106781187));
#243 = ORIENTED_EDGE('',*,*,#244,.F.);
#244 = EDGE_CURVE('',#245,#236,#247,.T.);
#245 = VERTEX_POINT('',#246);
#246 = CARTESIAN_POINT('',(256.82794472249,-28.,428.01622252692));
#247 = CIRCLE('',#248,3.);
#248 = AXIS2_PLACEMENT_3D('',#249,#250,#251);
#249 = CARTESIAN_POINT('',(258.46814068635,-28.,425.50429951852));
#250 = DIRECTION('',(-0.,1.,0.));
#251 = DIRECTION('',(0.707106781187,0.,0.707106781187));
#252 = ORIENTED_EDGE('',*,*,#253,.F.);
#253 = EDGE_CURVE('',#66,#245,#254,.T.);
#254 = CIRCLE('',#255,37.5);
#255 = AXIS2_PLACEMENT_3D('',#256,#257,#258);
#256 = CARTESIAN_POINT('',(226.27416997969,-28.,406.27416997969));
#257 = DIRECTION('',(-0.,1.,0.));
#258 = DIRECTION('',(0.707106781187,0.,0.707106781187));
#259 = FACE_BOUND('',#260,.T.);
#260 = EDGE_LOOP('',(#261));
#261 = ORIENTED_EDGE('',*,*,#262,.T.);
#262 = EDGE_CURVE('',#263,#263,#265,.T.);
#263 = VERTEX_POINT('',#264);
#264 = CARTESIAN_POINT('',(248.54803358707,-28.,428.54803358707));
#265 = CIRCLE('',#266,31.5);
#266 = AXIS2_PLACEMENT_3D('',#267,#268,#269);
#267 = CARTESIAN_POINT('',(226.27416997969,-28.,406.27416997969));
#268 = DIRECTION('',(-0.,1.,0.));
#269 = DIRECTION('',(0.707106781187,0.,0.707106781187));
#270 = PLANE('',#271);
#271 = AXIS2_PLACEMENT_3D('',#272,#273,#274);
#272 = CARTESIAN_POINT('',(226.3703921544,-28.,406.37700944178));
#273 = DIRECTION('',(-0.,-1.,0.));
#274 = DIRECTION('',(-0.707106781187,0.,-0.707106781187));
#275 = ADVANCED_FACE('',(#276),#302,.T.);
#276 = FACE_BOUND('',#277,.T.);
#277 = EDGE_LOOP('',(#278,#286,#295,#301));
#278 = ORIENTED_EDGE('',*,*,#279,.T.);
#279 = EDGE_CURVE('',#101,#280,#282,.T.);
#280 = VERTEX_POINT('',#281);
#281 = CARTESIAN_POINT('',(210.16803487547,-3.,440.13923179869));
#282 = LINE('',#283,#284);
#283 = CARTESIAN_POINT('',(210.16803487547,-28.,440.13923179869));
#284 = VECTOR('',#285,1.);
#285 = DIRECTION('',(0.,1.,0.));
#286 = ORIENTED_EDGE('',*,*,#287,.F.);
#287 = EDGE_CURVE('',#288,#280,#290,.T.);
#288 = VERTEX_POINT('',#289);
#289 = CARTESIAN_POINT('',(195.08829041706,-3.,427.09941705878));
#290 = CIRCLE('',#291,37.5);
#291 = AXIS2_PLACEMENT_3D('',#292,#293,#294);
#292 = CARTESIAN_POINT('',(226.27416997969,-3.,406.27416997969));
#293 = DIRECTION('',(-0.,1.,0.));
#294 = DIRECTION('',(0.707106781187,0.,0.707106781187));
#295 = ORIENTED_EDGE('',*,*,#296,.F.);
#296 = EDGE_CURVE('',#110,#288,#297,.T.);
#297 = LINE('',#298,#299);
#298 = CARTESIAN_POINT('',(195.08829041706,-28.,427.09941705878));
#299 = VECTOR('',#300,1.);
#300 = DIRECTION('',(0.,1.,0.));
#301 = ORIENTED_EDGE('',*,*,#109,.T.);
#302 = CYLINDRICAL_SURFACE('',#303,37.5);
#303 = AXIS2_PLACEMENT_3D('',#304,#305,#306);
#304 = CARTESIAN_POINT('',(226.27416997969,-28.,406.27416997969));
#305 = DIRECTION('',(0.,1.,0.));
#306 = DIRECTION('',(0.707106781187,0.,0.707106781187));
#307 = ADVANCED_FACE('',(#308),#327,.T.);
#308 = FACE_BOUND('',#309,.T.);
#309 = EDGE_LOOP('',(#310,#319,#325,#326));
#310 = ORIENTED_EDGE('',*,*,#311,.F.);
#311 = EDGE_CURVE('',#312,#288,#314,.T.);
#312 = VERTEX_POINT('',#313);
#313 = CARTESIAN_POINT('',(192.16811229224,-3.,421.86348776529));
#314 = CIRCLE('',#315,3.);
#315 = AXIS2_PLACEMENT_3D('',#316,#317,#318);
#316 = CARTESIAN_POINT('',(193.52339510925,-3.,424.53990486393));
#317 = DIRECTION('',(-0.,1.,0.));
#318 = DIRECTION('',(0.707106781187,0.,0.707106781187));
#319 = ORIENTED_EDGE('',*,*,#320,.F.);
#320 = EDGE_CURVE('',#119,#312,#321,.T.);
#321 = LINE('',#322,#323);
#322 = CARTESIAN_POINT('',(192.16811229224,-28.,421.86348776529));
#323 = VECTOR('',#324,1.);
#324 = DIRECTION('',(0.,1.,0.));
#325 = ORIENTED_EDGE('',*,*,#118,.T.);
#326 = ORIENTED_EDGE('',*,*,#296,.T.);
#327 = CYLINDRICAL_SURFACE('',#328,3.);
#328 = AXIS2_PLACEMENT_3D('',#329,#330,#331);
#329 = CARTESIAN_POINT('',(193.52339510925,-28.,424.53990486393));
#330 = DIRECTION('',(0.,1.,0.));
#331 = DIRECTION('',(0.707106781187,0.,0.707106781187));
#332 = ADVANCED_FACE('',(#333),#352,.T.);
#333 = FACE_BOUND('',#334,.T.);
#334 = EDGE_LOOP('',(#335,#336,#345,#351));
#335 = ORIENTED_EDGE('',*,*,#320,.T.);
#336 = ORIENTED_EDGE('',*,*,#337,.F.);
#337 = EDGE_CURVE('',#338,#312,#340,.T.);
#338 = VERTEX_POINT('',#339);
#339 = CARTESIAN_POINT('',(188.99818970648,-3.,402.18133542756));
#340 = CIRCLE('',#341,37.5);
#341 = AXIS2_PLACEMENT_3D('',#342,#343,#344);
#342 = CARTESIAN_POINT('',(226.27416997969,-3.,406.27416997969));
#343 = DIRECTION('',(-0.,1.,0.));
#344 = DIRECTION('',(0.707106781187,0.,0.707106781187));
#345 = ORIENTED_EDGE('',*,*,#346,.F.);
#346 = EDGE_CURVE('',#128,#338,#347,.T.);
#347 = LINE('',#348,#349);
#348 = CARTESIAN_POINT('',(188.99818970648,-28.,402.18133542756));
#349 = VECTOR('',#350,1.);
#350 = DIRECTION('',(0.,1.,0.));
#351 = ORIENTED_EDGE('',*,*,#127,.T.);
#352 = CYLINDRICAL_SURFACE('',#353,37.5);
#353 = AXIS2_PLACEMENT_3D('',#354,#355,#356);
#354 = CARTESIAN_POINT('',(226.27416997969,-28.,406.27416997969));
#355 = DIRECTION('',(0.,1.,0.));
#356 = DIRECTION('',(0.707106781187,0.,0.707106781187));
#357 = ADVANCED_FACE('',(#358),#377,.T.);
#358 = FACE_BOUND('',#359,.T.);
#359 = EDGE_LOOP('',(#360,#369,#375,#376));
#360 = ORIENTED_EDGE('',*,*,#361,.F.);
#361 = EDGE_CURVE('',#362,#338,#364,.T.);
#362 = VERTEX_POINT('',#363);
#363 = CARTESIAN_POINT('',(190.12679448809,-3.,396.29332607403));
#364 = CIRCLE('',#365,3.);
#365 = AXIS2_PLACEMENT_3D('',#366,#367,#368);
#366 = CARTESIAN_POINT('',(189.44464056081,-3.,399.21474114544));
#367 = DIRECTION('',(-0.,1.,0.));
#368 = DIRECTION('',(0.707106781187,0.,0.707106781187));
#369 = ORIENTED_EDGE('',*,*,#370,.F.);
#370 = EDGE_CURVE('',#137,#362,#371,.T.);
#371 = LINE('',#372,#373);
#372 = CARTESIAN_POINT('',(190.12679448809,-28.,396.29332607403));
#373 = VECTOR('',#374,1.);
#374 = DIRECTION('',(0.,1.,0.));
#375 = ORIENTED_EDGE('',*,*,#136,.T.);
#376 = ORIENTED_EDGE('',*,*,#346,.T.);
#377 = CYLINDRICAL_SURFACE('',#378,3.);
#378 = AXIS2_PLACEMENT_3D('',#379,#380,#381);
#379 = CARTESIAN_POINT('',(189.44464056081,-28.,399.21474114544));
#380 = DIRECTION('',(0.,1.,0.));
#381 = DIRECTION('',(0.707106781187,0.,0.707106781187));
#382 = ADVANCED_FACE('',(#383),#402,.T.);
#383 = FACE_BOUND('',#384,.T.);
#384 = EDGE_LOOP('',(#385,#386,#395,#401));
#385 = ORIENTED_EDGE('',*,*,#370,.T.);
#386 = ORIENTED_EDGE('',*,*,#387,.F.);
#387 = EDGE_CURVE('',#388,#362,#390,.T.);
#388 = VERTEX_POINT('',#389);
#389 = CARTESIAN_POINT('',(200.34993542267,-3.,379.17833888647));
#390 = CIRCLE('',#391,37.5);
#391 = AXIS2_PLACEMENT_3D('',#392,#393,#394);
#392 = CARTESIAN_POINT('',(226.27416997969,-3.,406.27416997969));
#393 = DIRECTION('',(-0.,1.,0.));
#394 = DIRECTION('',(0.707106781187,0.,0.707106781187));
#395 = ORIENTED_EDGE('',*,*,#396,.F.);
#396 = EDGE_CURVE('',#146,#388,#397,.T.);
#397 = LINE('',#398,#399);
#398 = CARTESIAN_POINT('',(200.34993542267,-28.,379.17833888647));
#399 = VECTOR('',#400,1.);
#400 = DIRECTION('',(0.,1.,0.));
#401 = ORIENTED_EDGE('',*,*,#145,.T.);
#402 = CYLINDRICAL_SURFACE('',#403,37.5);
#403 = AXIS2_PLACEMENT_3D('',#404,#405,#406);
#404 = CARTESIAN_POINT('',(226.27416997969,-28.,406.27416997969));
#405 = DIRECTION('',(0.,1.,0.));
#406 = DIRECTION('',(0.707106781187,0.,0.707106781187));
#407 = ADVANCED_FACE('',(#408),#427,.T.);
#408 = FACE_BOUND('',#409,.T.);
#409 = EDGE_LOOP('',(#410,#419,#425,#426));
#410 = ORIENTED_EDGE('',*,*,#411,.F.);
#411 = EDGE_CURVE('',#412,#388,#414,.T.);
#412 = VERTEX_POINT('',#413);
#413 = CARTESIAN_POINT('',(204.99923636967,-3.,375.39331507104));
#414 = CIRCLE('',#415,3.);
#415 = AXIS2_PLACEMENT_3D('',#416,#417,#418);
#416 = CARTESIAN_POINT('',(202.59882780307,-3.,377.19277018673));
#417 = DIRECTION('',(-0.,1.,0.));
#418 = DIRECTION('',(0.707106781187,0.,0.707106781187));
#419 = ORIENTED_EDGE('',*,*,#420,.F.);
#420 = EDGE_CURVE('',#155,#412,#421,.T.);
#421 = LINE('',#422,#423);
#422 = CARTESIAN_POINT('',(204.99923636967,-28.,375.39331507104));
#423 = VECTOR('',#424,1.);
#424 = DIRECTION('',(0.,1.,0.));
#425 = ORIENTED_EDGE('',*,*,#154,.T.);
#426 = ORIENTED_EDGE('',*,*,#396,.T.);
#427 = CYLINDRICAL_SURFACE('',#428,3.);
#428 = AXIS2_PLACEMENT_3D('',#429,#430,#431);
#429 = CARTESIAN_POINT('',(202.59882780307,-28.,377.19277018673));
#430 = DIRECTION('',(0.,1.,0.));
#431 = DIRECTION('',(0.707106781187,0.,0.707106781187));
#432 = ADVANCED_FACE('',(#433),#452,.T.);
#433 = FACE_BOUND('',#434,.T.);
#434 = EDGE_LOOP('',(#435,#444,#450,#451));
#435 = ORIENTED_EDGE('',*,*,#436,.F.);
#436 = EDGE_CURVE('',#437,#412,#439,.T.);
#437 = VERTEX_POINT('',#438);
#438 = CARTESIAN_POINT('',(223.83191686196,-3.,368.85378249227));
#439 = CIRCLE('',#440,37.5);
#440 = AXIS2_PLACEMENT_3D('',#441,#442,#443);
#441 = CARTESIAN_POINT('',(226.27416997969,-3.,406.27416997969));
#442 = DIRECTION('',(-0.,1.,0.));
#443 = DIRECTION('',(0.707106781187,0.,0.707106781187));
#444 = ORIENTED_EDGE('',*,*,#445,.F.);
#445 = EDGE_CURVE('',#164,#437,#446,.T.);
#446 = LINE('',#447,#448);
#447 = CARTESIAN_POINT('',(223.83191686196,-28.,368.85378249227));
#448 = VECTOR('',#449,1.);
#449 = DIRECTION('',(0.,1.,0.));
#450 = ORIENTED_EDGE('',*,*,#163,.T.);
#451 = ORIENTED_EDGE('',*,*,#420,.T.);
#452 = CYLINDRICAL_SURFACE('',#453,37.5);
#453 = AXIS2_PLACEMENT_3D('',#454,#455,#456);
#454 = CARTESIAN_POINT('',(226.27416997969,-28.,406.27416997969));
#455 = DIRECTION('',(0.,1.,0.));
#456 = DIRECTION('',(0.707106781187,0.,0.707106781187));
#457 = ADVANCED_FACE('',(#458),#477,.T.);
#458 = FACE_BOUND('',#459,.T.);
#459 = EDGE_LOOP('',(#460,#469,#475,#476));
#460 = ORIENTED_EDGE('',*,*,#461,.F.);
#461 = EDGE_CURVE('',#462,#437,#464,.T.);
#462 = VERTEX_POINT('',#463);
#463 = CARTESIAN_POINT('',(229.82645362325,-3.,368.94279870946));
#464 = CIRCLE('',#465,3.);
#465 = AXIS2_PLACEMENT_3D('',#466,#467,#468);
#466 = CARTESIAN_POINT('',(226.8309670724,-3.,368.77829848556));
#467 = DIRECTION('',(-0.,1.,0.));
#468 = DIRECTION('',(0.707106781187,0.,0.707106781187));
#469 = ORIENTED_EDGE('',*,*,#470,.F.);
#470 = EDGE_CURVE('',#173,#462,#471,.T.);
#471 = LINE('',#472,#473);
#472 = CARTESIAN_POINT('',(229.82645362325,-28.,368.94279870946));
#473 = VECTOR('',#474,1.);
#474 = DIRECTION('',(0.,1.,0.));
#475 = ORIENTED_EDGE('',*,*,#172,.T.);
#476 = ORIENTED_EDGE('',*,*,#445,.T.);
#477 = CYLINDRICAL_SURFACE('',#478,3.);
#478 = AXIS2_PLACEMENT_3D('',#479,#480,#481);
#479 = CARTESIAN_POINT('',(226.8309670724,-28.,368.77829848556));
#480 = DIRECTION('',(0.,1.,0.));
#481 = DIRECTION('',(0.707106781187,0.,0.707106781187));
#482 = ADVANCED_FACE('',(#483),#502,.T.);
#483 = FACE_BOUND('',#484,.T.);
#484 = EDGE_LOOP('',(#485,#494,#500,#501));
#485 = ORIENTED_EDGE('',*,*,#486,.F.);
#486 = EDGE_CURVE('',#487,#462,#489,.T.);
#487 = VERTEX_POINT('',#488);
#488 = CARTESIAN_POINT('',(248.45665817186,-3.,376.0386409186));
#489 = CIRCLE('',#490,37.5);
#490 = AXIS2_PLACEMENT_3D('',#491,#492,#493);
#491 = CARTESIAN_POINT('',(226.27416997969,-3.,406.27416997969));
#492 = DIRECTION('',(-0.,1.,0.));
#493 = DIRECTION('',(0.707106781187,0.,0.707106781187));
#494 = ORIENTED_EDGE('',*,*,#495,.F.);
#495 = EDGE_CURVE('',#182,#487,#496,.T.);
#496 = LINE('',#497,#498);
#497 = CARTESIAN_POINT('',(248.45665817186,-28.,376.0386409186));
#498 = VECTOR('',#499,1.);
#499 = DIRECTION('',(0.,1.,0.));
#500 = ORIENTED_EDGE('',*,*,#181,.T.);
#501 = ORIENTED_EDGE('',*,*,#470,.T.);
#502 = CYLINDRICAL_SURFACE('',#503,37.5);
#503 = AXIS2_PLACEMENT_3D('',#504,#505,#506);
#504 = CARTESIAN_POINT('',(226.27416997969,-28.,406.27416997969));
#505 = DIRECTION('',(0.,1.,0.));
#506 = DIRECTION('',(0.707106781187,0.,0.707106781187));
#507 = ADVANCED_FACE('',(#508),#527,.T.);
#508 = FACE_BOUND('',#509,.T.);
#509 = EDGE_LOOP('',(#510,#519,#525,#526));
#510 = ORIENTED_EDGE('',*,*,#511,.F.);
#511 = EDGE_CURVE('',#512,#487,#514,.T.);
#512 = VERTEX_POINT('',#513);
#513 = CARTESIAN_POINT('',(252.99152144072,-3.,379.96004580829));
#514 = CIRCLE('',#515,3.);
#515 = AXIS2_PLACEMENT_3D('',#516,#517,#518);
#516 = CARTESIAN_POINT('',(250.80257991927,-3.,377.90857438132));
#517 = DIRECTION('',(-0.,1.,0.));
#518 = DIRECTION('',(0.707106781187,0.,0.707106781187));
#519 = ORIENTED_EDGE('',*,*,#520,.F.);
#520 = EDGE_CURVE('',#191,#512,#521,.T.);
#521 = LINE('',#522,#523);
#522 = CARTESIAN_POINT('',(252.99152144072,-28.,379.96004580829));
#523 = VECTOR('',#524,1.);
#524 = DIRECTION('',(0.,1.,0.));
#525 = ORIENTED_EDGE('',*,*,#190,.T.);
#526 = ORIENTED_EDGE('',*,*,#495,.T.);
#527 = CYLINDRICAL_SURFACE('',#528,3.);
#528 = AXIS2_PLACEMENT_3D('',#529,#530,#531);
#529 = CARTESIAN_POINT('',(250.80257991927,-28.,377.90857438132));
#530 = DIRECTION('',(0.,1.,0.));
#531 = DIRECTION('',(0.707106781187,0.,0.707106781187));
#532 = ADVANCED_FACE('',(#533),#552,.T.);
#533 = FACE_BOUND('',#534,.T.);
#534 = EDGE_LOOP('',(#535,#544,#550,#551));
#535 = ORIENTED_EDGE('',*,*,#536,.F.);
#536 = EDGE_CURVE('',#537,#512,#539,.T.);
#537 = VERTEX_POINT('',#538);
#538 = CARTESIAN_POINT('',(262.70196546695,-3.,397.37104042101));
#539 = CIRCLE('',#540,37.5);
#540 = AXIS2_PLACEMENT_3D('',#541,#542,#543);
#541 = CARTESIAN_POINT('',(226.27416997969,-3.,406.27416997969));
#542 = DIRECTION('',(-0.,1.,0.));
#543 = DIRECTION('',(0.707106781187,0.,0.707106781187));
#544 = ORIENTED_EDGE('',*,*,#545,.F.);
#545 = EDGE_CURVE('',#200,#537,#546,.T.);
#546 = LINE('',#547,#548);
#547 = CARTESIAN_POINT('',(262.70196546695,-28.,397.37104042101));
#548 = VECTOR('',#549,1.);
#549 = DIRECTION('',(0.,1.,0.));
#550 = ORIENTED_EDGE('',*,*,#199,.T.);
#551 = ORIENTED_EDGE('',*,*,#520,.T.);
#552 = CYLINDRICAL_SURFACE('',#553,37.5);
#553 = AXIS2_PLACEMENT_3D('',#554,#555,#556);
#554 = CARTESIAN_POINT('',(226.27416997969,-28.,406.27416997969));
#555 = DIRECTION('',(0.,1.,0.));
#556 = DIRECTION('',(0.707106781187,0.,0.707106781187));
#557 = ADVANCED_FACE('',(#558),#584,.T.);
#558 = FACE_BOUND('',#559,.T.);
#559 = EDGE_LOOP('',(#560,#571,#577,#578));
#560 = ORIENTED_EDGE('',*,*,#561,.F.);
#561 = EDGE_CURVE('',#562,#564,#566,.T.);
#562 = VERTEX_POINT('',#563);
#563 = CARTESIAN_POINT('',(259.90230360991,-3.,422.86930868197));
#564 = VERTEX_POINT('',#565);
#565 = CARTESIAN_POINT('',(263.65524163075,-3.,403.28996452118));
#566 = CIRCLE('',#567,37.5);
#567 = AXIS2_PLACEMENT_3D('',#568,#569,#570);
#568 = CARTESIAN_POINT('',(226.27416997969,-3.,406.27416997969));
#569 = DIRECTION('',(-0.,1.,0.));
#570 = DIRECTION('',(0.707106781187,0.,0.707106781187));
#571 = ORIENTED_EDGE('',*,*,#572,.F.);
#572 = EDGE_CURVE('',#227,#562,#573,.T.);
#573 = LINE('',#574,#575);
#574 = CARTESIAN_POINT('',(259.90230360991,-28.,422.86930868197));
#575 = VECTOR('',#576,1.);
#576 = DIRECTION('',(0.,1.,0.));
#577 = ORIENTED_EDGE('',*,*,#226,.T.);
#578 = ORIENTED_EDGE('',*,*,#579,.T.);
#579 = EDGE_CURVE('',#218,#564,#580,.T.);
#580 = LINE('',#581,#582);
#581 = CARTESIAN_POINT('',(263.65524163075,-28.,403.28996452118));
#582 = VECTOR('',#583,1.);
#583 = DIRECTION('',(0.,1.,0.));
#584 = CYLINDRICAL_SURFACE('',#585,37.5);
#585 = AXIS2_PLACEMENT_3D('',#586,#587,#588);
#586 = CARTESIAN_POINT('',(226.27416997969,-28.,406.27416997969));
#587 = DIRECTION('',(0.,1.,0.));
#588 = DIRECTION('',(0.707106781187,0.,0.707106781187));
#589 = ADVANCED_FACE('',(#590),#609,.T.);
#590 = FACE_BOUND('',#591,.T.);
#591 = EDGE_LOOP('',(#592,#593,#601,#608));
#592 = ORIENTED_EDGE('',*,*,#262,.F.);
#593 = ORIENTED_EDGE('',*,*,#594,.F.);
#594 = EDGE_CURVE('',#595,#263,#597,.T.);
#595 = VERTEX_POINT('',#596);
#596 = CARTESIAN_POINT('',(248.54803358707,-36.5,428.54803358707));
#597 = LINE('',#598,#599);
#598 = CARTESIAN_POINT('',(248.54803358707,-36.5,428.54803358707));
#599 = VECTOR('',#600,1.);
#600 = DIRECTION('',(0.,1.,0.));
#601 = ORIENTED_EDGE('',*,*,#602,.T.);
#602 = EDGE_CURVE('',#595,#595,#603,.T.);
#603 = CIRCLE('',#604,31.5);
#604 = AXIS2_PLACEMENT_3D('',#605,#606,#607);
#605 = CARTESIAN_POINT('',(226.27416997969,-36.5,406.27416997969));
#606 = DIRECTION('',(-0.,1.,0.));
#607 = DIRECTION('',(0.707106781187,0.,0.707106781187));
#608 = ORIENTED_EDGE('',*,*,#594,.T.);
#609 = CYLINDRICAL_SURFACE('',#610,31.5);
#610 = AXIS2_PLACEMENT_3D('',#611,#612,#613);
#611 = CARTESIAN_POINT('',(226.27416997969,-36.5,406.27416997969));
#612 = DIRECTION('',(0.,1.,0.));
#613 = DIRECTION('',(0.707106781187,0.,0.707106781187));
#614 = ADVANCED_FACE('',(#615),#618,.F.);
#615 = FACE_BOUND('',#616,.T.);
#616 = EDGE_LOOP('',(#617));
#617 = ORIENTED_EDGE('',*,*,#602,.F.);
#618 = PLANE('',#619);
#619 = AXIS2_PLACEMENT_3D('',#620,#621,#622);
#620 = CARTESIAN_POINT('',(226.27416997969,-36.5,406.27416997969));
#621 = DIRECTION('',(0.,1.,0.));
#622 = DIRECTION('',(0.707106781187,0.,0.707106781187));
#623 = ADVANCED_FACE('',(#624,#723,#734,#763,#792,#821,#850,#879,#908,
    #937,#966),#995,.T.);
#624 = FACE_BOUND('',#625,.T.);
#625 = EDGE_LOOP('',(#626,#637,#646,#655,#662,#663,#672,#679,#680,#681,
    #682,#683,#684,#685,#686,#687,#688,#689,#690,#699,#706,#707,#716));
#626 = ORIENTED_EDGE('',*,*,#627,.T.);
#627 = EDGE_CURVE('',#628,#630,#632,.T.);
#628 = VERTEX_POINT('',#629);
#629 = CARTESIAN_POINT('',(241.36766032814,-3.,440.60253360369));
#630 = VERTEX_POINT('',#631);
#631 = CARTESIAN_POINT('',(252.79067427419,-3.,432.79067427419));
#632 = CIRCLE('',#633,37.5);
#633 = AXIS2_PLACEMENT_3D('',#634,#635,#636);
#634 = CARTESIAN_POINT('',(226.27416997969,-3.,406.27416997969));
#635 = DIRECTION('',(-0.,1.,0.));
#636 = DIRECTION('',(0.707106781187,0.,0.707106781187));
#637 = ORIENTED_EDGE('',*,*,#638,.T.);
#638 = EDGE_CURVE('',#630,#639,#641,.T.);
#639 = VERTEX_POINT('',#640);
#640 = CARTESIAN_POINT('',(256.82794472249,-3.,428.01622252692));
#641 = CIRCLE('',#642,37.5);
#642 = AXIS2_PLACEMENT_3D('',#643,#644,#645);
#643 = CARTESIAN_POINT('',(226.27416997969,-3.,406.27416997969));
#644 = DIRECTION('',(-0.,1.,0.));
#645 = DIRECTION('',(0.707106781187,0.,0.707106781187));
#646 = ORIENTED_EDGE('',*,*,#647,.T.);
#647 = EDGE_CURVE('',#639,#648,#650,.T.);
#648 = VERTEX_POINT('',#649);
#649 = CARTESIAN_POINT('',(260.58946102991,-3.,427.62561986208));
#650 = CIRCLE('',#651,3.);
#651 = AXIS2_PLACEMENT_3D('',#652,#653,#654);
#652 = CARTESIAN_POINT('',(258.46814068635,-3.,425.50429951852));
#653 = DIRECTION('',(-0.,1.,0.));
#654 = DIRECTION('',(0.707106781187,0.,0.707106781187));
#655 = ORIENTED_EDGE('',*,*,#656,.T.);
#656 = EDGE_CURVE('',#648,#562,#657,.T.);
#657 = CIRCLE('',#658,3.);
#658 = AXIS2_PLACEMENT_3D('',#659,#660,#661);
#659 = CARTESIAN_POINT('',(258.46814068635,-3.,425.50429951852));
#660 = DIRECTION('',(-0.,1.,0.));
#661 = DIRECTION('',(0.707106781187,0.,0.707106781187));
#662 = ORIENTED_EDGE('',*,*,#561,.T.);
#663 = ORIENTED_EDGE('',*,*,#664,.T.);
#664 = EDGE_CURVE('',#564,#665,#667,.T.);
#665 = VERTEX_POINT('',#666);
#666 = CARTESIAN_POINT('',(265.41839930465,-3.,402.43274168022));
#667 = CIRCLE('',#668,3.);
#668 = AXIS2_PLACEMENT_3D('',#669,#670,#671);
#669 = CARTESIAN_POINT('',(263.29707896109,-3.,400.31142133666));
#670 = DIRECTION('',(-0.,1.,0.));
#671 = DIRECTION('',(0.707106781187,0.,0.707106781187));
#672 = ORIENTED_EDGE('',*,*,#673,.T.);
#673 = EDGE_CURVE('',#665,#537,#674,.T.);
#674 = CIRCLE('',#675,3.);
#675 = AXIS2_PLACEMENT_3D('',#676,#677,#678);
#676 = CARTESIAN_POINT('',(263.29707896109,-3.,400.31142133666));
#677 = DIRECTION('',(-0.,1.,0.));
#678 = DIRECTION('',(0.707106781187,0.,0.707106781187));
#679 = ORIENTED_EDGE('',*,*,#536,.T.);
#680 = ORIENTED_EDGE('',*,*,#511,.T.);
#681 = ORIENTED_EDGE('',*,*,#486,.T.);
#682 = ORIENTED_EDGE('',*,*,#461,.T.);
#683 = ORIENTED_EDGE('',*,*,#436,.T.);
#684 = ORIENTED_EDGE('',*,*,#411,.T.);
#685 = ORIENTED_EDGE('',*,*,#387,.T.);
#686 = ORIENTED_EDGE('',*,*,#361,.T.);
#687 = ORIENTED_EDGE('',*,*,#337,.T.);
#688 = ORIENTED_EDGE('',*,*,#311,.T.);
#689 = ORIENTED_EDGE('',*,*,#287,.T.);
#690 = ORIENTED_EDGE('',*,*,#691,.T.);
#691 = EDGE_CURVE('',#280,#692,#694,.T.);
#692 = VERTEX_POINT('',#693);
#693 = CARTESIAN_POINT('',(215.04793058954,-3.,443.43964583031));
#694 = CIRCLE('',#695,3.);
#695 = AXIS2_PLACEMENT_3D('',#696,#697,#698);
#696 = CARTESIAN_POINT('',(212.92661024598,-3.,441.31832548675));
#697 = DIRECTION('',(-0.,1.,0.));
#698 = DIRECTION('',(0.707106781187,0.,0.707106781187));
#699 = ORIENTED_EDGE('',*,*,#700,.T.);
#700 = EDGE_CURVE('',#692,#32,#701,.T.);
#701 = CIRCLE('',#702,3.);
#702 = AXIS2_PLACEMENT_3D('',#703,#704,#705);
#703 = CARTESIAN_POINT('',(212.92661024598,-3.,441.31832548675));
#704 = DIRECTION('',(-0.,1.,0.));
#705 = DIRECTION('',(0.707106781187,0.,0.707106781187));
#706 = ORIENTED_EDGE('',*,*,#31,.T.);
#707 = ORIENTED_EDGE('',*,*,#708,.T.);
#708 = EDGE_CURVE('',#24,#709,#711,.T.);
#709 = VERTEX_POINT('',#710);
#710 = CARTESIAN_POINT('',(240.69660980255,-3.,443.82051475586));
#711 = CIRCLE('',#712,3.);
#712 = AXIS2_PLACEMENT_3D('',#713,#714,#715);
#713 = CARTESIAN_POINT('',(238.57528945899,-3.,441.6991944123));
#714 = DIRECTION('',(-0.,1.,0.));
#715 = DIRECTION('',(0.707106781187,0.,0.707106781187));
#716 = ORIENTED_EDGE('',*,*,#717,.T.);
#717 = EDGE_CURVE('',#709,#628,#718,.T.);
#718 = CIRCLE('',#719,3.);
#719 = AXIS2_PLACEMENT_3D('',#720,#721,#722);
#720 = CARTESIAN_POINT('',(238.57528945899,-3.,441.6991944123));
#721 = DIRECTION('',(-0.,1.,0.));
#722 = DIRECTION('',(0.707106781187,0.,0.707106781187));
#723 = FACE_BOUND('',#724,.T.);
#724 = EDGE_LOOP('',(#725));
#725 = ORIENTED_EDGE('',*,*,#726,.F.);
#726 = EDGE_CURVE('',#727,#727,#729,.T.);
#727 = VERTEX_POINT('',#728);
#728 = CARTESIAN_POINT('',(241.4769657752,-3.,421.4769657752));
#729 = CIRCLE('',#730,21.5);
#730 = AXIS2_PLACEMENT_3D('',#731,#732,#733);
#731 = CARTESIAN_POINT('',(226.27416997969,-3.,406.27416997969));
#732 = DIRECTION('',(-0.,1.,0.));
#733 = DIRECTION('',(0.707106781187,0.,0.707106781187));
#734 = FACE_BOUND('',#735,.T.);
#735 = EDGE_LOOP('',(#736,#747,#756));
#736 = ORIENTED_EDGE('',*,*,#737,.F.);
#737 = EDGE_CURVE('',#738,#740,#742,.T.);
#738 = VERTEX_POINT('',#739);
#739 = CARTESIAN_POINT('',(214.33877487525,-3.,441.8240833931));
#740 = VERTEX_POINT('',#741);
#741 = CARTESIAN_POINT('',(211.53580347535,-3.,440.75649230264));
#742 = CIRCLE('',#743,1.5);
#743 = AXIS2_PLACEMENT_3D('',#744,#745,#746);
#744 = CARTESIAN_POINT('',(212.92661024598,-3.,441.31832548675));
#745 = DIRECTION('',(-0.,1.,0.));
#746 = DIRECTION('',(0.707106781187,0.,0.707106781187));
#747 = ORIENTED_EDGE('',*,*,#748,.F.);
#748 = EDGE_CURVE('',#749,#738,#751,.T.);
#749 = VERTEX_POINT('',#750);
#750 = CARTESIAN_POINT('',(213.98727041776,-3.,442.37898565853));
#751 = CIRCLE('',#752,1.5);
#752 = AXIS2_PLACEMENT_3D('',#753,#754,#755);
#753 = CARTESIAN_POINT('',(212.92661024598,-3.,441.31832548675));
#754 = DIRECTION('',(-0.,1.,0.));
#755 = DIRECTION('',(0.707106781187,0.,0.707106781187));
#756 = ORIENTED_EDGE('',*,*,#757,.F.);
#757 = EDGE_CURVE('',#740,#749,#758,.T.);
#758 = CIRCLE('',#759,1.5);
#759 = AXIS2_PLACEMENT_3D('',#760,#761,#762);
#760 = CARTESIAN_POINT('',(212.92661024598,-3.,441.31832548675));
#761 = DIRECTION('',(-0.,1.,0.));
#762 = DIRECTION('',(0.707106781187,0.,0.707106781187));
#763 = FACE_BOUND('',#764,.T.);
#764 = EDGE_LOOP('',(#765,#776,#785));
#765 = ORIENTED_EDGE('',*,*,#766,.F.);
#766 = EDGE_CURVE('',#767,#769,#771,.T.);
#767 = VERTEX_POINT('',#768);
#768 = CARTESIAN_POINT('',(239.98216664234,-3.,441.17890930685));
#769 = VERTEX_POINT('',#770);
#770 = CARTESIAN_POINT('',(237.14873138843,-3.,442.1628020819));
#771 = CIRCLE('',#772,1.5);
#772 = AXIS2_PLACEMENT_3D('',#773,#774,#775);
#773 = CARTESIAN_POINT('',(238.57528945899,-3.,441.6991944123));
#774 = DIRECTION('',(-0.,1.,0.));
#775 = DIRECTION('',(0.707106781187,0.,0.707106781187));
#776 = ORIENTED_EDGE('',*,*,#777,.F.);
#777 = EDGE_CURVE('',#778,#767,#780,.T.);
#778 = VERTEX_POINT('',#779);
#779 = CARTESIAN_POINT('',(239.63594963077,-3.,442.75985458408));
#780 = CIRCLE('',#781,1.5);
#781 = AXIS2_PLACEMENT_3D('',#782,#783,#784);
#782 = CARTESIAN_POINT('',(238.57528945899,-3.,441.6991944123));
#783 = DIRECTION('',(-0.,1.,0.));
#784 = DIRECTION('',(0.707106781187,0.,0.707106781187));
#785 = ORIENTED_EDGE('',*,*,#786,.F.);
#786 = EDGE_CURVE('',#769,#778,#787,.T.);
#787 = CIRCLE('',#788,1.5);
#788 = AXIS2_PLACEMENT_3D('',#789,#790,#791);
#789 = CARTESIAN_POINT('',(238.57528945899,-3.,441.6991944123));
#790 = DIRECTION('',(-0.,1.,0.));
#791 = DIRECTION('',(0.707106781187,0.,0.707106781187));
#792 = FACE_BOUND('',#793,.T.);
#793 = EDGE_LOOP('',(#794,#805,#814));
#794 = ORIENTED_EDGE('',*,*,#795,.F.);
#795 = EDGE_CURVE('',#796,#798,#800,.T.);
#796 = VERTEX_POINT('',#797);
#797 = CARTESIAN_POINT('',(259.21144119219,-3.,424.20141642398));
#798 = VERTEX_POINT('',#799);
#799 = CARTESIAN_POINT('',(257.67333824005,-3.,426.77641943085));
#800 = CIRCLE('',#801,1.5);
#801 = AXIS2_PLACEMENT_3D('',#802,#803,#804);
#802 = CARTESIAN_POINT('',(258.46814068635,-3.,425.50429951852));
#803 = DIRECTION('',(-0.,1.,0.));
#804 = DIRECTION('',(0.707106781187,0.,0.707106781187));
#805 = ORIENTED_EDGE('',*,*,#806,.F.);
#806 = EDGE_CURVE('',#807,#796,#809,.T.);
#807 = VERTEX_POINT('',#808);
#808 = CARTESIAN_POINT('',(259.52880085813,-3.,426.5649596903));
#809 = CIRCLE('',#810,1.5);
#810 = AXIS2_PLACEMENT_3D('',#811,#812,#813);
#811 = CARTESIAN_POINT('',(258.46814068635,-3.,425.50429951852));
#812 = DIRECTION('',(-0.,1.,0.));
#813 = DIRECTION('',(0.707106781187,0.,0.707106781187));
#814 = ORIENTED_EDGE('',*,*,#815,.F.);
#815 = EDGE_CURVE('',#798,#807,#816,.T.);
#816 = CIRCLE('',#817,1.5);
#817 = AXIS2_PLACEMENT_3D('',#818,#819,#820);
#818 = CARTESIAN_POINT('',(258.46814068635,-3.,425.50429951852));
#819 = DIRECTION('',(-0.,1.,0.));
#820 = DIRECTION('',(0.707106781187,0.,0.707106781187));
#821 = FACE_BOUND('',#822,.T.);
#822 = EDGE_LOOP('',(#823,#834,#843));
#823 = ORIENTED_EDGE('',*,*,#824,.F.);
#824 = EDGE_CURVE('',#825,#827,#829,.T.);
#825 = VERTEX_POINT('',#826);
#826 = CARTESIAN_POINT('',(263.02899630173,-3.,398.83557185661));
#827 = VERTEX_POINT('',#828);
#828 = CARTESIAN_POINT('',(263.50592073875,-3.,401.79681189537));
#829 = CIRCLE('',#830,1.5);
#830 = AXIS2_PLACEMENT_3D('',#831,#832,#833);
#831 = CARTESIAN_POINT('',(263.29707896109,-3.,400.31142133666));
#832 = DIRECTION('',(-0.,1.,0.));
#833 = DIRECTION('',(0.707106781187,0.,0.707106781187));
#834 = ORIENTED_EDGE('',*,*,#835,.F.);
#835 = EDGE_CURVE('',#836,#825,#838,.T.);
#836 = VERTEX_POINT('',#837);
#837 = CARTESIAN_POINT('',(264.35773913287,-3.,401.37208150844));
#838 = CIRCLE('',#839,1.5);
#839 = AXIS2_PLACEMENT_3D('',#840,#841,#842);
#840 = CARTESIAN_POINT('',(263.29707896109,-3.,400.31142133666));
#841 = DIRECTION('',(-0.,1.,0.));
#842 = DIRECTION('',(0.707106781187,0.,0.707106781187));
#843 = ORIENTED_EDGE('',*,*,#844,.F.);
#844 = EDGE_CURVE('',#827,#836,#845,.T.);
#845 = CIRCLE('',#846,1.5);
#846 = AXIS2_PLACEMENT_3D('',#847,#848,#849);
#847 = CARTESIAN_POINT('',(263.29707896109,-3.,400.31142133666));
#848 = DIRECTION('',(-0.,1.,0.));
#849 = DIRECTION('',(0.707106781187,0.,0.707106781187));
#850 = FACE_BOUND('',#851,.T.);
#851 = EDGE_LOOP('',(#852,#863,#872));
#852 = ORIENTED_EDGE('',*,*,#853,.F.);
#853 = EDGE_CURVE('',#854,#856,#858,.T.);
#854 = VERTEX_POINT('',#855);
#855 = CARTESIAN_POINT('',(194.28008264124,-3.,425.83505890069));
#856 = VERTEX_POINT('',#857);
#857 = CARTESIAN_POINT('',(194.58405528103,-3.,425.60056503571));
#858 = CIRCLE('',#859,1.5);
#859 = AXIS2_PLACEMENT_3D('',#860,#861,#862);
#860 = CARTESIAN_POINT('',(193.52339510925,-3.,424.53990486393));
#861 = DIRECTION('',(-0.,1.,0.));
#862 = DIRECTION('',(0.707106781187,0.,0.707106781187));
#863 = ORIENTED_EDGE('',*,*,#864,.F.);
#864 = EDGE_CURVE('',#865,#854,#867,.T.);
#865 = VERTEX_POINT('',#866);
#866 = CARTESIAN_POINT('',(192.81911638507,-3.,423.21552143053));
#867 = CIRCLE('',#868,1.5);
#868 = AXIS2_PLACEMENT_3D('',#869,#870,#871);
#869 = CARTESIAN_POINT('',(193.52339510925,-3.,424.53990486393));
#870 = DIRECTION('',(-0.,1.,0.));
#871 = DIRECTION('',(0.707106781187,0.,0.707106781187));
#872 = ORIENTED_EDGE('',*,*,#873,.F.);
#873 = EDGE_CURVE('',#856,#865,#874,.T.);
#874 = CIRCLE('',#875,1.5);
#875 = AXIS2_PLACEMENT_3D('',#876,#877,#878);
#876 = CARTESIAN_POINT('',(193.52339510925,-3.,424.53990486393));
#877 = DIRECTION('',(-0.,1.,0.));
#878 = DIRECTION('',(0.707106781187,0.,0.707106781187));
#879 = FACE_BOUND('',#880,.T.);
#880 = EDGE_LOOP('',(#881,#892,#901));
#881 = ORIENTED_EDGE('',*,*,#882,.F.);
#882 = EDGE_CURVE('',#883,#885,#887,.T.);
#883 = VERTEX_POINT('',#884);
#884 = CARTESIAN_POINT('',(249.64856106177,-3.,376.95032573065));
#885 = VERTEX_POINT('',#886);
#886 = CARTESIAN_POINT('',(251.86324009105,-3.,378.9692345531));
#887 = CIRCLE('',#888,1.5);
#888 = AXIS2_PLACEMENT_3D('',#889,#890,#891);
#889 = CARTESIAN_POINT('',(250.80257991927,-3.,377.90857438132));
#890 = DIRECTION('',(-0.,1.,0.));
#891 = DIRECTION('',(0.707106781187,0.,0.707106781187));
#892 = ORIENTED_EDGE('',*,*,#893,.F.);
#893 = EDGE_CURVE('',#894,#883,#896,.T.);
#894 = VERTEX_POINT('',#895);
#895 = CARTESIAN_POINT('',(251.91735492624,-3.,378.91220612844));
#896 = CIRCLE('',#897,1.5);
#897 = AXIS2_PLACEMENT_3D('',#898,#899,#900);
#898 = CARTESIAN_POINT('',(250.80257991927,-3.,377.90857438132));
#899 = DIRECTION('',(-0.,1.,0.));
#900 = DIRECTION('',(0.707106781187,0.,0.707106781187));
#901 = ORIENTED_EDGE('',*,*,#902,.F.);
#902 = EDGE_CURVE('',#885,#894,#903,.T.);
#903 = CIRCLE('',#904,1.5);
#904 = AXIS2_PLACEMENT_3D('',#905,#906,#907);
#905 = CARTESIAN_POINT('',(250.80257991927,-3.,377.90857438132));
#906 = DIRECTION('',(-0.,1.,0.));
#907 = DIRECTION('',(0.707106781187,0.,0.707106781187));
#908 = FACE_BOUND('',#909,.T.);
#909 = EDGE_LOOP('',(#910,#921,#930));
#910 = ORIENTED_EDGE('',*,*,#911,.F.);
#911 = EDGE_CURVE('',#912,#914,#916,.T.);
#912 = VERTEX_POINT('',#913);
#913 = CARTESIAN_POINT('',(189.19178050588,-3.,400.69327480844));
#914 = VERTEX_POINT('',#915);
#915 = CARTESIAN_POINT('',(190.50530073259,-3.,400.27540131722));
#916 = CIRCLE('',#917,1.5);
#917 = AXIS2_PLACEMENT_3D('',#918,#919,#920);
#918 = CARTESIAN_POINT('',(189.44464056081,-3.,399.21474114544));
#919 = DIRECTION('',(-0.,1.,0.));
#920 = DIRECTION('',(0.707106781187,0.,0.707106781187));
#921 = ORIENTED_EDGE('',*,*,#922,.F.);
#922 = EDGE_CURVE('',#923,#912,#925,.T.);
#923 = VERTEX_POINT('',#924);
#924 = CARTESIAN_POINT('',(189.7564219189,-3.,397.74750142926));
#925 = CIRCLE('',#926,1.5);
#926 = AXIS2_PLACEMENT_3D('',#927,#928,#929);
#927 = CARTESIAN_POINT('',(189.44464056081,-3.,399.21474114544));
#928 = DIRECTION('',(-0.,1.,0.));
#929 = DIRECTION('',(0.707106781187,0.,0.707106781187));
#930 = ORIENTED_EDGE('',*,*,#931,.F.);
#931 = EDGE_CURVE('',#914,#923,#932,.T.);
#932 = CIRCLE('',#933,1.5);
#933 = AXIS2_PLACEMENT_3D('',#934,#935,#936);
#934 = CARTESIAN_POINT('',(189.44464056081,-3.,399.21474114544));
#935 = DIRECTION('',(-0.,1.,0.));
#936 = DIRECTION('',(0.707106781187,0.,0.707106781187));
#937 = FACE_BOUND('',#938,.T.);
#938 = EDGE_LOOP('',(#939,#950,#959));
#939 = ORIENTED_EDGE('',*,*,#940,.F.);
#940 = EDGE_CURVE('',#941,#943,#945,.T.);
#941 = VERTEX_POINT('',#942);
#942 = CARTESIAN_POINT('',(225.33098701401,-3.,368.7860331109));
#943 = VERTEX_POINT('',#944);
#944 = CARTESIAN_POINT('',(227.89162724418,-3.,369.83895865734));
#945 = CIRCLE('',#946,1.5);
#946 = AXIS2_PLACEMENT_3D('',#947,#948,#949);
#947 = CARTESIAN_POINT('',(226.8309670724,-3.,368.77829848556));
#948 = DIRECTION('',(-0.,1.,0.));
#949 = DIRECTION('',(0.707106781187,0.,0.707106781187));
#950 = ORIENTED_EDGE('',*,*,#951,.F.);
#951 = EDGE_CURVE('',#952,#941,#954,.T.);
#952 = VERTEX_POINT('',#953);
#953 = CARTESIAN_POINT('',(228.33005609649,-3.,368.83056795912));
#954 = CIRCLE('',#955,1.5);
#955 = AXIS2_PLACEMENT_3D('',#956,#957,#958);
#956 = CARTESIAN_POINT('',(226.8309670724,-3.,368.77829848556));
#957 = DIRECTION('',(-0.,1.,0.));
#958 = DIRECTION('',(0.707106781187,0.,0.707106781187));
#959 = ORIENTED_EDGE('',*,*,#960,.F.);
#960 = EDGE_CURVE('',#943,#952,#961,.T.);
#961 = CIRCLE('',#962,1.5);
#962 = AXIS2_PLACEMENT_3D('',#963,#964,#965);
#963 = CARTESIAN_POINT('',(226.8309670724,-3.,368.77829848556));
#964 = DIRECTION('',(-0.,1.,0.));
#965 = DIRECTION('',(0.707106781187,0.,0.707106781187));
#966 = FACE_BOUND('',#967,.T.);
#967 = EDGE_LOOP('',(#968,#979,#988));
#968 = ORIENTED_EDGE('',*,*,#969,.F.);
#969 = EDGE_CURVE('',#970,#972,#974,.T.);
#970 = VERTEX_POINT('',#971);
#971 = CARTESIAN_POINT('',(201.45474152061,-3.,378.16285604803));
#972 = VERTEX_POINT('',#973);
#973 = CARTESIAN_POINT('',(203.65948797485,-3.,378.25343035851));
#974 = CIRCLE('',#975,1.5);
#975 = AXIS2_PLACEMENT_3D('',#976,#977,#978);
#976 = CARTESIAN_POINT('',(202.59882780307,-3.,377.19277018673));
#977 = DIRECTION('',(-0.,1.,0.));
#978 = DIRECTION('',(0.707106781187,0.,0.707106781187));
#979 = ORIENTED_EDGE('',*,*,#980,.F.);
#980 = EDGE_CURVE('',#981,#970,#983,.T.);
#981 = VERTEX_POINT('',#982);
#982 = CARTESIAN_POINT('',(203.78078860028,-3.,376.26920715485));
#983 = CIRCLE('',#984,1.5);
#984 = AXIS2_PLACEMENT_3D('',#985,#986,#987);
#985 = CARTESIAN_POINT('',(202.59882780307,-3.,377.19277018673));
#986 = DIRECTION('',(-0.,1.,0.));
#987 = DIRECTION('',(0.707106781187,0.,0.707106781187));
#988 = ORIENTED_EDGE('',*,*,#989,.F.);
#989 = EDGE_CURVE('',#972,#981,#990,.T.);
#990 = CIRCLE('',#991,1.5);
#991 = AXIS2_PLACEMENT_3D('',#992,#993,#994);
#992 = CARTESIAN_POINT('',(202.59882780307,-3.,377.19277018673));
#993 = DIRECTION('',(-0.,1.,0.));
#994 = DIRECTION('',(0.707106781187,0.,0.707106781187));
#995 = PLANE('',#996);
#996 = AXIS2_PLACEMENT_3D('',#997,#998,#999);
#997 = CARTESIAN_POINT('',(226.3703921544,-3.,406.37700944178));
#998 = DIRECTION('',(0.,1.,0.));
#999 = DIRECTION('',(0.707106781187,0.,0.707106781187));
#1000 = ADVANCED_FACE('',(#1001),#1020,.T.);
#1001 = FACE_BOUND('',#1002,.T.);
#1002 = EDGE_LOOP('',(#1003,#1012,#1018,#1019));
#1003 = ORIENTED_EDGE('',*,*,#1004,.F.);
#1004 = EDGE_CURVE('',#1005,#1005,#1007,.T.);
#1005 = VERTEX_POINT('',#1006);
#1006 = CARTESIAN_POINT('',(241.4769657752,-1.,421.4769657752));
#1007 = CIRCLE('',#1008,21.5);
#1008 = AXIS2_PLACEMENT_3D('',#1009,#1010,#1011);
#1009 = CARTESIAN_POINT('',(226.27416997969,-1.,406.27416997969));
#1010 = DIRECTION('',(-0.,1.,0.));
#1011 = DIRECTION('',(0.707106781187,0.,0.707106781187));
#1012 = ORIENTED_EDGE('',*,*,#1013,.F.);
#1013 = EDGE_CURVE('',#727,#1005,#1014,.T.);
#1014 = LINE('',#1015,#1016);
#1015 = CARTESIAN_POINT('',(241.4769657752,-3.,421.4769657752));
#1016 = VECTOR('',#1017,1.);
#1017 = DIRECTION('',(0.,1.,0.));
#1018 = ORIENTED_EDGE('',*,*,#726,.T.);
#1019 = ORIENTED_EDGE('',*,*,#1013,.T.);
#1020 = CYLINDRICAL_SURFACE('',#1021,21.5);
#1021 = AXIS2_PLACEMENT_3D('',#1022,#1023,#1024);
#1022 = CARTESIAN_POINT('',(226.27416997969,-3.,406.27416997969));
#1023 = DIRECTION('',(0.,1.,0.));
#1024 = DIRECTION('',(0.707106781187,0.,0.707106781187));
#1025 = ADVANCED_FACE('',(#1026,#1029),#1040,.T.);
#1026 = FACE_BOUND('',#1027,.T.);
#1027 = EDGE_LOOP('',(#1028));
#1028 = ORIENTED_EDGE('',*,*,#1004,.T.);
#1029 = FACE_BOUND('',#1030,.T.);
#1030 = EDGE_LOOP('',(#1031));
#1031 = ORIENTED_EDGE('',*,*,#1032,.F.);
#1032 = EDGE_CURVE('',#1033,#1033,#1035,.T.);
#1033 = VERTEX_POINT('',#1034);
#1034 = CARTESIAN_POINT('',(237.76465517397,-1.,417.76465517397));
#1035 = CIRCLE('',#1036,16.25);
#1036 = AXIS2_PLACEMENT_3D('',#1037,#1038,#1039);
#1037 = CARTESIAN_POINT('',(226.27416997969,-1.,406.27416997969));
#1038 = DIRECTION('',(-0.,1.,0.));
#1039 = DIRECTION('',(0.707106781187,0.,0.707106781187));
#1040 = PLANE('',#1041);
#1041 = AXIS2_PLACEMENT_3D('',#1042,#1043,#1044);
#1042 = CARTESIAN_POINT('',(226.27416997969,-1.,406.27416997969));
#1043 = DIRECTION('',(0.,1.,0.));
#1044 = DIRECTION('',(0.707106781187,0.,0.707106781187));
#1045 = ADVANCED_FACE('',(#1046),#1065,.F.);
#1046 = FACE_BOUND('',#1047,.F.);
#1047 = EDGE_LOOP('',(#1048,#1049,#1057,#1064));
#1048 = ORIENTED_EDGE('',*,*,#1032,.F.);
#1049 = ORIENTED_EDGE('',*,*,#1050,.F.);
#1050 = EDGE_CURVE('',#1051,#1033,#1053,.T.);
#1051 = VERTEX_POINT('',#1052);
#1052 = CARTESIAN_POINT('',(237.76465517397,-8.,417.76465517397));
#1053 = LINE('',#1054,#1055);
#1054 = CARTESIAN_POINT('',(237.76465517397,-8.,417.76465517397));
#1055 = VECTOR('',#1056,1.);
#1056 = DIRECTION('',(0.,1.,0.));
#1057 = ORIENTED_EDGE('',*,*,#1058,.T.);
#1058 = EDGE_CURVE('',#1051,#1051,#1059,.T.);
#1059 = CIRCLE('',#1060,16.25);
#1060 = AXIS2_PLACEMENT_3D('',#1061,#1062,#1063);
#1061 = CARTESIAN_POINT('',(226.27416997969,-8.,406.27416997969));
#1062 = DIRECTION('',(-0.,1.,0.));
#1063 = DIRECTION('',(0.707106781187,0.,0.707106781187));
#1064 = ORIENTED_EDGE('',*,*,#1050,.T.);
#1065 = CYLINDRICAL_SURFACE('',#1066,16.25);
#1066 = AXIS2_PLACEMENT_3D('',#1067,#1068,#1069);
#1067 = CARTESIAN_POINT('',(226.27416997969,-8.,406.27416997969));
#1068 = DIRECTION('',(0.,1.,0.));
#1069 = DIRECTION('',(0.707106781187,0.,0.707106781187));
#1070 = ADVANCED_FACE('',(#1071),#1074,.T.);
#1071 = FACE_BOUND('',#1072,.F.);
#1072 = EDGE_LOOP('',(#1073));
#1073 = ORIENTED_EDGE('',*,*,#1058,.F.);
#1074 = PLANE('',#1075);
#1075 = AXIS2_PLACEMENT_3D('',#1076,#1077,#1078);
#1076 = CARTESIAN_POINT('',(226.27416997969,-8.,406.27416997969));
#1077 = DIRECTION('',(0.,1.,0.));
#1078 = DIRECTION('',(0.707106781187,0.,0.707106781187));
#1079 = ADVANCED_FACE('',(#1080),#1101,.F.);
#1080 = FACE_BOUND('',#1081,.F.);
#1081 = EDGE_LOOP('',(#1082,#1090,#1091,#1092,#1093,#1094));
#1082 = ORIENTED_EDGE('',*,*,#1083,.T.);
#1083 = EDGE_CURVE('',#1084,#749,#1086,.T.);
#1084 = VERTEX_POINT('',#1085);
#1085 = CARTESIAN_POINT('',(213.98727041776,-11.,442.37898565853));
#1086 = LINE('',#1087,#1088);
#1087 = CARTESIAN_POINT('',(213.98727041776,-11.,442.37898565853));
#1088 = VECTOR('',#1089,1.);
#1089 = DIRECTION('',(0.,1.,0.));
#1090 = ORIENTED_EDGE('',*,*,#757,.F.);
#1091 = ORIENTED_EDGE('',*,*,#737,.F.);
#1092 = ORIENTED_EDGE('',*,*,#748,.F.);
#1093 = ORIENTED_EDGE('',*,*,#1083,.F.);
#1094 = ORIENTED_EDGE('',*,*,#1095,.T.);
#1095 = EDGE_CURVE('',#1084,#1084,#1096,.T.);
#1096 = CIRCLE('',#1097,1.5);
#1097 = AXIS2_PLACEMENT_3D('',#1098,#1099,#1100);
#1098 = CARTESIAN_POINT('',(212.92661024598,-11.,441.31832548675));
#1099 = DIRECTION('',(-0.,1.,0.));
#1100 = DIRECTION('',(0.707106781187,0.,0.707106781187));
#1101 = CYLINDRICAL_SURFACE('',#1102,1.5);
#1102 = AXIS2_PLACEMENT_3D('',#1103,#1104,#1105);
#1103 = CARTESIAN_POINT('',(212.92661024598,-11.,441.31832548675));
#1104 = DIRECTION('',(0.,1.,0.));
#1105 = DIRECTION('',(0.707106781187,0.,0.707106781187));
#1106 = ADVANCED_FACE('',(#1107),#1110,.T.);
#1107 = FACE_BOUND('',#1108,.F.);
#1108 = EDGE_LOOP('',(#1109));
#1109 = ORIENTED_EDGE('',*,*,#1095,.F.);
#1110 = PLANE('',#1111);
#1111 = AXIS2_PLACEMENT_3D('',#1112,#1113,#1114);
#1112 = CARTESIAN_POINT('',(212.92661024598,-11.,441.31832548675));
#1113 = DIRECTION('',(0.,1.,0.));
#1114 = DIRECTION('',(0.707106781187,0.,0.707106781187));
#1115 = ADVANCED_FACE('',(#1116),#1137,.F.);
#1116 = FACE_BOUND('',#1117,.F.);
#1117 = EDGE_LOOP('',(#1118,#1126,#1127,#1128,#1129,#1130));
#1118 = ORIENTED_EDGE('',*,*,#1119,.T.);
#1119 = EDGE_CURVE('',#1120,#778,#1122,.T.);
#1120 = VERTEX_POINT('',#1121);
#1121 = CARTESIAN_POINT('',(239.63594963077,-11.,442.75985458408));
#1122 = LINE('',#1123,#1124);
#1123 = CARTESIAN_POINT('',(239.63594963077,-11.,442.75985458408));
#1124 = VECTOR('',#1125,1.);
#1125 = DIRECTION('',(0.,1.,0.));
#1126 = ORIENTED_EDGE('',*,*,#786,.F.);
#1127 = ORIENTED_EDGE('',*,*,#766,.F.);
#1128 = ORIENTED_EDGE('',*,*,#777,.F.);
#1129 = ORIENTED_EDGE('',*,*,#1119,.F.);
#1130 = ORIENTED_EDGE('',*,*,#1131,.T.);
#1131 = EDGE_CURVE('',#1120,#1120,#1132,.T.);
#1132 = CIRCLE('',#1133,1.5);
#1133 = AXIS2_PLACEMENT_3D('',#1134,#1135,#1136);
#1134 = CARTESIAN_POINT('',(238.57528945899,-11.,441.6991944123));
#1135 = DIRECTION('',(-0.,1.,0.));
#1136 = DIRECTION('',(0.707106781187,0.,0.707106781187));
#1137 = CYLINDRICAL_SURFACE('',#1138,1.5);
#1138 = AXIS2_PLACEMENT_3D('',#1139,#1140,#1141);
#1139 = CARTESIAN_POINT('',(238.57528945899,-11.,441.6991944123));
#1140 = DIRECTION('',(0.,1.,0.));
#1141 = DIRECTION('',(0.707106781187,0.,0.707106781187));
#1142 = ADVANCED_FACE('',(#1143),#1146,.T.);
#1143 = FACE_BOUND('',#1144,.F.);
#1144 = EDGE_LOOP('',(#1145));
#1145 = ORIENTED_EDGE('',*,*,#1131,.F.);
#1146 = PLANE('',#1147);
#1147 = AXIS2_PLACEMENT_3D('',#1148,#1149,#1150);
#1148 = CARTESIAN_POINT('',(238.57528945899,-11.,441.6991944123));
#1149 = DIRECTION('',(0.,1.,0.));
#1150 = DIRECTION('',(0.707106781187,0.,0.707106781187));
#1151 = ADVANCED_FACE('',(#1152),#1173,.F.);
#1152 = FACE_BOUND('',#1153,.F.);
#1153 = EDGE_LOOP('',(#1154,#1162,#1163,#1164,#1165,#1166));
#1154 = ORIENTED_EDGE('',*,*,#1155,.T.);
#1155 = EDGE_CURVE('',#1156,#807,#1158,.T.);
#1156 = VERTEX_POINT('',#1157);
#1157 = CARTESIAN_POINT('',(259.52880085813,-11.,426.5649596903));
#1158 = LINE('',#1159,#1160);
#1159 = CARTESIAN_POINT('',(259.52880085813,-11.,426.5649596903));
#1160 = VECTOR('',#1161,1.);
#1161 = DIRECTION('',(0.,1.,0.));
#1162 = ORIENTED_EDGE('',*,*,#815,.F.);
#1163 = ORIENTED_EDGE('',*,*,#795,.F.);
#1164 = ORIENTED_EDGE('',*,*,#806,.F.);
#1165 = ORIENTED_EDGE('',*,*,#1155,.F.);
#1166 = ORIENTED_EDGE('',*,*,#1167,.T.);
#1167 = EDGE_CURVE('',#1156,#1156,#1168,.T.);
#1168 = CIRCLE('',#1169,1.5);
#1169 = AXIS2_PLACEMENT_3D('',#1170,#1171,#1172);
#1170 = CARTESIAN_POINT('',(258.46814068635,-11.,425.50429951852));
#1171 = DIRECTION('',(-0.,1.,0.));
#1172 = DIRECTION('',(0.707106781187,0.,0.707106781187));
#1173 = CYLINDRICAL_SURFACE('',#1174,1.5);
#1174 = AXIS2_PLACEMENT_3D('',#1175,#1176,#1177);
#1175 = CARTESIAN_POINT('',(258.46814068635,-11.,425.50429951852));
#1176 = DIRECTION('',(0.,1.,0.));
#1177 = DIRECTION('',(0.707106781187,0.,0.707106781187));
#1178 = ADVANCED_FACE('',(#1179),#1182,.T.);
#1179 = FACE_BOUND('',#1180,.F.);
#1180 = EDGE_LOOP('',(#1181));
#1181 = ORIENTED_EDGE('',*,*,#1167,.F.);
#1182 = PLANE('',#1183);
#1183 = AXIS2_PLACEMENT_3D('',#1184,#1185,#1186);
#1184 = CARTESIAN_POINT('',(258.46814068635,-11.,425.50429951852));
#1185 = DIRECTION('',(0.,1.,0.));
#1186 = DIRECTION('',(0.707106781187,0.,0.707106781187));
#1187 = ADVANCED_FACE('',(#1188),#1209,.F.);
#1188 = FACE_BOUND('',#1189,.F.);
#1189 = EDGE_LOOP('',(#1190,#1198,#1199,#1200,#1201,#1202));
#1190 = ORIENTED_EDGE('',*,*,#1191,.T.);
#1191 = EDGE_CURVE('',#1192,#836,#1194,.T.);
#1192 = VERTEX_POINT('',#1193);
#1193 = CARTESIAN_POINT('',(264.35773913287,-11.,401.37208150844));
#1194 = LINE('',#1195,#1196);
#1195 = CARTESIAN_POINT('',(264.35773913287,-11.,401.37208150844));
#1196 = VECTOR('',#1197,1.);
#1197 = DIRECTION('',(0.,1.,0.));
#1198 = ORIENTED_EDGE('',*,*,#844,.F.);
#1199 = ORIENTED_EDGE('',*,*,#824,.F.);
#1200 = ORIENTED_EDGE('',*,*,#835,.F.);
#1201 = ORIENTED_EDGE('',*,*,#1191,.F.);
#1202 = ORIENTED_EDGE('',*,*,#1203,.T.);
#1203 = EDGE_CURVE('',#1192,#1192,#1204,.T.);
#1204 = CIRCLE('',#1205,1.5);
#1205 = AXIS2_PLACEMENT_3D('',#1206,#1207,#1208);
#1206 = CARTESIAN_POINT('',(263.29707896109,-11.,400.31142133666));
#1207 = DIRECTION('',(-0.,1.,0.));
#1208 = DIRECTION('',(0.707106781187,0.,0.707106781187));
#1209 = CYLINDRICAL_SURFACE('',#1210,1.5);
#1210 = AXIS2_PLACEMENT_3D('',#1211,#1212,#1213);
#1211 = CARTESIAN_POINT('',(263.29707896109,-11.,400.31142133666));
#1212 = DIRECTION('',(0.,1.,0.));
#1213 = DIRECTION('',(0.707106781187,0.,0.707106781187));
#1214 = ADVANCED_FACE('',(#1215),#1218,.T.);
#1215 = FACE_BOUND('',#1216,.F.);
#1216 = EDGE_LOOP('',(#1217));
#1217 = ORIENTED_EDGE('',*,*,#1203,.F.);
#1218 = PLANE('',#1219);
#1219 = AXIS2_PLACEMENT_3D('',#1220,#1221,#1222);
#1220 = CARTESIAN_POINT('',(263.29707896109,-11.,400.31142133666));
#1221 = DIRECTION('',(0.,1.,0.));
#1222 = DIRECTION('',(0.707106781187,0.,0.707106781187));
#1223 = ADVANCED_FACE('',(#1224),#1245,.F.);
#1224 = FACE_BOUND('',#1225,.F.);
#1225 = EDGE_LOOP('',(#1226,#1234,#1235,#1236,#1237,#1238));
#1226 = ORIENTED_EDGE('',*,*,#1227,.T.);
#1227 = EDGE_CURVE('',#1228,#856,#1230,.T.);
#1228 = VERTEX_POINT('',#1229);
#1229 = CARTESIAN_POINT('',(194.58405528103,-11.,425.60056503571));
#1230 = LINE('',#1231,#1232);
#1231 = CARTESIAN_POINT('',(194.58405528103,-11.,425.60056503571));
#1232 = VECTOR('',#1233,1.);
#1233 = DIRECTION('',(0.,1.,0.));
#1234 = ORIENTED_EDGE('',*,*,#853,.F.);
#1235 = ORIENTED_EDGE('',*,*,#864,.F.);
#1236 = ORIENTED_EDGE('',*,*,#873,.F.);
#1237 = ORIENTED_EDGE('',*,*,#1227,.F.);
#1238 = ORIENTED_EDGE('',*,*,#1239,.T.);
#1239 = EDGE_CURVE('',#1228,#1228,#1240,.T.);
#1240 = CIRCLE('',#1241,1.5);
#1241 = AXIS2_PLACEMENT_3D('',#1242,#1243,#1244);
#1242 = CARTESIAN_POINT('',(193.52339510925,-11.,424.53990486393));
#1243 = DIRECTION('',(-0.,1.,0.));
#1244 = DIRECTION('',(0.707106781187,0.,0.707106781187));
#1245 = CYLINDRICAL_SURFACE('',#1246,1.5);
#1246 = AXIS2_PLACEMENT_3D('',#1247,#1248,#1249);
#1247 = CARTESIAN_POINT('',(193.52339510925,-11.,424.53990486393));
#1248 = DIRECTION('',(0.,1.,0.));
#1249 = DIRECTION('',(0.707106781187,0.,0.707106781187));
#1250 = ADVANCED_FACE('',(#1251),#1254,.T.);
#1251 = FACE_BOUND('',#1252,.F.);
#1252 = EDGE_LOOP('',(#1253));
#1253 = ORIENTED_EDGE('',*,*,#1239,.F.);
#1254 = PLANE('',#1255);
#1255 = AXIS2_PLACEMENT_3D('',#1256,#1257,#1258);
#1256 = CARTESIAN_POINT('',(193.52339510925,-11.,424.53990486393));
#1257 = DIRECTION('',(0.,1.,0.));
#1258 = DIRECTION('',(0.707106781187,0.,0.707106781187));
#1259 = ADVANCED_FACE('',(#1260),#1281,.F.);
#1260 = FACE_BOUND('',#1261,.F.);
#1261 = EDGE_LOOP('',(#1262,#1270,#1271,#1272,#1273,#1274));
#1262 = ORIENTED_EDGE('',*,*,#1263,.T.);
#1263 = EDGE_CURVE('',#1264,#885,#1266,.T.);
#1264 = VERTEX_POINT('',#1265);
#1265 = CARTESIAN_POINT('',(251.86324009105,-11.,378.9692345531));
#1266 = LINE('',#1267,#1268);
#1267 = CARTESIAN_POINT('',(251.86324009105,-11.,378.9692345531));
#1268 = VECTOR('',#1269,1.);
#1269 = DIRECTION('',(0.,1.,0.));
#1270 = ORIENTED_EDGE('',*,*,#882,.F.);
#1271 = ORIENTED_EDGE('',*,*,#893,.F.);
#1272 = ORIENTED_EDGE('',*,*,#902,.F.);
#1273 = ORIENTED_EDGE('',*,*,#1263,.F.);
#1274 = ORIENTED_EDGE('',*,*,#1275,.T.);
#1275 = EDGE_CURVE('',#1264,#1264,#1276,.T.);
#1276 = CIRCLE('',#1277,1.5);
#1277 = AXIS2_PLACEMENT_3D('',#1278,#1279,#1280);
#1278 = CARTESIAN_POINT('',(250.80257991927,-11.,377.90857438132));
#1279 = DIRECTION('',(-0.,1.,0.));
#1280 = DIRECTION('',(0.707106781187,0.,0.707106781187));
#1281 = CYLINDRICAL_SURFACE('',#1282,1.5);
#1282 = AXIS2_PLACEMENT_3D('',#1283,#1284,#1285);
#1283 = CARTESIAN_POINT('',(250.80257991927,-11.,377.90857438132));
#1284 = DIRECTION('',(0.,1.,0.));
#1285 = DIRECTION('',(0.707106781187,0.,0.707106781187));
#1286 = ADVANCED_FACE('',(#1287),#1290,.T.);
#1287 = FACE_BOUND('',#1288,.F.);
#1288 = EDGE_LOOP('',(#1289));
#1289 = ORIENTED_EDGE('',*,*,#1275,.F.);
#1290 = PLANE('',#1291);
#1291 = AXIS2_PLACEMENT_3D('',#1292,#1293,#1294);
#1292 = CARTESIAN_POINT('',(250.80257991927,-11.,377.90857438132));
#1293 = DIRECTION('',(0.,1.,0.));
#1294 = DIRECTION('',(0.707106781187,0.,0.707106781187));
#1295 = ADVANCED_FACE('',(#1296),#1317,.F.);
#1296 = FACE_BOUND('',#1297,.F.);
#1297 = EDGE_LOOP('',(#1298,#1306,#1307,#1308,#1309,#1310));
#1298 = ORIENTED_EDGE('',*,*,#1299,.T.);
#1299 = EDGE_CURVE('',#1300,#914,#1302,.T.);
#1300 = VERTEX_POINT('',#1301);
#1301 = CARTESIAN_POINT('',(190.50530073259,-11.,400.27540131722));
#1302 = LINE('',#1303,#1304);
#1303 = CARTESIAN_POINT('',(190.50530073259,-11.,400.27540131722));
#1304 = VECTOR('',#1305,1.);
#1305 = DIRECTION('',(0.,1.,0.));
#1306 = ORIENTED_EDGE('',*,*,#911,.F.);
#1307 = ORIENTED_EDGE('',*,*,#922,.F.);
#1308 = ORIENTED_EDGE('',*,*,#931,.F.);
#1309 = ORIENTED_EDGE('',*,*,#1299,.F.);
#1310 = ORIENTED_EDGE('',*,*,#1311,.T.);
#1311 = EDGE_CURVE('',#1300,#1300,#1312,.T.);
#1312 = CIRCLE('',#1313,1.5);
#1313 = AXIS2_PLACEMENT_3D('',#1314,#1315,#1316);
#1314 = CARTESIAN_POINT('',(189.44464056081,-11.,399.21474114544));
#1315 = DIRECTION('',(-0.,1.,0.));
#1316 = DIRECTION('',(0.707106781187,0.,0.707106781187));
#1317 = CYLINDRICAL_SURFACE('',#1318,1.5);
#1318 = AXIS2_PLACEMENT_3D('',#1319,#1320,#1321);
#1319 = CARTESIAN_POINT('',(189.44464056081,-11.,399.21474114544));
#1320 = DIRECTION('',(0.,1.,0.));
#1321 = DIRECTION('',(0.707106781187,0.,0.707106781187));
#1322 = ADVANCED_FACE('',(#1323),#1326,.T.);
#1323 = FACE_BOUND('',#1324,.F.);
#1324 = EDGE_LOOP('',(#1325));
#1325 = ORIENTED_EDGE('',*,*,#1311,.F.);
#1326 = PLANE('',#1327);
#1327 = AXIS2_PLACEMENT_3D('',#1328,#1329,#1330);
#1328 = CARTESIAN_POINT('',(189.44464056081,-11.,399.21474114544));
#1329 = DIRECTION('',(0.,1.,0.));
#1330 = DIRECTION('',(0.707106781187,0.,0.707106781187));
#1331 = ADVANCED_FACE('',(#1332),#1353,.F.);
#1332 = FACE_BOUND('',#1333,.F.);
#1333 = EDGE_LOOP('',(#1334,#1342,#1343,#1344,#1345,#1346));
#1334 = ORIENTED_EDGE('',*,*,#1335,.T.);
#1335 = EDGE_CURVE('',#1336,#943,#1338,.T.);
#1336 = VERTEX_POINT('',#1337);
#1337 = CARTESIAN_POINT('',(227.89162724418,-11.,369.83895865734));
#1338 = LINE('',#1339,#1340);
#1339 = CARTESIAN_POINT('',(227.89162724418,-11.,369.83895865734));
#1340 = VECTOR('',#1341,1.);
#1341 = DIRECTION('',(0.,1.,0.));
#1342 = ORIENTED_EDGE('',*,*,#940,.F.);
#1343 = ORIENTED_EDGE('',*,*,#951,.F.);
#1344 = ORIENTED_EDGE('',*,*,#960,.F.);
#1345 = ORIENTED_EDGE('',*,*,#1335,.F.);
#1346 = ORIENTED_EDGE('',*,*,#1347,.T.);
#1347 = EDGE_CURVE('',#1336,#1336,#1348,.T.);
#1348 = CIRCLE('',#1349,1.5);
#1349 = AXIS2_PLACEMENT_3D('',#1350,#1351,#1352);
#1350 = CARTESIAN_POINT('',(226.8309670724,-11.,368.77829848556));
#1351 = DIRECTION('',(-0.,1.,0.));
#1352 = DIRECTION('',(0.707106781187,0.,0.707106781187));
#1353 = CYLINDRICAL_SURFACE('',#1354,1.5);
#1354 = AXIS2_PLACEMENT_3D('',#1355,#1356,#1357);
#1355 = CARTESIAN_POINT('',(226.8309670724,-11.,368.77829848556));
#1356 = DIRECTION('',(0.,1.,0.));
#1357 = DIRECTION('',(0.707106781187,0.,0.707106781187));
#1358 = ADVANCED_FACE('',(#1359),#1362,.T.);
#1359 = FACE_BOUND('',#1360,.F.);
#1360 = EDGE_LOOP('',(#1361));
#1361 = ORIENTED_EDGE('',*,*,#1347,.F.);
#1362 = PLANE('',#1363);
#1363 = AXIS2_PLACEMENT_3D('',#1364,#1365,#1366);
#1364 = CARTESIAN_POINT('',(226.8309670724,-11.,368.77829848556));
#1365 = DIRECTION('',(0.,1.,0.));
#1366 = DIRECTION('',(0.707106781187,0.,0.707106781187));
#1367 = ADVANCED_FACE('',(#1368),#1389,.F.);
#1368 = FACE_BOUND('',#1369,.F.);
#1369 = EDGE_LOOP('',(#1370,#1378,#1379,#1380,#1381,#1382));
#1370 = ORIENTED_EDGE('',*,*,#1371,.T.);
#1371 = EDGE_CURVE('',#1372,#972,#1374,.T.);
#1372 = VERTEX_POINT('',#1373);
#1373 = CARTESIAN_POINT('',(203.65948797485,-11.,378.25343035851));
#1374 = LINE('',#1375,#1376);
#1375 = CARTESIAN_POINT('',(203.65948797485,-11.,378.25343035851));
#1376 = VECTOR('',#1377,1.);
#1377 = DIRECTION('',(0.,1.,0.));
#1378 = ORIENTED_EDGE('',*,*,#969,.F.);
#1379 = ORIENTED_EDGE('',*,*,#980,.F.);
#1380 = ORIENTED_EDGE('',*,*,#989,.F.);
#1381 = ORIENTED_EDGE('',*,*,#1371,.F.);
#1382 = ORIENTED_EDGE('',*,*,#1383,.T.);
#1383 = EDGE_CURVE('',#1372,#1372,#1384,.T.);
#1384 = CIRCLE('',#1385,1.5);
#1385 = AXIS2_PLACEMENT_3D('',#1386,#1387,#1388);
#1386 = CARTESIAN_POINT('',(202.59882780307,-11.,377.19277018673));
#1387 = DIRECTION('',(-0.,1.,0.));
#1388 = DIRECTION('',(0.707106781187,0.,0.707106781187));
#1389 = CYLINDRICAL_SURFACE('',#1390,1.5);
#1390 = AXIS2_PLACEMENT_3D('',#1391,#1392,#1393);
#1391 = CARTESIAN_POINT('',(202.59882780307,-11.,377.19277018673));
#1392 = DIRECTION('',(0.,1.,0.));
#1393 = DIRECTION('',(0.707106781187,0.,0.707106781187));
#1394 = ADVANCED_FACE('',(#1395),#1398,.T.);
#1395 = FACE_BOUND('',#1396,.F.);
#1396 = EDGE_LOOP('',(#1397));
#1397 = ORIENTED_EDGE('',*,*,#1383,.F.);
#1398 = PLANE('',#1399);
#1399 = AXIS2_PLACEMENT_3D('',#1400,#1401,#1402);
#1400 = CARTESIAN_POINT('',(202.59882780307,-11.,377.19277018673));
#1401 = DIRECTION('',(0.,1.,0.));
#1402 = DIRECTION('',(0.707106781187,0.,0.707106781187));
#1403 = ADVANCED_FACE('',(#1404),#1422,.T.);
#1404 = FACE_BOUND('',#1405,.T.);
#1405 = EDGE_LOOP('',(#1406,#1407,#1413,#1414,#1415,#1421));
#1406 = ORIENTED_EDGE('',*,*,#253,.T.);
#1407 = ORIENTED_EDGE('',*,*,#1408,.T.);
#1408 = EDGE_CURVE('',#245,#639,#1409,.T.);
#1409 = LINE('',#1410,#1411);
#1410 = CARTESIAN_POINT('',(256.82794472249,-28.,428.01622252692));
#1411 = VECTOR('',#1412,1.);
#1412 = DIRECTION('',(0.,1.,0.));
#1413 = ORIENTED_EDGE('',*,*,#638,.F.);
#1414 = ORIENTED_EDGE('',*,*,#627,.F.);
#1415 = ORIENTED_EDGE('',*,*,#1416,.F.);
#1416 = EDGE_CURVE('',#64,#628,#1417,.T.);
#1417 = LINE('',#1418,#1419);
#1418 = CARTESIAN_POINT('',(241.36766032814,-28.,440.60253360369));
#1419 = VECTOR('',#1420,1.);
#1420 = DIRECTION('',(0.,1.,0.));
#1421 = ORIENTED_EDGE('',*,*,#63,.T.);
#1422 = CYLINDRICAL_SURFACE('',#1423,37.5);
#1423 = AXIS2_PLACEMENT_3D('',#1424,#1425,#1426);
#1424 = CARTESIAN_POINT('',(226.27416997969,-28.,406.27416997969));
#1425 = DIRECTION('',(0.,1.,0.));
#1426 = DIRECTION('',(0.707106781187,0.,0.707106781187));
#1427 = ADVANCED_FACE('',(#1428),#1436,.T.);
#1428 = FACE_BOUND('',#1429,.T.);
#1429 = EDGE_LOOP('',(#1430,#1431,#1432,#1433,#1434,#1435));
#1430 = ORIENTED_EDGE('',*,*,#708,.F.);
#1431 = ORIENTED_EDGE('',*,*,#21,.F.);
#1432 = ORIENTED_EDGE('',*,*,#83,.T.);
#1433 = ORIENTED_EDGE('',*,*,#74,.T.);
#1434 = ORIENTED_EDGE('',*,*,#1416,.T.);
#1435 = ORIENTED_EDGE('',*,*,#717,.F.);
#1436 = CYLINDRICAL_SURFACE('',#1437,3.);
#1437 = AXIS2_PLACEMENT_3D('',#1438,#1439,#1440);
#1438 = CARTESIAN_POINT('',(238.57528945899,-28.,441.6991944123));
#1439 = DIRECTION('',(0.,1.,0.));
#1440 = DIRECTION('',(0.707106781187,0.,0.707106781187));
#1441 = ADVANCED_FACE('',(#1442),#1450,.T.);
#1442 = FACE_BOUND('',#1443,.T.);
#1443 = EDGE_LOOP('',(#1444,#1445,#1446,#1447,#1448,#1449));
#1444 = ORIENTED_EDGE('',*,*,#235,.T.);
#1445 = ORIENTED_EDGE('',*,*,#572,.T.);
#1446 = ORIENTED_EDGE('',*,*,#656,.F.);
#1447 = ORIENTED_EDGE('',*,*,#647,.F.);
#1448 = ORIENTED_EDGE('',*,*,#1408,.F.);
#1449 = ORIENTED_EDGE('',*,*,#244,.T.);
#1450 = CYLINDRICAL_SURFACE('',#1451,3.);
#1451 = AXIS2_PLACEMENT_3D('',#1452,#1453,#1454);
#1452 = CARTESIAN_POINT('',(258.46814068635,-28.,425.50429951852));
#1453 = DIRECTION('',(0.,1.,0.));
#1454 = DIRECTION('',(0.707106781187,0.,0.707106781187));
#1455 = ADVANCED_FACE('',(#1456),#1464,.T.);
#1456 = FACE_BOUND('',#1457,.T.);
#1457 = EDGE_LOOP('',(#1458,#1459,#1460,#1461,#1462,#1463));
#1458 = ORIENTED_EDGE('',*,*,#691,.F.);
#1459 = ORIENTED_EDGE('',*,*,#279,.F.);
#1460 = ORIENTED_EDGE('',*,*,#100,.T.);
#1461 = ORIENTED_EDGE('',*,*,#91,.T.);
#1462 = ORIENTED_EDGE('',*,*,#40,.T.);
#1463 = ORIENTED_EDGE('',*,*,#700,.F.);
#1464 = CYLINDRICAL_SURFACE('',#1465,3.);
#1465 = AXIS2_PLACEMENT_3D('',#1466,#1467,#1468);
#1466 = CARTESIAN_POINT('',(212.92661024598,-28.,441.31832548675));
#1467 = DIRECTION('',(0.,1.,0.));
#1468 = DIRECTION('',(0.707106781187,0.,0.707106781187));
#1469 = ADVANCED_FACE('',(#1470),#1478,.T.);
#1470 = FACE_BOUND('',#1471,.T.);
#1471 = EDGE_LOOP('',(#1472,#1473,#1474,#1475,#1476,#1477));
#1472 = ORIENTED_EDGE('',*,*,#664,.F.);
#1473 = ORIENTED_EDGE('',*,*,#579,.F.);
#1474 = ORIENTED_EDGE('',*,*,#217,.T.);
#1475 = ORIENTED_EDGE('',*,*,#208,.T.);
#1476 = ORIENTED_EDGE('',*,*,#545,.T.);
#1477 = ORIENTED_EDGE('',*,*,#673,.F.);
#1478 = CYLINDRICAL_SURFACE('',#1479,3.);
#1479 = AXIS2_PLACEMENT_3D('',#1480,#1481,#1482);
#1480 = CARTESIAN_POINT('',(263.29707896109,-28.,400.31142133666));
#1481 = DIRECTION('',(0.,1.,0.));
#1482 = DIRECTION('',(0.707106781187,0.,0.707106781187));
#1483 = MANIFOLD_SOLID_BREP('',#1484);
#1484 = CLOSED_SHELL('',(#1485,#1518,#1604,#1624,#1649,#1674,#1699,#1724
    ,#1749,#1766,#1791,#1800,#1809,#1818,#1827,#1836));
#1485 = ADVANCED_FACE('',(#1486),#1513,.T.);
#1486 = FACE_BOUND('',#1487,.T.);
#1487 = EDGE_LOOP('',(#1488,#1497,#1505,#1512));
#1488 = ORIENTED_EDGE('',*,*,#1489,.F.);
#1489 = EDGE_CURVE('',#1490,#1490,#1492,.T.);
#1490 = VERTEX_POINT('',#1491);
#1491 = CARTESIAN_POINT('',(220.80184768648,-8.881784197001E-16,
    421.30925191227));
#1492 = CIRCLE('',#1493,16.);
#1493 = AXIS2_PLACEMENT_3D('',#1494,#1495,#1496);
#1494 = CARTESIAN_POINT('',(226.27416997969,0.,406.27416997969));
#1495 = DIRECTION('',(-1.898593190029E-17,1.,5.216341918334E-17));
#1496 = DIRECTION('',(-0.342020143326,-5.551115123126E-17,0.939692620786
    ));
#1497 = ORIENTED_EDGE('',*,*,#1498,.F.);
#1498 = EDGE_CURVE('',#1499,#1490,#1501,.T.);
#1499 = VERTEX_POINT('',#1500);
#1500 = CARTESIAN_POINT('',(220.80184768648,-8.,421.30925191227));
#1501 = LINE('',#1502,#1503);
#1502 = CARTESIAN_POINT('',(220.80184768648,-8.,421.30925191227));
#1503 = VECTOR('',#1504,1.);
#1504 = DIRECTION('',(-1.898593190029E-17,1.,5.216341918334E-17));
#1505 = ORIENTED_EDGE('',*,*,#1506,.T.);
#1506 = EDGE_CURVE('',#1499,#1499,#1507,.T.);
#1507 = CIRCLE('',#1508,16.);
#1508 = AXIS2_PLACEMENT_3D('',#1509,#1510,#1511);
#1509 = CARTESIAN_POINT('',(226.27416997969,-8.,406.27416997969));
#1510 = DIRECTION('',(-1.898593190029E-17,1.,5.216341918334E-17));
#1511 = DIRECTION('',(-0.342020143326,-5.551115123126E-17,0.939692620786
    ));
#1512 = ORIENTED_EDGE('',*,*,#1498,.T.);
#1513 = CYLINDRICAL_SURFACE('',#1514,16.);
#1514 = AXIS2_PLACEMENT_3D('',#1515,#1516,#1517);
#1515 = CARTESIAN_POINT('',(226.27416997969,-8.,406.27416997969));
#1516 = DIRECTION('',(-1.898593190029E-17,1.,5.216341918334E-17));
#1517 = DIRECTION('',(-0.342020143326,-5.551115123126E-17,0.939692620786
    ));
#1518 = ADVANCED_FACE('',(#1519,#1522,#1533,#1544,#1555,#1566,#1577,
    #1588),#1599,.T.);
#1519 = FACE_BOUND('',#1520,.T.);
#1520 = EDGE_LOOP('',(#1521));
#1521 = ORIENTED_EDGE('',*,*,#1489,.T.);
#1522 = FACE_BOUND('',#1523,.T.);
#1523 = EDGE_LOOP('',(#1524));
#1524 = ORIENTED_EDGE('',*,*,#1525,.F.);
#1525 = EDGE_CURVE('',#1526,#1526,#1528,.T.);
#1526 = VERTEX_POINT('',#1527);
#1527 = CARTESIAN_POINT('',(220.47349593287,3.580413743265E-16,
    397.29905707327));
#1528 = CIRCLE('',#1529,2.);
#1529 = AXIS2_PLACEMENT_3D('',#1530,#1531,#1532);
#1530 = CARTESIAN_POINT('',(221.15753621952,4.69063676789E-16,
    395.4196718317));
#1531 = DIRECTION('',(-1.898593190029E-17,1.,5.216341918334E-17));
#1532 = DIRECTION('',(-0.342020143326,-5.551115123126E-17,0.939692620786
    ));
#1533 = FACE_BOUND('',#1534,.T.);
#1534 = EDGE_LOOP('',(#1535));
#1535 = ORIENTED_EDGE('',*,*,#1536,.F.);
#1536 = EDGE_CURVE('',#1537,#1537,#1539,.T.);
#1537 = VERTEX_POINT('',#1538);
#1538 = CARTESIAN_POINT('',(213.63154216459,-2.861061387804E-16,
    407.15743393676));
#1539 = CIRCLE('',#1540,2.);
#1540 = AXIS2_PLACEMENT_3D('',#1541,#1542,#1543);
#1541 = CARTESIAN_POINT('',(214.31558245124,-1.750838363179E-16,
    405.27804869519));
#1542 = DIRECTION('',(-1.898593190029E-17,1.,5.216341918334E-17));
#1543 = DIRECTION('',(-0.342020143326,-5.551115123126E-17,0.939692620786
    ));
#1544 = FACE_BOUND('',#1545,.T.);
#1545 = EDGE_LOOP('',(#1546));
#1546 = ORIENTED_EDGE('',*,*,#1547,.F.);
#1547 = EDGE_CURVE('',#1548,#1548,#1550,.T.);
#1548 = VERTEX_POINT('',#1549);
#1549 = CARTESIAN_POINT('',(218.74817592476,-7.551698155694E-16,
    418.01193208475));
#1550 = CIRCLE('',#1551,2.);
#1551 = AXIS2_PLACEMENT_3D('',#1552,#1553,#1554);
#1552 = CARTESIAN_POINT('',(219.43221621141,-6.441475131069E-16,
    416.13254684318));
#1553 = DIRECTION('',(-1.898593190029E-17,1.,5.216341918334E-17));
#1554 = DIRECTION('',(-0.342020143326,-5.551115123126E-17,0.939692620786
    ));
#1555 = FACE_BOUND('',#1556,.T.);
#1556 = EDGE_LOOP('',(#1557));
#1557 = ORIENTED_EDGE('',*,*,#1558,.F.);
#1558 = EDGE_CURVE('',#1559,#1559,#1561,.T.);
#1559 = VERTEX_POINT('',#1560);
#1560 = CARTESIAN_POINT('',(232.43208346132,5.331252106444E-16,
    398.29517835777));
#1561 = CIRCLE('',#1562,2.);
#1562 = AXIS2_PLACEMENT_3D('',#1563,#1564,#1565);
#1563 = CARTESIAN_POINT('',(233.11612374797,6.441475131069E-16,
    396.4157931162));
#1564 = DIRECTION('',(-1.898593190029E-17,1.,5.216341918334E-17));
#1565 = DIRECTION('',(-0.342020143326,-5.551115123126E-17,0.939692620786
    ));
#1566 = FACE_BOUND('',#1567,.T.);
#1567 = EDGE_LOOP('',(#1568));
#1568 = ORIENTED_EDGE('',*,*,#1569,.F.);
#1569 = EDGE_CURVE('',#1570,#1570,#1572,.T.);
#1570 = VERTEX_POINT('',#1571);
#1571 = CARTESIAN_POINT('',(237.54871722149,6.406153385541E-17,
    409.14967650576));
#1572 = CIRCLE('',#1573,2.);
#1573 = AXIS2_PLACEMENT_3D('',#1574,#1575,#1576);
#1574 = CARTESIAN_POINT('',(238.23275750814,1.750838363179E-16,
    407.27029126419));
#1575 = DIRECTION('',(-1.898593190029E-17,1.,5.216341918334E-17));
#1576 = DIRECTION('',(-0.342020143326,-5.551115123126E-17,0.939692620786
    ));
#1577 = FACE_BOUND('',#1578,.T.);
#1578 = EDGE_LOOP('',(#1579));
#1579 = ORIENTED_EDGE('',*,*,#1580,.F.);
#1580 = EDGE_CURVE('',#1581,#1581,#1583,.T.);
#1581 = VERTEX_POINT('',#1582);
#1582 = CARTESIAN_POINT('',(224.56406926306,-2.775557561563E-16,
    410.97263308362));
#1583 = CIRCLE('',#1584,5.);
#1584 = AXIS2_PLACEMENT_3D('',#1585,#1586,#1587);
#1585 = CARTESIAN_POINT('',(226.27416997969,0.,406.27416997969));
#1586 = DIRECTION('',(-1.898593190029E-17,1.,5.216341918334E-17));
#1587 = DIRECTION('',(-0.342020143326,-5.551115123126E-17,0.939692620786
    ));
#1588 = FACE_BOUND('',#1589,.T.);
#1589 = EDGE_LOOP('',(#1590));
#1590 = ORIENTED_EDGE('',*,*,#1591,.F.);
#1591 = EDGE_CURVE('',#1592,#1592,#1594,.T.);
#1592 = VERTEX_POINT('',#1593);
#1593 = CARTESIAN_POINT('',(230.70675405628,-5.800859792515E-16,
    419.00804994905));
#1594 = CIRCLE('',#1595,2.);
#1595 = AXIS2_PLACEMENT_3D('',#1596,#1597,#1598);
#1596 = CARTESIAN_POINT('',(231.39079434294,-4.69063676789E-16,
    417.12866470748));
#1597 = DIRECTION('',(-1.898593190029E-17,1.,5.216341918334E-17));
#1598 = DIRECTION('',(-0.342020143326,-5.551115123126E-17,0.939692620786
    ));
#1599 = PLANE('',#1600);
#1600 = AXIS2_PLACEMENT_3D('',#1601,#1602,#1603);
#1601 = CARTESIAN_POINT('',(226.27416997969,0.,406.27416997969));
#1602 = DIRECTION('',(-1.898593190029E-17,1.,5.216341918334E-17));
#1603 = DIRECTION('',(-0.342020143326,-5.551115123126E-17,0.939692620786
    ));
#1604 = ADVANCED_FACE('',(#1605,#1608),#1619,.F.);
#1605 = FACE_BOUND('',#1606,.F.);
#1606 = EDGE_LOOP('',(#1607));
#1607 = ORIENTED_EDGE('',*,*,#1506,.T.);
#1608 = FACE_BOUND('',#1609,.F.);
#1609 = EDGE_LOOP('',(#1610));
#1610 = ORIENTED_EDGE('',*,*,#1611,.F.);
#1611 = EDGE_CURVE('',#1612,#1612,#1614,.T.);
#1612 = VERTEX_POINT('',#1613);
#1613 = CARTESIAN_POINT('',(224.56406926306,-8.,410.97263308362));
#1614 = CIRCLE('',#1615,5.);
#1615 = AXIS2_PLACEMENT_3D('',#1616,#1617,#1618);
#1616 = CARTESIAN_POINT('',(226.27416997969,-8.,406.27416997969));
#1617 = DIRECTION('',(-1.898593190029E-17,1.,5.216341918334E-17));
#1618 = DIRECTION('',(-0.342020143326,-5.551115123126E-17,0.939692620786
    ));
#1619 = PLANE('',#1620);
#1620 = AXIS2_PLACEMENT_3D('',#1621,#1622,#1623);
#1621 = CARTESIAN_POINT('',(226.27416997969,-8.,406.27416997969));
#1622 = DIRECTION('',(-1.898593190029E-17,1.,5.216341918334E-17));
#1623 = DIRECTION('',(-0.342020143326,-5.551115123126E-17,0.939692620786
    ));
#1624 = ADVANCED_FACE('',(#1625),#1644,.F.);
#1625 = FACE_BOUND('',#1626,.F.);
#1626 = EDGE_LOOP('',(#1627,#1628,#1636,#1643));
#1627 = ORIENTED_EDGE('',*,*,#1525,.F.);
#1628 = ORIENTED_EDGE('',*,*,#1629,.F.);
#1629 = EDGE_CURVE('',#1630,#1526,#1632,.T.);
#1630 = VERTEX_POINT('',#1631);
#1631 = CARTESIAN_POINT('',(220.47349593287,-6.,397.29905707327));
#1632 = LINE('',#1633,#1634);
#1633 = CARTESIAN_POINT('',(220.47349593287,-6.,397.29905707327));
#1634 = VECTOR('',#1635,1.);
#1635 = DIRECTION('',(-1.898593190029E-17,1.,5.216341918334E-17));
#1636 = ORIENTED_EDGE('',*,*,#1637,.T.);
#1637 = EDGE_CURVE('',#1630,#1630,#1638,.T.);
#1638 = CIRCLE('',#1639,2.);
#1639 = AXIS2_PLACEMENT_3D('',#1640,#1641,#1642);
#1640 = CARTESIAN_POINT('',(221.15753621952,-6.,395.4196718317));
#1641 = DIRECTION('',(-1.898593190029E-17,1.,5.216341918334E-17));
#1642 = DIRECTION('',(-0.342020143326,-5.551115123126E-17,0.939692620786
    ));
#1643 = ORIENTED_EDGE('',*,*,#1629,.T.);
#1644 = CYLINDRICAL_SURFACE('',#1645,2.);
#1645 = AXIS2_PLACEMENT_3D('',#1646,#1647,#1648);
#1646 = CARTESIAN_POINT('',(221.15753621952,-6.,395.4196718317));
#1647 = DIRECTION('',(-1.898593190029E-17,1.,5.216341918334E-17));
#1648 = DIRECTION('',(-0.342020143326,-5.551115123126E-17,0.939692620786
    ));
#1649 = ADVANCED_FACE('',(#1650),#1669,.F.);
#1650 = FACE_BOUND('',#1651,.F.);
#1651 = EDGE_LOOP('',(#1652,#1653,#1661,#1668));
#1652 = ORIENTED_EDGE('',*,*,#1536,.F.);
#1653 = ORIENTED_EDGE('',*,*,#1654,.F.);
#1654 = EDGE_CURVE('',#1655,#1537,#1657,.T.);
#1655 = VERTEX_POINT('',#1656);
#1656 = CARTESIAN_POINT('',(213.63154216459,-6.,407.15743393676));
#1657 = LINE('',#1658,#1659);
#1658 = CARTESIAN_POINT('',(213.63154216459,-6.,407.15743393676));
#1659 = VECTOR('',#1660,1.);
#1660 = DIRECTION('',(-1.898593190029E-17,1.,5.216341918334E-17));
#1661 = ORIENTED_EDGE('',*,*,#1662,.T.);
#1662 = EDGE_CURVE('',#1655,#1655,#1663,.T.);
#1663 = CIRCLE('',#1664,2.);
#1664 = AXIS2_PLACEMENT_3D('',#1665,#1666,#1667);
#1665 = CARTESIAN_POINT('',(214.31558245124,-6.,405.27804869519));
#1666 = DIRECTION('',(-1.898593190029E-17,1.,5.216341918334E-17));
#1667 = DIRECTION('',(-0.342020143326,-5.551115123126E-17,0.939692620786
    ));
#1668 = ORIENTED_EDGE('',*,*,#1654,.T.);
#1669 = CYLINDRICAL_SURFACE('',#1670,2.);
#1670 = AXIS2_PLACEMENT_3D('',#1671,#1672,#1673);
#1671 = CARTESIAN_POINT('',(214.31558245124,-6.,405.27804869519));
#1672 = DIRECTION('',(-1.898593190029E-17,1.,5.216341918334E-17));
#1673 = DIRECTION('',(-0.342020143326,-5.551115123126E-17,0.939692620786
    ));
#1674 = ADVANCED_FACE('',(#1675),#1694,.F.);
#1675 = FACE_BOUND('',#1676,.F.);
#1676 = EDGE_LOOP('',(#1677,#1678,#1686,#1693));
#1677 = ORIENTED_EDGE('',*,*,#1547,.F.);
#1678 = ORIENTED_EDGE('',*,*,#1679,.F.);
#1679 = EDGE_CURVE('',#1680,#1548,#1682,.T.);
#1680 = VERTEX_POINT('',#1681);
#1681 = CARTESIAN_POINT('',(218.74817592476,-6.,418.01193208475));
#1682 = LINE('',#1683,#1684);
#1683 = CARTESIAN_POINT('',(218.74817592476,-6.,418.01193208475));
#1684 = VECTOR('',#1685,1.);
#1685 = DIRECTION('',(-1.898593190029E-17,1.,5.216341918334E-17));
#1686 = ORIENTED_EDGE('',*,*,#1687,.T.);
#1687 = EDGE_CURVE('',#1680,#1680,#1688,.T.);
#1688 = CIRCLE('',#1689,2.);
#1689 = AXIS2_PLACEMENT_3D('',#1690,#1691,#1692);
#1690 = CARTESIAN_POINT('',(219.43221621141,-6.,416.13254684318));
#1691 = DIRECTION('',(-1.898593190029E-17,1.,5.216341918334E-17));
#1692 = DIRECTION('',(-0.342020143326,-5.551115123126E-17,0.939692620786
    ));
#1693 = ORIENTED_EDGE('',*,*,#1679,.T.);
#1694 = CYLINDRICAL_SURFACE('',#1695,2.);
#1695 = AXIS2_PLACEMENT_3D('',#1696,#1697,#1698);
#1696 = CARTESIAN_POINT('',(219.43221621141,-6.,416.13254684318));
#1697 = DIRECTION('',(-1.898593190029E-17,1.,5.216341918334E-17));
#1698 = DIRECTION('',(-0.342020143326,-5.551115123126E-17,0.939692620786
    ));
#1699 = ADVANCED_FACE('',(#1700),#1719,.F.);
#1700 = FACE_BOUND('',#1701,.F.);
#1701 = EDGE_LOOP('',(#1702,#1703,#1711,#1718));
#1702 = ORIENTED_EDGE('',*,*,#1558,.F.);
#1703 = ORIENTED_EDGE('',*,*,#1704,.F.);
#1704 = EDGE_CURVE('',#1705,#1559,#1707,.T.);
#1705 = VERTEX_POINT('',#1706);
#1706 = CARTESIAN_POINT('',(232.43208346132,-6.,398.29517835777));
#1707 = LINE('',#1708,#1709);
#1708 = CARTESIAN_POINT('',(232.43208346132,-6.,398.29517835777));
#1709 = VECTOR('',#1710,1.);
#1710 = DIRECTION('',(-1.898593190029E-17,1.,5.216341918334E-17));
#1711 = ORIENTED_EDGE('',*,*,#1712,.T.);
#1712 = EDGE_CURVE('',#1705,#1705,#1713,.T.);
#1713 = CIRCLE('',#1714,2.);
#1714 = AXIS2_PLACEMENT_3D('',#1715,#1716,#1717);
#1715 = CARTESIAN_POINT('',(233.11612374797,-6.,396.4157931162));
#1716 = DIRECTION('',(-1.898593190029E-17,1.,5.216341918334E-17));
#1717 = DIRECTION('',(-0.342020143326,-5.551115123126E-17,0.939692620786
    ));
#1718 = ORIENTED_EDGE('',*,*,#1704,.T.);
#1719 = CYLINDRICAL_SURFACE('',#1720,2.);
#1720 = AXIS2_PLACEMENT_3D('',#1721,#1722,#1723);
#1721 = CARTESIAN_POINT('',(233.11612374797,-6.,396.4157931162));
#1722 = DIRECTION('',(-1.898593190029E-17,1.,5.216341918334E-17));
#1723 = DIRECTION('',(-0.342020143326,-5.551115123126E-17,0.939692620786
    ));
#1724 = ADVANCED_FACE('',(#1725),#1744,.F.);
#1725 = FACE_BOUND('',#1726,.F.);
#1726 = EDGE_LOOP('',(#1727,#1728,#1736,#1743));
#1727 = ORIENTED_EDGE('',*,*,#1569,.F.);
#1728 = ORIENTED_EDGE('',*,*,#1729,.F.);
#1729 = EDGE_CURVE('',#1730,#1570,#1732,.T.);
#1730 = VERTEX_POINT('',#1731);
#1731 = CARTESIAN_POINT('',(237.54871722149,-6.,409.14967650576));
#1732 = LINE('',#1733,#1734);
#1733 = CARTESIAN_POINT('',(237.54871722149,-6.,409.14967650576));
#1734 = VECTOR('',#1735,1.);
#1735 = DIRECTION('',(-1.898593190029E-17,1.,5.216341918334E-17));
#1736 = ORIENTED_EDGE('',*,*,#1737,.T.);
#1737 = EDGE_CURVE('',#1730,#1730,#1738,.T.);
#1738 = CIRCLE('',#1739,2.);
#1739 = AXIS2_PLACEMENT_3D('',#1740,#1741,#1742);
#1740 = CARTESIAN_POINT('',(238.23275750814,-6.,407.27029126419));
#1741 = DIRECTION('',(-1.898593190029E-17,1.,5.216341918334E-17));
#1742 = DIRECTION('',(-0.342020143326,-5.551115123126E-17,0.939692620786
    ));
#1743 = ORIENTED_EDGE('',*,*,#1729,.T.);
#1744 = CYLINDRICAL_SURFACE('',#1745,2.);
#1745 = AXIS2_PLACEMENT_3D('',#1746,#1747,#1748);
#1746 = CARTESIAN_POINT('',(238.23275750814,-6.,407.27029126419));
#1747 = DIRECTION('',(-1.898593190029E-17,1.,5.216341918334E-17));
#1748 = DIRECTION('',(-0.342020143326,-5.551115123126E-17,0.939692620786
    ));
#1749 = ADVANCED_FACE('',(#1750),#1761,.F.);
#1750 = FACE_BOUND('',#1751,.F.);
#1751 = EDGE_LOOP('',(#1752,#1753,#1759,#1760));
#1752 = ORIENTED_EDGE('',*,*,#1580,.F.);
#1753 = ORIENTED_EDGE('',*,*,#1754,.F.);
#1754 = EDGE_CURVE('',#1612,#1581,#1755,.T.);
#1755 = LINE('',#1756,#1757);
#1756 = CARTESIAN_POINT('',(224.56406926306,-8.,410.97263308362));
#1757 = VECTOR('',#1758,1.);
#1758 = DIRECTION('',(-1.898593190029E-17,1.,5.216341918334E-17));
#1759 = ORIENTED_EDGE('',*,*,#1611,.T.);
#1760 = ORIENTED_EDGE('',*,*,#1754,.T.);
#1761 = CYLINDRICAL_SURFACE('',#1762,5.);
#1762 = AXIS2_PLACEMENT_3D('',#1763,#1764,#1765);
#1763 = CARTESIAN_POINT('',(226.27416997969,-8.,406.27416997969));
#1764 = DIRECTION('',(-1.898593190029E-17,1.,5.216341918334E-17));
#1765 = DIRECTION('',(-0.342020143326,-5.551115123126E-17,0.939692620786
    ));
#1766 = ADVANCED_FACE('',(#1767),#1786,.F.);
#1767 = FACE_BOUND('',#1768,.F.);
#1768 = EDGE_LOOP('',(#1769,#1770,#1778,#1785));
#1769 = ORIENTED_EDGE('',*,*,#1591,.F.);
#1770 = ORIENTED_EDGE('',*,*,#1771,.F.);
#1771 = EDGE_CURVE('',#1772,#1592,#1774,.T.);
#1772 = VERTEX_POINT('',#1773);
#1773 = CARTESIAN_POINT('',(230.70675405628,-6.,419.00804994905));
#1774 = LINE('',#1775,#1776);
#1775 = CARTESIAN_POINT('',(230.70675405628,-6.,419.00804994905));
#1776 = VECTOR('',#1777,1.);
#1777 = DIRECTION('',(-1.898593190029E-17,1.,5.216341918334E-17));
#1778 = ORIENTED_EDGE('',*,*,#1779,.T.);
#1779 = EDGE_CURVE('',#1772,#1772,#1780,.T.);
#1780 = CIRCLE('',#1781,2.);
#1781 = AXIS2_PLACEMENT_3D('',#1782,#1783,#1784);
#1782 = CARTESIAN_POINT('',(231.39079434294,-6.,417.12866470748));
#1783 = DIRECTION('',(-1.898593190029E-17,1.,5.216341918334E-17));
#1784 = DIRECTION('',(-0.342020143326,-5.551115123126E-17,0.939692620786
    ));
#1785 = ORIENTED_EDGE('',*,*,#1771,.T.);
#1786 = CYLINDRICAL_SURFACE('',#1787,2.);
#1787 = AXIS2_PLACEMENT_3D('',#1788,#1789,#1790);
#1788 = CARTESIAN_POINT('',(231.39079434294,-6.,417.12866470748));
#1789 = DIRECTION('',(-1.898593190029E-17,1.,5.216341918334E-17));
#1790 = DIRECTION('',(-0.342020143326,-5.551115123126E-17,0.939692620786
    ));
#1791 = ADVANCED_FACE('',(#1792),#1795,.T.);
#1792 = FACE_BOUND('',#1793,.F.);
#1793 = EDGE_LOOP('',(#1794));
#1794 = ORIENTED_EDGE('',*,*,#1637,.F.);
#1795 = PLANE('',#1796);
#1796 = AXIS2_PLACEMENT_3D('',#1797,#1798,#1799);
#1797 = CARTESIAN_POINT('',(221.15753621952,-6.,395.4196718317));
#1798 = DIRECTION('',(-1.898593190029E-17,1.,5.216341918334E-17));
#1799 = DIRECTION('',(-0.342020143326,-5.551115123126E-17,0.939692620786
    ));
#1800 = ADVANCED_FACE('',(#1801),#1804,.T.);
#1801 = FACE_BOUND('',#1802,.F.);
#1802 = EDGE_LOOP('',(#1803));
#1803 = ORIENTED_EDGE('',*,*,#1662,.F.);
#1804 = PLANE('',#1805);
#1805 = AXIS2_PLACEMENT_3D('',#1806,#1807,#1808);
#1806 = CARTESIAN_POINT('',(214.31558245124,-6.,405.27804869519));
#1807 = DIRECTION('',(-1.898593190029E-17,1.,5.216341918334E-17));
#1808 = DIRECTION('',(-0.342020143326,-5.551115123126E-17,0.939692620786
    ));
#1809 = ADVANCED_FACE('',(#1810),#1813,.T.);
#1810 = FACE_BOUND('',#1811,.F.);
#1811 = EDGE_LOOP('',(#1812));
#1812 = ORIENTED_EDGE('',*,*,#1687,.F.);
#1813 = PLANE('',#1814);
#1814 = AXIS2_PLACEMENT_3D('',#1815,#1816,#1817);
#1815 = CARTESIAN_POINT('',(219.43221621141,-6.,416.13254684318));
#1816 = DIRECTION('',(-1.898593190029E-17,1.,5.216341918334E-17));
#1817 = DIRECTION('',(-0.342020143326,-5.551115123126E-17,0.939692620786
    ));
#1818 = ADVANCED_FACE('',(#1819),#1822,.T.);
#1819 = FACE_BOUND('',#1820,.F.);
#1820 = EDGE_LOOP('',(#1821));
#1821 = ORIENTED_EDGE('',*,*,#1712,.F.);
#1822 = PLANE('',#1823);
#1823 = AXIS2_PLACEMENT_3D('',#1824,#1825,#1826);
#1824 = CARTESIAN_POINT('',(233.11612374797,-6.,396.4157931162));
#1825 = DIRECTION('',(-1.898593190029E-17,1.,5.216341918334E-17));
#1826 = DIRECTION('',(-0.342020143326,-5.551115123126E-17,0.939692620786
    ));
#1827 = ADVANCED_FACE('',(#1828),#1831,.T.);
#1828 = FACE_BOUND('',#1829,.F.);
#1829 = EDGE_LOOP('',(#1830));
#1830 = ORIENTED_EDGE('',*,*,#1737,.F.);
#1831 = PLANE('',#1832);
#1832 = AXIS2_PLACEMENT_3D('',#1833,#1834,#1835);
#1833 = CARTESIAN_POINT('',(238.23275750814,-6.,407.27029126419));
#1834 = DIRECTION('',(-1.898593190029E-17,1.,5.216341918334E-17));
#1835 = DIRECTION('',(-0.342020143326,-5.551115123126E-17,0.939692620786
    ));
#1836 = ADVANCED_FACE('',(#1837),#1840,.T.);
#1837 = FACE_BOUND('',#1838,.F.);
#1838 = EDGE_LOOP('',(#1839));
#1839 = ORIENTED_EDGE('',*,*,#1779,.F.);
#1840 = PLANE('',#1841);
#1841 = AXIS2_PLACEMENT_3D('',#1842,#1843,#1844);
#1842 = CARTESIAN_POINT('',(231.39079434294,-6.,417.12866470748));
#1843 = DIRECTION('',(-1.898593190029E-17,1.,5.216341918334E-17));
#1844 = DIRECTION('',(-0.342020143326,-5.551115123126E-17,0.939692620786
    ));
#1845 = MANIFOLD_SOLID_BREP('',#1846);
#1846 = CLOSED_SHELL('',(#1847,#1887,#1918,#1949,#2123,#2147,#2171,#2202
    ,#2233,#2257,#2281,#2315,#2385,#2402,#2427,#2452,#2477,#2502,#2527,
    #2600,#2614));
#1847 = ADVANCED_FACE('',(#1848),#1882,.F.);
#1848 = FACE_BOUND('',#1849,.F.);
#1849 = EDGE_LOOP('',(#1850,#1860,#1868,#1876));
#1850 = ORIENTED_EDGE('',*,*,#1851,.T.);
#1851 = EDGE_CURVE('',#1852,#1854,#1856,.T.);
#1852 = VERTEX_POINT('',#1853);
#1853 = CARTESIAN_POINT('',(26.870057685089,-48.,240.81118318204));
#1854 = VERTEX_POINT('',#1855);
#1855 = CARTESIAN_POINT('',(26.870057685089,-44.,240.81118318204));
#1856 = LINE('',#1857,#1858);
#1857 = CARTESIAN_POINT('',(26.870057685089,-48.,240.81118318204));
#1858 = VECTOR('',#1859,1.);
#1859 = DIRECTION('',(0.,1.,0.));
#1860 = ORIENTED_EDGE('',*,*,#1861,.T.);
#1861 = EDGE_CURVE('',#1854,#1862,#1864,.T.);
#1862 = VERTEX_POINT('',#1863);
#1863 = CARTESIAN_POINT('',(73.539105243401,-44.,321.42135623731));
#1864 = LINE('',#1865,#1866);
#1865 = CARTESIAN_POINT('',(26.870057685089,-44.,240.81118318204));
#1866 = VECTOR('',#1867,1.);
#1867 = DIRECTION('',(0.501036270542,0.,0.865426285481));
#1868 = ORIENTED_EDGE('',*,*,#1869,.F.);
#1869 = EDGE_CURVE('',#1870,#1862,#1872,.T.);
#1870 = VERTEX_POINT('',#1871);
#1871 = CARTESIAN_POINT('',(73.539105243401,-48.,321.42135623731));
#1872 = LINE('',#1873,#1874);
#1873 = CARTESIAN_POINT('',(73.539105243401,-48.,321.42135623731));
#1874 = VECTOR('',#1875,1.);
#1875 = DIRECTION('',(0.,1.,0.));
#1876 = ORIENTED_EDGE('',*,*,#1877,.F.);
#1877 = EDGE_CURVE('',#1852,#1870,#1878,.T.);
#1878 = LINE('',#1879,#1880);
#1879 = CARTESIAN_POINT('',(26.870057685089,-48.,240.81118318204));
#1880 = VECTOR('',#1881,1.);
#1881 = DIRECTION('',(0.501036270542,0.,0.865426285481));
#1882 = PLANE('',#1883);
#1883 = AXIS2_PLACEMENT_3D('',#1884,#1885,#1886);
#1884 = CARTESIAN_POINT('',(26.870057685089,-48.,240.81118318204));
#1885 = DIRECTION('',(0.865426285481,0.,-0.501036270542));
#1886 = DIRECTION('',(0.501036270542,0.,0.865426285481));
#1887 = ADVANCED_FACE('',(#1888),#1913,.F.);
#1888 = FACE_BOUND('',#1889,.F.);
#1889 = EDGE_LOOP('',(#1890,#1898,#1906,#1912));
#1890 = ORIENTED_EDGE('',*,*,#1891,.F.);
#1891 = EDGE_CURVE('',#1892,#1852,#1894,.T.);
#1892 = VERTEX_POINT('',#1893);
#1893 = CARTESIAN_POINT('',(28.284271247462,-48.,239.39696961967));
#1894 = LINE('',#1895,#1896);
#1895 = CARTESIAN_POINT('',(60.811183182043,-48.,206.87005768508));
#1896 = VECTOR('',#1897,1.);
#1897 = DIRECTION('',(-0.707106781187,0.,0.707106781187));
#1898 = ORIENTED_EDGE('',*,*,#1899,.F.);
#1899 = EDGE_CURVE('',#1900,#1892,#1902,.T.);
#1900 = VERTEX_POINT('',#1901);
#1901 = CARTESIAN_POINT('',(28.284271247462,-44.,239.39696961967));
#1902 = LINE('',#1903,#1904);
#1903 = CARTESIAN_POINT('',(28.284271247462,-29.66990291262,
    239.39696961967));
#1904 = VECTOR('',#1905,1.);
#1905 = DIRECTION('',(0.,-1.,0.));
#1906 = ORIENTED_EDGE('',*,*,#1907,.T.);
#1907 = EDGE_CURVE('',#1900,#1854,#1908,.T.);
#1908 = LINE('',#1909,#1910);
#1909 = CARTESIAN_POINT('',(60.811183182043,-44.,206.87005768508));
#1910 = VECTOR('',#1911,1.);
#1911 = DIRECTION('',(-0.707106781187,0.,0.707106781187));
#1912 = ORIENTED_EDGE('',*,*,#1851,.F.);
#1913 = PLANE('',#1914);
#1914 = AXIS2_PLACEMENT_3D('',#1915,#1916,#1917);
#1915 = CARTESIAN_POINT('',(60.811183182043,-48.,206.87005768508));
#1916 = DIRECTION('',(0.707106781187,0.,0.707106781187));
#1917 = DIRECTION('',(-0.707106781187,0.,0.707106781187));
#1918 = ADVANCED_FACE('',(#1919),#1944,.F.);
#1919 = FACE_BOUND('',#1920,.F.);
#1920 = EDGE_LOOP('',(#1921,#1922,#1930,#1938));
#1921 = ORIENTED_EDGE('',*,*,#1869,.T.);
#1922 = ORIENTED_EDGE('',*,*,#1923,.T.);
#1923 = EDGE_CURVE('',#1862,#1924,#1926,.T.);
#1924 = VERTEX_POINT('',#1925);
#1925 = CARTESIAN_POINT('',(154.14927829866,-44.,368.09040379562));
#1926 = LINE('',#1927,#1928);
#1927 = CARTESIAN_POINT('',(73.539105243401,-44.,321.42135623731));
#1928 = VECTOR('',#1929,1.);
#1929 = DIRECTION('',(0.865426285481,0.,0.501036270542));
#1930 = ORIENTED_EDGE('',*,*,#1931,.F.);
#1931 = EDGE_CURVE('',#1932,#1924,#1934,.T.);
#1932 = VERTEX_POINT('',#1933);
#1933 = CARTESIAN_POINT('',(154.14927829866,-48.,368.09040379562));
#1934 = LINE('',#1935,#1936);
#1935 = CARTESIAN_POINT('',(154.14927829866,-48.,368.09040379562));
#1936 = VECTOR('',#1937,1.);
#1937 = DIRECTION('',(0.,1.,0.));
#1938 = ORIENTED_EDGE('',*,*,#1939,.F.);
#1939 = EDGE_CURVE('',#1870,#1932,#1940,.T.);
#1940 = LINE('',#1941,#1942);
#1941 = CARTESIAN_POINT('',(73.539105243401,-48.,321.42135623731));
#1942 = VECTOR('',#1943,1.);
#1943 = DIRECTION('',(0.865426285481,0.,0.501036270542));
#1944 = PLANE('',#1945);
#1945 = AXIS2_PLACEMENT_3D('',#1946,#1947,#1948);
#1946 = CARTESIAN_POINT('',(73.539105243401,-48.,321.42135623731));
#1947 = DIRECTION('',(0.501036270542,0.,-0.865426285481));
#1948 = DIRECTION('',(0.865426285481,0.,0.501036270542));
#1949 = ADVANCED_FACE('',(#1950,#2063,#2074,#2085,#2096,#2107),#2118,.T.
  );
#1950 = FACE_BOUND('',#1951,.T.);
#1951 = EDGE_LOOP('',(#1952,#1960,#1961,#1962,#1963,#1971,#1980,#1989,
    #1998,#2007,#2015,#2023,#2031,#2040,#2049,#2057));
#1952 = ORIENTED_EDGE('',*,*,#1953,.F.);
#1953 = EDGE_CURVE('',#1900,#1954,#1956,.T.);
#1954 = VERTEX_POINT('',#1955);
#1955 = CARTESIAN_POINT('',(42.426406871193,-44.,253.5391052434));
#1956 = LINE('',#1957,#1958);
#1957 = CARTESIAN_POINT('',(64.024611091607,-44.,275.13730946381));
#1958 = VECTOR('',#1959,1.);
#1959 = DIRECTION('',(0.707106781187,0.,0.707106781187));
#1960 = ORIENTED_EDGE('',*,*,#1907,.T.);
#1961 = ORIENTED_EDGE('',*,*,#1861,.T.);
#1962 = ORIENTED_EDGE('',*,*,#1923,.T.);
#1963 = ORIENTED_EDGE('',*,*,#1964,.T.);
#1964 = EDGE_CURVE('',#1924,#1965,#1967,.T.);
#1965 = VERTEX_POINT('',#1966);
#1966 = CARTESIAN_POINT('',(176.68459437061,-44.,390.62571986757));
#1967 = LINE('',#1968,#1969);
#1968 = CARTESIAN_POINT('',(154.14927829866,-44.,368.09040379562));
#1969 = VECTOR('',#1970,1.);
#1970 = DIRECTION('',(0.707106781187,0.,0.707106781187));
#1971 = ORIENTED_EDGE('',*,*,#1972,.F.);
#1972 = EDGE_CURVE('',#1973,#1965,#1975,.T.);
#1973 = VERTEX_POINT('',#1974);
#1974 = CARTESIAN_POINT('',(201.9774519999,-44.,360.29950853003));
#1975 = CIRCLE('',#1976,52.);
#1976 = AXIS2_PLACEMENT_3D('',#1977,#1978,#1979);
#1977 = CARTESIAN_POINT('',(226.27416997969,-44.,406.27416997969));
#1978 = DIRECTION('',(0.,1.,-0.));
#1979 = DIRECTION('',(-0.707106781187,0.,0.707106781187));
#1980 = ORIENTED_EDGE('',*,*,#1981,.F.);
#1981 = EDGE_CURVE('',#1982,#1973,#1984,.T.);
#1982 = VERTEX_POINT('',#1983);
#1983 = CARTESIAN_POINT('',(201.73756467252,-44.,360.10009716821));
#1984 = CIRCLE('',#1985,1.7);
#1985 = AXIS2_PLACEMENT_3D('',#1986,#1987,#1988);
#1986 = CARTESIAN_POINT('',(202.93964620053,-44.,358.89801564019));
#1987 = DIRECTION('',(0.,1.,-0.));
#1988 = DIRECTION('',(-0.707106781187,0.,0.707106781187));
#1989 = ORIENTED_EDGE('',*,*,#1990,.F.);
#1990 = EDGE_CURVE('',#1991,#1982,#1993,.T.);
#1991 = VERTEX_POINT('',#1992);
#1992 = CARTESIAN_POINT('',(204.63718328211,-44.,358.98949162984));
#1993 = CIRCLE('',#1994,1.7);
#1994 = AXIS2_PLACEMENT_3D('',#1995,#1996,#1997);
#1995 = CARTESIAN_POINT('',(202.93964620053,-44.,358.89801564019));
#1996 = DIRECTION('',(0.,1.,-0.));
#1997 = DIRECTION('',(-0.707106781187,0.,0.707106781187));
#1998 = ORIENTED_EDGE('',*,*,#1999,.F.);
#1999 = EDGE_CURVE('',#2000,#1991,#2002,.T.);
#2000 = VERTEX_POINT('',#2001);
#2001 = CARTESIAN_POINT('',(210.62571986757,-44.,356.68459437061));
#2002 = CIRCLE('',#2003,52.);
#2003 = AXIS2_PLACEMENT_3D('',#2004,#2005,#2006);
#2004 = CARTESIAN_POINT('',(226.27416997969,-44.,406.27416997969));
#2005 = DIRECTION('',(0.,1.,-0.));
#2006 = DIRECTION('',(-0.707106781187,0.,0.707106781187));
#2007 = ORIENTED_EDGE('',*,*,#2008,.T.);
#2008 = EDGE_CURVE('',#2000,#2009,#2011,.T.);
#2009 = VERTEX_POINT('',#2010);
#2010 = CARTESIAN_POINT('',(188.09040379562,-44.,334.14927829866));
#2011 = LINE('',#2012,#2013);
#2012 = CARTESIAN_POINT('',(224.85995641732,-44.,370.91883092036));
#2013 = VECTOR('',#2014,1.);
#2014 = DIRECTION('',(-0.707106781187,0.,-0.707106781187));
#2015 = ORIENTED_EDGE('',*,*,#2016,.T.);
#2016 = EDGE_CURVE('',#2009,#2017,#2019,.T.);
#2017 = VERTEX_POINT('',#2018);
#2018 = CARTESIAN_POINT('',(107.48023074035,-44.,287.48023074035));
#2019 = LINE('',#2020,#2021);
#2020 = CARTESIAN_POINT('',(188.09040379562,-44.,334.14927829866));
#2021 = VECTOR('',#2022,1.);
#2022 = DIRECTION('',(-0.865426285481,0.,-0.501036270542));
#2023 = ORIENTED_EDGE('',*,*,#2024,.T.);
#2024 = EDGE_CURVE('',#2017,#2025,#2027,.T.);
#2025 = VERTEX_POINT('',#2026);
#2026 = CARTESIAN_POINT('',(76.091449927619,-44.,233.26324570017));
#2027 = LINE('',#2028,#2029);
#2028 = CARTESIAN_POINT('',(107.48023074035,-44.,287.48023074035));
#2029 = VECTOR('',#2030,1.);
#2030 = DIRECTION('',(-0.501036270542,0.,-0.865426285481));
#2031 = ORIENTED_EDGE('',*,*,#2032,.F.);
#2032 = EDGE_CURVE('',#2033,#2025,#2035,.T.);
#2033 = VERTEX_POINT('',#2034);
#2034 = CARTESIAN_POINT('',(74.458344058943,-44.,232.82087655463));
#2035 = CIRCLE('',#2036,1.7);
#2036 = AXIS2_PLACEMENT_3D('',#2037,#2038,#2039);
#2037 = CARTESIAN_POINT('',(75.660425586961,-44.,231.61879502661));
#2038 = DIRECTION('',(0.,1.,-0.));
#2039 = DIRECTION('',(-0.707106781187,0.,0.707106781187));
#2040 = ORIENTED_EDGE('',*,*,#2041,.F.);
#2041 = EDGE_CURVE('',#2042,#2033,#2044,.T.);
#2042 = VERTEX_POINT('',#2043);
#2043 = CARTESIAN_POINT('',(74.448943139266,-44.,230.42618852029));
#2044 = CIRCLE('',#2045,1.7);
#2045 = AXIS2_PLACEMENT_3D('',#2046,#2047,#2048);
#2046 = CARTESIAN_POINT('',(75.660425586961,-44.,231.61879502661));
#2047 = DIRECTION('',(0.,1.,-0.));
#2048 = DIRECTION('',(-0.707106781187,0.,0.707106781187));
#2049 = ORIENTED_EDGE('',*,*,#2050,.T.);
#2050 = EDGE_CURVE('',#2042,#2051,#2053,.T.);
#2051 = VERTEX_POINT('',#2052);
#2052 = CARTESIAN_POINT('',(71.182082639446,-44.,224.78342947514));
#2053 = LINE('',#2054,#2055);
#2054 = CARTESIAN_POINT('',(107.48023074035,-44.,287.48023074035));
#2055 = VECTOR('',#2056,1.);
#2056 = DIRECTION('',(-0.501036270542,0.,-0.865426285481));
#2057 = ORIENTED_EDGE('',*,*,#2058,.F.);
#2058 = EDGE_CURVE('',#1954,#2051,#2059,.T.);
#2059 = LINE('',#2060,#2061);
#2060 = CARTESIAN_POINT('',(55.222053006559,-44.,240.74345910803));
#2061 = VECTOR('',#2062,1.);
#2062 = DIRECTION('',(0.707106781187,0.,-0.707106781187));
#2063 = FACE_BOUND('',#2064,.T.);
#2064 = EDGE_LOOP('',(#2065));
#2065 = ORIENTED_EDGE('',*,*,#2066,.F.);
#2066 = EDGE_CURVE('',#2067,#2067,#2069,.T.);
#2067 = VERTEX_POINT('',#2068);
#2068 = CARTESIAN_POINT('',(47.588286373855,-44.,259.69093423972));
#2069 = CIRCLE('',#2070,1.7);
#2070 = AXIS2_PLACEMENT_3D('',#2071,#2072,#2073);
#2071 = CARTESIAN_POINT('',(48.790367901872,-44.,258.4888527117));
#2072 = DIRECTION('',(0.,1.,-0.));
#2073 = DIRECTION('',(-0.707106781187,0.,0.707106781187));
#2074 = FACE_BOUND('',#2075,.T.);
#2075 = EDGE_LOOP('',(#2076));
#2076 = ORIENTED_EDGE('',*,*,#2077,.F.);
#2077 = EDGE_CURVE('',#2078,#2078,#2080,.T.);
#2078 = VERTEX_POINT('',#2079);
#2079 = CARTESIAN_POINT('',(73.04413049657,-44.,319.08790385939));
#2080 = CIRCLE('',#2081,1.7);
#2081 = AXIS2_PLACEMENT_3D('',#2082,#2083,#2084);
#2082 = CARTESIAN_POINT('',(74.246212024587,-44.,317.88582233137));
#2083 = DIRECTION('',(0.,1.,-0.));
#2084 = DIRECTION('',(-0.707106781187,0.,0.707106781187));
#2085 = FACE_BOUND('',#2086,.T.);
#2086 = EDGE_LOOP('',(#2087));
#2087 = ORIENTED_EDGE('',*,*,#2088,.F.);
#2088 = EDGE_CURVE('',#2089,#2089,#2091,.T.);
#2089 = VERTEX_POINT('',#2090);
#2090 = CARTESIAN_POINT('',(161.43247814488,-44.,322.62343776532));
#2091 = CIRCLE('',#2092,1.7);
#2092 = AXIS2_PLACEMENT_3D('',#2093,#2094,#2095);
#2093 = CARTESIAN_POINT('',(162.6345596729,-44.,321.42135623731));
#2094 = DIRECTION('',(0.,1.,-0.));
#2095 = DIRECTION('',(-0.707106781187,0.,0.707106781187));
#2096 = FACE_BOUND('',#2097,.T.);
#2097 = EDGE_LOOP('',(#2098));
#2098 = ORIENTED_EDGE('',*,*,#2099,.F.);
#2099 = EDGE_CURVE('',#2100,#2100,#2102,.T.);
#2100 = VERTEX_POINT('',#2101);
#2101 = CARTESIAN_POINT('',(135.26952724098,-44.,348.78638866922));
#2102 = CIRCLE('',#2103,1.7);
#2103 = AXIS2_PLACEMENT_3D('',#2104,#2105,#2106);
#2104 = CARTESIAN_POINT('',(136.471608769,-44.,347.58430714121));
#2105 = DIRECTION('',(0.,1.,-0.));
#2106 = DIRECTION('',(-0.707106781187,0.,0.707106781187));
#2107 = FACE_BOUND('',#2108,.T.);
#2108 = EDGE_LOOP('',(#2109));
#2109 = ORIENTED_EDGE('',*,*,#2110,.F.);
#2110 = EDGE_CURVE('',#2111,#2111,#2113,.T.);
#2111 = VERTEX_POINT('',#2112);
#2112 = CARTESIAN_POINT('',(174.86750698743,-44.,386.9701548533));
#2113 = CIRCLE('',#2114,1.7);
#2114 = AXIS2_PLACEMENT_3D('',#2115,#2116,#2117);
#2115 = CARTESIAN_POINT('',(176.06958851545,-44.,385.76807332528));
#2116 = DIRECTION('',(0.,1.,-0.));
#2117 = DIRECTION('',(-0.707106781187,0.,0.707106781187));
#2118 = PLANE('',#2119);
#2119 = AXIS2_PLACEMENT_3D('',#2120,#2121,#2122);
#2120 = CARTESIAN_POINT('',(119.9396679603,-44.,310.98248016325));
#2121 = DIRECTION('',(0.,1.,0.));
#2122 = DIRECTION('',(-0.707106781187,0.,0.707106781187));
#2123 = ADVANCED_FACE('',(#2124),#2142,.F.);
#2124 = FACE_BOUND('',#2125,.F.);
#2125 = EDGE_LOOP('',(#2126,#2134,#2135,#2136));
#2126 = ORIENTED_EDGE('',*,*,#2127,.T.);
#2127 = EDGE_CURVE('',#2128,#1954,#2130,.T.);
#2128 = VERTEX_POINT('',#2129);
#2129 = CARTESIAN_POINT('',(42.426406871193,-48.,253.5391052434));
#2130 = LINE('',#2131,#2132);
#2131 = CARTESIAN_POINT('',(42.426406871193,-80.,253.5391052434));
#2132 = VECTOR('',#2133,1.);
#2133 = DIRECTION('',(-0.,1.,0.));
#2134 = ORIENTED_EDGE('',*,*,#1953,.F.);
#2135 = ORIENTED_EDGE('',*,*,#1899,.T.);
#2136 = ORIENTED_EDGE('',*,*,#2137,.T.);
#2137 = EDGE_CURVE('',#1892,#2128,#2138,.T.);
#2138 = LINE('',#2139,#2140);
#2139 = CARTESIAN_POINT('',(64.024611091607,-48.,275.13730946381));
#2140 = VECTOR('',#2141,1.);
#2141 = DIRECTION('',(0.707106781187,0.,0.707106781187));
#2142 = PLANE('',#2143);
#2143 = AXIS2_PLACEMENT_3D('',#2144,#2145,#2146);
#2144 = CARTESIAN_POINT('',(18.144497307534,-11.33980582524,
    229.25719567974));
#2145 = DIRECTION('',(-0.707106781187,0.,0.707106781187));
#2146 = DIRECTION('',(0.707106781187,0.,0.707106781187));
#2147 = ADVANCED_FACE('',(#2148),#2166,.F.);
#2148 = FACE_BOUND('',#2149,.F.);
#2149 = EDGE_LOOP('',(#2150,#2158,#2159,#2160));
#2150 = ORIENTED_EDGE('',*,*,#2151,.F.);
#2151 = EDGE_CURVE('',#1932,#2152,#2154,.T.);
#2152 = VERTEX_POINT('',#2153);
#2153 = CARTESIAN_POINT('',(176.68459437061,-48.,390.62571986757));
#2154 = LINE('',#2155,#2156);
#2155 = CARTESIAN_POINT('',(154.14927829866,-48.,368.09040379562));
#2156 = VECTOR('',#2157,1.);
#2157 = DIRECTION('',(0.707106781187,0.,0.707106781187));
#2158 = ORIENTED_EDGE('',*,*,#1931,.T.);
#2159 = ORIENTED_EDGE('',*,*,#1964,.T.);
#2160 = ORIENTED_EDGE('',*,*,#2161,.F.);
#2161 = EDGE_CURVE('',#2152,#1965,#2162,.T.);
#2162 = LINE('',#2163,#2164);
#2163 = CARTESIAN_POINT('',(176.68459437061,-80.,390.62571986757));
#2164 = VECTOR('',#2165,1.);
#2165 = DIRECTION('',(0.,1.,0.));
#2166 = PLANE('',#2167);
#2167 = AXIS2_PLACEMENT_3D('',#2168,#2169,#2170);
#2168 = CARTESIAN_POINT('',(154.14927829866,-48.,368.09040379562));
#2169 = DIRECTION('',(0.707106781187,0.,-0.707106781187));
#2170 = DIRECTION('',(0.707106781187,0.,0.707106781187));
#2171 = ADVANCED_FACE('',(#2172),#2197,.F.);
#2172 = FACE_BOUND('',#2173,.F.);
#2173 = EDGE_LOOP('',(#2174,#2184,#2190,#2191));
#2174 = ORIENTED_EDGE('',*,*,#2175,.F.);
#2175 = EDGE_CURVE('',#2176,#2178,#2180,.T.);
#2176 = VERTEX_POINT('',#2177);
#2177 = CARTESIAN_POINT('',(74.448943139266,-48.,230.42618852029));
#2178 = VERTEX_POINT('',#2179);
#2179 = CARTESIAN_POINT('',(71.182082639446,-48.,224.78342947514));
#2180 = LINE('',#2181,#2182);
#2181 = CARTESIAN_POINT('',(107.48023074035,-48.,287.48023074035));
#2182 = VECTOR('',#2183,1.);
#2183 = DIRECTION('',(-0.501036270542,0.,-0.865426285481));
#2184 = ORIENTED_EDGE('',*,*,#2185,.T.);
#2185 = EDGE_CURVE('',#2176,#2042,#2186,.T.);
#2186 = LINE('',#2187,#2188);
#2187 = CARTESIAN_POINT('',(74.448943139266,-48.,230.42618852029));
#2188 = VECTOR('',#2189,1.);
#2189 = DIRECTION('',(0.,1.,0.));
#2190 = ORIENTED_EDGE('',*,*,#2050,.T.);
#2191 = ORIENTED_EDGE('',*,*,#2192,.F.);
#2192 = EDGE_CURVE('',#2178,#2051,#2193,.T.);
#2193 = LINE('',#2194,#2195);
#2194 = CARTESIAN_POINT('',(71.182082639446,-38.,224.78342947514));
#2195 = VECTOR('',#2196,1.);
#2196 = DIRECTION('',(0.,1.,0.));
#2197 = PLANE('',#2198);
#2198 = AXIS2_PLACEMENT_3D('',#2199,#2200,#2201);
#2199 = CARTESIAN_POINT('',(107.48023074035,-48.,287.48023074035));
#2200 = DIRECTION('',(-0.865426285481,0.,0.501036270542));
#2201 = DIRECTION('',(-0.501036270542,0.,-0.865426285481));
#2202 = ADVANCED_FACE('',(#2203),#2228,.F.);
#2203 = FACE_BOUND('',#2204,.F.);
#2204 = EDGE_LOOP('',(#2205,#2215,#2221,#2222));
#2205 = ORIENTED_EDGE('',*,*,#2206,.F.);
#2206 = EDGE_CURVE('',#2207,#2209,#2211,.T.);
#2207 = VERTEX_POINT('',#2208);
#2208 = CARTESIAN_POINT('',(107.48023074035,-48.,287.48023074035));
#2209 = VERTEX_POINT('',#2210);
#2210 = CARTESIAN_POINT('',(76.091449927619,-48.,233.26324570017));
#2211 = LINE('',#2212,#2213);
#2212 = CARTESIAN_POINT('',(107.48023074035,-48.,287.48023074035));
#2213 = VECTOR('',#2214,1.);
#2214 = DIRECTION('',(-0.501036270542,0.,-0.865426285481));
#2215 = ORIENTED_EDGE('',*,*,#2216,.T.);
#2216 = EDGE_CURVE('',#2207,#2017,#2217,.T.);
#2217 = LINE('',#2218,#2219);
#2218 = CARTESIAN_POINT('',(107.48023074035,-48.,287.48023074035));
#2219 = VECTOR('',#2220,1.);
#2220 = DIRECTION('',(0.,1.,0.));
#2221 = ORIENTED_EDGE('',*,*,#2024,.T.);
#2222 = ORIENTED_EDGE('',*,*,#2223,.F.);
#2223 = EDGE_CURVE('',#2209,#2025,#2224,.T.);
#2224 = LINE('',#2225,#2226);
#2225 = CARTESIAN_POINT('',(76.091449927619,-48.,233.26324570017));
#2226 = VECTOR('',#2227,1.);
#2227 = DIRECTION('',(0.,1.,0.));
#2228 = PLANE('',#2229);
#2229 = AXIS2_PLACEMENT_3D('',#2230,#2231,#2232);
#2230 = CARTESIAN_POINT('',(107.48023074035,-48.,287.48023074035));
#2231 = DIRECTION('',(-0.865426285481,0.,0.501036270542));
#2232 = DIRECTION('',(-0.501036270542,0.,-0.865426285481));
#2233 = ADVANCED_FACE('',(#2234),#2252,.F.);
#2234 = FACE_BOUND('',#2235,.F.);
#2235 = EDGE_LOOP('',(#2236,#2244,#2245,#2246));
#2236 = ORIENTED_EDGE('',*,*,#2237,.T.);
#2237 = EDGE_CURVE('',#2238,#2009,#2240,.T.);
#2238 = VERTEX_POINT('',#2239);
#2239 = CARTESIAN_POINT('',(188.09040379562,-48.,334.14927829866));
#2240 = LINE('',#2241,#2242);
#2241 = CARTESIAN_POINT('',(188.09040379562,-48.,334.14927829866));
#2242 = VECTOR('',#2243,1.);
#2243 = DIRECTION('',(0.,1.,0.));
#2244 = ORIENTED_EDGE('',*,*,#2016,.T.);
#2245 = ORIENTED_EDGE('',*,*,#2216,.F.);
#2246 = ORIENTED_EDGE('',*,*,#2247,.F.);
#2247 = EDGE_CURVE('',#2238,#2207,#2248,.T.);
#2248 = LINE('',#2249,#2250);
#2249 = CARTESIAN_POINT('',(188.09040379562,-48.,334.14927829866));
#2250 = VECTOR('',#2251,1.);
#2251 = DIRECTION('',(-0.865426285481,0.,-0.501036270542));
#2252 = PLANE('',#2253);
#2253 = AXIS2_PLACEMENT_3D('',#2254,#2255,#2256);
#2254 = CARTESIAN_POINT('',(188.09040379562,-48.,334.14927829866));
#2255 = DIRECTION('',(-0.501036270542,0.,0.865426285481));
#2256 = DIRECTION('',(-0.865426285481,0.,-0.501036270542));
#2257 = ADVANCED_FACE('',(#2258),#2276,.F.);
#2258 = FACE_BOUND('',#2259,.F.);
#2259 = EDGE_LOOP('',(#2260,#2268,#2274,#2275));
#2260 = ORIENTED_EDGE('',*,*,#2261,.F.);
#2261 = EDGE_CURVE('',#2262,#2238,#2264,.T.);
#2262 = VERTEX_POINT('',#2263);
#2263 = CARTESIAN_POINT('',(210.62571986757,-48.,356.68459437061));
#2264 = LINE('',#2265,#2266);
#2265 = CARTESIAN_POINT('',(224.85995641732,-48.,370.91883092036));
#2266 = VECTOR('',#2267,1.);
#2267 = DIRECTION('',(-0.707106781187,0.,-0.707106781187));
#2268 = ORIENTED_EDGE('',*,*,#2269,.T.);
#2269 = EDGE_CURVE('',#2262,#2000,#2270,.T.);
#2270 = LINE('',#2271,#2272);
#2271 = CARTESIAN_POINT('',(210.62571986757,-80.,356.68459437061));
#2272 = VECTOR('',#2273,1.);
#2273 = DIRECTION('',(0.,1.,0.));
#2274 = ORIENTED_EDGE('',*,*,#2008,.T.);
#2275 = ORIENTED_EDGE('',*,*,#2237,.F.);
#2276 = PLANE('',#2277);
#2277 = AXIS2_PLACEMENT_3D('',#2278,#2279,#2280);
#2278 = CARTESIAN_POINT('',(224.85995641732,-48.,370.91883092036));
#2279 = DIRECTION('',(-0.707106781187,0.,0.707106781187));
#2280 = DIRECTION('',(-0.707106781187,0.,-0.707106781187));
#2281 = ADVANCED_FACE('',(#2282),#2310,.F.);
#2282 = FACE_BOUND('',#2283,.F.);
#2283 = EDGE_LOOP('',(#2284,#2285,#2294,#2303,#2309));
#2284 = ORIENTED_EDGE('',*,*,#2269,.F.);
#2285 = ORIENTED_EDGE('',*,*,#2286,.T.);
#2286 = EDGE_CURVE('',#2262,#2287,#2289,.T.);
#2287 = VERTEX_POINT('',#2288);
#2288 = CARTESIAN_POINT('',(205.23285731342,-48.,358.72142914091));
#2289 = CIRCLE('',#2290,52.);
#2290 = AXIS2_PLACEMENT_3D('',#2291,#2292,#2293);
#2291 = CARTESIAN_POINT('',(226.27416997969,-48.,406.27416997969));
#2292 = DIRECTION('',(0.,1.,-0.));
#2293 = DIRECTION('',(-0.707106781187,0.,0.707106781187));
#2294 = ORIENTED_EDGE('',*,*,#2295,.T.);
#2295 = EDGE_CURVE('',#2287,#2296,#2298,.T.);
#2296 = VERTEX_POINT('',#2297);
#2297 = CARTESIAN_POINT('',(204.63718328211,-48.,358.98949162984));
#2298 = CIRCLE('',#2299,52.);
#2299 = AXIS2_PLACEMENT_3D('',#2300,#2301,#2302);
#2300 = CARTESIAN_POINT('',(226.27416997969,-48.,406.27416997969));
#2301 = DIRECTION('',(0.,1.,-0.));
#2302 = DIRECTION('',(-0.707106781187,0.,0.707106781187));
#2303 = ORIENTED_EDGE('',*,*,#2304,.T.);
#2304 = EDGE_CURVE('',#2296,#1991,#2305,.T.);
#2305 = LINE('',#2306,#2307);
#2306 = CARTESIAN_POINT('',(204.63718328211,-48.,358.98949162984));
#2307 = VECTOR('',#2308,1.);
#2308 = DIRECTION('',(0.,1.,0.));
#2309 = ORIENTED_EDGE('',*,*,#1999,.F.);
#2310 = CYLINDRICAL_SURFACE('',#2311,52.);
#2311 = AXIS2_PLACEMENT_3D('',#2312,#2313,#2314);
#2312 = CARTESIAN_POINT('',(226.27416997969,-80.,406.27416997969));
#2313 = DIRECTION('',(0.,1.,0.));
#2314 = DIRECTION('',(-0.707106781187,0.,0.707106781187));
#2315 = ADVANCED_FACE('',(#2316),#2380,.F.);
#2316 = FACE_BOUND('',#2317,.F.);
#2317 = EDGE_LOOP('',(#2318,#2327,#2328,#2329,#2337,#2346,#2355,#2364,
    #2373));
#2318 = ORIENTED_EDGE('',*,*,#2319,.T.);
#2319 = EDGE_CURVE('',#2320,#2152,#2322,.T.);
#2320 = VERTEX_POINT('',#2321);
#2321 = CARTESIAN_POINT('',(177.93055768665,-48.,387.11966266521));
#2322 = CIRCLE('',#2323,52.);
#2323 = AXIS2_PLACEMENT_3D('',#2324,#2325,#2326);
#2324 = CARTESIAN_POINT('',(226.27416997969,-48.,406.27416997969));
#2325 = DIRECTION('',(0.,1.,-0.));
#2326 = DIRECTION('',(-0.707106781187,0.,0.707106781187));
#2327 = ORIENTED_EDGE('',*,*,#2161,.T.);
#2328 = ORIENTED_EDGE('',*,*,#1972,.F.);
#2329 = ORIENTED_EDGE('',*,*,#2330,.F.);
#2330 = EDGE_CURVE('',#2331,#1973,#2333,.T.);
#2331 = VERTEX_POINT('',#2332);
#2332 = CARTESIAN_POINT('',(201.9774519999,-48.,360.29950853003));
#2333 = LINE('',#2334,#2335);
#2334 = CARTESIAN_POINT('',(201.9774519999,-48.,360.29950853003));
#2335 = VECTOR('',#2336,1.);
#2336 = DIRECTION('',(0.,1.,0.));
#2337 = ORIENTED_EDGE('',*,*,#2338,.T.);
#2338 = EDGE_CURVE('',#2331,#2339,#2341,.T.);
#2339 = VERTEX_POINT('',#2340);
#2340 = CARTESIAN_POINT('',(201.40185787432,-48.,360.60833931241));
#2341 = CIRCLE('',#2342,52.);
#2342 = AXIS2_PLACEMENT_3D('',#2343,#2344,#2345);
#2343 = CARTESIAN_POINT('',(226.27416997969,-48.,406.27416997969));
#2344 = DIRECTION('',(0.,1.,-0.));
#2345 = DIRECTION('',(-0.707106781187,0.,0.707106781187));
#2346 = ORIENTED_EDGE('',*,*,#2347,.T.);
#2347 = EDGE_CURVE('',#2339,#2348,#2350,.T.);
#2348 = VERTEX_POINT('',#2349);
#2349 = CARTESIAN_POINT('',(199.44325907537,-48.,361.73090763796));
#2350 = CIRCLE('',#2351,52.);
#2351 = AXIS2_PLACEMENT_3D('',#2352,#2353,#2354);
#2352 = CARTESIAN_POINT('',(226.27416997969,-48.,406.27416997969));
#2353 = DIRECTION('',(0.,1.,-0.));
#2354 = DIRECTION('',(-0.707106781187,0.,0.707106781187));
#2355 = ORIENTED_EDGE('',*,*,#2356,.T.);
#2356 = EDGE_CURVE('',#2348,#2357,#2359,.T.);
#2357 = VERTEX_POINT('',#2358);
#2358 = CARTESIAN_POINT('',(179.71132122571,-48.,383.12463184361));
#2359 = CIRCLE('',#2360,52.);
#2360 = AXIS2_PLACEMENT_3D('',#2361,#2362,#2363);
#2361 = CARTESIAN_POINT('',(226.27416997969,-48.,406.27416997969));
#2362 = DIRECTION('',(0.,1.,-0.));
#2363 = DIRECTION('',(-0.707106781187,0.,0.707106781187));
#2364 = ORIENTED_EDGE('',*,*,#2365,.T.);
#2365 = EDGE_CURVE('',#2357,#2366,#2368,.T.);
#2366 = VERTEX_POINT('',#2367);
#2367 = CARTESIAN_POINT('',(178.34465064073,-48.,386.1058488811));
#2368 = CIRCLE('',#2369,52.);
#2369 = AXIS2_PLACEMENT_3D('',#2370,#2371,#2372);
#2370 = CARTESIAN_POINT('',(226.27416997969,-48.,406.27416997969));
#2371 = DIRECTION('',(0.,1.,-0.));
#2372 = DIRECTION('',(-0.707106781187,0.,0.707106781187));
#2373 = ORIENTED_EDGE('',*,*,#2374,.T.);
#2374 = EDGE_CURVE('',#2366,#2320,#2375,.T.);
#2375 = CIRCLE('',#2376,52.);
#2376 = AXIS2_PLACEMENT_3D('',#2377,#2378,#2379);
#2377 = CARTESIAN_POINT('',(226.27416997969,-48.,406.27416997969));
#2378 = DIRECTION('',(0.,1.,-0.));
#2379 = DIRECTION('',(-0.707106781187,0.,0.707106781187));
#2380 = CYLINDRICAL_SURFACE('',#2381,52.);
#2381 = AXIS2_PLACEMENT_3D('',#2382,#2383,#2384);
#2382 = CARTESIAN_POINT('',(226.27416997969,-80.,406.27416997969));
#2383 = DIRECTION('',(0.,1.,0.));
#2384 = DIRECTION('',(-0.707106781187,0.,0.707106781187));
#2385 = ADVANCED_FACE('',(#2386),#2397,.F.);
#2386 = FACE_BOUND('',#2387,.F.);
#2387 = EDGE_LOOP('',(#2388,#2389,#2395,#2396));
#2388 = ORIENTED_EDGE('',*,*,#2127,.F.);
#2389 = ORIENTED_EDGE('',*,*,#2390,.F.);
#2390 = EDGE_CURVE('',#2178,#2128,#2391,.T.);
#2391 = LINE('',#2392,#2393);
#2392 = CARTESIAN_POINT('',(55.302190628587,-48.,240.663321486));
#2393 = VECTOR('',#2394,1.);
#2394 = DIRECTION('',(-0.707106781187,0.,0.707106781187));
#2395 = ORIENTED_EDGE('',*,*,#2192,.T.);
#2396 = ORIENTED_EDGE('',*,*,#2058,.F.);
#2397 = PLANE('',#2398);
#2398 = AXIS2_PLACEMENT_3D('',#2399,#2400,#2401);
#2399 = CARTESIAN_POINT('',(57.982756057297,-28.,237.98275605729));
#2400 = DIRECTION('',(0.707106781187,0.,0.707106781187));
#2401 = DIRECTION('',(-0.707106781187,0.,0.707106781187));
#2402 = ADVANCED_FACE('',(#2403),#2422,.F.);
#2403 = FACE_BOUND('',#2404,.F.);
#2404 = EDGE_LOOP('',(#2405,#2406,#2414,#2421));
#2405 = ORIENTED_EDGE('',*,*,#2066,.F.);
#2406 = ORIENTED_EDGE('',*,*,#2407,.F.);
#2407 = EDGE_CURVE('',#2408,#2067,#2410,.T.);
#2408 = VERTEX_POINT('',#2409);
#2409 = CARTESIAN_POINT('',(47.588286373855,-48.,259.69093423972));
#2410 = LINE('',#2411,#2412);
#2411 = CARTESIAN_POINT('',(47.588286373855,-48.,259.69093423972));
#2412 = VECTOR('',#2413,1.);
#2413 = DIRECTION('',(0.,1.,0.));
#2414 = ORIENTED_EDGE('',*,*,#2415,.T.);
#2415 = EDGE_CURVE('',#2408,#2408,#2416,.T.);
#2416 = CIRCLE('',#2417,1.7);
#2417 = AXIS2_PLACEMENT_3D('',#2418,#2419,#2420);
#2418 = CARTESIAN_POINT('',(48.790367901872,-48.,258.4888527117));
#2419 = DIRECTION('',(0.,1.,-0.));
#2420 = DIRECTION('',(-0.707106781187,0.,0.707106781187));
#2421 = ORIENTED_EDGE('',*,*,#2407,.T.);
#2422 = CYLINDRICAL_SURFACE('',#2423,1.7);
#2423 = AXIS2_PLACEMENT_3D('',#2424,#2425,#2426);
#2424 = CARTESIAN_POINT('',(48.790367901872,-48.,258.4888527117));
#2425 = DIRECTION('',(0.,1.,0.));
#2426 = DIRECTION('',(-0.707106781187,0.,0.707106781187));
#2427 = ADVANCED_FACE('',(#2428),#2447,.F.);
#2428 = FACE_BOUND('',#2429,.F.);
#2429 = EDGE_LOOP('',(#2430,#2431,#2439,#2446));
#2430 = ORIENTED_EDGE('',*,*,#2077,.F.);
#2431 = ORIENTED_EDGE('',*,*,#2432,.F.);
#2432 = EDGE_CURVE('',#2433,#2078,#2435,.T.);
#2433 = VERTEX_POINT('',#2434);
#2434 = CARTESIAN_POINT('',(73.04413049657,-48.,319.08790385939));
#2435 = LINE('',#2436,#2437);
#2436 = CARTESIAN_POINT('',(73.04413049657,-48.,319.08790385939));
#2437 = VECTOR('',#2438,1.);
#2438 = DIRECTION('',(0.,1.,0.));
#2439 = ORIENTED_EDGE('',*,*,#2440,.T.);
#2440 = EDGE_CURVE('',#2433,#2433,#2441,.T.);
#2441 = CIRCLE('',#2442,1.7);
#2442 = AXIS2_PLACEMENT_3D('',#2443,#2444,#2445);
#2443 = CARTESIAN_POINT('',(74.246212024587,-48.,317.88582233137));
#2444 = DIRECTION('',(0.,1.,-0.));
#2445 = DIRECTION('',(-0.707106781187,0.,0.707106781187));
#2446 = ORIENTED_EDGE('',*,*,#2432,.T.);
#2447 = CYLINDRICAL_SURFACE('',#2448,1.7);
#2448 = AXIS2_PLACEMENT_3D('',#2449,#2450,#2451);
#2449 = CARTESIAN_POINT('',(74.246212024587,-48.,317.88582233137));
#2450 = DIRECTION('',(0.,1.,0.));
#2451 = DIRECTION('',(-0.707106781187,0.,0.707106781187));
#2452 = ADVANCED_FACE('',(#2453),#2472,.F.);
#2453 = FACE_BOUND('',#2454,.F.);
#2454 = EDGE_LOOP('',(#2455,#2456,#2464,#2471));
#2455 = ORIENTED_EDGE('',*,*,#2088,.F.);
#2456 = ORIENTED_EDGE('',*,*,#2457,.F.);
#2457 = EDGE_CURVE('',#2458,#2089,#2460,.T.);
#2458 = VERTEX_POINT('',#2459);
#2459 = CARTESIAN_POINT('',(161.43247814488,-48.,322.62343776532));
#2460 = LINE('',#2461,#2462);
#2461 = CARTESIAN_POINT('',(161.43247814488,-48.,322.62343776532));
#2462 = VECTOR('',#2463,1.);
#2463 = DIRECTION('',(0.,1.,0.));
#2464 = ORIENTED_EDGE('',*,*,#2465,.T.);
#2465 = EDGE_CURVE('',#2458,#2458,#2466,.T.);
#2466 = CIRCLE('',#2467,1.7);
#2467 = AXIS2_PLACEMENT_3D('',#2468,#2469,#2470);
#2468 = CARTESIAN_POINT('',(162.6345596729,-48.,321.42135623731));
#2469 = DIRECTION('',(0.,1.,-0.));
#2470 = DIRECTION('',(-0.707106781187,0.,0.707106781187));
#2471 = ORIENTED_EDGE('',*,*,#2457,.T.);
#2472 = CYLINDRICAL_SURFACE('',#2473,1.7);
#2473 = AXIS2_PLACEMENT_3D('',#2474,#2475,#2476);
#2474 = CARTESIAN_POINT('',(162.6345596729,-48.,321.42135623731));
#2475 = DIRECTION('',(0.,1.,0.));
#2476 = DIRECTION('',(-0.707106781187,0.,0.707106781187));
#2477 = ADVANCED_FACE('',(#2478),#2497,.F.);
#2478 = FACE_BOUND('',#2479,.F.);
#2479 = EDGE_LOOP('',(#2480,#2481,#2489,#2496));
#2480 = ORIENTED_EDGE('',*,*,#2099,.F.);
#2481 = ORIENTED_EDGE('',*,*,#2482,.F.);
#2482 = EDGE_CURVE('',#2483,#2100,#2485,.T.);
#2483 = VERTEX_POINT('',#2484);
#2484 = CARTESIAN_POINT('',(135.26952724098,-48.,348.78638866922));
#2485 = LINE('',#2486,#2487);
#2486 = CARTESIAN_POINT('',(135.26952724098,-48.,348.78638866922));
#2487 = VECTOR('',#2488,1.);
#2488 = DIRECTION('',(0.,1.,0.));
#2489 = ORIENTED_EDGE('',*,*,#2490,.T.);
#2490 = EDGE_CURVE('',#2483,#2483,#2491,.T.);
#2491 = CIRCLE('',#2492,1.7);
#2492 = AXIS2_PLACEMENT_3D('',#2493,#2494,#2495);
#2493 = CARTESIAN_POINT('',(136.471608769,-48.,347.58430714121));
#2494 = DIRECTION('',(0.,1.,-0.));
#2495 = DIRECTION('',(-0.707106781187,0.,0.707106781187));
#2496 = ORIENTED_EDGE('',*,*,#2482,.T.);
#2497 = CYLINDRICAL_SURFACE('',#2498,1.7);
#2498 = AXIS2_PLACEMENT_3D('',#2499,#2500,#2501);
#2499 = CARTESIAN_POINT('',(136.471608769,-48.,347.58430714121));
#2500 = DIRECTION('',(0.,1.,0.));
#2501 = DIRECTION('',(-0.707106781187,0.,0.707106781187));
#2502 = ADVANCED_FACE('',(#2503),#2522,.F.);
#2503 = FACE_BOUND('',#2504,.F.);
#2504 = EDGE_LOOP('',(#2505,#2506,#2514,#2521));
#2505 = ORIENTED_EDGE('',*,*,#2110,.F.);
#2506 = ORIENTED_EDGE('',*,*,#2507,.F.);
#2507 = EDGE_CURVE('',#2508,#2111,#2510,.T.);
#2508 = VERTEX_POINT('',#2509);
#2509 = CARTESIAN_POINT('',(174.86750698743,-48.,386.9701548533));
#2510 = LINE('',#2511,#2512);
#2511 = CARTESIAN_POINT('',(174.86750698743,-48.,386.9701548533));
#2512 = VECTOR('',#2513,1.);
#2513 = DIRECTION('',(0.,1.,0.));
#2514 = ORIENTED_EDGE('',*,*,#2515,.T.);
#2515 = EDGE_CURVE('',#2508,#2508,#2516,.T.);
#2516 = CIRCLE('',#2517,1.7);
#2517 = AXIS2_PLACEMENT_3D('',#2518,#2519,#2520);
#2518 = CARTESIAN_POINT('',(176.06958851545,-48.,385.76807332528));
#2519 = DIRECTION('',(0.,1.,-0.));
#2520 = DIRECTION('',(-0.707106781187,0.,0.707106781187));
#2521 = ORIENTED_EDGE('',*,*,#2507,.T.);
#2522 = CYLINDRICAL_SURFACE('',#2523,1.7);
#2523 = AXIS2_PLACEMENT_3D('',#2524,#2525,#2526);
#2524 = CARTESIAN_POINT('',(176.06958851545,-48.,385.76807332528));
#2525 = DIRECTION('',(0.,1.,0.));
#2526 = DIRECTION('',(-0.707106781187,0.,0.707106781187));
#2527 = ADVANCED_FACE('',(#2528,#2580,#2583,#2586,#2589,#2592),#2595,.T.
  );
#2528 = FACE_BOUND('',#2529,.T.);
#2529 = EDGE_LOOP('',(#2530,#2531,#2540,#2547,#2548,#2549,#2550,#2551,
    #2552,#2561,#2568,#2569,#2570,#2571,#2572,#2573,#2574,#2575,#2576,
    #2577,#2578,#2579));
#2530 = ORIENTED_EDGE('',*,*,#2175,.F.);
#2531 = ORIENTED_EDGE('',*,*,#2532,.T.);
#2532 = EDGE_CURVE('',#2176,#2533,#2535,.T.);
#2533 = VERTEX_POINT('',#2534);
#2534 = CARTESIAN_POINT('',(74.458344058943,-48.,232.82087655463));
#2535 = CIRCLE('',#2536,1.7);
#2536 = AXIS2_PLACEMENT_3D('',#2537,#2538,#2539);
#2537 = CARTESIAN_POINT('',(75.660425586961,-48.,231.61879502661));
#2538 = DIRECTION('',(0.,1.,-0.));
#2539 = DIRECTION('',(-0.707106781187,0.,0.707106781187));
#2540 = ORIENTED_EDGE('',*,*,#2541,.T.);
#2541 = EDGE_CURVE('',#2533,#2209,#2542,.T.);
#2542 = CIRCLE('',#2543,1.7);
#2543 = AXIS2_PLACEMENT_3D('',#2544,#2545,#2546);
#2544 = CARTESIAN_POINT('',(75.660425586961,-48.,231.61879502661));
#2545 = DIRECTION('',(0.,1.,-0.));
#2546 = DIRECTION('',(-0.707106781187,0.,0.707106781187));
#2547 = ORIENTED_EDGE('',*,*,#2206,.F.);
#2548 = ORIENTED_EDGE('',*,*,#2247,.F.);
#2549 = ORIENTED_EDGE('',*,*,#2261,.F.);
#2550 = ORIENTED_EDGE('',*,*,#2286,.T.);
#2551 = ORIENTED_EDGE('',*,*,#2295,.T.);
#2552 = ORIENTED_EDGE('',*,*,#2553,.T.);
#2553 = EDGE_CURVE('',#2296,#2554,#2556,.T.);
#2554 = VERTEX_POINT('',#2555);
#2555 = CARTESIAN_POINT('',(201.73756467252,-48.,360.10009716821));
#2556 = CIRCLE('',#2557,1.7);
#2557 = AXIS2_PLACEMENT_3D('',#2558,#2559,#2560);
#2558 = CARTESIAN_POINT('',(202.93964620053,-48.,358.89801564019));
#2559 = DIRECTION('',(0.,1.,-0.));
#2560 = DIRECTION('',(-0.707106781187,0.,0.707106781187));
#2561 = ORIENTED_EDGE('',*,*,#2562,.T.);
#2562 = EDGE_CURVE('',#2554,#2331,#2563,.T.);
#2563 = CIRCLE('',#2564,1.7);
#2564 = AXIS2_PLACEMENT_3D('',#2565,#2566,#2567);
#2565 = CARTESIAN_POINT('',(202.93964620053,-48.,358.89801564019));
#2566 = DIRECTION('',(0.,1.,-0.));
#2567 = DIRECTION('',(-0.707106781187,0.,0.707106781187));
#2568 = ORIENTED_EDGE('',*,*,#2338,.T.);
#2569 = ORIENTED_EDGE('',*,*,#2347,.T.);
#2570 = ORIENTED_EDGE('',*,*,#2356,.T.);
#2571 = ORIENTED_EDGE('',*,*,#2365,.T.);
#2572 = ORIENTED_EDGE('',*,*,#2374,.T.);
#2573 = ORIENTED_EDGE('',*,*,#2319,.T.);
#2574 = ORIENTED_EDGE('',*,*,#2151,.F.);
#2575 = ORIENTED_EDGE('',*,*,#1939,.F.);
#2576 = ORIENTED_EDGE('',*,*,#1877,.F.);
#2577 = ORIENTED_EDGE('',*,*,#1891,.F.);
#2578 = ORIENTED_EDGE('',*,*,#2137,.T.);
#2579 = ORIENTED_EDGE('',*,*,#2390,.F.);
#2580 = FACE_BOUND('',#2581,.T.);
#2581 = EDGE_LOOP('',(#2582));
#2582 = ORIENTED_EDGE('',*,*,#2415,.T.);
#2583 = FACE_BOUND('',#2584,.T.);
#2584 = EDGE_LOOP('',(#2585));
#2585 = ORIENTED_EDGE('',*,*,#2440,.T.);
#2586 = FACE_BOUND('',#2587,.T.);
#2587 = EDGE_LOOP('',(#2588));
#2588 = ORIENTED_EDGE('',*,*,#2465,.T.);
#2589 = FACE_BOUND('',#2590,.T.);
#2590 = EDGE_LOOP('',(#2591));
#2591 = ORIENTED_EDGE('',*,*,#2515,.T.);
#2592 = FACE_BOUND('',#2593,.T.);
#2593 = EDGE_LOOP('',(#2594));
#2594 = ORIENTED_EDGE('',*,*,#2490,.T.);
#2595 = PLANE('',#2596);
#2596 = AXIS2_PLACEMENT_3D('',#2597,#2598,#2599);
#2597 = CARTESIAN_POINT('',(113.62621438259,-48.,307.92389652949));
#2598 = DIRECTION('',(0.,-1.,-0.));
#2599 = DIRECTION('',(0.707106781187,0.,-0.707106781187));
#2600 = ADVANCED_FACE('',(#2601),#2609,.F.);
#2601 = FACE_BOUND('',#2602,.F.);
#2602 = EDGE_LOOP('',(#2603,#2604,#2605,#2606,#2607,#2608));
#2603 = ORIENTED_EDGE('',*,*,#2223,.T.);
#2604 = ORIENTED_EDGE('',*,*,#2032,.F.);
#2605 = ORIENTED_EDGE('',*,*,#2041,.F.);
#2606 = ORIENTED_EDGE('',*,*,#2185,.F.);
#2607 = ORIENTED_EDGE('',*,*,#2532,.T.);
#2608 = ORIENTED_EDGE('',*,*,#2541,.T.);
#2609 = CYLINDRICAL_SURFACE('',#2610,1.7);
#2610 = AXIS2_PLACEMENT_3D('',#2611,#2612,#2613);
#2611 = CARTESIAN_POINT('',(75.660425586961,-48.,231.61879502661));
#2612 = DIRECTION('',(0.,1.,0.));
#2613 = DIRECTION('',(-0.707106781187,0.,0.707106781187));
#2614 = ADVANCED_FACE('',(#2615),#2623,.F.);
#2615 = FACE_BOUND('',#2616,.F.);
#2616 = EDGE_LOOP('',(#2617,#2618,#2619,#2620,#2621,#2622));
#2617 = ORIENTED_EDGE('',*,*,#2330,.T.);
#2618 = ORIENTED_EDGE('',*,*,#1981,.F.);
#2619 = ORIENTED_EDGE('',*,*,#1990,.F.);
#2620 = ORIENTED_EDGE('',*,*,#2304,.F.);
#2621 = ORIENTED_EDGE('',*,*,#2553,.T.);
#2622 = ORIENTED_EDGE('',*,*,#2562,.T.);
#2623 = CYLINDRICAL_SURFACE('',#2624,1.7);
#2624 = AXIS2_PLACEMENT_3D('',#2625,#2626,#2627);
#2625 = CARTESIAN_POINT('',(202.93964620053,-48.,358.89801564019));
#2626 = DIRECTION('',(0.,1.,0.));
#2627 = DIRECTION('',(-0.707106781187,0.,0.707106781187));
#2628 = MANIFOLD_SOLID_BREP('',#2629);
#2629 = CLOSED_SHELL('',(#2630,#2663,#2826,#2989,#3006,#3023,#3040,#3057
    ,#3074,#3091,#3108,#3125,#3142,#3159,#3176,#3193,#3210));
#2630 = ADVANCED_FACE('',(#2631),#2658,.T.);
#2631 = FACE_BOUND('',#2632,.T.);
#2632 = EDGE_LOOP('',(#2633,#2642,#2650,#2657));
#2633 = ORIENTED_EDGE('',*,*,#2634,.F.);
#2634 = EDGE_CURVE('',#2635,#2635,#2637,.T.);
#2635 = VERTEX_POINT('',#2636);
#2636 = CARTESIAN_POINT('',(263.04372260139,3.,443.04372260139));
#2637 = CIRCLE('',#2638,52.);
#2638 = AXIS2_PLACEMENT_3D('',#2639,#2640,#2641);
#2639 = CARTESIAN_POINT('',(226.27416997969,3.,406.27416997969));
#2640 = DIRECTION('',(-0.,1.,0.));
#2641 = DIRECTION('',(0.707106781187,0.,0.707106781187));
#2642 = ORIENTED_EDGE('',*,*,#2643,.F.);
#2643 = EDGE_CURVE('',#2644,#2635,#2646,.T.);
#2644 = VERTEX_POINT('',#2645);
#2645 = CARTESIAN_POINT('',(263.04372260139,-3.,443.04372260139));
#2646 = LINE('',#2647,#2648);
#2647 = CARTESIAN_POINT('',(263.04372260139,-3.,443.04372260139));
#2648 = VECTOR('',#2649,1.);
#2649 = DIRECTION('',(0.,1.,0.));
#2650 = ORIENTED_EDGE('',*,*,#2651,.T.);
#2651 = EDGE_CURVE('',#2644,#2644,#2652,.T.);
#2652 = CIRCLE('',#2653,52.);
#2653 = AXIS2_PLACEMENT_3D('',#2654,#2655,#2656);
#2654 = CARTESIAN_POINT('',(226.27416997969,-3.,406.27416997969));
#2655 = DIRECTION('',(-0.,1.,0.));
#2656 = DIRECTION('',(0.707106781187,0.,0.707106781187));
#2657 = ORIENTED_EDGE('',*,*,#2643,.T.);
#2658 = CYLINDRICAL_SURFACE('',#2659,52.);
#2659 = AXIS2_PLACEMENT_3D('',#2660,#2661,#2662);
#2660 = CARTESIAN_POINT('',(226.27416997969,-3.,406.27416997969));
#2661 = DIRECTION('',(0.,1.,0.));
#2662 = DIRECTION('',(0.707106781187,0.,0.707106781187));
#2663 = ADVANCED_FACE('',(#2664,#2667,#2678,#2689,#2700,#2711,#2722,
    #2733,#2744,#2755,#2766,#2777,#2788,#2799,#2810),#2821,.T.);
#2664 = FACE_BOUND('',#2665,.T.);
#2665 = EDGE_LOOP('',(#2666));
#2666 = ORIENTED_EDGE('',*,*,#2634,.T.);
#2667 = FACE_BOUND('',#2668,.T.);
#2668 = EDGE_LOOP('',(#2669));
#2669 = ORIENTED_EDGE('',*,*,#2670,.F.);
#2670 = EDGE_CURVE('',#2671,#2671,#2673,.T.);
#2671 = VERTEX_POINT('',#2672);
#2672 = CARTESIAN_POINT('',(180.47625150771,3.,407.47625150771));
#2673 = CIRCLE('',#2674,1.7);
#2674 = AXIS2_PLACEMENT_3D('',#2675,#2676,#2677);
#2675 = CARTESIAN_POINT('',(179.27416997969,3.,406.27416997969));
#2676 = DIRECTION('',(-0.,1.,0.));
#2677 = DIRECTION('',(0.707106781187,0.,0.707106781187));
#2678 = FACE_BOUND('',#2679,.T.);
#2679 = EDGE_LOOP('',(#2680));
#2680 = ORIENTED_EDGE('',*,*,#2681,.F.);
#2681 = EDGE_CURVE('',#2682,#2682,#2684,.T.);
#2682 = VERTEX_POINT('',#2683);
#2683 = CARTESIAN_POINT('',(190.64672208883,3.,400.41682267346));
#2684 = CIRCLE('',#2685,1.7);
#2685 = AXIS2_PLACEMENT_3D('',#2686,#2687,#2688);
#2686 = CARTESIAN_POINT('',(189.44464056081,3.,399.21474114544));
#2687 = DIRECTION('',(-0.,1.,0.));
#2688 = DIRECTION('',(0.707106781187,0.,0.707106781187));
#2689 = FACE_BOUND('',#2690,.T.);
#2690 = EDGE_LOOP('',(#2691));
#2691 = ORIENTED_EDGE('',*,*,#2692,.F.);
#2692 = EDGE_CURVE('',#2693,#2693,#2695,.T.);
#2693 = VERTEX_POINT('',#2694);
#2694 = CARTESIAN_POINT('',(194.72547663727,3.,425.74198639195));
#2695 = CIRCLE('',#2696,1.7);
#2696 = AXIS2_PLACEMENT_3D('',#2697,#2698,#2699);
#2697 = CARTESIAN_POINT('',(193.52339510925,3.,424.53990486393));
#2698 = DIRECTION('',(-0.,1.,0.));
#2699 = DIRECTION('',(0.707106781187,0.,0.707106781187));
#2700 = FACE_BOUND('',#2701,.T.);
#2701 = EDGE_LOOP('',(#2702));
#2702 = ORIENTED_EDGE('',*,*,#2703,.F.);
#2703 = EDGE_CURVE('',#2704,#2704,#2706,.T.);
#2704 = VERTEX_POINT('',#2705);
#2705 = CARTESIAN_POINT('',(214.128691774,3.,442.52040701477));
#2706 = CIRCLE('',#2707,1.7);
#2707 = AXIS2_PLACEMENT_3D('',#2708,#2709,#2710);
#2708 = CARTESIAN_POINT('',(212.92661024598,3.,441.31832548675));
#2709 = DIRECTION('',(-0.,1.,0.));
#2710 = DIRECTION('',(0.707106781187,0.,0.707106781187));
#2711 = FACE_BOUND('',#2712,.T.);
#2712 = EDGE_LOOP('',(#2713));
#2713 = ORIENTED_EDGE('',*,*,#2714,.F.);
#2714 = EDGE_CURVE('',#2715,#2715,#2717,.T.);
#2715 = VERTEX_POINT('',#2716);
#2716 = CARTESIAN_POINT('',(227.47625150771,3.,454.47625150771));
#2717 = CIRCLE('',#2718,1.7);
#2718 = AXIS2_PLACEMENT_3D('',#2719,#2720,#2721);
#2719 = CARTESIAN_POINT('',(226.27416997969,3.,453.27416997969));
#2720 = DIRECTION('',(-0.,1.,0.));
#2721 = DIRECTION('',(0.707106781187,0.,0.707106781187));
#2722 = FACE_BOUND('',#2723,.T.);
#2723 = EDGE_LOOP('',(#2724));
#2724 = ORIENTED_EDGE('',*,*,#2725,.F.);
#2725 = EDGE_CURVE('',#2726,#2726,#2728,.T.);
#2726 = VERTEX_POINT('',#2727);
#2727 = CARTESIAN_POINT('',(241.83051916579,3.,421.83051916579));
#2728 = CIRCLE('',#2729,22.);
#2729 = AXIS2_PLACEMENT_3D('',#2730,#2731,#2732);
#2730 = CARTESIAN_POINT('',(226.27416997969,3.,406.27416997969));
#2731 = DIRECTION('',(-0.,1.,0.));
#2732 = DIRECTION('',(0.707106781187,0.,0.707106781187));
#2733 = FACE_BOUND('',#2734,.T.);
#2734 = EDGE_LOOP('',(#2735));
#2735 = ORIENTED_EDGE('',*,*,#2736,.F.);
#2736 = EDGE_CURVE('',#2737,#2737,#2739,.T.);
#2737 = VERTEX_POINT('',#2738);
#2738 = CARTESIAN_POINT('',(239.77737098701,3.,442.90127594032));
#2739 = CIRCLE('',#2740,1.7);
#2740 = AXIS2_PLACEMENT_3D('',#2741,#2742,#2743);
#2741 = CARTESIAN_POINT('',(238.57528945899,3.,441.6991944123));
#2742 = DIRECTION('',(-0.,1.,0.));
#2743 = DIRECTION('',(0.707106781187,0.,0.707106781187));
#2744 = FACE_BOUND('',#2745,.T.);
#2745 = EDGE_LOOP('',(#2746));
#2746 = ORIENTED_EDGE('',*,*,#2747,.F.);
#2747 = EDGE_CURVE('',#2748,#2748,#2750,.T.);
#2748 = VERTEX_POINT('',#2749);
#2749 = CARTESIAN_POINT('',(203.80090933109,3.,378.39485171475));
#2750 = CIRCLE('',#2751,1.7);
#2751 = AXIS2_PLACEMENT_3D('',#2752,#2753,#2754);
#2752 = CARTESIAN_POINT('',(202.59882780307,3.,377.19277018673));
#2753 = DIRECTION('',(-0.,1.,0.));
#2754 = DIRECTION('',(0.707106781187,0.,0.707106781187));
#2755 = FACE_BOUND('',#2756,.T.);
#2756 = EDGE_LOOP('',(#2757));
#2757 = ORIENTED_EDGE('',*,*,#2758,.F.);
#2758 = EDGE_CURVE('',#2759,#2759,#2761,.T.);
#2759 = VERTEX_POINT('',#2760);
#2760 = CARTESIAN_POINT('',(228.03304860042,3.,369.98038001358));
#2761 = CIRCLE('',#2762,1.7);
#2762 = AXIS2_PLACEMENT_3D('',#2763,#2764,#2765);
#2763 = CARTESIAN_POINT('',(226.8309670724,3.,368.77829848556));
#2764 = DIRECTION('',(-0.,1.,0.));
#2765 = DIRECTION('',(0.707106781187,0.,0.707106781187));
#2766 = FACE_BOUND('',#2767,.T.);
#2767 = EDGE_LOOP('',(#2768));
#2768 = ORIENTED_EDGE('',*,*,#2769,.F.);
#2769 = EDGE_CURVE('',#2770,#2770,#2772,.T.);
#2770 = VERTEX_POINT('',#2771);
#2771 = CARTESIAN_POINT('',(227.47625150771,3.,360.47625150771));
#2772 = CIRCLE('',#2773,1.7);
#2773 = AXIS2_PLACEMENT_3D('',#2774,#2775,#2776);
#2774 = CARTESIAN_POINT('',(226.27416997969,3.,359.27416997969));
#2775 = DIRECTION('',(-0.,1.,0.));
#2776 = DIRECTION('',(0.707106781187,0.,0.707106781187));
#2777 = FACE_BOUND('',#2778,.T.);
#2778 = EDGE_LOOP('',(#2779));
#2779 = ORIENTED_EDGE('',*,*,#2780,.F.);
#2780 = EDGE_CURVE('',#2781,#2781,#2783,.T.);
#2781 = VERTEX_POINT('',#2782);
#2782 = CARTESIAN_POINT('',(252.00466144729,3.,379.11065590934));
#2783 = CIRCLE('',#2784,1.7);
#2784 = AXIS2_PLACEMENT_3D('',#2785,#2786,#2787);
#2785 = CARTESIAN_POINT('',(250.80257991927,3.,377.90857438132));
#2786 = DIRECTION('',(-0.,1.,0.));
#2787 = DIRECTION('',(0.707106781187,0.,0.707106781187));
#2788 = FACE_BOUND('',#2789,.T.);
#2789 = EDGE_LOOP('',(#2790));
#2790 = ORIENTED_EDGE('',*,*,#2791,.F.);
#2791 = EDGE_CURVE('',#2792,#2792,#2794,.T.);
#2792 = VERTEX_POINT('',#2793);
#2793 = CARTESIAN_POINT('',(259.67022221437,3.,426.70638104653));
#2794 = CIRCLE('',#2795,1.7);
#2795 = AXIS2_PLACEMENT_3D('',#2796,#2797,#2798);
#2796 = CARTESIAN_POINT('',(258.46814068635,3.,425.50429951852));
#2797 = DIRECTION('',(-0.,1.,0.));
#2798 = DIRECTION('',(0.707106781187,0.,0.707106781187));
#2799 = FACE_BOUND('',#2800,.T.);
#2800 = EDGE_LOOP('',(#2801));
#2801 = ORIENTED_EDGE('',*,*,#2802,.F.);
#2802 = EDGE_CURVE('',#2803,#2803,#2805,.T.);
#2803 = VERTEX_POINT('',#2804);
#2804 = CARTESIAN_POINT('',(264.49916048911,3.,401.51350286467));
#2805 = CIRCLE('',#2806,1.7);
#2806 = AXIS2_PLACEMENT_3D('',#2807,#2808,#2809);
#2807 = CARTESIAN_POINT('',(263.29707896109,3.,400.31142133666));
#2808 = DIRECTION('',(-0.,1.,0.));
#2809 = DIRECTION('',(0.707106781187,0.,0.707106781187));
#2810 = FACE_BOUND('',#2811,.T.);
#2811 = EDGE_LOOP('',(#2812));
#2812 = ORIENTED_EDGE('',*,*,#2813,.F.);
#2813 = EDGE_CURVE('',#2814,#2814,#2816,.T.);
#2814 = VERTEX_POINT('',#2815);
#2815 = CARTESIAN_POINT('',(274.47625150771,3.,407.47625150771));
#2816 = CIRCLE('',#2817,1.7);
#2817 = AXIS2_PLACEMENT_3D('',#2818,#2819,#2820);
#2818 = CARTESIAN_POINT('',(273.27416997969,3.,406.27416997969));
#2819 = DIRECTION('',(-0.,1.,0.));
#2820 = DIRECTION('',(0.707106781187,0.,0.707106781187));
#2821 = PLANE('',#2822);
#2822 = AXIS2_PLACEMENT_3D('',#2823,#2824,#2825);
#2823 = CARTESIAN_POINT('',(226.27416997969,3.,406.27416997969));
#2824 = DIRECTION('',(0.,1.,0.));
#2825 = DIRECTION('',(0.707106781187,0.,0.707106781187));
#2826 = ADVANCED_FACE('',(#2827,#2830,#2841,#2852,#2863,#2874,#2885,
    #2896,#2907,#2918,#2929,#2940,#2951,#2962,#2973),#2984,.F.);
#2827 = FACE_BOUND('',#2828,.F.);
#2828 = EDGE_LOOP('',(#2829));
#2829 = ORIENTED_EDGE('',*,*,#2651,.T.);
#2830 = FACE_BOUND('',#2831,.F.);
#2831 = EDGE_LOOP('',(#2832));
#2832 = ORIENTED_EDGE('',*,*,#2833,.F.);
#2833 = EDGE_CURVE('',#2834,#2834,#2836,.T.);
#2834 = VERTEX_POINT('',#2835);
#2835 = CARTESIAN_POINT('',(180.47625150771,-3.,407.47625150771));
#2836 = CIRCLE('',#2837,1.7);
#2837 = AXIS2_PLACEMENT_3D('',#2838,#2839,#2840);
#2838 = CARTESIAN_POINT('',(179.27416997969,-3.,406.27416997969));
#2839 = DIRECTION('',(-0.,1.,0.));
#2840 = DIRECTION('',(0.707106781187,0.,0.707106781187));
#2841 = FACE_BOUND('',#2842,.F.);
#2842 = EDGE_LOOP('',(#2843));
#2843 = ORIENTED_EDGE('',*,*,#2844,.F.);
#2844 = EDGE_CURVE('',#2845,#2845,#2847,.T.);
#2845 = VERTEX_POINT('',#2846);
#2846 = CARTESIAN_POINT('',(190.64672208883,-3.,400.41682267346));
#2847 = CIRCLE('',#2848,1.7);
#2848 = AXIS2_PLACEMENT_3D('',#2849,#2850,#2851);
#2849 = CARTESIAN_POINT('',(189.44464056081,-3.,399.21474114544));
#2850 = DIRECTION('',(-0.,1.,0.));
#2851 = DIRECTION('',(0.707106781187,0.,0.707106781187));
#2852 = FACE_BOUND('',#2853,.F.);
#2853 = EDGE_LOOP('',(#2854));
#2854 = ORIENTED_EDGE('',*,*,#2855,.F.);
#2855 = EDGE_CURVE('',#2856,#2856,#2858,.T.);
#2856 = VERTEX_POINT('',#2857);
#2857 = CARTESIAN_POINT('',(194.72547663727,-3.,425.74198639195));
#2858 = CIRCLE('',#2859,1.7);
#2859 = AXIS2_PLACEMENT_3D('',#2860,#2861,#2862);
#2860 = CARTESIAN_POINT('',(193.52339510925,-3.,424.53990486393));
#2861 = DIRECTION('',(-0.,1.,0.));
#2862 = DIRECTION('',(0.707106781187,0.,0.707106781187));
#2863 = FACE_BOUND('',#2864,.F.);
#2864 = EDGE_LOOP('',(#2865));
#2865 = ORIENTED_EDGE('',*,*,#2866,.F.);
#2866 = EDGE_CURVE('',#2867,#2867,#2869,.T.);
#2867 = VERTEX_POINT('',#2868);
#2868 = CARTESIAN_POINT('',(214.128691774,-3.,442.52040701477));
#2869 = CIRCLE('',#2870,1.7);
#2870 = AXIS2_PLACEMENT_3D('',#2871,#2872,#2873);
#2871 = CARTESIAN_POINT('',(212.92661024598,-3.,441.31832548675));
#2872 = DIRECTION('',(-0.,1.,0.));
#2873 = DIRECTION('',(0.707106781187,0.,0.707106781187));
#2874 = FACE_BOUND('',#2875,.F.);
#2875 = EDGE_LOOP('',(#2876));
#2876 = ORIENTED_EDGE('',*,*,#2877,.F.);
#2877 = EDGE_CURVE('',#2878,#2878,#2880,.T.);
#2878 = VERTEX_POINT('',#2879);
#2879 = CARTESIAN_POINT('',(227.47625150771,-3.,454.47625150771));
#2880 = CIRCLE('',#2881,1.7);
#2881 = AXIS2_PLACEMENT_3D('',#2882,#2883,#2884);
#2882 = CARTESIAN_POINT('',(226.27416997969,-3.,453.27416997969));
#2883 = DIRECTION('',(-0.,1.,0.));
#2884 = DIRECTION('',(0.707106781187,0.,0.707106781187));
#2885 = FACE_BOUND('',#2886,.F.);
#2886 = EDGE_LOOP('',(#2887));
#2887 = ORIENTED_EDGE('',*,*,#2888,.F.);
#2888 = EDGE_CURVE('',#2889,#2889,#2891,.T.);
#2889 = VERTEX_POINT('',#2890);
#2890 = CARTESIAN_POINT('',(241.83051916579,-3.,421.83051916579));
#2891 = CIRCLE('',#2892,22.);
#2892 = AXIS2_PLACEMENT_3D('',#2893,#2894,#2895);
#2893 = CARTESIAN_POINT('',(226.27416997969,-3.,406.27416997969));
#2894 = DIRECTION('',(-0.,1.,0.));
#2895 = DIRECTION('',(0.707106781187,0.,0.707106781187));
#2896 = FACE_BOUND('',#2897,.F.);
#2897 = EDGE_LOOP('',(#2898));
#2898 = ORIENTED_EDGE('',*,*,#2899,.F.);
#2899 = EDGE_CURVE('',#2900,#2900,#2902,.T.);
#2900 = VERTEX_POINT('',#2901);
#2901 = CARTESIAN_POINT('',(239.77737098701,-3.,442.90127594032));
#2902 = CIRCLE('',#2903,1.7);
#2903 = AXIS2_PLACEMENT_3D('',#2904,#2905,#2906);
#2904 = CARTESIAN_POINT('',(238.57528945899,-3.,441.6991944123));
#2905 = DIRECTION('',(-0.,1.,0.));
#2906 = DIRECTION('',(0.707106781187,0.,0.707106781187));
#2907 = FACE_BOUND('',#2908,.F.);
#2908 = EDGE_LOOP('',(#2909));
#2909 = ORIENTED_EDGE('',*,*,#2910,.F.);
#2910 = EDGE_CURVE('',#2911,#2911,#2913,.T.);
#2911 = VERTEX_POINT('',#2912);
#2912 = CARTESIAN_POINT('',(203.80090933109,-3.,378.39485171475));
#2913 = CIRCLE('',#2914,1.7);
#2914 = AXIS2_PLACEMENT_3D('',#2915,#2916,#2917);
#2915 = CARTESIAN_POINT('',(202.59882780307,-3.,377.19277018673));
#2916 = DIRECTION('',(-0.,1.,0.));
#2917 = DIRECTION('',(0.707106781187,0.,0.707106781187));
#2918 = FACE_BOUND('',#2919,.F.);
#2919 = EDGE_LOOP('',(#2920));
#2920 = ORIENTED_EDGE('',*,*,#2921,.F.);
#2921 = EDGE_CURVE('',#2922,#2922,#2924,.T.);
#2922 = VERTEX_POINT('',#2923);
#2923 = CARTESIAN_POINT('',(228.03304860042,-3.,369.98038001358));
#2924 = CIRCLE('',#2925,1.7);
#2925 = AXIS2_PLACEMENT_3D('',#2926,#2927,#2928);
#2926 = CARTESIAN_POINT('',(226.8309670724,-3.,368.77829848556));
#2927 = DIRECTION('',(-0.,1.,0.));
#2928 = DIRECTION('',(0.707106781187,0.,0.707106781187));
#2929 = FACE_BOUND('',#2930,.F.);
#2930 = EDGE_LOOP('',(#2931));
#2931 = ORIENTED_EDGE('',*,*,#2932,.F.);
#2932 = EDGE_CURVE('',#2933,#2933,#2935,.T.);
#2933 = VERTEX_POINT('',#2934);
#2934 = CARTESIAN_POINT('',(227.47625150771,-3.,360.47625150771));
#2935 = CIRCLE('',#2936,1.7);
#2936 = AXIS2_PLACEMENT_3D('',#2937,#2938,#2939);
#2937 = CARTESIAN_POINT('',(226.27416997969,-3.,359.27416997969));
#2938 = DIRECTION('',(-0.,1.,0.));
#2939 = DIRECTION('',(0.707106781187,0.,0.707106781187));
#2940 = FACE_BOUND('',#2941,.F.);
#2941 = EDGE_LOOP('',(#2942));
#2942 = ORIENTED_EDGE('',*,*,#2943,.F.);
#2943 = EDGE_CURVE('',#2944,#2944,#2946,.T.);
#2944 = VERTEX_POINT('',#2945);
#2945 = CARTESIAN_POINT('',(252.00466144729,-3.,379.11065590934));
#2946 = CIRCLE('',#2947,1.7);
#2947 = AXIS2_PLACEMENT_3D('',#2948,#2949,#2950);
#2948 = CARTESIAN_POINT('',(250.80257991927,-3.,377.90857438132));
#2949 = DIRECTION('',(-0.,1.,0.));
#2950 = DIRECTION('',(0.707106781187,0.,0.707106781187));
#2951 = FACE_BOUND('',#2952,.F.);
#2952 = EDGE_LOOP('',(#2953));
#2953 = ORIENTED_EDGE('',*,*,#2954,.F.);
#2954 = EDGE_CURVE('',#2955,#2955,#2957,.T.);
#2955 = VERTEX_POINT('',#2956);
#2956 = CARTESIAN_POINT('',(259.67022221437,-3.,426.70638104653));
#2957 = CIRCLE('',#2958,1.7);
#2958 = AXIS2_PLACEMENT_3D('',#2959,#2960,#2961);
#2959 = CARTESIAN_POINT('',(258.46814068635,-3.,425.50429951852));
#2960 = DIRECTION('',(-0.,1.,0.));
#2961 = DIRECTION('',(0.707106781187,0.,0.707106781187));
#2962 = FACE_BOUND('',#2963,.F.);
#2963 = EDGE_LOOP('',(#2964));
#2964 = ORIENTED_EDGE('',*,*,#2965,.F.);
#2965 = EDGE_CURVE('',#2966,#2966,#2968,.T.);
#2966 = VERTEX_POINT('',#2967);
#2967 = CARTESIAN_POINT('',(264.49916048911,-3.,401.51350286467));
#2968 = CIRCLE('',#2969,1.7);
#2969 = AXIS2_PLACEMENT_3D('',#2970,#2971,#2972);
#2970 = CARTESIAN_POINT('',(263.29707896109,-3.,400.31142133666));
#2971 = DIRECTION('',(-0.,1.,0.));
#2972 = DIRECTION('',(0.707106781187,0.,0.707106781187));
#2973 = FACE_BOUND('',#2974,.F.);
#2974 = EDGE_LOOP('',(#2975));
#2975 = ORIENTED_EDGE('',*,*,#2976,.F.);
#2976 = EDGE_CURVE('',#2977,#2977,#2979,.T.);
#2977 = VERTEX_POINT('',#2978);
#2978 = CARTESIAN_POINT('',(274.47625150771,-3.,407.47625150771));
#2979 = CIRCLE('',#2980,1.7);
#2980 = AXIS2_PLACEMENT_3D('',#2981,#2982,#2983);
#2981 = CARTESIAN_POINT('',(273.27416997969,-3.,406.27416997969));
#2982 = DIRECTION('',(-0.,1.,0.));
#2983 = DIRECTION('',(0.707106781187,0.,0.707106781187));
#2984 = PLANE('',#2985);
#2985 = AXIS2_PLACEMENT_3D('',#2986,#2987,#2988);
#2986 = CARTESIAN_POINT('',(226.27416997969,-3.,406.27416997969));
#2987 = DIRECTION('',(0.,1.,0.));
#2988 = DIRECTION('',(0.707106781187,0.,0.707106781187));
#2989 = ADVANCED_FACE('',(#2990),#3001,.F.);
#2990 = FACE_BOUND('',#2991,.F.);
#2991 = EDGE_LOOP('',(#2992,#2993,#2999,#3000));
#2992 = ORIENTED_EDGE('',*,*,#2670,.F.);
#2993 = ORIENTED_EDGE('',*,*,#2994,.F.);
#2994 = EDGE_CURVE('',#2834,#2671,#2995,.T.);
#2995 = LINE('',#2996,#2997);
#2996 = CARTESIAN_POINT('',(180.47625150771,-3.,407.47625150771));
#2997 = VECTOR('',#2998,1.);
#2998 = DIRECTION('',(0.,1.,0.));
#2999 = ORIENTED_EDGE('',*,*,#2833,.T.);
#3000 = ORIENTED_EDGE('',*,*,#2994,.T.);
#3001 = CYLINDRICAL_SURFACE('',#3002,1.7);
#3002 = AXIS2_PLACEMENT_3D('',#3003,#3004,#3005);
#3003 = CARTESIAN_POINT('',(179.27416997969,-3.,406.27416997969));
#3004 = DIRECTION('',(0.,1.,0.));
#3005 = DIRECTION('',(0.707106781187,0.,0.707106781187));
#3006 = ADVANCED_FACE('',(#3007),#3018,.F.);
#3007 = FACE_BOUND('',#3008,.F.);
#3008 = EDGE_LOOP('',(#3009,#3010,#3016,#3017));
#3009 = ORIENTED_EDGE('',*,*,#2681,.F.);
#3010 = ORIENTED_EDGE('',*,*,#3011,.F.);
#3011 = EDGE_CURVE('',#2845,#2682,#3012,.T.);
#3012 = LINE('',#3013,#3014);
#3013 = CARTESIAN_POINT('',(190.64672208883,-3.,400.41682267346));
#3014 = VECTOR('',#3015,1.);
#3015 = DIRECTION('',(0.,1.,0.));
#3016 = ORIENTED_EDGE('',*,*,#2844,.T.);
#3017 = ORIENTED_EDGE('',*,*,#3011,.T.);
#3018 = CYLINDRICAL_SURFACE('',#3019,1.7);
#3019 = AXIS2_PLACEMENT_3D('',#3020,#3021,#3022);
#3020 = CARTESIAN_POINT('',(189.44464056081,-3.,399.21474114544));
#3021 = DIRECTION('',(0.,1.,0.));
#3022 = DIRECTION('',(0.707106781187,0.,0.707106781187));
#3023 = ADVANCED_FACE('',(#3024),#3035,.F.);
#3024 = FACE_BOUND('',#3025,.F.);
#3025 = EDGE_LOOP('',(#3026,#3027,#3033,#3034));
#3026 = ORIENTED_EDGE('',*,*,#2692,.F.);
#3027 = ORIENTED_EDGE('',*,*,#3028,.F.);
#3028 = EDGE_CURVE('',#2856,#2693,#3029,.T.);
#3029 = LINE('',#3030,#3031);
#3030 = CARTESIAN_POINT('',(194.72547663727,-3.,425.74198639195));
#3031 = VECTOR('',#3032,1.);
#3032 = DIRECTION('',(0.,1.,0.));
#3033 = ORIENTED_EDGE('',*,*,#2855,.T.);
#3034 = ORIENTED_EDGE('',*,*,#3028,.T.);
#3035 = CYLINDRICAL_SURFACE('',#3036,1.7);
#3036 = AXIS2_PLACEMENT_3D('',#3037,#3038,#3039);
#3037 = CARTESIAN_POINT('',(193.52339510925,-3.,424.53990486393));
#3038 = DIRECTION('',(0.,1.,0.));
#3039 = DIRECTION('',(0.707106781187,0.,0.707106781187));
#3040 = ADVANCED_FACE('',(#3041),#3052,.F.);
#3041 = FACE_BOUND('',#3042,.F.);
#3042 = EDGE_LOOP('',(#3043,#3044,#3050,#3051));
#3043 = ORIENTED_EDGE('',*,*,#2703,.F.);
#3044 = ORIENTED_EDGE('',*,*,#3045,.F.);
#3045 = EDGE_CURVE('',#2867,#2704,#3046,.T.);
#3046 = LINE('',#3047,#3048);
#3047 = CARTESIAN_POINT('',(214.128691774,-3.,442.52040701477));
#3048 = VECTOR('',#3049,1.);
#3049 = DIRECTION('',(0.,1.,0.));
#3050 = ORIENTED_EDGE('',*,*,#2866,.T.);
#3051 = ORIENTED_EDGE('',*,*,#3045,.T.);
#3052 = CYLINDRICAL_SURFACE('',#3053,1.7);
#3053 = AXIS2_PLACEMENT_3D('',#3054,#3055,#3056);
#3054 = CARTESIAN_POINT('',(212.92661024598,-3.,441.31832548675));
#3055 = DIRECTION('',(0.,1.,0.));
#3056 = DIRECTION('',(0.707106781187,0.,0.707106781187));
#3057 = ADVANCED_FACE('',(#3058),#3069,.F.);
#3058 = FACE_BOUND('',#3059,.F.);
#3059 = EDGE_LOOP('',(#3060,#3061,#3067,#3068));
#3060 = ORIENTED_EDGE('',*,*,#2714,.F.);
#3061 = ORIENTED_EDGE('',*,*,#3062,.F.);
#3062 = EDGE_CURVE('',#2878,#2715,#3063,.T.);
#3063 = LINE('',#3064,#3065);
#3064 = CARTESIAN_POINT('',(227.47625150771,-3.,454.47625150771));
#3065 = VECTOR('',#3066,1.);
#3066 = DIRECTION('',(0.,1.,0.));
#3067 = ORIENTED_EDGE('',*,*,#2877,.T.);
#3068 = ORIENTED_EDGE('',*,*,#3062,.T.);
#3069 = CYLINDRICAL_SURFACE('',#3070,1.7);
#3070 = AXIS2_PLACEMENT_3D('',#3071,#3072,#3073);
#3071 = CARTESIAN_POINT('',(226.27416997969,-3.,453.27416997969));
#3072 = DIRECTION('',(0.,1.,0.));
#3073 = DIRECTION('',(0.707106781187,0.,0.707106781187));
#3074 = ADVANCED_FACE('',(#3075),#3086,.F.);
#3075 = FACE_BOUND('',#3076,.F.);
#3076 = EDGE_LOOP('',(#3077,#3078,#3084,#3085));
#3077 = ORIENTED_EDGE('',*,*,#2725,.F.);
#3078 = ORIENTED_EDGE('',*,*,#3079,.F.);
#3079 = EDGE_CURVE('',#2889,#2726,#3080,.T.);
#3080 = LINE('',#3081,#3082);
#3081 = CARTESIAN_POINT('',(241.83051916579,-3.,421.83051916579));
#3082 = VECTOR('',#3083,1.);
#3083 = DIRECTION('',(0.,1.,0.));
#3084 = ORIENTED_EDGE('',*,*,#2888,.T.);
#3085 = ORIENTED_EDGE('',*,*,#3079,.T.);
#3086 = CYLINDRICAL_SURFACE('',#3087,22.);
#3087 = AXIS2_PLACEMENT_3D('',#3088,#3089,#3090);
#3088 = CARTESIAN_POINT('',(226.27416997969,-3.,406.27416997969));
#3089 = DIRECTION('',(0.,1.,0.));
#3090 = DIRECTION('',(0.707106781187,0.,0.707106781187));
#3091 = ADVANCED_FACE('',(#3092),#3103,.F.);
#3092 = FACE_BOUND('',#3093,.F.);
#3093 = EDGE_LOOP('',(#3094,#3095,#3101,#3102));
#3094 = ORIENTED_EDGE('',*,*,#2736,.F.);
#3095 = ORIENTED_EDGE('',*,*,#3096,.F.);
#3096 = EDGE_CURVE('',#2900,#2737,#3097,.T.);
#3097 = LINE('',#3098,#3099);
#3098 = CARTESIAN_POINT('',(239.77737098701,-3.,442.90127594032));
#3099 = VECTOR('',#3100,1.);
#3100 = DIRECTION('',(0.,1.,0.));
#3101 = ORIENTED_EDGE('',*,*,#2899,.T.);
#3102 = ORIENTED_EDGE('',*,*,#3096,.T.);
#3103 = CYLINDRICAL_SURFACE('',#3104,1.7);
#3104 = AXIS2_PLACEMENT_3D('',#3105,#3106,#3107);
#3105 = CARTESIAN_POINT('',(238.57528945899,-3.,441.6991944123));
#3106 = DIRECTION('',(0.,1.,0.));
#3107 = DIRECTION('',(0.707106781187,0.,0.707106781187));
#3108 = ADVANCED_FACE('',(#3109),#3120,.F.);
#3109 = FACE_BOUND('',#3110,.F.);
#3110 = EDGE_LOOP('',(#3111,#3112,#3118,#3119));
#3111 = ORIENTED_EDGE('',*,*,#2747,.F.);
#3112 = ORIENTED_EDGE('',*,*,#3113,.F.);
#3113 = EDGE_CURVE('',#2911,#2748,#3114,.T.);
#3114 = LINE('',#3115,#3116);
#3115 = CARTESIAN_POINT('',(203.80090933109,-3.,378.39485171475));
#3116 = VECTOR('',#3117,1.);
#3117 = DIRECTION('',(0.,1.,0.));
#3118 = ORIENTED_EDGE('',*,*,#2910,.T.);
#3119 = ORIENTED_EDGE('',*,*,#3113,.T.);
#3120 = CYLINDRICAL_SURFACE('',#3121,1.7);
#3121 = AXIS2_PLACEMENT_3D('',#3122,#3123,#3124);
#3122 = CARTESIAN_POINT('',(202.59882780307,-3.,377.19277018673));
#3123 = DIRECTION('',(0.,1.,0.));
#3124 = DIRECTION('',(0.707106781187,0.,0.707106781187));
#3125 = ADVANCED_FACE('',(#3126),#3137,.F.);
#3126 = FACE_BOUND('',#3127,.F.);
#3127 = EDGE_LOOP('',(#3128,#3129,#3135,#3136));
#3128 = ORIENTED_EDGE('',*,*,#2758,.F.);
#3129 = ORIENTED_EDGE('',*,*,#3130,.F.);
#3130 = EDGE_CURVE('',#2922,#2759,#3131,.T.);
#3131 = LINE('',#3132,#3133);
#3132 = CARTESIAN_POINT('',(228.03304860042,-3.,369.98038001358));
#3133 = VECTOR('',#3134,1.);
#3134 = DIRECTION('',(0.,1.,0.));
#3135 = ORIENTED_EDGE('',*,*,#2921,.T.);
#3136 = ORIENTED_EDGE('',*,*,#3130,.T.);
#3137 = CYLINDRICAL_SURFACE('',#3138,1.7);
#3138 = AXIS2_PLACEMENT_3D('',#3139,#3140,#3141);
#3139 = CARTESIAN_POINT('',(226.8309670724,-3.,368.77829848556));
#3140 = DIRECTION('',(0.,1.,0.));
#3141 = DIRECTION('',(0.707106781187,0.,0.707106781187));
#3142 = ADVANCED_FACE('',(#3143),#3154,.F.);
#3143 = FACE_BOUND('',#3144,.F.);
#3144 = EDGE_LOOP('',(#3145,#3146,#3152,#3153));
#3145 = ORIENTED_EDGE('',*,*,#2769,.F.);
#3146 = ORIENTED_EDGE('',*,*,#3147,.F.);
#3147 = EDGE_CURVE('',#2933,#2770,#3148,.T.);
#3148 = LINE('',#3149,#3150);
#3149 = CARTESIAN_POINT('',(227.47625150771,-3.,360.47625150771));
#3150 = VECTOR('',#3151,1.);
#3151 = DIRECTION('',(0.,1.,0.));
#3152 = ORIENTED_EDGE('',*,*,#2932,.T.);
#3153 = ORIENTED_EDGE('',*,*,#3147,.T.);
#3154 = CYLINDRICAL_SURFACE('',#3155,1.7);
#3155 = AXIS2_PLACEMENT_3D('',#3156,#3157,#3158);
#3156 = CARTESIAN_POINT('',(226.27416997969,-3.,359.27416997969));
#3157 = DIRECTION('',(0.,1.,0.));
#3158 = DIRECTION('',(0.707106781187,0.,0.707106781187));
#3159 = ADVANCED_FACE('',(#3160),#3171,.F.);
#3160 = FACE_BOUND('',#3161,.F.);
#3161 = EDGE_LOOP('',(#3162,#3163,#3169,#3170));
#3162 = ORIENTED_EDGE('',*,*,#2780,.F.);
#3163 = ORIENTED_EDGE('',*,*,#3164,.F.);
#3164 = EDGE_CURVE('',#2944,#2781,#3165,.T.);
#3165 = LINE('',#3166,#3167);
#3166 = CARTESIAN_POINT('',(252.00466144729,-3.,379.11065590934));
#3167 = VECTOR('',#3168,1.);
#3168 = DIRECTION('',(0.,1.,0.));
#3169 = ORIENTED_EDGE('',*,*,#2943,.T.);
#3170 = ORIENTED_EDGE('',*,*,#3164,.T.);
#3171 = CYLINDRICAL_SURFACE('',#3172,1.7);
#3172 = AXIS2_PLACEMENT_3D('',#3173,#3174,#3175);
#3173 = CARTESIAN_POINT('',(250.80257991927,-3.,377.90857438132));
#3174 = DIRECTION('',(0.,1.,0.));
#3175 = DIRECTION('',(0.707106781187,0.,0.707106781187));
#3176 = ADVANCED_FACE('',(#3177),#3188,.F.);
#3177 = FACE_BOUND('',#3178,.F.);
#3178 = EDGE_LOOP('',(#3179,#3180,#3186,#3187));
#3179 = ORIENTED_EDGE('',*,*,#2791,.F.);
#3180 = ORIENTED_EDGE('',*,*,#3181,.F.);
#3181 = EDGE_CURVE('',#2955,#2792,#3182,.T.);
#3182 = LINE('',#3183,#3184);
#3183 = CARTESIAN_POINT('',(259.67022221437,-3.,426.70638104653));
#3184 = VECTOR('',#3185,1.);
#3185 = DIRECTION('',(0.,1.,0.));
#3186 = ORIENTED_EDGE('',*,*,#2954,.T.);
#3187 = ORIENTED_EDGE('',*,*,#3181,.T.);
#3188 = CYLINDRICAL_SURFACE('',#3189,1.7);
#3189 = AXIS2_PLACEMENT_3D('',#3190,#3191,#3192);
#3190 = CARTESIAN_POINT('',(258.46814068635,-3.,425.50429951852));
#3191 = DIRECTION('',(0.,1.,0.));
#3192 = DIRECTION('',(0.707106781187,0.,0.707106781187));
#3193 = ADVANCED_FACE('',(#3194),#3205,.F.);
#3194 = FACE_BOUND('',#3195,.F.);
#3195 = EDGE_LOOP('',(#3196,#3197,#3203,#3204));
#3196 = ORIENTED_EDGE('',*,*,#2802,.F.);
#3197 = ORIENTED_EDGE('',*,*,#3198,.F.);
#3198 = EDGE_CURVE('',#2966,#2803,#3199,.T.);
#3199 = LINE('',#3200,#3201);
#3200 = CARTESIAN_POINT('',(264.49916048911,-3.,401.51350286467));
#3201 = VECTOR('',#3202,1.);
#3202 = DIRECTION('',(0.,1.,0.));
#3203 = ORIENTED_EDGE('',*,*,#2965,.T.);
#3204 = ORIENTED_EDGE('',*,*,#3198,.T.);
#3205 = CYLINDRICAL_SURFACE('',#3206,1.7);
#3206 = AXIS2_PLACEMENT_3D('',#3207,#3208,#3209);
#3207 = CARTESIAN_POINT('',(263.29707896109,-3.,400.31142133666));
#3208 = DIRECTION('',(0.,1.,0.));
#3209 = DIRECTION('',(0.707106781187,0.,0.707106781187));
#3210 = ADVANCED_FACE('',(#3211),#3222,.F.);
#3211 = FACE_BOUND('',#3212,.F.);
#3212 = EDGE_LOOP('',(#3213,#3214,#3220,#3221));
#3213 = ORIENTED_EDGE('',*,*,#2813,.F.);
#3214 = ORIENTED_EDGE('',*,*,#3215,.F.);
#3215 = EDGE_CURVE('',#2977,#2814,#3216,.T.);
#3216 = LINE('',#3217,#3218);
#3217 = CARTESIAN_POINT('',(274.47625150771,-3.,407.47625150771));
#3218 = VECTOR('',#3219,1.);
#3219 = DIRECTION('',(0.,1.,0.));
#3220 = ORIENTED_EDGE('',*,*,#2976,.T.);
#3221 = ORIENTED_EDGE('',*,*,#3215,.T.);
#3222 = CYLINDRICAL_SURFACE('',#3223,1.7);
#3223 = AXIS2_PLACEMENT_3D('',#3224,#3225,#3226);
#3224 = CARTESIAN_POINT('',(273.27416997969,-3.,406.27416997969));
#3225 = DIRECTION('',(0.,1.,0.));
#3226 = DIRECTION('',(0.707106781187,0.,0.707106781187));
#3227 = MANIFOLD_SOLID_BREP('',#3228);
#3228 = CLOSED_SHELL('',(#3229,#3269,#3300,#3331,#3409,#3510,#3530,#3549
    ,#3574,#3599,#3624,#3649,#3748,#3773,#3782,#3796,#3811));
#3229 = ADVANCED_FACE('',(#3230),#3264,.F.);
#3230 = FACE_BOUND('',#3231,.F.);
#3231 = EDGE_LOOP('',(#3232,#3242,#3250,#3258));
#3232 = ORIENTED_EDGE('',*,*,#3233,.F.);
#3233 = EDGE_CURVE('',#3234,#3236,#3238,.T.);
#3234 = VERTEX_POINT('',#3235);
#3235 = CARTESIAN_POINT('',(260.21529547664,94.,338.39191898578));
#3236 = VERTEX_POINT('',#3237);
#3237 = CARTESIAN_POINT('',(220.81447166444,94.,377.79274279799));
#3238 = LINE('',#3239,#3240);
#3239 = CARTESIAN_POINT('',(260.21529547664,94.,338.39191898578));
#3240 = VECTOR('',#3241,1.);
#3241 = DIRECTION('',(-0.707106781187,0.,0.707106781187));
#3242 = ORIENTED_EDGE('',*,*,#3243,.T.);
#3243 = EDGE_CURVE('',#3234,#3244,#3246,.T.);
#3244 = VERTEX_POINT('',#3245);
#3245 = CARTESIAN_POINT('',(260.21529547664,110.,338.39191898578));
#3246 = LINE('',#3247,#3248);
#3247 = CARTESIAN_POINT('',(260.21529547664,94.,338.39191898578));
#3248 = VECTOR('',#3249,1.);
#3249 = DIRECTION('',(-0.,1.,0.));
#3250 = ORIENTED_EDGE('',*,*,#3251,.T.);
#3251 = EDGE_CURVE('',#3244,#3252,#3254,.T.);
#3252 = VERTEX_POINT('',#3253);
#3253 = CARTESIAN_POINT('',(220.81447166444,110.,377.79274279799));
#3254 = LINE('',#3255,#3256);
#3255 = CARTESIAN_POINT('',(260.21529547664,110.,338.39191898578));
#3256 = VECTOR('',#3257,1.);
#3257 = DIRECTION('',(-0.707106781187,0.,0.707106781187));
#3258 = ORIENTED_EDGE('',*,*,#3259,.F.);
#3259 = EDGE_CURVE('',#3236,#3252,#3260,.T.);
#3260 = LINE('',#3261,#3262);
#3261 = CARTESIAN_POINT('',(220.81447166443,94.,377.79274279799));
#3262 = VECTOR('',#3263,1.);
#3263 = DIRECTION('',(0.,1.,0.));
#3264 = PLANE('',#3265);
#3265 = AXIS2_PLACEMENT_3D('',#3266,#3267,#3268);
#3266 = CARTESIAN_POINT('',(260.21529547664,94.,338.39191898578));
#3267 = DIRECTION('',(0.707106781187,0.,0.707106781187));
#3268 = DIRECTION('',(-0.707106781187,0.,0.707106781187));
#3269 = ADVANCED_FACE('',(#3270),#3295,.F.);
#3270 = FACE_BOUND('',#3271,.F.);
#3271 = EDGE_LOOP('',(#3272,#3273,#3281,#3289));
#3272 = ORIENTED_EDGE('',*,*,#3243,.F.);
#3273 = ORIENTED_EDGE('',*,*,#3274,.T.);
#3274 = EDGE_CURVE('',#3234,#3275,#3277,.T.);
#3275 = VERTEX_POINT('',#3276);
#3276 = CARTESIAN_POINT('',(294.1564209736,94.,372.33304448274));
#3277 = LINE('',#3278,#3279);
#3278 = CARTESIAN_POINT('',(260.21529547664,94.,338.39191898578));
#3279 = VECTOR('',#3280,1.);
#3280 = DIRECTION('',(0.707106781187,0.,0.707106781187));
#3281 = ORIENTED_EDGE('',*,*,#3282,.T.);
#3282 = EDGE_CURVE('',#3275,#3283,#3285,.T.);
#3283 = VERTEX_POINT('',#3284);
#3284 = CARTESIAN_POINT('',(294.1564209736,110.,372.33304448274));
#3285 = LINE('',#3286,#3287);
#3286 = CARTESIAN_POINT('',(294.1564209736,94.,372.33304448274));
#3287 = VECTOR('',#3288,1.);
#3288 = DIRECTION('',(-0.,1.,0.));
#3289 = ORIENTED_EDGE('',*,*,#3290,.F.);
#3290 = EDGE_CURVE('',#3244,#3283,#3291,.T.);
#3291 = LINE('',#3292,#3293);
#3292 = CARTESIAN_POINT('',(260.21529547664,110.,338.39191898578));
#3293 = VECTOR('',#3294,1.);
#3294 = DIRECTION('',(0.707106781187,0.,0.707106781187));
#3295 = PLANE('',#3296);
#3296 = AXIS2_PLACEMENT_3D('',#3297,#3298,#3299);
#3297 = CARTESIAN_POINT('',(260.21529547664,94.,338.39191898578));
#3298 = DIRECTION('',(-0.707106781187,0.,0.707106781187));
#3299 = DIRECTION('',(0.707106781187,0.,0.707106781187));
#3300 = ADVANCED_FACE('',(#3301),#3326,.T.);
#3301 = FACE_BOUND('',#3302,.T.);
#3302 = EDGE_LOOP('',(#3303,#3311,#3312,#3320));
#3303 = ORIENTED_EDGE('',*,*,#3304,.F.);
#3304 = EDGE_CURVE('',#3275,#3305,#3307,.T.);
#3305 = VERTEX_POINT('',#3306);
#3306 = CARTESIAN_POINT('',(254.75559716139,94.,411.73386829495));
#3307 = LINE('',#3308,#3309);
#3308 = CARTESIAN_POINT('',(294.1564209736,94.,372.33304448274));
#3309 = VECTOR('',#3310,1.);
#3310 = DIRECTION('',(-0.707106781187,0.,0.707106781187));
#3311 = ORIENTED_EDGE('',*,*,#3282,.T.);
#3312 = ORIENTED_EDGE('',*,*,#3313,.T.);
#3313 = EDGE_CURVE('',#3283,#3314,#3316,.T.);
#3314 = VERTEX_POINT('',#3315);
#3315 = CARTESIAN_POINT('',(254.75559716139,110.,411.73386829495));
#3316 = LINE('',#3317,#3318);
#3317 = CARTESIAN_POINT('',(294.1564209736,110.,372.33304448274));
#3318 = VECTOR('',#3319,1.);
#3319 = DIRECTION('',(-0.707106781187,0.,0.707106781187));
#3320 = ORIENTED_EDGE('',*,*,#3321,.F.);
#3321 = EDGE_CURVE('',#3305,#3314,#3322,.T.);
#3322 = LINE('',#3323,#3324);
#3323 = CARTESIAN_POINT('',(254.75559716139,94.,411.73386829495));
#3324 = VECTOR('',#3325,1.);
#3325 = DIRECTION('',(0.,1.,0.));
#3326 = PLANE('',#3327);
#3327 = AXIS2_PLACEMENT_3D('',#3328,#3329,#3330);
#3328 = CARTESIAN_POINT('',(294.1564209736,94.,372.33304448274));
#3329 = DIRECTION('',(0.707106781187,0.,0.707106781187));
#3330 = DIRECTION('',(-0.707106781187,0.,0.707106781187));
#3331 = ADVANCED_FACE('',(#3332,#3353,#3382,#3393),#3404,.T.);
#3332 = FACE_BOUND('',#3333,.T.);
#3333 = EDGE_LOOP('',(#3334,#3335,#3344,#3351,#3352));
#3334 = ORIENTED_EDGE('',*,*,#3304,.T.);
#3335 = ORIENTED_EDGE('',*,*,#3336,.F.);
#3336 = EDGE_CURVE('',#3337,#3305,#3339,.T.);
#3337 = VERTEX_POINT('',#3338);
#3338 = CARTESIAN_POINT('',(205.76807332528,94.,426.7802666341));
#3339 = CIRCLE('',#3340,29.);
#3340 = AXIS2_PLACEMENT_3D('',#3341,#3342,#3343);
#3341 = CARTESIAN_POINT('',(226.27416997969,94.,406.27416997969));
#3342 = DIRECTION('',(0.,1.,-0.));
#3343 = DIRECTION('',(-0.707106781187,0.,0.707106781187));
#3344 = ORIENTED_EDGE('',*,*,#3345,.F.);
#3345 = EDGE_CURVE('',#3236,#3337,#3346,.T.);
#3346 = CIRCLE('',#3347,29.);
#3347 = AXIS2_PLACEMENT_3D('',#3348,#3349,#3350);
#3348 = CARTESIAN_POINT('',(226.27416997969,94.,406.27416997969));
#3349 = DIRECTION('',(0.,1.,-0.));
#3350 = DIRECTION('',(-0.707106781187,0.,0.707106781187));
#3351 = ORIENTED_EDGE('',*,*,#3233,.F.);
#3352 = ORIENTED_EDGE('',*,*,#3274,.T.);
#3353 = FACE_BOUND('',#3354,.T.);
#3354 = EDGE_LOOP('',(#3355,#3366,#3375));
#3355 = ORIENTED_EDGE('',*,*,#3356,.T.);
#3356 = EDGE_CURVE('',#3357,#3359,#3361,.T.);
#3357 = VERTEX_POINT('',#3358);
#3358 = CARTESIAN_POINT('',(233.48665914779,94.,413.48665914779));
#3359 = VERTEX_POINT('',#3360);
#3360 = CARTESIAN_POINT('',(219.06168081159,94.,399.06168081159));
#3361 = CIRCLE('',#3362,10.2);
#3362 = AXIS2_PLACEMENT_3D('',#3363,#3364,#3365);
#3363 = CARTESIAN_POINT('',(226.27416997969,94.,406.27416997969));
#3364 = DIRECTION('',(0.,1.,-0.));
#3365 = DIRECTION('',(-0.707106781187,0.,0.707106781187));
#3366 = ORIENTED_EDGE('',*,*,#3367,.T.);
#3367 = EDGE_CURVE('',#3359,#3368,#3370,.T.);
#3368 = VERTEX_POINT('',#3369);
#3369 = CARTESIAN_POINT('',(219.06168081159,94.,413.48665914779));
#3370 = CIRCLE('',#3371,10.2);
#3371 = AXIS2_PLACEMENT_3D('',#3372,#3373,#3374);
#3372 = CARTESIAN_POINT('',(226.27416997969,94.,406.27416997969));
#3373 = DIRECTION('',(0.,1.,-0.));
#3374 = DIRECTION('',(-0.707106781187,0.,0.707106781187));
#3375 = ORIENTED_EDGE('',*,*,#3376,.T.);
#3376 = EDGE_CURVE('',#3368,#3357,#3377,.T.);
#3377 = CIRCLE('',#3378,10.2);
#3378 = AXIS2_PLACEMENT_3D('',#3379,#3380,#3381);
#3379 = CARTESIAN_POINT('',(226.27416997969,94.,406.27416997969));
#3380 = DIRECTION('',(0.,1.,-0.));
#3381 = DIRECTION('',(-0.707106781187,0.,0.707106781187));
#3382 = FACE_BOUND('',#3383,.T.);
#3383 = EDGE_LOOP('',(#3384));
#3384 = ORIENTED_EDGE('',*,*,#3385,.T.);
#3385 = EDGE_CURVE('',#3386,#3386,#3388,.T.);
#3386 = VERTEX_POINT('',#3387);
#3387 = CARTESIAN_POINT('',(257.91719843779,94.,347.7610838365));
#3388 = CIRCLE('',#3389,2.25);
#3389 = AXIS2_PLACEMENT_3D('',#3390,#3391,#3392);
#3390 = CARTESIAN_POINT('',(259.50818869546,94.,346.17009357883));
#3391 = DIRECTION('',(0.,1.,-0.));
#3392 = DIRECTION('',(-0.707106781187,0.,0.707106781187));
#3393 = FACE_BOUND('',#3394,.T.);
#3394 = EDGE_LOOP('',(#3395));
#3395 = ORIENTED_EDGE('',*,*,#3396,.T.);
#3396 = EDGE_CURVE('',#3397,#3397,#3399,.T.);
#3397 = VERTEX_POINT('',#3398);
#3398 = CARTESIAN_POINT('',(252.2603441883,94.,353.417938086));
#3399 = CIRCLE('',#3400,2.25);
#3400 = AXIS2_PLACEMENT_3D('',#3401,#3402,#3403);
#3401 = CARTESIAN_POINT('',(253.85133444597,94.,351.82694782833));
#3402 = DIRECTION('',(0.,1.,-0.));
#3403 = DIRECTION('',(-0.707106781187,0.,0.707106781187));
#3404 = PLANE('',#3405);
#3405 = AXIS2_PLACEMENT_3D('',#3406,#3407,#3408);
#3406 = CARTESIAN_POINT('',(243.98368656207,94.,388.56465339731));
#3407 = DIRECTION('',(0.,-1.,-0.));
#3408 = DIRECTION('',(0.707106781187,0.,-0.707106781187));
#3409 = ADVANCED_FACE('',(#3410),#3505,.F.);
#3410 = FACE_BOUND('',#3411,.F.);
#3411 = EDGE_LOOP('',(#3412,#3422,#3429,#3430,#3439,#3447,#3456,#3464,
    #3473,#3481,#3490,#3498));
#3412 = ORIENTED_EDGE('',*,*,#3413,.F.);
#3413 = EDGE_CURVE('',#3414,#3416,#3418,.T.);
#3414 = VERTEX_POINT('',#3415);
#3415 = CARTESIAN_POINT('',(211.35421689665,98.,421.19412306273));
#3416 = VERTEX_POINT('',#3417);
#3417 = CARTESIAN_POINT('',(211.35421689665,110.,421.19412306273));
#3418 = LINE('',#3419,#3420);
#3419 = CARTESIAN_POINT('',(211.35421689665,98.,421.19412306273));
#3420 = VECTOR('',#3421,1.);
#3421 = DIRECTION('',(0.,1.,0.));
#3422 = ORIENTED_EDGE('',*,*,#3423,.T.);
#3423 = EDGE_CURVE('',#3414,#3414,#3424,.T.);
#3424 = CIRCLE('',#3425,21.1);
#3425 = AXIS2_PLACEMENT_3D('',#3426,#3427,#3428);
#3426 = CARTESIAN_POINT('',(226.27416997969,98.,406.27416997969));
#3427 = DIRECTION('',(0.,1.,-0.));
#3428 = DIRECTION('',(-0.707106781187,0.,0.707106781187));
#3429 = ORIENTED_EDGE('',*,*,#3413,.T.);
#3430 = ORIENTED_EDGE('',*,*,#3431,.F.);
#3431 = EDGE_CURVE('',#3432,#3416,#3434,.T.);
#3432 = VERTEX_POINT('',#3433);
#3433 = CARTESIAN_POINT('',(210.50257840361,110.,392.2575049285));
#3434 = CIRCLE('',#3435,21.1);
#3435 = AXIS2_PLACEMENT_3D('',#3436,#3437,#3438);
#3436 = CARTESIAN_POINT('',(226.27416997969,110.,406.27416997969));
#3437 = DIRECTION('',(0.,1.,-0.));
#3438 = DIRECTION('',(-0.707106781187,0.,0.707106781187));
#3439 = ORIENTED_EDGE('',*,*,#3440,.F.);
#3440 = EDGE_CURVE('',#3441,#3432,#3443,.T.);
#3441 = VERTEX_POINT('',#3442);
#3442 = CARTESIAN_POINT('',(210.50257840361,105.,392.2575049285));
#3443 = LINE('',#3444,#3445);
#3444 = CARTESIAN_POINT('',(210.50257840361,98.,392.2575049285));
#3445 = VECTOR('',#3446,1.);
#3446 = DIRECTION('',(0.,1.,0.));
#3447 = ORIENTED_EDGE('',*,*,#3448,.F.);
#3448 = EDGE_CURVE('',#3449,#3441,#3451,.T.);
#3449 = VERTEX_POINT('',#3450);
#3450 = CARTESIAN_POINT('',(212.2575049285,105.,390.50257840361));
#3451 = CIRCLE('',#3452,21.1);
#3452 = AXIS2_PLACEMENT_3D('',#3453,#3454,#3455);
#3453 = CARTESIAN_POINT('',(226.27416997969,105.,406.27416997969));
#3454 = DIRECTION('',(0.,1.,-0.));
#3455 = DIRECTION('',(-0.707106781187,0.,0.707106781187));
#3456 = ORIENTED_EDGE('',*,*,#3457,.T.);
#3457 = EDGE_CURVE('',#3449,#3458,#3460,.T.);
#3458 = VERTEX_POINT('',#3459);
#3459 = CARTESIAN_POINT('',(212.2575049285,110.,390.50257840361));
#3460 = LINE('',#3461,#3462);
#3461 = CARTESIAN_POINT('',(212.2575049285,98.,390.50257840361));
#3462 = VECTOR('',#3463,1.);
#3463 = DIRECTION('',(0.,1.,0.));
#3464 = ORIENTED_EDGE('',*,*,#3465,.F.);
#3465 = EDGE_CURVE('',#3466,#3458,#3468,.T.);
#3466 = VERTEX_POINT('',#3467);
#3467 = CARTESIAN_POINT('',(242.04576155577,110.,420.29083503088));
#3468 = CIRCLE('',#3469,21.1);
#3469 = AXIS2_PLACEMENT_3D('',#3470,#3471,#3472);
#3470 = CARTESIAN_POINT('',(226.27416997969,110.,406.27416997969));
#3471 = DIRECTION('',(0.,1.,-0.));
#3472 = DIRECTION('',(-0.707106781187,0.,0.707106781187));
#3473 = ORIENTED_EDGE('',*,*,#3474,.F.);
#3474 = EDGE_CURVE('',#3475,#3466,#3477,.T.);
#3475 = VERTEX_POINT('',#3476);
#3476 = CARTESIAN_POINT('',(242.04576155577,105.,420.29083503088));
#3477 = LINE('',#3478,#3479);
#3478 = CARTESIAN_POINT('',(242.04576155577,98.,420.29083503088));
#3479 = VECTOR('',#3480,1.);
#3480 = DIRECTION('',(0.,1.,0.));
#3481 = ORIENTED_EDGE('',*,*,#3482,.F.);
#3482 = EDGE_CURVE('',#3483,#3475,#3485,.T.);
#3483 = VERTEX_POINT('',#3484);
#3484 = CARTESIAN_POINT('',(240.29083503088,105.,422.04576155577));
#3485 = CIRCLE('',#3486,21.1);
#3486 = AXIS2_PLACEMENT_3D('',#3487,#3488,#3489);
#3487 = CARTESIAN_POINT('',(226.27416997969,105.,406.27416997969));
#3488 = DIRECTION('',(0.,1.,-0.));
#3489 = DIRECTION('',(-0.707106781187,0.,0.707106781187));
#3490 = ORIENTED_EDGE('',*,*,#3491,.T.);
#3491 = EDGE_CURVE('',#3483,#3492,#3494,.T.);
#3492 = VERTEX_POINT('',#3493);
#3493 = CARTESIAN_POINT('',(240.29083503088,110.,422.04576155577));
#3494 = LINE('',#3495,#3496);
#3495 = CARTESIAN_POINT('',(240.29083503088,98.,422.04576155577));
#3496 = VECTOR('',#3497,1.);
#3497 = DIRECTION('',(0.,1.,0.));
#3498 = ORIENTED_EDGE('',*,*,#3499,.F.);
#3499 = EDGE_CURVE('',#3416,#3492,#3500,.T.);
#3500 = CIRCLE('',#3501,21.1);
#3501 = AXIS2_PLACEMENT_3D('',#3502,#3503,#3504);
#3502 = CARTESIAN_POINT('',(226.27416997969,110.,406.27416997969));
#3503 = DIRECTION('',(0.,1.,-0.));
#3504 = DIRECTION('',(-0.707106781187,0.,0.707106781187));
#3505 = CYLINDRICAL_SURFACE('',#3506,21.1);
#3506 = AXIS2_PLACEMENT_3D('',#3507,#3508,#3509);
#3507 = CARTESIAN_POINT('',(226.27416997969,98.,406.27416997969));
#3508 = DIRECTION('',(0.,1.,0.));
#3509 = DIRECTION('',(-0.707106781187,0.,0.707106781187));
#3510 = ADVANCED_FACE('',(#3511,#3514),#3525,.T.);
#3511 = FACE_BOUND('',#3512,.T.);
#3512 = EDGE_LOOP('',(#3513));
#3513 = ORIENTED_EDGE('',*,*,#3423,.T.);
#3514 = FACE_BOUND('',#3515,.T.);
#3515 = EDGE_LOOP('',(#3516));
#3516 = ORIENTED_EDGE('',*,*,#3517,.F.);
#3517 = EDGE_CURVE('',#3518,#3518,#3520,.T.);
#3518 = VERTEX_POINT('',#3519);
#3519 = CARTESIAN_POINT('',(219.06168081159,98.,413.48665914779));
#3520 = CIRCLE('',#3521,10.2);
#3521 = AXIS2_PLACEMENT_3D('',#3522,#3523,#3524);
#3522 = CARTESIAN_POINT('',(226.27416997969,98.,406.27416997969));
#3523 = DIRECTION('',(0.,1.,-0.));
#3524 = DIRECTION('',(-0.707106781187,0.,0.707106781187));
#3525 = PLANE('',#3526);
#3526 = AXIS2_PLACEMENT_3D('',#3527,#3528,#3529);
#3527 = CARTESIAN_POINT('',(226.27416997969,98.,406.27416997969));
#3528 = DIRECTION('',(0.,1.,0.));
#3529 = DIRECTION('',(-0.707106781187,0.,0.707106781187));
#3530 = ADVANCED_FACE('',(#3531),#3544,.F.);
#3531 = FACE_BOUND('',#3532,.F.);
#3532 = EDGE_LOOP('',(#3533,#3534,#3540,#3541,#3542,#3543));
#3533 = ORIENTED_EDGE('',*,*,#3367,.T.);
#3534 = ORIENTED_EDGE('',*,*,#3535,.T.);
#3535 = EDGE_CURVE('',#3368,#3518,#3536,.T.);
#3536 = LINE('',#3537,#3538);
#3537 = CARTESIAN_POINT('',(219.06168081159,94.,413.48665914779));
#3538 = VECTOR('',#3539,1.);
#3539 = DIRECTION('',(0.,1.,0.));
#3540 = ORIENTED_EDGE('',*,*,#3517,.F.);
#3541 = ORIENTED_EDGE('',*,*,#3535,.F.);
#3542 = ORIENTED_EDGE('',*,*,#3376,.T.);
#3543 = ORIENTED_EDGE('',*,*,#3356,.T.);
#3544 = CYLINDRICAL_SURFACE('',#3545,10.2);
#3545 = AXIS2_PLACEMENT_3D('',#3546,#3547,#3548);
#3546 = CARTESIAN_POINT('',(226.27416997969,94.,406.27416997969));
#3547 = DIRECTION('',(0.,1.,0.));
#3548 = DIRECTION('',(-0.707106781187,0.,0.707106781187));
#3549 = ADVANCED_FACE('',(#3550),#3569,.T.);
#3550 = FACE_BOUND('',#3551,.T.);
#3551 = EDGE_LOOP('',(#3552,#3561,#3568));
#3552 = ORIENTED_EDGE('',*,*,#3553,.T.);
#3553 = EDGE_CURVE('',#3449,#3554,#3556,.T.);
#3554 = VERTEX_POINT('',#3555);
#3555 = CARTESIAN_POINT('',(208.38436841567,105.,391.63705960913));
#3556 = CIRCLE('',#3557,2.3);
#3557 = AXIS2_PLACEMENT_3D('',#3558,#3559,#3560);
#3558 = CARTESIAN_POINT('',(210.0107140124,105.,390.0107140124));
#3559 = DIRECTION('',(0.,1.,-0.));
#3560 = DIRECTION('',(-0.707106781187,0.,0.707106781187));
#3561 = ORIENTED_EDGE('',*,*,#3562,.T.);
#3562 = EDGE_CURVE('',#3554,#3441,#3563,.T.);
#3563 = CIRCLE('',#3564,2.3);
#3564 = AXIS2_PLACEMENT_3D('',#3565,#3566,#3567);
#3565 = CARTESIAN_POINT('',(210.0107140124,105.,390.0107140124));
#3566 = DIRECTION('',(0.,1.,-0.));
#3567 = DIRECTION('',(-0.707106781187,0.,0.707106781187));
#3568 = ORIENTED_EDGE('',*,*,#3448,.F.);
#3569 = PLANE('',#3570);
#3570 = AXIS2_PLACEMENT_3D('',#3571,#3572,#3573);
#3571 = CARTESIAN_POINT('',(210.0107140124,105.,390.0107140124));
#3572 = DIRECTION('',(0.,1.,0.));
#3573 = DIRECTION('',(-0.707106781187,0.,0.707106781187));
#3574 = ADVANCED_FACE('',(#3575),#3594,.T.);
#3575 = FACE_BOUND('',#3576,.T.);
#3576 = EDGE_LOOP('',(#3577,#3586,#3593));
#3577 = ORIENTED_EDGE('',*,*,#3578,.T.);
#3578 = EDGE_CURVE('',#3483,#3579,#3581,.T.);
#3579 = VERTEX_POINT('',#3580);
#3580 = CARTESIAN_POINT('',(240.91128035025,105.,424.16397154371));
#3581 = CIRCLE('',#3582,2.3);
#3582 = AXIS2_PLACEMENT_3D('',#3583,#3584,#3585);
#3583 = CARTESIAN_POINT('',(242.53762594698,105.,422.53762594698));
#3584 = DIRECTION('',(0.,1.,-0.));
#3585 = DIRECTION('',(-0.707106781187,0.,0.707106781187));
#3586 = ORIENTED_EDGE('',*,*,#3587,.T.);
#3587 = EDGE_CURVE('',#3579,#3475,#3588,.T.);
#3588 = CIRCLE('',#3589,2.3);
#3589 = AXIS2_PLACEMENT_3D('',#3590,#3591,#3592);
#3590 = CARTESIAN_POINT('',(242.53762594698,105.,422.53762594698));
#3591 = DIRECTION('',(0.,1.,-0.));
#3592 = DIRECTION('',(-0.707106781187,0.,0.707106781187));
#3593 = ORIENTED_EDGE('',*,*,#3482,.F.);
#3594 = PLANE('',#3595);
#3595 = AXIS2_PLACEMENT_3D('',#3596,#3597,#3598);
#3596 = CARTESIAN_POINT('',(242.53762594698,105.,422.53762594698));
#3597 = DIRECTION('',(0.,1.,0.));
#3598 = DIRECTION('',(-0.707106781187,0.,0.707106781187));
#3599 = ADVANCED_FACE('',(#3600),#3619,.F.);
#3600 = FACE_BOUND('',#3601,.F.);
#3601 = EDGE_LOOP('',(#3602,#3611,#3617,#3618));
#3602 = ORIENTED_EDGE('',*,*,#3603,.F.);
#3603 = EDGE_CURVE('',#3604,#3604,#3606,.T.);
#3604 = VERTEX_POINT('',#3605);
#3605 = CARTESIAN_POINT('',(257.91719843779,110.,347.7610838365));
#3606 = CIRCLE('',#3607,2.25);
#3607 = AXIS2_PLACEMENT_3D('',#3608,#3609,#3610);
#3608 = CARTESIAN_POINT('',(259.50818869546,110.,346.17009357883));
#3609 = DIRECTION('',(0.,1.,-0.));
#3610 = DIRECTION('',(-0.707106781187,0.,0.707106781187));
#3611 = ORIENTED_EDGE('',*,*,#3612,.F.);
#3612 = EDGE_CURVE('',#3386,#3604,#3613,.T.);
#3613 = LINE('',#3614,#3615);
#3614 = CARTESIAN_POINT('',(257.91719843779,94.,347.7610838365));
#3615 = VECTOR('',#3616,1.);
#3616 = DIRECTION('',(0.,1.,0.));
#3617 = ORIENTED_EDGE('',*,*,#3385,.T.);
#3618 = ORIENTED_EDGE('',*,*,#3612,.T.);
#3619 = CYLINDRICAL_SURFACE('',#3620,2.25);
#3620 = AXIS2_PLACEMENT_3D('',#3621,#3622,#3623);
#3621 = CARTESIAN_POINT('',(259.50818869546,94.,346.17009357883));
#3622 = DIRECTION('',(0.,1.,0.));
#3623 = DIRECTION('',(-0.707106781187,0.,0.707106781187));
#3624 = ADVANCED_FACE('',(#3625),#3644,.F.);
#3625 = FACE_BOUND('',#3626,.F.);
#3626 = EDGE_LOOP('',(#3627,#3636,#3642,#3643));
#3627 = ORIENTED_EDGE('',*,*,#3628,.F.);
#3628 = EDGE_CURVE('',#3629,#3629,#3631,.T.);
#3629 = VERTEX_POINT('',#3630);
#3630 = CARTESIAN_POINT('',(252.2603441883,110.,353.417938086));
#3631 = CIRCLE('',#3632,2.25);
#3632 = AXIS2_PLACEMENT_3D('',#3633,#3634,#3635);
#3633 = CARTESIAN_POINT('',(253.85133444597,110.,351.82694782833));
#3634 = DIRECTION('',(0.,1.,-0.));
#3635 = DIRECTION('',(-0.707106781187,0.,0.707106781187));
#3636 = ORIENTED_EDGE('',*,*,#3637,.F.);
#3637 = EDGE_CURVE('',#3397,#3629,#3638,.T.);
#3638 = LINE('',#3639,#3640);
#3639 = CARTESIAN_POINT('',(252.2603441883,94.,353.417938086));
#3640 = VECTOR('',#3641,1.);
#3641 = DIRECTION('',(0.,1.,0.));
#3642 = ORIENTED_EDGE('',*,*,#3396,.T.);
#3643 = ORIENTED_EDGE('',*,*,#3637,.T.);
#3644 = CYLINDRICAL_SURFACE('',#3645,2.25);
#3645 = AXIS2_PLACEMENT_3D('',#3646,#3647,#3648);
#3646 = CARTESIAN_POINT('',(253.85133444597,94.,351.82694782833));
#3647 = DIRECTION('',(0.,1.,0.));
#3648 = DIRECTION('',(-0.707106781187,0.,0.707106781187));
#3649 = ADVANCED_FACE('',(#3650,#3671,#3726,#3737,#3740),#3743,.T.);
#3650 = FACE_BOUND('',#3651,.T.);
#3651 = EDGE_LOOP('',(#3652,#3653,#3654,#3655,#3664));
#3652 = ORIENTED_EDGE('',*,*,#3313,.F.);
#3653 = ORIENTED_EDGE('',*,*,#3290,.F.);
#3654 = ORIENTED_EDGE('',*,*,#3251,.T.);
#3655 = ORIENTED_EDGE('',*,*,#3656,.T.);
#3656 = EDGE_CURVE('',#3252,#3657,#3659,.T.);
#3657 = VERTEX_POINT('',#3658);
#3658 = CARTESIAN_POINT('',(205.76807332528,110.,426.7802666341));
#3659 = CIRCLE('',#3660,29.);
#3660 = AXIS2_PLACEMENT_3D('',#3661,#3662,#3663);
#3661 = CARTESIAN_POINT('',(226.27416997969,110.,406.27416997969));
#3662 = DIRECTION('',(0.,1.,-0.));
#3663 = DIRECTION('',(-0.707106781187,0.,0.707106781187));
#3664 = ORIENTED_EDGE('',*,*,#3665,.T.);
#3665 = EDGE_CURVE('',#3657,#3314,#3666,.T.);
#3666 = CIRCLE('',#3667,29.);
#3667 = AXIS2_PLACEMENT_3D('',#3668,#3669,#3670);
#3668 = CARTESIAN_POINT('',(226.27416997969,110.,406.27416997969));
#3669 = DIRECTION('',(0.,1.,-0.));
#3670 = DIRECTION('',(-0.707106781187,0.,0.707106781187));
#3671 = FACE_BOUND('',#3672,.T.);
#3672 = EDGE_LOOP('',(#3673,#3682,#3691,#3698,#3699,#3700,#3709,#3718,
    #3725));
#3673 = ORIENTED_EDGE('',*,*,#3674,.F.);
#3674 = EDGE_CURVE('',#3675,#3466,#3677,.T.);
#3675 = VERTEX_POINT('',#3676);
#3676 = CARTESIAN_POINT('',(244.70931457976,110.,421.78015087658));
#3677 = CIRCLE('',#3678,2.3);
#3678 = AXIS2_PLACEMENT_3D('',#3679,#3680,#3681);
#3679 = CARTESIAN_POINT('',(242.53762594698,110.,422.53762594698));
#3680 = DIRECTION('',(0.,1.,-0.));
#3681 = DIRECTION('',(-0.707106781187,0.,0.707106781187));
#3682 = ORIENTED_EDGE('',*,*,#3683,.F.);
#3683 = EDGE_CURVE('',#3684,#3675,#3686,.T.);
#3684 = VERTEX_POINT('',#3685);
#3685 = CARTESIAN_POINT('',(240.91128035025,110.,424.16397154371));
#3686 = CIRCLE('',#3687,2.3);
#3687 = AXIS2_PLACEMENT_3D('',#3688,#3689,#3690);
#3688 = CARTESIAN_POINT('',(242.53762594698,110.,422.53762594698));
#3689 = DIRECTION('',(0.,1.,-0.));
#3690 = DIRECTION('',(-0.707106781187,0.,0.707106781187));
#3691 = ORIENTED_EDGE('',*,*,#3692,.F.);
#3692 = EDGE_CURVE('',#3492,#3684,#3693,.T.);
#3693 = CIRCLE('',#3694,2.3);
#3694 = AXIS2_PLACEMENT_3D('',#3695,#3696,#3697);
#3695 = CARTESIAN_POINT('',(242.53762594698,110.,422.53762594698));
#3696 = DIRECTION('',(0.,1.,-0.));
#3697 = DIRECTION('',(-0.707106781187,0.,0.707106781187));
#3698 = ORIENTED_EDGE('',*,*,#3499,.F.);
#3699 = ORIENTED_EDGE('',*,*,#3431,.F.);
#3700 = ORIENTED_EDGE('',*,*,#3701,.F.);
#3701 = EDGE_CURVE('',#3702,#3432,#3704,.T.);
#3702 = VERTEX_POINT('',#3703);
#3703 = CARTESIAN_POINT('',(208.38436841567,110.,391.63705960913));
#3704 = CIRCLE('',#3705,2.3);
#3705 = AXIS2_PLACEMENT_3D('',#3706,#3707,#3708);
#3706 = CARTESIAN_POINT('',(210.0107140124,110.,390.0107140124));
#3707 = DIRECTION('',(0.,1.,-0.));
#3708 = DIRECTION('',(-0.707106781187,0.,0.707106781187));
#3709 = ORIENTED_EDGE('',*,*,#3710,.F.);
#3710 = EDGE_CURVE('',#3711,#3702,#3713,.T.);
#3711 = VERTEX_POINT('',#3712);
#3712 = CARTESIAN_POINT('',(210.7681890828,110.,387.83902537963));
#3713 = CIRCLE('',#3714,2.3);
#3714 = AXIS2_PLACEMENT_3D('',#3715,#3716,#3717);
#3715 = CARTESIAN_POINT('',(210.0107140124,110.,390.0107140124));
#3716 = DIRECTION('',(0.,1.,-0.));
#3717 = DIRECTION('',(-0.707106781187,0.,0.707106781187));
#3718 = ORIENTED_EDGE('',*,*,#3719,.F.);
#3719 = EDGE_CURVE('',#3458,#3711,#3720,.T.);
#3720 = CIRCLE('',#3721,2.3);
#3721 = AXIS2_PLACEMENT_3D('',#3722,#3723,#3724);
#3722 = CARTESIAN_POINT('',(210.0107140124,110.,390.0107140124));
#3723 = DIRECTION('',(0.,1.,-0.));
#3724 = DIRECTION('',(-0.707106781187,0.,0.707106781187));
#3725 = ORIENTED_EDGE('',*,*,#3465,.F.);
#3726 = FACE_BOUND('',#3727,.T.);
#3727 = EDGE_LOOP('',(#3728));
#3728 = ORIENTED_EDGE('',*,*,#3729,.F.);
#3729 = EDGE_CURVE('',#3730,#3730,#3732,.T.);
#3730 = VERTEX_POINT('',#3731);
#3731 = CARTESIAN_POINT('',(207.67726163448,110.,424.8710783249));
#3732 = CIRCLE('',#3733,2.3);
#3733 = AXIS2_PLACEMENT_3D('',#3734,#3735,#3736);
#3734 = CARTESIAN_POINT('',(209.30360723121,110.,423.24473272817));
#3735 = DIRECTION('',(0.,1.,-0.));
#3736 = DIRECTION('',(-0.707106781187,0.,0.707106781187));
#3737 = FACE_BOUND('',#3738,.T.);
#3738 = EDGE_LOOP('',(#3739));
#3739 = ORIENTED_EDGE('',*,*,#3603,.F.);
#3740 = FACE_BOUND('',#3741,.T.);
#3741 = EDGE_LOOP('',(#3742));
#3742 = ORIENTED_EDGE('',*,*,#3628,.F.);
#3743 = PLANE('',#3744);
#3744 = AXIS2_PLACEMENT_3D('',#3745,#3746,#3747);
#3745 = CARTESIAN_POINT('',(243.98368656207,110.,388.56465339731));
#3746 = DIRECTION('',(0.,1.,0.));
#3747 = DIRECTION('',(-0.707106781187,0.,0.707106781187));
#3748 = ADVANCED_FACE('',(#3749),#3768,.F.);
#3749 = FACE_BOUND('',#3750,.F.);
#3750 = EDGE_LOOP('',(#3751,#3752,#3760,#3767));
#3751 = ORIENTED_EDGE('',*,*,#3729,.F.);
#3752 = ORIENTED_EDGE('',*,*,#3753,.F.);
#3753 = EDGE_CURVE('',#3754,#3730,#3756,.T.);
#3754 = VERTEX_POINT('',#3755);
#3755 = CARTESIAN_POINT('',(207.67726163448,105.,424.8710783249));
#3756 = LINE('',#3757,#3758);
#3757 = CARTESIAN_POINT('',(207.67726163448,105.,424.8710783249));
#3758 = VECTOR('',#3759,1.);
#3759 = DIRECTION('',(0.,1.,0.));
#3760 = ORIENTED_EDGE('',*,*,#3761,.T.);
#3761 = EDGE_CURVE('',#3754,#3754,#3762,.T.);
#3762 = CIRCLE('',#3763,2.3);
#3763 = AXIS2_PLACEMENT_3D('',#3764,#3765,#3766);
#3764 = CARTESIAN_POINT('',(209.30360723121,105.,423.24473272817));
#3765 = DIRECTION('',(0.,1.,-0.));
#3766 = DIRECTION('',(-0.707106781187,0.,0.707106781187));
#3767 = ORIENTED_EDGE('',*,*,#3753,.T.);
#3768 = CYLINDRICAL_SURFACE('',#3769,2.3);
#3769 = AXIS2_PLACEMENT_3D('',#3770,#3771,#3772);
#3770 = CARTESIAN_POINT('',(209.30360723121,105.,423.24473272817));
#3771 = DIRECTION('',(0.,1.,0.));
#3772 = DIRECTION('',(-0.707106781187,0.,0.707106781187));
#3773 = ADVANCED_FACE('',(#3774),#3777,.T.);
#3774 = FACE_BOUND('',#3775,.F.);
#3775 = EDGE_LOOP('',(#3776));
#3776 = ORIENTED_EDGE('',*,*,#3761,.F.);
#3777 = PLANE('',#3778);
#3778 = AXIS2_PLACEMENT_3D('',#3779,#3780,#3781);
#3779 = CARTESIAN_POINT('',(209.30360723121,105.,423.24473272817));
#3780 = DIRECTION('',(0.,1.,0.));
#3781 = DIRECTION('',(-0.707106781187,0.,0.707106781187));
#3782 = ADVANCED_FACE('',(#3783),#3791,.T.);
#3783 = FACE_BOUND('',#3784,.T.);
#3784 = EDGE_LOOP('',(#3785,#3786,#3787,#3788,#3789,#3790));
#3785 = ORIENTED_EDGE('',*,*,#3336,.T.);
#3786 = ORIENTED_EDGE('',*,*,#3321,.T.);
#3787 = ORIENTED_EDGE('',*,*,#3665,.F.);
#3788 = ORIENTED_EDGE('',*,*,#3656,.F.);
#3789 = ORIENTED_EDGE('',*,*,#3259,.F.);
#3790 = ORIENTED_EDGE('',*,*,#3345,.T.);
#3791 = CYLINDRICAL_SURFACE('',#3792,29.);
#3792 = AXIS2_PLACEMENT_3D('',#3793,#3794,#3795);
#3793 = CARTESIAN_POINT('',(226.27416997969,94.,406.27416997969));
#3794 = DIRECTION('',(0.,1.,0.));
#3795 = DIRECTION('',(-0.707106781187,0.,0.707106781187));
#3796 = ADVANCED_FACE('',(#3797),#3806,.F.);
#3797 = FACE_BOUND('',#3798,.F.);
#3798 = EDGE_LOOP('',(#3799,#3800,#3801,#3802,#3803,#3804,#3805));
#3799 = ORIENTED_EDGE('',*,*,#3440,.T.);
#3800 = ORIENTED_EDGE('',*,*,#3701,.F.);
#3801 = ORIENTED_EDGE('',*,*,#3710,.F.);
#3802 = ORIENTED_EDGE('',*,*,#3719,.F.);
#3803 = ORIENTED_EDGE('',*,*,#3457,.F.);
#3804 = ORIENTED_EDGE('',*,*,#3553,.T.);
#3805 = ORIENTED_EDGE('',*,*,#3562,.T.);
#3806 = CYLINDRICAL_SURFACE('',#3807,2.3);
#3807 = AXIS2_PLACEMENT_3D('',#3808,#3809,#3810);
#3808 = CARTESIAN_POINT('',(210.0107140124,105.,390.0107140124));
#3809 = DIRECTION('',(0.,1.,0.));
#3810 = DIRECTION('',(-0.707106781187,0.,0.707106781187));
#3811 = ADVANCED_FACE('',(#3812),#3821,.F.);
#3812 = FACE_BOUND('',#3813,.F.);
#3813 = EDGE_LOOP('',(#3814,#3815,#3816,#3817,#3818,#3819,#3820));
#3814 = ORIENTED_EDGE('',*,*,#3491,.F.);
#3815 = ORIENTED_EDGE('',*,*,#3578,.T.);
#3816 = ORIENTED_EDGE('',*,*,#3587,.T.);
#3817 = ORIENTED_EDGE('',*,*,#3474,.T.);
#3818 = ORIENTED_EDGE('',*,*,#3674,.F.);
#3819 = ORIENTED_EDGE('',*,*,#3683,.F.);
#3820 = ORIENTED_EDGE('',*,*,#3692,.F.);
#3821 = CYLINDRICAL_SURFACE('',#3822,2.3);
#3822 = AXIS2_PLACEMENT_3D('',#3823,#3824,#3825);
#3823 = CARTESIAN_POINT('',(242.53762594698,105.,422.53762594698));
#3824 = DIRECTION('',(0.,1.,0.));
#3825 = DIRECTION('',(-0.707106781187,0.,0.707106781187));
#3826 = MANIFOLD_SOLID_BREP('',#3827);
#3827 = CLOSED_SHELL('',(#3828,#3861,#3881,#3901));
#3828 = ADVANCED_FACE('',(#3829),#3856,.T.);
#3829 = FACE_BOUND('',#3830,.T.);
#3830 = EDGE_LOOP('',(#3831,#3840,#3848,#3855));
#3831 = ORIENTED_EDGE('',*,*,#3832,.F.);
#3832 = EDGE_CURVE('',#3833,#3833,#3835,.T.);
#3833 = VERTEX_POINT('',#3834);
#3834 = CARTESIAN_POINT('',(211.42492757477,110.,421.12341238461));
#3835 = CIRCLE('',#3836,21.);
#3836 = AXIS2_PLACEMENT_3D('',#3837,#3838,#3839);
#3837 = CARTESIAN_POINT('',(226.27416997969,110.,406.27416997969));
#3838 = DIRECTION('',(0.,1.,-0.));
#3839 = DIRECTION('',(-0.707106781187,0.,0.707106781187));
#3840 = ORIENTED_EDGE('',*,*,#3841,.F.);
#3841 = EDGE_CURVE('',#3842,#3833,#3844,.T.);
#3842 = VERTEX_POINT('',#3843);
#3843 = CARTESIAN_POINT('',(211.42492757477,98.,421.12341238461));
#3844 = LINE('',#3845,#3846);
#3845 = CARTESIAN_POINT('',(211.42492757477,98.,421.12341238461));
#3846 = VECTOR('',#3847,1.);
#3847 = DIRECTION('',(0.,1.,0.));
#3848 = ORIENTED_EDGE('',*,*,#3849,.T.);
#3849 = EDGE_CURVE('',#3842,#3842,#3850,.T.);
#3850 = CIRCLE('',#3851,21.);
#3851 = AXIS2_PLACEMENT_3D('',#3852,#3853,#3854);
#3852 = CARTESIAN_POINT('',(226.27416997969,98.,406.27416997969));
#3853 = DIRECTION('',(0.,1.,-0.));
#3854 = DIRECTION('',(-0.707106781187,0.,0.707106781187));
#3855 = ORIENTED_EDGE('',*,*,#3841,.T.);
#3856 = CYLINDRICAL_SURFACE('',#3857,21.);
#3857 = AXIS2_PLACEMENT_3D('',#3858,#3859,#3860);
#3858 = CARTESIAN_POINT('',(226.27416997969,98.,406.27416997969));
#3859 = DIRECTION('',(0.,1.,0.));
#3860 = DIRECTION('',(-0.707106781187,0.,0.707106781187));
#3861 = ADVANCED_FACE('',(#3862,#3865),#3876,.T.);
#3862 = FACE_BOUND('',#3863,.T.);
#3863 = EDGE_LOOP('',(#3864));
#3864 = ORIENTED_EDGE('',*,*,#3832,.T.);
#3865 = FACE_BOUND('',#3866,.T.);
#3866 = EDGE_LOOP('',(#3867));
#3867 = ORIENTED_EDGE('',*,*,#3868,.F.);
#3868 = EDGE_CURVE('',#3869,#3869,#3871,.T.);
#3869 = VERTEX_POINT('',#3870);
#3870 = CARTESIAN_POINT('',(219.20310216783,110.,413.34523779156));
#3871 = CIRCLE('',#3872,10.);
#3872 = AXIS2_PLACEMENT_3D('',#3873,#3874,#3875);
#3873 = CARTESIAN_POINT('',(226.27416997969,110.,406.27416997969));
#3874 = DIRECTION('',(0.,1.,-0.));
#3875 = DIRECTION('',(-0.707106781187,0.,0.707106781187));
#3876 = PLANE('',#3877);
#3877 = AXIS2_PLACEMENT_3D('',#3878,#3879,#3880);
#3878 = CARTESIAN_POINT('',(226.27416997969,110.,406.27416997969));
#3879 = DIRECTION('',(0.,1.,0.));
#3880 = DIRECTION('',(-0.707106781187,0.,0.707106781187));
#3881 = ADVANCED_FACE('',(#3882,#3885),#3896,.F.);
#3882 = FACE_BOUND('',#3883,.F.);
#3883 = EDGE_LOOP('',(#3884));
#3884 = ORIENTED_EDGE('',*,*,#3849,.T.);
#3885 = FACE_BOUND('',#3886,.F.);
#3886 = EDGE_LOOP('',(#3887));
#3887 = ORIENTED_EDGE('',*,*,#3888,.F.);
#3888 = EDGE_CURVE('',#3889,#3889,#3891,.T.);
#3889 = VERTEX_POINT('',#3890);
#3890 = CARTESIAN_POINT('',(219.20310216783,98.,413.34523779156));
#3891 = CIRCLE('',#3892,10.);
#3892 = AXIS2_PLACEMENT_3D('',#3893,#3894,#3895);
#3893 = CARTESIAN_POINT('',(226.27416997969,98.,406.27416997969));
#3894 = DIRECTION('',(0.,1.,-0.));
#3895 = DIRECTION('',(-0.707106781187,0.,0.707106781187));
#3896 = PLANE('',#3897);
#3897 = AXIS2_PLACEMENT_3D('',#3898,#3899,#3900);
#3898 = CARTESIAN_POINT('',(226.27416997969,98.,406.27416997969));
#3899 = DIRECTION('',(0.,1.,0.));
#3900 = DIRECTION('',(-0.707106781187,0.,0.707106781187));
#3901 = ADVANCED_FACE('',(#3902),#3913,.F.);
#3902 = FACE_BOUND('',#3903,.F.);
#3903 = EDGE_LOOP('',(#3904,#3905,#3911,#3912));
#3904 = ORIENTED_EDGE('',*,*,#3868,.F.);
#3905 = ORIENTED_EDGE('',*,*,#3906,.F.);
#3906 = EDGE_CURVE('',#3889,#3869,#3907,.T.);
#3907 = LINE('',#3908,#3909);
#3908 = CARTESIAN_POINT('',(219.20310216783,98.,413.34523779156));
#3909 = VECTOR('',#3910,1.);
#3910 = DIRECTION('',(0.,1.,0.));
#3911 = ORIENTED_EDGE('',*,*,#3888,.T.);
#3912 = ORIENTED_EDGE('',*,*,#3906,.T.);
#3913 = CYLINDRICAL_SURFACE('',#3914,10.);
#3914 = AXIS2_PLACEMENT_3D('',#3915,#3916,#3917);
#3915 = CARTESIAN_POINT('',(226.27416997969,98.,406.27416997969));
#3916 = DIRECTION('',(0.,1.,0.));
#3917 = DIRECTION('',(-0.707106781187,0.,0.707106781187));
#3918 = MANIFOLD_SOLID_BREP('',#3919);
#3919 = CLOSED_SHELL('',(#3920,#3953,#4006,#4059,#4076,#4093,#4110));
#3920 = ADVANCED_FACE('',(#3921),#3948,.T.);
#3921 = FACE_BOUND('',#3922,.T.);
#3922 = EDGE_LOOP('',(#3923,#3932,#3940,#3947));
#3923 = ORIENTED_EDGE('',*,*,#3924,.F.);
#3924 = EDGE_CURVE('',#3925,#3925,#3927,.T.);
#3925 = VERTEX_POINT('',#3926);
#3926 = CARTESIAN_POINT('',(205.76807332528,113.,426.7802666341));
#3927 = CIRCLE('',#3928,29.);
#3928 = AXIS2_PLACEMENT_3D('',#3929,#3930,#3931);
#3929 = CARTESIAN_POINT('',(226.27416997969,113.,406.27416997969));
#3930 = DIRECTION('',(0.,1.,-0.));
#3931 = DIRECTION('',(-0.707106781187,0.,0.707106781187));
#3932 = ORIENTED_EDGE('',*,*,#3933,.F.);
#3933 = EDGE_CURVE('',#3934,#3925,#3936,.T.);
#3934 = VERTEX_POINT('',#3935);
#3935 = CARTESIAN_POINT('',(205.76807332528,110.,426.7802666341));
#3936 = LINE('',#3937,#3938);
#3937 = CARTESIAN_POINT('',(205.76807332528,110.,426.7802666341));
#3938 = VECTOR('',#3939,1.);
#3939 = DIRECTION('',(0.,1.,0.));
#3940 = ORIENTED_EDGE('',*,*,#3941,.T.);
#3941 = EDGE_CURVE('',#3934,#3934,#3942,.T.);
#3942 = CIRCLE('',#3943,29.);
#3943 = AXIS2_PLACEMENT_3D('',#3944,#3945,#3946);
#3944 = CARTESIAN_POINT('',(226.27416997969,110.,406.27416997969));
#3945 = DIRECTION('',(0.,1.,-0.));
#3946 = DIRECTION('',(-0.707106781187,0.,0.707106781187));
#3947 = ORIENTED_EDGE('',*,*,#3933,.T.);
#3948 = CYLINDRICAL_SURFACE('',#3949,29.);
#3949 = AXIS2_PLACEMENT_3D('',#3950,#3951,#3952);
#3950 = CARTESIAN_POINT('',(226.27416997969,110.,406.27416997969));
#3951 = DIRECTION('',(0.,1.,0.));
#3952 = DIRECTION('',(-0.707106781187,0.,0.707106781187));
#3953 = ADVANCED_FACE('',(#3954,#3957,#3968,#3979,#3990),#4001,.T.);
#3954 = FACE_BOUND('',#3955,.T.);
#3955 = EDGE_LOOP('',(#3956));
#3956 = ORIENTED_EDGE('',*,*,#3924,.T.);
#3957 = FACE_BOUND('',#3958,.T.);
#3958 = EDGE_LOOP('',(#3959));
#3959 = ORIENTED_EDGE('',*,*,#3960,.F.);
#3960 = EDGE_CURVE('',#3961,#3961,#3963,.T.);
#3961 = VERTEX_POINT('',#3962);
#3962 = CARTESIAN_POINT('',(208.80863248438,113.,391.21279554042));
#3963 = CIRCLE('',#3964,1.7);
#3964 = AXIS2_PLACEMENT_3D('',#3965,#3966,#3967);
#3965 = CARTESIAN_POINT('',(210.0107140124,113.,390.0107140124));
#3966 = DIRECTION('',(0.,1.,-0.));
#3967 = DIRECTION('',(-0.707106781187,0.,0.707106781187));
#3968 = FACE_BOUND('',#3969,.T.);
#3969 = EDGE_LOOP('',(#3970));
#3970 = ORIENTED_EDGE('',*,*,#3971,.F.);
#3971 = EDGE_CURVE('',#3972,#3972,#3974,.T.);
#3972 = VERTEX_POINT('',#3973);
#3973 = CARTESIAN_POINT('',(218.49599538664,113.,414.05234457274));
#3974 = CIRCLE('',#3975,11.);
#3975 = AXIS2_PLACEMENT_3D('',#3976,#3977,#3978);
#3976 = CARTESIAN_POINT('',(226.27416997969,113.,406.27416997969));
#3977 = DIRECTION('',(0.,1.,-0.));
#3978 = DIRECTION('',(-0.707106781187,0.,0.707106781187));
#3979 = FACE_BOUND('',#3980,.T.);
#3980 = EDGE_LOOP('',(#3981));
#3981 = ORIENTED_EDGE('',*,*,#3982,.F.);
#3982 = EDGE_CURVE('',#3983,#3983,#3985,.T.);
#3983 = VERTEX_POINT('',#3984);
#3984 = CARTESIAN_POINT('',(241.33554441896,113.,423.739707475));
#3985 = CIRCLE('',#3986,1.7);
#3986 = AXIS2_PLACEMENT_3D('',#3987,#3988,#3989);
#3987 = CARTESIAN_POINT('',(242.53762594698,113.,422.53762594698));
#3988 = DIRECTION('',(0.,1.,-0.));
#3989 = DIRECTION('',(-0.707106781187,0.,0.707106781187));
#3990 = FACE_BOUND('',#3991,.T.);
#3991 = EDGE_LOOP('',(#3992));
#3992 = ORIENTED_EDGE('',*,*,#3993,.F.);
#3993 = EDGE_CURVE('',#3994,#3994,#3996,.T.);
#3994 = VERTEX_POINT('',#3995);
#3995 = CARTESIAN_POINT('',(208.1015257032,113.,424.44681425618));
#3996 = CIRCLE('',#3997,1.7);
#3997 = AXIS2_PLACEMENT_3D('',#3998,#3999,#4000);
#3998 = CARTESIAN_POINT('',(209.30360723121,113.,423.24473272817));
#3999 = DIRECTION('',(0.,1.,-0.));
#4000 = DIRECTION('',(-0.707106781187,0.,0.707106781187));
#4001 = PLANE('',#4002);
#4002 = AXIS2_PLACEMENT_3D('',#4003,#4004,#4005);
#4003 = CARTESIAN_POINT('',(226.27416997969,113.,406.27416997969));
#4004 = DIRECTION('',(0.,1.,0.));
#4005 = DIRECTION('',(-0.707106781187,0.,0.707106781187));
#4006 = ADVANCED_FACE('',(#4007,#4010,#4021,#4032,#4043),#4054,.F.);
#4007 = FACE_BOUND('',#4008,.F.);
#4008 = EDGE_LOOP('',(#4009));
#4009 = ORIENTED_EDGE('',*,*,#3941,.T.);
#4010 = FACE_BOUND('',#4011,.F.);
#4011 = EDGE_LOOP('',(#4012));
#4012 = ORIENTED_EDGE('',*,*,#4013,.F.);
#4013 = EDGE_CURVE('',#4014,#4014,#4016,.T.);
#4014 = VERTEX_POINT('',#4015);
#4015 = CARTESIAN_POINT('',(208.80863248438,110.,391.21279554042));
#4016 = CIRCLE('',#4017,1.7);
#4017 = AXIS2_PLACEMENT_3D('',#4018,#4019,#4020);
#4018 = CARTESIAN_POINT('',(210.0107140124,110.,390.0107140124));
#4019 = DIRECTION('',(0.,1.,-0.));
#4020 = DIRECTION('',(-0.707106781187,0.,0.707106781187));
#4021 = FACE_BOUND('',#4022,.F.);
#4022 = EDGE_LOOP('',(#4023));
#4023 = ORIENTED_EDGE('',*,*,#4024,.F.);
#4024 = EDGE_CURVE('',#4025,#4025,#4027,.T.);
#4025 = VERTEX_POINT('',#4026);
#4026 = CARTESIAN_POINT('',(218.49599538664,110.,414.05234457274));
#4027 = CIRCLE('',#4028,11.);
#4028 = AXIS2_PLACEMENT_3D('',#4029,#4030,#4031);
#4029 = CARTESIAN_POINT('',(226.27416997969,110.,406.27416997969));
#4030 = DIRECTION('',(0.,1.,-0.));
#4031 = DIRECTION('',(-0.707106781187,0.,0.707106781187));
#4032 = FACE_BOUND('',#4033,.F.);
#4033 = EDGE_LOOP('',(#4034));
#4034 = ORIENTED_EDGE('',*,*,#4035,.F.);
#4035 = EDGE_CURVE('',#4036,#4036,#4038,.T.);
#4036 = VERTEX_POINT('',#4037);
#4037 = CARTESIAN_POINT('',(241.33554441896,110.,423.739707475));
#4038 = CIRCLE('',#4039,1.7);
#4039 = AXIS2_PLACEMENT_3D('',#4040,#4041,#4042);
#4040 = CARTESIAN_POINT('',(242.53762594698,110.,422.53762594698));
#4041 = DIRECTION('',(0.,1.,-0.));
#4042 = DIRECTION('',(-0.707106781187,0.,0.707106781187));
#4043 = FACE_BOUND('',#4044,.F.);
#4044 = EDGE_LOOP('',(#4045));
#4045 = ORIENTED_EDGE('',*,*,#4046,.F.);
#4046 = EDGE_CURVE('',#4047,#4047,#4049,.T.);
#4047 = VERTEX_POINT('',#4048);
#4048 = CARTESIAN_POINT('',(208.1015257032,110.,424.44681425618));
#4049 = CIRCLE('',#4050,1.7);
#4050 = AXIS2_PLACEMENT_3D('',#4051,#4052,#4053);
#4051 = CARTESIAN_POINT('',(209.30360723121,110.,423.24473272817));
#4052 = DIRECTION('',(0.,1.,-0.));
#4053 = DIRECTION('',(-0.707106781187,0.,0.707106781187));
#4054 = PLANE('',#4055);
#4055 = AXIS2_PLACEMENT_3D('',#4056,#4057,#4058);
#4056 = CARTESIAN_POINT('',(226.27416997969,110.,406.27416997969));
#4057 = DIRECTION('',(0.,1.,0.));
#4058 = DIRECTION('',(-0.707106781187,0.,0.707106781187));
#4059 = ADVANCED_FACE('',(#4060),#4071,.F.);
#4060 = FACE_BOUND('',#4061,.F.);
#4061 = EDGE_LOOP('',(#4062,#4063,#4069,#4070));
#4062 = ORIENTED_EDGE('',*,*,#3960,.F.);
#4063 = ORIENTED_EDGE('',*,*,#4064,.F.);
#4064 = EDGE_CURVE('',#4014,#3961,#4065,.T.);
#4065 = LINE('',#4066,#4067);
#4066 = CARTESIAN_POINT('',(208.80863248438,110.,391.21279554042));
#4067 = VECTOR('',#4068,1.);
#4068 = DIRECTION('',(0.,1.,0.));
#4069 = ORIENTED_EDGE('',*,*,#4013,.T.);
#4070 = ORIENTED_EDGE('',*,*,#4064,.T.);
#4071 = CYLINDRICAL_SURFACE('',#4072,1.7);
#4072 = AXIS2_PLACEMENT_3D('',#4073,#4074,#4075);
#4073 = CARTESIAN_POINT('',(210.0107140124,110.,390.0107140124));
#4074 = DIRECTION('',(0.,1.,0.));
#4075 = DIRECTION('',(-0.707106781187,0.,0.707106781187));
#4076 = ADVANCED_FACE('',(#4077),#4088,.F.);
#4077 = FACE_BOUND('',#4078,.F.);
#4078 = EDGE_LOOP('',(#4079,#4080,#4086,#4087));
#4079 = ORIENTED_EDGE('',*,*,#3971,.F.);
#4080 = ORIENTED_EDGE('',*,*,#4081,.F.);
#4081 = EDGE_CURVE('',#4025,#3972,#4082,.T.);
#4082 = LINE('',#4083,#4084);
#4083 = CARTESIAN_POINT('',(218.49599538664,110.,414.05234457274));
#4084 = VECTOR('',#4085,1.);
#4085 = DIRECTION('',(0.,1.,0.));
#4086 = ORIENTED_EDGE('',*,*,#4024,.T.);
#4087 = ORIENTED_EDGE('',*,*,#4081,.T.);
#4088 = CYLINDRICAL_SURFACE('',#4089,11.);
#4089 = AXIS2_PLACEMENT_3D('',#4090,#4091,#4092);
#4090 = CARTESIAN_POINT('',(226.27416997969,110.,406.27416997969));
#4091 = DIRECTION('',(0.,1.,0.));
#4092 = DIRECTION('',(-0.707106781187,0.,0.707106781187));
#4093 = ADVANCED_FACE('',(#4094),#4105,.F.);
#4094 = FACE_BOUND('',#4095,.F.);
#4095 = EDGE_LOOP('',(#4096,#4097,#4103,#4104));
#4096 = ORIENTED_EDGE('',*,*,#3982,.F.);
#4097 = ORIENTED_EDGE('',*,*,#4098,.F.);
#4098 = EDGE_CURVE('',#4036,#3983,#4099,.T.);
#4099 = LINE('',#4100,#4101);
#4100 = CARTESIAN_POINT('',(241.33554441896,110.,423.739707475));
#4101 = VECTOR('',#4102,1.);
#4102 = DIRECTION('',(0.,1.,0.));
#4103 = ORIENTED_EDGE('',*,*,#4035,.T.);
#4104 = ORIENTED_EDGE('',*,*,#4098,.T.);
#4105 = CYLINDRICAL_SURFACE('',#4106,1.7);
#4106 = AXIS2_PLACEMENT_3D('',#4107,#4108,#4109);
#4107 = CARTESIAN_POINT('',(242.53762594698,110.,422.53762594698));
#4108 = DIRECTION('',(0.,1.,0.));
#4109 = DIRECTION('',(-0.707106781187,0.,0.707106781187));
#4110 = ADVANCED_FACE('',(#4111),#4122,.F.);
#4111 = FACE_BOUND('',#4112,.F.);
#4112 = EDGE_LOOP('',(#4113,#4114,#4120,#4121));
#4113 = ORIENTED_EDGE('',*,*,#3993,.F.);
#4114 = ORIENTED_EDGE('',*,*,#4115,.F.);
#4115 = EDGE_CURVE('',#4047,#3994,#4116,.T.);
#4116 = LINE('',#4117,#4118);
#4117 = CARTESIAN_POINT('',(208.1015257032,110.,424.44681425618));
#4118 = VECTOR('',#4119,1.);
#4119 = DIRECTION('',(0.,1.,0.));
#4120 = ORIENTED_EDGE('',*,*,#4046,.T.);
#4121 = ORIENTED_EDGE('',*,*,#4115,.T.);
#4122 = CYLINDRICAL_SURFACE('',#4123,1.7);
#4123 = AXIS2_PLACEMENT_3D('',#4124,#4125,#4126);
#4124 = CARTESIAN_POINT('',(209.30360723121,110.,423.24473272817));
#4125 = DIRECTION('',(0.,1.,0.));
#4126 = DIRECTION('',(-0.707106781187,0.,0.707106781187));
#4127 = MANIFOLD_SOLID_BREP('',#4128);
#4128 = CLOSED_SHELL('',(#4129,#4146,#4166,#4191,#4211,#4236));
#4129 = ADVANCED_FACE('',(#4130),#4141,.T.);
#4130 = FACE_BOUND('',#4131,.T.);
#4131 = EDGE_LOOP('',(#4132));
#4132 = ORIENTED_EDGE('',*,*,#4133,.T.);
#4133 = EDGE_CURVE('',#4134,#4134,#4136,.T.);
#4134 = VERTEX_POINT('',#4135);
#4135 = CARTESIAN_POINT('',(218.7566290134,110.,403.53800883309));
#4136 = CIRCLE('',#4137,8.);
#4137 = AXIS2_PLACEMENT_3D('',#4138,#4139,#4140);
#4138 = CARTESIAN_POINT('',(226.27416997969,110.,406.27416997969));
#4139 = DIRECTION('',(0.,1.,0.));
#4140 = DIRECTION('',(-0.939692620786,0.,-0.342020143326));
#4141 = PLANE('',#4142);
#4142 = AXIS2_PLACEMENT_3D('',#4143,#4144,#4145);
#4143 = CARTESIAN_POINT('',(226.27416997969,110.,406.27416997969));
#4144 = DIRECTION('',(0.,1.,0.));
#4145 = DIRECTION('',(-0.939692620786,0.,-0.342020143326));
#4146 = ADVANCED_FACE('',(#4147,#4158),#4161,.T.);
#4147 = FACE_BOUND('',#4148,.T.);
#4148 = EDGE_LOOP('',(#4149));
#4149 = ORIENTED_EDGE('',*,*,#4150,.T.);
#4150 = EDGE_CURVE('',#4151,#4151,#4153,.T.);
#4151 = VERTEX_POINT('',#4152);
#4152 = CARTESIAN_POINT('',(216.97121303391,110.,402.88817056077));
#4153 = CIRCLE('',#4154,9.9);
#4154 = AXIS2_PLACEMENT_3D('',#4155,#4156,#4157);
#4155 = CARTESIAN_POINT('',(226.27416997969,110.,406.27416997969));
#4156 = DIRECTION('',(0.,1.,0.));
#4157 = DIRECTION('',(-0.939692620786,0.,-0.342020143326));
#4158 = FACE_BOUND('',#4159,.T.);
#4159 = EDGE_LOOP('',(#4160));
#4160 = ORIENTED_EDGE('',*,*,#4133,.F.);
#4161 = PLANE('',#4162);
#4162 = AXIS2_PLACEMENT_3D('',#4163,#4164,#4165);
#4163 = CARTESIAN_POINT('',(226.27416997969,110.,406.27416997969));
#4164 = DIRECTION('',(0.,1.,0.));
#4165 = DIRECTION('',(-0.939692620786,0.,-0.342020143326));
#4166 = ADVANCED_FACE('',(#4167),#4186,.T.);
#4167 = FACE_BOUND('',#4168,.T.);
#4168 = EDGE_LOOP('',(#4169,#4170,#4178,#4185));
#4169 = ORIENTED_EDGE('',*,*,#4150,.F.);
#4170 = ORIENTED_EDGE('',*,*,#4171,.F.);
#4171 = EDGE_CURVE('',#4172,#4151,#4174,.T.);
#4172 = VERTEX_POINT('',#4173);
#4173 = CARTESIAN_POINT('',(216.97121303391,94.,402.88817056077));
#4174 = LINE('',#4175,#4176);
#4175 = CARTESIAN_POINT('',(216.97121303391,94.,402.88817056077));
#4176 = VECTOR('',#4177,1.);
#4177 = DIRECTION('',(0.,1.,0.));
#4178 = ORIENTED_EDGE('',*,*,#4179,.T.);
#4179 = EDGE_CURVE('',#4172,#4172,#4180,.T.);
#4180 = CIRCLE('',#4181,9.9);
#4181 = AXIS2_PLACEMENT_3D('',#4182,#4183,#4184);
#4182 = CARTESIAN_POINT('',(226.27416997969,94.,406.27416997969));
#4183 = DIRECTION('',(0.,1.,0.));
#4184 = DIRECTION('',(-0.939692620786,0.,-0.342020143326));
#4185 = ORIENTED_EDGE('',*,*,#4171,.T.);
#4186 = CYLINDRICAL_SURFACE('',#4187,9.9);
#4187 = AXIS2_PLACEMENT_3D('',#4188,#4189,#4190);
#4188 = CARTESIAN_POINT('',(226.27416997969,94.,406.27416997969));
#4189 = DIRECTION('',(0.,1.,0.));
#4190 = DIRECTION('',(-0.939692620786,0.,-0.342020143326));
#4191 = ADVANCED_FACE('',(#4192,#4195),#4206,.F.);
#4192 = FACE_BOUND('',#4193,.F.);
#4193 = EDGE_LOOP('',(#4194));
#4194 = ORIENTED_EDGE('',*,*,#4179,.T.);
#4195 = FACE_BOUND('',#4196,.F.);
#4196 = EDGE_LOOP('',(#4197));
#4197 = ORIENTED_EDGE('',*,*,#4198,.F.);
#4198 = EDGE_CURVE('',#4199,#4199,#4201,.T.);
#4199 = VERTEX_POINT('',#4200);
#4200 = CARTESIAN_POINT('',(218.7566290134,94.,403.53800883309));
#4201 = CIRCLE('',#4202,8.);
#4202 = AXIS2_PLACEMENT_3D('',#4203,#4204,#4205);
#4203 = CARTESIAN_POINT('',(226.27416997969,94.,406.27416997969));
#4204 = DIRECTION('',(0.,1.,0.));
#4205 = DIRECTION('',(-0.939692620786,0.,-0.342020143326));
#4206 = PLANE('',#4207);
#4207 = AXIS2_PLACEMENT_3D('',#4208,#4209,#4210);
#4208 = CARTESIAN_POINT('',(226.27416997969,94.,406.27416997969));
#4209 = DIRECTION('',(0.,1.,0.));
#4210 = DIRECTION('',(-0.939692620786,0.,-0.342020143326));
#4211 = ADVANCED_FACE('',(#4212),#4231,.T.);
#4212 = FACE_BOUND('',#4213,.T.);
#4213 = EDGE_LOOP('',(#4214,#4215,#4223,#4230));
#4214 = ORIENTED_EDGE('',*,*,#4198,.F.);
#4215 = ORIENTED_EDGE('',*,*,#4216,.F.);
#4216 = EDGE_CURVE('',#4217,#4199,#4219,.T.);
#4217 = VERTEX_POINT('',#4218);
#4218 = CARTESIAN_POINT('',(218.7566290134,8.,403.53800883309));
#4219 = LINE('',#4220,#4221);
#4220 = CARTESIAN_POINT('',(218.7566290134,8.,403.53800883309));
#4221 = VECTOR('',#4222,1.);
#4222 = DIRECTION('',(0.,1.,0.));
#4223 = ORIENTED_EDGE('',*,*,#4224,.T.);
#4224 = EDGE_CURVE('',#4217,#4217,#4225,.T.);
#4225 = CIRCLE('',#4226,8.);
#4226 = AXIS2_PLACEMENT_3D('',#4227,#4228,#4229);
#4227 = CARTESIAN_POINT('',(226.27416997969,8.,406.27416997969));
#4228 = DIRECTION('',(0.,1.,0.));
#4229 = DIRECTION('',(-0.939692620786,0.,-0.342020143326));
#4230 = ORIENTED_EDGE('',*,*,#4216,.T.);
#4231 = CYLINDRICAL_SURFACE('',#4232,8.);
#4232 = AXIS2_PLACEMENT_3D('',#4233,#4234,#4235);
#4233 = CARTESIAN_POINT('',(226.27416997969,8.,406.27416997969));
#4234 = DIRECTION('',(0.,1.,0.));
#4235 = DIRECTION('',(-0.939692620786,0.,-0.342020143326));
#4236 = ADVANCED_FACE('',(#4237),#4240,.F.);
#4237 = FACE_BOUND('',#4238,.T.);
#4238 = EDGE_LOOP('',(#4239));
#4239 = ORIENTED_EDGE('',*,*,#4224,.F.);
#4240 = PLANE('',#4241);
#4241 = AXIS2_PLACEMENT_3D('',#4242,#4243,#4244);
#4242 = CARTESIAN_POINT('',(226.27416997969,8.,406.27416997969));
#4243 = DIRECTION('',(0.,1.,0.));
#4244 = DIRECTION('',(-0.939692620786,0.,-0.342020143326));
#4245 = MANIFOLD_SOLID_BREP('',#4246);
#4246 = CLOSED_SHELL('',(#4247,#4404,#4501,#4524,#4569,#4579,#4602,#4649
    ,#4660,#4671,#4709,#4725,#4735,#4759,#4769,#4867,#5099,#5116,#5137,
    #5154,#5171,#5188,#5210));
#4247 = ADVANCED_FACE('',(#4248,#4268,#4288,#4308,#4328,#4348,#4368,
    #4379),#4399,.F.);
#4248 = FACE_BOUND('',#4249,.F.);
#4249 = EDGE_LOOP('',(#4250,#4261));
#4250 = ORIENTED_EDGE('',*,*,#4251,.T.);
#4251 = EDGE_CURVE('',#4252,#4254,#4256,.T.);
#4252 = VERTEX_POINT('',#4253);
#4253 = CARTESIAN_POINT('',(219.7757872565,1.03331961582E-30,
    424.12832977462));
#4254 = VERTEX_POINT('',#4255);
#4255 = CARTESIAN_POINT('',(208.42001018476,0.,399.7757872565));
#4256 = CIRCLE('',#4257,19.);
#4257 = AXIS2_PLACEMENT_3D('',#4258,#4259,#4260);
#4258 = CARTESIAN_POINT('',(226.27416997969,0.,406.27416997969));
#4259 = DIRECTION('',(2.086536767334E-16,1.,7.594372760115E-17));
#4260 = DIRECTION('',(-0.342020143326,0.,0.939692620786));
#4261 = ORIENTED_EDGE('',*,*,#4262,.T.);
#4262 = EDGE_CURVE('',#4254,#4252,#4263,.T.);
#4263 = CIRCLE('',#4264,19.);
#4264 = AXIS2_PLACEMENT_3D('',#4265,#4266,#4267);
#4265 = CARTESIAN_POINT('',(226.27416997969,0.,406.27416997969));
#4266 = DIRECTION('',(2.086536767334E-16,1.,7.594372760115E-17));
#4267 = DIRECTION('',(-0.342020143326,0.,0.939692620786));
#4268 = FACE_BOUND('',#4269,.F.);
#4269 = EDGE_LOOP('',(#4270,#4281));
#4270 = ORIENTED_EDGE('',*,*,#4271,.F.);
#4271 = EDGE_CURVE('',#4272,#4274,#4276,.T.);
#4272 = VERTEX_POINT('',#4273);
#4273 = CARTESIAN_POINT('',(220.38799089704,1.891935497156E-15,
    397.53398022847));
#4274 = VERTEX_POINT('',#4275);
#4275 = CARTESIAN_POINT('',(219.04322782275,0.,394.65012650922));
#4276 = CIRCLE('',#4277,2.25);
#4277 = AXIS2_PLACEMENT_3D('',#4278,#4279,#4280);
#4278 = CARTESIAN_POINT('',(221.15753621952,1.891935497156E-15,
    395.4196718317));
#4279 = DIRECTION('',(2.086536767334E-16,1.,7.594372760115E-17));
#4280 = DIRECTION('',(-0.342020143326,0.,0.939692620786));
#4281 = ORIENTED_EDGE('',*,*,#4282,.F.);
#4282 = EDGE_CURVE('',#4274,#4272,#4283,.T.);
#4283 = CIRCLE('',#4284,2.25);
#4284 = AXIS2_PLACEMENT_3D('',#4285,#4286,#4287);
#4285 = CARTESIAN_POINT('',(221.15753621952,1.891935497156E-15,
    395.4196718317));
#4286 = DIRECTION('',(2.086536767334E-16,1.,7.594372760115E-17));
#4287 = DIRECTION('',(-0.342020143326,0.,0.939692620786));
#4288 = FACE_BOUND('',#4289,.F.);
#4289 = EDGE_LOOP('',(#4290,#4301));
#4290 = ORIENTED_EDGE('',*,*,#4291,.F.);
#4291 = EDGE_CURVE('',#4292,#4294,#4296,.T.);
#4292 = VERTEX_POINT('',#4293);
#4293 = CARTESIAN_POINT('',(213.54603712876,2.570852419836E-15,
    407.39235709196));
#4294 = VERTEX_POINT('',#4295);
#4295 = CARTESIAN_POINT('',(212.20127405447,0.,404.50850337271));
#4296 = CIRCLE('',#4297,2.25);
#4297 = AXIS2_PLACEMENT_3D('',#4298,#4299,#4300);
#4298 = CARTESIAN_POINT('',(214.31558245124,2.570852419836E-15,
    405.27804869519));
#4299 = DIRECTION('',(2.086536767334E-16,1.,7.594372760115E-17));
#4300 = DIRECTION('',(-0.342020143326,0.,0.939692620786));
#4301 = ORIENTED_EDGE('',*,*,#4302,.F.);
#4302 = EDGE_CURVE('',#4294,#4292,#4303,.T.);
#4303 = CIRCLE('',#4304,2.25);
#4304 = AXIS2_PLACEMENT_3D('',#4305,#4306,#4307);
#4305 = CARTESIAN_POINT('',(214.31558245124,2.570852419836E-15,
    405.27804869519));
#4306 = DIRECTION('',(2.086536767334E-16,1.,7.594372760115E-17));
#4307 = DIRECTION('',(-0.342020143326,0.,0.939692620786));
#4308 = FACE_BOUND('',#4309,.F.);
#4309 = EDGE_LOOP('',(#4310,#4321));
#4310 = ORIENTED_EDGE('',*,*,#4311,.F.);
#4311 = EDGE_CURVE('',#4312,#4314,#4316,.T.);
#4312 = VERTEX_POINT('',#4313);
#4313 = CARTESIAN_POINT('',(218.66267088893,6.789169226806E-16,
    418.24685523995));
#4314 = VERTEX_POINT('',#4315);
#4315 = CARTESIAN_POINT('',(217.31790781465,0.,415.3630015207));
#4316 = CIRCLE('',#4317,2.25);
#4317 = AXIS2_PLACEMENT_3D('',#4318,#4319,#4320);
#4318 = CARTESIAN_POINT('',(219.43221621141,6.789169226806E-16,
    416.13254684318));
#4319 = DIRECTION('',(2.086536767334E-16,1.,7.594372760115E-17));
#4320 = DIRECTION('',(-0.342020143326,0.,0.939692620786));
#4321 = ORIENTED_EDGE('',*,*,#4322,.F.);
#4322 = EDGE_CURVE('',#4314,#4312,#4323,.T.);
#4323 = CIRCLE('',#4324,2.25);
#4324 = AXIS2_PLACEMENT_3D('',#4325,#4326,#4327);
#4325 = CARTESIAN_POINT('',(219.43221621141,6.789169226806E-16,
    416.13254684318));
#4326 = DIRECTION('',(2.086536767334E-16,1.,7.594372760115E-17));
#4327 = DIRECTION('',(-0.342020143326,0.,0.939692620786));
#4328 = FACE_BOUND('',#4329,.F.);
#4329 = EDGE_LOOP('',(#4330,#4341));
#4330 = ORIENTED_EDGE('',*,*,#4331,.F.);
#4331 = EDGE_CURVE('',#4332,#4334,#4336,.T.);
#4332 = VERTEX_POINT('',#4333);
#4333 = CARTESIAN_POINT('',(232.34657842549,-6.789169226806E-16,
    398.53010151297));
#4334 = VERTEX_POINT('',#4335);
#4335 = CARTESIAN_POINT('',(231.0018153512,0.,395.64624779372));
#4336 = CIRCLE('',#4337,2.25);
#4337 = AXIS2_PLACEMENT_3D('',#4338,#4339,#4340);
#4338 = CARTESIAN_POINT('',(233.11612374797,-6.789169226806E-16,
    396.4157931162));
#4339 = DIRECTION('',(2.086536767334E-16,1.,7.594372760115E-17));
#4340 = DIRECTION('',(-0.342020143326,0.,0.939692620786));
#4341 = ORIENTED_EDGE('',*,*,#4342,.F.);
#4342 = EDGE_CURVE('',#4334,#4332,#4343,.T.);
#4343 = CIRCLE('',#4344,2.25);
#4344 = AXIS2_PLACEMENT_3D('',#4345,#4346,#4347);
#4345 = CARTESIAN_POINT('',(233.11612374797,-6.789169226806E-16,
    396.4157931162));
#4346 = DIRECTION('',(2.086536767334E-16,1.,7.594372760115E-17));
#4347 = DIRECTION('',(-0.342020143326,0.,0.939692620786));
#4348 = FACE_BOUND('',#4349,.F.);
#4349 = EDGE_LOOP('',(#4350,#4361));
#4350 = ORIENTED_EDGE('',*,*,#4351,.F.);
#4351 = EDGE_CURVE('',#4352,#4354,#4356,.T.);
#4352 = VERTEX_POINT('',#4353);
#4353 = CARTESIAN_POINT('',(237.46321218566,-2.570852419836E-15,
    409.38459966096));
#4354 = VERTEX_POINT('',#4355);
#4355 = CARTESIAN_POINT('',(236.11844911137,0.,406.50074594171));
#4356 = CIRCLE('',#4357,2.25);
#4357 = AXIS2_PLACEMENT_3D('',#4358,#4359,#4360);
#4358 = CARTESIAN_POINT('',(238.23275750814,-2.570852419836E-15,
    407.27029126419));
#4359 = DIRECTION('',(2.086536767334E-16,1.,7.594372760115E-17));
#4360 = DIRECTION('',(-0.342020143326,0.,0.939692620786));
#4361 = ORIENTED_EDGE('',*,*,#4362,.F.);
#4362 = EDGE_CURVE('',#4354,#4352,#4363,.T.);
#4363 = CIRCLE('',#4364,2.25);
#4364 = AXIS2_PLACEMENT_3D('',#4365,#4366,#4367);
#4365 = CARTESIAN_POINT('',(238.23275750814,-2.570852419836E-15,
    407.27029126419));
#4366 = DIRECTION('',(2.086536767334E-16,1.,7.594372760115E-17));
#4367 = DIRECTION('',(-0.342020143326,0.,0.939692620786));
#4368 = FACE_BOUND('',#4369,.F.);
#4369 = EDGE_LOOP('',(#4370));
#4370 = ORIENTED_EDGE('',*,*,#4371,.F.);
#4371 = EDGE_CURVE('',#4372,#4372,#4374,.T.);
#4372 = VERTEX_POINT('',#4373);
#4373 = CARTESIAN_POINT('',(223.46960480442,4.459589920906E-31,
    413.97964947014));
#4374 = CIRCLE('',#4375,8.2);
#4375 = AXIS2_PLACEMENT_3D('',#4376,#4377,#4378);
#4376 = CARTESIAN_POINT('',(226.27416997969,0.,406.27416997969));
#4377 = DIRECTION('',(2.086536767334E-16,1.,7.594372760115E-17));
#4378 = DIRECTION('',(-0.342020143326,0.,0.939692620786));
#4379 = FACE_BOUND('',#4380,.F.);
#4380 = EDGE_LOOP('',(#4381,#4392));
#4381 = ORIENTED_EDGE('',*,*,#4382,.F.);
#4382 = EDGE_CURVE('',#4383,#4385,#4387,.T.);
#4383 = VERTEX_POINT('',#4384);
#4384 = CARTESIAN_POINT('',(230.62124902045,-1.89193327671E-15,
    419.24297310425));
#4385 = VERTEX_POINT('',#4386);
#4386 = CARTESIAN_POINT('',(229.27648594617,0.,416.35911938499));
#4387 = CIRCLE('',#4388,2.25);
#4388 = AXIS2_PLACEMENT_3D('',#4389,#4390,#4391);
#4389 = CARTESIAN_POINT('',(231.39079434294,-1.89193327671E-15,
    417.12866470748));
#4390 = DIRECTION('',(2.086536767334E-16,1.,7.594372760115E-17));
#4391 = DIRECTION('',(-0.342020143326,0.,0.939692620786));
#4392 = ORIENTED_EDGE('',*,*,#4393,.F.);
#4393 = EDGE_CURVE('',#4385,#4383,#4394,.T.);
#4394 = CIRCLE('',#4395,2.25);
#4395 = AXIS2_PLACEMENT_3D('',#4396,#4397,#4398);
#4396 = CARTESIAN_POINT('',(231.39079434294,-1.89193327671E-15,
    417.12866470748));
#4397 = DIRECTION('',(2.086536767334E-16,1.,7.594372760115E-17));
#4398 = DIRECTION('',(-0.342020143326,0.,0.939692620786));
#4399 = PLANE('',#4400);
#4400 = AXIS2_PLACEMENT_3D('',#4401,#4402,#4403);
#4401 = CARTESIAN_POINT('',(226.27416997969,0.,406.27416997969));
#4402 = DIRECTION('',(2.086536767334E-16,1.,7.594372760115E-17));
#4403 = DIRECTION('',(-0.342020143326,0.,0.939692620786));
#4404 = ADVANCED_FACE('',(#4405),#4496,.T.);
#4405 = FACE_BOUND('',#4406,.T.);
#4406 = EDGE_LOOP('',(#4407,#4408,#4415,#4424,#4433,#4442,#4451,#4460,
    #4469,#4478,#4487,#4494,#4495));
#4407 = ORIENTED_EDGE('',*,*,#4251,.T.);
#4408 = ORIENTED_EDGE('',*,*,#4409,.T.);
#4409 = EDGE_CURVE('',#4254,#4410,#4412,.T.);
#4410 = VERTEX_POINT('',#4411);
#4411 = CARTESIAN_POINT('',(208.42001018476,56.,399.7757872565));
#4412 = B_SPLINE_CURVE_WITH_KNOTS('',1,(#4413,#4414),.UNSPECIFIED.,.F.,
  .F.,(2,2),(-8.,48.),.PIECEWISE_BEZIER_KNOTS.);
#4413 = CARTESIAN_POINT('',(208.42001018476,0.,399.7757872565));
#4414 = CARTESIAN_POINT('',(208.42001018476,56.,399.7757872565));
#4415 = ORIENTED_EDGE('',*,*,#4416,.F.);
#4416 = EDGE_CURVE('',#4417,#4410,#4419,.T.);
#4417 = VERTEX_POINT('',#4418);
#4418 = CARTESIAN_POINT('',(214.74375161674,56.,391.17286366615));
#4419 = CIRCLE('',#4420,19.);
#4420 = AXIS2_PLACEMENT_3D('',#4421,#4422,#4423);
#4421 = CARTESIAN_POINT('',(226.27416997969,56.,406.27416997969));
#4422 = DIRECTION('',(0.,1.,0.));
#4423 = DIRECTION('',(-0.939692620786,0.,-0.342020143326));
#4424 = ORIENTED_EDGE('',*,*,#4425,.F.);
#4425 = EDGE_CURVE('',#4426,#4417,#4428,.T.);
#4426 = VERTEX_POINT('',#4427);
#4427 = CARTESIAN_POINT('',(224.11495612356,56.,387.39725827455));
#4428 = CIRCLE('',#4429,19.);
#4429 = AXIS2_PLACEMENT_3D('',#4430,#4431,#4432);
#4430 = CARTESIAN_POINT('',(226.27416997969,56.,406.27416997969));
#4431 = DIRECTION('',(0.,1.,0.));
#4432 = DIRECTION('',(-0.939692620786,0.,-0.342020143326));
#4433 = ORIENTED_EDGE('',*,*,#4434,.F.);
#4434 = EDGE_CURVE('',#4435,#4426,#4437,.T.);
#4435 = VERTEX_POINT('',#4436);
#4436 = CARTESIAN_POINT('',(240.06206870889,56.,393.20153257811));
#4437 = CIRCLE('',#4438,19.);
#4438 = AXIS2_PLACEMENT_3D('',#4439,#4440,#4441);
#4439 = CARTESIAN_POINT('',(226.27416997969,56.,406.27416997969));
#4440 = DIRECTION('',(0.,1.,0.));
#4441 = DIRECTION('',(-0.939692620786,0.,-0.342020143326));
#4442 = ORIENTED_EDGE('',*,*,#4443,.F.);
#4443 = EDGE_CURVE('',#4444,#4435,#4446,.T.);
#4444 = VERTEX_POINT('',#4445);
#4445 = CARTESIAN_POINT('',(244.81391548189,56.,402.11750825257));
#4446 = CIRCLE('',#4447,19.);
#4447 = AXIS2_PLACEMENT_3D('',#4448,#4449,#4450);
#4448 = CARTESIAN_POINT('',(226.27416997969,56.,406.27416997969));
#4449 = DIRECTION('',(0.,1.,0.));
#4450 = DIRECTION('',(-0.939692620786,0.,-0.342020143326));
#4451 = ORIENTED_EDGE('',*,*,#4452,.F.);
#4452 = EDGE_CURVE('',#4453,#4444,#4455,.T.);
#4453 = VERTEX_POINT('',#4454);
#4454 = CARTESIAN_POINT('',(237.80458834264,56.,421.37547629323));
#4455 = CIRCLE('',#4456,19.);
#4456 = AXIS2_PLACEMENT_3D('',#4457,#4458,#4459);
#4457 = CARTESIAN_POINT('',(226.27416997969,56.,406.27416997969));
#4458 = DIRECTION('',(0.,1.,0.));
#4459 = DIRECTION('',(-0.939692620786,0.,-0.342020143326));
#4460 = ORIENTED_EDGE('',*,*,#4461,.F.);
#4461 = EDGE_CURVE('',#4462,#4453,#4464,.T.);
#4462 = VERTEX_POINT('',#4463);
#4463 = CARTESIAN_POINT('',(228.43338383582,56.,425.15108168483));
#4464 = CIRCLE('',#4465,19.);
#4465 = AXIS2_PLACEMENT_3D('',#4466,#4467,#4468);
#4466 = CARTESIAN_POINT('',(226.27416997969,56.,406.27416997969));
#4467 = DIRECTION('',(0.,1.,0.));
#4468 = DIRECTION('',(-0.939692620786,0.,-0.342020143326));
#4469 = ORIENTED_EDGE('',*,*,#4470,.F.);
#4470 = EDGE_CURVE('',#4471,#4462,#4473,.T.);
#4471 = VERTEX_POINT('',#4472);
#4472 = CARTESIAN_POINT('',(212.48627125049,56.,419.34680738128));
#4473 = CIRCLE('',#4474,19.);
#4474 = AXIS2_PLACEMENT_3D('',#4475,#4476,#4477);
#4475 = CARTESIAN_POINT('',(226.27416997969,56.,406.27416997969));
#4476 = DIRECTION('',(0.,1.,0.));
#4477 = DIRECTION('',(-0.939692620786,0.,-0.342020143326));
#4478 = ORIENTED_EDGE('',*,*,#4479,.F.);
#4479 = EDGE_CURVE('',#4480,#4471,#4482,.T.);
#4480 = VERTEX_POINT('',#4481);
#4481 = CARTESIAN_POINT('',(207.73442447749,56.,410.43083170681));
#4482 = CIRCLE('',#4483,19.);
#4483 = AXIS2_PLACEMENT_3D('',#4484,#4485,#4486);
#4484 = CARTESIAN_POINT('',(226.27416997969,56.,406.27416997969));
#4485 = DIRECTION('',(0.,1.,0.));
#4486 = DIRECTION('',(-0.939692620786,0.,-0.342020143326));
#4487 = ORIENTED_EDGE('',*,*,#4488,.F.);
#4488 = EDGE_CURVE('',#4410,#4480,#4489,.T.);
#4489 = CIRCLE('',#4490,19.);
#4490 = AXIS2_PLACEMENT_3D('',#4491,#4492,#4493);
#4491 = CARTESIAN_POINT('',(226.27416997969,56.,406.27416997969));
#4492 = DIRECTION('',(0.,1.,0.));
#4493 = DIRECTION('',(-0.939692620786,0.,-0.342020143326));
#4494 = ORIENTED_EDGE('',*,*,#4409,.F.);
#4495 = ORIENTED_EDGE('',*,*,#4262,.T.);
#4496 = CYLINDRICAL_SURFACE('',#4497,19.);
#4497 = AXIS2_PLACEMENT_3D('',#4498,#4499,#4500);
#4498 = CARTESIAN_POINT('',(226.27416997969,8.,406.27416997969));
#4499 = DIRECTION('',(0.,1.,0.));
#4500 = DIRECTION('',(-0.939692620786,0.,-0.342020143326));
#4501 = ADVANCED_FACE('',(#4502),#4519,.F.);
#4502 = FACE_BOUND('',#4503,.F.);
#4503 = EDGE_LOOP('',(#4504,#4512,#4513));
#4504 = ORIENTED_EDGE('',*,*,#4505,.F.);
#4505 = EDGE_CURVE('',#4453,#4506,#4508,.T.);
#4506 = VERTEX_POINT('',#4507);
#4507 = CARTESIAN_POINT('',(235.49490947573,56.,427.72126682626));
#4508 = LINE('',#4509,#4510);
#4509 = CARTESIAN_POINT('',(247.1235943488,56.,395.77171771954));
#4510 = VECTOR('',#4511,1.);
#4511 = DIRECTION('',(-0.342020143326,0.,0.939692620786));
#4512 = ORIENTED_EDGE('',*,*,#4461,.F.);
#4513 = ORIENTED_EDGE('',*,*,#4514,.F.);
#4514 = EDGE_CURVE('',#4506,#4462,#4515,.T.);
#4515 = LINE('',#4516,#4517);
#4516 = CARTESIAN_POINT('',(235.49490947573,56.,427.72126682626));
#4517 = VECTOR('',#4518,1.);
#4518 = DIRECTION('',(-0.939692620786,0.,-0.342020143326));
#4519 = PLANE('',#4520);
#4520 = AXIS2_PLACEMENT_3D('',#4521,#4522,#4523);
#4521 = CARTESIAN_POINT('',(247.1235943488,56.,395.77171771954));
#4522 = DIRECTION('',(0.,1.,0.));
#4523 = DIRECTION('',(-0.939692620786,0.,-0.342020143326));
#4524 = ADVANCED_FACE('',(#4525),#4564,.T.);
#4525 = FACE_BOUND('',#4526,.T.);
#4526 = EDGE_LOOP('',(#4527,#4528,#4536,#4544,#4552,#4558));
#4527 = ORIENTED_EDGE('',*,*,#4514,.F.);
#4528 = ORIENTED_EDGE('',*,*,#4529,.T.);
#4529 = EDGE_CURVE('',#4506,#4530,#4532,.T.);
#4530 = VERTEX_POINT('',#4531);
#4531 = CARTESIAN_POINT('',(235.49490947573,84.,427.72126682626));
#4532 = LINE('',#4533,#4534);
#4533 = CARTESIAN_POINT('',(235.49490947573,56.,427.72126682626));
#4534 = VECTOR('',#4535,1.);
#4535 = DIRECTION('',(0.,1.,0.));
#4536 = ORIENTED_EDGE('',*,*,#4537,.T.);
#4537 = EDGE_CURVE('',#4530,#4538,#4540,.T.);
#4538 = VERTEX_POINT('',#4539);
#4539 = CARTESIAN_POINT('',(205.42474561058,84.,416.77662223984));
#4540 = LINE('',#4541,#4542);
#4541 = CARTESIAN_POINT('',(235.49490947573,84.,427.72126682626));
#4542 = VECTOR('',#4543,1.);
#4543 = DIRECTION('',(-0.939692620786,0.,-0.342020143326));
#4544 = ORIENTED_EDGE('',*,*,#4545,.F.);
#4545 = EDGE_CURVE('',#4546,#4538,#4548,.T.);
#4546 = VERTEX_POINT('',#4547);
#4547 = CARTESIAN_POINT('',(205.42474561058,56.,416.77662223984));
#4548 = LINE('',#4549,#4550);
#4549 = CARTESIAN_POINT('',(205.42474561058,56.,416.77662223984));
#4550 = VECTOR('',#4551,1.);
#4551 = DIRECTION('',(0.,1.,0.));
#4552 = ORIENTED_EDGE('',*,*,#4553,.F.);
#4553 = EDGE_CURVE('',#4471,#4546,#4554,.T.);
#4554 = LINE('',#4555,#4556);
#4555 = CARTESIAN_POINT('',(235.49490947573,56.,427.72126682626));
#4556 = VECTOR('',#4557,1.);
#4557 = DIRECTION('',(-0.939692620786,0.,-0.342020143326));
#4558 = ORIENTED_EDGE('',*,*,#4559,.F.);
#4559 = EDGE_CURVE('',#4462,#4471,#4560,.T.);
#4560 = LINE('',#4561,#4562);
#4561 = CARTESIAN_POINT('',(235.49490947573,56.,427.72126682626));
#4562 = VECTOR('',#4563,1.);
#4563 = DIRECTION('',(-0.939692620786,0.,-0.342020143326));
#4564 = PLANE('',#4565);
#4565 = AXIS2_PLACEMENT_3D('',#4566,#4567,#4568);
#4566 = CARTESIAN_POINT('',(235.49490947573,56.,427.72126682626));
#4567 = DIRECTION('',(-0.342020143326,0.,0.939692620786));
#4568 = DIRECTION('',(-0.939692620786,0.,-0.342020143326));
#4569 = ADVANCED_FACE('',(#4570),#4574,.T.);
#4570 = FACE_BOUND('',#4571,.T.);
#4571 = EDGE_LOOP('',(#4572,#4573));
#4572 = ORIENTED_EDGE('',*,*,#4559,.T.);
#4573 = ORIENTED_EDGE('',*,*,#4470,.T.);
#4574 = PLANE('',#4575);
#4575 = AXIS2_PLACEMENT_3D('',#4576,#4577,#4578);
#4576 = CARTESIAN_POINT('',(226.27416997969,56.,406.27416997969));
#4577 = DIRECTION('',(0.,1.,0.));
#4578 = DIRECTION('',(-0.939692620786,0.,-0.342020143326));
#4579 = ADVANCED_FACE('',(#4580),#4597,.F.);
#4580 = FACE_BOUND('',#4581,.F.);
#4581 = EDGE_LOOP('',(#4582,#4583,#4591));
#4582 = ORIENTED_EDGE('',*,*,#4425,.F.);
#4583 = ORIENTED_EDGE('',*,*,#4584,.T.);
#4584 = EDGE_CURVE('',#4426,#4585,#4587,.T.);
#4585 = VERTEX_POINT('',#4586);
#4586 = CARTESIAN_POINT('',(217.05343048365,56.,384.82707313312));
#4587 = LINE('',#4588,#4589);
#4588 = CARTESIAN_POINT('',(247.1235943488,56.,395.77171771954));
#4589 = VECTOR('',#4590,1.);
#4590 = DIRECTION('',(-0.939692620786,0.,-0.342020143326));
#4591 = ORIENTED_EDGE('',*,*,#4592,.T.);
#4592 = EDGE_CURVE('',#4585,#4417,#4593,.T.);
#4593 = LINE('',#4594,#4595);
#4594 = CARTESIAN_POINT('',(217.05343048365,56.,384.82707313312));
#4595 = VECTOR('',#4596,1.);
#4596 = DIRECTION('',(-0.342020143326,0.,0.939692620786));
#4597 = PLANE('',#4598);
#4598 = AXIS2_PLACEMENT_3D('',#4599,#4600,#4601);
#4599 = CARTESIAN_POINT('',(247.1235943488,56.,395.77171771954));
#4600 = DIRECTION('',(0.,1.,0.));
#4601 = DIRECTION('',(-0.939692620786,0.,-0.342020143326));
#4602 = ADVANCED_FACE('',(#4603,#4633),#4644,.T.);
#4603 = FACE_BOUND('',#4604,.T.);
#4604 = EDGE_LOOP('',(#4605,#4613,#4614,#4620,#4626,#4627));
#4605 = ORIENTED_EDGE('',*,*,#4606,.F.);
#4606 = EDGE_CURVE('',#4585,#4607,#4609,.T.);
#4607 = VERTEX_POINT('',#4608);
#4608 = CARTESIAN_POINT('',(217.05343048365,84.,384.82707313312));
#4609 = LINE('',#4610,#4611);
#4610 = CARTESIAN_POINT('',(217.05343048365,56.,384.82707313312));
#4611 = VECTOR('',#4612,1.);
#4612 = DIRECTION('',(0.,1.,0.));
#4613 = ORIENTED_EDGE('',*,*,#4592,.T.);
#4614 = ORIENTED_EDGE('',*,*,#4615,.T.);
#4615 = EDGE_CURVE('',#4417,#4480,#4616,.T.);
#4616 = LINE('',#4617,#4618);
#4617 = CARTESIAN_POINT('',(217.05343048365,56.,384.82707313312));
#4618 = VECTOR('',#4619,1.);
#4619 = DIRECTION('',(-0.342020143326,0.,0.939692620786));
#4620 = ORIENTED_EDGE('',*,*,#4621,.T.);
#4621 = EDGE_CURVE('',#4480,#4546,#4622,.T.);
#4622 = LINE('',#4623,#4624);
#4623 = CARTESIAN_POINT('',(217.05343048365,56.,384.82707313312));
#4624 = VECTOR('',#4625,1.);
#4625 = DIRECTION('',(-0.342020143326,0.,0.939692620786));
#4626 = ORIENTED_EDGE('',*,*,#4545,.T.);
#4627 = ORIENTED_EDGE('',*,*,#4628,.F.);
#4628 = EDGE_CURVE('',#4607,#4538,#4629,.T.);
#4629 = LINE('',#4630,#4631);
#4630 = CARTESIAN_POINT('',(217.05343048365,84.,384.82707313312));
#4631 = VECTOR('',#4632,1.);
#4632 = DIRECTION('',(-0.342020143326,0.,0.939692620786));
#4633 = FACE_BOUND('',#4634,.T.);
#4634 = EDGE_LOOP('',(#4635));
#4635 = ORIENTED_EDGE('',*,*,#4636,.F.);
#4636 = EDGE_CURVE('',#4637,#4637,#4639,.T.);
#4637 = VERTEX_POINT('',#4638);
#4638 = CARTESIAN_POINT('',(210.67475481063,70.,402.35234051078));
#4639 = CIRCLE('',#4640,1.65);
#4640 = AXIS2_PLACEMENT_3D('',#4641,#4642,#4643);
#4641 = CARTESIAN_POINT('',(211.23908804712,70.,400.80184768648));
#4642 = DIRECTION('',(-0.939692620786,0.,-0.342020143326));
#4643 = DIRECTION('',(-0.342020143326,0.,0.939692620786));
#4644 = PLANE('',#4645);
#4645 = AXIS2_PLACEMENT_3D('',#4646,#4647,#4648);
#4646 = CARTESIAN_POINT('',(217.05343048365,56.,384.82707313312));
#4647 = DIRECTION('',(-0.939692620786,0.,-0.342020143326));
#4648 = DIRECTION('',(-0.342020143326,0.,0.939692620786));
#4649 = ADVANCED_FACE('',(#4650),#4655,.T.);
#4650 = FACE_BOUND('',#4651,.T.);
#4651 = EDGE_LOOP('',(#4652,#4653,#4654));
#4652 = ORIENTED_EDGE('',*,*,#4416,.T.);
#4653 = ORIENTED_EDGE('',*,*,#4488,.T.);
#4654 = ORIENTED_EDGE('',*,*,#4615,.F.);
#4655 = PLANE('',#4656);
#4656 = AXIS2_PLACEMENT_3D('',#4657,#4658,#4659);
#4657 = CARTESIAN_POINT('',(226.27416997969,56.,406.27416997969));
#4658 = DIRECTION('',(0.,1.,0.));
#4659 = DIRECTION('',(-0.939692620786,0.,-0.342020143326));
#4660 = ADVANCED_FACE('',(#4661),#4666,.F.);
#4661 = FACE_BOUND('',#4662,.F.);
#4662 = EDGE_LOOP('',(#4663,#4664,#4665));
#4663 = ORIENTED_EDGE('',*,*,#4553,.F.);
#4664 = ORIENTED_EDGE('',*,*,#4479,.F.);
#4665 = ORIENTED_EDGE('',*,*,#4621,.T.);
#4666 = PLANE('',#4667);
#4667 = AXIS2_PLACEMENT_3D('',#4668,#4669,#4670);
#4668 = CARTESIAN_POINT('',(247.1235943488,56.,395.77171771954));
#4669 = DIRECTION('',(0.,1.,0.));
#4670 = DIRECTION('',(-0.939692620786,0.,-0.342020143326));
#4671 = ADVANCED_FACE('',(#4672),#4704,.F.);
#4672 = FACE_BOUND('',#4673,.F.);
#4673 = EDGE_LOOP('',(#4674,#4684,#4690,#4696,#4697,#4698));
#4674 = ORIENTED_EDGE('',*,*,#4675,.F.);
#4675 = EDGE_CURVE('',#4676,#4678,#4680,.T.);
#4676 = VERTEX_POINT('',#4677);
#4677 = CARTESIAN_POINT('',(247.1235943488,56.,395.77171771954));
#4678 = VERTEX_POINT('',#4679);
#4679 = CARTESIAN_POINT('',(247.1235943488,84.,395.77171771954));
#4680 = LINE('',#4681,#4682);
#4681 = CARTESIAN_POINT('',(247.1235943488,56.,395.77171771954));
#4682 = VECTOR('',#4683,1.);
#4683 = DIRECTION('',(0.,1.,0.));
#4684 = ORIENTED_EDGE('',*,*,#4685,.T.);
#4685 = EDGE_CURVE('',#4676,#4444,#4686,.T.);
#4686 = LINE('',#4687,#4688);
#4687 = CARTESIAN_POINT('',(247.1235943488,56.,395.77171771954));
#4688 = VECTOR('',#4689,1.);
#4689 = DIRECTION('',(-0.342020143326,0.,0.939692620786));
#4690 = ORIENTED_EDGE('',*,*,#4691,.T.);
#4691 = EDGE_CURVE('',#4444,#4453,#4692,.T.);
#4692 = LINE('',#4693,#4694);
#4693 = CARTESIAN_POINT('',(247.1235943488,56.,395.77171771954));
#4694 = VECTOR('',#4695,1.);
#4695 = DIRECTION('',(-0.342020143326,0.,0.939692620786));
#4696 = ORIENTED_EDGE('',*,*,#4505,.T.);
#4697 = ORIENTED_EDGE('',*,*,#4529,.T.);
#4698 = ORIENTED_EDGE('',*,*,#4699,.F.);
#4699 = EDGE_CURVE('',#4678,#4530,#4700,.T.);
#4700 = LINE('',#4701,#4702);
#4701 = CARTESIAN_POINT('',(247.1235943488,84.,395.77171771954));
#4702 = VECTOR('',#4703,1.);
#4703 = DIRECTION('',(-0.342020143326,0.,0.939692620786));
#4704 = PLANE('',#4705);
#4705 = AXIS2_PLACEMENT_3D('',#4706,#4707,#4708);
#4706 = CARTESIAN_POINT('',(247.1235943488,56.,395.77171771954));
#4707 = DIRECTION('',(-0.939692620786,0.,-0.342020143326));
#4708 = DIRECTION('',(-0.342020143326,0.,0.939692620786));
#4709 = ADVANCED_FACE('',(#4710),#4720,.F.);
#4710 = FACE_BOUND('',#4711,.F.);
#4711 = EDGE_LOOP('',(#4712,#4713,#4719));
#4712 = ORIENTED_EDGE('',*,*,#4685,.F.);
#4713 = ORIENTED_EDGE('',*,*,#4714,.T.);
#4714 = EDGE_CURVE('',#4676,#4435,#4715,.T.);
#4715 = LINE('',#4716,#4717);
#4716 = CARTESIAN_POINT('',(247.1235943488,56.,395.77171771954));
#4717 = VECTOR('',#4718,1.);
#4718 = DIRECTION('',(-0.939692620786,0.,-0.342020143326));
#4719 = ORIENTED_EDGE('',*,*,#4443,.F.);
#4720 = PLANE('',#4721);
#4721 = AXIS2_PLACEMENT_3D('',#4722,#4723,#4724);
#4722 = CARTESIAN_POINT('',(247.1235943488,56.,395.77171771954));
#4723 = DIRECTION('',(0.,1.,0.));
#4724 = DIRECTION('',(-0.939692620786,0.,-0.342020143326));
#4725 = ADVANCED_FACE('',(#4726),#4730,.T.);
#4726 = FACE_BOUND('',#4727,.T.);
#4727 = EDGE_LOOP('',(#4728,#4729));
#4728 = ORIENTED_EDGE('',*,*,#4691,.T.);
#4729 = ORIENTED_EDGE('',*,*,#4452,.T.);
#4730 = PLANE('',#4731);
#4731 = AXIS2_PLACEMENT_3D('',#4732,#4733,#4734);
#4732 = CARTESIAN_POINT('',(226.27416997969,56.,406.27416997969));
#4733 = DIRECTION('',(0.,1.,0.));
#4734 = DIRECTION('',(-0.939692620786,0.,-0.342020143326));
#4735 = ADVANCED_FACE('',(#4736),#4754,.F.);
#4736 = FACE_BOUND('',#4737,.F.);
#4737 = EDGE_LOOP('',(#4738,#4739,#4740,#4746,#4747,#4748));
#4738 = ORIENTED_EDGE('',*,*,#4714,.F.);
#4739 = ORIENTED_EDGE('',*,*,#4675,.T.);
#4740 = ORIENTED_EDGE('',*,*,#4741,.T.);
#4741 = EDGE_CURVE('',#4678,#4607,#4742,.T.);
#4742 = LINE('',#4743,#4744);
#4743 = CARTESIAN_POINT('',(247.1235943488,84.,395.77171771954));
#4744 = VECTOR('',#4745,1.);
#4745 = DIRECTION('',(-0.939692620786,0.,-0.342020143326));
#4746 = ORIENTED_EDGE('',*,*,#4606,.F.);
#4747 = ORIENTED_EDGE('',*,*,#4584,.F.);
#4748 = ORIENTED_EDGE('',*,*,#4749,.F.);
#4749 = EDGE_CURVE('',#4435,#4426,#4750,.T.);
#4750 = LINE('',#4751,#4752);
#4751 = CARTESIAN_POINT('',(247.1235943488,56.,395.77171771954));
#4752 = VECTOR('',#4753,1.);
#4753 = DIRECTION('',(-0.939692620786,0.,-0.342020143326));
#4754 = PLANE('',#4755);
#4755 = AXIS2_PLACEMENT_3D('',#4756,#4757,#4758);
#4756 = CARTESIAN_POINT('',(247.1235943488,56.,395.77171771954));
#4757 = DIRECTION('',(-0.342020143326,0.,0.939692620786));
#4758 = DIRECTION('',(-0.939692620786,0.,-0.342020143326));
#4759 = ADVANCED_FACE('',(#4760),#4764,.T.);
#4760 = FACE_BOUND('',#4761,.T.);
#4761 = EDGE_LOOP('',(#4762,#4763));
#4762 = ORIENTED_EDGE('',*,*,#4434,.T.);
#4763 = ORIENTED_EDGE('',*,*,#4749,.F.);
#4764 = PLANE('',#4765);
#4765 = AXIS2_PLACEMENT_3D('',#4766,#4767,#4768);
#4766 = CARTESIAN_POINT('',(226.27416997969,56.,406.27416997969));
#4767 = DIRECTION('',(0.,1.,0.));
#4768 = DIRECTION('',(-0.939692620786,0.,-0.342020143326));
#4769 = ADVANCED_FACE('',(#4770,#4776,#4787,#4798,#4809,#4820,#4840,
    #4851),#4862,.T.);
#4770 = FACE_BOUND('',#4771,.T.);
#4771 = EDGE_LOOP('',(#4772,#4773,#4774,#4775));
#4772 = ORIENTED_EDGE('',*,*,#4699,.F.);
#4773 = ORIENTED_EDGE('',*,*,#4741,.T.);
#4774 = ORIENTED_EDGE('',*,*,#4628,.T.);
#4775 = ORIENTED_EDGE('',*,*,#4537,.F.);
#4776 = FACE_BOUND('',#4777,.T.);
#4777 = EDGE_LOOP('',(#4778));
#4778 = ORIENTED_EDGE('',*,*,#4779,.F.);
#4779 = EDGE_CURVE('',#4780,#4780,#4782,.T.);
#4780 = VERTEX_POINT('',#4781);
#4781 = CARTESIAN_POINT('',(231.0018153512,84.,395.64624779372));
#4782 = CIRCLE('',#4783,2.25);
#4783 = AXIS2_PLACEMENT_3D('',#4784,#4785,#4786);
#4784 = CARTESIAN_POINT('',(233.11612374797,84.,396.4157931162));
#4785 = DIRECTION('',(0.,1.,0.));
#4786 = DIRECTION('',(-0.939692620786,0.,-0.342020143326));
#4787 = FACE_BOUND('',#4788,.T.);
#4788 = EDGE_LOOP('',(#4789));
#4789 = ORIENTED_EDGE('',*,*,#4790,.F.);
#4790 = EDGE_CURVE('',#4791,#4791,#4793,.T.);
#4791 = VERTEX_POINT('',#4792);
#4792 = CARTESIAN_POINT('',(236.11844911137,84.,406.50074594171));
#4793 = CIRCLE('',#4794,2.25);
#4794 = AXIS2_PLACEMENT_3D('',#4795,#4796,#4797);
#4795 = CARTESIAN_POINT('',(238.23275750814,84.,407.27029126419));
#4796 = DIRECTION('',(0.,1.,0.));
#4797 = DIRECTION('',(-0.939692620786,0.,-0.342020143326));
#4798 = FACE_BOUND('',#4799,.T.);
#4799 = EDGE_LOOP('',(#4800));
#4800 = ORIENTED_EDGE('',*,*,#4801,.F.);
#4801 = EDGE_CURVE('',#4802,#4802,#4804,.T.);
#4802 = VERTEX_POINT('',#4803);
#4803 = CARTESIAN_POINT('',(219.04322782275,84.,394.65012650922));
#4804 = CIRCLE('',#4805,2.25);
#4805 = AXIS2_PLACEMENT_3D('',#4806,#4807,#4808);
#4806 = CARTESIAN_POINT('',(221.15753621952,84.,395.4196718317));
#4807 = DIRECTION('',(0.,1.,0.));
#4808 = DIRECTION('',(-0.939692620786,0.,-0.342020143326));
#4809 = FACE_BOUND('',#4810,.T.);
#4810 = EDGE_LOOP('',(#4811));
#4811 = ORIENTED_EDGE('',*,*,#4812,.F.);
#4812 = EDGE_CURVE('',#4813,#4813,#4815,.T.);
#4813 = VERTEX_POINT('',#4814);
#4814 = CARTESIAN_POINT('',(229.27648594617,84.,416.35911938499));
#4815 = CIRCLE('',#4816,2.25);
#4816 = AXIS2_PLACEMENT_3D('',#4817,#4818,#4819);
#4817 = CARTESIAN_POINT('',(231.39079434294,84.,417.12866470748));
#4818 = DIRECTION('',(0.,1.,0.));
#4819 = DIRECTION('',(-0.939692620786,0.,-0.342020143326));
#4820 = FACE_BOUND('',#4821,.T.);
#4821 = EDGE_LOOP('',(#4822,#4833));
#4822 = ORIENTED_EDGE('',*,*,#4823,.F.);
#4823 = EDGE_CURVE('',#4824,#4826,#4828,.T.);
#4824 = VERTEX_POINT('',#4825);
#4825 = CARTESIAN_POINT('',(218.56869048925,84.,403.46960480442));
#4826 = VERTEX_POINT('',#4827);
#4827 = CARTESIAN_POINT('',(223.46960480442,84.,413.97964947014));
#4828 = CIRCLE('',#4829,8.2);
#4829 = AXIS2_PLACEMENT_3D('',#4830,#4831,#4832);
#4830 = CARTESIAN_POINT('',(226.27416997969,84.,406.27416997969));
#4831 = DIRECTION('',(0.,1.,0.));
#4832 = DIRECTION('',(-0.939692620786,0.,-0.342020143326));
#4833 = ORIENTED_EDGE('',*,*,#4834,.F.);
#4834 = EDGE_CURVE('',#4826,#4824,#4835,.T.);
#4835 = CIRCLE('',#4836,8.2);
#4836 = AXIS2_PLACEMENT_3D('',#4837,#4838,#4839);
#4837 = CARTESIAN_POINT('',(226.27416997969,84.,406.27416997969));
#4838 = DIRECTION('',(0.,1.,0.));
#4839 = DIRECTION('',(-0.939692620786,0.,-0.342020143326));
#4840 = FACE_BOUND('',#4841,.T.);
#4841 = EDGE_LOOP('',(#4842));
#4842 = ORIENTED_EDGE('',*,*,#4843,.F.);
#4843 = EDGE_CURVE('',#4844,#4844,#4846,.T.);
#4844 = VERTEX_POINT('',#4845);
#4845 = CARTESIAN_POINT('',(212.20127405447,84.,404.50850337271));
#4846 = CIRCLE('',#4847,2.25);
#4847 = AXIS2_PLACEMENT_3D('',#4848,#4849,#4850);
#4848 = CARTESIAN_POINT('',(214.31558245124,84.,405.27804869519));
#4849 = DIRECTION('',(0.,1.,0.));
#4850 = DIRECTION('',(-0.939692620786,0.,-0.342020143326));
#4851 = FACE_BOUND('',#4852,.T.);
#4852 = EDGE_LOOP('',(#4853));
#4853 = ORIENTED_EDGE('',*,*,#4854,.F.);
#4854 = EDGE_CURVE('',#4855,#4855,#4857,.T.);
#4855 = VERTEX_POINT('',#4856);
#4856 = CARTESIAN_POINT('',(217.31790781465,84.,415.3630015207));
#4857 = CIRCLE('',#4858,2.25);
#4858 = AXIS2_PLACEMENT_3D('',#4859,#4860,#4861);
#4859 = CARTESIAN_POINT('',(219.43221621141,84.,416.13254684318));
#4860 = DIRECTION('',(0.,1.,0.));
#4861 = DIRECTION('',(-0.939692620786,0.,-0.342020143326));
#4862 = PLANE('',#4863);
#4863 = AXIS2_PLACEMENT_3D('',#4864,#4865,#4866);
#4864 = CARTESIAN_POINT('',(247.1235943488,84.,395.77171771954));
#4865 = DIRECTION('',(0.,1.,0.));
#4866 = DIRECTION('',(-0.939692620786,0.,-0.342020143326));
#4867 = ADVANCED_FACE('',(#4868),#5094,.F.);
#4868 = FACE_BOUND('',#4869,.F.);
#4869 = EDGE_LOOP('',(#4870,#4878,#4879,#4880,#4947,#4955,#4980,#5011,
    #5028,#5029));
#4870 = ORIENTED_EDGE('',*,*,#4871,.T.);
#4871 = EDGE_CURVE('',#4872,#4637,#4874,.T.);
#4872 = VERTEX_POINT('',#4873);
#4873 = CARTESIAN_POINT('',(213.25747394283,70.,403.29237339837));
#4874 = LINE('',#4875,#4876);
#4875 = CARTESIAN_POINT('',(218.19229577692,70.,405.08850165738));
#4876 = VECTOR('',#4877,1.);
#4877 = DIRECTION('',(-0.939692620786,0.,-0.342020143326));
#4878 = ORIENTED_EDGE('',*,*,#4636,.F.);
#4879 = ORIENTED_EDGE('',*,*,#4871,.F.);
#4880 = ORIENTED_EDGE('',*,*,#4881,.T.);
#4881 = EDGE_CURVE('',#4872,#4882,#4884,.T.);
#4882 = VERTEX_POINT('',#4883);
#4883 = CARTESIAN_POINT('',(216.40250807199,70.,404.43707220713));
#4884 = B_SPLINE_CURVE_WITH_KNOTS('',6,(#4885,#4886,#4887,#4888,#4889,
    #4890,#4891,#4892,#4893,#4894,#4895,#4896,#4897,#4898,#4899,#4900,
    #4901,#4902,#4903,#4904,#4905,#4906,#4907,#4908,#4909,#4910,#4911,
    #4912,#4913,#4914,#4915,#4916,#4917,#4918,#4919,#4920,#4921,#4922,
    #4923,#4924,#4925,#4926,#4927,#4928,#4929,#4930,#4931,#4932,#4933,
    #4934,#4935,#4936,#4937,#4938,#4939,#4940,#4941,#4942,#4943,#4944,
    #4945,#4946),.UNSPECIFIED.,.F.,.F.,(7,5,5,5,5,5,5,5,5,5,5,5,7),(0.,
    0.105717210544,0.195713199494,0.254519336384,0.324064967453,
    0.374251817268,0.500000000012,0.625748182757,0.675935032572,
    0.745480663641,0.80428680053,0.894282789479,1.),.UNSPECIFIED.);
#4885 = CARTESIAN_POINT('',(213.25747394283,70.,403.29237339837));
#4886 = CARTESIAN_POINT('',(213.25747394283,70.088749828987,
    403.29237339837));
#4887 = CARTESIAN_POINT('',(213.26427137137,70.177598385929,
    403.28875161125));
#4888 = CARTESIAN_POINT('',(213.27789337957,70.265796048093,
    403.28149168422));
#4889 = CARTESIAN_POINT('',(213.29841566131,70.352601084193,
    403.27078166599));
#4890 = CARTESIAN_POINT('',(213.32596525722,70.43731730473,
    403.25700161192));
#4891 = CARTESIAN_POINT('',(213.39031257778,70.589149745579,
    403.22684331761));
#4892 = CARTESIAN_POINT('',(213.42513985217,70.657042704772,
    403.21114964926));
#4893 = CARTESIAN_POINT('',(213.46519443478,70.722320018381,
    403.19403230595));
#4894 = CARTESIAN_POINT('',(213.51036851417,70.784443638349,
    403.17603331818));
#4895 = CARTESIAN_POINT('',(213.56045584772,70.84302618424,
    403.15776656301));
#4896 = CARTESIAN_POINT('',(213.65088948795,70.933638983623,
    403.12814227603));
#4897 = CARTESIAN_POINT('',(213.68855317668,70.967792465342,
    403.11659811673));
#4898 = CARTESIAN_POINT('',(213.72802637172,71.000208299628,
    403.10539581851));
#4899 = CARTESIAN_POINT('',(213.76916544635,71.030836633655,
    403.09471274964));
#4900 = CARTESIAN_POINT('',(213.81179938472,71.059656383261,
    403.08471408025));
#4901 = CARTESIAN_POINT('',(213.9076854914,71.11862271104,
    403.06469445066));
#4902 = CARTESIAN_POINT('',(213.96142133693,71.148029746181,
    403.0550099063));
#4903 = CARTESIAN_POINT('',(214.01670213156,71.174964949421,
    403.04670104441));
#4904 = CARTESIAN_POINT('',(214.07326332935,71.19951907868,
    403.0399483916));
#4905 = CARTESIAN_POINT('',(214.13081457551,71.221797229452,
    403.03488975398));
#4906 = CARTESIAN_POINT('',(214.23106137519,71.256430424094,
    403.02924292128));
#4907 = CARTESIAN_POINT('',(214.27345282099,71.269828276715,
    403.02780120239));
#4908 = CARTESIAN_POINT('',(214.3161414535,71.282162774918,
    403.02731579978));
#4909 = CARTESIAN_POINT('',(214.35905230589,71.293485772413,
    403.02780976386));
#4910 = CARTESIAN_POINT('',(214.40211043669,71.303845396522,
    403.02929807648));
#4911 = CARTESIAN_POINT('',(214.55330870326,71.336940547203,
    403.03802552926));
#4912 = CARTESIAN_POINT('',(214.6617616118,71.354810311338,
    403.05054544814));
#4913 = CARTESIAN_POINT('',(214.76981853395,71.367692169885,
    403.06946388439));
#4914 = CARTESIAN_POINT('',(214.87680157556,71.376101183637,
    403.09473896596));
#4915 = CARTESIAN_POINT('',(214.98209514082,71.380300604615,
    403.12623948689));
#4916 = CARTESIAN_POINT('',(215.18816040663,71.380300604615,
    403.20124110996));
#4917 = CARTESIAN_POINT('',(215.28906810175,71.376101183637,
    403.24479171007));
#4918 = CARTESIAN_POINT('',(215.38726837554,71.367692169885,
    403.29419724788));
#4919 = CARTESIAN_POINT('',(215.48220531671,71.354810311338,
    403.34916253562));
#4920 = CARTESIAN_POINT('',(215.57333271338,71.336940547203,
    403.40928390718));
#4921 = CARTESIAN_POINT('',(215.6947672038,71.303845396522,
    403.49978666283));
#4922 = CARTESIAN_POINT('',(215.72870831454,71.293485772413,
    403.52632378219));
#4923 = CARTESIAN_POINT('',(215.76189744855,71.282162774918,
    403.55352794799));
#4924 = CARTESIAN_POINT('',(215.79428682748,71.269828276715,
    403.58133951202));
#4925 = CARTESIAN_POINT('',(215.82583383995,71.256430424094,
    403.60969262888));
#4926 = CARTESIAN_POINT('',(215.89899762968,71.221797229452,
    403.67845575444));
#4927 = CARTESIAN_POINT('',(215.93983281241,71.19951907868,
    403.71932412362));
#4928 = CARTESIAN_POINT('',(215.97882068212,71.174964949421,
    403.76085379292));
#4929 = CARTESIAN_POINT('',(216.01582739418,71.148029746181,
    403.80275256023));
#4930 = CARTESIAN_POINT('',(216.05076633493,71.11862271104,
    403.84471208733));
#4931 = CARTESIAN_POINT('',(216.11135098427,71.059656383261,
    403.92168241464));
#4932 = CARTESIAN_POINT('',(216.13758345505,71.030836633655,
    403.95674640711));
#4933 = CARTESIAN_POINT('',(216.16223087026,71.000208299628,
    403.9913738001));
#4934 = CARTESIAN_POINT('',(216.18526839347,70.967792465342,
    404.02532813908));
#4935 = CARTESIAN_POINT('',(216.20670001037,70.933638983623,
    404.05838123061));
#4936 = CARTESIAN_POINT('',(216.25693407333,70.84302618424,
    404.13920437447));
#4937 = CARTESIAN_POINT('',(216.28356155297,70.784443638349,
    404.18539303817));
#4938 = CARTESIAN_POINT('',(216.30659737913,70.722320018381,
    404.22821840125));
#4939 = CARTESIAN_POINT('',(216.32627815337,70.657042704772,
    404.26707763638));
#4940 = CARTESIAN_POINT('',(216.34286969783,70.589149745579,
    404.30148622428));
#4941 = CARTESIAN_POINT('',(216.37277722725,70.437317304748,
    404.36595047841));
#4942 = CARTESIAN_POINT('',(216.3850237941,70.35260108419,
    404.39421515117));
#4943 = CARTESIAN_POINT('',(216.39386050697,70.265796048074,
    404.41561096955));
#4944 = CARTESIAN_POINT('',(216.39962897951,70.177598385922,
    404.42992845439));
#4945 = CARTESIAN_POINT('',(216.40250807199,70.088749829006,
    404.43707220713));
#4946 = CARTESIAN_POINT('',(216.40250807199,70.,404.43707220713));
#4947 = ORIENTED_EDGE('',*,*,#4948,.F.);
#4948 = EDGE_CURVE('',#4949,#4882,#4951,.T.);
#4949 = VERTEX_POINT('',#4950);
#4950 = CARTESIAN_POINT('',(218.16196378591,70.,405.07746171551));
#4951 = LINE('',#4952,#4953);
#4952 = CARTESIAN_POINT('',(218.19229577692,70.,405.08850165738));
#4953 = VECTOR('',#4954,1.);
#4954 = DIRECTION('',(-0.939692620786,0.,-0.342020143326));
#4955 = ORIENTED_EDGE('',*,*,#4956,.T.);
#4956 = EDGE_CURVE('',#4949,#4957,#4959,.T.);
#4957 = VERTEX_POINT('',#4958);
#4958 = CARTESIAN_POINT('',(218.56869048925,71.65,403.46960480442));
#4959 = B_SPLINE_CURVE_WITH_KNOTS('',7,(#4960,#4961,#4962,#4963,#4964,
    #4965,#4966,#4967,#4968,#4969,#4970,#4971,#4972,#4973,#4974,#4975,
    #4976,#4977,#4978,#4979),.UNSPECIFIED.,.F.,.F.,(8,6,6,8),(0.,
    0.502101417463,0.79063877783,1.),.UNSPECIFIED.);
#4960 = CARTESIAN_POINT('',(218.16196378591,70.,405.07746171551));
#4961 = CARTESIAN_POINT('',(218.16196378591,70.165004927543,
    405.07746171551));
#4962 = CARTESIAN_POINT('',(218.16483194277,70.329900526577,
    405.0580192778));
#4963 = CARTESIAN_POINT('',(218.17056157576,70.49316328973,
    405.01917877328));
#4964 = CARTESIAN_POINT('',(218.17948184804,70.653159576007,
    404.96074526202));
#4965 = CARTESIAN_POINT('',(218.19223586543,70.807951433,404.88239374747
    ));
#4966 = CARTESIAN_POINT('',(218.20983548356,70.955073814763,
    404.7837874893));
#4967 = CARTESIAN_POINT('',(218.24734560288,71.169370430559,
    404.5963872049));
#4968 = CARTESIAN_POINT('',(218.26312029569,71.244110981968,
    404.52110330492));
#4969 = CARTESIAN_POINT('',(218.28122389752,71.314519834935,
    404.43901575524));
#4970 = CARTESIAN_POINT('',(218.30191725205,71.37969494872,
    404.35031620119));
#4971 = CARTESIAN_POINT('',(218.3254683764,71.43869334562,
    404.25530193993));
#4972 = CARTESIAN_POINT('',(218.35213132869,71.490522898865,
    404.1543818292));
#4973 = CARTESIAN_POINT('',(218.40386992134,71.565773161599,
    403.97095501117));
#4974 = CARTESIAN_POINT('',(218.42737404642,71.593087541809,
    403.89099262841));
#4975 = CARTESIAN_POINT('',(218.45260536229,71.615524683972,
    403.80875644772));
#4976 = CARTESIAN_POINT('',(218.47949843275,71.632663276078,
    403.72485774506));
#4977 = CARTESIAN_POINT('',(218.50793473801,71.644209912961,
    403.63993626879));
#4978 = CARTESIAN_POINT('',(218.53774037422,71.65,403.5546395466));
#4979 = CARTESIAN_POINT('',(218.56869048925,71.65,403.46960480442));
#4980 = ORIENTED_EDGE('',*,*,#4981,.T.);
#4981 = EDGE_CURVE('',#4957,#4982,#4984,.T.);
#4982 = VERTEX_POINT('',#4983);
#4983 = CARTESIAN_POINT('',(218.56869048925,68.35,403.46960480442));
#4984 = B_SPLINE_CURVE_WITH_KNOTS('',7,(#4985,#4986,#4987,#4988,#4989,
    #4990,#4991,#4992,#4993,#4994,#4995,#4996,#4997,#4998,#4999,#5000,
    #5001,#5002,#5003,#5004,#5005,#5006,#5007,#5008,#5009,#5010),
  .UNSPECIFIED.,.F.,.F.,(8,6,6,6,8),(0.,0.247682600856,0.500047053069,
    0.752412024241,1.),.UNSPECIFIED.);
#4985 = CARTESIAN_POINT('',(218.56869048925,71.65,403.46960480442));
#4986 = CARTESIAN_POINT('',(218.64311196621,71.65,403.26513347695));
#4987 = CARTESIAN_POINT('',(218.72200638085,71.616522575305,
    403.06806947909));
#4988 = CARTESIAN_POINT('',(218.80276326776,71.552573497838,
    402.883809533));
#4989 = CARTESIAN_POINT('',(218.88211098518,71.462282033916,
    402.7165227421));
#4990 = CARTESIAN_POINT('',(218.95652422569,71.350887481211,
    402.56912433529));
#4991 = CARTESIAN_POINT('',(219.0231133479,71.224728132867,
    402.44319536064));
#4992 = CARTESIAN_POINT('',(219.13853088028,70.955076320888,
    402.23221687092));
#4993 = CARTESIAN_POINT('',(219.18843282957,70.807952366608,
    402.14536500341));
#4994 = CARTESIAN_POINT('',(219.22902683021,70.653157267026,
    402.07714507988));
#4995 = CARTESIAN_POINT('',(219.25975353176,70.493159619169,
    402.02664906942));
#4996 = CARTESIAN_POINT('',(219.28033007189,70.329898080948,
    401.99321339593));
#4997 = CARTESIAN_POINT('',(219.29063025888,70.16500458823,
    401.97647606692));
#4998 = CARTESIAN_POINT('',(219.29063025888,69.834995072457,
    401.97647606692));
#4999 = CARTESIAN_POINT('',(219.28033003644,69.670099473423,
    401.99321345397));
#5000 = CARTESIAN_POINT('',(219.2597529949,69.50683671027,
    402.02664994373));
#5001 = CARTESIAN_POINT('',(219.22902598288,69.346840423993,
    402.07714645081));
#5002 = CARTESIAN_POINT('',(219.18843274428,69.192048567,402.14536531749
    ));
#5003 = CARTESIAN_POINT('',(219.13853195296,69.044926185237,
    402.2322149101));
#5004 = CARTESIAN_POINT('',(219.02313425377,68.775320709856,
    402.44315714557));
#5005 = CARTESIAN_POINT('',(218.95654227192,68.649133126111,
    402.56908827971));
#5006 = CARTESIAN_POINT('',(218.88210670917,68.537696474578,
    402.71652616562));
#5007 = CARTESIAN_POINT('',(218.80273278281,68.447385082976,
    402.88386887289));
#5008 = CARTESIAN_POINT('',(218.72196370037,68.38344831259,
    403.0681696211));
#5009 = CARTESIAN_POINT('',(218.6430796036,68.35,403.26522239248));
#5010 = CARTESIAN_POINT('',(218.56869048925,68.35,403.46960480442));
#5011 = ORIENTED_EDGE('',*,*,#5012,.T.);
#5012 = EDGE_CURVE('',#4982,#4949,#5013,.T.);
#5013 = B_SPLINE_CURVE_WITH_KNOTS('',7,(#5014,#5015,#5016,#5017,#5018,
    #5019,#5020,#5021,#5022,#5023,#5024,#5025,#5026,#5027),
  .UNSPECIFIED.,.F.,.F.,(8,6,8),(0.,0.455207556772,1.),.UNSPECIFIED.);
#5014 = CARTESIAN_POINT('',(218.56869048925,68.35,403.46960480442));
#5015 = CARTESIAN_POINT('',(218.50050943432,68.35,403.65693071327));
#5016 = CARTESIAN_POINT('',(218.43900193824,68.37809857322,
    403.84245289918));
#5017 = CARTESIAN_POINT('',(218.3854530317,68.432278609589,
    404.02144972008));
#5018 = CARTESIAN_POINT('',(218.34020983676,68.509469163849,
    404.18947432191));
#5019 = CARTESIAN_POINT('',(218.30280953884,68.605584885936,
    404.34263318413));
#5020 = CARTESIAN_POINT('',(218.2724077102,68.715536411839,
    404.47807724555));
#5021 = CARTESIAN_POINT('',(218.21888284627,68.974181940569,
    404.73384061092));
#5022 = CARTESIAN_POINT('',(218.19765521967,69.129693867945,
    404.8493510608));
#5023 = CARTESIAN_POINT('',(218.18249621084,69.295149000226,
    404.94105671315));
#5024 = CARTESIAN_POINT('',(218.17200855237,69.467231029193,
    405.00936926774));
#5025 = CARTESIAN_POINT('',(218.16531557067,69.643409810401,
    405.05474107298));
#5026 = CARTESIAN_POINT('',(218.16196378591,69.821625129405,
    405.07746171551));
#5027 = CARTESIAN_POINT('',(218.16196378591,70.,405.07746171551));
#5028 = ORIENTED_EDGE('',*,*,#4948,.T.);
#5029 = ORIENTED_EDGE('',*,*,#5030,.T.);
#5030 = EDGE_CURVE('',#4882,#4872,#5031,.T.);
#5031 = B_SPLINE_CURVE_WITH_KNOTS('',6,(#5032,#5033,#5034,#5035,#5036,
    #5037,#5038,#5039,#5040,#5041,#5042,#5043,#5044,#5045,#5046,#5047,
    #5048,#5049,#5050,#5051,#5052,#5053,#5054,#5055,#5056,#5057,#5058,
    #5059,#5060,#5061,#5062,#5063,#5064,#5065,#5066,#5067,#5068,#5069,
    #5070,#5071,#5072,#5073,#5074,#5075,#5076,#5077,#5078,#5079,#5080,
    #5081,#5082,#5083,#5084,#5085,#5086,#5087,#5088,#5089,#5090,#5091,
    #5092,#5093),.UNSPECIFIED.,.F.,.F.,(7,5,5,5,5,5,5,5,5,5,5,5,7),(0.,
    0.105505843251,0.193736453792,0.252444357107,0.324705344647,
    0.375255379727,0.49999995549,0.624744531252,0.675294572668,
    0.747555578616,0.806263496886,0.894494129903,1.),.UNSPECIFIED.);
#5032 = CARTESIAN_POINT('',(216.40250807199,70.,404.43707220713));
#5033 = CARTESIAN_POINT('',(216.40250807199,69.911419330498,
    404.43707220713));
#5034 = CARTESIAN_POINT('',(216.39963994796,69.822740920239,
    404.42995565991));
#5035 = CARTESIAN_POINT('',(216.39389352903,69.734709691164,
    404.41569294407));
#5036 = CARTESIAN_POINT('',(216.38509130694,69.648062768174,
    404.39437863428));
#5037 = CARTESIAN_POINT('',(216.37289416195,69.56349222872,
    404.36622036733));
#5038 = CARTESIAN_POINT('',(216.34335406828,69.413130995616,
    404.30251552841));
#5039 = CARTESIAN_POINT('',(216.32717516655,69.346505076589,
    404.26892182178));
#5040 = CARTESIAN_POINT('',(216.30803462784,69.282377040152,
    404.23104214568));
#5041 = CARTESIAN_POINT('',(216.28568158643,69.221254382213,
    404.18932731501));
#5042 = CARTESIAN_POINT('',(216.2598902088,69.16350658335,
    404.14433764211));
#5043 = CARTESIAN_POINT('',(216.21094372983,69.07334221629,
    404.06499761332));
#5044 = CARTESIAN_POINT('',(216.18981654844,69.038956287127,
    404.03216055263));
#5045 = CARTESIAN_POINT('',(216.16708986618,69.006293732162,
    403.9983945804));
#5046 = CARTESIAN_POINT('',(216.1427573766,68.975407917255,
    403.9639262237));
#5047 = CARTESIAN_POINT('',(216.11684110466,68.946323145338,
    403.92899081737));
#5048 = CARTESIAN_POINT('',(216.05561863469,68.885452135493,
    403.85053729979));
#5049 = CARTESIAN_POINT('',(216.01955225717,68.85461850503,
    403.80693344095));
#5050 = CARTESIAN_POINT('',(215.98124416048,68.826459936211,
    403.76336666025));
#5051 = CARTESIAN_POINT('',(215.94078940039,68.800876462689,
    403.72018496932));
#5052 = CARTESIAN_POINT('',(215.89833839378,68.777750875018,
    403.67771786255));
#5053 = CARTESIAN_POINT('',(215.82315804158,68.74240739885,
    403.60726614284));
#5054 = CARTESIAN_POINT('',(215.79132325739,68.728992122691,
    403.57874824391));
#5055 = CARTESIAN_POINT('',(215.7586367984,68.716652386317,
    403.55078400841));
#5056 = CARTESIAN_POINT('',(215.72514214177,68.705335238145,
    403.52344012406));
#5057 = CARTESIAN_POINT('',(215.69088798871,68.694991626872,
    403.49677691591));
#5058 = CARTESIAN_POINT('',(215.56965659396,68.662342029917,
    403.40686325886));
#5059 = CARTESIAN_POINT('',(215.47914099767,68.644775805449,
    403.34739125219));
#5060 = CARTESIAN_POINT('',(215.3848925455,68.632105430742,
    403.29300362015));
#5061 = CARTESIAN_POINT('',(215.28744301834,68.623831624409,
    403.24409106487));
#5062 = CARTESIAN_POINT('',(215.18733286045,68.619699395385,
    403.20093990778));
#5063 = CARTESIAN_POINT('',(214.982922687,68.619699395385,
    403.12654068906));
#5064 = CARTESIAN_POINT('',(214.87849682773,68.623831624409,
    403.09524682407));
#5065 = CARTESIAN_POINT('',(214.77240577447,68.632105430742,
    403.07007666661));
#5066 = CARTESIAN_POINT('',(214.66524757542,68.644775805449,
    403.05115827263));
#5067 = CARTESIAN_POINT('',(214.55768073685,68.662342029917,
    403.03853416908));
#5068 = CARTESIAN_POINT('',(214.40701671043,68.694991628052,
    403.02948598765));
#5069 = CARTESIAN_POINT('',(214.36363773391,68.705335237459,
    403.027893045));
#5070 = CARTESIAN_POINT('',(214.32040303227,68.716652384791,
    403.02730972565));
#5071 = CARTESIAN_POINT('',(214.27738868387,68.728992122568,
    403.02772112226));
#5072 = CARTESIAN_POINT('',(214.23467086534,68.742407400733,
    403.02910409547));
#5073 = CARTESIAN_POINT('',(214.13179388727,68.777750875018,
    403.03474824467));
#5074 = CARTESIAN_POINT('',(214.0719771995,68.800876462689,
    403.03999295476));
#5075 = CARTESIAN_POINT('',(214.01323039944,68.826459936211,
    403.0470682306));
#5076 = CARTESIAN_POINT('',(213.95588050802,68.85461850503,
    403.05581835096));
#5077 = CARTESIAN_POINT('',(213.90022403973,68.885452135493,
    403.06603782413));
#5078 = CARTESIAN_POINT('',(213.80289595778,68.946323145339,
    403.08678366018));
#5079 = CARTESIAN_POINT('',(213.76058689535,68.975407917255,
    403.09688707558));
#5080 = CARTESIAN_POINT('',(213.71979129431,69.006293732162,
    403.10765074587));
#5081 = CARTESIAN_POINT('',(213.68067729707,69.038956287127,
    403.11890855151));
#5082 = CARTESIAN_POINT('',(213.64338568142,69.073342216289,
    403.13048290895));
#5083 = CARTESIAN_POINT('',(213.55489171573,69.16350658335,
    403.1597987069));
#5084 = CARTESIAN_POINT('',(213.50621556992,69.221254382213,
    403.17768441784));
#5085 = CARTESIAN_POINT('',(213.46227837047,69.282377040152,
    403.19527157402));
#5086 = CARTESIAN_POINT('',(213.4232672807,69.346505076589,
    403.21198578828));
#5087 = CARTESIAN_POINT('',(213.38927990454,69.413130995616,
    403.227320463));
#5088 = CARTESIAN_POINT('',(213.32570219881,69.563492228696,
    403.25713319464));
#5089 = CARTESIAN_POINT('',(213.29825885855,69.648062768179,
    403.2708635049));
#5090 = CARTESIAN_POINT('',(213.27781539099,69.73470969119,
    403.28153325418));
#5091 = CARTESIAN_POINT('',(213.26424548169,69.822740920248,
    403.2887654015));
#5092 = CARTESIAN_POINT('',(213.25747394283,69.911419330471,
    403.29237339837));
#5093 = CARTESIAN_POINT('',(213.25747394283,70.,403.29237339837));
#5094 = CYLINDRICAL_SURFACE('',#5095,1.65);
#5095 = AXIS2_PLACEMENT_3D('',#5096,#5097,#5098);
#5096 = CARTESIAN_POINT('',(218.7566290134,70.,403.53800883309));
#5097 = DIRECTION('',(-0.939692620786,0.,-0.342020143326));
#5098 = DIRECTION('',(-0.342020143326,0.,0.939692620786));
#5099 = ADVANCED_FACE('',(#5100),#5111,.F.);
#5100 = FACE_BOUND('',#5101,.F.);
#5101 = EDGE_LOOP('',(#5102,#5103,#5108,#5109,#5110));
#5102 = ORIENTED_EDGE('',*,*,#4271,.T.);
#5103 = ORIENTED_EDGE('',*,*,#5104,.T.);
#5104 = EDGE_CURVE('',#4274,#4802,#5105,.T.);
#5105 = B_SPLINE_CURVE_WITH_KNOTS('',1,(#5106,#5107),.UNSPECIFIED.,.F.,
  .F.,(2,2),(0.,84.),.PIECEWISE_BEZIER_KNOTS.);
#5106 = CARTESIAN_POINT('',(219.04322782275,2.391535858237E-15,
    394.65012650922));
#5107 = CARTESIAN_POINT('',(219.04322782275,84.,394.65012650922));
#5108 = ORIENTED_EDGE('',*,*,#4801,.F.);
#5109 = ORIENTED_EDGE('',*,*,#5104,.F.);
#5110 = ORIENTED_EDGE('',*,*,#4282,.T.);
#5111 = CYLINDRICAL_SURFACE('',#5112,2.25);
#5112 = AXIS2_PLACEMENT_3D('',#5113,#5114,#5115);
#5113 = CARTESIAN_POINT('',(221.15753621952,1.891935497156E-15,
    395.4196718317));
#5114 = DIRECTION('',(2.086536767334E-16,1.,7.594372760115E-17));
#5115 = DIRECTION('',(-0.342020143326,0.,0.939692620786));
#5116 = ADVANCED_FACE('',(#5117,#5128),#5132,.F.);
#5117 = FACE_BOUND('',#5118,.F.);
#5118 = EDGE_LOOP('',(#5119,#5120,#5125,#5126,#5127));
#5119 = ORIENTED_EDGE('',*,*,#4291,.T.);
#5120 = ORIENTED_EDGE('',*,*,#5121,.T.);
#5121 = EDGE_CURVE('',#4294,#4844,#5122,.T.);
#5122 = B_SPLINE_CURVE_WITH_KNOTS('',1,(#5123,#5124),.UNSPECIFIED.,.F.,
  .F.,(2,2),(3.944304526105E-31,84.),.PIECEWISE_BEZIER_KNOTS.);
#5123 = CARTESIAN_POINT('',(212.20127405447,3.070452780918E-15,
    404.50850337271));
#5124 = CARTESIAN_POINT('',(212.20127405447,84.,404.50850337271));
#5125 = ORIENTED_EDGE('',*,*,#4843,.F.);
#5126 = ORIENTED_EDGE('',*,*,#5121,.F.);
#5127 = ORIENTED_EDGE('',*,*,#4302,.T.);
#5128 = FACE_BOUND('',#5129,.F.);
#5129 = EDGE_LOOP('',(#5130,#5131));
#5130 = ORIENTED_EDGE('',*,*,#4881,.F.);
#5131 = ORIENTED_EDGE('',*,*,#5030,.F.);
#5132 = CYLINDRICAL_SURFACE('',#5133,2.25);
#5133 = AXIS2_PLACEMENT_3D('',#5134,#5135,#5136);
#5134 = CARTESIAN_POINT('',(214.31558245124,2.570852419836E-15,
    405.27804869519));
#5135 = DIRECTION('',(2.086536767334E-16,1.,7.594372760115E-17));
#5136 = DIRECTION('',(-0.342020143326,0.,0.939692620786));
#5137 = ADVANCED_FACE('',(#5138),#5149,.F.);
#5138 = FACE_BOUND('',#5139,.F.);
#5139 = EDGE_LOOP('',(#5140,#5141,#5146,#5147,#5148));
#5140 = ORIENTED_EDGE('',*,*,#4311,.T.);
#5141 = ORIENTED_EDGE('',*,*,#5142,.T.);
#5142 = EDGE_CURVE('',#4314,#4855,#5143,.T.);
#5143 = B_SPLINE_CURVE_WITH_KNOTS('',1,(#5144,#5145),.UNSPECIFIED.,.F.,
  .F.,(2,2),(-1.972152263053E-31,84.),.PIECEWISE_BEZIER_KNOTS.);
#5144 = CARTESIAN_POINT('',(217.31790781464,1.178517283762E-15,
    415.3630015207));
#5145 = CARTESIAN_POINT('',(217.31790781465,84.,415.3630015207));
#5146 = ORIENTED_EDGE('',*,*,#4854,.F.);
#5147 = ORIENTED_EDGE('',*,*,#5142,.F.);
#5148 = ORIENTED_EDGE('',*,*,#4322,.T.);
#5149 = CYLINDRICAL_SURFACE('',#5150,2.25);
#5150 = AXIS2_PLACEMENT_3D('',#5151,#5152,#5153);
#5151 = CARTESIAN_POINT('',(219.43221621141,6.789169226806E-16,
    416.13254684318));
#5152 = DIRECTION('',(2.086536767334E-16,1.,7.594372760115E-17));
#5153 = DIRECTION('',(-0.342020143326,0.,0.939692620786));
#5154 = ADVANCED_FACE('',(#5155),#5166,.F.);
#5155 = FACE_BOUND('',#5156,.F.);
#5156 = EDGE_LOOP('',(#5157,#5158,#5163,#5164,#5165));
#5157 = ORIENTED_EDGE('',*,*,#4331,.T.);
#5158 = ORIENTED_EDGE('',*,*,#5159,.T.);
#5159 = EDGE_CURVE('',#4334,#4780,#5160,.T.);
#5160 = B_SPLINE_CURVE_WITH_KNOTS('',1,(#5161,#5162),.UNSPECIFIED.,.F.,
  .F.,(2,2),(4.930380657631E-32,84.),.PIECEWISE_BEZIER_KNOTS.);
#5161 = CARTESIAN_POINT('',(231.0018153512,-1.793165615993E-16,
    395.64624779372));
#5162 = CARTESIAN_POINT('',(231.0018153512,84.,395.64624779372));
#5163 = ORIENTED_EDGE('',*,*,#4779,.F.);
#5164 = ORIENTED_EDGE('',*,*,#5159,.F.);
#5165 = ORIENTED_EDGE('',*,*,#4342,.T.);
#5166 = CYLINDRICAL_SURFACE('',#5167,2.25);
#5167 = AXIS2_PLACEMENT_3D('',#5168,#5169,#5170);
#5168 = CARTESIAN_POINT('',(233.11612374797,-6.789169226806E-16,
    396.4157931162));
#5169 = DIRECTION('',(2.086536767334E-16,1.,7.594372760115E-17));
#5170 = DIRECTION('',(-0.342020143326,0.,0.939692620786));
#5171 = ADVANCED_FACE('',(#5172),#5183,.F.);
#5172 = FACE_BOUND('',#5173,.F.);
#5173 = EDGE_LOOP('',(#5174,#5175,#5180,#5181,#5182));
#5174 = ORIENTED_EDGE('',*,*,#4351,.T.);
#5175 = ORIENTED_EDGE('',*,*,#5176,.T.);
#5176 = EDGE_CURVE('',#4354,#4791,#5177,.T.);
#5177 = B_SPLINE_CURVE_WITH_KNOTS('',1,(#5178,#5179),.UNSPECIFIED.,.F.,
  .F.,(2,2),(0.,84.),.PIECEWISE_BEZIER_KNOTS.);
#5178 = CARTESIAN_POINT('',(236.11844911137,-2.071252058755E-15,
    406.50074594171));
#5179 = CARTESIAN_POINT('',(236.11844911137,84.,406.50074594171));
#5180 = ORIENTED_EDGE('',*,*,#4790,.F.);
#5181 = ORIENTED_EDGE('',*,*,#5176,.F.);
#5182 = ORIENTED_EDGE('',*,*,#4362,.T.);
#5183 = CYLINDRICAL_SURFACE('',#5184,2.25);
#5184 = AXIS2_PLACEMENT_3D('',#5185,#5186,#5187);
#5185 = CARTESIAN_POINT('',(238.23275750814,-2.570852419836E-15,
    407.27029126419));
#5186 = DIRECTION('',(2.086536767334E-16,1.,7.594372760115E-17));
#5187 = DIRECTION('',(-0.342020143326,0.,0.939692620786));
#5188 = ADVANCED_FACE('',(#5189,#5200),#5205,.F.);
#5189 = FACE_BOUND('',#5190,.F.);
#5190 = EDGE_LOOP('',(#5191,#5192,#5197,#5198,#5199));
#5191 = ORIENTED_EDGE('',*,*,#4371,.T.);
#5192 = ORIENTED_EDGE('',*,*,#5193,.T.);
#5193 = EDGE_CURVE('',#4372,#4826,#5194,.T.);
#5194 = B_SPLINE_CURVE_WITH_KNOTS('',1,(#5195,#5196),.UNSPECIFIED.,.F.,
  .F.,(2,2),(0.,84.),.PIECEWISE_BEZIER_KNOTS.);
#5195 = CARTESIAN_POINT('',(223.46960480442,0.,413.97964947014));
#5196 = CARTESIAN_POINT('',(223.46960480442,84.,413.97964947014));
#5197 = ORIENTED_EDGE('',*,*,#4823,.F.);
#5198 = ORIENTED_EDGE('',*,*,#4834,.F.);
#5199 = ORIENTED_EDGE('',*,*,#5193,.F.);
#5200 = FACE_BOUND('',#5201,.F.);
#5201 = EDGE_LOOP('',(#5202,#5203,#5204));
#5202 = ORIENTED_EDGE('',*,*,#4956,.F.);
#5203 = ORIENTED_EDGE('',*,*,#5012,.F.);
#5204 = ORIENTED_EDGE('',*,*,#4981,.F.);
#5205 = CYLINDRICAL_SURFACE('',#5206,8.2);
#5206 = AXIS2_PLACEMENT_3D('',#5207,#5208,#5209);
#5207 = CARTESIAN_POINT('',(226.27416997969,0.,406.27416997969));
#5208 = DIRECTION('',(2.086536767334E-16,1.,7.594372760115E-17));
#5209 = DIRECTION('',(-0.342020143326,0.,0.939692620786));
#5210 = ADVANCED_FACE('',(#5211),#5222,.F.);
#5211 = FACE_BOUND('',#5212,.F.);
#5212 = EDGE_LOOP('',(#5213,#5214,#5219,#5220,#5221));
#5213 = ORIENTED_EDGE('',*,*,#4382,.T.);
#5214 = ORIENTED_EDGE('',*,*,#5215,.T.);
#5215 = EDGE_CURVE('',#4385,#4813,#5216,.T.);
#5216 = B_SPLINE_CURVE_WITH_KNOTS('',1,(#5217,#5218),.UNSPECIFIED.,.F.,
  .F.,(2,2),(0.,84.),.PIECEWISE_BEZIER_KNOTS.);
#5217 = CARTESIAN_POINT('',(229.27648594617,-1.392332915628E-15,
    416.35911938499));
#5218 = CARTESIAN_POINT('',(229.27648594617,84.,416.35911938499));
#5219 = ORIENTED_EDGE('',*,*,#4812,.F.);
#5220 = ORIENTED_EDGE('',*,*,#5215,.F.);
#5221 = ORIENTED_EDGE('',*,*,#4393,.T.);
#5222 = CYLINDRICAL_SURFACE('',#5223,2.25);
#5223 = AXIS2_PLACEMENT_3D('',#5224,#5225,#5226);
#5224 = CARTESIAN_POINT('',(231.39079434294,-1.89193327671E-15,
    417.12866470748));
#5225 = DIRECTION('',(2.086536767334E-16,1.,7.594372760115E-17));
#5226 = DIRECTION('',(-0.342020143326,0.,0.939692620786));
#5227 = BREP_WITH_VOIDS('',#5228,(#7798));
#5228 = CLOSED_SHELL('',(#5229,#5376,#5455,#5479,#5503,#5538,#5562,#5641
    ,#5665,#5689,#5714,#5738,#5785,#5848,#5872,#5889,#5906,#6096,#6165,
    #6189,#6367,#6461,#6473,#6498,#6523,#6548,#6573,#6598,#6615,#6626,
    #6668,#6703,#6728,#6763,#6788,#6823,#6848,#6883,#6908,#6943,#6968,
    #6996,#7015,#7032,#7055,#7080,#7107,#7138,#7162,#7201,#7236,#7260,
    #7284,#7302,#7329,#7354,#7379,#7404,#7429,#7454,#7479,#7504,#7565,
    #7582,#7602,#7611,#7626,#7635,#7696,#7718,#7735,#7752,#7764,#7789));
#5229 = ADVANCED_FACE('',(#5230),#5371,.T.);
#5230 = FACE_BOUND('',#5231,.T.);
#5231 = EDGE_LOOP('',(#5232,#5242,#5250,#5258,#5266,#5274,#5282,#5290,
    #5298,#5307,#5315,#5323,#5331,#5339,#5348,#5357,#5365));
#5232 = ORIENTED_EDGE('',*,*,#5233,.F.);
#5233 = EDGE_CURVE('',#5234,#5236,#5238,.T.);
#5234 = VERTEX_POINT('',#5235);
#5235 = CARTESIAN_POINT('',(25.455844122716,-80.,236.56854249492));
#5236 = VERTEX_POINT('',#5237);
#5237 = CARTESIAN_POINT('',(28.284271247462,-80.,239.39696961967));
#5238 = LINE('',#5239,#5240);
#5239 = CARTESIAN_POINT('',(25.455844122716,-80.,236.56854249492));
#5240 = VECTOR('',#5241,1.);
#5241 = DIRECTION('',(0.707106781187,0.,0.707106781187));
#5242 = ORIENTED_EDGE('',*,*,#5243,.F.);
#5243 = EDGE_CURVE('',#5244,#5234,#5246,.T.);
#5244 = VERTEX_POINT('',#5245);
#5245 = CARTESIAN_POINT('',(56.568542494924,-80.,205.45584412271));
#5246 = LINE('',#5247,#5248);
#5247 = CARTESIAN_POINT('',(56.568542494924,-80.,205.45584412271));
#5248 = VECTOR('',#5249,1.);
#5249 = DIRECTION('',(-0.707106781187,0.,0.707106781187));
#5250 = ORIENTED_EDGE('',*,*,#5251,.T.);
#5251 = EDGE_CURVE('',#5244,#5252,#5254,.T.);
#5252 = VERTEX_POINT('',#5253);
#5253 = CARTESIAN_POINT('',(59.39696961967,-80.,208.28427124746));
#5254 = LINE('',#5255,#5256);
#5255 = CARTESIAN_POINT('',(56.568542494924,-80.,205.45584412271));
#5256 = VECTOR('',#5257,1.);
#5257 = DIRECTION('',(0.707106781187,0.,0.707106781187));
#5258 = ORIENTED_EDGE('',*,*,#5259,.F.);
#5259 = EDGE_CURVE('',#5260,#5252,#5262,.T.);
#5260 = VERTEX_POINT('',#5261);
#5261 = CARTESIAN_POINT('',(60.811183182043,-80.,206.87005768508));
#5262 = LINE('',#5263,#5264);
#5263 = CARTESIAN_POINT('',(60.811183182043,-80.,206.87005768508));
#5264 = VECTOR('',#5265,1.);
#5265 = DIRECTION('',(-0.707106781187,0.,0.707106781187));
#5266 = ORIENTED_EDGE('',*,*,#5267,.F.);
#5267 = EDGE_CURVE('',#5268,#5260,#5270,.T.);
#5268 = VERTEX_POINT('',#5269);
#5269 = CARTESIAN_POINT('',(64.700270478569,-80.,213.58757210636));
#5270 = LINE('',#5271,#5272);
#5271 = CARTESIAN_POINT('',(107.48023074035,-80.,287.48023074035));
#5272 = VECTOR('',#5273,1.);
#5273 = DIRECTION('',(-0.501036270542,0.,-0.865426285481));
#5274 = ORIENTED_EDGE('',*,*,#5275,.T.);
#5275 = EDGE_CURVE('',#5268,#5276,#5278,.T.);
#5276 = VERTEX_POINT('',#5277);
#5277 = CARTESIAN_POINT('',(73.539105243401,-80.,222.42640687119));
#5278 = LINE('',#5279,#5280);
#5279 = CARTESIAN_POINT('',(56.568542494924,-80.,205.45584412271));
#5280 = VECTOR('',#5281,1.);
#5281 = DIRECTION('',(0.707106781187,0.,0.707106781187));
#5282 = ORIENTED_EDGE('',*,*,#5283,.T.);
#5283 = EDGE_CURVE('',#5276,#5284,#5286,.T.);
#5284 = VERTEX_POINT('',#5285);
#5285 = CARTESIAN_POINT('',(71.182082639446,-80.,224.78342947514));
#5286 = LINE('',#5287,#5288);
#5287 = CARTESIAN_POINT('',(73.539105243401,-80.,222.42640687119));
#5288 = VECTOR('',#5289,1.);
#5289 = DIRECTION('',(-0.707106781187,0.,0.707106781187));
#5290 = ORIENTED_EDGE('',*,*,#5291,.F.);
#5291 = EDGE_CURVE('',#5292,#5284,#5294,.T.);
#5292 = VERTEX_POINT('',#5293);
#5293 = CARTESIAN_POINT('',(73.026880809742,-80.,227.96989904202));
#5294 = LINE('',#5295,#5296);
#5295 = CARTESIAN_POINT('',(107.48023074035,-80.,287.48023074035));
#5296 = VECTOR('',#5297,1.);
#5297 = DIRECTION('',(-0.501036270542,0.,-0.865426285481));
#5298 = ORIENTED_EDGE('',*,*,#5299,.F.);
#5299 = EDGE_CURVE('',#5300,#5292,#5302,.T.);
#5300 = VERTEX_POINT('',#5301);
#5301 = CARTESIAN_POINT('',(77.513512257143,-80.,235.71953517844));
#5302 = CIRCLE('',#5303,4.5);
#5303 = AXIS2_PLACEMENT_3D('',#5304,#5305,#5306);
#5304 = CARTESIAN_POINT('',(75.660425586961,-80.,231.61879502661));
#5305 = DIRECTION('',(0.,1.,-0.));
#5306 = DIRECTION('',(-0.707106781187,0.,0.707106781187));
#5307 = ORIENTED_EDGE('',*,*,#5308,.F.);
#5308 = EDGE_CURVE('',#5309,#5300,#5311,.T.);
#5309 = VERTEX_POINT('',#5310);
#5310 = CARTESIAN_POINT('',(107.48023074035,-80.,287.48023074035));
#5311 = LINE('',#5312,#5313);
#5312 = CARTESIAN_POINT('',(107.48023074035,-80.,287.48023074035));
#5313 = VECTOR('',#5314,1.);
#5314 = DIRECTION('',(-0.501036270542,0.,-0.865426285481));
#5315 = ORIENTED_EDGE('',*,*,#5316,.F.);
#5316 = EDGE_CURVE('',#5317,#5309,#5319,.T.);
#5317 = VERTEX_POINT('',#5318);
#5318 = CARTESIAN_POINT('',(132.55895124643,-80.,301.99948998071));
#5319 = LINE('',#5320,#5321);
#5320 = CARTESIAN_POINT('',(188.09040379562,-80.,334.14927829866));
#5321 = VECTOR('',#5322,1.);
#5322 = DIRECTION('',(-0.865426285481,0.,-0.501036270542));
#5323 = ORIENTED_EDGE('',*,*,#5324,.T.);
#5324 = EDGE_CURVE('',#5317,#5325,#5327,.T.);
#5325 = VERTEX_POINT('',#5326);
#5326 = CARTESIAN_POINT('',(98.617825749484,-80.,335.94061547767));
#5327 = LINE('',#5328,#5329);
#5328 = CARTESIAN_POINT('',(160.38063230115,-80.,274.177808926));
#5329 = VECTOR('',#5330,1.);
#5330 = DIRECTION('',(-0.707106781187,0.,0.707106781187));
#5331 = ORIENTED_EDGE('',*,*,#5332,.F.);
#5332 = EDGE_CURVE('',#5333,#5325,#5335,.T.);
#5333 = VERTEX_POINT('',#5334);
#5334 = CARTESIAN_POINT('',(75.07276048417,-80.,322.30926190301));
#5335 = LINE('',#5336,#5337);
#5336 = CARTESIAN_POINT('',(73.539105243401,-80.,321.42135623731));
#5337 = VECTOR('',#5338,1.);
#5338 = DIRECTION('',(0.865426285481,0.,0.501036270542));
#5339 = ORIENTED_EDGE('',*,*,#5340,.F.);
#5340 = EDGE_CURVE('',#5341,#5333,#5343,.T.);
#5341 = VERTEX_POINT('',#5342);
#5342 = CARTESIAN_POINT('',(71.064231509248,-80.,321.06780284671));
#5343 = CIRCLE('',#5344,4.5);
#5344 = AXIS2_PLACEMENT_3D('',#5345,#5346,#5347);
#5345 = CARTESIAN_POINT('',(74.246212024587,-80.,317.88582233137));
#5346 = DIRECTION('',(0.,1.,-0.));
#5347 = DIRECTION('',(-0.707106781187,0.,0.707106781187));
#5348 = ORIENTED_EDGE('',*,*,#5349,.F.);
#5349 = EDGE_CURVE('',#5350,#5341,#5352,.T.);
#5350 = VERTEX_POINT('',#5351);
#5351 = CARTESIAN_POINT('',(70.271116438929,-80.,315.77664830231));
#5352 = CIRCLE('',#5353,4.5);
#5353 = AXIS2_PLACEMENT_3D('',#5354,#5355,#5356);
#5354 = CARTESIAN_POINT('',(74.246212024587,-80.,317.88582233137));
#5355 = DIRECTION('',(0.,1.,-0.));
#5356 = DIRECTION('',(-0.707106781187,0.,0.707106781187));
#5357 = ORIENTED_EDGE('',*,*,#5358,.F.);
#5358 = EDGE_CURVE('',#5359,#5350,#5361,.T.);
#5359 = VERTEX_POINT('',#5360);
#5360 = CARTESIAN_POINT('',(26.870057685089,-80.,240.81118318204));
#5361 = LINE('',#5362,#5363);
#5362 = CARTESIAN_POINT('',(26.870057685089,-80.,240.81118318204));
#5363 = VECTOR('',#5364,1.);
#5364 = DIRECTION('',(0.501036270542,0.,0.865426285481));
#5365 = ORIENTED_EDGE('',*,*,#5366,.F.);
#5366 = EDGE_CURVE('',#5236,#5359,#5367,.T.);
#5367 = LINE('',#5368,#5369);
#5368 = CARTESIAN_POINT('',(60.811183182043,-80.,206.87005768508));
#5369 = VECTOR('',#5370,1.);
#5370 = DIRECTION('',(-0.707106781187,0.,0.707106781187));
#5371 = PLANE('',#5372);
#5372 = AXIS2_PLACEMENT_3D('',#5373,#5374,#5375);
#5373 = CARTESIAN_POINT('',(145.79200544908,-80.,334.80771493608));
#5374 = DIRECTION('',(0.,-1.,-0.));
#5375 = DIRECTION('',(0.707106781187,0.,-0.707106781187));
#5376 = ADVANCED_FACE('',(#5377),#5450,.T.);
#5377 = FACE_BOUND('',#5378,.T.);
#5378 = EDGE_LOOP('',(#5379,#5389,#5397,#5405,#5411,#5412,#5420,#5428,
    #5436,#5444));
#5379 = ORIENTED_EDGE('',*,*,#5380,.F.);
#5380 = EDGE_CURVE('',#5381,#5383,#5385,.T.);
#5381 = VERTEX_POINT('',#5382);
#5382 = CARTESIAN_POINT('',(-29.69848480983,24.,181.41421356237));
#5383 = VERTEX_POINT('',#5384);
#5384 = CARTESIAN_POINT('',(42.426406871193,24.,253.5391052434));
#5385 = LINE('',#5386,#5387);
#5386 = CARTESIAN_POINT('',(-29.69848480983,24.,181.41421356237));
#5387 = VECTOR('',#5388,1.);
#5388 = DIRECTION('',(0.707106781187,0.,0.707106781187));
#5389 = ORIENTED_EDGE('',*,*,#5390,.F.);
#5390 = EDGE_CURVE('',#5391,#5381,#5393,.T.);
#5391 = VERTEX_POINT('',#5392);
#5392 = CARTESIAN_POINT('',(-29.69848480983,8.,181.41421356237));
#5393 = LINE('',#5394,#5395);
#5394 = CARTESIAN_POINT('',(-29.69848480983,8.,181.41421356237));
#5395 = VECTOR('',#5396,1.);
#5396 = DIRECTION('',(-0.,1.,0.));
#5397 = ORIENTED_EDGE('',*,*,#5398,.T.);
#5398 = EDGE_CURVE('',#5391,#5399,#5401,.T.);
#5399 = VERTEX_POINT('',#5400);
#5400 = CARTESIAN_POINT('',(25.455844122716,8.,236.56854249492));
#5401 = LINE('',#5402,#5403);
#5402 = CARTESIAN_POINT('',(-29.69848480983,8.,181.41421356237));
#5403 = VECTOR('',#5404,1.);
#5404 = DIRECTION('',(0.707106781187,0.,0.707106781187));
#5405 = ORIENTED_EDGE('',*,*,#5406,.F.);
#5406 = EDGE_CURVE('',#5234,#5399,#5407,.T.);
#5407 = LINE('',#5408,#5409);
#5408 = CARTESIAN_POINT('',(25.455844122716,-80.,236.56854249492));
#5409 = VECTOR('',#5410,1.);
#5410 = DIRECTION('',(-0.,1.,0.));
#5411 = ORIENTED_EDGE('',*,*,#5233,.T.);
#5412 = ORIENTED_EDGE('',*,*,#5413,.T.);
#5413 = EDGE_CURVE('',#5236,#5414,#5416,.T.);
#5414 = VERTEX_POINT('',#5415);
#5415 = CARTESIAN_POINT('',(28.284271247462,-48.,239.39696961967));
#5416 = LINE('',#5417,#5418);
#5417 = CARTESIAN_POINT('',(28.284271247462,-45.66990291262,
    239.39696961967));
#5418 = VECTOR('',#5419,1.);
#5419 = DIRECTION('',(0.,1.,0.));
#5420 = ORIENTED_EDGE('',*,*,#5421,.F.);
#5421 = EDGE_CURVE('',#5422,#5414,#5424,.T.);
#5422 = VERTEX_POINT('',#5423);
#5423 = CARTESIAN_POINT('',(36.180296970712,-48.,247.29299534292));
#5424 = LINE('',#5425,#5426);
#5425 = CARTESIAN_POINT('',(63.807018195472,-48.,274.91971656768));
#5426 = VECTOR('',#5427,1.);
#5427 = DIRECTION('',(-0.707106781187,0.,-0.707106781187));
#5428 = ORIENTED_EDGE('',*,*,#5429,.F.);
#5429 = EDGE_CURVE('',#5430,#5422,#5432,.T.);
#5430 = VERTEX_POINT('',#5431);
#5431 = CARTESIAN_POINT('',(36.180296970712,-76.,247.29299534292));
#5432 = LINE('',#5433,#5434);
#5433 = CARTESIAN_POINT('',(36.180296970712,-43.66990291262,
    247.29299534292));
#5434 = VECTOR('',#5435,1.);
#5435 = DIRECTION('',(-0.,1.,0.));
#5436 = ORIENTED_EDGE('',*,*,#5437,.F.);
#5437 = EDGE_CURVE('',#5438,#5430,#5440,.T.);
#5438 = VERTEX_POINT('',#5439);
#5439 = CARTESIAN_POINT('',(42.426406871193,-76.,253.5391052434));
#5440 = LINE('',#5441,#5442);
#5441 = CARTESIAN_POINT('',(64.008270369406,-76.,275.12096874161));
#5442 = VECTOR('',#5443,1.);
#5443 = DIRECTION('',(-0.707106781187,0.,-0.707106781187));
#5444 = ORIENTED_EDGE('',*,*,#5445,.T.);
#5445 = EDGE_CURVE('',#5438,#5383,#5446,.T.);
#5446 = LINE('',#5447,#5448);
#5447 = CARTESIAN_POINT('',(42.426406871193,-80.,253.5391052434));
#5448 = VECTOR('',#5449,1.);
#5449 = DIRECTION('',(-0.,1.,0.));
#5450 = PLANE('',#5451);
#5451 = AXIS2_PLACEMENT_3D('',#5452,#5453,#5454);
#5452 = CARTESIAN_POINT('',(18.144497307534,-11.33980582524,
    229.25719567974));
#5453 = DIRECTION('',(-0.707106781187,0.,0.707106781187));
#5454 = DIRECTION('',(0.707106781187,0.,0.707106781187));
#5455 = ADVANCED_FACE('',(#5456),#5474,.F.);
#5456 = FACE_BOUND('',#5457,.F.);
#5457 = EDGE_LOOP('',(#5458,#5459,#5460,#5468));
#5458 = ORIENTED_EDGE('',*,*,#5366,.F.);
#5459 = ORIENTED_EDGE('',*,*,#5413,.T.);
#5460 = ORIENTED_EDGE('',*,*,#5461,.T.);
#5461 = EDGE_CURVE('',#5414,#5462,#5464,.T.);
#5462 = VERTEX_POINT('',#5463);
#5463 = CARTESIAN_POINT('',(26.870057685089,-48.,240.81118318204));
#5464 = LINE('',#5465,#5466);
#5465 = CARTESIAN_POINT('',(60.811183182043,-48.,206.87005768508));
#5466 = VECTOR('',#5467,1.);
#5467 = DIRECTION('',(-0.707106781187,0.,0.707106781187));
#5468 = ORIENTED_EDGE('',*,*,#5469,.F.);
#5469 = EDGE_CURVE('',#5359,#5462,#5470,.T.);
#5470 = LINE('',#5471,#5472);
#5471 = CARTESIAN_POINT('',(26.870057685089,-80.,240.81118318204));
#5472 = VECTOR('',#5473,1.);
#5473 = DIRECTION('',(0.,1.,0.));
#5474 = PLANE('',#5475);
#5475 = AXIS2_PLACEMENT_3D('',#5476,#5477,#5478);
#5476 = CARTESIAN_POINT('',(60.811183182043,-80.,206.87005768508));
#5477 = DIRECTION('',(0.707106781187,0.,0.707106781187));
#5478 = DIRECTION('',(-0.707106781187,0.,0.707106781187));
#5479 = ADVANCED_FACE('',(#5480),#5498,.T.);
#5480 = FACE_BOUND('',#5481,.T.);
#5481 = EDGE_LOOP('',(#5482,#5483,#5491,#5497));
#5482 = ORIENTED_EDGE('',*,*,#5358,.T.);
#5483 = ORIENTED_EDGE('',*,*,#5484,.T.);
#5484 = EDGE_CURVE('',#5350,#5485,#5487,.T.);
#5485 = VERTEX_POINT('',#5486);
#5486 = CARTESIAN_POINT('',(70.271116438929,-48.,315.77664830231));
#5487 = LINE('',#5488,#5489);
#5488 = CARTESIAN_POINT('',(70.271116438929,-80.,315.77664830231));
#5489 = VECTOR('',#5490,1.);
#5490 = DIRECTION('',(0.,1.,0.));
#5491 = ORIENTED_EDGE('',*,*,#5492,.F.);
#5492 = EDGE_CURVE('',#5462,#5485,#5493,.T.);
#5493 = LINE('',#5494,#5495);
#5494 = CARTESIAN_POINT('',(26.870057685089,-48.,240.81118318204));
#5495 = VECTOR('',#5496,1.);
#5496 = DIRECTION('',(0.501036270542,0.,0.865426285481));
#5497 = ORIENTED_EDGE('',*,*,#5469,.F.);
#5498 = PLANE('',#5499);
#5499 = AXIS2_PLACEMENT_3D('',#5500,#5501,#5502);
#5500 = CARTESIAN_POINT('',(48.570587062009,-64.,278.29391574217));
#5501 = DIRECTION('',(-0.865426285481,0.,0.501036270542));
#5502 = DIRECTION('',(0.501036270542,0.,0.865426285481));
#5503 = ADVANCED_FACE('',(#5504),#5533,.T.);
#5504 = FACE_BOUND('',#5505,.T.);
#5505 = EDGE_LOOP('',(#5506,#5507,#5515,#5524,#5531,#5532));
#5506 = ORIENTED_EDGE('',*,*,#5340,.T.);
#5507 = ORIENTED_EDGE('',*,*,#5508,.T.);
#5508 = EDGE_CURVE('',#5333,#5509,#5511,.T.);
#5509 = VERTEX_POINT('',#5510);
#5510 = CARTESIAN_POINT('',(75.07276048417,-48.,322.30926190301));
#5511 = LINE('',#5512,#5513);
#5512 = CARTESIAN_POINT('',(75.07276048417,-80.,322.30926190301));
#5513 = VECTOR('',#5514,1.);
#5514 = DIRECTION('',(0.,1.,0.));
#5515 = ORIENTED_EDGE('',*,*,#5516,.F.);
#5516 = EDGE_CURVE('',#5517,#5509,#5519,.T.);
#5517 = VERTEX_POINT('',#5518);
#5518 = CARTESIAN_POINT('',(71.064231509248,-48.,321.06780284671));
#5519 = CIRCLE('',#5520,4.5);
#5520 = AXIS2_PLACEMENT_3D('',#5521,#5522,#5523);
#5521 = CARTESIAN_POINT('',(74.246212024587,-48.,317.88582233137));
#5522 = DIRECTION('',(0.,1.,-0.));
#5523 = DIRECTION('',(-0.707106781187,0.,0.707106781187));
#5524 = ORIENTED_EDGE('',*,*,#5525,.F.);
#5525 = EDGE_CURVE('',#5485,#5517,#5526,.T.);
#5526 = CIRCLE('',#5527,4.5);
#5527 = AXIS2_PLACEMENT_3D('',#5528,#5529,#5530);
#5528 = CARTESIAN_POINT('',(74.246212024587,-48.,317.88582233137));
#5529 = DIRECTION('',(0.,1.,-0.));
#5530 = DIRECTION('',(-0.707106781187,0.,0.707106781187));
#5531 = ORIENTED_EDGE('',*,*,#5484,.F.);
#5532 = ORIENTED_EDGE('',*,*,#5349,.T.);
#5533 = CYLINDRICAL_SURFACE('',#5534,4.5);
#5534 = AXIS2_PLACEMENT_3D('',#5535,#5536,#5537);
#5535 = CARTESIAN_POINT('',(74.246212024587,-80.,317.88582233137));
#5536 = DIRECTION('',(0.,1.,0.));
#5537 = DIRECTION('',(-0.707106781187,0.,0.707106781187));
#5538 = ADVANCED_FACE('',(#5539),#5557,.T.);
#5539 = FACE_BOUND('',#5540,.T.);
#5540 = EDGE_LOOP('',(#5541,#5542,#5543,#5551));
#5541 = ORIENTED_EDGE('',*,*,#5508,.F.);
#5542 = ORIENTED_EDGE('',*,*,#5332,.T.);
#5543 = ORIENTED_EDGE('',*,*,#5544,.T.);
#5544 = EDGE_CURVE('',#5325,#5545,#5547,.T.);
#5545 = VERTEX_POINT('',#5546);
#5546 = CARTESIAN_POINT('',(98.617825749484,-48.,335.94061547767));
#5547 = LINE('',#5548,#5549);
#5548 = CARTESIAN_POINT('',(98.617825749484,-107.,335.94061547767));
#5549 = VECTOR('',#5550,1.);
#5550 = DIRECTION('',(-0.,1.,0.));
#5551 = ORIENTED_EDGE('',*,*,#5552,.F.);
#5552 = EDGE_CURVE('',#5509,#5545,#5553,.T.);
#5553 = LINE('',#5554,#5555);
#5554 = CARTESIAN_POINT('',(73.539105243401,-48.,321.42135623731));
#5555 = VECTOR('',#5556,1.);
#5556 = DIRECTION('',(0.865426285481,0.,0.501036270542));
#5557 = PLANE('',#5558);
#5558 = AXIS2_PLACEMENT_3D('',#5559,#5560,#5561);
#5559 = CARTESIAN_POINT('',(114.61101939141,-64.,345.19983284932));
#5560 = DIRECTION('',(-0.501036270542,0.,0.865426285481));
#5561 = DIRECTION('',(0.865426285481,0.,0.501036270542));
#5562 = ADVANCED_FACE('',(#5563,#5581,#5592,#5603,#5614,#5625),#5636,.T.
  );
#5563 = FACE_BOUND('',#5564,.T.);
#5564 = EDGE_LOOP('',(#5565,#5573,#5574,#5575));
#5565 = ORIENTED_EDGE('',*,*,#5566,.F.);
#5566 = EDGE_CURVE('',#5545,#5567,#5569,.T.);
#5567 = VERTEX_POINT('',#5568);
#5568 = CARTESIAN_POINT('',(132.55895124643,-48.,301.99948998071));
#5569 = LINE('',#5570,#5571);
#5570 = CARTESIAN_POINT('',(159.16268268181,-48.,275.39575854534));
#5571 = VECTOR('',#5572,1.);
#5572 = DIRECTION('',(0.707106781187,0.,-0.707106781187));
#5573 = ORIENTED_EDGE('',*,*,#5544,.F.);
#5574 = ORIENTED_EDGE('',*,*,#5324,.F.);
#5575 = ORIENTED_EDGE('',*,*,#5576,.F.);
#5576 = EDGE_CURVE('',#5567,#5317,#5577,.T.);
#5577 = LINE('',#5578,#5579);
#5578 = CARTESIAN_POINT('',(132.55895124643,-107.,301.99948998071));
#5579 = VECTOR('',#5580,1.);
#5580 = DIRECTION('',(0.,-1.,0.));
#5581 = FACE_BOUND('',#5582,.T.);
#5582 = EDGE_LOOP('',(#5583));
#5583 = ORIENTED_EDGE('',*,*,#5584,.F.);
#5584 = EDGE_CURVE('',#5585,#5585,#5587,.T.);
#5585 = VERTEX_POINT('',#5586);
#5586 = CARTESIAN_POINT('',(123.8968931769,-53.,310.66154805025));
#5587 = CIRCLE('',#5588,2.25);
#5588 = AXIS2_PLACEMENT_3D('',#5589,#5590,#5591);
#5589 = CARTESIAN_POINT('',(125.48788343457,-53.,309.07055779258));
#5590 = DIRECTION('',(0.707106781187,0.,0.707106781187));
#5591 = DIRECTION('',(-0.707106781187,0.,0.707106781187));
#5592 = FACE_BOUND('',#5593,.T.);
#5593 = EDGE_LOOP('',(#5594));
#5594 = ORIENTED_EDGE('',*,*,#5595,.F.);
#5595 = EDGE_CURVE('',#5596,#5596,#5598,.T.);
#5596 = VERTEX_POINT('',#5597);
#5597 = CARTESIAN_POINT('',(104.09790330368,-53.,330.46053792347));
#5598 = CIRCLE('',#5599,2.25);
#5599 = AXIS2_PLACEMENT_3D('',#5600,#5601,#5602);
#5600 = CARTESIAN_POINT('',(105.68889356134,-53.,328.8695476658));
#5601 = DIRECTION('',(0.707106781187,0.,0.707106781187));
#5602 = DIRECTION('',(-0.707106781187,0.,0.707106781187));
#5603 = FACE_BOUND('',#5604,.T.);
#5604 = EDGE_LOOP('',(#5605));
#5605 = ORIENTED_EDGE('',*,*,#5606,.F.);
#5606 = EDGE_CURVE('',#5607,#5607,#5609,.T.);
#5607 = VERTEX_POINT('',#5608);
#5608 = CARTESIAN_POINT('',(110.63864102965,-62.,323.9198001975));
#5609 = CIRCLE('',#5610,7.);
#5610 = AXIS2_PLACEMENT_3D('',#5611,#5612,#5613);
#5611 = CARTESIAN_POINT('',(115.58838849796,-62.,318.97005272919));
#5612 = DIRECTION('',(0.707106781187,0.,0.707106781187));
#5613 = DIRECTION('',(-0.707106781187,0.,0.707106781187));
#5614 = FACE_BOUND('',#5615,.T.);
#5615 = EDGE_LOOP('',(#5616));
#5616 = ORIENTED_EDGE('',*,*,#5617,.F.);
#5617 = EDGE_CURVE('',#5618,#5618,#5620,.T.);
#5618 = VERTEX_POINT('',#5619);
#5619 = CARTESIAN_POINT('',(123.8968931769,-71.,310.66154805025));
#5620 = CIRCLE('',#5621,2.25);
#5621 = AXIS2_PLACEMENT_3D('',#5622,#5623,#5624);
#5622 = CARTESIAN_POINT('',(125.48788343457,-71.,309.07055779258));
#5623 = DIRECTION('',(0.707106781187,0.,0.707106781187));
#5624 = DIRECTION('',(-0.707106781187,0.,0.707106781187));
#5625 = FACE_BOUND('',#5626,.T.);
#5626 = EDGE_LOOP('',(#5627));
#5627 = ORIENTED_EDGE('',*,*,#5628,.F.);
#5628 = EDGE_CURVE('',#5629,#5629,#5631,.T.);
#5629 = VERTEX_POINT('',#5630);
#5630 = CARTESIAN_POINT('',(104.09790330368,-71.,330.46053792347));
#5631 = CIRCLE('',#5632,2.25);
#5632 = AXIS2_PLACEMENT_3D('',#5633,#5634,#5635);
#5633 = CARTESIAN_POINT('',(105.68889356134,-71.,328.8695476658));
#5634 = DIRECTION('',(0.707106781187,0.,0.707106781187));
#5635 = DIRECTION('',(-0.707106781187,0.,0.707106781187));
#5636 = PLANE('',#5637);
#5637 = AXIS2_PLACEMENT_3D('',#5638,#5639,#5640);
#5638 = CARTESIAN_POINT('',(197.98989873223,-150.,236.56854249492));
#5639 = DIRECTION('',(0.707106781187,0.,0.707106781187));
#5640 = DIRECTION('',(-0.707106781187,0.,0.707106781187));
#5641 = ADVANCED_FACE('',(#5642),#5660,.T.);
#5642 = FACE_BOUND('',#5643,.T.);
#5643 = EDGE_LOOP('',(#5644,#5652,#5653,#5654));
#5644 = ORIENTED_EDGE('',*,*,#5645,.F.);
#5645 = EDGE_CURVE('',#5567,#5646,#5648,.T.);
#5646 = VERTEX_POINT('',#5647);
#5647 = CARTESIAN_POINT('',(107.48023074035,-48.,287.48023074035));
#5648 = LINE('',#5649,#5650);
#5649 = CARTESIAN_POINT('',(188.09040379562,-48.,334.14927829866));
#5650 = VECTOR('',#5651,1.);
#5651 = DIRECTION('',(-0.865426285481,0.,-0.501036270542));
#5652 = ORIENTED_EDGE('',*,*,#5576,.T.);
#5653 = ORIENTED_EDGE('',*,*,#5316,.T.);
#5654 = ORIENTED_EDGE('',*,*,#5655,.T.);
#5655 = EDGE_CURVE('',#5309,#5646,#5656,.T.);
#5656 = LINE('',#5657,#5658);
#5657 = CARTESIAN_POINT('',(107.48023074035,-80.,287.48023074035));
#5658 = VECTOR('',#5659,1.);
#5659 = DIRECTION('',(0.,1.,0.));
#5660 = PLANE('',#5661);
#5661 = AXIS2_PLACEMENT_3D('',#5662,#5663,#5664);
#5662 = CARTESIAN_POINT('',(133.69720680154,-64.,302.65848003893));
#5663 = DIRECTION('',(0.501036270542,-0.,-0.865426285481));
#5664 = DIRECTION('',(-0.865426285481,0.,-0.501036270542));
#5665 = ADVANCED_FACE('',(#5666),#5684,.T.);
#5666 = FACE_BOUND('',#5667,.T.);
#5667 = EDGE_LOOP('',(#5668,#5669,#5677,#5683));
#5668 = ORIENTED_EDGE('',*,*,#5308,.T.);
#5669 = ORIENTED_EDGE('',*,*,#5670,.T.);
#5670 = EDGE_CURVE('',#5300,#5671,#5673,.T.);
#5671 = VERTEX_POINT('',#5672);
#5672 = CARTESIAN_POINT('',(77.513512257143,-48.,235.71953517844));
#5673 = LINE('',#5674,#5675);
#5674 = CARTESIAN_POINT('',(77.513512257143,-80.,235.71953517844));
#5675 = VECTOR('',#5676,1.);
#5676 = DIRECTION('',(0.,1.,0.));
#5677 = ORIENTED_EDGE('',*,*,#5678,.F.);
#5678 = EDGE_CURVE('',#5646,#5671,#5679,.T.);
#5679 = LINE('',#5680,#5681);
#5680 = CARTESIAN_POINT('',(107.48023074035,-48.,287.48023074035));
#5681 = VECTOR('',#5682,1.);
#5682 = DIRECTION('',(-0.501036270542,0.,-0.865426285481));
#5683 = ORIENTED_EDGE('',*,*,#5655,.F.);
#5684 = PLANE('',#5685);
#5685 = AXIS2_PLACEMENT_3D('',#5686,#5687,#5688);
#5686 = CARTESIAN_POINT('',(92.496871498749,-64.,261.59988295939));
#5687 = DIRECTION('',(0.865426285481,0.,-0.501036270542));
#5688 = DIRECTION('',(-0.501036270542,0.,-0.865426285481));
#5689 = ADVANCED_FACE('',(#5690),#5709,.T.);
#5690 = FACE_BOUND('',#5691,.T.);
#5691 = EDGE_LOOP('',(#5692,#5701,#5702,#5703));
#5692 = ORIENTED_EDGE('',*,*,#5693,.F.);
#5693 = EDGE_CURVE('',#5671,#5694,#5696,.T.);
#5694 = VERTEX_POINT('',#5695);
#5695 = CARTESIAN_POINT('',(73.026880809742,-48.,227.96989904202));
#5696 = CIRCLE('',#5697,4.5);
#5697 = AXIS2_PLACEMENT_3D('',#5698,#5699,#5700);
#5698 = CARTESIAN_POINT('',(75.660425586961,-48.,231.61879502661));
#5699 = DIRECTION('',(0.,1.,-0.));
#5700 = DIRECTION('',(-0.707106781187,0.,0.707106781187));
#5701 = ORIENTED_EDGE('',*,*,#5670,.F.);
#5702 = ORIENTED_EDGE('',*,*,#5299,.T.);
#5703 = ORIENTED_EDGE('',*,*,#5704,.T.);
#5704 = EDGE_CURVE('',#5292,#5694,#5705,.T.);
#5705 = LINE('',#5706,#5707);
#5706 = CARTESIAN_POINT('',(73.026880809742,-80.,227.96989904202));
#5707 = VECTOR('',#5708,1.);
#5708 = DIRECTION('',(0.,1.,0.));
#5709 = CYLINDRICAL_SURFACE('',#5710,4.5);
#5710 = AXIS2_PLACEMENT_3D('',#5711,#5712,#5713);
#5711 = CARTESIAN_POINT('',(75.660425586961,-80.,231.61879502661));
#5712 = DIRECTION('',(0.,1.,0.));
#5713 = DIRECTION('',(-0.707106781187,0.,0.707106781187));
#5714 = ADVANCED_FACE('',(#5715),#5733,.F.);
#5715 = FACE_BOUND('',#5716,.F.);
#5716 = EDGE_LOOP('',(#5717,#5718,#5719,#5727));
#5717 = ORIENTED_EDGE('',*,*,#5291,.F.);
#5718 = ORIENTED_EDGE('',*,*,#5704,.T.);
#5719 = ORIENTED_EDGE('',*,*,#5720,.T.);
#5720 = EDGE_CURVE('',#5694,#5721,#5723,.T.);
#5721 = VERTEX_POINT('',#5722);
#5722 = CARTESIAN_POINT('',(71.182082639446,-48.,224.78342947514));
#5723 = LINE('',#5724,#5725);
#5724 = CARTESIAN_POINT('',(107.48023074035,-48.,287.48023074035));
#5725 = VECTOR('',#5726,1.);
#5726 = DIRECTION('',(-0.501036270542,0.,-0.865426285481));
#5727 = ORIENTED_EDGE('',*,*,#5728,.T.);
#5728 = EDGE_CURVE('',#5721,#5284,#5729,.T.);
#5729 = LINE('',#5730,#5731);
#5730 = CARTESIAN_POINT('',(71.182082639446,-54.,224.78342947514));
#5731 = VECTOR('',#5732,1.);
#5732 = DIRECTION('',(0.,-1.,0.));
#5733 = PLANE('',#5734);
#5734 = AXIS2_PLACEMENT_3D('',#5735,#5736,#5737);
#5735 = CARTESIAN_POINT('',(107.48023074035,-80.,287.48023074035));
#5736 = DIRECTION('',(-0.865426285481,0.,0.501036270542));
#5737 = DIRECTION('',(-0.501036270542,0.,-0.865426285481));
#5738 = ADVANCED_FACE('',(#5739),#5780,.T.);
#5739 = FACE_BOUND('',#5740,.T.);
#5740 = EDGE_LOOP('',(#5741,#5742,#5750,#5758,#5764,#5765,#5766,#5774));
#5741 = ORIENTED_EDGE('',*,*,#5445,.F.);
#5742 = ORIENTED_EDGE('',*,*,#5743,.F.);
#5743 = EDGE_CURVE('',#5744,#5438,#5746,.T.);
#5744 = VERTEX_POINT('',#5745);
#5745 = CARTESIAN_POINT('',(68.967577681311,-76.,226.99793443328));
#5746 = LINE('',#5747,#5748);
#5747 = CARTESIAN_POINT('',(55.120697607657,-76.,240.84481450693));
#5748 = VECTOR('',#5749,1.);
#5749 = DIRECTION('',(-0.707106781187,0.,0.707106781187));
#5750 = ORIENTED_EDGE('',*,*,#5751,.F.);
#5751 = EDGE_CURVE('',#5752,#5744,#5754,.T.);
#5752 = VERTEX_POINT('',#5753);
#5753 = CARTESIAN_POINT('',(68.967577681311,-48.,226.99793443328));
#5754 = LINE('',#5755,#5756);
#5755 = CARTESIAN_POINT('',(68.967577681311,-52.,226.99793443328));
#5756 = VECTOR('',#5757,1.);
#5757 = DIRECTION('',(0.,-1.,0.));
#5758 = ORIENTED_EDGE('',*,*,#5759,.F.);
#5759 = EDGE_CURVE('',#5721,#5752,#5760,.T.);
#5760 = LINE('',#5761,#5762);
#5761 = CARTESIAN_POINT('',(55.302190628587,-48.,240.663321486));
#5762 = VECTOR('',#5763,1.);
#5763 = DIRECTION('',(-0.707106781187,0.,0.707106781187));
#5764 = ORIENTED_EDGE('',*,*,#5728,.T.);
#5765 = ORIENTED_EDGE('',*,*,#5283,.F.);
#5766 = ORIENTED_EDGE('',*,*,#5767,.T.);
#5767 = EDGE_CURVE('',#5276,#5768,#5770,.T.);
#5768 = VERTEX_POINT('',#5769);
#5769 = CARTESIAN_POINT('',(73.539105243401,24.,222.42640687119));
#5770 = LINE('',#5771,#5772);
#5771 = CARTESIAN_POINT('',(73.539105243401,8.,222.42640687119));
#5772 = VECTOR('',#5773,1.);
#5773 = DIRECTION('',(-0.,1.,0.));
#5774 = ORIENTED_EDGE('',*,*,#5775,.T.);
#5775 = EDGE_CURVE('',#5768,#5383,#5776,.T.);
#5776 = LINE('',#5777,#5778);
#5777 = CARTESIAN_POINT('',(73.539105243401,24.,222.42640687119));
#5778 = VECTOR('',#5779,1.);
#5779 = DIRECTION('',(-0.707106781187,0.,0.707106781187));
#5780 = PLANE('',#5781);
#5781 = AXIS2_PLACEMENT_3D('',#5782,#5783,#5784);
#5782 = CARTESIAN_POINT('',(57.982756057297,-28.,237.98275605729));
#5783 = DIRECTION('',(0.707106781187,0.,0.707106781187));
#5784 = DIRECTION('',(-0.707106781187,0.,0.707106781187));
#5785 = ADVANCED_FACE('',(#5786),#5843,.T.);
#5786 = FACE_BOUND('',#5787,.T.);
#5787 = EDGE_LOOP('',(#5788,#5798,#5804,#5805,#5806,#5814,#5822,#5828,
    #5829,#5837));
#5788 = ORIENTED_EDGE('',*,*,#5789,.T.);
#5789 = EDGE_CURVE('',#5790,#5792,#5794,.T.);
#5790 = VERTEX_POINT('',#5791);
#5791 = CARTESIAN_POINT('',(1.414213562373,8.,150.30151519016));
#5792 = VERTEX_POINT('',#5793);
#5793 = CARTESIAN_POINT('',(1.414213562373,24.,150.30151519016));
#5794 = LINE('',#5795,#5796);
#5795 = CARTESIAN_POINT('',(1.414213562373,8.,150.30151519016));
#5796 = VECTOR('',#5797,1.);
#5797 = DIRECTION('',(-0.,1.,0.));
#5798 = ORIENTED_EDGE('',*,*,#5799,.T.);
#5799 = EDGE_CURVE('',#5792,#5768,#5800,.T.);
#5800 = LINE('',#5801,#5802);
#5801 = CARTESIAN_POINT('',(1.414213562373,24.,150.30151519016));
#5802 = VECTOR('',#5803,1.);
#5803 = DIRECTION('',(0.707106781187,0.,0.707106781187));
#5804 = ORIENTED_EDGE('',*,*,#5767,.F.);
#5805 = ORIENTED_EDGE('',*,*,#5275,.F.);
#5806 = ORIENTED_EDGE('',*,*,#5807,.T.);
#5807 = EDGE_CURVE('',#5268,#5808,#5810,.T.);
#5808 = VERTEX_POINT('',#5809);
#5809 = CARTESIAN_POINT('',(64.700270478569,-48.,213.58757210636));
#5810 = LINE('',#5811,#5812);
#5811 = CARTESIAN_POINT('',(64.700270478569,-45.66990291262,
    213.58757210636));
#5812 = VECTOR('',#5813,1.);
#5813 = DIRECTION('',(0.,1.,0.));
#5814 = ORIENTED_EDGE('',*,*,#5815,.F.);
#5815 = EDGE_CURVE('',#5816,#5808,#5818,.T.);
#5816 = VERTEX_POINT('',#5817);
#5817 = CARTESIAN_POINT('',(59.39696961967,-48.,208.28427124746));
#5818 = LINE('',#5819,#5820);
#5819 = CARTESIAN_POINT('',(94.919716567681,-48.,243.80701819547));
#5820 = VECTOR('',#5821,1.);
#5821 = DIRECTION('',(0.707106781187,0.,0.707106781187));
#5822 = ORIENTED_EDGE('',*,*,#5823,.T.);
#5823 = EDGE_CURVE('',#5816,#5252,#5824,.T.);
#5824 = LINE('',#5825,#5826);
#5825 = CARTESIAN_POINT('',(59.39696961967,-45.66990291262,
    208.28427124746));
#5826 = VECTOR('',#5827,1.);
#5827 = DIRECTION('',(0.,-1.,0.));
#5828 = ORIENTED_EDGE('',*,*,#5251,.F.);
#5829 = ORIENTED_EDGE('',*,*,#5830,.T.);
#5830 = EDGE_CURVE('',#5244,#5831,#5833,.T.);
#5831 = VERTEX_POINT('',#5832);
#5832 = CARTESIAN_POINT('',(56.568542494924,8.,205.45584412271));
#5833 = LINE('',#5834,#5835);
#5834 = CARTESIAN_POINT('',(56.568542494924,-80.,205.45584412271));
#5835 = VECTOR('',#5836,1.);
#5836 = DIRECTION('',(-0.,1.,0.));
#5837 = ORIENTED_EDGE('',*,*,#5838,.F.);
#5838 = EDGE_CURVE('',#5790,#5831,#5839,.T.);
#5839 = LINE('',#5840,#5841);
#5840 = CARTESIAN_POINT('',(1.414213562373,8.,150.30151519016));
#5841 = VECTOR('',#5842,1.);
#5842 = DIRECTION('',(0.707106781187,0.,0.707106781187));
#5843 = PLANE('',#5844);
#5844 = AXIS2_PLACEMENT_3D('',#5845,#5846,#5847);
#5845 = CARTESIAN_POINT('',(49.257195679743,-11.33980582524,
    198.14449730753));
#5846 = DIRECTION('',(0.707106781187,-0.,-0.707106781187));
#5847 = DIRECTION('',(-0.707106781187,0.,-0.707106781187));
#5848 = ADVANCED_FACE('',(#5849),#5867,.F.);
#5849 = FACE_BOUND('',#5850,.F.);
#5850 = EDGE_LOOP('',(#5851,#5852,#5853,#5861));
#5851 = ORIENTED_EDGE('',*,*,#5267,.F.);
#5852 = ORIENTED_EDGE('',*,*,#5807,.T.);
#5853 = ORIENTED_EDGE('',*,*,#5854,.T.);
#5854 = EDGE_CURVE('',#5808,#5855,#5857,.T.);
#5855 = VERTEX_POINT('',#5856);
#5856 = CARTESIAN_POINT('',(60.811183182043,-48.,206.87005768508));
#5857 = LINE('',#5858,#5859);
#5858 = CARTESIAN_POINT('',(107.48023074035,-48.,287.48023074035));
#5859 = VECTOR('',#5860,1.);
#5860 = DIRECTION('',(-0.501036270542,0.,-0.865426285481));
#5861 = ORIENTED_EDGE('',*,*,#5862,.F.);
#5862 = EDGE_CURVE('',#5260,#5855,#5863,.T.);
#5863 = LINE('',#5864,#5865);
#5864 = CARTESIAN_POINT('',(60.811183182043,-80.,206.87005768508));
#5865 = VECTOR('',#5866,1.);
#5866 = DIRECTION('',(0.,1.,0.));
#5867 = PLANE('',#5868);
#5868 = AXIS2_PLACEMENT_3D('',#5869,#5870,#5871);
#5869 = CARTESIAN_POINT('',(107.48023074035,-80.,287.48023074035));
#5870 = DIRECTION('',(-0.865426285481,0.,0.501036270542));
#5871 = DIRECTION('',(-0.501036270542,0.,-0.865426285481));
#5872 = ADVANCED_FACE('',(#5873),#5884,.F.);
#5873 = FACE_BOUND('',#5874,.F.);
#5874 = EDGE_LOOP('',(#5875,#5876,#5877,#5883));
#5875 = ORIENTED_EDGE('',*,*,#5259,.F.);
#5876 = ORIENTED_EDGE('',*,*,#5862,.T.);
#5877 = ORIENTED_EDGE('',*,*,#5878,.T.);
#5878 = EDGE_CURVE('',#5855,#5816,#5879,.T.);
#5879 = LINE('',#5880,#5881);
#5880 = CARTESIAN_POINT('',(60.811183182043,-48.,206.87005768508));
#5881 = VECTOR('',#5882,1.);
#5882 = DIRECTION('',(-0.707106781187,0.,0.707106781187));
#5883 = ORIENTED_EDGE('',*,*,#5823,.T.);
#5884 = PLANE('',#5885);
#5885 = AXIS2_PLACEMENT_3D('',#5886,#5887,#5888);
#5886 = CARTESIAN_POINT('',(60.811183182043,-80.,206.87005768508));
#5887 = DIRECTION('',(0.707106781187,0.,0.707106781187));
#5888 = DIRECTION('',(-0.707106781187,0.,0.707106781187));
#5889 = ADVANCED_FACE('',(#5890),#5901,.F.);
#5890 = FACE_BOUND('',#5891,.F.);
#5891 = EDGE_LOOP('',(#5892,#5893,#5894,#5900));
#5892 = ORIENTED_EDGE('',*,*,#5243,.F.);
#5893 = ORIENTED_EDGE('',*,*,#5830,.T.);
#5894 = ORIENTED_EDGE('',*,*,#5895,.T.);
#5895 = EDGE_CURVE('',#5831,#5399,#5896,.T.);
#5896 = LINE('',#5897,#5898);
#5897 = CARTESIAN_POINT('',(56.568542494924,8.,205.45584412271));
#5898 = VECTOR('',#5899,1.);
#5899 = DIRECTION('',(-0.707106781187,0.,0.707106781187));
#5900 = ORIENTED_EDGE('',*,*,#5406,.F.);
#5901 = PLANE('',#5902);
#5902 = AXIS2_PLACEMENT_3D('',#5903,#5904,#5905);
#5903 = CARTESIAN_POINT('',(56.568542494924,-80.,205.45584412271));
#5904 = DIRECTION('',(0.707106781187,0.,0.707106781187));
#5905 = DIRECTION('',(-0.707106781187,0.,0.707106781187));
#5906 = ADVANCED_FACE('',(#5907,#5918),#6091,.T.);
#5907 = FACE_BOUND('',#5908,.T.);
#5908 = EDGE_LOOP('',(#5909,#5910,#5916,#5917));
#5909 = ORIENTED_EDGE('',*,*,#5799,.F.);
#5910 = ORIENTED_EDGE('',*,*,#5911,.T.);
#5911 = EDGE_CURVE('',#5792,#5381,#5912,.T.);
#5912 = LINE('',#5913,#5914);
#5913 = CARTESIAN_POINT('',(1.414213562373,24.,150.30151519016));
#5914 = VECTOR('',#5915,1.);
#5915 = DIRECTION('',(-0.707106781187,0.,0.707106781187));
#5916 = ORIENTED_EDGE('',*,*,#5380,.T.);
#5917 = ORIENTED_EDGE('',*,*,#5775,.F.);
#5918 = FACE_BOUND('',#5919,.T.);
#5919 = EDGE_LOOP('',(#5920,#5931,#5940,#5949,#5958,#5967,#5976,#5985,
    #5994,#6003,#6012,#6021,#6030,#6039,#6048,#6057,#6066,#6075,#6084));
#5920 = ORIENTED_EDGE('',*,*,#5921,.F.);
#5921 = EDGE_CURVE('',#5922,#5924,#5926,.T.);
#5922 = VERTEX_POINT('',#5923);
#5923 = CARTESIAN_POINT('',(-5.868986283848,24.,185.86898628384));
#5924 = VERTEX_POINT('',#5925);
#5925 = CARTESIAN_POINT('',(-4.72918832872,24.,186.82090739942));
#5926 = CIRCLE('',#5927,8.3);
#5927 = AXIS2_PLACEMENT_3D('',#5928,#5929,#5930);
#5928 = CARTESIAN_POINT('',(0.,24.,180.));
#5929 = DIRECTION('',(0.,1.,-0.));
#5930 = DIRECTION('',(-0.707106781187,0.,0.707106781187));
#5931 = ORIENTED_EDGE('',*,*,#5932,.F.);
#5932 = EDGE_CURVE('',#5933,#5922,#5935,.T.);
#5933 = VERTEX_POINT('',#5934);
#5934 = CARTESIAN_POINT('',(-8.265685030361,24.,180.7539568813));
#5935 = CIRCLE('',#5936,8.3);
#5936 = AXIS2_PLACEMENT_3D('',#5937,#5938,#5939);
#5937 = CARTESIAN_POINT('',(0.,24.,180.));
#5938 = DIRECTION('',(0.,1.,-0.));
#5939 = DIRECTION('',(-0.707106781187,0.,0.707106781187));
#5940 = ORIENTED_EDGE('',*,*,#5941,.F.);
#5941 = EDGE_CURVE('',#5942,#5933,#5944,.T.);
#5942 = VERTEX_POINT('',#5943);
#5943 = CARTESIAN_POINT('',(-14.68690483009,24.,182.73694164939));
#5944 = CIRCLE('',#5945,3.8);
#5945 = AXIS2_PLACEMENT_3D('',#5946,#5947,#5948);
#5946 = CARTESIAN_POINT('',(-11.99989906158,24.,180.04993588088));
#5947 = DIRECTION('',(0.,1.,-0.));
#5948 = DIRECTION('',(-0.707106781187,0.,0.707106781187));
#5949 = ORIENTED_EDGE('',*,*,#5950,.F.);
#5950 = EDGE_CURVE('',#5951,#5942,#5953,.T.);
#5951 = VERTEX_POINT('',#5952);
#5952 = CARTESIAN_POINT('',(-8.271673624131,24.,179.31486099522));
#5953 = CIRCLE('',#5954,3.8);
#5954 = AXIS2_PLACEMENT_3D('',#5955,#5956,#5957);
#5955 = CARTESIAN_POINT('',(-11.99989906158,24.,180.04993588088));
#5956 = DIRECTION('',(0.,1.,-0.));
#5957 = DIRECTION('',(-0.707106781187,0.,0.707106781187));
#5958 = ORIENTED_EDGE('',*,*,#5959,.F.);
#5959 = EDGE_CURVE('',#5960,#5951,#5962,.T.);
#5960 = VERTEX_POINT('',#5961);
#5961 = CARTESIAN_POINT('',(-4.785804036458,24.,173.21869631083));
#5962 = CIRCLE('',#5963,8.3);
#5963 = AXIS2_PLACEMENT_3D('',#5964,#5965,#5966);
#5964 = CARTESIAN_POINT('',(0.,24.,180.));
#5965 = DIRECTION('',(0.,1.,-0.));
#5966 = DIRECTION('',(-0.707106781187,0.,0.707106781187));
#5967 = ORIENTED_EDGE('',*,*,#5968,.F.);
#5968 = EDGE_CURVE('',#5969,#5960,#5971,.T.);
#5969 = VERTEX_POINT('',#5970);
#5970 = CARTESIAN_POINT('',(-8.73019487897,24.,172.31975969614));
#5971 = CIRCLE('',#5972,3.8);
#5972 = AXIS2_PLACEMENT_3D('',#5973,#5974,#5975);
#5973 = CARTESIAN_POINT('',(-6.043189110461,24.,169.63275392763));
#5974 = DIRECTION('',(0.,1.,-0.));
#5975 = DIRECTION('',(-0.707106781187,0.,0.707106781187));
#5976 = ORIENTED_EDGE('',*,*,#5977,.F.);
#5977 = EDGE_CURVE('',#5978,#5969,#5980,.T.);
#5978 = VERTEX_POINT('',#5979);
#5979 = CARTESIAN_POINT('',(-3.542467134645,24.,172.49394067436));
#5980 = CIRCLE('',#5981,3.8);
#5981 = AXIS2_PLACEMENT_3D('',#5982,#5983,#5984);
#5982 = CARTESIAN_POINT('',(-6.043189110461,24.,169.63275392763));
#5983 = DIRECTION('',(0.,1.,-0.));
#5984 = DIRECTION('',(-0.707106781187,0.,0.707106781187));
#5985 = ORIENTED_EDGE('',*,*,#5986,.F.);
#5986 = EDGE_CURVE('',#5987,#5978,#5989,.T.);
#5987 = VERTEX_POINT('',#5988);
#5988 = CARTESIAN_POINT('',(3.479901426318,24.,172.46473052485));
#5989 = CIRCLE('',#5990,8.3);
#5990 = AXIS2_PLACEMENT_3D('',#5991,#5992,#5993);
#5991 = CARTESIAN_POINT('',(0.,24.,180.));
#5992 = DIRECTION('',(0.,1.,-0.));
#5993 = DIRECTION('',(-0.707106781187,0.,0.707106781187));
#5994 = ORIENTED_EDGE('',*,*,#5995,.F.);
#5995 = EDGE_CURVE('',#5996,#5987,#5998,.T.);
#5996 = VERTEX_POINT('',#5997);
#5997 = CARTESIAN_POINT('',(3.269704182613,24.,172.26982381525));
#5998 = CIRCLE('',#5999,3.8);
#5999 = AXIS2_PLACEMENT_3D('',#6000,#6001,#6002);
#6000 = CARTESIAN_POINT('',(5.956709951122,24.,169.58281804674));
#6001 = DIRECTION('',(0.,1.,-0.));
#6002 = DIRECTION('',(-0.707106781187,0.,0.707106781187));
#6003 = ORIENTED_EDGE('',*,*,#6004,.F.);
#6004 = EDGE_CURVE('',#6005,#5996,#6007,.T.);
#6005 = VERTEX_POINT('',#6006);
#6006 = CARTESIAN_POINT('',(4.72918832872,24.,173.17909260057));
#6007 = CIRCLE('',#6008,3.8);
#6008 = AXIS2_PLACEMENT_3D('',#6009,#6010,#6011);
#6009 = CARTESIAN_POINT('',(5.956709951122,24.,169.58281804674));
#6010 = DIRECTION('',(0.,1.,-0.));
#6011 = DIRECTION('',(-0.707106781187,0.,0.707106781187));
#6012 = ORIENTED_EDGE('',*,*,#6013,.F.);
#6013 = EDGE_CURVE('',#6014,#6005,#6016,.T.);
#6014 = VERTEX_POINT('',#6015);
#6015 = CARTESIAN_POINT('',(8.265683159451,24.,179.24602260805));
#6016 = CIRCLE('',#6017,8.3);
#6017 = AXIS2_PLACEMENT_3D('',#6018,#6019,#6020);
#6018 = CARTESIAN_POINT('',(0.,24.,180.));
#6019 = DIRECTION('',(0.,1.,-0.));
#6020 = DIRECTION('',(-0.707106781187,0.,0.707106781187));
#6021 = ORIENTED_EDGE('',*,*,#6022,.F.);
#6022 = EDGE_CURVE('',#6023,#6014,#6025,.T.);
#6023 = VERTEX_POINT('',#6024);
#6024 = CARTESIAN_POINT('',(9.312886222007,24.,182.63707695868));
#6025 = CIRCLE('',#6026,3.8);
#6026 = AXIS2_PLACEMENT_3D('',#6027,#6028,#6029);
#6027 = CARTESIAN_POINT('',(11.999891990516,24.,179.95007119018));
#6028 = DIRECTION('',(0.,1.,-0.));
#6029 = DIRECTION('',(-0.707106781187,0.,0.707106781187));
#6030 = ORIENTED_EDGE('',*,*,#6031,.F.);
#6031 = EDGE_CURVE('',#6032,#6023,#6034,.T.);
#6032 = VERTEX_POINT('',#6033);
#6033 = CARTESIAN_POINT('',(8.271671119879,24.,180.68516923789));
#6034 = CIRCLE('',#6035,3.8);
#6035 = AXIS2_PLACEMENT_3D('',#6036,#6037,#6038);
#6036 = CARTESIAN_POINT('',(11.999891990516,24.,179.95007119018));
#6037 = DIRECTION('',(0.,1.,-0.));
#6038 = DIRECTION('',(-0.707106781187,0.,0.707106781187));
#6039 = ORIENTED_EDGE('',*,*,#6040,.F.);
#6040 = EDGE_CURVE('',#6041,#6032,#6043,.T.);
#6041 = VERTEX_POINT('',#6042);
#6042 = CARTESIAN_POINT('',(4.785804036458,24.,186.78130368916));
#6043 = CIRCLE('',#6044,8.3);
#6044 = AXIS2_PLACEMENT_3D('',#6045,#6046,#6047);
#6045 = CARTESIAN_POINT('',(0.,24.,180.));
#6046 = DIRECTION('',(0.,1.,-0.));
#6047 = DIRECTION('',(-0.707106781187,0.,0.707106781187));
#6048 = ORIENTED_EDGE('',*,*,#6049,.F.);
#6049 = EDGE_CURVE('',#6050,#6041,#6052,.T.);
#6050 = VERTEX_POINT('',#6051);
#6051 = CARTESIAN_POINT('',(3.356183341953,24.,193.05425184087));
#6052 = CIRCLE('',#6053,3.8);
#6053 = AXIS2_PLACEMENT_3D('',#6054,#6055,#6056);
#6054 = CARTESIAN_POINT('',(6.043189110461,24.,190.36724607236));
#6055 = DIRECTION('',(0.,1.,-0.));
#6056 = DIRECTION('',(-0.707106781187,0.,0.707106781187));
#6057 = ORIENTED_EDGE('',*,*,#6058,.F.);
#6058 = EDGE_CURVE('',#6059,#6050,#6061,.T.);
#6059 = VERTEX_POINT('',#6060);
#6060 = CARTESIAN_POINT('',(3.542467134645,24.,187.50605932563));
#6061 = CIRCLE('',#6062,3.8);
#6062 = AXIS2_PLACEMENT_3D('',#6063,#6064,#6065);
#6063 = CARTESIAN_POINT('',(6.043189110461,24.,190.36724607236));
#6064 = DIRECTION('',(0.,1.,-0.));
#6065 = DIRECTION('',(-0.707106781187,0.,0.707106781187));
#6066 = ORIENTED_EDGE('',*,*,#6067,.F.);
#6067 = EDGE_CURVE('',#6068,#6059,#6070,.T.);
#6068 = VERTEX_POINT('',#6069);
#6069 = CARTESIAN_POINT('',(-3.479901426318,24.,187.53526947514));
#6070 = CIRCLE('',#6071,8.3);
#6071 = AXIS2_PLACEMENT_3D('',#6072,#6073,#6074);
#6072 = CARTESIAN_POINT('',(0.,24.,180.));
#6073 = DIRECTION('',(0.,1.,-0.));
#6074 = DIRECTION('',(-0.707106781187,0.,0.707106781187));
#6075 = ORIENTED_EDGE('',*,*,#6076,.F.);
#6076 = EDGE_CURVE('',#6077,#6068,#6079,.T.);
#6077 = VERTEX_POINT('',#6078);
#6078 = CARTESIAN_POINT('',(-8.643715719631,24.,193.10418772176));
#6079 = CIRCLE('',#6080,3.8);
#6080 = AXIS2_PLACEMENT_3D('',#6081,#6082,#6083);
#6081 = CARTESIAN_POINT('',(-5.956709951122,24.,190.41718195325));
#6082 = DIRECTION('',(0.,1.,-0.));
#6083 = DIRECTION('',(-0.707106781187,0.,0.707106781187));
#6084 = ORIENTED_EDGE('',*,*,#6085,.F.);
#6085 = EDGE_CURVE('',#5924,#6077,#6086,.T.);
#6086 = CIRCLE('',#6087,3.8);
#6087 = AXIS2_PLACEMENT_3D('',#6088,#6089,#6090);
#6088 = CARTESIAN_POINT('',(-5.956709951122,24.,190.41718195325));
#6089 = DIRECTION('',(0.,1.,-0.));
#6090 = DIRECTION('',(-0.707106781187,0.,0.707106781187));
#6091 = PLANE('',#6092);
#6092 = AXIS2_PLACEMENT_3D('',#6093,#6094,#6095);
#6093 = CARTESIAN_POINT('',(1.414213562373,24.,150.30151519016));
#6094 = DIRECTION('',(-0.,1.,0.));
#6095 = DIRECTION('',(-0.707106781187,0.,0.707106781187));
#6096 = ADVANCED_FACE('',(#6097,#6149),#6160,.T.);
#6097 = FACE_BOUND('',#6098,.T.);
#6098 = EDGE_LOOP('',(#6099,#6110,#6116,#6117,#6118,#6126,#6134,#6142));
#6099 = ORIENTED_EDGE('',*,*,#6100,.F.);
#6100 = EDGE_CURVE('',#6101,#6103,#6105,.T.);
#6101 = VERTEX_POINT('',#6102);
#6102 = CARTESIAN_POINT('',(71.207223518074,-76.,230.97149962754));
#6103 = VERTEX_POINT('',#6104);
#6104 = CARTESIAN_POINT('',(72.478445071621,-76.,234.80077554195));
#6105 = CIRCLE('',#6106,4.5);
#6106 = AXIS2_PLACEMENT_3D('',#6107,#6108,#6109);
#6107 = CARTESIAN_POINT('',(75.660425586961,-76.,231.61879502661));
#6108 = DIRECTION('',(0.,1.,-0.));
#6109 = DIRECTION('',(-0.707106781187,0.,0.707106781187));
#6110 = ORIENTED_EDGE('',*,*,#6111,.T.);
#6111 = EDGE_CURVE('',#6101,#5744,#6112,.T.);
#6112 = LINE('',#6113,#6114);
#6113 = CARTESIAN_POINT('',(104.6518036156,-76.,290.3086578651));
#6114 = VECTOR('',#6115,1.);
#6115 = DIRECTION('',(-0.491013063369,0.,-0.871152209204));
#6116 = ORIENTED_EDGE('',*,*,#5743,.T.);
#6117 = ORIENTED_EDGE('',*,*,#5437,.T.);
#6118 = ORIENTED_EDGE('',*,*,#6119,.T.);
#6119 = EDGE_CURVE('',#5430,#6120,#6122,.T.);
#6120 = VERTEX_POINT('',#6121);
#6121 = CARTESIAN_POINT('',(54.956996807568,-76.,280.60649505347));
#6122 = LINE('',#6123,#6124);
#6123 = CARTESIAN_POINT('',(32.526911934581,-76.,240.81118318204));
#6124 = VECTOR('',#6125,1.);
#6125 = DIRECTION('',(0.491013063369,0.,0.871152209204));
#6126 = ORIENTED_EDGE('',*,*,#6127,.T.);
#6127 = EDGE_CURVE('',#6120,#6128,#6130,.T.);
#6128 = VERTEX_POINT('',#6129);
#6129 = CARTESIAN_POINT('',(83.24126805503,-76.,252.32222380601));
#6130 = LINE('',#6131,#6132);
#6131 = CARTESIAN_POINT('',(85.526289198679,-76.,250.03720266236));
#6132 = VECTOR('',#6133,1.);
#6133 = DIRECTION('',(0.707106781187,0.,-0.707106781187));
#6134 = ORIENTED_EDGE('',*,*,#6135,.T.);
#6135 = EDGE_CURVE('',#6128,#6136,#6138,.T.);
#6136 = VERTEX_POINT('',#6137);
#6137 = CARTESIAN_POINT('',(73.908260067812,-76.,235.76366124804));
#6138 = LINE('',#6139,#6140);
#6139 = CARTESIAN_POINT('',(104.6518036156,-76.,290.3086578651));
#6140 = VECTOR('',#6141,1.);
#6141 = DIRECTION('',(-0.491013063369,0.,-0.871152209204));
#6142 = ORIENTED_EDGE('',*,*,#6143,.F.);
#6143 = EDGE_CURVE('',#6103,#6136,#6144,.T.);
#6144 = CIRCLE('',#6145,4.5);
#6145 = AXIS2_PLACEMENT_3D('',#6146,#6147,#6148);
#6146 = CARTESIAN_POINT('',(75.660425586961,-76.,231.61879502661));
#6147 = DIRECTION('',(0.,1.,-0.));
#6148 = DIRECTION('',(-0.707106781187,0.,0.707106781187));
#6149 = FACE_BOUND('',#6150,.T.);
#6150 = EDGE_LOOP('',(#6151));
#6151 = ORIENTED_EDGE('',*,*,#6152,.F.);
#6152 = EDGE_CURVE('',#6153,#6153,#6155,.T.);
#6153 = VERTEX_POINT('',#6154);
#6154 = CARTESIAN_POINT('',(45.608387386532,-76.,261.67083322704));
#6155 = CIRCLE('',#6156,4.5);
#6156 = AXIS2_PLACEMENT_3D('',#6157,#6158,#6159);
#6157 = CARTESIAN_POINT('',(48.790367901872,-76.,258.4888527117));
#6158 = DIRECTION('',(0.,1.,-0.));
#6159 = DIRECTION('',(-0.707106781187,0.,0.707106781187));
#6160 = PLANE('',#6161);
#6161 = AXIS2_PLACEMENT_3D('',#6162,#6163,#6164);
#6162 = CARTESIAN_POINT('',(119.7042757181,-76.,311.15250951666));
#6163 = DIRECTION('',(0.,1.,0.));
#6164 = DIRECTION('',(-0.707106781187,0.,0.707106781187));
#6165 = ADVANCED_FACE('',(#6166),#6184,.T.);
#6166 = FACE_BOUND('',#6167,.T.);
#6167 = EDGE_LOOP('',(#6168,#6169,#6170,#6178));
#6168 = ORIENTED_EDGE('',*,*,#6119,.F.);
#6169 = ORIENTED_EDGE('',*,*,#5429,.T.);
#6170 = ORIENTED_EDGE('',*,*,#6171,.F.);
#6171 = EDGE_CURVE('',#6172,#5422,#6174,.T.);
#6172 = VERTEX_POINT('',#6173);
#6173 = CARTESIAN_POINT('',(54.956996807568,-48.,280.60649505347));
#6174 = LINE('',#6175,#6176);
#6175 = CARTESIAN_POINT('',(58.072034851503,-48.,286.133175454));
#6176 = VECTOR('',#6177,1.);
#6177 = DIRECTION('',(-0.491013063369,0.,-0.871152209204));
#6178 = ORIENTED_EDGE('',*,*,#6179,.T.);
#6179 = EDGE_CURVE('',#6172,#6120,#6180,.T.);
#6180 = LINE('',#6181,#6182);
#6181 = CARTESIAN_POINT('',(54.956996807568,-78.,280.60649505347));
#6182 = VECTOR('',#6183,1.);
#6183 = DIRECTION('',(0.,-1.,0.));
#6184 = PLANE('',#6185);
#6185 = AXIS2_PLACEMENT_3D('',#6186,#6187,#6188);
#6186 = CARTESIAN_POINT('',(32.526911934581,-76.,240.81118318204));
#6187 = DIRECTION('',(0.871152209204,0.,-0.491013063369));
#6188 = DIRECTION('',(0.491013063369,0.,0.871152209204));
#6189 = ADVANCED_FACE('',(#6190,#6245,#6274,#6333),#6362,.T.);
#6190 = FACE_BOUND('',#6191,.T.);
#6191 = EDGE_LOOP('',(#6192,#6193,#6194,#6195,#6196,#6197,#6205,#6214,
    #6223,#6231,#6237,#6238,#6239,#6240,#6241,#6242,#6243,#6244));
#6192 = ORIENTED_EDGE('',*,*,#5645,.T.);
#6193 = ORIENTED_EDGE('',*,*,#5678,.T.);
#6194 = ORIENTED_EDGE('',*,*,#5693,.T.);
#6195 = ORIENTED_EDGE('',*,*,#5720,.T.);
#6196 = ORIENTED_EDGE('',*,*,#5759,.T.);
#6197 = ORIENTED_EDGE('',*,*,#6198,.T.);
#6198 = EDGE_CURVE('',#5752,#6199,#6201,.T.);
#6199 = VERTEX_POINT('',#6200);
#6200 = CARTESIAN_POINT('',(71.207223518074,-48.,230.97149962754));
#6201 = LINE('',#6202,#6203);
#6202 = CARTESIAN_POINT('',(110.91629240808,-48.,301.42307346465));
#6203 = VECTOR('',#6204,1.);
#6204 = DIRECTION('',(0.491013063369,0.,0.871152209204));
#6205 = ORIENTED_EDGE('',*,*,#6206,.T.);
#6206 = EDGE_CURVE('',#6199,#6207,#6209,.T.);
#6207 = VERTEX_POINT('',#6208);
#6208 = CARTESIAN_POINT('',(72.478445071621,-48.,234.80077554195));
#6209 = CIRCLE('',#6210,4.5);
#6210 = AXIS2_PLACEMENT_3D('',#6211,#6212,#6213);
#6211 = CARTESIAN_POINT('',(75.660425586961,-48.,231.61879502661));
#6212 = DIRECTION('',(0.,1.,-0.));
#6213 = DIRECTION('',(-0.707106781187,0.,0.707106781187));
#6214 = ORIENTED_EDGE('',*,*,#6215,.T.);
#6215 = EDGE_CURVE('',#6207,#6216,#6218,.T.);
#6216 = VERTEX_POINT('',#6217);
#6217 = CARTESIAN_POINT('',(73.908260067812,-48.,235.76366124804));
#6218 = CIRCLE('',#6219,4.5);
#6219 = AXIS2_PLACEMENT_3D('',#6220,#6221,#6222);
#6220 = CARTESIAN_POINT('',(75.660425586961,-48.,231.61879502661));
#6221 = DIRECTION('',(0.,1.,-0.));
#6222 = DIRECTION('',(-0.707106781187,0.,0.707106781187));
#6223 = ORIENTED_EDGE('',*,*,#6224,.T.);
#6224 = EDGE_CURVE('',#6216,#6225,#6227,.T.);
#6225 = VERTEX_POINT('',#6226);
#6226 = CARTESIAN_POINT('',(83.24126805503,-48.,252.32222380601));
#6227 = LINE('',#6228,#6229);
#6228 = CARTESIAN_POINT('',(110.91629240808,-48.,301.42307346465));
#6229 = VECTOR('',#6230,1.);
#6230 = DIRECTION('',(0.491013063369,0.,0.871152209204));
#6231 = ORIENTED_EDGE('',*,*,#6232,.T.);
#6232 = EDGE_CURVE('',#6225,#6172,#6233,.T.);
#6233 = LINE('',#6234,#6235);
#6234 = CARTESIAN_POINT('',(98.994949366117,-48.,236.56854249492));
#6235 = VECTOR('',#6236,1.);
#6236 = DIRECTION('',(-0.707106781187,0.,0.707106781187));
#6237 = ORIENTED_EDGE('',*,*,#6171,.T.);
#6238 = ORIENTED_EDGE('',*,*,#5421,.T.);
#6239 = ORIENTED_EDGE('',*,*,#5461,.T.);
#6240 = ORIENTED_EDGE('',*,*,#5492,.T.);
#6241 = ORIENTED_EDGE('',*,*,#5525,.T.);
#6242 = ORIENTED_EDGE('',*,*,#5516,.T.);
#6243 = ORIENTED_EDGE('',*,*,#5552,.T.);
#6244 = ORIENTED_EDGE('',*,*,#5566,.T.);
#6245 = FACE_BOUND('',#6246,.T.);
#6246 = EDGE_LOOP('',(#6247,#6258,#6267));
#6247 = ORIENTED_EDGE('',*,*,#6248,.F.);
#6248 = EDGE_CURVE('',#6249,#6251,#6253,.T.);
#6249 = VERTEX_POINT('',#6250);
#6250 = CARTESIAN_POINT('',(74.140175841596,-48.,229.89286318795));
#6251 = VERTEX_POINT('',#6252);
#6252 = CARTESIAN_POINT('',(74.034079990232,-48.,233.24514062334));
#6253 = CIRCLE('',#6254,2.3);
#6254 = AXIS2_PLACEMENT_3D('',#6255,#6256,#6257);
#6255 = CARTESIAN_POINT('',(75.660425586961,-48.,231.61879502661));
#6256 = DIRECTION('',(0.,1.,-0.));
#6257 = DIRECTION('',(-0.707106781187,0.,0.707106781187));
#6258 = ORIENTED_EDGE('',*,*,#6259,.F.);
#6259 = EDGE_CURVE('',#6260,#6249,#6262,.T.);
#6260 = VERTEX_POINT('',#6261);
#6261 = CARTESIAN_POINT('',(76.40021722529,-48.,233.79657103251));
#6262 = CIRCLE('',#6263,2.3);
#6263 = AXIS2_PLACEMENT_3D('',#6264,#6265,#6266);
#6264 = CARTESIAN_POINT('',(75.660425586961,-48.,231.61879502661));
#6265 = DIRECTION('',(0.,1.,-0.));
#6266 = DIRECTION('',(-0.707106781187,0.,0.707106781187));
#6267 = ORIENTED_EDGE('',*,*,#6268,.F.);
#6268 = EDGE_CURVE('',#6251,#6260,#6269,.T.);
#6269 = CIRCLE('',#6270,2.3);
#6270 = AXIS2_PLACEMENT_3D('',#6271,#6272,#6273);
#6271 = CARTESIAN_POINT('',(75.660425586961,-48.,231.61879502661));
#6272 = DIRECTION('',(0.,1.,-0.));
#6273 = DIRECTION('',(-0.707106781187,0.,0.707106781187));
#6274 = FACE_BOUND('',#6275,.T.);
#6275 = EDGE_LOOP('',(#6276,#6286,#6294,#6302,#6311,#6319,#6327));
#6276 = ORIENTED_EDGE('',*,*,#6277,.T.);
#6277 = EDGE_CURVE('',#6278,#6280,#6282,.T.);
#6278 = VERTEX_POINT('',#6279);
#6279 = CARTESIAN_POINT('',(104.6518036156,-48.,290.3086578651));
#6280 = VERTEX_POINT('',#6281);
#6281 = CARTESIAN_POINT('',(124.35651258467,-48.,301.71664726824));
#6282 = LINE('',#6283,#6284);
#6283 = CARTESIAN_POINT('',(155.16409749671,-48.,319.55261748048));
#6284 = VECTOR('',#6285,1.);
#6285 = DIRECTION('',(0.865426285481,0.,0.501036270542));
#6286 = ORIENTED_EDGE('',*,*,#6287,.F.);
#6287 = EDGE_CURVE('',#6288,#6280,#6290,.T.);
#6288 = VERTEX_POINT('',#6289);
#6289 = CARTESIAN_POINT('',(96.072241337212,-48.,330.0009185157));
#6290 = LINE('',#6291,#6292);
#6291 = CARTESIAN_POINT('',(134.41801249945,-48.,291.65514735346));
#6292 = VECTOR('',#6293,1.);
#6293 = DIRECTION('',(0.707106781187,0.,-0.707106781187));
#6294 = ORIENTED_EDGE('',*,*,#6295,.T.);
#6295 = EDGE_CURVE('',#6288,#6296,#6298,.T.);
#6296 = VERTEX_POINT('',#6297);
#6297 = CARTESIAN_POINT('',(78.346952176413,-48.,319.73890900155));
#6298 = LINE('',#6299,#6300);
#6299 = CARTESIAN_POINT('',(91.034500333257,-48.,327.08433161867));
#6300 = VECTOR('',#6301,1.);
#6301 = DIRECTION('',(-0.865426285481,0.,-0.501036270542));
#6302 = ORIENTED_EDGE('',*,*,#6303,.T.);
#6303 = EDGE_CURVE('',#6296,#6304,#6306,.T.);
#6304 = VERTEX_POINT('',#6305);
#6305 = CARTESIAN_POINT('',(73.470578159194,-48.,313.45317164506));
#6306 = CIRCLE('',#6307,4.5);
#6307 = AXIS2_PLACEMENT_3D('',#6308,#6309,#6310);
#6308 = CARTESIAN_POINT('',(74.246212024587,-48.,317.88582233137));
#6309 = DIRECTION('',(0.,1.,-0.));
#6310 = DIRECTION('',(-0.707106781187,0.,0.707106781187));
#6311 = ORIENTED_EDGE('',*,*,#6312,.T.);
#6312 = EDGE_CURVE('',#6304,#6313,#6315,.T.);
#6313 = VERTEX_POINT('',#6314);
#6314 = CARTESIAN_POINT('',(56.996095432385,-48.,284.22425067814));
#6315 = LINE('',#6316,#6317);
#6316 = CARTESIAN_POINT('',(58.072034851503,-48.,286.133175454));
#6317 = VECTOR('',#6318,1.);
#6318 = DIRECTION('',(-0.491013063369,0.,-0.871152209204));
#6319 = ORIENTED_EDGE('',*,*,#6320,.F.);
#6320 = EDGE_CURVE('',#6321,#6313,#6323,.T.);
#6321 = VERTEX_POINT('',#6322);
#6322 = CARTESIAN_POINT('',(85.280366679847,-48.,255.93997943068));
#6323 = LINE('',#6324,#6325);
#6324 = CARTESIAN_POINT('',(101.82337649086,-48.,239.39696961967));
#6325 = VECTOR('',#6326,1.);
#6326 = DIRECTION('',(-0.707106781187,0.,0.707106781187));
#6327 = ORIENTED_EDGE('',*,*,#6328,.T.);
#6328 = EDGE_CURVE('',#6321,#6278,#6329,.T.);
#6329 = LINE('',#6330,#6331);
#6330 = CARTESIAN_POINT('',(110.91629240808,-48.,301.42307346465));
#6331 = VECTOR('',#6332,1.);
#6332 = DIRECTION('',(0.491013063369,0.,0.871152209204));
#6333 = FACE_BOUND('',#6334,.T.);
#6334 = EDGE_LOOP('',(#6335,#6346,#6355));
#6335 = ORIENTED_EDGE('',*,*,#6336,.F.);
#6336 = EDGE_CURVE('',#6337,#6339,#6341,.T.);
#6337 = VERTEX_POINT('',#6338);
#6338 = CARTESIAN_POINT('',(74.697857368954,-48.,315.63060250109));
#6339 = VERTEX_POINT('',#6340);
#6340 = CARTESIAN_POINT('',(72.619866427858,-48.,319.5121679281));
#6341 = CIRCLE('',#6342,2.3);
#6342 = AXIS2_PLACEMENT_3D('',#6343,#6344,#6345);
#6343 = CARTESIAN_POINT('',(74.246212024587,-48.,317.88582233137));
#6344 = DIRECTION('',(0.,1.,-0.));
#6345 = DIRECTION('',(-0.707106781187,0.,0.707106781187));
#6346 = ORIENTED_EDGE('',*,*,#6347,.F.);
#6347 = EDGE_CURVE('',#6348,#6337,#6350,.T.);
#6348 = VERTEX_POINT('',#6349);
#6349 = CARTESIAN_POINT('',(76.423988030484,-48.,318.6256139697));
#6350 = CIRCLE('',#6351,2.3);
#6351 = AXIS2_PLACEMENT_3D('',#6352,#6353,#6354);
#6352 = CARTESIAN_POINT('',(74.246212024587,-48.,317.88582233137));
#6353 = DIRECTION('',(0.,1.,-0.));
#6354 = DIRECTION('',(-0.707106781187,0.,0.707106781187));
#6355 = ORIENTED_EDGE('',*,*,#6356,.F.);
#6356 = EDGE_CURVE('',#6339,#6348,#6357,.T.);
#6357 = CIRCLE('',#6358,2.3);
#6358 = AXIS2_PLACEMENT_3D('',#6359,#6360,#6361);
#6359 = CARTESIAN_POINT('',(74.246212024587,-48.,317.88582233137));
#6360 = DIRECTION('',(0.,1.,-0.));
#6361 = DIRECTION('',(-0.707106781187,0.,0.707106781187));
#6362 = PLANE('',#6363);
#6363 = AXIS2_PLACEMENT_3D('',#6364,#6365,#6366);
#6364 = CARTESIAN_POINT('',(114.19519202812,-48.,308.08269999249));
#6365 = DIRECTION('',(0.,1.,0.));
#6366 = DIRECTION('',(-0.707106781187,0.,0.707106781187));
#6367 = ADVANCED_FACE('',(#6368,#6379,#6390,#6401,#6412,#6423,#6434,
    #6445),#6456,.F.);
#6368 = FACE_BOUND('',#6369,.F.);
#6369 = EDGE_LOOP('',(#6370,#6371,#6377,#6378));
#6370 = ORIENTED_EDGE('',*,*,#5838,.F.);
#6371 = ORIENTED_EDGE('',*,*,#6372,.T.);
#6372 = EDGE_CURVE('',#5790,#5391,#6373,.T.);
#6373 = LINE('',#6374,#6375);
#6374 = CARTESIAN_POINT('',(1.414213562373,8.,150.30151519016));
#6375 = VECTOR('',#6376,1.);
#6376 = DIRECTION('',(-0.707106781187,0.,0.707106781187));
#6377 = ORIENTED_EDGE('',*,*,#5398,.T.);
#6378 = ORIENTED_EDGE('',*,*,#5895,.F.);
#6379 = FACE_BOUND('',#6380,.F.);
#6380 = EDGE_LOOP('',(#6381));
#6381 = ORIENTED_EDGE('',*,*,#6382,.F.);
#6382 = EDGE_CURVE('',#6383,#6383,#6385,.T.);
#6383 = VERTEX_POINT('',#6384);
#6384 = CARTESIAN_POINT('',(4.365719693453,8.,171.17380830441));
#6385 = CIRCLE('',#6386,2.25);
#6386 = AXIS2_PLACEMENT_3D('',#6387,#6388,#6389);
#6387 = CARTESIAN_POINT('',(5.956709951122,8.,169.58281804674));
#6388 = DIRECTION('',(0.,1.,-0.));
#6389 = DIRECTION('',(-0.707106781187,0.,0.707106781187));
#6390 = FACE_BOUND('',#6391,.F.);
#6391 = EDGE_LOOP('',(#6392));
#6392 = ORIENTED_EDGE('',*,*,#6393,.F.);
#6393 = EDGE_CURVE('',#6394,#6394,#6396,.T.);
#6394 = VERTEX_POINT('',#6395);
#6395 = CARTESIAN_POINT('',(-7.634179368131,8.,171.2237441853));
#6396 = CIRCLE('',#6397,2.25);
#6397 = AXIS2_PLACEMENT_3D('',#6398,#6399,#6400);
#6398 = CARTESIAN_POINT('',(-6.043189110461,8.,169.63275392763));
#6399 = DIRECTION('',(0.,1.,-0.));
#6400 = DIRECTION('',(-0.707106781187,0.,0.707106781187));
#6401 = FACE_BOUND('',#6402,.F.);
#6402 = EDGE_LOOP('',(#6403));
#6403 = ORIENTED_EDGE('',*,*,#6404,.F.);
#6404 = EDGE_CURVE('',#6405,#6405,#6407,.T.);
#6405 = VERTEX_POINT('',#6406);
#6406 = CARTESIAN_POINT('',(10.408901732846,8.,181.54106144785));
#6407 = CIRCLE('',#6408,2.25);
#6408 = AXIS2_PLACEMENT_3D('',#6409,#6410,#6411);
#6409 = CARTESIAN_POINT('',(11.999891990516,8.,179.95007119018));
#6410 = DIRECTION('',(0.,1.,-0.));
#6411 = DIRECTION('',(-0.707106781187,0.,0.707106781187));
#6412 = FACE_BOUND('',#6413,.F.);
#6413 = EDGE_LOOP('',(#6414));
#6414 = ORIENTED_EDGE('',*,*,#6415,.F.);
#6415 = EDGE_CURVE('',#6416,#6416,#6418,.T.);
#6416 = VERTEX_POINT('',#6417);
#6417 = CARTESIAN_POINT('',(-13.59088931925,8.,181.64092613855));
#6418 = CIRCLE('',#6419,2.25);
#6419 = AXIS2_PLACEMENT_3D('',#6420,#6421,#6422);
#6420 = CARTESIAN_POINT('',(-11.99989906158,8.,180.04993588088));
#6421 = DIRECTION('',(0.,1.,-0.));
#6422 = DIRECTION('',(-0.707106781187,0.,0.707106781187));
#6423 = FACE_BOUND('',#6424,.F.);
#6424 = EDGE_LOOP('',(#6425));
#6425 = ORIENTED_EDGE('',*,*,#6426,.F.);
#6426 = EDGE_CURVE('',#6427,#6427,#6429,.T.);
#6427 = VERTEX_POINT('',#6428);
#6428 = CARTESIAN_POINT('',(-5.868986283848,8.,185.86898628384));
#6429 = CIRCLE('',#6430,8.3);
#6430 = AXIS2_PLACEMENT_3D('',#6431,#6432,#6433);
#6431 = CARTESIAN_POINT('',(0.,8.,180.));
#6432 = DIRECTION('',(0.,1.,-0.));
#6433 = DIRECTION('',(-0.707106781187,0.,0.707106781187));
#6434 = FACE_BOUND('',#6435,.F.);
#6435 = EDGE_LOOP('',(#6436));
#6436 = ORIENTED_EDGE('',*,*,#6437,.F.);
#6437 = EDGE_CURVE('',#6438,#6438,#6440,.T.);
#6438 = VERTEX_POINT('',#6439);
#6439 = CARTESIAN_POINT('',(-7.547700208792,8.,192.00817221092));
#6440 = CIRCLE('',#6441,2.25);
#6441 = AXIS2_PLACEMENT_3D('',#6442,#6443,#6444);
#6442 = CARTESIAN_POINT('',(-5.956709951122,8.,190.41718195325));
#6443 = DIRECTION('',(0.,1.,-0.));
#6444 = DIRECTION('',(-0.707106781187,0.,0.707106781187));
#6445 = FACE_BOUND('',#6446,.F.);
#6446 = EDGE_LOOP('',(#6447));
#6447 = ORIENTED_EDGE('',*,*,#6448,.F.);
#6448 = EDGE_CURVE('',#6449,#6449,#6451,.T.);
#6449 = VERTEX_POINT('',#6450);
#6450 = CARTESIAN_POINT('',(4.452198852792,8.,191.95823633003));
#6451 = CIRCLE('',#6452,2.25);
#6452 = AXIS2_PLACEMENT_3D('',#6453,#6454,#6455);
#6453 = CARTESIAN_POINT('',(6.043189110461,8.,190.36724607236));
#6454 = DIRECTION('',(0.,1.,-0.));
#6455 = DIRECTION('',(-0.707106781187,0.,0.707106781187));
#6456 = PLANE('',#6457);
#6457 = AXIS2_PLACEMENT_3D('',#6458,#6459,#6460);
#6458 = CARTESIAN_POINT('',(1.414213562373,8.,150.30151519016));
#6459 = DIRECTION('',(-0.,1.,0.));
#6460 = DIRECTION('',(-0.707106781187,0.,0.707106781187));
#6461 = ADVANCED_FACE('',(#6462),#6468,.F.);
#6462 = FACE_BOUND('',#6463,.F.);
#6463 = EDGE_LOOP('',(#6464,#6465,#6466,#6467));
#6464 = ORIENTED_EDGE('',*,*,#6372,.F.);
#6465 = ORIENTED_EDGE('',*,*,#5789,.T.);
#6466 = ORIENTED_EDGE('',*,*,#5911,.T.);
#6467 = ORIENTED_EDGE('',*,*,#5390,.F.);
#6468 = PLANE('',#6469);
#6469 = AXIS2_PLACEMENT_3D('',#6470,#6471,#6472);
#6470 = CARTESIAN_POINT('',(1.414213562373,8.,150.30151519016));
#6471 = DIRECTION('',(0.707106781187,0.,0.707106781187));
#6472 = DIRECTION('',(-0.707106781187,0.,0.707106781187));
#6473 = ADVANCED_FACE('',(#6474),#6493,.F.);
#6474 = FACE_BOUND('',#6475,.F.);
#6475 = EDGE_LOOP('',(#6476,#6477,#6485,#6492));
#6476 = ORIENTED_EDGE('',*,*,#5584,.F.);
#6477 = ORIENTED_EDGE('',*,*,#6478,.F.);
#6478 = EDGE_CURVE('',#6479,#5585,#6481,.T.);
#6479 = VERTEX_POINT('',#6480);
#6480 = CARTESIAN_POINT('',(119.65425248978,-53.,306.41890736313));
#6481 = LINE('',#6482,#6483);
#6482 = CARTESIAN_POINT('',(119.65425248978,-53.,306.41890736313));
#6483 = VECTOR('',#6484,1.);
#6484 = DIRECTION('',(0.707106781187,0.,0.707106781187));
#6485 = ORIENTED_EDGE('',*,*,#6486,.T.);
#6486 = EDGE_CURVE('',#6479,#6479,#6487,.T.);
#6487 = CIRCLE('',#6488,2.25);
#6488 = AXIS2_PLACEMENT_3D('',#6489,#6490,#6491);
#6489 = CARTESIAN_POINT('',(121.24524274745,-53.,304.82791710546));
#6490 = DIRECTION('',(0.707106781187,0.,0.707106781187));
#6491 = DIRECTION('',(-0.707106781187,0.,0.707106781187));
#6492 = ORIENTED_EDGE('',*,*,#6478,.T.);
#6493 = CYLINDRICAL_SURFACE('',#6494,2.25);
#6494 = AXIS2_PLACEMENT_3D('',#6495,#6496,#6497);
#6495 = CARTESIAN_POINT('',(121.24524274745,-53.,304.82791710546));
#6496 = DIRECTION('',(0.707106781187,0.,0.707106781187));
#6497 = DIRECTION('',(-0.707106781187,0.,0.707106781187));
#6498 = ADVANCED_FACE('',(#6499),#6518,.F.);
#6499 = FACE_BOUND('',#6500,.F.);
#6500 = EDGE_LOOP('',(#6501,#6502,#6510,#6517));
#6501 = ORIENTED_EDGE('',*,*,#5595,.F.);
#6502 = ORIENTED_EDGE('',*,*,#6503,.F.);
#6503 = EDGE_CURVE('',#6504,#5596,#6506,.T.);
#6504 = VERTEX_POINT('',#6505);
#6505 = CARTESIAN_POINT('',(99.85526261656,-53.,326.21789723635));
#6506 = LINE('',#6507,#6508);
#6507 = CARTESIAN_POINT('',(99.85526261656,-53.,326.21789723635));
#6508 = VECTOR('',#6509,1.);
#6509 = DIRECTION('',(0.707106781187,0.,0.707106781187));
#6510 = ORIENTED_EDGE('',*,*,#6511,.T.);
#6511 = EDGE_CURVE('',#6504,#6504,#6512,.T.);
#6512 = CIRCLE('',#6513,2.25);
#6513 = AXIS2_PLACEMENT_3D('',#6514,#6515,#6516);
#6514 = CARTESIAN_POINT('',(101.44625287423,-53.,324.62690697868));
#6515 = DIRECTION('',(0.707106781187,0.,0.707106781187));
#6516 = DIRECTION('',(-0.707106781187,0.,0.707106781187));
#6517 = ORIENTED_EDGE('',*,*,#6503,.T.);
#6518 = CYLINDRICAL_SURFACE('',#6519,2.25);
#6519 = AXIS2_PLACEMENT_3D('',#6520,#6521,#6522);
#6520 = CARTESIAN_POINT('',(101.44625287423,-53.,324.62690697868));
#6521 = DIRECTION('',(0.707106781187,0.,0.707106781187));
#6522 = DIRECTION('',(-0.707106781187,0.,0.707106781187));
#6523 = ADVANCED_FACE('',(#6524),#6543,.F.);
#6524 = FACE_BOUND('',#6525,.F.);
#6525 = EDGE_LOOP('',(#6526,#6527,#6535,#6542));
#6526 = ORIENTED_EDGE('',*,*,#5606,.F.);
#6527 = ORIENTED_EDGE('',*,*,#6528,.F.);
#6528 = EDGE_CURVE('',#6529,#5607,#6531,.T.);
#6529 = VERTEX_POINT('',#6530);
#6530 = CARTESIAN_POINT('',(106.39600034253,-62.,319.67715951038));
#6531 = LINE('',#6532,#6533);
#6532 = CARTESIAN_POINT('',(106.39600034253,-62.,319.67715951038));
#6533 = VECTOR('',#6534,1.);
#6534 = DIRECTION('',(0.707106781187,0.,0.707106781187));
#6535 = ORIENTED_EDGE('',*,*,#6536,.T.);
#6536 = EDGE_CURVE('',#6529,#6529,#6537,.T.);
#6537 = CIRCLE('',#6538,7.);
#6538 = AXIS2_PLACEMENT_3D('',#6539,#6540,#6541);
#6539 = CARTESIAN_POINT('',(111.34574781084,-62.,314.72741204207));
#6540 = DIRECTION('',(0.707106781187,0.,0.707106781187));
#6541 = DIRECTION('',(-0.707106781187,0.,0.707106781187));
#6542 = ORIENTED_EDGE('',*,*,#6528,.T.);
#6543 = CYLINDRICAL_SURFACE('',#6544,7.);
#6544 = AXIS2_PLACEMENT_3D('',#6545,#6546,#6547);
#6545 = CARTESIAN_POINT('',(111.34574781084,-62.,314.72741204207));
#6546 = DIRECTION('',(0.707106781187,0.,0.707106781187));
#6547 = DIRECTION('',(-0.707106781187,0.,0.707106781187));
#6548 = ADVANCED_FACE('',(#6549),#6568,.F.);
#6549 = FACE_BOUND('',#6550,.F.);
#6550 = EDGE_LOOP('',(#6551,#6552,#6560,#6567));
#6551 = ORIENTED_EDGE('',*,*,#5617,.F.);
#6552 = ORIENTED_EDGE('',*,*,#6553,.F.);
#6553 = EDGE_CURVE('',#6554,#5618,#6556,.T.);
#6554 = VERTEX_POINT('',#6555);
#6555 = CARTESIAN_POINT('',(119.65425248978,-71.,306.41890736313));
#6556 = LINE('',#6557,#6558);
#6557 = CARTESIAN_POINT('',(119.65425248978,-71.,306.41890736313));
#6558 = VECTOR('',#6559,1.);
#6559 = DIRECTION('',(0.707106781187,0.,0.707106781187));
#6560 = ORIENTED_EDGE('',*,*,#6561,.T.);
#6561 = EDGE_CURVE('',#6554,#6554,#6562,.T.);
#6562 = CIRCLE('',#6563,2.25);
#6563 = AXIS2_PLACEMENT_3D('',#6564,#6565,#6566);
#6564 = CARTESIAN_POINT('',(121.24524274745,-71.,304.82791710546));
#6565 = DIRECTION('',(0.707106781187,0.,0.707106781187));
#6566 = DIRECTION('',(-0.707106781187,0.,0.707106781187));
#6567 = ORIENTED_EDGE('',*,*,#6553,.T.);
#6568 = CYLINDRICAL_SURFACE('',#6569,2.25);
#6569 = AXIS2_PLACEMENT_3D('',#6570,#6571,#6572);
#6570 = CARTESIAN_POINT('',(121.24524274745,-71.,304.82791710546));
#6571 = DIRECTION('',(0.707106781187,0.,0.707106781187));
#6572 = DIRECTION('',(-0.707106781187,0.,0.707106781187));
#6573 = ADVANCED_FACE('',(#6574),#6593,.F.);
#6574 = FACE_BOUND('',#6575,.F.);
#6575 = EDGE_LOOP('',(#6576,#6577,#6585,#6592));
#6576 = ORIENTED_EDGE('',*,*,#5628,.F.);
#6577 = ORIENTED_EDGE('',*,*,#6578,.F.);
#6578 = EDGE_CURVE('',#6579,#5629,#6581,.T.);
#6579 = VERTEX_POINT('',#6580);
#6580 = CARTESIAN_POINT('',(99.85526261656,-71.,326.21789723635));
#6581 = LINE('',#6582,#6583);
#6582 = CARTESIAN_POINT('',(99.85526261656,-71.,326.21789723635));
#6583 = VECTOR('',#6584,1.);
#6584 = DIRECTION('',(0.707106781187,0.,0.707106781187));
#6585 = ORIENTED_EDGE('',*,*,#6586,.T.);
#6586 = EDGE_CURVE('',#6579,#6579,#6587,.T.);
#6587 = CIRCLE('',#6588,2.25);
#6588 = AXIS2_PLACEMENT_3D('',#6589,#6590,#6591);
#6589 = CARTESIAN_POINT('',(101.44625287423,-71.,324.62690697868));
#6590 = DIRECTION('',(0.707106781187,0.,0.707106781187));
#6591 = DIRECTION('',(-0.707106781187,0.,0.707106781187));
#6592 = ORIENTED_EDGE('',*,*,#6578,.T.);
#6593 = CYLINDRICAL_SURFACE('',#6594,2.25);
#6594 = AXIS2_PLACEMENT_3D('',#6595,#6596,#6597);
#6595 = CARTESIAN_POINT('',(101.44625287423,-71.,324.62690697868));
#6596 = DIRECTION('',(0.707106781187,0.,0.707106781187));
#6597 = DIRECTION('',(-0.707106781187,0.,0.707106781187));
#6598 = ADVANCED_FACE('',(#6599),#6610,.T.);
#6599 = FACE_BOUND('',#6600,.T.);
#6600 = EDGE_LOOP('',(#6601,#6602,#6608,#6609));
#6601 = ORIENTED_EDGE('',*,*,#6111,.F.);
#6602 = ORIENTED_EDGE('',*,*,#6603,.T.);
#6603 = EDGE_CURVE('',#6101,#6199,#6604,.T.);
#6604 = LINE('',#6605,#6606);
#6605 = CARTESIAN_POINT('',(71.207223518074,-80.,230.97149962754));
#6606 = VECTOR('',#6607,1.);
#6607 = DIRECTION('',(0.,1.,0.));
#6608 = ORIENTED_EDGE('',*,*,#6198,.F.);
#6609 = ORIENTED_EDGE('',*,*,#5751,.T.);
#6610 = PLANE('',#6611);
#6611 = AXIS2_PLACEMENT_3D('',#6612,#6613,#6614);
#6612 = CARTESIAN_POINT('',(104.6518036156,-76.,290.3086578651));
#6613 = DIRECTION('',(-0.871152209204,0.,0.491013063369));
#6614 = DIRECTION('',(-0.491013063369,0.,-0.871152209204));
#6615 = ADVANCED_FACE('',(#6616),#6621,.T.);
#6616 = FACE_BOUND('',#6617,.T.);
#6617 = EDGE_LOOP('',(#6618,#6619,#6620));
#6618 = ORIENTED_EDGE('',*,*,#5815,.T.);
#6619 = ORIENTED_EDGE('',*,*,#5854,.T.);
#6620 = ORIENTED_EDGE('',*,*,#5878,.T.);
#6621 = PLANE('',#6622);
#6622 = AXIS2_PLACEMENT_3D('',#6623,#6624,#6625);
#6623 = CARTESIAN_POINT('',(119.66475741209,-48.,310.38701912693));
#6624 = DIRECTION('',(0.,1.,0.));
#6625 = DIRECTION('',(-0.707106781187,0.,0.707106781187));
#6626 = ADVANCED_FACE('',(#6627),#6663,.F.);
#6627 = FACE_BOUND('',#6628,.F.);
#6628 = EDGE_LOOP('',(#6629,#6640,#6646,#6647,#6648,#6656));
#6629 = ORIENTED_EDGE('',*,*,#6630,.T.);
#6630 = EDGE_CURVE('',#6631,#6633,#6635,.T.);
#6631 = VERTEX_POINT('',#6632);
#6632 = CARTESIAN_POINT('',(-5.868986283848,20.,185.86898628384));
#6633 = VERTEX_POINT('',#6634);
#6634 = CARTESIAN_POINT('',(-4.72918832872,20.,186.82090739942));
#6635 = CIRCLE('',#6636,8.3);
#6636 = AXIS2_PLACEMENT_3D('',#6637,#6638,#6639);
#6637 = CARTESIAN_POINT('',(0.,20.,180.));
#6638 = DIRECTION('',(0.,1.,-0.));
#6639 = DIRECTION('',(-0.707106781187,0.,0.707106781187));
#6640 = ORIENTED_EDGE('',*,*,#6641,.T.);
#6641 = EDGE_CURVE('',#6633,#5924,#6642,.T.);
#6642 = LINE('',#6643,#6644);
#6643 = CARTESIAN_POINT('',(-4.72918832872,8.,186.82090739942));
#6644 = VECTOR('',#6645,1.);
#6645 = DIRECTION('',(0.,1.,0.));
#6646 = ORIENTED_EDGE('',*,*,#5921,.F.);
#6647 = ORIENTED_EDGE('',*,*,#5932,.F.);
#6648 = ORIENTED_EDGE('',*,*,#6649,.F.);
#6649 = EDGE_CURVE('',#6650,#5933,#6652,.T.);
#6650 = VERTEX_POINT('',#6651);
#6651 = CARTESIAN_POINT('',(-8.265685030361,20.,180.7539568813));
#6652 = LINE('',#6653,#6654);
#6653 = CARTESIAN_POINT('',(-8.265685030361,8.,180.7539568813));
#6654 = VECTOR('',#6655,1.);
#6655 = DIRECTION('',(0.,1.,0.));
#6656 = ORIENTED_EDGE('',*,*,#6657,.T.);
#6657 = EDGE_CURVE('',#6650,#6631,#6658,.T.);
#6658 = CIRCLE('',#6659,8.3);
#6659 = AXIS2_PLACEMENT_3D('',#6660,#6661,#6662);
#6660 = CARTESIAN_POINT('',(0.,20.,180.));
#6661 = DIRECTION('',(0.,1.,-0.));
#6662 = DIRECTION('',(-0.707106781187,0.,0.707106781187));
#6663 = CYLINDRICAL_SURFACE('',#6664,8.3);
#6664 = AXIS2_PLACEMENT_3D('',#6665,#6666,#6667);
#6665 = CARTESIAN_POINT('',(0.,8.,180.));
#6666 = DIRECTION('',(0.,1.,0.));
#6667 = DIRECTION('',(-0.707106781187,0.,0.707106781187));
#6668 = ADVANCED_FACE('',(#6669),#6698,.F.);
#6669 = FACE_BOUND('',#6670,.F.);
#6670 = EDGE_LOOP('',(#6671,#6679,#6680,#6681,#6682,#6691));
#6671 = ORIENTED_EDGE('',*,*,#6672,.T.);
#6672 = EDGE_CURVE('',#6673,#6068,#6675,.T.);
#6673 = VERTEX_POINT('',#6674);
#6674 = CARTESIAN_POINT('',(-3.479901426318,20.,187.53526947514));
#6675 = LINE('',#6676,#6677);
#6676 = CARTESIAN_POINT('',(-3.479901426319,8.,187.53526947514));
#6677 = VECTOR('',#6678,1.);
#6678 = DIRECTION('',(0.,1.,0.));
#6679 = ORIENTED_EDGE('',*,*,#6076,.F.);
#6680 = ORIENTED_EDGE('',*,*,#6085,.F.);
#6681 = ORIENTED_EDGE('',*,*,#6641,.F.);
#6682 = ORIENTED_EDGE('',*,*,#6683,.T.);
#6683 = EDGE_CURVE('',#6633,#6684,#6686,.T.);
#6684 = VERTEX_POINT('',#6685);
#6685 = CARTESIAN_POINT('',(-8.643715719631,20.,193.10418772176));
#6686 = CIRCLE('',#6687,3.8);
#6687 = AXIS2_PLACEMENT_3D('',#6688,#6689,#6690);
#6688 = CARTESIAN_POINT('',(-5.956709951122,20.,190.41718195325));
#6689 = DIRECTION('',(0.,1.,-0.));
#6690 = DIRECTION('',(-0.707106781187,0.,0.707106781187));
#6691 = ORIENTED_EDGE('',*,*,#6692,.T.);
#6692 = EDGE_CURVE('',#6684,#6673,#6693,.T.);
#6693 = CIRCLE('',#6694,3.8);
#6694 = AXIS2_PLACEMENT_3D('',#6695,#6696,#6697);
#6695 = CARTESIAN_POINT('',(-5.956709951122,20.,190.41718195325));
#6696 = DIRECTION('',(0.,1.,-0.));
#6697 = DIRECTION('',(-0.707106781187,0.,0.707106781187));
#6698 = CYLINDRICAL_SURFACE('',#6699,3.8);
#6699 = AXIS2_PLACEMENT_3D('',#6700,#6701,#6702);
#6700 = CARTESIAN_POINT('',(-5.956709951122,20.,190.41718195325));
#6701 = DIRECTION('',(0.,1.,0.));
#6702 = DIRECTION('',(-0.707106781187,0.,0.707106781187));
#6703 = ADVANCED_FACE('',(#6704),#6723,.F.);
#6704 = FACE_BOUND('',#6705,.F.);
#6705 = EDGE_LOOP('',(#6706,#6707,#6716,#6722));
#6706 = ORIENTED_EDGE('',*,*,#6672,.F.);
#6707 = ORIENTED_EDGE('',*,*,#6708,.T.);
#6708 = EDGE_CURVE('',#6673,#6709,#6711,.T.);
#6709 = VERTEX_POINT('',#6710);
#6710 = CARTESIAN_POINT('',(3.542467134645,20.,187.50605932563));
#6711 = CIRCLE('',#6712,8.3);
#6712 = AXIS2_PLACEMENT_3D('',#6713,#6714,#6715);
#6713 = CARTESIAN_POINT('',(0.,20.,180.));
#6714 = DIRECTION('',(0.,1.,-0.));
#6715 = DIRECTION('',(-0.707106781187,0.,0.707106781187));
#6716 = ORIENTED_EDGE('',*,*,#6717,.T.);
#6717 = EDGE_CURVE('',#6709,#6059,#6718,.T.);
#6718 = LINE('',#6719,#6720);
#6719 = CARTESIAN_POINT('',(3.542467134645,8.,187.50605932563));
#6720 = VECTOR('',#6721,1.);
#6721 = DIRECTION('',(0.,1.,0.));
#6722 = ORIENTED_EDGE('',*,*,#6067,.F.);
#6723 = CYLINDRICAL_SURFACE('',#6724,8.3);
#6724 = AXIS2_PLACEMENT_3D('',#6725,#6726,#6727);
#6725 = CARTESIAN_POINT('',(0.,8.,180.));
#6726 = DIRECTION('',(0.,1.,0.));
#6727 = DIRECTION('',(-0.707106781187,0.,0.707106781187));
#6728 = ADVANCED_FACE('',(#6729),#6758,.F.);
#6729 = FACE_BOUND('',#6730,.F.);
#6730 = EDGE_LOOP('',(#6731,#6739,#6740,#6741,#6742,#6751));
#6731 = ORIENTED_EDGE('',*,*,#6732,.T.);
#6732 = EDGE_CURVE('',#6733,#6041,#6735,.T.);
#6733 = VERTEX_POINT('',#6734);
#6734 = CARTESIAN_POINT('',(4.785804036458,20.,186.78130368916));
#6735 = LINE('',#6736,#6737);
#6736 = CARTESIAN_POINT('',(4.785804036458,8.,186.78130368916));
#6737 = VECTOR('',#6738,1.);
#6738 = DIRECTION('',(0.,1.,0.));
#6739 = ORIENTED_EDGE('',*,*,#6049,.F.);
#6740 = ORIENTED_EDGE('',*,*,#6058,.F.);
#6741 = ORIENTED_EDGE('',*,*,#6717,.F.);
#6742 = ORIENTED_EDGE('',*,*,#6743,.T.);
#6743 = EDGE_CURVE('',#6709,#6744,#6746,.T.);
#6744 = VERTEX_POINT('',#6745);
#6745 = CARTESIAN_POINT('',(3.356183341953,20.,193.05425184087));
#6746 = CIRCLE('',#6747,3.8);
#6747 = AXIS2_PLACEMENT_3D('',#6748,#6749,#6750);
#6748 = CARTESIAN_POINT('',(6.043189110461,20.,190.36724607236));
#6749 = DIRECTION('',(0.,1.,-0.));
#6750 = DIRECTION('',(-0.707106781187,0.,0.707106781187));
#6751 = ORIENTED_EDGE('',*,*,#6752,.T.);
#6752 = EDGE_CURVE('',#6744,#6733,#6753,.T.);
#6753 = CIRCLE('',#6754,3.8);
#6754 = AXIS2_PLACEMENT_3D('',#6755,#6756,#6757);
#6755 = CARTESIAN_POINT('',(6.043189110461,20.,190.36724607236));
#6756 = DIRECTION('',(0.,1.,-0.));
#6757 = DIRECTION('',(-0.707106781187,0.,0.707106781187));
#6758 = CYLINDRICAL_SURFACE('',#6759,3.8);
#6759 = AXIS2_PLACEMENT_3D('',#6760,#6761,#6762);
#6760 = CARTESIAN_POINT('',(6.043189110461,20.,190.36724607236));
#6761 = DIRECTION('',(0.,1.,0.));
#6762 = DIRECTION('',(-0.707106781187,0.,0.707106781187));
#6763 = ADVANCED_FACE('',(#6764),#6783,.F.);
#6764 = FACE_BOUND('',#6765,.F.);
#6765 = EDGE_LOOP('',(#6766,#6767,#6776,#6782));
#6766 = ORIENTED_EDGE('',*,*,#6732,.F.);
#6767 = ORIENTED_EDGE('',*,*,#6768,.T.);
#6768 = EDGE_CURVE('',#6733,#6769,#6771,.T.);
#6769 = VERTEX_POINT('',#6770);
#6770 = CARTESIAN_POINT('',(8.271671119879,20.,180.68516923789));
#6771 = CIRCLE('',#6772,8.3);
#6772 = AXIS2_PLACEMENT_3D('',#6773,#6774,#6775);
#6773 = CARTESIAN_POINT('',(0.,20.,180.));
#6774 = DIRECTION('',(0.,1.,-0.));
#6775 = DIRECTION('',(-0.707106781187,0.,0.707106781187));
#6776 = ORIENTED_EDGE('',*,*,#6777,.T.);
#6777 = EDGE_CURVE('',#6769,#6032,#6778,.T.);
#6778 = LINE('',#6779,#6780);
#6779 = CARTESIAN_POINT('',(8.271671119879,8.,180.68516923789));
#6780 = VECTOR('',#6781,1.);
#6781 = DIRECTION('',(0.,1.,0.));
#6782 = ORIENTED_EDGE('',*,*,#6040,.F.);
#6783 = CYLINDRICAL_SURFACE('',#6784,8.3);
#6784 = AXIS2_PLACEMENT_3D('',#6785,#6786,#6787);
#6785 = CARTESIAN_POINT('',(0.,8.,180.));
#6786 = DIRECTION('',(0.,1.,0.));
#6787 = DIRECTION('',(-0.707106781187,0.,0.707106781187));
#6788 = ADVANCED_FACE('',(#6789),#6818,.F.);
#6789 = FACE_BOUND('',#6790,.F.);
#6790 = EDGE_LOOP('',(#6791,#6799,#6800,#6801,#6802,#6811));
#6791 = ORIENTED_EDGE('',*,*,#6792,.T.);
#6792 = EDGE_CURVE('',#6793,#6014,#6795,.T.);
#6793 = VERTEX_POINT('',#6794);
#6794 = CARTESIAN_POINT('',(8.265683159451,20.,179.24602260805));
#6795 = LINE('',#6796,#6797);
#6796 = CARTESIAN_POINT('',(8.265683159451,8.,179.24602260805));
#6797 = VECTOR('',#6798,1.);
#6798 = DIRECTION('',(0.,1.,0.));
#6799 = ORIENTED_EDGE('',*,*,#6022,.F.);
#6800 = ORIENTED_EDGE('',*,*,#6031,.F.);
#6801 = ORIENTED_EDGE('',*,*,#6777,.F.);
#6802 = ORIENTED_EDGE('',*,*,#6803,.T.);
#6803 = EDGE_CURVE('',#6769,#6804,#6806,.T.);
#6804 = VERTEX_POINT('',#6805);
#6805 = CARTESIAN_POINT('',(9.312886222007,20.,182.63707695868));
#6806 = CIRCLE('',#6807,3.8);
#6807 = AXIS2_PLACEMENT_3D('',#6808,#6809,#6810);
#6808 = CARTESIAN_POINT('',(11.999891990516,20.,179.95007119018));
#6809 = DIRECTION('',(0.,1.,-0.));
#6810 = DIRECTION('',(-0.707106781187,0.,0.707106781187));
#6811 = ORIENTED_EDGE('',*,*,#6812,.T.);
#6812 = EDGE_CURVE('',#6804,#6793,#6813,.T.);
#6813 = CIRCLE('',#6814,3.8);
#6814 = AXIS2_PLACEMENT_3D('',#6815,#6816,#6817);
#6815 = CARTESIAN_POINT('',(11.999891990516,20.,179.95007119018));
#6816 = DIRECTION('',(0.,1.,-0.));
#6817 = DIRECTION('',(-0.707106781187,0.,0.707106781187));
#6818 = CYLINDRICAL_SURFACE('',#6819,3.8);
#6819 = AXIS2_PLACEMENT_3D('',#6820,#6821,#6822);
#6820 = CARTESIAN_POINT('',(11.999891990516,20.,179.95007119018));
#6821 = DIRECTION('',(0.,1.,0.));
#6822 = DIRECTION('',(-0.707106781187,0.,0.707106781187));
#6823 = ADVANCED_FACE('',(#6824),#6843,.F.);
#6824 = FACE_BOUND('',#6825,.F.);
#6825 = EDGE_LOOP('',(#6826,#6827,#6836,#6842));
#6826 = ORIENTED_EDGE('',*,*,#6792,.F.);
#6827 = ORIENTED_EDGE('',*,*,#6828,.T.);
#6828 = EDGE_CURVE('',#6793,#6829,#6831,.T.);
#6829 = VERTEX_POINT('',#6830);
#6830 = CARTESIAN_POINT('',(4.72918832872,20.,173.17909260057));
#6831 = CIRCLE('',#6832,8.3);
#6832 = AXIS2_PLACEMENT_3D('',#6833,#6834,#6835);
#6833 = CARTESIAN_POINT('',(0.,20.,180.));
#6834 = DIRECTION('',(0.,1.,-0.));
#6835 = DIRECTION('',(-0.707106781187,0.,0.707106781187));
#6836 = ORIENTED_EDGE('',*,*,#6837,.T.);
#6837 = EDGE_CURVE('',#6829,#6005,#6838,.T.);
#6838 = LINE('',#6839,#6840);
#6839 = CARTESIAN_POINT('',(4.72918832872,8.,173.17909260057));
#6840 = VECTOR('',#6841,1.);
#6841 = DIRECTION('',(0.,1.,0.));
#6842 = ORIENTED_EDGE('',*,*,#6013,.F.);
#6843 = CYLINDRICAL_SURFACE('',#6844,8.3);
#6844 = AXIS2_PLACEMENT_3D('',#6845,#6846,#6847);
#6845 = CARTESIAN_POINT('',(0.,8.,180.));
#6846 = DIRECTION('',(0.,1.,0.));
#6847 = DIRECTION('',(-0.707106781187,0.,0.707106781187));
#6848 = ADVANCED_FACE('',(#6849),#6878,.F.);
#6849 = FACE_BOUND('',#6850,.F.);
#6850 = EDGE_LOOP('',(#6851,#6859,#6860,#6861,#6862,#6871));
#6851 = ORIENTED_EDGE('',*,*,#6852,.T.);
#6852 = EDGE_CURVE('',#6853,#5987,#6855,.T.);
#6853 = VERTEX_POINT('',#6854);
#6854 = CARTESIAN_POINT('',(3.479901426318,20.,172.46473052485));
#6855 = LINE('',#6856,#6857);
#6856 = CARTESIAN_POINT('',(3.479901426319,8.,172.46473052485));
#6857 = VECTOR('',#6858,1.);
#6858 = DIRECTION('',(0.,1.,0.));
#6859 = ORIENTED_EDGE('',*,*,#5995,.F.);
#6860 = ORIENTED_EDGE('',*,*,#6004,.F.);
#6861 = ORIENTED_EDGE('',*,*,#6837,.F.);
#6862 = ORIENTED_EDGE('',*,*,#6863,.T.);
#6863 = EDGE_CURVE('',#6829,#6864,#6866,.T.);
#6864 = VERTEX_POINT('',#6865);
#6865 = CARTESIAN_POINT('',(3.269704182613,20.,172.26982381525));
#6866 = CIRCLE('',#6867,3.8);
#6867 = AXIS2_PLACEMENT_3D('',#6868,#6869,#6870);
#6868 = CARTESIAN_POINT('',(5.956709951122,20.,169.58281804674));
#6869 = DIRECTION('',(0.,1.,-0.));
#6870 = DIRECTION('',(-0.707106781187,0.,0.707106781187));
#6871 = ORIENTED_EDGE('',*,*,#6872,.T.);
#6872 = EDGE_CURVE('',#6864,#6853,#6873,.T.);
#6873 = CIRCLE('',#6874,3.8);
#6874 = AXIS2_PLACEMENT_3D('',#6875,#6876,#6877);
#6875 = CARTESIAN_POINT('',(5.956709951122,20.,169.58281804674));
#6876 = DIRECTION('',(0.,1.,-0.));
#6877 = DIRECTION('',(-0.707106781187,0.,0.707106781187));
#6878 = CYLINDRICAL_SURFACE('',#6879,3.8);
#6879 = AXIS2_PLACEMENT_3D('',#6880,#6881,#6882);
#6880 = CARTESIAN_POINT('',(5.956709951122,20.,169.58281804674));
#6881 = DIRECTION('',(0.,1.,0.));
#6882 = DIRECTION('',(-0.707106781187,0.,0.707106781187));
#6883 = ADVANCED_FACE('',(#6884),#6903,.F.);
#6884 = FACE_BOUND('',#6885,.F.);
#6885 = EDGE_LOOP('',(#6886,#6887,#6896,#6902));
#6886 = ORIENTED_EDGE('',*,*,#6852,.F.);
#6887 = ORIENTED_EDGE('',*,*,#6888,.T.);
#6888 = EDGE_CURVE('',#6853,#6889,#6891,.T.);
#6889 = VERTEX_POINT('',#6890);
#6890 = CARTESIAN_POINT('',(-3.542467134645,20.,172.49394067436));
#6891 = CIRCLE('',#6892,8.3);
#6892 = AXIS2_PLACEMENT_3D('',#6893,#6894,#6895);
#6893 = CARTESIAN_POINT('',(0.,20.,180.));
#6894 = DIRECTION('',(0.,1.,-0.));
#6895 = DIRECTION('',(-0.707106781187,0.,0.707106781187));
#6896 = ORIENTED_EDGE('',*,*,#6897,.T.);
#6897 = EDGE_CURVE('',#6889,#5978,#6898,.T.);
#6898 = LINE('',#6899,#6900);
#6899 = CARTESIAN_POINT('',(-3.542467134645,8.,172.49394067436));
#6900 = VECTOR('',#6901,1.);
#6901 = DIRECTION('',(0.,1.,0.));
#6902 = ORIENTED_EDGE('',*,*,#5986,.F.);
#6903 = CYLINDRICAL_SURFACE('',#6904,8.3);
#6904 = AXIS2_PLACEMENT_3D('',#6905,#6906,#6907);
#6905 = CARTESIAN_POINT('',(0.,8.,180.));
#6906 = DIRECTION('',(0.,1.,0.));
#6907 = DIRECTION('',(-0.707106781187,0.,0.707106781187));
#6908 = ADVANCED_FACE('',(#6909),#6938,.F.);
#6909 = FACE_BOUND('',#6910,.F.);
#6910 = EDGE_LOOP('',(#6911,#6919,#6920,#6921,#6922,#6931));
#6911 = ORIENTED_EDGE('',*,*,#6912,.T.);
#6912 = EDGE_CURVE('',#6913,#5960,#6915,.T.);
#6913 = VERTEX_POINT('',#6914);
#6914 = CARTESIAN_POINT('',(-4.785804036458,20.,173.21869631083));
#6915 = LINE('',#6916,#6917);
#6916 = CARTESIAN_POINT('',(-4.785804036458,8.,173.21869631083));
#6917 = VECTOR('',#6918,1.);
#6918 = DIRECTION('',(0.,1.,0.));
#6919 = ORIENTED_EDGE('',*,*,#5968,.F.);
#6920 = ORIENTED_EDGE('',*,*,#5977,.F.);
#6921 = ORIENTED_EDGE('',*,*,#6897,.F.);
#6922 = ORIENTED_EDGE('',*,*,#6923,.T.);
#6923 = EDGE_CURVE('',#6889,#6924,#6926,.T.);
#6924 = VERTEX_POINT('',#6925);
#6925 = CARTESIAN_POINT('',(-8.73019487897,20.,172.31975969614));
#6926 = CIRCLE('',#6927,3.8);
#6927 = AXIS2_PLACEMENT_3D('',#6928,#6929,#6930);
#6928 = CARTESIAN_POINT('',(-6.043189110461,20.,169.63275392763));
#6929 = DIRECTION('',(0.,1.,-0.));
#6930 = DIRECTION('',(-0.707106781187,0.,0.707106781187));
#6931 = ORIENTED_EDGE('',*,*,#6932,.T.);
#6932 = EDGE_CURVE('',#6924,#6913,#6933,.T.);
#6933 = CIRCLE('',#6934,3.8);
#6934 = AXIS2_PLACEMENT_3D('',#6935,#6936,#6937);
#6935 = CARTESIAN_POINT('',(-6.043189110461,20.,169.63275392763));
#6936 = DIRECTION('',(0.,1.,-0.));
#6937 = DIRECTION('',(-0.707106781187,0.,0.707106781187));
#6938 = CYLINDRICAL_SURFACE('',#6939,3.8);
#6939 = AXIS2_PLACEMENT_3D('',#6940,#6941,#6942);
#6940 = CARTESIAN_POINT('',(-6.043189110461,20.,169.63275392763));
#6941 = DIRECTION('',(0.,1.,0.));
#6942 = DIRECTION('',(-0.707106781187,0.,0.707106781187));
#6943 = ADVANCED_FACE('',(#6944),#6963,.F.);
#6944 = FACE_BOUND('',#6945,.F.);
#6945 = EDGE_LOOP('',(#6946,#6947,#6956,#6962));
#6946 = ORIENTED_EDGE('',*,*,#6912,.F.);
#6947 = ORIENTED_EDGE('',*,*,#6948,.T.);
#6948 = EDGE_CURVE('',#6913,#6949,#6951,.T.);
#6949 = VERTEX_POINT('',#6950);
#6950 = CARTESIAN_POINT('',(-8.271673624131,20.,179.31486099522));
#6951 = CIRCLE('',#6952,8.3);
#6952 = AXIS2_PLACEMENT_3D('',#6953,#6954,#6955);
#6953 = CARTESIAN_POINT('',(0.,20.,180.));
#6954 = DIRECTION('',(0.,1.,-0.));
#6955 = DIRECTION('',(-0.707106781187,0.,0.707106781187));
#6956 = ORIENTED_EDGE('',*,*,#6957,.T.);
#6957 = EDGE_CURVE('',#6949,#5951,#6958,.T.);
#6958 = LINE('',#6959,#6960);
#6959 = CARTESIAN_POINT('',(-8.271673624131,8.,179.31486099522));
#6960 = VECTOR('',#6961,1.);
#6961 = DIRECTION('',(0.,1.,0.));
#6962 = ORIENTED_EDGE('',*,*,#5959,.F.);
#6963 = CYLINDRICAL_SURFACE('',#6964,8.3);
#6964 = AXIS2_PLACEMENT_3D('',#6965,#6966,#6967);
#6965 = CARTESIAN_POINT('',(0.,8.,180.));
#6966 = DIRECTION('',(0.,1.,0.));
#6967 = DIRECTION('',(-0.707106781187,0.,0.707106781187));
#6968 = ADVANCED_FACE('',(#6969),#6991,.F.);
#6969 = FACE_BOUND('',#6970,.F.);
#6970 = EDGE_LOOP('',(#6971,#6972,#6973,#6974,#6975,#6984));
#6971 = ORIENTED_EDGE('',*,*,#6649,.T.);
#6972 = ORIENTED_EDGE('',*,*,#5941,.F.);
#6973 = ORIENTED_EDGE('',*,*,#5950,.F.);
#6974 = ORIENTED_EDGE('',*,*,#6957,.F.);
#6975 = ORIENTED_EDGE('',*,*,#6976,.T.);
#6976 = EDGE_CURVE('',#6949,#6977,#6979,.T.);
#6977 = VERTEX_POINT('',#6978);
#6978 = CARTESIAN_POINT('',(-14.68690483009,20.,182.73694164939));
#6979 = CIRCLE('',#6980,3.8);
#6980 = AXIS2_PLACEMENT_3D('',#6981,#6982,#6983);
#6981 = CARTESIAN_POINT('',(-11.99989906158,20.,180.04993588088));
#6982 = DIRECTION('',(0.,1.,-0.));
#6983 = DIRECTION('',(-0.707106781187,0.,0.707106781187));
#6984 = ORIENTED_EDGE('',*,*,#6985,.T.);
#6985 = EDGE_CURVE('',#6977,#6650,#6986,.T.);
#6986 = CIRCLE('',#6987,3.8);
#6987 = AXIS2_PLACEMENT_3D('',#6988,#6989,#6990);
#6988 = CARTESIAN_POINT('',(-11.99989906158,20.,180.04993588088));
#6989 = DIRECTION('',(0.,1.,-0.));
#6990 = DIRECTION('',(-0.707106781187,0.,0.707106781187));
#6991 = CYLINDRICAL_SURFACE('',#6992,3.8);
#6992 = AXIS2_PLACEMENT_3D('',#6993,#6994,#6995);
#6993 = CARTESIAN_POINT('',(-11.99989906158,20.,180.04993588088));
#6994 = DIRECTION('',(0.,1.,0.));
#6995 = DIRECTION('',(-0.707106781187,0.,0.707106781187));
#6996 = ADVANCED_FACE('',(#6997),#7010,.T.);
#6997 = FACE_BOUND('',#6998,.T.);
#6998 = EDGE_LOOP('',(#6999,#7000,#7006,#7007,#7008,#7009));
#6999 = ORIENTED_EDGE('',*,*,#6143,.T.);
#7000 = ORIENTED_EDGE('',*,*,#7001,.T.);
#7001 = EDGE_CURVE('',#6136,#6216,#7002,.T.);
#7002 = LINE('',#7003,#7004);
#7003 = CARTESIAN_POINT('',(73.908260067812,-80.,235.76366124804));
#7004 = VECTOR('',#7005,1.);
#7005 = DIRECTION('',(0.,1.,0.));
#7006 = ORIENTED_EDGE('',*,*,#6215,.F.);
#7007 = ORIENTED_EDGE('',*,*,#6206,.F.);
#7008 = ORIENTED_EDGE('',*,*,#6603,.F.);
#7009 = ORIENTED_EDGE('',*,*,#6100,.T.);
#7010 = CYLINDRICAL_SURFACE('',#7011,4.5);
#7011 = AXIS2_PLACEMENT_3D('',#7012,#7013,#7014);
#7012 = CARTESIAN_POINT('',(75.660425586961,-80.,231.61879502661));
#7013 = DIRECTION('',(0.,1.,0.));
#7014 = DIRECTION('',(-0.707106781187,0.,0.707106781187));
#7015 = ADVANCED_FACE('',(#7016),#7027,.T.);
#7016 = FACE_BOUND('',#7017,.T.);
#7017 = EDGE_LOOP('',(#7018,#7019,#7025,#7026));
#7018 = ORIENTED_EDGE('',*,*,#6135,.F.);
#7019 = ORIENTED_EDGE('',*,*,#7020,.T.);
#7020 = EDGE_CURVE('',#6128,#6225,#7021,.T.);
#7021 = LINE('',#7022,#7023);
#7022 = CARTESIAN_POINT('',(83.24126805503,-78.,252.32222380601));
#7023 = VECTOR('',#7024,1.);
#7024 = DIRECTION('',(0.,1.,0.));
#7025 = ORIENTED_EDGE('',*,*,#6224,.F.);
#7026 = ORIENTED_EDGE('',*,*,#7001,.F.);
#7027 = PLANE('',#7028);
#7028 = AXIS2_PLACEMENT_3D('',#7029,#7030,#7031);
#7029 = CARTESIAN_POINT('',(104.6518036156,-76.,290.3086578651));
#7030 = DIRECTION('',(-0.871152209204,0.,0.491013063369));
#7031 = DIRECTION('',(-0.491013063369,0.,-0.871152209204));
#7032 = ADVANCED_FACE('',(#7033,#7039),#7050,.F.);
#7033 = FACE_BOUND('',#7034,.F.);
#7034 = EDGE_LOOP('',(#7035,#7036,#7037,#7038));
#7035 = ORIENTED_EDGE('',*,*,#7020,.T.);
#7036 = ORIENTED_EDGE('',*,*,#6232,.T.);
#7037 = ORIENTED_EDGE('',*,*,#6179,.T.);
#7038 = ORIENTED_EDGE('',*,*,#6127,.T.);
#7039 = FACE_BOUND('',#7040,.F.);
#7040 = EDGE_LOOP('',(#7041));
#7041 = ORIENTED_EDGE('',*,*,#7042,.F.);
#7042 = EDGE_CURVE('',#7043,#7043,#7045,.T.);
#7043 = VERTEX_POINT('',#7044);
#7044 = CARTESIAN_POINT('',(67.175144212722,-62.,268.38834764831));
#7045 = CIRCLE('',#7046,7.);
#7046 = AXIS2_PLACEMENT_3D('',#7047,#7048,#7049);
#7047 = CARTESIAN_POINT('',(72.124891681028,-62.,263.43860018001));
#7048 = DIRECTION('',(0.707106781187,0.,0.707106781187));
#7049 = DIRECTION('',(-0.707106781187,0.,0.707106781187));
#7050 = PLANE('',#7051);
#7051 = AXIS2_PLACEMENT_3D('',#7052,#7053,#7054);
#7052 = CARTESIAN_POINT('',(98.994949366117,-80.,236.56854249492));
#7053 = DIRECTION('',(0.707106781187,0.,0.707106781187));
#7054 = DIRECTION('',(-0.707106781187,0.,0.707106781187));
#7055 = ADVANCED_FACE('',(#7056),#7075,.T.);
#7056 = FACE_BOUND('',#7057,.T.);
#7057 = EDGE_LOOP('',(#7058,#7066,#7073,#7074));
#7058 = ORIENTED_EDGE('',*,*,#7059,.T.);
#7059 = EDGE_CURVE('',#6153,#7060,#7062,.T.);
#7060 = VERTEX_POINT('',#7061);
#7061 = CARTESIAN_POINT('',(45.608387386532,-48.,261.67083322704));
#7062 = LINE('',#7063,#7064);
#7063 = CARTESIAN_POINT('',(45.608387386532,-80.,261.67083322704));
#7064 = VECTOR('',#7065,1.);
#7065 = DIRECTION('',(0.,1.,0.));
#7066 = ORIENTED_EDGE('',*,*,#7067,.F.);
#7067 = EDGE_CURVE('',#7060,#7060,#7068,.T.);
#7068 = CIRCLE('',#7069,4.5);
#7069 = AXIS2_PLACEMENT_3D('',#7070,#7071,#7072);
#7070 = CARTESIAN_POINT('',(48.790367901872,-48.,258.4888527117));
#7071 = DIRECTION('',(0.,1.,-0.));
#7072 = DIRECTION('',(-0.707106781187,0.,0.707106781187));
#7073 = ORIENTED_EDGE('',*,*,#7059,.F.);
#7074 = ORIENTED_EDGE('',*,*,#6152,.T.);
#7075 = CYLINDRICAL_SURFACE('',#7076,4.5);
#7076 = AXIS2_PLACEMENT_3D('',#7077,#7078,#7079);
#7077 = CARTESIAN_POINT('',(48.790367901872,-80.,258.4888527117));
#7078 = DIRECTION('',(0.,1.,0.));
#7079 = DIRECTION('',(-0.707106781187,0.,0.707106781187));
#7080 = ADVANCED_FACE('',(#7081),#7102,.F.);
#7081 = FACE_BOUND('',#7082,.F.);
#7082 = EDGE_LOOP('',(#7083,#7091,#7092,#7093,#7094,#7095));
#7083 = ORIENTED_EDGE('',*,*,#7084,.T.);
#7084 = EDGE_CURVE('',#7085,#6251,#7087,.T.);
#7085 = VERTEX_POINT('',#7086);
#7086 = CARTESIAN_POINT('',(74.034079990232,-53.,233.24514062334));
#7087 = LINE('',#7088,#7089);
#7088 = CARTESIAN_POINT('',(74.034079990232,-53.,233.24514062334));
#7089 = VECTOR('',#7090,1.);
#7090 = DIRECTION('',(0.,1.,0.));
#7091 = ORIENTED_EDGE('',*,*,#6248,.F.);
#7092 = ORIENTED_EDGE('',*,*,#6259,.F.);
#7093 = ORIENTED_EDGE('',*,*,#6268,.F.);
#7094 = ORIENTED_EDGE('',*,*,#7084,.F.);
#7095 = ORIENTED_EDGE('',*,*,#7096,.T.);
#7096 = EDGE_CURVE('',#7085,#7085,#7097,.T.);
#7097 = CIRCLE('',#7098,2.3);
#7098 = AXIS2_PLACEMENT_3D('',#7099,#7100,#7101);
#7099 = CARTESIAN_POINT('',(75.660425586961,-53.,231.61879502661));
#7100 = DIRECTION('',(0.,1.,-0.));
#7101 = DIRECTION('',(-0.707106781187,0.,0.707106781187));
#7102 = CYLINDRICAL_SURFACE('',#7103,2.3);
#7103 = AXIS2_PLACEMENT_3D('',#7104,#7105,#7106);
#7104 = CARTESIAN_POINT('',(75.660425586961,-53.,231.61879502661));
#7105 = DIRECTION('',(0.,1.,0.));
#7106 = DIRECTION('',(-0.707106781187,0.,0.707106781187));
#7107 = ADVANCED_FACE('',(#7108),#7133,.T.);
#7108 = FACE_BOUND('',#7109,.T.);
#7109 = EDGE_LOOP('',(#7110,#7120,#7126,#7127));
#7110 = ORIENTED_EDGE('',*,*,#7111,.F.);
#7111 = EDGE_CURVE('',#7112,#7114,#7116,.T.);
#7112 = VERTEX_POINT('',#7113);
#7113 = CARTESIAN_POINT('',(124.35651258467,-76.,301.71664726824));
#7114 = VERTEX_POINT('',#7115);
#7115 = CARTESIAN_POINT('',(104.6518036156,-76.,290.3086578651));
#7116 = LINE('',#7117,#7118);
#7117 = CARTESIAN_POINT('',(185.26197667087,-76.,336.97770542341));
#7118 = VECTOR('',#7119,1.);
#7119 = DIRECTION('',(-0.865426285481,0.,-0.501036270542));
#7120 = ORIENTED_EDGE('',*,*,#7121,.T.);
#7121 = EDGE_CURVE('',#7112,#6280,#7122,.T.);
#7122 = LINE('',#7123,#7124);
#7123 = CARTESIAN_POINT('',(124.35651258467,-78.,301.71664726824));
#7124 = VECTOR('',#7125,1.);
#7125 = DIRECTION('',(0.,1.,0.));
#7126 = ORIENTED_EDGE('',*,*,#6277,.F.);
#7127 = ORIENTED_EDGE('',*,*,#7128,.F.);
#7128 = EDGE_CURVE('',#7114,#6278,#7129,.T.);
#7129 = LINE('',#7130,#7131);
#7130 = CARTESIAN_POINT('',(104.6518036156,-76.,290.3086578651));
#7131 = VECTOR('',#7132,1.);
#7132 = DIRECTION('',(0.,1.,0.));
#7133 = PLANE('',#7134);
#7134 = AXIS2_PLACEMENT_3D('',#7135,#7136,#7137);
#7135 = CARTESIAN_POINT('',(185.26197667087,-76.,336.97770542341));
#7136 = DIRECTION('',(-0.501036270542,0.,0.865426285481));
#7137 = DIRECTION('',(-0.865426285481,0.,-0.501036270542));
#7138 = ADVANCED_FACE('',(#7139),#7157,.T.);
#7139 = FACE_BOUND('',#7140,.T.);
#7140 = EDGE_LOOP('',(#7141,#7149,#7150,#7151));
#7141 = ORIENTED_EDGE('',*,*,#7142,.F.);
#7142 = EDGE_CURVE('',#7114,#7143,#7145,.T.);
#7143 = VERTEX_POINT('',#7144);
#7144 = CARTESIAN_POINT('',(85.280366679847,-76.,255.93997943068));
#7145 = LINE('',#7146,#7147);
#7146 = CARTESIAN_POINT('',(104.6518036156,-76.,290.3086578651));
#7147 = VECTOR('',#7148,1.);
#7148 = DIRECTION('',(-0.491013063369,0.,-0.871152209204));
#7149 = ORIENTED_EDGE('',*,*,#7128,.T.);
#7150 = ORIENTED_EDGE('',*,*,#6328,.F.);
#7151 = ORIENTED_EDGE('',*,*,#7152,.F.);
#7152 = EDGE_CURVE('',#7143,#6321,#7153,.T.);
#7153 = LINE('',#7154,#7155);
#7154 = CARTESIAN_POINT('',(85.280366679847,-78.,255.93997943068));
#7155 = VECTOR('',#7156,1.);
#7156 = DIRECTION('',(0.,1.,0.));
#7157 = PLANE('',#7158);
#7158 = AXIS2_PLACEMENT_3D('',#7159,#7160,#7161);
#7159 = CARTESIAN_POINT('',(104.6518036156,-76.,290.3086578651));
#7160 = DIRECTION('',(-0.871152209204,0.,0.491013063369));
#7161 = DIRECTION('',(-0.491013063369,0.,-0.871152209204));
#7162 = ADVANCED_FACE('',(#7163,#7181,#7184,#7187,#7190,#7193),#7196,.F.
  );
#7163 = FACE_BOUND('',#7164,.F.);
#7164 = EDGE_LOOP('',(#7165,#7166,#7167,#7175));
#7165 = ORIENTED_EDGE('',*,*,#7121,.T.);
#7166 = ORIENTED_EDGE('',*,*,#6287,.F.);
#7167 = ORIENTED_EDGE('',*,*,#7168,.T.);
#7168 = EDGE_CURVE('',#6288,#7169,#7171,.T.);
#7169 = VERTEX_POINT('',#7170);
#7170 = CARTESIAN_POINT('',(96.072241337212,-76.,330.0009185157));
#7171 = LINE('',#7172,#7173);
#7172 = CARTESIAN_POINT('',(96.072241337212,-78.,330.0009185157));
#7173 = VECTOR('',#7174,1.);
#7174 = DIRECTION('',(0.,-1.,0.));
#7175 = ORIENTED_EDGE('',*,*,#7176,.T.);
#7176 = EDGE_CURVE('',#7169,#7112,#7177,.T.);
#7177 = LINE('',#7178,#7179);
#7178 = CARTESIAN_POINT('',(134.31665710055,-76.,291.75650275236));
#7179 = VECTOR('',#7180,1.);
#7180 = DIRECTION('',(0.707106781187,0.,-0.707106781187));
#7181 = FACE_BOUND('',#7182,.F.);
#7182 = EDGE_LOOP('',(#7183));
#7183 = ORIENTED_EDGE('',*,*,#6486,.F.);
#7184 = FACE_BOUND('',#7185,.F.);
#7185 = EDGE_LOOP('',(#7186));
#7186 = ORIENTED_EDGE('',*,*,#6511,.F.);
#7187 = FACE_BOUND('',#7188,.F.);
#7188 = EDGE_LOOP('',(#7189));
#7189 = ORIENTED_EDGE('',*,*,#6561,.F.);
#7190 = FACE_BOUND('',#7191,.F.);
#7191 = EDGE_LOOP('',(#7192));
#7192 = ORIENTED_EDGE('',*,*,#6536,.F.);
#7193 = FACE_BOUND('',#7194,.F.);
#7194 = EDGE_LOOP('',(#7195));
#7195 = ORIENTED_EDGE('',*,*,#6586,.F.);
#7196 = PLANE('',#7197);
#7197 = AXIS2_PLACEMENT_3D('',#7198,#7199,#7200);
#7198 = CARTESIAN_POINT('',(151.32085117392,-80.,274.75230867899));
#7199 = DIRECTION('',(0.707106781187,0.,0.707106781187));
#7200 = DIRECTION('',(-0.707106781187,0.,0.707106781187));
#7201 = ADVANCED_FACE('',(#7202,#7220),#7231,.T.);
#7202 = FACE_BOUND('',#7203,.T.);
#7203 = EDGE_LOOP('',(#7204,#7205,#7206,#7214));
#7204 = ORIENTED_EDGE('',*,*,#7152,.T.);
#7205 = ORIENTED_EDGE('',*,*,#6320,.T.);
#7206 = ORIENTED_EDGE('',*,*,#7207,.T.);
#7207 = EDGE_CURVE('',#6313,#7208,#7210,.T.);
#7208 = VERTEX_POINT('',#7209);
#7209 = CARTESIAN_POINT('',(56.996095432385,-76.,284.22425067814));
#7210 = LINE('',#7211,#7212);
#7211 = CARTESIAN_POINT('',(56.996095432385,-78.,284.22425067814));
#7212 = VECTOR('',#7213,1.);
#7213 = DIRECTION('',(0.,-1.,0.));
#7214 = ORIENTED_EDGE('',*,*,#7215,.T.);
#7215 = EDGE_CURVE('',#7208,#7143,#7216,.T.);
#7216 = LINE('',#7217,#7218);
#7217 = CARTESIAN_POINT('',(88.354716323425,-76.,252.8656297871));
#7218 = VECTOR('',#7219,1.);
#7219 = DIRECTION('',(0.707106781187,0.,-0.707106781187));
#7220 = FACE_BOUND('',#7221,.T.);
#7221 = EDGE_LOOP('',(#7222));
#7222 = ORIENTED_EDGE('',*,*,#7223,.F.);
#7223 = EDGE_CURVE('',#7224,#7224,#7226,.T.);
#7224 = VERTEX_POINT('',#7225);
#7225 = CARTESIAN_POINT('',(70.003571337468,-62.,271.21677477306));
#7226 = CIRCLE('',#7227,7.);
#7227 = AXIS2_PLACEMENT_3D('',#7228,#7229,#7230);
#7228 = CARTESIAN_POINT('',(74.953318805774,-62.,266.26702730475));
#7229 = DIRECTION('',(0.707106781187,0.,0.707106781187));
#7230 = DIRECTION('',(-0.707106781187,0.,0.707106781187));
#7231 = PLANE('',#7232);
#7232 = AXIS2_PLACEMENT_3D('',#7233,#7234,#7235);
#7233 = CARTESIAN_POINT('',(101.82337649086,-80.,239.39696961967));
#7234 = DIRECTION('',(0.707106781187,0.,0.707106781187));
#7235 = DIRECTION('',(-0.707106781187,0.,0.707106781187));
#7236 = ADVANCED_FACE('',(#7237),#7255,.T.);
#7237 = FACE_BOUND('',#7238,.T.);
#7238 = EDGE_LOOP('',(#7239,#7247,#7253,#7254));
#7239 = ORIENTED_EDGE('',*,*,#7240,.F.);
#7240 = EDGE_CURVE('',#7241,#7169,#7243,.T.);
#7241 = VERTEX_POINT('',#7242);
#7242 = CARTESIAN_POINT('',(78.346952176413,-76.,319.73890900155));
#7243 = LINE('',#7244,#7245);
#7244 = CARTESIAN_POINT('',(76.367532368147,-76.,318.59292911256));
#7245 = VECTOR('',#7246,1.);
#7246 = DIRECTION('',(0.865426285481,0.,0.501036270542));
#7247 = ORIENTED_EDGE('',*,*,#7248,.T.);
#7248 = EDGE_CURVE('',#7241,#6296,#7249,.T.);
#7249 = LINE('',#7250,#7251);
#7250 = CARTESIAN_POINT('',(78.346952176413,-80.,319.73890900155));
#7251 = VECTOR('',#7252,1.);
#7252 = DIRECTION('',(0.,1.,0.));
#7253 = ORIENTED_EDGE('',*,*,#6295,.F.);
#7254 = ORIENTED_EDGE('',*,*,#7168,.T.);
#7255 = PLANE('',#7256);
#7256 = AXIS2_PLACEMENT_3D('',#7257,#7258,#7259);
#7257 = CARTESIAN_POINT('',(76.367532368147,-76.,318.59292911256));
#7258 = DIRECTION('',(0.501036270542,0.,-0.865426285481));
#7259 = DIRECTION('',(0.865426285481,0.,0.501036270542));
#7260 = ADVANCED_FACE('',(#7261),#7279,.T.);
#7261 = FACE_BOUND('',#7262,.T.);
#7262 = EDGE_LOOP('',(#7263,#7271,#7272,#7273));
#7263 = ORIENTED_EDGE('',*,*,#7264,.F.);
#7264 = EDGE_CURVE('',#7208,#7265,#7267,.T.);
#7265 = VERTEX_POINT('',#7266);
#7266 = CARTESIAN_POINT('',(73.470578159194,-76.,313.45317164506));
#7267 = LINE('',#7268,#7269);
#7268 = CARTESIAN_POINT('',(32.526911934581,-76.,240.81118318204));
#7269 = VECTOR('',#7270,1.);
#7270 = DIRECTION('',(0.491013063369,0.,0.871152209204));
#7271 = ORIENTED_EDGE('',*,*,#7207,.F.);
#7272 = ORIENTED_EDGE('',*,*,#6312,.F.);
#7273 = ORIENTED_EDGE('',*,*,#7274,.F.);
#7274 = EDGE_CURVE('',#7265,#6304,#7275,.T.);
#7275 = LINE('',#7276,#7277);
#7276 = CARTESIAN_POINT('',(73.470578159194,-80.,313.45317164506));
#7277 = VECTOR('',#7278,1.);
#7278 = DIRECTION('',(0.,1.,0.));
#7279 = PLANE('',#7280);
#7280 = AXIS2_PLACEMENT_3D('',#7281,#7282,#7283);
#7281 = CARTESIAN_POINT('',(32.526911934581,-76.,240.81118318204));
#7282 = DIRECTION('',(0.871152209204,0.,-0.491013063369));
#7283 = DIRECTION('',(0.491013063369,0.,0.871152209204));
#7284 = ADVANCED_FACE('',(#7285),#7297,.T.);
#7285 = FACE_BOUND('',#7286,.T.);
#7286 = EDGE_LOOP('',(#7287,#7288,#7289,#7296));
#7287 = ORIENTED_EDGE('',*,*,#6303,.F.);
#7288 = ORIENTED_EDGE('',*,*,#7248,.F.);
#7289 = ORIENTED_EDGE('',*,*,#7290,.T.);
#7290 = EDGE_CURVE('',#7241,#7265,#7291,.T.);
#7291 = CIRCLE('',#7292,4.5);
#7292 = AXIS2_PLACEMENT_3D('',#7293,#7294,#7295);
#7293 = CARTESIAN_POINT('',(74.246212024587,-76.,317.88582233137));
#7294 = DIRECTION('',(0.,1.,-0.));
#7295 = DIRECTION('',(-0.707106781187,0.,0.707106781187));
#7296 = ORIENTED_EDGE('',*,*,#7274,.T.);
#7297 = CYLINDRICAL_SURFACE('',#7298,4.5);
#7298 = AXIS2_PLACEMENT_3D('',#7299,#7300,#7301);
#7299 = CARTESIAN_POINT('',(74.246212024587,-80.,317.88582233137));
#7300 = DIRECTION('',(0.,1.,0.));
#7301 = DIRECTION('',(-0.707106781187,0.,0.707106781187));
#7302 = ADVANCED_FACE('',(#7303),#7324,.F.);
#7303 = FACE_BOUND('',#7304,.F.);
#7304 = EDGE_LOOP('',(#7305,#7313,#7314,#7315,#7316,#7317));
#7305 = ORIENTED_EDGE('',*,*,#7306,.T.);
#7306 = EDGE_CURVE('',#7307,#6339,#7309,.T.);
#7307 = VERTEX_POINT('',#7308);
#7308 = CARTESIAN_POINT('',(72.619866427858,-53.,319.5121679281));
#7309 = LINE('',#7310,#7311);
#7310 = CARTESIAN_POINT('',(72.619866427858,-53.,319.5121679281));
#7311 = VECTOR('',#7312,1.);
#7312 = DIRECTION('',(0.,1.,0.));
#7313 = ORIENTED_EDGE('',*,*,#6336,.F.);
#7314 = ORIENTED_EDGE('',*,*,#6347,.F.);
#7315 = ORIENTED_EDGE('',*,*,#6356,.F.);
#7316 = ORIENTED_EDGE('',*,*,#7306,.F.);
#7317 = ORIENTED_EDGE('',*,*,#7318,.T.);
#7318 = EDGE_CURVE('',#7307,#7307,#7319,.T.);
#7319 = CIRCLE('',#7320,2.3);
#7320 = AXIS2_PLACEMENT_3D('',#7321,#7322,#7323);
#7321 = CARTESIAN_POINT('',(74.246212024587,-53.,317.88582233137));
#7322 = DIRECTION('',(0.,1.,-0.));
#7323 = DIRECTION('',(-0.707106781187,0.,0.707106781187));
#7324 = CYLINDRICAL_SURFACE('',#7325,2.3);
#7325 = AXIS2_PLACEMENT_3D('',#7326,#7327,#7328);
#7326 = CARTESIAN_POINT('',(74.246212024587,-53.,317.88582233137));
#7327 = DIRECTION('',(0.,1.,0.));
#7328 = DIRECTION('',(-0.707106781187,0.,0.707106781187));
#7329 = ADVANCED_FACE('',(#7330),#7349,.F.);
#7330 = FACE_BOUND('',#7331,.F.);
#7331 = EDGE_LOOP('',(#7332,#7341,#7347,#7348));
#7332 = ORIENTED_EDGE('',*,*,#7333,.F.);
#7333 = EDGE_CURVE('',#7334,#7334,#7336,.T.);
#7334 = VERTEX_POINT('',#7335);
#7335 = CARTESIAN_POINT('',(4.365719693453,12.,171.17380830441));
#7336 = CIRCLE('',#7337,2.25);
#7337 = AXIS2_PLACEMENT_3D('',#7338,#7339,#7340);
#7338 = CARTESIAN_POINT('',(5.956709951122,12.,169.58281804674));
#7339 = DIRECTION('',(0.,1.,-0.));
#7340 = DIRECTION('',(-0.707106781187,0.,0.707106781187));
#7341 = ORIENTED_EDGE('',*,*,#7342,.F.);
#7342 = EDGE_CURVE('',#6383,#7334,#7343,.T.);
#7343 = LINE('',#7344,#7345);
#7344 = CARTESIAN_POINT('',(4.365719693453,8.,171.17380830441));
#7345 = VECTOR('',#7346,1.);
#7346 = DIRECTION('',(0.,1.,0.));
#7347 = ORIENTED_EDGE('',*,*,#6382,.T.);
#7348 = ORIENTED_EDGE('',*,*,#7342,.T.);
#7349 = CYLINDRICAL_SURFACE('',#7350,2.25);
#7350 = AXIS2_PLACEMENT_3D('',#7351,#7352,#7353);
#7351 = CARTESIAN_POINT('',(5.956709951122,8.,169.58281804674));
#7352 = DIRECTION('',(0.,1.,0.));
#7353 = DIRECTION('',(-0.707106781187,0.,0.707106781187));
#7354 = ADVANCED_FACE('',(#7355),#7374,.F.);
#7355 = FACE_BOUND('',#7356,.F.);
#7356 = EDGE_LOOP('',(#7357,#7366,#7372,#7373));
#7357 = ORIENTED_EDGE('',*,*,#7358,.F.);
#7358 = EDGE_CURVE('',#7359,#7359,#7361,.T.);
#7359 = VERTEX_POINT('',#7360);
#7360 = CARTESIAN_POINT('',(-7.634179368131,12.,171.2237441853));
#7361 = CIRCLE('',#7362,2.25);
#7362 = AXIS2_PLACEMENT_3D('',#7363,#7364,#7365);
#7363 = CARTESIAN_POINT('',(-6.043189110461,12.,169.63275392763));
#7364 = DIRECTION('',(0.,1.,-0.));
#7365 = DIRECTION('',(-0.707106781187,0.,0.707106781187));
#7366 = ORIENTED_EDGE('',*,*,#7367,.F.);
#7367 = EDGE_CURVE('',#6394,#7359,#7368,.T.);
#7368 = LINE('',#7369,#7370);
#7369 = CARTESIAN_POINT('',(-7.634179368131,8.,171.2237441853));
#7370 = VECTOR('',#7371,1.);
#7371 = DIRECTION('',(0.,1.,0.));
#7372 = ORIENTED_EDGE('',*,*,#6393,.T.);
#7373 = ORIENTED_EDGE('',*,*,#7367,.T.);
#7374 = CYLINDRICAL_SURFACE('',#7375,2.25);
#7375 = AXIS2_PLACEMENT_3D('',#7376,#7377,#7378);
#7376 = CARTESIAN_POINT('',(-6.043189110461,8.,169.63275392763));
#7377 = DIRECTION('',(0.,1.,0.));
#7378 = DIRECTION('',(-0.707106781187,0.,0.707106781187));
#7379 = ADVANCED_FACE('',(#7380),#7399,.F.);
#7380 = FACE_BOUND('',#7381,.F.);
#7381 = EDGE_LOOP('',(#7382,#7391,#7397,#7398));
#7382 = ORIENTED_EDGE('',*,*,#7383,.F.);
#7383 = EDGE_CURVE('',#7384,#7384,#7386,.T.);
#7384 = VERTEX_POINT('',#7385);
#7385 = CARTESIAN_POINT('',(10.408901732846,12.,181.54106144785));
#7386 = CIRCLE('',#7387,2.25);
#7387 = AXIS2_PLACEMENT_3D('',#7388,#7389,#7390);
#7388 = CARTESIAN_POINT('',(11.999891990516,12.,179.95007119018));
#7389 = DIRECTION('',(0.,1.,-0.));
#7390 = DIRECTION('',(-0.707106781187,0.,0.707106781187));
#7391 = ORIENTED_EDGE('',*,*,#7392,.F.);
#7392 = EDGE_CURVE('',#6405,#7384,#7393,.T.);
#7393 = LINE('',#7394,#7395);
#7394 = CARTESIAN_POINT('',(10.408901732846,8.,181.54106144785));
#7395 = VECTOR('',#7396,1.);
#7396 = DIRECTION('',(0.,1.,0.));
#7397 = ORIENTED_EDGE('',*,*,#6404,.T.);
#7398 = ORIENTED_EDGE('',*,*,#7392,.T.);
#7399 = CYLINDRICAL_SURFACE('',#7400,2.25);
#7400 = AXIS2_PLACEMENT_3D('',#7401,#7402,#7403);
#7401 = CARTESIAN_POINT('',(11.999891990516,8.,179.95007119018));
#7402 = DIRECTION('',(0.,1.,0.));
#7403 = DIRECTION('',(-0.707106781187,0.,0.707106781187));
#7404 = ADVANCED_FACE('',(#7405),#7424,.F.);
#7405 = FACE_BOUND('',#7406,.F.);
#7406 = EDGE_LOOP('',(#7407,#7416,#7422,#7423));
#7407 = ORIENTED_EDGE('',*,*,#7408,.F.);
#7408 = EDGE_CURVE('',#7409,#7409,#7411,.T.);
#7409 = VERTEX_POINT('',#7410);
#7410 = CARTESIAN_POINT('',(-13.59088931925,12.,181.64092613855));
#7411 = CIRCLE('',#7412,2.25);
#7412 = AXIS2_PLACEMENT_3D('',#7413,#7414,#7415);
#7413 = CARTESIAN_POINT('',(-11.99989906158,12.,180.04993588088));
#7414 = DIRECTION('',(0.,1.,-0.));
#7415 = DIRECTION('',(-0.707106781187,0.,0.707106781187));
#7416 = ORIENTED_EDGE('',*,*,#7417,.F.);
#7417 = EDGE_CURVE('',#6416,#7409,#7418,.T.);
#7418 = LINE('',#7419,#7420);
#7419 = CARTESIAN_POINT('',(-13.59088931925,8.,181.64092613855));
#7420 = VECTOR('',#7421,1.);
#7421 = DIRECTION('',(0.,1.,0.));
#7422 = ORIENTED_EDGE('',*,*,#6415,.T.);
#7423 = ORIENTED_EDGE('',*,*,#7417,.T.);
#7424 = CYLINDRICAL_SURFACE('',#7425,2.25);
#7425 = AXIS2_PLACEMENT_3D('',#7426,#7427,#7428);
#7426 = CARTESIAN_POINT('',(-11.99989906158,8.,180.04993588088));
#7427 = DIRECTION('',(0.,1.,0.));
#7428 = DIRECTION('',(-0.707106781187,0.,0.707106781187));
#7429 = ADVANCED_FACE('',(#7430),#7449,.F.);
#7430 = FACE_BOUND('',#7431,.F.);
#7431 = EDGE_LOOP('',(#7432,#7441,#7447,#7448));
#7432 = ORIENTED_EDGE('',*,*,#7433,.F.);
#7433 = EDGE_CURVE('',#7434,#7434,#7436,.T.);
#7434 = VERTEX_POINT('',#7435);
#7435 = CARTESIAN_POINT('',(-5.868986283848,12.,185.86898628384));
#7436 = CIRCLE('',#7437,8.3);
#7437 = AXIS2_PLACEMENT_3D('',#7438,#7439,#7440);
#7438 = CARTESIAN_POINT('',(0.,12.,180.));
#7439 = DIRECTION('',(0.,1.,-0.));
#7440 = DIRECTION('',(-0.707106781187,0.,0.707106781187));
#7441 = ORIENTED_EDGE('',*,*,#7442,.F.);
#7442 = EDGE_CURVE('',#6427,#7434,#7443,.T.);
#7443 = LINE('',#7444,#7445);
#7444 = CARTESIAN_POINT('',(-5.868986283848,8.,185.86898628384));
#7445 = VECTOR('',#7446,1.);
#7446 = DIRECTION('',(0.,1.,0.));
#7447 = ORIENTED_EDGE('',*,*,#6426,.T.);
#7448 = ORIENTED_EDGE('',*,*,#7442,.T.);
#7449 = CYLINDRICAL_SURFACE('',#7450,8.3);
#7450 = AXIS2_PLACEMENT_3D('',#7451,#7452,#7453);
#7451 = CARTESIAN_POINT('',(0.,8.,180.));
#7452 = DIRECTION('',(0.,1.,0.));
#7453 = DIRECTION('',(-0.707106781187,0.,0.707106781187));
#7454 = ADVANCED_FACE('',(#7455),#7474,.F.);
#7455 = FACE_BOUND('',#7456,.F.);
#7456 = EDGE_LOOP('',(#7457,#7466,#7472,#7473));
#7457 = ORIENTED_EDGE('',*,*,#7458,.F.);
#7458 = EDGE_CURVE('',#7459,#7459,#7461,.T.);
#7459 = VERTEX_POINT('',#7460);
#7460 = CARTESIAN_POINT('',(-7.547700208792,12.,192.00817221092));
#7461 = CIRCLE('',#7462,2.25);
#7462 = AXIS2_PLACEMENT_3D('',#7463,#7464,#7465);
#7463 = CARTESIAN_POINT('',(-5.956709951122,12.,190.41718195325));
#7464 = DIRECTION('',(0.,1.,-0.));
#7465 = DIRECTION('',(-0.707106781187,0.,0.707106781187));
#7466 = ORIENTED_EDGE('',*,*,#7467,.F.);
#7467 = EDGE_CURVE('',#6438,#7459,#7468,.T.);
#7468 = LINE('',#7469,#7470);
#7469 = CARTESIAN_POINT('',(-7.547700208792,8.,192.00817221092));
#7470 = VECTOR('',#7471,1.);
#7471 = DIRECTION('',(0.,1.,0.));
#7472 = ORIENTED_EDGE('',*,*,#6437,.T.);
#7473 = ORIENTED_EDGE('',*,*,#7467,.T.);
#7474 = CYLINDRICAL_SURFACE('',#7475,2.25);
#7475 = AXIS2_PLACEMENT_3D('',#7476,#7477,#7478);
#7476 = CARTESIAN_POINT('',(-5.956709951122,8.,190.41718195325));
#7477 = DIRECTION('',(0.,1.,0.));
#7478 = DIRECTION('',(-0.707106781187,0.,0.707106781187));
#7479 = ADVANCED_FACE('',(#7480),#7499,.F.);
#7480 = FACE_BOUND('',#7481,.F.);
#7481 = EDGE_LOOP('',(#7482,#7491,#7497,#7498));
#7482 = ORIENTED_EDGE('',*,*,#7483,.F.);
#7483 = EDGE_CURVE('',#7484,#7484,#7486,.T.);
#7484 = VERTEX_POINT('',#7485);
#7485 = CARTESIAN_POINT('',(4.452198852792,12.,191.95823633003));
#7486 = CIRCLE('',#7487,2.25);
#7487 = AXIS2_PLACEMENT_3D('',#7488,#7489,#7490);
#7488 = CARTESIAN_POINT('',(6.043189110461,12.,190.36724607236));
#7489 = DIRECTION('',(0.,1.,-0.));
#7490 = DIRECTION('',(-0.707106781187,0.,0.707106781187));
#7491 = ORIENTED_EDGE('',*,*,#7492,.F.);
#7492 = EDGE_CURVE('',#6449,#7484,#7493,.T.);
#7493 = LINE('',#7494,#7495);
#7494 = CARTESIAN_POINT('',(4.452198852792,8.,191.95823633003));
#7495 = VECTOR('',#7496,1.);
#7496 = DIRECTION('',(0.,1.,0.));
#7497 = ORIENTED_EDGE('',*,*,#6448,.T.);
#7498 = ORIENTED_EDGE('',*,*,#7492,.T.);
#7499 = CYLINDRICAL_SURFACE('',#7500,2.25);
#7500 = AXIS2_PLACEMENT_3D('',#7501,#7502,#7503);
#7501 = CARTESIAN_POINT('',(6.043189110461,8.,190.36724607236));
#7502 = DIRECTION('',(0.,1.,0.));
#7503 = DIRECTION('',(-0.707106781187,0.,0.707106781187));
#7504 = ADVANCED_FACE('',(#7505,#7539),#7560,.F.);
#7505 = FACE_BOUND('',#7506,.F.);
#7506 = EDGE_LOOP('',(#7507,#7517,#7525,#7533));
#7507 = ORIENTED_EDGE('',*,*,#7508,.F.);
#7508 = EDGE_CURVE('',#7509,#7511,#7513,.T.);
#7509 = VERTEX_POINT('',#7510);
#7510 = CARTESIAN_POINT('',(1.414213562373,20.,155.95836943965));
#7511 = VERTEX_POINT('',#7512);
#7512 = CARTESIAN_POINT('',(67.882250993909,20.,222.42640687119));
#7513 = LINE('',#7514,#7515);
#7514 = CARTESIAN_POINT('',(1.414213562373,20.,155.95836943965));
#7515 = VECTOR('',#7516,1.);
#7516 = DIRECTION('',(0.707106781187,0.,0.707106781187));
#7517 = ORIENTED_EDGE('',*,*,#7518,.T.);
#7518 = EDGE_CURVE('',#7509,#7519,#7521,.T.);
#7519 = VERTEX_POINT('',#7520);
#7520 = CARTESIAN_POINT('',(-24.04163056034,20.,181.41421356237));
#7521 = LINE('',#7522,#7523);
#7522 = CARTESIAN_POINT('',(1.414213562373,20.,155.95836943965));
#7523 = VECTOR('',#7524,1.);
#7524 = DIRECTION('',(-0.707106781187,0.,0.707106781187));
#7525 = ORIENTED_EDGE('',*,*,#7526,.T.);
#7526 = EDGE_CURVE('',#7519,#7527,#7529,.T.);
#7527 = VERTEX_POINT('',#7528);
#7528 = CARTESIAN_POINT('',(42.426406871193,20.,247.8822509939));
#7529 = LINE('',#7530,#7531);
#7530 = CARTESIAN_POINT('',(-24.04163056034,20.,181.41421356237));
#7531 = VECTOR('',#7532,1.);
#7532 = DIRECTION('',(0.707106781187,0.,0.707106781187));
#7533 = ORIENTED_EDGE('',*,*,#7534,.F.);
#7534 = EDGE_CURVE('',#7511,#7527,#7535,.T.);
#7535 = LINE('',#7536,#7537);
#7536 = CARTESIAN_POINT('',(67.882250993909,20.,222.42640687119));
#7537 = VECTOR('',#7538,1.);
#7538 = DIRECTION('',(-0.707106781187,0.,0.707106781187));
#7539 = FACE_BOUND('',#7540,.F.);
#7540 = EDGE_LOOP('',(#7541,#7542,#7543,#7544,#7545,#7546,#7547,#7548,
    #7549,#7550,#7551,#7552,#7553,#7554,#7555,#7556,#7557,#7558,#7559));
#7541 = ORIENTED_EDGE('',*,*,#6630,.F.);
#7542 = ORIENTED_EDGE('',*,*,#6657,.F.);
#7543 = ORIENTED_EDGE('',*,*,#6985,.F.);
#7544 = ORIENTED_EDGE('',*,*,#6976,.F.);
#7545 = ORIENTED_EDGE('',*,*,#6948,.F.);
#7546 = ORIENTED_EDGE('',*,*,#6932,.F.);
#7547 = ORIENTED_EDGE('',*,*,#6923,.F.);
#7548 = ORIENTED_EDGE('',*,*,#6888,.F.);
#7549 = ORIENTED_EDGE('',*,*,#6872,.F.);
#7550 = ORIENTED_EDGE('',*,*,#6863,.F.);
#7551 = ORIENTED_EDGE('',*,*,#6828,.F.);
#7552 = ORIENTED_EDGE('',*,*,#6812,.F.);
#7553 = ORIENTED_EDGE('',*,*,#6803,.F.);
#7554 = ORIENTED_EDGE('',*,*,#6768,.F.);
#7555 = ORIENTED_EDGE('',*,*,#6752,.F.);
#7556 = ORIENTED_EDGE('',*,*,#6743,.F.);
#7557 = ORIENTED_EDGE('',*,*,#6708,.F.);
#7558 = ORIENTED_EDGE('',*,*,#6692,.F.);
#7559 = ORIENTED_EDGE('',*,*,#6683,.F.);
#7560 = PLANE('',#7561);
#7561 = AXIS2_PLACEMENT_3D('',#7562,#7563,#7564);
#7562 = CARTESIAN_POINT('',(1.414213562373,20.,155.95836943965));
#7563 = DIRECTION('',(-0.,1.,0.));
#7564 = DIRECTION('',(-0.707106781187,0.,0.707106781187));
#7565 = ADVANCED_FACE('',(#7566),#7577,.F.);
#7566 = FACE_BOUND('',#7567,.F.);
#7567 = EDGE_LOOP('',(#7568,#7569,#7575,#7576));
#7568 = ORIENTED_EDGE('',*,*,#7223,.F.);
#7569 = ORIENTED_EDGE('',*,*,#7570,.F.);
#7570 = EDGE_CURVE('',#7043,#7224,#7571,.T.);
#7571 = LINE('',#7572,#7573);
#7572 = CARTESIAN_POINT('',(67.175144212722,-62.,268.38834764831));
#7573 = VECTOR('',#7574,1.);
#7574 = DIRECTION('',(0.707106781187,0.,0.707106781187));
#7575 = ORIENTED_EDGE('',*,*,#7042,.T.);
#7576 = ORIENTED_EDGE('',*,*,#7570,.T.);
#7577 = CYLINDRICAL_SURFACE('',#7578,7.);
#7578 = AXIS2_PLACEMENT_3D('',#7579,#7580,#7581);
#7579 = CARTESIAN_POINT('',(72.124891681028,-62.,263.43860018001));
#7580 = DIRECTION('',(0.707106781187,0.,0.707106781187));
#7581 = DIRECTION('',(-0.707106781187,0.,0.707106781187));
#7582 = ADVANCED_FACE('',(#7583,#7586),#7597,.T.);
#7583 = FACE_BOUND('',#7584,.T.);
#7584 = EDGE_LOOP('',(#7585));
#7585 = ORIENTED_EDGE('',*,*,#7067,.T.);
#7586 = FACE_BOUND('',#7587,.T.);
#7587 = EDGE_LOOP('',(#7588));
#7588 = ORIENTED_EDGE('',*,*,#7589,.F.);
#7589 = EDGE_CURVE('',#7590,#7590,#7592,.T.);
#7590 = VERTEX_POINT('',#7591);
#7591 = CARTESIAN_POINT('',(47.164022305143,-48.,260.11519830843));
#7592 = CIRCLE('',#7593,2.3);
#7593 = AXIS2_PLACEMENT_3D('',#7594,#7595,#7596);
#7594 = CARTESIAN_POINT('',(48.790367901872,-48.,258.4888527117));
#7595 = DIRECTION('',(0.,1.,-0.));
#7596 = DIRECTION('',(-0.707106781187,0.,0.707106781187));
#7597 = PLANE('',#7598);
#7598 = AXIS2_PLACEMENT_3D('',#7599,#7600,#7601);
#7599 = CARTESIAN_POINT('',(48.790367901872,-48.,258.4888527117));
#7600 = DIRECTION('',(0.,1.,0.));
#7601 = DIRECTION('',(-0.707106781187,0.,0.707106781187));
#7602 = ADVANCED_FACE('',(#7603),#7606,.T.);
#7603 = FACE_BOUND('',#7604,.F.);
#7604 = EDGE_LOOP('',(#7605));
#7605 = ORIENTED_EDGE('',*,*,#7096,.F.);
#7606 = PLANE('',#7607);
#7607 = AXIS2_PLACEMENT_3D('',#7608,#7609,#7610);
#7608 = CARTESIAN_POINT('',(75.660425586961,-53.,231.61879502661));
#7609 = DIRECTION('',(0.,1.,0.));
#7610 = DIRECTION('',(-0.707106781187,0.,0.707106781187));
#7611 = ADVANCED_FACE('',(#7612),#7621,.T.);
#7612 = FACE_BOUND('',#7613,.T.);
#7613 = EDGE_LOOP('',(#7614,#7615,#7616,#7617,#7618,#7619,#7620));
#7614 = ORIENTED_EDGE('',*,*,#7215,.F.);
#7615 = ORIENTED_EDGE('',*,*,#7264,.T.);
#7616 = ORIENTED_EDGE('',*,*,#7290,.F.);
#7617 = ORIENTED_EDGE('',*,*,#7240,.T.);
#7618 = ORIENTED_EDGE('',*,*,#7176,.T.);
#7619 = ORIENTED_EDGE('',*,*,#7111,.T.);
#7620 = ORIENTED_EDGE('',*,*,#7142,.T.);
#7621 = PLANE('',#7622);
#7622 = AXIS2_PLACEMENT_3D('',#7623,#7624,#7625);
#7623 = CARTESIAN_POINT('',(119.7042757181,-76.,311.15250951666));
#7624 = DIRECTION('',(0.,1.,0.));
#7625 = DIRECTION('',(-0.707106781187,0.,0.707106781187));
#7626 = ADVANCED_FACE('',(#7627),#7630,.T.);
#7627 = FACE_BOUND('',#7628,.F.);
#7628 = EDGE_LOOP('',(#7629));
#7629 = ORIENTED_EDGE('',*,*,#7318,.F.);
#7630 = PLANE('',#7631);
#7631 = AXIS2_PLACEMENT_3D('',#7632,#7633,#7634);
#7632 = CARTESIAN_POINT('',(74.246212024587,-53.,317.88582233137));
#7633 = DIRECTION('',(0.,1.,0.));
#7634 = DIRECTION('',(-0.707106781187,0.,0.707106781187));
#7635 = ADVANCED_FACE('',(#7636,#7670,#7673,#7676,#7679,#7682,#7685,
    #7688),#7691,.T.);
#7636 = FACE_BOUND('',#7637,.T.);
#7637 = EDGE_LOOP('',(#7638,#7648,#7656,#7664));
#7638 = ORIENTED_EDGE('',*,*,#7639,.F.);
#7639 = EDGE_CURVE('',#7640,#7642,#7644,.T.);
#7640 = VERTEX_POINT('',#7641);
#7641 = CARTESIAN_POINT('',(1.414213562373,12.,155.95836943965));
#7642 = VERTEX_POINT('',#7643);
#7643 = CARTESIAN_POINT('',(67.882250993909,12.,222.42640687119));
#7644 = LINE('',#7645,#7646);
#7645 = CARTESIAN_POINT('',(1.414213562373,12.,155.95836943965));
#7646 = VECTOR('',#7647,1.);
#7647 = DIRECTION('',(0.707106781187,0.,0.707106781187));
#7648 = ORIENTED_EDGE('',*,*,#7649,.T.);
#7649 = EDGE_CURVE('',#7640,#7650,#7652,.T.);
#7650 = VERTEX_POINT('',#7651);
#7651 = CARTESIAN_POINT('',(-24.04163056034,12.,181.41421356237));
#7652 = LINE('',#7653,#7654);
#7653 = CARTESIAN_POINT('',(1.414213562373,12.,155.95836943965));
#7654 = VECTOR('',#7655,1.);
#7655 = DIRECTION('',(-0.707106781187,0.,0.707106781187));
#7656 = ORIENTED_EDGE('',*,*,#7657,.T.);
#7657 = EDGE_CURVE('',#7650,#7658,#7660,.T.);
#7658 = VERTEX_POINT('',#7659);
#7659 = CARTESIAN_POINT('',(42.426406871193,12.,247.8822509939));
#7660 = LINE('',#7661,#7662);
#7661 = CARTESIAN_POINT('',(-24.04163056034,12.,181.41421356237));
#7662 = VECTOR('',#7663,1.);
#7663 = DIRECTION('',(0.707106781187,0.,0.707106781187));
#7664 = ORIENTED_EDGE('',*,*,#7665,.F.);
#7665 = EDGE_CURVE('',#7642,#7658,#7666,.T.);
#7666 = LINE('',#7667,#7668);
#7667 = CARTESIAN_POINT('',(67.882250993909,12.,222.42640687119));
#7668 = VECTOR('',#7669,1.);
#7669 = DIRECTION('',(-0.707106781187,0.,0.707106781187));
#7670 = FACE_BOUND('',#7671,.T.);
#7671 = EDGE_LOOP('',(#7672));
#7672 = ORIENTED_EDGE('',*,*,#7358,.F.);
#7673 = FACE_BOUND('',#7674,.T.);
#7674 = EDGE_LOOP('',(#7675));
#7675 = ORIENTED_EDGE('',*,*,#7333,.F.);
#7676 = FACE_BOUND('',#7677,.T.);
#7677 = EDGE_LOOP('',(#7678));
#7678 = ORIENTED_EDGE('',*,*,#7408,.F.);
#7679 = FACE_BOUND('',#7680,.T.);
#7680 = EDGE_LOOP('',(#7681));
#7681 = ORIENTED_EDGE('',*,*,#7383,.F.);
#7682 = FACE_BOUND('',#7683,.T.);
#7683 = EDGE_LOOP('',(#7684));
#7684 = ORIENTED_EDGE('',*,*,#7433,.F.);
#7685 = FACE_BOUND('',#7686,.T.);
#7686 = EDGE_LOOP('',(#7687));
#7687 = ORIENTED_EDGE('',*,*,#7458,.F.);
#7688 = FACE_BOUND('',#7689,.T.);
#7689 = EDGE_LOOP('',(#7690));
#7690 = ORIENTED_EDGE('',*,*,#7483,.F.);
#7691 = PLANE('',#7692);
#7692 = AXIS2_PLACEMENT_3D('',#7693,#7694,#7695);
#7693 = CARTESIAN_POINT('',(1.414213562373,12.,155.95836943965));
#7694 = DIRECTION('',(-0.,1.,0.));
#7695 = DIRECTION('',(-0.707106781187,0.,0.707106781187));
#7696 = ADVANCED_FACE('',(#7697),#7713,.T.);
#7697 = FACE_BOUND('',#7698,.T.);
#7698 = EDGE_LOOP('',(#7699,#7705,#7706,#7712));
#7699 = ORIENTED_EDGE('',*,*,#7700,.F.);
#7700 = EDGE_CURVE('',#7640,#7509,#7701,.T.);
#7701 = LINE('',#7702,#7703);
#7702 = CARTESIAN_POINT('',(1.414213562373,12.,155.95836943965));
#7703 = VECTOR('',#7704,1.);
#7704 = DIRECTION('',(-0.,1.,0.));
#7705 = ORIENTED_EDGE('',*,*,#7639,.T.);
#7706 = ORIENTED_EDGE('',*,*,#7707,.T.);
#7707 = EDGE_CURVE('',#7642,#7511,#7708,.T.);
#7708 = LINE('',#7709,#7710);
#7709 = CARTESIAN_POINT('',(67.882250993909,12.,222.42640687119));
#7710 = VECTOR('',#7711,1.);
#7711 = DIRECTION('',(-0.,1.,0.));
#7712 = ORIENTED_EDGE('',*,*,#7508,.F.);
#7713 = PLANE('',#7714);
#7714 = AXIS2_PLACEMENT_3D('',#7715,#7716,#7717);
#7715 = CARTESIAN_POINT('',(1.414213562373,12.,155.95836943965));
#7716 = DIRECTION('',(-0.707106781187,0.,0.707106781187));
#7717 = DIRECTION('',(0.707106781187,0.,0.707106781187));
#7718 = ADVANCED_FACE('',(#7719),#7730,.F.);
#7719 = FACE_BOUND('',#7720,.F.);
#7720 = EDGE_LOOP('',(#7721,#7722,#7723,#7724));
#7721 = ORIENTED_EDGE('',*,*,#7665,.F.);
#7722 = ORIENTED_EDGE('',*,*,#7707,.T.);
#7723 = ORIENTED_EDGE('',*,*,#7534,.T.);
#7724 = ORIENTED_EDGE('',*,*,#7725,.F.);
#7725 = EDGE_CURVE('',#7658,#7527,#7726,.T.);
#7726 = LINE('',#7727,#7728);
#7727 = CARTESIAN_POINT('',(42.426406871193,12.,247.8822509939));
#7728 = VECTOR('',#7729,1.);
#7729 = DIRECTION('',(-0.,1.,0.));
#7730 = PLANE('',#7731);
#7731 = AXIS2_PLACEMENT_3D('',#7732,#7733,#7734);
#7732 = CARTESIAN_POINT('',(67.882250993909,12.,222.42640687119));
#7733 = DIRECTION('',(0.707106781187,0.,0.707106781187));
#7734 = DIRECTION('',(-0.707106781187,0.,0.707106781187));
#7735 = ADVANCED_FACE('',(#7736),#7747,.T.);
#7736 = FACE_BOUND('',#7737,.T.);
#7737 = EDGE_LOOP('',(#7738,#7739,#7740,#7741));
#7738 = ORIENTED_EDGE('',*,*,#7649,.F.);
#7739 = ORIENTED_EDGE('',*,*,#7700,.T.);
#7740 = ORIENTED_EDGE('',*,*,#7518,.T.);
#7741 = ORIENTED_EDGE('',*,*,#7742,.F.);
#7742 = EDGE_CURVE('',#7650,#7519,#7743,.T.);
#7743 = LINE('',#7744,#7745);
#7744 = CARTESIAN_POINT('',(-24.04163056034,12.,181.41421356237));
#7745 = VECTOR('',#7746,1.);
#7746 = DIRECTION('',(-0.,1.,0.));
#7747 = PLANE('',#7748);
#7748 = AXIS2_PLACEMENT_3D('',#7749,#7750,#7751);
#7749 = CARTESIAN_POINT('',(1.414213562373,12.,155.95836943965));
#7750 = DIRECTION('',(0.707106781187,0.,0.707106781187));
#7751 = DIRECTION('',(-0.707106781187,0.,0.707106781187));
#7752 = ADVANCED_FACE('',(#7753),#7759,.F.);
#7753 = FACE_BOUND('',#7754,.F.);
#7754 = EDGE_LOOP('',(#7755,#7756,#7757,#7758));
#7755 = ORIENTED_EDGE('',*,*,#7742,.F.);
#7756 = ORIENTED_EDGE('',*,*,#7657,.T.);
#7757 = ORIENTED_EDGE('',*,*,#7725,.T.);
#7758 = ORIENTED_EDGE('',*,*,#7526,.F.);
#7759 = PLANE('',#7760);
#7760 = AXIS2_PLACEMENT_3D('',#7761,#7762,#7763);
#7761 = CARTESIAN_POINT('',(-24.04163056034,12.,181.41421356237));
#7762 = DIRECTION('',(-0.707106781187,0.,0.707106781187));
#7763 = DIRECTION('',(0.707106781187,0.,0.707106781187));
#7764 = ADVANCED_FACE('',(#7765),#7784,.F.);
#7765 = FACE_BOUND('',#7766,.F.);
#7766 = EDGE_LOOP('',(#7767,#7768,#7776,#7783));
#7767 = ORIENTED_EDGE('',*,*,#7589,.F.);
#7768 = ORIENTED_EDGE('',*,*,#7769,.F.);
#7769 = EDGE_CURVE('',#7770,#7590,#7772,.T.);
#7770 = VERTEX_POINT('',#7771);
#7771 = CARTESIAN_POINT('',(47.164022305143,-53.,260.11519830843));
#7772 = LINE('',#7773,#7774);
#7773 = CARTESIAN_POINT('',(47.164022305143,-53.,260.11519830843));
#7774 = VECTOR('',#7775,1.);
#7775 = DIRECTION('',(0.,1.,0.));
#7776 = ORIENTED_EDGE('',*,*,#7777,.T.);
#7777 = EDGE_CURVE('',#7770,#7770,#7778,.T.);
#7778 = CIRCLE('',#7779,2.3);
#7779 = AXIS2_PLACEMENT_3D('',#7780,#7781,#7782);
#7780 = CARTESIAN_POINT('',(48.790367901872,-53.,258.4888527117));
#7781 = DIRECTION('',(0.,1.,-0.));
#7782 = DIRECTION('',(-0.707106781187,0.,0.707106781187));
#7783 = ORIENTED_EDGE('',*,*,#7769,.T.);
#7784 = CYLINDRICAL_SURFACE('',#7785,2.3);
#7785 = AXIS2_PLACEMENT_3D('',#7786,#7787,#7788);
#7786 = CARTESIAN_POINT('',(48.790367901872,-53.,258.4888527117));
#7787 = DIRECTION('',(0.,1.,0.));
#7788 = DIRECTION('',(-0.707106781187,0.,0.707106781187));
#7789 = ADVANCED_FACE('',(#7790),#7793,.T.);
#7790 = FACE_BOUND('',#7791,.F.);
#7791 = EDGE_LOOP('',(#7792));
#7792 = ORIENTED_EDGE('',*,*,#7777,.F.);
#7793 = PLANE('',#7794);
#7794 = AXIS2_PLACEMENT_3D('',#7795,#7796,#7797);
#7795 = CARTESIAN_POINT('',(48.790367901872,-53.,258.4888527117));
#7796 = DIRECTION('',(0.,1.,0.));
#7797 = DIRECTION('',(-0.707106781187,0.,0.707106781187));
#7798 = ORIENTED_CLOSED_SHELL('',*,#7799,.F.);
#7799 = CLOSED_SHELL('',(#7800,#7856,#7887,#7911,#7951,#7983,#8007,#8024
    ,#8052,#8068));
#7800 = ADVANCED_FACE('',(#7801),#7851,.T.);
#7801 = FACE_BOUND('',#7802,.T.);
#7802 = EDGE_LOOP('',(#7803,#7813,#7821,#7829,#7837,#7845));
#7803 = ORIENTED_EDGE('',*,*,#7804,.F.);
#7804 = EDGE_CURVE('',#7805,#7807,#7809,.T.);
#7805 = VERTEX_POINT('',#7806);
#7806 = CARTESIAN_POINT('',(31.112698372208,-48.,236.56854249492));
#7807 = VERTEX_POINT('',#7808);
#7808 = CARTESIAN_POINT('',(31.112698372208,8.,236.56854249492));
#7809 = LINE('',#7810,#7811);
#7810 = CARTESIAN_POINT('',(31.112698372208,-80.,236.56854249492));
#7811 = VECTOR('',#7812,1.);
#7812 = DIRECTION('',(-0.,1.,0.));
#7813 = ORIENTED_EDGE('',*,*,#7814,.F.);
#7814 = EDGE_CURVE('',#7815,#7805,#7817,.T.);
#7815 = VERTEX_POINT('',#7816);
#7816 = CARTESIAN_POINT('',(33.941125496954,-48.,239.39696961967));
#7817 = LINE('',#7818,#7819);
#7818 = CARTESIAN_POINT('',(71.705332290182,-48.,277.16117641289));
#7819 = VECTOR('',#7820,1.);
#7820 = DIRECTION('',(-0.707106781187,0.,-0.707106781187));
#7821 = ORIENTED_EDGE('',*,*,#7822,.F.);
#7822 = EDGE_CURVE('',#7823,#7815,#7825,.T.);
#7823 = VERTEX_POINT('',#7824);
#7824 = CARTESIAN_POINT('',(33.941125496954,-76.,239.39696961967));
#7825 = LINE('',#7826,#7827);
#7826 = CARTESIAN_POINT('',(33.941125496954,-78.,239.39696961967));
#7827 = VECTOR('',#7828,1.);
#7828 = DIRECTION('',(0.,1.,0.));
#7829 = ORIENTED_EDGE('',*,*,#7830,.F.);
#7830 = EDGE_CURVE('',#7831,#7823,#7833,.T.);
#7831 = VERTEX_POINT('',#7832);
#7832 = CARTESIAN_POINT('',(42.426406871193,-76.,247.8822509939));
#7833 = LINE('',#7834,#7835);
#7834 = CARTESIAN_POINT('',(71.906584464116,-76.,277.36242858683));
#7835 = VECTOR('',#7836,1.);
#7836 = DIRECTION('',(-0.707106781187,0.,-0.707106781187));
#7837 = ORIENTED_EDGE('',*,*,#7838,.T.);
#7838 = EDGE_CURVE('',#7831,#7839,#7841,.T.);
#7839 = VERTEX_POINT('',#7840);
#7840 = CARTESIAN_POINT('',(42.426406871193,8.,247.8822509939));
#7841 = LINE('',#7842,#7843);
#7842 = CARTESIAN_POINT('',(42.426406871193,-80.,247.8822509939));
#7843 = VECTOR('',#7844,1.);
#7844 = DIRECTION('',(-0.,1.,0.));
#7845 = ORIENTED_EDGE('',*,*,#7846,.F.);
#7846 = EDGE_CURVE('',#7807,#7839,#7847,.T.);
#7847 = LINE('',#7848,#7849);
#7848 = CARTESIAN_POINT('',(31.112698372208,8.,236.56854249492));
#7849 = VECTOR('',#7850,1.);
#7850 = DIRECTION('',(0.707106781187,0.,0.707106781187));
#7851 = PLANE('',#7852);
#7852 = AXIS2_PLACEMENT_3D('',#7853,#7854,#7855);
#7853 = CARTESIAN_POINT('',(31.112698372208,-80.,236.56854249492));
#7854 = DIRECTION('',(-0.707106781187,0.,0.707106781187));
#7855 = DIRECTION('',(0.707106781187,0.,0.707106781187));
#7856 = ADVANCED_FACE('',(#7857),#7882,.F.);
#7857 = FACE_BOUND('',#7858,.F.);
#7858 = EDGE_LOOP('',(#7859,#7867,#7875,#7881));
#7859 = ORIENTED_EDGE('',*,*,#7860,.F.);
#7860 = EDGE_CURVE('',#7861,#7805,#7863,.T.);
#7861 = VERTEX_POINT('',#7862);
#7862 = CARTESIAN_POINT('',(56.568542494924,-48.,211.1126983722));
#7863 = LINE('',#7864,#7865);
#7864 = CARTESIAN_POINT('',(60.811183182043,-48.,206.87005768508));
#7865 = VECTOR('',#7866,1.);
#7866 = DIRECTION('',(-0.707106781187,0.,0.707106781187));
#7867 = ORIENTED_EDGE('',*,*,#7868,.T.);
#7868 = EDGE_CURVE('',#7861,#7869,#7871,.T.);
#7869 = VERTEX_POINT('',#7870);
#7870 = CARTESIAN_POINT('',(56.568542494924,8.,211.1126983722));
#7871 = LINE('',#7872,#7873);
#7872 = CARTESIAN_POINT('',(56.568542494924,-80.,211.1126983722));
#7873 = VECTOR('',#7874,1.);
#7874 = DIRECTION('',(-0.,1.,0.));
#7875 = ORIENTED_EDGE('',*,*,#7876,.T.);
#7876 = EDGE_CURVE('',#7869,#7807,#7877,.T.);
#7877 = LINE('',#7878,#7879);
#7878 = CARTESIAN_POINT('',(56.568542494924,8.,211.1126983722));
#7879 = VECTOR('',#7880,1.);
#7880 = DIRECTION('',(-0.707106781187,0.,0.707106781187));
#7881 = ORIENTED_EDGE('',*,*,#7804,.F.);
#7882 = PLANE('',#7883);
#7883 = AXIS2_PLACEMENT_3D('',#7884,#7885,#7886);
#7884 = CARTESIAN_POINT('',(56.568542494924,-80.,211.1126983722));
#7885 = DIRECTION('',(0.707106781187,0.,0.707106781187));
#7886 = DIRECTION('',(-0.707106781187,0.,0.707106781187));
#7887 = ADVANCED_FACE('',(#7888),#7906,.T.);
#7888 = FACE_BOUND('',#7889,.T.);
#7889 = EDGE_LOOP('',(#7890,#7898,#7899,#7900));
#7890 = ORIENTED_EDGE('',*,*,#7891,.F.);
#7891 = EDGE_CURVE('',#7869,#7892,#7894,.T.);
#7892 = VERTEX_POINT('',#7893);
#7893 = CARTESIAN_POINT('',(67.882250993909,8.,222.42640687119));
#7894 = LINE('',#7895,#7896);
#7895 = CARTESIAN_POINT('',(56.568542494924,8.,211.1126983722));
#7896 = VECTOR('',#7897,1.);
#7897 = DIRECTION('',(0.707106781187,0.,0.707106781187));
#7898 = ORIENTED_EDGE('',*,*,#7876,.T.);
#7899 = ORIENTED_EDGE('',*,*,#7846,.T.);
#7900 = ORIENTED_EDGE('',*,*,#7901,.F.);
#7901 = EDGE_CURVE('',#7892,#7839,#7902,.T.);
#7902 = LINE('',#7903,#7904);
#7903 = CARTESIAN_POINT('',(67.882250993909,8.,222.42640687119));
#7904 = VECTOR('',#7905,1.);
#7905 = DIRECTION('',(-0.707106781187,0.,0.707106781187));
#7906 = PLANE('',#7907);
#7907 = AXIS2_PLACEMENT_3D('',#7908,#7909,#7910);
#7908 = CARTESIAN_POINT('',(1.414213562373,8.,150.30151519016));
#7909 = DIRECTION('',(-0.,1.,0.));
#7910 = DIRECTION('',(-0.707106781187,0.,0.707106781187));
#7911 = ADVANCED_FACE('',(#7912),#7946,.T.);
#7912 = FACE_BOUND('',#7913,.T.);
#7913 = EDGE_LOOP('',(#7914,#7924,#7930,#7931,#7932,#7940));
#7914 = ORIENTED_EDGE('',*,*,#7915,.F.);
#7915 = EDGE_CURVE('',#7916,#7918,#7920,.T.);
#7916 = VERTEX_POINT('',#7917);
#7917 = CARTESIAN_POINT('',(67.882250993909,-48.,222.42640687119));
#7918 = VERTEX_POINT('',#7919);
#7919 = CARTESIAN_POINT('',(66.928479056494,-48.,223.3801788086));
#7920 = LINE('',#7921,#7922);
#7921 = CARTESIAN_POINT('',(58.83772453452,-48.,231.47093333058));
#7922 = VECTOR('',#7923,1.);
#7923 = DIRECTION('',(-0.707106781187,0.,0.707106781187));
#7924 = ORIENTED_EDGE('',*,*,#7925,.T.);
#7925 = EDGE_CURVE('',#7916,#7892,#7926,.T.);
#7926 = LINE('',#7927,#7928);
#7927 = CARTESIAN_POINT('',(67.882250993909,-80.,222.42640687119));
#7928 = VECTOR('',#7929,1.);
#7929 = DIRECTION('',(-0.,1.,0.));
#7930 = ORIENTED_EDGE('',*,*,#7901,.T.);
#7931 = ORIENTED_EDGE('',*,*,#7838,.F.);
#7932 = ORIENTED_EDGE('',*,*,#7933,.F.);
#7933 = EDGE_CURVE('',#7934,#7831,#7936,.T.);
#7934 = VERTEX_POINT('',#7935);
#7935 = CARTESIAN_POINT('',(66.928479056494,-76.,223.3801788086));
#7936 = LINE('',#7937,#7938);
#7937 = CARTESIAN_POINT('',(58.65623151359,-76.,231.65242635151));
#7938 = VECTOR('',#7939,1.);
#7939 = DIRECTION('',(-0.707106781187,0.,0.707106781187));
#7940 = ORIENTED_EDGE('',*,*,#7941,.F.);
#7941 = EDGE_CURVE('',#7918,#7934,#7942,.T.);
#7942 = LINE('',#7943,#7944);
#7943 = CARTESIAN_POINT('',(66.928479056494,-78.,223.3801788086));
#7944 = VECTOR('',#7945,1.);
#7945 = DIRECTION('',(0.,-1.,0.));
#7946 = PLANE('',#7947);
#7947 = AXIS2_PLACEMENT_3D('',#7948,#7949,#7950);
#7948 = CARTESIAN_POINT('',(67.882250993909,-80.,222.42640687119));
#7949 = DIRECTION('',(0.707106781187,0.,0.707106781187));
#7950 = DIRECTION('',(-0.707106781187,0.,0.707106781187));
#7951 = ADVANCED_FACE('',(#7952),#7978,.F.);
#7952 = FACE_BOUND('',#7953,.F.);
#7953 = EDGE_LOOP('',(#7954,#7955,#7963,#7971,#7977));
#7954 = ORIENTED_EDGE('',*,*,#7933,.F.);
#7955 = ORIENTED_EDGE('',*,*,#7956,.T.);
#7956 = EDGE_CURVE('',#7934,#7957,#7959,.T.);
#7957 = VERTEX_POINT('',#7958);
#7958 = CARTESIAN_POINT('',(64.464568218174,-76.,219.00872409545));
#7959 = LINE('',#7960,#7961);
#7960 = CARTESIAN_POINT('',(104.6518036156,-76.,290.3086578651));
#7961 = VECTOR('',#7962,1.);
#7962 = DIRECTION('',(-0.491013063369,0.,-0.871152209204));
#7963 = ORIENTED_EDGE('',*,*,#7964,.T.);
#7964 = EDGE_CURVE('',#7957,#7965,#7967,.T.);
#7965 = VERTEX_POINT('',#7966);
#7966 = CARTESIAN_POINT('',(59.39696961967,-76.,213.94112549695));
#7967 = LINE('',#7968,#7969);
#7968 = CARTESIAN_POINT('',(97.362428586831,-76.,251.90658446411));
#7969 = VECTOR('',#7970,1.);
#7970 = DIRECTION('',(-0.707106781187,0.,-0.707106781187));
#7971 = ORIENTED_EDGE('',*,*,#7972,.T.);
#7972 = EDGE_CURVE('',#7965,#7823,#7973,.T.);
#7973 = LINE('',#7974,#7975);
#7974 = CARTESIAN_POINT('',(60.811183182043,-76.,212.52691193458));
#7975 = VECTOR('',#7976,1.);
#7976 = DIRECTION('',(-0.707106781187,0.,0.707106781187));
#7977 = ORIENTED_EDGE('',*,*,#7830,.F.);
#7978 = PLANE('',#7979);
#7979 = AXIS2_PLACEMENT_3D('',#7980,#7981,#7982);
#7980 = CARTESIAN_POINT('',(119.7042757181,-76.,311.15250951666));
#7981 = DIRECTION('',(0.,1.,0.));
#7982 = DIRECTION('',(-0.707106781187,0.,0.707106781187));
#7983 = ADVANCED_FACE('',(#7984),#8002,.F.);
#7984 = FACE_BOUND('',#7985,.F.);
#7985 = EDGE_LOOP('',(#7986,#7987,#7995,#8001));
#7986 = ORIENTED_EDGE('',*,*,#7972,.F.);
#7987 = ORIENTED_EDGE('',*,*,#7988,.T.);
#7988 = EDGE_CURVE('',#7965,#7989,#7991,.T.);
#7989 = VERTEX_POINT('',#7990);
#7990 = CARTESIAN_POINT('',(59.39696961967,-48.,213.94112549695));
#7991 = LINE('',#7992,#7993);
#7992 = CARTESIAN_POINT('',(59.39696961967,-78.,213.94112549695));
#7993 = VECTOR('',#7994,1.);
#7994 = DIRECTION('',(0.,1.,0.));
#7995 = ORIENTED_EDGE('',*,*,#7996,.F.);
#7996 = EDGE_CURVE('',#7815,#7989,#7997,.T.);
#7997 = LINE('',#7998,#7999);
#7998 = CARTESIAN_POINT('',(50.97941231944,-48.,222.35868279718));
#7999 = VECTOR('',#8000,1.);
#8000 = DIRECTION('',(0.707106781187,0.,-0.707106781187));
#8001 = ORIENTED_EDGE('',*,*,#7822,.F.);
#8002 = PLANE('',#8003);
#8003 = AXIS2_PLACEMENT_3D('',#8004,#8005,#8006);
#8004 = CARTESIAN_POINT('',(60.811183182043,-76.,212.52691193458));
#8005 = DIRECTION('',(0.707106781187,0.,0.707106781187));
#8006 = DIRECTION('',(-0.707106781187,0.,0.707106781187));
#8007 = ADVANCED_FACE('',(#8008),#8019,.F.);
#8008 = FACE_BOUND('',#8009,.F.);
#8009 = EDGE_LOOP('',(#8010,#8016,#8017,#8018));
#8010 = ORIENTED_EDGE('',*,*,#8011,.T.);
#8011 = EDGE_CURVE('',#7989,#7861,#8012,.T.);
#8012 = LINE('',#8013,#8014);
#8013 = CARTESIAN_POINT('',(97.161176412898,-48.,251.70533229018));
#8014 = VECTOR('',#8015,1.);
#8015 = DIRECTION('',(-0.707106781187,0.,-0.707106781187));
#8016 = ORIENTED_EDGE('',*,*,#7860,.T.);
#8017 = ORIENTED_EDGE('',*,*,#7814,.F.);
#8018 = ORIENTED_EDGE('',*,*,#7996,.T.);
#8019 = PLANE('',#8020);
#8020 = AXIS2_PLACEMENT_3D('',#8021,#8022,#8023);
#8021 = CARTESIAN_POINT('',(119.66475741209,-48.,310.38701912693));
#8022 = DIRECTION('',(0.,1.,0.));
#8023 = DIRECTION('',(-0.707106781187,0.,0.707106781187));
#8024 = ADVANCED_FACE('',(#8025),#8047,.F.);
#8025 = FACE_BOUND('',#8026,.F.);
#8026 = EDGE_LOOP('',(#8027,#8028,#8029,#8030,#8031,#8039,#8045,#8046));
#8027 = ORIENTED_EDGE('',*,*,#7868,.F.);
#8028 = ORIENTED_EDGE('',*,*,#8011,.F.);
#8029 = ORIENTED_EDGE('',*,*,#7988,.F.);
#8030 = ORIENTED_EDGE('',*,*,#7964,.F.);
#8031 = ORIENTED_EDGE('',*,*,#8032,.F.);
#8032 = EDGE_CURVE('',#8033,#7957,#8035,.T.);
#8033 = VERTEX_POINT('',#8034);
#8034 = CARTESIAN_POINT('',(64.464568218174,-48.,219.00872409545));
#8035 = LINE('',#8036,#8037);
#8036 = CARTESIAN_POINT('',(64.464568218174,-78.,219.00872409545));
#8037 = VECTOR('',#8038,1.);
#8038 = DIRECTION('',(0.,-1.,0.));
#8039 = ORIENTED_EDGE('',*,*,#8040,.F.);
#8040 = EDGE_CURVE('',#7916,#8033,#8041,.T.);
#8041 = LINE('',#8042,#8043);
#8042 = CARTESIAN_POINT('',(97.161176412898,-48.,251.70533229018));
#8043 = VECTOR('',#8044,1.);
#8044 = DIRECTION('',(-0.707106781187,0.,-0.707106781187));
#8045 = ORIENTED_EDGE('',*,*,#7925,.T.);
#8046 = ORIENTED_EDGE('',*,*,#7891,.F.);
#8047 = PLANE('',#8048);
#8048 = AXIS2_PLACEMENT_3D('',#8049,#8050,#8051);
#8049 = CARTESIAN_POINT('',(56.568542494924,-80.,211.1126983722));
#8050 = DIRECTION('',(-0.707106781187,0.,0.707106781187));
#8051 = DIRECTION('',(0.707106781187,0.,0.707106781187));
#8052 = ADVANCED_FACE('',(#8053),#8063,.F.);
#8053 = FACE_BOUND('',#8054,.F.);
#8054 = EDGE_LOOP('',(#8055,#8061,#8062));
#8055 = ORIENTED_EDGE('',*,*,#8056,.T.);
#8056 = EDGE_CURVE('',#8033,#7918,#8057,.T.);
#8057 = LINE('',#8058,#8059);
#8058 = CARTESIAN_POINT('',(110.91629240808,-48.,301.42307346465));
#8059 = VECTOR('',#8060,1.);
#8060 = DIRECTION('',(0.491013063369,0.,0.871152209204));
#8061 = ORIENTED_EDGE('',*,*,#7915,.F.);
#8062 = ORIENTED_EDGE('',*,*,#8040,.T.);
#8063 = PLANE('',#8064);
#8064 = AXIS2_PLACEMENT_3D('',#8065,#8066,#8067);
#8065 = CARTESIAN_POINT('',(119.66475741209,-48.,310.38701912693));
#8066 = DIRECTION('',(0.,1.,0.));
#8067 = DIRECTION('',(-0.707106781187,0.,0.707106781187));
#8068 = ADVANCED_FACE('',(#8069),#8075,.F.);
#8069 = FACE_BOUND('',#8070,.F.);
#8070 = EDGE_LOOP('',(#8071,#8072,#8073,#8074));
#8071 = ORIENTED_EDGE('',*,*,#7956,.F.);
#8072 = ORIENTED_EDGE('',*,*,#7941,.F.);
#8073 = ORIENTED_EDGE('',*,*,#8056,.F.);
#8074 = ORIENTED_EDGE('',*,*,#8032,.T.);
#8075 = PLANE('',#8076);
#8076 = AXIS2_PLACEMENT_3D('',#8077,#8078,#8079);
#8077 = CARTESIAN_POINT('',(104.6518036156,-76.,290.3086578651));
#8078 = DIRECTION('',(-0.871152209204,0.,0.491013063369));
#8079 = DIRECTION('',(-0.491013063369,0.,-0.871152209204));
#8080 = MANIFOLD_SOLID_BREP('',#8081);
#8081 = CLOSED_SHELL('',(#8082,#8142,#8200,#8240,#8354,#8507,#8524,#8541
    ,#8576,#8607,#8631,#8666,#8690,#8904,#8928,#8952,#8977,#9001,#9073,
    #9097,#9121,#9138,#9232,#9256,#9272,#9284,#9306,#9323,#9340,#9352,
    #9364,#9624,#9664,#9688,#9721,#9750,#9761,#9786,#9827,#9844,#9872,
    #9883,#9908,#9933,#9958,#9983,#10008,#10025,#10050,#10075,#10100,
    #10125,#10142,#10170,#10182,#10211,#10242,#10277,#10312,#10336,
    #10360,#10384,#10419,#10436,#10467,#10502,#10541,#10558,#10597,
    #10609,#10618,#10627,#10636,#10645,#10662,#10671,#10699,#10716,
    #10728,#10753,#10778,#10803,#10812,#10821,#10841,#10866));
#8082 = ADVANCED_FACE('',(#8083),#8137,.F.);
#8083 = FACE_BOUND('',#8084,.F.);
#8084 = EDGE_LOOP('',(#8085,#8096,#8104,#8113,#8122,#8130));
#8085 = ORIENTED_EDGE('',*,*,#8086,.F.);
#8086 = EDGE_CURVE('',#8087,#8089,#8091,.T.);
#8087 = VERTEX_POINT('',#8088);
#8088 = CARTESIAN_POINT('',(194.69848771057,-76.,401.08029962711));
#8089 = VERTEX_POINT('',#8090);
#8090 = CARTESIAN_POINT('',(203.64675298172,-76.,428.90158697766));
#8091 = CIRCLE('',#8092,32.);
#8092 = AXIS2_PLACEMENT_3D('',#8093,#8094,#8095);
#8093 = CARTESIAN_POINT('',(226.27416997969,-76.,406.27416997969));
#8094 = DIRECTION('',(0.,1.,-0.));
#8095 = DIRECTION('',(-0.707106781187,0.,0.707106781187));
#8096 = ORIENTED_EDGE('',*,*,#8097,.F.);
#8097 = EDGE_CURVE('',#8098,#8087,#8100,.T.);
#8098 = VERTEX_POINT('',#8099);
#8099 = CARTESIAN_POINT('',(194.69848771057,-80.,401.08029962711));
#8100 = LINE('',#8101,#8102);
#8101 = CARTESIAN_POINT('',(194.69848771057,-80.,401.08029962711));
#8102 = VECTOR('',#8103,1.);
#8103 = DIRECTION('',(0.,1.,0.));
#8104 = ORIENTED_EDGE('',*,*,#8105,.T.);
#8105 = EDGE_CURVE('',#8098,#8106,#8108,.T.);
#8106 = VERTEX_POINT('',#8107);
#8107 = CARTESIAN_POINT('',(203.64675298172,-80.,428.90158697766));
#8108 = CIRCLE('',#8109,32.);
#8109 = AXIS2_PLACEMENT_3D('',#8110,#8111,#8112);
#8110 = CARTESIAN_POINT('',(226.27416997969,-80.,406.27416997969));
#8111 = DIRECTION('',(0.,1.,-0.));
#8112 = DIRECTION('',(-0.707106781187,0.,0.707106781187));
#8113 = ORIENTED_EDGE('',*,*,#8114,.T.);
#8114 = EDGE_CURVE('',#8106,#8115,#8117,.T.);
#8115 = VERTEX_POINT('',#8116);
#8116 = CARTESIAN_POINT('',(221.08029962712,-80.,374.69848771057));
#8117 = CIRCLE('',#8118,32.);
#8118 = AXIS2_PLACEMENT_3D('',#8119,#8120,#8121);
#8119 = CARTESIAN_POINT('',(226.27416997969,-80.,406.27416997969));
#8120 = DIRECTION('',(0.,1.,-0.));
#8121 = DIRECTION('',(-0.707106781187,0.,0.707106781187));
#8122 = ORIENTED_EDGE('',*,*,#8123,.T.);
#8123 = EDGE_CURVE('',#8115,#8124,#8126,.T.);
#8124 = VERTEX_POINT('',#8125);
#8125 = CARTESIAN_POINT('',(221.08029962711,-76.,374.69848771057));
#8126 = LINE('',#8127,#8128);
#8127 = CARTESIAN_POINT('',(221.08029962711,-80.,374.69848771057));
#8128 = VECTOR('',#8129,1.);
#8129 = DIRECTION('',(0.,1.,0.));
#8130 = ORIENTED_EDGE('',*,*,#8131,.F.);
#8131 = EDGE_CURVE('',#8089,#8124,#8132,.T.);
#8132 = CIRCLE('',#8133,32.);
#8133 = AXIS2_PLACEMENT_3D('',#8134,#8135,#8136);
#8134 = CARTESIAN_POINT('',(226.27416997969,-76.,406.27416997969));
#8135 = DIRECTION('',(0.,1.,-0.));
#8136 = DIRECTION('',(-0.707106781187,0.,0.707106781187));
#8137 = CYLINDRICAL_SURFACE('',#8138,32.);
#8138 = AXIS2_PLACEMENT_3D('',#8139,#8140,#8141);
#8139 = CARTESIAN_POINT('',(226.27416997969,-80.,406.27416997969));
#8140 = DIRECTION('',(0.,1.,0.));
#8141 = DIRECTION('',(-0.707106781187,0.,0.707106781187));
#8142 = ADVANCED_FACE('',(#8143),#8195,.T.);
#8143 = FACE_BOUND('',#8144,.T.);
#8144 = EDGE_LOOP('',(#8145,#8156,#8164,#8170,#8171,#8172,#8180,#8188));
#8145 = ORIENTED_EDGE('',*,*,#8146,.T.);
#8146 = EDGE_CURVE('',#8147,#8149,#8151,.T.);
#8147 = VERTEX_POINT('',#8148);
#8148 = CARTESIAN_POINT('',(196.57568516986,-76.,435.97265478953));
#8149 = VERTEX_POINT('',#8150);
#8150 = CARTESIAN_POINT('',(218.87261751426,-76.,364.93149201731));
#8151 = CIRCLE('',#8152,42.);
#8152 = AXIS2_PLACEMENT_3D('',#8153,#8154,#8155);
#8153 = CARTESIAN_POINT('',(226.27416997969,-76.,406.27416997969));
#8154 = DIRECTION('',(0.,1.,-0.));
#8155 = DIRECTION('',(-0.707106781187,0.,0.707106781187));
#8156 = ORIENTED_EDGE('',*,*,#8157,.T.);
#8157 = EDGE_CURVE('',#8149,#8158,#8160,.T.);
#8158 = VERTEX_POINT('',#8159);
#8159 = CARTESIAN_POINT('',(224.85995641732,-76.,370.91883092036));
#8160 = LINE('',#8161,#8162);
#8161 = CARTESIAN_POINT('',(224.85995641732,-76.,370.91883092036));
#8162 = VECTOR('',#8163,1.);
#8163 = DIRECTION('',(0.707106781187,0.,0.707106781187));
#8164 = ORIENTED_EDGE('',*,*,#8165,.F.);
#8165 = EDGE_CURVE('',#8124,#8158,#8166,.T.);
#8166 = LINE('',#8167,#8168);
#8167 = CARTESIAN_POINT('',(199.4041122946,-76.,396.37467504308));
#8168 = VECTOR('',#8169,1.);
#8169 = DIRECTION('',(0.707106781187,0.,-0.707106781187));
#8170 = ORIENTED_EDGE('',*,*,#8131,.F.);
#8171 = ORIENTED_EDGE('',*,*,#8086,.F.);
#8172 = ORIENTED_EDGE('',*,*,#8173,.F.);
#8173 = EDGE_CURVE('',#8174,#8087,#8176,.T.);
#8174 = VERTEX_POINT('',#8175);
#8175 = CARTESIAN_POINT('',(190.91883092036,-76.,404.85995641732));
#8176 = LINE('',#8177,#8178);
#8177 = CARTESIAN_POINT('',(199.4041122946,-76.,396.37467504308));
#8178 = VECTOR('',#8179,1.);
#8179 = DIRECTION('',(0.707106781187,0.,-0.707106781187));
#8180 = ORIENTED_EDGE('',*,*,#8181,.F.);
#8181 = EDGE_CURVE('',#8182,#8174,#8184,.T.);
#8182 = VERTEX_POINT('',#8183);
#8183 = CARTESIAN_POINT('',(184.93149201731,-76.,398.87261751426));
#8184 = LINE('',#8185,#8186);
#8185 = CARTESIAN_POINT('',(181.72644276494,-76.,395.66756826189));
#8186 = VECTOR('',#8187,1.);
#8187 = DIRECTION('',(0.707106781187,0.,0.707106781187));
#8188 = ORIENTED_EDGE('',*,*,#8189,.T.);
#8189 = EDGE_CURVE('',#8182,#8147,#8190,.T.);
#8190 = CIRCLE('',#8191,42.);
#8191 = AXIS2_PLACEMENT_3D('',#8192,#8193,#8194);
#8192 = CARTESIAN_POINT('',(226.27416997969,-76.,406.27416997969));
#8193 = DIRECTION('',(0.,1.,-0.));
#8194 = DIRECTION('',(-0.707106781187,0.,0.707106781187));
#8195 = PLANE('',#8196);
#8196 = AXIS2_PLACEMENT_3D('',#8197,#8198,#8199);
#8197 = CARTESIAN_POINT('',(226.27416997969,-76.,406.27416997969));
#8198 = DIRECTION('',(0.,1.,0.));
#8199 = DIRECTION('',(-0.707106781187,0.,0.707106781187));
#8200 = ADVANCED_FACE('',(#8201),#8235,.F.);
#8201 = FACE_BOUND('',#8202,.F.);
#8202 = EDGE_LOOP('',(#8203,#8204,#8212,#8220,#8226,#8227,#8228,#8234));
#8203 = ORIENTED_EDGE('',*,*,#8173,.F.);
#8204 = ORIENTED_EDGE('',*,*,#8205,.T.);
#8205 = EDGE_CURVE('',#8174,#8206,#8208,.T.);
#8206 = VERTEX_POINT('',#8207);
#8207 = CARTESIAN_POINT('',(190.91883092036,-48.,404.85995641732));
#8208 = LINE('',#8209,#8210);
#8209 = CARTESIAN_POINT('',(190.91883092036,-80.,404.85995641732));
#8210 = VECTOR('',#8211,1.);
#8211 = DIRECTION('',(0.,1.,0.));
#8212 = ORIENTED_EDGE('',*,*,#8213,.T.);
#8213 = EDGE_CURVE('',#8206,#8214,#8216,.T.);
#8214 = VERTEX_POINT('',#8215);
#8215 = CARTESIAN_POINT('',(224.85995641732,-48.,370.91883092036));
#8216 = LINE('',#8217,#8218);
#8217 = CARTESIAN_POINT('',(190.91883092036,-48.,404.85995641732));
#8218 = VECTOR('',#8219,1.);
#8219 = DIRECTION('',(0.707106781187,0.,-0.707106781187));
#8220 = ORIENTED_EDGE('',*,*,#8221,.F.);
#8221 = EDGE_CURVE('',#8158,#8214,#8222,.T.);
#8222 = LINE('',#8223,#8224);
#8223 = CARTESIAN_POINT('',(224.85995641732,-80.,370.91883092036));
#8224 = VECTOR('',#8225,1.);
#8225 = DIRECTION('',(0.,1.,0.));
#8226 = ORIENTED_EDGE('',*,*,#8165,.F.);
#8227 = ORIENTED_EDGE('',*,*,#8123,.F.);
#8228 = ORIENTED_EDGE('',*,*,#8229,.F.);
#8229 = EDGE_CURVE('',#8098,#8115,#8230,.T.);
#8230 = LINE('',#8231,#8232);
#8231 = CARTESIAN_POINT('',(190.91883092036,-80.,404.85995641732));
#8232 = VECTOR('',#8233,1.);
#8233 = DIRECTION('',(0.707106781187,0.,-0.707106781187));
#8234 = ORIENTED_EDGE('',*,*,#8097,.T.);
#8235 = PLANE('',#8236);
#8236 = AXIS2_PLACEMENT_3D('',#8237,#8238,#8239);
#8237 = CARTESIAN_POINT('',(190.91883092036,-80.,404.85995641732));
#8238 = DIRECTION('',(-0.707106781187,0.,-0.707106781187));
#8239 = DIRECTION('',(0.707106781187,0.,-0.707106781187));
#8240 = ADVANCED_FACE('',(#8241,#8344),#8349,.T.);
#8241 = FACE_BOUND('',#8242,.T.);
#8242 = EDGE_LOOP('',(#8243,#8253,#8261,#8269,#8278,#8286,#8294,#8303,
    #8312,#8320,#8329,#8338));
#8243 = ORIENTED_EDGE('',*,*,#8244,.F.);
#8244 = EDGE_CURVE('',#8245,#8247,#8249,.T.);
#8245 = VERTEX_POINT('',#8246);
#8246 = CARTESIAN_POINT('',(98.617825749484,-80.,335.94061547767));
#8247 = VERTEX_POINT('',#8248);
#8248 = CARTESIAN_POINT('',(154.14927829866,-80.,368.09040379562));
#8249 = LINE('',#8250,#8251);
#8250 = CARTESIAN_POINT('',(73.539105243401,-80.,321.42135623731));
#8251 = VECTOR('',#8252,1.);
#8252 = DIRECTION('',(0.865426285481,0.,0.501036270542));
#8253 = ORIENTED_EDGE('',*,*,#8254,.F.);
#8254 = EDGE_CURVE('',#8255,#8245,#8257,.T.);
#8255 = VERTEX_POINT('',#8256);
#8256 = CARTESIAN_POINT('',(132.55895124643,-80.,301.99948998071));
#8257 = LINE('',#8258,#8259);
#8258 = CARTESIAN_POINT('',(160.38063230115,-80.,274.177808926));
#8259 = VECTOR('',#8260,1.);
#8260 = DIRECTION('',(-0.707106781187,0.,0.707106781187));
#8261 = ORIENTED_EDGE('',*,*,#8262,.F.);
#8262 = EDGE_CURVE('',#8263,#8255,#8265,.T.);
#8263 = VERTEX_POINT('',#8264);
#8264 = CARTESIAN_POINT('',(159.91418286273,-80.,317.83672933752));
#8265 = LINE('',#8266,#8267);
#8266 = CARTESIAN_POINT('',(188.09040379562,-80.,334.14927829866));
#8267 = VECTOR('',#8268,1.);
#8268 = DIRECTION('',(-0.865426285481,0.,-0.501036270542));
#8269 = ORIENTED_EDGE('',*,*,#8270,.F.);
#8270 = EDGE_CURVE('',#8271,#8263,#8273,.T.);
#8271 = VERTEX_POINT('',#8272);
#8272 = CARTESIAN_POINT('',(167.09776398525,-80.,321.99564472424));
#8273 = CIRCLE('',#8274,4.5);
#8274 = AXIS2_PLACEMENT_3D('',#8275,#8276,#8277);
#8275 = CARTESIAN_POINT('',(162.6345596729,-80.,321.42135623731));
#8276 = DIRECTION('',(0.,1.,-0.));
#8277 = DIRECTION('',(-0.707106781187,0.,0.707106781187));
#8278 = ORIENTED_EDGE('',*,*,#8279,.F.);
#8279 = EDGE_CURVE('',#8280,#8271,#8282,.T.);
#8280 = VERTEX_POINT('',#8281);
#8281 = CARTESIAN_POINT('',(188.09040379562,-80.,334.14927829866));
#8282 = LINE('',#8283,#8284);
#8283 = CARTESIAN_POINT('',(188.09040379562,-80.,334.14927829866));
#8284 = VECTOR('',#8285,1.);
#8285 = DIRECTION('',(-0.865426285481,0.,-0.501036270542));
#8286 = ORIENTED_EDGE('',*,*,#8287,.F.);
#8287 = EDGE_CURVE('',#8288,#8280,#8290,.T.);
#8288 = VERTEX_POINT('',#8289);
#8289 = CARTESIAN_POINT('',(210.62571986757,-80.,356.68459437061));
#8290 = LINE('',#8291,#8292);
#8291 = CARTESIAN_POINT('',(224.85995641732,-80.,370.91883092036));
#8292 = VECTOR('',#8293,1.);
#8293 = DIRECTION('',(-0.707106781187,0.,-0.707106781187));
#8294 = ORIENTED_EDGE('',*,*,#8295,.F.);
#8295 = EDGE_CURVE('',#8296,#8288,#8298,.T.);
#8296 = VERTEX_POINT('',#8297);
#8297 = CARTESIAN_POINT('',(189.50461735799,-80.,443.04372260139));
#8298 = CIRCLE('',#8299,52.);
#8299 = AXIS2_PLACEMENT_3D('',#8300,#8301,#8302);
#8300 = CARTESIAN_POINT('',(226.27416997969,-80.,406.27416997969));
#8301 = DIRECTION('',(0.,1.,-0.));
#8302 = DIRECTION('',(-0.707106781187,0.,0.707106781187));
#8303 = ORIENTED_EDGE('',*,*,#8304,.F.);
#8304 = EDGE_CURVE('',#8305,#8296,#8307,.T.);
#8305 = VERTEX_POINT('',#8306);
#8306 = CARTESIAN_POINT('',(176.68459437061,-80.,390.62571986757));
#8307 = CIRCLE('',#8308,52.);
#8308 = AXIS2_PLACEMENT_3D('',#8309,#8310,#8311);
#8309 = CARTESIAN_POINT('',(226.27416997969,-80.,406.27416997969));
#8310 = DIRECTION('',(0.,1.,-0.));
#8311 = DIRECTION('',(-0.707106781187,0.,0.707106781187));
#8312 = ORIENTED_EDGE('',*,*,#8313,.F.);
#8313 = EDGE_CURVE('',#8314,#8305,#8316,.T.);
#8314 = VERTEX_POINT('',#8315);
#8315 = CARTESIAN_POINT('',(176.31997641701,-80.,390.26110191397));
#8316 = LINE('',#8317,#8318);
#8317 = CARTESIAN_POINT('',(154.14927829866,-80.,368.09040379562));
#8318 = VECTOR('',#8319,1.);
#8319 = DIRECTION('',(0.707106781187,0.,0.707106781187));
#8320 = ORIENTED_EDGE('',*,*,#8321,.F.);
#8321 = EDGE_CURVE('',#8322,#8314,#8324,.T.);
#8322 = VERTEX_POINT('',#8323);
#8323 = CARTESIAN_POINT('',(172.88760800011,-80.,388.95005384062));
#8324 = CIRCLE('',#8325,4.5);
#8325 = AXIS2_PLACEMENT_3D('',#8326,#8327,#8328);
#8326 = CARTESIAN_POINT('',(176.06958851545,-80.,385.76807332528));
#8327 = DIRECTION('',(0.,1.,-0.));
#8328 = DIRECTION('',(-0.707106781187,0.,0.707106781187));
#8329 = ORIENTED_EDGE('',*,*,#8330,.F.);
#8330 = EDGE_CURVE('',#8331,#8322,#8333,.T.);
#8331 = VERTEX_POINT('',#8332);
#8332 = CARTESIAN_POINT('',(171.57655992676,-80.,385.51768542371));
#8333 = CIRCLE('',#8334,4.5);
#8334 = AXIS2_PLACEMENT_3D('',#8335,#8336,#8337);
#8335 = CARTESIAN_POINT('',(176.06958851545,-80.,385.76807332528));
#8336 = DIRECTION('',(0.,1.,-0.));
#8337 = DIRECTION('',(-0.707106781187,0.,0.707106781187));
#8338 = ORIENTED_EDGE('',*,*,#8339,.F.);
#8339 = EDGE_CURVE('',#8247,#8331,#8340,.T.);
#8340 = LINE('',#8341,#8342);
#8341 = CARTESIAN_POINT('',(154.14927829866,-80.,368.09040379562));
#8342 = VECTOR('',#8343,1.);
#8343 = DIRECTION('',(0.707106781187,0.,0.707106781187));
#8344 = FACE_BOUND('',#8345,.T.);
#8345 = EDGE_LOOP('',(#8346,#8347,#8348));
#8346 = ORIENTED_EDGE('',*,*,#8105,.T.);
#8347 = ORIENTED_EDGE('',*,*,#8114,.T.);
#8348 = ORIENTED_EDGE('',*,*,#8229,.F.);
#8349 = PLANE('',#8350);
#8350 = AXIS2_PLACEMENT_3D('',#8351,#8352,#8353);
#8351 = CARTESIAN_POINT('',(145.79200544908,-80.,334.80771493608));
#8352 = DIRECTION('',(0.,-1.,-0.));
#8353 = DIRECTION('',(0.707106781187,0.,-0.707106781187));
#8354 = ADVANCED_FACE('',(#8355,#8466),#8502,.F.);
#8355 = FACE_BOUND('',#8356,.F.);
#8356 = EDGE_LOOP('',(#8357,#8358,#8366,#8375,#8383,#8392,#8400,#8407,
    #8408,#8409,#8417,#8426,#8434,#8443,#8451,#8460));
#8357 = ORIENTED_EDGE('',*,*,#8189,.T.);
#8358 = ORIENTED_EDGE('',*,*,#8359,.T.);
#8359 = EDGE_CURVE('',#8147,#8360,#8362,.T.);
#8360 = VERTEX_POINT('',#8361);
#8361 = CARTESIAN_POINT('',(196.57568516986,-3.,435.97265478953));
#8362 = LINE('',#8363,#8364);
#8363 = CARTESIAN_POINT('',(196.57568516986,-76.,435.97265478953));
#8364 = VECTOR('',#8365,1.);
#8365 = DIRECTION('',(0.,1.,0.));
#8366 = ORIENTED_EDGE('',*,*,#8367,.F.);
#8367 = EDGE_CURVE('',#8368,#8360,#8370,.T.);
#8368 = VERTEX_POINT('',#8369);
#8369 = CARTESIAN_POINT('',(245.50305608901,-3.,368.93451359409));
#8370 = CIRCLE('',#8371,42.);
#8371 = AXIS2_PLACEMENT_3D('',#8372,#8373,#8374);
#8372 = CARTESIAN_POINT('',(226.27416997969,-3.,406.27416997969));
#8373 = DIRECTION('',(0.,1.,-0.));
#8374 = DIRECTION('',(-0.707106781187,0.,0.707106781187));
#8375 = ORIENTED_EDGE('',*,*,#8376,.F.);
#8376 = EDGE_CURVE('',#8377,#8368,#8379,.T.);
#8377 = VERTEX_POINT('',#8378);
#8378 = CARTESIAN_POINT('',(245.50305608902,-10.,368.93451359409));
#8379 = LINE('',#8380,#8381);
#8380 = CARTESIAN_POINT('',(245.50305608902,-76.,368.93451359409));
#8381 = VECTOR('',#8382,1.);
#8382 = DIRECTION('',(0.,1.,0.));
#8383 = ORIENTED_EDGE('',*,*,#8384,.F.);
#8384 = EDGE_CURVE('',#8385,#8377,#8387,.T.);
#8385 = VERTEX_POINT('',#8386);
#8386 = CARTESIAN_POINT('',(248.04751237154,-10.,370.35869196411));
#8387 = CIRCLE('',#8388,42.);
#8388 = AXIS2_PLACEMENT_3D('',#8389,#8390,#8391);
#8389 = CARTESIAN_POINT('',(226.27416997969,-10.,406.27416997969));
#8390 = DIRECTION('',(0.,1.,-0.));
#8391 = DIRECTION('',(-0.707106781187,0.,0.707106781187));
#8392 = ORIENTED_EDGE('',*,*,#8393,.T.);
#8393 = EDGE_CURVE('',#8385,#8394,#8396,.T.);
#8394 = VERTEX_POINT('',#8395);
#8395 = CARTESIAN_POINT('',(248.04751237154,-3.,370.35869196411));
#8396 = LINE('',#8397,#8398);
#8397 = CARTESIAN_POINT('',(248.04751237154,-76.,370.35869196411));
#8398 = VECTOR('',#8399,1.);
#8399 = DIRECTION('',(0.,1.,0.));
#8400 = ORIENTED_EDGE('',*,*,#8401,.F.);
#8401 = EDGE_CURVE('',#8360,#8394,#8402,.T.);
#8402 = CIRCLE('',#8403,42.);
#8403 = AXIS2_PLACEMENT_3D('',#8404,#8405,#8406);
#8404 = CARTESIAN_POINT('',(226.27416997969,-3.,406.27416997969));
#8405 = DIRECTION('',(0.,1.,-0.));
#8406 = DIRECTION('',(-0.707106781187,0.,0.707106781187));
#8407 = ORIENTED_EDGE('',*,*,#8359,.F.);
#8408 = ORIENTED_EDGE('',*,*,#8146,.T.);
#8409 = ORIENTED_EDGE('',*,*,#8410,.T.);
#8410 = EDGE_CURVE('',#8149,#8411,#8413,.T.);
#8411 = VERTEX_POINT('',#8412);
#8412 = CARTESIAN_POINT('',(218.87261751426,-48.,364.93149201731));
#8413 = LINE('',#8414,#8415);
#8414 = CARTESIAN_POINT('',(218.87261751426,-76.,364.93149201731));
#8415 = VECTOR('',#8416,1.);
#8416 = DIRECTION('',(0.,1.,0.));
#8417 = ORIENTED_EDGE('',*,*,#8418,.T.);
#8418 = EDGE_CURVE('',#8411,#8419,#8421,.T.);
#8419 = VERTEX_POINT('',#8420);
#8420 = CARTESIAN_POINT('',(214.30117588902,-48.,366.01690464156));
#8421 = CIRCLE('',#8422,42.);
#8422 = AXIS2_PLACEMENT_3D('',#8423,#8424,#8425);
#8423 = CARTESIAN_POINT('',(226.27416997969,-48.,406.27416997969));
#8424 = DIRECTION('',(0.,1.,-0.));
#8425 = DIRECTION('',(-0.707106781187,0.,0.707106781187));
#8426 = ORIENTED_EDGE('',*,*,#8427,.F.);
#8427 = EDGE_CURVE('',#8428,#8419,#8430,.T.);
#8428 = VERTEX_POINT('',#8429);
#8429 = CARTESIAN_POINT('',(214.30117588902,-76.,366.01690464156));
#8430 = LINE('',#8431,#8432);
#8431 = CARTESIAN_POINT('',(214.30117588902,-76.,366.01690464156));
#8432 = VECTOR('',#8433,1.);
#8433 = DIRECTION('',(0.,1.,0.));
#8434 = ORIENTED_EDGE('',*,*,#8435,.T.);
#8435 = EDGE_CURVE('',#8428,#8436,#8438,.T.);
#8436 = VERTEX_POINT('',#8437);
#8437 = CARTESIAN_POINT('',(186.01690464156,-76.,394.30117588902));
#8438 = CIRCLE('',#8439,42.);
#8439 = AXIS2_PLACEMENT_3D('',#8440,#8441,#8442);
#8440 = CARTESIAN_POINT('',(226.27416997969,-76.,406.27416997969));
#8441 = DIRECTION('',(0.,1.,-0.));
#8442 = DIRECTION('',(-0.707106781187,0.,0.707106781187));
#8443 = ORIENTED_EDGE('',*,*,#8444,.T.);
#8444 = EDGE_CURVE('',#8436,#8445,#8447,.T.);
#8445 = VERTEX_POINT('',#8446);
#8446 = CARTESIAN_POINT('',(186.01690464156,-48.,394.30117588902));
#8447 = LINE('',#8448,#8449);
#8448 = CARTESIAN_POINT('',(186.01690464156,-76.,394.30117588902));
#8449 = VECTOR('',#8450,1.);
#8450 = DIRECTION('',(0.,1.,0.));
#8451 = ORIENTED_EDGE('',*,*,#8452,.T.);
#8452 = EDGE_CURVE('',#8445,#8453,#8455,.T.);
#8453 = VERTEX_POINT('',#8454);
#8454 = CARTESIAN_POINT('',(184.93149201731,-48.,398.87261751426));
#8455 = CIRCLE('',#8456,42.);
#8456 = AXIS2_PLACEMENT_3D('',#8457,#8458,#8459);
#8457 = CARTESIAN_POINT('',(226.27416997969,-48.,406.27416997969));
#8458 = DIRECTION('',(0.,1.,-0.));
#8459 = DIRECTION('',(-0.707106781187,0.,0.707106781187));
#8460 = ORIENTED_EDGE('',*,*,#8461,.F.);
#8461 = EDGE_CURVE('',#8182,#8453,#8462,.T.);
#8462 = LINE('',#8463,#8464);
#8463 = CARTESIAN_POINT('',(184.93149201731,-76.,398.87261751426));
#8464 = VECTOR('',#8465,1.);
#8465 = DIRECTION('',(0.,1.,0.));
#8466 = FACE_BOUND('',#8467,.F.);
#8467 = EDGE_LOOP('',(#8468,#8479,#8487,#8496));
#8468 = ORIENTED_EDGE('',*,*,#8469,.F.);
#8469 = EDGE_CURVE('',#8470,#8472,#8474,.T.);
#8470 = VERTEX_POINT('',#8471);
#8471 = CARTESIAN_POINT('',(248.91882835773,-72.,441.64675041909));
#8472 = VERTEX_POINT('',#8473);
#8473 = CARTESIAN_POINT('',(261.64675041909,-72.,428.91882835773));
#8474 = CIRCLE('',#8475,42.);
#8475 = AXIS2_PLACEMENT_3D('',#8476,#8477,#8478);
#8476 = CARTESIAN_POINT('',(226.27416997969,-72.,406.27416997969));
#8477 = DIRECTION('',(0.,1.,-0.));
#8478 = DIRECTION('',(-0.707106781187,0.,0.707106781187));
#8479 = ORIENTED_EDGE('',*,*,#8480,.T.);
#8480 = EDGE_CURVE('',#8470,#8481,#8483,.T.);
#8481 = VERTEX_POINT('',#8482);
#8482 = CARTESIAN_POINT('',(248.91882835773,-58.,441.64675041909));
#8483 = LINE('',#8484,#8485);
#8484 = CARTESIAN_POINT('',(248.91882835773,-76.,441.64675041909));
#8485 = VECTOR('',#8486,1.);
#8486 = DIRECTION('',(0.,1.,0.));
#8487 = ORIENTED_EDGE('',*,*,#8488,.T.);
#8488 = EDGE_CURVE('',#8481,#8489,#8491,.T.);
#8489 = VERTEX_POINT('',#8490);
#8490 = CARTESIAN_POINT('',(261.64675041909,-58.,428.91882835773));
#8491 = CIRCLE('',#8492,42.);
#8492 = AXIS2_PLACEMENT_3D('',#8493,#8494,#8495);
#8493 = CARTESIAN_POINT('',(226.27416997969,-58.,406.27416997969));
#8494 = DIRECTION('',(0.,1.,-0.));
#8495 = DIRECTION('',(-0.707106781187,0.,0.707106781187));
#8496 = ORIENTED_EDGE('',*,*,#8497,.F.);
#8497 = EDGE_CURVE('',#8472,#8489,#8498,.T.);
#8498 = LINE('',#8499,#8500);
#8499 = CARTESIAN_POINT('',(261.64675041909,-76.,428.91882835773));
#8500 = VECTOR('',#8501,1.);
#8501 = DIRECTION('',(0.,1.,0.));
#8502 = CYLINDRICAL_SURFACE('',#8503,42.);
#8503 = AXIS2_PLACEMENT_3D('',#8504,#8505,#8506);
#8504 = CARTESIAN_POINT('',(226.27416997969,-76.,406.27416997969));
#8505 = DIRECTION('',(0.,1.,0.));
#8506 = DIRECTION('',(-0.707106781187,0.,0.707106781187));
#8507 = ADVANCED_FACE('',(#8508),#8519,.F.);
#8508 = FACE_BOUND('',#8509,.F.);
#8509 = EDGE_LOOP('',(#8510,#8511,#8512,#8513));
#8510 = ORIENTED_EDGE('',*,*,#8205,.F.);
#8511 = ORIENTED_EDGE('',*,*,#8181,.F.);
#8512 = ORIENTED_EDGE('',*,*,#8461,.T.);
#8513 = ORIENTED_EDGE('',*,*,#8514,.T.);
#8514 = EDGE_CURVE('',#8453,#8206,#8515,.T.);
#8515 = LINE('',#8516,#8517);
#8516 = CARTESIAN_POINT('',(154.14927829866,-48.,368.09040379562));
#8517 = VECTOR('',#8518,1.);
#8518 = DIRECTION('',(0.707106781187,0.,0.707106781187));
#8519 = PLANE('',#8520);
#8520 = AXIS2_PLACEMENT_3D('',#8521,#8522,#8523);
#8521 = CARTESIAN_POINT('',(154.14927829866,-80.,368.09040379562));
#8522 = DIRECTION('',(0.707106781187,0.,-0.707106781187));
#8523 = DIRECTION('',(0.707106781187,0.,0.707106781187));
#8524 = ADVANCED_FACE('',(#8525),#8536,.T.);
#8525 = FACE_BOUND('',#8526,.T.);
#8526 = EDGE_LOOP('',(#8527,#8528,#8529,#8530));
#8527 = ORIENTED_EDGE('',*,*,#8221,.F.);
#8528 = ORIENTED_EDGE('',*,*,#8157,.F.);
#8529 = ORIENTED_EDGE('',*,*,#8410,.T.);
#8530 = ORIENTED_EDGE('',*,*,#8531,.F.);
#8531 = EDGE_CURVE('',#8214,#8411,#8532,.T.);
#8532 = LINE('',#8533,#8534);
#8533 = CARTESIAN_POINT('',(224.85995641732,-48.,370.91883092036));
#8534 = VECTOR('',#8535,1.);
#8535 = DIRECTION('',(-0.707106781187,0.,-0.707106781187));
#8536 = PLANE('',#8537);
#8537 = AXIS2_PLACEMENT_3D('',#8538,#8539,#8540);
#8538 = CARTESIAN_POINT('',(206.47518010647,-64.,352.53405460951));
#8539 = DIRECTION('',(0.707106781187,-0.,-0.707106781187));
#8540 = DIRECTION('',(-0.707106781187,0.,-0.707106781187));
#8541 = ADVANCED_FACE('',(#8542),#8571,.T.);
#8542 = FACE_BOUND('',#8543,.T.);
#8543 = EDGE_LOOP('',(#8544,#8545,#8546,#8554,#8562,#8568,#8569,#8570));
#8544 = ORIENTED_EDGE('',*,*,#8531,.T.);
#8545 = ORIENTED_EDGE('',*,*,#8418,.T.);
#8546 = ORIENTED_EDGE('',*,*,#8547,.T.);
#8547 = EDGE_CURVE('',#8419,#8548,#8550,.T.);
#8548 = VERTEX_POINT('',#8549);
#8549 = CARTESIAN_POINT('',(219.20310216783,-48.,370.91883092036));
#8550 = LINE('',#8551,#8552);
#8551 = CARTESIAN_POINT('',(179.40315592667,-48.,331.11888467921));
#8552 = VECTOR('',#8553,1.);
#8553 = DIRECTION('',(0.707106781187,0.,0.707106781187));
#8554 = ORIENTED_EDGE('',*,*,#8555,.T.);
#8555 = EDGE_CURVE('',#8548,#8556,#8558,.T.);
#8556 = VERTEX_POINT('',#8557);
#8557 = CARTESIAN_POINT('',(190.91883092036,-48.,399.20310216783));
#8558 = LINE('',#8559,#8560);
#8559 = CARTESIAN_POINT('',(195.22919568149,-48.,394.8927374067));
#8560 = VECTOR('',#8561,1.);
#8561 = DIRECTION('',(-0.707106781187,0.,0.707106781187));
#8562 = ORIENTED_EDGE('',*,*,#8563,.T.);
#8563 = EDGE_CURVE('',#8556,#8445,#8564,.T.);
#8564 = LINE('',#8565,#8566);
#8565 = CARTESIAN_POINT('',(134.14832193073,-48.,342.43259317819));
#8566 = VECTOR('',#8567,1.);
#8567 = DIRECTION('',(-0.707106781187,0.,-0.707106781187));
#8568 = ORIENTED_EDGE('',*,*,#8452,.T.);
#8569 = ORIENTED_EDGE('',*,*,#8514,.T.);
#8570 = ORIENTED_EDGE('',*,*,#8213,.T.);
#8571 = PLANE('',#8572);
#8572 = AXIS2_PLACEMENT_3D('',#8573,#8574,#8575);
#8573 = CARTESIAN_POINT('',(119.66475741209,-48.,310.38701912693));
#8574 = DIRECTION('',(0.,1.,0.));
#8575 = DIRECTION('',(-0.707106781187,0.,0.707106781187));
#8576 = ADVANCED_FACE('',(#8577),#8602,.T.);
#8577 = FACE_BOUND('',#8578,.T.);
#8578 = EDGE_LOOP('',(#8579,#8587,#8588,#8596));
#8579 = ORIENTED_EDGE('',*,*,#8580,.F.);
#8580 = EDGE_CURVE('',#8245,#8581,#8583,.T.);
#8581 = VERTEX_POINT('',#8582);
#8582 = CARTESIAN_POINT('',(98.617825749484,-48.,335.94061547767));
#8583 = LINE('',#8584,#8585);
#8584 = CARTESIAN_POINT('',(98.617825749484,-107.,335.94061547767));
#8585 = VECTOR('',#8586,1.);
#8586 = DIRECTION('',(-0.,1.,0.));
#8587 = ORIENTED_EDGE('',*,*,#8244,.T.);
#8588 = ORIENTED_EDGE('',*,*,#8589,.T.);
#8589 = EDGE_CURVE('',#8247,#8590,#8592,.T.);
#8590 = VERTEX_POINT('',#8591);
#8591 = CARTESIAN_POINT('',(154.14927829866,-48.,368.09040379562));
#8592 = LINE('',#8593,#8594);
#8593 = CARTESIAN_POINT('',(154.14927829866,-80.,368.09040379562));
#8594 = VECTOR('',#8595,1.);
#8595 = DIRECTION('',(0.,1.,0.));
#8596 = ORIENTED_EDGE('',*,*,#8597,.F.);
#8597 = EDGE_CURVE('',#8581,#8590,#8598,.T.);
#8598 = LINE('',#8599,#8600);
#8599 = CARTESIAN_POINT('',(73.539105243401,-48.,321.42135623731));
#8600 = VECTOR('',#8601,1.);
#8601 = DIRECTION('',(0.865426285481,0.,0.501036270542));
#8602 = PLANE('',#8603);
#8603 = AXIS2_PLACEMENT_3D('',#8604,#8605,#8606);
#8604 = CARTESIAN_POINT('',(114.61101939141,-64.,345.19983284932));
#8605 = DIRECTION('',(-0.501036270542,0.,0.865426285481));
#8606 = DIRECTION('',(0.865426285481,0.,0.501036270542));
#8607 = ADVANCED_FACE('',(#8608),#8626,.T.);
#8608 = FACE_BOUND('',#8609,.T.);
#8609 = EDGE_LOOP('',(#8610,#8611,#8619,#8625));
#8610 = ORIENTED_EDGE('',*,*,#8339,.T.);
#8611 = ORIENTED_EDGE('',*,*,#8612,.T.);
#8612 = EDGE_CURVE('',#8331,#8613,#8615,.T.);
#8613 = VERTEX_POINT('',#8614);
#8614 = CARTESIAN_POINT('',(171.57655992676,-48.,385.51768542371));
#8615 = LINE('',#8616,#8617);
#8616 = CARTESIAN_POINT('',(171.57655992676,-80.,385.51768542371));
#8617 = VECTOR('',#8618,1.);
#8618 = DIRECTION('',(0.,1.,0.));
#8619 = ORIENTED_EDGE('',*,*,#8620,.F.);
#8620 = EDGE_CURVE('',#8590,#8613,#8621,.T.);
#8621 = LINE('',#8622,#8623);
#8622 = CARTESIAN_POINT('',(154.14927829866,-48.,368.09040379562));
#8623 = VECTOR('',#8624,1.);
#8624 = DIRECTION('',(0.707106781187,0.,0.707106781187));
#8625 = ORIENTED_EDGE('',*,*,#8589,.F.);
#8626 = PLANE('',#8627);
#8627 = AXIS2_PLACEMENT_3D('',#8628,#8629,#8630);
#8628 = CARTESIAN_POINT('',(162.86291911271,-64.,376.80404460967));
#8629 = DIRECTION('',(-0.707106781187,0.,0.707106781187));
#8630 = DIRECTION('',(0.707106781187,0.,0.707106781187));
#8631 = ADVANCED_FACE('',(#8632),#8661,.T.);
#8632 = FACE_BOUND('',#8633,.T.);
#8633 = EDGE_LOOP('',(#8634,#8643,#8644,#8645,#8646,#8654));
#8634 = ORIENTED_EDGE('',*,*,#8635,.F.);
#8635 = EDGE_CURVE('',#8613,#8636,#8638,.T.);
#8636 = VERTEX_POINT('',#8637);
#8637 = CARTESIAN_POINT('',(172.88760800011,-48.,388.95005384062));
#8638 = CIRCLE('',#8639,4.5);
#8639 = AXIS2_PLACEMENT_3D('',#8640,#8641,#8642);
#8640 = CARTESIAN_POINT('',(176.06958851545,-48.,385.76807332528));
#8641 = DIRECTION('',(0.,1.,-0.));
#8642 = DIRECTION('',(-0.707106781187,0.,0.707106781187));
#8643 = ORIENTED_EDGE('',*,*,#8612,.F.);
#8644 = ORIENTED_EDGE('',*,*,#8330,.T.);
#8645 = ORIENTED_EDGE('',*,*,#8321,.T.);
#8646 = ORIENTED_EDGE('',*,*,#8647,.T.);
#8647 = EDGE_CURVE('',#8314,#8648,#8650,.T.);
#8648 = VERTEX_POINT('',#8649);
#8649 = CARTESIAN_POINT('',(176.31997641701,-48.,390.26110191397));
#8650 = LINE('',#8651,#8652);
#8651 = CARTESIAN_POINT('',(176.31997641701,-80.,390.26110191397));
#8652 = VECTOR('',#8653,1.);
#8653 = DIRECTION('',(0.,1.,0.));
#8654 = ORIENTED_EDGE('',*,*,#8655,.F.);
#8655 = EDGE_CURVE('',#8636,#8648,#8656,.T.);
#8656 = CIRCLE('',#8657,4.5);
#8657 = AXIS2_PLACEMENT_3D('',#8658,#8659,#8660);
#8658 = CARTESIAN_POINT('',(176.06958851545,-48.,385.76807332528));
#8659 = DIRECTION('',(0.,1.,-0.));
#8660 = DIRECTION('',(-0.707106781187,0.,0.707106781187));
#8661 = CYLINDRICAL_SURFACE('',#8662,4.5);
#8662 = AXIS2_PLACEMENT_3D('',#8663,#8664,#8665);
#8663 = CARTESIAN_POINT('',(176.06958851545,-80.,385.76807332528));
#8664 = DIRECTION('',(0.,1.,0.));
#8665 = DIRECTION('',(-0.707106781187,0.,0.707106781187));
#8666 = ADVANCED_FACE('',(#8667),#8685,.F.);
#8667 = FACE_BOUND('',#8668,.F.);
#8668 = EDGE_LOOP('',(#8669,#8670,#8671,#8679));
#8669 = ORIENTED_EDGE('',*,*,#8313,.F.);
#8670 = ORIENTED_EDGE('',*,*,#8647,.T.);
#8671 = ORIENTED_EDGE('',*,*,#8672,.T.);
#8672 = EDGE_CURVE('',#8648,#8673,#8675,.T.);
#8673 = VERTEX_POINT('',#8674);
#8674 = CARTESIAN_POINT('',(176.68459437061,-48.,390.62571986757));
#8675 = LINE('',#8676,#8677);
#8676 = CARTESIAN_POINT('',(154.14927829866,-48.,368.09040379562));
#8677 = VECTOR('',#8678,1.);
#8678 = DIRECTION('',(0.707106781187,0.,0.707106781187));
#8679 = ORIENTED_EDGE('',*,*,#8680,.F.);
#8680 = EDGE_CURVE('',#8305,#8673,#8681,.T.);
#8681 = LINE('',#8682,#8683);
#8682 = CARTESIAN_POINT('',(176.68459437061,-80.,390.62571986757));
#8683 = VECTOR('',#8684,1.);
#8684 = DIRECTION('',(0.,1.,0.));
#8685 = PLANE('',#8686);
#8686 = AXIS2_PLACEMENT_3D('',#8687,#8688,#8689);
#8687 = CARTESIAN_POINT('',(154.14927829866,-80.,368.09040379562));
#8688 = DIRECTION('',(0.707106781187,0.,-0.707106781187));
#8689 = DIRECTION('',(0.707106781187,0.,0.707106781187));
#8690 = ADVANCED_FACE('',(#8691,#8863),#8899,.T.);
#8691 = FACE_BOUND('',#8692,.T.);
#8692 = EDGE_LOOP('',(#8693,#8704,#8710,#8711,#8719,#8728,#8736,#8745,
    #8753,#8762,#8770,#8779,#8787,#8796,#8804,#8813,#8821,#8828,#8829,
    #8830,#8831,#8840,#8848,#8857));
#8693 = ORIENTED_EDGE('',*,*,#8694,.F.);
#8694 = EDGE_CURVE('',#8695,#8697,#8699,.T.);
#8695 = VERTEX_POINT('',#8696);
#8696 = CARTESIAN_POINT('',(189.50461735799,-3.,443.04372260139));
#8697 = VERTEX_POINT('',#8698);
#8698 = CARTESIAN_POINT('',(255.28633927316,-3.,363.11986506249));
#8699 = CIRCLE('',#8700,52.);
#8700 = AXIS2_PLACEMENT_3D('',#8701,#8702,#8703);
#8701 = CARTESIAN_POINT('',(226.27416997969,-3.,406.27416997969));
#8702 = DIRECTION('',(0.,1.,-0.));
#8703 = DIRECTION('',(-0.707106781187,0.,0.707106781187));
#8704 = ORIENTED_EDGE('',*,*,#8705,.F.);
#8705 = EDGE_CURVE('',#8296,#8695,#8706,.T.);
#8706 = LINE('',#8707,#8708);
#8707 = CARTESIAN_POINT('',(189.50461735799,-80.,443.04372260139));
#8708 = VECTOR('',#8709,1.);
#8709 = DIRECTION('',(0.,1.,0.));
#8710 = ORIENTED_EDGE('',*,*,#8295,.T.);
#8711 = ORIENTED_EDGE('',*,*,#8712,.T.);
#8712 = EDGE_CURVE('',#8288,#8713,#8715,.T.);
#8713 = VERTEX_POINT('',#8714);
#8714 = CARTESIAN_POINT('',(210.62571986757,-48.,356.68459437061));
#8715 = LINE('',#8716,#8717);
#8716 = CARTESIAN_POINT('',(210.62571986757,-80.,356.68459437061));
#8717 = VECTOR('',#8718,1.);
#8718 = DIRECTION('',(0.,1.,0.));
#8719 = ORIENTED_EDGE('',*,*,#8720,.T.);
#8720 = EDGE_CURVE('',#8713,#8721,#8723,.T.);
#8721 = VERTEX_POINT('',#8722);
#8722 = CARTESIAN_POINT('',(205.23285731342,-48.,358.72142914091));
#8723 = CIRCLE('',#8724,52.);
#8724 = AXIS2_PLACEMENT_3D('',#8725,#8726,#8727);
#8725 = CARTESIAN_POINT('',(226.27416997969,-48.,406.27416997969));
#8726 = DIRECTION('',(0.,1.,-0.));
#8727 = DIRECTION('',(-0.707106781187,0.,0.707106781187));
#8728 = ORIENTED_EDGE('',*,*,#8729,.F.);
#8729 = EDGE_CURVE('',#8730,#8721,#8732,.T.);
#8730 = VERTEX_POINT('',#8731);
#8731 = CARTESIAN_POINT('',(205.23285731342,-53.,358.72142914091));
#8732 = LINE('',#8733,#8734);
#8733 = CARTESIAN_POINT('',(205.23285731342,-53.,358.72142914091));
#8734 = VECTOR('',#8735,1.);
#8735 = DIRECTION('',(0.,1.,0.));
#8736 = ORIENTED_EDGE('',*,*,#8737,.T.);
#8737 = EDGE_CURVE('',#8730,#8738,#8740,.T.);
#8738 = VERTEX_POINT('',#8739);
#8739 = CARTESIAN_POINT('',(201.40185787432,-53.,360.60833931241));
#8740 = CIRCLE('',#8741,52.);
#8741 = AXIS2_PLACEMENT_3D('',#8742,#8743,#8744);
#8742 = CARTESIAN_POINT('',(226.27416997969,-53.,406.27416997969));
#8743 = DIRECTION('',(0.,1.,-0.));
#8744 = DIRECTION('',(-0.707106781187,0.,0.707106781187));
#8745 = ORIENTED_EDGE('',*,*,#8746,.T.);
#8746 = EDGE_CURVE('',#8738,#8747,#8749,.T.);
#8747 = VERTEX_POINT('',#8748);
#8748 = CARTESIAN_POINT('',(201.40185787432,-48.,360.60833931241));
#8749 = LINE('',#8750,#8751);
#8750 = CARTESIAN_POINT('',(201.40185787432,-53.,360.60833931241));
#8751 = VECTOR('',#8752,1.);
#8752 = DIRECTION('',(0.,1.,0.));
#8753 = ORIENTED_EDGE('',*,*,#8754,.T.);
#8754 = EDGE_CURVE('',#8747,#8755,#8757,.T.);
#8755 = VERTEX_POINT('',#8756);
#8756 = CARTESIAN_POINT('',(199.44325907537,-48.,361.73090763796));
#8757 = CIRCLE('',#8758,52.);
#8758 = AXIS2_PLACEMENT_3D('',#8759,#8760,#8761);
#8759 = CARTESIAN_POINT('',(226.27416997969,-48.,406.27416997969));
#8760 = DIRECTION('',(0.,1.,-0.));
#8761 = DIRECTION('',(-0.707106781187,0.,0.707106781187));
#8762 = ORIENTED_EDGE('',*,*,#8763,.F.);
#8763 = EDGE_CURVE('',#8764,#8755,#8766,.T.);
#8764 = VERTEX_POINT('',#8765);
#8765 = CARTESIAN_POINT('',(199.44325907537,-76.,361.73090763796));
#8766 = LINE('',#8767,#8768);
#8767 = CARTESIAN_POINT('',(199.44325907537,-80.,361.73090763796));
#8768 = VECTOR('',#8769,1.);
#8769 = DIRECTION('',(0.,1.,0.));
#8770 = ORIENTED_EDGE('',*,*,#8771,.T.);
#8771 = EDGE_CURVE('',#8764,#8772,#8774,.T.);
#8772 = VERTEX_POINT('',#8773);
#8773 = CARTESIAN_POINT('',(179.71132122571,-76.,383.12463184361));
#8774 = CIRCLE('',#8775,52.);
#8775 = AXIS2_PLACEMENT_3D('',#8776,#8777,#8778);
#8776 = CARTESIAN_POINT('',(226.27416997969,-76.,406.27416997969));
#8777 = DIRECTION('',(0.,1.,-0.));
#8778 = DIRECTION('',(-0.707106781187,0.,0.707106781187));
#8779 = ORIENTED_EDGE('',*,*,#8780,.T.);
#8780 = EDGE_CURVE('',#8772,#8781,#8783,.T.);
#8781 = VERTEX_POINT('',#8782);
#8782 = CARTESIAN_POINT('',(179.71132122571,-48.,383.12463184361));
#8783 = LINE('',#8784,#8785);
#8784 = CARTESIAN_POINT('',(179.71132122571,-80.,383.12463184361));
#8785 = VECTOR('',#8786,1.);
#8786 = DIRECTION('',(0.,1.,0.));
#8787 = ORIENTED_EDGE('',*,*,#8788,.T.);
#8788 = EDGE_CURVE('',#8781,#8789,#8791,.T.);
#8789 = VERTEX_POINT('',#8790);
#8790 = CARTESIAN_POINT('',(178.34465064073,-48.,386.1058488811));
#8791 = CIRCLE('',#8792,52.);
#8792 = AXIS2_PLACEMENT_3D('',#8793,#8794,#8795);
#8793 = CARTESIAN_POINT('',(226.27416997969,-48.,406.27416997969));
#8794 = DIRECTION('',(0.,1.,-0.));
#8795 = DIRECTION('',(-0.707106781187,0.,0.707106781187));
#8796 = ORIENTED_EDGE('',*,*,#8797,.F.);
#8797 = EDGE_CURVE('',#8798,#8789,#8800,.T.);
#8798 = VERTEX_POINT('',#8799);
#8799 = CARTESIAN_POINT('',(178.34465064073,-53.,386.1058488811));
#8800 = LINE('',#8801,#8802);
#8801 = CARTESIAN_POINT('',(178.34465064073,-53.,386.1058488811));
#8802 = VECTOR('',#8803,1.);
#8803 = DIRECTION('',(0.,1.,0.));
#8804 = ORIENTED_EDGE('',*,*,#8805,.T.);
#8805 = EDGE_CURVE('',#8798,#8806,#8808,.T.);
#8806 = VERTEX_POINT('',#8807);
#8807 = CARTESIAN_POINT('',(177.93055768665,-53.,387.11966266521));
#8808 = CIRCLE('',#8809,52.);
#8809 = AXIS2_PLACEMENT_3D('',#8810,#8811,#8812);
#8810 = CARTESIAN_POINT('',(226.27416997969,-53.,406.27416997969));
#8811 = DIRECTION('',(0.,1.,-0.));
#8812 = DIRECTION('',(-0.707106781187,0.,0.707106781187));
#8813 = ORIENTED_EDGE('',*,*,#8814,.T.);
#8814 = EDGE_CURVE('',#8806,#8815,#8817,.T.);
#8815 = VERTEX_POINT('',#8816);
#8816 = CARTESIAN_POINT('',(177.93055768665,-48.,387.11966266521));
#8817 = LINE('',#8818,#8819);
#8818 = CARTESIAN_POINT('',(177.93055768665,-53.,387.11966266521));
#8819 = VECTOR('',#8820,1.);
#8820 = DIRECTION('',(0.,1.,0.));
#8821 = ORIENTED_EDGE('',*,*,#8822,.T.);
#8822 = EDGE_CURVE('',#8815,#8673,#8823,.T.);
#8823 = CIRCLE('',#8824,52.);
#8824 = AXIS2_PLACEMENT_3D('',#8825,#8826,#8827);
#8825 = CARTESIAN_POINT('',(226.27416997969,-48.,406.27416997969));
#8826 = DIRECTION('',(0.,1.,-0.));
#8827 = DIRECTION('',(-0.707106781187,0.,0.707106781187));
#8828 = ORIENTED_EDGE('',*,*,#8680,.F.);
#8829 = ORIENTED_EDGE('',*,*,#8304,.T.);
#8830 = ORIENTED_EDGE('',*,*,#8705,.T.);
#8831 = ORIENTED_EDGE('',*,*,#8832,.F.);
#8832 = EDGE_CURVE('',#8833,#8695,#8835,.T.);
#8833 = VERTEX_POINT('',#8834);
#8834 = CARTESIAN_POINT('',(237.45904687613,-3.,355.49131333681));
#8835 = CIRCLE('',#8836,52.);
#8836 = AXIS2_PLACEMENT_3D('',#8837,#8838,#8839);
#8837 = CARTESIAN_POINT('',(226.27416997969,-3.,406.27416997969));
#8838 = DIRECTION('',(0.,1.,-0.));
#8839 = DIRECTION('',(-0.707106781187,0.,0.707106781187));
#8840 = ORIENTED_EDGE('',*,*,#8841,.F.);
#8841 = EDGE_CURVE('',#8842,#8833,#8844,.T.);
#8842 = VERTEX_POINT('',#8843);
#8843 = CARTESIAN_POINT('',(237.45904687613,-10.,355.49131333681));
#8844 = LINE('',#8845,#8846);
#8845 = CARTESIAN_POINT('',(237.45904687613,-80.,355.49131333681));
#8846 = VECTOR('',#8847,1.);
#8847 = DIRECTION('',(0.,1.,0.));
#8848 = ORIENTED_EDGE('',*,*,#8849,.F.);
#8849 = EDGE_CURVE('',#8850,#8842,#8852,.T.);
#8850 = VERTEX_POINT('',#8851);
#8851 = CARTESIAN_POINT('',(255.28633927316,-10.,363.11986506249));
#8852 = CIRCLE('',#8853,52.);
#8853 = AXIS2_PLACEMENT_3D('',#8854,#8855,#8856);
#8854 = CARTESIAN_POINT('',(226.27416997969,-10.,406.27416997969));
#8855 = DIRECTION('',(0.,1.,-0.));
#8856 = DIRECTION('',(-0.707106781187,0.,0.707106781187));
#8857 = ORIENTED_EDGE('',*,*,#8858,.T.);
#8858 = EDGE_CURVE('',#8850,#8697,#8859,.T.);
#8859 = LINE('',#8860,#8861);
#8860 = CARTESIAN_POINT('',(255.28633927316,-80.,363.11986506249));
#8861 = VECTOR('',#8862,1.);
#8862 = DIRECTION('',(0.,1.,0.));
#8863 = FACE_BOUND('',#8864,.T.);
#8864 = EDGE_LOOP('',(#8865,#8876,#8884,#8893));
#8865 = ORIENTED_EDGE('',*,*,#8866,.F.);
#8866 = EDGE_CURVE('',#8867,#8869,#8871,.T.);
#8867 = VERTEX_POINT('',#8868);
#8868 = CARTESIAN_POINT('',(256.12484687348,-72.,448.85276893483));
#8869 = VERTEX_POINT('',#8870);
#8870 = CARTESIAN_POINT('',(268.85276893483,-72.,436.12484687348));
#8871 = CIRCLE('',#8872,52.);
#8872 = AXIS2_PLACEMENT_3D('',#8873,#8874,#8875);
#8873 = CARTESIAN_POINT('',(226.27416997969,-72.,406.27416997969));
#8874 = DIRECTION('',(0.,1.,-0.));
#8875 = DIRECTION('',(-0.707106781187,0.,0.707106781187));
#8876 = ORIENTED_EDGE('',*,*,#8877,.T.);
#8877 = EDGE_CURVE('',#8867,#8878,#8880,.T.);
#8878 = VERTEX_POINT('',#8879);
#8879 = CARTESIAN_POINT('',(256.12484687348,-58.,448.85276893483));
#8880 = LINE('',#8881,#8882);
#8881 = CARTESIAN_POINT('',(256.12484687348,-80.,448.85276893483));
#8882 = VECTOR('',#8883,1.);
#8883 = DIRECTION('',(0.,1.,0.));
#8884 = ORIENTED_EDGE('',*,*,#8885,.T.);
#8885 = EDGE_CURVE('',#8878,#8886,#8888,.T.);
#8886 = VERTEX_POINT('',#8887);
#8887 = CARTESIAN_POINT('',(268.85276893483,-58.,436.12484687348));
#8888 = CIRCLE('',#8889,52.);
#8889 = AXIS2_PLACEMENT_3D('',#8890,#8891,#8892);
#8890 = CARTESIAN_POINT('',(226.27416997969,-58.,406.27416997969));
#8891 = DIRECTION('',(0.,1.,-0.));
#8892 = DIRECTION('',(-0.707106781187,0.,0.707106781187));
#8893 = ORIENTED_EDGE('',*,*,#8894,.F.);
#8894 = EDGE_CURVE('',#8869,#8886,#8895,.T.);
#8895 = LINE('',#8896,#8897);
#8896 = CARTESIAN_POINT('',(268.85276893483,-80.,436.12484687348));
#8897 = VECTOR('',#8898,1.);
#8898 = DIRECTION('',(0.,1.,0.));
#8899 = CYLINDRICAL_SURFACE('',#8900,52.);
#8900 = AXIS2_PLACEMENT_3D('',#8901,#8902,#8903);
#8901 = CARTESIAN_POINT('',(226.27416997969,-80.,406.27416997969));
#8902 = DIRECTION('',(0.,1.,0.));
#8903 = DIRECTION('',(-0.707106781187,0.,0.707106781187));
#8904 = ADVANCED_FACE('',(#8905),#8923,.T.);
#8905 = FACE_BOUND('',#8906,.T.);
#8906 = EDGE_LOOP('',(#8907,#8908,#8909,#8917));
#8907 = ORIENTED_EDGE('',*,*,#8712,.F.);
#8908 = ORIENTED_EDGE('',*,*,#8287,.T.);
#8909 = ORIENTED_EDGE('',*,*,#8910,.T.);
#8910 = EDGE_CURVE('',#8280,#8911,#8913,.T.);
#8911 = VERTEX_POINT('',#8912);
#8912 = CARTESIAN_POINT('',(188.09040379562,-48.,334.14927829866));
#8913 = LINE('',#8914,#8915);
#8914 = CARTESIAN_POINT('',(188.09040379562,-80.,334.14927829866));
#8915 = VECTOR('',#8916,1.);
#8916 = DIRECTION('',(0.,1.,0.));
#8917 = ORIENTED_EDGE('',*,*,#8918,.F.);
#8918 = EDGE_CURVE('',#8713,#8911,#8919,.T.);
#8919 = LINE('',#8920,#8921);
#8920 = CARTESIAN_POINT('',(224.85995641732,-48.,370.91883092036));
#8921 = VECTOR('',#8922,1.);
#8922 = DIRECTION('',(-0.707106781187,0.,-0.707106781187));
#8923 = PLANE('',#8924);
#8924 = AXIS2_PLACEMENT_3D('',#8925,#8926,#8927);
#8925 = CARTESIAN_POINT('',(206.47518010647,-64.,352.53405460951));
#8926 = DIRECTION('',(0.707106781187,-0.,-0.707106781187));
#8927 = DIRECTION('',(-0.707106781187,0.,-0.707106781187));
#8928 = ADVANCED_FACE('',(#8929),#8947,.F.);
#8929 = FACE_BOUND('',#8930,.F.);
#8930 = EDGE_LOOP('',(#8931,#8932,#8933,#8941));
#8931 = ORIENTED_EDGE('',*,*,#8279,.F.);
#8932 = ORIENTED_EDGE('',*,*,#8910,.T.);
#8933 = ORIENTED_EDGE('',*,*,#8934,.T.);
#8934 = EDGE_CURVE('',#8911,#8935,#8937,.T.);
#8935 = VERTEX_POINT('',#8936);
#8936 = CARTESIAN_POINT('',(167.09776398525,-48.,321.99564472424));
#8937 = LINE('',#8938,#8939);
#8938 = CARTESIAN_POINT('',(188.09040379562,-48.,334.14927829866));
#8939 = VECTOR('',#8940,1.);
#8940 = DIRECTION('',(-0.865426285481,0.,-0.501036270542));
#8941 = ORIENTED_EDGE('',*,*,#8942,.F.);
#8942 = EDGE_CURVE('',#8271,#8935,#8943,.T.);
#8943 = LINE('',#8944,#8945);
#8944 = CARTESIAN_POINT('',(167.09776398525,-80.,321.99564472424));
#8945 = VECTOR('',#8946,1.);
#8946 = DIRECTION('',(0.,1.,0.));
#8947 = PLANE('',#8948);
#8948 = AXIS2_PLACEMENT_3D('',#8949,#8950,#8951);
#8949 = CARTESIAN_POINT('',(188.09040379562,-80.,334.14927829866));
#8950 = DIRECTION('',(-0.501036270542,0.,0.865426285481));
#8951 = DIRECTION('',(-0.865426285481,0.,-0.501036270542));
#8952 = ADVANCED_FACE('',(#8953),#8972,.T.);
#8953 = FACE_BOUND('',#8954,.T.);
#8954 = EDGE_LOOP('',(#8955,#8964,#8965,#8966));
#8955 = ORIENTED_EDGE('',*,*,#8956,.F.);
#8956 = EDGE_CURVE('',#8935,#8957,#8959,.T.);
#8957 = VERTEX_POINT('',#8958);
#8958 = CARTESIAN_POINT('',(159.91418286273,-48.,317.83672933752));
#8959 = CIRCLE('',#8960,4.5);
#8960 = AXIS2_PLACEMENT_3D('',#8961,#8962,#8963);
#8961 = CARTESIAN_POINT('',(162.6345596729,-48.,321.42135623731));
#8962 = DIRECTION('',(0.,1.,-0.));
#8963 = DIRECTION('',(-0.707106781187,0.,0.707106781187));
#8964 = ORIENTED_EDGE('',*,*,#8942,.F.);
#8965 = ORIENTED_EDGE('',*,*,#8270,.T.);
#8966 = ORIENTED_EDGE('',*,*,#8967,.T.);
#8967 = EDGE_CURVE('',#8263,#8957,#8968,.T.);
#8968 = LINE('',#8969,#8970);
#8969 = CARTESIAN_POINT('',(159.91418286273,-80.,317.83672933752));
#8970 = VECTOR('',#8971,1.);
#8971 = DIRECTION('',(0.,1.,0.));
#8972 = CYLINDRICAL_SURFACE('',#8973,4.5);
#8973 = AXIS2_PLACEMENT_3D('',#8974,#8975,#8976);
#8974 = CARTESIAN_POINT('',(162.6345596729,-80.,321.42135623731));
#8975 = DIRECTION('',(0.,1.,0.));
#8976 = DIRECTION('',(-0.707106781187,0.,0.707106781187));
#8977 = ADVANCED_FACE('',(#8978),#8996,.T.);
#8978 = FACE_BOUND('',#8979,.T.);
#8979 = EDGE_LOOP('',(#8980,#8988,#8989,#8990));
#8980 = ORIENTED_EDGE('',*,*,#8981,.F.);
#8981 = EDGE_CURVE('',#8957,#8982,#8984,.T.);
#8982 = VERTEX_POINT('',#8983);
#8983 = CARTESIAN_POINT('',(132.55895124643,-48.,301.99948998071));
#8984 = LINE('',#8985,#8986);
#8985 = CARTESIAN_POINT('',(188.09040379562,-48.,334.14927829866));
#8986 = VECTOR('',#8987,1.);
#8987 = DIRECTION('',(-0.865426285481,0.,-0.501036270542));
#8988 = ORIENTED_EDGE('',*,*,#8967,.F.);
#8989 = ORIENTED_EDGE('',*,*,#8262,.T.);
#8990 = ORIENTED_EDGE('',*,*,#8991,.F.);
#8991 = EDGE_CURVE('',#8982,#8255,#8992,.T.);
#8992 = LINE('',#8993,#8994);
#8993 = CARTESIAN_POINT('',(132.55895124643,-107.,301.99948998071));
#8994 = VECTOR('',#8995,1.);
#8995 = DIRECTION('',(0.,-1.,0.));
#8996 = PLANE('',#8997);
#8997 = AXIS2_PLACEMENT_3D('',#8998,#8999,#9000);
#8998 = CARTESIAN_POINT('',(133.69720680154,-64.,302.65848003893));
#8999 = DIRECTION('',(0.501036270542,-0.,-0.865426285481));
#9000 = DIRECTION('',(-0.865426285481,0.,-0.501036270542));
#9001 = ADVANCED_FACE('',(#9002,#9013,#9024,#9035,#9046,#9057),#9068,.F.
  );
#9002 = FACE_BOUND('',#9003,.F.);
#9003 = EDGE_LOOP('',(#9004,#9010,#9011,#9012));
#9004 = ORIENTED_EDGE('',*,*,#9005,.F.);
#9005 = EDGE_CURVE('',#8581,#8982,#9006,.T.);
#9006 = LINE('',#9007,#9008);
#9007 = CARTESIAN_POINT('',(159.16268268181,-48.,275.39575854534));
#9008 = VECTOR('',#9009,1.);
#9009 = DIRECTION('',(0.707106781187,0.,-0.707106781187));
#9010 = ORIENTED_EDGE('',*,*,#8580,.F.);
#9011 = ORIENTED_EDGE('',*,*,#8254,.F.);
#9012 = ORIENTED_EDGE('',*,*,#8991,.F.);
#9013 = FACE_BOUND('',#9014,.F.);
#9014 = EDGE_LOOP('',(#9015));
#9015 = ORIENTED_EDGE('',*,*,#9016,.F.);
#9016 = EDGE_CURVE('',#9017,#9017,#9019,.T.);
#9017 = VERTEX_POINT('',#9018);
#9018 = CARTESIAN_POINT('',(123.8968931769,-53.,310.66154805025));
#9019 = CIRCLE('',#9020,2.25);
#9020 = AXIS2_PLACEMENT_3D('',#9021,#9022,#9023);
#9021 = CARTESIAN_POINT('',(125.48788343457,-53.,309.07055779258));
#9022 = DIRECTION('',(0.707106781187,0.,0.707106781187));
#9023 = DIRECTION('',(-0.707106781187,0.,0.707106781187));
#9024 = FACE_BOUND('',#9025,.F.);
#9025 = EDGE_LOOP('',(#9026));
#9026 = ORIENTED_EDGE('',*,*,#9027,.F.);
#9027 = EDGE_CURVE('',#9028,#9028,#9030,.T.);
#9028 = VERTEX_POINT('',#9029);
#9029 = CARTESIAN_POINT('',(104.09790330368,-53.,330.46053792347));
#9030 = CIRCLE('',#9031,2.25);
#9031 = AXIS2_PLACEMENT_3D('',#9032,#9033,#9034);
#9032 = CARTESIAN_POINT('',(105.68889356134,-53.,328.8695476658));
#9033 = DIRECTION('',(0.707106781187,0.,0.707106781187));
#9034 = DIRECTION('',(-0.707106781187,0.,0.707106781187));
#9035 = FACE_BOUND('',#9036,.F.);
#9036 = EDGE_LOOP('',(#9037));
#9037 = ORIENTED_EDGE('',*,*,#9038,.F.);
#9038 = EDGE_CURVE('',#9039,#9039,#9041,.T.);
#9039 = VERTEX_POINT('',#9040);
#9040 = CARTESIAN_POINT('',(110.63864102965,-62.,323.9198001975));
#9041 = CIRCLE('',#9042,7.);
#9042 = AXIS2_PLACEMENT_3D('',#9043,#9044,#9045);
#9043 = CARTESIAN_POINT('',(115.58838849796,-62.,318.97005272919));
#9044 = DIRECTION('',(0.707106781187,0.,0.707106781187));
#9045 = DIRECTION('',(-0.707106781187,0.,0.707106781187));
#9046 = FACE_BOUND('',#9047,.F.);
#9047 = EDGE_LOOP('',(#9048));
#9048 = ORIENTED_EDGE('',*,*,#9049,.F.);
#9049 = EDGE_CURVE('',#9050,#9050,#9052,.T.);
#9050 = VERTEX_POINT('',#9051);
#9051 = CARTESIAN_POINT('',(123.8968931769,-71.,310.66154805025));
#9052 = CIRCLE('',#9053,2.25);
#9053 = AXIS2_PLACEMENT_3D('',#9054,#9055,#9056);
#9054 = CARTESIAN_POINT('',(125.48788343457,-71.,309.07055779258));
#9055 = DIRECTION('',(0.707106781187,0.,0.707106781187));
#9056 = DIRECTION('',(-0.707106781187,0.,0.707106781187));
#9057 = FACE_BOUND('',#9058,.F.);
#9058 = EDGE_LOOP('',(#9059));
#9059 = ORIENTED_EDGE('',*,*,#9060,.F.);
#9060 = EDGE_CURVE('',#9061,#9061,#9063,.T.);
#9061 = VERTEX_POINT('',#9062);
#9062 = CARTESIAN_POINT('',(104.09790330368,-71.,330.46053792347));
#9063 = CIRCLE('',#9064,2.25);
#9064 = AXIS2_PLACEMENT_3D('',#9065,#9066,#9067);
#9065 = CARTESIAN_POINT('',(105.68889356134,-71.,328.8695476658));
#9066 = DIRECTION('',(0.707106781187,0.,0.707106781187));
#9067 = DIRECTION('',(-0.707106781187,0.,0.707106781187));
#9068 = PLANE('',#9069);
#9069 = AXIS2_PLACEMENT_3D('',#9070,#9071,#9072);
#9070 = CARTESIAN_POINT('',(197.98989873223,-150.,236.56854249492));
#9071 = DIRECTION('',(0.707106781187,0.,0.707106781187));
#9072 = DIRECTION('',(-0.707106781187,0.,0.707106781187));
#9073 = ADVANCED_FACE('',(#9074),#9092,.T.);
#9074 = FACE_BOUND('',#9075,.T.);
#9075 = EDGE_LOOP('',(#9076,#9084,#9085,#9086));
#9076 = ORIENTED_EDGE('',*,*,#9077,.F.);
#9077 = EDGE_CURVE('',#8436,#9078,#9080,.T.);
#9078 = VERTEX_POINT('',#9079);
#9079 = CARTESIAN_POINT('',(190.91883092036,-76.,399.20310216783));
#9080 = LINE('',#9081,#9082);
#9081 = CARTESIAN_POINT('',(156.97770542341,-76.,365.26197667087));
#9082 = VECTOR('',#9083,1.);
#9083 = DIRECTION('',(0.707106781187,0.,0.707106781187));
#9084 = ORIENTED_EDGE('',*,*,#8444,.T.);
#9085 = ORIENTED_EDGE('',*,*,#8563,.F.);
#9086 = ORIENTED_EDGE('',*,*,#9087,.F.);
#9087 = EDGE_CURVE('',#9078,#8556,#9088,.T.);
#9088 = LINE('',#9089,#9090);
#9089 = CARTESIAN_POINT('',(190.91883092036,-76.,399.20310216783));
#9090 = VECTOR('',#9091,1.);
#9091 = DIRECTION('',(0.,1.,0.));
#9092 = PLANE('',#9093);
#9093 = AXIS2_PLACEMENT_3D('',#9094,#9095,#9096);
#9094 = CARTESIAN_POINT('',(156.97770542341,-76.,365.26197667087));
#9095 = DIRECTION('',(0.707106781187,0.,-0.707106781187));
#9096 = DIRECTION('',(0.707106781187,0.,0.707106781187));
#9097 = ADVANCED_FACE('',(#9098),#9116,.T.);
#9098 = FACE_BOUND('',#9099,.T.);
#9099 = EDGE_LOOP('',(#9100,#9101,#9102,#9110));
#9100 = ORIENTED_EDGE('',*,*,#8435,.T.);
#9101 = ORIENTED_EDGE('',*,*,#9077,.T.);
#9102 = ORIENTED_EDGE('',*,*,#9103,.T.);
#9103 = EDGE_CURVE('',#9078,#9104,#9106,.T.);
#9104 = VERTEX_POINT('',#9105);
#9105 = CARTESIAN_POINT('',(219.20310216783,-76.,370.91883092036));
#9106 = LINE('',#9107,#9108);
#9107 = CARTESIAN_POINT('',(190.91883092036,-76.,399.20310216783));
#9108 = VECTOR('',#9109,1.);
#9109 = DIRECTION('',(0.707106781187,0.,-0.707106781187));
#9110 = ORIENTED_EDGE('',*,*,#9111,.T.);
#9111 = EDGE_CURVE('',#9104,#8428,#9112,.T.);
#9112 = LINE('',#9113,#9114);
#9113 = CARTESIAN_POINT('',(219.20310216783,-76.,370.91883092036));
#9114 = VECTOR('',#9115,1.);
#9115 = DIRECTION('',(-0.707106781187,0.,-0.707106781187));
#9116 = PLANE('',#9117);
#9117 = AXIS2_PLACEMENT_3D('',#9118,#9119,#9120);
#9118 = CARTESIAN_POINT('',(201.64948286419,-76.,381.64948286419));
#9119 = DIRECTION('',(0.,1.,0.));
#9120 = DIRECTION('',(-0.707106781187,0.,0.707106781187));
#9121 = ADVANCED_FACE('',(#9122),#9133,.T.);
#9122 = FACE_BOUND('',#9123,.T.);
#9123 = EDGE_LOOP('',(#9124,#9125,#9131,#9132));
#9124 = ORIENTED_EDGE('',*,*,#9111,.F.);
#9125 = ORIENTED_EDGE('',*,*,#9126,.T.);
#9126 = EDGE_CURVE('',#9104,#8548,#9127,.T.);
#9127 = LINE('',#9128,#9129);
#9128 = CARTESIAN_POINT('',(219.20310216783,-76.,370.91883092036));
#9129 = VECTOR('',#9130,1.);
#9130 = DIRECTION('',(0.,1.,0.));
#9131 = ORIENTED_EDGE('',*,*,#8547,.F.);
#9132 = ORIENTED_EDGE('',*,*,#8427,.F.);
#9133 = PLANE('',#9134);
#9134 = AXIS2_PLACEMENT_3D('',#9135,#9136,#9137);
#9135 = CARTESIAN_POINT('',(219.20310216783,-76.,370.91883092036));
#9136 = DIRECTION('',(-0.707106781187,0.,0.707106781187));
#9137 = DIRECTION('',(-0.707106781187,0.,-0.707106781187));
#9138 = ADVANCED_FACE('',(#9139,#9165,#9183,#9194,#9205,#9216),#9227,.T.
  );
#9139 = FACE_BOUND('',#9140,.T.);
#9140 = EDGE_LOOP('',(#9141,#9142,#9143,#9151,#9159));
#9141 = ORIENTED_EDGE('',*,*,#8832,.T.);
#9142 = ORIENTED_EDGE('',*,*,#8694,.T.);
#9143 = ORIENTED_EDGE('',*,*,#9144,.F.);
#9144 = EDGE_CURVE('',#9145,#8697,#9147,.T.);
#9145 = VERTEX_POINT('',#9146);
#9146 = CARTESIAN_POINT('',(255.97265478953,-3.,362.43354954612));
#9147 = LINE('',#9148,#9149);
#9148 = CARTESIAN_POINT('',(270.11479041326,-3.,348.29141392239));
#9149 = VECTOR('',#9150,1.);
#9150 = DIRECTION('',(-0.707106781187,0.,0.707106781187));
#9151 = ORIENTED_EDGE('',*,*,#9152,.T.);
#9152 = EDGE_CURVE('',#9145,#9153,#9155,.T.);
#9153 = VERTEX_POINT('',#9154);
#9154 = CARTESIAN_POINT('',(243.24473272817,-3.,349.70562748477));
#9155 = LINE('',#9156,#9157);
#9156 = CARTESIAN_POINT('',(243.24473272817,-3.,349.70562748477));
#9157 = VECTOR('',#9158,1.);
#9158 = DIRECTION('',(-0.707106781187,0.,-0.707106781187));
#9159 = ORIENTED_EDGE('',*,*,#9160,.T.);
#9160 = EDGE_CURVE('',#9153,#8833,#9161,.T.);
#9161 = LINE('',#9162,#9163);
#9162 = CARTESIAN_POINT('',(257.3868683519,-3.,335.56349186104));
#9163 = VECTOR('',#9164,1.);
#9164 = DIRECTION('',(-0.707106781187,0.,0.707106781187));
#9165 = FACE_BOUND('',#9166,.T.);
#9166 = EDGE_LOOP('',(#9167,#9168,#9176,#9182));
#9167 = ORIENTED_EDGE('',*,*,#8367,.F.);
#9168 = ORIENTED_EDGE('',*,*,#9169,.T.);
#9169 = EDGE_CURVE('',#8368,#9170,#9172,.T.);
#9170 = VERTEX_POINT('',#9171);
#9171 = CARTESIAN_POINT('',(247.48737341529,-3.,370.91883092036));
#9172 = LINE('',#9173,#9174);
#9173 = CARTESIAN_POINT('',(234.75945135393,-3.,358.19090885901));
#9174 = VECTOR('',#9175,1.);
#9175 = DIRECTION('',(0.707106781187,0.,0.707106781187));
#9176 = ORIENTED_EDGE('',*,*,#9177,.F.);
#9177 = EDGE_CURVE('',#8394,#9170,#9178,.T.);
#9178 = LINE('',#9179,#9180);
#9179 = CARTESIAN_POINT('',(270.11479041326,-3.,348.29141392239));
#9180 = VECTOR('',#9181,1.);
#9181 = DIRECTION('',(-0.707106781187,0.,0.707106781187));
#9182 = ORIENTED_EDGE('',*,*,#8401,.F.);
#9183 = FACE_BOUND('',#9184,.T.);
#9184 = EDGE_LOOP('',(#9185));
#9185 = ORIENTED_EDGE('',*,*,#9186,.F.);
#9186 = EDGE_CURVE('',#9187,#9187,#9189,.T.);
#9187 = VERTEX_POINT('',#9188);
#9188 = CARTESIAN_POINT('',(224.64782438296,-3.,360.90051557642));
#9189 = CIRCLE('',#9190,2.3);
#9190 = AXIS2_PLACEMENT_3D('',#9191,#9192,#9193);
#9191 = CARTESIAN_POINT('',(226.27416997969,-3.,359.27416997969));
#9192 = DIRECTION('',(0.,1.,-0.));
#9193 = DIRECTION('',(-0.707106781187,0.,0.707106781187));
#9194 = FACE_BOUND('',#9195,.T.);
#9195 = EDGE_LOOP('',(#9196));
#9196 = ORIENTED_EDGE('',*,*,#9197,.F.);
#9197 = EDGE_CURVE('',#9198,#9198,#9200,.T.);
#9198 = VERTEX_POINT('',#9199);
#9199 = CARTESIAN_POINT('',(177.64782438296,-3.,407.90051557642));
#9200 = CIRCLE('',#9201,2.3);
#9201 = AXIS2_PLACEMENT_3D('',#9202,#9203,#9204);
#9202 = CARTESIAN_POINT('',(179.27416997969,-3.,406.27416997969));
#9203 = DIRECTION('',(0.,1.,-0.));
#9204 = DIRECTION('',(-0.707106781187,0.,0.707106781187));
#9205 = FACE_BOUND('',#9206,.T.);
#9206 = EDGE_LOOP('',(#9207));
#9207 = ORIENTED_EDGE('',*,*,#9208,.F.);
#9208 = EDGE_CURVE('',#9209,#9209,#9211,.T.);
#9209 = VERTEX_POINT('',#9210);
#9210 = CARTESIAN_POINT('',(271.64782438296,-3.,407.90051557642));
#9211 = CIRCLE('',#9212,2.3);
#9212 = AXIS2_PLACEMENT_3D('',#9213,#9214,#9215);
#9213 = CARTESIAN_POINT('',(273.27416997969,-3.,406.27416997969));
#9214 = DIRECTION('',(0.,1.,-0.));
#9215 = DIRECTION('',(-0.707106781187,0.,0.707106781187));
#9216 = FACE_BOUND('',#9217,.T.);
#9217 = EDGE_LOOP('',(#9218));
#9218 = ORIENTED_EDGE('',*,*,#9219,.F.);
#9219 = EDGE_CURVE('',#9220,#9220,#9222,.T.);
#9220 = VERTEX_POINT('',#9221);
#9221 = CARTESIAN_POINT('',(224.64782438296,-3.,454.90051557642));
#9222 = CIRCLE('',#9223,2.3);
#9223 = AXIS2_PLACEMENT_3D('',#9224,#9225,#9226);
#9224 = CARTESIAN_POINT('',(226.27416997969,-3.,453.27416997969));
#9225 = DIRECTION('',(0.,1.,-0.));
#9226 = DIRECTION('',(-0.707106781187,0.,0.707106781187));
#9227 = PLANE('',#9228);
#9228 = AXIS2_PLACEMENT_3D('',#9229,#9230,#9231);
#9229 = CARTESIAN_POINT('',(226.12975370389,-3.,403.95003414915));
#9230 = DIRECTION('',(0.,1.,0.));
#9231 = DIRECTION('',(-0.707106781187,0.,0.707106781187));
#9232 = ADVANCED_FACE('',(#9233),#9251,.T.);
#9233 = FACE_BOUND('',#9234,.T.);
#9234 = EDGE_LOOP('',(#9235,#9243,#9244,#9245));
#9235 = ORIENTED_EDGE('',*,*,#9236,.F.);
#9236 = EDGE_CURVE('',#8385,#9237,#9239,.T.);
#9237 = VERTEX_POINT('',#9238);
#9238 = CARTESIAN_POINT('',(247.48737341529,-10.,370.91883092036));
#9239 = LINE('',#9240,#9241);
#9240 = CARTESIAN_POINT('',(270.11479041326,-10.,348.29141392239));
#9241 = VECTOR('',#9242,1.);
#9242 = DIRECTION('',(-0.707106781187,0.,0.707106781187));
#9243 = ORIENTED_EDGE('',*,*,#8393,.T.);
#9244 = ORIENTED_EDGE('',*,*,#9177,.T.);
#9245 = ORIENTED_EDGE('',*,*,#9246,.F.);
#9246 = EDGE_CURVE('',#9237,#9170,#9247,.T.);
#9247 = LINE('',#9248,#9249);
#9248 = CARTESIAN_POINT('',(247.48737341529,-10.,370.91883092036));
#9249 = VECTOR('',#9250,1.);
#9250 = DIRECTION('',(-0.,1.,0.));
#9251 = PLANE('',#9252);
#9252 = AXIS2_PLACEMENT_3D('',#9253,#9254,#9255);
#9253 = CARTESIAN_POINT('',(261.82708299258,37.720588235294,
    356.57912134307));
#9254 = DIRECTION('',(0.707106781187,0.,0.707106781187));
#9255 = DIRECTION('',(-0.707106781187,0.,0.707106781187));
#9256 = ADVANCED_FACE('',(#9257),#9267,.T.);
#9257 = FACE_BOUND('',#9258,.T.);
#9258 = EDGE_LOOP('',(#9259,#9260,#9261));
#9259 = ORIENTED_EDGE('',*,*,#8384,.F.);
#9260 = ORIENTED_EDGE('',*,*,#9236,.T.);
#9261 = ORIENTED_EDGE('',*,*,#9262,.F.);
#9262 = EDGE_CURVE('',#8377,#9237,#9263,.T.);
#9263 = LINE('',#9264,#9265);
#9264 = CARTESIAN_POINT('',(234.75945135393,-10.,358.19090885901));
#9265 = VECTOR('',#9266,1.);
#9266 = DIRECTION('',(0.707106781187,0.,0.707106781187));
#9267 = PLANE('',#9268);
#9268 = AXIS2_PLACEMENT_3D('',#9269,#9270,#9271);
#9269 = CARTESIAN_POINT('',(252.43712088359,-10.,353.2411613907));
#9270 = DIRECTION('',(0.,-1.,-0.));
#9271 = DIRECTION('',(0.707106781187,0.,-0.707106781187));
#9272 = ADVANCED_FACE('',(#9273),#9279,.T.);
#9273 = FACE_BOUND('',#9274,.T.);
#9274 = EDGE_LOOP('',(#9275,#9276,#9277,#9278));
#9275 = ORIENTED_EDGE('',*,*,#8376,.F.);
#9276 = ORIENTED_EDGE('',*,*,#9262,.T.);
#9277 = ORIENTED_EDGE('',*,*,#9246,.T.);
#9278 = ORIENTED_EDGE('',*,*,#9169,.F.);
#9279 = PLANE('',#9280);
#9280 = AXIS2_PLACEMENT_3D('',#9281,#9282,#9283);
#9281 = CARTESIAN_POINT('',(234.75945135393,-10.,358.19090885901));
#9282 = DIRECTION('',(-0.707106781187,0.,0.707106781187));
#9283 = DIRECTION('',(0.707106781187,0.,0.707106781187));
#9284 = ADVANCED_FACE('',(#9285),#9301,.T.);
#9285 = FACE_BOUND('',#9286,.T.);
#9286 = EDGE_LOOP('',(#9287,#9293,#9294,#9300));
#9287 = ORIENTED_EDGE('',*,*,#9288,.F.);
#9288 = EDGE_CURVE('',#8472,#8869,#9289,.T.);
#9289 = LINE('',#9290,#9291);
#9290 = CARTESIAN_POINT('',(259.50818869546,-72.,426.7802666341));
#9291 = VECTOR('',#9292,1.);
#9292 = DIRECTION('',(0.707106781187,0.,0.707106781187));
#9293 = ORIENTED_EDGE('',*,*,#8469,.F.);
#9294 = ORIENTED_EDGE('',*,*,#9295,.T.);
#9295 = EDGE_CURVE('',#8470,#8867,#9296,.T.);
#9296 = LINE('',#9297,#9298);
#9297 = CARTESIAN_POINT('',(246.7802666341,-72.,439.50818869546));
#9298 = VECTOR('',#9299,1.);
#9299 = DIRECTION('',(0.707106781187,0.,0.707106781187));
#9300 = ORIENTED_EDGE('',*,*,#8866,.T.);
#9301 = PLANE('',#9302);
#9302 = AXIS2_PLACEMENT_3D('',#9303,#9304,#9305);
#9303 = CARTESIAN_POINT('',(259.50818869546,-72.,426.7802666341));
#9304 = DIRECTION('',(-0.,1.,0.));
#9305 = DIRECTION('',(-0.707106781187,0.,0.707106781187));
#9306 = ADVANCED_FACE('',(#9307),#9318,.F.);
#9307 = FACE_BOUND('',#9308,.F.);
#9308 = EDGE_LOOP('',(#9309,#9315,#9316,#9317));
#9309 = ORIENTED_EDGE('',*,*,#9310,.F.);
#9310 = EDGE_CURVE('',#8481,#8878,#9311,.T.);
#9311 = LINE('',#9312,#9313);
#9312 = CARTESIAN_POINT('',(246.7802666341,-58.,439.50818869546));
#9313 = VECTOR('',#9314,1.);
#9314 = DIRECTION('',(0.707106781187,0.,0.707106781187));
#9315 = ORIENTED_EDGE('',*,*,#8480,.F.);
#9316 = ORIENTED_EDGE('',*,*,#9295,.T.);
#9317 = ORIENTED_EDGE('',*,*,#8877,.T.);
#9318 = PLANE('',#9319);
#9319 = AXIS2_PLACEMENT_3D('',#9320,#9321,#9322);
#9320 = CARTESIAN_POINT('',(246.7802666341,-72.,439.50818869546));
#9321 = DIRECTION('',(-0.707106781187,0.,0.707106781187));
#9322 = DIRECTION('',(0.707106781187,0.,0.707106781187));
#9323 = ADVANCED_FACE('',(#9324),#9335,.T.);
#9324 = FACE_BOUND('',#9325,.T.);
#9325 = EDGE_LOOP('',(#9326,#9332,#9333,#9334));
#9326 = ORIENTED_EDGE('',*,*,#9327,.F.);
#9327 = EDGE_CURVE('',#8489,#8886,#9328,.T.);
#9328 = LINE('',#9329,#9330);
#9329 = CARTESIAN_POINT('',(259.50818869546,-58.,426.7802666341));
#9330 = VECTOR('',#9331,1.);
#9331 = DIRECTION('',(0.707106781187,0.,0.707106781187));
#9332 = ORIENTED_EDGE('',*,*,#8497,.F.);
#9333 = ORIENTED_EDGE('',*,*,#9288,.T.);
#9334 = ORIENTED_EDGE('',*,*,#8894,.T.);
#9335 = PLANE('',#9336);
#9336 = AXIS2_PLACEMENT_3D('',#9337,#9338,#9339);
#9337 = CARTESIAN_POINT('',(259.50818869546,-72.,426.7802666341));
#9338 = DIRECTION('',(-0.707106781187,0.,0.707106781187));
#9339 = DIRECTION('',(0.707106781187,0.,0.707106781187));
#9340 = ADVANCED_FACE('',(#9341),#9347,.F.);
#9341 = FACE_BOUND('',#9342,.F.);
#9342 = EDGE_LOOP('',(#9343,#9344,#9345,#9346));
#9343 = ORIENTED_EDGE('',*,*,#9327,.F.);
#9344 = ORIENTED_EDGE('',*,*,#8488,.F.);
#9345 = ORIENTED_EDGE('',*,*,#9310,.T.);
#9346 = ORIENTED_EDGE('',*,*,#8885,.T.);
#9347 = PLANE('',#9348);
#9348 = AXIS2_PLACEMENT_3D('',#9349,#9350,#9351);
#9349 = CARTESIAN_POINT('',(259.50818869546,-58.,426.7802666341));
#9350 = DIRECTION('',(-0.,1.,0.));
#9351 = DIRECTION('',(-0.707106781187,0.,0.707106781187));
#9352 = ADVANCED_FACE('',(#9353),#9359,.T.);
#9353 = FACE_BOUND('',#9354,.T.);
#9354 = EDGE_LOOP('',(#9355,#9356,#9357,#9358));
#9355 = ORIENTED_EDGE('',*,*,#9103,.F.);
#9356 = ORIENTED_EDGE('',*,*,#9087,.T.);
#9357 = ORIENTED_EDGE('',*,*,#8555,.F.);
#9358 = ORIENTED_EDGE('',*,*,#9126,.F.);
#9359 = PLANE('',#9360);
#9360 = AXIS2_PLACEMENT_3D('',#9361,#9362,#9363);
#9361 = CARTESIAN_POINT('',(190.91883092036,-76.,399.20310216783));
#9362 = DIRECTION('',(-0.707106781187,0.,-0.707106781187));
#9363 = DIRECTION('',(0.707106781187,0.,-0.707106781187));
#9364 = ADVANCED_FACE('',(#9365,#9462,#9509,#9585),#9619,.T.);
#9365 = FACE_BOUND('',#9366,.T.);
#9366 = EDGE_LOOP('',(#9367,#9368,#9369,#9370,#9371,#9372,#9373,#9374,
    #9375,#9384,#9393,#9400,#9401,#9410,#9418,#9426,#9434,#9441,#9442,
    #9451,#9458,#9459,#9460,#9461));
#9367 = ORIENTED_EDGE('',*,*,#8981,.T.);
#9368 = ORIENTED_EDGE('',*,*,#9005,.F.);
#9369 = ORIENTED_EDGE('',*,*,#8597,.T.);
#9370 = ORIENTED_EDGE('',*,*,#8620,.T.);
#9371 = ORIENTED_EDGE('',*,*,#8635,.T.);
#9372 = ORIENTED_EDGE('',*,*,#8655,.T.);
#9373 = ORIENTED_EDGE('',*,*,#8672,.T.);
#9374 = ORIENTED_EDGE('',*,*,#8822,.F.);
#9375 = ORIENTED_EDGE('',*,*,#9376,.F.);
#9376 = EDGE_CURVE('',#9377,#8815,#9379,.T.);
#9377 = VERTEX_POINT('',#9378);
#9378 = CARTESIAN_POINT('',(174.44324291872,-48.,387.39441892201));
#9379 = CIRCLE('',#9380,2.3);
#9380 = AXIS2_PLACEMENT_3D('',#9381,#9382,#9383);
#9381 = CARTESIAN_POINT('',(176.06958851545,-48.,385.76807332528));
#9382 = DIRECTION('',(0.,1.,-0.));
#9383 = DIRECTION('',(-0.707106781187,0.,0.707106781187));
#9384 = ORIENTED_EDGE('',*,*,#9385,.F.);
#9385 = EDGE_CURVE('',#9386,#9377,#9388,.T.);
#9386 = VERTEX_POINT('',#9387);
#9387 = CARTESIAN_POINT('',(175.31211344504,-48.,383.59638469251));
#9388 = CIRCLE('',#9389,2.3);
#9389 = AXIS2_PLACEMENT_3D('',#9390,#9391,#9392);
#9390 = CARTESIAN_POINT('',(176.06958851545,-48.,385.76807332528));
#9391 = DIRECTION('',(0.,1.,-0.));
#9392 = DIRECTION('',(-0.707106781187,0.,0.707106781187));
#9393 = ORIENTED_EDGE('',*,*,#9394,.F.);
#9394 = EDGE_CURVE('',#8789,#9386,#9395,.T.);
#9395 = CIRCLE('',#9396,2.3);
#9396 = AXIS2_PLACEMENT_3D('',#9397,#9398,#9399);
#9397 = CARTESIAN_POINT('',(176.06958851545,-48.,385.76807332528));
#9398 = DIRECTION('',(0.,1.,-0.));
#9399 = DIRECTION('',(-0.707106781187,0.,0.707106781187));
#9400 = ORIENTED_EDGE('',*,*,#8788,.F.);
#9401 = ORIENTED_EDGE('',*,*,#9402,.T.);
#9402 = EDGE_CURVE('',#8781,#9403,#9405,.T.);
#9403 = VERTEX_POINT('',#9404);
#9404 = CARTESIAN_POINT('',(173.67427688513,-48.,381.9585481326));
#9405 = CIRCLE('',#9406,4.5);
#9406 = AXIS2_PLACEMENT_3D('',#9407,#9408,#9409);
#9407 = CARTESIAN_POINT('',(176.06958851545,-48.,385.76807332528));
#9408 = DIRECTION('',(0.,1.,-0.));
#9409 = DIRECTION('',(-0.707106781187,0.,0.707106781187));
#9410 = ORIENTED_EDGE('',*,*,#9411,.T.);
#9411 = EDGE_CURVE('',#9403,#9412,#9414,.T.);
#9412 = VERTEX_POINT('',#9413);
#9413 = CARTESIAN_POINT('',(172.53405460951,-48.,380.81832585698));
#9414 = LINE('',#9415,#9416);
#9415 = CARTESIAN_POINT('',(134.14832193073,-48.,342.43259317819));
#9416 = VECTOR('',#9417,1.);
#9417 = DIRECTION('',(-0.707106781187,0.,-0.707106781187));
#9418 = ORIENTED_EDGE('',*,*,#9419,.F.);
#9419 = EDGE_CURVE('',#9420,#9412,#9422,.T.);
#9420 = VERTEX_POINT('',#9421);
#9421 = CARTESIAN_POINT('',(200.81832585697,-48.,352.53405460951));
#9422 = LINE('',#9423,#9424);
#9423 = CARTESIAN_POINT('',(207.88939366884,-48.,345.46298679765));
#9424 = VECTOR('',#9425,1.);
#9425 = DIRECTION('',(-0.707106781187,0.,0.707106781187));
#9426 = ORIENTED_EDGE('',*,*,#9427,.T.);
#9427 = EDGE_CURVE('',#9420,#9428,#9430,.T.);
#9428 = VERTEX_POINT('',#9429);
#9429 = CARTESIAN_POINT('',(202.68925829897,-48.,354.40498705151));
#9430 = LINE('',#9431,#9432);
#9431 = CARTESIAN_POINT('',(179.40315592667,-48.,331.11888467921));
#9432 = VECTOR('',#9433,1.);
#9433 = DIRECTION('',(0.707106781187,0.,0.707106781187));
#9434 = ORIENTED_EDGE('',*,*,#9435,.T.);
#9435 = EDGE_CURVE('',#9428,#8755,#9436,.T.);
#9436 = CIRCLE('',#9437,4.5);
#9437 = AXIS2_PLACEMENT_3D('',#9438,#9439,#9440);
#9438 = CARTESIAN_POINT('',(202.93964620053,-48.,358.89801564019));
#9439 = DIRECTION('',(0.,1.,-0.));
#9440 = DIRECTION('',(-0.707106781187,0.,0.707106781187));
#9441 = ORIENTED_EDGE('',*,*,#8754,.F.);
#9442 = ORIENTED_EDGE('',*,*,#9443,.F.);
#9443 = EDGE_CURVE('',#9444,#8747,#9446,.T.);
#9444 = VERTEX_POINT('',#9445);
#9445 = CARTESIAN_POINT('',(201.31330060381,-48.,360.52436123692));
#9446 = CIRCLE('',#9447,2.3);
#9447 = AXIS2_PLACEMENT_3D('',#9448,#9449,#9450);
#9448 = CARTESIAN_POINT('',(202.93964620053,-48.,358.89801564019));
#9449 = DIRECTION('',(0.,1.,-0.));
#9450 = DIRECTION('',(-0.707106781187,0.,0.707106781187));
#9451 = ORIENTED_EDGE('',*,*,#9452,.F.);
#9452 = EDGE_CURVE('',#8721,#9444,#9453,.T.);
#9453 = CIRCLE('',#9454,2.3);
#9454 = AXIS2_PLACEMENT_3D('',#9455,#9456,#9457);
#9455 = CARTESIAN_POINT('',(202.93964620053,-48.,358.89801564019));
#9456 = DIRECTION('',(0.,1.,-0.));
#9457 = DIRECTION('',(-0.707106781187,0.,0.707106781187));
#9458 = ORIENTED_EDGE('',*,*,#8720,.F.);
#9459 = ORIENTED_EDGE('',*,*,#8918,.T.);
#9460 = ORIENTED_EDGE('',*,*,#8934,.T.);
#9461 = ORIENTED_EDGE('',*,*,#8956,.T.);
#9462 = FACE_BOUND('',#9463,.T.);
#9463 = EDGE_LOOP('',(#9464,#9475,#9484,#9493,#9502));
#9464 = ORIENTED_EDGE('',*,*,#9465,.F.);
#9465 = EDGE_CURVE('',#9466,#9468,#9470,.T.);
#9466 = VERTEX_POINT('',#9467);
#9467 = CARTESIAN_POINT('',(162.20348422704,-48.,319.16211433791));
#9468 = VERTEX_POINT('',#9469);
#9469 = CARTESIAN_POINT('',(160.80943545178,-48.,322.82097103341));
#9470 = CIRCLE('',#9471,2.3);
#9471 = AXIS2_PLACEMENT_3D('',#9472,#9473,#9474);
#9472 = CARTESIAN_POINT('',(162.6345596729,-48.,321.42135623731));
#9473 = DIRECTION('',(0.,1.,-0.));
#9474 = DIRECTION('',(-0.707106781187,0.,0.707106781187));
#9475 = ORIENTED_EDGE('',*,*,#9476,.F.);
#9476 = EDGE_CURVE('',#9477,#9466,#9479,.T.);
#9477 = VERTEX_POINT('',#9478);
#9478 = CARTESIAN_POINT('',(164.80846262094,-48.,320.67025972385));
#9479 = CIRCLE('',#9480,2.3);
#9480 = AXIS2_PLACEMENT_3D('',#9481,#9482,#9483);
#9481 = CARTESIAN_POINT('',(162.6345596729,-48.,321.42135623731));
#9482 = DIRECTION('',(0.,1.,-0.));
#9483 = DIRECTION('',(-0.707106781187,0.,0.707106781187));
#9484 = ORIENTED_EDGE('',*,*,#9485,.F.);
#9485 = EDGE_CURVE('',#9486,#9477,#9488,.T.);
#9486 = VERTEX_POINT('',#9487);
#9487 = CARTESIAN_POINT('',(162.32956139136,-48.,323.7010439458));
#9488 = CIRCLE('',#9489,2.3);
#9489 = AXIS2_PLACEMENT_3D('',#9490,#9491,#9492);
#9490 = CARTESIAN_POINT('',(162.6345596729,-48.,321.42135623731));
#9491 = DIRECTION('',(0.,1.,-0.));
#9492 = DIRECTION('',(-0.707106781187,0.,0.707106781187));
#9493 = ORIENTED_EDGE('',*,*,#9494,.F.);
#9494 = EDGE_CURVE('',#9495,#9486,#9497,.T.);
#9495 = VERTEX_POINT('',#9496);
#9496 = CARTESIAN_POINT('',(161.00821407617,-48.,323.04770183403));
#9497 = CIRCLE('',#9498,2.3);
#9498 = AXIS2_PLACEMENT_3D('',#9499,#9500,#9501);
#9499 = CARTESIAN_POINT('',(162.6345596729,-48.,321.42135623731));
#9500 = DIRECTION('',(0.,1.,-0.));
#9501 = DIRECTION('',(-0.707106781187,0.,0.707106781187));
#9502 = ORIENTED_EDGE('',*,*,#9503,.F.);
#9503 = EDGE_CURVE('',#9468,#9495,#9504,.T.);
#9504 = CIRCLE('',#9505,2.3);
#9505 = AXIS2_PLACEMENT_3D('',#9506,#9507,#9508);
#9506 = CARTESIAN_POINT('',(162.6345596729,-48.,321.42135623731));
#9507 = DIRECTION('',(0.,1.,-0.));
#9508 = DIRECTION('',(-0.707106781187,0.,0.707106781187));
#9509 = FACE_BOUND('',#9510,.T.);
#9510 = EDGE_LOOP('',(#9511,#9521,#9530,#9539,#9547,#9555,#9563,#9571,
    #9579));
#9511 = ORIENTED_EDGE('',*,*,#9512,.T.);
#9512 = EDGE_CURVE('',#9513,#9515,#9517,.T.);
#9513 = VERTEX_POINT('',#9514);
#9514 = CARTESIAN_POINT('',(146.74822732224,-48.,314.68027158999));
#9515 = VERTEX_POINT('',#9516);
#9516 = CARTESIAN_POINT('',(158.13698082572,-48.,321.27376046042));
#9517 = LINE('',#9518,#9519);
#9518 = CARTESIAN_POINT('',(155.16409749671,-48.,319.55261748048));
#9519 = VECTOR('',#9520,1.);
#9520 = DIRECTION('',(0.865426285481,0.,0.501036270542));
#9521 = ORIENTED_EDGE('',*,*,#9522,.T.);
#9522 = EDGE_CURVE('',#9515,#9523,#9525,.T.);
#9523 = VERTEX_POINT('',#9524);
#9524 = CARTESIAN_POINT('',(159.45257915756,-48.,324.60333675264));
#9525 = CIRCLE('',#9526,4.5);
#9526 = AXIS2_PLACEMENT_3D('',#9527,#9528,#9529);
#9527 = CARTESIAN_POINT('',(162.6345596729,-48.,321.42135623731));
#9528 = DIRECTION('',(0.,1.,-0.));
#9529 = DIRECTION('',(-0.707106781187,0.,0.707106781187));
#9530 = ORIENTED_EDGE('',*,*,#9531,.T.);
#9531 = EDGE_CURVE('',#9523,#9532,#9534,.T.);
#9532 = VERTEX_POINT('',#9533);
#9533 = CARTESIAN_POINT('',(165.00201601742,-48.,325.24825451878));
#9534 = CIRCLE('',#9535,4.5);
#9535 = AXIS2_PLACEMENT_3D('',#9536,#9537,#9538);
#9536 = CARTESIAN_POINT('',(162.6345596729,-48.,321.42135623731));
#9537 = DIRECTION('',(0.,1.,-0.));
#9538 = DIRECTION('',(-0.707106781187,0.,0.707106781187));
#9539 = ORIENTED_EDGE('',*,*,#9540,.T.);
#9540 = EDGE_CURVE('',#9532,#9541,#9543,.T.);
#9541 = VERTEX_POINT('',#9542);
#9542 = CARTESIAN_POINT('',(185.26197667087,-48.,336.97770542341));
#9543 = LINE('',#9544,#9545);
#9544 = CARTESIAN_POINT('',(155.16409749671,-48.,319.55261748048));
#9545 = VECTOR('',#9546,1.);
#9546 = DIRECTION('',(0.865426285481,0.,0.501036270542));
#9547 = ORIENTED_EDGE('',*,*,#9548,.T.);
#9548 = EDGE_CURVE('',#9541,#9549,#9551,.T.);
#9549 = VERTEX_POINT('',#9550);
#9550 = CARTESIAN_POINT('',(197.98989873223,-48.,349.70562748477));
#9551 = LINE('',#9552,#9553);
#9552 = CARTESIAN_POINT('',(179.40315592667,-48.,331.11888467921));
#9553 = VECTOR('',#9554,1.);
#9554 = DIRECTION('',(0.707106781187,0.,0.707106781187));
#9555 = ORIENTED_EDGE('',*,*,#9556,.T.);
#9556 = EDGE_CURVE('',#9549,#9557,#9559,.T.);
#9557 = VERTEX_POINT('',#9558);
#9558 = CARTESIAN_POINT('',(169.70562748477,-48.,377.98989873223));
#9559 = LINE('',#9560,#9561);
#9560 = CARTESIAN_POINT('',(205.06096654409,-48.,342.6345596729));
#9561 = VECTOR('',#9562,1.);
#9562 = DIRECTION('',(-0.707106781187,0.,0.707106781187));
#9563 = ORIENTED_EDGE('',*,*,#9564,.T.);
#9564 = EDGE_CURVE('',#9557,#9565,#9567,.T.);
#9565 = VERTEX_POINT('',#9566);
#9566 = CARTESIAN_POINT('',(156.97770542341,-48.,365.26197667087));
#9567 = LINE('',#9568,#9569);
#9568 = CARTESIAN_POINT('',(134.14832193073,-48.,342.43259317819));
#9569 = VECTOR('',#9570,1.);
#9570 = DIRECTION('',(-0.707106781187,0.,-0.707106781187));
#9571 = ORIENTED_EDGE('',*,*,#9572,.T.);
#9572 = EDGE_CURVE('',#9565,#9573,#9575,.T.);
#9573 = VERTEX_POINT('',#9574);
#9574 = CARTESIAN_POINT('',(118.46395607478,-48.,342.96454283746));
#9575 = LINE('',#9576,#9577);
#9576 = CARTESIAN_POINT('',(91.034500333257,-48.,327.08433161867));
#9577 = VECTOR('',#9578,1.);
#9578 = DIRECTION('',(-0.865426285481,0.,-0.501036270542));
#9579 = ORIENTED_EDGE('',*,*,#9580,.F.);
#9580 = EDGE_CURVE('',#9513,#9573,#9581,.T.);
#9581 = LINE('',#9582,#9583);
#9582 = CARTESIAN_POINT('',(161.92745289171,-48.,299.50104602052));
#9583 = VECTOR('',#9584,1.);
#9584 = DIRECTION('',(-0.707106781187,0.,0.707106781187));
#9585 = FACE_BOUND('',#9586,.T.);
#9586 = EDGE_LOOP('',(#9587,#9597,#9605,#9613));
#9587 = ORIENTED_EDGE('',*,*,#9588,.T.);
#9588 = EDGE_CURVE('',#9589,#9591,#9593,.T.);
#9589 = VERTEX_POINT('',#9590);
#9590 = CARTESIAN_POINT('',(114.88128171677,-48.,340.89036294597));
#9591 = VERTEX_POINT('',#9592);
#9592 = CARTESIAN_POINT('',(106.82026441124,-48.,336.22345819014));
#9593 = LINE('',#9594,#9595);
#9594 = CARTESIAN_POINT('',(91.034500333257,-48.,327.08433161867));
#9595 = VECTOR('',#9596,1.);
#9596 = DIRECTION('',(-0.865426285481,0.,-0.501036270542));
#9597 = ORIENTED_EDGE('',*,*,#9598,.T.);
#9598 = EDGE_CURVE('',#9591,#9599,#9601,.T.);
#9599 = VERTEX_POINT('',#9600);
#9600 = CARTESIAN_POINT('',(135.10453565871,-48.,307.93918694268));
#9601 = LINE('',#9602,#9603);
#9602 = CARTESIAN_POINT('',(142.90329387369,-48.,300.1404287277));
#9603 = VECTOR('',#9604,1.);
#9604 = DIRECTION('',(0.707106781187,0.,-0.707106781187));
#9605 = ORIENTED_EDGE('',*,*,#9606,.T.);
#9606 = EDGE_CURVE('',#9599,#9607,#9609,.T.);
#9607 = VERTEX_POINT('',#9608);
#9608 = CARTESIAN_POINT('',(143.16555296423,-48.,312.60609169851));
#9609 = LINE('',#9610,#9611);
#9610 = CARTESIAN_POINT('',(155.16409749671,-48.,319.55261748048));
#9611 = VECTOR('',#9612,1.);
#9612 = DIRECTION('',(0.865426285481,0.,0.501036270542));
#9613 = ORIENTED_EDGE('',*,*,#9614,.T.);
#9614 = EDGE_CURVE('',#9607,#9589,#9615,.T.);
#9615 = LINE('',#9616,#9617);
#9616 = CARTESIAN_POINT('',(159.09902576697,-48.,296.67261889578));
#9617 = VECTOR('',#9618,1.);
#9618 = DIRECTION('',(-0.707106781187,0.,0.707106781187));
#9619 = PLANE('',#9620);
#9620 = AXIS2_PLACEMENT_3D('',#9621,#9622,#9623);
#9621 = CARTESIAN_POINT('',(114.19519202812,-48.,308.08269999249));
#9622 = DIRECTION('',(0.,1.,0.));
#9623 = DIRECTION('',(-0.707106781187,0.,0.707106781187));
#9624 = ADVANCED_FACE('',(#9625),#9659,.T.);
#9625 = FACE_BOUND('',#9626,.T.);
#9626 = EDGE_LOOP('',(#9627,#9635,#9643,#9651,#9657,#9658));
#9627 = ORIENTED_EDGE('',*,*,#9628,.F.);
#9628 = EDGE_CURVE('',#9629,#8850,#9631,.T.);
#9629 = VERTEX_POINT('',#9630);
#9630 = CARTESIAN_POINT('',(270.11479041326,-10.,348.29141392239));
#9631 = LINE('',#9632,#9633);
#9632 = CARTESIAN_POINT('',(270.11479041326,-10.,348.29141392239));
#9633 = VECTOR('',#9634,1.);
#9634 = DIRECTION('',(-0.707106781187,0.,0.707106781187));
#9635 = ORIENTED_EDGE('',*,*,#9636,.T.);
#9636 = EDGE_CURVE('',#9629,#9637,#9639,.T.);
#9637 = VERTEX_POINT('',#9638);
#9638 = CARTESIAN_POINT('',(270.11479041326,94.,348.29141392239));
#9639 = LINE('',#9640,#9641);
#9640 = CARTESIAN_POINT('',(270.11479041326,-10.,348.29141392239));
#9641 = VECTOR('',#9642,1.);
#9642 = DIRECTION('',(-0.,1.,0.));
#9643 = ORIENTED_EDGE('',*,*,#9644,.T.);
#9644 = EDGE_CURVE('',#9637,#9645,#9647,.T.);
#9645 = VERTEX_POINT('',#9646);
#9646 = CARTESIAN_POINT('',(255.97265478953,94.,362.43354954612));
#9647 = LINE('',#9648,#9649);
#9648 = CARTESIAN_POINT('',(270.11479041326,94.,348.29141392239));
#9649 = VECTOR('',#9650,1.);
#9650 = DIRECTION('',(-0.707106781187,0.,0.707106781187));
#9651 = ORIENTED_EDGE('',*,*,#9652,.F.);
#9652 = EDGE_CURVE('',#9145,#9645,#9653,.T.);
#9653 = LINE('',#9654,#9655);
#9654 = CARTESIAN_POINT('',(255.97265478953,-10.,362.43354954612));
#9655 = VECTOR('',#9656,1.);
#9656 = DIRECTION('',(-0.,1.,0.));
#9657 = ORIENTED_EDGE('',*,*,#9144,.T.);
#9658 = ORIENTED_EDGE('',*,*,#8858,.F.);
#9659 = PLANE('',#9660);
#9660 = AXIS2_PLACEMENT_3D('',#9661,#9662,#9663);
#9661 = CARTESIAN_POINT('',(261.82708299258,37.720588235294,
    356.57912134307));
#9662 = DIRECTION('',(0.707106781187,0.,0.707106781187));
#9663 = DIRECTION('',(-0.707106781187,0.,0.707106781187));
#9664 = ADVANCED_FACE('',(#9665),#9683,.T.);
#9665 = FACE_BOUND('',#9666,.T.);
#9666 = EDGE_LOOP('',(#9667,#9675,#9681,#9682));
#9667 = ORIENTED_EDGE('',*,*,#9668,.F.);
#9668 = EDGE_CURVE('',#9669,#8842,#9671,.T.);
#9669 = VERTEX_POINT('',#9670);
#9670 = CARTESIAN_POINT('',(257.3868683519,-10.,335.56349186104));
#9671 = LINE('',#9672,#9673);
#9672 = CARTESIAN_POINT('',(257.3868683519,-10.,335.56349186104));
#9673 = VECTOR('',#9674,1.);
#9674 = DIRECTION('',(-0.707106781187,0.,0.707106781187));
#9675 = ORIENTED_EDGE('',*,*,#9676,.T.);
#9676 = EDGE_CURVE('',#9669,#9629,#9677,.T.);
#9677 = LINE('',#9678,#9679);
#9678 = CARTESIAN_POINT('',(257.3868683519,-10.,335.56349186104));
#9679 = VECTOR('',#9680,1.);
#9680 = DIRECTION('',(0.707106781187,0.,0.707106781187));
#9681 = ORIENTED_EDGE('',*,*,#9628,.T.);
#9682 = ORIENTED_EDGE('',*,*,#8849,.T.);
#9683 = PLANE('',#9684);
#9684 = AXIS2_PLACEMENT_3D('',#9685,#9686,#9687);
#9685 = CARTESIAN_POINT('',(252.43712088359,-10.,353.2411613907));
#9686 = DIRECTION('',(0.,-1.,-0.));
#9687 = DIRECTION('',(0.707106781187,0.,-0.707106781187));
#9688 = ADVANCED_FACE('',(#9689),#9716,.T.);
#9689 = FACE_BOUND('',#9690,.T.);
#9690 = EDGE_LOOP('',(#9691,#9699,#9700,#9701,#9702,#9710));
#9691 = ORIENTED_EDGE('',*,*,#9692,.F.);
#9692 = EDGE_CURVE('',#9669,#9693,#9695,.T.);
#9693 = VERTEX_POINT('',#9694);
#9694 = CARTESIAN_POINT('',(257.3868683519,94.,335.56349186104));
#9695 = LINE('',#9696,#9697);
#9696 = CARTESIAN_POINT('',(257.3868683519,-10.,335.56349186104));
#9697 = VECTOR('',#9698,1.);
#9698 = DIRECTION('',(-0.,1.,0.));
#9699 = ORIENTED_EDGE('',*,*,#9668,.T.);
#9700 = ORIENTED_EDGE('',*,*,#8841,.T.);
#9701 = ORIENTED_EDGE('',*,*,#9160,.F.);
#9702 = ORIENTED_EDGE('',*,*,#9703,.T.);
#9703 = EDGE_CURVE('',#9153,#9704,#9706,.T.);
#9704 = VERTEX_POINT('',#9705);
#9705 = CARTESIAN_POINT('',(243.24473272817,94.,349.70562748477));
#9706 = LINE('',#9707,#9708);
#9707 = CARTESIAN_POINT('',(243.24473272817,-10.,349.70562748477));
#9708 = VECTOR('',#9709,1.);
#9709 = DIRECTION('',(-0.,1.,0.));
#9710 = ORIENTED_EDGE('',*,*,#9711,.F.);
#9711 = EDGE_CURVE('',#9693,#9704,#9712,.T.);
#9712 = LINE('',#9713,#9714);
#9713 = CARTESIAN_POINT('',(257.3868683519,94.,335.56349186104));
#9714 = VECTOR('',#9715,1.);
#9715 = DIRECTION('',(-0.707106781187,0.,0.707106781187));
#9716 = PLANE('',#9717);
#9717 = AXIS2_PLACEMENT_3D('',#9718,#9719,#9720);
#9718 = CARTESIAN_POINT('',(249.09916093123,37.720588235294,
    343.85119928171));
#9719 = DIRECTION('',(-0.707106781187,-0.,-0.707106781187));
#9720 = DIRECTION('',(0.707106781187,0.,-0.707106781187));
#9721 = ADVANCED_FACE('',(#9722),#9745,.F.);
#9722 = FACE_BOUND('',#9723,.F.);
#9723 = EDGE_LOOP('',(#9724,#9725,#9726,#9727,#9728,#9729,#9738));
#9724 = ORIENTED_EDGE('',*,*,#8814,.T.);
#9725 = ORIENTED_EDGE('',*,*,#9376,.F.);
#9726 = ORIENTED_EDGE('',*,*,#9385,.F.);
#9727 = ORIENTED_EDGE('',*,*,#9394,.F.);
#9728 = ORIENTED_EDGE('',*,*,#8797,.F.);
#9729 = ORIENTED_EDGE('',*,*,#9730,.T.);
#9730 = EDGE_CURVE('',#8798,#9731,#9733,.T.);
#9731 = VERTEX_POINT('',#9732);
#9732 = CARTESIAN_POINT('',(174.44324291872,-53.,387.39441892201));
#9733 = CIRCLE('',#9734,2.3);
#9734 = AXIS2_PLACEMENT_3D('',#9735,#9736,#9737);
#9735 = CARTESIAN_POINT('',(176.06958851545,-53.,385.76807332528));
#9736 = DIRECTION('',(0.,1.,-0.));
#9737 = DIRECTION('',(-0.707106781187,0.,0.707106781187));
#9738 = ORIENTED_EDGE('',*,*,#9739,.T.);
#9739 = EDGE_CURVE('',#9731,#8806,#9740,.T.);
#9740 = CIRCLE('',#9741,2.3);
#9741 = AXIS2_PLACEMENT_3D('',#9742,#9743,#9744);
#9742 = CARTESIAN_POINT('',(176.06958851545,-53.,385.76807332528));
#9743 = DIRECTION('',(0.,1.,-0.));
#9744 = DIRECTION('',(-0.707106781187,0.,0.707106781187));
#9745 = CYLINDRICAL_SURFACE('',#9746,2.3);
#9746 = AXIS2_PLACEMENT_3D('',#9747,#9748,#9749);
#9747 = CARTESIAN_POINT('',(176.06958851545,-53.,385.76807332528));
#9748 = DIRECTION('',(0.,1.,0.));
#9749 = DIRECTION('',(-0.707106781187,0.,0.707106781187));
#9750 = ADVANCED_FACE('',(#9751),#9756,.T.);
#9751 = FACE_BOUND('',#9752,.T.);
#9752 = EDGE_LOOP('',(#9753,#9754,#9755));
#9753 = ORIENTED_EDGE('',*,*,#9730,.T.);
#9754 = ORIENTED_EDGE('',*,*,#9739,.T.);
#9755 = ORIENTED_EDGE('',*,*,#8805,.F.);
#9756 = PLANE('',#9757);
#9757 = AXIS2_PLACEMENT_3D('',#9758,#9759,#9760);
#9758 = CARTESIAN_POINT('',(176.06958851545,-53.,385.76807332528));
#9759 = DIRECTION('',(0.,1.,0.));
#9760 = DIRECTION('',(-0.707106781187,0.,0.707106781187));
#9761 = ADVANCED_FACE('',(#9762),#9781,.T.);
#9762 = FACE_BOUND('',#9763,.T.);
#9763 = EDGE_LOOP('',(#9764,#9765,#9766,#9775));
#9764 = ORIENTED_EDGE('',*,*,#9402,.F.);
#9765 = ORIENTED_EDGE('',*,*,#8780,.F.);
#9766 = ORIENTED_EDGE('',*,*,#9767,.T.);
#9767 = EDGE_CURVE('',#8772,#9768,#9770,.T.);
#9768 = VERTEX_POINT('',#9769);
#9769 = CARTESIAN_POINT('',(173.67427688513,-76.,381.9585481326));
#9770 = CIRCLE('',#9771,4.5);
#9771 = AXIS2_PLACEMENT_3D('',#9772,#9773,#9774);
#9772 = CARTESIAN_POINT('',(176.06958851545,-76.,385.76807332528));
#9773 = DIRECTION('',(0.,1.,-0.));
#9774 = DIRECTION('',(-0.707106781187,0.,0.707106781187));
#9775 = ORIENTED_EDGE('',*,*,#9776,.T.);
#9776 = EDGE_CURVE('',#9768,#9403,#9777,.T.);
#9777 = LINE('',#9778,#9779);
#9778 = CARTESIAN_POINT('',(173.67427688513,-80.,381.9585481326));
#9779 = VECTOR('',#9780,1.);
#9780 = DIRECTION('',(0.,1.,0.));
#9781 = CYLINDRICAL_SURFACE('',#9782,4.5);
#9782 = AXIS2_PLACEMENT_3D('',#9783,#9784,#9785);
#9783 = CARTESIAN_POINT('',(176.06958851545,-80.,385.76807332528));
#9784 = DIRECTION('',(0.,1.,0.));
#9785 = DIRECTION('',(-0.707106781187,0.,0.707106781187));
#9786 = ADVANCED_FACE('',(#9787),#9822,.T.);
#9787 = FACE_BOUND('',#9788,.T.);
#9788 = EDGE_LOOP('',(#9789,#9799,#9805,#9806,#9807,#9816));
#9789 = ORIENTED_EDGE('',*,*,#9790,.F.);
#9790 = EDGE_CURVE('',#9791,#9793,#9795,.T.);
#9791 = VERTEX_POINT('',#9792);
#9792 = CARTESIAN_POINT('',(172.53405460951,-76.,380.81832585698));
#9793 = VERTEX_POINT('',#9794);
#9794 = CARTESIAN_POINT('',(200.81832585697,-76.,352.53405460951));
#9795 = LINE('',#9796,#9797);
#9796 = CARTESIAN_POINT('',(194.4207335014,-76.,358.93164696509));
#9797 = VECTOR('',#9798,1.);
#9798 = DIRECTION('',(0.707106781187,0.,-0.707106781187));
#9799 = ORIENTED_EDGE('',*,*,#9800,.T.);
#9800 = EDGE_CURVE('',#9791,#9768,#9801,.T.);
#9801 = LINE('',#9802,#9803);
#9802 = CARTESIAN_POINT('',(156.97770542341,-76.,365.26197667087));
#9803 = VECTOR('',#9804,1.);
#9804 = DIRECTION('',(0.707106781187,0.,0.707106781187));
#9805 = ORIENTED_EDGE('',*,*,#9767,.F.);
#9806 = ORIENTED_EDGE('',*,*,#8771,.F.);
#9807 = ORIENTED_EDGE('',*,*,#9808,.F.);
#9808 = EDGE_CURVE('',#9809,#8764,#9811,.T.);
#9809 = VERTEX_POINT('',#9810);
#9810 = CARTESIAN_POINT('',(202.68925829897,-76.,354.40498705151));
#9811 = CIRCLE('',#9812,4.5);
#9812 = AXIS2_PLACEMENT_3D('',#9813,#9814,#9815);
#9813 = CARTESIAN_POINT('',(202.93964620053,-76.,358.89801564019));
#9814 = DIRECTION('',(0.,1.,-0.));
#9815 = DIRECTION('',(-0.707106781187,0.,0.707106781187));
#9816 = ORIENTED_EDGE('',*,*,#9817,.T.);
#9817 = EDGE_CURVE('',#9809,#9793,#9818,.T.);
#9818 = LINE('',#9819,#9820);
#9819 = CARTESIAN_POINT('',(219.20310216783,-76.,370.91883092036));
#9820 = VECTOR('',#9821,1.);
#9821 = DIRECTION('',(-0.707106781187,0.,-0.707106781187));
#9822 = PLANE('',#9823);
#9823 = AXIS2_PLACEMENT_3D('',#9824,#9825,#9826);
#9824 = CARTESIAN_POINT('',(119.7042757181,-76.,311.15250951666));
#9825 = DIRECTION('',(0.,1.,0.));
#9826 = DIRECTION('',(-0.707106781187,0.,0.707106781187));
#9827 = ADVANCED_FACE('',(#9828),#9839,.T.);
#9828 = FACE_BOUND('',#9829,.T.);
#9829 = EDGE_LOOP('',(#9830,#9831,#9837,#9838));
#9830 = ORIENTED_EDGE('',*,*,#9435,.F.);
#9831 = ORIENTED_EDGE('',*,*,#9832,.F.);
#9832 = EDGE_CURVE('',#9809,#9428,#9833,.T.);
#9833 = LINE('',#9834,#9835);
#9834 = CARTESIAN_POINT('',(202.68925829897,-80.,354.40498705151));
#9835 = VECTOR('',#9836,1.);
#9836 = DIRECTION('',(0.,1.,0.));
#9837 = ORIENTED_EDGE('',*,*,#9808,.T.);
#9838 = ORIENTED_EDGE('',*,*,#8763,.T.);
#9839 = CYLINDRICAL_SURFACE('',#9840,4.5);
#9840 = AXIS2_PLACEMENT_3D('',#9841,#9842,#9843);
#9841 = CARTESIAN_POINT('',(202.93964620053,-80.,358.89801564019));
#9842 = DIRECTION('',(0.,1.,0.));
#9843 = DIRECTION('',(-0.707106781187,0.,0.707106781187));
#9844 = ADVANCED_FACE('',(#9845),#9867,.F.);
#9845 = FACE_BOUND('',#9846,.F.);
#9846 = EDGE_LOOP('',(#9847,#9848,#9849,#9850,#9851,#9860));
#9847 = ORIENTED_EDGE('',*,*,#8746,.T.);
#9848 = ORIENTED_EDGE('',*,*,#9443,.F.);
#9849 = ORIENTED_EDGE('',*,*,#9452,.F.);
#9850 = ORIENTED_EDGE('',*,*,#8729,.F.);
#9851 = ORIENTED_EDGE('',*,*,#9852,.T.);
#9852 = EDGE_CURVE('',#8730,#9853,#9855,.T.);
#9853 = VERTEX_POINT('',#9854);
#9854 = CARTESIAN_POINT('',(201.31330060381,-53.,360.52436123692));
#9855 = CIRCLE('',#9856,2.3);
#9856 = AXIS2_PLACEMENT_3D('',#9857,#9858,#9859);
#9857 = CARTESIAN_POINT('',(202.93964620053,-53.,358.89801564019));
#9858 = DIRECTION('',(0.,1.,-0.));
#9859 = DIRECTION('',(-0.707106781187,0.,0.707106781187));
#9860 = ORIENTED_EDGE('',*,*,#9861,.T.);
#9861 = EDGE_CURVE('',#9853,#8738,#9862,.T.);
#9862 = CIRCLE('',#9863,2.3);
#9863 = AXIS2_PLACEMENT_3D('',#9864,#9865,#9866);
#9864 = CARTESIAN_POINT('',(202.93964620053,-53.,358.89801564019));
#9865 = DIRECTION('',(0.,1.,-0.));
#9866 = DIRECTION('',(-0.707106781187,0.,0.707106781187));
#9867 = CYLINDRICAL_SURFACE('',#9868,2.3);
#9868 = AXIS2_PLACEMENT_3D('',#9869,#9870,#9871);
#9869 = CARTESIAN_POINT('',(202.93964620053,-53.,358.89801564019));
#9870 = DIRECTION('',(0.,1.,0.));
#9871 = DIRECTION('',(-0.707106781187,0.,0.707106781187));
#9872 = ADVANCED_FACE('',(#9873),#9878,.T.);
#9873 = FACE_BOUND('',#9874,.T.);
#9874 = EDGE_LOOP('',(#9875,#9876,#9877));
#9875 = ORIENTED_EDGE('',*,*,#9852,.T.);
#9876 = ORIENTED_EDGE('',*,*,#9861,.T.);
#9877 = ORIENTED_EDGE('',*,*,#8737,.F.);
#9878 = PLANE('',#9879);
#9879 = AXIS2_PLACEMENT_3D('',#9880,#9881,#9882);
#9880 = CARTESIAN_POINT('',(202.93964620053,-53.,358.89801564019));
#9881 = DIRECTION('',(0.,1.,0.));
#9882 = DIRECTION('',(-0.707106781187,0.,0.707106781187));
#9883 = ADVANCED_FACE('',(#9884),#9903,.F.);
#9884 = FACE_BOUND('',#9885,.F.);
#9885 = EDGE_LOOP('',(#9886,#9894,#9901,#9902));
#9886 = ORIENTED_EDGE('',*,*,#9887,.T.);
#9887 = EDGE_CURVE('',#9017,#9888,#9890,.T.);
#9888 = VERTEX_POINT('',#9889);
#9889 = CARTESIAN_POINT('',(128.13953386402,-53.,314.90418873737));
#9890 = LINE('',#9891,#9892);
#9891 = CARTESIAN_POINT('',(119.65425248978,-53.,306.41890736313));
#9892 = VECTOR('',#9893,1.);
#9893 = DIRECTION('',(0.707106781187,0.,0.707106781187));
#9894 = ORIENTED_EDGE('',*,*,#9895,.F.);
#9895 = EDGE_CURVE('',#9888,#9888,#9896,.T.);
#9896 = CIRCLE('',#9897,2.25);
#9897 = AXIS2_PLACEMENT_3D('',#9898,#9899,#9900);
#9898 = CARTESIAN_POINT('',(129.73052412169,-53.,313.3131984797));
#9899 = DIRECTION('',(0.707106781187,0.,0.707106781187));
#9900 = DIRECTION('',(-0.707106781187,0.,0.707106781187));
#9901 = ORIENTED_EDGE('',*,*,#9887,.F.);
#9902 = ORIENTED_EDGE('',*,*,#9016,.T.);
#9903 = CYLINDRICAL_SURFACE('',#9904,2.25);
#9904 = AXIS2_PLACEMENT_3D('',#9905,#9906,#9907);
#9905 = CARTESIAN_POINT('',(121.24524274745,-53.,304.82791710546));
#9906 = DIRECTION('',(0.707106781187,0.,0.707106781187));
#9907 = DIRECTION('',(-0.707106781187,0.,0.707106781187));
#9908 = ADVANCED_FACE('',(#9909),#9928,.F.);
#9909 = FACE_BOUND('',#9910,.F.);
#9910 = EDGE_LOOP('',(#9911,#9919,#9926,#9927));
#9911 = ORIENTED_EDGE('',*,*,#9912,.T.);
#9912 = EDGE_CURVE('',#9028,#9913,#9915,.T.);
#9913 = VERTEX_POINT('',#9914);
#9914 = CARTESIAN_POINT('',(108.34054399079,-53.,334.70317861059));
#9915 = LINE('',#9916,#9917);
#9916 = CARTESIAN_POINT('',(99.85526261656,-53.,326.21789723635));
#9917 = VECTOR('',#9918,1.);
#9918 = DIRECTION('',(0.707106781187,0.,0.707106781187));
#9919 = ORIENTED_EDGE('',*,*,#9920,.F.);
#9920 = EDGE_CURVE('',#9913,#9913,#9921,.T.);
#9921 = CIRCLE('',#9922,2.25);
#9922 = AXIS2_PLACEMENT_3D('',#9923,#9924,#9925);
#9923 = CARTESIAN_POINT('',(109.93153424846,-53.,333.11218835292));
#9924 = DIRECTION('',(0.707106781187,0.,0.707106781187));
#9925 = DIRECTION('',(-0.707106781187,0.,0.707106781187));
#9926 = ORIENTED_EDGE('',*,*,#9912,.F.);
#9927 = ORIENTED_EDGE('',*,*,#9027,.T.);
#9928 = CYLINDRICAL_SURFACE('',#9929,2.25);
#9929 = AXIS2_PLACEMENT_3D('',#9930,#9931,#9932);
#9930 = CARTESIAN_POINT('',(101.44625287423,-53.,324.62690697868));
#9931 = DIRECTION('',(0.707106781187,0.,0.707106781187));
#9932 = DIRECTION('',(-0.707106781187,0.,0.707106781187));
#9933 = ADVANCED_FACE('',(#9934),#9953,.F.);
#9934 = FACE_BOUND('',#9935,.F.);
#9935 = EDGE_LOOP('',(#9936,#9944,#9951,#9952));
#9936 = ORIENTED_EDGE('',*,*,#9937,.T.);
#9937 = EDGE_CURVE('',#9039,#9938,#9940,.T.);
#9938 = VERTEX_POINT('',#9939);
#9939 = CARTESIAN_POINT('',(114.88128171677,-62.,328.16244088462));
#9940 = LINE('',#9941,#9942);
#9941 = CARTESIAN_POINT('',(106.39600034253,-62.,319.67715951038));
#9942 = VECTOR('',#9943,1.);
#9943 = DIRECTION('',(0.707106781187,0.,0.707106781187));
#9944 = ORIENTED_EDGE('',*,*,#9945,.F.);
#9945 = EDGE_CURVE('',#9938,#9938,#9946,.T.);
#9946 = CIRCLE('',#9947,7.);
#9947 = AXIS2_PLACEMENT_3D('',#9948,#9949,#9950);
#9948 = CARTESIAN_POINT('',(119.83102918508,-62.,323.21269341631));
#9949 = DIRECTION('',(0.707106781187,0.,0.707106781187));
#9950 = DIRECTION('',(-0.707106781187,0.,0.707106781187));
#9951 = ORIENTED_EDGE('',*,*,#9937,.F.);
#9952 = ORIENTED_EDGE('',*,*,#9038,.T.);
#9953 = CYLINDRICAL_SURFACE('',#9954,7.);
#9954 = AXIS2_PLACEMENT_3D('',#9955,#9956,#9957);
#9955 = CARTESIAN_POINT('',(111.34574781084,-62.,314.72741204207));
#9956 = DIRECTION('',(0.707106781187,0.,0.707106781187));
#9957 = DIRECTION('',(-0.707106781187,0.,0.707106781187));
#9958 = ADVANCED_FACE('',(#9959),#9978,.F.);
#9959 = FACE_BOUND('',#9960,.F.);
#9960 = EDGE_LOOP('',(#9961,#9969,#9976,#9977));
#9961 = ORIENTED_EDGE('',*,*,#9962,.T.);
#9962 = EDGE_CURVE('',#9050,#9963,#9965,.T.);
#9963 = VERTEX_POINT('',#9964);
#9964 = CARTESIAN_POINT('',(128.13953386402,-71.,314.90418873737));
#9965 = LINE('',#9966,#9967);
#9966 = CARTESIAN_POINT('',(119.65425248978,-71.,306.41890736313));
#9967 = VECTOR('',#9968,1.);
#9968 = DIRECTION('',(0.707106781187,0.,0.707106781187));
#9969 = ORIENTED_EDGE('',*,*,#9970,.F.);
#9970 = EDGE_CURVE('',#9963,#9963,#9971,.T.);
#9971 = CIRCLE('',#9972,2.25);
#9972 = AXIS2_PLACEMENT_3D('',#9973,#9974,#9975);
#9973 = CARTESIAN_POINT('',(129.73052412169,-71.,313.3131984797));
#9974 = DIRECTION('',(0.707106781187,0.,0.707106781187));
#9975 = DIRECTION('',(-0.707106781187,0.,0.707106781187));
#9976 = ORIENTED_EDGE('',*,*,#9962,.F.);
#9977 = ORIENTED_EDGE('',*,*,#9049,.T.);
#9978 = CYLINDRICAL_SURFACE('',#9979,2.25);
#9979 = AXIS2_PLACEMENT_3D('',#9980,#9981,#9982);
#9980 = CARTESIAN_POINT('',(121.24524274745,-71.,304.82791710546));
#9981 = DIRECTION('',(0.707106781187,0.,0.707106781187));
#9982 = DIRECTION('',(-0.707106781187,0.,0.707106781187));
#9983 = ADVANCED_FACE('',(#9984),#10003,.F.);
#9984 = FACE_BOUND('',#9985,.F.);
#9985 = EDGE_LOOP('',(#9986,#9994,#10001,#10002));
#9986 = ORIENTED_EDGE('',*,*,#9987,.T.);
#9987 = EDGE_CURVE('',#9061,#9988,#9990,.T.);
#9988 = VERTEX_POINT('',#9989);
#9989 = CARTESIAN_POINT('',(108.34054399079,-71.,334.70317861059));
#9990 = LINE('',#9991,#9992);
#9991 = CARTESIAN_POINT('',(99.85526261656,-71.,326.21789723635));
#9992 = VECTOR('',#9993,1.);
#9993 = DIRECTION('',(0.707106781187,0.,0.707106781187));
#9994 = ORIENTED_EDGE('',*,*,#9995,.F.);
#9995 = EDGE_CURVE('',#9988,#9988,#9996,.T.);
#9996 = CIRCLE('',#9997,2.25);
#9997 = AXIS2_PLACEMENT_3D('',#9998,#9999,#10000);
#9998 = CARTESIAN_POINT('',(109.93153424846,-71.,333.11218835292));
#9999 = DIRECTION('',(0.707106781187,0.,0.707106781187));
#10000 = DIRECTION('',(-0.707106781187,0.,0.707106781187));
#10001 = ORIENTED_EDGE('',*,*,#9987,.F.);
#10002 = ORIENTED_EDGE('',*,*,#9060,.T.);
#10003 = CYLINDRICAL_SURFACE('',#10004,2.25);
#10004 = AXIS2_PLACEMENT_3D('',#10005,#10006,#10007);
#10005 = CARTESIAN_POINT('',(101.44625287423,-71.,324.62690697868));
#10006 = DIRECTION('',(0.707106781187,0.,0.707106781187));
#10007 = DIRECTION('',(-0.707106781187,0.,0.707106781187));
#10008 = ADVANCED_FACE('',(#10009),#10020,.T.);
#10009 = FACE_BOUND('',#10010,.T.);
#10010 = EDGE_LOOP('',(#10011,#10012,#10013,#10014));
#10011 = ORIENTED_EDGE('',*,*,#9703,.F.);
#10012 = ORIENTED_EDGE('',*,*,#9152,.F.);
#10013 = ORIENTED_EDGE('',*,*,#9652,.T.);
#10014 = ORIENTED_EDGE('',*,*,#10015,.F.);
#10015 = EDGE_CURVE('',#9704,#9645,#10016,.T.);
#10016 = LINE('',#10017,#10018);
#10017 = CARTESIAN_POINT('',(243.24473272817,94.,349.70562748477));
#10018 = VECTOR('',#10019,1.);
#10019 = DIRECTION('',(0.707106781187,0.,0.707106781187));
#10020 = PLANE('',#10021);
#10021 = AXIS2_PLACEMENT_3D('',#10022,#10023,#10024);
#10022 = CARTESIAN_POINT('',(243.24473272817,-10.,349.70562748477));
#10023 = DIRECTION('',(-0.707106781187,0.,0.707106781187));
#10024 = DIRECTION('',(0.707106781187,0.,0.707106781187));
#10025 = ADVANCED_FACE('',(#10026),#10045,.F.);
#10026 = FACE_BOUND('',#10027,.F.);
#10027 = EDGE_LOOP('',(#10028,#10029,#10037,#10044));
#10028 = ORIENTED_EDGE('',*,*,#9186,.F.);
#10029 = ORIENTED_EDGE('',*,*,#10030,.F.);
#10030 = EDGE_CURVE('',#10031,#9187,#10033,.T.);
#10031 = VERTEX_POINT('',#10032);
#10032 = CARTESIAN_POINT('',(224.64782438296,-8.,360.90051557642));
#10033 = LINE('',#10034,#10035);
#10034 = CARTESIAN_POINT('',(224.64782438296,-8.,360.90051557642));
#10035 = VECTOR('',#10036,1.);
#10036 = DIRECTION('',(0.,1.,0.));
#10037 = ORIENTED_EDGE('',*,*,#10038,.T.);
#10038 = EDGE_CURVE('',#10031,#10031,#10039,.T.);
#10039 = CIRCLE('',#10040,2.3);
#10040 = AXIS2_PLACEMENT_3D('',#10041,#10042,#10043);
#10041 = CARTESIAN_POINT('',(226.27416997969,-8.,359.27416997969));
#10042 = DIRECTION('',(0.,1.,-0.));
#10043 = DIRECTION('',(-0.707106781187,0.,0.707106781187));
#10044 = ORIENTED_EDGE('',*,*,#10030,.T.);
#10045 = CYLINDRICAL_SURFACE('',#10046,2.3);
#10046 = AXIS2_PLACEMENT_3D('',#10047,#10048,#10049);
#10047 = CARTESIAN_POINT('',(226.27416997969,-8.,359.27416997969));
#10048 = DIRECTION('',(0.,1.,0.));
#10049 = DIRECTION('',(-0.707106781187,0.,0.707106781187));
#10050 = ADVANCED_FACE('',(#10051),#10070,.F.);
#10051 = FACE_BOUND('',#10052,.F.);
#10052 = EDGE_LOOP('',(#10053,#10054,#10062,#10069));
#10053 = ORIENTED_EDGE('',*,*,#9197,.F.);
#10054 = ORIENTED_EDGE('',*,*,#10055,.F.);
#10055 = EDGE_CURVE('',#10056,#9198,#10058,.T.);
#10056 = VERTEX_POINT('',#10057);
#10057 = CARTESIAN_POINT('',(177.64782438296,-8.,407.90051557642));
#10058 = LINE('',#10059,#10060);
#10059 = CARTESIAN_POINT('',(177.64782438296,-8.,407.90051557642));
#10060 = VECTOR('',#10061,1.);
#10061 = DIRECTION('',(0.,1.,0.));
#10062 = ORIENTED_EDGE('',*,*,#10063,.T.);
#10063 = EDGE_CURVE('',#10056,#10056,#10064,.T.);
#10064 = CIRCLE('',#10065,2.3);
#10065 = AXIS2_PLACEMENT_3D('',#10066,#10067,#10068);
#10066 = CARTESIAN_POINT('',(179.27416997969,-8.,406.27416997969));
#10067 = DIRECTION('',(0.,1.,-0.));
#10068 = DIRECTION('',(-0.707106781187,0.,0.707106781187));
#10069 = ORIENTED_EDGE('',*,*,#10055,.T.);
#10070 = CYLINDRICAL_SURFACE('',#10071,2.3);
#10071 = AXIS2_PLACEMENT_3D('',#10072,#10073,#10074);
#10072 = CARTESIAN_POINT('',(179.27416997969,-8.,406.27416997969));
#10073 = DIRECTION('',(0.,1.,0.));
#10074 = DIRECTION('',(-0.707106781187,0.,0.707106781187));
#10075 = ADVANCED_FACE('',(#10076),#10095,.F.);
#10076 = FACE_BOUND('',#10077,.F.);
#10077 = EDGE_LOOP('',(#10078,#10079,#10087,#10094));
#10078 = ORIENTED_EDGE('',*,*,#9208,.F.);
#10079 = ORIENTED_EDGE('',*,*,#10080,.F.);
#10080 = EDGE_CURVE('',#10081,#9209,#10083,.T.);
#10081 = VERTEX_POINT('',#10082);
#10082 = CARTESIAN_POINT('',(271.64782438296,-8.,407.90051557642));
#10083 = LINE('',#10084,#10085);
#10084 = CARTESIAN_POINT('',(271.64782438296,-8.,407.90051557642));
#10085 = VECTOR('',#10086,1.);
#10086 = DIRECTION('',(0.,1.,0.));
#10087 = ORIENTED_EDGE('',*,*,#10088,.T.);
#10088 = EDGE_CURVE('',#10081,#10081,#10089,.T.);
#10089 = CIRCLE('',#10090,2.3);
#10090 = AXIS2_PLACEMENT_3D('',#10091,#10092,#10093);
#10091 = CARTESIAN_POINT('',(273.27416997969,-8.,406.27416997969));
#10092 = DIRECTION('',(0.,1.,-0.));
#10093 = DIRECTION('',(-0.707106781187,0.,0.707106781187));
#10094 = ORIENTED_EDGE('',*,*,#10080,.T.);
#10095 = CYLINDRICAL_SURFACE('',#10096,2.3);
#10096 = AXIS2_PLACEMENT_3D('',#10097,#10098,#10099);
#10097 = CARTESIAN_POINT('',(273.27416997969,-8.,406.27416997969));
#10098 = DIRECTION('',(0.,1.,0.));
#10099 = DIRECTION('',(-0.707106781187,0.,0.707106781187));
#10100 = ADVANCED_FACE('',(#10101),#10120,.F.);
#10101 = FACE_BOUND('',#10102,.F.);
#10102 = EDGE_LOOP('',(#10103,#10104,#10112,#10119));
#10103 = ORIENTED_EDGE('',*,*,#9219,.F.);
#10104 = ORIENTED_EDGE('',*,*,#10105,.F.);
#10105 = EDGE_CURVE('',#10106,#9220,#10108,.T.);
#10106 = VERTEX_POINT('',#10107);
#10107 = CARTESIAN_POINT('',(224.64782438296,-8.,454.90051557642));
#10108 = LINE('',#10109,#10110);
#10109 = CARTESIAN_POINT('',(224.64782438296,-8.,454.90051557642));
#10110 = VECTOR('',#10111,1.);
#10111 = DIRECTION('',(0.,1.,0.));
#10112 = ORIENTED_EDGE('',*,*,#10113,.T.);
#10113 = EDGE_CURVE('',#10106,#10106,#10114,.T.);
#10114 = CIRCLE('',#10115,2.3);
#10115 = AXIS2_PLACEMENT_3D('',#10116,#10117,#10118);
#10116 = CARTESIAN_POINT('',(226.27416997969,-8.,453.27416997969));
#10117 = DIRECTION('',(0.,1.,-0.));
#10118 = DIRECTION('',(-0.707106781187,0.,0.707106781187));
#10119 = ORIENTED_EDGE('',*,*,#10105,.T.);
#10120 = CYLINDRICAL_SURFACE('',#10121,2.3);
#10121 = AXIS2_PLACEMENT_3D('',#10122,#10123,#10124);
#10122 = CARTESIAN_POINT('',(226.27416997969,-8.,453.27416997969));
#10123 = DIRECTION('',(0.,1.,0.));
#10124 = DIRECTION('',(-0.707106781187,0.,0.707106781187));
#10125 = ADVANCED_FACE('',(#10126),#10137,.T.);
#10126 = FACE_BOUND('',#10127,.T.);
#10127 = EDGE_LOOP('',(#10128,#10129,#10130,#10131));
#10128 = ORIENTED_EDGE('',*,*,#9817,.F.);
#10129 = ORIENTED_EDGE('',*,*,#9832,.T.);
#10130 = ORIENTED_EDGE('',*,*,#9427,.F.);
#10131 = ORIENTED_EDGE('',*,*,#10132,.F.);
#10132 = EDGE_CURVE('',#9793,#9420,#10133,.T.);
#10133 = LINE('',#10134,#10135);
#10134 = CARTESIAN_POINT('',(200.81832585697,-78.,352.53405460951));
#10135 = VECTOR('',#10136,1.);
#10136 = DIRECTION('',(0.,1.,0.));
#10137 = PLANE('',#10138);
#10138 = AXIS2_PLACEMENT_3D('',#10139,#10140,#10141);
#10139 = CARTESIAN_POINT('',(219.20310216783,-76.,370.91883092036));
#10140 = DIRECTION('',(-0.707106781187,0.,0.707106781187));
#10141 = DIRECTION('',(-0.707106781187,0.,-0.707106781187));
#10142 = ADVANCED_FACE('',(#10143,#10154),#10165,.T.);
#10143 = FACE_BOUND('',#10144,.T.);
#10144 = EDGE_LOOP('',(#10145,#10146,#10147,#10153));
#10145 = ORIENTED_EDGE('',*,*,#10132,.T.);
#10146 = ORIENTED_EDGE('',*,*,#9419,.T.);
#10147 = ORIENTED_EDGE('',*,*,#10148,.T.);
#10148 = EDGE_CURVE('',#9412,#9791,#10149,.T.);
#10149 = LINE('',#10150,#10151);
#10150 = CARTESIAN_POINT('',(172.53405460951,-78.,380.81832585698));
#10151 = VECTOR('',#10152,1.);
#10152 = DIRECTION('',(0.,-1.,0.));
#10153 = ORIENTED_EDGE('',*,*,#9790,.T.);
#10154 = FACE_BOUND('',#10155,.T.);
#10155 = EDGE_LOOP('',(#10156));
#10156 = ORIENTED_EDGE('',*,*,#10157,.F.);
#10157 = EDGE_CURVE('',#10158,#10158,#10160,.T.);
#10158 = VERTEX_POINT('',#10159);
#10159 = CARTESIAN_POINT('',(176.06958851545,-62.,377.28279195104));
#10160 = CIRCLE('',#10161,7.);
#10161 = AXIS2_PLACEMENT_3D('',#10162,#10163,#10164);
#10162 = CARTESIAN_POINT('',(181.01933598375,-62.,372.33304448274));
#10163 = DIRECTION('',(0.707106781187,0.,0.707106781187));
#10164 = DIRECTION('',(-0.707106781187,0.,0.707106781187));
#10165 = PLANE('',#10166);
#10166 = AXIS2_PLACEMENT_3D('',#10167,#10168,#10169);
#10167 = CARTESIAN_POINT('',(207.88939366884,-80.,345.46298679765));
#10168 = DIRECTION('',(0.707106781187,0.,0.707106781187));
#10169 = DIRECTION('',(-0.707106781187,0.,0.707106781187));
#10170 = ADVANCED_FACE('',(#10171),#10177,.T.);
#10171 = FACE_BOUND('',#10172,.T.);
#10172 = EDGE_LOOP('',(#10173,#10174,#10175,#10176));
#10173 = ORIENTED_EDGE('',*,*,#9800,.F.);
#10174 = ORIENTED_EDGE('',*,*,#10148,.F.);
#10175 = ORIENTED_EDGE('',*,*,#9411,.F.);
#10176 = ORIENTED_EDGE('',*,*,#9776,.F.);
#10177 = PLANE('',#10178);
#10178 = AXIS2_PLACEMENT_3D('',#10179,#10180,#10181);
#10179 = CARTESIAN_POINT('',(156.97770542341,-76.,365.26197667087));
#10180 = DIRECTION('',(0.707106781187,0.,-0.707106781187));
#10181 = DIRECTION('',(0.707106781187,0.,0.707106781187));
#10182 = ADVANCED_FACE('',(#10183),#10206,.F.);
#10183 = FACE_BOUND('',#10184,.F.);
#10184 = EDGE_LOOP('',(#10185,#10193,#10194,#10195,#10196,#10197,#10198,
    #10199));
#10185 = ORIENTED_EDGE('',*,*,#10186,.T.);
#10186 = EDGE_CURVE('',#10187,#9495,#10189,.T.);
#10187 = VERTEX_POINT('',#10188);
#10188 = CARTESIAN_POINT('',(161.00821407617,-53.,323.04770183403));
#10189 = LINE('',#10190,#10191);
#10190 = CARTESIAN_POINT('',(161.00821407617,-53.,323.04770183403));
#10191 = VECTOR('',#10192,1.);
#10192 = DIRECTION('',(0.,1.,0.));
#10193 = ORIENTED_EDGE('',*,*,#9503,.F.);
#10194 = ORIENTED_EDGE('',*,*,#9465,.F.);
#10195 = ORIENTED_EDGE('',*,*,#9476,.F.);
#10196 = ORIENTED_EDGE('',*,*,#9485,.F.);
#10197 = ORIENTED_EDGE('',*,*,#9494,.F.);
#10198 = ORIENTED_EDGE('',*,*,#10186,.F.);
#10199 = ORIENTED_EDGE('',*,*,#10200,.T.);
#10200 = EDGE_CURVE('',#10187,#10187,#10201,.T.);
#10201 = CIRCLE('',#10202,2.3);
#10202 = AXIS2_PLACEMENT_3D('',#10203,#10204,#10205);
#10203 = CARTESIAN_POINT('',(162.6345596729,-53.,321.42135623731));
#10204 = DIRECTION('',(0.,1.,-0.));
#10205 = DIRECTION('',(-0.707106781187,0.,0.707106781187));
#10206 = CYLINDRICAL_SURFACE('',#10207,2.3);
#10207 = AXIS2_PLACEMENT_3D('',#10208,#10209,#10210);
#10208 = CARTESIAN_POINT('',(162.6345596729,-53.,321.42135623731));
#10209 = DIRECTION('',(0.,1.,0.));
#10210 = DIRECTION('',(-0.707106781187,0.,0.707106781187));
#10211 = ADVANCED_FACE('',(#10212),#10237,.T.);
#10212 = FACE_BOUND('',#10213,.T.);
#10213 = EDGE_LOOP('',(#10214,#10224,#10230,#10231));
#10214 = ORIENTED_EDGE('',*,*,#10215,.F.);
#10215 = EDGE_CURVE('',#10216,#10218,#10220,.T.);
#10216 = VERTEX_POINT('',#10217);
#10217 = CARTESIAN_POINT('',(158.13698082572,-76.,321.27376046042));
#10218 = VERTEX_POINT('',#10219);
#10219 = CARTESIAN_POINT('',(146.74822732224,-76.,314.68027158999));
#10220 = LINE('',#10221,#10222);
#10221 = CARTESIAN_POINT('',(185.26197667087,-76.,336.97770542341));
#10222 = VECTOR('',#10223,1.);
#10223 = DIRECTION('',(-0.865426285481,0.,-0.501036270542));
#10224 = ORIENTED_EDGE('',*,*,#10225,.T.);
#10225 = EDGE_CURVE('',#10216,#9515,#10226,.T.);
#10226 = LINE('',#10227,#10228);
#10227 = CARTESIAN_POINT('',(158.13698082572,-80.,321.27376046042));
#10228 = VECTOR('',#10229,1.);
#10229 = DIRECTION('',(0.,1.,0.));
#10230 = ORIENTED_EDGE('',*,*,#9512,.F.);
#10231 = ORIENTED_EDGE('',*,*,#10232,.F.);
#10232 = EDGE_CURVE('',#10218,#9513,#10233,.T.);
#10233 = LINE('',#10234,#10235);
#10234 = CARTESIAN_POINT('',(146.74822732224,-78.,314.68027158999));
#10235 = VECTOR('',#10236,1.);
#10236 = DIRECTION('',(0.,1.,0.));
#10237 = PLANE('',#10238);
#10238 = AXIS2_PLACEMENT_3D('',#10239,#10240,#10241);
#10239 = CARTESIAN_POINT('',(185.26197667087,-76.,336.97770542341));
#10240 = DIRECTION('',(-0.501036270542,0.,0.865426285481));
#10241 = DIRECTION('',(-0.865426285481,0.,-0.501036270542));
#10242 = ADVANCED_FACE('',(#10243,#10261),#10272,.T.);
#10243 = FACE_BOUND('',#10244,.T.);
#10244 = EDGE_LOOP('',(#10245,#10246,#10247,#10255));
#10245 = ORIENTED_EDGE('',*,*,#10232,.T.);
#10246 = ORIENTED_EDGE('',*,*,#9580,.T.);
#10247 = ORIENTED_EDGE('',*,*,#10248,.T.);
#10248 = EDGE_CURVE('',#9573,#10249,#10251,.T.);
#10249 = VERTEX_POINT('',#10250);
#10250 = CARTESIAN_POINT('',(118.46395607478,-76.,342.96454283746));
#10251 = LINE('',#10252,#10253);
#10252 = CARTESIAN_POINT('',(118.46395607478,-78.,342.96454283746));
#10253 = VECTOR('',#10254,1.);
#10254 = DIRECTION('',(0.,-1.,0.));
#10255 = ORIENTED_EDGE('',*,*,#10256,.T.);
#10256 = EDGE_CURVE('',#10249,#10218,#10257,.T.);
#10257 = LINE('',#10258,#10259);
#10258 = CARTESIAN_POINT('',(148.45879272428,-76.,312.96970618796));
#10259 = VECTOR('',#10260,1.);
#10260 = DIRECTION('',(0.707106781187,0.,-0.707106781187));
#10261 = FACE_BOUND('',#10262,.T.);
#10262 = EDGE_LOOP('',(#10263));
#10263 = ORIENTED_EDGE('',*,*,#10264,.F.);
#10264 = EDGE_CURVE('',#10265,#10265,#10267,.T.);
#10265 = VERTEX_POINT('',#10266);
#10266 = CARTESIAN_POINT('',(130.10764773832,-62.,331.32085117392));
#10267 = CIRCLE('',#10268,7.);
#10268 = AXIS2_PLACEMENT_3D('',#10269,#10270,#10271);
#10269 = CARTESIAN_POINT('',(135.05739520663,-62.,326.37110370561));
#10270 = DIRECTION('',(0.707106781187,0.,0.707106781187));
#10271 = DIRECTION('',(-0.707106781187,0.,0.707106781187));
#10272 = PLANE('',#10273);
#10273 = AXIS2_PLACEMENT_3D('',#10274,#10275,#10276);
#10274 = CARTESIAN_POINT('',(161.92745289171,-80.,299.50104602052));
#10275 = DIRECTION('',(0.707106781187,0.,0.707106781187));
#10276 = DIRECTION('',(-0.707106781187,0.,0.707106781187));
#10277 = ADVANCED_FACE('',(#10278),#10307,.T.);
#10278 = FACE_BOUND('',#10279,.T.);
#10279 = EDGE_LOOP('',(#10280,#10291,#10297,#10298,#10299,#10300));
#10280 = ORIENTED_EDGE('',*,*,#10281,.T.);
#10281 = EDGE_CURVE('',#10282,#10284,#10286,.T.);
#10282 = VERTEX_POINT('',#10283);
#10283 = CARTESIAN_POINT('',(159.45257915756,-76.,324.60333675264));
#10284 = VERTEX_POINT('',#10285);
#10285 = CARTESIAN_POINT('',(165.00201601742,-76.,325.24825451878));
#10286 = CIRCLE('',#10287,4.5);
#10287 = AXIS2_PLACEMENT_3D('',#10288,#10289,#10290);
#10288 = CARTESIAN_POINT('',(162.6345596729,-76.,321.42135623731));
#10289 = DIRECTION('',(0.,1.,-0.));
#10290 = DIRECTION('',(-0.707106781187,0.,0.707106781187));
#10291 = ORIENTED_EDGE('',*,*,#10292,.T.);
#10292 = EDGE_CURVE('',#10284,#9532,#10293,.T.);
#10293 = LINE('',#10294,#10295);
#10294 = CARTESIAN_POINT('',(165.00201601742,-80.,325.24825451878));
#10295 = VECTOR('',#10296,1.);
#10296 = DIRECTION('',(0.,1.,0.));
#10297 = ORIENTED_EDGE('',*,*,#9531,.F.);
#10298 = ORIENTED_EDGE('',*,*,#9522,.F.);
#10299 = ORIENTED_EDGE('',*,*,#10225,.F.);
#10300 = ORIENTED_EDGE('',*,*,#10301,.T.);
#10301 = EDGE_CURVE('',#10216,#10282,#10302,.T.);
#10302 = CIRCLE('',#10303,4.5);
#10303 = AXIS2_PLACEMENT_3D('',#10304,#10305,#10306);
#10304 = CARTESIAN_POINT('',(162.6345596729,-76.,321.42135623731));
#10305 = DIRECTION('',(0.,1.,-0.));
#10306 = DIRECTION('',(-0.707106781187,0.,0.707106781187));
#10307 = CYLINDRICAL_SURFACE('',#10308,4.5);
#10308 = AXIS2_PLACEMENT_3D('',#10309,#10310,#10311);
#10309 = CARTESIAN_POINT('',(162.6345596729,-80.,321.42135623731));
#10310 = DIRECTION('',(0.,1.,0.));
#10311 = DIRECTION('',(-0.707106781187,0.,0.707106781187));
#10312 = ADVANCED_FACE('',(#10313),#10331,.T.);
#10313 = FACE_BOUND('',#10314,.T.);
#10314 = EDGE_LOOP('',(#10315,#10323,#10324,#10325));
#10315 = ORIENTED_EDGE('',*,*,#10316,.F.);
#10316 = EDGE_CURVE('',#10249,#10317,#10319,.T.);
#10317 = VERTEX_POINT('',#10318);
#10318 = CARTESIAN_POINT('',(156.97770542341,-76.,365.26197667087));
#10319 = LINE('',#10320,#10321);
#10320 = CARTESIAN_POINT('',(76.367532368147,-76.,318.59292911256));
#10321 = VECTOR('',#10322,1.);
#10322 = DIRECTION('',(0.865426285481,0.,0.501036270542));
#10323 = ORIENTED_EDGE('',*,*,#10248,.F.);
#10324 = ORIENTED_EDGE('',*,*,#9572,.F.);
#10325 = ORIENTED_EDGE('',*,*,#10326,.F.);
#10326 = EDGE_CURVE('',#10317,#9565,#10327,.T.);
#10327 = LINE('',#10328,#10329);
#10328 = CARTESIAN_POINT('',(156.97770542341,-76.,365.26197667087));
#10329 = VECTOR('',#10330,1.);
#10330 = DIRECTION('',(0.,1.,0.));
#10331 = PLANE('',#10332);
#10332 = AXIS2_PLACEMENT_3D('',#10333,#10334,#10335);
#10333 = CARTESIAN_POINT('',(76.367532368147,-76.,318.59292911256));
#10334 = DIRECTION('',(0.501036270542,0.,-0.865426285481));
#10335 = DIRECTION('',(0.865426285481,0.,0.501036270542));
#10336 = ADVANCED_FACE('',(#10337),#10355,.T.);
#10337 = FACE_BOUND('',#10338,.T.);
#10338 = EDGE_LOOP('',(#10339,#10347,#10348,#10349));
#10339 = ORIENTED_EDGE('',*,*,#10340,.F.);
#10340 = EDGE_CURVE('',#10317,#10341,#10343,.T.);
#10341 = VERTEX_POINT('',#10342);
#10342 = CARTESIAN_POINT('',(169.70562748477,-76.,377.98989873223));
#10343 = LINE('',#10344,#10345);
#10344 = CARTESIAN_POINT('',(156.97770542341,-76.,365.26197667087));
#10345 = VECTOR('',#10346,1.);
#10346 = DIRECTION('',(0.707106781187,0.,0.707106781187));
#10347 = ORIENTED_EDGE('',*,*,#10326,.T.);
#10348 = ORIENTED_EDGE('',*,*,#9564,.F.);
#10349 = ORIENTED_EDGE('',*,*,#10350,.T.);
#10350 = EDGE_CURVE('',#9557,#10341,#10351,.T.);
#10351 = LINE('',#10352,#10353);
#10352 = CARTESIAN_POINT('',(169.70562748477,-78.,377.98989873223));
#10353 = VECTOR('',#10354,1.);
#10354 = DIRECTION('',(0.,-1.,0.));
#10355 = PLANE('',#10356);
#10356 = AXIS2_PLACEMENT_3D('',#10357,#10358,#10359);
#10357 = CARTESIAN_POINT('',(156.97770542341,-76.,365.26197667087));
#10358 = DIRECTION('',(0.707106781187,0.,-0.707106781187));
#10359 = DIRECTION('',(0.707106781187,0.,0.707106781187));
#10360 = ADVANCED_FACE('',(#10361),#10379,.T.);
#10361 = FACE_BOUND('',#10362,.T.);
#10362 = EDGE_LOOP('',(#10363,#10371,#10377,#10378));
#10363 = ORIENTED_EDGE('',*,*,#10364,.F.);
#10364 = EDGE_CURVE('',#10365,#10284,#10367,.T.);
#10365 = VERTEX_POINT('',#10366);
#10366 = CARTESIAN_POINT('',(185.26197667087,-76.,336.97770542341));
#10367 = LINE('',#10368,#10369);
#10368 = CARTESIAN_POINT('',(185.26197667087,-76.,336.97770542341));
#10369 = VECTOR('',#10370,1.);
#10370 = DIRECTION('',(-0.865426285481,0.,-0.501036270542));
#10371 = ORIENTED_EDGE('',*,*,#10372,.T.);
#10372 = EDGE_CURVE('',#10365,#9541,#10373,.T.);
#10373 = LINE('',#10374,#10375);
#10374 = CARTESIAN_POINT('',(185.26197667087,-76.,336.97770542341));
#10375 = VECTOR('',#10376,1.);
#10376 = DIRECTION('',(0.,1.,0.));
#10377 = ORIENTED_EDGE('',*,*,#9540,.F.);
#10378 = ORIENTED_EDGE('',*,*,#10292,.F.);
#10379 = PLANE('',#10380);
#10380 = AXIS2_PLACEMENT_3D('',#10381,#10382,#10383);
#10381 = CARTESIAN_POINT('',(185.26197667087,-76.,336.97770542341));
#10382 = DIRECTION('',(-0.501036270542,0.,0.865426285481));
#10383 = DIRECTION('',(-0.865426285481,0.,-0.501036270542));
#10384 = ADVANCED_FACE('',(#10385,#10403),#10414,.F.);
#10385 = FACE_BOUND('',#10386,.F.);
#10386 = EDGE_LOOP('',(#10387,#10395,#10396,#10397));
#10387 = ORIENTED_EDGE('',*,*,#10388,.T.);
#10388 = EDGE_CURVE('',#10389,#9549,#10391,.T.);
#10389 = VERTEX_POINT('',#10390);
#10390 = CARTESIAN_POINT('',(197.98989873223,-76.,349.70562748477));
#10391 = LINE('',#10392,#10393);
#10392 = CARTESIAN_POINT('',(197.98989873223,-78.,349.70562748477));
#10393 = VECTOR('',#10394,1.);
#10394 = DIRECTION('',(0.,1.,0.));
#10395 = ORIENTED_EDGE('',*,*,#9556,.T.);
#10396 = ORIENTED_EDGE('',*,*,#10350,.T.);
#10397 = ORIENTED_EDGE('',*,*,#10398,.T.);
#10398 = EDGE_CURVE('',#10341,#10389,#10399,.T.);
#10399 = LINE('',#10400,#10401);
#10400 = CARTESIAN_POINT('',(191.59230637666,-76.,356.10321984034));
#10401 = VECTOR('',#10402,1.);
#10402 = DIRECTION('',(0.707106781187,0.,-0.707106781187));
#10403 = FACE_BOUND('',#10404,.F.);
#10404 = EDGE_LOOP('',(#10405));
#10405 = ORIENTED_EDGE('',*,*,#10406,.F.);
#10406 = EDGE_CURVE('',#10407,#10407,#10409,.T.);
#10407 = VERTEX_POINT('',#10408);
#10408 = CARTESIAN_POINT('',(173.2411613907,-62.,374.4543648263));
#10409 = CIRCLE('',#10410,7.);
#10410 = AXIS2_PLACEMENT_3D('',#10411,#10412,#10413);
#10411 = CARTESIAN_POINT('',(178.19090885901,-62.,369.50461735799));
#10412 = DIRECTION('',(0.707106781187,0.,0.707106781187));
#10413 = DIRECTION('',(-0.707106781187,0.,0.707106781187));
#10414 = PLANE('',#10415);
#10415 = AXIS2_PLACEMENT_3D('',#10416,#10417,#10418);
#10416 = CARTESIAN_POINT('',(205.06096654409,-80.,342.6345596729));
#10417 = DIRECTION('',(0.707106781187,0.,0.707106781187));
#10418 = DIRECTION('',(-0.707106781187,0.,0.707106781187));
#10419 = ADVANCED_FACE('',(#10420),#10431,.T.);
#10420 = FACE_BOUND('',#10421,.T.);
#10421 = EDGE_LOOP('',(#10422,#10428,#10429,#10430));
#10422 = ORIENTED_EDGE('',*,*,#10423,.F.);
#10423 = EDGE_CURVE('',#10389,#10365,#10424,.T.);
#10424 = LINE('',#10425,#10426);
#10425 = CARTESIAN_POINT('',(219.20310216783,-76.,370.91883092036));
#10426 = VECTOR('',#10427,1.);
#10427 = DIRECTION('',(-0.707106781187,0.,-0.707106781187));
#10428 = ORIENTED_EDGE('',*,*,#10388,.T.);
#10429 = ORIENTED_EDGE('',*,*,#9548,.F.);
#10430 = ORIENTED_EDGE('',*,*,#10372,.F.);
#10431 = PLANE('',#10432);
#10432 = AXIS2_PLACEMENT_3D('',#10433,#10434,#10435);
#10433 = CARTESIAN_POINT('',(219.20310216783,-76.,370.91883092036));
#10434 = DIRECTION('',(-0.707106781187,0.,0.707106781187));
#10435 = DIRECTION('',(-0.707106781187,0.,-0.707106781187));
#10436 = ADVANCED_FACE('',(#10437),#10462,.T.);
#10437 = FACE_BOUND('',#10438,.T.);
#10438 = EDGE_LOOP('',(#10439,#10449,#10455,#10456));
#10439 = ORIENTED_EDGE('',*,*,#10440,.F.);
#10440 = EDGE_CURVE('',#10441,#10443,#10445,.T.);
#10441 = VERTEX_POINT('',#10442);
#10442 = CARTESIAN_POINT('',(106.82026441124,-76.,336.22345819014));
#10443 = VERTEX_POINT('',#10444);
#10444 = CARTESIAN_POINT('',(114.88128171677,-76.,340.89036294597));
#10445 = LINE('',#10446,#10447);
#10446 = CARTESIAN_POINT('',(76.367532368147,-76.,318.59292911256));
#10447 = VECTOR('',#10448,1.);
#10448 = DIRECTION('',(0.865426285481,0.,0.501036270542));
#10449 = ORIENTED_EDGE('',*,*,#10450,.F.);
#10450 = EDGE_CURVE('',#9591,#10441,#10451,.T.);
#10451 = LINE('',#10452,#10453);
#10452 = CARTESIAN_POINT('',(106.82026441124,-78.,336.22345819014));
#10453 = VECTOR('',#10454,1.);
#10454 = DIRECTION('',(0.,-1.,0.));
#10455 = ORIENTED_EDGE('',*,*,#9588,.F.);
#10456 = ORIENTED_EDGE('',*,*,#10457,.T.);
#10457 = EDGE_CURVE('',#9589,#10443,#10458,.T.);
#10458 = LINE('',#10459,#10460);
#10459 = CARTESIAN_POINT('',(114.88128171677,-78.,340.89036294597));
#10460 = VECTOR('',#10461,1.);
#10461 = DIRECTION('',(0.,-1.,0.));
#10462 = PLANE('',#10463);
#10463 = AXIS2_PLACEMENT_3D('',#10464,#10465,#10466);
#10464 = CARTESIAN_POINT('',(76.367532368147,-76.,318.59292911256));
#10465 = DIRECTION('',(0.501036270542,0.,-0.865426285481));
#10466 = DIRECTION('',(0.865426285481,0.,0.501036270542));
#10467 = ADVANCED_FACE('',(#10468,#10486),#10497,.F.);
#10468 = FACE_BOUND('',#10469,.F.);
#10469 = EDGE_LOOP('',(#10470,#10478,#10479,#10480));
#10470 = ORIENTED_EDGE('',*,*,#10471,.T.);
#10471 = EDGE_CURVE('',#10472,#9607,#10474,.T.);
#10472 = VERTEX_POINT('',#10473);
#10473 = CARTESIAN_POINT('',(143.16555296423,-76.,312.60609169851));
#10474 = LINE('',#10475,#10476);
#10475 = CARTESIAN_POINT('',(143.16555296423,-78.,312.60609169851));
#10476 = VECTOR('',#10477,1.);
#10477 = DIRECTION('',(0.,1.,0.));
#10478 = ORIENTED_EDGE('',*,*,#9614,.T.);
#10479 = ORIENTED_EDGE('',*,*,#10457,.T.);
#10480 = ORIENTED_EDGE('',*,*,#10481,.T.);
#10481 = EDGE_CURVE('',#10443,#10472,#10482,.T.);
#10482 = LINE('',#10483,#10484);
#10483 = CARTESIAN_POINT('',(145.63036559953,-76.,310.14127906321));
#10484 = VECTOR('',#10485,1.);
#10485 = DIRECTION('',(0.707106781187,0.,-0.707106781187));
#10486 = FACE_BOUND('',#10487,.F.);
#10487 = EDGE_LOOP('',(#10488));
#10488 = ORIENTED_EDGE('',*,*,#10489,.F.);
#10489 = EDGE_CURVE('',#10490,#10490,#10492,.T.);
#10490 = VERTEX_POINT('',#10491);
#10491 = CARTESIAN_POINT('',(127.27922061357,-62.,328.49242404917));
#10492 = CIRCLE('',#10493,7.);
#10493 = AXIS2_PLACEMENT_3D('',#10494,#10495,#10496);
#10494 = CARTESIAN_POINT('',(132.22896808188,-62.,323.54267658086));
#10495 = DIRECTION('',(0.707106781187,0.,0.707106781187));
#10496 = DIRECTION('',(-0.707106781187,0.,0.707106781187));
#10497 = PLANE('',#10498);
#10498 = AXIS2_PLACEMENT_3D('',#10499,#10500,#10501);
#10499 = CARTESIAN_POINT('',(159.09902576697,-80.,296.67261889578));
#10500 = DIRECTION('',(0.707106781187,0.,0.707106781187));
#10501 = DIRECTION('',(-0.707106781187,0.,0.707106781187));
#10502 = ADVANCED_FACE('',(#10503,#10521,#10524,#10527,#10530,#10533),
  #10536,.T.);
#10503 = FACE_BOUND('',#10504,.T.);
#10504 = EDGE_LOOP('',(#10505,#10513,#10514,#10515));
#10505 = ORIENTED_EDGE('',*,*,#10506,.T.);
#10506 = EDGE_CURVE('',#10507,#9599,#10509,.T.);
#10507 = VERTEX_POINT('',#10508);
#10508 = CARTESIAN_POINT('',(135.10453565871,-76.,307.93918694268));
#10509 = LINE('',#10510,#10511);
#10510 = CARTESIAN_POINT('',(135.10453565871,-78.,307.93918694268));
#10511 = VECTOR('',#10512,1.);
#10512 = DIRECTION('',(0.,1.,0.));
#10513 = ORIENTED_EDGE('',*,*,#9598,.F.);
#10514 = ORIENTED_EDGE('',*,*,#10450,.T.);
#10515 = ORIENTED_EDGE('',*,*,#10516,.T.);
#10516 = EDGE_CURVE('',#10441,#10507,#10517,.T.);
#10517 = LINE('',#10518,#10519);
#10518 = CARTESIAN_POINT('',(142.80193847478,-76.,300.2417841266));
#10519 = VECTOR('',#10520,1.);
#10520 = DIRECTION('',(0.707106781187,0.,-0.707106781187));
#10521 = FACE_BOUND('',#10522,.T.);
#10522 = EDGE_LOOP('',(#10523));
#10523 = ORIENTED_EDGE('',*,*,#9895,.F.);
#10524 = FACE_BOUND('',#10525,.T.);
#10525 = EDGE_LOOP('',(#10526));
#10526 = ORIENTED_EDGE('',*,*,#9920,.F.);
#10527 = FACE_BOUND('',#10528,.T.);
#10528 = EDGE_LOOP('',(#10529));
#10529 = ORIENTED_EDGE('',*,*,#9970,.F.);
#10530 = FACE_BOUND('',#10531,.T.);
#10531 = EDGE_LOOP('',(#10532));
#10532 = ORIENTED_EDGE('',*,*,#9945,.F.);
#10533 = FACE_BOUND('',#10534,.T.);
#10534 = EDGE_LOOP('',(#10535));
#10535 = ORIENTED_EDGE('',*,*,#9995,.F.);
#10536 = PLANE('',#10537);
#10537 = AXIS2_PLACEMENT_3D('',#10538,#10539,#10540);
#10538 = CARTESIAN_POINT('',(159.80613254816,-80.,283.23759005323));
#10539 = DIRECTION('',(0.707106781187,0.,0.707106781187));
#10540 = DIRECTION('',(-0.707106781187,0.,0.707106781187));
#10541 = ADVANCED_FACE('',(#10542),#10553,.T.);
#10542 = FACE_BOUND('',#10543,.T.);
#10543 = EDGE_LOOP('',(#10544,#10550,#10551,#10552));
#10544 = ORIENTED_EDGE('',*,*,#10545,.F.);
#10545 = EDGE_CURVE('',#10472,#10507,#10546,.T.);
#10546 = LINE('',#10547,#10548);
#10547 = CARTESIAN_POINT('',(185.26197667087,-76.,336.97770542341));
#10548 = VECTOR('',#10549,1.);
#10549 = DIRECTION('',(-0.865426285481,0.,-0.501036270542));
#10550 = ORIENTED_EDGE('',*,*,#10471,.T.);
#10551 = ORIENTED_EDGE('',*,*,#9606,.F.);
#10552 = ORIENTED_EDGE('',*,*,#10506,.F.);
#10553 = PLANE('',#10554);
#10554 = AXIS2_PLACEMENT_3D('',#10555,#10556,#10557);
#10555 = CARTESIAN_POINT('',(185.26197667087,-76.,336.97770542341));
#10556 = DIRECTION('',(-0.501036270542,0.,0.865426285481));
#10557 = DIRECTION('',(-0.865426285481,0.,-0.501036270542));
#10558 = ADVANCED_FACE('',(#10559,#10570,#10581),#10592,.T.);
#10559 = FACE_BOUND('',#10560,.T.);
#10560 = EDGE_LOOP('',(#10561,#10567,#10568,#10569));
#10561 = ORIENTED_EDGE('',*,*,#10562,.F.);
#10562 = EDGE_CURVE('',#9693,#9637,#10563,.T.);
#10563 = LINE('',#10564,#10565);
#10564 = CARTESIAN_POINT('',(257.3868683519,94.,335.56349186104));
#10565 = VECTOR('',#10566,1.);
#10566 = DIRECTION('',(0.707106781187,0.,0.707106781187));
#10567 = ORIENTED_EDGE('',*,*,#9711,.T.);
#10568 = ORIENTED_EDGE('',*,*,#10015,.T.);
#10569 = ORIENTED_EDGE('',*,*,#9644,.F.);
#10570 = FACE_BOUND('',#10571,.T.);
#10571 = EDGE_LOOP('',(#10572));
#10572 = ORIENTED_EDGE('',*,*,#10573,.F.);
#10573 = EDGE_CURVE('',#10574,#10574,#10576,.T.);
#10574 = VERTEX_POINT('',#10575);
#10575 = CARTESIAN_POINT('',(257.31615767378,94.,348.36212460051));
#10576 = CIRCLE('',#10577,3.1);
#10577 = AXIS2_PLACEMENT_3D('',#10578,#10579,#10580);
#10578 = CARTESIAN_POINT('',(259.50818869546,94.,346.17009357883));
#10579 = DIRECTION('',(0.,1.,-0.));
#10580 = DIRECTION('',(-0.707106781187,0.,0.707106781187));
#10581 = FACE_BOUND('',#10582,.T.);
#10582 = EDGE_LOOP('',(#10583));
#10583 = ORIENTED_EDGE('',*,*,#10584,.F.);
#10584 = EDGE_CURVE('',#10585,#10585,#10587,.T.);
#10585 = VERTEX_POINT('',#10586);
#10586 = CARTESIAN_POINT('',(251.65930342429,94.,354.01897885));
#10587 = CIRCLE('',#10588,3.1);
#10588 = AXIS2_PLACEMENT_3D('',#10589,#10590,#10591);
#10589 = CARTESIAN_POINT('',(253.85133444597,94.,351.82694782833));
#10590 = DIRECTION('',(0.,1.,-0.));
#10591 = DIRECTION('',(-0.707106781187,0.,0.707106781187));
#10592 = PLANE('',#10593);
#10593 = AXIS2_PLACEMENT_3D('',#10594,#10595,#10596);
#10594 = CARTESIAN_POINT('',(257.3868683519,94.,335.56349186104));
#10595 = DIRECTION('',(-0.,1.,0.));
#10596 = DIRECTION('',(-0.707106781187,0.,0.707106781187));
#10597 = ADVANCED_FACE('',(#10598),#10604,.F.);
#10598 = FACE_BOUND('',#10599,.T.);
#10599 = EDGE_LOOP('',(#10600,#10601,#10602,#10603));
#10600 = ORIENTED_EDGE('',*,*,#9692,.T.);
#10601 = ORIENTED_EDGE('',*,*,#10562,.T.);
#10602 = ORIENTED_EDGE('',*,*,#9636,.F.);
#10603 = ORIENTED_EDGE('',*,*,#9676,.F.);
#10604 = PLANE('',#10605);
#10605 = AXIS2_PLACEMENT_3D('',#10606,#10607,#10608);
#10606 = CARTESIAN_POINT('',(257.3868683519,-10.,335.56349186104));
#10607 = DIRECTION('',(-0.707106781187,0.,0.707106781187));
#10608 = DIRECTION('',(0.707106781187,0.,0.707106781187));
#10609 = ADVANCED_FACE('',(#10610),#10613,.T.);
#10610 = FACE_BOUND('',#10611,.F.);
#10611 = EDGE_LOOP('',(#10612));
#10612 = ORIENTED_EDGE('',*,*,#10038,.F.);
#10613 = PLANE('',#10614);
#10614 = AXIS2_PLACEMENT_3D('',#10615,#10616,#10617);
#10615 = CARTESIAN_POINT('',(226.27416997969,-8.,359.27416997969));
#10616 = DIRECTION('',(0.,1.,0.));
#10617 = DIRECTION('',(-0.707106781187,0.,0.707106781187));
#10618 = ADVANCED_FACE('',(#10619),#10622,.T.);
#10619 = FACE_BOUND('',#10620,.F.);
#10620 = EDGE_LOOP('',(#10621));
#10621 = ORIENTED_EDGE('',*,*,#10063,.F.);
#10622 = PLANE('',#10623);
#10623 = AXIS2_PLACEMENT_3D('',#10624,#10625,#10626);
#10624 = CARTESIAN_POINT('',(179.27416997969,-8.,406.27416997969));
#10625 = DIRECTION('',(0.,1.,0.));
#10626 = DIRECTION('',(-0.707106781187,0.,0.707106781187));
#10627 = ADVANCED_FACE('',(#10628),#10631,.T.);
#10628 = FACE_BOUND('',#10629,.F.);
#10629 = EDGE_LOOP('',(#10630));
#10630 = ORIENTED_EDGE('',*,*,#10088,.F.);
#10631 = PLANE('',#10632);
#10632 = AXIS2_PLACEMENT_3D('',#10633,#10634,#10635);
#10633 = CARTESIAN_POINT('',(273.27416997969,-8.,406.27416997969));
#10634 = DIRECTION('',(0.,1.,0.));
#10635 = DIRECTION('',(-0.707106781187,0.,0.707106781187));
#10636 = ADVANCED_FACE('',(#10637),#10640,.T.);
#10637 = FACE_BOUND('',#10638,.F.);
#10638 = EDGE_LOOP('',(#10639));
#10639 = ORIENTED_EDGE('',*,*,#10113,.F.);
#10640 = PLANE('',#10641);
#10641 = AXIS2_PLACEMENT_3D('',#10642,#10643,#10644);
#10642 = CARTESIAN_POINT('',(226.27416997969,-8.,453.27416997969));
#10643 = DIRECTION('',(0.,1.,0.));
#10644 = DIRECTION('',(-0.707106781187,0.,0.707106781187));
#10645 = ADVANCED_FACE('',(#10646),#10657,.F.);
#10646 = FACE_BOUND('',#10647,.F.);
#10647 = EDGE_LOOP('',(#10648,#10649,#10655,#10656));
#10648 = ORIENTED_EDGE('',*,*,#10157,.F.);
#10649 = ORIENTED_EDGE('',*,*,#10650,.F.);
#10650 = EDGE_CURVE('',#10407,#10158,#10651,.T.);
#10651 = LINE('',#10652,#10653);
#10652 = CARTESIAN_POINT('',(173.2411613907,-62.,374.4543648263));
#10653 = VECTOR('',#10654,1.);
#10654 = DIRECTION('',(0.707106781187,0.,0.707106781187));
#10655 = ORIENTED_EDGE('',*,*,#10406,.T.);
#10656 = ORIENTED_EDGE('',*,*,#10650,.T.);
#10657 = CYLINDRICAL_SURFACE('',#10658,7.);
#10658 = AXIS2_PLACEMENT_3D('',#10659,#10660,#10661);
#10659 = CARTESIAN_POINT('',(178.19090885901,-62.,369.50461735799));
#10660 = DIRECTION('',(0.707106781187,0.,0.707106781187));
#10661 = DIRECTION('',(-0.707106781187,0.,0.707106781187));
#10662 = ADVANCED_FACE('',(#10663),#10666,.T.);
#10663 = FACE_BOUND('',#10664,.F.);
#10664 = EDGE_LOOP('',(#10665));
#10665 = ORIENTED_EDGE('',*,*,#10200,.F.);
#10666 = PLANE('',#10667);
#10667 = AXIS2_PLACEMENT_3D('',#10668,#10669,#10670);
#10668 = CARTESIAN_POINT('',(162.6345596729,-53.,321.42135623731));
#10669 = DIRECTION('',(0.,1.,0.));
#10670 = DIRECTION('',(-0.707106781187,0.,0.707106781187));
#10671 = ADVANCED_FACE('',(#10672,#10683),#10694,.T.);
#10672 = FACE_BOUND('',#10673,.T.);
#10673 = EDGE_LOOP('',(#10674,#10675,#10676,#10677,#10678,#10679,#10680,
    #10681,#10682));
#10674 = ORIENTED_EDGE('',*,*,#10256,.F.);
#10675 = ORIENTED_EDGE('',*,*,#10316,.T.);
#10676 = ORIENTED_EDGE('',*,*,#10340,.T.);
#10677 = ORIENTED_EDGE('',*,*,#10398,.T.);
#10678 = ORIENTED_EDGE('',*,*,#10423,.T.);
#10679 = ORIENTED_EDGE('',*,*,#10364,.T.);
#10680 = ORIENTED_EDGE('',*,*,#10281,.F.);
#10681 = ORIENTED_EDGE('',*,*,#10301,.F.);
#10682 = ORIENTED_EDGE('',*,*,#10215,.T.);
#10683 = FACE_BOUND('',#10684,.T.);
#10684 = EDGE_LOOP('',(#10685));
#10685 = ORIENTED_EDGE('',*,*,#10686,.F.);
#10686 = EDGE_CURVE('',#10687,#10687,#10689,.T.);
#10687 = VERTEX_POINT('',#10688);
#10688 = CARTESIAN_POINT('',(133.28962825366,-76.,350.76628765655));
#10689 = CIRCLE('',#10690,4.5);
#10690 = AXIS2_PLACEMENT_3D('',#10691,#10692,#10693);
#10691 = CARTESIAN_POINT('',(136.471608769,-76.,347.58430714121));
#10692 = DIRECTION('',(0.,1.,-0.));
#10693 = DIRECTION('',(-0.707106781187,0.,0.707106781187));
#10694 = PLANE('',#10695);
#10695 = AXIS2_PLACEMENT_3D('',#10696,#10697,#10698);
#10696 = CARTESIAN_POINT('',(119.7042757181,-76.,311.15250951666));
#10697 = DIRECTION('',(0.,1.,0.));
#10698 = DIRECTION('',(-0.707106781187,0.,0.707106781187));
#10699 = ADVANCED_FACE('',(#10700),#10711,.F.);
#10700 = FACE_BOUND('',#10701,.F.);
#10701 = EDGE_LOOP('',(#10702,#10703,#10709,#10710));
#10702 = ORIENTED_EDGE('',*,*,#10264,.F.);
#10703 = ORIENTED_EDGE('',*,*,#10704,.F.);
#10704 = EDGE_CURVE('',#10490,#10265,#10705,.T.);
#10705 = LINE('',#10706,#10707);
#10706 = CARTESIAN_POINT('',(127.27922061357,-62.,328.49242404917));
#10707 = VECTOR('',#10708,1.);
#10708 = DIRECTION('',(0.707106781187,0.,0.707106781187));
#10709 = ORIENTED_EDGE('',*,*,#10489,.T.);
#10710 = ORIENTED_EDGE('',*,*,#10704,.T.);
#10711 = CYLINDRICAL_SURFACE('',#10712,7.);
#10712 = AXIS2_PLACEMENT_3D('',#10713,#10714,#10715);
#10713 = CARTESIAN_POINT('',(132.22896808188,-62.,323.54267658086));
#10714 = DIRECTION('',(0.707106781187,0.,0.707106781187));
#10715 = DIRECTION('',(-0.707106781187,0.,0.707106781187));
#10716 = ADVANCED_FACE('',(#10717),#10723,.T.);
#10717 = FACE_BOUND('',#10718,.T.);
#10718 = EDGE_LOOP('',(#10719,#10720,#10721,#10722));
#10719 = ORIENTED_EDGE('',*,*,#10545,.T.);
#10720 = ORIENTED_EDGE('',*,*,#10516,.F.);
#10721 = ORIENTED_EDGE('',*,*,#10440,.T.);
#10722 = ORIENTED_EDGE('',*,*,#10481,.T.);
#10723 = PLANE('',#10724);
#10724 = AXIS2_PLACEMENT_3D('',#10725,#10726,#10727);
#10725 = CARTESIAN_POINT('',(119.7042757181,-76.,311.15250951666));
#10726 = DIRECTION('',(0.,1.,0.));
#10727 = DIRECTION('',(-0.707106781187,0.,0.707106781187));
#10728 = ADVANCED_FACE('',(#10729),#10748,.F.);
#10729 = FACE_BOUND('',#10730,.F.);
#10730 = EDGE_LOOP('',(#10731,#10732,#10740,#10747));
#10731 = ORIENTED_EDGE('',*,*,#10573,.F.);
#10732 = ORIENTED_EDGE('',*,*,#10733,.F.);
#10733 = EDGE_CURVE('',#10734,#10574,#10736,.T.);
#10734 = VERTEX_POINT('',#10735);
#10735 = CARTESIAN_POINT('',(257.31615767378,86.,348.36212460051));
#10736 = LINE('',#10737,#10738);
#10737 = CARTESIAN_POINT('',(257.31615767378,86.,348.36212460051));
#10738 = VECTOR('',#10739,1.);
#10739 = DIRECTION('',(0.,1.,0.));
#10740 = ORIENTED_EDGE('',*,*,#10741,.T.);
#10741 = EDGE_CURVE('',#10734,#10734,#10742,.T.);
#10742 = CIRCLE('',#10743,3.1);
#10743 = AXIS2_PLACEMENT_3D('',#10744,#10745,#10746);
#10744 = CARTESIAN_POINT('',(259.50818869546,86.,346.17009357883));
#10745 = DIRECTION('',(0.,1.,-0.));
#10746 = DIRECTION('',(-0.707106781187,0.,0.707106781187));
#10747 = ORIENTED_EDGE('',*,*,#10733,.T.);
#10748 = CYLINDRICAL_SURFACE('',#10749,3.1);
#10749 = AXIS2_PLACEMENT_3D('',#10750,#10751,#10752);
#10750 = CARTESIAN_POINT('',(259.50818869546,86.,346.17009357883));
#10751 = DIRECTION('',(0.,1.,0.));
#10752 = DIRECTION('',(-0.707106781187,0.,0.707106781187));
#10753 = ADVANCED_FACE('',(#10754),#10773,.F.);
#10754 = FACE_BOUND('',#10755,.F.);
#10755 = EDGE_LOOP('',(#10756,#10757,#10765,#10772));
#10756 = ORIENTED_EDGE('',*,*,#10584,.F.);
#10757 = ORIENTED_EDGE('',*,*,#10758,.F.);
#10758 = EDGE_CURVE('',#10759,#10585,#10761,.T.);
#10759 = VERTEX_POINT('',#10760);
#10760 = CARTESIAN_POINT('',(251.65930342429,86.,354.01897885));
#10761 = LINE('',#10762,#10763);
#10762 = CARTESIAN_POINT('',(251.65930342429,86.,354.01897885));
#10763 = VECTOR('',#10764,1.);
#10764 = DIRECTION('',(0.,1.,0.));
#10765 = ORIENTED_EDGE('',*,*,#10766,.T.);
#10766 = EDGE_CURVE('',#10759,#10759,#10767,.T.);
#10767 = CIRCLE('',#10768,3.1);
#10768 = AXIS2_PLACEMENT_3D('',#10769,#10770,#10771);
#10769 = CARTESIAN_POINT('',(253.85133444597,86.,351.82694782833));
#10770 = DIRECTION('',(0.,1.,-0.));
#10771 = DIRECTION('',(-0.707106781187,0.,0.707106781187));
#10772 = ORIENTED_EDGE('',*,*,#10758,.T.);
#10773 = CYLINDRICAL_SURFACE('',#10774,3.1);
#10774 = AXIS2_PLACEMENT_3D('',#10775,#10776,#10777);
#10775 = CARTESIAN_POINT('',(253.85133444597,86.,351.82694782833));
#10776 = DIRECTION('',(0.,1.,0.));
#10777 = DIRECTION('',(-0.707106781187,0.,0.707106781187));
#10778 = ADVANCED_FACE('',(#10779),#10798,.T.);
#10779 = FACE_BOUND('',#10780,.T.);
#10780 = EDGE_LOOP('',(#10781,#10789,#10796,#10797));
#10781 = ORIENTED_EDGE('',*,*,#10782,.T.);
#10782 = EDGE_CURVE('',#10687,#10783,#10785,.T.);
#10783 = VERTEX_POINT('',#10784);
#10784 = CARTESIAN_POINT('',(133.28962825366,-48.,350.76628765655));
#10785 = LINE('',#10786,#10787);
#10786 = CARTESIAN_POINT('',(133.28962825366,-80.,350.76628765655));
#10787 = VECTOR('',#10788,1.);
#10788 = DIRECTION('',(0.,1.,0.));
#10789 = ORIENTED_EDGE('',*,*,#10790,.F.);
#10790 = EDGE_CURVE('',#10783,#10783,#10791,.T.);
#10791 = CIRCLE('',#10792,4.5);
#10792 = AXIS2_PLACEMENT_3D('',#10793,#10794,#10795);
#10793 = CARTESIAN_POINT('',(136.471608769,-48.,347.58430714121));
#10794 = DIRECTION('',(0.,1.,-0.));
#10795 = DIRECTION('',(-0.707106781187,0.,0.707106781187));
#10796 = ORIENTED_EDGE('',*,*,#10782,.F.);
#10797 = ORIENTED_EDGE('',*,*,#10686,.T.);
#10798 = CYLINDRICAL_SURFACE('',#10799,4.5);
#10799 = AXIS2_PLACEMENT_3D('',#10800,#10801,#10802);
#10800 = CARTESIAN_POINT('',(136.471608769,-80.,347.58430714121));
#10801 = DIRECTION('',(0.,1.,0.));
#10802 = DIRECTION('',(-0.707106781187,0.,0.707106781187));
#10803 = ADVANCED_FACE('',(#10804),#10807,.T.);
#10804 = FACE_BOUND('',#10805,.F.);
#10805 = EDGE_LOOP('',(#10806));
#10806 = ORIENTED_EDGE('',*,*,#10741,.F.);
#10807 = PLANE('',#10808);
#10808 = AXIS2_PLACEMENT_3D('',#10809,#10810,#10811);
#10809 = CARTESIAN_POINT('',(259.50818869546,86.,346.17009357883));
#10810 = DIRECTION('',(0.,1.,0.));
#10811 = DIRECTION('',(-0.707106781187,0.,0.707106781187));
#10812 = ADVANCED_FACE('',(#10813),#10816,.T.);
#10813 = FACE_BOUND('',#10814,.F.);
#10814 = EDGE_LOOP('',(#10815));
#10815 = ORIENTED_EDGE('',*,*,#10766,.F.);
#10816 = PLANE('',#10817);
#10817 = AXIS2_PLACEMENT_3D('',#10818,#10819,#10820);
#10818 = CARTESIAN_POINT('',(253.85133444597,86.,351.82694782833));
#10819 = DIRECTION('',(0.,1.,0.));
#10820 = DIRECTION('',(-0.707106781187,0.,0.707106781187));
#10821 = ADVANCED_FACE('',(#10822,#10825),#10836,.T.);
#10822 = FACE_BOUND('',#10823,.T.);
#10823 = EDGE_LOOP('',(#10824));
#10824 = ORIENTED_EDGE('',*,*,#10790,.T.);
#10825 = FACE_BOUND('',#10826,.T.);
#10826 = EDGE_LOOP('',(#10827));
#10827 = ORIENTED_EDGE('',*,*,#10828,.F.);
#10828 = EDGE_CURVE('',#10829,#10829,#10831,.T.);
#10829 = VERTEX_POINT('',#10830);
#10830 = CARTESIAN_POINT('',(134.84526317227,-48.,349.21065273794));
#10831 = CIRCLE('',#10832,2.3);
#10832 = AXIS2_PLACEMENT_3D('',#10833,#10834,#10835);
#10833 = CARTESIAN_POINT('',(136.471608769,-48.,347.58430714121));
#10834 = DIRECTION('',(0.,1.,-0.));
#10835 = DIRECTION('',(-0.707106781187,0.,0.707106781187));
#10836 = PLANE('',#10837);
#10837 = AXIS2_PLACEMENT_3D('',#10838,#10839,#10840);
#10838 = CARTESIAN_POINT('',(136.471608769,-48.,347.58430714121));
#10839 = DIRECTION('',(0.,1.,0.));
#10840 = DIRECTION('',(-0.707106781187,0.,0.707106781187));
#10841 = ADVANCED_FACE('',(#10842),#10861,.F.);
#10842 = FACE_BOUND('',#10843,.F.);
#10843 = EDGE_LOOP('',(#10844,#10845,#10853,#10860));
#10844 = ORIENTED_EDGE('',*,*,#10828,.F.);
#10845 = ORIENTED_EDGE('',*,*,#10846,.F.);
#10846 = EDGE_CURVE('',#10847,#10829,#10849,.T.);
#10847 = VERTEX_POINT('',#10848);
#10848 = CARTESIAN_POINT('',(134.84526317227,-53.,349.21065273794));
#10849 = LINE('',#10850,#10851);
#10850 = CARTESIAN_POINT('',(134.84526317227,-53.,349.21065273794));
#10851 = VECTOR('',#10852,1.);
#10852 = DIRECTION('',(0.,1.,0.));
#10853 = ORIENTED_EDGE('',*,*,#10854,.T.);
#10854 = EDGE_CURVE('',#10847,#10847,#10855,.T.);
#10855 = CIRCLE('',#10856,2.3);
#10856 = AXIS2_PLACEMENT_3D('',#10857,#10858,#10859);
#10857 = CARTESIAN_POINT('',(136.471608769,-53.,347.58430714121));
#10858 = DIRECTION('',(0.,1.,-0.));
#10859 = DIRECTION('',(-0.707106781187,0.,0.707106781187));
#10860 = ORIENTED_EDGE('',*,*,#10846,.T.);
#10861 = CYLINDRICAL_SURFACE('',#10862,2.3);
#10862 = AXIS2_PLACEMENT_3D('',#10863,#10864,#10865);
#10863 = CARTESIAN_POINT('',(136.471608769,-53.,347.58430714121));
#10864 = DIRECTION('',(0.,1.,0.));
#10865 = DIRECTION('',(-0.707106781187,0.,0.707106781187));
#10866 = ADVANCED_FACE('',(#10867),#10870,.T.);
#10867 = FACE_BOUND('',#10868,.F.);
#10868 = EDGE_LOOP('',(#10869));
#10869 = ORIENTED_EDGE('',*,*,#10854,.F.);
#10870 = PLANE('',#10871);
#10871 = AXIS2_PLACEMENT_3D('',#10872,#10873,#10874);
#10872 = CARTESIAN_POINT('',(136.471608769,-53.,347.58430714121));
#10873 = DIRECTION('',(0.,1.,0.));
#10874 = DIRECTION('',(-0.707106781187,0.,0.707106781187));
#10875 = ( GEOMETRIC_REPRESENTATION_CONTEXT(3) 
GLOBAL_UNCERTAINTY_ASSIGNED_CONTEXT((#10879)) 
GLOBAL_UNIT_ASSIGNED_CONTEXT((#10876,#10877,#10878)) 
REPRESENTATION_CONTEXT('Context #1',
  '3D Context with UNIT and UNCERTAINTY') );
#10876 = ( LENGTH_UNIT() NAMED_UNIT(*) SI_UNIT(.MILLI.,.METRE.) );
#10877 = ( NAMED_UNIT(*) PLANE_ANGLE_UNIT() SI_UNIT($,.RADIAN.) );
#10878 = ( NAMED_UNIT(*) SI_UNIT($,.STERADIAN.) SOLID_ANGLE_UNIT() );
#10879 = UNCERTAINTY_MEASURE_WITH_UNIT(LENGTH_MEASURE(5.E-07),#10876,
  'distance_accuracy_value','confusion accuracy');
#10880 = PRODUCT_RELATED_PRODUCT_CATEGORY('part',$,(#7));
ENDSEC;
END-ISO-10303-21;
