"part_name","step_file","quantity","category","role","rigid_link","subassembly","HOME_tx_mm","HOME_ty_mm","HOME_tz_mm","HOME_qx","HOME_qy","HOME_qz","HOME_qw","reference_status","notes"
"J1_BaseTray","02_PARTS_STEP/PRINTED/J1_BaseTray.step","1","PRINTED","printed","base","J1","-0.24933032190678717","2.9345756827778776e-13","31.735038307640274","0","0","0","1","PROVISIONAL"," | origin: part centroid, axes parallel rigid frame"
"J1_MotorMount","02_PARTS_STEP/PRINTED/J1_MotorMount.step","1","PRINTED","printed","base","J1","-1.1052933469361588e-15","-1.3663425293783671e-15","89.98751020910898","0","0","0","1","PROVISIONAL"," | origin: part centroid, axes parallel rigid frame"
"J1_BearingSeat","02_PARTS_STEP/PRINTED/J1_BearingSeat.step","1","PRINTED","printed","base","J1","3.5206951500329273e-9","3.988156688694238e-9","97.77646152648275","0","0","0","1","PROVISIONAL"," | origin: part centroid, axes parallel rigid frame"
"J1_BearingPlaceholder","02_PARTS_STEP/BEARING_PLACEHOLDER/J1_BearingPlaceholder.step","1","BEARING_PLACEHOLDER","bearing","base","J1","3.19094606406725e-14","-6.052646860831234e-16","101.00000000000001","0","0","0","1","PLACEHOLDER"," | origin: part centroid, axes parallel rigid frame"
"J1_OutputAdapter","02_PARTS_STEP/METAL/J1_OutputAdapter.step","1","METAL","metal","yaw","J1","-1.0304585789555975e-15","1.9220912325781205e-7","94","0","0","0","1","PROVISIONAL"," | origin: part centroid, axes parallel rigid frame"
"J1_OutputHub","02_PARTS_STEP/METAL/J1_OutputHub.step","1","METAL","metal","yaw","J1","-1.1609301640377809e-15","3.5825572145848706e-8","104.90967237438343","0","0","0","1","PROVISIONAL"," | origin: part centroid, axes parallel rigid frame"
"J1_RotatingPlatform","02_PARTS_STEP/PRINTED/J1_RotatingPlatform.step","1","PRINTED","printed","yaw","J1","-4.678105546508426e-15","0.04592867434373309","114.01637908036004","0","0","0","1","PROVISIONAL"," | origin: part centroid, axes parallel rigid frame"
"J1_CyberGear_Stator","02_PARTS_STEP/MOTOR_REFERENCE/J1_CyberGear_Stator.step","1","MOTOR_REFERENCE","motor","base","J1","-5.291738829808198e-8","-5.994499683643537e-8","71.04292712583491","0","0","0","1","HARDWARE_VERIFY","REFERENCE-DERIVED / HARDWARE VERIFY | origin: part centroid, axes parallel rigid frame"
"J1_CyberGear_Rotor","02_PARTS_STEP/MOTOR_REFERENCE/J1_CyberGear_Rotor.step","1","MOTOR_REFERENCE","rotor","yaw","J1","-1.0379525345454228e-15","1.408450700954519e-7","85.91549295774648","0","0","0","1","HARDWARE_VERIFY","REFERENCE-DERIVED / HARDWARE VERIFY | origin: part centroid, axes parallel rigid frame"
"J2_CyberGear_Stator","02_PARTS_STEP/MOTOR_REFERENCE/J2_CyberGear_Stator.step","1","MOTOR_REFERENCE","motor","yaw","J2","-5.291739170287251e-8","1.0429271258349075","180.000000059945","0","0","0","1","HARDWARE_VERIFY","REFERENCE-DERIVED / HARDWARE VERIFY | origin: part centroid, axes parallel rigid frame"
"J2_CyberGear_Rotor","02_PARTS_STEP/MOTOR_REFERENCE/J2_CyberGear_Rotor.step","1","MOTOR_REFERENCE","rotor","upper","J2","1.1098742866543093e-7","15.91549295774648","179.99999991328713","0","-0.4383711467890774","0","0.898794046299167","HARDWARE_VERIFY","REFERENCE-DERIVED / HARDWARE VERIFY | origin: part centroid, axes parallel rigid frame"
"J3_CyberGear_Stator","02_PARTS_STEP/MOTOR_REFERENCE/J3_CyberGear_Stator.step","1","MOTOR_REFERENCE","motor","upper","J3","197.01167202439416","1.0429271258349146","432.16344114935737","0","-0.4383711467890774","0","0.898794046299167","HARDWARE_VERIFY","REFERENCE-DERIVED / HARDWARE VERIFY | origin: part centroid, axes parallel rigid frame"
"J3_CyberGear_Rotor","02_PARTS_STEP/MOTOR_REFERENCE/J3_CyberGear_Rotor.step","1","MOTOR_REFERENCE","rotor","fore","J3","197.01167196336561","15.91549295774648","432.16344115415103","0","-0.7071067811865477","0","-0.7071067811865475","HARDWARE_VERIFY","REFERENCE-DERIVED / HARDWARE VERIFY | origin: part centroid, axes parallel rigid frame"
"J4_CyberGear_Stator","02_PARTS_STEP/MOTOR_REFERENCE/J4_CyberGear_Stator.step","1","MOTOR_REFERENCE","motor","fore","J4","197.01167215712806","-5.994499518723991e-8","369.1205140283161","0","-0.7071067811865477","0","-0.7071067811865475","HARDWARE_VERIFY","REFERENCE-DERIVED / HARDWARE VERIFY | origin: part centroid, axes parallel rigid frame"
"J4_CyberGear_Rotor","02_PARTS_STEP/MOTOR_REFERENCE/J4_CyberGear_Rotor.step","1","MOTOR_REFERENCE","rotor","roll","J4","197.01167210421067","1.4084506963885888e-7","354.24794819640454","0","-0.7071067811865477","0","-0.7071067811865475","HARDWARE_VERIFY","REFERENCE-DERIVED / HARDWARE VERIFY | origin: part centroid, axes parallel rigid frame"
"J5_CyberGear_Stator","02_PARTS_STEP/MOTOR_REFERENCE/J5_CyberGear_Stator.step","1","MOTOR_REFERENCE","motor","roll","J5","197.01167216415558","-18.95707287416509","82.16344120706836","0","-0.7071067811865477","0","-0.7071067811865475","HARDWARE_VERIFY","REFERENCE-DERIVED / HARDWARE VERIFY | origin: part centroid, axes parallel rigid frame"
"J5_CyberGear_Rotor","02_PARTS_STEP/MOTOR_REFERENCE/J5_CyberGear_Rotor.step","1","MOTOR_REFERENCE","rotor","pitch","J5","197.01167210421056","-4.08450704225352","82.16344101330589","0","-1.1102230246251565e-16","0","-1","HARDWARE_VERIFY","REFERENCE-DERIVED / HARDWARE VERIFY | origin: part centroid, axes parallel rigid frame"
"J6_CyberGear_Stator","02_PARTS_STEP/MOTOR_REFERENCE/J6_CyberGear_Stator.step","1","MOTOR_REFERENCE","motor","pitch","J6","264.0545992300455","-5.994499518723991e-8","82.16344120706833","0","-1.1102230246251565e-16","0","-1","HARDWARE_VERIFY","REFERENCE-DERIVED / HARDWARE VERIFY | origin: part centroid, axes parallel rigid frame"
"J6_CyberGear_Rotor","02_PARTS_STEP/MOTOR_REFERENCE/J6_CyberGear_Rotor.step","1","MOTOR_REFERENCE","rotor","tool","J6","278.92716506195706","1.4084506958311204e-7","82.16344115415095","0","-1.1102230246251565e-16","0","-1","HARDWARE_VERIFY","REFERENCE-DERIVED / HARDWARE VERIFY | origin: part centroid, axes parallel rigid frame"
"J2_StatorPedestal","02_PARTS_STEP/PRINTED/J2_StatorPedestal.step","1","PRINTED","printed","yaw","J2","2.2266016018107703e-15","19.266767626849123","157.41031792636275","0","0","0","1","PROVISIONAL","PROVISIONAL | origin: part centroid, axes parallel rigid frame"
"J2_OppositeBearingPedestal","02_PARTS_STEP/PRINTED/J2_OppositeBearingPedestal.step","1","PRINTED","printed","yaw","J2","-1.3019256919344516e-14","-25.67420162878269","154.12947472708942","0","0","0","1","PROVISIONAL","PROVISIONAL | origin: part centroid, axes parallel rigid frame"
"J2_BearingRetainer","02_PARTS_STEP/PRINTED/J2_BearingRetainer.step","1","PRINTED","printed","yaw","J2","-4.8059154704100375e-16","-34.000000000000014","180.00000000000003","0","0","0","1","PROVISIONAL","PROVISIONAL | origin: part centroid, axes parallel rigid frame"
"J2_BearingPlaceholder","02_PARTS_STEP/BEARING_PLACEHOLDER/J2_BearingPlaceholder.step","1","BEARING_PLACEHOLDER","bearing","yaw","J2","4.625739492548977e-16","-26","180","0","0","0","1","PLACEHOLDER","GEOMETRIC PLACEHOLDER 20x32x10 | origin: part centroid, axes parallel rigid frame"
"J2_OutputCheek","02_PARTS_STEP/PRINTED/J2_OutputCheek.step","1","PRINTED","printed","upper","J2","16.678715717321705","31.298131143794095","201.34778251628197","0","-0.4383711467890774","0","0.898794046299167","PROVISIONAL","PROVISIONAL | origin: part centroid, axes parallel rigid frame"
"J2_OppositeForkCheek","02_PARTS_STEP/PRINTED/J2_OppositeForkCheek.step","1","PRINTED","printed","upper","J2","18.86867913834561","-37.460999182007974","204.15080797371934","0","-0.4383711467890774","0","0.898794046299167","PROVISIONAL","PROVISIONAL | origin: part centroid, axes parallel rigid frame"
"J2_ShortOutputHub","02_PARTS_STEP/METAL/J2_ShortOutputHub.step","1","METAL","metal","upper","J2","-1.933546177048792e-8","26.065106423890807","179.9999999376669","0","-0.4383711467890774","0","0.898794046299167","PROVISIONAL","PROVISIONAL | origin: part centroid, axes parallel rigid frame"
"J2_ShortBearingStub","02_PARTS_STEP/METAL/J2_ShortBearingStub.step","1","METAL","metal","upper","J2","-2.6137824247296864e-16","-37.01228437009934","180","0","-0.4383711467890774","0","0.898794046299167","PROVISIONAL","PROVISIONAL | origin: part centroid, axes parallel rigid frame"
"Upper_CentralBox","02_PARTS_STEP/PRINTED/Upper_CentralBox.step","1","PRINTED","printed","upper","J3","86.30606563450148","-6.551379596072462","333.5221110301424","0","-0.4383711467890774","0","0.898794046299167","PROVISIONAL","PROVISIONAL | origin: part centroid, axes parallel rigid frame"
"Upper_RemovableCover","02_PARTS_STEP/PRINTED/Upper_RemovableCover.step","1","PRINTED","printed","upper","J3","87.59166505940047","24.751441968702274","338.46184575562427","0","-0.4383711467890774","0","0.898794046299167","PROVISIONAL","PROVISIONAL | origin: part centroid, axes parallel rigid frame"
"J3_StatorMount","02_PARTS_STEP/PRINTED/J3_StatorMount.step","1","PRINTED","printed","upper","J3","190.57527609785632","20.000000000000014","429.6106660823161","0","-0.4383711467890774","0","0.898794046299167","PROVISIONAL","PROVISIONAL | origin: part centroid, axes parallel rigid frame"
"J3_FixedBearingSupport","02_PARTS_STEP/PRINTED/J3_FixedBearingSupport.step","1","PRINTED","printed","upper","J3","177.86762204321886","-27.09093595922648","425.43272928525755","0","-0.4383711467890774","0","0.898794046299167","PROVISIONAL","PROVISIONAL | origin: part centroid, axes parallel rigid frame"
"J3_BearingRetainer","02_PARTS_STEP/PRINTED/J3_BearingRetainer.step","1","PRINTED","printed","upper","J3","197.01167210421076","-34.000000000000014","432.16344115415114","0","-0.4383711467890774","0","0.898794046299167","PROVISIONAL","PROVISIONAL | origin: part centroid, axes parallel rigid frame"
"J3_BearingPlaceholder","02_PARTS_STEP/BEARING_PLACEHOLDER/J3_BearingPlaceholder.step","1","BEARING_PLACEHOLDER","bearing","upper","J3","197.01167210421067","-25.999999999999996","432.16344115415103","0","-0.4383711467890774","0","0.898794046299167","PLACEHOLDER","GEOMETRIC PLACEHOLDER 20x32x10 | origin: part centroid, axes parallel rigid frame"
"J3_OutputForkCheek","02_PARTS_STEP/PRINTED/J3_OutputForkCheek.step","1","PRINTED","printed","fore","J3","197.09714323884313","37.49082662024027","392.80322703386656","0","-0.7071067811865477","0","-0.7071067811865475","PROVISIONAL","PROVISIONAL | origin: part centroid, axes parallel rigid frame"
"J3_OppositeForkCheek","02_PARTS_STEP/PRINTED/J3_OppositeForkCheek.step","1","PRINTED","printed","fore","J3","197.1121836122839","-42.14722070090704","387.03779121954966","0","-0.7071067811865477","0","-0.7071067811865475","PROVISIONAL","PROVISIONAL | origin: part centroid, axes parallel rigid frame"
"J3_ShortOutputHub","02_PARTS_STEP/METAL/J3_ShortOutputHub.step","1","METAL","metal","fore","J3","197.01167208107114","26.065106423890807","432.16344121517426","0","-0.7071067811865477","0","-0.7071067811865475","PROVISIONAL","PROVISIONAL | origin: part centroid, axes parallel rigid frame"
"J3_ShortBearingStub","02_PARTS_STEP/METAL/J3_ShortBearingStub.step","1","METAL","metal","fore","J3","197.01167210421067","-37.01228437009934","432.16344115415103","0","-0.7071067811865477","0","-0.7071067811865475","PROVISIONAL","PROVISIONAL | origin: part centroid, axes parallel rigid frame"
"J4_ProximalStatorHousing","02_PARTS_STEP/PRINTED/J4_ProximalStatorHousing.step","1","PRINTED","printed","fore","J4","197.01167210421067","-3.3941555777653025e-15","361.68226574694995","0","-0.7071067811865477","0","-0.7071067811865475","PROVISIONAL","PROVISIONAL | origin: part centroid, axes parallel rigid frame"
"J4_ProximalBearingRetainer","02_PARTS_STEP/PRINTED/J4_ProximalBearingRetainer.step","1","PRINTED","printed","fore","J4","197.01167210421065","-4.484412762937935e-16","329.163441154151","0","-0.7071067811865477","0","-0.7071067811865475","PROVISIONAL","PROVISIONAL | origin: part centroid, axes parallel rigid frame"
"J4_ProximalBearingHousing","02_PARTS_STEP/PRINTED/J4_ProximalBearingHousing.step","1","PRINTED","printed","fore","J4","189.54294564942052","-0.09674271262040604","319.78365145233806","0","-0.7071067811865477","0","-0.7071067811865475","PROVISIONAL","PROVISIONAL | origin: part centroid, axes parallel rigid frame"
"J4_ProximalBearing","02_PARTS_STEP/BEARING_PLACEHOLDER/J4_ProximalBearing.step","1","BEARING_PLACEHOLDER","bearing","fore","J4","197.01167210421062","4.144380226598309e-16","323.16344115415103","0","-0.7071067811865477","0","-0.7071067811865475","PLACEHOLDER","GEOMETRIC PLACEHOLDER 22.2x32x10 | origin: part centroid, axes parallel rigid frame"
"J4_DistalBearingRetainer","02_PARTS_STEP/PRINTED/J4_DistalBearingRetainer.step","1","PRINTED","printed","fore","J4","197.08022021246492","-0.050547242246065424","171.16344115415097","0","-0.7071067811865477","0","-0.7071067811865475","PROVISIONAL","PROVISIONAL | origin: part centroid, axes parallel rigid frame"
"J4_DistalBearingHousing","02_PARTS_STEP/PRINTED/J4_DistalBearingHousing.step","1","PRINTED","printed","fore","J4","190.49185390675527","-0.33723325128525883","164.5217965364772","0","-0.7071067811865477","0","-0.7071067811865475","PROVISIONAL","PROVISIONAL | origin: part centroid, axes parallel rigid frame"
"J4_DistalBearing","02_PARTS_STEP/BEARING_PLACEHOLDER/J4_DistalBearing.step","1","BEARING_PLACEHOLDER","bearing","fore","J4","197.0116721042106","4.144380226598309e-16","165.16344115415114","0","-0.7071067811865477","0","-0.7071067811865475","PLACEHOLDER","GEOMETRIC PLACEHOLDER 22.2x32x10 | origin: part centroid, axes parallel rigid frame"
"Forearm_CentralBox","02_PARTS_STEP/PRINTED/Forearm_CentralBox.step","1","PRINTED","printed","fore","J4","189.78132275015602","-0.05488495665872297","241.86156304282142","0","-0.7071067811865477","0","-0.7071067811865475","PROVISIONAL","PROVISIONAL | origin: part centroid, axes parallel rigid frame"
"Forearm_RemovableCover","02_PARTS_STEP/PRINTED/Forearm_RemovableCover.step","1","PRINTED","printed","fore","J4","221.7728043517037","-2.4956243626715143e-16","233.17751394069987","0","-0.7071067811865477","0","-0.7071067811865475","PROVISIONAL","PROVISIONAL | origin: part centroid, axes parallel rigid frame"
"J4_MotorOutputAdapter","02_PARTS_STEP/METAL/J4_MotorOutputAdapter.step","1","METAL","metal","roll","J4","197.0135728924767","-0.4017497336021179","342.1778757262214","0","-0.7071067811865477","0","-0.7071067811865475","PROVISIONAL","PROVISIONAL | origin: part centroid, axes parallel rigid frame"
"J4_TorqueTube","02_PARTS_STEP/METAL/J4_TorqueTube.step","1","METAL","metal","roll","J4","197.01167210421062","1.1411953999121607e-15","246.16344115415097","0","-0.7071067811865477","0","-0.7071067811865475","PROVISIONAL","PROVISIONAL | origin: part centroid, axes parallel rigid frame"
"J4_DistalOutputHub","02_PARTS_STEP/METAL/J4_DistalOutputHub.step","1","METAL","metal","roll","J4","196.9859862264289","-0.23056083039879827","145.08770999661016","0","-0.7071067811865477","0","-0.7071067811865475","PROVISIONAL","PROVISIONAL | origin: part centroid, axes parallel rigid frame"
"J5_CompactStatorSupport","02_PARTS_STEP/METAL/J5_CompactStatorSupport.step","1","METAL","metal","roll","J5","196.84197051304858","-1.3250398677437947e-7","97.67874862541802","0","-0.7071067811865477","0","-0.7071067811865475","PROVISIONAL","PROVISIONAL compact wrist; hardware and loads unverified | origin: part centroid, axes parallel rigid frame"
"J5_RemovableBearingSeat","02_PARTS_STEP/METAL/J5_RemovableBearingSeat.step","1","METAL","metal","roll","J5","197.12483788105072","8.652427077291835","82.16344115415097","0","-0.7071067811865477","0","-0.7071067811865475","PROVISIONAL","PROVISIONAL compact wrist; hardware and loads unverified | origin: part centroid, axes parallel rigid frame"
"J5_OutputSupportBearing","02_PARTS_STEP/BEARING_PLACEHOLDER/J5_OutputSupportBearing.step","1","BEARING_PLACEHOLDER","bearing","roll","J5","197.01167210421056","13.499999999999996","82.16344115415097","0","-0.7071067811865477","0","-0.7071067811865475","PLACEHOLDER","GEOMETRIC PLACEHOLDER 15x32x9; single outboard support plus motor internal bearings | origin: part centroid, axes parallel rigid frame"
"J5_BearingRetainer","02_PARTS_STEP/PRINTED/J5_BearingRetainer.step","1","PRINTED","printed","roll","J5","197.01167210421056","19.16719952510537","82.16344115415095","0","-0.7071067811865477","0","-0.7071067811865475","PROVISIONAL","PROVISIONAL compact wrist; hardware and loads unverified | origin: part centroid, axes parallel rigid frame"
"J5_ShortOutputHub","02_PARTS_STEP/METAL/J5_ShortOutputHub.step","1","METAL","metal","pitch","J5","197.01167210421056","9.492939053669161","82.16344096772309","0","-1.1102230246251565e-16","0","-1","PROVISIONAL","PROVISIONAL compact wrist; hardware and loads unverified | origin: part centroid, axes parallel rigid frame"
"J6_OnePieceConnector","02_PARTS_STEP/METAL/J6_OnePieceConnector.step","1","METAL","metal","pitch","J6","251.5449055598165","17.963682438729787","82.18279023404226","0","-1.1102230246251565e-16","0","-1","PROVISIONAL","ONE-PIECE metal flange/web/ring connector; process, stiffness and preload unverified | origin: part centroid, axes parallel rigid frame"
"J6_OutputBearing","02_PARTS_STEP/BEARING_PLACEHOLDER/J6_OutputBearing.step","1","BEARING_PLACEHOLDER","bearing","pitch","J6","301.51167210421056","-4.1655993206718508e-16","82.16344115415093","0","-1.1102230246251565e-16","0","-1","PLACEHOLDER","GEOMETRIC PLACEHOLDER 15x32x9 | origin: part centroid, axes parallel rigid frame"
"J6_BearingRetainer","02_PARTS_STEP/PRINTED/J6_BearingRetainer.step","1","PRINTED","printed","pitch","J6","309.17887162931595","-6.677748487695772e-16","82.16344115415093","0","-1.1102230246251565e-16","0","-1","PROVISIONAL","PROVISIONAL compact wrist; hardware and loads unverified | origin: part centroid, axes parallel rigid frame"
"J6_ShortOutputHub","02_PARTS_STEP/METAL/J6_ShortOutputHub.step","1","METAL","metal","tool","J6","293.25566684373655","1.7223280829727698e-7","82.16344115415095","0","-1.1102230246251565e-16","0","-1","PROVISIONAL","Metal output neck installed with motor from rear; support seat remains on connector | origin: part centroid, axes parallel rigid frame"
"J6_RemovableToolAdapter","02_PARTS_STEP/METAL/J6_RemovableToolAdapter.step","1","METAL","metal","tool","J6","334.22920643997935","-0.18129390896719794","82.16374542650642","0","-1.1102230246251565e-16","0","-1","PROVISIONAL","Removable split-clamp tool adapter, 13 mm engagement; axial retention and torque capacity provisional | origin: part centroid, axes parallel rigid frame"
"F_J1_001_01_Bolt","02_PARTS_STEP/HARDWARE_PLACEHOLDER/F_J1_001_01_Bolt.step","1","HARDWARE_PLACEHOLDER","hardware_placeholder","base","J1","92.00000000000001","1.0909392465067714e-16","-4.5553224863900565","0","0","0","1","PLACEHOLDER","FASTENER ENVELOPE / LENGTH TBD / F-J1-001 | origin: part centroid, axes parallel rigid frame"
"F_J1_001_01_HeadWasher","02_PARTS_STEP/HARDWARE_PLACEHOLDER/F_J1_001_01_HeadWasher.step","1","HARDWARE_PLACEHOLDER","hardware_placeholder","base","J1","91.99999999999999","1.0327846499295716e-16","4.999999999999999","0","0","0","1","PLACEHOLDER","FASTENER ENVELOPE / LENGTH TBD / F-J1-001 | origin: part centroid, axes parallel rigid frame"
"F_J1_001_01_LockNut","02_PARTS_STEP/HARDWARE_PLACEHOLDER/F_J1_001_01_LockNut.step","1","HARDWARE_PLACEHOLDER","hardware_placeholder","base","J1","91.99999999999999","-1.153394304049853e-16","-23.499999999999996","0","0","0","1","PLACEHOLDER","FASTENER ENVELOPE / LENGTH TBD / F-J1-001 | origin: part centroid, axes parallel rigid frame"
"F_J1_001_01_NutWasher","02_PARTS_STEP/HARDWARE_PLACEHOLDER/F_J1_001_01_NutWasher.step","1","HARDWARE_PLACEHOLDER","hardware_placeholder","base","J1","91.99999999999999","1.0327846499295716e-16","-20.5","0","0","0","1","PLACEHOLDER","FASTENER ENVELOPE / LENGTH TBD / F-J1-001 | origin: part centroid, axes parallel rigid frame"
"F_J1_001_02_Bolt","02_PARTS_STEP/HARDWARE_PLACEHOLDER/F_J1_001_02_Bolt.step","1","HARDWARE_PLACEHOLDER","hardware_placeholder","base","J1","5.630575672564625e-15","92","-4.555322486390056","0","0","0","1","PLACEHOLDER","FASTENER ENVELOPE / LENGTH TBD / F-J1-001 | origin: part centroid, axes parallel rigid frame"
"F_J1_001_02_HeadWasher","02_PARTS_STEP/HARDWARE_PLACEHOLDER/F_J1_001_02_HeadWasher.step","1","HARDWARE_PLACEHOLDER","hardware_placeholder","base","J1","6.005404627309473e-15","92.00000000000001","5.000000000000001","0","0","0","1","PLACEHOLDER","FASTENER ENVELOPE / LENGTH TBD / F-J1-001 | origin: part centroid, axes parallel rigid frame"
"F_J1_001_02_LockNut","02_PARTS_STEP/HARDWARE_PLACEHOLDER/F_J1_001_02_LockNut.step","1","HARDWARE_PLACEHOLDER","hardware_placeholder","base","J1","5.862409778319595e-15","92","-23.5","0","0","0","1","PLACEHOLDER","FASTENER ENVELOPE / LENGTH TBD / F-J1-001 | origin: part centroid, axes parallel rigid frame"
"F_J1_001_02_NutWasher","02_PARTS_STEP/HARDWARE_PLACEHOLDER/F_J1_001_02_NutWasher.step","1","HARDWARE_PLACEHOLDER","hardware_placeholder","base","J1","6.005404627309473e-15","92.00000000000001","-20.500000000000004","0","0","0","1","PLACEHOLDER","FASTENER ENVELOPE / LENGTH TBD / F-J1-001 | origin: part centroid, axes parallel rigid frame"
"F_J1_001_03_Bolt","02_PARTS_STEP/HARDWARE_PLACEHOLDER/F_J1_001_03_Bolt.step","1","HARDWARE_PLACEHOLDER","hardware_placeholder","base","J1","-92.00000000000001","1.1254921237303546e-14","-4.5553224863900565","0","0","0","1","PLACEHOLDER","FASTENER ENVELOPE / LENGTH TBD / F-J1-001 | origin: part centroid, axes parallel rigid frame"
"F_J1_001_03_HeadWasher","02_PARTS_STEP/HARDWARE_PLACEHOLDER/F_J1_001_03_HeadWasher.step","1","HARDWARE_PLACEHOLDER","hardware_placeholder","base","J1","-91.99999999999999","1.2181479937222561e-14","4.999999999999999","0","0","0","1","PLACEHOLDER","FASTENER ENVELOPE / LENGTH TBD / F-J1-001 | origin: part centroid, axes parallel rigid frame"
"F_J1_001_03_LockNut","02_PARTS_STEP/HARDWARE_PLACEHOLDER/F_J1_001_03_LockNut.step","1","HARDWARE_PLACEHOLDER","hardware_placeholder","base","J1","-92","1.1062225923465391e-14","-23.5","0","0","0","1","PLACEHOLDER","FASTENER ENVELOPE / LENGTH TBD / F-J1-001 | origin: part centroid, axes parallel rigid frame"
"F_J1_001_03_NutWasher","02_PARTS_STEP/HARDWARE_PLACEHOLDER/F_J1_001_03_NutWasher.step","1","HARDWARE_PLACEHOLDER","hardware_placeholder","base","J1","-91.99999999999999","1.2181479937222561e-14","-20.5","0","0","0","1","PLACEHOLDER","FASTENER ENVELOPE / LENGTH TBD / F-J1-001 | origin: part centroid, axes parallel rigid frame"
"F_J1_001_04_Bolt","02_PARTS_STEP/HARDWARE_PLACEHOLDER/F_J1_001_04_Bolt.step","1","HARDWARE_PLACEHOLDER","hardware_placeholder","base","J1","-1.6564367966963373e-14","-92","-4.555322486390056","0","0","0","1","PLACEHOLDER","FASTENER ENVELOPE / LENGTH TBD / F-J1-001 | origin: part centroid, axes parallel rigid frame"
"F_J1_001_04_HeadWasher","02_PARTS_STEP/HARDWARE_PLACEHOLDER/F_J1_001_04_HeadWasher.step","1","HARDWARE_PLACEHOLDER","hardware_placeholder","base","J1","-1.7842981056140642e-14","-92","5.000000000000001","0","0","0","1","PLACEHOLDER","FASTENER ENVELOPE / LENGTH TBD / F-J1-001 | origin: part centroid, axes parallel rigid frame"
"F_J1_001_04_LockNut","02_PARTS_STEP/HARDWARE_PLACEHOLDER/F_J1_001_04_LockNut.step","1","HARDWARE_PLACEHOLDER","hardware_placeholder","base","J1","-1.640713386010224e-14","-92.00000000000001","-23.499999999999996","0","0","0","1","PLACEHOLDER","FASTENER ENVELOPE / LENGTH TBD / F-J1-001 | origin: part centroid, axes parallel rigid frame"
"F_J1_001_04_NutWasher","02_PARTS_STEP/HARDWARE_PLACEHOLDER/F_J1_001_04_NutWasher.step","1","HARDWARE_PLACEHOLDER","hardware_placeholder","base","J1","-1.7842981056140642e-14","-92","-20.500000000000007","0","0","0","1","PLACEHOLDER","FASTENER ENVELOPE / LENGTH TBD / F-J1-001 | origin: part centroid, axes parallel rigid frame"
"F_J1_002_01_Bolt","02_PARTS_STEP/HARDWARE_PLACEHOLDER/F_J1_002_01_Bolt.step","1","HARDWARE_PLACEHOLDER","hardware_placeholder","base","J1","33.23401871576774","33.23401871576774","87.38742101022098","0","0","0","1","PLACEHOLDER","FASTENER ENVELOPE / LENGTH TBD / F-J1-002 | origin: part centroid, axes parallel rigid frame"
"F_J1_002_01_LockNut","02_PARTS_STEP/HARDWARE_PLACEHOLDER/F_J1_002_01_LockNut.step","1","HARDWARE_PLACEHOLDER","hardware_placeholder","base","J1","33.23401871576774","33.23401871576773","76.5","0","0","0","1","PLACEHOLDER","FASTENER ENVELOPE / LENGTH TBD / F-J1-002 | origin: part centroid, axes parallel rigid frame"
"F_J1_002_02_Bolt","02_PARTS_STEP/HARDWARE_PLACEHOLDER/F_J1_002_02_Bolt.step","1","HARDWARE_PLACEHOLDER","hardware_placeholder","base","J1","-33.23401871576773","33.23401871576773","87.38742101022096","0","0","0","1","PLACEHOLDER","FASTENER ENVELOPE / LENGTH TBD / F-J1-002 | origin: part centroid, axes parallel rigid frame"
"F_J1_002_02_LockNut","02_PARTS_STEP/HARDWARE_PLACEHOLDER/F_J1_002_02_LockNut.step","1","HARDWARE_PLACEHOLDER","hardware_placeholder","base","J1","-33.23401871576772","33.23401871576773","76.49999999999999","0","0","0","1","PLACEHOLDER","FASTENER ENVELOPE / LENGTH TBD / F-J1-002 | origin: part centroid, axes parallel rigid frame"
"F_J1_002_03_Bolt","02_PARTS_STEP/HARDWARE_PLACEHOLDER/F_J1_002_03_Bolt.step","1","HARDWARE_PLACEHOLDER","hardware_placeholder","base","J1","-33.23401871576774","-33.23401871576773","87.38742101022096","0","0","0","1","PLACEHOLDER","FASTENER ENVELOPE / LENGTH TBD / F-J1-002 | origin: part centroid, axes parallel rigid frame"
"F_J1_002_03_LockNut","02_PARTS_STEP/HARDWARE_PLACEHOLDER/F_J1_002_03_LockNut.step","1","HARDWARE_PLACEHOLDER","hardware_placeholder","base","J1","-33.234018715767746","-33.23401871576773","76.49999999999999","0","0","0","1","PLACEHOLDER","FASTENER ENVELOPE / LENGTH TBD / F-J1-002 | origin: part centroid, axes parallel rigid frame"
"F_J1_002_04_Bolt","02_PARTS_STEP/HARDWARE_PLACEHOLDER/F_J1_002_04_Bolt.step","1","HARDWARE_PLACEHOLDER","hardware_placeholder","base","J1","33.234018715767725","-33.23401871576774","87.38742101022096","0","0","0","1","PLACEHOLDER","FASTENER ENVELOPE / LENGTH TBD / F-J1-002 | origin: part centroid, axes parallel rigid frame"
"F_J1_002_04_LockNut","02_PARTS_STEP/HARDWARE_PLACEHOLDER/F_J1_002_04_LockNut.step","1","HARDWARE_PLACEHOLDER","hardware_placeholder","base","J1","33.234018715767725","-33.234018715767746","76.5","0","0","0","1","PLACEHOLDER","FASTENER ENVELOPE / LENGTH TBD / F-J1-002 | origin: part centroid, axes parallel rigid frame"
"F_J1_003_01_Bolt","02_PARTS_STEP/HARDWARE_PLACEHOLDER/F_J1_003_01_Bolt.step","1","HARDWARE_PLACEHOLDER","hardware_placeholder","base","J1","40.305086527633215","40.305086527633215","94.35902960268706","0","0","0","1","PLACEHOLDER","FASTENER ENVELOPE / LENGTH TBD / F-J1-003 | origin: part centroid, axes parallel rigid frame"
"F_J1_003_01_HeadWasher","02_PARTS_STEP/HARDWARE_PLACEHOLDER/F_J1_003_01_HeadWasher.step","1","HARDWARE_PLACEHOLDER","hardware_placeholder","base","J1","40.305086527633215","40.30508652763321","105.64999999999999","0","0","0","1","PLACEHOLDER","FASTENER ENVELOPE / LENGTH TBD / F-J1-003 | origin: part centroid, axes parallel rigid frame"
"F_J1_003_01_LockNut","02_PARTS_STEP/HARDWARE_PLACEHOLDER/F_J1_003_01_LockNut.step","1","HARDWARE_PLACEHOLDER","hardware_placeholder","base","J1","40.30508652763321","40.3050865276332","76.00000000000003","0","0","0","1","PLACEHOLDER","FASTENER ENVELOPE / LENGTH TBD / F-J1-003 | origin: part centroid, axes parallel rigid frame"
"F_J1_003_01_NutWasher","02_PARTS_STEP/HARDWARE_PLACEHOLDER/F_J1_003_01_NutWasher.step","1","HARDWARE_PLACEHOLDER","hardware_placeholder","base","J1","40.30508652763322","40.305086527633215","78.25","0","0","0","1","PLACEHOLDER","FASTENER ENVELOPE / LENGTH TBD / F-J1-003 | origin: part centroid, axes parallel rigid frame"
"F_J1_003_02_Bolt","02_PARTS_STEP/HARDWARE_PLACEHOLDER/F_J1_003_02_Bolt.step","1","HARDWARE_PLACEHOLDER","hardware_placeholder","base","J1","-40.3050865276332","40.30508652763322","94.35902960268704","0","0","0","1","PLACEHOLDER","FASTENER ENVELOPE / LENGTH TBD / F-J1-003 | origin: part centroid, axes parallel rigid frame"
"F_J1_003_02_HeadWasher","02_PARTS_STEP/HARDWARE_PLACEHOLDER/F_J1_003_02_HeadWasher.step","1","HARDWARE_PLACEHOLDER","hardware_placeholder","base","J1","-40.30508652763319","40.30508652763321","105.65000000000002","0","0","0","1","PLACEHOLDER","FASTENER ENVELOPE / LENGTH TBD / F-J1-003 | origin: part centroid, axes parallel rigid frame"
"F_J1_003_02_LockNut","02_PARTS_STEP/HARDWARE_PLACEHOLDER/F_J1_003_02_LockNut.step","1","HARDWARE_PLACEHOLDER","hardware_placeholder","base","J1","-40.305086527633215","40.30508652763321","75.99999999999999","0","0","0","1","PLACEHOLDER","FASTENER ENVELOPE / LENGTH TBD / F-J1-003 | origin: part centroid, axes parallel rigid frame"
"F_J1_003_02_NutWasher","02_PARTS_STEP/HARDWARE_PLACEHOLDER/F_J1_003_02_NutWasher.step","1","HARDWARE_PLACEHOLDER","hardware_placeholder","base","J1","-40.30508652763321","40.30508652763321","78.25000000000001","0","0","0","1","PLACEHOLDER","FASTENER ENVELOPE / LENGTH TBD / F-J1-003 | origin: part centroid, axes parallel rigid frame"
"F_J1_003_03_Bolt","02_PARTS_STEP/HARDWARE_PLACEHOLDER/F_J1_003_03_Bolt.step","1","HARDWARE_PLACEHOLDER","hardware_placeholder","base","J1","-40.305086527633215","-40.30508652763321","94.35902960268703","0","0","0","1","PLACEHOLDER","FASTENER ENVELOPE / LENGTH TBD / F-J1-003 | origin: part centroid, axes parallel rigid frame"
"F_J1_003_03_HeadWasher","02_PARTS_STEP/HARDWARE_PLACEHOLDER/F_J1_003_03_HeadWasher.step","1","HARDWARE_PLACEHOLDER","hardware_placeholder","base","J1","-40.305086527633215","-40.305086527633215","105.65000000000003","0","0","0","1","PLACEHOLDER","FASTENER ENVELOPE / LENGTH TBD / F-J1-003 | origin: part centroid, axes parallel rigid frame"
"F_J1_003_03_LockNut","02_PARTS_STEP/HARDWARE_PLACEHOLDER/F_J1_003_03_LockNut.step","1","HARDWARE_PLACEHOLDER","hardware_placeholder","base","J1","-40.305086527633215","-40.30508652763321","76.00000000000003","0","0","0","1","PLACEHOLDER","FASTENER ENVELOPE / LENGTH TBD / F-J1-003 | origin: part centroid, axes parallel rigid frame"
"F_J1_003_03_NutWasher","02_PARTS_STEP/HARDWARE_PLACEHOLDER/F_J1_003_03_NutWasher.step","1","HARDWARE_PLACEHOLDER","hardware_placeholder","base","J1","-40.30508652763321","-40.3050865276332","78.25","0","0","0","1","PLACEHOLDER","FASTENER ENVELOPE / LENGTH TBD / F-J1-003 | origin: part centroid, axes parallel rigid frame"
"F_J1_003_04_Bolt","02_PARTS_STEP/HARDWARE_PLACEHOLDER/F_J1_003_04_Bolt.step","1","HARDWARE_PLACEHOLDER","hardware_placeholder","base","J1","40.3050865276332","-40.30508652763321","94.35902960268703","0","0","0","1","PLACEHOLDER","FASTENER ENVELOPE / LENGTH TBD / F-J1-003 | origin: part centroid, axes parallel rigid frame"
"F_J1_003_04_HeadWasher","02_PARTS_STEP/HARDWARE_PLACEHOLDER/F_J1_003_04_HeadWasher.step","1","HARDWARE_PLACEHOLDER","hardware_placeholder","base","J1","40.30508652763321","-40.305086527633215","105.65000000000002","0","0","0","1","PLACEHOLDER","FASTENER ENVELOPE / LENGTH TBD / F-J1-003 | origin: part centroid, axes parallel rigid frame"
"F_J1_003_04_LockNut","02_PARTS_STEP/HARDWARE_PLACEHOLDER/F_J1_003_04_LockNut.step","1","HARDWARE_PLACEHOLDER","hardware_placeholder","base","J1","40.30508652763322","-40.305086527633215","76","0","0","0","1","PLACEHOLDER","FASTENER ENVELOPE / LENGTH TBD / F-J1-003 | origin: part centroid, axes parallel rigid frame"
"F_J1_003_04_NutWasher","02_PARTS_STEP/HARDWARE_PLACEHOLDER/F_J1_003_04_NutWasher.step","1","HARDWARE_PLACEHOLDER","hardware_placeholder","base","J1","40.3050865276332","-40.30508652763323","78.25000000000001","0","0","0","1","PLACEHOLDER","FASTENER ENVELOPE / LENGTH TBD / F-J1-003 | origin: part centroid, axes parallel rigid frame"
"F_J1_004_01_Bolt","02_PARTS_STEP/HARDWARE_PLACEHOLDER/F_J1_004_01_Bolt.step","1","HARDWARE_PLACEHOLDER","hardware_placeholder","yaw","J1","25.000000000000004","-2.1485379041310696e-17","117.560425046527","0","0","0","1","PLACEHOLDER","FASTENER ENVELOPE / LENGTH TBD / F-J1-004 | origin: part centroid, axes parallel rigid frame"
"F_J1_004_02_Bolt","02_PARTS_STEP/HARDWARE_PLACEHOLDER/F_J1_004_02_Bolt.step","1","HARDWARE_PLACEHOLDER","hardware_placeholder","yaw","J1","-25","1.671424573970841e-17","117.56042504652699","0","0","0","1","PLACEHOLDER","FASTENER ENVELOPE / LENGTH TBD / F-J1-004 | origin: part centroid, axes parallel rigid frame"
"F_J1_004_03_Bolt","02_PARTS_STEP/HARDWARE_PLACEHOLDER/F_J1_004_03_Bolt.step","1","HARDWARE_PLACEHOLDER","hardware_placeholder","yaw","J1","1.414400210550349e-16","45","117.560425046527","0","0","0","1","PLACEHOLDER","FASTENER ENVELOPE / LENGTH TBD / F-J1-004 | origin: part centroid, axes parallel rigid frame"
"F_J1_004_04_Bolt","02_PARTS_STEP/HARDWARE_PLACEHOLDER/F_J1_004_04_Bolt.step","1","HARDWARE_PLACEHOLDER","hardware_placeholder","yaw","J1","1.414400210550349e-16","-45","117.560425046527","0","0","0","1","PLACEHOLDER","FASTENER ENVELOPE / LENGTH TBD / F-J1-004 | origin: part centroid, axes parallel rigid frame"
"F_J1_005_01_Bolt","02_PARTS_STEP/HARDWARE_PLACEHOLDER/F_J1_005_01_Bolt.step","1","HARDWARE_PLACEHOLDER","hardware_placeholder","base","J1","-31.03418","-21.05064","92.09259105185433","0","0","0","1","PLACEHOLDER","FASTENER ENVELOPE / LENGTH TBD / F-J1-005 | origin: part centroid, axes parallel rigid frame"
"F_J1_005_02_Bolt","02_PARTS_STEP/HARDWARE_PLACEHOLDER/F_J1_005_02_Bolt.step","1","HARDWARE_PLACEHOLDER","hardware_placeholder","base","J1","-37.30465","3.82266","92.09259105185431","0","0","0","1","PLACEHOLDER","FASTENER ENVELOPE / LENGTH TBD / F-J1-005 | origin: part centroid, axes parallel rigid frame"
"F_J1_005_03_Bolt","02_PARTS_STEP/HARDWARE_PLACEHOLDER/F_J1_005_03_Bolt.step","1","HARDWARE_PLACEHOLDER","hardware_placeholder","base","J1","-26.119870000000002","26.907300000000003","92.09259105185433","0","0","0","1","PLACEHOLDER","FASTENER ENVELOPE / LENGTH TBD / F-J1-005 | origin: part centroid, axes parallel rigid frame"
"F_J1_005_04_Bolt","02_PARTS_STEP/HARDWARE_PLACEHOLDER/F_J1_005_04_Bolt.step","1","HARDWARE_PLACEHOLDER","hardware_placeholder","base","J1","-2.713299999999999","37.40171","92.09259105185433","0","0","0","1","PLACEHOLDER","FASTENER ENVELOPE / LENGTH TBD / F-J1-005 | origin: part centroid, axes parallel rigid frame"
"F_J1_005_05_Bolt","02_PARTS_STEP/HARDWARE_PLACEHOLDER/F_J1_005_05_Bolt.step","1","HARDWARE_PLACEHOLDER","hardware_placeholder","base","J1","21.96285","30.395450000000004","92.09259105185433","0","0","0","1","PLACEHOLDER","FASTENER ENVELOPE / LENGTH TBD / F-J1-005 | origin: part centroid, axes parallel rigid frame"
"F_J1_005_06_Bolt","02_PARTS_STEP/HARDWARE_PLACEHOLDER/F_J1_005_06_Bolt.step","1","HARDWARE_PLACEHOLDER","hardware_placeholder","base","J1","36.36233","9.16682","92.09259105185433","0","0","0","1","PLACEHOLDER","FASTENER ENVELOPE / LENGTH TBD / F-J1-005 | origin: part centroid, axes parallel rigid frame"
"F_J1_005_07_Bolt","02_PARTS_STEP/HARDWARE_PLACEHOLDER/F_J1_005_07_Bolt.step","1","HARDWARE_PLACEHOLDER","hardware_placeholder","base","J1","33.74748","-16.351069999999996","92.09259105185431","0","0","0","1","PLACEHOLDER","FASTENER ENVELOPE / LENGTH TBD / F-J1-005 | origin: part centroid, axes parallel rigid frame"
"F_J1_005_08_Bolt","02_PARTS_STEP/HARDWARE_PLACEHOLDER/F_J1_005_08_Bolt.step","1","HARDWARE_PLACEHOLDER","hardware_placeholder","base","J1","15.341810000000002","-34.21811","92.09259105185431","0","0","0","1","PLACEHOLDER","FASTENER ENVELOPE / LENGTH TBD / F-J1-005 | origin: part centroid, axes parallel rigid frame"
"F_J1_005_09_Bolt","02_PARTS_STEP/HARDWARE_PLACEHOLDER/F_J1_005_09_Bolt.step","1","HARDWARE_PLACEHOLDER","hardware_placeholder","base","J1","-10.242470000000003","-36.07412","92.09259105185433","0","0","0","1","PLACEHOLDER","FASTENER ENVELOPE / LENGTH TBD / F-J1-005 | origin: part centroid, axes parallel rigid frame"
"F_J2_001_01_Bolt","02_PARTS_STEP/HARDWARE_PLACEHOLDER/F_J2_001_01_Bolt.step","1","HARDWARE_PLACEHOLDER","hardware_placeholder","yaw","J2","-31.034180000000013","22.752053271335072","201.05064000000004","0","0","0","1","PLACEHOLDER","FASTENER ENVELOPE / LENGTH TBD / F-J2-001 | origin: part centroid, axes parallel rigid frame"
"F_J2_001_02_Bolt","02_PARTS_STEP/HARDWARE_PLACEHOLDER/F_J2_001_02_Bolt.step","1","HARDWARE_PLACEHOLDER","hardware_placeholder","yaw","J2","-37.30465000000002","22.752053271335072","176.17734000000002","0","0","0","1","PLACEHOLDER","FASTENER ENVELOPE / LENGTH TBD / F-J2-001 | origin: part centroid, axes parallel rigid frame"
"F_J2_001_03_Bolt","02_PARTS_STEP/HARDWARE_PLACEHOLDER/F_J2_001_03_Bolt.step","1","HARDWARE_PLACEHOLDER","hardware_placeholder","yaw","J2","-26.119870000000006","22.75205327133507","153.09269999999998","0","0","0","1","PLACEHOLDER","FASTENER ENVELOPE / LENGTH TBD / F-J2-001 | origin: part centroid, axes parallel rigid frame"
"F_J2_001_04_Bolt","02_PARTS_STEP/HARDWARE_PLACEHOLDER/F_J2_001_04_Bolt.step","1","HARDWARE_PLACEHOLDER","hardware_placeholder","yaw","J2","-2.7133000000000003","22.752053271335072","142.59828999999996","0","0","0","1","PLACEHOLDER","FASTENER ENVELOPE / LENGTH TBD / F-J2-001 | origin: part centroid, axes parallel rigid frame"
"F_J2_001_05_Bolt","02_PARTS_STEP/HARDWARE_PLACEHOLDER/F_J2_001_05_Bolt.step","1","HARDWARE_PLACEHOLDER","hardware_placeholder","yaw","J2","21.96285","22.75205327133507","149.60455","0","0","0","1","PLACEHOLDER","FASTENER ENVELOPE / LENGTH TBD / F-J2-001 | origin: part centroid, axes parallel rigid frame"
"F_J2_001_06_Bolt","02_PARTS_STEP/HARDWARE_PLACEHOLDER/F_J2_001_06_Bolt.step","1","HARDWARE_PLACEHOLDER","hardware_placeholder","yaw","J2","36.362330000000014","22.752053271335072","170.83318000000003","0","0","0","1","PLACEHOLDER","FASTENER ENVELOPE / LENGTH TBD / F-J2-001 | origin: part centroid, axes parallel rigid frame"
"F_J2_001_07_Bolt","02_PARTS_STEP/HARDWARE_PLACEHOLDER/F_J2_001_07_Bolt.step","1","HARDWARE_PLACEHOLDER","hardware_placeholder","yaw","J2","33.74748000000001","22.752053271335072","196.35107000000002","0","0","0","1","PLACEHOLDER","FASTENER ENVELOPE / LENGTH TBD / F-J2-001 | origin: part centroid, axes parallel rigid frame"
"F_J2_001_08_Bolt","02_PARTS_STEP/HARDWARE_PLACEHOLDER/F_J2_001_08_Bolt.step","1","HARDWARE_PLACEHOLDER","hardware_placeholder","yaw","J2","15.341810000000004","22.752053271335072","214.21811000000005","0","0","0","1","PLACEHOLDER","FASTENER ENVELOPE / LENGTH TBD / F-J2-001 | origin: part centroid, axes parallel rigid frame"
"F_J2_001_09_Bolt","02_PARTS_STEP/HARDWARE_PLACEHOLDER/F_J2_001_09_Bolt.step","1","HARDWARE_PLACEHOLDER","hardware_placeholder","yaw","J2","-10.242470000000003","22.752053271335072","216.07412000000002","0","0","0","1","PLACEHOLDER","FASTENER ENVELOPE / LENGTH TBD / F-J2-001 | origin: part centroid, axes parallel rigid frame"
"F_J3_001_01_Bolt","02_PARTS_STEP/HARDWARE_PLACEHOLDER/F_J3_001_01_Bolt.step","1","HARDWARE_PLACEHOLDER","hardware_placeholder","upper","J3","161.31699236958485","22.75205327133507","420.66824166373374","0","-0.4383711467890774","0","0.898794046299167","PLACEHOLDER","FASTENER ENVELOPE / LENGTH TBD / F-J3-001 | origin: part centroid, axes parallel rigid frame"
"F_J3_001_02_Bolt","02_PARTS_STEP/HARDWARE_PLACEHOLDER/F_J3_001_02_Bolt.step","1","HARDWARE_PLACEHOLDER","hardware_placeholder","upper","J3","177.05693343608564","22.75205327133507","400.41351129934765","0","-0.4383711467890774","0","0.898794046299167","PLACEHOLDER","FASTENER ENVELOPE / LENGTH TBD / F-J3-001 | origin: part centroid, axes parallel rigid frame"
"F_J3_001_03_Bolt","02_PARTS_STEP/HARDWARE_PLACEHOLDER/F_J3_001_03_Bolt.step","1","HARDWARE_PLACEHOLDER","hardware_placeholder","upper","J3","202.1339161552184","22.752053271335065","395.0149146963113","0","-0.4383711467890774","0","0.898794046299167","PLACEHOLDER","FASTENER ENVELOPE / LENGTH TBD / F-J3-001 | origin: part centroid, axes parallel rigid frame"
"F_J3_001_04_Bolt","02_PARTS_STEP/HARDWARE_PLACEHOLDER/F_J3_001_04_Bolt.step","1","HARDWARE_PLACEHOLDER","hardware_placeholder","upper","J3","224.81414750648963","22.75205327133507","406.99853961808753","0","-0.4383711467890774","0","0.898794046299167","PLACEHOLDER","FASTENER ENVELOPE / LENGTH TBD / F-J3-001 | origin: part centroid, axes parallel rigid frame"
"F_J3_001_05_Bolt","02_PARTS_STEP/HARDWARE_PLACEHOLDER/F_J3_001_05_Bolt.step","1","HARDWARE_PLACEHOLDER","hardware_placeholder","upper","J3","234.48529419828225","22.752053271335065","430.7570955438151","0","-0.4383711467890774","0","0.898794046299167","PLACEHOLDER","FASTENER ENVELOPE / LENGTH TBD / F-J3-001 | origin: part centroid, axes parallel rigid frame"
"F_J3_001_06_Bolt","02_PARTS_STEP/HARDWARE_PLACEHOLDER/F_J3_001_06_Bolt.step","1","HARDWARE_PLACEHOLDER","hardware_placeholder","upper","J3","226.6221105746663","22.75205327133507","455.1736902951026","0","-0.4383711467890774","0","0.898794046299167","PLACEHOLDER","FASTENER ENVELOPE / LENGTH TBD / F-J3-001 | origin: part centroid, axes parallel rigid frame"
"F_J3_001_07_Bolt","02_PARTS_STEP/HARDWARE_PLACEHOLDER/F_J3_001_07_Bolt.step","1","HARDWARE_PLACEHOLDER","hardware_placeholder","upper","J3","204.9038764365576","22.75205327133507","468.823542180632","0","-0.4383711467890774","0","0.898794046299167","PLACEHOLDER","FASTENER ENVELOPE / LENGTH TBD / F-J3-001 | origin: part centroid, axes parallel rigid frame"
"F_J3_001_08_Bolt","02_PARTS_STEP/HARDWARE_PLACEHOLDER/F_J3_001_08_Bolt.step","1","HARDWARE_PLACEHOLDER","hardware_placeholder","upper","J3","179.4927948348789","22.75205327133507","465.3197244993978","0","-0.4383711467890774","0","0.898794046299167","PLACEHOLDER","FASTENER ENVELOPE / LENGTH TBD / F-J3-001 | origin: part centroid, axes parallel rigid frame"
"F_J3_001_09_Bolt","02_PARTS_STEP/HARDWARE_PLACEHOLDER/F_J3_001_09_Bolt.step","1","HARDWARE_PLACEHOLDER","hardware_placeholder","upper","J3","162.27898342613256","22.75205327133507","446.30171059093163","0","-0.4383711467890774","0","0.898794046299167","PLACEHOLDER","FASTENER ENVELOPE / LENGTH TBD / F-J3-001 | origin: part centroid, axes parallel rigid frame"
"F_J4_001_01_Bolt","02_PARTS_STEP/HARDWARE_PLACEHOLDER/F_J4_001_01_Bolt.step","1","HARDWARE_PLACEHOLDER","hardware_placeholder","fore","J4","228.04585210421067","-21.05064","347.4113878828159","0","-0.7071067811865477","0","-0.7071067811865475","PLACEHOLDER","FASTENER ENVELOPE / LENGTH TBD / F-J4-001 | origin: part centroid, axes parallel rigid frame"
"F_J4_001_02_Bolt","02_PARTS_STEP/HARDWARE_PLACEHOLDER/F_J4_001_02_Bolt.step","1","HARDWARE_PLACEHOLDER","hardware_placeholder","fore","J4","234.31632210421066","3.822660000000001","347.411387882816","0","-0.7071067811865477","0","-0.7071067811865475","PLACEHOLDER","FASTENER ENVELOPE / LENGTH TBD / F-J4-001 | origin: part centroid, axes parallel rigid frame"
"F_J4_001_03_Bolt","02_PARTS_STEP/HARDWARE_PLACEHOLDER/F_J4_001_03_Bolt.step","1","HARDWARE_PLACEHOLDER","hardware_placeholder","fore","J4","223.13154210421067","26.907300000000003","347.4113878828159","0","-0.7071067811865477","0","-0.7071067811865475","PLACEHOLDER","FASTENER ENVELOPE / LENGTH TBD / F-J4-001 | origin: part centroid, axes parallel rigid frame"
"F_J4_001_04_Bolt","02_PARTS_STEP/HARDWARE_PLACEHOLDER/F_J4_001_04_Bolt.step","1","HARDWARE_PLACEHOLDER","hardware_placeholder","fore","J4","199.72497210421065","37.401710000000016","347.411387882816","0","-0.7071067811865477","0","-0.7071067811865475","PLACEHOLDER","FASTENER ENVELOPE / LENGTH TBD / F-J4-001 | origin: part centroid, axes parallel rigid frame"
"F_J4_001_05_Bolt","02_PARTS_STEP/HARDWARE_PLACEHOLDER/F_J4_001_05_Bolt.step","1","HARDWARE_PLACEHOLDER","hardware_placeholder","fore","J4","175.04882210421064","30.395450000000004","347.411387882816","0","-0.7071067811865477","0","-0.7071067811865475","PLACEHOLDER","FASTENER ENVELOPE / LENGTH TBD / F-J4-001 | origin: part centroid, axes parallel rigid frame"
"F_J4_001_06_Bolt","02_PARTS_STEP/HARDWARE_PLACEHOLDER/F_J4_001_06_Bolt.step","1","HARDWARE_PLACEHOLDER","hardware_placeholder","fore","J4","160.64934210421063","9.166820000000001","347.411387882816","0","-0.7071067811865477","0","-0.7071067811865475","PLACEHOLDER","FASTENER ENVELOPE / LENGTH TBD / F-J4-001 | origin: part centroid, axes parallel rigid frame"
"F_J4_001_07_Bolt","02_PARTS_STEP/HARDWARE_PLACEHOLDER/F_J4_001_07_Bolt.step","1","HARDWARE_PLACEHOLDER","hardware_placeholder","fore","J4","163.26419210421062","-16.351070000000004","347.411387882816","0","-0.7071067811865477","0","-0.7071067811865475","PLACEHOLDER","FASTENER ENVELOPE / LENGTH TBD / F-J4-001 | origin: part centroid, axes parallel rigid frame"
"F_J4_001_08_Bolt","02_PARTS_STEP/HARDWARE_PLACEHOLDER/F_J4_001_08_Bolt.step","1","HARDWARE_PLACEHOLDER","hardware_placeholder","fore","J4","181.66986210421064","-34.21811000000002","347.411387882816","0","-0.7071067811865477","0","-0.7071067811865475","PLACEHOLDER","FASTENER ENVELOPE / LENGTH TBD / F-J4-001 | origin: part centroid, axes parallel rigid frame"
"F_J4_001_09_Bolt","02_PARTS_STEP/HARDWARE_PLACEHOLDER/F_J4_001_09_Bolt.step","1","HARDWARE_PLACEHOLDER","hardware_placeholder","fore","J4","207.25414210421064","-36.07412000000001","347.4113878828159","0","-0.7071067811865477","0","-0.7071067811865475","PLACEHOLDER","FASTENER ENVELOPE / LENGTH TBD / F-J4-001 | origin: part centroid, axes parallel rigid frame"
"F_J5_001_01_Bolt","02_PARTS_STEP/HARDWARE_PLACEHOLDER/F_J5_001_01_Bolt.step","1","HARDWARE_PLACEHOLDER","hardware_placeholder","roll","J5","218.06231210421058","2.7520532713350705","113.19762115415097","0","-0.7071067811865477","0","-0.7071067811865475","PLACEHOLDER","FASTENER ENVELOPE / LENGTH TBD / F-J5-001 | origin: part centroid, axes parallel rigid frame"
"F_J5_001_02_Bolt","02_PARTS_STEP/HARDWARE_PLACEHOLDER/F_J5_001_02_Bolt.step","1","HARDWARE_PLACEHOLDER","hardware_placeholder","roll","J5","193.18901210421058","2.7520532713350696","119.46809115415098","0","-0.7071067811865477","0","-0.7071067811865475","PLACEHOLDER","FASTENER ENVELOPE / LENGTH TBD / F-J5-001 | origin: part centroid, axes parallel rigid frame"
"F_J5_001_03_Bolt","02_PARTS_STEP/HARDWARE_PLACEHOLDER/F_J5_001_03_Bolt.step","1","HARDWARE_PLACEHOLDER","hardware_placeholder","roll","J5","170.10437210421057","2.752053271335069","108.28331115415098","0","-0.7071067811865477","0","-0.7071067811865475","PLACEHOLDER","FASTENER ENVELOPE / LENGTH TBD / F-J5-001 | origin: part centroid, axes parallel rigid frame"
"F_J5_001_04_Bolt","02_PARTS_STEP/HARDWARE_PLACEHOLDER/F_J5_001_04_Bolt.step","1","HARDWARE_PLACEHOLDER","hardware_placeholder","roll","J5","159.60996210421055","2.7520532713350696","84.87674115415098","0","-0.7071067811865477","0","-0.7071067811865475","PLACEHOLDER","FASTENER ENVELOPE / LENGTH TBD / F-J5-001 | origin: part centroid, axes parallel rigid frame"
"F_J5_001_05_Bolt","02_PARTS_STEP/HARDWARE_PLACEHOLDER/F_J5_001_05_Bolt.step","1","HARDWARE_PLACEHOLDER","hardware_placeholder","roll","J5","166.61622210421055","2.7520532713350705","60.200591154150956","0","-0.7071067811865477","0","-0.7071067811865475","PLACEHOLDER","FASTENER ENVELOPE / LENGTH TBD / F-J5-001 | origin: part centroid, axes parallel rigid frame"
"F_J5_001_06_Bolt","02_PARTS_STEP/HARDWARE_PLACEHOLDER/F_J5_001_06_Bolt.step","1","HARDWARE_PLACEHOLDER","hardware_placeholder","roll","J5","187.84485210421056","2.75205327133507","45.80111115415092","0","-0.7071067811865477","0","-0.7071067811865475","PLACEHOLDER","FASTENER ENVELOPE / LENGTH TBD / F-J5-001 | origin: part centroid, axes parallel rigid frame"
"F_J5_001_07_Bolt","02_PARTS_STEP/HARDWARE_PLACEHOLDER/F_J5_001_07_Bolt.step","1","HARDWARE_PLACEHOLDER","hardware_placeholder","roll","J5","213.36274210421055","2.75205327133507","48.41596115415095","0","-0.7071067811865477","0","-0.7071067811865475","PLACEHOLDER","FASTENER ENVELOPE / LENGTH TBD / F-J5-001 | origin: part centroid, axes parallel rigid frame"
"F_J5_001_08_Bolt","02_PARTS_STEP/HARDWARE_PLACEHOLDER/F_J5_001_08_Bolt.step","1","HARDWARE_PLACEHOLDER","hardware_placeholder","roll","J5","231.22978210421059","2.75205327133507","66.82163115415092","0","-0.7071067811865477","0","-0.7071067811865475","PLACEHOLDER","FASTENER ENVELOPE / LENGTH TBD / F-J5-001 | origin: part centroid, axes parallel rigid frame"
"F_J5_001_09_Bolt","02_PARTS_STEP/HARDWARE_PLACEHOLDER/F_J5_001_09_Bolt.step","1","HARDWARE_PLACEHOLDER","hardware_placeholder","roll","J5","233.08579210421058","2.752053271335069","92.40591115415094","0","-0.7071067811865477","0","-0.7071067811865475","PLACEHOLDER","FASTENER ENVELOPE / LENGTH TBD / F-J5-001 | origin: part centroid, axes parallel rigid frame"
"F_J6_001_01_Bolt","02_PARTS_STEP/HARDWARE_PLACEHOLDER/F_J6_001_01_Bolt.step","1","HARDWARE_PLACEHOLDER","hardware_placeholder","pitch","J6","285.7637253755456","-21.05064","113.19762115415094","0","-1.1102230246251565e-16","0","-1","PLACEHOLDER","FASTENER ENVELOPE / LENGTH TBD / F-J6-001 | origin: part centroid, axes parallel rigid frame"
"F_J6_001_02_Bolt","02_PARTS_STEP/HARDWARE_PLACEHOLDER/F_J6_001_02_Bolt.step","1","HARDWARE_PLACEHOLDER","hardware_placeholder","pitch","J6","285.7637253755456","3.822660000000001","119.46809115415095","0","-1.1102230246251565e-16","0","-1","PLACEHOLDER","FASTENER ENVELOPE / LENGTH TBD / F-J6-001 | origin: part centroid, axes parallel rigid frame"
"F_J6_001_03_Bolt","02_PARTS_STEP/HARDWARE_PLACEHOLDER/F_J6_001_03_Bolt.step","1","HARDWARE_PLACEHOLDER","hardware_placeholder","pitch","J6","285.7637253755456","26.907300000000003","108.28331115415095","0","-1.1102230246251565e-16","0","-1","PLACEHOLDER","FASTENER ENVELOPE / LENGTH TBD / F-J6-001 | origin: part centroid, axes parallel rigid frame"
"F_J6_001_04_Bolt","02_PARTS_STEP/HARDWARE_PLACEHOLDER/F_J6_001_04_Bolt.step","1","HARDWARE_PLACEHOLDER","hardware_placeholder","pitch","J6","285.7637253755456","37.401710000000016","84.87674115415093","0","-1.1102230246251565e-16","0","-1","PLACEHOLDER","FASTENER ENVELOPE / LENGTH TBD / F-J6-001 | origin: part centroid, axes parallel rigid frame"
"F_J6_001_05_Bolt","02_PARTS_STEP/HARDWARE_PLACEHOLDER/F_J6_001_05_Bolt.step","1","HARDWARE_PLACEHOLDER","hardware_placeholder","pitch","J6","285.7637253755456","30.395450000000004","60.20059115415094","0","-1.1102230246251565e-16","0","-1","PLACEHOLDER","FASTENER ENVELOPE / LENGTH TBD / F-J6-001 | origin: part centroid, axes parallel rigid frame"
"F_J6_001_06_Bolt","02_PARTS_STEP/HARDWARE_PLACEHOLDER/F_J6_001_06_Bolt.step","1","HARDWARE_PLACEHOLDER","hardware_placeholder","pitch","J6","285.7637253755456","9.166820000000001","45.80111115415093","0","-1.1102230246251565e-16","0","-1","PLACEHOLDER","FASTENER ENVELOPE / LENGTH TBD / F-J6-001 | origin: part centroid, axes parallel rigid frame"
"F_J6_001_07_Bolt","02_PARTS_STEP/HARDWARE_PLACEHOLDER/F_J6_001_07_Bolt.step","1","HARDWARE_PLACEHOLDER","hardware_placeholder","pitch","J6","285.7637253755456","-16.351070000000004","48.41596115415093","0","-1.1102230246251565e-16","0","-1","PLACEHOLDER","FASTENER ENVELOPE / LENGTH TBD / F-J6-001 | origin: part centroid, axes parallel rigid frame"
"F_J6_001_08_Bolt","02_PARTS_STEP/HARDWARE_PLACEHOLDER/F_J6_001_08_Bolt.step","1","HARDWARE_PLACEHOLDER","hardware_placeholder","pitch","J6","285.7637253755456","-34.21811000000002","66.82163115415094","0","-1.1102230246251565e-16","0","-1","PLACEHOLDER","FASTENER ENVELOPE / LENGTH TBD / F-J6-001 | origin: part centroid, axes parallel rigid frame"
"F_J6_001_09_Bolt","02_PARTS_STEP/HARDWARE_PLACEHOLDER/F_J6_001_09_Bolt.step","1","HARDWARE_PLACEHOLDER","hardware_placeholder","pitch","J6","285.7637253755456","-36.07412000000001","92.40591115415094","0","-1.1102230246251565e-16","0","-1","PLACEHOLDER","FASTENER ENVELOPE / LENGTH TBD / F-J6-001 | origin: part centroid, axes parallel rigid frame"
"F_J1_006_01_Bolt","02_PARTS_STEP/HARDWARE_PLACEHOLDER/F_J1_006_01_Bolt.step","1","HARDWARE_PLACEHOLDER","hardware_placeholder","yaw","J1","8.4499","8.52051","104.59325597694883","0","0","0","1","PLACEHOLDER","FASTENER ENVELOPE / LENGTH TBD / F-J1-006 | origin: part centroid, axes parallel rigid frame"
"F_J1_006_02_Bolt","02_PARTS_STEP/HARDWARE_PLACEHOLDER/F_J1_006_02_Bolt.step","1","HARDWARE_PLACEHOLDER","hardware_placeholder","yaw","J1","-11.603930000000002","3.0575700000000006","104.59325597694884","0","0","0","1","PLACEHOLDER","FASTENER ENVELOPE / LENGTH TBD / F-J1-006 | origin: part centroid, axes parallel rigid frame"
"F_J1_006_03_Bolt","02_PARTS_STEP/HARDWARE_PLACEHOLDER/F_J1_006_03_Bolt.step","1","HARDWARE_PLACEHOLDER","hardware_placeholder","yaw","J1","11.60393","-3.05757","104.59325597694884","0","0","0","1","PLACEHOLDER","FASTENER ENVELOPE / LENGTH TBD / F-J1-006 | origin: part centroid, axes parallel rigid frame"
"F_J1_006_04_Bolt","02_PARTS_STEP/HARDWARE_PLACEHOLDER/F_J1_006_04_Bolt.step","1","HARDWARE_PLACEHOLDER","hardware_placeholder","yaw","J1","3.1540299999999997","-11.578090000000001","104.59325597694883","0","0","0","1","PLACEHOLDER","FASTENER ENVELOPE / LENGTH TBD / F-J1-006 | origin: part centroid, axes parallel rigid frame"
"F_J1_006_05_Bolt","02_PARTS_STEP/HARDWARE_PLACEHOLDER/F_J1_006_05_Bolt.step","1","HARDWARE_PLACEHOLDER","hardware_placeholder","yaw","J1","-8.4499","-8.520520000000001","104.59325597694883","0","0","0","1","PLACEHOLDER","FASTENER ENVELOPE / LENGTH TBD / F-J1-006 | origin: part centroid, axes parallel rigid frame"
"F_J1_006_06_Bolt","02_PARTS_STEP/HARDWARE_PLACEHOLDER/F_J1_006_06_Bolt.step","1","HARDWARE_PLACEHOLDER","hardware_placeholder","yaw","J1","-3.15403","11.578089999999998","104.59325597694883","0","0","0","1","PLACEHOLDER","FASTENER ENVELOPE / LENGTH TBD / F-J1-006 | origin: part centroid, axes parallel rigid frame"
"F_J2_002_01_Bolt","02_PARTS_STEP/HARDWARE_PLACEHOLDER/F_J2_002_01_Bolt.step","1","HARDWARE_PLACEHOLDER","hardware_placeholder","upper","J2","11.916531406567895","33.47466343137998","181.41286230977443","0","-0.4383711467890774","0","0.898794046299167","PLACEHOLDER","FASTENER ENVELOPE / LENGTH TBD / F-J2-002 | origin: part centroid, axes parallel rigid frame"
"F_J2_002_02_Bolt","02_PARTS_STEP/HARDWARE_PLACEHOLDER/F_J2_002_02_Bolt.step","1","HARDWARE_PLACEHOLDER","hardware_placeholder","upper","J2","-4.734694623470361","33.47466343137998","168.97355031878888","0","-0.4383711467890774","0","0.898794046299167","PLACEHOLDER","FASTENER ENVELOPE / LENGTH TBD / F-J2-002 | origin: part centroid, axes parallel rigid frame"
"F_J2_002_03_Bolt","02_PARTS_STEP/HARDWARE_PLACEHOLDER/F_J2_002_03_Bolt.step","1","HARDWARE_PLACEHOLDER","hardware_placeholder","upper","J2","4.734694623470363","33.47466343137998","191.02644968121112","0","-0.4383711467890774","0","0.898794046299167","PLACEHOLDER","FASTENER ENVELOPE / LENGTH TBD / F-J2-002 | origin: part centroid, axes parallel rigid frame"
"F_J2_002_04_Bolt","02_PARTS_STEP/HARDWARE_PLACEHOLDER/F_J2_002_04_Bolt.step","1","HARDWARE_PLACEHOLDER","hardware_placeholder","upper","J2","-7.181844663205065","33.47466343137998","189.61359352805147","0","-0.4383711467890774","0","0.898794046299167","PLACEHOLDER","FASTENER ENVELOPE / LENGTH TBD / F-J2-002 | origin: part centroid, axes parallel rigid frame"
"F_J2_002_05_Bolt","02_PARTS_STEP/HARDWARE_PLACEHOLDER/F_J2_002_05_Bolt.step","1","HARDWARE_PLACEHOLDER","hardware_placeholder","upper","J2","-11.916539286675434","33.47466343137998","178.58714384684035","0","-0.4383711467890774","0","0.898794046299167","PLACEHOLDER","FASTENER ENVELOPE / LENGTH TBD / F-J2-002 | origin: part centroid, axes parallel rigid frame"
"F_J2_002_06_Bolt","02_PARTS_STEP/HARDWARE_PLACEHOLDER/F_J2_002_06_Bolt.step","1","HARDWARE_PLACEHOLDER","hardware_placeholder","upper","J2","7.181844663205067","33.47466343137998","170.38640647194853","0","-0.4383711467890774","0","0.898794046299167","PLACEHOLDER","FASTENER ENVELOPE / LENGTH TBD / F-J2-002 | origin: part centroid, axes parallel rigid frame"
"F_J3_002_01_Bolt","02_PARTS_STEP/HARDWARE_PLACEHOLDER/F_J3_002_01_Bolt.step","1","HARDWARE_PLACEHOLDER","hardware_placeholder","fore","J3","188.49116210421067","33.47466343137998","423.713541154151","0","-0.7071067811865477","0","-0.7071067811865475","PLACEHOLDER","FASTENER ENVELOPE / LENGTH TBD / F-J3-002 | origin: part centroid, axes parallel rigid frame"
"F_J3_002_02_Bolt","02_PARTS_STEP/HARDWARE_PLACEHOLDER/F_J3_002_02_Bolt.step","1","HARDWARE_PLACEHOLDER","hardware_placeholder","fore","J3","193.95410210421068","33.47466343137998","443.767371154151","0","-0.7071067811865477","0","-0.7071067811865475","PLACEHOLDER","FASTENER ENVELOPE / LENGTH TBD / F-J3-002 | origin: part centroid, axes parallel rigid frame"
"F_J3_002_03_Bolt","02_PARTS_STEP/HARDWARE_PLACEHOLDER/F_J3_002_03_Bolt.step","1","HARDWARE_PLACEHOLDER","hardware_placeholder","fore","J3","200.06924210421067","33.47466343137998","420.55951115415104","0","-0.7071067811865477","0","-0.7071067811865475","PLACEHOLDER","FASTENER ENVELOPE / LENGTH TBD / F-J3-002 | origin: part centroid, axes parallel rigid frame"
"F_J3_002_04_Bolt","02_PARTS_STEP/HARDWARE_PLACEHOLDER/F_J3_002_04_Bolt.step","1","HARDWARE_PLACEHOLDER","hardware_placeholder","fore","J3","208.58976210421068","33.47466343137998","429.00941115415105","0","-0.7071067811865477","0","-0.7071067811865475","PLACEHOLDER","FASTENER ENVELOPE / LENGTH TBD / F-J3-002 | origin: part centroid, axes parallel rigid frame"
"F_J3_002_05_Bolt","02_PARTS_STEP/HARDWARE_PLACEHOLDER/F_J3_002_05_Bolt.step","1","HARDWARE_PLACEHOLDER","hardware_placeholder","fore","J3","205.53219210421068","33.47466343137998","440.61334115415104","0","-0.7071067811865477","0","-0.7071067811865475","PLACEHOLDER","FASTENER ENVELOPE / LENGTH TBD / F-J3-002 | origin: part centroid, axes parallel rigid frame"
"F_J3_002_06_Bolt","02_PARTS_STEP/HARDWARE_PLACEHOLDER/F_J3_002_06_Bolt.step","1","HARDWARE_PLACEHOLDER","hardware_placeholder","fore","J3","185.43358210421067","33.47466343137998","435.317471154151","0","-0.7071067811865477","0","-0.7071067811865475","PLACEHOLDER","FASTENER ENVELOPE / LENGTH TBD / F-J3-002 | origin: part centroid, axes parallel rigid frame"
"F_J4_002_01_Bolt","02_PARTS_STEP/HARDWARE_PLACEHOLDER/F_J4_002_01_Bolt.step","1","HARDWARE_PLACEHOLDER","hardware_placeholder","roll","J4","188.56177210421066","8.52051","346.6950809911143","0","-0.7071067811865477","0","-0.7071067811865475","PLACEHOLDER","FASTENER ENVELOPE / LENGTH TBD / F-J4-002 | origin: part centroid, axes parallel rigid frame"
"F_J4_002_02_Bolt","02_PARTS_STEP/HARDWARE_PLACEHOLDER/F_J4_002_02_Bolt.step","1","HARDWARE_PLACEHOLDER","hardware_placeholder","roll","J4","208.61560210421067","3.057570000000001","346.6950809911143","0","-0.7071067811865477","0","-0.7071067811865475","PLACEHOLDER","FASTENER ENVELOPE / LENGTH TBD / F-J4-002 | origin: part centroid, axes parallel rigid frame"
"F_J4_002_03_Bolt","02_PARTS_STEP/HARDWARE_PLACEHOLDER/F_J4_002_03_Bolt.step","1","HARDWARE_PLACEHOLDER","hardware_placeholder","roll","J4","185.40774210421066","-3.057570000000001","346.6950809911143","0","-0.7071067811865477","0","-0.7071067811865475","PLACEHOLDER","FASTENER ENVELOPE / LENGTH TBD / F-J4-002 | origin: part centroid, axes parallel rigid frame"
"F_J4_002_04_Bolt","02_PARTS_STEP/HARDWARE_PLACEHOLDER/F_J4_002_04_Bolt.step","1","HARDWARE_PLACEHOLDER","hardware_placeholder","roll","J4","193.85764210421067","-11.578090000000003","346.6950809911143","0","-0.7071067811865477","0","-0.7071067811865475","PLACEHOLDER","FASTENER ENVELOPE / LENGTH TBD / F-J4-002 | origin: part centroid, axes parallel rigid frame"
"F_J4_002_05_Bolt","02_PARTS_STEP/HARDWARE_PLACEHOLDER/F_J4_002_05_Bolt.step","1","HARDWARE_PLACEHOLDER","hardware_placeholder","roll","J4","205.46157210421066","-8.520520000000001","346.6950809911143","0","-0.7071067811865477","0","-0.7071067811865475","PLACEHOLDER","FASTENER ENVELOPE / LENGTH TBD / F-J4-002 | origin: part centroid, axes parallel rigid frame"
"F_J4_002_06_Bolt","02_PARTS_STEP/HARDWARE_PLACEHOLDER/F_J4_002_06_Bolt.step","1","HARDWARE_PLACEHOLDER","hardware_placeholder","roll","J4","200.16570210421065","11.578090000000003","346.6950809911143","0","-0.7071067811865477","0","-0.7071067811865475","PLACEHOLDER","FASTENER ENVELOPE / LENGTH TBD / F-J4-002 | origin: part centroid, axes parallel rigid frame"
"F_J5_002_01_Bolt","02_PARTS_STEP/HARDWARE_PLACEHOLDER/F_J5_002_01_Bolt.step","1","HARDWARE_PLACEHOLDER","hardware_placeholder","pitch","J5","205.46157210421057","3.468360163036765","73.64293115415096","0","-1.1102230246251565e-16","0","-1","PLACEHOLDER","FASTENER ENVELOPE / LENGTH TBD / F-J5-002 | origin: part centroid, axes parallel rigid frame"
"F_J5_002_02_Bolt","02_PARTS_STEP/HARDWARE_PLACEHOLDER/F_J5_002_02_Bolt.step","1","HARDWARE_PLACEHOLDER","hardware_placeholder","pitch","J5","185.40774210421057","3.468360163036766","79.10587115415096","0","-1.1102230246251565e-16","0","-1","PLACEHOLDER","FASTENER ENVELOPE / LENGTH TBD / F-J5-002 | origin: part centroid, axes parallel rigid frame"
"F_J5_002_03_Bolt","02_PARTS_STEP/HARDWARE_PLACEHOLDER/F_J5_002_03_Bolt.step","1","HARDWARE_PLACEHOLDER","hardware_placeholder","pitch","J5","208.61560210421055","3.4683601630367655","85.22101115415096","0","-1.1102230246251565e-16","0","-1","PLACEHOLDER","FASTENER ENVELOPE / LENGTH TBD / F-J5-002 | origin: part centroid, axes parallel rigid frame"
"F_J5_002_04_Bolt","02_PARTS_STEP/HARDWARE_PLACEHOLDER/F_J5_002_04_Bolt.step","1","HARDWARE_PLACEHOLDER","hardware_placeholder","pitch","J5","200.16570210421057","3.4683601630367655","93.74153115415096","0","-1.1102230246251565e-16","0","-1","PLACEHOLDER","FASTENER ENVELOPE / LENGTH TBD / F-J5-002 | origin: part centroid, axes parallel rigid frame"
"F_J5_002_05_Bolt","02_PARTS_STEP/HARDWARE_PLACEHOLDER/F_J5_002_05_Bolt.step","1","HARDWARE_PLACEHOLDER","hardware_placeholder","pitch","J5","188.56177210421055","3.468360163036765","90.68396115415096","0","-1.1102230246251565e-16","0","-1","PLACEHOLDER","FASTENER ENVELOPE / LENGTH TBD / F-J5-002 | origin: part centroid, axes parallel rigid frame"
"F_J5_002_06_Bolt","02_PARTS_STEP/HARDWARE_PLACEHOLDER/F_J5_002_06_Bolt.step","1","HARDWARE_PLACEHOLDER","hardware_placeholder","pitch","J5","193.85764210421056","3.468360163036765","70.58535115415096","0","-1.1102230246251565e-16","0","-1","PLACEHOLDER","FASTENER ENVELOPE / LENGTH TBD / F-J5-002 | origin: part centroid, axes parallel rigid frame"
"F_J6_002_01_Bolt","02_PARTS_STEP/HARDWARE_PLACEHOLDER/F_J6_002_01_Bolt.step","1","HARDWARE_PLACEHOLDER","hardware_placeholder","tool","J6","289.28034572960513","8.520510000000002","73.71354115415095","0","-1.1102230246251565e-16","0","-1","PLACEHOLDER","FASTENER ENVELOPE / LENGTH TBD / F-J6-002 | origin: part centroid, axes parallel rigid frame"
"F_J6_002_02_Bolt","02_PARTS_STEP/HARDWARE_PLACEHOLDER/F_J6_002_02_Bolt.step","1","HARDWARE_PLACEHOLDER","hardware_placeholder","tool","J6","289.28034572960513","3.057570000000001","93.76737115415095","0","-1.1102230246251565e-16","0","-1","PLACEHOLDER","FASTENER ENVELOPE / LENGTH TBD / F-J6-002 | origin: part centroid, axes parallel rigid frame"
"F_J6_002_03_Bolt","02_PARTS_STEP/HARDWARE_PLACEHOLDER/F_J6_002_03_Bolt.step","1","HARDWARE_PLACEHOLDER","hardware_placeholder","tool","J6","289.28034572960513","-3.057570000000001","70.55951115415094","0","-1.1102230246251565e-16","0","-1","PLACEHOLDER","FASTENER ENVELOPE / LENGTH TBD / F-J6-002 | origin: part centroid, axes parallel rigid frame"
"F_J6_002_04_Bolt","02_PARTS_STEP/HARDWARE_PLACEHOLDER/F_J6_002_04_Bolt.step","1","HARDWARE_PLACEHOLDER","hardware_placeholder","tool","J6","289.28034572960513","-11.578090000000001","79.00941115415094","0","-1.1102230246251565e-16","0","-1","PLACEHOLDER","FASTENER ENVELOPE / LENGTH TBD / F-J6-002 | origin: part centroid, axes parallel rigid frame"
"F_J6_002_05_Bolt","02_PARTS_STEP/HARDWARE_PLACEHOLDER/F_J6_002_05_Bolt.step","1","HARDWARE_PLACEHOLDER","hardware_placeholder","tool","J6","289.28034572960513","-8.520520000000001","90.61334115415094","0","-1.1102230246251565e-16","0","-1","PLACEHOLDER","FASTENER ENVELOPE / LENGTH TBD / F-J6-002 | origin: part centroid, axes parallel rigid frame"
"F_J6_002_06_Bolt","02_PARTS_STEP/HARDWARE_PLACEHOLDER/F_J6_002_06_Bolt.step","1","HARDWARE_PLACEHOLDER","hardware_placeholder","tool","J6","289.28034572960513","11.578090000000001","85.31747115415095","0","-1.1102230246251565e-16","0","-1","PLACEHOLDER","FASTENER ENVELOPE / LENGTH TBD / F-J6-002 | origin: part centroid, axes parallel rigid frame"
"F_J2_003_01_Bolt","02_PARTS_STEP/HARDWARE_PLACEHOLDER/F_J2_003_01_Bolt.step","1","HARDWARE_PLACEHOLDER","hardware_placeholder","yaw","J2","-34","20","117.62373923455995","0","0","0","1","PLACEHOLDER","FASTENER ENVELOPE / LENGTH TBD / F-J2-003 | origin: part centroid, axes parallel rigid frame"
"F_J2_003_01_HeadWasher","02_PARTS_STEP/HARDWARE_PLACEHOLDER/F_J2_003_01_HeadWasher.step","1","HARDWARE_PLACEHOLDER","hardware_placeholder","yaw","J2","-34","20.000000000000004","114.39999999999999","0","0","0","1","PLACEHOLDER","FASTENER ENVELOPE / LENGTH TBD / F-J2-003 | origin: part centroid, axes parallel rigid frame"
"F_J2_003_01_LockNut","02_PARTS_STEP/HARDWARE_PLACEHOLDER/F_J2_003_01_LockNut.step","1","HARDWARE_PLACEHOLDER","hardware_placeholder","yaw","J2","-34.00000000000001","20","127.30000000000005","0","0","0","1","PLACEHOLDER","FASTENER ENVELOPE / LENGTH TBD / F-J2-003 | origin: part centroid, axes parallel rigid frame"
"F_J2_003_01_NutWasher","02_PARTS_STEP/HARDWARE_PLACEHOLDER/F_J2_003_01_NutWasher.step","1","HARDWARE_PLACEHOLDER","hardware_placeholder","yaw","J2","-34","20.000000000000004","124.39999999999999","0","0","0","1","PLACEHOLDER","FASTENER ENVELOPE / LENGTH TBD / F-J2-003 | origin: part centroid, axes parallel rigid frame"
"F_J2_003_02_Bolt","02_PARTS_STEP/HARDWARE_PLACEHOLDER/F_J2_003_02_Bolt.step","1","HARDWARE_PLACEHOLDER","hardware_placeholder","yaw","J2","34","20.000000000000004","117.62373923455998","0","0","0","1","PLACEHOLDER","FASTENER ENVELOPE / LENGTH TBD / F-J2-003 | origin: part centroid, axes parallel rigid frame"
"F_J2_003_02_HeadWasher","02_PARTS_STEP/HARDWARE_PLACEHOLDER/F_J2_003_02_HeadWasher.step","1","HARDWARE_PLACEHOLDER","hardware_placeholder","yaw","J2","34.00000000000001","19.999999999999996","114.39999999999999","0","0","0","1","PLACEHOLDER","FASTENER ENVELOPE / LENGTH TBD / F-J2-003 | origin: part centroid, axes parallel rigid frame"
"F_J2_003_02_LockNut","02_PARTS_STEP/HARDWARE_PLACEHOLDER/F_J2_003_02_LockNut.step","1","HARDWARE_PLACEHOLDER","hardware_placeholder","yaw","J2","34","20","127.30000000000005","0","0","0","1","PLACEHOLDER","FASTENER ENVELOPE / LENGTH TBD / F-J2-003 | origin: part centroid, axes parallel rigid frame"
"F_J2_003_02_NutWasher","02_PARTS_STEP/HARDWARE_PLACEHOLDER/F_J2_003_02_NutWasher.step","1","HARDWARE_PLACEHOLDER","hardware_placeholder","yaw","J2","34.00000000000001","19.999999999999996","124.39999999999999","0","0","0","1","PLACEHOLDER","FASTENER ENVELOPE / LENGTH TBD / F-J2-003 | origin: part centroid, axes parallel rigid frame"
"F_J2_004_01_Bolt","02_PARTS_STEP/HARDWARE_PLACEHOLDER/F_J2_004_01_Bolt.step","1","HARDWARE_PLACEHOLDER","hardware_placeholder","yaw","J2","-18","-25.999999999999996","117.62373923455995","0","0","0","1","PLACEHOLDER","FASTENER ENVELOPE / LENGTH TBD / F-J2-004 | origin: part centroid, axes parallel rigid frame"
"F_J2_004_01_HeadWasher","02_PARTS_STEP/HARDWARE_PLACEHOLDER/F_J2_004_01_HeadWasher.step","1","HARDWARE_PLACEHOLDER","hardware_placeholder","yaw","J2","-18","-25.999999999999993","114.39999999999999","0","0","0","1","PLACEHOLDER","FASTENER ENVELOPE / LENGTH TBD / F-J2-004 | origin: part centroid, axes parallel rigid frame"
"F_J2_004_01_LockNut","02_PARTS_STEP/HARDWARE_PLACEHOLDER/F_J2_004_01_LockNut.step","1","HARDWARE_PLACEHOLDER","hardware_placeholder","yaw","J2","-17.999999999999996","-25.999999999999996","127.29999999999997","0","0","0","1","PLACEHOLDER","FASTENER ENVELOPE / LENGTH TBD / F-J2-004 | origin: part centroid, axes parallel rigid frame"
"F_J2_004_01_NutWasher","02_PARTS_STEP/HARDWARE_PLACEHOLDER/F_J2_004_01_NutWasher.step","1","HARDWARE_PLACEHOLDER","hardware_placeholder","yaw","J2","-18","-25.999999999999993","124.39999999999999","0","0","0","1","PLACEHOLDER","FASTENER ENVELOPE / LENGTH TBD / F-J2-004 | origin: part centroid, axes parallel rigid frame"
"F_J2_004_02_Bolt","02_PARTS_STEP/HARDWARE_PLACEHOLDER/F_J2_004_02_Bolt.step","1","HARDWARE_PLACEHOLDER","hardware_placeholder","yaw","J2","18.000000000000004","-26","117.62373923455998","0","0","0","1","PLACEHOLDER","FASTENER ENVELOPE / LENGTH TBD / F-J2-004 | origin: part centroid, axes parallel rigid frame"
"F_J2_004_02_HeadWasher","02_PARTS_STEP/HARDWARE_PLACEHOLDER/F_J2_004_02_HeadWasher.step","1","HARDWARE_PLACEHOLDER","hardware_placeholder","yaw","J2","17.999999999999996","-25.999999999999993","114.39999999999999","0","0","0","1","PLACEHOLDER","FASTENER ENVELOPE / LENGTH TBD / F-J2-004 | origin: part centroid, axes parallel rigid frame"
"F_J2_004_02_LockNut","02_PARTS_STEP/HARDWARE_PLACEHOLDER/F_J2_004_02_LockNut.step","1","HARDWARE_PLACEHOLDER","hardware_placeholder","yaw","J2","17.999999999999996","-25.999999999999996","127.29999999999997","0","0","0","1","PLACEHOLDER","FASTENER ENVELOPE / LENGTH TBD / F-J2-004 | origin: part centroid, axes parallel rigid frame"
"F_J2_004_02_NutWasher","02_PARTS_STEP/HARDWARE_PLACEHOLDER/F_J2_004_02_NutWasher.step","1","HARDWARE_PLACEHOLDER","hardware_placeholder","yaw","J2","17.999999999999996","-25.999999999999993","124.39999999999999","0","0","0","1","PLACEHOLDER","FASTENER ENVELOPE / LENGTH TBD / F-J2-004 | origin: part centroid, axes parallel rigid frame"
"F_J2_005_01_Bolt","02_PARTS_STEP/HARDWARE_PLACEHOLDER/F_J2_005_01_Bolt.step","1","HARDWARE_PLACEHOLDER","hardware_placeholder","upper","J2","61.64341234852192","22.999999999999996","234.53593113307696","0","-0.4383711467890774","0","0.898794046299167","PLACEHOLDER","FASTENER ENVELOPE / LENGTH TBD / F-J2-005 | origin: part centroid, axes parallel rigid frame"
"F_J2_005_01_HeadWasher","02_PARTS_STEP/HARDWARE_PLACEHOLDER/F_J2_005_01_HeadWasher.step","1","HARDWARE_PLACEHOLDER","hardware_placeholder","upper","J2","58.3641688387206","23.000000000000004","230.3386908427833","0","-0.4383711467890774","0","0.898794046299167","PLACEHOLDER","FASTENER ENVELOPE / LENGTH TBD / F-J2-005 | origin: part centroid, axes parallel rigid frame"
"F_J2_005_01_LockNut","02_PARTS_STEP/HARDWARE_PLACEHOLDER/F_J2_005_01_LockNut.step","1","HARDWARE_PLACEHOLDER","hardware_placeholder","upper","J2","69.26137695198477","23.000000000000004","244.28648118162232","0","-0.4383711467890774","0","0.898794046299167","PLACEHOLDER","FASTENER ENVELOPE / LENGTH TBD / F-J2-005 | origin: part centroid, axes parallel rigid frame"
"F_J2_005_01_NutWasher","02_PARTS_STEP/HARDWARE_PLACEHOLDER/F_J2_005_01_NutWasher.step","1","HARDWARE_PLACEHOLDER","hardware_placeholder","upper","J2","67.47595867354033","23.000000000000004","242.00124999616276","0","-0.4383711467890774","0","0.898794046299167","PLACEHOLDER","FASTENER ENVELOPE / LENGTH TBD / F-J2-005 | origin: part centroid, axes parallel rigid frame"
"F_J2_005_02_Bolt","02_PARTS_STEP/HARDWARE_PLACEHOLDER/F_J2_005_02_Bolt.step","1","HARDWARE_PLACEHOLDER","hardware_placeholder","upper","J2","38.003089740320256","22.999999999999996","253.00577539284672","0","-0.4383711467890774","0","0.898794046299167","PLACEHOLDER","FASTENER ENVELOPE / LENGTH TBD / F-J2-005 | origin: part centroid, axes parallel rigid frame"
"F_J2_005_02_HeadWasher","02_PARTS_STEP/HARDWARE_PLACEHOLDER/F_J2_005_02_HeadWasher.step","1","HARDWARE_PLACEHOLDER","hardware_placeholder","upper","J2","34.723846230518944","23.000000000000004","248.80853510255304","0","-0.4383711467890774","0","0.898794046299167","PLACEHOLDER","FASTENER ENVELOPE / LENGTH TBD / F-J2-005 | origin: part centroid, axes parallel rigid frame"
"F_J2_005_02_LockNut","02_PARTS_STEP/HARDWARE_PLACEHOLDER/F_J2_005_02_LockNut.step","1","HARDWARE_PLACEHOLDER","hardware_placeholder","upper","J2","45.621054343783115","23.000000000000004","262.75632544139205","0","-0.4383711467890774","0","0.898794046299167","PLACEHOLDER","FASTENER ENVELOPE / LENGTH TBD / F-J2-005 | origin: part centroid, axes parallel rigid frame"
"F_J2_005_02_NutWasher","02_PARTS_STEP/HARDWARE_PLACEHOLDER/F_J2_005_02_NutWasher.step","1","HARDWARE_PLACEHOLDER","hardware_placeholder","upper","J2","43.835636065338676","23.000000000000004","260.47109425593254","0","-0.4383711467890774","0","0.898794046299167","PLACEHOLDER","FASTENER ENVELOPE / LENGTH TBD / F-J2-005 | origin: part centroid, axes parallel rigid frame"
"F_J2_006_01_Bolt","02_PARTS_STEP/HARDWARE_PLACEHOLDER/F_J2_006_01_Bolt.step","1","HARDWARE_PLACEHOLDER","hardware_placeholder","upper","J2","61.64341234852192","-22.999999999999996","234.53593113307696","0","-0.4383711467890774","0","0.898794046299167","PLACEHOLDER","FASTENER ENVELOPE / LENGTH TBD / F-J2-006 | origin: part centroid, axes parallel rigid frame"
"F_J2_006_01_HeadWasher","02_PARTS_STEP/HARDWARE_PLACEHOLDER/F_J2_006_01_HeadWasher.step","1","HARDWARE_PLACEHOLDER","hardware_placeholder","upper","J2","58.3641688387206","-23.000000000000004","230.3386908427833","0","-0.4383711467890774","0","0.898794046299167","PLACEHOLDER","FASTENER ENVELOPE / LENGTH TBD / F-J2-006 | origin: part centroid, axes parallel rigid frame"
"F_J2_006_01_LockNut","02_PARTS_STEP/HARDWARE_PLACEHOLDER/F_J2_006_01_LockNut.step","1","HARDWARE_PLACEHOLDER","hardware_placeholder","upper","J2","69.26137695198477","-23.000000000000004","244.28648118162232","0","-0.4383711467890774","0","0.898794046299167","PLACEHOLDER","FASTENER ENVELOPE / LENGTH TBD / F-J2-006 | origin: part centroid, axes parallel rigid frame"
"F_J2_006_01_NutWasher","02_PARTS_STEP/HARDWARE_PLACEHOLDER/F_J2_006_01_NutWasher.step","1","HARDWARE_PLACEHOLDER","hardware_placeholder","upper","J2","67.47595867354033","-23.000000000000004","242.00124999616276","0","-0.4383711467890774","0","0.898794046299167","PLACEHOLDER","FASTENER ENVELOPE / LENGTH TBD / F-J2-006 | origin: part centroid, axes parallel rigid frame"
"F_J2_006_02_Bolt","02_PARTS_STEP/HARDWARE_PLACEHOLDER/F_J2_006_02_Bolt.step","1","HARDWARE_PLACEHOLDER","hardware_placeholder","upper","J2","38.003089740320256","-22.999999999999996","253.00577539284672","0","-0.4383711467890774","0","0.898794046299167","PLACEHOLDER","FASTENER ENVELOPE / LENGTH TBD / F-J2-006 | origin: part centroid, axes parallel rigid frame"
"F_J2_006_02_HeadWasher","02_PARTS_STEP/HARDWARE_PLACEHOLDER/F_J2_006_02_HeadWasher.step","1","HARDWARE_PLACEHOLDER","hardware_placeholder","upper","J2","34.723846230518944","-23.000000000000004","248.80853510255304","0","-0.4383711467890774","0","0.898794046299167","PLACEHOLDER","FASTENER ENVELOPE / LENGTH TBD / F-J2-006 | origin: part centroid, axes parallel rigid frame"
"F_J2_006_02_LockNut","02_PARTS_STEP/HARDWARE_PLACEHOLDER/F_J2_006_02_LockNut.step","1","HARDWARE_PLACEHOLDER","hardware_placeholder","upper","J2","45.621054343783115","-23.000000000000004","262.75632544139205","0","-0.4383711467890774","0","0.898794046299167","PLACEHOLDER","FASTENER ENVELOPE / LENGTH TBD / F-J2-006 | origin: part centroid, axes parallel rigid frame"
"F_J2_006_02_NutWasher","02_PARTS_STEP/HARDWARE_PLACEHOLDER/F_J2_006_02_NutWasher.step","1","HARDWARE_PLACEHOLDER","hardware_placeholder","upper","J2","43.835636065338676","-23.000000000000004","260.47109425593254","0","-0.4383711467890774","0","0.898794046299167","PLACEHOLDER","FASTENER ENVELOPE / LENGTH TBD / F-J2-006 | origin: part centroid, axes parallel rigid frame"
"F_J2_007_01_Bolt","02_PARTS_STEP/HARDWARE_PLACEHOLDER/F_J2_007_01_Bolt.step","1","HARDWARE_PLACEHOLDER","hardware_placeholder","upper","J2","-1.9499094944823598","-43.97059577993939","195.88073842626116","0","-0.4383711467890774","0","0.898794046299167","PLACEHOLDER","FASTENER ENVELOPE / LENGTH TBD / F-J2-007 | origin: part centroid, axes parallel rigid frame"
"F_J2_007_01_HeadWasher","02_PARTS_STEP/HARDWARE_PLACEHOLDER/F_J2_007_01_HeadWasher.step","1","HARDWARE_PLACEHOLDER","hardware_placeholder","upper","J2","-1.9499094944823607","-42.35","195.88073842626116","0","-0.4383711467890774","0","0.898794046299167","PLACEHOLDER","FASTENER ENVELOPE / LENGTH TBD / F-J2-007 | origin: part centroid, axes parallel rigid frame"
"F_J2_007_01_LockNut","02_PARTS_STEP/HARDWARE_PLACEHOLDER/F_J2_007_01_LockNut.step","1","HARDWARE_PLACEHOLDER","hardware_placeholder","upper","J2","-1.949909494482359","-50.49999999999999","195.88073842626116","0","-0.4383711467890774","0","0.898794046299167","PLACEHOLDER","FASTENER ENVELOPE / LENGTH TBD / F-J2-007 | origin: part centroid, axes parallel rigid frame"
"F_J2_007_01_NutWasher","02_PARTS_STEP/HARDWARE_PLACEHOLDER/F_J2_007_01_NutWasher.step","1","HARDWARE_PLACEHOLDER","hardware_placeholder","upper","J2","-1.9499094944823607","-48.25000000000001","195.88073842626116","0","-0.4383711467890774","0","0.898794046299167","PLACEHOLDER","FASTENER ENVELOPE / LENGTH TBD / F-J2-007 | origin: part centroid, axes parallel rigid frame"
"F_J2_007_02_Bolt","02_PARTS_STEP/HARDWARE_PLACEHOLDER/F_J2_007_02_Bolt.step","1","HARDWARE_PLACEHOLDER","hardware_placeholder","upper","J2","-15.880738426261154","-43.97059577993938","178.05009050551763","0","-0.4383711467890774","0","0.898794046299167","PLACEHOLDER","FASTENER ENVELOPE / LENGTH TBD / F-J2-007 | origin: part centroid, axes parallel rigid frame"
"F_J2_007_02_HeadWasher","02_PARTS_STEP/HARDWARE_PLACEHOLDER/F_J2_007_02_HeadWasher.step","1","HARDWARE_PLACEHOLDER","hardware_placeholder","upper","J2","-15.880738426261157","-42.35000000000001","178.05009050551763","0","-0.4383711467890774","0","0.898794046299167","PLACEHOLDER","FASTENER ENVELOPE / LENGTH TBD / F-J2-007 | origin: part centroid, axes parallel rigid frame"
"F_J2_007_02_LockNut","02_PARTS_STEP/HARDWARE_PLACEHOLDER/F_J2_007_02_LockNut.step","1","HARDWARE_PLACEHOLDER","hardware_placeholder","upper","J2","-15.880738426261154","-50.50000000000001","178.05009050551763","0","-0.4383711467890774","0","0.898794046299167","PLACEHOLDER","FASTENER ENVELOPE / LENGTH TBD / F-J2-007 | origin: part centroid, axes parallel rigid frame"
"F_J2_007_02_NutWasher","02_PARTS_STEP/HARDWARE_PLACEHOLDER/F_J2_007_02_NutWasher.step","1","HARDWARE_PLACEHOLDER","hardware_placeholder","upper","J2","-15.880738426261157","-48.25","178.05009050551763","0","-0.4383711467890774","0","0.898794046299167","PLACEHOLDER","FASTENER ENVELOPE / LENGTH TBD / F-J2-007 | origin: part centroid, axes parallel rigid frame"
"F_J2_007_03_Bolt","02_PARTS_STEP/HARDWARE_PLACEHOLDER/F_J2_007_03_Bolt.step","1","HARDWARE_PLACEHOLDER","hardware_placeholder","upper","J2","1.9499094944823554","-43.97059577993939","164.11926157373884","0","-0.4383711467890774","0","0.898794046299167","PLACEHOLDER","FASTENER ENVELOPE / LENGTH TBD / F-J2-007 | origin: part centroid, axes parallel rigid frame"
"F_J2_007_03_HeadWasher","02_PARTS_STEP/HARDWARE_PLACEHOLDER/F_J2_007_03_HeadWasher.step","1","HARDWARE_PLACEHOLDER","hardware_placeholder","upper","J2","1.949909494482359","-42.35","164.11926157373884","0","-0.4383711467890774","0","0.898794046299167","PLACEHOLDER","FASTENER ENVELOPE / LENGTH TBD / F-J2-007 | origin: part centroid, axes parallel rigid frame"
"F_J2_007_03_LockNut","02_PARTS_STEP/HARDWARE_PLACEHOLDER/F_J2_007_03_LockNut.step","1","HARDWARE_PLACEHOLDER","hardware_placeholder","upper","J2","1.949909494482358","-50.49999999999997","164.11926157373884","0","-0.4383711467890774","0","0.898794046299167","PLACEHOLDER","FASTENER ENVELOPE / LENGTH TBD / F-J2-007 | origin: part centroid, axes parallel rigid frame"
"F_J2_007_03_NutWasher","02_PARTS_STEP/HARDWARE_PLACEHOLDER/F_J2_007_03_NutWasher.step","1","HARDWARE_PLACEHOLDER","hardware_placeholder","upper","J2","1.949909494482359","-48.25000000000001","164.11926157373884","0","-0.4383711467890774","0","0.898794046299167","PLACEHOLDER","FASTENER ENVELOPE / LENGTH TBD / F-J2-007 | origin: part centroid, axes parallel rigid frame"
"F_J2_007_04_Bolt","02_PARTS_STEP/HARDWARE_PLACEHOLDER/F_J2_007_04_Bolt.step","1","HARDWARE_PLACEHOLDER","hardware_placeholder","upper","J2","15.880738426261157","-43.97059577993939","181.94990949448234","0","-0.4383711467890774","0","0.898794046299167","PLACEHOLDER","FASTENER ENVELOPE / LENGTH TBD / F-J2-007 | origin: part centroid, axes parallel rigid frame"
"F_J2_007_04_HeadWasher","02_PARTS_STEP/HARDWARE_PLACEHOLDER/F_J2_007_04_HeadWasher.step","1","HARDWARE_PLACEHOLDER","hardware_placeholder","upper","J2","15.880738426261155","-42.35","181.94990949448237","0","-0.4383711467890774","0","0.898794046299167","PLACEHOLDER","FASTENER ENVELOPE / LENGTH TBD / F-J2-007 | origin: part centroid, axes parallel rigid frame"
"F_J2_007_04_LockNut","02_PARTS_STEP/HARDWARE_PLACEHOLDER/F_J2_007_04_LockNut.step","1","HARDWARE_PLACEHOLDER","hardware_placeholder","upper","J2","15.880738426261154","-50.50000000000001","181.94990949448237","0","-0.4383711467890774","0","0.898794046299167","PLACEHOLDER","FASTENER ENVELOPE / LENGTH TBD / F-J2-007 | origin: part centroid, axes parallel rigid frame"
"F_J2_007_04_NutWasher","02_PARTS_STEP/HARDWARE_PLACEHOLDER/F_J2_007_04_NutWasher.step","1","HARDWARE_PLACEHOLDER","hardware_placeholder","upper","J2","15.880738426261159","-48.25000000000001","181.94990949448234","0","-0.4383711467890774","0","0.898794046299167","PLACEHOLDER","FASTENER ENVELOPE / LENGTH TBD / F-J2-007 | origin: part centroid, axes parallel rigid frame"
"F_J2_008_01_Bolt","02_PARTS_STEP/HARDWARE_PLACEHOLDER/F_J2_008_01_Bolt.step","1","HARDWARE_PLACEHOLDER","hardware_placeholder","yaw","J2","1.359249551607853e-15","-31.63427579122438","200","0","0","0","1","PLACEHOLDER","FASTENER ENVELOPE / LENGTH TBD / F-J2-008 | origin: part centroid, axes parallel rigid frame"
"F_J2_008_01_LockNut","02_PARTS_STEP/HARDWARE_PLACEHOLDER/F_J2_008_01_LockNut.step","1","HARDWARE_PLACEHOLDER","hardware_placeholder","yaw","J2","1.213961598973771e-15","-23","199.99999999999997","0","0","0","1","PLACEHOLDER","FASTENER ENVELOPE / LENGTH TBD / F-J2-008 | origin: part centroid, axes parallel rigid frame"
"F_J2_008_02_Bolt","02_PARTS_STEP/HARDWARE_PLACEHOLDER/F_J2_008_02_Bolt.step","1","HARDWARE_PLACEHOLDER","hardware_placeholder","yaw","J2","-17.32050807568877","-31.63427579122438","170.00000000000003","0","0","0","1","PLACEHOLDER","FASTENER ENVELOPE / LENGTH TBD / F-J2-008 | origin: part centroid, axes parallel rigid frame"
"F_J2_008_02_LockNut","02_PARTS_STEP/HARDWARE_PLACEHOLDER/F_J2_008_02_LockNut.step","1","HARDWARE_PLACEHOLDER","hardware_placeholder","yaw","J2","-17.32050807568877","-22.999999999999993","170","0","0","0","1","PLACEHOLDER","FASTENER ENVELOPE / LENGTH TBD / F-J2-008 | origin: part centroid, axes parallel rigid frame"
"F_J2_008_03_Bolt","02_PARTS_STEP/HARDWARE_PLACEHOLDER/F_J2_008_03_Bolt.step","1","HARDWARE_PLACEHOLDER","hardware_placeholder","yaw","J2","17.320508075688767","-31.63427579122438","170.00000000000003","0","0","0","1","PLACEHOLDER","FASTENER ENVELOPE / LENGTH TBD / F-J2-008 | origin: part centroid, axes parallel rigid frame"
"F_J2_008_03_LockNut","02_PARTS_STEP/HARDWARE_PLACEHOLDER/F_J2_008_03_LockNut.step","1","HARDWARE_PLACEHOLDER","hardware_placeholder","yaw","J2","17.320508075688767","-22.999999999999996","169.99999999999997","0","0","0","1","PLACEHOLDER","FASTENER ENVELOPE / LENGTH TBD / F-J2-008 | origin: part centroid, axes parallel rigid frame"
"F_J3_003_01_Bolt","02_PARTS_STEP/HARDWARE_PLACEHOLDER/F_J3_003_01_Bolt.step","1","HARDWARE_PLACEHOLDER","hardware_placeholder","fore","J3","176.01167210421062","28","313.8163255414559","0","-0.7071067811865477","0","-0.7071067811865475","PLACEHOLDER","FASTENER ENVELOPE / LENGTH TBD / F-J3-003 | origin: part centroid, axes parallel rigid frame"
"F_J3_003_01_HeadWasher","02_PARTS_STEP/HARDWARE_PLACEHOLDER/F_J3_003_01_HeadWasher.step","1","HARDWARE_PLACEHOLDER","hardware_placeholder","fore","J3","176.01167210421065","27.999999999999996","305.763441154151","0","-0.7071067811865477","0","-0.7071067811865475","PLACEHOLDER","FASTENER ENVELOPE / LENGTH TBD / F-J3-003 | origin: part centroid, axes parallel rigid frame"
"F_J3_003_01_LockNut","02_PARTS_STEP/HARDWARE_PLACEHOLDER/F_J3_003_01_LockNut.step","1","HARDWARE_PLACEHOLDER","hardware_placeholder","fore","J3","176.01167210421062","27.999999999999996","329.463441154151","0","-0.7071067811865477","0","-0.7071067811865475","PLACEHOLDER","FASTENER ENVELOPE / LENGTH TBD / F-J3-003 | origin: part centroid, axes parallel rigid frame"
"F_J3_003_01_NutWasher","02_PARTS_STEP/HARDWARE_PLACEHOLDER/F_J3_003_01_NutWasher.step","1","HARDWARE_PLACEHOLDER","hardware_placeholder","fore","J3","176.01167210421065","27.999999999999996","326.563441154151","0","-0.7071067811865477","0","-0.7071067811865475","PLACEHOLDER","FASTENER ENVELOPE / LENGTH TBD / F-J3-003 | origin: part centroid, axes parallel rigid frame"
"F_J3_003_02_Bolt","02_PARTS_STEP/HARDWARE_PLACEHOLDER/F_J3_003_02_Bolt.step","1","HARDWARE_PLACEHOLDER","hardware_placeholder","fore","J3","218.01167210421065","28","313.8163255414559","0","-0.7071067811865477","0","-0.7071067811865475","PLACEHOLDER","FASTENER ENVELOPE / LENGTH TBD / F-J3-003 | origin: part centroid, axes parallel rigid frame"
"F_J3_003_02_HeadWasher","02_PARTS_STEP/HARDWARE_PLACEHOLDER/F_J3_003_02_HeadWasher.step","1","HARDWARE_PLACEHOLDER","hardware_placeholder","fore","J3","218.01167210421065","27.999999999999996","305.763441154151","0","-0.7071067811865477","0","-0.7071067811865475","PLACEHOLDER","FASTENER ENVELOPE / LENGTH TBD / F-J3-003 | origin: part centroid, axes parallel rigid frame"
"F_J3_003_02_LockNut","02_PARTS_STEP/HARDWARE_PLACEHOLDER/F_J3_003_02_LockNut.step","1","HARDWARE_PLACEHOLDER","hardware_placeholder","fore","J3","218.01167210421065","27.999999999999996","329.463441154151","0","-0.7071067811865477","0","-0.7071067811865475","PLACEHOLDER","FASTENER ENVELOPE / LENGTH TBD / F-J3-003 | origin: part centroid, axes parallel rigid frame"
"F_J3_003_02_NutWasher","02_PARTS_STEP/HARDWARE_PLACEHOLDER/F_J3_003_02_NutWasher.step","1","HARDWARE_PLACEHOLDER","hardware_placeholder","fore","J3","218.01167210421065","27.999999999999996","326.563441154151","0","-0.7071067811865477","0","-0.7071067811865475","PLACEHOLDER","FASTENER ENVELOPE / LENGTH TBD / F-J3-003 | origin: part centroid, axes parallel rigid frame"
"F_J3_004_01_Bolt","02_PARTS_STEP/HARDWARE_PLACEHOLDER/F_J3_004_01_Bolt.step","1","HARDWARE_PLACEHOLDER","hardware_placeholder","fore","J3","176.01167210421062","-28","313.8163255414559","0","-0.7071067811865477","0","-0.7071067811865475","PLACEHOLDER","FASTENER ENVELOPE / LENGTH TBD / F-J3-004 | origin: part centroid, axes parallel rigid frame"
"F_J3_004_01_HeadWasher","02_PARTS_STEP/HARDWARE_PLACEHOLDER/F_J3_004_01_HeadWasher.step","1","HARDWARE_PLACEHOLDER","hardware_placeholder","fore","J3","176.01167210421065","-27.999999999999996","305.763441154151","0","-0.7071067811865477","0","-0.7071067811865475","PLACEHOLDER","FASTENER ENVELOPE / LENGTH TBD / F-J3-004 | origin: part centroid, axes parallel rigid frame"
"F_J3_004_01_LockNut","02_PARTS_STEP/HARDWARE_PLACEHOLDER/F_J3_004_01_LockNut.step","1","HARDWARE_PLACEHOLDER","hardware_placeholder","fore","J3","176.01167210421062","-27.99999999999999","329.463441154151","0","-0.7071067811865477","0","-0.7071067811865475","PLACEHOLDER","FASTENER ENVELOPE / LENGTH TBD / F-J3-004 | origin: part centroid, axes parallel rigid frame"
"F_J3_004_01_NutWasher","02_PARTS_STEP/HARDWARE_PLACEHOLDER/F_J3_004_01_NutWasher.step","1","HARDWARE_PLACEHOLDER","hardware_placeholder","fore","J3","176.01167210421065","-27.999999999999996","326.563441154151","0","-0.7071067811865477","0","-0.7071067811865475","PLACEHOLDER","FASTENER ENVELOPE / LENGTH TBD / F-J3-004 | origin: part centroid, axes parallel rigid frame"
"F_J3_004_02_Bolt","02_PARTS_STEP/HARDWARE_PLACEHOLDER/F_J3_004_02_Bolt.step","1","HARDWARE_PLACEHOLDER","hardware_placeholder","fore","J3","218.01167210421065","-28","313.8163255414559","0","-0.7071067811865477","0","-0.7071067811865475","PLACEHOLDER","FASTENER ENVELOPE / LENGTH TBD / F-J3-004 | origin: part centroid, axes parallel rigid frame"
"F_J3_004_02_HeadWasher","02_PARTS_STEP/HARDWARE_PLACEHOLDER/F_J3_004_02_HeadWasher.step","1","HARDWARE_PLACEHOLDER","hardware_placeholder","fore","J3","218.01167210421065","-27.999999999999996","305.763441154151","0","-0.7071067811865477","0","-0.7071067811865475","PLACEHOLDER","FASTENER ENVELOPE / LENGTH TBD / F-J3-004 | origin: part centroid, axes parallel rigid frame"
"F_J3_004_02_LockNut","02_PARTS_STEP/HARDWARE_PLACEHOLDER/F_J3_004_02_LockNut.step","1","HARDWARE_PLACEHOLDER","hardware_placeholder","fore","J3","218.01167210421065","-27.99999999999999","329.463441154151","0","-0.7071067811865477","0","-0.7071067811865475","PLACEHOLDER","FASTENER ENVELOPE / LENGTH TBD / F-J3-004 | origin: part centroid, axes parallel rigid frame"
"F_J3_004_02_NutWasher","02_PARTS_STEP/HARDWARE_PLACEHOLDER/F_J3_004_02_NutWasher.step","1","HARDWARE_PLACEHOLDER","hardware_placeholder","fore","J3","218.01167210421065","-27.999999999999996","326.563441154151","0","-0.7071067811865477","0","-0.7071067811865475","PLACEHOLDER","FASTENER ENVELOPE / LENGTH TBD / F-J3-004 | origin: part centroid, axes parallel rigid frame"
"F_J3_005_01_Bolt","02_PARTS_STEP/HARDWARE_PLACEHOLDER/F_J3_005_01_Bolt.step","1","HARDWARE_PLACEHOLDER","hardware_placeholder","fore","J3","208.32538060319544","-43.97059577993939","420.84973265516624","0","-0.7071067811865477","0","-0.7071067811865475","PLACEHOLDER","FASTENER ENVELOPE / LENGTH TBD / F-J3-005 | origin: part centroid, axes parallel rigid frame"
"F_J3_005_01_HeadWasher","02_PARTS_STEP/HARDWARE_PLACEHOLDER/F_J3_005_01_HeadWasher.step","1","HARDWARE_PLACEHOLDER","hardware_placeholder","fore","J3","208.32538060319544","-42.35","420.84973265516624","0","-0.7071067811865477","0","-0.7071067811865475","PLACEHOLDER","FASTENER ENVELOPE / LENGTH TBD / F-J3-005 | origin: part centroid, axes parallel rigid frame"
"F_J3_005_01_LockNut","02_PARTS_STEP/HARDWARE_PLACEHOLDER/F_J3_005_01_LockNut.step","1","HARDWARE_PLACEHOLDER","hardware_placeholder","fore","J3","208.32538060319544","-50.49999999999999","420.84973265516624","0","-0.7071067811865477","0","-0.7071067811865475","PLACEHOLDER","FASTENER ENVELOPE / LENGTH TBD / F-J3-005 | origin: part centroid, axes parallel rigid frame"
"F_J3_005_01_NutWasher","02_PARTS_STEP/HARDWARE_PLACEHOLDER/F_J3_005_01_NutWasher.step","1","HARDWARE_PLACEHOLDER","hardware_placeholder","fore","J3","208.32538060319544","-48.25000000000001","420.84973265516624","0","-0.7071067811865477","0","-0.7071067811865475","PLACEHOLDER","FASTENER ENVELOPE / LENGTH TBD / F-J3-005 | origin: part centroid, axes parallel rigid frame"
"F_J3_005_02_Bolt","02_PARTS_STEP/HARDWARE_PLACEHOLDER/F_J3_005_02_Bolt.step","1","HARDWARE_PLACEHOLDER","hardware_placeholder","fore","J3","208.32538060319544","-43.97059577993938","443.47714965313577","0","-0.7071067811865477","0","-0.7071067811865475","PLACEHOLDER","FASTENER ENVELOPE / LENGTH TBD / F-J3-005 | origin: part centroid, axes parallel rigid frame"
"F_J3_005_02_HeadWasher","02_PARTS_STEP/HARDWARE_PLACEHOLDER/F_J3_005_02_HeadWasher.step","1","HARDWARE_PLACEHOLDER","hardware_placeholder","fore","J3","208.32538060319544","-42.35000000000001","443.47714965313577","0","-0.7071067811865477","0","-0.7071067811865475","PLACEHOLDER","FASTENER ENVELOPE / LENGTH TBD / F-J3-005 | origin: part centroid, axes parallel rigid frame"
"F_J3_005_02_LockNut","02_PARTS_STEP/HARDWARE_PLACEHOLDER/F_J3_005_02_LockNut.step","1","HARDWARE_PLACEHOLDER","hardware_placeholder","fore","J3","208.32538060319544","-50.50000000000001","443.47714965313577","0","-0.7071067811865477","0","-0.7071067811865475","PLACEHOLDER","FASTENER ENVELOPE / LENGTH TBD / F-J3-005 | origin: part centroid, axes parallel rigid frame"
"F_J3_005_02_NutWasher","02_PARTS_STEP/HARDWARE_PLACEHOLDER/F_J3_005_02_NutWasher.step","1","HARDWARE_PLACEHOLDER","hardware_placeholder","fore","J3","208.32538060319544","-48.25","443.47714965313577","0","-0.7071067811865477","0","-0.7071067811865475","PLACEHOLDER","FASTENER ENVELOPE / LENGTH TBD / F-J3-005 | origin: part centroid, axes parallel rigid frame"
"F_J3_005_03_Bolt","02_PARTS_STEP/HARDWARE_PLACEHOLDER/F_J3_005_03_Bolt.step","1","HARDWARE_PLACEHOLDER","hardware_placeholder","fore","J3","185.6979636052259","-43.97059577993939","443.4771496531358","0","-0.7071067811865477","0","-0.7071067811865475","PLACEHOLDER","FASTENER ENVELOPE / LENGTH TBD / F-J3-005 | origin: part centroid, axes parallel rigid frame"
"F_J3_005_03_HeadWasher","02_PARTS_STEP/HARDWARE_PLACEHOLDER/F_J3_005_03_HeadWasher.step","1","HARDWARE_PLACEHOLDER","hardware_placeholder","fore","J3","185.6979636052259","-42.35","443.4771496531358","0","-0.7071067811865477","0","-0.7071067811865475","PLACEHOLDER","FASTENER ENVELOPE / LENGTH TBD / F-J3-005 | origin: part centroid, axes parallel rigid frame"
"F_J3_005_03_LockNut","02_PARTS_STEP/HARDWARE_PLACEHOLDER/F_J3_005_03_LockNut.step","1","HARDWARE_PLACEHOLDER","hardware_placeholder","fore","J3","185.6979636052259","-50.49999999999997","443.47714965313577","0","-0.7071067811865477","0","-0.7071067811865475","PLACEHOLDER","FASTENER ENVELOPE / LENGTH TBD / F-J3-005 | origin: part centroid, axes parallel rigid frame"
"F_J3_005_03_NutWasher","02_PARTS_STEP/HARDWARE_PLACEHOLDER/F_J3_005_03_NutWasher.step","1","HARDWARE_PLACEHOLDER","hardware_placeholder","fore","J3","185.6979636052259","-48.25000000000001","443.4771496531358","0","-0.7071067811865477","0","-0.7071067811865475","PLACEHOLDER","FASTENER ENVELOPE / LENGTH TBD / F-J3-005 | origin: part centroid, axes parallel rigid frame"
"F_J3_005_04_Bolt","02_PARTS_STEP/HARDWARE_PLACEHOLDER/F_J3_005_04_Bolt.step","1","HARDWARE_PLACEHOLDER","hardware_placeholder","fore","J3","185.6979636052259","-43.97059577993939","420.8497326551663","0","-0.7071067811865477","0","-0.7071067811865475","PLACEHOLDER","FASTENER ENVELOPE / LENGTH TBD / F-J3-005 | origin: part centroid, axes parallel rigid frame"
"F_J3_005_04_HeadWasher","02_PARTS_STEP/HARDWARE_PLACEHOLDER/F_J3_005_04_HeadWasher.step","1","HARDWARE_PLACEHOLDER","hardware_placeholder","fore","J3","185.6979636052259","-42.35","420.8497326551663","0","-0.7071067811865477","0","-0.7071067811865475","PLACEHOLDER","FASTENER ENVELOPE / LENGTH TBD / F-J3-005 | origin: part centroid, axes parallel rigid frame"
"F_J3_005_04_LockNut","02_PARTS_STEP/HARDWARE_PLACEHOLDER/F_J3_005_04_LockNut.step","1","HARDWARE_PLACEHOLDER","hardware_placeholder","fore","J3","185.6979636052259","-50.50000000000001","420.8497326551663","0","-0.7071067811865477","0","-0.7071067811865475","PLACEHOLDER","FASTENER ENVELOPE / LENGTH TBD / F-J3-005 | origin: part centroid, axes parallel rigid frame"
"F_J3_005_04_NutWasher","02_PARTS_STEP/HARDWARE_PLACEHOLDER/F_J3_005_04_NutWasher.step","1","HARDWARE_PLACEHOLDER","hardware_placeholder","fore","J3","185.6979636052259","-48.25000000000001","420.8497326551663","0","-0.7071067811865477","0","-0.7071067811865475","PLACEHOLDER","FASTENER ENVELOPE / LENGTH TBD / F-J3-005 | origin: part centroid, axes parallel rigid frame"
"F_J3_006_01_Bolt","02_PARTS_STEP/HARDWARE_PLACEHOLDER/F_J3_006_01_Bolt.step","1","HARDWARE_PLACEHOLDER","hardware_placeholder","upper","J3","181.25145703207622","-31.63427579122438","444.4766706606642","0","-0.4383711467890774","0","0.898794046299167","PLACEHOLDER","FASTENER ENVELOPE / LENGTH TBD / F-J3-006 | origin: part centroid, axes parallel rigid frame"
"F_J3_006_01_LockNut","02_PARTS_STEP/HARDWARE_PLACEHOLDER/F_J3_006_01_LockNut.step","1","HARDWARE_PLACEHOLDER","hardware_placeholder","upper","J3","181.2514570320763","-23","444.47667066066424","0","-0.4383711467890774","0","0.898794046299167","PLACEHOLDER","FASTENER ENVELOPE / LENGTH TBD / F-J3-006 | origin: part centroid, axes parallel rigid frame"
"F_J3_006_02_Bolt","02_PARTS_STEP/HARDWARE_PLACEHOLDER/F_J3_006_02_Bolt.step","1","HARDWARE_PLACEHOLDER","hardware_placeholder","upper","J3","194.2282100850094","-31.634275791224383","412.35807977931967","0","-0.4383711467890774","0","0.898794046299167","PLACEHOLDER","FASTENER ENVELOPE / LENGTH TBD / F-J3-006 | origin: part centroid, axes parallel rigid frame"
"F_J3_006_02_LockNut","02_PARTS_STEP/HARDWARE_PLACEHOLDER/F_J3_006_02_LockNut.step","1","HARDWARE_PLACEHOLDER","hardware_placeholder","upper","J3","194.22821008500935","-23.000000000000004","412.3580797793196","0","-0.4383711467890774","0","0.898794046299167","PLACEHOLDER","FASTENER ENVELOPE / LENGTH TBD / F-J3-006 | origin: part centroid, axes parallel rigid frame"
"F_J3_006_03_Bolt","02_PARTS_STEP/HARDWARE_PLACEHOLDER/F_J3_006_03_Bolt.step","1","HARDWARE_PLACEHOLDER","hardware_placeholder","upper","J3","215.55534919554646","-31.634275791224383","439.6555730224693","0","-0.4383711467890774","0","0.898794046299167","PLACEHOLDER","FASTENER ENVELOPE / LENGTH TBD / F-J3-006 | origin: part centroid, axes parallel rigid frame"
"F_J3_006_03_LockNut","02_PARTS_STEP/HARDWARE_PLACEHOLDER/F_J3_006_03_LockNut.step","1","HARDWARE_PLACEHOLDER","hardware_placeholder","upper","J3","215.55534919554637","-22.999999999999996","439.65557302246924","0","-0.4383711467890774","0","0.898794046299167","PLACEHOLDER","FASTENER ENVELOPE / LENGTH TBD / F-J3-006 | origin: part centroid, axes parallel rigid frame"
"F_J3_007_01_Bolt","02_PARTS_STEP/HARDWARE_PLACEHOLDER/F_J3_007_01_Bolt.step","1","HARDWARE_PLACEHOLDER","hardware_placeholder","upper","J3","141.08598986031126","-1.9084765398377712","406.06137101489975","0","-0.4383711467890774","0","0.898794046299167","PLACEHOLDER","FASTENER ENVELOPE / LENGTH TBD / F-J3-007 | origin: part centroid, axes parallel rigid frame"
"F_J3_007_01_HeadWasher","02_PARTS_STEP/HARDWARE_PLACEHOLDER/F_J3_007_01_HeadWasher.step","1","HARDWARE_PLACEHOLDER","hardware_placeholder","upper","J3","141.08598986031126","23.400000000000006","406.06137101489975","0","-0.4383711467890774","0","0.898794046299167","PLACEHOLDER","FASTENER ENVELOPE / LENGTH TBD / F-J3-007 | origin: part centroid, axes parallel rigid frame"
"F_J3_007_01_LockNut","02_PARTS_STEP/HARDWARE_PLACEHOLDER/F_J3_007_01_LockNut.step","1","HARDWARE_PLACEHOLDER","hardware_placeholder","upper","J3","141.08598986031126","-36.300000000000004","406.06137101489975","0","-0.4383711467890774","0","0.898794046299167","PLACEHOLDER","FASTENER ENVELOPE / LENGTH TBD / F-J3-007 | origin: part centroid, axes parallel rigid frame"
"F_J3_007_01_NutWasher","02_PARTS_STEP/HARDWARE_PLACEHOLDER/F_J3_007_01_NutWasher.step","1","HARDWARE_PLACEHOLDER","hardware_placeholder","upper","J3","141.08598986031126","-33.400000000000006","406.06137101489975","0","-0.4383711467890774","0","0.898794046299167","PLACEHOLDER","FASTENER ENVELOPE / LENGTH TBD / F-J3-007 | origin: part centroid, axes parallel rigid frame"
"F_J3_007_02_Bolt","02_PARTS_STEP/HARDWARE_PLACEHOLDER/F_J3_007_02_Bolt.step","1","HARDWARE_PLACEHOLDER","hardware_placeholder","upper","J3","131.6298608170306","-1.9084765398377699","413.44930871880763","0","-0.4383711467890774","0","0.898794046299167","PLACEHOLDER","FASTENER ENVELOPE / LENGTH TBD / F-J3-007 | origin: part centroid, axes parallel rigid frame"
"F_J3_007_02_HeadWasher","02_PARTS_STEP/HARDWARE_PLACEHOLDER/F_J3_007_02_HeadWasher.step","1","HARDWARE_PLACEHOLDER","hardware_placeholder","upper","J3","131.62986081703062","23.400000000000006","413.44930871880774","0","-0.4383711467890774","0","0.898794046299167","PLACEHOLDER","FASTENER ENVELOPE / LENGTH TBD / F-J3-007 | origin: part centroid, axes parallel rigid frame"
"F_J3_007_02_LockNut","02_PARTS_STEP/HARDWARE_PLACEHOLDER/F_J3_007_02_LockNut.step","1","HARDWARE_PLACEHOLDER","hardware_placeholder","upper","J3","131.62986081703062","-36.3","413.44930871880774","0","-0.4383711467890774","0","0.898794046299167","PLACEHOLDER","FASTENER ENVELOPE / LENGTH TBD / F-J3-007 | origin: part centroid, axes parallel rigid frame"
"F_J3_007_02_NutWasher","02_PARTS_STEP/HARDWARE_PLACEHOLDER/F_J3_007_02_NutWasher.step","1","HARDWARE_PLACEHOLDER","hardware_placeholder","upper","J3","131.6298608170306","-33.40000000000001","413.44930871880763","0","-0.4383711467890774","0","0.898794046299167","PLACEHOLDER","FASTENER ENVELOPE / LENGTH TBD / F-J3-007 | origin: part centroid, axes parallel rigid frame"
"F_J4_003_01_Bolt","02_PARTS_STEP/HARDWARE_PLACEHOLDER/F_J4_003_01_Bolt.step","1","HARDWARE_PLACEHOLDER","hardware_placeholder","fore","J4","187.01167210421065","52.49999999999999","351.2031641745516","0","-0.7071067811865477","0","-0.7071067811865475","PLACEHOLDER","FASTENER ENVELOPE / LENGTH TBD / F-J4-003 | origin: part centroid, axes parallel rigid frame"
"F_J4_003_01_HeadWasher","02_PARTS_STEP/HARDWARE_PLACEHOLDER/F_J4_003_01_HeadWasher.step","1","HARDWARE_PLACEHOLDER","hardware_placeholder","fore","J4","187.01167210421065","52.50000000000001","346.763441154151","0","-0.7071067811865477","0","-0.7071067811865475","PLACEHOLDER","FASTENER ENVELOPE / LENGTH TBD / F-J4-003 | origin: part centroid, axes parallel rigid frame"
"F_J4_003_01_LockNut","02_PARTS_STEP/HARDWARE_PLACEHOLDER/F_J4_003_01_LockNut.step","1","HARDWARE_PLACEHOLDER","hardware_placeholder","fore","J4","187.01167210421065","52.5","362.46344115415104","0","-0.7071067811865477","0","-0.7071067811865475","PLACEHOLDER","FASTENER ENVELOPE / LENGTH TBD / F-J4-003 | origin: part centroid, axes parallel rigid frame"
"F_J4_003_01_NutWasher","02_PARTS_STEP/HARDWARE_PLACEHOLDER/F_J4_003_01_NutWasher.step","1","HARDWARE_PLACEHOLDER","hardware_placeholder","fore","J4","187.01167210421065","52.50000000000001","359.563441154151","0","-0.7071067811865477","0","-0.7071067811865475","PLACEHOLDER","FASTENER ENVELOPE / LENGTH TBD / F-J4-003 | origin: part centroid, axes parallel rigid frame"
"F_J4_003_02_Bolt","02_PARTS_STEP/HARDWARE_PLACEHOLDER/F_J4_003_02_Bolt.step","1","HARDWARE_PLACEHOLDER","hardware_placeholder","fore","J4","207.01167210421065","52.50000000000001","351.2031641745516","0","-0.7071067811865477","0","-0.7071067811865475","PLACEHOLDER","FASTENER ENVELOPE / LENGTH TBD / F-J4-003 | origin: part centroid, axes parallel rigid frame"
"F_J4_003_02_HeadWasher","02_PARTS_STEP/HARDWARE_PLACEHOLDER/F_J4_003_02_HeadWasher.step","1","HARDWARE_PLACEHOLDER","hardware_placeholder","fore","J4","207.01167210421065","52.50000000000001","346.763441154151","0","-0.7071067811865477","0","-0.7071067811865475","PLACEHOLDER","FASTENER ENVELOPE / LENGTH TBD / F-J4-003 | origin: part centroid, axes parallel rigid frame"
"F_J4_003_02_LockNut","02_PARTS_STEP/HARDWARE_PLACEHOLDER/F_J4_003_02_LockNut.step","1","HARDWARE_PLACEHOLDER","hardware_placeholder","fore","J4","207.01167210421065","52.50000000000001","362.46344115415104","0","-0.7071067811865477","0","-0.7071067811865475","PLACEHOLDER","FASTENER ENVELOPE / LENGTH TBD / F-J4-003 | origin: part centroid, axes parallel rigid frame"
"F_J4_003_02_NutWasher","02_PARTS_STEP/HARDWARE_PLACEHOLDER/F_J4_003_02_NutWasher.step","1","HARDWARE_PLACEHOLDER","hardware_placeholder","fore","J4","207.01167210421065","52.50000000000001","359.563441154151","0","-0.7071067811865477","0","-0.7071067811865475","PLACEHOLDER","FASTENER ENVELOPE / LENGTH TBD / F-J4-003 | origin: part centroid, axes parallel rigid frame"
"F_J4_004_01_Bolt","02_PARTS_STEP/HARDWARE_PLACEHOLDER/F_J4_004_01_Bolt.step","1","HARDWARE_PLACEHOLDER","hardware_placeholder","fore","J4","187.01167210421065","-52.49999999999999","351.2031641745516","0","-0.7071067811865477","0","-0.7071067811865475","PLACEHOLDER","FASTENER ENVELOPE / LENGTH TBD / F-J4-004 | origin: part centroid, axes parallel rigid frame"
"F_J4_004_01_HeadWasher","02_PARTS_STEP/HARDWARE_PLACEHOLDER/F_J4_004_01_HeadWasher.step","1","HARDWARE_PLACEHOLDER","hardware_placeholder","fore","J4","187.01167210421065","-52.50000000000001","346.763441154151","0","-0.7071067811865477","0","-0.7071067811865475","PLACEHOLDER","FASTENER ENVELOPE / LENGTH TBD / F-J4-004 | origin: part centroid, axes parallel rigid frame"
"F_J4_004_01_LockNut","02_PARTS_STEP/HARDWARE_PLACEHOLDER/F_J4_004_01_LockNut.step","1","HARDWARE_PLACEHOLDER","hardware_placeholder","fore","J4","187.01167210421065","-52.5","362.46344115415104","0","-0.7071067811865477","0","-0.7071067811865475","PLACEHOLDER","FASTENER ENVELOPE / LENGTH TBD / F-J4-004 | origin: part centroid, axes parallel rigid frame"
"F_J4_004_01_NutWasher","02_PARTS_STEP/HARDWARE_PLACEHOLDER/F_J4_004_01_NutWasher.step","1","HARDWARE_PLACEHOLDER","hardware_placeholder","fore","J4","187.01167210421065","-52.50000000000001","359.563441154151","0","-0.7071067811865477","0","-0.7071067811865475","PLACEHOLDER","FASTENER ENVELOPE / LENGTH TBD / F-J4-004 | origin: part centroid, axes parallel rigid frame"
"F_J4_004_02_Bolt","02_PARTS_STEP/HARDWARE_PLACEHOLDER/F_J4_004_02_Bolt.step","1","HARDWARE_PLACEHOLDER","hardware_placeholder","fore","J4","207.01167210421065","-52.50000000000001","351.2031641745516","0","-0.7071067811865477","0","-0.7071067811865475","PLACEHOLDER","FASTENER ENVELOPE / LENGTH TBD / F-J4-004 | origin: part centroid, axes parallel rigid frame"
"F_J4_004_02_HeadWasher","02_PARTS_STEP/HARDWARE_PLACEHOLDER/F_J4_004_02_HeadWasher.step","1","HARDWARE_PLACEHOLDER","hardware_placeholder","fore","J4","207.01167210421065","-52.50000000000001","346.763441154151","0","-0.7071067811865477","0","-0.7071067811865475","PLACEHOLDER","FASTENER ENVELOPE / LENGTH TBD / F-J4-004 | origin: part centroid, axes parallel rigid frame"
"F_J4_004_02_LockNut","02_PARTS_STEP/HARDWARE_PLACEHOLDER/F_J4_004_02_LockNut.step","1","HARDWARE_PLACEHOLDER","hardware_placeholder","fore","J4","207.01167210421065","-52.49999999999999","362.46344115415104","0","-0.7071067811865477","0","-0.7071067811865475","PLACEHOLDER","FASTENER ENVELOPE / LENGTH TBD / F-J4-004 | origin: part centroid, axes parallel rigid frame"
"F_J4_004_02_NutWasher","02_PARTS_STEP/HARDWARE_PLACEHOLDER/F_J4_004_02_NutWasher.step","1","HARDWARE_PLACEHOLDER","hardware_placeholder","fore","J4","207.01167210421065","-52.50000000000001","359.563441154151","0","-0.7071067811865477","0","-0.7071067811865475","PLACEHOLDER","FASTENER ENVELOPE / LENGTH TBD / F-J4-004 | origin: part centroid, axes parallel rigid frame"
"F_J4_005_01_Bolt","02_PARTS_STEP/HARDWARE_PLACEHOLDER/F_J4_005_01_Bolt.step","1","HARDWARE_PLACEHOLDER","hardware_placeholder","fore","J4","218.81167210421066","1.3649149961530948e-15","327.22181136626756","0","-0.7071067811865477","0","-0.7071067811865475","PLACEHOLDER","FASTENER ENVELOPE / LENGTH TBD / F-J4-005 | origin: part centroid, axes parallel rigid frame"
"F_J4_005_01_LockNut","02_PARTS_STEP/HARDWARE_PLACEHOLDER/F_J4_005_01_LockNut.step","1","HARDWARE_PLACEHOLDER","hardware_placeholder","fore","J4","218.81167210421063","1.3981650778587192e-15","319.163441154151","0","-0.7071067811865477","0","-0.7071067811865475","PLACEHOLDER","FASTENER ENVELOPE / LENGTH TBD / F-J4-005 | origin: part centroid, axes parallel rigid frame"
"F_J4_005_02_Bolt","02_PARTS_STEP/HARDWARE_PLACEHOLDER/F_J4_005_02_Bolt.step","1","HARDWARE_PLACEHOLDER","hardware_placeholder","fore","J4","186.11167210421064","-18.879353802500763","327.2218113662676","0","-0.7071067811865477","0","-0.7071067811865475","PLACEHOLDER","FASTENER ENVELOPE / LENGTH TBD / F-J4-005 | origin: part centroid, axes parallel rigid frame"
"F_J4_005_02_LockNut","02_PARTS_STEP/HARDWARE_PLACEHOLDER/F_J4_005_02_LockNut.step","1","HARDWARE_PLACEHOLDER","hardware_placeholder","fore","J4","186.11167210421064","-18.879353802500766","319.163441154151","0","-0.7071067811865477","0","-0.7071067811865475","PLACEHOLDER","FASTENER ENVELOPE / LENGTH TBD / F-J4-005 | origin: part centroid, axes parallel rigid frame"
"F_J4_005_03_Bolt","02_PARTS_STEP/HARDWARE_PLACEHOLDER/F_J4_005_03_Bolt.step","1","HARDWARE_PLACEHOLDER","hardware_placeholder","fore","J4","186.11167210421064","18.879353802500756","327.2218113662676","0","-0.7071067811865477","0","-0.7071067811865475","PLACEHOLDER","FASTENER ENVELOPE / LENGTH TBD / F-J4-005 | origin: part centroid, axes parallel rigid frame"
"F_J4_005_03_LockNut","02_PARTS_STEP/HARDWARE_PLACEHOLDER/F_J4_005_03_LockNut.step","1","HARDWARE_PLACEHOLDER","hardware_placeholder","fore","J4","186.1116721042106","18.879353802500756","319.163441154151","0","-0.7071067811865477","0","-0.7071067811865475","PLACEHOLDER","FASTENER ENVELOPE / LENGTH TBD / F-J4-005 | origin: part centroid, axes parallel rigid frame"
"F_J4_006_01_Bolt","02_PARTS_STEP/HARDWARE_PLACEHOLDER/F_J4_006_01_Bolt.step","1","HARDWARE_PLACEHOLDER","hardware_placeholder","fore","J4","175.9864471848421","-7","296.163441154151","0","-0.7071067811865477","0","-0.7071067811865475","PLACEHOLDER","FASTENER ENVELOPE / LENGTH TBD / F-J4-006 | origin: part centroid, axes parallel rigid frame"
"F_J4_006_01_HeadWasher","02_PARTS_STEP/HARDWARE_PLACEHOLDER/F_J4_006_01_HeadWasher.step","1","HARDWARE_PLACEHOLDER","hardware_placeholder","fore","J4","178.91167210421062","-7.000000000000001","296.163441154151","0","-0.7071067811865477","0","-0.7071067811865475","PLACEHOLDER","FASTENER ENVELOPE / LENGTH TBD / F-J4-006 | origin: part centroid, axes parallel rigid frame"
"F_J4_006_01_LockNut","02_PARTS_STEP/HARDWARE_PLACEHOLDER/F_J4_006_01_LockNut.step","1","HARDWARE_PLACEHOLDER","hardware_placeholder","fore","J4","166.71167210421063","-6.999999999999997","296.163441154151","0","-0.7071067811865477","0","-0.7071067811865475","PLACEHOLDER","FASTENER ENVELOPE / LENGTH TBD / F-J4-006 | origin: part centroid, axes parallel rigid frame"
"F_J4_006_01_NutWasher","02_PARTS_STEP/HARDWARE_PLACEHOLDER/F_J4_006_01_NutWasher.step","1","HARDWARE_PLACEHOLDER","hardware_placeholder","fore","J4","169.6116721042106","-6.999999999999999","296.16344115415103","0","-0.7071067811865477","0","-0.7071067811865475","PLACEHOLDER","FASTENER ENVELOPE / LENGTH TBD / F-J4-006 | origin: part centroid, axes parallel rigid frame"
"F_J4_006_02_Bolt","02_PARTS_STEP/HARDWARE_PLACEHOLDER/F_J4_006_02_Bolt.step","1","HARDWARE_PLACEHOLDER","hardware_placeholder","fore","J4","175.9864471848421","7","296.163441154151","0","-0.7071067811865477","0","-0.7071067811865475","PLACEHOLDER","FASTENER ENVELOPE / LENGTH TBD / F-J4-006 | origin: part centroid, axes parallel rigid frame"
"F_J4_006_02_HeadWasher","02_PARTS_STEP/HARDWARE_PLACEHOLDER/F_J4_006_02_HeadWasher.step","1","HARDWARE_PLACEHOLDER","hardware_placeholder","fore","J4","178.91167210421062","7.000000000000001","296.163441154151","0","-0.7071067811865477","0","-0.7071067811865475","PLACEHOLDER","FASTENER ENVELOPE / LENGTH TBD / F-J4-006 | origin: part centroid, axes parallel rigid frame"
"F_J4_006_02_LockNut","02_PARTS_STEP/HARDWARE_PLACEHOLDER/F_J4_006_02_LockNut.step","1","HARDWARE_PLACEHOLDER","hardware_placeholder","fore","J4","166.7116721042106","6.999999999999998","296.163441154151","0","-0.7071067811865477","0","-0.7071067811865475","PLACEHOLDER","FASTENER ENVELOPE / LENGTH TBD / F-J4-006 | origin: part centroid, axes parallel rigid frame"
"F_J4_006_02_NutWasher","02_PARTS_STEP/HARDWARE_PLACEHOLDER/F_J4_006_02_NutWasher.step","1","HARDWARE_PLACEHOLDER","hardware_placeholder","fore","J4","169.6116721042106","7.000000000000001","296.163441154151","0","-0.7071067811865477","0","-0.7071067811865475","PLACEHOLDER","FASTENER ENVELOPE / LENGTH TBD / F-J4-006 | origin: part centroid, axes parallel rigid frame"
"F_J4_007_01_Bolt","02_PARTS_STEP/HARDWARE_PLACEHOLDER/F_J4_007_01_Bolt.step","1","HARDWARE_PLACEHOLDER","hardware_placeholder","fore","J4","218.8116721042106","1.3649149961530948e-15","169.22181136626756","0","-0.7071067811865477","0","-0.7071067811865475","PLACEHOLDER","FASTENER ENVELOPE / LENGTH TBD / F-J4-007 | origin: part centroid, axes parallel rigid frame"
"F_J4_007_01_LockNut","02_PARTS_STEP/HARDWARE_PLACEHOLDER/F_J4_007_01_LockNut.step","1","HARDWARE_PLACEHOLDER","hardware_placeholder","fore","J4","218.81167210421057","1.3981650778587192e-15","161.1634411541511","0","-0.7071067811865477","0","-0.7071067811865475","PLACEHOLDER","FASTENER ENVELOPE / LENGTH TBD / F-J4-007 | origin: part centroid, axes parallel rigid frame"
"F_J4_007_02_Bolt","02_PARTS_STEP/HARDWARE_PLACEHOLDER/F_J4_007_02_Bolt.step","1","HARDWARE_PLACEHOLDER","hardware_placeholder","fore","J4","186.11167210421058","-18.879353802500763","169.22181136626756","0","-0.7071067811865477","0","-0.7071067811865475","PLACEHOLDER","FASTENER ENVELOPE / LENGTH TBD / F-J4-007 | origin: part centroid, axes parallel rigid frame"
"F_J4_007_02_LockNut","02_PARTS_STEP/HARDWARE_PLACEHOLDER/F_J4_007_02_LockNut.step","1","HARDWARE_PLACEHOLDER","hardware_placeholder","fore","J4","186.11167210421058","-18.879353802500766","161.16344115415086","0","-0.7071067811865477","0","-0.7071067811865475","PLACEHOLDER","FASTENER ENVELOPE / LENGTH TBD / F-J4-007 | origin: part centroid, axes parallel rigid frame"
"F_J4_007_03_Bolt","02_PARTS_STEP/HARDWARE_PLACEHOLDER/F_J4_007_03_Bolt.step","1","HARDWARE_PLACEHOLDER","hardware_placeholder","fore","J4","186.11167210421058","18.879353802500756","169.22181136626756","0","-0.7071067811865477","0","-0.7071067811865475","PLACEHOLDER","FASTENER ENVELOPE / LENGTH TBD / F-J4-007 | origin: part centroid, axes parallel rigid frame"
"F_J4_007_03_LockNut","02_PARTS_STEP/HARDWARE_PLACEHOLDER/F_J4_007_03_LockNut.step","1","HARDWARE_PLACEHOLDER","hardware_placeholder","fore","J4","186.11167210421058","18.879353802500756","161.16344115415086","0","-0.7071067811865477","0","-0.7071067811865475","PLACEHOLDER","FASTENER ENVELOPE / LENGTH TBD / F-J4-007 | origin: part centroid, axes parallel rigid frame"
"F_J4_008_01_Bolt","02_PARTS_STEP/HARDWARE_PLACEHOLDER/F_J4_008_01_Bolt.step","1","HARDWARE_PLACEHOLDER","hardware_placeholder","fore","J4","175.85902005258583","-6.999999999999999","176.16344115415097","0","-0.7071067811865477","0","-0.7071067811865475","PLACEHOLDER","FASTENER ENVELOPE / LENGTH TBD / F-J4-008 | origin: part centroid, axes parallel rigid frame"
"F_J4_008_01_LockNut","02_PARTS_STEP/HARDWARE_PLACEHOLDER/F_J4_008_01_LockNut.step","1","HARDWARE_PLACEHOLDER","hardware_placeholder","fore","J4","167.5116721042106","-7","176.16344115415092","0","-0.7071067811865477","0","-0.7071067811865475","PLACEHOLDER","FASTENER ENVELOPE / LENGTH TBD / F-J4-008 | origin: part centroid, axes parallel rigid frame"
"F_J4_008_02_Bolt","02_PARTS_STEP/HARDWARE_PLACEHOLDER/F_J4_008_02_Bolt.step","1","HARDWARE_PLACEHOLDER","hardware_placeholder","fore","J4","175.85902005258583","6.999999999999999","176.16344115415097","0","-0.7071067811865477","0","-0.7071067811865475","PLACEHOLDER","FASTENER ENVELOPE / LENGTH TBD / F-J4-008 | origin: part centroid, axes parallel rigid frame"
"F_J4_008_02_LockNut","02_PARTS_STEP/HARDWARE_PLACEHOLDER/F_J4_008_02_LockNut.step","1","HARDWARE_PLACEHOLDER","hardware_placeholder","fore","J4","167.5116721042106","7","176.16344115415097","0","-0.7071067811865477","0","-0.7071067811865475","PLACEHOLDER","FASTENER ENVELOPE / LENGTH TBD / F-J4-008 | origin: part centroid, axes parallel rigid frame"
"F_J4_009_01_Bolt","02_PARTS_STEP/HARDWARE_PLACEHOLDER/F_J4_009_01_Bolt.step","1","HARDWARE_PLACEHOLDER","hardware_placeholder","roll","J4","199.20703116231186","15","338.163441154151","0","-0.7071067811865477","0","-0.7071067811865475","PLACEHOLDER","FASTENER ENVELOPE / LENGTH TBD / F-J4-009 | origin: part centroid, axes parallel rigid frame"
"F_J4_009_01_HeadWasher","02_PARTS_STEP/HARDWARE_PLACEHOLDER/F_J4_009_01_HeadWasher.step","1","HARDWARE_PLACEHOLDER","hardware_placeholder","roll","J4","207.21154647527686","15.000000000000004","338.1634411541511","0","-0.7071067811865477","0","-0.7071067811865475","PLACEHOLDER","FASTENER ENVELOPE / LENGTH TBD / F-J4-009 | origin: part centroid, axes parallel rigid frame"
"F_J4_009_01_LockNut","02_PARTS_STEP/HARDWARE_PLACEHOLDER/F_J4_009_01_LockNut.step","1","HARDWARE_PLACEHOLDER","hardware_placeholder","roll","J4","184.56179773314446","15","338.16344115415103","0","-0.7071067811865477","0","-0.7071067811865475","PLACEHOLDER","FASTENER ENVELOPE / LENGTH TBD / F-J4-009 | origin: part centroid, axes parallel rigid frame"
"F_J4_009_01_NutWasher","02_PARTS_STEP/HARDWARE_PLACEHOLDER/F_J4_009_01_NutWasher.step","1","HARDWARE_PLACEHOLDER","hardware_placeholder","roll","J4","186.81179773314446","15","338.16344115415103","0","-0.7071067811865477","0","-0.7071067811865475","PLACEHOLDER","FASTENER ENVELOPE / LENGTH TBD / F-J4-009 | origin: part centroid, axes parallel rigid frame"
"F_J4_010_01_Bolt","02_PARTS_STEP/HARDWARE_PLACEHOLDER/F_J4_010_01_Bolt.step","1","HARDWARE_PLACEHOLDER","hardware_placeholder","roll","J4","205.02728921135602","15","153.16344115415097","0","-0.7071067811865477","0","-0.7071067811865475","PLACEHOLDER","FASTENER ENVELOPE / LENGTH TBD / F-J4-010 | origin: part centroid, axes parallel rigid frame"
"F_J5_003_01_Bolt","02_PARTS_STEP/HARDWARE_PLACEHOLDER/F_J5_003_01_Bolt.step","1","HARDWARE_PLACEHOLDER","hardware_placeholder","roll","J5","217.0116721042106","1.3225171527744575e-15","131.89476752875638","0","-0.7071067811865477","0","-0.7071067811865475","PLACEHOLDER","FASTENER ENVELOPE / LENGTH TBD / F-J5-003 | origin: part centroid, axes parallel rigid frame"
"F_J5_003_02_Bolt","02_PARTS_STEP/HARDWARE_PLACEHOLDER/F_J5_003_02_Bolt.step","1","HARDWARE_PLACEHOLDER","hardware_placeholder","roll","J5","187.0116721042106","-17.320508075688775","131.89476752875638","0","-0.7071067811865477","0","-0.7071067811865475","PLACEHOLDER","FASTENER ENVELOPE / LENGTH TBD / F-J5-003 | origin: part centroid, axes parallel rigid frame"
"F_J5_003_03_Bolt","02_PARTS_STEP/HARDWARE_PLACEHOLDER/F_J5_003_03_Bolt.step","1","HARDWARE_PLACEHOLDER","hardware_placeholder","roll","J5","187.01167210421056","17.32050807568877","131.89476752875638","0","-0.7071067811865477","0","-0.7071067811865475","PLACEHOLDER","FASTENER ENVELOPE / LENGTH TBD / F-J5-003 | origin: part centroid, axes parallel rigid frame"
"F_J5_004_01_Bolt","02_PARTS_STEP/HARDWARE_PLACEHOLDER/F_J5_004_01_Bolt.step","1","HARDWARE_PLACEHOLDER","hardware_placeholder","roll","J5","224.01167210421056","7.413406049744587","82.16344115415095","0","-0.7071067811865477","0","-0.7071067811865475","PLACEHOLDER","FASTENER ENVELOPE / LENGTH TBD / F-J5-004 | origin: part centroid, axes parallel rigid frame"
"F_J5_004_02_Bolt","02_PARTS_STEP/HARDWARE_PLACEHOLDER/F_J5_004_02_Bolt.step","1","HARDWARE_PLACEHOLDER","hardware_placeholder","roll","J5","183.51167210421056","7.413406049744587","105.54612705633082","0","-0.7071067811865477","0","-0.7071067811865475","PLACEHOLDER","FASTENER ENVELOPE / LENGTH TBD / F-J5-004 | origin: part centroid, axes parallel rigid frame"
"F_J5_004_03_Bolt","02_PARTS_STEP/HARDWARE_PLACEHOLDER/F_J5_004_03_Bolt.step","1","HARDWARE_PLACEHOLDER","hardware_placeholder","roll","J5","183.51167210421056","7.413406049744588","58.780755251971115","0","-0.7071067811865477","0","-0.7071067811865475","PLACEHOLDER","FASTENER ENVELOPE / LENGTH TBD / F-J5-004 | origin: part centroid, axes parallel rigid frame"
"F_J5_005_01_Bolt","02_PARTS_STEP/HARDWARE_PLACEHOLDER/F_J5_005_01_Bolt.step","1","HARDWARE_PLACEHOLDER","hardware_placeholder","roll","J5","217.01167210421056","17.065410763072624","82.16344115415096","0","-0.7071067811865477","0","-0.7071067811865475","PLACEHOLDER","FASTENER ENVELOPE / LENGTH TBD / F-J5-005 | origin: part centroid, axes parallel rigid frame"
"F_J5_005_01_LockNut","02_PARTS_STEP/HARDWARE_PLACEHOLDER/F_J5_005_01_LockNut.step","1","HARDWARE_PLACEHOLDER","hardware_placeholder","roll","J5","217.01167210421056","11.999999999999998","82.16344115415095","0","-0.7071067811865477","0","-0.7071067811865475","PLACEHOLDER","FASTENER ENVELOPE / LENGTH TBD / F-J5-005 | origin: part centroid, axes parallel rigid frame"
"F_J5_005_02_Bolt","02_PARTS_STEP/HARDWARE_PLACEHOLDER/F_J5_005_02_Bolt.step","1","HARDWARE_PLACEHOLDER","hardware_placeholder","roll","J5","187.01167210421056","17.06541076307262","99.48394922983974","0","-0.7071067811865477","0","-0.7071067811865475","PLACEHOLDER","FASTENER ENVELOPE / LENGTH TBD / F-J5-005 | origin: part centroid, axes parallel rigid frame"
"F_J5_005_02_LockNut","02_PARTS_STEP/HARDWARE_PLACEHOLDER/F_J5_005_02_LockNut.step","1","HARDWARE_PLACEHOLDER","hardware_placeholder","roll","J5","187.01167210421056","12","99.48394922983975","0","-0.7071067811865477","0","-0.7071067811865475","PLACEHOLDER","FASTENER ENVELOPE / LENGTH TBD / F-J5-005 | origin: part centroid, axes parallel rigid frame"
"F_J5_005_03_Bolt","02_PARTS_STEP/HARDWARE_PLACEHOLDER/F_J5_005_03_Bolt.step","1","HARDWARE_PLACEHOLDER","hardware_placeholder","roll","J5","187.01167210421056","17.065410763072624","64.8429330784622","0","-0.7071067811865477","0","-0.7071067811865475","PLACEHOLDER","FASTENER ENVELOPE / LENGTH TBD / F-J5-005 | origin: part centroid, axes parallel rigid frame"
"F_J5_005_03_LockNut","02_PARTS_STEP/HARDWARE_PLACEHOLDER/F_J5_005_03_LockNut.step","1","HARDWARE_PLACEHOLDER","hardware_placeholder","roll","J5","187.01167210421056","12","64.84293307846221","0","-0.7071067811865477","0","-0.7071067811865475","PLACEHOLDER","FASTENER ENVELOPE / LENGTH TBD / F-J5-005 | origin: part centroid, axes parallel rigid frame"
"F_J5_006_01_Bolt","02_PARTS_STEP/HARDWARE_PLACEHOLDER/F_J5_006_01_Bolt.step","1","HARDWARE_PLACEHOLDER","hardware_placeholder","pitch","J5","212.01167210421056","28","84.74565431427673","0","-1.1102230246251565e-16","0","-1","PLACEHOLDER","FASTENER ENVELOPE / LENGTH TBD / F-J5-006 | origin: part centroid, axes parallel rigid frame"
"F_J5_006_01_HeadWasher","02_PARTS_STEP/HARDWARE_PLACEHOLDER/F_J5_006_01_HeadWasher.step","1","HARDWARE_PLACEHOLDER","hardware_placeholder","pitch","J5","212.01167210421056","28","99.84903692831364","0","-1.1102230246251565e-16","0","-1","PLACEHOLDER","FASTENER ENVELOPE / LENGTH TBD / F-J5-006 | origin: part centroid, axes parallel rigid frame"
"F_J5_006_01_LockNut","02_PARTS_STEP/HARDWARE_PLACEHOLDER/F_J5_006_01_LockNut.step","1","HARDWARE_PLACEHOLDER","hardware_placeholder","pitch","J5","212.01167210421056","28","62.22784537998825","0","-1.1102230246251565e-16","0","-1","PLACEHOLDER","FASTENER ENVELOPE / LENGTH TBD / F-J5-006 | origin: part centroid, axes parallel rigid frame"
"F_J5_006_01_NutWasher","02_PARTS_STEP/HARDWARE_PLACEHOLDER/F_J5_006_01_NutWasher.step","1","HARDWARE_PLACEHOLDER","hardware_placeholder","pitch","J5","212.01167210421056","28","64.47784537998827","0","-1.1102230246251565e-16","0","-1","PLACEHOLDER","FASTENER ENVELOPE / LENGTH TBD / F-J5-006 | origin: part centroid, axes parallel rigid frame"
"F_J6_003_01_Bolt","02_PARTS_STEP/HARDWARE_PLACEHOLDER/F_J6_003_01_Bolt.step","1","HARDWARE_PLACEHOLDER","hardware_placeholder","pitch","J6","306.6943871075392","1.2487631697085524e-15","102.16344115415093","0","-1.1102230246251565e-16","0","-1","PLACEHOLDER","FASTENER ENVELOPE / LENGTH TBD / F-J6-003 | origin: part centroid, axes parallel rigid frame"
"F_J6_003_01_LockNut","02_PARTS_STEP/HARDWARE_PLACEHOLDER/F_J6_003_01_LockNut.step","1","HARDWARE_PLACEHOLDER","hardware_placeholder","pitch","J6","301.01167210421056","1.2779580545241539e-15","102.16344115415095","0","-1.1102230246251565e-16","0","-1","PLACEHOLDER","FASTENER ENVELOPE / LENGTH TBD / F-J6-003 | origin: part centroid, axes parallel rigid frame"
"F_J6_003_02_Bolt","02_PARTS_STEP/HARDWARE_PLACEHOLDER/F_J6_003_02_Bolt.step","1","HARDWARE_PLACEHOLDER","hardware_placeholder","pitch","J6","306.6943871075393","-17.32050807568877","72.16344115415093","0","-1.1102230246251565e-16","0","-1","PLACEHOLDER","FASTENER ENVELOPE / LENGTH TBD / F-J6-003 | origin: part centroid, axes parallel rigid frame"
"F_J6_003_02_LockNut","02_PARTS_STEP/HARDWARE_PLACEHOLDER/F_J6_003_02_LockNut.step","1","HARDWARE_PLACEHOLDER","hardware_placeholder","pitch","J6","301.01167210421056","-17.320508075688767","72.16344115415093","0","-1.1102230246251565e-16","0","-1","PLACEHOLDER","FASTENER ENVELOPE / LENGTH TBD / F-J6-003 | origin: part centroid, axes parallel rigid frame"
"F_J6_003_03_Bolt","02_PARTS_STEP/HARDWARE_PLACEHOLDER/F_J6_003_03_Bolt.step","1","HARDWARE_PLACEHOLDER","hardware_placeholder","pitch","J6","306.6943871075393","17.32050807568877","72.16344115415093","0","-1.1102230246251565e-16","0","-1","PLACEHOLDER","FASTENER ENVELOPE / LENGTH TBD / F-J6-003 | origin: part centroid, axes parallel rigid frame"
"F_J6_003_03_LockNut","02_PARTS_STEP/HARDWARE_PLACEHOLDER/F_J6_003_03_LockNut.step","1","HARDWARE_PLACEHOLDER","hardware_placeholder","pitch","J6","301.01167210421056","17.320508075688767","72.16344115415093","0","-1.1102230246251565e-16","0","-1","PLACEHOLDER","FASTENER ENVELOPE / LENGTH TBD / F-J6-003 | origin: part centroid, axes parallel rigid frame"
"F_J6_004_01_Bolt","02_PARTS_STEP/HARDWARE_PLACEHOLDER/F_J6_004_01_Bolt.step","1","HARDWARE_PLACEHOLDER","hardware_placeholder","tool","J6","318.01167210421056","13","84.65561599745348","0","-1.1102230246251565e-16","0","-1","PLACEHOLDER","FASTENER ENVELOPE / LENGTH TBD / F-J6-004 | origin: part centroid, axes parallel rigid frame"
"F_J6_004_01_HeadWasher","02_PARTS_STEP/HARDWARE_PLACEHOLDER/F_J6_004_01_HeadWasher.step","1","HARDWARE_PLACEHOLDER","hardware_placeholder","tool","J6","318.01167210421056","13","97.6121253077216","0","-1.1102230246251565e-16","0","-1","PLACEHOLDER","FASTENER ENVELOPE / LENGTH TBD / F-J6-004 | origin: part centroid, axes parallel rigid frame"
"F_J6_004_01_LockNut","02_PARTS_STEP/HARDWARE_PLACEHOLDER/F_J6_004_01_LockNut.step","1","HARDWARE_PLACEHOLDER","hardware_placeholder","tool","J6","318.01167210421056","13.000000000000002","64.46475700058026","0","-1.1102230246251565e-16","0","-1","PLACEHOLDER","FASTENER ENVELOPE / LENGTH TBD / F-J6-004 | origin: part centroid, axes parallel rigid frame"
"F_J6_004_01_NutWasher","02_PARTS_STEP/HARDWARE_PLACEHOLDER/F_J6_004_01_NutWasher.step","1","HARDWARE_PLACEHOLDER","hardware_placeholder","tool","J6","318.01167210421056","13","66.71475700058028","0","-1.1102230246251565e-16","0","-1","PLACEHOLDER","FASTENER ENVELOPE / LENGTH TBD / F-J6-004 | origin: part centroid, axes parallel rigid frame"
"F_J3_008_01_Bolt","02_PARTS_STEP/HARDWARE_PLACEHOLDER/F_J3_008_01_Bolt.step","1","HARDWARE_PLACEHOLDER","hardware_placeholder","upper","J3","77.55676928581708","25.868836515026064","256.45997814653197","0","-0.4383711467890774","0","0.898794046299167","PLACEHOLDER","FASTENER ENVELOPE / LENGTH TBD / F-J3-008 | origin: part centroid, axes parallel rigid frame"
"F_J3_008_01_HeadWasher","02_PARTS_STEP/HARDWARE_PLACEHOLDER/F_J3_008_01_HeadWasher.step","1","HARDWARE_PLACEHOLDER","hardware_placeholder","upper","J3","77.5567692858171","27.250000000000007","256.459978146532","0","-0.4383711467890774","0","0.898794046299167","PLACEHOLDER","FASTENER ENVELOPE / LENGTH TBD / F-J3-008 | origin: part centroid, axes parallel rigid frame"
"F_J3_008_01_LockNut","02_PARTS_STEP/HARDWARE_PLACEHOLDER/F_J3_008_01_LockNut.step","1","HARDWARE_PLACEHOLDER","hardware_placeholder","upper","J3","77.55676928581707","19.699999999999996","256.45997814653197","0","-0.4383711467890774","0","0.898794046299167","PLACEHOLDER","FASTENER ENVELOPE / LENGTH TBD / F-J3-008 | origin: part centroid, axes parallel rigid frame"
"F_J3_008_01_NutWasher","02_PARTS_STEP/HARDWARE_PLACEHOLDER/F_J3_008_01_NutWasher.step","1","HARDWARE_PLACEHOLDER","hardware_placeholder","upper","J3","77.55676928581707","21.950000000000003","256.45997814653197","0","-0.4383711467890774","0","0.898794046299167","PLACEHOLDER","FASTENER ENVELOPE / LENGTH TBD / F-J3-008 | origin: part centroid, axes parallel rigid frame"
"F_J3_008_02_Bolt","02_PARTS_STEP/HARDWARE_PLACEHOLDER/F_J3_008_02_Bolt.step","1","HARDWARE_PLACEHOLDER","hardware_placeholder","upper","J3","42.88429612712131","25.868836515026064","283.549083060861","0","-0.4383711467890774","0","0.898794046299167","PLACEHOLDER","FASTENER ENVELOPE / LENGTH TBD / F-J3-008 | origin: part centroid, axes parallel rigid frame"
"F_J3_008_02_HeadWasher","02_PARTS_STEP/HARDWARE_PLACEHOLDER/F_J3_008_02_HeadWasher.step","1","HARDWARE_PLACEHOLDER","hardware_placeholder","upper","J3","42.88429612712132","27.250000000000007","283.549083060861","0","-0.4383711467890774","0","0.898794046299167","PLACEHOLDER","FASTENER ENVELOPE / LENGTH TBD / F-J3-008 | origin: part centroid, axes parallel rigid frame"
"F_J3_008_02_LockNut","02_PARTS_STEP/HARDWARE_PLACEHOLDER/F_J3_008_02_LockNut.step","1","HARDWARE_PLACEHOLDER","hardware_placeholder","upper","J3","42.88429612712131","19.699999999999996","283.549083060861","0","-0.4383711467890774","0","0.898794046299167","PLACEHOLDER","FASTENER ENVELOPE / LENGTH TBD / F-J3-008 | origin: part centroid, axes parallel rigid frame"
"F_J3_008_02_NutWasher","02_PARTS_STEP/HARDWARE_PLACEHOLDER/F_J3_008_02_NutWasher.step","1","HARDWARE_PLACEHOLDER","hardware_placeholder","upper","J3","42.8842961271213","21.950000000000003","283.54908306086094","0","-0.4383711467890774","0","0.898794046299167","PLACEHOLDER","FASTENER ENVELOPE / LENGTH TBD / F-J3-008 | origin: part centroid, axes parallel rigid frame"
"F_J3_008_03_Bolt","02_PARTS_STEP/HARDWARE_PLACEHOLDER/F_J3_008_03_Bolt.step","1","HARDWARE_PLACEHOLDER","hardware_placeholder","upper","J3","92.04968868493891","25.868836515026068","292.09054249156316","0","-0.4383711467890774","0","0.898794046299167","PLACEHOLDER","FASTENER ENVELOPE / LENGTH TBD / F-J3-008 | origin: part centroid, axes parallel rigid frame"
"F_J3_008_03_HeadWasher","02_PARTS_STEP/HARDWARE_PLACEHOLDER/F_J3_008_03_HeadWasher.step","1","HARDWARE_PLACEHOLDER","hardware_placeholder","upper","J3","92.04968868493893","27.25","292.09054249156316","0","-0.4383711467890774","0","0.898794046299167","PLACEHOLDER","FASTENER ENVELOPE / LENGTH TBD / F-J3-008 | origin: part centroid, axes parallel rigid frame"
"F_J3_008_03_LockNut","02_PARTS_STEP/HARDWARE_PLACEHOLDER/F_J3_008_03_LockNut.step","1","HARDWARE_PLACEHOLDER","hardware_placeholder","upper","J3","92.04968868493891","19.700000000000003","292.09054249156316","0","-0.4383711467890774","0","0.898794046299167","PLACEHOLDER","FASTENER ENVELOPE / LENGTH TBD / F-J3-008 | origin: part centroid, axes parallel rigid frame"
"F_J3_008_03_NutWasher","02_PARTS_STEP/HARDWARE_PLACEHOLDER/F_J3_008_03_NutWasher.step","1","HARDWARE_PLACEHOLDER","hardware_placeholder","upper","J3","92.04968868493893","21.949999999999996","292.09054249156316","0","-0.4383711467890774","0","0.898794046299167","PLACEHOLDER","FASTENER ENVELOPE / LENGTH TBD / F-J3-008 | origin: part centroid, axes parallel rigid frame"
"F_J3_008_04_Bolt","02_PARTS_STEP/HARDWARE_PLACEHOLDER/F_J3_008_04_Bolt.step","1","HARDWARE_PLACEHOLDER","hardware_placeholder","upper","J3","57.37721552624316","25.868836515026064","319.1796474058922","0","-0.4383711467890774","0","0.898794046299167","PLACEHOLDER","FASTENER ENVELOPE / LENGTH TBD / F-J3-008 | origin: part centroid, axes parallel rigid frame"
"F_J3_008_04_HeadWasher","02_PARTS_STEP/HARDWARE_PLACEHOLDER/F_J3_008_04_HeadWasher.step","1","HARDWARE_PLACEHOLDER","hardware_placeholder","upper","J3","57.37721552624318","27.250000000000007","319.1796474058922","0","-0.4383711467890774","0","0.898794046299167","PLACEHOLDER","FASTENER ENVELOPE / LENGTH TBD / F-J3-008 | origin: part centroid, axes parallel rigid frame"
"F_J3_008_04_LockNut","02_PARTS_STEP/HARDWARE_PLACEHOLDER/F_J3_008_04_LockNut.step","1","HARDWARE_PLACEHOLDER","hardware_placeholder","upper","J3","57.37721552624315","19.700000000000003","319.1796474058921","0","-0.4383711467890774","0","0.898794046299167","PLACEHOLDER","FASTENER ENVELOPE / LENGTH TBD / F-J3-008 | origin: part centroid, axes parallel rigid frame"
"F_J3_008_04_NutWasher","02_PARTS_STEP/HARDWARE_PLACEHOLDER/F_J3_008_04_NutWasher.step","1","HARDWARE_PLACEHOLDER","hardware_placeholder","upper","J3","57.37721552624316","21.949999999999996","319.1796474058921","0","-0.4383711467890774","0","0.898794046299167","PLACEHOLDER","FASTENER ENVELOPE / LENGTH TBD / F-J3-008 | origin: part centroid, axes parallel rigid frame"
"F_J3_008_05_Bolt","02_PARTS_STEP/HARDWARE_PLACEHOLDER/F_J3_008_05_Bolt.step","1","HARDWARE_PLACEHOLDER","hardware_placeholder","upper","J3","117.51022276447728","25.868836515026064","354.684777151753","0","-0.4383711467890774","0","0.898794046299167","PLACEHOLDER","FASTENER ENVELOPE / LENGTH TBD / F-J3-008 | origin: part centroid, axes parallel rigid frame"
"F_J3_008_05_HeadWasher","02_PARTS_STEP/HARDWARE_PLACEHOLDER/F_J3_008_05_HeadWasher.step","1","HARDWARE_PLACEHOLDER","hardware_placeholder","upper","J3","117.51022276447725","27.25","354.684777151753","0","-0.4383711467890774","0","0.898794046299167","PLACEHOLDER","FASTENER ENVELOPE / LENGTH TBD / F-J3-008 | origin: part centroid, axes parallel rigid frame"
"F_J3_008_05_LockNut","02_PARTS_STEP/HARDWARE_PLACEHOLDER/F_J3_008_05_LockNut.step","1","HARDWARE_PLACEHOLDER","hardware_placeholder","upper","J3","117.51022276447728","19.699999999999985","354.684777151753","0","-0.4383711467890774","0","0.898794046299167","PLACEHOLDER","FASTENER ENVELOPE / LENGTH TBD / F-J3-008 | origin: part centroid, axes parallel rigid frame"
"F_J3_008_05_NutWasher","02_PARTS_STEP/HARDWARE_PLACEHOLDER/F_J3_008_05_NutWasher.step","1","HARDWARE_PLACEHOLDER","hardware_placeholder","upper","J3","117.51022276447725","21.950000000000003","354.684777151753","0","-0.4383711467890774","0","0.898794046299167","PLACEHOLDER","FASTENER ENVELOPE / LENGTH TBD / F-J3-008 | origin: part centroid, axes parallel rigid frame"
"F_J3_008_06_Bolt","02_PARTS_STEP/HARDWARE_PLACEHOLDER/F_J3_008_06_Bolt.step","1","HARDWARE_PLACEHOLDER","hardware_placeholder","upper","J3","82.83774960578151","25.868836515026064","381.773882066082","0","-0.4383711467890774","0","0.898794046299167","PLACEHOLDER","FASTENER ENVELOPE / LENGTH TBD / F-J3-008 | origin: part centroid, axes parallel rigid frame"
"F_J3_008_06_HeadWasher","02_PARTS_STEP/HARDWARE_PLACEHOLDER/F_J3_008_06_HeadWasher.step","1","HARDWARE_PLACEHOLDER","hardware_placeholder","upper","J3","82.83774960578153","27.250000000000007","381.7738820660821","0","-0.4383711467890774","0","0.898794046299167","PLACEHOLDER","FASTENER ENVELOPE / LENGTH TBD / F-J3-008 | origin: part centroid, axes parallel rigid frame"
"F_J3_008_06_LockNut","02_PARTS_STEP/HARDWARE_PLACEHOLDER/F_J3_008_06_LockNut.step","1","HARDWARE_PLACEHOLDER","hardware_placeholder","upper","J3","82.83774960578151","19.699999999999996","381.773882066082","0","-0.4383711467890774","0","0.898794046299167","PLACEHOLDER","FASTENER ENVELOPE / LENGTH TBD / F-J3-008 | origin: part centroid, axes parallel rigid frame"
"F_J3_008_06_NutWasher","02_PARTS_STEP/HARDWARE_PLACEHOLDER/F_J3_008_06_NutWasher.step","1","HARDWARE_PLACEHOLDER","hardware_placeholder","upper","J3","82.83774960578151","21.949999999999996","381.773882066082","0","-0.4383711467890774","0","0.898794046299167","PLACEHOLDER","FASTENER ENVELOPE / LENGTH TBD / F-J3-008 | origin: part centroid, axes parallel rigid frame"
"F_J3_008_07_Bolt","02_PARTS_STEP/HARDWARE_PLACEHOLDER/F_J3_008_07_Bolt.step","1","HARDWARE_PLACEHOLDER","hardware_placeholder","upper","J3","131.6114416392985","25.868836515026064","389.3523532712428","0","-0.4383711467890774","0","0.898794046299167","PLACEHOLDER","FASTENER ENVELOPE / LENGTH TBD / F-J3-008 | origin: part centroid, axes parallel rigid frame"
"F_J3_008_07_HeadWasher","02_PARTS_STEP/HARDWARE_PLACEHOLDER/F_J3_008_07_HeadWasher.step","1","HARDWARE_PLACEHOLDER","hardware_placeholder","upper","J3","131.6114416392985","27.25","389.3523532712428","0","-0.4383711467890774","0","0.898794046299167","PLACEHOLDER","FASTENER ENVELOPE / LENGTH TBD / F-J3-008 | origin: part centroid, axes parallel rigid frame"
"F_J3_008_07_LockNut","02_PARTS_STEP/HARDWARE_PLACEHOLDER/F_J3_008_07_LockNut.step","1","HARDWARE_PLACEHOLDER","hardware_placeholder","upper","J3","131.6114416392985","19.699999999999985","389.3523532712428","0","-0.4383711467890774","0","0.898794046299167","PLACEHOLDER","FASTENER ENVELOPE / LENGTH TBD / F-J3-008 | origin: part centroid, axes parallel rigid frame"
"F_J3_008_07_NutWasher","02_PARTS_STEP/HARDWARE_PLACEHOLDER/F_J3_008_07_NutWasher.step","1","HARDWARE_PLACEHOLDER","hardware_placeholder","upper","J3","131.6114416392985","21.950000000000003","389.3523532712428","0","-0.4383711467890774","0","0.898794046299167","PLACEHOLDER","FASTENER ENVELOPE / LENGTH TBD / F-J3-008 | origin: part centroid, axes parallel rigid frame"
"F_J3_008_08_Bolt","02_PARTS_STEP/HARDWARE_PLACEHOLDER/F_J3_008_08_Bolt.step","1","HARDWARE_PLACEHOLDER","hardware_placeholder","upper","J3","96.93896848060274","25.868836515026064","416.44145818557183","0","-0.4383711467890774","0","0.898794046299167","PLACEHOLDER","FASTENER ENVELOPE / LENGTH TBD / F-J3-008 | origin: part centroid, axes parallel rigid frame"
"F_J3_008_08_HeadWasher","02_PARTS_STEP/HARDWARE_PLACEHOLDER/F_J3_008_08_HeadWasher.step","1","HARDWARE_PLACEHOLDER","hardware_placeholder","upper","J3","96.93896848060274","27.25","416.44145818557183","0","-0.4383711467890774","0","0.898794046299167","PLACEHOLDER","FASTENER ENVELOPE / LENGTH TBD / F-J3-008 | origin: part centroid, axes parallel rigid frame"
"F_J3_008_08_LockNut","02_PARTS_STEP/HARDWARE_PLACEHOLDER/F_J3_008_08_LockNut.step","1","HARDWARE_PLACEHOLDER","hardware_placeholder","upper","J3","96.9389684806028","19.699999999999992","416.44145818557183","0","-0.4383711467890774","0","0.898794046299167","PLACEHOLDER","FASTENER ENVELOPE / LENGTH TBD / F-J3-008 | origin: part centroid, axes parallel rigid frame"
"F_J3_008_08_NutWasher","02_PARTS_STEP/HARDWARE_PLACEHOLDER/F_J3_008_08_NutWasher.step","1","HARDWARE_PLACEHOLDER","hardware_placeholder","upper","J3","96.93896848060272","21.949999999999996","416.4414581855718","0","-0.4383711467890774","0","0.898794046299167","PLACEHOLDER","FASTENER ENVELOPE / LENGTH TBD / F-J3-008 | origin: part centroid, axes parallel rigid frame"
"F_J4_011_01_Bolt","02_PARTS_STEP/HARDWARE_PLACEHOLDER/F_J4_011_01_Bolt.step","1","HARDWARE_PLACEHOLDER","hardware_placeholder","fore","J4","222.8805086192367","-19","296.163441154151","0","-0.7071067811865477","0","-0.7071067811865475","PLACEHOLDER","FASTENER ENVELOPE / LENGTH TBD / F-J4-011 | origin: part centroid, axes parallel rigid frame"
"F_J4_011_01_HeadWasher","02_PARTS_STEP/HARDWARE_PLACEHOLDER/F_J4_011_01_HeadWasher.step","1","HARDWARE_PLACEHOLDER","hardware_placeholder","fore","J4","224.26167210421065","-19","296.163441154151","0","-0.7071067811865477","0","-0.7071067811865475","PLACEHOLDER","FASTENER ENVELOPE / LENGTH TBD / F-J4-011 | origin: part centroid, axes parallel rigid frame"
"F_J4_011_01_LockNut","02_PARTS_STEP/HARDWARE_PLACEHOLDER/F_J4_011_01_LockNut.step","1","HARDWARE_PLACEHOLDER","hardware_placeholder","fore","J4","216.71167210421063","-19","296.163441154151","0","-0.7071067811865477","0","-0.7071067811865475","PLACEHOLDER","FASTENER ENVELOPE / LENGTH TBD / F-J4-011 | origin: part centroid, axes parallel rigid frame"
"F_J4_011_01_NutWasher","02_PARTS_STEP/HARDWARE_PLACEHOLDER/F_J4_011_01_NutWasher.step","1","HARDWARE_PLACEHOLDER","hardware_placeholder","fore","J4","218.96167210421063","-19.000000000000004","296.163441154151","0","-0.7071067811865477","0","-0.7071067811865475","PLACEHOLDER","FASTENER ENVELOPE / LENGTH TBD / F-J4-011 | origin: part centroid, axes parallel rigid frame"
"F_J4_011_02_Bolt","02_PARTS_STEP/HARDWARE_PLACEHOLDER/F_J4_011_02_Bolt.step","1","HARDWARE_PLACEHOLDER","hardware_placeholder","fore","J4","222.8805086192367","19","296.163441154151","0","-0.7071067811865477","0","-0.7071067811865475","PLACEHOLDER","FASTENER ENVELOPE / LENGTH TBD / F-J4-011 | origin: part centroid, axes parallel rigid frame"
"F_J4_011_02_HeadWasher","02_PARTS_STEP/HARDWARE_PLACEHOLDER/F_J4_011_02_HeadWasher.step","1","HARDWARE_PLACEHOLDER","hardware_placeholder","fore","J4","224.26167210421065","19","296.163441154151","0","-0.7071067811865477","0","-0.7071067811865475","PLACEHOLDER","FASTENER ENVELOPE / LENGTH TBD / F-J4-011 | origin: part centroid, axes parallel rigid frame"
"F_J4_011_02_LockNut","02_PARTS_STEP/HARDWARE_PLACEHOLDER/F_J4_011_02_LockNut.step","1","HARDWARE_PLACEHOLDER","hardware_placeholder","fore","J4","216.71167210421063","19","296.163441154151","0","-0.7071067811865477","0","-0.7071067811865475","PLACEHOLDER","FASTENER ENVELOPE / LENGTH TBD / F-J4-011 | origin: part centroid, axes parallel rigid frame"
"F_J4_011_02_NutWasher","02_PARTS_STEP/HARDWARE_PLACEHOLDER/F_J4_011_02_NutWasher.step","1","HARDWARE_PLACEHOLDER","hardware_placeholder","fore","J4","218.96167210421063","19.000000000000004","296.163441154151","0","-0.7071067811865477","0","-0.7071067811865475","PLACEHOLDER","FASTENER ENVELOPE / LENGTH TBD / F-J4-011 | origin: part centroid, axes parallel rigid frame"
"F_J4_011_03_Bolt","02_PARTS_STEP/HARDWARE_PLACEHOLDER/F_J4_011_03_Bolt.step","1","HARDWARE_PLACEHOLDER","hardware_placeholder","fore","J4","222.88050861923668","-19","232.16344115415097","0","-0.7071067811865477","0","-0.7071067811865475","PLACEHOLDER","FASTENER ENVELOPE / LENGTH TBD / F-J4-011 | origin: part centroid, axes parallel rigid frame"
"F_J4_011_03_HeadWasher","02_PARTS_STEP/HARDWARE_PLACEHOLDER/F_J4_011_03_HeadWasher.step","1","HARDWARE_PLACEHOLDER","hardware_placeholder","fore","J4","224.26167210421062","-19","232.16344115415095","0","-0.7071067811865477","0","-0.7071067811865475","PLACEHOLDER","FASTENER ENVELOPE / LENGTH TBD / F-J4-011 | origin: part centroid, axes parallel rigid frame"
"F_J4_011_03_LockNut","02_PARTS_STEP/HARDWARE_PLACEHOLDER/F_J4_011_03_LockNut.step","1","HARDWARE_PLACEHOLDER","hardware_placeholder","fore","J4","216.7116721042106","-19","232.163441154151","0","-0.7071067811865477","0","-0.7071067811865475","PLACEHOLDER","FASTENER ENVELOPE / LENGTH TBD / F-J4-011 | origin: part centroid, axes parallel rigid frame"
"F_J4_011_03_NutWasher","02_PARTS_STEP/HARDWARE_PLACEHOLDER/F_J4_011_03_NutWasher.step","1","HARDWARE_PLACEHOLDER","hardware_placeholder","fore","J4","218.9616721042106","-19.000000000000004","232.16344115415095","0","-0.7071067811865477","0","-0.7071067811865475","PLACEHOLDER","FASTENER ENVELOPE / LENGTH TBD / F-J4-011 | origin: part centroid, axes parallel rigid frame"
"F_J4_011_04_Bolt","02_PARTS_STEP/HARDWARE_PLACEHOLDER/F_J4_011_04_Bolt.step","1","HARDWARE_PLACEHOLDER","hardware_placeholder","fore","J4","222.88050861923668","19","232.16344115415097","0","-0.7071067811865477","0","-0.7071067811865475","PLACEHOLDER","FASTENER ENVELOPE / LENGTH TBD / F-J4-011 | origin: part centroid, axes parallel rigid frame"
"F_J4_011_04_HeadWasher","02_PARTS_STEP/HARDWARE_PLACEHOLDER/F_J4_011_04_HeadWasher.step","1","HARDWARE_PLACEHOLDER","hardware_placeholder","fore","J4","224.26167210421062","18.999999999999996","232.16344115415097","0","-0.7071067811865477","0","-0.7071067811865475","PLACEHOLDER","FASTENER ENVELOPE / LENGTH TBD / F-J4-011 | origin: part centroid, axes parallel rigid frame"
"F_J4_011_04_LockNut","02_PARTS_STEP/HARDWARE_PLACEHOLDER/F_J4_011_04_LockNut.step","1","HARDWARE_PLACEHOLDER","hardware_placeholder","fore","J4","216.7116721042106","19","232.163441154151","0","-0.7071067811865477","0","-0.7071067811865475","PLACEHOLDER","FASTENER ENVELOPE / LENGTH TBD / F-J4-011 | origin: part centroid, axes parallel rigid frame"
"F_J4_011_04_NutWasher","02_PARTS_STEP/HARDWARE_PLACEHOLDER/F_J4_011_04_NutWasher.step","1","HARDWARE_PLACEHOLDER","hardware_placeholder","fore","J4","218.9616721042106","18.999999999999996","232.16344115415097","0","-0.7071067811865477","0","-0.7071067811865475","PLACEHOLDER","FASTENER ENVELOPE / LENGTH TBD / F-J4-011 | origin: part centroid, axes parallel rigid frame"
"F_J4_011_05_Bolt","02_PARTS_STEP/HARDWARE_PLACEHOLDER/F_J4_011_05_Bolt.step","1","HARDWARE_PLACEHOLDER","hardware_placeholder","fore","J4","222.88050861923665","-18.999999999999996","158.16344115415097","0","-0.7071067811865477","0","-0.7071067811865475","PLACEHOLDER","FASTENER ENVELOPE / LENGTH TBD / F-J4-011 | origin: part centroid, axes parallel rigid frame"
"F_J4_011_05_HeadWasher","02_PARTS_STEP/HARDWARE_PLACEHOLDER/F_J4_011_05_HeadWasher.step","1","HARDWARE_PLACEHOLDER","hardware_placeholder","fore","J4","224.2616721042106","-19","158.16344115415092","0","-0.7071067811865477","0","-0.7071067811865475","PLACEHOLDER","FASTENER ENVELOPE / LENGTH TBD / F-J4-011 | origin: part centroid, axes parallel rigid frame"
"F_J4_011_05_LockNut","02_PARTS_STEP/HARDWARE_PLACEHOLDER/F_J4_011_05_LockNut.step","1","HARDWARE_PLACEHOLDER","hardware_placeholder","fore","J4","216.71167210421058","-18.999999999999996","158.1634411541511","0","-0.7071067811865477","0","-0.7071067811865475","PLACEHOLDER","FASTENER ENVELOPE / LENGTH TBD / F-J4-011 | origin: part centroid, axes parallel rigid frame"
"F_J4_011_05_NutWasher","02_PARTS_STEP/HARDWARE_PLACEHOLDER/F_J4_011_05_NutWasher.step","1","HARDWARE_PLACEHOLDER","hardware_placeholder","fore","J4","218.96167210421058","-19.000000000000004","158.16344115415092","0","-0.7071067811865477","0","-0.7071067811865475","PLACEHOLDER","FASTENER ENVELOPE / LENGTH TBD / F-J4-011 | origin: part centroid, axes parallel rigid frame"
"F_J4_011_06_Bolt","02_PARTS_STEP/HARDWARE_PLACEHOLDER/F_J4_011_06_Bolt.step","1","HARDWARE_PLACEHOLDER","hardware_placeholder","fore","J4","222.88050861923665","18.999999999999996","158.16344115415097","0","-0.7071067811865477","0","-0.7071067811865475","PLACEHOLDER","FASTENER ENVELOPE / LENGTH TBD / F-J4-011 | origin: part centroid, axes parallel rigid frame"
"F_J4_011_06_HeadWasher","02_PARTS_STEP/HARDWARE_PLACEHOLDER/F_J4_011_06_HeadWasher.step","1","HARDWARE_PLACEHOLDER","hardware_placeholder","fore","J4","224.2616721042106","19","158.16344115415092","0","-0.7071067811865477","0","-0.7071067811865475","PLACEHOLDER","FASTENER ENVELOPE / LENGTH TBD / F-J4-011 | origin: part centroid, axes parallel rigid frame"
"F_J4_011_06_LockNut","02_PARTS_STEP/HARDWARE_PLACEHOLDER/F_J4_011_06_LockNut.step","1","HARDWARE_PLACEHOLDER","hardware_placeholder","fore","J4","216.71167210421058","18.999999999999993","158.1634411541511","0","-0.7071067811865477","0","-0.7071067811865475","PLACEHOLDER","FASTENER ENVELOPE / LENGTH TBD / F-J4-011 | origin: part centroid, axes parallel rigid frame"
"F_J4_011_06_NutWasher","02_PARTS_STEP/HARDWARE_PLACEHOLDER/F_J4_011_06_NutWasher.step","1","HARDWARE_PLACEHOLDER","hardware_placeholder","fore","J4","218.96167210421058","19.000000000000004","158.16344115415092","0","-0.7071067811865477","0","-0.7071067811865475","PLACEHOLDER","FASTENER ENVELOPE / LENGTH TBD / F-J4-011 | origin: part centroid, axes parallel rigid frame"
"M3_HexNut_CATALOG","02_PARTS_STEP/HARDWARE_PLACEHOLDER/M3_HexNut_CATALOG.step","0","HARDWARE_PLACEHOLDER","hardware_placeholder","catalog","CATALOG","-7.131280173686939e-16","-4.227900829294186e-16","1.2000000000000002","0","0","0","1","PLACEHOLDER","Uninstalled standard envelope; supplier verification required | origin: part centroid, axes parallel rigid frame"
"M3_LockNut_CATALOG","02_PARTS_STEP/HARDWARE_PLACEHOLDER/M3_LockNut_CATALOG.step","0","HARDWARE_PLACEHOLDER","hardware_placeholder","catalog","CATALOG","-4.941046993385871e-16","-4.545397824853116e-16","2","0","0","0","1","PLACEHOLDER","Uninstalled standard envelope; supplier verification required | origin: part centroid, axes parallel rigid frame"
"M4_HexNut_CATALOG","02_PARTS_STEP/HARDWARE_PLACEHOLDER/M4_HexNut_CATALOG.step","0","HARDWARE_PLACEHOLDER","hardware_placeholder","catalog","CATALOG","2.6110427231139786e-17","-2.817557163056717e-16","1.5999999999999999","0","0","0","1","PLACEHOLDER","Uninstalled standard envelope; supplier verification required | origin: part centroid, axes parallel rigid frame"
"M4_LockNut_CATALOG","02_PARTS_STEP/HARDWARE_PLACEHOLDER/M4_LockNut_CATALOG.step","0","HARDWARE_PLACEHOLDER","hardware_placeholder","catalog","CATALOG","1.5191521298117696e-17","-4.4278584206571925e-16","2.5","0","0","0","1","PLACEHOLDER","Uninstalled standard envelope; supplier verification required | origin: part centroid, axes parallel rigid frame"
"M5_HexNut_CATALOG","02_PARTS_STEP/HARDWARE_PLACEHOLDER/M5_HexNut_CATALOG.step","0","HARDWARE_PLACEHOLDER","hardware_placeholder","catalog","CATALOG","-3.8702055895832823e-16","-3.530734170645302e-16","2","0","0","0","1","PLACEHOLDER","Uninstalled standard envelope; supplier verification required | origin: part centroid, axes parallel rigid frame"
"M5_LockNut_CATALOG","02_PARTS_STEP/HARDWARE_PLACEHOLDER/M5_LockNut_CATALOG.step","0","HARDWARE_PLACEHOLDER","hardware_placeholder","catalog","CATALOG","-2.2840557577868546e-17","-3.733761349115244e-16","2.5000000000000013","0","0","0","1","PLACEHOLDER","Uninstalled standard envelope; supplier verification required | origin: part centroid, axes parallel rigid frame"
"FourWayNutBlock_PLACEHOLDER","02_PARTS_STEP/HARDWARE_PLACEHOLDER/FourWayNutBlock_PLACEHOLDER.step","0","HARDWARE_PLACEHOLDER","hardware_placeholder","catalog","CATALOG","11.000000000000002","0.08563734840479276","-0.08563734840479281","0","0","0","1","PLACEHOLDER","2-M4*8-H10*22 / image nominal 22x10x10, pitch8, L3=5; hole depth 3 is visual only, front offset inferred; MEASURE SCHOOL HARDWARE; installed qty0 | origin: part centroid, axes parallel rigid frame"
